captured_at_utc,game_id,kickoff_utc,home_team,away_team,sportsbook_key,sportsbook,bookmaker_last_update_utc,market_last_update_utc,selection,spread,american_odds,season,ratings_asof_utc,ratings_training_games,home_rating,away_rating,projected_home_margin,ratings_input_sha256,capture_status
2026-09-25T14:56:54Z,d9a781a64fc2c4b45290db32b5ec3f20,2026-09-25T20:00:00Z,Temple Owls,Army Black Knights,fanduel,FanDuel,2026-09-25T14:56:24Z,2026-09-25T14:56:23Z,Army Black Knights,-3.5,-102.0,2026,2026-09-25T14:56:54Z,1063,,,,c9b00767615fa5b7a6dc411f276300a4ef86c7a9f57831378c42d40f04dc9acc,timestamped_live_quote
2026-09-25T14:56:54Z,d9a781a64fc2c4b45290db32b5ec3f20,2026-09-25T20:00:00Z,Temple Owls,Army Black Knights,fanduel,FanDuel,2026-09-25T14:56:24Z,2026-09-25T14:56:23Z,Temple Owls,3.5,-120.0,2026,2026-09-25T14:56:54Z,1063,,,,c9b00767615fa5b7a6dc411f276300a4ef86c7a9f57831378c42d40f04dc9acc,timestamped_live_quote
2026-09-25T14:56:54Z,d9a781a64fc2c4b45290db32b5ec3f20,2026-09-25T20:00:00Z,Temple Owls,Army Black Knights,mybookieag,MyBookie.ag,2026-09-25T14:54:56Z,2026-09-25T14:54:56Z,Army Black Knights,-3.0,-115.0,2026,2026-09-25T14:56:54Z,1063,,,,c9b00767615fa5b7a6dc411f276300a4ef86c7a9f57831378c42d40f04dc9acc,timestamped_live_quote
2026-09-25T14:56:54Z,d9a781a64fc2c4b45290db32b5ec3f20,2026-09-25T20:00:00Z,Temple Owls,Army Black Knights,mybookieag,MyBookie.ag,2026-09-25T14:54:56Z,2026-09-25T14:54:56Z,Temple Owls,3.0,-105.0,2026,2026-09-25T14:56:54Z,1063,,,,c9b00767615fa5b7a6dc411f276300a4ef86c7a9f57831378c42d40f04dc9acc,timestamped_live_quote
2026-09-25T14:56:54Z,d9a781a64fc2c4b45290db32b5ec3f20,2026-09-25T20:00:00Z,Temple Owls,Army Black Knights,betrivers,BetRivers,2026-09-25T14:55:36Z,2026-09-25T14:55:36Z,Army Black Knights,-3.0,-112.0,2026,2026-09-25T14:56:54Z,1063,,,,c9b00767615fa5b7a6dc411f276300a4ef86c7a9f57831378c42d40f04dc9acc,timestamped_live_quote
2026-09-25T14:56:54Z,d9a781a64fc2c4b45290db32b5ec3f20,2026-09-25T20:00:00Z,Temple Owls,Army Black Knights,betrivers,BetRivers,2026-09-25T14:55:36Z,2026-09-25T14:55:36Z,Temple Owls,3.0,-110.0,2026,2026-09-25T14:56:54Z,1063,,,,c9b00767615fa5b7a6dc411f276300a4ef86c7a9f57831378c42d40f04dc9acc,timestamped_live_quote
2026-09-25T14:56:54Z,d9a781a64fc2c4b45290db32b5ec3f20,2026-09-25T20:00:00Z,Temple Owls,Army Black Knights,draftkings,DraftKings,2026-09-25T14:56:40Z,2026-09-25T14:56:40Z,Army Black Knights,-3.0,-118.0,2026,2026-09-25T14:56:54Z,1063,,,,c9b00767615fa5b7a6dc411f276300a4ef86c7a9f57831378c42d40f04dc9acc,timestamped_live_quote
2026-09-25T14:56:54Z,d9a781a64fc2c4b45290db32b5ec3f20,2026-09-25T20:00:00Z,Temple Owls,Army Black Knights,draftkings,DraftKings,2026-09-25T14:56:40Z,2026-09-25T14:56:40Z,Temple Owls,3.0,-102.0,2026,2026-09-25T14:56:54Z,1063,,,,c9b00767615fa5b7a6dc411f276300a4ef86c7a9f57831378c42d40f04dc9acc,timestamped_live_quote
2026-09-25T14:56:54Z,d9a781a64fc2c4b45290db32b5ec3f20,2026-09-25T20:00:00Z,Temple Owls,Army Black Knights,lowvig,LowVig.ag,2026-09-25T14:56:25Z,2026-09-25T14:56:25Z,Army Black Knights,-3.0,-111.0,2026,2026-09-25T14:56:54Z,1063,,,,c9b00767615fa5b7a6dc411f276300a4ef86c7a9f57831378c42d40f04dc9acc,timestamped_live_quote
2026-09-25T14:56:54Z,d9a781a64fc2c4b45290db32b5ec3f20,2026-09-25T20:00:00Z,Temple Owls,Army Black Knights,lowvig,LowVig.ag,2026-09-25T14:56:25Z,2026-09-25T14:56:25Z,Temple Owls,3.0,-101.0,2026,2026-09-25T14:56:54Z,1063,,,,c9b00767615fa5b7a6dc411f276300a4ef86c7a9f57831378c42d40f04dc9acc,timestamped_live_quote
2026-09-25T14:56:54Z,d9a781a64fc2c4b45290db32b5ec3f20,2026-09-25T20:00:00Z,Temple Owls,Army Black Knights,betonlineag,BetOnline.ag,2026-09-25T14:56:27Z,2026-09-25T14:56:27Z,Army Black Knights,-3.0,-115.0,2026,2026-09-25T14:56:54Z,1063,,,,c9b00767615fa5b7a6dc411f276300a4ef86c7a9f57831378c42d40f04dc9acc,timestamped_live_quote
2026-09-25T14:56:54Z,d9a781a64fc2c4b45290db32b5ec3f20,2026-09-25T20:00:00Z,Temple Owls,Army Black Knights,betonlineag,BetOnline.ag,2026-09-25T14:56:27Z,2026-09-25T14:56:27Z,Temple Owls,3.0,-105.0,2026,2026-09-25T14:56:54Z,1063,,,,c9b00767615fa5b7a6dc411f276300a4ef86c7a9f57831378c42d40f04dc9acc,timestamped_live_quote
2026-09-25T14:56:54Z,d9a781a64fc2c4b45290db32b5ec3f20,2026-09-25T20:00:00Z,Temple Owls,Army Black Knights,betmgm,BetMGM,2026-09-25T14:56:42Z,2026-09-25T14:56:42Z,Army Black Knights,-3.0,-115.0,2026,2026-09-25T14:56:54Z,1063,,,,c9b00767615fa5b7a6dc411f276300a4ef86c7a9f57831378c42d40f04dc9acc,timestamped_live_quote
2026-09-25T14:56:54Z,d9a781a64fc2c4b45290db32b5ec3f20,2026-09-25T20:00:00Z,Temple Owls,Army Black Knights,betmgm,BetMGM,2026-09-25T14:56:42Z,2026-09-25T14:56:42Z,Temple Owls,3.0,-105.0,2026,2026-09-25T14:56:54Z,1063,,,,c9b00767615fa5b7a6dc411f276300a4ef86c7a9f57831378c42d40f04dc9acc,timestamped_live_quote
2026-09-25T14:56:54Z,d9a781a64fc2c4b45290db32b5ec3f20,2026-09-25T20:00:00Z,Temple Owls,Army Black Knights,betus,BetUS,2026-09-25T14:55:47Z,2026-09-25T14:55:47Z,Army Black Knights,-3.0,-115.0,2026,2026-09-25T14:56:54Z,1063,,,,c9b00767615fa5b7a6dc411f276300a4ef86c7a9f57831378c42d40f04dc9acc,timestamped_live_quote
2026-09-25T14:56:54Z,d9a781a64fc2c4b45290db32b5ec3f20,2026-09-25T20:00:00Z,Temple Owls,Army Black Knights,betus,BetUS,2026-09-25T14:55:47Z,2026-09-25T14:55:47Z,Temple Owls,3.0,-105.0,2026,2026-09-25T14:56:54Z,1063,,,,c9b00767615fa5b7a6dc411f276300a4ef86c7a9f57831378c42d40f04dc9acc,timestamped_live_quote
2026-09-25T14:56:54Z,d9a781a64fc2c4b45290db32b5ec3f20,2026-09-25T20:00:00Z,Temple Owls,Army Black Knights,bovada,Bovada,2026-09-25T14:55:35Z,2026-09-25T14:55:34Z,Army Black Knights,-3.0,-115.0,2026,2026-09-25T14:56:54Z,1063,,,,c9b00767615fa5b7a6dc411f276300a4ef86c7a9f57831378c42d40f04dc9acc,timestamped_live_quote
2026-09-25T14:56:54Z,d9a781a64fc2c4b45290db32b5ec3f20,2026-09-25T20:00:00Z,Temple Owls,Army Black Knights,bovada,Bovada,2026-09-25T14:55:35Z,2026-09-25T14:55:34Z,Temple Owls,3.0,-105.0,2026,2026-09-25T14:56:54Z,1063,,,,c9b00767615fa5b7a6dc411f276300a4ef86c7a9f57831378c42d40f04dc9acc,timestamped_live_quote
2026-09-25T14:56:54Z,36f0cf10805eed69c78f80697f766cc0,2026-09-25T23:00:00Z,Rutgers Scarlet Knights,Howard Bison,fanduel,FanDuel,2026-09-25T14:56:24Z,2026-09-25T14:56:23Z,Howard Bison,42.5,-105.0,2026,2026-09-25T14:56:54Z,1063,,,,c9b00767615fa5b7a6dc411f276300a4ef86c7a9f57831378c42d40f04dc9acc,timestamped_live_quote
2026-09-25T14:56:54Z,36f0cf10805eed69c78f80697f766cc0,2026-09-25T23:00:00Z,Rutgers Scarlet Knights,Howard Bison,fanduel,FanDuel,2026-09-25T14:56:24Z,2026-09-25T14:56:23Z,Rutgers Scarlet Knights,-42.5,-115.0,2026,2026-09-25T14:56:54Z,1063,,,,c9b00767615fa5b7a6dc411f276300a4ef86c7a9f57831378c42d40f04dc9acc,timestamped_live_quote
2026-09-25T14:56:54Z,36f0cf10805eed69c78f80697f766cc0,2026-09-25T23:00:00Z,Rutgers Scarlet Knights,Howard Bison,lowvig,LowVig.ag,2026-09-25T14:56:25Z,2026-09-25T14:56:25Z,Howard Bison,42.5,-110.0,2026,2026-09-25T14:56:54Z,1063,,,,c9b00767615fa5b7a6dc411f276300a4ef86c7a9f57831378c42d40f04dc9acc,timestamped_live_quote
2026-09-25T14:56:54Z,36f0cf10805eed69c78f80697f766cc0,2026-09-25T23:00:00Z,Rutgers Scarlet Knights,Howard Bison,lowvig,LowVig.ag,2026-09-25T14:56:25Z,2026-09-25T14:56:25Z,Rutgers Scarlet Knights,-42.5,-110.0,2026,2026-09-25T14:56:54Z,1063,,,,c9b00767615fa5b7a6dc411f276300a4ef86c7a9f57831378c42d40f04dc9acc,timestamped_live_quote
2026-09-25T14:56:54Z,36f0cf10805eed69c78f80697f766cc0,2026-09-25T23:00:00Z,Rutgers Scarlet Knights,Howard Bison,betonlineag,BetOnline.ag,2026-09-25T14:56:27Z,2026-09-25T14:56:27Z,Howard Bison,42.5,-110.0,2026,2026-09-25T14:56:54Z,1063,,,,c9b00767615fa5b7a6dc411f276300a4ef86c7a9f57831378c42d40f04dc9acc,timestamped_live_quote
2026-09-25T14:56:54Z,36f0cf10805eed69c78f80697f766cc0,2026-09-25T23:00:00Z,Rutgers Scarlet Knights,Howard Bison,betonlineag,BetOnline.ag,2026-09-25T14:56:27Z,2026-09-25T14:56:27Z,Rutgers Scarlet Knights,-42.5,-110.0,2026,2026-09-25T14:56:54Z,1063,,,,c9b00767615fa5b7a6dc411f276300a4ef86c7a9f57831378c42d40f04dc9acc,timestamped_live_quote
2026-09-25T14:56:54Z,36f0cf10805eed69c78f80697f766cc0,2026-09-25T23:00:00Z,Rutgers Scarlet Knights,Howard Bison,betrivers,BetRivers,2026-09-25T14:55:36Z,2026-09-25T14:55:36Z,Howard Bison,44.0,-114.0,2026,2026-09-25T14:56:54Z,1063,,,,c9b00767615fa5b7a6dc411f276300a4ef86c7a9f57831378c42d40f04dc9acc,timestamped_live_quote
2026-09-25T14:56:54Z,36f0cf10805eed69c78f80697f766cc0,2026-09-25T23:00:00Z,Rutgers Scarlet Knights,Howard Bison,betrivers,BetRivers,2026-09-25T14:55:36Z,2026-09-25T14:55:36Z,Rutgers Scarlet Knights,-44.0,-109.0,2026,2026-09-25T14:56:54Z,1063,,,,c9b00767615fa5b7a6dc411f276300a4ef86c7a9f57831378c42d40f04dc9acc,timestamped_live_quote
2026-09-25T14:56:54Z,36f0cf10805eed69c78f80697f766cc0,2026-09-25T23:00:00Z,Rutgers Scarlet Knights,Howard Bison,draftkings,DraftKings,2026-09-25T14:56:40Z,2026-09-25T14:56:40Z,Howard Bison,42.5,-112.0,2026,2026-09-25T14:56:54Z,1063,,,,c9b00767615fa5b7a6dc411f276300a4ef86c7a9f57831378c42d40f04dc9acc,timestamped_live_quote
2026-09-25T14:56:54Z,36f0cf10805eed69c78f80697f766cc0,2026-09-25T23:00:00Z,Rutgers Scarlet Knights,Howard Bison,draftkings,DraftKings,2026-09-25T14:56:40Z,2026-09-25T14:56:40Z,Rutgers Scarlet Knights,-42.5,-108.0,2026,2026-09-25T14:56:54Z,1063,,,,c9b00767615fa5b7a6dc411f276300a4ef86c7a9f57831378c42d40f04dc9acc,timestamped_live_quote
2026-09-25T14:56:54Z,36f0cf10805eed69c78f80697f766cc0,2026-09-25T23:00:00Z,Rutgers Scarlet Knights,Howard Bison,bovada,Bovada,2026-09-25T14:55:35Z,2026-09-25T14:55:34Z,Howard Bison,43.0,-115.0,2026,2026-09-25T14:56:54Z,1063,,,,c9b00767615fa5b7a6dc411f276300a4ef86c7a9f57831378c42d40f04dc9acc,timestamped_live_quote
2026-09-25T14:56:54Z,36f0cf10805eed69c78f80697f766cc0,2026-09-25T23:00:00Z,Rutgers Scarlet Knights,Howard Bison,bovada,Bovada,2026-09-25T14:55:35Z,2026-09-25T14:55:34Z,Rutgers Scarlet Knights,-43.0,-105.0,2026,2026-09-25T14:56:54Z,1063,,,,c9b00767615fa5b7a6dc411f276300a4ef86c7a9f57831378c42d40f04dc9acc,timestamped_live_quote
2026-09-25T14:56:54Z,36f0cf10805eed69c78f80697f766cc0,2026-09-25T23:00:00Z,Rutgers Scarlet Knights,Howard Bison,betmgm,BetMGM,2026-09-25T14:56:42Z,2026-09-25T14:56:42Z,Howard Bison,42.5,-110.0,2026,2026-09-25T14:56:54Z,1063,,,,c9b00767615fa5b7a6dc411f276300a4ef86c7a9f57831378c42d40f04dc9acc,timestamped_live_quote
2026-09-25T14:56:54Z,36f0cf10805eed69c78f80697f766cc0,2026-09-25T23:00:00Z,Rutgers Scarlet Knights,Howard Bison,betmgm,BetMGM,2026-09-25T14:56:42Z,2026-09-25T14:56:42Z,Rutgers Scarlet Knights,-42.5,-108.0,2026,2026-09-25T14:56:54Z,1063,,,,c9b00767615fa5b7a6dc411f276300a4ef86c7a9f57831378c42d40f04dc9acc,timestamped_live_quote
2026-09-25T14:56:54Z,2e454a12c5301843ab7ec1a1eaf4f237,2026-09-25T23:00:00Z,UAB Blazers,Navy Midshipmen,fanduel,FanDuel,2026-09-25T14:56:24Z,2026-09-25T14:56:23Z,Navy Midshipmen,-6.5,-110.0,2026,2026-09-25T14:56:54Z,1063,,,,c9b00767615fa5b7a6dc411f276300a4ef86c7a9f57831378c42d40f04dc9acc,timestamped_live_quote
2026-09-25T14:56:54Z,2e454a12c5301843ab7ec1a1eaf4f237,2026-09-25T23:00:00Z,UAB Blazers,Navy Midshipmen,fanduel,FanDuel,2026-09-25T14:56:24Z,2026-09-25T14:56:23Z,UAB Blazers,6.5,-110.0,2026,2026-09-25T14:56:54Z,1063,,,,c9b00767615fa5b7a6dc411f276300a4ef86c7a9f57831378c42d40f04dc9acc,timestamped_live_quote
2026-09-25T14:56:54Z,2e454a12c5301843ab7ec1a1eaf4f237,2026-09-25T23:00:00Z,UAB Blazers,Navy Midshipmen,mybookieag,MyBookie.ag,2026-09-25T14:54:56Z,2026-09-25T14:54:56Z,Navy Midshipmen,-6.5,-110.0,2026,2026-09-25T14:56:54Z,1063,,,,c9b00767615fa5b7a6dc411f276300a4ef86c7a9f57831378c42d40f04dc9acc,timestamped_live_quote
2026-09-25T14:56:54Z,2e454a12c5301843ab7ec1a1eaf4f237,2026-09-25T23:00:00Z,UAB Blazers,Navy Midshipmen,mybookieag,MyBookie.ag,2026-09-25T14:54:56Z,2026-09-25T14:54:56Z,UAB Blazers,6.5,-110.0,2026,2026-09-25T14:56:54Z,1063,,,,c9b00767615fa5b7a6dc411f276300a4ef86c7a9f57831378c42d40f04dc9acc,timestamped_live_quote
2026-09-25T14:56:54Z,2e454a12c5301843ab7ec1a1eaf4f237,2026-09-25T23:00:00Z,UAB Blazers,Navy Midshipmen,betrivers,BetRivers,2026-09-25T14:55:36Z,2026-09-25T14:55:36Z,Navy Midshipmen,-7.0,-104.0,2026,2026-09-25T14:56:54Z,1063,,,,c9b00767615fa5b7a6dc411f276300a4ef86c7a9f57831378c42d40f04dc9acc,timestamped_live_quote
2026-09-25T14:56:54Z,2e454a12c5301843ab7ec1a1eaf4f237,2026-09-25T23:00:00Z,UAB Blazers,Navy Midshipmen,betrivers,BetRivers,2026-09-25T14:55:36Z,2026-09-25T14:55:36Z,UAB Blazers,7.0,-120.0,2026,2026-09-25T14:56:54Z,1063,,,,c9b00767615fa5b7a6dc411f276300a4ef86c7a9f57831378c42d40f04dc9acc,timestamped_live_quote
2026-09-25T14:56:54Z,2e454a12c5301843ab7ec1a1eaf4f237,2026-09-25T23:00:00Z,UAB Blazers,Navy Midshipmen,draftkings,DraftKings,2026-09-25T14:56:40Z,2026-09-25T14:56:40Z,Navy Midshipmen,-6.5,-110.0,2026,2026-09-25T14:56:54Z,1063,,,,c9b00767615fa5b7a6dc411f276300a4ef86c7a9f57831378c42d40f04dc9acc,timestamped_live_quote
2026-09-25T14:56:54Z,2e454a12c5301843ab7ec1a1eaf4f237,2026-09-25T23:00:00Z,UAB Blazers,Navy Midshipmen,draftkings,DraftKings,2026-09-25T14:56:40Z,2026-09-25T14:56:40Z,UAB Blazers,6.5,-110.0,2026,2026-09-25T14:56:54Z,1063,,,,c9b00767615fa5b7a6dc411f276300a4ef86c7a9f57831378c42d40f04dc9acc,timestamped_live_quote
2026-09-25T14:56:54Z,2e454a12c5301843ab7ec1a1eaf4f237,2026-09-25T23:00:00Z,UAB Blazers,Navy Midshipmen,lowvig,LowVig.ag,2026-09-25T14:56:25Z,2026-09-25T14:56:25Z,Navy Midshipmen,-6.0,-111.0,2026,2026-09-25T14:56:54Z,1063,,,,c9b00767615fa5b7a6dc411f276300a4ef86c7a9f57831378c42d40f04dc9acc,timestamped_live_quote
2026-09-25T14:56:54Z,2e454a12c5301843ab7ec1a1eaf4f237,2026-09-25T23:00:00Z,UAB Blazers,Navy Midshipmen,lowvig,LowVig.ag,2026-09-25T14:56:25Z,2026-09-25T14:56:25Z,UAB Blazers,6.0,-101.0,2026,2026-09-25T14:56:54Z,1063,,,,c9b00767615fa5b7a6dc411f276300a4ef86c7a9f57831378c42d40f04dc9acc,timestamped_live_quote
2026-09-25T14:56:54Z,2e454a12c5301843ab7ec1a1eaf4f237,2026-09-25T23:00:00Z,UAB Blazers,Navy Midshipmen,betonlineag,BetOnline.ag,2026-09-25T14:56:27Z,2026-09-25T14:56:27Z,Navy Midshipmen,-6.0,-115.0,2026,2026-09-25T14:56:54Z,1063,,,,c9b00767615fa5b7a6dc411f276300a4ef86c7a9f57831378c42d40f04dc9acc,timestamped_live_quote
2026-09-25T14:56:54Z,2e454a12c5301843ab7ec1a1eaf4f237,2026-09-25T23:00:00Z,UAB Blazers,Navy Midshipmen,betonlineag,BetOnline.ag,2026-09-25T14:56:27Z,2026-09-25T14:56:27Z,UAB Blazers,6.0,-105.0,2026,2026-09-25T14:56:54Z,1063,,,,c9b00767615fa5b7a6dc411f276300a4ef86c7a9f57831378c42d40f04dc9acc,timestamped_live_quote
2026-09-25T14:56:54Z,2e454a12c5301843ab7ec1a1eaf4f237,2026-09-25T23:00:00Z,UAB Blazers,Navy Midshipmen,betmgm,BetMGM,2026-09-25T14:56:42Z,2026-09-25T14:56:42Z,Navy Midshipmen,-6.5,-108.0,2026,2026-09-25T14:56:54Z,1063,,,,c9b00767615fa5b7a6dc411f276300a4ef86c7a9f57831378c42d40f04dc9acc,timestamped_live_quote
2026-09-25T14:56:54Z,2e454a12c5301843ab7ec1a1eaf4f237,2026-09-25T23:00:00Z,UAB Blazers,Navy Midshipmen,betmgm,BetMGM,2026-09-25T14:56:42Z,2026-09-25T14:56:42Z,UAB Blazers,6.5,-110.0,2026,2026-09-25T14:56:54Z,1063,,,,c9b00767615fa5b7a6dc411f276300a4ef86c7a9f57831378c42d40f04dc9acc,timestamped_live_quote
2026-09-25T14:56:54Z,2e454a12c5301843ab7ec1a1eaf4f237,2026-09-25T23:00:00Z,UAB Blazers,Navy Midshipmen,betus,BetUS,2026-09-25T14:55:47Z,2026-09-25T14:55:47Z,Navy Midshipmen,-6.5,-105.0,2026,2026-09-25T14:56:54Z,1063,,,,c9b00767615fa5b7a6dc411f276300a4ef86c7a9f57831378c42d40f04dc9acc,timestamped_live_quote
2026-09-25T14:56:54Z,2e454a12c5301843ab7ec1a1eaf4f237,2026-09-25T23:00:00Z,UAB Blazers,Navy Midshipmen,betus,BetUS,2026-09-25T14:55:47Z,2026-09-25T14:55:47Z,UAB Blazers,6.5,-115.0,2026,2026-09-25T14:56:54Z,1063,,,,c9b00767615fa5b7a6dc411f276300a4ef86c7a9f57831378c42d40f04dc9acc,timestamped_live_quote
2026-09-25T14:56:54Z,2e454a12c5301843ab7ec1a1eaf4f237,2026-09-25T23:00:00Z,UAB Blazers,Navy Midshipmen,bovada,Bovada,2026-09-25T14:55:35Z,2026-09-25T14:55:34Z,Navy Midshipmen,-6.5,-110.0,2026,2026-09-25T14:56:54Z,1063,,,,c9b00767615fa5b7a6dc411f276300a4ef86c7a9f57831378c42d40f04dc9acc,timestamped_live_quote
2026-09-25T14:56:54Z,2e454a12c5301843ab7ec1a1eaf4f237,2026-09-25T23:00:00Z,UAB Blazers,Navy Midshipmen,bovada,Bovada,2026-09-25T14:55:35Z,2026-09-25T14:55:34Z,UAB Blazers,6.5,-110.0,2026,2026-09-25T14:56:54Z,1063,,,,c9b00767615fa5b7a6dc411f276300a4ef86c7a9f57831378c42d40f04dc9acc,timestamped_live_quote
2026-09-25T14:56:54Z,775ad63a769838c1e1da423293c9c60d,2026-09-26T00:00:00Z,Indiana Hoosiers,Northwestern Wildcats,fanduel,FanDuel,2026-09-25T14:56:24Z,2026-09-25T14:56:24Z,Indiana Hoosiers,-19.5,-120.0,2026,2026-09-25T14:56:54Z,1063,,,,c9b00767615fa5b7a6dc411f276300a4ef86c7a9f57831378c42d40f04dc9acc,timestamped_live_quote
2026-09-25T14:56:54Z,775ad63a769838c1e1da423293c9c60d,2026-09-26T00:00:00Z,Indiana Hoosiers,Northwestern Wildcats,fanduel,FanDuel,2026-09-25T14:56:24Z,2026-09-25T14:56:24Z,Northwestern Wildcats,19.5,-102.0,2026,2026-09-25T14:56:54Z,1063,,,,c9b00767615fa5b7a6dc411f276300a4ef86c7a9f57831378c42d40f04dc9acc,timestamped_live_quote
2026-09-25T14:56:54Z,775ad63a769838c1e1da423293c9c60d,2026-09-26T00:00:00Z,Indiana Hoosiers,Northwestern Wildcats,mybookieag,MyBookie.ag,2026-09-25T14:54:56Z,2026-09-25T14:54:56Z,Indiana Hoosiers,-20.5,-110.0,2026,2026-09-25T14:56:54Z,1063,,,,c9b00767615fa5b7a6dc411f276300a4ef86c7a9f57831378c42d40f04dc9acc,timestamped_live_quote
2026-09-25T14:56:54Z,775ad63a769838c1e1da423293c9c60d,2026-09-26T00:00:00Z,Indiana Hoosiers,Northwestern Wildcats,mybookieag,MyBookie.ag,2026-09-25T14:54:56Z,2026-09-25T14:54:56Z,Northwestern Wildcats,20.5,-110.0,2026,2026-09-25T14:56:54Z,1063,,,,c9b00767615fa5b7a6dc411f276300a4ef86c7a9f57831378c42d40f04dc9acc,timestamped_live_quote
2026-09-25T14:56:54Z,775ad63a769838c1e1da423293c9c60d,2026-09-26T00:00:00Z,Indiana Hoosiers,Northwestern Wildcats,draftkings,DraftKings,2026-09-25T14:56:40Z,2026-09-25T14:56:40Z,Indiana Hoosiers,-20.5,-108.0,2026,2026-09-25T14:56:54Z,1063,,,,c9b00767615fa5b7a6dc411f276300a4ef86c7a9f57831378c42d40f04dc9acc,timestamped_live_quote
2026-09-25T14:56:54Z,775ad63a769838c1e1da423293c9c60d,2026-09-26T00:00:00Z,Indiana Hoosiers,Northwestern Wildcats,draftkings,DraftKings,2026-09-25T14:56:40Z,2026-09-25T14:56:40Z,Northwestern Wildcats,20.5,-112.0,2026,2026-09-25T14:56:54Z,1063,,,,c9b00767615fa5b7a6dc411f276300a4ef86c7a9f57831378c42d40f04dc9acc,timestamped_live_quote
2026-09-25T14:56:54Z,775ad63a769838c1e1da423293c9c60d,2026-09-26T00:00:00Z,Indiana Hoosiers,Northwestern Wildcats,betrivers,BetRivers,2026-09-25T14:55:36Z,2026-09-25T14:55:36Z,Indiana Hoosiers,-21.0,-110.0,2026,2026-09-25T14:56:54Z,1063,,,,c9b00767615fa5b7a6dc411f276300a4ef86c7a9f57831378c42d40f04dc9acc,timestamped_live_quote
2026-09-25T14:56:54Z,775ad63a769838c1e1da423293c9c60d,2026-09-26T00:00:00Z,Indiana Hoosiers,Northwestern Wildcats,betrivers,BetRivers,2026-09-25T14:55:36Z,2026-09-25T14:55:36Z,Northwestern Wildcats,21.0,-113.0,2026,2026-09-25T14:56:54Z,1063,,,,c9b00767615fa5b7a6dc411f276300a4ef86c7a9f57831378c42d40f04dc9acc,timestamped_live_quote
2026-09-25T14:56:54Z,775ad63a769838c1e1da423293c9c60d,2026-09-26T00:00:00Z,Indiana Hoosiers,Northwestern Wildcats,lowvig,LowVig.ag,2026-09-25T14:56:25Z,2026-09-25T14:56:25Z,Indiana Hoosiers,-20.0,-108.0,2026,2026-09-25T14:56:54Z,1063,,,,c9b00767615fa5b7a6dc411f276300a4ef86c7a9f57831378c42d40f04dc9acc,timestamped_live_quote
2026-09-25T14:56:54Z,775ad63a769838c1e1da423293c9c60d,2026-09-26T00:00:00Z,Indiana Hoosiers,Northwestern Wildcats,lowvig,LowVig.ag,2026-09-25T14:56:25Z,2026-09-25T14:56:25Z,Northwestern Wildcats,20.0,-104.0,2026,2026-09-25T14:56:54Z,1063,,,,c9b00767615fa5b7a6dc411f276300a4ef86c7a9f57831378c42d40f04dc9acc,timestamped_live_quote
2026-09-25T14:56:54Z,775ad63a769838c1e1da423293c9c60d,2026-09-26T00:00:00Z,Indiana Hoosiers,Northwestern Wildcats,betonlineag,BetOnline.ag,2026-09-25T14:56:27Z,2026-09-25T14:56:27Z,Indiana Hoosiers,-20.0,-112.0,2026,2026-09-25T14:56:54Z,1063,,,,c9b00767615fa5b7a6dc411f276300a4ef86c7a9f57831378c42d40f04dc9acc,timestamped_live_quote
2026-09-25T14:56:54Z,775ad63a769838c1e1da423293c9c60d,2026-09-26T00:00:00Z,Indiana Hoosiers,Northwestern Wildcats,betonlineag,BetOnline.ag,2026-09-25T14:56:27Z,2026-09-25T14:56:27Z,Northwestern Wildcats,20.0,-108.0,2026,2026-09-25T14:56:54Z,1063,,,,c9b00767615fa5b7a6dc411f276300a4ef86c7a9f57831378c42d40f04dc9acc,timestamped_live_quote
2026-09-25T14:56:54Z,775ad63a769838c1e1da423293c9c60d,2026-09-26T00:00:00Z,Indiana Hoosiers,Northwestern Wildcats,betmgm,BetMGM,2026-09-25T14:56:42Z,2026-09-25T14:56:42Z,Indiana Hoosiers,-20.0,-118.0,2026,2026-09-25T14:56:54Z,1063,,,,c9b00767615fa5b7a6dc411f276300a4ef86c7a9f57831378c42d40f04dc9acc,timestamped_live_quote
2026-09-25T14:56:54Z,775ad63a769838c1e1da423293c9c60d,2026-09-26T00:00:00Z,Indiana Hoosiers,Northwestern Wildcats,betmgm,BetMGM,2026-09-25T14:56:42Z,2026-09-25T14:56:42Z,Northwestern Wildcats,20.0,-110.0,2026,2026-09-25T14:56:54Z,1063,,,,c9b00767615fa5b7a6dc411f276300a4ef86c7a9f57831378c42d40f04dc9acc,timestamped_live_quote
2026-09-25T14:56:54Z,775ad63a769838c1e1da423293c9c60d,2026-09-26T00:00:00Z,Indiana Hoosiers,Northwestern Wildcats,betus,BetUS,2026-09-25T14:55:47Z,2026-09-25T14:55:47Z,Indiana Hoosiers,-20.0,-110.0,2026,2026-09-25T14:56:54Z,1063,,,,c9b00767615fa5b7a6dc411f276300a4ef86c7a9f57831378c42d40f04dc9acc,timestamped_live_quote
2026-09-25T14:56:54Z,775ad63a769838c1e1da423293c9c60d,2026-09-26T00:00:00Z,Indiana Hoosiers,Northwestern Wildcats,betus,BetUS,2026-09-25T14:55:47Z,2026-09-25T14:55:47Z,Northwestern Wildcats,20.0,-110.0,2026,2026-09-25T14:56:54Z,1063,,,,c9b00767615fa5b7a6dc411f276300a4ef86c7a9f57831378c42d40f04dc9acc,timestamped_live_quote
2026-09-25T14:56:54Z,775ad63a769838c1e1da423293c9c60d,2026-09-26T00:00:00Z,Indiana Hoosiers,Northwestern Wildcats,bovada,Bovada,2026-09-25T14:55:35Z,2026-09-25T14:55:34Z,Indiana Hoosiers,-20.0,-110.0,2026,2026-09-25T14:56:54Z,1063,,,,c9b00767615fa5b7a6dc411f276300a4ef86c7a9f57831378c42d40f04dc9acc,timestamped_live_quote
2026-09-25T14:56:54Z,775ad63a769838c1e1da423293c9c60d,2026-09-26T00:00:00Z,Indiana Hoosiers,Northwestern Wildcats,bovada,Bovada,2026-09-25T14:55:35Z,2026-09-25T14:55:34Z,Northwestern Wildcats,20.0,-110.0,2026,2026-09-25T14:56:54Z,1063,,,,c9b00767615fa5b7a6dc411f276300a4ef86c7a9f57831378c42d40f04dc9acc,timestamped_live_quote
2026-09-25T14:56:54Z,48683523200ecdbeb09a2e6eb0d0a1f7,2026-09-26T02:30:00Z,California Golden Bears,Clemson Tigers,fanduel,FanDuel,2026-09-25T14:56:24Z,2026-09-25T14:56:24Z,California Golden Bears,1.5,-112.0,2026,2026-09-25T14:56:54Z,1063,,,,c9b00767615fa5b7a6dc411f276300a4ef86c7a9f57831378c42d40f04dc9acc,timestamped_live_quote
2026-09-25T14:56:54Z,48683523200ecdbeb09a2e6eb0d0a1f7,2026-09-26T02:30:00Z,California Golden Bears,Clemson Tigers,fanduel,FanDuel,2026-09-25T14:56:24Z,2026-09-25T14:56:24Z,Clemson Tigers,-1.5,-108.0,2026,2026-09-25T14:56:54Z,1063,,,,c9b00767615fa5b7a6dc411f276300a4ef86c7a9f57831378c42d40f04dc9acc,timestamped_live_quote
2026-09-25T14:56:54Z,48683523200ecdbeb09a2e6eb0d0a1f7,2026-09-26T02:30:00Z,California Golden Bears,Clemson Tigers,mybookieag,MyBookie.ag,2026-09-25T14:54:56Z,2026-09-25T14:54:56Z,California Golden Bears,1.5,-110.0,2026,2026-09-25T14:56:54Z,1063,,,,c9b00767615fa5b7a6dc411f276300a4ef86c7a9f57831378c42d40f04dc9acc,timestamped_live_quote
2026-09-25T14:56:54Z,48683523200ecdbeb09a2e6eb0d0a1f7,2026-09-26T02:30:00Z,California Golden Bears,Clemson Tigers,mybookieag,MyBookie.ag,2026-09-25T14:54:56Z,2026-09-25T14:54:56Z,Clemson Tigers,-1.5,-110.0,2026,2026-09-25T14:56:54Z,1063,,,,c9b00767615fa5b7a6dc411f276300a4ef86c7a9f57831378c42d40f04dc9acc,timestamped_live_quote
2026-09-25T14:56:54Z,48683523200ecdbeb09a2e6eb0d0a1f7,2026-09-26T02:30:00Z,California Golden Bears,Clemson Tigers,betrivers,BetRivers,2026-09-25T14:55:36Z,2026-09-25T14:55:36Z,California Golden Bears,1.0,-113.0,2026,2026-09-25T14:56:54Z,1063,,,,c9b00767615fa5b7a6dc411f276300a4ef86c7a9f57831378c42d40f04dc9acc,timestamped_live_quote
2026-09-25T14:56:54Z,48683523200ecdbeb09a2e6eb0d0a1f7,2026-09-26T02:30:00Z,California Golden Bears,Clemson Tigers,betrivers,BetRivers,2026-09-25T14:55:36Z,2026-09-25T14:55:36Z,Clemson Tigers,-1.0,-110.0,2026,2026-09-25T14:56:54Z,1063,,,,c9b00767615fa5b7a6dc411f276300a4ef86c7a9f57831378c42d40f04dc9acc,timestamped_live_quote
2026-09-25T14:56:54Z,48683523200ecdbeb09a2e6eb0d0a1f7,2026-09-26T02:30:00Z,California Golden Bears,Clemson Tigers,draftkings,DraftKings,2026-09-25T14:56:40Z,2026-09-25T14:56:40Z,California Golden Bears,1.5,-110.0,2026,2026-09-25T14:56:54Z,1063,,,,c9b00767615fa5b7a6dc411f276300a4ef86c7a9f57831378c42d40f04dc9acc,timestamped_live_quote
2026-09-25T14:56:54Z,48683523200ecdbeb09a2e6eb0d0a1f7,2026-09-26T02:30:00Z,California Golden Bears,Clemson Tigers,draftkings,DraftKings,2026-09-25T14:56:40Z,2026-09-25T14:56:40Z,Clemson Tigers,-1.5,-110.0,2026,2026-09-25T14:56:54Z,1063,,,,c9b00767615fa5b7a6dc411f276300a4ef86c7a9f57831378c42d40f04dc9acc,timestamped_live_quote
2026-09-25T14:56:54Z,48683523200ecdbeb09a2e6eb0d0a1f7,2026-09-26T02:30:00Z,California Golden Bears,Clemson Tigers,lowvig,LowVig.ag,2026-09-25T14:56:25Z,2026-09-25T14:56:25Z,California Golden Bears,1.0,-101.0,2026,2026-09-25T14:56:54Z,1063,,,,c9b00767615fa5b7a6dc411f276300a4ef86c7a9f57831378c42d40f04dc9acc,timestamped_live_quote
2026-09-25T14:56:54Z,48683523200ecdbeb09a2e6eb0d0a1f7,2026-09-26T02:30:00Z,California Golden Bears,Clemson Tigers,lowvig,LowVig.ag,2026-09-25T14:56:25Z,2026-09-25T14:56:25Z,Clemson Tigers,-1.0,-111.0,2026,2026-09-25T14:56:54Z,1063,,,,c9b00767615fa5b7a6dc411f276300a4ef86c7a9f57831378c42d40f04dc9acc,timestamped_live_quote
2026-09-25T14:56:54Z,48683523200ecdbeb09a2e6eb0d0a1f7,2026-09-26T02:30:00Z,California Golden Bears,Clemson Tigers,betonlineag,BetOnline.ag,2026-09-25T14:56:27Z,2026-09-25T14:56:27Z,California Golden Bears,1.0,-105.0,2026,2026-09-25T14:56:54Z,1063,,,,c9b00767615fa5b7a6dc411f276300a4ef86c7a9f57831378c42d40f04dc9acc,timestamped_live_quote
2026-09-25T14:56:54Z,48683523200ecdbeb09a2e6eb0d0a1f7,2026-09-26T02:30:00Z,California Golden Bears,Clemson Tigers,betonlineag,BetOnline.ag,2026-09-25T14:56:27Z,2026-09-25T14:56:27Z,Clemson Tigers,-1.0,-115.0,2026,2026-09-25T14:56:54Z,1063,,,,c9b00767615fa5b7a6dc411f276300a4ef86c7a9f57831378c42d40f04dc9acc,timestamped_live_quote
2026-09-25T14:56:54Z,48683523200ecdbeb09a2e6eb0d0a1f7,2026-09-26T02:30:00Z,California Golden Bears,Clemson Tigers,betmgm,BetMGM,2026-09-25T14:56:42Z,2026-09-25T14:56:42Z,California Golden Bears,1.5,-110.0,2026,2026-09-25T14:56:54Z,1063,,,,c9b00767615fa5b7a6dc411f276300a4ef86c7a9f57831378c42d40f04dc9acc,timestamped_live_quote
2026-09-25T14:56:54Z,48683523200ecdbeb09a2e6eb0d0a1f7,2026-09-26T02:30:00Z,California Golden Bears,Clemson Tigers,betmgm,BetMGM,2026-09-25T14:56:42Z,2026-09-25T14:56:42Z,Clemson Tigers,-1.5,-108.0,2026,2026-09-25T14:56:54Z,1063,,,,c9b00767615fa5b7a6dc411f276300a4ef86c7a9f57831378c42d40f04dc9acc,timestamped_live_quote
2026-09-25T14:56:54Z,48683523200ecdbeb09a2e6eb0d0a1f7,2026-09-26T02:30:00Z,California Golden Bears,Clemson Tigers,betus,BetUS,2026-09-25T14:55:47Z,2026-09-25T14:55:47Z,California Golden Bears,1.5,-110.0,2026,2026-09-25T14:56:54Z,1063,,,,c9b00767615fa5b7a6dc411f276300a4ef86c7a9f57831378c42d40f04dc9acc,timestamped_live_quote
2026-09-25T14:56:54Z,48683523200ecdbeb09a2e6eb0d0a1f7,2026-09-26T02:30:00Z,California Golden Bears,Clemson Tigers,betus,BetUS,2026-09-25T14:55:47Z,2026-09-25T14:55:47Z,Clemson Tigers,-1.5,-110.0,2026,2026-09-25T14:56:54Z,1063,,,,c9b00767615fa5b7a6dc411f276300a4ef86c7a9f57831378c42d40f04dc9acc,timestamped_live_quote
2026-09-25T14:56:54Z,48683523200ecdbeb09a2e6eb0d0a1f7,2026-09-26T02:30:00Z,California Golden Bears,Clemson Tigers,bovada,Bovada,2026-09-25T14:55:35Z,2026-09-25T14:55:34Z,California Golden Bears,2.0,-110.0,2026,2026-09-25T14:56:54Z,1063,,,,c9b00767615fa5b7a6dc411f276300a4ef86c7a9f57831378c42d40f04dc9acc,timestamped_live_quote
2026-09-25T14:56:54Z,48683523200ecdbeb09a2e6eb0d0a1f7,2026-09-26T02:30:00Z,California Golden Bears,Clemson Tigers,bovada,Bovada,2026-09-25T14:55:35Z,2026-09-25T14:55:34Z,Clemson Tigers,-2.0,-110.0,2026,2026-09-25T14:56:54Z,1063,,,,c9b00767615fa5b7a6dc411f276300a4ef86c7a9f57831378c42d40f04dc9acc,timestamped_live_quote
2026-09-25T14:56:54Z,11ea90adf014a268d12caa9978b05bd8,2026-09-26T16:00:00Z,Akron Zips,UNLV Rebels,fanduel,FanDuel,2026-09-25T14:56:24Z,2026-09-25T14:56:24Z,Akron Zips,13.5,-110.0,2026,2026-09-25T14:56:54Z,1063,,,,c9b00767615fa5b7a6dc411f276300a4ef86c7a9f57831378c42d40f04dc9acc,timestamped_live_quote
2026-09-25T14:56:54Z,11ea90adf014a268d12caa9978b05bd8,2026-09-26T16:00:00Z,Akron Zips,UNLV Rebels,fanduel,FanDuel,2026-09-25T14:56:24Z,2026-09-25T14:56:24Z,UNLV Rebels,-13.5,-110.0,2026,2026-09-25T14:56:54Z,1063,,,,c9b00767615fa5b7a6dc411f276300a4ef86c7a9f57831378c42d40f04dc9acc,timestamped_live_quote
2026-09-25T14:56:54Z,11ea90adf014a268d12caa9978b05bd8,2026-09-26T16:00:00Z,Akron Zips,UNLV Rebels,mybookieag,MyBookie.ag,2026-09-25T14:54:56Z,2026-09-25T14:54:56Z,Akron Zips,13.5,-110.0,2026,2026-09-25T14:56:54Z,1063,,,,c9b00767615fa5b7a6dc411f276300a4ef86c7a9f57831378c42d40f04dc9acc,timestamped_live_quote
2026-09-25T14:56:54Z,11ea90adf014a268d12caa9978b05bd8,2026-09-26T16:00:00Z,Akron Zips,UNLV Rebels,mybookieag,MyBookie.ag,2026-09-25T14:54:56Z,2026-09-25T14:54:56Z,UNLV Rebels,-13.5,-110.0,2026,2026-09-25T14:56:54Z,1063,,,,c9b00767615fa5b7a6dc411f276300a4ef86c7a9f57831378c42d40f04dc9acc,timestamped_live_quote
2026-09-25T14:56:54Z,11ea90adf014a268d12caa9978b05bd8,2026-09-26T16:00:00Z,Akron Zips,UNLV Rebels,betrivers,BetRivers,2026-09-25T14:55:36Z,2026-09-25T14:55:36Z,Akron Zips,13.5,-109.0,2026,2026-09-25T14:56:54Z,1063,,,,c9b00767615fa5b7a6dc411f276300a4ef86c7a9f57831378c42d40f04dc9acc,timestamped_live_quote
2026-09-25T14:56:54Z,11ea90adf014a268d12caa9978b05bd8,2026-09-26T16:00:00Z,Akron Zips,UNLV Rebels,betrivers,BetRivers,2026-09-25T14:55:36Z,2026-09-25T14:55:36Z,UNLV Rebels,-13.5,-114.0,2026,2026-09-25T14:56:54Z,1063,,,,c9b00767615fa5b7a6dc411f276300a4ef86c7a9f57831378c42d40f04dc9acc,timestamped_live_quote
2026-09-25T14:56:54Z,11ea90adf014a268d12caa9978b05bd8,2026-09-26T16:00:00Z,Akron Zips,UNLV Rebels,draftkings,DraftKings,2026-09-25T14:56:40Z,2026-09-25T14:56:40Z,Akron Zips,13.5,-108.0,2026,2026-09-25T14:56:54Z,1063,,,,c9b00767615fa5b7a6dc411f276300a4ef86c7a9f57831378c42d40f04dc9acc,timestamped_live_quote
2026-09-25T14:56:54Z,11ea90adf014a268d12caa9978b05bd8,2026-09-26T16:00:00Z,Akron Zips,UNLV Rebels,draftkings,DraftKings,2026-09-25T14:56:40Z,2026-09-25T14:56:40Z,UNLV Rebels,-13.5,-112.0,2026,2026-09-25T14:56:54Z,1063,,,,c9b00767615fa5b7a6dc411f276300a4ef86c7a9f57831378c42d40f04dc9acc,timestamped_live_quote
2026-09-25T14:56:54Z,11ea90adf014a268d12caa9978b05bd8,2026-09-26T16:00:00Z,Akron Zips,UNLV Rebels,lowvig,LowVig.ag,2026-09-25T14:56:25Z,2026-09-25T14:56:25Z,Akron Zips,13.5,-106.0,2026,2026-09-25T14:56:54Z,1063,,,,c9b00767615fa5b7a6dc411f276300a4ef86c7a9f57831378c42d40f04dc9acc,timestamped_live_quote
2026-09-25T14:56:54Z,11ea90adf014a268d12caa9978b05bd8,2026-09-26T16:00:00Z,Akron Zips,UNLV Rebels,lowvig,LowVig.ag,2026-09-25T14:56:25Z,2026-09-25T14:56:25Z,UNLV Rebels,-13.5,-106.0,2026,2026-09-25T14:56:54Z,1063,,,,c9b00767615fa5b7a6dc411f276300a4ef86c7a9f57831378c42d40f04dc9acc,timestamped_live_quote
2026-09-25T14:56:54Z,11ea90adf014a268d12caa9978b05bd8,2026-09-26T16:00:00Z,Akron Zips,UNLV Rebels,betonlineag,BetOnline.ag,2026-09-25T14:56:27Z,2026-09-25T14:56:27Z,Akron Zips,13.5,-115.0,2026,2026-09-25T14:56:54Z,1063,,,,c9b00767615fa5b7a6dc411f276300a4ef86c7a9f57831378c42d40f04dc9acc,timestamped_live_quote
2026-09-25T14:56:54Z,11ea90adf014a268d12caa9978b05bd8,2026-09-26T16:00:00Z,Akron Zips,UNLV Rebels,betonlineag,BetOnline.ag,2026-09-25T14:56:27Z,2026-09-25T14:56:27Z,UNLV Rebels,-13.5,-105.0,2026,2026-09-25T14:56:54Z,1063,,,,c9b00767615fa5b7a6dc411f276300a4ef86c7a9f57831378c42d40f04dc9acc,timestamped_live_quote
2026-09-25T14:56:54Z,11ea90adf014a268d12caa9978b05bd8,2026-09-26T16:00:00Z,Akron Zips,UNLV Rebels,betus,BetUS,2026-09-25T14:55:47Z,2026-09-25T14:55:47Z,Akron Zips,13.5,-110.0,2026,2026-09-25T14:56:54Z,1063,,,,c9b00767615fa5b7a6dc411f276300a4ef86c7a9f57831378c42d40f04dc9acc,timestamped_live_quote
2026-09-25T14:56:54Z,11ea90adf014a268d12caa9978b05bd8,2026-09-26T16:00:00Z,Akron Zips,UNLV Rebels,betus,BetUS,2026-09-25T14:55:47Z,2026-09-25T14:55:47Z,UNLV Rebels,-13.5,-110.0,2026,2026-09-25T14:56:54Z,1063,,,,c9b00767615fa5b7a6dc411f276300a4ef86c7a9f57831378c42d40f04dc9acc,timestamped_live_quote
2026-09-25T14:56:54Z,11ea90adf014a268d12caa9978b05bd8,2026-09-26T16:00:00Z,Akron Zips,UNLV Rebels,betmgm,BetMGM,2026-09-25T14:56:42Z,2026-09-25T14:56:42Z,Akron Zips,13.5,-110.0,2026,2026-09-25T14:56:54Z,1063,,,,c9b00767615fa5b7a6dc411f276300a4ef86c7a9f57831378c42d40f04dc9acc,timestamped_live_quote
2026-09-25T14:56:54Z,11ea90adf014a268d12caa9978b05bd8,2026-09-26T16:00:00Z,Akron Zips,UNLV Rebels,betmgm,BetMGM,2026-09-25T14:56:42Z,2026-09-25T14:56:42Z,UNLV Rebels,-13.5,-108.0,2026,2026-09-25T14:56:54Z,1063,,,,c9b00767615fa5b7a6dc411f276300a4ef86c7a9f57831378c42d40f04dc9acc,timestamped_live_quote
2026-09-25T14:56:54Z,11ea90adf014a268d12caa9978b05bd8,2026-09-26T16:00:00Z,Akron Zips,UNLV Rebels,bovada,Bovada,2026-09-25T14:55:35Z,2026-09-25T14:55:35Z,Akron Zips,13.5,-110.0,2026,2026-09-25T14:56:54Z,1063,,,,c9b00767615fa5b7a6dc411f276300a4ef86c7a9f57831378c42d40f04dc9acc,timestamped_live_quote
2026-09-25T14:56:54Z,11ea90adf014a268d12caa9978b05bd8,2026-09-26T16:00:00Z,Akron Zips,UNLV Rebels,bovada,Bovada,2026-09-25T14:55:35Z,2026-09-25T14:55:35Z,UNLV Rebels,-13.5,-110.0,2026,2026-09-25T14:56:54Z,1063,,,,c9b00767615fa5b7a6dc411f276300a4ef86c7a9f57831378c42d40f04dc9acc,timestamped_live_quote
2026-09-25T14:56:54Z,a14ae60e9aac7b91d0acbdae745873b4,2026-09-26T16:00:00Z,Kent State Golden Flashes,Ball State Cardinals,fanduel,FanDuel,2026-09-25T14:56:24Z,2026-09-25T14:56:24Z,Ball State Cardinals,2.5,-102.0,2026,2026-09-25T14:56:54Z,1063,,,,c9b00767615fa5b7a6dc411f276300a4ef86c7a9f57831378c42d40f04dc9acc,timestamped_live_quote
2026-09-25T14:56:54Z,a14ae60e9aac7b91d0acbdae745873b4,2026-09-26T16:00:00Z,Kent State Golden Flashes,Ball State Cardinals,fanduel,FanDuel,2026-09-25T14:56:24Z,2026-09-25T14:56:24Z,Kent State Golden Flashes,-2.5,-120.0,2026,2026-09-25T14:56:54Z,1063,,,,c9b00767615fa5b7a6dc411f276300a4ef86c7a9f57831378c42d40f04dc9acc,timestamped_live_quote
2026-09-25T14:56:54Z,a14ae60e9aac7b91d0acbdae745873b4,2026-09-26T16:00:00Z,Kent State Golden Flashes,Ball State Cardinals,mybookieag,MyBookie.ag,2026-09-25T14:54:56Z,2026-09-25T14:54:56Z,Ball State Cardinals,3.0,-110.0,2026,2026-09-25T14:56:54Z,1063,,,,c9b00767615fa5b7a6dc411f276300a4ef86c7a9f57831378c42d40f04dc9acc,timestamped_live_quote
2026-09-25T14:56:54Z,a14ae60e9aac7b91d0acbdae745873b4,2026-09-26T16:00:00Z,Kent State Golden Flashes,Ball State Cardinals,mybookieag,MyBookie.ag,2026-09-25T14:54:56Z,2026-09-25T14:54:56Z,Kent State Golden Flashes,-3.0,-110.0,2026,2026-09-25T14:56:54Z,1063,,,,c9b00767615fa5b7a6dc411f276300a4ef86c7a9f57831378c42d40f04dc9acc,timestamped_live_quote
2026-09-25T14:56:54Z,a14ae60e9aac7b91d0acbdae745873b4,2026-09-26T16:00:00Z,Kent State Golden Flashes,Ball State Cardinals,betrivers,BetRivers,2026-09-25T14:55:36Z,2026-09-25T14:55:36Z,Ball State Cardinals,3.5,-113.0,2026,2026-09-25T14:56:54Z,1063,,,,c9b00767615fa5b7a6dc411f276300a4ef86c7a9f57831378c42d40f04dc9acc,timestamped_live_quote
2026-09-25T14:56:54Z,a14ae60e9aac7b91d0acbdae745873b4,2026-09-26T16:00:00Z,Kent State Golden Flashes,Ball State Cardinals,betrivers,BetRivers,2026-09-25T14:55:36Z,2026-09-25T14:55:36Z,Kent State Golden Flashes,-3.5,-109.0,2026,2026-09-25T14:56:54Z,1063,,,,c9b00767615fa5b7a6dc411f276300a4ef86c7a9f57831378c42d40f04dc9acc,timestamped_live_quote
2026-09-25T14:56:54Z,a14ae60e9aac7b91d0acbdae745873b4,2026-09-26T16:00:00Z,Kent State Golden Flashes,Ball State Cardinals,draftkings,DraftKings,2026-09-25T14:56:40Z,2026-09-25T14:56:40Z,Ball State Cardinals,3.0,-108.0,2026,2026-09-25T14:56:54Z,1063,,,,c9b00767615fa5b7a6dc411f276300a4ef86c7a9f57831378c42d40f04dc9acc,timestamped_live_quote
2026-09-25T14:56:54Z,a14ae60e9aac7b91d0acbdae745873b4,2026-09-26T16:00:00Z,Kent State Golden Flashes,Ball State Cardinals,draftkings,DraftKings,2026-09-25T14:56:40Z,2026-09-25T14:56:40Z,Kent State Golden Flashes,-3.0,-112.0,2026,2026-09-25T14:56:54Z,1063,,,,c9b00767615fa5b7a6dc411f276300a4ef86c7a9f57831378c42d40f04dc9acc,timestamped_live_quote
2026-09-25T14:56:54Z,a14ae60e9aac7b91d0acbdae745873b4,2026-09-26T16:00:00Z,Kent State Golden Flashes,Ball State Cardinals,lowvig,LowVig.ag,2026-09-25T14:56:25Z,2026-09-25T14:56:25Z,Ball State Cardinals,3.0,-104.0,2026,2026-09-25T14:56:54Z,1063,,,,c9b00767615fa5b7a6dc411f276300a4ef86c7a9f57831378c42d40f04dc9acc,timestamped_live_quote
2026-09-25T14:56:54Z,a14ae60e9aac7b91d0acbdae745873b4,2026-09-26T16:00:00Z,Kent State Golden Flashes,Ball State Cardinals,lowvig,LowVig.ag,2026-09-25T14:56:25Z,2026-09-25T14:56:25Z,Kent State Golden Flashes,-3.0,-108.0,2026,2026-09-25T14:56:54Z,1063,,,,c9b00767615fa5b7a6dc411f276300a4ef86c7a9f57831378c42d40f04dc9acc,timestamped_live_quote
2026-09-25T14:56:54Z,a14ae60e9aac7b91d0acbdae745873b4,2026-09-26T16:00:00Z,Kent State Golden Flashes,Ball State Cardinals,betonlineag,BetOnline.ag,2026-09-25T14:56:27Z,2026-09-25T14:56:27Z,Ball State Cardinals,3.0,-108.0,2026,2026-09-25T14:56:54Z,1063,,,,c9b00767615fa5b7a6dc411f276300a4ef86c7a9f57831378c42d40f04dc9acc,timestamped_live_quote
2026-09-25T14:56:54Z,a14ae60e9aac7b91d0acbdae745873b4,2026-09-26T16:00:00Z,Kent State Golden Flashes,Ball State Cardinals,betonlineag,BetOnline.ag,2026-09-25T14:56:27Z,2026-09-25T14:56:27Z,Kent State Golden Flashes,-3.0,-112.0,2026,2026-09-25T14:56:54Z,1063,,,,c9b00767615fa5b7a6dc411f276300a4ef86c7a9f57831378c42d40f04dc9acc,timestamped_live_quote
2026-09-25T14:56:54Z,a14ae60e9aac7b91d0acbdae745873b4,2026-09-26T16:00:00Z,Kent State Golden Flashes,Ball State Cardinals,betmgm,BetMGM,2026-09-25T14:56:42Z,2026-09-25T14:56:42Z,Ball State Cardinals,3.0,-108.0,2026,2026-09-25T14:56:54Z,1063,,,,c9b00767615fa5b7a6dc411f276300a4ef86c7a9f57831378c42d40f04dc9acc,timestamped_live_quote
2026-09-25T14:56:54Z,a14ae60e9aac7b91d0acbdae745873b4,2026-09-26T16:00:00Z,Kent State Golden Flashes,Ball State Cardinals,betmgm,BetMGM,2026-09-25T14:56:42Z,2026-09-25T14:56:42Z,Kent State Golden Flashes,-3.0,-110.0,2026,2026-09-25T14:56:54Z,1063,,,,c9b00767615fa5b7a6dc411f276300a4ef86c7a9f57831378c42d40f04dc9acc,timestamped_live_quote
2026-09-25T14:56:54Z,a14ae60e9aac7b91d0acbdae745873b4,2026-09-26T16:00:00Z,Kent State Golden Flashes,Ball State Cardinals,betus,BetUS,2026-09-25T14:55:47Z,2026-09-25T14:55:47Z,Ball State Cardinals,3.0,-105.0,2026,2026-09-25T14:56:54Z,1063,,,,c9b00767615fa5b7a6dc411f276300a4ef86c7a9f57831378c42d40f04dc9acc,timestamped_live_quote
2026-09-25T14:56:54Z,a14ae60e9aac7b91d0acbdae745873b4,2026-09-26T16:00:00Z,Kent State Golden Flashes,Ball State Cardinals,betus,BetUS,2026-09-25T14:55:47Z,2026-09-25T14:55:47Z,Kent State Golden Flashes,-3.0,-115.0,2026,2026-09-25T14:56:54Z,1063,,,,c9b00767615fa5b7a6dc411f276300a4ef86c7a9f57831378c42d40f04dc9acc,timestamped_live_quote
2026-09-25T14:56:54Z,a14ae60e9aac7b91d0acbdae745873b4,2026-09-26T16:00:00Z,Kent State Golden Flashes,Ball State Cardinals,bovada,Bovada,2026-09-25T14:55:35Z,2026-09-25T14:55:34Z,Ball State Cardinals,3.0,-110.0,2026,2026-09-25T14:56:54Z,1063,,,,c9b00767615fa5b7a6dc411f276300a4ef86c7a9f57831378c42d40f04dc9acc,timestamped_live_quote
2026-09-25T14:56:54Z,a14ae60e9aac7b91d0acbdae745873b4,2026-09-26T16:00:00Z,Kent State Golden Flashes,Ball State Cardinals,bovada,Bovada,2026-09-25T14:55:35Z,2026-09-25T14:55:34Z,Kent State Golden Flashes,-3.0,-110.0,2026,2026-09-25T14:56:54Z,1063,,,,c9b00767615fa5b7a6dc411f276300a4ef86c7a9f57831378c42d40f04dc9acc,timestamped_live_quote
2026-09-25T14:56:54Z,90cacdc25f25e1f13b13e031a7fee9b7,2026-09-26T16:00:00Z,Baylor Bears,Colorado Buffaloes,fanduel,FanDuel,2026-09-25T14:56:24Z,2026-09-25T14:56:24Z,Baylor Bears,-9.5,-118.0,2026,2026-09-25T14:56:54Z,1063,,,,c9b00767615fa5b7a6dc411f276300a4ef86c7a9f57831378c42d40f04dc9acc,timestamped_live_quote
2026-09-25T14:56:54Z,90cacdc25f25e1f13b13e031a7fee9b7,2026-09-26T16:00:00Z,Baylor Bears,Colorado Buffaloes,fanduel,FanDuel,2026-09-25T14:56:24Z,2026-09-25T14:56:24Z,Colorado Buffaloes,9.5,-104.0,2026,2026-09-25T14:56:54Z,1063,,,,c9b00767615fa5b7a6dc411f276300a4ef86c7a9f57831378c42d40f04dc9acc,timestamped_live_quote
2026-09-25T14:56:54Z,90cacdc25f25e1f13b13e031a7fee9b7,2026-09-26T16:00:00Z,Baylor Bears,Colorado Buffaloes,mybookieag,MyBookie.ag,2026-09-25T14:54:56Z,2026-09-25T14:54:56Z,Baylor Bears,-9.5,-110.0,2026,2026-09-25T14:56:54Z,1063,,,,c9b00767615fa5b7a6dc411f276300a4ef86c7a9f57831378c42d40f04dc9acc,timestamped_live_quote
2026-09-25T14:56:54Z,90cacdc25f25e1f13b13e031a7fee9b7,2026-09-26T16:00:00Z,Baylor Bears,Colorado Buffaloes,mybookieag,MyBookie.ag,2026-09-25T14:54:56Z,2026-09-25T14:54:56Z,Colorado Buffaloes,9.5,-110.0,2026,2026-09-25T14:56:54Z,1063,,,,c9b00767615fa5b7a6dc411f276300a4ef86c7a9f57831378c42d40f04dc9acc,timestamped_live_quote
2026-09-25T14:56:54Z,90cacdc25f25e1f13b13e031a7fee9b7,2026-09-26T16:00:00Z,Baylor Bears,Colorado Buffaloes,betrivers,BetRivers,2026-09-25T14:55:36Z,2026-09-25T14:55:36Z,Baylor Bears,-10.0,-113.0,2026,2026-09-25T14:56:54Z,1063,,,,c9b00767615fa5b7a6dc411f276300a4ef86c7a9f57831378c42d40f04dc9acc,timestamped_live_quote
2026-09-25T14:56:54Z,90cacdc25f25e1f13b13e031a7fee9b7,2026-09-26T16:00:00Z,Baylor Bears,Colorado Buffaloes,betrivers,BetRivers,2026-09-25T14:55:36Z,2026-09-25T14:55:36Z,Colorado Buffaloes,10.0,-109.0,2026,2026-09-25T14:56:54Z,1063,,,,c9b00767615fa5b7a6dc411f276300a4ef86c7a9f57831378c42d40f04dc9acc,timestamped_live_quote
2026-09-25T14:56:54Z,90cacdc25f25e1f13b13e031a7fee9b7,2026-09-26T16:00:00Z,Baylor Bears,Colorado Buffaloes,draftkings,DraftKings,2026-09-25T14:56:40Z,2026-09-25T14:56:40Z,Baylor Bears,-9.5,-115.0,2026,2026-09-25T14:56:54Z,1063,,,,c9b00767615fa5b7a6dc411f276300a4ef86c7a9f57831378c42d40f04dc9acc,timestamped_live_quote
2026-09-25T14:56:54Z,90cacdc25f25e1f13b13e031a7fee9b7,2026-09-26T16:00:00Z,Baylor Bears,Colorado Buffaloes,draftkings,DraftKings,2026-09-25T14:56:40Z,2026-09-25T14:56:40Z,Colorado Buffaloes,9.5,-105.0,2026,2026-09-25T14:56:54Z,1063,,,,c9b00767615fa5b7a6dc411f276300a4ef86c7a9f57831378c42d40f04dc9acc,timestamped_live_quote
2026-09-25T14:56:54Z,90cacdc25f25e1f13b13e031a7fee9b7,2026-09-26T16:00:00Z,Baylor Bears,Colorado Buffaloes,betonlineag,BetOnline.ag,2026-09-25T14:56:27Z,2026-09-25T14:56:27Z,Baylor Bears,-10.0,-102.0,2026,2026-09-25T14:56:54Z,1063,,,,c9b00767615fa5b7a6dc411f276300a4ef86c7a9f57831378c42d40f04dc9acc,timestamped_live_quote
2026-09-25T14:56:54Z,90cacdc25f25e1f13b13e031a7fee9b7,2026-09-26T16:00:00Z,Baylor Bears,Colorado Buffaloes,betonlineag,BetOnline.ag,2026-09-25T14:56:27Z,2026-09-25T14:56:27Z,Colorado Buffaloes,10.0,-118.0,2026,2026-09-25T14:56:54Z,1063,,,,c9b00767615fa5b7a6dc411f276300a4ef86c7a9f57831378c42d40f04dc9acc,timestamped_live_quote
2026-09-25T14:56:54Z,90cacdc25f25e1f13b13e031a7fee9b7,2026-09-26T16:00:00Z,Baylor Bears,Colorado Buffaloes,lowvig,LowVig.ag,2026-09-25T14:56:25Z,2026-09-25T14:56:25Z,Baylor Bears,-10.0,-106.0,2026,2026-09-25T14:56:54Z,1063,,,,c9b00767615fa5b7a6dc411f276300a4ef86c7a9f57831378c42d40f04dc9acc,timestamped_live_quote
2026-09-25T14:56:54Z,90cacdc25f25e1f13b13e031a7fee9b7,2026-09-26T16:00:00Z,Baylor Bears,Colorado Buffaloes,lowvig,LowVig.ag,2026-09-25T14:56:25Z,2026-09-25T14:56:25Z,Colorado Buffaloes,10.0,-106.0,2026,2026-09-25T14:56:54Z,1063,,,,c9b00767615fa5b7a6dc411f276300a4ef86c7a9f57831378c42d40f04dc9acc,timestamped_live_quote
2026-09-25T14:56:54Z,90cacdc25f25e1f13b13e031a7fee9b7,2026-09-26T16:00:00Z,Baylor Bears,Colorado Buffaloes,betmgm,BetMGM,2026-09-25T14:56:42Z,2026-09-25T14:56:42Z,Baylor Bears,-9.5,-110.0,2026,2026-09-25T14:56:54Z,1063,,,,c9b00767615fa5b7a6dc411f276300a4ef86c7a9f57831378c42d40f04dc9acc,timestamped_live_quote
2026-09-25T14:56:54Z,90cacdc25f25e1f13b13e031a7fee9b7,2026-09-26T16:00:00Z,Baylor Bears,Colorado Buffaloes,betmgm,BetMGM,2026-09-25T14:56:42Z,2026-09-25T14:56:42Z,Colorado Buffaloes,9.5,-108.0,2026,2026-09-25T14:56:54Z,1063,,,,c9b00767615fa5b7a6dc411f276300a4ef86c7a9f57831378c42d40f04dc9acc,timestamped_live_quote
2026-09-25T14:56:54Z,90cacdc25f25e1f13b13e031a7fee9b7,2026-09-26T16:00:00Z,Baylor Bears,Colorado Buffaloes,betus,BetUS,2026-09-25T14:55:47Z,2026-09-25T14:55:47Z,Baylor Bears,-9.5,-110.0,2026,2026-09-25T14:56:54Z,1063,,,,c9b00767615fa5b7a6dc411f276300a4ef86c7a9f57831378c42d40f04dc9acc,timestamped_live_quote
2026-09-25T14:56:54Z,90cacdc25f25e1f13b13e031a7fee9b7,2026-09-26T16:00:00Z,Baylor Bears,Colorado Buffaloes,betus,BetUS,2026-09-25T14:55:47Z,2026-09-25T14:55:47Z,Colorado Buffaloes,9.5,-110.0,2026,2026-09-25T14:56:54Z,1063,,,,c9b00767615fa5b7a6dc411f276300a4ef86c7a9f57831378c42d40f04dc9acc,timestamped_live_quote
2026-09-25T14:56:54Z,90cacdc25f25e1f13b13e031a7fee9b7,2026-09-26T16:00:00Z,Baylor Bears,Colorado Buffaloes,bovada,Bovada,2026-09-25T14:55:35Z,2026-09-25T14:55:34Z,Baylor Bears,-9.5,-110.0,2026,2026-09-25T14:56:54Z,1063,,,,c9b00767615fa5b7a6dc411f276300a4ef86c7a9f57831378c42d40f04dc9acc,timestamped_live_quote
2026-09-25T14:56:54Z,90cacdc25f25e1f13b13e031a7fee9b7,2026-09-26T16:00:00Z,Baylor Bears,Colorado Buffaloes,bovada,Bovada,2026-09-25T14:55:35Z,2026-09-25T14:55:34Z,Colorado Buffaloes,9.5,-110.0,2026,2026-09-25T14:56:54Z,1063,,,,c9b00767615fa5b7a6dc411f276300a4ef86c7a9f57831378c42d40f04dc9acc,timestamped_live_quote
2026-09-25T14:56:54Z,9d564a10d7bc7b546b2b0cf4ec3c589e,2026-09-26T16:00:00Z,Boston College Eagles,Virginia Tech Hokies,fanduel,FanDuel,2026-09-25T14:56:24Z,2026-09-25T14:56:24Z,Boston College Eagles,14.5,-122.0,2026,2026-09-25T14:56:54Z,1063,,,,c9b00767615fa5b7a6dc411f276300a4ef86c7a9f57831378c42d40f04dc9acc,timestamped_live_quote
2026-09-25T14:56:54Z,9d564a10d7bc7b546b2b0cf4ec3c589e,2026-09-26T16:00:00Z,Boston College Eagles,Virginia Tech Hokies,fanduel,FanDuel,2026-09-25T14:56:24Z,2026-09-25T14:56:24Z,Virginia Tech Hokies,-14.5,100.0,2026,2026-09-25T14:56:54Z,1063,,,,c9b00767615fa5b7a6dc411f276300a4ef86c7a9f57831378c42d40f04dc9acc,timestamped_live_quote
2026-09-25T14:56:54Z,9d564a10d7bc7b546b2b0cf4ec3c589e,2026-09-26T16:00:00Z,Boston College Eagles,Virginia Tech Hokies,mybookieag,MyBookie.ag,2026-09-25T14:54:56Z,2026-09-25T14:54:56Z,Boston College Eagles,14.0,-110.0,2026,2026-09-25T14:56:54Z,1063,,,,c9b00767615fa5b7a6dc411f276300a4ef86c7a9f57831378c42d40f04dc9acc,timestamped_live_quote
2026-09-25T14:56:54Z,9d564a10d7bc7b546b2b0cf4ec3c589e,2026-09-26T16:00:00Z,Boston College Eagles,Virginia Tech Hokies,mybookieag,MyBookie.ag,2026-09-25T14:54:56Z,2026-09-25T14:54:56Z,Virginia Tech Hokies,-14.0,-110.0,2026,2026-09-25T14:56:54Z,1063,,,,c9b00767615fa5b7a6dc411f276300a4ef86c7a9f57831378c42d40f04dc9acc,timestamped_live_quote
2026-09-25T14:56:54Z,9d564a10d7bc7b546b2b0cf4ec3c589e,2026-09-26T16:00:00Z,Boston College Eagles,Virginia Tech Hokies,betrivers,BetRivers,2026-09-25T14:55:36Z,2026-09-25T14:55:36Z,Boston College Eagles,14.0,-110.0,2026,2026-09-25T14:56:54Z,1063,,,,c9b00767615fa5b7a6dc411f276300a4ef86c7a9f57831378c42d40f04dc9acc,timestamped_live_quote
2026-09-25T14:56:54Z,9d564a10d7bc7b546b2b0cf4ec3c589e,2026-09-26T16:00:00Z,Boston College Eagles,Virginia Tech Hokies,betrivers,BetRivers,2026-09-25T14:55:36Z,2026-09-25T14:55:36Z,Virginia Tech Hokies,-14.0,-113.0,2026,2026-09-25T14:56:54Z,1063,,,,c9b00767615fa5b7a6dc411f276300a4ef86c7a9f57831378c42d40f04dc9acc,timestamped_live_quote
2026-09-25T14:56:54Z,9d564a10d7bc7b546b2b0cf4ec3c589e,2026-09-26T16:00:00Z,Boston College Eagles,Virginia Tech Hokies,draftkings,DraftKings,2026-09-25T14:56:40Z,2026-09-25T14:56:40Z,Boston College Eagles,14.0,-110.0,2026,2026-09-25T14:56:54Z,1063,,,,c9b00767615fa5b7a6dc411f276300a4ef86c7a9f57831378c42d40f04dc9acc,timestamped_live_quote
2026-09-25T14:56:54Z,9d564a10d7bc7b546b2b0cf4ec3c589e,2026-09-26T16:00:00Z,Boston College Eagles,Virginia Tech Hokies,draftkings,DraftKings,2026-09-25T14:56:40Z,2026-09-25T14:56:40Z,Virginia Tech Hokies,-14.0,-110.0,2026,2026-09-25T14:56:54Z,1063,,,,c9b00767615fa5b7a6dc411f276300a4ef86c7a9f57831378c42d40f04dc9acc,timestamped_live_quote
2026-09-25T14:56:54Z,9d564a10d7bc7b546b2b0cf4ec3c589e,2026-09-26T16:00:00Z,Boston College Eagles,Virginia Tech Hokies,lowvig,LowVig.ag,2026-09-25T14:56:25Z,2026-09-25T14:56:25Z,Boston College Eagles,14.0,-101.0,2026,2026-09-25T14:56:54Z,1063,,,,c9b00767615fa5b7a6dc411f276300a4ef86c7a9f57831378c42d40f04dc9acc,timestamped_live_quote
2026-09-25T14:56:54Z,9d564a10d7bc7b546b2b0cf4ec3c589e,2026-09-26T16:00:00Z,Boston College Eagles,Virginia Tech Hokies,lowvig,LowVig.ag,2026-09-25T14:56:25Z,2026-09-25T14:56:25Z,Virginia Tech Hokies,-14.0,-111.0,2026,2026-09-25T14:56:54Z,1063,,,,c9b00767615fa5b7a6dc411f276300a4ef86c7a9f57831378c42d40f04dc9acc,timestamped_live_quote
2026-09-25T14:56:54Z,9d564a10d7bc7b546b2b0cf4ec3c589e,2026-09-26T16:00:00Z,Boston College Eagles,Virginia Tech Hokies,betonlineag,BetOnline.ag,2026-09-25T14:56:27Z,2026-09-25T14:56:27Z,Boston College Eagles,14.0,-105.0,2026,2026-09-25T14:56:54Z,1063,,,,c9b00767615fa5b7a6dc411f276300a4ef86c7a9f57831378c42d40f04dc9acc,timestamped_live_quote
2026-09-25T14:56:54Z,9d564a10d7bc7b546b2b0cf4ec3c589e,2026-09-26T16:00:00Z,Boston College Eagles,Virginia Tech Hokies,betonlineag,BetOnline.ag,2026-09-25T14:56:27Z,2026-09-25T14:56:27Z,Virginia Tech Hokies,-14.0,-115.0,2026,2026-09-25T14:56:54Z,1063,,,,c9b00767615fa5b7a6dc411f276300a4ef86c7a9f57831378c42d40f04dc9acc,timestamped_live_quote
2026-09-25T14:56:54Z,9d564a10d7bc7b546b2b0cf4ec3c589e,2026-09-26T16:00:00Z,Boston College Eagles,Virginia Tech Hokies,betus,BetUS,2026-09-25T14:55:47Z,2026-09-25T14:55:47Z,Boston College Eagles,14.0,-105.0,2026,2026-09-25T14:56:54Z,1063,,,,c9b00767615fa5b7a6dc411f276300a4ef86c7a9f57831378c42d40f04dc9acc,timestamped_live_quote
2026-09-25T14:56:54Z,9d564a10d7bc7b546b2b0cf4ec3c589e,2026-09-26T16:00:00Z,Boston College Eagles,Virginia Tech Hokies,betus,BetUS,2026-09-25T14:55:47Z,2026-09-25T14:55:47Z,Virginia Tech Hokies,-14.0,-115.0,2026,2026-09-25T14:56:54Z,1063,,,,c9b00767615fa5b7a6dc411f276300a4ef86c7a9f57831378c42d40f04dc9acc,timestamped_live_quote
2026-09-25T14:56:54Z,9d564a10d7bc7b546b2b0cf4ec3c589e,2026-09-26T16:00:00Z,Boston College Eagles,Virginia Tech Hokies,betmgm,BetMGM,2026-09-25T14:56:42Z,2026-09-25T14:56:42Z,Boston College Eagles,14.0,-110.0,2026,2026-09-25T14:56:54Z,1063,,,,c9b00767615fa5b7a6dc411f276300a4ef86c7a9f57831378c42d40f04dc9acc,timestamped_live_quote
2026-09-25T14:56:54Z,9d564a10d7bc7b546b2b0cf4ec3c589e,2026-09-26T16:00:00Z,Boston College Eagles,Virginia Tech Hokies,betmgm,BetMGM,2026-09-25T14:56:42Z,2026-09-25T14:56:42Z,Virginia Tech Hokies,-14.0,-108.0,2026,2026-09-25T14:56:54Z,1063,,,,c9b00767615fa5b7a6dc411f276300a4ef86c7a9f57831378c42d40f04dc9acc,timestamped_live_quote
2026-09-25T14:56:54Z,9d564a10d7bc7b546b2b0cf4ec3c589e,2026-09-26T16:00:00Z,Boston College Eagles,Virginia Tech Hokies,bovada,Bovada,2026-09-25T14:55:35Z,2026-09-25T14:55:35Z,Boston College Eagles,14.0,-115.0,2026,2026-09-25T14:56:54Z,1063,,,,c9b00767615fa5b7a6dc411f276300a4ef86c7a9f57831378c42d40f04dc9acc,timestamped_live_quote
2026-09-25T14:56:54Z,9d564a10d7bc7b546b2b0cf4ec3c589e,2026-09-26T16:00:00Z,Boston College Eagles,Virginia Tech Hokies,bovada,Bovada,2026-09-25T14:55:35Z,2026-09-25T14:55:35Z,Virginia Tech Hokies,-14.0,-105.0,2026,2026-09-25T14:56:54Z,1063,,,,c9b00767615fa5b7a6dc411f276300a4ef86c7a9f57831378c42d40f04dc9acc,timestamped_live_quote
2026-09-25T14:56:54Z,0224670d32f98caf247dd7d7ffaa6ee6,2026-09-26T16:00:00Z,Pittsburgh Panthers,Bucknell Bison,fanduel,FanDuel,2026-09-25T14:56:24Z,2026-09-25T14:56:24Z,Bucknell Bison,52.5,-110.0,2026,2026-09-25T14:56:54Z,1063,,,,c9b00767615fa5b7a6dc411f276300a4ef86c7a9f57831378c42d40f04dc9acc,timestamped_live_quote
2026-09-25T14:56:54Z,0224670d32f98caf247dd7d7ffaa6ee6,2026-09-26T16:00:00Z,Pittsburgh Panthers,Bucknell Bison,fanduel,FanDuel,2026-09-25T14:56:24Z,2026-09-25T14:56:24Z,Pittsburgh Panthers,-52.5,-110.0,2026,2026-09-25T14:56:54Z,1063,,,,c9b00767615fa5b7a6dc411f276300a4ef86c7a9f57831378c42d40f04dc9acc,timestamped_live_quote
2026-09-25T14:56:54Z,0224670d32f98caf247dd7d7ffaa6ee6,2026-09-26T16:00:00Z,Pittsburgh Panthers,Bucknell Bison,betrivers,BetRivers,2026-09-25T14:55:36Z,2026-09-25T14:55:36Z,Bucknell Bison,51.5,110.0,2026,2026-09-25T14:56:54Z,1063,,,,c9b00767615fa5b7a6dc411f276300a4ef86c7a9f57831378c42d40f04dc9acc,timestamped_live_quote
2026-09-25T14:56:54Z,0224670d32f98caf247dd7d7ffaa6ee6,2026-09-26T16:00:00Z,Pittsburgh Panthers,Bucknell Bison,betrivers,BetRivers,2026-09-25T14:55:36Z,2026-09-25T14:55:36Z,Pittsburgh Panthers,-51.5,-136.0,2026,2026-09-25T14:56:54Z,1063,,,,c9b00767615fa5b7a6dc411f276300a4ef86c7a9f57831378c42d40f04dc9acc,timestamped_live_quote
2026-09-25T14:56:54Z,0224670d32f98caf247dd7d7ffaa6ee6,2026-09-26T16:00:00Z,Pittsburgh Panthers,Bucknell Bison,draftkings,DraftKings,2026-09-25T14:56:40Z,2026-09-25T14:56:40Z,Bucknell Bison,52.5,102.0,2026,2026-09-25T14:56:54Z,1063,,,,c9b00767615fa5b7a6dc411f276300a4ef86c7a9f57831378c42d40f04dc9acc,timestamped_live_quote
2026-09-25T14:56:54Z,0224670d32f98caf247dd7d7ffaa6ee6,2026-09-26T16:00:00Z,Pittsburgh Panthers,Bucknell Bison,draftkings,DraftKings,2026-09-25T14:56:40Z,2026-09-25T14:56:40Z,Pittsburgh Panthers,-52.5,-122.0,2026,2026-09-25T14:56:54Z,1063,,,,c9b00767615fa5b7a6dc411f276300a4ef86c7a9f57831378c42d40f04dc9acc,timestamped_live_quote
2026-09-25T14:56:54Z,0224670d32f98caf247dd7d7ffaa6ee6,2026-09-26T16:00:00Z,Pittsburgh Panthers,Bucknell Bison,lowvig,LowVig.ag,2026-09-25T14:56:25Z,2026-09-25T14:56:25Z,Bucknell Bison,52.5,-101.0,2026,2026-09-25T14:56:54Z,1063,,,,c9b00767615fa5b7a6dc411f276300a4ef86c7a9f57831378c42d40f04dc9acc,timestamped_live_quote
2026-09-25T14:56:54Z,0224670d32f98caf247dd7d7ffaa6ee6,2026-09-26T16:00:00Z,Pittsburgh Panthers,Bucknell Bison,lowvig,LowVig.ag,2026-09-25T14:56:25Z,2026-09-25T14:56:25Z,Pittsburgh Panthers,-52.5,-130.0,2026,2026-09-25T14:56:54Z,1063,,,,c9b00767615fa5b7a6dc411f276300a4ef86c7a9f57831378c42d40f04dc9acc,timestamped_live_quote
2026-09-25T14:56:54Z,0224670d32f98caf247dd7d7ffaa6ee6,2026-09-26T16:00:00Z,Pittsburgh Panthers,Bucknell Bison,betonlineag,BetOnline.ag,2026-09-25T14:56:27Z,2026-09-25T14:56:27Z,Bucknell Bison,52.5,-101.0,2026,2026-09-25T14:56:54Z,1063,,,,c9b00767615fa5b7a6dc411f276300a4ef86c7a9f57831378c42d40f04dc9acc,timestamped_live_quote
2026-09-25T14:56:54Z,0224670d32f98caf247dd7d7ffaa6ee6,2026-09-26T16:00:00Z,Pittsburgh Panthers,Bucknell Bison,betonlineag,BetOnline.ag,2026-09-25T14:56:27Z,2026-09-25T14:56:27Z,Pittsburgh Panthers,-52.5,-130.0,2026,2026-09-25T14:56:54Z,1063,,,,c9b00767615fa5b7a6dc411f276300a4ef86c7a9f57831378c42d40f04dc9acc,timestamped_live_quote
2026-09-25T14:56:54Z,fb1e2c999364a411be347389aec1d827,2026-09-26T16:00:00Z,UTSA Roadrunners,Colorado State Rams,fanduel,FanDuel,2026-09-25T14:56:24Z,2026-09-25T14:56:24Z,Colorado State Rams,13.5,-105.0,2026,2026-09-25T14:56:54Z,1063,,,,c9b00767615fa5b7a6dc411f276300a4ef86c7a9f57831378c42d40f04dc9acc,timestamped_live_quote
2026-09-25T14:56:54Z,fb1e2c999364a411be347389aec1d827,2026-09-26T16:00:00Z,UTSA Roadrunners,Colorado State Rams,fanduel,FanDuel,2026-09-25T14:56:24Z,2026-09-25T14:56:24Z,UTSA Roadrunners,-13.5,-115.0,2026,2026-09-25T14:56:54Z,1063,,,,c9b00767615fa5b7a6dc411f276300a4ef86c7a9f57831378c42d40f04dc9acc,timestamped_live_quote
2026-09-25T14:56:54Z,fb1e2c999364a411be347389aec1d827,2026-09-26T16:00:00Z,UTSA Roadrunners,Colorado State Rams,mybookieag,MyBookie.ag,2026-09-25T14:54:56Z,2026-09-25T14:54:56Z,Colorado State Rams,14.0,-110.0,2026,2026-09-25T14:56:54Z,1063,,,,c9b00767615fa5b7a6dc411f276300a4ef86c7a9f57831378c42d40f04dc9acc,timestamped_live_quote
2026-09-25T14:56:54Z,fb1e2c999364a411be347389aec1d827,2026-09-26T16:00:00Z,UTSA Roadrunners,Colorado State Rams,mybookieag,MyBookie.ag,2026-09-25T14:54:56Z,2026-09-25T14:54:56Z,UTSA Roadrunners,-14.0,-110.0,2026,2026-09-25T14:56:54Z,1063,,,,c9b00767615fa5b7a6dc411f276300a4ef86c7a9f57831378c42d40f04dc9acc,timestamped_live_quote
2026-09-25T14:56:54Z,fb1e2c999364a411be347389aec1d827,2026-09-26T16:00:00Z,UTSA Roadrunners,Colorado State Rams,betrivers,BetRivers,2026-09-25T14:55:36Z,2026-09-25T14:55:36Z,Colorado State Rams,14.0,-113.0,2026,2026-09-25T14:56:54Z,1063,,,,c9b00767615fa5b7a6dc411f276300a4ef86c7a9f57831378c42d40f04dc9acc,timestamped_live_quote
2026-09-25T14:56:54Z,fb1e2c999364a411be347389aec1d827,2026-09-26T16:00:00Z,UTSA Roadrunners,Colorado State Rams,betrivers,BetRivers,2026-09-25T14:55:36Z,2026-09-25T14:55:36Z,UTSA Roadrunners,-14.0,-109.0,2026,2026-09-25T14:56:54Z,1063,,,,c9b00767615fa5b7a6dc411f276300a4ef86c7a9f57831378c42d40f04dc9acc,timestamped_live_quote
2026-09-25T14:56:54Z,fb1e2c999364a411be347389aec1d827,2026-09-26T16:00:00Z,UTSA Roadrunners,Colorado State Rams,draftkings,DraftKings,2026-09-25T14:56:40Z,2026-09-25T14:56:40Z,Colorado State Rams,14.0,-108.0,2026,2026-09-25T14:56:54Z,1063,,,,c9b00767615fa5b7a6dc411f276300a4ef86c7a9f57831378c42d40f04dc9acc,timestamped_live_quote
2026-09-25T14:56:54Z,fb1e2c999364a411be347389aec1d827,2026-09-26T16:00:00Z,UTSA Roadrunners,Colorado State Rams,draftkings,DraftKings,2026-09-25T14:56:40Z,2026-09-25T14:56:40Z,UTSA Roadrunners,-14.0,-112.0,2026,2026-09-25T14:56:54Z,1063,,,,c9b00767615fa5b7a6dc411f276300a4ef86c7a9f57831378c42d40f04dc9acc,timestamped_live_quote
2026-09-25T14:56:54Z,fb1e2c999364a411be347389aec1d827,2026-09-26T16:00:00Z,UTSA Roadrunners,Colorado State Rams,lowvig,LowVig.ag,2026-09-25T14:56:25Z,2026-09-25T14:56:25Z,Colorado State Rams,13.5,108.0,2026,2026-09-25T14:56:54Z,1063,,,,c9b00767615fa5b7a6dc411f276300a4ef86c7a9f57831378c42d40f04dc9acc,timestamped_live_quote
2026-09-25T14:56:54Z,fb1e2c999364a411be347389aec1d827,2026-09-26T16:00:00Z,UTSA Roadrunners,Colorado State Rams,lowvig,LowVig.ag,2026-09-25T14:56:25Z,2026-09-25T14:56:25Z,UTSA Roadrunners,-13.5,-120.0,2026,2026-09-25T14:56:54Z,1063,,,,c9b00767615fa5b7a6dc411f276300a4ef86c7a9f57831378c42d40f04dc9acc,timestamped_live_quote
2026-09-25T14:56:54Z,fb1e2c999364a411be347389aec1d827,2026-09-26T16:00:00Z,UTSA Roadrunners,Colorado State Rams,betonlineag,BetOnline.ag,2026-09-25T14:56:27Z,2026-09-25T14:56:27Z,Colorado State Rams,13.5,108.0,2026,2026-09-25T14:56:54Z,1063,,,,c9b00767615fa5b7a6dc411f276300a4ef86c7a9f57831378c42d40f04dc9acc,timestamped_live_quote
2026-09-25T14:56:54Z,fb1e2c999364a411be347389aec1d827,2026-09-26T16:00:00Z,UTSA Roadrunners,Colorado State Rams,betonlineag,BetOnline.ag,2026-09-25T14:56:27Z,2026-09-25T14:56:27Z,UTSA Roadrunners,-13.5,-128.0,2026,2026-09-25T14:56:54Z,1063,,,,c9b00767615fa5b7a6dc411f276300a4ef86c7a9f57831378c42d40f04dc9acc,timestamped_live_quote
2026-09-25T14:56:54Z,fb1e2c999364a411be347389aec1d827,2026-09-26T16:00:00Z,UTSA Roadrunners,Colorado State Rams,betmgm,BetMGM,2026-09-25T14:56:42Z,2026-09-25T14:56:42Z,Colorado State Rams,14.0,-108.0,2026,2026-09-25T14:56:54Z,1063,,,,c9b00767615fa5b7a6dc411f276300a4ef86c7a9f57831378c42d40f04dc9acc,timestamped_live_quote
2026-09-25T14:56:54Z,fb1e2c999364a411be347389aec1d827,2026-09-26T16:00:00Z,UTSA Roadrunners,Colorado State Rams,betmgm,BetMGM,2026-09-25T14:56:42Z,2026-09-25T14:56:42Z,UTSA Roadrunners,-14.0,-110.0,2026,2026-09-25T14:56:54Z,1063,,,,c9b00767615fa5b7a6dc411f276300a4ef86c7a9f57831378c42d40f04dc9acc,timestamped_live_quote
2026-09-25T14:56:54Z,fb1e2c999364a411be347389aec1d827,2026-09-26T16:00:00Z,UTSA Roadrunners,Colorado State Rams,betus,BetUS,2026-09-25T14:55:47Z,2026-09-25T14:55:47Z,Colorado State Rams,14.0,-110.0,2026,2026-09-25T14:56:54Z,1063,,,,c9b00767615fa5b7a6dc411f276300a4ef86c7a9f57831378c42d40f04dc9acc,timestamped_live_quote
2026-09-25T14:56:54Z,fb1e2c999364a411be347389aec1d827,2026-09-26T16:00:00Z,UTSA Roadrunners,Colorado State Rams,betus,BetUS,2026-09-25T14:55:47Z,2026-09-25T14:55:47Z,UTSA Roadrunners,-14.0,-110.0,2026,2026-09-25T14:56:54Z,1063,,,,c9b00767615fa5b7a6dc411f276300a4ef86c7a9f57831378c42d40f04dc9acc,timestamped_live_quote
2026-09-25T14:56:54Z,fb1e2c999364a411be347389aec1d827,2026-09-26T16:00:00Z,UTSA Roadrunners,Colorado State Rams,bovada,Bovada,2026-09-25T14:55:35Z,2026-09-25T14:55:34Z,Colorado State Rams,14.0,-110.0,2026,2026-09-25T14:56:54Z,1063,,,,c9b00767615fa5b7a6dc411f276300a4ef86c7a9f57831378c42d40f04dc9acc,timestamped_live_quote
2026-09-25T14:56:54Z,fb1e2c999364a411be347389aec1d827,2026-09-26T16:00:00Z,UTSA Roadrunners,Colorado State Rams,bovada,Bovada,2026-09-25T14:55:35Z,2026-09-25T14:55:34Z,UTSA Roadrunners,-14.0,-110.0,2026,2026-09-25T14:56:54Z,1063,,,,c9b00767615fa5b7a6dc411f276300a4ef86c7a9f57831378c42d40f04dc9acc,timestamped_live_quote
2026-09-25T14:56:54Z,6de44361bd6b6afc20b9bbefcc219f2a,2026-09-26T16:00:00Z,Ohio State Buckeyes,Illinois Fighting Illini,fanduel,FanDuel,2026-09-25T14:56:24Z,2026-09-25T14:56:24Z,Illinois Fighting Illini,27.5,-115.0,2026,2026-09-25T14:56:54Z,1063,,,,c9b00767615fa5b7a6dc411f276300a4ef86c7a9f57831378c42d40f04dc9acc,timestamped_live_quote
2026-09-25T14:56:54Z,6de44361bd6b6afc20b9bbefcc219f2a,2026-09-26T16:00:00Z,Ohio State Buckeyes,Illinois Fighting Illini,fanduel,FanDuel,2026-09-25T14:56:24Z,2026-09-25T14:56:24Z,Ohio State Buckeyes,-27.5,-105.0,2026,2026-09-25T14:56:54Z,1063,,,,c9b00767615fa5b7a6dc411f276300a4ef86c7a9f57831378c42d40f04dc9acc,timestamped_live_quote
2026-09-25T14:56:54Z,6de44361bd6b6afc20b9bbefcc219f2a,2026-09-26T16:00:00Z,Ohio State Buckeyes,Illinois Fighting Illini,draftkings,DraftKings,2026-09-25T14:56:40Z,2026-09-25T14:56:40Z,Illinois Fighting Illini,27.5,-115.0,2026,2026-09-25T14:56:54Z,1063,,,,c9b00767615fa5b7a6dc411f276300a4ef86c7a9f57831378c42d40f04dc9acc,timestamped_live_quote
2026-09-25T14:56:54Z,6de44361bd6b6afc20b9bbefcc219f2a,2026-09-26T16:00:00Z,Ohio State Buckeyes,Illinois Fighting Illini,draftkings,DraftKings,2026-09-25T14:56:40Z,2026-09-25T14:56:40Z,Ohio State Buckeyes,-27.5,-105.0,2026,2026-09-25T14:56:54Z,1063,,,,c9b00767615fa5b7a6dc411f276300a4ef86c7a9f57831378c42d40f04dc9acc,timestamped_live_quote
2026-09-25T14:56:54Z,6de44361bd6b6afc20b9bbefcc219f2a,2026-09-26T16:00:00Z,Ohio State Buckeyes,Illinois Fighting Illini,betrivers,BetRivers,2026-09-25T14:55:36Z,2026-09-25T14:55:36Z,Illinois Fighting Illini,27.5,-113.0,2026,2026-09-25T14:56:54Z,1063,,,,c9b00767615fa5b7a6dc411f276300a4ef86c7a9f57831378c42d40f04dc9acc,timestamped_live_quote
2026-09-25T14:56:54Z,6de44361bd6b6afc20b9bbefcc219f2a,2026-09-26T16:00:00Z,Ohio State Buckeyes,Illinois Fighting Illini,betrivers,BetRivers,2026-09-25T14:55:36Z,2026-09-25T14:55:36Z,Ohio State Buckeyes,-27.5,-110.0,2026,2026-09-25T14:56:54Z,1063,,,,c9b00767615fa5b7a6dc411f276300a4ef86c7a9f57831378c42d40f04dc9acc,timestamped_live_quote
2026-09-25T14:56:54Z,6de44361bd6b6afc20b9bbefcc219f2a,2026-09-26T16:00:00Z,Ohio State Buckeyes,Illinois Fighting Illini,betmgm,BetMGM,2026-09-25T14:56:42Z,2026-09-25T14:56:42Z,Illinois Fighting Illini,27.0,-108.0,2026,2026-09-25T14:56:54Z,1063,,,,c9b00767615fa5b7a6dc411f276300a4ef86c7a9f57831378c42d40f04dc9acc,timestamped_live_quote
2026-09-25T14:56:54Z,6de44361bd6b6afc20b9bbefcc219f2a,2026-09-26T16:00:00Z,Ohio State Buckeyes,Illinois Fighting Illini,betmgm,BetMGM,2026-09-25T14:56:42Z,2026-09-25T14:56:42Z,Ohio State Buckeyes,-27.0,-110.0,2026,2026-09-25T14:56:54Z,1063,,,,c9b00767615fa5b7a6dc411f276300a4ef86c7a9f57831378c42d40f04dc9acc,timestamped_live_quote
2026-09-25T14:56:54Z,6de44361bd6b6afc20b9bbefcc219f2a,2026-09-26T16:00:00Z,Ohio State Buckeyes,Illinois Fighting Illini,mybookieag,MyBookie.ag,2026-09-25T14:54:56Z,2026-09-25T14:54:56Z,Illinois Fighting Illini,27.0,-110.0,2026,2026-09-25T14:56:54Z,1063,,,,c9b00767615fa5b7a6dc411f276300a4ef86c7a9f57831378c42d40f04dc9acc,timestamped_live_quote
2026-09-25T14:56:54Z,6de44361bd6b6afc20b9bbefcc219f2a,2026-09-26T16:00:00Z,Ohio State Buckeyes,Illinois Fighting Illini,mybookieag,MyBookie.ag,2026-09-25T14:54:56Z,2026-09-25T14:54:56Z,Ohio State Buckeyes,-27.0,-110.0,2026,2026-09-25T14:56:54Z,1063,,,,c9b00767615fa5b7a6dc411f276300a4ef86c7a9f57831378c42d40f04dc9acc,timestamped_live_quote
2026-09-25T14:56:54Z,6de44361bd6b6afc20b9bbefcc219f2a,2026-09-26T16:00:00Z,Ohio State Buckeyes,Illinois Fighting Illini,betonlineag,BetOnline.ag,2026-09-25T14:56:27Z,2026-09-25T14:56:27Z,Illinois Fighting Illini,27.0,-109.0,2026,2026-09-25T14:56:54Z,1063,,,,c9b00767615fa5b7a6dc411f276300a4ef86c7a9f57831378c42d40f04dc9acc,timestamped_live_quote
2026-09-25T14:56:54Z,6de44361bd6b6afc20b9bbefcc219f2a,2026-09-26T16:00:00Z,Ohio State Buckeyes,Illinois Fighting Illini,betonlineag,BetOnline.ag,2026-09-25T14:56:27Z,2026-09-25T14:56:27Z,Ohio State Buckeyes,-27.0,-111.0,2026,2026-09-25T14:56:54Z,1063,,,,c9b00767615fa5b7a6dc411f276300a4ef86c7a9f57831378c42d40f04dc9acc,timestamped_live_quote
2026-09-25T14:56:54Z,6de44361bd6b6afc20b9bbefcc219f2a,2026-09-26T16:00:00Z,Ohio State Buckeyes,Illinois Fighting Illini,lowvig,LowVig.ag,2026-09-25T14:56:25Z,2026-09-25T14:56:25Z,Illinois Fighting Illini,27.0,-105.0,2026,2026-09-25T14:56:54Z,1063,,,,c9b00767615fa5b7a6dc411f276300a4ef86c7a9f57831378c42d40f04dc9acc,timestamped_live_quote
2026-09-25T14:56:54Z,6de44361bd6b6afc20b9bbefcc219f2a,2026-09-26T16:00:00Z,Ohio State Buckeyes,Illinois Fighting Illini,lowvig,LowVig.ag,2026-09-25T14:56:25Z,2026-09-25T14:56:25Z,Ohio State Buckeyes,-27.0,-107.0,2026,2026-09-25T14:56:54Z,1063,,,,c9b00767615fa5b7a6dc411f276300a4ef86c7a9f57831378c42d40f04dc9acc,timestamped_live_quote
2026-09-25T14:56:54Z,6de44361bd6b6afc20b9bbefcc219f2a,2026-09-26T16:00:00Z,Ohio State Buckeyes,Illinois Fighting Illini,betus,BetUS,2026-09-25T14:55:47Z,2026-09-25T14:55:47Z,Illinois Fighting Illini,27.0,-110.0,2026,2026-09-25T14:56:54Z,1063,,,,c9b00767615fa5b7a6dc411f276300a4ef86c7a9f57831378c42d40f04dc9acc,timestamped_live_quote
2026-09-25T14:56:54Z,6de44361bd6b6afc20b9bbefcc219f2a,2026-09-26T16:00:00Z,Ohio State Buckeyes,Illinois Fighting Illini,betus,BetUS,2026-09-25T14:55:47Z,2026-09-25T14:55:47Z,Ohio State Buckeyes,-27.0,-110.0,2026,2026-09-25T14:56:54Z,1063,,,,c9b00767615fa5b7a6dc411f276300a4ef86c7a9f57831378c42d40f04dc9acc,timestamped_live_quote
2026-09-25T14:56:54Z,6de44361bd6b6afc20b9bbefcc219f2a,2026-09-26T16:00:00Z,Ohio State Buckeyes,Illinois Fighting Illini,bovada,Bovada,2026-09-25T14:55:35Z,2026-09-25T14:55:34Z,Illinois Fighting Illini,27.0,-110.0,2026,2026-09-25T14:56:54Z,1063,,,,c9b00767615fa5b7a6dc411f276300a4ef86c7a9f57831378c42d40f04dc9acc,timestamped_live_quote
2026-09-25T14:56:54Z,6de44361bd6b6afc20b9bbefcc219f2a,2026-09-26T16:00:00Z,Ohio State Buckeyes,Illinois Fighting Illini,bovada,Bovada,2026-09-25T14:55:35Z,2026-09-25T14:55:34Z,Ohio State Buckeyes,-27.0,-110.0,2026,2026-09-25T14:56:54Z,1063,,,,c9b00767615fa5b7a6dc411f276300a4ef86c7a9f57831378c42d40f04dc9acc,timestamped_live_quote
2026-09-25T14:56:54Z,f6b6590d0b66bbb4fcbb391289794963,2026-09-26T16:00:00Z,Louisville Cardinals,Wake Forest Demon Deacons,draftkings,DraftKings,2026-09-25T14:56:40Z,2026-09-25T14:56:40Z,Louisville Cardinals,-13.5,-112.0,2026,2026-09-25T14:56:54Z,1063,,,,c9b00767615fa5b7a6dc411f276300a4ef86c7a9f57831378c42d40f04dc9acc,timestamped_live_quote
2026-09-25T14:56:54Z,f6b6590d0b66bbb4fcbb391289794963,2026-09-26T16:00:00Z,Louisville Cardinals,Wake Forest Demon Deacons,draftkings,DraftKings,2026-09-25T14:56:40Z,2026-09-25T14:56:40Z,Wake Forest Demon Deacons,13.5,-108.0,2026,2026-09-25T14:56:54Z,1063,,,,c9b00767615fa5b7a6dc411f276300a4ef86c7a9f57831378c42d40f04dc9acc,timestamped_live_quote
2026-09-25T14:56:54Z,f6b6590d0b66bbb4fcbb391289794963,2026-09-26T16:00:00Z,Louisville Cardinals,Wake Forest Demon Deacons,mybookieag,MyBookie.ag,2026-09-25T14:54:56Z,2026-09-25T14:54:56Z,Louisville Cardinals,-13.5,-110.0,2026,2026-09-25T14:56:54Z,1063,,,,c9b00767615fa5b7a6dc411f276300a4ef86c7a9f57831378c42d40f04dc9acc,timestamped_live_quote
2026-09-25T14:56:54Z,f6b6590d0b66bbb4fcbb391289794963,2026-09-26T16:00:00Z,Louisville Cardinals,Wake Forest Demon Deacons,mybookieag,MyBookie.ag,2026-09-25T14:54:56Z,2026-09-25T14:54:56Z,Wake Forest Demon Deacons,13.5,-110.0,2026,2026-09-25T14:56:54Z,1063,,,,c9b00767615fa5b7a6dc411f276300a4ef86c7a9f57831378c42d40f04dc9acc,timestamped_live_quote
2026-09-25T14:56:54Z,f6b6590d0b66bbb4fcbb391289794963,2026-09-26T16:00:00Z,Louisville Cardinals,Wake Forest Demon Deacons,betrivers,BetRivers,2026-09-25T14:55:36Z,2026-09-25T14:55:36Z,Louisville Cardinals,-13.5,-113.0,2026,2026-09-25T14:56:54Z,1063,,,,c9b00767615fa5b7a6dc411f276300a4ef86c7a9f57831378c42d40f04dc9acc,timestamped_live_quote
2026-09-25T14:56:54Z,f6b6590d0b66bbb4fcbb391289794963,2026-09-26T16:00:00Z,Louisville Cardinals,Wake Forest Demon Deacons,betrivers,BetRivers,2026-09-25T14:55:36Z,2026-09-25T14:55:36Z,Wake Forest Demon Deacons,13.5,-110.0,2026,2026-09-25T14:56:54Z,1063,,,,c9b00767615fa5b7a6dc411f276300a4ef86c7a9f57831378c42d40f04dc9acc,timestamped_live_quote
2026-09-25T14:56:54Z,f6b6590d0b66bbb4fcbb391289794963,2026-09-26T16:00:00Z,Louisville Cardinals,Wake Forest Demon Deacons,fanduel,FanDuel,2026-09-25T14:56:24Z,2026-09-25T14:56:24Z,Louisville Cardinals,-13.5,-115.0,2026,2026-09-25T14:56:54Z,1063,,,,c9b00767615fa5b7a6dc411f276300a4ef86c7a9f57831378c42d40f04dc9acc,timestamped_live_quote
2026-09-25T14:56:54Z,f6b6590d0b66bbb4fcbb391289794963,2026-09-26T16:00:00Z,Louisville Cardinals,Wake Forest Demon Deacons,fanduel,FanDuel,2026-09-25T14:56:24Z,2026-09-25T14:56:24Z,Wake Forest Demon Deacons,13.5,-105.0,2026,2026-09-25T14:56:54Z,1063,,,,c9b00767615fa5b7a6dc411f276300a4ef86c7a9f57831378c42d40f04dc9acc,timestamped_live_quote
2026-09-25T14:56:54Z,f6b6590d0b66bbb4fcbb391289794963,2026-09-26T16:00:00Z,Louisville Cardinals,Wake Forest Demon Deacons,betonlineag,BetOnline.ag,2026-09-25T14:56:27Z,2026-09-25T14:56:27Z,Louisville Cardinals,-14.0,100.0,2026,2026-09-25T14:56:54Z,1063,,,,c9b00767615fa5b7a6dc411f276300a4ef86c7a9f57831378c42d40f04dc9acc,timestamped_live_quote
2026-09-25T14:56:54Z,f6b6590d0b66bbb4fcbb391289794963,2026-09-26T16:00:00Z,Louisville Cardinals,Wake Forest Demon Deacons,betonlineag,BetOnline.ag,2026-09-25T14:56:27Z,2026-09-25T14:56:27Z,Wake Forest Demon Deacons,14.0,-120.0,2026,2026-09-25T14:56:54Z,1063,,,,c9b00767615fa5b7a6dc411f276300a4ef86c7a9f57831378c42d40f04dc9acc,timestamped_live_quote
2026-09-25T14:56:54Z,f6b6590d0b66bbb4fcbb391289794963,2026-09-26T16:00:00Z,Louisville Cardinals,Wake Forest Demon Deacons,lowvig,LowVig.ag,2026-09-25T14:56:25Z,2026-09-25T14:56:25Z,Louisville Cardinals,-14.0,104.0,2026,2026-09-25T14:56:54Z,1063,,,,c9b00767615fa5b7a6dc411f276300a4ef86c7a9f57831378c42d40f04dc9acc,timestamped_live_quote
2026-09-25T14:56:54Z,f6b6590d0b66bbb4fcbb391289794963,2026-09-26T16:00:00Z,Louisville Cardinals,Wake Forest Demon Deacons,lowvig,LowVig.ag,2026-09-25T14:56:25Z,2026-09-25T14:56:25Z,Wake Forest Demon Deacons,14.0,-116.0,2026,2026-09-25T14:56:54Z,1063,,,,c9b00767615fa5b7a6dc411f276300a4ef86c7a9f57831378c42d40f04dc9acc,timestamped_live_quote
2026-09-25T14:56:54Z,f6b6590d0b66bbb4fcbb391289794963,2026-09-26T16:00:00Z,Louisville Cardinals,Wake Forest Demon Deacons,betus,BetUS,2026-09-25T14:55:47Z,2026-09-25T14:55:47Z,Louisville Cardinals,-13.5,-110.0,2026,2026-09-25T14:56:54Z,1063,,,,c9b00767615fa5b7a6dc411f276300a4ef86c7a9f57831378c42d40f04dc9acc,timestamped_live_quote
2026-09-25T14:56:54Z,f6b6590d0b66bbb4fcbb391289794963,2026-09-26T16:00:00Z,Louisville Cardinals,Wake Forest Demon Deacons,betus,BetUS,2026-09-25T14:55:47Z,2026-09-25T14:55:47Z,Wake Forest Demon Deacons,13.5,-110.0,2026,2026-09-25T14:56:54Z,1063,,,,c9b00767615fa5b7a6dc411f276300a4ef86c7a9f57831378c42d40f04dc9acc,timestamped_live_quote
2026-09-25T14:56:54Z,f6b6590d0b66bbb4fcbb391289794963,2026-09-26T16:00:00Z,Louisville Cardinals,Wake Forest Demon Deacons,betmgm,BetMGM,2026-09-25T14:56:42Z,2026-09-25T14:56:42Z,Louisville Cardinals,-13.5,-110.0,2026,2026-09-25T14:56:54Z,1063,,,,c9b00767615fa5b7a6dc411f276300a4ef86c7a9f57831378c42d40f04dc9acc,timestamped_live_quote
2026-09-25T14:56:54Z,f6b6590d0b66bbb4fcbb391289794963,2026-09-26T16:00:00Z,Louisville Cardinals,Wake Forest Demon Deacons,betmgm,BetMGM,2026-09-25T14:56:42Z,2026-09-25T14:56:42Z,Wake Forest Demon Deacons,13.5,-108.0,2026,2026-09-25T14:56:54Z,1063,,,,c9b00767615fa5b7a6dc411f276300a4ef86c7a9f57831378c42d40f04dc9acc,timestamped_live_quote
2026-09-25T14:56:54Z,f6b6590d0b66bbb4fcbb391289794963,2026-09-26T16:00:00Z,Louisville Cardinals,Wake Forest Demon Deacons,bovada,Bovada,2026-09-25T14:55:35Z,2026-09-25T14:55:35Z,Louisville Cardinals,-13.5,-110.0,2026,2026-09-25T14:56:54Z,1063,,,,c9b00767615fa5b7a6dc411f276300a4ef86c7a9f57831378c42d40f04dc9acc,timestamped_live_quote
2026-09-25T14:56:54Z,f6b6590d0b66bbb4fcbb391289794963,2026-09-26T16:00:00Z,Louisville Cardinals,Wake Forest Demon Deacons,bovada,Bovada,2026-09-25T14:55:35Z,2026-09-25T14:55:35Z,Wake Forest Demon Deacons,13.5,-110.0,2026,2026-09-25T14:56:54Z,1063,,,,c9b00767615fa5b7a6dc411f276300a4ef86c7a9f57831378c42d40f04dc9acc,timestamped_live_quote
2026-09-25T14:56:54Z,5c60d6ce348eae3327bc83534dd7522b,2026-09-26T16:00:00Z,Texas Tech Red Raiders,Sam Houston State Bearkats,fanduel,FanDuel,2026-09-25T14:56:24Z,2026-09-25T14:56:24Z,Sam Houston State Bearkats,34.5,-110.0,2026,2026-09-25T14:56:54Z,1063,,,,c9b00767615fa5b7a6dc411f276300a4ef86c7a9f57831378c42d40f04dc9acc,timestamped_live_quote
2026-09-25T14:56:54Z,5c60d6ce348eae3327bc83534dd7522b,2026-09-26T16:00:00Z,Texas Tech Red Raiders,Sam Houston State Bearkats,fanduel,FanDuel,2026-09-25T14:56:24Z,2026-09-25T14:56:24Z,Texas Tech Red Raiders,-34.5,-110.0,2026,2026-09-25T14:56:54Z,1063,,,,c9b00767615fa5b7a6dc411f276300a4ef86c7a9f57831378c42d40f04dc9acc,timestamped_live_quote
2026-09-25T14:56:54Z,5c60d6ce348eae3327bc83534dd7522b,2026-09-26T16:00:00Z,Texas Tech Red Raiders,Sam Houston State Bearkats,betrivers,BetRivers,2026-09-25T14:55:36Z,2026-09-25T14:55:36Z,Sam Houston State Bearkats,34.5,-110.0,2026,2026-09-25T14:56:54Z,1063,,,,c9b00767615fa5b7a6dc411f276300a4ef86c7a9f57831378c42d40f04dc9acc,timestamped_live_quote
2026-09-25T14:56:54Z,5c60d6ce348eae3327bc83534dd7522b,2026-09-26T16:00:00Z,Texas Tech Red Raiders,Sam Houston State Bearkats,betrivers,BetRivers,2026-09-25T14:55:36Z,2026-09-25T14:55:36Z,Texas Tech Red Raiders,-34.5,-113.0,2026,2026-09-25T14:56:54Z,1063,,,,c9b00767615fa5b7a6dc411f276300a4ef86c7a9f57831378c42d40f04dc9acc,timestamped_live_quote
2026-09-25T14:56:54Z,5c60d6ce348eae3327bc83534dd7522b,2026-09-26T16:00:00Z,Texas Tech Red Raiders,Sam Houston State Bearkats,draftkings,DraftKings,2026-09-25T14:56:40Z,2026-09-25T14:56:40Z,Sam Houston State Bearkats,34.5,-112.0,2026,2026-09-25T14:56:54Z,1063,,,,c9b00767615fa5b7a6dc411f276300a4ef86c7a9f57831378c42d40f04dc9acc,timestamped_live_quote
2026-09-25T14:56:54Z,5c60d6ce348eae3327bc83534dd7522b,2026-09-26T16:00:00Z,Texas Tech Red Raiders,Sam Houston State Bearkats,draftkings,DraftKings,2026-09-25T14:56:40Z,2026-09-25T14:56:40Z,Texas Tech Red Raiders,-34.5,-108.0,2026,2026-09-25T14:56:54Z,1063,,,,c9b00767615fa5b7a6dc411f276300a4ef86c7a9f57831378c42d40f04dc9acc,timestamped_live_quote
2026-09-25T14:56:54Z,5c60d6ce348eae3327bc83534dd7522b,2026-09-26T16:00:00Z,Texas Tech Red Raiders,Sam Houston State Bearkats,betonlineag,BetOnline.ag,2026-09-25T14:56:27Z,2026-09-25T14:56:27Z,Sam Houston State Bearkats,34.0,-111.0,2026,2026-09-25T14:56:54Z,1063,,,,c9b00767615fa5b7a6dc411f276300a4ef86c7a9f57831378c42d40f04dc9acc,timestamped_live_quote
2026-09-25T14:56:54Z,5c60d6ce348eae3327bc83534dd7522b,2026-09-26T16:00:00Z,Texas Tech Red Raiders,Sam Houston State Bearkats,betonlineag,BetOnline.ag,2026-09-25T14:56:27Z,2026-09-25T14:56:27Z,Texas Tech Red Raiders,-34.0,-109.0,2026,2026-09-25T14:56:54Z,1063,,,,c9b00767615fa5b7a6dc411f276300a4ef86c7a9f57831378c42d40f04dc9acc,timestamped_live_quote
2026-09-25T14:56:54Z,5c60d6ce348eae3327bc83534dd7522b,2026-09-26T16:00:00Z,Texas Tech Red Raiders,Sam Houston State Bearkats,lowvig,LowVig.ag,2026-09-25T14:56:25Z,2026-09-25T14:56:25Z,Sam Houston State Bearkats,34.0,-106.0,2026,2026-09-25T14:56:54Z,1063,,,,c9b00767615fa5b7a6dc411f276300a4ef86c7a9f57831378c42d40f04dc9acc,timestamped_live_quote
2026-09-25T14:56:54Z,5c60d6ce348eae3327bc83534dd7522b,2026-09-26T16:00:00Z,Texas Tech Red Raiders,Sam Houston State Bearkats,lowvig,LowVig.ag,2026-09-25T14:56:25Z,2026-09-25T14:56:25Z,Texas Tech Red Raiders,-34.0,-106.0,2026,2026-09-25T14:56:54Z,1063,,,,c9b00767615fa5b7a6dc411f276300a4ef86c7a9f57831378c42d40f04dc9acc,timestamped_live_quote
2026-09-25T14:56:54Z,5c60d6ce348eae3327bc83534dd7522b,2026-09-26T16:00:00Z,Texas Tech Red Raiders,Sam Houston State Bearkats,betus,BetUS,2026-09-25T14:55:47Z,2026-09-25T14:55:47Z,Sam Houston State Bearkats,34.0,-110.0,2026,2026-09-25T14:56:54Z,1063,,,,c9b00767615fa5b7a6dc411f276300a4ef86c7a9f57831378c42d40f04dc9acc,timestamped_live_quote
2026-09-25T14:56:54Z,5c60d6ce348eae3327bc83534dd7522b,2026-09-26T16:00:00Z,Texas Tech Red Raiders,Sam Houston State Bearkats,betus,BetUS,2026-09-25T14:55:47Z,2026-09-25T14:55:47Z,Texas Tech Red Raiders,-34.0,-110.0,2026,2026-09-25T14:56:54Z,1063,,,,c9b00767615fa5b7a6dc411f276300a4ef86c7a9f57831378c42d40f04dc9acc,timestamped_live_quote
2026-09-25T14:56:54Z,5c60d6ce348eae3327bc83534dd7522b,2026-09-26T16:00:00Z,Texas Tech Red Raiders,Sam Houston State Bearkats,betmgm,BetMGM,2026-09-25T14:56:42Z,2026-09-25T14:56:42Z,Sam Houston State Bearkats,34.5,-118.0,2026,2026-09-25T14:56:54Z,1063,,,,c9b00767615fa5b7a6dc411f276300a4ef86c7a9f57831378c42d40f04dc9acc,timestamped_live_quote
2026-09-25T14:56:54Z,5c60d6ce348eae3327bc83534dd7522b,2026-09-26T16:00:00Z,Texas Tech Red Raiders,Sam Houston State Bearkats,betmgm,BetMGM,2026-09-25T14:56:42Z,2026-09-25T14:56:42Z,Texas Tech Red Raiders,-34.5,-112.0,2026,2026-09-25T14:56:54Z,1063,,,,c9b00767615fa5b7a6dc411f276300a4ef86c7a9f57831378c42d40f04dc9acc,timestamped_live_quote
2026-09-25T14:56:54Z,5c60d6ce348eae3327bc83534dd7522b,2026-09-26T16:00:00Z,Texas Tech Red Raiders,Sam Houston State Bearkats,bovada,Bovada,2026-09-25T14:55:35Z,2026-09-25T14:55:34Z,Sam Houston State Bearkats,34.5,-110.0,2026,2026-09-25T14:56:54Z,1063,,,,c9b00767615fa5b7a6dc411f276300a4ef86c7a9f57831378c42d40f04dc9acc,timestamped_live_quote
2026-09-25T14:56:54Z,5c60d6ce348eae3327bc83534dd7522b,2026-09-26T16:00:00Z,Texas Tech Red Raiders,Sam Houston State Bearkats,bovada,Bovada,2026-09-25T14:55:35Z,2026-09-25T14:55:34Z,Texas Tech Red Raiders,-34.5,-110.0,2026,2026-09-25T14:56:54Z,1063,,,,c9b00767615fa5b7a6dc411f276300a4ef86c7a9f57831378c42d40f04dc9acc,timestamped_live_quote
2026-09-25T14:56:54Z,e257aae5483bbfc89e2c570fc9304e1c,2026-09-26T16:00:00Z,Toledo Rockets,San Diego State Aztecs,fanduel,FanDuel,2026-09-25T14:56:24Z,2026-09-25T14:56:24Z,San Diego State Aztecs,2.5,100.0,2026,2026-09-25T14:56:54Z,1063,,,,c9b00767615fa5b7a6dc411f276300a4ef86c7a9f57831378c42d40f04dc9acc,timestamped_live_quote
2026-09-25T14:56:54Z,e257aae5483bbfc89e2c570fc9304e1c,2026-09-26T16:00:00Z,Toledo Rockets,San Diego State Aztecs,fanduel,FanDuel,2026-09-25T14:56:24Z,2026-09-25T14:56:24Z,Toledo Rockets,-2.5,-122.0,2026,2026-09-25T14:56:54Z,1063,,,,c9b00767615fa5b7a6dc411f276300a4ef86c7a9f57831378c42d40f04dc9acc,timestamped_live_quote
2026-09-25T14:56:54Z,e257aae5483bbfc89e2c570fc9304e1c,2026-09-26T16:00:00Z,Toledo Rockets,San Diego State Aztecs,mybookieag,MyBookie.ag,2026-09-25T14:54:56Z,2026-09-25T14:54:56Z,San Diego State Aztecs,3.0,-110.0,2026,2026-09-25T14:56:54Z,1063,,,,c9b00767615fa5b7a6dc411f276300a4ef86c7a9f57831378c42d40f04dc9acc,timestamped_live_quote
2026-09-25T14:56:54Z,e257aae5483bbfc89e2c570fc9304e1c,2026-09-26T16:00:00Z,Toledo Rockets,San Diego State Aztecs,mybookieag,MyBookie.ag,2026-09-25T14:54:56Z,2026-09-25T14:54:56Z,Toledo Rockets,-3.0,-110.0,2026,2026-09-25T14:56:54Z,1063,,,,c9b00767615fa5b7a6dc411f276300a4ef86c7a9f57831378c42d40f04dc9acc,timestamped_live_quote
2026-09-25T14:56:54Z,e257aae5483bbfc89e2c570fc9304e1c,2026-09-26T16:00:00Z,Toledo Rockets,San Diego State Aztecs,betrivers,BetRivers,2026-09-25T14:55:36Z,2026-09-25T14:55:36Z,San Diego State Aztecs,3.0,-112.0,2026,2026-09-25T14:56:54Z,1063,,,,c9b00767615fa5b7a6dc411f276300a4ef86c7a9f57831378c42d40f04dc9acc,timestamped_live_quote
2026-09-25T14:56:54Z,e257aae5483bbfc89e2c570fc9304e1c,2026-09-26T16:00:00Z,Toledo Rockets,San Diego State Aztecs,betrivers,BetRivers,2026-09-25T14:55:36Z,2026-09-25T14:55:36Z,Toledo Rockets,-3.0,-112.0,2026,2026-09-25T14:56:54Z,1063,,,,c9b00767615fa5b7a6dc411f276300a4ef86c7a9f57831378c42d40f04dc9acc,timestamped_live_quote
2026-09-25T14:56:54Z,e257aae5483bbfc89e2c570fc9304e1c,2026-09-26T16:00:00Z,Toledo Rockets,San Diego State Aztecs,draftkings,DraftKings,2026-09-25T14:56:40Z,2026-09-25T14:56:40Z,San Diego State Aztecs,3.0,-115.0,2026,2026-09-25T14:56:54Z,1063,,,,c9b00767615fa5b7a6dc411f276300a4ef86c7a9f57831378c42d40f04dc9acc,timestamped_live_quote
2026-09-25T14:56:54Z,e257aae5483bbfc89e2c570fc9304e1c,2026-09-26T16:00:00Z,Toledo Rockets,San Diego State Aztecs,draftkings,DraftKings,2026-09-25T14:56:40Z,2026-09-25T14:56:40Z,Toledo Rockets,-3.0,-105.0,2026,2026-09-25T14:56:54Z,1063,,,,c9b00767615fa5b7a6dc411f276300a4ef86c7a9f57831378c42d40f04dc9acc,timestamped_live_quote
2026-09-25T14:56:54Z,e257aae5483bbfc89e2c570fc9304e1c,2026-09-26T16:00:00Z,Toledo Rockets,San Diego State Aztecs,lowvig,LowVig.ag,2026-09-25T14:56:25Z,2026-09-25T14:56:25Z,San Diego State Aztecs,3.0,-106.0,2026,2026-09-25T14:56:54Z,1063,,,,c9b00767615fa5b7a6dc411f276300a4ef86c7a9f57831378c42d40f04dc9acc,timestamped_live_quote
2026-09-25T14:56:54Z,e257aae5483bbfc89e2c570fc9304e1c,2026-09-26T16:00:00Z,Toledo Rockets,San Diego State Aztecs,lowvig,LowVig.ag,2026-09-25T14:56:25Z,2026-09-25T14:56:25Z,Toledo Rockets,-3.0,-106.0,2026,2026-09-25T14:56:54Z,1063,,,,c9b00767615fa5b7a6dc411f276300a4ef86c7a9f57831378c42d40f04dc9acc,timestamped_live_quote
2026-09-25T14:56:54Z,e257aae5483bbfc89e2c570fc9304e1c,2026-09-26T16:00:00Z,Toledo Rockets,San Diego State Aztecs,betonlineag,BetOnline.ag,2026-09-25T14:56:27Z,2026-09-25T14:56:27Z,San Diego State Aztecs,3.0,-117.0,2026,2026-09-25T14:56:54Z,1063,,,,c9b00767615fa5b7a6dc411f276300a4ef86c7a9f57831378c42d40f04dc9acc,timestamped_live_quote
2026-09-25T14:56:54Z,e257aae5483bbfc89e2c570fc9304e1c,2026-09-26T16:00:00Z,Toledo Rockets,San Diego State Aztecs,betonlineag,BetOnline.ag,2026-09-25T14:56:27Z,2026-09-25T14:56:27Z,Toledo Rockets,-3.0,-103.0,2026,2026-09-25T14:56:54Z,1063,,,,c9b00767615fa5b7a6dc411f276300a4ef86c7a9f57831378c42d40f04dc9acc,timestamped_live_quote
2026-09-25T14:56:54Z,e257aae5483bbfc89e2c570fc9304e1c,2026-09-26T16:00:00Z,Toledo Rockets,San Diego State Aztecs,betus,BetUS,2026-09-25T14:55:47Z,2026-09-25T14:55:47Z,San Diego State Aztecs,3.0,-115.0,2026,2026-09-25T14:56:54Z,1063,,,,c9b00767615fa5b7a6dc411f276300a4ef86c7a9f57831378c42d40f04dc9acc,timestamped_live_quote
2026-09-25T14:56:54Z,e257aae5483bbfc89e2c570fc9304e1c,2026-09-26T16:00:00Z,Toledo Rockets,San Diego State Aztecs,betus,BetUS,2026-09-25T14:55:47Z,2026-09-25T14:55:47Z,Toledo Rockets,-3.0,-105.0,2026,2026-09-25T14:56:54Z,1063,,,,c9b00767615fa5b7a6dc411f276300a4ef86c7a9f57831378c42d40f04dc9acc,timestamped_live_quote
2026-09-25T14:56:54Z,e257aae5483bbfc89e2c570fc9304e1c,2026-09-26T16:00:00Z,Toledo Rockets,San Diego State Aztecs,betmgm,BetMGM,2026-09-25T14:56:42Z,2026-09-25T14:56:42Z,San Diego State Aztecs,3.0,-115.0,2026,2026-09-25T14:56:54Z,1063,,,,c9b00767615fa5b7a6dc411f276300a4ef86c7a9f57831378c42d40f04dc9acc,timestamped_live_quote
2026-09-25T14:56:54Z,e257aae5483bbfc89e2c570fc9304e1c,2026-09-26T16:00:00Z,Toledo Rockets,San Diego State Aztecs,betmgm,BetMGM,2026-09-25T14:56:42Z,2026-09-25T14:56:42Z,Toledo Rockets,-3.0,-102.0,2026,2026-09-25T14:56:54Z,1063,,,,c9b00767615fa5b7a6dc411f276300a4ef86c7a9f57831378c42d40f04dc9acc,timestamped_live_quote
2026-09-25T14:56:54Z,e257aae5483bbfc89e2c570fc9304e1c,2026-09-26T16:00:00Z,Toledo Rockets,San Diego State Aztecs,bovada,Bovada,2026-09-25T14:55:35Z,2026-09-25T14:55:34Z,San Diego State Aztecs,3.0,-115.0,2026,2026-09-25T14:56:54Z,1063,,,,c9b00767615fa5b7a6dc411f276300a4ef86c7a9f57831378c42d40f04dc9acc,timestamped_live_quote
2026-09-25T14:56:54Z,e257aae5483bbfc89e2c570fc9304e1c,2026-09-26T16:00:00Z,Toledo Rockets,San Diego State Aztecs,bovada,Bovada,2026-09-25T14:55:35Z,2026-09-25T14:55:34Z,Toledo Rockets,-3.0,-105.0,2026,2026-09-25T14:56:54Z,1063,,,,c9b00767615fa5b7a6dc411f276300a4ef86c7a9f57831378c42d40f04dc9acc,timestamped_live_quote
2026-09-25T14:56:54Z,69b1a0ff5fb2c67c6627b5c8cf8368cb,2026-09-26T16:00:00Z,Tennessee Volunteers,Texas Longhorns,draftkings,DraftKings,2026-09-25T14:56:40Z,2026-09-25T14:56:40Z,Tennessee Volunteers,4.5,-105.0,2026,2026-09-25T14:56:54Z,1063,,,,c9b00767615fa5b7a6dc411f276300a4ef86c7a9f57831378c42d40f04dc9acc,timestamped_live_quote
2026-09-25T14:56:54Z,69b1a0ff5fb2c67c6627b5c8cf8368cb,2026-09-26T16:00:00Z,Tennessee Volunteers,Texas Longhorns,draftkings,DraftKings,2026-09-25T14:56:40Z,2026-09-25T14:56:40Z,Texas Longhorns,-4.5,-115.0,2026,2026-09-25T14:56:54Z,1063,,,,c9b00767615fa5b7a6dc411f276300a4ef86c7a9f57831378c42d40f04dc9acc,timestamped_live_quote
2026-09-25T14:56:54Z,69b1a0ff5fb2c67c6627b5c8cf8368cb,2026-09-26T16:00:00Z,Tennessee Volunteers,Texas Longhorns,mybookieag,MyBookie.ag,2026-09-25T14:54:56Z,2026-09-25T14:54:56Z,Tennessee Volunteers,5.0,-110.0,2026,2026-09-25T14:56:54Z,1063,,,,c9b00767615fa5b7a6dc411f276300a4ef86c7a9f57831378c42d40f04dc9acc,timestamped_live_quote
2026-09-25T14:56:54Z,69b1a0ff5fb2c67c6627b5c8cf8368cb,2026-09-26T16:00:00Z,Tennessee Volunteers,Texas Longhorns,mybookieag,MyBookie.ag,2026-09-25T14:54:56Z,2026-09-25T14:54:56Z,Texas Longhorns,-5.0,-110.0,2026,2026-09-25T14:56:54Z,1063,,,,c9b00767615fa5b7a6dc411f276300a4ef86c7a9f57831378c42d40f04dc9acc,timestamped_live_quote
2026-09-25T14:56:54Z,69b1a0ff5fb2c67c6627b5c8cf8368cb,2026-09-26T16:00:00Z,Tennessee Volunteers,Texas Longhorns,fanduel,FanDuel,2026-09-25T14:56:24Z,2026-09-25T14:56:24Z,Tennessee Volunteers,4.5,-105.0,2026,2026-09-25T14:56:54Z,1063,,,,c9b00767615fa5b7a6dc411f276300a4ef86c7a9f57831378c42d40f04dc9acc,timestamped_live_quote
2026-09-25T14:56:54Z,69b1a0ff5fb2c67c6627b5c8cf8368cb,2026-09-26T16:00:00Z,Tennessee Volunteers,Texas Longhorns,fanduel,FanDuel,2026-09-25T14:56:24Z,2026-09-25T14:56:24Z,Texas Longhorns,-4.5,-115.0,2026,2026-09-25T14:56:54Z,1063,,,,c9b00767615fa5b7a6dc411f276300a4ef86c7a9f57831378c42d40f04dc9acc,timestamped_live_quote
2026-09-25T14:56:54Z,69b1a0ff5fb2c67c6627b5c8cf8368cb,2026-09-26T16:00:00Z,Tennessee Volunteers,Texas Longhorns,betrivers,BetRivers,2026-09-25T14:55:36Z,2026-09-25T14:55:36Z,Tennessee Volunteers,4.5,-112.0,2026,2026-09-25T14:56:54Z,1063,,,,c9b00767615fa5b7a6dc411f276300a4ef86c7a9f57831378c42d40f04dc9acc,timestamped_live_quote
2026-09-25T14:56:54Z,69b1a0ff5fb2c67c6627b5c8cf8368cb,2026-09-26T16:00:00Z,Tennessee Volunteers,Texas Longhorns,betrivers,BetRivers,2026-09-25T14:55:36Z,2026-09-25T14:55:36Z,Texas Longhorns,-4.5,-112.0,2026,2026-09-25T14:56:54Z,1063,,,,c9b00767615fa5b7a6dc411f276300a4ef86c7a9f57831378c42d40f04dc9acc,timestamped_live_quote
2026-09-25T14:56:54Z,69b1a0ff5fb2c67c6627b5c8cf8368cb,2026-09-26T16:00:00Z,Tennessee Volunteers,Texas Longhorns,lowvig,LowVig.ag,2026-09-25T14:56:25Z,2026-09-25T14:56:25Z,Tennessee Volunteers,4.5,-101.0,2026,2026-09-25T14:56:54Z,1063,,,,c9b00767615fa5b7a6dc411f276300a4ef86c7a9f57831378c42d40f04dc9acc,timestamped_live_quote
2026-09-25T14:56:54Z,69b1a0ff5fb2c67c6627b5c8cf8368cb,2026-09-26T16:00:00Z,Tennessee Volunteers,Texas Longhorns,lowvig,LowVig.ag,2026-09-25T14:56:25Z,2026-09-25T14:56:25Z,Texas Longhorns,-4.5,-111.0,2026,2026-09-25T14:56:54Z,1063,,,,c9b00767615fa5b7a6dc411f276300a4ef86c7a9f57831378c42d40f04dc9acc,timestamped_live_quote
2026-09-25T14:56:54Z,69b1a0ff5fb2c67c6627b5c8cf8368cb,2026-09-26T16:00:00Z,Tennessee Volunteers,Texas Longhorns,betonlineag,BetOnline.ag,2026-09-25T14:56:27Z,2026-09-25T14:56:27Z,Tennessee Volunteers,4.5,-105.0,2026,2026-09-25T14:56:54Z,1063,,,,c9b00767615fa5b7a6dc411f276300a4ef86c7a9f57831378c42d40f04dc9acc,timestamped_live_quote
2026-09-25T14:56:54Z,69b1a0ff5fb2c67c6627b5c8cf8368cb,2026-09-26T16:00:00Z,Tennessee Volunteers,Texas Longhorns,betonlineag,BetOnline.ag,2026-09-25T14:56:27Z,2026-09-25T14:56:27Z,Texas Longhorns,-4.5,-115.0,2026,2026-09-25T14:56:54Z,1063,,,,c9b00767615fa5b7a6dc411f276300a4ef86c7a9f57831378c42d40f04dc9acc,timestamped_live_quote
2026-09-25T14:56:54Z,69b1a0ff5fb2c67c6627b5c8cf8368cb,2026-09-26T16:00:00Z,Tennessee Volunteers,Texas Longhorns,betus,BetUS,2026-09-25T14:55:47Z,2026-09-25T14:55:47Z,Tennessee Volunteers,5.0,-110.0,2026,2026-09-25T14:56:54Z,1063,,,,c9b00767615fa5b7a6dc411f276300a4ef86c7a9f57831378c42d40f04dc9acc,timestamped_live_quote
2026-09-25T14:56:54Z,69b1a0ff5fb2c67c6627b5c8cf8368cb,2026-09-26T16:00:00Z,Tennessee Volunteers,Texas Longhorns,betus,BetUS,2026-09-25T14:55:47Z,2026-09-25T14:55:47Z,Texas Longhorns,-5.0,-110.0,2026,2026-09-25T14:56:54Z,1063,,,,c9b00767615fa5b7a6dc411f276300a4ef86c7a9f57831378c42d40f04dc9acc,timestamped_live_quote
2026-09-25T14:56:54Z,69b1a0ff5fb2c67c6627b5c8cf8368cb,2026-09-26T16:00:00Z,Tennessee Volunteers,Texas Longhorns,betmgm,BetMGM,2026-09-25T14:56:42Z,2026-09-25T14:56:42Z,Tennessee Volunteers,5.5,-118.0,2026,2026-09-25T14:56:54Z,1063,,,,c9b00767615fa5b7a6dc411f276300a4ef86c7a9f57831378c42d40f04dc9acc,timestamped_live_quote
2026-09-25T14:56:54Z,69b1a0ff5fb2c67c6627b5c8cf8368cb,2026-09-26T16:00:00Z,Tennessee Volunteers,Texas Longhorns,betmgm,BetMGM,2026-09-25T14:56:42Z,2026-09-25T14:56:42Z,Texas Longhorns,-5.5,-112.0,2026,2026-09-25T14:56:54Z,1063,,,,c9b00767615fa5b7a6dc411f276300a4ef86c7a9f57831378c42d40f04dc9acc,timestamped_live_quote
2026-09-25T14:56:54Z,69b1a0ff5fb2c67c6627b5c8cf8368cb,2026-09-26T16:00:00Z,Tennessee Volunteers,Texas Longhorns,bovada,Bovada,2026-09-25T14:55:35Z,2026-09-25T14:55:35Z,Tennessee Volunteers,5.0,-110.0,2026,2026-09-25T14:56:54Z,1063,,,,c9b00767615fa5b7a6dc411f276300a4ef86c7a9f57831378c42d40f04dc9acc,timestamped_live_quote
2026-09-25T14:56:54Z,69b1a0ff5fb2c67c6627b5c8cf8368cb,2026-09-26T16:00:00Z,Tennessee Volunteers,Texas Longhorns,bovada,Bovada,2026-09-25T14:55:35Z,2026-09-25T14:55:35Z,Texas Longhorns,-5.0,-110.0,2026,2026-09-25T14:56:54Z,1063,,,,c9b00767615fa5b7a6dc411f276300a4ef86c7a9f57831378c42d40f04dc9acc,timestamped_live_quote
2026-09-25T14:56:54Z,11c5e9c2cf899388abd0dae30ea71db9,2026-09-26T16:45:00Z,Kentucky Wildcats,South Alabama Jaguars,fanduel,FanDuel,2026-09-25T14:56:24Z,2026-09-25T14:56:24Z,Kentucky Wildcats,-20.5,-110.0,2026,2026-09-25T14:56:54Z,1063,,,,c9b00767615fa5b7a6dc411f276300a4ef86c7a9f57831378c42d40f04dc9acc,timestamped_live_quote
2026-09-25T14:56:54Z,11c5e9c2cf899388abd0dae30ea71db9,2026-09-26T16:45:00Z,Kentucky Wildcats,South Alabama Jaguars,fanduel,FanDuel,2026-09-25T14:56:24Z,2026-09-25T14:56:24Z,South Alabama Jaguars,20.5,-110.0,2026,2026-09-25T14:56:54Z,1063,,,,c9b00767615fa5b7a6dc411f276300a4ef86c7a9f57831378c42d40f04dc9acc,timestamped_live_quote
2026-09-25T14:56:54Z,11c5e9c2cf899388abd0dae30ea71db9,2026-09-26T16:45:00Z,Kentucky Wildcats,South Alabama Jaguars,mybookieag,MyBookie.ag,2026-09-25T14:54:56Z,2026-09-25T14:54:56Z,Kentucky Wildcats,-20.5,-110.0,2026,2026-09-25T14:56:54Z,1063,,,,c9b00767615fa5b7a6dc411f276300a4ef86c7a9f57831378c42d40f04dc9acc,timestamped_live_quote
2026-09-25T14:56:54Z,11c5e9c2cf899388abd0dae30ea71db9,2026-09-26T16:45:00Z,Kentucky Wildcats,South Alabama Jaguars,mybookieag,MyBookie.ag,2026-09-25T14:54:56Z,2026-09-25T14:54:56Z,South Alabama Jaguars,20.5,-110.0,2026,2026-09-25T14:56:54Z,1063,,,,c9b00767615fa5b7a6dc411f276300a4ef86c7a9f57831378c42d40f04dc9acc,timestamped_live_quote
2026-09-25T14:56:54Z,11c5e9c2cf899388abd0dae30ea71db9,2026-09-26T16:45:00Z,Kentucky Wildcats,South Alabama Jaguars,betrivers,BetRivers,2026-09-25T14:55:36Z,2026-09-25T14:55:36Z,Kentucky Wildcats,-20.5,-114.0,2026,2026-09-25T14:56:54Z,1063,,,,c9b00767615fa5b7a6dc411f276300a4ef86c7a9f57831378c42d40f04dc9acc,timestamped_live_quote
2026-09-25T14:56:54Z,11c5e9c2cf899388abd0dae30ea71db9,2026-09-26T16:45:00Z,Kentucky Wildcats,South Alabama Jaguars,betrivers,BetRivers,2026-09-25T14:55:36Z,2026-09-25T14:55:36Z,South Alabama Jaguars,20.5,-109.0,2026,2026-09-25T14:56:54Z,1063,,,,c9b00767615fa5b7a6dc411f276300a4ef86c7a9f57831378c42d40f04dc9acc,timestamped_live_quote
2026-09-25T14:56:54Z,11c5e9c2cf899388abd0dae30ea71db9,2026-09-26T16:45:00Z,Kentucky Wildcats,South Alabama Jaguars,draftkings,DraftKings,2026-09-25T14:56:40Z,2026-09-25T14:56:40Z,Kentucky Wildcats,-20.5,-110.0,2026,2026-09-25T14:56:54Z,1063,,,,c9b00767615fa5b7a6dc411f276300a4ef86c7a9f57831378c42d40f04dc9acc,timestamped_live_quote
2026-09-25T14:56:54Z,11c5e9c2cf899388abd0dae30ea71db9,2026-09-26T16:45:00Z,Kentucky Wildcats,South Alabama Jaguars,draftkings,DraftKings,2026-09-25T14:56:40Z,2026-09-25T14:56:40Z,South Alabama Jaguars,20.5,-110.0,2026,2026-09-25T14:56:54Z,1063,,,,c9b00767615fa5b7a6dc411f276300a4ef86c7a9f57831378c42d40f04dc9acc,timestamped_live_quote
2026-09-25T14:56:54Z,11c5e9c2cf899388abd0dae30ea71db9,2026-09-26T16:45:00Z,Kentucky Wildcats,South Alabama Jaguars,lowvig,LowVig.ag,2026-09-25T14:56:25Z,2026-09-25T14:56:25Z,Kentucky Wildcats,-20.5,-106.0,2026,2026-09-25T14:56:54Z,1063,,,,c9b00767615fa5b7a6dc411f276300a4ef86c7a9f57831378c42d40f04dc9acc,timestamped_live_quote
2026-09-25T14:56:54Z,11c5e9c2cf899388abd0dae30ea71db9,2026-09-26T16:45:00Z,Kentucky Wildcats,South Alabama Jaguars,lowvig,LowVig.ag,2026-09-25T14:56:25Z,2026-09-25T14:56:25Z,South Alabama Jaguars,20.5,-106.0,2026,2026-09-25T14:56:54Z,1063,,,,c9b00767615fa5b7a6dc411f276300a4ef86c7a9f57831378c42d40f04dc9acc,timestamped_live_quote
2026-09-25T14:56:54Z,11c5e9c2cf899388abd0dae30ea71db9,2026-09-26T16:45:00Z,Kentucky Wildcats,South Alabama Jaguars,betonlineag,BetOnline.ag,2026-09-25T14:56:27Z,2026-09-25T14:56:27Z,Kentucky Wildcats,-20.5,-110.0,2026,2026-09-25T14:56:54Z,1063,,,,c9b00767615fa5b7a6dc411f276300a4ef86c7a9f57831378c42d40f04dc9acc,timestamped_live_quote
2026-09-25T14:56:54Z,11c5e9c2cf899388abd0dae30ea71db9,2026-09-26T16:45:00Z,Kentucky Wildcats,South Alabama Jaguars,betonlineag,BetOnline.ag,2026-09-25T14:56:27Z,2026-09-25T14:56:27Z,South Alabama Jaguars,20.5,-110.0,2026,2026-09-25T14:56:54Z,1063,,,,c9b00767615fa5b7a6dc411f276300a4ef86c7a9f57831378c42d40f04dc9acc,timestamped_live_quote
2026-09-25T14:56:54Z,11c5e9c2cf899388abd0dae30ea71db9,2026-09-26T16:45:00Z,Kentucky Wildcats,South Alabama Jaguars,betus,BetUS,2026-09-25T14:55:47Z,2026-09-25T14:55:47Z,Kentucky Wildcats,-20.5,-110.0,2026,2026-09-25T14:56:54Z,1063,,,,c9b00767615fa5b7a6dc411f276300a4ef86c7a9f57831378c42d40f04dc9acc,timestamped_live_quote
2026-09-25T14:56:54Z,11c5e9c2cf899388abd0dae30ea71db9,2026-09-26T16:45:00Z,Kentucky Wildcats,South Alabama Jaguars,betus,BetUS,2026-09-25T14:55:47Z,2026-09-25T14:55:47Z,South Alabama Jaguars,20.5,-110.0,2026,2026-09-25T14:56:54Z,1063,,,,c9b00767615fa5b7a6dc411f276300a4ef86c7a9f57831378c42d40f04dc9acc,timestamped_live_quote
2026-09-25T14:56:54Z,11c5e9c2cf899388abd0dae30ea71db9,2026-09-26T16:45:00Z,Kentucky Wildcats,South Alabama Jaguars,betmgm,BetMGM,2026-09-25T14:56:42Z,2026-09-25T14:56:42Z,Kentucky Wildcats,-20.5,-108.0,2026,2026-09-25T14:56:54Z,1063,,,,c9b00767615fa5b7a6dc411f276300a4ef86c7a9f57831378c42d40f04dc9acc,timestamped_live_quote
2026-09-25T14:56:54Z,11c5e9c2cf899388abd0dae30ea71db9,2026-09-26T16:45:00Z,Kentucky Wildcats,South Alabama Jaguars,betmgm,BetMGM,2026-09-25T14:56:42Z,2026-09-25T14:56:42Z,South Alabama Jaguars,20.5,-110.0,2026,2026-09-25T14:56:54Z,1063,,,,c9b00767615fa5b7a6dc411f276300a4ef86c7a9f57831378c42d40f04dc9acc,timestamped_live_quote
2026-09-25T14:56:54Z,11c5e9c2cf899388abd0dae30ea71db9,2026-09-26T16:45:00Z,Kentucky Wildcats,South Alabama Jaguars,bovada,Bovada,2026-09-25T14:55:35Z,2026-09-25T14:55:35Z,Kentucky Wildcats,-20.5,-110.0,2026,2026-09-25T14:56:54Z,1063,,,,c9b00767615fa5b7a6dc411f276300a4ef86c7a9f57831378c42d40f04dc9acc,timestamped_live_quote
2026-09-25T14:56:54Z,11c5e9c2cf899388abd0dae30ea71db9,2026-09-26T16:45:00Z,Kentucky Wildcats,South Alabama Jaguars,bovada,Bovada,2026-09-25T14:55:35Z,2026-09-25T14:55:35Z,South Alabama Jaguars,20.5,-110.0,2026,2026-09-25T14:56:54Z,1063,,,,c9b00767615fa5b7a6dc411f276300a4ef86c7a9f57831378c42d40f04dc9acc,timestamped_live_quote
2026-09-25T14:56:54Z,145de4ffc7429aeb39cab1b17c223743,2026-09-26T17:00:00Z,Eastern Michigan Eagles,Lindenwood Lions,fanduel,FanDuel,2026-09-25T14:56:24Z,2026-09-25T14:56:24Z,Eastern Michigan Eagles,-26.5,-110.0,2026,2026-09-25T14:56:54Z,1063,,,,c9b00767615fa5b7a6dc411f276300a4ef86c7a9f57831378c42d40f04dc9acc,timestamped_live_quote
2026-09-25T14:56:54Z,145de4ffc7429aeb39cab1b17c223743,2026-09-26T17:00:00Z,Eastern Michigan Eagles,Lindenwood Lions,fanduel,FanDuel,2026-09-25T14:56:24Z,2026-09-25T14:56:24Z,Lindenwood Lions,26.5,-110.0,2026,2026-09-25T14:56:54Z,1063,,,,c9b00767615fa5b7a6dc411f276300a4ef86c7a9f57831378c42d40f04dc9acc,timestamped_live_quote
2026-09-25T14:56:54Z,145de4ffc7429aeb39cab1b17c223743,2026-09-26T17:00:00Z,Eastern Michigan Eagles,Lindenwood Lions,betrivers,BetRivers,2026-09-25T14:55:36Z,2026-09-25T14:55:36Z,Eastern Michigan Eagles,-26.5,-125.0,2026,2026-09-25T14:56:54Z,1063,,,,c9b00767615fa5b7a6dc411f276300a4ef86c7a9f57831378c42d40f04dc9acc,timestamped_live_quote
2026-09-25T14:56:54Z,145de4ffc7429aeb39cab1b17c223743,2026-09-26T17:00:00Z,Eastern Michigan Eagles,Lindenwood Lions,betrivers,BetRivers,2026-09-25T14:55:36Z,2026-09-25T14:55:36Z,Lindenwood Lions,26.5,102.0,2026,2026-09-25T14:56:54Z,1063,,,,c9b00767615fa5b7a6dc411f276300a4ef86c7a9f57831378c42d40f04dc9acc,timestamped_live_quote
2026-09-25T14:56:54Z,145de4ffc7429aeb39cab1b17c223743,2026-09-26T17:00:00Z,Eastern Michigan Eagles,Lindenwood Lions,draftkings,DraftKings,2026-09-25T14:56:40Z,2026-09-25T14:56:40Z,Eastern Michigan Eagles,-25.5,-110.0,2026,2026-09-25T14:56:54Z,1063,,,,c9b00767615fa5b7a6dc411f276300a4ef86c7a9f57831378c42d40f04dc9acc,timestamped_live_quote
2026-09-25T14:56:54Z,145de4ffc7429aeb39cab1b17c223743,2026-09-26T17:00:00Z,Eastern Michigan Eagles,Lindenwood Lions,draftkings,DraftKings,2026-09-25T14:56:40Z,2026-09-25T14:56:40Z,Lindenwood Lions,25.5,-110.0,2026,2026-09-25T14:56:54Z,1063,,,,c9b00767615fa5b7a6dc411f276300a4ef86c7a9f57831378c42d40f04dc9acc,timestamped_live_quote
2026-09-25T14:56:54Z,145de4ffc7429aeb39cab1b17c223743,2026-09-26T17:00:00Z,Eastern Michigan Eagles,Lindenwood Lions,lowvig,LowVig.ag,2026-09-25T14:56:25Z,2026-09-25T14:56:25Z,Eastern Michigan Eagles,-25.5,-111.0,2026,2026-09-25T14:56:54Z,1063,,,,c9b00767615fa5b7a6dc411f276300a4ef86c7a9f57831378c42d40f04dc9acc,timestamped_live_quote
2026-09-25T14:56:54Z,145de4ffc7429aeb39cab1b17c223743,2026-09-26T17:00:00Z,Eastern Michigan Eagles,Lindenwood Lions,lowvig,LowVig.ag,2026-09-25T14:56:25Z,2026-09-25T14:56:25Z,Lindenwood Lions,25.5,-101.0,2026,2026-09-25T14:56:54Z,1063,,,,c9b00767615fa5b7a6dc411f276300a4ef86c7a9f57831378c42d40f04dc9acc,timestamped_live_quote
2026-09-25T14:56:54Z,145de4ffc7429aeb39cab1b17c223743,2026-09-26T17:00:00Z,Eastern Michigan Eagles,Lindenwood Lions,betonlineag,BetOnline.ag,2026-09-25T14:56:27Z,2026-09-25T14:56:27Z,Eastern Michigan Eagles,-25.5,-115.0,2026,2026-09-25T14:56:54Z,1063,,,,c9b00767615fa5b7a6dc411f276300a4ef86c7a9f57831378c42d40f04dc9acc,timestamped_live_quote
2026-09-25T14:56:54Z,145de4ffc7429aeb39cab1b17c223743,2026-09-26T17:00:00Z,Eastern Michigan Eagles,Lindenwood Lions,betonlineag,BetOnline.ag,2026-09-25T14:56:27Z,2026-09-25T14:56:27Z,Lindenwood Lions,25.5,-115.0,2026,2026-09-25T14:56:54Z,1063,,,,c9b00767615fa5b7a6dc411f276300a4ef86c7a9f57831378c42d40f04dc9acc,timestamped_live_quote
2026-09-25T14:56:54Z,c48f042c91328d4d0c6351fc82286879,2026-09-26T17:30:00Z,Maryland Terrapins,UCLA Bruins,draftkings,DraftKings,2026-09-25T14:56:40Z,2026-09-25T14:56:40Z,Maryland Terrapins,1.5,-110.0,2026,2026-09-25T14:56:54Z,1063,,,,c9b00767615fa5b7a6dc411f276300a4ef86c7a9f57831378c42d40f04dc9acc,timestamped_live_quote
2026-09-25T14:56:54Z,c48f042c91328d4d0c6351fc82286879,2026-09-26T17:30:00Z,Maryland Terrapins,UCLA Bruins,draftkings,DraftKings,2026-09-25T14:56:40Z,2026-09-25T14:56:40Z,UCLA Bruins,-1.5,-110.0,2026,2026-09-25T14:56:54Z,1063,,,,c9b00767615fa5b7a6dc411f276300a4ef86c7a9f57831378c42d40f04dc9acc,timestamped_live_quote
2026-09-25T14:56:54Z,c48f042c91328d4d0c6351fc82286879,2026-09-26T17:30:00Z,Maryland Terrapins,UCLA Bruins,fanduel,FanDuel,2026-09-25T14:56:24Z,2026-09-25T14:56:24Z,Maryland Terrapins,1.5,-106.0,2026,2026-09-25T14:56:54Z,1063,,,,c9b00767615fa5b7a6dc411f276300a4ef86c7a9f57831378c42d40f04dc9acc,timestamped_live_quote
2026-09-25T14:56:54Z,c48f042c91328d4d0c6351fc82286879,2026-09-26T17:30:00Z,Maryland Terrapins,UCLA Bruins,fanduel,FanDuel,2026-09-25T14:56:24Z,2026-09-25T14:56:24Z,UCLA Bruins,-1.5,-114.0,2026,2026-09-25T14:56:54Z,1063,,,,c9b00767615fa5b7a6dc411f276300a4ef86c7a9f57831378c42d40f04dc9acc,timestamped_live_quote
2026-09-25T14:56:54Z,c48f042c91328d4d0c6351fc82286879,2026-09-26T17:30:00Z,Maryland Terrapins,UCLA Bruins,betrivers,BetRivers,2026-09-25T14:55:36Z,2026-09-25T14:55:36Z,Maryland Terrapins,1.5,-109.0,2026,2026-09-25T14:56:54Z,1063,,,,c9b00767615fa5b7a6dc411f276300a4ef86c7a9f57831378c42d40f04dc9acc,timestamped_live_quote
2026-09-25T14:56:54Z,c48f042c91328d4d0c6351fc82286879,2026-09-26T17:30:00Z,Maryland Terrapins,UCLA Bruins,betrivers,BetRivers,2026-09-25T14:55:36Z,2026-09-25T14:55:36Z,UCLA Bruins,-1.5,-113.0,2026,2026-09-25T14:56:54Z,1063,,,,c9b00767615fa5b7a6dc411f276300a4ef86c7a9f57831378c42d40f04dc9acc,timestamped_live_quote
2026-09-25T14:56:54Z,c48f042c91328d4d0c6351fc82286879,2026-09-26T17:30:00Z,Maryland Terrapins,UCLA Bruins,mybookieag,MyBookie.ag,2026-09-25T14:54:56Z,2026-09-25T14:54:56Z,Maryland Terrapins,1.5,-110.0,2026,2026-09-25T14:56:54Z,1063,,,,c9b00767615fa5b7a6dc411f276300a4ef86c7a9f57831378c42d40f04dc9acc,timestamped_live_quote
2026-09-25T14:56:54Z,c48f042c91328d4d0c6351fc82286879,2026-09-26T17:30:00Z,Maryland Terrapins,UCLA Bruins,mybookieag,MyBookie.ag,2026-09-25T14:54:56Z,2026-09-25T14:54:56Z,UCLA Bruins,-1.5,-110.0,2026,2026-09-25T14:56:54Z,1063,,,,c9b00767615fa5b7a6dc411f276300a4ef86c7a9f57831378c42d40f04dc9acc,timestamped_live_quote
2026-09-25T14:56:54Z,c48f042c91328d4d0c6351fc82286879,2026-09-26T17:30:00Z,Maryland Terrapins,UCLA Bruins,betonlineag,BetOnline.ag,2026-09-25T14:56:27Z,2026-09-25T14:56:27Z,Maryland Terrapins,1.5,-110.0,2026,2026-09-25T14:56:54Z,1063,,,,c9b00767615fa5b7a6dc411f276300a4ef86c7a9f57831378c42d40f04dc9acc,timestamped_live_quote
2026-09-25T14:56:54Z,c48f042c91328d4d0c6351fc82286879,2026-09-26T17:30:00Z,Maryland Terrapins,UCLA Bruins,betonlineag,BetOnline.ag,2026-09-25T14:56:27Z,2026-09-25T14:56:27Z,UCLA Bruins,-1.5,-110.0,2026,2026-09-25T14:56:54Z,1063,,,,c9b00767615fa5b7a6dc411f276300a4ef86c7a9f57831378c42d40f04dc9acc,timestamped_live_quote
2026-09-25T14:56:54Z,c48f042c91328d4d0c6351fc82286879,2026-09-26T17:30:00Z,Maryland Terrapins,UCLA Bruins,lowvig,LowVig.ag,2026-09-25T14:56:25Z,2026-09-25T14:56:25Z,Maryland Terrapins,1.5,-106.0,2026,2026-09-25T14:56:54Z,1063,,,,c9b00767615fa5b7a6dc411f276300a4ef86c7a9f57831378c42d40f04dc9acc,timestamped_live_quote
2026-09-25T14:56:54Z,c48f042c91328d4d0c6351fc82286879,2026-09-26T17:30:00Z,Maryland Terrapins,UCLA Bruins,lowvig,LowVig.ag,2026-09-25T14:56:25Z,2026-09-25T14:56:25Z,UCLA Bruins,-1.5,-106.0,2026,2026-09-25T14:56:54Z,1063,,,,c9b00767615fa5b7a6dc411f276300a4ef86c7a9f57831378c42d40f04dc9acc,timestamped_live_quote
2026-09-25T14:56:54Z,c48f042c91328d4d0c6351fc82286879,2026-09-26T17:30:00Z,Maryland Terrapins,UCLA Bruins,betus,BetUS,2026-09-25T14:55:47Z,2026-09-25T14:55:47Z,Maryland Terrapins,1.5,-110.0,2026,2026-09-25T14:56:54Z,1063,,,,c9b00767615fa5b7a6dc411f276300a4ef86c7a9f57831378c42d40f04dc9acc,timestamped_live_quote
2026-09-25T14:56:54Z,c48f042c91328d4d0c6351fc82286879,2026-09-26T17:30:00Z,Maryland Terrapins,UCLA Bruins,betus,BetUS,2026-09-25T14:55:47Z,2026-09-25T14:55:47Z,UCLA Bruins,-1.5,-110.0,2026,2026-09-25T14:56:54Z,1063,,,,c9b00767615fa5b7a6dc411f276300a4ef86c7a9f57831378c42d40f04dc9acc,timestamped_live_quote
2026-09-25T14:56:54Z,c48f042c91328d4d0c6351fc82286879,2026-09-26T17:30:00Z,Maryland Terrapins,UCLA Bruins,betmgm,BetMGM,2026-09-25T14:56:42Z,2026-09-25T14:56:42Z,Maryland Terrapins,1.5,-110.0,2026,2026-09-25T14:56:54Z,1063,,,,c9b00767615fa5b7a6dc411f276300a4ef86c7a9f57831378c42d40f04dc9acc,timestamped_live_quote
2026-09-25T14:56:54Z,c48f042c91328d4d0c6351fc82286879,2026-09-26T17:30:00Z,Maryland Terrapins,UCLA Bruins,betmgm,BetMGM,2026-09-25T14:56:42Z,2026-09-25T14:56:42Z,UCLA Bruins,-1.5,-110.0,2026,2026-09-25T14:56:54Z,1063,,,,c9b00767615fa5b7a6dc411f276300a4ef86c7a9f57831378c42d40f04dc9acc,timestamped_live_quote
2026-09-25T14:56:54Z,c48f042c91328d4d0c6351fc82286879,2026-09-26T17:30:00Z,Maryland Terrapins,UCLA Bruins,bovada,Bovada,2026-09-25T14:55:35Z,2026-09-25T14:55:35Z,Maryland Terrapins,1.5,-110.0,2026,2026-09-25T14:56:54Z,1063,,,,c9b00767615fa5b7a6dc411f276300a4ef86c7a9f57831378c42d40f04dc9acc,timestamped_live_quote
2026-09-25T14:56:54Z,c48f042c91328d4d0c6351fc82286879,2026-09-26T17:30:00Z,Maryland Terrapins,UCLA Bruins,bovada,Bovada,2026-09-25T14:55:35Z,2026-09-25T14:55:35Z,UCLA Bruins,-1.5,-110.0,2026,2026-09-25T14:56:54Z,1063,,,,c9b00767615fa5b7a6dc411f276300a4ef86c7a9f57831378c42d40f04dc9acc,timestamped_live_quote
2026-09-25T14:56:54Z,24fb2d1fd0598bde048322b6463e0c78,2026-09-26T18:00:00Z,Georgia State Panthers,Northern Illinois Huskies,fanduel,FanDuel,2026-09-25T14:56:24Z,2026-09-25T14:56:24Z,Georgia State Panthers,-10.5,-105.0,2026,2026-09-25T14:56:54Z,1063,,,,c9b00767615fa5b7a6dc411f276300a4ef86c7a9f57831378c42d40f04dc9acc,timestamped_live_quote
2026-09-25T14:56:54Z,24fb2d1fd0598bde048322b6463e0c78,2026-09-26T18:00:00Z,Georgia State Panthers,Northern Illinois Huskies,fanduel,FanDuel,2026-09-25T14:56:24Z,2026-09-25T14:56:24Z,Northern Illinois Huskies,10.5,-115.0,2026,2026-09-25T14:56:54Z,1063,,,,c9b00767615fa5b7a6dc411f276300a4ef86c7a9f57831378c42d40f04dc9acc,timestamped_live_quote
2026-09-25T14:56:54Z,24fb2d1fd0598bde048322b6463e0c78,2026-09-26T18:00:00Z,Georgia State Panthers,Northern Illinois Huskies,mybookieag,MyBookie.ag,2026-09-25T14:54:56Z,2026-09-25T14:54:56Z,Georgia State Panthers,-10.5,-110.0,2026,2026-09-25T14:56:54Z,1063,,,,c9b00767615fa5b7a6dc411f276300a4ef86c7a9f57831378c42d40f04dc9acc,timestamped_live_quote
2026-09-25T14:56:54Z,24fb2d1fd0598bde048322b6463e0c78,2026-09-26T18:00:00Z,Georgia State Panthers,Northern Illinois Huskies,mybookieag,MyBookie.ag,2026-09-25T14:54:56Z,2026-09-25T14:54:56Z,Northern Illinois Huskies,10.5,-110.0,2026,2026-09-25T14:56:54Z,1063,,,,c9b00767615fa5b7a6dc411f276300a4ef86c7a9f57831378c42d40f04dc9acc,timestamped_live_quote
2026-09-25T14:56:54Z,24fb2d1fd0598bde048322b6463e0c78,2026-09-26T18:00:00Z,Georgia State Panthers,Northern Illinois Huskies,betrivers,BetRivers,2026-09-25T14:55:36Z,2026-09-25T14:55:36Z,Georgia State Panthers,-10.5,-107.0,2026,2026-09-25T14:56:54Z,1063,,,,c9b00767615fa5b7a6dc411f276300a4ef86c7a9f57831378c42d40f04dc9acc,timestamped_live_quote
2026-09-25T14:56:54Z,24fb2d1fd0598bde048322b6463e0c78,2026-09-26T18:00:00Z,Georgia State Panthers,Northern Illinois Huskies,betrivers,BetRivers,2026-09-25T14:55:36Z,2026-09-25T14:55:36Z,Northern Illinois Huskies,10.5,-115.0,2026,2026-09-25T14:56:54Z,1063,,,,c9b00767615fa5b7a6dc411f276300a4ef86c7a9f57831378c42d40f04dc9acc,timestamped_live_quote
2026-09-25T14:56:54Z,24fb2d1fd0598bde048322b6463e0c78,2026-09-26T18:00:00Z,Georgia State Panthers,Northern Illinois Huskies,draftkings,DraftKings,2026-09-25T14:56:40Z,2026-09-25T14:56:40Z,Georgia State Panthers,-10.5,-108.0,2026,2026-09-25T14:56:54Z,1063,,,,c9b00767615fa5b7a6dc411f276300a4ef86c7a9f57831378c42d40f04dc9acc,timestamped_live_quote
2026-09-25T14:56:54Z,24fb2d1fd0598bde048322b6463e0c78,2026-09-26T18:00:00Z,Georgia State Panthers,Northern Illinois Huskies,draftkings,DraftKings,2026-09-25T14:56:40Z,2026-09-25T14:56:40Z,Northern Illinois Huskies,10.5,-112.0,2026,2026-09-25T14:56:54Z,1063,,,,c9b00767615fa5b7a6dc411f276300a4ef86c7a9f57831378c42d40f04dc9acc,timestamped_live_quote
2026-09-25T14:56:54Z,24fb2d1fd0598bde048322b6463e0c78,2026-09-26T18:00:00Z,Georgia State Panthers,Northern Illinois Huskies,lowvig,LowVig.ag,2026-09-25T14:56:25Z,2026-09-25T14:56:25Z,Georgia State Panthers,-10.5,-104.0,2026,2026-09-25T14:56:54Z,1063,,,,c9b00767615fa5b7a6dc411f276300a4ef86c7a9f57831378c42d40f04dc9acc,timestamped_live_quote
2026-09-25T14:56:54Z,24fb2d1fd0598bde048322b6463e0c78,2026-09-26T18:00:00Z,Georgia State Panthers,Northern Illinois Huskies,lowvig,LowVig.ag,2026-09-25T14:56:25Z,2026-09-25T14:56:25Z,Northern Illinois Huskies,10.5,-108.0,2026,2026-09-25T14:56:54Z,1063,,,,c9b00767615fa5b7a6dc411f276300a4ef86c7a9f57831378c42d40f04dc9acc,timestamped_live_quote
2026-09-25T14:56:54Z,24fb2d1fd0598bde048322b6463e0c78,2026-09-26T18:00:00Z,Georgia State Panthers,Northern Illinois Huskies,betonlineag,BetOnline.ag,2026-09-25T14:56:27Z,2026-09-25T14:56:27Z,Georgia State Panthers,-10.5,-108.0,2026,2026-09-25T14:56:54Z,1063,,,,c9b00767615fa5b7a6dc411f276300a4ef86c7a9f57831378c42d40f04dc9acc,timestamped_live_quote
2026-09-25T14:56:54Z,24fb2d1fd0598bde048322b6463e0c78,2026-09-26T18:00:00Z,Georgia State Panthers,Northern Illinois Huskies,betonlineag,BetOnline.ag,2026-09-25T14:56:27Z,2026-09-25T14:56:27Z,Northern Illinois Huskies,10.5,-112.0,2026,2026-09-25T14:56:54Z,1063,,,,c9b00767615fa5b7a6dc411f276300a4ef86c7a9f57831378c42d40f04dc9acc,timestamped_live_quote
2026-09-25T14:56:54Z,24fb2d1fd0598bde048322b6463e0c78,2026-09-26T18:00:00Z,Georgia State Panthers,Northern Illinois Huskies,betmgm,BetMGM,2026-09-25T14:56:42Z,2026-09-25T14:56:42Z,Georgia State Panthers,-10.5,-108.0,2026,2026-09-25T14:56:54Z,1063,,,,c9b00767615fa5b7a6dc411f276300a4ef86c7a9f57831378c42d40f04dc9acc,timestamped_live_quote
2026-09-25T14:56:54Z,24fb2d1fd0598bde048322b6463e0c78,2026-09-26T18:00:00Z,Georgia State Panthers,Northern Illinois Huskies,betmgm,BetMGM,2026-09-25T14:56:42Z,2026-09-25T14:56:42Z,Northern Illinois Huskies,10.5,-110.0,2026,2026-09-25T14:56:54Z,1063,,,,c9b00767615fa5b7a6dc411f276300a4ef86c7a9f57831378c42d40f04dc9acc,timestamped_live_quote
2026-09-25T14:56:54Z,24fb2d1fd0598bde048322b6463e0c78,2026-09-26T18:00:00Z,Georgia State Panthers,Northern Illinois Huskies,betus,BetUS,2026-09-25T14:55:47Z,2026-09-25T14:55:47Z,Georgia State Panthers,-10.5,-110.0,2026,2026-09-25T14:56:54Z,1063,,,,c9b00767615fa5b7a6dc411f276300a4ef86c7a9f57831378c42d40f04dc9acc,timestamped_live_quote
2026-09-25T14:56:54Z,24fb2d1fd0598bde048322b6463e0c78,2026-09-26T18:00:00Z,Georgia State Panthers,Northern Illinois Huskies,betus,BetUS,2026-09-25T14:55:47Z,2026-09-25T14:55:47Z,Northern Illinois Huskies,10.5,-110.0,2026,2026-09-25T14:56:54Z,1063,,,,c9b00767615fa5b7a6dc411f276300a4ef86c7a9f57831378c42d40f04dc9acc,timestamped_live_quote
2026-09-25T14:56:54Z,24fb2d1fd0598bde048322b6463e0c78,2026-09-26T18:00:00Z,Georgia State Panthers,Northern Illinois Huskies,bovada,Bovada,2026-09-25T14:55:35Z,2026-09-25T14:55:35Z,Georgia State Panthers,-10.5,-110.0,2026,2026-09-25T14:56:54Z,1063,,,,c9b00767615fa5b7a6dc411f276300a4ef86c7a9f57831378c42d40f04dc9acc,timestamped_live_quote
2026-09-25T14:56:54Z,24fb2d1fd0598bde048322b6463e0c78,2026-09-26T18:00:00Z,Georgia State Panthers,Northern Illinois Huskies,bovada,Bovada,2026-09-25T14:55:35Z,2026-09-25T14:55:35Z,Northern Illinois Huskies,10.5,-110.0,2026,2026-09-25T14:56:54Z,1063,,,,c9b00767615fa5b7a6dc411f276300a4ef86c7a9f57831378c42d40f04dc9acc,timestamped_live_quote
2026-09-25T14:56:54Z,bf2cffa30d89eb2ce1b4d0f91561f66d,2026-09-26T18:00:00Z,Purdue Boilermakers,Notre Dame Fighting Irish,fanduel,FanDuel,2026-09-25T14:56:24Z,2026-09-25T14:56:24Z,Notre Dame Fighting Irish,-27.5,-118.0,2026,2026-09-25T14:56:54Z,1063,,,,c9b00767615fa5b7a6dc411f276300a4ef86c7a9f57831378c42d40f04dc9acc,timestamped_live_quote
2026-09-25T14:56:54Z,bf2cffa30d89eb2ce1b4d0f91561f66d,2026-09-26T18:00:00Z,Purdue Boilermakers,Notre Dame Fighting Irish,fanduel,FanDuel,2026-09-25T14:56:24Z,2026-09-25T14:56:24Z,Purdue Boilermakers,27.5,-104.0,2026,2026-09-25T14:56:54Z,1063,,,,c9b00767615fa5b7a6dc411f276300a4ef86c7a9f57831378c42d40f04dc9acc,timestamped_live_quote
2026-09-25T14:56:54Z,bf2cffa30d89eb2ce1b4d0f91561f66d,2026-09-26T18:00:00Z,Purdue Boilermakers,Notre Dame Fighting Irish,draftkings,DraftKings,2026-09-25T14:56:40Z,2026-09-25T14:56:40Z,Notre Dame Fighting Irish,-27.5,-118.0,2026,2026-09-25T14:56:54Z,1063,,,,c9b00767615fa5b7a6dc411f276300a4ef86c7a9f57831378c42d40f04dc9acc,timestamped_live_quote
2026-09-25T14:56:54Z,bf2cffa30d89eb2ce1b4d0f91561f66d,2026-09-26T18:00:00Z,Purdue Boilermakers,Notre Dame Fighting Irish,draftkings,DraftKings,2026-09-25T14:56:40Z,2026-09-25T14:56:40Z,Purdue Boilermakers,27.5,-102.0,2026,2026-09-25T14:56:54Z,1063,,,,c9b00767615fa5b7a6dc411f276300a4ef86c7a9f57831378c42d40f04dc9acc,timestamped_live_quote
2026-09-25T14:56:54Z,bf2cffa30d89eb2ce1b4d0f91561f66d,2026-09-26T18:00:00Z,Purdue Boilermakers,Notre Dame Fighting Irish,mybookieag,MyBookie.ag,2026-09-25T14:54:56Z,2026-09-25T14:54:56Z,Notre Dame Fighting Irish,-28.0,-110.0,2026,2026-09-25T14:56:54Z,1063,,,,c9b00767615fa5b7a6dc411f276300a4ef86c7a9f57831378c42d40f04dc9acc,timestamped_live_quote
2026-09-25T14:56:54Z,bf2cffa30d89eb2ce1b4d0f91561f66d,2026-09-26T18:00:00Z,Purdue Boilermakers,Notre Dame Fighting Irish,mybookieag,MyBookie.ag,2026-09-25T14:54:56Z,2026-09-25T14:54:56Z,Purdue Boilermakers,28.0,-110.0,2026,2026-09-25T14:56:54Z,1063,,,,c9b00767615fa5b7a6dc411f276300a4ef86c7a9f57831378c42d40f04dc9acc,timestamped_live_quote
2026-09-25T14:56:54Z,bf2cffa30d89eb2ce1b4d0f91561f66d,2026-09-26T18:00:00Z,Purdue Boilermakers,Notre Dame Fighting Irish,betrivers,BetRivers,2026-09-25T14:55:36Z,2026-09-25T14:55:36Z,Notre Dame Fighting Irish,-27.5,-112.0,2026,2026-09-25T14:56:54Z,1063,,,,c9b00767615fa5b7a6dc411f276300a4ef86c7a9f57831378c42d40f04dc9acc,timestamped_live_quote
2026-09-25T14:56:54Z,bf2cffa30d89eb2ce1b4d0f91561f66d,2026-09-26T18:00:00Z,Purdue Boilermakers,Notre Dame Fighting Irish,betrivers,BetRivers,2026-09-25T14:55:36Z,2026-09-25T14:55:36Z,Purdue Boilermakers,27.5,-112.0,2026,2026-09-25T14:56:54Z,1063,,,,c9b00767615fa5b7a6dc411f276300a4ef86c7a9f57831378c42d40f04dc9acc,timestamped_live_quote
2026-09-25T14:56:54Z,bf2cffa30d89eb2ce1b4d0f91561f66d,2026-09-26T18:00:00Z,Purdue Boilermakers,Notre Dame Fighting Irish,betonlineag,BetOnline.ag,2026-09-25T14:56:27Z,2026-09-25T14:56:27Z,Notre Dame Fighting Irish,-28.0,-107.0,2026,2026-09-25T14:56:54Z,1063,,,,c9b00767615fa5b7a6dc411f276300a4ef86c7a9f57831378c42d40f04dc9acc,timestamped_live_quote
2026-09-25T14:56:54Z,bf2cffa30d89eb2ce1b4d0f91561f66d,2026-09-26T18:00:00Z,Purdue Boilermakers,Notre Dame Fighting Irish,betonlineag,BetOnline.ag,2026-09-25T14:56:27Z,2026-09-25T14:56:27Z,Purdue Boilermakers,28.0,-113.0,2026,2026-09-25T14:56:54Z,1063,,,,c9b00767615fa5b7a6dc411f276300a4ef86c7a9f57831378c42d40f04dc9acc,timestamped_live_quote
2026-09-25T14:56:54Z,bf2cffa30d89eb2ce1b4d0f91561f66d,2026-09-26T18:00:00Z,Purdue Boilermakers,Notre Dame Fighting Irish,lowvig,LowVig.ag,2026-09-25T14:56:25Z,2026-09-25T14:56:25Z,Notre Dame Fighting Irish,-28.0,-103.0,2026,2026-09-25T14:56:54Z,1063,,,,c9b00767615fa5b7a6dc411f276300a4ef86c7a9f57831378c42d40f04dc9acc,timestamped_live_quote
2026-09-25T14:56:54Z,bf2cffa30d89eb2ce1b4d0f91561f66d,2026-09-26T18:00:00Z,Purdue Boilermakers,Notre Dame Fighting Irish,lowvig,LowVig.ag,2026-09-25T14:56:25Z,2026-09-25T14:56:25Z,Purdue Boilermakers,28.0,-109.0,2026,2026-09-25T14:56:54Z,1063,,,,c9b00767615fa5b7a6dc411f276300a4ef86c7a9f57831378c42d40f04dc9acc,timestamped_live_quote
2026-09-25T14:56:54Z,bf2cffa30d89eb2ce1b4d0f91561f66d,2026-09-26T18:00:00Z,Purdue Boilermakers,Notre Dame Fighting Irish,betmgm,BetMGM,2026-09-25T14:56:42Z,2026-09-25T14:56:42Z,Notre Dame Fighting Irish,-27.5,-112.0,2026,2026-09-25T14:56:54Z,1063,,,,c9b00767615fa5b7a6dc411f276300a4ef86c7a9f57831378c42d40f04dc9acc,timestamped_live_quote
2026-09-25T14:56:54Z,bf2cffa30d89eb2ce1b4d0f91561f66d,2026-09-26T18:00:00Z,Purdue Boilermakers,Notre Dame Fighting Irish,betmgm,BetMGM,2026-09-25T14:56:42Z,2026-09-25T14:56:42Z,Purdue Boilermakers,27.5,-105.0,2026,2026-09-25T14:56:54Z,1063,,,,c9b00767615fa5b7a6dc411f276300a4ef86c7a9f57831378c42d40f04dc9acc,timestamped_live_quote
2026-09-25T14:56:54Z,bf2cffa30d89eb2ce1b4d0f91561f66d,2026-09-26T18:00:00Z,Purdue Boilermakers,Notre Dame Fighting Irish,betus,BetUS,2026-09-25T14:55:47Z,2026-09-25T14:55:47Z,Notre Dame Fighting Irish,-28.0,-110.0,2026,2026-09-25T14:56:54Z,1063,,,,c9b00767615fa5b7a6dc411f276300a4ef86c7a9f57831378c42d40f04dc9acc,timestamped_live_quote
2026-09-25T14:56:54Z,bf2cffa30d89eb2ce1b4d0f91561f66d,2026-09-26T18:00:00Z,Purdue Boilermakers,Notre Dame Fighting Irish,betus,BetUS,2026-09-25T14:55:47Z,2026-09-25T14:55:47Z,Purdue Boilermakers,28.0,-110.0,2026,2026-09-25T14:56:54Z,1063,,,,c9b00767615fa5b7a6dc411f276300a4ef86c7a9f57831378c42d40f04dc9acc,timestamped_live_quote
2026-09-25T14:56:54Z,bf2cffa30d89eb2ce1b4d0f91561f66d,2026-09-26T18:00:00Z,Purdue Boilermakers,Notre Dame Fighting Irish,bovada,Bovada,2026-09-25T14:55:35Z,2026-09-25T14:55:35Z,Notre Dame Fighting Irish,-28.0,-105.0,2026,2026-09-25T14:56:54Z,1063,,,,c9b00767615fa5b7a6dc411f276300a4ef86c7a9f57831378c42d40f04dc9acc,timestamped_live_quote
2026-09-25T14:56:54Z,bf2cffa30d89eb2ce1b4d0f91561f66d,2026-09-26T18:00:00Z,Purdue Boilermakers,Notre Dame Fighting Irish,bovada,Bovada,2026-09-25T14:55:35Z,2026-09-25T14:55:35Z,Purdue Boilermakers,28.0,-115.0,2026,2026-09-25T14:56:54Z,1063,,,,c9b00767615fa5b7a6dc411f276300a4ef86c7a9f57831378c42d40f04dc9acc,timestamped_live_quote
2026-09-25T14:56:54Z,752cd9cc9331543601fd37f21b8c7430,2026-09-26T19:00:00Z,Florida State Seminoles,Central Arkansas Bears,fanduel,FanDuel,2026-09-25T14:56:24Z,2026-09-25T14:56:24Z,Central Arkansas Bears,45.5,-115.0,2026,2026-09-25T14:56:54Z,1063,,,,c9b00767615fa5b7a6dc411f276300a4ef86c7a9f57831378c42d40f04dc9acc,timestamped_live_quote
2026-09-25T14:56:54Z,752cd9cc9331543601fd37f21b8c7430,2026-09-26T19:00:00Z,Florida State Seminoles,Central Arkansas Bears,fanduel,FanDuel,2026-09-25T14:56:24Z,2026-09-25T14:56:24Z,Florida State Seminoles,-45.5,-105.0,2026,2026-09-25T14:56:54Z,1063,,,,c9b00767615fa5b7a6dc411f276300a4ef86c7a9f57831378c42d40f04dc9acc,timestamped_live_quote
2026-09-25T14:56:54Z,752cd9cc9331543601fd37f21b8c7430,2026-09-26T19:00:00Z,Florida State Seminoles,Central Arkansas Bears,betrivers,BetRivers,2026-09-25T14:55:36Z,2026-09-25T14:55:36Z,Central Arkansas Bears,45.5,-109.0,2026,2026-09-25T14:56:54Z,1063,,,,c9b00767615fa5b7a6dc411f276300a4ef86c7a9f57831378c42d40f04dc9acc,timestamped_live_quote
2026-09-25T14:56:54Z,752cd9cc9331543601fd37f21b8c7430,2026-09-26T19:00:00Z,Florida State Seminoles,Central Arkansas Bears,betrivers,BetRivers,2026-09-25T14:55:36Z,2026-09-25T14:55:36Z,Florida State Seminoles,-45.5,-114.0,2026,2026-09-25T14:56:54Z,1063,,,,c9b00767615fa5b7a6dc411f276300a4ef86c7a9f57831378c42d40f04dc9acc,timestamped_live_quote
2026-09-25T14:56:54Z,752cd9cc9331543601fd37f21b8c7430,2026-09-26T19:00:00Z,Florida State Seminoles,Central Arkansas Bears,draftkings,DraftKings,2026-09-25T14:56:40Z,2026-09-25T14:56:40Z,Central Arkansas Bears,45.5,-110.0,2026,2026-09-25T14:56:54Z,1063,,,,c9b00767615fa5b7a6dc411f276300a4ef86c7a9f57831378c42d40f04dc9acc,timestamped_live_quote
2026-09-25T14:56:54Z,752cd9cc9331543601fd37f21b8c7430,2026-09-26T19:00:00Z,Florida State Seminoles,Central Arkansas Bears,draftkings,DraftKings,2026-09-25T14:56:40Z,2026-09-25T14:56:40Z,Florida State Seminoles,-45.5,-110.0,2026,2026-09-25T14:56:54Z,1063,,,,c9b00767615fa5b7a6dc411f276300a4ef86c7a9f57831378c42d40f04dc9acc,timestamped_live_quote
2026-09-25T14:56:54Z,752cd9cc9331543601fd37f21b8c7430,2026-09-26T19:00:00Z,Florida State Seminoles,Central Arkansas Bears,lowvig,LowVig.ag,2026-09-25T14:56:25Z,2026-09-25T14:56:25Z,Central Arkansas Bears,45.5,-115.0,2026,2026-09-25T14:56:54Z,1063,,,,c9b00767615fa5b7a6dc411f276300a4ef86c7a9f57831378c42d40f04dc9acc,timestamped_live_quote
2026-09-25T14:56:54Z,752cd9cc9331543601fd37f21b8c7430,2026-09-26T19:00:00Z,Florida State Seminoles,Central Arkansas Bears,lowvig,LowVig.ag,2026-09-25T14:56:25Z,2026-09-25T14:56:25Z,Florida State Seminoles,-45.5,-115.0,2026,2026-09-25T14:56:54Z,1063,,,,c9b00767615fa5b7a6dc411f276300a4ef86c7a9f57831378c42d40f04dc9acc,timestamped_live_quote
2026-09-25T14:56:54Z,752cd9cc9331543601fd37f21b8c7430,2026-09-26T19:00:00Z,Florida State Seminoles,Central Arkansas Bears,betonlineag,BetOnline.ag,2026-09-25T14:56:27Z,2026-09-25T14:56:27Z,Central Arkansas Bears,45.5,-115.0,2026,2026-09-25T14:56:54Z,1063,,,,c9b00767615fa5b7a6dc411f276300a4ef86c7a9f57831378c42d40f04dc9acc,timestamped_live_quote
2026-09-25T14:56:54Z,752cd9cc9331543601fd37f21b8c7430,2026-09-26T19:00:00Z,Florida State Seminoles,Central Arkansas Bears,betonlineag,BetOnline.ag,2026-09-25T14:56:27Z,2026-09-25T14:56:27Z,Florida State Seminoles,-45.5,-115.0,2026,2026-09-25T14:56:54Z,1063,,,,c9b00767615fa5b7a6dc411f276300a4ef86c7a9f57831378c42d40f04dc9acc,timestamped_live_quote
2026-09-25T14:56:54Z,fc7c77e060e8ba29a61de994be1497c0,2026-09-26T19:00:00Z,Wyoming Cowboys,Hawaii Rainbow Warriors,fanduel,FanDuel,2026-09-25T14:56:24Z,2026-09-25T14:56:24Z,Hawaii Rainbow Warriors,-2.5,-118.0,2026,2026-09-25T14:56:54Z,1063,,,,c9b00767615fa5b7a6dc411f276300a4ef86c7a9f57831378c42d40f04dc9acc,timestamped_live_quote
2026-09-25T14:56:54Z,fc7c77e060e8ba29a61de994be1497c0,2026-09-26T19:00:00Z,Wyoming Cowboys,Hawaii Rainbow Warriors,fanduel,FanDuel,2026-09-25T14:56:24Z,2026-09-25T14:56:24Z,Wyoming Cowboys,2.5,-104.0,2026,2026-09-25T14:56:54Z,1063,,,,c9b00767615fa5b7a6dc411f276300a4ef86c7a9f57831378c42d40f04dc9acc,timestamped_live_quote
2026-09-25T14:56:54Z,fc7c77e060e8ba29a61de994be1497c0,2026-09-26T19:00:00Z,Wyoming Cowboys,Hawaii Rainbow Warriors,mybookieag,MyBookie.ag,2026-09-25T14:54:56Z,2026-09-25T14:54:56Z,Hawaii Rainbow Warriors,-2.5,-110.0,2026,2026-09-25T14:56:54Z,1063,,,,c9b00767615fa5b7a6dc411f276300a4ef86c7a9f57831378c42d40f04dc9acc,timestamped_live_quote
2026-09-25T14:56:54Z,fc7c77e060e8ba29a61de994be1497c0,2026-09-26T19:00:00Z,Wyoming Cowboys,Hawaii Rainbow Warriors,mybookieag,MyBookie.ag,2026-09-25T14:54:56Z,2026-09-25T14:54:56Z,Wyoming Cowboys,2.5,-110.0,2026,2026-09-25T14:56:54Z,1063,,,,c9b00767615fa5b7a6dc411f276300a4ef86c7a9f57831378c42d40f04dc9acc,timestamped_live_quote
2026-09-25T14:56:54Z,fc7c77e060e8ba29a61de994be1497c0,2026-09-26T19:00:00Z,Wyoming Cowboys,Hawaii Rainbow Warriors,betrivers,BetRivers,2026-09-25T14:55:36Z,2026-09-25T14:55:36Z,Hawaii Rainbow Warriors,-3.0,-107.0,2026,2026-09-25T14:56:54Z,1063,,,,c9b00767615fa5b7a6dc411f276300a4ef86c7a9f57831378c42d40f04dc9acc,timestamped_live_quote
2026-09-25T14:56:54Z,fc7c77e060e8ba29a61de994be1497c0,2026-09-26T19:00:00Z,Wyoming Cowboys,Hawaii Rainbow Warriors,betrivers,BetRivers,2026-09-25T14:55:36Z,2026-09-25T14:55:36Z,Wyoming Cowboys,3.0,-117.0,2026,2026-09-25T14:56:54Z,1063,,,,c9b00767615fa5b7a6dc411f276300a4ef86c7a9f57831378c42d40f04dc9acc,timestamped_live_quote
2026-09-25T14:56:54Z,fc7c77e060e8ba29a61de994be1497c0,2026-09-26T19:00:00Z,Wyoming Cowboys,Hawaii Rainbow Warriors,draftkings,DraftKings,2026-09-25T14:56:40Z,2026-09-25T14:56:40Z,Hawaii Rainbow Warriors,-2.5,-115.0,2026,2026-09-25T14:56:54Z,1063,,,,c9b00767615fa5b7a6dc411f276300a4ef86c7a9f57831378c42d40f04dc9acc,timestamped_live_quote
2026-09-25T14:56:54Z,fc7c77e060e8ba29a61de994be1497c0,2026-09-26T19:00:00Z,Wyoming Cowboys,Hawaii Rainbow Warriors,draftkings,DraftKings,2026-09-25T14:56:40Z,2026-09-25T14:56:40Z,Wyoming Cowboys,2.5,-105.0,2026,2026-09-25T14:56:54Z,1063,,,,c9b00767615fa5b7a6dc411f276300a4ef86c7a9f57831378c42d40f04dc9acc,timestamped_live_quote
2026-09-25T14:56:54Z,fc7c77e060e8ba29a61de994be1497c0,2026-09-26T19:00:00Z,Wyoming Cowboys,Hawaii Rainbow Warriors,betonlineag,BetOnline.ag,2026-09-25T14:56:27Z,2026-09-25T14:56:27Z,Hawaii Rainbow Warriors,-2.0,-112.0,2026,2026-09-25T14:56:54Z,1063,,,,c9b00767615fa5b7a6dc411f276300a4ef86c7a9f57831378c42d40f04dc9acc,timestamped_live_quote
2026-09-25T14:56:54Z,fc7c77e060e8ba29a61de994be1497c0,2026-09-26T19:00:00Z,Wyoming Cowboys,Hawaii Rainbow Warriors,betonlineag,BetOnline.ag,2026-09-25T14:56:27Z,2026-09-25T14:56:27Z,Wyoming Cowboys,2.0,-108.0,2026,2026-09-25T14:56:54Z,1063,,,,c9b00767615fa5b7a6dc411f276300a4ef86c7a9f57831378c42d40f04dc9acc,timestamped_live_quote
2026-09-25T14:56:54Z,fc7c77e060e8ba29a61de994be1497c0,2026-09-26T19:00:00Z,Wyoming Cowboys,Hawaii Rainbow Warriors,lowvig,LowVig.ag,2026-09-25T14:56:25Z,2026-09-25T14:56:25Z,Hawaii Rainbow Warriors,-2.0,-108.0,2026,2026-09-25T14:56:54Z,1063,,,,c9b00767615fa5b7a6dc411f276300a4ef86c7a9f57831378c42d40f04dc9acc,timestamped_live_quote
2026-09-25T14:56:54Z,fc7c77e060e8ba29a61de994be1497c0,2026-09-26T19:00:00Z,Wyoming Cowboys,Hawaii Rainbow Warriors,lowvig,LowVig.ag,2026-09-25T14:56:25Z,2026-09-25T14:56:25Z,Wyoming Cowboys,2.0,-104.0,2026,2026-09-25T14:56:54Z,1063,,,,c9b00767615fa5b7a6dc411f276300a4ef86c7a9f57831378c42d40f04dc9acc,timestamped_live_quote
2026-09-25T14:56:54Z,fc7c77e060e8ba29a61de994be1497c0,2026-09-26T19:00:00Z,Wyoming Cowboys,Hawaii Rainbow Warriors,betmgm,BetMGM,2026-09-25T14:56:42Z,2026-09-25T14:56:42Z,Hawaii Rainbow Warriors,-2.5,-110.0,2026,2026-09-25T14:56:54Z,1063,,,,c9b00767615fa5b7a6dc411f276300a4ef86c7a9f57831378c42d40f04dc9acc,timestamped_live_quote
2026-09-25T14:56:54Z,fc7c77e060e8ba29a61de994be1497c0,2026-09-26T19:00:00Z,Wyoming Cowboys,Hawaii Rainbow Warriors,betmgm,BetMGM,2026-09-25T14:56:42Z,2026-09-25T14:56:42Z,Wyoming Cowboys,2.5,-108.0,2026,2026-09-25T14:56:54Z,1063,,,,c9b00767615fa5b7a6dc411f276300a4ef86c7a9f57831378c42d40f04dc9acc,timestamped_live_quote
2026-09-25T14:56:54Z,fc7c77e060e8ba29a61de994be1497c0,2026-09-26T19:00:00Z,Wyoming Cowboys,Hawaii Rainbow Warriors,betus,BetUS,2026-09-25T14:55:47Z,2026-09-25T14:55:47Z,Hawaii Rainbow Warriors,-2.5,-110.0,2026,2026-09-25T14:56:54Z,1063,,,,c9b00767615fa5b7a6dc411f276300a4ef86c7a9f57831378c42d40f04dc9acc,timestamped_live_quote
2026-09-25T14:56:54Z,fc7c77e060e8ba29a61de994be1497c0,2026-09-26T19:00:00Z,Wyoming Cowboys,Hawaii Rainbow Warriors,betus,BetUS,2026-09-25T14:55:47Z,2026-09-25T14:55:47Z,Wyoming Cowboys,2.5,-110.0,2026,2026-09-25T14:56:54Z,1063,,,,c9b00767615fa5b7a6dc411f276300a4ef86c7a9f57831378c42d40f04dc9acc,timestamped_live_quote
2026-09-25T14:56:54Z,fc7c77e060e8ba29a61de994be1497c0,2026-09-26T19:00:00Z,Wyoming Cowboys,Hawaii Rainbow Warriors,bovada,Bovada,2026-09-25T14:55:35Z,2026-09-25T14:55:35Z,Hawaii Rainbow Warriors,-2.5,-115.0,2026,2026-09-25T14:56:54Z,1063,,,,c9b00767615fa5b7a6dc411f276300a4ef86c7a9f57831378c42d40f04dc9acc,timestamped_live_quote
2026-09-25T14:56:54Z,fc7c77e060e8ba29a61de994be1497c0,2026-09-26T19:00:00Z,Wyoming Cowboys,Hawaii Rainbow Warriors,bovada,Bovada,2026-09-25T14:55:35Z,2026-09-25T14:55:35Z,Wyoming Cowboys,2.5,-105.0,2026,2026-09-25T14:56:54Z,1063,,,,c9b00767615fa5b7a6dc411f276300a4ef86c7a9f57831378c42d40f04dc9acc,timestamped_live_quote
2026-09-25T14:56:54Z,f0985218c2ed146bb0295c4e9c4a0dd7,2026-09-26T19:30:00Z,Western Michigan Broncos,Boise State Broncos,draftkings,DraftKings,2026-09-25T14:56:40Z,2026-09-25T14:56:40Z,Boise State Broncos,-7.0,-112.0,2026,2026-09-25T14:56:54Z,1063,,,,c9b00767615fa5b7a6dc411f276300a4ef86c7a9f57831378c42d40f04dc9acc,timestamped_live_quote
2026-09-25T14:56:54Z,f0985218c2ed146bb0295c4e9c4a0dd7,2026-09-26T19:30:00Z,Western Michigan Broncos,Boise State Broncos,draftkings,DraftKings,2026-09-25T14:56:40Z,2026-09-25T14:56:40Z,Western Michigan Broncos,7.0,-108.0,2026,2026-09-25T14:56:54Z,1063,,,,c9b00767615fa5b7a6dc411f276300a4ef86c7a9f57831378c42d40f04dc9acc,timestamped_live_quote
2026-09-25T14:56:54Z,f0985218c2ed146bb0295c4e9c4a0dd7,2026-09-26T19:30:00Z,Western Michigan Broncos,Boise State Broncos,fanduel,FanDuel,2026-09-25T14:56:24Z,2026-09-25T14:56:24Z,Boise State Broncos,-7.5,100.0,2026,2026-09-25T14:56:54Z,1063,,,,c9b00767615fa5b7a6dc411f276300a4ef86c7a9f57831378c42d40f04dc9acc,timestamped_live_quote
2026-09-25T14:56:54Z,f0985218c2ed146bb0295c4e9c4a0dd7,2026-09-26T19:30:00Z,Western Michigan Broncos,Boise State Broncos,fanduel,FanDuel,2026-09-25T14:56:24Z,2026-09-25T14:56:24Z,Western Michigan Broncos,7.5,-122.0,2026,2026-09-25T14:56:54Z,1063,,,,c9b00767615fa5b7a6dc411f276300a4ef86c7a9f57831378c42d40f04dc9acc,timestamped_live_quote
2026-09-25T14:56:54Z,f0985218c2ed146bb0295c4e9c4a0dd7,2026-09-26T19:30:00Z,Western Michigan Broncos,Boise State Broncos,mybookieag,MyBookie.ag,2026-09-25T14:54:56Z,2026-09-25T14:54:56Z,Boise State Broncos,-7.0,-110.0,2026,2026-09-25T14:56:54Z,1063,,,,c9b00767615fa5b7a6dc411f276300a4ef86c7a9f57831378c42d40f04dc9acc,timestamped_live_quote
2026-09-25T14:56:54Z,f0985218c2ed146bb0295c4e9c4a0dd7,2026-09-26T19:30:00Z,Western Michigan Broncos,Boise State Broncos,mybookieag,MyBookie.ag,2026-09-25T14:54:56Z,2026-09-25T14:54:56Z,Western Michigan Broncos,7.0,-110.0,2026,2026-09-25T14:56:54Z,1063,,,,c9b00767615fa5b7a6dc411f276300a4ef86c7a9f57831378c42d40f04dc9acc,timestamped_live_quote
2026-09-25T14:56:54Z,f0985218c2ed146bb0295c4e9c4a0dd7,2026-09-26T19:30:00Z,Western Michigan Broncos,Boise State Broncos,betrivers,BetRivers,2026-09-25T14:55:36Z,2026-09-25T14:55:36Z,Boise State Broncos,-7.0,-115.0,2026,2026-09-25T14:56:54Z,1063,,,,c9b00767615fa5b7a6dc411f276300a4ef86c7a9f57831378c42d40f04dc9acc,timestamped_live_quote
2026-09-25T14:56:54Z,f0985218c2ed146bb0295c4e9c4a0dd7,2026-09-26T19:30:00Z,Western Michigan Broncos,Boise State Broncos,betrivers,BetRivers,2026-09-25T14:55:36Z,2026-09-25T14:55:36Z,Western Michigan Broncos,7.0,-108.0,2026,2026-09-25T14:56:54Z,1063,,,,c9b00767615fa5b7a6dc411f276300a4ef86c7a9f57831378c42d40f04dc9acc,timestamped_live_quote
2026-09-25T14:56:54Z,f0985218c2ed146bb0295c4e9c4a0dd7,2026-09-26T19:30:00Z,Western Michigan Broncos,Boise State Broncos,lowvig,LowVig.ag,2026-09-25T14:56:25Z,2026-09-25T14:56:25Z,Boise State Broncos,-7.0,-111.0,2026,2026-09-25T14:56:54Z,1063,,,,c9b00767615fa5b7a6dc411f276300a4ef86c7a9f57831378c42d40f04dc9acc,timestamped_live_quote
2026-09-25T14:56:54Z,f0985218c2ed146bb0295c4e9c4a0dd7,2026-09-26T19:30:00Z,Western Michigan Broncos,Boise State Broncos,lowvig,LowVig.ag,2026-09-25T14:56:25Z,2026-09-25T14:56:25Z,Western Michigan Broncos,7.0,-101.0,2026,2026-09-25T14:56:54Z,1063,,,,c9b00767615fa5b7a6dc411f276300a4ef86c7a9f57831378c42d40f04dc9acc,timestamped_live_quote
2026-09-25T14:56:54Z,f0985218c2ed146bb0295c4e9c4a0dd7,2026-09-26T19:30:00Z,Western Michigan Broncos,Boise State Broncos,betonlineag,BetOnline.ag,2026-09-25T14:56:27Z,2026-09-25T14:56:27Z,Boise State Broncos,-7.0,-115.0,2026,2026-09-25T14:56:54Z,1063,,,,c9b00767615fa5b7a6dc411f276300a4ef86c7a9f57831378c42d40f04dc9acc,timestamped_live_quote
2026-09-25T14:56:54Z,f0985218c2ed146bb0295c4e9c4a0dd7,2026-09-26T19:30:00Z,Western Michigan Broncos,Boise State Broncos,betonlineag,BetOnline.ag,2026-09-25T14:56:27Z,2026-09-25T14:56:27Z,Western Michigan Broncos,7.0,-105.0,2026,2026-09-25T14:56:54Z,1063,,,,c9b00767615fa5b7a6dc411f276300a4ef86c7a9f57831378c42d40f04dc9acc,timestamped_live_quote
2026-09-25T14:56:54Z,f0985218c2ed146bb0295c4e9c4a0dd7,2026-09-26T19:30:00Z,Western Michigan Broncos,Boise State Broncos,betmgm,BetMGM,2026-09-25T14:56:42Z,2026-09-25T14:56:42Z,Boise State Broncos,-7.0,-112.0,2026,2026-09-25T14:56:54Z,1063,,,,c9b00767615fa5b7a6dc411f276300a4ef86c7a9f57831378c42d40f04dc9acc,timestamped_live_quote
2026-09-25T14:56:54Z,f0985218c2ed146bb0295c4e9c4a0dd7,2026-09-26T19:30:00Z,Western Michigan Broncos,Boise State Broncos,betmgm,BetMGM,2026-09-25T14:56:42Z,2026-09-25T14:56:42Z,Western Michigan Broncos,7.0,-105.0,2026,2026-09-25T14:56:54Z,1063,,,,c9b00767615fa5b7a6dc411f276300a4ef86c7a9f57831378c42d40f04dc9acc,timestamped_live_quote
2026-09-25T14:56:54Z,f0985218c2ed146bb0295c4e9c4a0dd7,2026-09-26T19:30:00Z,Western Michigan Broncos,Boise State Broncos,betus,BetUS,2026-09-25T14:55:47Z,2026-09-25T14:55:47Z,Boise State Broncos,-7.0,-115.0,2026,2026-09-25T14:56:54Z,1063,,,,c9b00767615fa5b7a6dc411f276300a4ef86c7a9f57831378c42d40f04dc9acc,timestamped_live_quote
2026-09-25T14:56:54Z,f0985218c2ed146bb0295c4e9c4a0dd7,2026-09-26T19:30:00Z,Western Michigan Broncos,Boise State Broncos,betus,BetUS,2026-09-25T14:55:47Z,2026-09-25T14:55:47Z,Western Michigan Broncos,7.0,-105.0,2026,2026-09-25T14:56:54Z,1063,,,,c9b00767615fa5b7a6dc411f276300a4ef86c7a9f57831378c42d40f04dc9acc,timestamped_live_quote
2026-09-25T14:56:54Z,f0985218c2ed146bb0295c4e9c4a0dd7,2026-09-26T19:30:00Z,Western Michigan Broncos,Boise State Broncos,bovada,Bovada,2026-09-25T14:55:35Z,2026-09-25T14:55:35Z,Boise State Broncos,-7.5,-105.0,2026,2026-09-25T14:56:54Z,1063,,,,c9b00767615fa5b7a6dc411f276300a4ef86c7a9f57831378c42d40f04dc9acc,timestamped_live_quote
2026-09-25T14:56:54Z,f0985218c2ed146bb0295c4e9c4a0dd7,2026-09-26T19:30:00Z,Western Michigan Broncos,Boise State Broncos,bovada,Bovada,2026-09-25T14:55:35Z,2026-09-25T14:55:35Z,Western Michigan Broncos,7.5,-115.0,2026,2026-09-25T14:56:54Z,1063,,,,c9b00767615fa5b7a6dc411f276300a4ef86c7a9f57831378c42d40f04dc9acc,timestamped_live_quote
2026-09-25T14:56:54Z,cb572f5b26d6a57bdac171baff0aec1c,2026-09-26T19:30:00Z,Buffalo Bulls,Robert Morris Colonials,fanduel,FanDuel,2026-09-25T14:56:24Z,2026-09-25T14:56:24Z,Buffalo Bulls,-28.5,-114.0,2026,2026-09-25T14:56:54Z,1063,,,,c9b00767615fa5b7a6dc411f276300a4ef86c7a9f57831378c42d40f04dc9acc,timestamped_live_quote
2026-09-25T14:56:54Z,cb572f5b26d6a57bdac171baff0aec1c,2026-09-26T19:30:00Z,Buffalo Bulls,Robert Morris Colonials,fanduel,FanDuel,2026-09-25T14:56:24Z,2026-09-25T14:56:24Z,Robert Morris Colonials,28.5,-106.0,2026,2026-09-25T14:56:54Z,1063,,,,c9b00767615fa5b7a6dc411f276300a4ef86c7a9f57831378c42d40f04dc9acc,timestamped_live_quote
2026-09-25T14:56:54Z,cb572f5b26d6a57bdac171baff0aec1c,2026-09-26T19:30:00Z,Buffalo Bulls,Robert Morris Colonials,betrivers,BetRivers,2026-09-25T14:55:36Z,2026-09-25T14:55:36Z,Buffalo Bulls,-28.0,-124.0,2026,2026-09-25T14:56:54Z,1063,,,,c9b00767615fa5b7a6dc411f276300a4ef86c7a9f57831378c42d40f04dc9acc,timestamped_live_quote
2026-09-25T14:56:54Z,cb572f5b26d6a57bdac171baff0aec1c,2026-09-26T19:30:00Z,Buffalo Bulls,Robert Morris Colonials,betrivers,BetRivers,2026-09-25T14:55:36Z,2026-09-25T14:55:36Z,Robert Morris Colonials,28.0,-117.0,2026,2026-09-25T14:56:54Z,1063,,,,c9b00767615fa5b7a6dc411f276300a4ef86c7a9f57831378c42d40f04dc9acc,timestamped_live_quote
2026-09-25T14:56:54Z,cb572f5b26d6a57bdac171baff0aec1c,2026-09-26T19:30:00Z,Buffalo Bulls,Robert Morris Colonials,draftkings,DraftKings,2026-09-25T14:56:40Z,2026-09-25T14:56:40Z,Buffalo Bulls,-28.5,-110.0,2026,2026-09-25T14:56:54Z,1063,,,,c9b00767615fa5b7a6dc411f276300a4ef86c7a9f57831378c42d40f04dc9acc,timestamped_live_quote
2026-09-25T14:56:54Z,cb572f5b26d6a57bdac171baff0aec1c,2026-09-26T19:30:00Z,Buffalo Bulls,Robert Morris Colonials,draftkings,DraftKings,2026-09-25T14:56:40Z,2026-09-25T14:56:40Z,Robert Morris Colonials,28.5,-110.0,2026,2026-09-25T14:56:54Z,1063,,,,c9b00767615fa5b7a6dc411f276300a4ef86c7a9f57831378c42d40f04dc9acc,timestamped_live_quote
2026-09-25T14:56:54Z,cb572f5b26d6a57bdac171baff0aec1c,2026-09-26T19:30:00Z,Buffalo Bulls,Robert Morris Colonials,lowvig,LowVig.ag,2026-09-25T14:56:25Z,2026-09-25T14:56:25Z,Buffalo Bulls,-28.5,-115.0,2026,2026-09-25T14:56:54Z,1063,,,,c9b00767615fa5b7a6dc411f276300a4ef86c7a9f57831378c42d40f04dc9acc,timestamped_live_quote
2026-09-25T14:56:54Z,cb572f5b26d6a57bdac171baff0aec1c,2026-09-26T19:30:00Z,Buffalo Bulls,Robert Morris Colonials,lowvig,LowVig.ag,2026-09-25T14:56:25Z,2026-09-25T14:56:25Z,Robert Morris Colonials,28.5,-115.0,2026,2026-09-25T14:56:54Z,1063,,,,c9b00767615fa5b7a6dc411f276300a4ef86c7a9f57831378c42d40f04dc9acc,timestamped_live_quote
2026-09-25T14:56:54Z,cb572f5b26d6a57bdac171baff0aec1c,2026-09-26T19:30:00Z,Buffalo Bulls,Robert Morris Colonials,betonlineag,BetOnline.ag,2026-09-25T14:56:27Z,2026-09-25T14:56:27Z,Buffalo Bulls,-28.5,-115.0,2026,2026-09-25T14:56:54Z,1063,,,,c9b00767615fa5b7a6dc411f276300a4ef86c7a9f57831378c42d40f04dc9acc,timestamped_live_quote
2026-09-25T14:56:54Z,cb572f5b26d6a57bdac171baff0aec1c,2026-09-26T19:30:00Z,Buffalo Bulls,Robert Morris Colonials,betonlineag,BetOnline.ag,2026-09-25T14:56:27Z,2026-09-25T14:56:27Z,Robert Morris Colonials,28.5,-115.0,2026,2026-09-25T14:56:54Z,1063,,,,c9b00767615fa5b7a6dc411f276300a4ef86c7a9f57831378c42d40f04dc9acc,timestamped_live_quote
2026-09-25T14:56:54Z,e7aa82b55e371e67938eb4c52562f155,2026-09-26T19:30:00Z,Duke Blue Devils,William and Mary Tribe,fanduel,FanDuel,2026-09-25T14:56:24Z,2026-09-25T14:56:24Z,Duke Blue Devils,-43.5,-110.0,2026,2026-09-25T14:56:54Z,1063,,,,c9b00767615fa5b7a6dc411f276300a4ef86c7a9f57831378c42d40f04dc9acc,timestamped_live_quote
2026-09-25T14:56:54Z,e7aa82b55e371e67938eb4c52562f155,2026-09-26T19:30:00Z,Duke Blue Devils,William and Mary Tribe,fanduel,FanDuel,2026-09-25T14:56:24Z,2026-09-25T14:56:24Z,William and Mary Tribe,43.5,-110.0,2026,2026-09-25T14:56:54Z,1063,,,,c9b00767615fa5b7a6dc411f276300a4ef86c7a9f57831378c42d40f04dc9acc,timestamped_live_quote
2026-09-25T14:56:54Z,e7aa82b55e371e67938eb4c52562f155,2026-09-26T19:30:00Z,Duke Blue Devils,William and Mary Tribe,betrivers,BetRivers,2026-09-25T14:55:36Z,2026-09-25T14:55:36Z,Duke Blue Devils,-43.5,-113.0,2026,2026-09-25T14:56:54Z,1063,,,,c9b00767615fa5b7a6dc411f276300a4ef86c7a9f57831378c42d40f04dc9acc,timestamped_live_quote
2026-09-25T14:56:54Z,e7aa82b55e371e67938eb4c52562f155,2026-09-26T19:30:00Z,Duke Blue Devils,William and Mary Tribe,betrivers,BetRivers,2026-09-25T14:55:36Z,2026-09-25T14:55:36Z,William and Mary Tribe,43.5,-110.0,2026,2026-09-25T14:56:54Z,1063,,,,c9b00767615fa5b7a6dc411f276300a4ef86c7a9f57831378c42d40f04dc9acc,timestamped_live_quote
2026-09-25T14:56:54Z,e7aa82b55e371e67938eb4c52562f155,2026-09-26T19:30:00Z,Duke Blue Devils,William and Mary Tribe,draftkings,DraftKings,2026-09-25T14:56:40Z,2026-09-25T14:56:40Z,Duke Blue Devils,-43.5,-115.0,2026,2026-09-25T14:56:54Z,1063,,,,c9b00767615fa5b7a6dc411f276300a4ef86c7a9f57831378c42d40f04dc9acc,timestamped_live_quote
2026-09-25T14:56:54Z,e7aa82b55e371e67938eb4c52562f155,2026-09-26T19:30:00Z,Duke Blue Devils,William and Mary Tribe,draftkings,DraftKings,2026-09-25T14:56:40Z,2026-09-25T14:56:40Z,William and Mary Tribe,43.5,-105.0,2026,2026-09-25T14:56:54Z,1063,,,,c9b00767615fa5b7a6dc411f276300a4ef86c7a9f57831378c42d40f04dc9acc,timestamped_live_quote
2026-09-25T14:56:54Z,e7aa82b55e371e67938eb4c52562f155,2026-09-26T19:30:00Z,Duke Blue Devils,William and Mary Tribe,lowvig,LowVig.ag,2026-09-25T14:56:25Z,2026-09-25T14:56:25Z,Duke Blue Devils,-43.5,-120.0,2026,2026-09-25T14:56:54Z,1063,,,,c9b00767615fa5b7a6dc411f276300a4ef86c7a9f57831378c42d40f04dc9acc,timestamped_live_quote
2026-09-25T14:56:54Z,e7aa82b55e371e67938eb4c52562f155,2026-09-26T19:30:00Z,Duke Blue Devils,William and Mary Tribe,lowvig,LowVig.ag,2026-09-25T14:56:25Z,2026-09-25T14:56:25Z,William and Mary Tribe,43.5,-110.0,2026,2026-09-25T14:56:54Z,1063,,,,c9b00767615fa5b7a6dc411f276300a4ef86c7a9f57831378c42d40f04dc9acc,timestamped_live_quote
2026-09-25T14:56:54Z,e7aa82b55e371e67938eb4c52562f155,2026-09-26T19:30:00Z,Duke Blue Devils,William and Mary Tribe,betonlineag,BetOnline.ag,2026-09-25T14:56:27Z,2026-09-25T14:56:27Z,Duke Blue Devils,-43.5,-120.0,2026,2026-09-25T14:56:54Z,1063,,,,c9b00767615fa5b7a6dc411f276300a4ef86c7a9f57831378c42d40f04dc9acc,timestamped_live_quote
2026-09-25T14:56:54Z,e7aa82b55e371e67938eb4c52562f155,2026-09-26T19:30:00Z,Duke Blue Devils,William and Mary Tribe,betonlineag,BetOnline.ag,2026-09-25T14:56:27Z,2026-09-25T14:56:27Z,William and Mary Tribe,43.5,-110.0,2026,2026-09-25T14:56:54Z,1063,,,,c9b00767615fa5b7a6dc411f276300a4ef86c7a9f57831378c42d40f04dc9acc,timestamped_live_quote
2026-09-25T14:56:54Z,886538e98f0884df3d655d9d2d2ca567,2026-09-26T19:30:00Z,Florida Gators,Ole Miss Rebels,draftkings,DraftKings,2026-09-25T14:56:40Z,2026-09-25T14:56:40Z,Florida Gators,-3.5,-105.0,2026,2026-09-25T14:56:54Z,1063,,,,c9b00767615fa5b7a6dc411f276300a4ef86c7a9f57831378c42d40f04dc9acc,timestamped_live_quote
2026-09-25T14:56:54Z,886538e98f0884df3d655d9d2d2ca567,2026-09-26T19:30:00Z,Florida Gators,Ole Miss Rebels,draftkings,DraftKings,2026-09-25T14:56:40Z,2026-09-25T14:56:40Z,Ole Miss Rebels,3.5,-115.0,2026,2026-09-25T14:56:54Z,1063,,,,c9b00767615fa5b7a6dc411f276300a4ef86c7a9f57831378c42d40f04dc9acc,timestamped_live_quote
2026-09-25T14:56:54Z,886538e98f0884df3d655d9d2d2ca567,2026-09-26T19:30:00Z,Florida Gators,Ole Miss Rebels,fanduel,FanDuel,2026-09-25T14:56:24Z,2026-09-25T14:56:24Z,Florida Gators,-3.5,-104.0,2026,2026-09-25T14:56:54Z,1063,,,,c9b00767615fa5b7a6dc411f276300a4ef86c7a9f57831378c42d40f04dc9acc,timestamped_live_quote
2026-09-25T14:56:54Z,886538e98f0884df3d655d9d2d2ca567,2026-09-26T19:30:00Z,Florida Gators,Ole Miss Rebels,fanduel,FanDuel,2026-09-25T14:56:24Z,2026-09-25T14:56:24Z,Ole Miss Rebels,3.5,-118.0,2026,2026-09-25T14:56:54Z,1063,,,,c9b00767615fa5b7a6dc411f276300a4ef86c7a9f57831378c42d40f04dc9acc,timestamped_live_quote
2026-09-25T14:56:54Z,886538e98f0884df3d655d9d2d2ca567,2026-09-26T19:30:00Z,Florida Gators,Ole Miss Rebels,mybookieag,MyBookie.ag,2026-09-25T14:54:56Z,2026-09-25T14:54:56Z,Florida Gators,-3.5,100.0,2026,2026-09-25T14:56:54Z,1063,,,,c9b00767615fa5b7a6dc411f276300a4ef86c7a9f57831378c42d40f04dc9acc,timestamped_live_quote
2026-09-25T14:56:54Z,886538e98f0884df3d655d9d2d2ca567,2026-09-26T19:30:00Z,Florida Gators,Ole Miss Rebels,mybookieag,MyBookie.ag,2026-09-25T14:54:56Z,2026-09-25T14:54:56Z,Ole Miss Rebels,3.5,-120.0,2026,2026-09-25T14:56:54Z,1063,,,,c9b00767615fa5b7a6dc411f276300a4ef86c7a9f57831378c42d40f04dc9acc,timestamped_live_quote
2026-09-25T14:56:54Z,886538e98f0884df3d655d9d2d2ca567,2026-09-26T19:30:00Z,Florida Gators,Ole Miss Rebels,betmgm,BetMGM,2026-09-25T14:56:42Z,2026-09-25T14:56:42Z,Florida Gators,-3.5,-105.0,2026,2026-09-25T14:56:54Z,1063,,,,c9b00767615fa5b7a6dc411f276300a4ef86c7a9f57831378c42d40f04dc9acc,timestamped_live_quote
2026-09-25T14:56:54Z,886538e98f0884df3d655d9d2d2ca567,2026-09-26T19:30:00Z,Florida Gators,Ole Miss Rebels,betmgm,BetMGM,2026-09-25T14:56:42Z,2026-09-25T14:56:42Z,Ole Miss Rebels,3.5,-115.0,2026,2026-09-25T14:56:54Z,1063,,,,c9b00767615fa5b7a6dc411f276300a4ef86c7a9f57831378c42d40f04dc9acc,timestamped_live_quote
2026-09-25T14:56:54Z,886538e98f0884df3d655d9d2d2ca567,2026-09-26T19:30:00Z,Florida Gators,Ole Miss Rebels,betrivers,BetRivers,2026-09-25T14:55:36Z,2026-09-25T14:55:36Z,Florida Gators,-3.5,-104.0,2026,2026-09-25T14:56:54Z,1063,,,,c9b00767615fa5b7a6dc411f276300a4ef86c7a9f57831378c42d40f04dc9acc,timestamped_live_quote
2026-09-25T14:56:54Z,886538e98f0884df3d655d9d2d2ca567,2026-09-26T19:30:00Z,Florida Gators,Ole Miss Rebels,betrivers,BetRivers,2026-09-25T14:55:36Z,2026-09-25T14:55:36Z,Ole Miss Rebels,3.5,-121.0,2026,2026-09-25T14:56:54Z,1063,,,,c9b00767615fa5b7a6dc411f276300a4ef86c7a9f57831378c42d40f04dc9acc,timestamped_live_quote
2026-09-25T14:56:54Z,886538e98f0884df3d655d9d2d2ca567,2026-09-26T19:30:00Z,Florida Gators,Ole Miss Rebels,betonlineag,BetOnline.ag,2026-09-25T14:56:27Z,2026-09-25T14:56:27Z,Florida Gators,-3.5,-105.0,2026,2026-09-25T14:56:54Z,1063,,,,c9b00767615fa5b7a6dc411f276300a4ef86c7a9f57831378c42d40f04dc9acc,timestamped_live_quote
2026-09-25T14:56:54Z,886538e98f0884df3d655d9d2d2ca567,2026-09-26T19:30:00Z,Florida Gators,Ole Miss Rebels,betonlineag,BetOnline.ag,2026-09-25T14:56:27Z,2026-09-25T14:56:27Z,Ole Miss Rebels,3.5,-115.0,2026,2026-09-25T14:56:54Z,1063,,,,c9b00767615fa5b7a6dc411f276300a4ef86c7a9f57831378c42d40f04dc9acc,timestamped_live_quote
2026-09-25T14:56:54Z,886538e98f0884df3d655d9d2d2ca567,2026-09-26T19:30:00Z,Florida Gators,Ole Miss Rebels,betus,BetUS,2026-09-25T14:55:47Z,2026-09-25T14:55:47Z,Florida Gators,-3.5,-110.0,2026,2026-09-25T14:56:54Z,1063,,,,c9b00767615fa5b7a6dc411f276300a4ef86c7a9f57831378c42d40f04dc9acc,timestamped_live_quote
2026-09-25T14:56:54Z,886538e98f0884df3d655d9d2d2ca567,2026-09-26T19:30:00Z,Florida Gators,Ole Miss Rebels,betus,BetUS,2026-09-25T14:55:47Z,2026-09-25T14:55:47Z,Ole Miss Rebels,3.5,-110.0,2026,2026-09-25T14:56:54Z,1063,,,,c9b00767615fa5b7a6dc411f276300a4ef86c7a9f57831378c42d40f04dc9acc,timestamped_live_quote
2026-09-25T14:56:54Z,886538e98f0884df3d655d9d2d2ca567,2026-09-26T19:30:00Z,Florida Gators,Ole Miss Rebels,bovada,Bovada,2026-09-25T14:55:35Z,2026-09-25T14:55:35Z,Florida Gators,-3.5,-105.0,2026,2026-09-25T14:56:54Z,1063,,,,c9b00767615fa5b7a6dc411f276300a4ef86c7a9f57831378c42d40f04dc9acc,timestamped_live_quote
2026-09-25T14:56:54Z,886538e98f0884df3d655d9d2d2ca567,2026-09-26T19:30:00Z,Florida Gators,Ole Miss Rebels,bovada,Bovada,2026-09-25T14:55:35Z,2026-09-25T14:55:35Z,Ole Miss Rebels,3.5,-115.0,2026,2026-09-25T14:56:54Z,1063,,,,c9b00767615fa5b7a6dc411f276300a4ef86c7a9f57831378c42d40f04dc9acc,timestamped_live_quote
2026-09-25T14:56:54Z,3085dd56723d1a49474711989dcda5bd,2026-09-26T19:30:00Z,Marshall Thundering Herd,Gardner-Webb Runnin Bulldogs,fanduel,FanDuel,2026-09-25T14:56:24Z,2026-09-25T14:56:24Z,Gardner-Webb Runnin Bulldogs,23.5,-110.0,2026,2026-09-25T14:56:54Z,1063,,,,c9b00767615fa5b7a6dc411f276300a4ef86c7a9f57831378c42d40f04dc9acc,timestamped_live_quote
2026-09-25T14:56:54Z,3085dd56723d1a49474711989dcda5bd,2026-09-26T19:30:00Z,Marshall Thundering Herd,Gardner-Webb Runnin Bulldogs,fanduel,FanDuel,2026-09-25T14:56:24Z,2026-09-25T14:56:24Z,Marshall Thundering Herd,-23.5,-110.0,2026,2026-09-25T14:56:54Z,1063,,,,c9b00767615fa5b7a6dc411f276300a4ef86c7a9f57831378c42d40f04dc9acc,timestamped_live_quote
2026-09-25T14:56:54Z,3085dd56723d1a49474711989dcda5bd,2026-09-26T19:30:00Z,Marshall Thundering Herd,Gardner-Webb Runnin Bulldogs,betrivers,BetRivers,2026-09-25T14:55:36Z,2026-09-25T14:55:36Z,Gardner-Webb Runnin Bulldogs,23.5,112.0,2026,2026-09-25T14:56:54Z,1063,,,,c9b00767615fa5b7a6dc411f276300a4ef86c7a9f57831378c42d40f04dc9acc,timestamped_live_quote
2026-09-25T14:56:54Z,3085dd56723d1a49474711989dcda5bd,2026-09-26T19:30:00Z,Marshall Thundering Herd,Gardner-Webb Runnin Bulldogs,betrivers,BetRivers,2026-09-25T14:55:36Z,2026-09-25T14:55:36Z,Marshall Thundering Herd,-23.5,-137.0,2026,2026-09-25T14:56:54Z,1063,,,,c9b00767615fa5b7a6dc411f276300a4ef86c7a9f57831378c42d40f04dc9acc,timestamped_live_quote
2026-09-25T14:56:54Z,3085dd56723d1a49474711989dcda5bd,2026-09-26T19:30:00Z,Marshall Thundering Herd,Gardner-Webb Runnin Bulldogs,draftkings,DraftKings,2026-09-25T14:56:40Z,2026-09-25T14:56:40Z,Gardner-Webb Runnin Bulldogs,23.5,-110.0,2026,2026-09-25T14:56:54Z,1063,,,,c9b00767615fa5b7a6dc411f276300a4ef86c7a9f57831378c42d40f04dc9acc,timestamped_live_quote
2026-09-25T14:56:54Z,3085dd56723d1a49474711989dcda5bd,2026-09-26T19:30:00Z,Marshall Thundering Herd,Gardner-Webb Runnin Bulldogs,draftkings,DraftKings,2026-09-25T14:56:40Z,2026-09-25T14:56:40Z,Marshall Thundering Herd,-23.5,-110.0,2026,2026-09-25T14:56:54Z,1063,,,,c9b00767615fa5b7a6dc411f276300a4ef86c7a9f57831378c42d40f04dc9acc,timestamped_live_quote
2026-09-25T14:56:54Z,3085dd56723d1a49474711989dcda5bd,2026-09-26T19:30:00Z,Marshall Thundering Herd,Gardner-Webb Runnin Bulldogs,lowvig,LowVig.ag,2026-09-25T14:56:25Z,2026-09-25T14:56:25Z,Gardner-Webb Runnin Bulldogs,23.5,-115.0,2026,2026-09-25T14:56:54Z,1063,,,,c9b00767615fa5b7a6dc411f276300a4ef86c7a9f57831378c42d40f04dc9acc,timestamped_live_quote
2026-09-25T14:56:54Z,3085dd56723d1a49474711989dcda5bd,2026-09-26T19:30:00Z,Marshall Thundering Herd,Gardner-Webb Runnin Bulldogs,lowvig,LowVig.ag,2026-09-25T14:56:25Z,2026-09-25T14:56:25Z,Marshall Thundering Herd,-23.5,-115.0,2026,2026-09-25T14:56:54Z,1063,,,,c9b00767615fa5b7a6dc411f276300a4ef86c7a9f57831378c42d40f04dc9acc,timestamped_live_quote
2026-09-25T14:56:54Z,3085dd56723d1a49474711989dcda5bd,2026-09-26T19:30:00Z,Marshall Thundering Herd,Gardner-Webb Runnin Bulldogs,betonlineag,BetOnline.ag,2026-09-25T14:56:27Z,2026-09-25T14:56:27Z,Gardner-Webb Runnin Bulldogs,23.5,-115.0,2026,2026-09-25T14:56:54Z,1063,,,,c9b00767615fa5b7a6dc411f276300a4ef86c7a9f57831378c42d40f04dc9acc,timestamped_live_quote
2026-09-25T14:56:54Z,3085dd56723d1a49474711989dcda5bd,2026-09-26T19:30:00Z,Marshall Thundering Herd,Gardner-Webb Runnin Bulldogs,betonlineag,BetOnline.ag,2026-09-25T14:56:27Z,2026-09-25T14:56:27Z,Marshall Thundering Herd,-23.5,-115.0,2026,2026-09-25T14:56:54Z,1063,,,,c9b00767615fa5b7a6dc411f276300a4ef86c7a9f57831378c42d40f04dc9acc,timestamped_live_quote
2026-09-25T14:56:54Z,3848eaee7484034f3604aed922649c4e,2026-09-26T19:30:00Z,Georgia Bulldogs,Oklahoma Sooners,draftkings,DraftKings,2026-09-25T14:56:40Z,2026-09-25T14:56:40Z,Georgia Bulldogs,-13.5,-112.0,2026,2026-09-25T14:56:54Z,1063,,,,c9b00767615fa5b7a6dc411f276300a4ef86c7a9f57831378c42d40f04dc9acc,timestamped_live_quote
2026-09-25T14:56:54Z,3848eaee7484034f3604aed922649c4e,2026-09-26T19:30:00Z,Georgia Bulldogs,Oklahoma Sooners,draftkings,DraftKings,2026-09-25T14:56:40Z,2026-09-25T14:56:40Z,Oklahoma Sooners,13.5,-108.0,2026,2026-09-25T14:56:54Z,1063,,,,c9b00767615fa5b7a6dc411f276300a4ef86c7a9f57831378c42d40f04dc9acc,timestamped_live_quote
2026-09-25T14:56:54Z,3848eaee7484034f3604aed922649c4e,2026-09-26T19:30:00Z,Georgia Bulldogs,Oklahoma Sooners,mybookieag,MyBookie.ag,2026-09-25T14:54:56Z,2026-09-25T14:54:56Z,Georgia Bulldogs,-13.5,-110.0,2026,2026-09-25T14:56:54Z,1063,,,,c9b00767615fa5b7a6dc411f276300a4ef86c7a9f57831378c42d40f04dc9acc,timestamped_live_quote
2026-09-25T14:56:54Z,3848eaee7484034f3604aed922649c4e,2026-09-26T19:30:00Z,Georgia Bulldogs,Oklahoma Sooners,mybookieag,MyBookie.ag,2026-09-25T14:54:56Z,2026-09-25T14:54:56Z,Oklahoma Sooners,13.5,-110.0,2026,2026-09-25T14:56:54Z,1063,,,,c9b00767615fa5b7a6dc411f276300a4ef86c7a9f57831378c42d40f04dc9acc,timestamped_live_quote
2026-09-25T14:56:54Z,3848eaee7484034f3604aed922649c4e,2026-09-26T19:30:00Z,Georgia Bulldogs,Oklahoma Sooners,fanduel,FanDuel,2026-09-25T14:56:24Z,2026-09-25T14:56:24Z,Georgia Bulldogs,-13.5,-110.0,2026,2026-09-25T14:56:54Z,1063,,,,c9b00767615fa5b7a6dc411f276300a4ef86c7a9f57831378c42d40f04dc9acc,timestamped_live_quote
2026-09-25T14:56:54Z,3848eaee7484034f3604aed922649c4e,2026-09-26T19:30:00Z,Georgia Bulldogs,Oklahoma Sooners,fanduel,FanDuel,2026-09-25T14:56:24Z,2026-09-25T14:56:24Z,Oklahoma Sooners,13.5,-110.0,2026,2026-09-25T14:56:54Z,1063,,,,c9b00767615fa5b7a6dc411f276300a4ef86c7a9f57831378c42d40f04dc9acc,timestamped_live_quote
2026-09-25T14:56:54Z,3848eaee7484034f3604aed922649c4e,2026-09-26T19:30:00Z,Georgia Bulldogs,Oklahoma Sooners,betrivers,BetRivers,2026-09-25T14:55:36Z,2026-09-25T14:55:36Z,Georgia Bulldogs,-14.0,-108.0,2026,2026-09-25T14:56:54Z,1063,,,,c9b00767615fa5b7a6dc411f276300a4ef86c7a9f57831378c42d40f04dc9acc,timestamped_live_quote
2026-09-25T14:56:54Z,3848eaee7484034f3604aed922649c4e,2026-09-26T19:30:00Z,Georgia Bulldogs,Oklahoma Sooners,betrivers,BetRivers,2026-09-25T14:55:36Z,2026-09-25T14:55:36Z,Oklahoma Sooners,14.0,-115.0,2026,2026-09-25T14:56:54Z,1063,,,,c9b00767615fa5b7a6dc411f276300a4ef86c7a9f57831378c42d40f04dc9acc,timestamped_live_quote
2026-09-25T14:56:54Z,3848eaee7484034f3604aed922649c4e,2026-09-26T19:30:00Z,Georgia Bulldogs,Oklahoma Sooners,betmgm,BetMGM,2026-09-25T14:56:42Z,2026-09-25T14:56:42Z,Georgia Bulldogs,-13.5,-110.0,2026,2026-09-25T14:56:54Z,1063,,,,c9b00767615fa5b7a6dc411f276300a4ef86c7a9f57831378c42d40f04dc9acc,timestamped_live_quote
2026-09-25T14:56:54Z,3848eaee7484034f3604aed922649c4e,2026-09-26T19:30:00Z,Georgia Bulldogs,Oklahoma Sooners,betmgm,BetMGM,2026-09-25T14:56:42Z,2026-09-25T14:56:42Z,Oklahoma Sooners,13.5,-108.0,2026,2026-09-25T14:56:54Z,1063,,,,c9b00767615fa5b7a6dc411f276300a4ef86c7a9f57831378c42d40f04dc9acc,timestamped_live_quote
2026-09-25T14:56:54Z,3848eaee7484034f3604aed922649c4e,2026-09-26T19:30:00Z,Georgia Bulldogs,Oklahoma Sooners,betonlineag,BetOnline.ag,2026-09-25T14:56:27Z,2026-09-25T14:56:27Z,Georgia Bulldogs,-13.5,-112.0,2026,2026-09-25T14:56:54Z,1063,,,,c9b00767615fa5b7a6dc411f276300a4ef86c7a9f57831378c42d40f04dc9acc,timestamped_live_quote
2026-09-25T14:56:54Z,3848eaee7484034f3604aed922649c4e,2026-09-26T19:30:00Z,Georgia Bulldogs,Oklahoma Sooners,betonlineag,BetOnline.ag,2026-09-25T14:56:27Z,2026-09-25T14:56:27Z,Oklahoma Sooners,13.5,-108.0,2026,2026-09-25T14:56:54Z,1063,,,,c9b00767615fa5b7a6dc411f276300a4ef86c7a9f57831378c42d40f04dc9acc,timestamped_live_quote
2026-09-25T14:56:54Z,3848eaee7484034f3604aed922649c4e,2026-09-26T19:30:00Z,Georgia Bulldogs,Oklahoma Sooners,lowvig,LowVig.ag,2026-09-25T14:56:25Z,2026-09-25T14:56:25Z,Georgia Bulldogs,-13.5,-108.0,2026,2026-09-25T14:56:54Z,1063,,,,c9b00767615fa5b7a6dc411f276300a4ef86c7a9f57831378c42d40f04dc9acc,timestamped_live_quote
2026-09-25T14:56:54Z,3848eaee7484034f3604aed922649c4e,2026-09-26T19:30:00Z,Georgia Bulldogs,Oklahoma Sooners,lowvig,LowVig.ag,2026-09-25T14:56:25Z,2026-09-25T14:56:25Z,Oklahoma Sooners,13.5,-104.0,2026,2026-09-25T14:56:54Z,1063,,,,c9b00767615fa5b7a6dc411f276300a4ef86c7a9f57831378c42d40f04dc9acc,timestamped_live_quote
2026-09-25T14:56:54Z,3848eaee7484034f3604aed922649c4e,2026-09-26T19:30:00Z,Georgia Bulldogs,Oklahoma Sooners,betus,BetUS,2026-09-25T14:55:47Z,2026-09-25T14:55:47Z,Georgia Bulldogs,-13.5,-110.0,2026,2026-09-25T14:56:54Z,1063,,,,c9b00767615fa5b7a6dc411f276300a4ef86c7a9f57831378c42d40f04dc9acc,timestamped_live_quote
2026-09-25T14:56:54Z,3848eaee7484034f3604aed922649c4e,2026-09-26T19:30:00Z,Georgia Bulldogs,Oklahoma Sooners,betus,BetUS,2026-09-25T14:55:47Z,2026-09-25T14:55:47Z,Oklahoma Sooners,13.5,-110.0,2026,2026-09-25T14:56:54Z,1063,,,,c9b00767615fa5b7a6dc411f276300a4ef86c7a9f57831378c42d40f04dc9acc,timestamped_live_quote
2026-09-25T14:56:54Z,3848eaee7484034f3604aed922649c4e,2026-09-26T19:30:00Z,Georgia Bulldogs,Oklahoma Sooners,bovada,Bovada,2026-09-25T14:55:35Z,2026-09-25T14:55:35Z,Georgia Bulldogs,-13.5,-115.0,2026,2026-09-25T14:56:54Z,1063,,,,c9b00767615fa5b7a6dc411f276300a4ef86c7a9f57831378c42d40f04dc9acc,timestamped_live_quote
2026-09-25T14:56:54Z,3848eaee7484034f3604aed922649c4e,2026-09-26T19:30:00Z,Georgia Bulldogs,Oklahoma Sooners,bovada,Bovada,2026-09-25T14:55:35Z,2026-09-25T14:55:35Z,Oklahoma Sooners,13.5,-105.0,2026,2026-09-25T14:56:54Z,1063,,,,c9b00767615fa5b7a6dc411f276300a4ef86c7a9f57831378c42d40f04dc9acc,timestamped_live_quote
2026-09-25T14:56:54Z,39a3d3075172036a2b3f7d47913779b8,2026-09-26T19:30:00Z,Michigan Wolverines,Iowa Hawkeyes,draftkings,DraftKings,2026-09-25T14:56:40Z,2026-09-25T14:56:40Z,Iowa Hawkeyes,5.5,-110.0,2026,2026-09-25T14:56:54Z,1063,,,,c9b00767615fa5b7a6dc411f276300a4ef86c7a9f57831378c42d40f04dc9acc,timestamped_live_quote
2026-09-25T14:56:54Z,39a3d3075172036a2b3f7d47913779b8,2026-09-26T19:30:00Z,Michigan Wolverines,Iowa Hawkeyes,draftkings,DraftKings,2026-09-25T14:56:40Z,2026-09-25T14:56:40Z,Michigan Wolverines,-5.5,-110.0,2026,2026-09-25T14:56:54Z,1063,,,,c9b00767615fa5b7a6dc411f276300a4ef86c7a9f57831378c42d40f04dc9acc,timestamped_live_quote
2026-09-25T14:56:54Z,39a3d3075172036a2b3f7d47913779b8,2026-09-26T19:30:00Z,Michigan Wolverines,Iowa Hawkeyes,fanduel,FanDuel,2026-09-25T14:56:24Z,2026-09-25T14:56:24Z,Iowa Hawkeyes,5.5,-112.0,2026,2026-09-25T14:56:54Z,1063,,,,c9b00767615fa5b7a6dc411f276300a4ef86c7a9f57831378c42d40f04dc9acc,timestamped_live_quote
2026-09-25T14:56:54Z,39a3d3075172036a2b3f7d47913779b8,2026-09-26T19:30:00Z,Michigan Wolverines,Iowa Hawkeyes,fanduel,FanDuel,2026-09-25T14:56:24Z,2026-09-25T14:56:24Z,Michigan Wolverines,-5.5,-108.0,2026,2026-09-25T14:56:54Z,1063,,,,c9b00767615fa5b7a6dc411f276300a4ef86c7a9f57831378c42d40f04dc9acc,timestamped_live_quote
2026-09-25T14:56:54Z,39a3d3075172036a2b3f7d47913779b8,2026-09-26T19:30:00Z,Michigan Wolverines,Iowa Hawkeyes,mybookieag,MyBookie.ag,2026-09-25T14:54:56Z,2026-09-25T14:54:56Z,Iowa Hawkeyes,5.0,-110.0,2026,2026-09-25T14:56:54Z,1063,,,,c9b00767615fa5b7a6dc411f276300a4ef86c7a9f57831378c42d40f04dc9acc,timestamped_live_quote
2026-09-25T14:56:54Z,39a3d3075172036a2b3f7d47913779b8,2026-09-26T19:30:00Z,Michigan Wolverines,Iowa Hawkeyes,mybookieag,MyBookie.ag,2026-09-25T14:54:56Z,2026-09-25T14:54:56Z,Michigan Wolverines,-5.0,-110.0,2026,2026-09-25T14:56:54Z,1063,,,,c9b00767615fa5b7a6dc411f276300a4ef86c7a9f57831378c42d40f04dc9acc,timestamped_live_quote
2026-09-25T14:56:54Z,39a3d3075172036a2b3f7d47913779b8,2026-09-26T19:30:00Z,Michigan Wolverines,Iowa Hawkeyes,betrivers,BetRivers,2026-09-25T14:55:36Z,2026-09-25T14:55:36Z,Iowa Hawkeyes,5.5,-110.0,2026,2026-09-25T14:56:54Z,1063,,,,c9b00767615fa5b7a6dc411f276300a4ef86c7a9f57831378c42d40f04dc9acc,timestamped_live_quote
2026-09-25T14:56:54Z,39a3d3075172036a2b3f7d47913779b8,2026-09-26T19:30:00Z,Michigan Wolverines,Iowa Hawkeyes,betrivers,BetRivers,2026-09-25T14:55:36Z,2026-09-25T14:55:36Z,Michigan Wolverines,-5.5,-113.0,2026,2026-09-25T14:56:54Z,1063,,,,c9b00767615fa5b7a6dc411f276300a4ef86c7a9f57831378c42d40f04dc9acc,timestamped_live_quote
2026-09-25T14:56:54Z,39a3d3075172036a2b3f7d47913779b8,2026-09-26T19:30:00Z,Michigan Wolverines,Iowa Hawkeyes,betonlineag,BetOnline.ag,2026-09-25T14:56:27Z,2026-09-25T14:56:27Z,Iowa Hawkeyes,5.5,-111.0,2026,2026-09-25T14:56:54Z,1063,,,,c9b00767615fa5b7a6dc411f276300a4ef86c7a9f57831378c42d40f04dc9acc,timestamped_live_quote
2026-09-25T14:56:54Z,39a3d3075172036a2b3f7d47913779b8,2026-09-26T19:30:00Z,Michigan Wolverines,Iowa Hawkeyes,betonlineag,BetOnline.ag,2026-09-25T14:56:27Z,2026-09-25T14:56:27Z,Michigan Wolverines,-5.5,-109.0,2026,2026-09-25T14:56:54Z,1063,,,,c9b00767615fa5b7a6dc411f276300a4ef86c7a9f57831378c42d40f04dc9acc,timestamped_live_quote
2026-09-25T14:56:54Z,39a3d3075172036a2b3f7d47913779b8,2026-09-26T19:30:00Z,Michigan Wolverines,Iowa Hawkeyes,lowvig,LowVig.ag,2026-09-25T14:56:25Z,2026-09-25T14:56:25Z,Iowa Hawkeyes,5.5,-107.0,2026,2026-09-25T14:56:54Z,1063,,,,c9b00767615fa5b7a6dc411f276300a4ef86c7a9f57831378c42d40f04dc9acc,timestamped_live_quote
2026-09-25T14:56:54Z,39a3d3075172036a2b3f7d47913779b8,2026-09-26T19:30:00Z,Michigan Wolverines,Iowa Hawkeyes,lowvig,LowVig.ag,2026-09-25T14:56:25Z,2026-09-25T14:56:25Z,Michigan Wolverines,-5.5,-105.0,2026,2026-09-25T14:56:54Z,1063,,,,c9b00767615fa5b7a6dc411f276300a4ef86c7a9f57831378c42d40f04dc9acc,timestamped_live_quote
2026-09-25T14:56:54Z,39a3d3075172036a2b3f7d47913779b8,2026-09-26T19:30:00Z,Michigan Wolverines,Iowa Hawkeyes,betmgm,BetMGM,2026-09-25T14:56:42Z,2026-09-25T14:56:42Z,Iowa Hawkeyes,5.5,-115.0,2026,2026-09-25T14:56:54Z,1063,,,,c9b00767615fa5b7a6dc411f276300a4ef86c7a9f57831378c42d40f04dc9acc,timestamped_live_quote
2026-09-25T14:56:54Z,39a3d3075172036a2b3f7d47913779b8,2026-09-26T19:30:00Z,Michigan Wolverines,Iowa Hawkeyes,betmgm,BetMGM,2026-09-25T14:56:42Z,2026-09-25T14:56:42Z,Michigan Wolverines,-5.5,-115.0,2026,2026-09-25T14:56:54Z,1063,,,,c9b00767615fa5b7a6dc411f276300a4ef86c7a9f57831378c42d40f04dc9acc,timestamped_live_quote
2026-09-25T14:56:54Z,39a3d3075172036a2b3f7d47913779b8,2026-09-26T19:30:00Z,Michigan Wolverines,Iowa Hawkeyes,betus,BetUS,2026-09-25T14:55:47Z,2026-09-25T14:55:47Z,Iowa Hawkeyes,5.5,-110.0,2026,2026-09-25T14:56:54Z,1063,,,,c9b00767615fa5b7a6dc411f276300a4ef86c7a9f57831378c42d40f04dc9acc,timestamped_live_quote
2026-09-25T14:56:54Z,39a3d3075172036a2b3f7d47913779b8,2026-09-26T19:30:00Z,Michigan Wolverines,Iowa Hawkeyes,betus,BetUS,2026-09-25T14:55:47Z,2026-09-25T14:55:47Z,Michigan Wolverines,-5.5,-110.0,2026,2026-09-25T14:56:54Z,1063,,,,c9b00767615fa5b7a6dc411f276300a4ef86c7a9f57831378c42d40f04dc9acc,timestamped_live_quote
2026-09-25T14:56:54Z,39a3d3075172036a2b3f7d47913779b8,2026-09-26T19:30:00Z,Michigan Wolverines,Iowa Hawkeyes,bovada,Bovada,2026-09-25T14:55:35Z,2026-09-25T14:55:35Z,Iowa Hawkeyes,5.5,-110.0,2026,2026-09-25T14:56:54Z,1063,,,,c9b00767615fa5b7a6dc411f276300a4ef86c7a9f57831378c42d40f04dc9acc,timestamped_live_quote
2026-09-25T14:56:54Z,39a3d3075172036a2b3f7d47913779b8,2026-09-26T19:30:00Z,Michigan Wolverines,Iowa Hawkeyes,bovada,Bovada,2026-09-25T14:55:35Z,2026-09-25T14:55:35Z,Michigan Wolverines,-5.5,-110.0,2026,2026-09-25T14:56:54Z,1063,,,,c9b00767615fa5b7a6dc411f276300a4ef86c7a9f57831378c42d40f04dc9acc,timestamped_live_quote
2026-09-25T14:56:54Z,0dcea769daace0b6c76434589c639b11,2026-09-26T19:30:00Z,Iowa State Cyclones,Utah Utes,draftkings,DraftKings,2026-09-25T14:56:40Z,2026-09-25T14:56:40Z,Iowa State Cyclones,7.5,-105.0,2026,2026-09-25T14:56:54Z,1063,,,,c9b00767615fa5b7a6dc411f276300a4ef86c7a9f57831378c42d40f04dc9acc,timestamped_live_quote
2026-09-25T14:56:54Z,0dcea769daace0b6c76434589c639b11,2026-09-26T19:30:00Z,Iowa State Cyclones,Utah Utes,draftkings,DraftKings,2026-09-25T14:56:40Z,2026-09-25T14:56:40Z,Utah Utes,-7.5,-115.0,2026,2026-09-25T14:56:54Z,1063,,,,c9b00767615fa5b7a6dc411f276300a4ef86c7a9f57831378c42d40f04dc9acc,timestamped_live_quote
2026-09-25T14:56:54Z,0dcea769daace0b6c76434589c639b11,2026-09-26T19:30:00Z,Iowa State Cyclones,Utah Utes,mybookieag,MyBookie.ag,2026-09-25T14:54:56Z,2026-09-25T14:54:56Z,Iowa State Cyclones,8.0,-110.0,2026,2026-09-25T14:56:54Z,1063,,,,c9b00767615fa5b7a6dc411f276300a4ef86c7a9f57831378c42d40f04dc9acc,timestamped_live_quote
2026-09-25T14:56:54Z,0dcea769daace0b6c76434589c639b11,2026-09-26T19:30:00Z,Iowa State Cyclones,Utah Utes,mybookieag,MyBookie.ag,2026-09-25T14:54:56Z,2026-09-25T14:54:56Z,Utah Utes,-8.0,-110.0,2026,2026-09-25T14:56:54Z,1063,,,,c9b00767615fa5b7a6dc411f276300a4ef86c7a9f57831378c42d40f04dc9acc,timestamped_live_quote
2026-09-25T14:56:54Z,0dcea769daace0b6c76434589c639b11,2026-09-26T19:30:00Z,Iowa State Cyclones,Utah Utes,fanduel,FanDuel,2026-09-25T14:56:24Z,2026-09-25T14:56:24Z,Iowa State Cyclones,8.5,-115.0,2026,2026-09-25T14:56:54Z,1063,,,,c9b00767615fa5b7a6dc411f276300a4ef86c7a9f57831378c42d40f04dc9acc,timestamped_live_quote
2026-09-25T14:56:54Z,0dcea769daace0b6c76434589c639b11,2026-09-26T19:30:00Z,Iowa State Cyclones,Utah Utes,fanduel,FanDuel,2026-09-25T14:56:24Z,2026-09-25T14:56:24Z,Utah Utes,-8.5,-105.0,2026,2026-09-25T14:56:54Z,1063,,,,c9b00767615fa5b7a6dc411f276300a4ef86c7a9f57831378c42d40f04dc9acc,timestamped_live_quote
2026-09-25T14:56:54Z,0dcea769daace0b6c76434589c639b11,2026-09-26T19:30:00Z,Iowa State Cyclones,Utah Utes,betrivers,BetRivers,2026-09-25T14:55:36Z,2026-09-25T14:55:36Z,Iowa State Cyclones,8.5,-113.0,2026,2026-09-25T14:56:54Z,1063,,,,c9b00767615fa5b7a6dc411f276300a4ef86c7a9f57831378c42d40f04dc9acc,timestamped_live_quote
2026-09-25T14:56:54Z,0dcea769daace0b6c76434589c639b11,2026-09-26T19:30:00Z,Iowa State Cyclones,Utah Utes,betrivers,BetRivers,2026-09-25T14:55:36Z,2026-09-25T14:55:36Z,Utah Utes,-8.5,-109.0,2026,2026-09-25T14:56:54Z,1063,,,,c9b00767615fa5b7a6dc411f276300a4ef86c7a9f57831378c42d40f04dc9acc,timestamped_live_quote
2026-09-25T14:56:54Z,0dcea769daace0b6c76434589c639b11,2026-09-26T19:30:00Z,Iowa State Cyclones,Utah Utes,betonlineag,BetOnline.ag,2026-09-25T14:56:27Z,2026-09-25T14:56:27Z,Iowa State Cyclones,8.0,-115.0,2026,2026-09-25T14:56:54Z,1063,,,,c9b00767615fa5b7a6dc411f276300a4ef86c7a9f57831378c42d40f04dc9acc,timestamped_live_quote
2026-09-25T14:56:54Z,0dcea769daace0b6c76434589c639b11,2026-09-26T19:30:00Z,Iowa State Cyclones,Utah Utes,betonlineag,BetOnline.ag,2026-09-25T14:56:27Z,2026-09-25T14:56:27Z,Utah Utes,-8.0,-105.0,2026,2026-09-25T14:56:54Z,1063,,,,c9b00767615fa5b7a6dc411f276300a4ef86c7a9f57831378c42d40f04dc9acc,timestamped_live_quote
2026-09-25T14:56:54Z,0dcea769daace0b6c76434589c639b11,2026-09-26T19:30:00Z,Iowa State Cyclones,Utah Utes,betus,BetUS,2026-09-25T14:55:47Z,2026-09-25T14:55:47Z,Iowa State Cyclones,8.0,-115.0,2026,2026-09-25T14:56:54Z,1063,,,,c9b00767615fa5b7a6dc411f276300a4ef86c7a9f57831378c42d40f04dc9acc,timestamped_live_quote
2026-09-25T14:56:54Z,0dcea769daace0b6c76434589c639b11,2026-09-26T19:30:00Z,Iowa State Cyclones,Utah Utes,betus,BetUS,2026-09-25T14:55:47Z,2026-09-25T14:55:47Z,Utah Utes,-8.0,-105.0,2026,2026-09-25T14:56:54Z,1063,,,,c9b00767615fa5b7a6dc411f276300a4ef86c7a9f57831378c42d40f04dc9acc,timestamped_live_quote
2026-09-25T14:56:54Z,0dcea769daace0b6c76434589c639b11,2026-09-26T19:30:00Z,Iowa State Cyclones,Utah Utes,betmgm,BetMGM,2026-09-25T14:56:42Z,2026-09-25T14:56:42Z,Iowa State Cyclones,8.0,-110.0,2026,2026-09-25T14:56:54Z,1063,,,,c9b00767615fa5b7a6dc411f276300a4ef86c7a9f57831378c42d40f04dc9acc,timestamped_live_quote
2026-09-25T14:56:54Z,0dcea769daace0b6c76434589c639b11,2026-09-26T19:30:00Z,Iowa State Cyclones,Utah Utes,betmgm,BetMGM,2026-09-25T14:56:42Z,2026-09-25T14:56:42Z,Utah Utes,-8.0,-108.0,2026,2026-09-25T14:56:54Z,1063,,,,c9b00767615fa5b7a6dc411f276300a4ef86c7a9f57831378c42d40f04dc9acc,timestamped_live_quote
2026-09-25T14:56:54Z,0dcea769daace0b6c76434589c639b11,2026-09-26T19:30:00Z,Iowa State Cyclones,Utah Utes,bovada,Bovada,2026-09-25T14:55:35Z,2026-09-25T14:55:35Z,Iowa State Cyclones,7.5,-110.0,2026,2026-09-25T14:56:54Z,1063,,,,c9b00767615fa5b7a6dc411f276300a4ef86c7a9f57831378c42d40f04dc9acc,timestamped_live_quote
2026-09-25T14:56:54Z,0dcea769daace0b6c76434589c639b11,2026-09-26T19:30:00Z,Iowa State Cyclones,Utah Utes,bovada,Bovada,2026-09-25T14:55:35Z,2026-09-25T14:55:35Z,Utah Utes,-7.5,-110.0,2026,2026-09-25T14:56:54Z,1063,,,,c9b00767615fa5b7a6dc411f276300a4ef86c7a9f57831378c42d40f04dc9acc,timestamped_live_quote
2026-09-25T14:56:54Z,b77eb4a9bc3086105491e736c1458112,2026-09-26T19:30:00Z,Miami (OH) RedHawks,UConn Huskies,fanduel,FanDuel,2026-09-25T14:56:24Z,2026-09-25T14:56:24Z,Miami (OH) RedHawks,-3.5,-105.0,2026,2026-09-25T14:56:54Z,1063,,,,c9b00767615fa5b7a6dc411f276300a4ef86c7a9f57831378c42d40f04dc9acc,timestamped_live_quote
2026-09-25T14:56:54Z,b77eb4a9bc3086105491e736c1458112,2026-09-26T19:30:00Z,Miami (OH) RedHawks,UConn Huskies,fanduel,FanDuel,2026-09-25T14:56:24Z,2026-09-25T14:56:24Z,UConn Huskies,3.5,-115.0,2026,2026-09-25T14:56:54Z,1063,,,,c9b00767615fa5b7a6dc411f276300a4ef86c7a9f57831378c42d40f04dc9acc,timestamped_live_quote
2026-09-25T14:56:54Z,b77eb4a9bc3086105491e736c1458112,2026-09-26T19:30:00Z,Miami (OH) RedHawks,UConn Huskies,mybookieag,MyBookie.ag,2026-09-25T14:54:56Z,2026-09-25T14:54:56Z,Miami (OH) RedHawks,-3.5,-110.0,2026,2026-09-25T14:56:54Z,1063,,,,c9b00767615fa5b7a6dc411f276300a4ef86c7a9f57831378c42d40f04dc9acc,timestamped_live_quote
2026-09-25T14:56:54Z,b77eb4a9bc3086105491e736c1458112,2026-09-26T19:30:00Z,Miami (OH) RedHawks,UConn Huskies,mybookieag,MyBookie.ag,2026-09-25T14:54:56Z,2026-09-25T14:54:56Z,UConn Huskies,3.5,-110.0,2026,2026-09-25T14:56:54Z,1063,,,,c9b00767615fa5b7a6dc411f276300a4ef86c7a9f57831378c42d40f04dc9acc,timestamped_live_quote
2026-09-25T14:56:54Z,b77eb4a9bc3086105491e736c1458112,2026-09-26T19:30:00Z,Miami (OH) RedHawks,UConn Huskies,betrivers,BetRivers,2026-09-25T14:55:36Z,2026-09-25T14:55:36Z,Miami (OH) RedHawks,-3.5,-113.0,2026,2026-09-25T14:56:54Z,1063,,,,c9b00767615fa5b7a6dc411f276300a4ef86c7a9f57831378c42d40f04dc9acc,timestamped_live_quote
2026-09-25T14:56:54Z,b77eb4a9bc3086105491e736c1458112,2026-09-26T19:30:00Z,Miami (OH) RedHawks,UConn Huskies,betrivers,BetRivers,2026-09-25T14:55:36Z,2026-09-25T14:55:36Z,UConn Huskies,3.5,-109.0,2026,2026-09-25T14:56:54Z,1063,,,,c9b00767615fa5b7a6dc411f276300a4ef86c7a9f57831378c42d40f04dc9acc,timestamped_live_quote
2026-09-25T14:56:54Z,b77eb4a9bc3086105491e736c1458112,2026-09-26T19:30:00Z,Miami (OH) RedHawks,UConn Huskies,draftkings,DraftKings,2026-09-25T14:56:40Z,2026-09-25T14:56:40Z,Miami (OH) RedHawks,-3.5,-110.0,2026,2026-09-25T14:56:54Z,1063,,,,c9b00767615fa5b7a6dc411f276300a4ef86c7a9f57831378c42d40f04dc9acc,timestamped_live_quote
2026-09-25T14:56:54Z,b77eb4a9bc3086105491e736c1458112,2026-09-26T19:30:00Z,Miami (OH) RedHawks,UConn Huskies,draftkings,DraftKings,2026-09-25T14:56:40Z,2026-09-25T14:56:40Z,UConn Huskies,3.5,-110.0,2026,2026-09-25T14:56:54Z,1063,,,,c9b00767615fa5b7a6dc411f276300a4ef86c7a9f57831378c42d40f04dc9acc,timestamped_live_quote
2026-09-25T14:56:54Z,b77eb4a9bc3086105491e736c1458112,2026-09-26T19:30:00Z,Miami (OH) RedHawks,UConn Huskies,betonlineag,BetOnline.ag,2026-09-25T14:56:27Z,2026-09-25T14:56:27Z,Miami (OH) RedHawks,-3.5,-112.0,2026,2026-09-25T14:56:54Z,1063,,,,c9b00767615fa5b7a6dc411f276300a4ef86c7a9f57831378c42d40f04dc9acc,timestamped_live_quote
2026-09-25T14:56:54Z,b77eb4a9bc3086105491e736c1458112,2026-09-26T19:30:00Z,Miami (OH) RedHawks,UConn Huskies,betonlineag,BetOnline.ag,2026-09-25T14:56:27Z,2026-09-25T14:56:27Z,UConn Huskies,3.5,-108.0,2026,2026-09-25T14:56:54Z,1063,,,,c9b00767615fa5b7a6dc411f276300a4ef86c7a9f57831378c42d40f04dc9acc,timestamped_live_quote
2026-09-25T14:56:54Z,b77eb4a9bc3086105491e736c1458112,2026-09-26T19:30:00Z,Miami (OH) RedHawks,UConn Huskies,lowvig,LowVig.ag,2026-09-25T14:56:25Z,2026-09-25T14:56:25Z,Miami (OH) RedHawks,-3.5,-108.0,2026,2026-09-25T14:56:54Z,1063,,,,c9b00767615fa5b7a6dc411f276300a4ef86c7a9f57831378c42d40f04dc9acc,timestamped_live_quote
2026-09-25T14:56:54Z,b77eb4a9bc3086105491e736c1458112,2026-09-26T19:30:00Z,Miami (OH) RedHawks,UConn Huskies,lowvig,LowVig.ag,2026-09-25T14:56:25Z,2026-09-25T14:56:25Z,UConn Huskies,3.5,-104.0,2026,2026-09-25T14:56:54Z,1063,,,,c9b00767615fa5b7a6dc411f276300a4ef86c7a9f57831378c42d40f04dc9acc,timestamped_live_quote
2026-09-25T14:56:54Z,b77eb4a9bc3086105491e736c1458112,2026-09-26T19:30:00Z,Miami (OH) RedHawks,UConn Huskies,betmgm,BetMGM,2026-09-25T14:56:42Z,2026-09-25T14:56:42Z,Miami (OH) RedHawks,-3.5,-108.0,2026,2026-09-25T14:56:54Z,1063,,,,c9b00767615fa5b7a6dc411f276300a4ef86c7a9f57831378c42d40f04dc9acc,timestamped_live_quote
2026-09-25T14:56:54Z,b77eb4a9bc3086105491e736c1458112,2026-09-26T19:30:00Z,Miami (OH) RedHawks,UConn Huskies,betmgm,BetMGM,2026-09-25T14:56:42Z,2026-09-25T14:56:42Z,UConn Huskies,3.5,-110.0,2026,2026-09-25T14:56:54Z,1063,,,,c9b00767615fa5b7a6dc411f276300a4ef86c7a9f57831378c42d40f04dc9acc,timestamped_live_quote
2026-09-25T14:56:54Z,b77eb4a9bc3086105491e736c1458112,2026-09-26T19:30:00Z,Miami (OH) RedHawks,UConn Huskies,betus,BetUS,2026-09-25T14:55:47Z,2026-09-25T14:55:47Z,Miami (OH) RedHawks,-3.5,-110.0,2026,2026-09-25T14:56:54Z,1063,,,,c9b00767615fa5b7a6dc411f276300a4ef86c7a9f57831378c42d40f04dc9acc,timestamped_live_quote
2026-09-25T14:56:54Z,b77eb4a9bc3086105491e736c1458112,2026-09-26T19:30:00Z,Miami (OH) RedHawks,UConn Huskies,betus,BetUS,2026-09-25T14:55:47Z,2026-09-25T14:55:47Z,UConn Huskies,3.5,-110.0,2026,2026-09-25T14:56:54Z,1063,,,,c9b00767615fa5b7a6dc411f276300a4ef86c7a9f57831378c42d40f04dc9acc,timestamped_live_quote
2026-09-25T14:56:54Z,b77eb4a9bc3086105491e736c1458112,2026-09-26T19:30:00Z,Miami (OH) RedHawks,UConn Huskies,bovada,Bovada,2026-09-25T14:55:35Z,2026-09-25T14:55:35Z,Miami (OH) RedHawks,-3.5,-110.0,2026,2026-09-25T14:56:54Z,1063,,,,c9b00767615fa5b7a6dc411f276300a4ef86c7a9f57831378c42d40f04dc9acc,timestamped_live_quote
2026-09-25T14:56:54Z,b77eb4a9bc3086105491e736c1458112,2026-09-26T19:30:00Z,Miami (OH) RedHawks,UConn Huskies,bovada,Bovada,2026-09-25T14:55:35Z,2026-09-25T14:55:35Z,UConn Huskies,3.5,-110.0,2026,2026-09-25T14:56:54Z,1063,,,,c9b00767615fa5b7a6dc411f276300a4ef86c7a9f57831378c42d40f04dc9acc,timestamped_live_quote
2026-09-25T14:56:54Z,9fe2a7b54748dc10ff57743cdd1b041c,2026-09-26T19:30:00Z,New Mexico State Aggies,New Mexico Lobos,fanduel,FanDuel,2026-09-25T14:56:24Z,2026-09-25T14:56:24Z,New Mexico Lobos,-11.5,-105.0,2026,2026-09-25T14:56:54Z,1063,,,,c9b00767615fa5b7a6dc411f276300a4ef86c7a9f57831378c42d40f04dc9acc,timestamped_live_quote
2026-09-25T14:56:54Z,9fe2a7b54748dc10ff57743cdd1b041c,2026-09-26T19:30:00Z,New Mexico State Aggies,New Mexico Lobos,fanduel,FanDuel,2026-09-25T14:56:24Z,2026-09-25T14:56:24Z,New Mexico State Aggies,11.5,-115.0,2026,2026-09-25T14:56:54Z,1063,,,,c9b00767615fa5b7a6dc411f276300a4ef86c7a9f57831378c42d40f04dc9acc,timestamped_live_quote
2026-09-25T14:56:54Z,9fe2a7b54748dc10ff57743cdd1b041c,2026-09-26T19:30:00Z,New Mexico State Aggies,New Mexico Lobos,betrivers,BetRivers,2026-09-25T14:55:36Z,2026-09-25T14:55:36Z,New Mexico Lobos,-11.5,-113.0,2026,2026-09-25T14:56:54Z,1063,,,,c9b00767615fa5b7a6dc411f276300a4ef86c7a9f57831378c42d40f04dc9acc,timestamped_live_quote
2026-09-25T14:56:54Z,9fe2a7b54748dc10ff57743cdd1b041c,2026-09-26T19:30:00Z,New Mexico State Aggies,New Mexico Lobos,betrivers,BetRivers,2026-09-25T14:55:36Z,2026-09-25T14:55:36Z,New Mexico State Aggies,11.5,-109.0,2026,2026-09-25T14:56:54Z,1063,,,,c9b00767615fa5b7a6dc411f276300a4ef86c7a9f57831378c42d40f04dc9acc,timestamped_live_quote
2026-09-25T14:56:54Z,9fe2a7b54748dc10ff57743cdd1b041c,2026-09-26T19:30:00Z,New Mexico State Aggies,New Mexico Lobos,mybookieag,MyBookie.ag,2026-09-25T14:54:56Z,2026-09-25T14:54:56Z,New Mexico Lobos,-11.5,-110.0,2026,2026-09-25T14:56:54Z,1063,,,,c9b00767615fa5b7a6dc411f276300a4ef86c7a9f57831378c42d40f04dc9acc,timestamped_live_quote
2026-09-25T14:56:54Z,9fe2a7b54748dc10ff57743cdd1b041c,2026-09-26T19:30:00Z,New Mexico State Aggies,New Mexico Lobos,mybookieag,MyBookie.ag,2026-09-25T14:54:56Z,2026-09-25T14:54:56Z,New Mexico State Aggies,11.5,-110.0,2026,2026-09-25T14:56:54Z,1063,,,,c9b00767615fa5b7a6dc411f276300a4ef86c7a9f57831378c42d40f04dc9acc,timestamped_live_quote
2026-09-25T14:56:54Z,9fe2a7b54748dc10ff57743cdd1b041c,2026-09-26T19:30:00Z,New Mexico State Aggies,New Mexico Lobos,draftkings,DraftKings,2026-09-25T14:56:40Z,2026-09-25T14:56:40Z,New Mexico Lobos,-11.5,-110.0,2026,2026-09-25T14:56:54Z,1063,,,,c9b00767615fa5b7a6dc411f276300a4ef86c7a9f57831378c42d40f04dc9acc,timestamped_live_quote
2026-09-25T14:56:54Z,9fe2a7b54748dc10ff57743cdd1b041c,2026-09-26T19:30:00Z,New Mexico State Aggies,New Mexico Lobos,draftkings,DraftKings,2026-09-25T14:56:40Z,2026-09-25T14:56:40Z,New Mexico State Aggies,11.5,-110.0,2026,2026-09-25T14:56:54Z,1063,,,,c9b00767615fa5b7a6dc411f276300a4ef86c7a9f57831378c42d40f04dc9acc,timestamped_live_quote
2026-09-25T14:56:54Z,9fe2a7b54748dc10ff57743cdd1b041c,2026-09-26T19:30:00Z,New Mexico State Aggies,New Mexico Lobos,lowvig,LowVig.ag,2026-09-25T14:56:25Z,2026-09-25T14:56:25Z,New Mexico Lobos,-11.5,-103.0,2026,2026-09-25T14:56:54Z,1063,,,,c9b00767615fa5b7a6dc411f276300a4ef86c7a9f57831378c42d40f04dc9acc,timestamped_live_quote
2026-09-25T14:56:54Z,9fe2a7b54748dc10ff57743cdd1b041c,2026-09-26T19:30:00Z,New Mexico State Aggies,New Mexico Lobos,lowvig,LowVig.ag,2026-09-25T14:56:25Z,2026-09-25T14:56:25Z,New Mexico State Aggies,11.5,-109.0,2026,2026-09-25T14:56:54Z,1063,,,,c9b00767615fa5b7a6dc411f276300a4ef86c7a9f57831378c42d40f04dc9acc,timestamped_live_quote
2026-09-25T14:56:54Z,9fe2a7b54748dc10ff57743cdd1b041c,2026-09-26T19:30:00Z,New Mexico State Aggies,New Mexico Lobos,betonlineag,BetOnline.ag,2026-09-25T14:56:27Z,2026-09-25T14:56:27Z,New Mexico Lobos,-11.5,-107.0,2026,2026-09-25T14:56:54Z,1063,,,,c9b00767615fa5b7a6dc411f276300a4ef86c7a9f57831378c42d40f04dc9acc,timestamped_live_quote
2026-09-25T14:56:54Z,9fe2a7b54748dc10ff57743cdd1b041c,2026-09-26T19:30:00Z,New Mexico State Aggies,New Mexico Lobos,betonlineag,BetOnline.ag,2026-09-25T14:56:27Z,2026-09-25T14:56:27Z,New Mexico State Aggies,11.5,-113.0,2026,2026-09-25T14:56:54Z,1063,,,,c9b00767615fa5b7a6dc411f276300a4ef86c7a9f57831378c42d40f04dc9acc,timestamped_live_quote
2026-09-25T14:56:54Z,9fe2a7b54748dc10ff57743cdd1b041c,2026-09-26T19:30:00Z,New Mexico State Aggies,New Mexico Lobos,betmgm,BetMGM,2026-09-25T14:56:42Z,2026-09-25T14:56:42Z,New Mexico Lobos,-11.0,-110.0,2026,2026-09-25T14:56:54Z,1063,,,,c9b00767615fa5b7a6dc411f276300a4ef86c7a9f57831378c42d40f04dc9acc,timestamped_live_quote
2026-09-25T14:56:54Z,9fe2a7b54748dc10ff57743cdd1b041c,2026-09-26T19:30:00Z,New Mexico State Aggies,New Mexico Lobos,betmgm,BetMGM,2026-09-25T14:56:42Z,2026-09-25T14:56:42Z,New Mexico State Aggies,11.0,-108.0,2026,2026-09-25T14:56:54Z,1063,,,,c9b00767615fa5b7a6dc411f276300a4ef86c7a9f57831378c42d40f04dc9acc,timestamped_live_quote
2026-09-25T14:56:54Z,9fe2a7b54748dc10ff57743cdd1b041c,2026-09-26T19:30:00Z,New Mexico State Aggies,New Mexico Lobos,betus,BetUS,2026-09-25T14:55:47Z,2026-09-25T14:55:47Z,New Mexico Lobos,-11.5,-110.0,2026,2026-09-25T14:56:54Z,1063,,,,c9b00767615fa5b7a6dc411f276300a4ef86c7a9f57831378c42d40f04dc9acc,timestamped_live_quote
2026-09-25T14:56:54Z,9fe2a7b54748dc10ff57743cdd1b041c,2026-09-26T19:30:00Z,New Mexico State Aggies,New Mexico Lobos,betus,BetUS,2026-09-25T14:55:47Z,2026-09-25T14:55:47Z,New Mexico State Aggies,11.5,-110.0,2026,2026-09-25T14:56:54Z,1063,,,,c9b00767615fa5b7a6dc411f276300a4ef86c7a9f57831378c42d40f04dc9acc,timestamped_live_quote
2026-09-25T14:56:54Z,9fe2a7b54748dc10ff57743cdd1b041c,2026-09-26T19:30:00Z,New Mexico State Aggies,New Mexico Lobos,bovada,Bovada,2026-09-25T14:55:35Z,2026-09-25T14:55:35Z,New Mexico Lobos,-11.5,-110.0,2026,2026-09-25T14:56:54Z,1063,,,,c9b00767615fa5b7a6dc411f276300a4ef86c7a9f57831378c42d40f04dc9acc,timestamped_live_quote
2026-09-25T14:56:54Z,9fe2a7b54748dc10ff57743cdd1b041c,2026-09-26T19:30:00Z,New Mexico State Aggies,New Mexico Lobos,bovada,Bovada,2026-09-25T14:55:35Z,2026-09-25T14:55:35Z,New Mexico State Aggies,11.5,-110.0,2026,2026-09-25T14:56:54Z,1063,,,,c9b00767615fa5b7a6dc411f276300a4ef86c7a9f57831378c42d40f04dc9acc,timestamped_live_quote
2026-09-25T14:56:54Z,de2c67844370661f124fd07aef585366,2026-09-26T19:30:00Z,Ohio Bobcats,Stonehill Skyhawks,fanduel,FanDuel,2026-09-25T14:56:24Z,2026-09-25T14:56:24Z,Ohio Bobcats,-32.5,-110.0,2026,2026-09-25T14:56:54Z,1063,,,,c9b00767615fa5b7a6dc411f276300a4ef86c7a9f57831378c42d40f04dc9acc,timestamped_live_quote
2026-09-25T14:56:54Z,de2c67844370661f124fd07aef585366,2026-09-26T19:30:00Z,Ohio Bobcats,Stonehill Skyhawks,fanduel,FanDuel,2026-09-25T14:56:24Z,2026-09-25T14:56:24Z,Stonehill Skyhawks,32.5,-110.0,2026,2026-09-25T14:56:54Z,1063,,,,c9b00767615fa5b7a6dc411f276300a4ef86c7a9f57831378c42d40f04dc9acc,timestamped_live_quote
2026-09-25T14:56:54Z,de2c67844370661f124fd07aef585366,2026-09-26T19:30:00Z,Ohio Bobcats,Stonehill Skyhawks,betrivers,BetRivers,2026-09-25T14:55:36Z,2026-09-25T14:55:36Z,Ohio Bobcats,-33.5,-120.0,2026,2026-09-25T14:56:54Z,1063,,,,c9b00767615fa5b7a6dc411f276300a4ef86c7a9f57831378c42d40f04dc9acc,timestamped_live_quote
2026-09-25T14:56:54Z,de2c67844370661f124fd07aef585366,2026-09-26T19:30:00Z,Ohio Bobcats,Stonehill Skyhawks,betrivers,BetRivers,2026-09-25T14:55:36Z,2026-09-25T14:55:36Z,Stonehill Skyhawks,33.5,-104.0,2026,2026-09-25T14:56:54Z,1063,,,,c9b00767615fa5b7a6dc411f276300a4ef86c7a9f57831378c42d40f04dc9acc,timestamped_live_quote
2026-09-25T14:56:54Z,de2c67844370661f124fd07aef585366,2026-09-26T19:30:00Z,Ohio Bobcats,Stonehill Skyhawks,draftkings,DraftKings,2026-09-25T14:56:40Z,2026-09-25T14:56:40Z,Ohio Bobcats,-33.5,-115.0,2026,2026-09-25T14:56:54Z,1063,,,,c9b00767615fa5b7a6dc411f276300a4ef86c7a9f57831378c42d40f04dc9acc,timestamped_live_quote
2026-09-25T14:56:54Z,de2c67844370661f124fd07aef585366,2026-09-26T19:30:00Z,Ohio Bobcats,Stonehill Skyhawks,draftkings,DraftKings,2026-09-25T14:56:40Z,2026-09-25T14:56:40Z,Stonehill Skyhawks,33.5,-105.0,2026,2026-09-25T14:56:54Z,1063,,,,c9b00767615fa5b7a6dc411f276300a4ef86c7a9f57831378c42d40f04dc9acc,timestamped_live_quote
2026-09-25T14:56:54Z,de2c67844370661f124fd07aef585366,2026-09-26T19:30:00Z,Ohio Bobcats,Stonehill Skyhawks,lowvig,LowVig.ag,2026-09-25T14:56:25Z,2026-09-25T14:56:25Z,Ohio Bobcats,-33.5,-120.0,2026,2026-09-25T14:56:54Z,1063,,,,c9b00767615fa5b7a6dc411f276300a4ef86c7a9f57831378c42d40f04dc9acc,timestamped_live_quote
2026-09-25T14:56:54Z,de2c67844370661f124fd07aef585366,2026-09-26T19:30:00Z,Ohio Bobcats,Stonehill Skyhawks,lowvig,LowVig.ag,2026-09-25T14:56:25Z,2026-09-25T14:56:25Z,Stonehill Skyhawks,33.5,-110.0,2026,2026-09-25T14:56:54Z,1063,,,,c9b00767615fa5b7a6dc411f276300a4ef86c7a9f57831378c42d40f04dc9acc,timestamped_live_quote
2026-09-25T14:56:54Z,de2c67844370661f124fd07aef585366,2026-09-26T19:30:00Z,Ohio Bobcats,Stonehill Skyhawks,betonlineag,BetOnline.ag,2026-09-25T14:56:27Z,2026-09-25T14:56:27Z,Ohio Bobcats,-33.5,-120.0,2026,2026-09-25T14:56:54Z,1063,,,,c9b00767615fa5b7a6dc411f276300a4ef86c7a9f57831378c42d40f04dc9acc,timestamped_live_quote
2026-09-25T14:56:54Z,de2c67844370661f124fd07aef585366,2026-09-26T19:30:00Z,Ohio Bobcats,Stonehill Skyhawks,betonlineag,BetOnline.ag,2026-09-25T14:56:27Z,2026-09-25T14:56:27Z,Stonehill Skyhawks,33.5,-110.0,2026,2026-09-25T14:56:54Z,1063,,,,c9b00767615fa5b7a6dc411f276300a4ef86c7a9f57831378c42d40f04dc9acc,timestamped_live_quote
2026-09-25T14:56:54Z,32171e03f5df71b5c9057bcba40030a7,2026-09-26T19:30:00Z,UCF Knights,TCU Horned Frogs,fanduel,FanDuel,2026-09-25T14:56:24Z,2026-09-25T14:56:24Z,TCU Horned Frogs,-3.5,-102.0,2026,2026-09-25T14:56:54Z,1063,,,,c9b00767615fa5b7a6dc411f276300a4ef86c7a9f57831378c42d40f04dc9acc,timestamped_live_quote
2026-09-25T14:56:54Z,32171e03f5df71b5c9057bcba40030a7,2026-09-26T19:30:00Z,UCF Knights,TCU Horned Frogs,fanduel,FanDuel,2026-09-25T14:56:24Z,2026-09-25T14:56:24Z,UCF Knights,3.5,-120.0,2026,2026-09-25T14:56:54Z,1063,,,,c9b00767615fa5b7a6dc411f276300a4ef86c7a9f57831378c42d40f04dc9acc,timestamped_live_quote
2026-09-25T14:56:54Z,32171e03f5df71b5c9057bcba40030a7,2026-09-26T19:30:00Z,UCF Knights,TCU Horned Frogs,mybookieag,MyBookie.ag,2026-09-25T14:54:56Z,2026-09-25T14:54:56Z,TCU Horned Frogs,-3.0,-110.0,2026,2026-09-25T14:56:54Z,1063,,,,c9b00767615fa5b7a6dc411f276300a4ef86c7a9f57831378c42d40f04dc9acc,timestamped_live_quote
2026-09-25T14:56:54Z,32171e03f5df71b5c9057bcba40030a7,2026-09-26T19:30:00Z,UCF Knights,TCU Horned Frogs,mybookieag,MyBookie.ag,2026-09-25T14:54:56Z,2026-09-25T14:54:56Z,UCF Knights,3.0,-110.0,2026,2026-09-25T14:56:54Z,1063,,,,c9b00767615fa5b7a6dc411f276300a4ef86c7a9f57831378c42d40f04dc9acc,timestamped_live_quote
2026-09-25T14:56:54Z,32171e03f5df71b5c9057bcba40030a7,2026-09-26T19:30:00Z,UCF Knights,TCU Horned Frogs,betrivers,BetRivers,2026-09-25T14:55:36Z,2026-09-25T14:55:36Z,TCU Horned Frogs,-3.0,-115.0,2026,2026-09-25T14:56:54Z,1063,,,,c9b00767615fa5b7a6dc411f276300a4ef86c7a9f57831378c42d40f04dc9acc,timestamped_live_quote
2026-09-25T14:56:54Z,32171e03f5df71b5c9057bcba40030a7,2026-09-26T19:30:00Z,UCF Knights,TCU Horned Frogs,betrivers,BetRivers,2026-09-25T14:55:36Z,2026-09-25T14:55:36Z,UCF Knights,3.0,-107.0,2026,2026-09-25T14:56:54Z,1063,,,,c9b00767615fa5b7a6dc411f276300a4ef86c7a9f57831378c42d40f04dc9acc,timestamped_live_quote
2026-09-25T14:56:54Z,32171e03f5df71b5c9057bcba40030a7,2026-09-26T19:30:00Z,UCF Knights,TCU Horned Frogs,draftkings,DraftKings,2026-09-25T14:56:40Z,2026-09-25T14:56:40Z,TCU Horned Frogs,-3.0,-112.0,2026,2026-09-25T14:56:54Z,1063,,,,c9b00767615fa5b7a6dc411f276300a4ef86c7a9f57831378c42d40f04dc9acc,timestamped_live_quote
2026-09-25T14:56:54Z,32171e03f5df71b5c9057bcba40030a7,2026-09-26T19:30:00Z,UCF Knights,TCU Horned Frogs,draftkings,DraftKings,2026-09-25T14:56:40Z,2026-09-25T14:56:40Z,UCF Knights,3.0,-108.0,2026,2026-09-25T14:56:54Z,1063,,,,c9b00767615fa5b7a6dc411f276300a4ef86c7a9f57831378c42d40f04dc9acc,timestamped_live_quote
2026-09-25T14:56:54Z,32171e03f5df71b5c9057bcba40030a7,2026-09-26T19:30:00Z,UCF Knights,TCU Horned Frogs,betonlineag,BetOnline.ag,2026-09-25T14:56:27Z,2026-09-25T14:56:27Z,TCU Horned Frogs,-3.0,-114.0,2026,2026-09-25T14:56:54Z,1063,,,,c9b00767615fa5b7a6dc411f276300a4ef86c7a9f57831378c42d40f04dc9acc,timestamped_live_quote
2026-09-25T14:56:54Z,32171e03f5df71b5c9057bcba40030a7,2026-09-26T19:30:00Z,UCF Knights,TCU Horned Frogs,betonlineag,BetOnline.ag,2026-09-25T14:56:27Z,2026-09-25T14:56:27Z,UCF Knights,3.0,-106.0,2026,2026-09-25T14:56:54Z,1063,,,,c9b00767615fa5b7a6dc411f276300a4ef86c7a9f57831378c42d40f04dc9acc,timestamped_live_quote
2026-09-25T14:56:54Z,32171e03f5df71b5c9057bcba40030a7,2026-09-26T19:30:00Z,UCF Knights,TCU Horned Frogs,lowvig,LowVig.ag,2026-09-25T14:56:25Z,2026-09-25T14:56:25Z,TCU Horned Frogs,-3.0,-110.0,2026,2026-09-25T14:56:54Z,1063,,,,c9b00767615fa5b7a6dc411f276300a4ef86c7a9f57831378c42d40f04dc9acc,timestamped_live_quote
2026-09-25T14:56:54Z,32171e03f5df71b5c9057bcba40030a7,2026-09-26T19:30:00Z,UCF Knights,TCU Horned Frogs,lowvig,LowVig.ag,2026-09-25T14:56:25Z,2026-09-25T14:56:25Z,UCF Knights,3.0,-102.0,2026,2026-09-25T14:56:54Z,1063,,,,c9b00767615fa5b7a6dc411f276300a4ef86c7a9f57831378c42d40f04dc9acc,timestamped_live_quote
2026-09-25T14:56:54Z,32171e03f5df71b5c9057bcba40030a7,2026-09-26T19:30:00Z,UCF Knights,TCU Horned Frogs,betus,BetUS,2026-09-25T14:55:47Z,2026-09-25T14:55:47Z,TCU Horned Frogs,-3.0,-115.0,2026,2026-09-25T14:56:54Z,1063,,,,c9b00767615fa5b7a6dc411f276300a4ef86c7a9f57831378c42d40f04dc9acc,timestamped_live_quote
2026-09-25T14:56:54Z,32171e03f5df71b5c9057bcba40030a7,2026-09-26T19:30:00Z,UCF Knights,TCU Horned Frogs,betus,BetUS,2026-09-25T14:55:47Z,2026-09-25T14:55:47Z,UCF Knights,3.0,-105.0,2026,2026-09-25T14:56:54Z,1063,,,,c9b00767615fa5b7a6dc411f276300a4ef86c7a9f57831378c42d40f04dc9acc,timestamped_live_quote
2026-09-25T14:56:54Z,32171e03f5df71b5c9057bcba40030a7,2026-09-26T19:30:00Z,UCF Knights,TCU Horned Frogs,betmgm,BetMGM,2026-09-25T14:56:42Z,2026-09-25T14:56:42Z,TCU Horned Frogs,-3.0,-110.0,2026,2026-09-25T14:56:54Z,1063,,,,c9b00767615fa5b7a6dc411f276300a4ef86c7a9f57831378c42d40f04dc9acc,timestamped_live_quote
2026-09-25T14:56:54Z,32171e03f5df71b5c9057bcba40030a7,2026-09-26T19:30:00Z,UCF Knights,TCU Horned Frogs,betmgm,BetMGM,2026-09-25T14:56:42Z,2026-09-25T14:56:42Z,UCF Knights,3.0,-108.0,2026,2026-09-25T14:56:54Z,1063,,,,c9b00767615fa5b7a6dc411f276300a4ef86c7a9f57831378c42d40f04dc9acc,timestamped_live_quote
2026-09-25T14:56:54Z,32171e03f5df71b5c9057bcba40030a7,2026-09-26T19:30:00Z,UCF Knights,TCU Horned Frogs,bovada,Bovada,2026-09-25T14:55:35Z,2026-09-25T14:55:35Z,TCU Horned Frogs,-3.0,-110.0,2026,2026-09-25T14:56:54Z,1063,,,,c9b00767615fa5b7a6dc411f276300a4ef86c7a9f57831378c42d40f04dc9acc,timestamped_live_quote
2026-09-25T14:56:54Z,32171e03f5df71b5c9057bcba40030a7,2026-09-26T19:30:00Z,UCF Knights,TCU Horned Frogs,bovada,Bovada,2026-09-25T14:55:35Z,2026-09-25T14:55:35Z,UCF Knights,3.0,-110.0,2026,2026-09-25T14:56:54Z,1063,,,,c9b00767615fa5b7a6dc411f276300a4ef86c7a9f57831378c42d40f04dc9acc,timestamped_live_quote
2026-09-25T14:56:54Z,e3228af38572d15da53fab3ec97742a2,2026-09-26T20:00:00Z,East Carolina Pirates,North Carolina Central Eagles,fanduel,FanDuel,2026-09-25T14:56:24Z,2026-09-25T14:56:24Z,East Carolina Pirates,-35.5,-105.0,2026,2026-09-25T14:56:54Z,1063,,,,c9b00767615fa5b7a6dc411f276300a4ef86c7a9f57831378c42d40f04dc9acc,timestamped_live_quote
2026-09-25T14:56:54Z,e3228af38572d15da53fab3ec97742a2,2026-09-26T20:00:00Z,East Carolina Pirates,North Carolina Central Eagles,fanduel,FanDuel,2026-09-25T14:56:24Z,2026-09-25T14:56:24Z,North Carolina Central Eagles,35.5,-115.0,2026,2026-09-25T14:56:54Z,1063,,,,c9b00767615fa5b7a6dc411f276300a4ef86c7a9f57831378c42d40f04dc9acc,timestamped_live_quote
2026-09-25T14:56:54Z,e3228af38572d15da53fab3ec97742a2,2026-09-26T20:00:00Z,East Carolina Pirates,North Carolina Central Eagles,betrivers,BetRivers,2026-09-25T14:55:36Z,2026-09-25T14:55:36Z,East Carolina Pirates,-33.5,-137.0,2026,2026-09-25T14:56:54Z,1063,,,,c9b00767615fa5b7a6dc411f276300a4ef86c7a9f57831378c42d40f04dc9acc,timestamped_live_quote
2026-09-25T14:56:54Z,e3228af38572d15da53fab3ec97742a2,2026-09-26T20:00:00Z,East Carolina Pirates,North Carolina Central Eagles,betrivers,BetRivers,2026-09-25T14:55:36Z,2026-09-25T14:55:36Z,North Carolina Central Eagles,33.5,112.0,2026,2026-09-25T14:56:54Z,1063,,,,c9b00767615fa5b7a6dc411f276300a4ef86c7a9f57831378c42d40f04dc9acc,timestamped_live_quote
2026-09-25T14:56:54Z,e3228af38572d15da53fab3ec97742a2,2026-09-26T20:00:00Z,East Carolina Pirates,North Carolina Central Eagles,draftkings,DraftKings,2026-09-25T14:56:40Z,2026-09-25T14:56:40Z,East Carolina Pirates,-35.5,-105.0,2026,2026-09-25T14:56:54Z,1063,,,,c9b00767615fa5b7a6dc411f276300a4ef86c7a9f57831378c42d40f04dc9acc,timestamped_live_quote
2026-09-25T14:56:54Z,e3228af38572d15da53fab3ec97742a2,2026-09-26T20:00:00Z,East Carolina Pirates,North Carolina Central Eagles,draftkings,DraftKings,2026-09-25T14:56:40Z,2026-09-25T14:56:40Z,North Carolina Central Eagles,35.5,-115.0,2026,2026-09-25T14:56:54Z,1063,,,,c9b00767615fa5b7a6dc411f276300a4ef86c7a9f57831378c42d40f04dc9acc,timestamped_live_quote
2026-09-25T14:56:54Z,e3228af38572d15da53fab3ec97742a2,2026-09-26T20:00:00Z,East Carolina Pirates,North Carolina Central Eagles,lowvig,LowVig.ag,2026-09-25T14:56:25Z,2026-09-25T14:56:25Z,East Carolina Pirates,-35.5,-120.0,2026,2026-09-25T14:56:54Z,1063,,,,c9b00767615fa5b7a6dc411f276300a4ef86c7a9f57831378c42d40f04dc9acc,timestamped_live_quote
2026-09-25T14:56:54Z,e3228af38572d15da53fab3ec97742a2,2026-09-26T20:00:00Z,East Carolina Pirates,North Carolina Central Eagles,lowvig,LowVig.ag,2026-09-25T14:56:25Z,2026-09-25T14:56:25Z,North Carolina Central Eagles,35.5,-110.0,2026,2026-09-25T14:56:54Z,1063,,,,c9b00767615fa5b7a6dc411f276300a4ef86c7a9f57831378c42d40f04dc9acc,timestamped_live_quote
2026-09-25T14:56:54Z,e3228af38572d15da53fab3ec97742a2,2026-09-26T20:00:00Z,East Carolina Pirates,North Carolina Central Eagles,betonlineag,BetOnline.ag,2026-09-25T14:56:27Z,2026-09-25T14:56:27Z,East Carolina Pirates,-35.5,-110.0,2026,2026-09-25T14:56:54Z,1063,,,,c9b00767615fa5b7a6dc411f276300a4ef86c7a9f57831378c42d40f04dc9acc,timestamped_live_quote
2026-09-25T14:56:54Z,e3228af38572d15da53fab3ec97742a2,2026-09-26T20:00:00Z,East Carolina Pirates,North Carolina Central Eagles,betonlineag,BetOnline.ag,2026-09-25T14:56:27Z,2026-09-25T14:56:27Z,North Carolina Central Eagles,35.5,-120.0,2026,2026-09-25T14:56:54Z,1063,,,,c9b00767615fa5b7a6dc411f276300a4ef86c7a9f57831378c42d40f04dc9acc,timestamped_live_quote
2026-09-25T14:56:54Z,b1cdf3ac97be67ee00a53e437e4bfa78,2026-09-26T20:00:00Z,Georgia Southern Eagles,Houston Cougars,fanduel,FanDuel,2026-09-25T14:56:24Z,2026-09-25T14:56:24Z,Georgia Southern Eagles,17.5,-104.0,2026,2026-09-25T14:56:54Z,1063,,,,c9b00767615fa5b7a6dc411f276300a4ef86c7a9f57831378c42d40f04dc9acc,timestamped_live_quote
2026-09-25T14:56:54Z,b1cdf3ac97be67ee00a53e437e4bfa78,2026-09-26T20:00:00Z,Georgia Southern Eagles,Houston Cougars,fanduel,FanDuel,2026-09-25T14:56:24Z,2026-09-25T14:56:24Z,Houston Cougars,-17.5,-118.0,2026,2026-09-25T14:56:54Z,1063,,,,c9b00767615fa5b7a6dc411f276300a4ef86c7a9f57831378c42d40f04dc9acc,timestamped_live_quote
2026-09-25T14:56:54Z,b1cdf3ac97be67ee00a53e437e4bfa78,2026-09-26T20:00:00Z,Georgia Southern Eagles,Houston Cougars,mybookieag,MyBookie.ag,2026-09-25T14:54:56Z,2026-09-25T14:54:56Z,Georgia Southern Eagles,18.0,-110.0,2026,2026-09-25T14:56:54Z,1063,,,,c9b00767615fa5b7a6dc411f276300a4ef86c7a9f57831378c42d40f04dc9acc,timestamped_live_quote
2026-09-25T14:56:54Z,b1cdf3ac97be67ee00a53e437e4bfa78,2026-09-26T20:00:00Z,Georgia Southern Eagles,Houston Cougars,mybookieag,MyBookie.ag,2026-09-25T14:54:56Z,2026-09-25T14:54:56Z,Houston Cougars,-18.0,-110.0,2026,2026-09-25T14:56:54Z,1063,,,,c9b00767615fa5b7a6dc411f276300a4ef86c7a9f57831378c42d40f04dc9acc,timestamped_live_quote
2026-09-25T14:56:54Z,b1cdf3ac97be67ee00a53e437e4bfa78,2026-09-26T20:00:00Z,Georgia Southern Eagles,Houston Cougars,draftkings,DraftKings,2026-09-25T14:56:40Z,2026-09-25T14:56:40Z,Georgia Southern Eagles,17.5,-105.0,2026,2026-09-25T14:56:54Z,1063,,,,c9b00767615fa5b7a6dc411f276300a4ef86c7a9f57831378c42d40f04dc9acc,timestamped_live_quote
2026-09-25T14:56:54Z,b1cdf3ac97be67ee00a53e437e4bfa78,2026-09-26T20:00:00Z,Georgia Southern Eagles,Houston Cougars,draftkings,DraftKings,2026-09-25T14:56:40Z,2026-09-25T14:56:40Z,Houston Cougars,-17.5,-115.0,2026,2026-09-25T14:56:54Z,1063,,,,c9b00767615fa5b7a6dc411f276300a4ef86c7a9f57831378c42d40f04dc9acc,timestamped_live_quote
2026-09-25T14:56:54Z,b1cdf3ac97be67ee00a53e437e4bfa78,2026-09-26T20:00:00Z,Georgia Southern Eagles,Houston Cougars,betrivers,BetRivers,2026-09-25T14:55:36Z,2026-09-25T14:55:36Z,Georgia Southern Eagles,17.5,-110.0,2026,2026-09-25T14:56:54Z,1063,,,,c9b00767615fa5b7a6dc411f276300a4ef86c7a9f57831378c42d40f04dc9acc,timestamped_live_quote
2026-09-25T14:56:54Z,b1cdf3ac97be67ee00a53e437e4bfa78,2026-09-26T20:00:00Z,Georgia Southern Eagles,Houston Cougars,betrivers,BetRivers,2026-09-25T14:55:36Z,2026-09-25T14:55:36Z,Houston Cougars,-17.5,-114.0,2026,2026-09-25T14:56:54Z,1063,,,,c9b00767615fa5b7a6dc411f276300a4ef86c7a9f57831378c42d40f04dc9acc,timestamped_live_quote
2026-09-25T14:56:54Z,b1cdf3ac97be67ee00a53e437e4bfa78,2026-09-26T20:00:00Z,Georgia Southern Eagles,Houston Cougars,betonlineag,BetOnline.ag,2026-09-25T14:56:27Z,2026-09-25T14:56:27Z,Georgia Southern Eagles,17.0,100.0,2026,2026-09-25T14:56:54Z,1063,,,,c9b00767615fa5b7a6dc411f276300a4ef86c7a9f57831378c42d40f04dc9acc,timestamped_live_quote
2026-09-25T14:56:54Z,b1cdf3ac97be67ee00a53e437e4bfa78,2026-09-26T20:00:00Z,Georgia Southern Eagles,Houston Cougars,betonlineag,BetOnline.ag,2026-09-25T14:56:27Z,2026-09-25T14:56:27Z,Houston Cougars,-17.0,-120.0,2026,2026-09-25T14:56:54Z,1063,,,,c9b00767615fa5b7a6dc411f276300a4ef86c7a9f57831378c42d40f04dc9acc,timestamped_live_quote
2026-09-25T14:56:54Z,b1cdf3ac97be67ee00a53e437e4bfa78,2026-09-26T20:00:00Z,Georgia Southern Eagles,Houston Cougars,lowvig,LowVig.ag,2026-09-25T14:56:25Z,2026-09-25T14:56:25Z,Georgia Southern Eagles,17.0,104.0,2026,2026-09-25T14:56:54Z,1063,,,,c9b00767615fa5b7a6dc411f276300a4ef86c7a9f57831378c42d40f04dc9acc,timestamped_live_quote
2026-09-25T14:56:54Z,b1cdf3ac97be67ee00a53e437e4bfa78,2026-09-26T20:00:00Z,Georgia Southern Eagles,Houston Cougars,lowvig,LowVig.ag,2026-09-25T14:56:25Z,2026-09-25T14:56:25Z,Houston Cougars,-17.0,-116.0,2026,2026-09-25T14:56:54Z,1063,,,,c9b00767615fa5b7a6dc411f276300a4ef86c7a9f57831378c42d40f04dc9acc,timestamped_live_quote
2026-09-25T14:56:54Z,b1cdf3ac97be67ee00a53e437e4bfa78,2026-09-26T20:00:00Z,Georgia Southern Eagles,Houston Cougars,betmgm,BetMGM,2026-09-25T14:56:42Z,2026-09-25T14:56:42Z,Georgia Southern Eagles,18.0,-112.0,2026,2026-09-25T14:56:54Z,1063,,,,c9b00767615fa5b7a6dc411f276300a4ef86c7a9f57831378c42d40f04dc9acc,timestamped_live_quote
2026-09-25T14:56:54Z,b1cdf3ac97be67ee00a53e437e4bfa78,2026-09-26T20:00:00Z,Georgia Southern Eagles,Houston Cougars,betmgm,BetMGM,2026-09-25T14:56:42Z,2026-09-25T14:56:42Z,Houston Cougars,-18.0,-105.0,2026,2026-09-25T14:56:54Z,1063,,,,c9b00767615fa5b7a6dc411f276300a4ef86c7a9f57831378c42d40f04dc9acc,timestamped_live_quote
2026-09-25T14:56:54Z,b1cdf3ac97be67ee00a53e437e4bfa78,2026-09-26T20:00:00Z,Georgia Southern Eagles,Houston Cougars,betus,BetUS,2026-09-25T14:55:47Z,2026-09-25T14:55:47Z,Georgia Southern Eagles,17.5,-115.0,2026,2026-09-25T14:56:54Z,1063,,,,c9b00767615fa5b7a6dc411f276300a4ef86c7a9f57831378c42d40f04dc9acc,timestamped_live_quote
2026-09-25T14:56:54Z,b1cdf3ac97be67ee00a53e437e4bfa78,2026-09-26T20:00:00Z,Georgia Southern Eagles,Houston Cougars,betus,BetUS,2026-09-25T14:55:47Z,2026-09-25T14:55:47Z,Houston Cougars,-17.5,-105.0,2026,2026-09-25T14:56:54Z,1063,,,,c9b00767615fa5b7a6dc411f276300a4ef86c7a9f57831378c42d40f04dc9acc,timestamped_live_quote
2026-09-25T14:56:54Z,b1cdf3ac97be67ee00a53e437e4bfa78,2026-09-26T20:00:00Z,Georgia Southern Eagles,Houston Cougars,bovada,Bovada,2026-09-25T14:55:35Z,2026-09-25T14:55:35Z,Georgia Southern Eagles,17.5,-105.0,2026,2026-09-25T14:56:54Z,1063,,,,c9b00767615fa5b7a6dc411f276300a4ef86c7a9f57831378c42d40f04dc9acc,timestamped_live_quote
2026-09-25T14:56:54Z,b1cdf3ac97be67ee00a53e437e4bfa78,2026-09-26T20:00:00Z,Georgia Southern Eagles,Houston Cougars,bovada,Bovada,2026-09-25T14:55:35Z,2026-09-25T14:55:35Z,Houston Cougars,-17.5,-115.0,2026,2026-09-25T14:56:54Z,1063,,,,c9b00767615fa5b7a6dc411f276300a4ef86c7a9f57831378c42d40f04dc9acc,timestamped_live_quote
2026-09-25T14:56:54Z,edf8d3e3699aa5cb34c50ac7de992d37,2026-09-26T20:15:00Z,Auburn Tigers,Vanderbilt Commodores,draftkings,DraftKings,2026-09-25T14:56:40Z,2026-09-25T14:56:40Z,Auburn Tigers,-9.5,-110.0,2026,2026-09-25T14:56:54Z,1063,,,,c9b00767615fa5b7a6dc411f276300a4ef86c7a9f57831378c42d40f04dc9acc,timestamped_live_quote
2026-09-25T14:56:54Z,edf8d3e3699aa5cb34c50ac7de992d37,2026-09-26T20:15:00Z,Auburn Tigers,Vanderbilt Commodores,draftkings,DraftKings,2026-09-25T14:56:40Z,2026-09-25T14:56:40Z,Vanderbilt Commodores,9.5,-110.0,2026,2026-09-25T14:56:54Z,1063,,,,c9b00767615fa5b7a6dc411f276300a4ef86c7a9f57831378c42d40f04dc9acc,timestamped_live_quote
2026-09-25T14:56:54Z,edf8d3e3699aa5cb34c50ac7de992d37,2026-09-26T20:15:00Z,Auburn Tigers,Vanderbilt Commodores,mybookieag,MyBookie.ag,2026-09-25T14:54:56Z,2026-09-25T14:54:56Z,Auburn Tigers,-9.5,-110.0,2026,2026-09-25T14:56:54Z,1063,,,,c9b00767615fa5b7a6dc411f276300a4ef86c7a9f57831378c42d40f04dc9acc,timestamped_live_quote
2026-09-25T14:56:54Z,edf8d3e3699aa5cb34c50ac7de992d37,2026-09-26T20:15:00Z,Auburn Tigers,Vanderbilt Commodores,mybookieag,MyBookie.ag,2026-09-25T14:54:56Z,2026-09-25T14:54:56Z,Vanderbilt Commodores,9.5,-110.0,2026,2026-09-25T14:56:54Z,1063,,,,c9b00767615fa5b7a6dc411f276300a4ef86c7a9f57831378c42d40f04dc9acc,timestamped_live_quote
2026-09-25T14:56:54Z,edf8d3e3699aa5cb34c50ac7de992d37,2026-09-26T20:15:00Z,Auburn Tigers,Vanderbilt Commodores,fanduel,FanDuel,2026-09-25T14:56:24Z,2026-09-25T14:56:24Z,Auburn Tigers,-9.5,-110.0,2026,2026-09-25T14:56:54Z,1063,,,,c9b00767615fa5b7a6dc411f276300a4ef86c7a9f57831378c42d40f04dc9acc,timestamped_live_quote
2026-09-25T14:56:54Z,edf8d3e3699aa5cb34c50ac7de992d37,2026-09-26T20:15:00Z,Auburn Tigers,Vanderbilt Commodores,fanduel,FanDuel,2026-09-25T14:56:24Z,2026-09-25T14:56:24Z,Vanderbilt Commodores,9.5,-110.0,2026,2026-09-25T14:56:54Z,1063,,,,c9b00767615fa5b7a6dc411f276300a4ef86c7a9f57831378c42d40f04dc9acc,timestamped_live_quote
2026-09-25T14:56:54Z,edf8d3e3699aa5cb34c50ac7de992d37,2026-09-26T20:15:00Z,Auburn Tigers,Vanderbilt Commodores,betrivers,BetRivers,2026-09-25T14:55:36Z,2026-09-25T14:55:36Z,Auburn Tigers,-9.5,-113.0,2026,2026-09-25T14:56:54Z,1063,,,,c9b00767615fa5b7a6dc411f276300a4ef86c7a9f57831378c42d40f04dc9acc,timestamped_live_quote
2026-09-25T14:56:54Z,edf8d3e3699aa5cb34c50ac7de992d37,2026-09-26T20:15:00Z,Auburn Tigers,Vanderbilt Commodores,betrivers,BetRivers,2026-09-25T14:55:36Z,2026-09-25T14:55:36Z,Vanderbilt Commodores,9.5,-110.0,2026,2026-09-25T14:56:54Z,1063,,,,c9b00767615fa5b7a6dc411f276300a4ef86c7a9f57831378c42d40f04dc9acc,timestamped_live_quote
2026-09-25T14:56:54Z,edf8d3e3699aa5cb34c50ac7de992d37,2026-09-26T20:15:00Z,Auburn Tigers,Vanderbilt Commodores,lowvig,LowVig.ag,2026-09-25T14:56:25Z,2026-09-25T14:56:25Z,Auburn Tigers,-9.5,-109.0,2026,2026-09-25T14:56:54Z,1063,,,,c9b00767615fa5b7a6dc411f276300a4ef86c7a9f57831378c42d40f04dc9acc,timestamped_live_quote
2026-09-25T14:56:54Z,edf8d3e3699aa5cb34c50ac7de992d37,2026-09-26T20:15:00Z,Auburn Tigers,Vanderbilt Commodores,lowvig,LowVig.ag,2026-09-25T14:56:25Z,2026-09-25T14:56:25Z,Vanderbilt Commodores,9.5,-103.0,2026,2026-09-25T14:56:54Z,1063,,,,c9b00767615fa5b7a6dc411f276300a4ef86c7a9f57831378c42d40f04dc9acc,timestamped_live_quote
2026-09-25T14:56:54Z,edf8d3e3699aa5cb34c50ac7de992d37,2026-09-26T20:15:00Z,Auburn Tigers,Vanderbilt Commodores,betonlineag,BetOnline.ag,2026-09-25T14:56:27Z,2026-09-25T14:56:27Z,Auburn Tigers,-9.5,-113.0,2026,2026-09-25T14:56:54Z,1063,,,,c9b00767615fa5b7a6dc411f276300a4ef86c7a9f57831378c42d40f04dc9acc,timestamped_live_quote
2026-09-25T14:56:54Z,edf8d3e3699aa5cb34c50ac7de992d37,2026-09-26T20:15:00Z,Auburn Tigers,Vanderbilt Commodores,betonlineag,BetOnline.ag,2026-09-25T14:56:27Z,2026-09-25T14:56:27Z,Vanderbilt Commodores,9.5,-107.0,2026,2026-09-25T14:56:54Z,1063,,,,c9b00767615fa5b7a6dc411f276300a4ef86c7a9f57831378c42d40f04dc9acc,timestamped_live_quote
2026-09-25T14:56:54Z,edf8d3e3699aa5cb34c50ac7de992d37,2026-09-26T20:15:00Z,Auburn Tigers,Vanderbilt Commodores,betus,BetUS,2026-09-25T14:55:47Z,2026-09-25T14:55:47Z,Auburn Tigers,-9.5,-110.0,2026,2026-09-25T14:56:54Z,1063,,,,c9b00767615fa5b7a6dc411f276300a4ef86c7a9f57831378c42d40f04dc9acc,timestamped_live_quote
2026-09-25T14:56:54Z,edf8d3e3699aa5cb34c50ac7de992d37,2026-09-26T20:15:00Z,Auburn Tigers,Vanderbilt Commodores,betus,BetUS,2026-09-25T14:55:47Z,2026-09-25T14:55:47Z,Vanderbilt Commodores,9.5,-110.0,2026,2026-09-25T14:56:54Z,1063,,,,c9b00767615fa5b7a6dc411f276300a4ef86c7a9f57831378c42d40f04dc9acc,timestamped_live_quote
2026-09-25T14:56:54Z,edf8d3e3699aa5cb34c50ac7de992d37,2026-09-26T20:15:00Z,Auburn Tigers,Vanderbilt Commodores,betmgm,BetMGM,2026-09-25T14:56:42Z,2026-09-25T14:56:42Z,Auburn Tigers,-9.5,-110.0,2026,2026-09-25T14:56:54Z,1063,,,,c9b00767615fa5b7a6dc411f276300a4ef86c7a9f57831378c42d40f04dc9acc,timestamped_live_quote
2026-09-25T14:56:54Z,edf8d3e3699aa5cb34c50ac7de992d37,2026-09-26T20:15:00Z,Auburn Tigers,Vanderbilt Commodores,betmgm,BetMGM,2026-09-25T14:56:42Z,2026-09-25T14:56:42Z,Vanderbilt Commodores,9.5,-108.0,2026,2026-09-25T14:56:54Z,1063,,,,c9b00767615fa5b7a6dc411f276300a4ef86c7a9f57831378c42d40f04dc9acc,timestamped_live_quote
2026-09-25T14:56:54Z,edf8d3e3699aa5cb34c50ac7de992d37,2026-09-26T20:15:00Z,Auburn Tigers,Vanderbilt Commodores,bovada,Bovada,2026-09-25T14:55:35Z,2026-09-25T14:55:35Z,Auburn Tigers,-9.5,-115.0,2026,2026-09-25T14:56:54Z,1063,,,,c9b00767615fa5b7a6dc411f276300a4ef86c7a9f57831378c42d40f04dc9acc,timestamped_live_quote
2026-09-25T14:56:54Z,edf8d3e3699aa5cb34c50ac7de992d37,2026-09-26T20:15:00Z,Auburn Tigers,Vanderbilt Commodores,bovada,Bovada,2026-09-25T14:55:35Z,2026-09-25T14:55:35Z,Vanderbilt Commodores,9.5,-105.0,2026,2026-09-25T14:56:54Z,1063,,,,c9b00767615fa5b7a6dc411f276300a4ef86c7a9f57831378c42d40f04dc9acc,timestamped_live_quote
2026-09-25T14:56:54Z,10078e86207d952986707c1ad7dc9331,2026-09-26T21:00:00Z,Bowling Green Falcons,South Florida Bulls,fanduel,FanDuel,2026-09-25T14:56:24Z,2026-09-25T14:56:24Z,Bowling Green Falcons,17.5,-110.0,2026,2026-09-25T14:56:54Z,1063,,,,c9b00767615fa5b7a6dc411f276300a4ef86c7a9f57831378c42d40f04dc9acc,timestamped_live_quote
2026-09-25T14:56:54Z,10078e86207d952986707c1ad7dc9331,2026-09-26T21:00:00Z,Bowling Green Falcons,South Florida Bulls,fanduel,FanDuel,2026-09-25T14:56:24Z,2026-09-25T14:56:24Z,South Florida Bulls,-17.5,-110.0,2026,2026-09-25T14:56:54Z,1063,,,,c9b00767615fa5b7a6dc411f276300a4ef86c7a9f57831378c42d40f04dc9acc,timestamped_live_quote
2026-09-25T14:56:54Z,10078e86207d952986707c1ad7dc9331,2026-09-26T21:00:00Z,Bowling Green Falcons,South Florida Bulls,mybookieag,MyBookie.ag,2026-09-25T14:54:56Z,2026-09-25T14:54:56Z,Bowling Green Falcons,17.5,-110.0,2026,2026-09-25T14:56:54Z,1063,,,,c9b00767615fa5b7a6dc411f276300a4ef86c7a9f57831378c42d40f04dc9acc,timestamped_live_quote
2026-09-25T14:56:54Z,10078e86207d952986707c1ad7dc9331,2026-09-26T21:00:00Z,Bowling Green Falcons,South Florida Bulls,mybookieag,MyBookie.ag,2026-09-25T14:54:56Z,2026-09-25T14:54:56Z,South Florida Bulls,-17.5,-110.0,2026,2026-09-25T14:56:54Z,1063,,,,c9b00767615fa5b7a6dc411f276300a4ef86c7a9f57831378c42d40f04dc9acc,timestamped_live_quote
2026-09-25T14:56:54Z,10078e86207d952986707c1ad7dc9331,2026-09-26T21:00:00Z,Bowling Green Falcons,South Florida Bulls,betrivers,BetRivers,2026-09-25T14:55:36Z,2026-09-25T14:55:36Z,Bowling Green Falcons,17.5,-110.0,2026,2026-09-25T14:56:54Z,1063,,,,c9b00767615fa5b7a6dc411f276300a4ef86c7a9f57831378c42d40f04dc9acc,timestamped_live_quote
2026-09-25T14:56:54Z,10078e86207d952986707c1ad7dc9331,2026-09-26T21:00:00Z,Bowling Green Falcons,South Florida Bulls,betrivers,BetRivers,2026-09-25T14:55:36Z,2026-09-25T14:55:36Z,South Florida Bulls,-17.5,-112.0,2026,2026-09-25T14:56:54Z,1063,,,,c9b00767615fa5b7a6dc411f276300a4ef86c7a9f57831378c42d40f04dc9acc,timestamped_live_quote
2026-09-25T14:56:54Z,10078e86207d952986707c1ad7dc9331,2026-09-26T21:00:00Z,Bowling Green Falcons,South Florida Bulls,draftkings,DraftKings,2026-09-25T14:56:40Z,2026-09-25T14:56:40Z,Bowling Green Falcons,17.5,-110.0,2026,2026-09-25T14:56:54Z,1063,,,,c9b00767615fa5b7a6dc411f276300a4ef86c7a9f57831378c42d40f04dc9acc,timestamped_live_quote
2026-09-25T14:56:54Z,10078e86207d952986707c1ad7dc9331,2026-09-26T21:00:00Z,Bowling Green Falcons,South Florida Bulls,draftkings,DraftKings,2026-09-25T14:56:40Z,2026-09-25T14:56:40Z,South Florida Bulls,-17.5,-110.0,2026,2026-09-25T14:56:54Z,1063,,,,c9b00767615fa5b7a6dc411f276300a4ef86c7a9f57831378c42d40f04dc9acc,timestamped_live_quote
2026-09-25T14:56:54Z,10078e86207d952986707c1ad7dc9331,2026-09-26T21:00:00Z,Bowling Green Falcons,South Florida Bulls,lowvig,LowVig.ag,2026-09-25T14:56:25Z,2026-09-25T14:56:25Z,Bowling Green Falcons,17.5,-104.0,2026,2026-09-25T14:56:54Z,1063,,,,c9b00767615fa5b7a6dc411f276300a4ef86c7a9f57831378c42d40f04dc9acc,timestamped_live_quote
2026-09-25T14:56:54Z,10078e86207d952986707c1ad7dc9331,2026-09-26T21:00:00Z,Bowling Green Falcons,South Florida Bulls,lowvig,LowVig.ag,2026-09-25T14:56:25Z,2026-09-25T14:56:25Z,South Florida Bulls,-17.5,-108.0,2026,2026-09-25T14:56:54Z,1063,,,,c9b00767615fa5b7a6dc411f276300a4ef86c7a9f57831378c42d40f04dc9acc,timestamped_live_quote
2026-09-25T14:56:54Z,10078e86207d952986707c1ad7dc9331,2026-09-26T21:00:00Z,Bowling Green Falcons,South Florida Bulls,betonlineag,BetOnline.ag,2026-09-25T14:56:27Z,2026-09-25T14:56:27Z,Bowling Green Falcons,17.5,-108.0,2026,2026-09-25T14:56:54Z,1063,,,,c9b00767615fa5b7a6dc411f276300a4ef86c7a9f57831378c42d40f04dc9acc,timestamped_live_quote
2026-09-25T14:56:54Z,10078e86207d952986707c1ad7dc9331,2026-09-26T21:00:00Z,Bowling Green Falcons,South Florida Bulls,betonlineag,BetOnline.ag,2026-09-25T14:56:27Z,2026-09-25T14:56:27Z,South Florida Bulls,-17.5,-112.0,2026,2026-09-25T14:56:54Z,1063,,,,c9b00767615fa5b7a6dc411f276300a4ef86c7a9f57831378c42d40f04dc9acc,timestamped_live_quote
2026-09-25T14:56:54Z,10078e86207d952986707c1ad7dc9331,2026-09-26T21:00:00Z,Bowling Green Falcons,South Florida Bulls,betus,BetUS,2026-09-25T14:55:47Z,2026-09-25T14:55:47Z,Bowling Green Falcons,17.5,-110.0,2026,2026-09-25T14:56:54Z,1063,,,,c9b00767615fa5b7a6dc411f276300a4ef86c7a9f57831378c42d40f04dc9acc,timestamped_live_quote
2026-09-25T14:56:54Z,10078e86207d952986707c1ad7dc9331,2026-09-26T21:00:00Z,Bowling Green Falcons,South Florida Bulls,betus,BetUS,2026-09-25T14:55:47Z,2026-09-25T14:55:47Z,South Florida Bulls,-17.5,-110.0,2026,2026-09-25T14:56:54Z,1063,,,,c9b00767615fa5b7a6dc411f276300a4ef86c7a9f57831378c42d40f04dc9acc,timestamped_live_quote
2026-09-25T14:56:54Z,10078e86207d952986707c1ad7dc9331,2026-09-26T21:00:00Z,Bowling Green Falcons,South Florida Bulls,betmgm,BetMGM,2026-09-25T14:56:42Z,2026-09-25T14:56:42Z,Bowling Green Falcons,17.5,-108.0,2026,2026-09-25T14:56:54Z,1063,,,,c9b00767615fa5b7a6dc411f276300a4ef86c7a9f57831378c42d40f04dc9acc,timestamped_live_quote
2026-09-25T14:56:54Z,10078e86207d952986707c1ad7dc9331,2026-09-26T21:00:00Z,Bowling Green Falcons,South Florida Bulls,betmgm,BetMGM,2026-09-25T14:56:42Z,2026-09-25T14:56:42Z,South Florida Bulls,-17.5,-110.0,2026,2026-09-25T14:56:54Z,1063,,,,c9b00767615fa5b7a6dc411f276300a4ef86c7a9f57831378c42d40f04dc9acc,timestamped_live_quote
2026-09-25T14:56:54Z,10078e86207d952986707c1ad7dc9331,2026-09-26T21:00:00Z,Bowling Green Falcons,South Florida Bulls,bovada,Bovada,2026-09-25T14:55:35Z,2026-09-25T14:55:35Z,Bowling Green Falcons,18.0,-110.0,2026,2026-09-25T14:56:54Z,1063,,,,c9b00767615fa5b7a6dc411f276300a4ef86c7a9f57831378c42d40f04dc9acc,timestamped_live_quote
2026-09-25T14:56:54Z,10078e86207d952986707c1ad7dc9331,2026-09-26T21:00:00Z,Bowling Green Falcons,South Florida Bulls,bovada,Bovada,2026-09-25T14:55:35Z,2026-09-25T14:55:35Z,South Florida Bulls,-18.0,-110.0,2026,2026-09-25T14:56:54Z,1063,,,,c9b00767615fa5b7a6dc411f276300a4ef86c7a9f57831378c42d40f04dc9acc,timestamped_live_quote
2026-09-25T14:56:54Z,023386f1b92db2259c7d52b2f244182f,2026-09-26T21:00:00Z,Michigan State Spartans,Nebraska Cornhuskers,draftkings,DraftKings,2026-09-25T14:56:40Z,2026-09-25T14:56:40Z,Michigan State Spartans,5.5,-102.0,2026,2026-09-25T14:56:54Z,1063,,,,c9b00767615fa5b7a6dc411f276300a4ef86c7a9f57831378c42d40f04dc9acc,timestamped_live_quote
2026-09-25T14:56:54Z,023386f1b92db2259c7d52b2f244182f,2026-09-26T21:00:00Z,Michigan State Spartans,Nebraska Cornhuskers,draftkings,DraftKings,2026-09-25T14:56:40Z,2026-09-25T14:56:40Z,Nebraska Cornhuskers,-5.5,-118.0,2026,2026-09-25T14:56:54Z,1063,,,,c9b00767615fa5b7a6dc411f276300a4ef86c7a9f57831378c42d40f04dc9acc,timestamped_live_quote
2026-09-25T14:56:54Z,023386f1b92db2259c7d52b2f244182f,2026-09-26T21:00:00Z,Michigan State Spartans,Nebraska Cornhuskers,mybookieag,MyBookie.ag,2026-09-25T14:54:56Z,2026-09-25T14:54:56Z,Michigan State Spartans,5.5,-110.0,2026,2026-09-25T14:56:54Z,1063,,,,c9b00767615fa5b7a6dc411f276300a4ef86c7a9f57831378c42d40f04dc9acc,timestamped_live_quote
2026-09-25T14:56:54Z,023386f1b92db2259c7d52b2f244182f,2026-09-26T21:00:00Z,Michigan State Spartans,Nebraska Cornhuskers,mybookieag,MyBookie.ag,2026-09-25T14:54:56Z,2026-09-25T14:54:56Z,Nebraska Cornhuskers,-5.5,-110.0,2026,2026-09-25T14:56:54Z,1063,,,,c9b00767615fa5b7a6dc411f276300a4ef86c7a9f57831378c42d40f04dc9acc,timestamped_live_quote
2026-09-25T14:56:54Z,023386f1b92db2259c7d52b2f244182f,2026-09-26T21:00:00Z,Michigan State Spartans,Nebraska Cornhuskers,fanduel,FanDuel,2026-09-25T14:56:24Z,2026-09-25T14:56:24Z,Michigan State Spartans,5.5,-106.0,2026,2026-09-25T14:56:54Z,1063,,,,c9b00767615fa5b7a6dc411f276300a4ef86c7a9f57831378c42d40f04dc9acc,timestamped_live_quote
2026-09-25T14:56:54Z,023386f1b92db2259c7d52b2f244182f,2026-09-26T21:00:00Z,Michigan State Spartans,Nebraska Cornhuskers,fanduel,FanDuel,2026-09-25T14:56:24Z,2026-09-25T14:56:24Z,Nebraska Cornhuskers,-5.5,-114.0,2026,2026-09-25T14:56:54Z,1063,,,,c9b00767615fa5b7a6dc411f276300a4ef86c7a9f57831378c42d40f04dc9acc,timestamped_live_quote
2026-09-25T14:56:54Z,023386f1b92db2259c7d52b2f244182f,2026-09-26T21:00:00Z,Michigan State Spartans,Nebraska Cornhuskers,betrivers,BetRivers,2026-09-25T14:55:36Z,2026-09-25T14:55:36Z,Michigan State Spartans,5.5,-110.0,2026,2026-09-25T14:56:54Z,1063,,,,c9b00767615fa5b7a6dc411f276300a4ef86c7a9f57831378c42d40f04dc9acc,timestamped_live_quote
2026-09-25T14:56:54Z,023386f1b92db2259c7d52b2f244182f,2026-09-26T21:00:00Z,Michigan State Spartans,Nebraska Cornhuskers,betrivers,BetRivers,2026-09-25T14:55:36Z,2026-09-25T14:55:36Z,Nebraska Cornhuskers,-5.5,-113.0,2026,2026-09-25T14:56:54Z,1063,,,,c9b00767615fa5b7a6dc411f276300a4ef86c7a9f57831378c42d40f04dc9acc,timestamped_live_quote
2026-09-25T14:56:54Z,023386f1b92db2259c7d52b2f244182f,2026-09-26T21:00:00Z,Michigan State Spartans,Nebraska Cornhuskers,betonlineag,BetOnline.ag,2026-09-25T14:56:27Z,2026-09-25T14:56:27Z,Michigan State Spartans,5.5,-102.0,2026,2026-09-25T14:56:54Z,1063,,,,c9b00767615fa5b7a6dc411f276300a4ef86c7a9f57831378c42d40f04dc9acc,timestamped_live_quote
2026-09-25T14:56:54Z,023386f1b92db2259c7d52b2f244182f,2026-09-26T21:00:00Z,Michigan State Spartans,Nebraska Cornhuskers,betonlineag,BetOnline.ag,2026-09-25T14:56:27Z,2026-09-25T14:56:27Z,Nebraska Cornhuskers,-5.5,-118.0,2026,2026-09-25T14:56:54Z,1063,,,,c9b00767615fa5b7a6dc411f276300a4ef86c7a9f57831378c42d40f04dc9acc,timestamped_live_quote
2026-09-25T14:56:54Z,023386f1b92db2259c7d52b2f244182f,2026-09-26T21:00:00Z,Michigan State Spartans,Nebraska Cornhuskers,lowvig,LowVig.ag,2026-09-25T14:56:25Z,2026-09-25T14:56:25Z,Michigan State Spartans,5.5,-106.0,2026,2026-09-25T14:56:54Z,1063,,,,c9b00767615fa5b7a6dc411f276300a4ef86c7a9f57831378c42d40f04dc9acc,timestamped_live_quote
2026-09-25T14:56:54Z,023386f1b92db2259c7d52b2f244182f,2026-09-26T21:00:00Z,Michigan State Spartans,Nebraska Cornhuskers,lowvig,LowVig.ag,2026-09-25T14:56:25Z,2026-09-25T14:56:25Z,Nebraska Cornhuskers,-5.5,-106.0,2026,2026-09-25T14:56:54Z,1063,,,,c9b00767615fa5b7a6dc411f276300a4ef86c7a9f57831378c42d40f04dc9acc,timestamped_live_quote
2026-09-25T14:56:54Z,023386f1b92db2259c7d52b2f244182f,2026-09-26T21:00:00Z,Michigan State Spartans,Nebraska Cornhuskers,betmgm,BetMGM,2026-09-25T14:56:42Z,2026-09-25T14:56:42Z,Michigan State Spartans,6.0,-110.0,2026,2026-09-25T14:56:54Z,1063,,,,c9b00767615fa5b7a6dc411f276300a4ef86c7a9f57831378c42d40f04dc9acc,timestamped_live_quote
2026-09-25T14:56:54Z,023386f1b92db2259c7d52b2f244182f,2026-09-26T21:00:00Z,Michigan State Spartans,Nebraska Cornhuskers,betmgm,BetMGM,2026-09-25T14:56:42Z,2026-09-25T14:56:42Z,Nebraska Cornhuskers,-6.0,-108.0,2026,2026-09-25T14:56:54Z,1063,,,,c9b00767615fa5b7a6dc411f276300a4ef86c7a9f57831378c42d40f04dc9acc,timestamped_live_quote
2026-09-25T14:56:54Z,023386f1b92db2259c7d52b2f244182f,2026-09-26T21:00:00Z,Michigan State Spartans,Nebraska Cornhuskers,betus,BetUS,2026-09-25T14:55:47Z,2026-09-25T14:55:47Z,Michigan State Spartans,5.5,-105.0,2026,2026-09-25T14:56:54Z,1063,,,,c9b00767615fa5b7a6dc411f276300a4ef86c7a9f57831378c42d40f04dc9acc,timestamped_live_quote
2026-09-25T14:56:54Z,023386f1b92db2259c7d52b2f244182f,2026-09-26T21:00:00Z,Michigan State Spartans,Nebraska Cornhuskers,betus,BetUS,2026-09-25T14:55:47Z,2026-09-25T14:55:47Z,Nebraska Cornhuskers,-5.5,-115.0,2026,2026-09-25T14:56:54Z,1063,,,,c9b00767615fa5b7a6dc411f276300a4ef86c7a9f57831378c42d40f04dc9acc,timestamped_live_quote
2026-09-25T14:56:54Z,023386f1b92db2259c7d52b2f244182f,2026-09-26T21:00:00Z,Michigan State Spartans,Nebraska Cornhuskers,bovada,Bovada,2026-09-25T14:55:35Z,2026-09-25T14:55:35Z,Michigan State Spartans,6.0,-115.0,2026,2026-09-25T14:56:54Z,1063,,,,c9b00767615fa5b7a6dc411f276300a4ef86c7a9f57831378c42d40f04dc9acc,timestamped_live_quote
2026-09-25T14:56:54Z,023386f1b92db2259c7d52b2f244182f,2026-09-26T21:00:00Z,Michigan State Spartans,Nebraska Cornhuskers,bovada,Bovada,2026-09-25T14:55:35Z,2026-09-25T14:55:35Z,Nebraska Cornhuskers,-6.0,-105.0,2026,2026-09-25T14:56:54Z,1063,,,,c9b00767615fa5b7a6dc411f276300a4ef86c7a9f57831378c42d40f04dc9acc,timestamped_live_quote
2026-09-25T14:56:54Z,9c5cf55e5371dd6178da97dcaef2bff5,2026-09-26T21:00:00Z,Penn State Nittany Lions,Wisconsin Badgers,draftkings,DraftKings,2026-09-25T14:56:40Z,2026-09-25T14:56:40Z,Penn State Nittany Lions,-10.0,-112.0,2026,2026-09-25T14:56:54Z,1063,,,,c9b00767615fa5b7a6dc411f276300a4ef86c7a9f57831378c42d40f04dc9acc,timestamped_live_quote
2026-09-25T14:56:54Z,9c5cf55e5371dd6178da97dcaef2bff5,2026-09-26T21:00:00Z,Penn State Nittany Lions,Wisconsin Badgers,draftkings,DraftKings,2026-09-25T14:56:40Z,2026-09-25T14:56:40Z,Wisconsin Badgers,10.0,-108.0,2026,2026-09-25T14:56:54Z,1063,,,,c9b00767615fa5b7a6dc411f276300a4ef86c7a9f57831378c42d40f04dc9acc,timestamped_live_quote
2026-09-25T14:56:54Z,9c5cf55e5371dd6178da97dcaef2bff5,2026-09-26T21:00:00Z,Penn State Nittany Lions,Wisconsin Badgers,fanduel,FanDuel,2026-09-25T14:56:24Z,2026-09-25T14:56:24Z,Penn State Nittany Lions,-9.5,-120.0,2026,2026-09-25T14:56:54Z,1063,,,,c9b00767615fa5b7a6dc411f276300a4ef86c7a9f57831378c42d40f04dc9acc,timestamped_live_quote
2026-09-25T14:56:54Z,9c5cf55e5371dd6178da97dcaef2bff5,2026-09-26T21:00:00Z,Penn State Nittany Lions,Wisconsin Badgers,fanduel,FanDuel,2026-09-25T14:56:24Z,2026-09-25T14:56:24Z,Wisconsin Badgers,9.5,-102.0,2026,2026-09-25T14:56:54Z,1063,,,,c9b00767615fa5b7a6dc411f276300a4ef86c7a9f57831378c42d40f04dc9acc,timestamped_live_quote
2026-09-25T14:56:54Z,9c5cf55e5371dd6178da97dcaef2bff5,2026-09-26T21:00:00Z,Penn State Nittany Lions,Wisconsin Badgers,betrivers,BetRivers,2026-09-25T14:55:36Z,2026-09-25T14:55:36Z,Penn State Nittany Lions,-10.0,-109.0,2026,2026-09-25T14:56:54Z,1063,,,,c9b00767615fa5b7a6dc411f276300a4ef86c7a9f57831378c42d40f04dc9acc,timestamped_live_quote
2026-09-25T14:56:54Z,9c5cf55e5371dd6178da97dcaef2bff5,2026-09-26T21:00:00Z,Penn State Nittany Lions,Wisconsin Badgers,betrivers,BetRivers,2026-09-25T14:55:36Z,2026-09-25T14:55:36Z,Wisconsin Badgers,10.0,-114.0,2026,2026-09-25T14:56:54Z,1063,,,,c9b00767615fa5b7a6dc411f276300a4ef86c7a9f57831378c42d40f04dc9acc,timestamped_live_quote
2026-09-25T14:56:54Z,9c5cf55e5371dd6178da97dcaef2bff5,2026-09-26T21:00:00Z,Penn State Nittany Lions,Wisconsin Badgers,mybookieag,MyBookie.ag,2026-09-25T14:54:56Z,2026-09-25T14:54:56Z,Penn State Nittany Lions,-10.0,-110.0,2026,2026-09-25T14:56:54Z,1063,,,,c9b00767615fa5b7a6dc411f276300a4ef86c7a9f57831378c42d40f04dc9acc,timestamped_live_quote
2026-09-25T14:56:54Z,9c5cf55e5371dd6178da97dcaef2bff5,2026-09-26T21:00:00Z,Penn State Nittany Lions,Wisconsin Badgers,mybookieag,MyBookie.ag,2026-09-25T14:54:56Z,2026-09-25T14:54:56Z,Wisconsin Badgers,10.0,-110.0,2026,2026-09-25T14:56:54Z,1063,,,,c9b00767615fa5b7a6dc411f276300a4ef86c7a9f57831378c42d40f04dc9acc,timestamped_live_quote
2026-09-25T14:56:54Z,9c5cf55e5371dd6178da97dcaef2bff5,2026-09-26T21:00:00Z,Penn State Nittany Lions,Wisconsin Badgers,betmgm,BetMGM,2026-09-25T14:56:42Z,2026-09-25T14:56:42Z,Penn State Nittany Lions,-10.0,-112.0,2026,2026-09-25T14:56:54Z,1063,,,,c9b00767615fa5b7a6dc411f276300a4ef86c7a9f57831378c42d40f04dc9acc,timestamped_live_quote
2026-09-25T14:56:54Z,9c5cf55e5371dd6178da97dcaef2bff5,2026-09-26T21:00:00Z,Penn State Nittany Lions,Wisconsin Badgers,betmgm,BetMGM,2026-09-25T14:56:42Z,2026-09-25T14:56:42Z,Wisconsin Badgers,10.0,-105.0,2026,2026-09-25T14:56:54Z,1063,,,,c9b00767615fa5b7a6dc411f276300a4ef86c7a9f57831378c42d40f04dc9acc,timestamped_live_quote
2026-09-25T14:56:54Z,9c5cf55e5371dd6178da97dcaef2bff5,2026-09-26T21:00:00Z,Penn State Nittany Lions,Wisconsin Badgers,lowvig,LowVig.ag,2026-09-25T14:56:25Z,2026-09-25T14:56:25Z,Penn State Nittany Lions,-10.0,-109.0,2026,2026-09-25T14:56:54Z,1063,,,,c9b00767615fa5b7a6dc411f276300a4ef86c7a9f57831378c42d40f04dc9acc,timestamped_live_quote
2026-09-25T14:56:54Z,9c5cf55e5371dd6178da97dcaef2bff5,2026-09-26T21:00:00Z,Penn State Nittany Lions,Wisconsin Badgers,lowvig,LowVig.ag,2026-09-25T14:56:25Z,2026-09-25T14:56:25Z,Wisconsin Badgers,10.0,-103.0,2026,2026-09-25T14:56:54Z,1063,,,,c9b00767615fa5b7a6dc411f276300a4ef86c7a9f57831378c42d40f04dc9acc,timestamped_live_quote
2026-09-25T14:56:54Z,9c5cf55e5371dd6178da97dcaef2bff5,2026-09-26T21:00:00Z,Penn State Nittany Lions,Wisconsin Badgers,betonlineag,BetOnline.ag,2026-09-25T14:56:27Z,2026-09-25T14:56:27Z,Penn State Nittany Lions,-10.0,-117.0,2026,2026-09-25T14:56:54Z,1063,,,,c9b00767615fa5b7a6dc411f276300a4ef86c7a9f57831378c42d40f04dc9acc,timestamped_live_quote
2026-09-25T14:56:54Z,9c5cf55e5371dd6178da97dcaef2bff5,2026-09-26T21:00:00Z,Penn State Nittany Lions,Wisconsin Badgers,betonlineag,BetOnline.ag,2026-09-25T14:56:27Z,2026-09-25T14:56:27Z,Wisconsin Badgers,10.0,-103.0,2026,2026-09-25T14:56:54Z,1063,,,,c9b00767615fa5b7a6dc411f276300a4ef86c7a9f57831378c42d40f04dc9acc,timestamped_live_quote
2026-09-25T14:56:54Z,9c5cf55e5371dd6178da97dcaef2bff5,2026-09-26T21:00:00Z,Penn State Nittany Lions,Wisconsin Badgers,betus,BetUS,2026-09-25T14:55:47Z,2026-09-25T14:55:47Z,Penn State Nittany Lions,-10.0,-110.0,2026,2026-09-25T14:56:54Z,1063,,,,c9b00767615fa5b7a6dc411f276300a4ef86c7a9f57831378c42d40f04dc9acc,timestamped_live_quote
2026-09-25T14:56:54Z,9c5cf55e5371dd6178da97dcaef2bff5,2026-09-26T21:00:00Z,Penn State Nittany Lions,Wisconsin Badgers,betus,BetUS,2026-09-25T14:55:47Z,2026-09-25T14:55:47Z,Wisconsin Badgers,10.0,-110.0,2026,2026-09-25T14:56:54Z,1063,,,,c9b00767615fa5b7a6dc411f276300a4ef86c7a9f57831378c42d40f04dc9acc,timestamped_live_quote
2026-09-25T14:56:54Z,9c5cf55e5371dd6178da97dcaef2bff5,2026-09-26T21:00:00Z,Penn State Nittany Lions,Wisconsin Badgers,bovada,Bovada,2026-09-25T14:55:35Z,2026-09-25T14:55:35Z,Penn State Nittany Lions,-10.0,-110.0,2026,2026-09-25T14:56:54Z,1063,,,,c9b00767615fa5b7a6dc411f276300a4ef86c7a9f57831378c42d40f04dc9acc,timestamped_live_quote
2026-09-25T14:56:54Z,9c5cf55e5371dd6178da97dcaef2bff5,2026-09-26T21:00:00Z,Penn State Nittany Lions,Wisconsin Badgers,bovada,Bovada,2026-09-25T14:55:35Z,2026-09-25T14:55:35Z,Wisconsin Badgers,10.0,-110.0,2026,2026-09-25T14:56:54Z,1063,,,,c9b00767615fa5b7a6dc411f276300a4ef86c7a9f57831378c42d40f04dc9acc,timestamped_live_quote
2026-09-25T14:56:54Z,ce4578738432ad6327f4e3a4909ddcb5,2026-09-26T22:00:00Z,Virginia Cavaliers,Delaware Blue Hens,fanduel,FanDuel,2026-09-25T14:56:24Z,2026-09-25T14:56:24Z,Delaware Blue Hens,19.5,-110.0,2026,2026-09-25T14:56:54Z,1063,,,,c9b00767615fa5b7a6dc411f276300a4ef86c7a9f57831378c42d40f04dc9acc,timestamped_live_quote
2026-09-25T14:56:54Z,ce4578738432ad6327f4e3a4909ddcb5,2026-09-26T22:00:00Z,Virginia Cavaliers,Delaware Blue Hens,fanduel,FanDuel,2026-09-25T14:56:24Z,2026-09-25T14:56:24Z,Virginia Cavaliers,-19.5,-110.0,2026,2026-09-25T14:56:54Z,1063,,,,c9b00767615fa5b7a6dc411f276300a4ef86c7a9f57831378c42d40f04dc9acc,timestamped_live_quote
2026-09-25T14:56:54Z,ce4578738432ad6327f4e3a4909ddcb5,2026-09-26T22:00:00Z,Virginia Cavaliers,Delaware Blue Hens,mybookieag,MyBookie.ag,2026-09-25T14:54:56Z,2026-09-25T14:54:56Z,Delaware Blue Hens,19.5,-110.0,2026,2026-09-25T14:56:54Z,1063,,,,c9b00767615fa5b7a6dc411f276300a4ef86c7a9f57831378c42d40f04dc9acc,timestamped_live_quote
2026-09-25T14:56:54Z,ce4578738432ad6327f4e3a4909ddcb5,2026-09-26T22:00:00Z,Virginia Cavaliers,Delaware Blue Hens,mybookieag,MyBookie.ag,2026-09-25T14:54:56Z,2026-09-25T14:54:56Z,Virginia Cavaliers,-19.5,-110.0,2026,2026-09-25T14:56:54Z,1063,,,,c9b00767615fa5b7a6dc411f276300a4ef86c7a9f57831378c42d40f04dc9acc,timestamped_live_quote
2026-09-25T14:56:54Z,ce4578738432ad6327f4e3a4909ddcb5,2026-09-26T22:00:00Z,Virginia Cavaliers,Delaware Blue Hens,draftkings,DraftKings,2026-09-25T14:56:40Z,2026-09-25T14:56:40Z,Delaware Blue Hens,19.5,-110.0,2026,2026-09-25T14:56:54Z,1063,,,,c9b00767615fa5b7a6dc411f276300a4ef86c7a9f57831378c42d40f04dc9acc,timestamped_live_quote
2026-09-25T14:56:54Z,ce4578738432ad6327f4e3a4909ddcb5,2026-09-26T22:00:00Z,Virginia Cavaliers,Delaware Blue Hens,draftkings,DraftKings,2026-09-25T14:56:40Z,2026-09-25T14:56:40Z,Virginia Cavaliers,-19.5,-110.0,2026,2026-09-25T14:56:54Z,1063,,,,c9b00767615fa5b7a6dc411f276300a4ef86c7a9f57831378c42d40f04dc9acc,timestamped_live_quote
2026-09-25T14:56:54Z,ce4578738432ad6327f4e3a4909ddcb5,2026-09-26T22:00:00Z,Virginia Cavaliers,Delaware Blue Hens,betrivers,BetRivers,2026-09-25T14:55:36Z,2026-09-25T14:55:36Z,Delaware Blue Hens,19.5,-110.0,2026,2026-09-25T14:56:54Z,1063,,,,c9b00767615fa5b7a6dc411f276300a4ef86c7a9f57831378c42d40f04dc9acc,timestamped_live_quote
2026-09-25T14:56:54Z,ce4578738432ad6327f4e3a4909ddcb5,2026-09-26T22:00:00Z,Virginia Cavaliers,Delaware Blue Hens,betrivers,BetRivers,2026-09-25T14:55:36Z,2026-09-25T14:55:36Z,Virginia Cavaliers,-19.5,-113.0,2026,2026-09-25T14:56:54Z,1063,,,,c9b00767615fa5b7a6dc411f276300a4ef86c7a9f57831378c42d40f04dc9acc,timestamped_live_quote
2026-09-25T14:56:54Z,ce4578738432ad6327f4e3a4909ddcb5,2026-09-26T22:00:00Z,Virginia Cavaliers,Delaware Blue Hens,lowvig,LowVig.ag,2026-09-25T14:56:25Z,2026-09-25T14:56:25Z,Delaware Blue Hens,19.5,-102.0,2026,2026-09-25T14:56:54Z,1063,,,,c9b00767615fa5b7a6dc411f276300a4ef86c7a9f57831378c42d40f04dc9acc,timestamped_live_quote
2026-09-25T14:56:54Z,ce4578738432ad6327f4e3a4909ddcb5,2026-09-26T22:00:00Z,Virginia Cavaliers,Delaware Blue Hens,lowvig,LowVig.ag,2026-09-25T14:56:25Z,2026-09-25T14:56:25Z,Virginia Cavaliers,-19.5,-110.0,2026,2026-09-25T14:56:54Z,1063,,,,c9b00767615fa5b7a6dc411f276300a4ef86c7a9f57831378c42d40f04dc9acc,timestamped_live_quote
2026-09-25T14:56:54Z,ce4578738432ad6327f4e3a4909ddcb5,2026-09-26T22:00:00Z,Virginia Cavaliers,Delaware Blue Hens,betonlineag,BetOnline.ag,2026-09-25T14:56:27Z,2026-09-25T14:56:27Z,Delaware Blue Hens,19.5,-106.0,2026,2026-09-25T14:56:54Z,1063,,,,c9b00767615fa5b7a6dc411f276300a4ef86c7a9f57831378c42d40f04dc9acc,timestamped_live_quote
2026-09-25T14:56:54Z,ce4578738432ad6327f4e3a4909ddcb5,2026-09-26T22:00:00Z,Virginia Cavaliers,Delaware Blue Hens,betonlineag,BetOnline.ag,2026-09-25T14:56:27Z,2026-09-25T14:56:27Z,Virginia Cavaliers,-19.5,-114.0,2026,2026-09-25T14:56:54Z,1063,,,,c9b00767615fa5b7a6dc411f276300a4ef86c7a9f57831378c42d40f04dc9acc,timestamped_live_quote
2026-09-25T14:56:54Z,ce4578738432ad6327f4e3a4909ddcb5,2026-09-26T22:00:00Z,Virginia Cavaliers,Delaware Blue Hens,betmgm,BetMGM,2026-09-25T14:56:42Z,2026-09-25T14:56:42Z,Delaware Blue Hens,19.5,-108.0,2026,2026-09-25T14:56:54Z,1063,,,,c9b00767615fa5b7a6dc411f276300a4ef86c7a9f57831378c42d40f04dc9acc,timestamped_live_quote
2026-09-25T14:56:54Z,ce4578738432ad6327f4e3a4909ddcb5,2026-09-26T22:00:00Z,Virginia Cavaliers,Delaware Blue Hens,betmgm,BetMGM,2026-09-25T14:56:42Z,2026-09-25T14:56:42Z,Virginia Cavaliers,-19.5,-110.0,2026,2026-09-25T14:56:54Z,1063,,,,c9b00767615fa5b7a6dc411f276300a4ef86c7a9f57831378c42d40f04dc9acc,timestamped_live_quote
2026-09-25T14:56:54Z,ce4578738432ad6327f4e3a4909ddcb5,2026-09-26T22:00:00Z,Virginia Cavaliers,Delaware Blue Hens,betus,BetUS,2026-09-25T14:55:47Z,2026-09-25T14:55:47Z,Delaware Blue Hens,19.5,-110.0,2026,2026-09-25T14:56:54Z,1063,,,,c9b00767615fa5b7a6dc411f276300a4ef86c7a9f57831378c42d40f04dc9acc,timestamped_live_quote
2026-09-25T14:56:54Z,ce4578738432ad6327f4e3a4909ddcb5,2026-09-26T22:00:00Z,Virginia Cavaliers,Delaware Blue Hens,betus,BetUS,2026-09-25T14:55:47Z,2026-09-25T14:55:47Z,Virginia Cavaliers,-19.5,-110.0,2026,2026-09-25T14:56:54Z,1063,,,,c9b00767615fa5b7a6dc411f276300a4ef86c7a9f57831378c42d40f04dc9acc,timestamped_live_quote
2026-09-25T14:56:54Z,ce4578738432ad6327f4e3a4909ddcb5,2026-09-26T22:00:00Z,Virginia Cavaliers,Delaware Blue Hens,bovada,Bovada,2026-09-25T14:55:35Z,2026-09-25T14:55:35Z,Delaware Blue Hens,20.0,-110.0,2026,2026-09-25T14:56:54Z,1063,,,,c9b00767615fa5b7a6dc411f276300a4ef86c7a9f57831378c42d40f04dc9acc,timestamped_live_quote
2026-09-25T14:56:54Z,ce4578738432ad6327f4e3a4909ddcb5,2026-09-26T22:00:00Z,Virginia Cavaliers,Delaware Blue Hens,bovada,Bovada,2026-09-25T14:55:35Z,2026-09-25T14:55:35Z,Virginia Cavaliers,-20.0,-110.0,2026,2026-09-25T14:56:54Z,1063,,,,c9b00767615fa5b7a6dc411f276300a4ef86c7a9f57831378c42d40f04dc9acc,timestamped_live_quote
2026-09-25T14:56:54Z,520a355fd43b2cfb7aed527eee4345e0,2026-09-26T22:00:00Z,Florida International Panthers,LIU Sharks,fanduel,FanDuel,2026-09-25T14:56:24Z,2026-09-25T14:56:24Z,Florida International Panthers,-33.5,-115.0,2026,2026-09-25T14:56:54Z,1063,,,,c9b00767615fa5b7a6dc411f276300a4ef86c7a9f57831378c42d40f04dc9acc,timestamped_live_quote
2026-09-25T14:56:54Z,520a355fd43b2cfb7aed527eee4345e0,2026-09-26T22:00:00Z,Florida International Panthers,LIU Sharks,fanduel,FanDuel,2026-09-25T14:56:24Z,2026-09-25T14:56:24Z,LIU Sharks,33.5,-105.0,2026,2026-09-25T14:56:54Z,1063,,,,c9b00767615fa5b7a6dc411f276300a4ef86c7a9f57831378c42d40f04dc9acc,timestamped_live_quote
2026-09-25T14:56:54Z,520a355fd43b2cfb7aed527eee4345e0,2026-09-26T22:00:00Z,Florida International Panthers,LIU Sharks,draftkings,DraftKings,2026-09-25T14:56:40Z,2026-09-25T14:56:40Z,Florida International Panthers,-35.5,-110.0,2026,2026-09-25T14:56:54Z,1063,,,,c9b00767615fa5b7a6dc411f276300a4ef86c7a9f57831378c42d40f04dc9acc,timestamped_live_quote
2026-09-25T14:56:54Z,520a355fd43b2cfb7aed527eee4345e0,2026-09-26T22:00:00Z,Florida International Panthers,LIU Sharks,draftkings,DraftKings,2026-09-25T14:56:40Z,2026-09-25T14:56:40Z,LIU Sharks,35.5,-110.0,2026,2026-09-25T14:56:54Z,1063,,,,c9b00767615fa5b7a6dc411f276300a4ef86c7a9f57831378c42d40f04dc9acc,timestamped_live_quote
2026-09-25T14:56:54Z,520a355fd43b2cfb7aed527eee4345e0,2026-09-26T22:00:00Z,Florida International Panthers,LIU Sharks,betrivers,BetRivers,2026-09-25T14:55:36Z,2026-09-25T14:55:36Z,Florida International Panthers,-34.5,-125.0,2026,2026-09-25T14:56:54Z,1063,,,,c9b00767615fa5b7a6dc411f276300a4ef86c7a9f57831378c42d40f04dc9acc,timestamped_live_quote
2026-09-25T14:56:54Z,520a355fd43b2cfb7aed527eee4345e0,2026-09-26T22:00:00Z,Florida International Panthers,LIU Sharks,betrivers,BetRivers,2026-09-25T14:55:36Z,2026-09-25T14:55:36Z,LIU Sharks,34.5,102.0,2026,2026-09-25T14:56:54Z,1063,,,,c9b00767615fa5b7a6dc411f276300a4ef86c7a9f57831378c42d40f04dc9acc,timestamped_live_quote
2026-09-25T14:56:54Z,520a355fd43b2cfb7aed527eee4345e0,2026-09-26T22:00:00Z,Florida International Panthers,LIU Sharks,lowvig,LowVig.ag,2026-09-25T14:56:25Z,2026-09-25T14:56:25Z,Florida International Panthers,-35.5,-115.0,2026,2026-09-25T14:56:54Z,1063,,,,c9b00767615fa5b7a6dc411f276300a4ef86c7a9f57831378c42d40f04dc9acc,timestamped_live_quote
2026-09-25T14:56:54Z,520a355fd43b2cfb7aed527eee4345e0,2026-09-26T22:00:00Z,Florida International Panthers,LIU Sharks,lowvig,LowVig.ag,2026-09-25T14:56:25Z,2026-09-25T14:56:25Z,LIU Sharks,35.5,-115.0,2026,2026-09-25T14:56:54Z,1063,,,,c9b00767615fa5b7a6dc411f276300a4ef86c7a9f57831378c42d40f04dc9acc,timestamped_live_quote
2026-09-25T14:56:54Z,520a355fd43b2cfb7aed527eee4345e0,2026-09-26T22:00:00Z,Florida International Panthers,LIU Sharks,betonlineag,BetOnline.ag,2026-09-25T14:56:27Z,2026-09-25T14:56:27Z,Florida International Panthers,-35.5,-115.0,2026,2026-09-25T14:56:54Z,1063,,,,c9b00767615fa5b7a6dc411f276300a4ef86c7a9f57831378c42d40f04dc9acc,timestamped_live_quote
2026-09-25T14:56:54Z,520a355fd43b2cfb7aed527eee4345e0,2026-09-26T22:00:00Z,Florida International Panthers,LIU Sharks,betonlineag,BetOnline.ag,2026-09-25T14:56:27Z,2026-09-25T14:56:27Z,LIU Sharks,35.5,-115.0,2026,2026-09-25T14:56:54Z,1063,,,,c9b00767615fa5b7a6dc411f276300a4ef86c7a9f57831378c42d40f04dc9acc,timestamped_live_quote
2026-09-25T14:56:54Z,ed1c259773ba7494570a1611b44adb30,2026-09-26T22:00:00Z,Texas State Bobcats,Incarnate Word Cardinals,fanduel,FanDuel,2026-09-25T14:56:24Z,2026-09-25T14:56:24Z,Incarnate Word Cardinals,30.5,-105.0,2026,2026-09-25T14:56:54Z,1063,,,,c9b00767615fa5b7a6dc411f276300a4ef86c7a9f57831378c42d40f04dc9acc,timestamped_live_quote
2026-09-25T14:56:54Z,ed1c259773ba7494570a1611b44adb30,2026-09-26T22:00:00Z,Texas State Bobcats,Incarnate Word Cardinals,fanduel,FanDuel,2026-09-25T14:56:24Z,2026-09-25T14:56:24Z,Texas State Bobcats,-30.5,-115.0,2026,2026-09-25T14:56:54Z,1063,,,,c9b00767615fa5b7a6dc411f276300a4ef86c7a9f57831378c42d40f04dc9acc,timestamped_live_quote
2026-09-25T14:56:54Z,ed1c259773ba7494570a1611b44adb30,2026-09-26T22:00:00Z,Texas State Bobcats,Incarnate Word Cardinals,draftkings,DraftKings,2026-09-25T14:56:40Z,2026-09-25T14:56:40Z,Incarnate Word Cardinals,30.5,-105.0,2026,2026-09-25T14:56:54Z,1063,,,,c9b00767615fa5b7a6dc411f276300a4ef86c7a9f57831378c42d40f04dc9acc,timestamped_live_quote
2026-09-25T14:56:54Z,ed1c259773ba7494570a1611b44adb30,2026-09-26T22:00:00Z,Texas State Bobcats,Incarnate Word Cardinals,draftkings,DraftKings,2026-09-25T14:56:40Z,2026-09-25T14:56:40Z,Texas State Bobcats,-30.5,-115.0,2026,2026-09-25T14:56:54Z,1063,,,,c9b00767615fa5b7a6dc411f276300a4ef86c7a9f57831378c42d40f04dc9acc,timestamped_live_quote
2026-09-25T14:56:54Z,ed1c259773ba7494570a1611b44adb30,2026-09-26T22:00:00Z,Texas State Bobcats,Incarnate Word Cardinals,betrivers,BetRivers,2026-09-25T14:55:36Z,2026-09-25T14:55:36Z,Incarnate Word Cardinals,32.5,-112.0,2026,2026-09-25T14:56:54Z,1063,,,,c9b00767615fa5b7a6dc411f276300a4ef86c7a9f57831378c42d40f04dc9acc,timestamped_live_quote
2026-09-25T14:56:54Z,ed1c259773ba7494570a1611b44adb30,2026-09-26T22:00:00Z,Texas State Bobcats,Incarnate Word Cardinals,betrivers,BetRivers,2026-09-25T14:55:36Z,2026-09-25T14:55:36Z,Texas State Bobcats,-32.5,-110.0,2026,2026-09-25T14:56:54Z,1063,,,,c9b00767615fa5b7a6dc411f276300a4ef86c7a9f57831378c42d40f04dc9acc,timestamped_live_quote
2026-09-25T14:56:54Z,ed1c259773ba7494570a1611b44adb30,2026-09-26T22:00:00Z,Texas State Bobcats,Incarnate Word Cardinals,lowvig,LowVig.ag,2026-09-25T14:56:25Z,2026-09-25T14:56:25Z,Incarnate Word Cardinals,30.5,-110.0,2026,2026-09-25T14:56:54Z,1063,,,,c9b00767615fa5b7a6dc411f276300a4ef86c7a9f57831378c42d40f04dc9acc,timestamped_live_quote
2026-09-25T14:56:54Z,ed1c259773ba7494570a1611b44adb30,2026-09-26T22:00:00Z,Texas State Bobcats,Incarnate Word Cardinals,lowvig,LowVig.ag,2026-09-25T14:56:25Z,2026-09-25T14:56:25Z,Texas State Bobcats,-30.5,-120.0,2026,2026-09-25T14:56:54Z,1063,,,,c9b00767615fa5b7a6dc411f276300a4ef86c7a9f57831378c42d40f04dc9acc,timestamped_live_quote
2026-09-25T14:56:54Z,ed1c259773ba7494570a1611b44adb30,2026-09-26T22:00:00Z,Texas State Bobcats,Incarnate Word Cardinals,betonlineag,BetOnline.ag,2026-09-25T14:56:27Z,2026-09-25T14:56:27Z,Incarnate Word Cardinals,30.5,-110.0,2026,2026-09-25T14:56:54Z,1063,,,,c9b00767615fa5b7a6dc411f276300a4ef86c7a9f57831378c42d40f04dc9acc,timestamped_live_quote
2026-09-25T14:56:54Z,ed1c259773ba7494570a1611b44adb30,2026-09-26T22:00:00Z,Texas State Bobcats,Incarnate Word Cardinals,betonlineag,BetOnline.ag,2026-09-25T14:56:27Z,2026-09-25T14:56:27Z,Texas State Bobcats,-30.5,-120.0,2026,2026-09-25T14:56:54Z,1063,,,,c9b00767615fa5b7a6dc411f276300a4ef86c7a9f57831378c42d40f04dc9acc,timestamped_live_quote
2026-09-25T14:56:54Z,008dd61e19c2456760593773da6a88ef,2026-09-26T22:00:00Z,Old Dominion Monarchs,James Madison Dukes,fanduel,FanDuel,2026-09-25T14:56:24Z,2026-09-25T14:56:24Z,James Madison Dukes,-5.5,-115.0,2026,2026-09-25T14:56:54Z,1063,,,,c9b00767615fa5b7a6dc411f276300a4ef86c7a9f57831378c42d40f04dc9acc,timestamped_live_quote
2026-09-25T14:56:54Z,008dd61e19c2456760593773da6a88ef,2026-09-26T22:00:00Z,Old Dominion Monarchs,James Madison Dukes,fanduel,FanDuel,2026-09-25T14:56:24Z,2026-09-25T14:56:24Z,Old Dominion Monarchs,5.5,-105.0,2026,2026-09-25T14:56:54Z,1063,,,,c9b00767615fa5b7a6dc411f276300a4ef86c7a9f57831378c42d40f04dc9acc,timestamped_live_quote
2026-09-25T14:56:54Z,008dd61e19c2456760593773da6a88ef,2026-09-26T22:00:00Z,Old Dominion Monarchs,James Madison Dukes,mybookieag,MyBookie.ag,2026-09-25T14:54:56Z,2026-09-25T14:54:56Z,James Madison Dukes,-6.0,-110.0,2026,2026-09-25T14:56:54Z,1063,,,,c9b00767615fa5b7a6dc411f276300a4ef86c7a9f57831378c42d40f04dc9acc,timestamped_live_quote
2026-09-25T14:56:54Z,008dd61e19c2456760593773da6a88ef,2026-09-26T22:00:00Z,Old Dominion Monarchs,James Madison Dukes,mybookieag,MyBookie.ag,2026-09-25T14:54:56Z,2026-09-25T14:54:56Z,Old Dominion Monarchs,6.0,-110.0,2026,2026-09-25T14:56:54Z,1063,,,,c9b00767615fa5b7a6dc411f276300a4ef86c7a9f57831378c42d40f04dc9acc,timestamped_live_quote
2026-09-25T14:56:54Z,008dd61e19c2456760593773da6a88ef,2026-09-26T22:00:00Z,Old Dominion Monarchs,James Madison Dukes,betrivers,BetRivers,2026-09-25T14:55:36Z,2026-09-25T14:55:36Z,James Madison Dukes,-6.0,-109.0,2026,2026-09-25T14:56:54Z,1063,,,,c9b00767615fa5b7a6dc411f276300a4ef86c7a9f57831378c42d40f04dc9acc,timestamped_live_quote
2026-09-25T14:56:54Z,008dd61e19c2456760593773da6a88ef,2026-09-26T22:00:00Z,Old Dominion Monarchs,James Madison Dukes,betrivers,BetRivers,2026-09-25T14:55:36Z,2026-09-25T14:55:36Z,Old Dominion Monarchs,6.0,-114.0,2026,2026-09-25T14:56:54Z,1063,,,,c9b00767615fa5b7a6dc411f276300a4ef86c7a9f57831378c42d40f04dc9acc,timestamped_live_quote
2026-09-25T14:56:54Z,008dd61e19c2456760593773da6a88ef,2026-09-26T22:00:00Z,Old Dominion Monarchs,James Madison Dukes,draftkings,DraftKings,2026-09-25T14:56:40Z,2026-09-25T14:56:40Z,James Madison Dukes,-6.0,-108.0,2026,2026-09-25T14:56:54Z,1063,,,,c9b00767615fa5b7a6dc411f276300a4ef86c7a9f57831378c42d40f04dc9acc,timestamped_live_quote
2026-09-25T14:56:54Z,008dd61e19c2456760593773da6a88ef,2026-09-26T22:00:00Z,Old Dominion Monarchs,James Madison Dukes,draftkings,DraftKings,2026-09-25T14:56:40Z,2026-09-25T14:56:40Z,Old Dominion Monarchs,6.0,-112.0,2026,2026-09-25T14:56:54Z,1063,,,,c9b00767615fa5b7a6dc411f276300a4ef86c7a9f57831378c42d40f04dc9acc,timestamped_live_quote
2026-09-25T14:56:54Z,008dd61e19c2456760593773da6a88ef,2026-09-26T22:00:00Z,Old Dominion Monarchs,James Madison Dukes,lowvig,LowVig.ag,2026-09-25T14:56:25Z,2026-09-25T14:56:25Z,James Madison Dukes,-6.0,-106.0,2026,2026-09-25T14:56:54Z,1063,,,,c9b00767615fa5b7a6dc411f276300a4ef86c7a9f57831378c42d40f04dc9acc,timestamped_live_quote
2026-09-25T14:56:54Z,008dd61e19c2456760593773da6a88ef,2026-09-26T22:00:00Z,Old Dominion Monarchs,James Madison Dukes,lowvig,LowVig.ag,2026-09-25T14:56:25Z,2026-09-25T14:56:25Z,Old Dominion Monarchs,6.0,-106.0,2026,2026-09-25T14:56:54Z,1063,,,,c9b00767615fa5b7a6dc411f276300a4ef86c7a9f57831378c42d40f04dc9acc,timestamped_live_quote
2026-09-25T14:56:54Z,008dd61e19c2456760593773da6a88ef,2026-09-26T22:00:00Z,Old Dominion Monarchs,James Madison Dukes,betonlineag,BetOnline.ag,2026-09-25T14:56:27Z,2026-09-25T14:56:27Z,James Madison Dukes,-6.0,-102.0,2026,2026-09-25T14:56:54Z,1063,,,,c9b00767615fa5b7a6dc411f276300a4ef86c7a9f57831378c42d40f04dc9acc,timestamped_live_quote
2026-09-25T14:56:54Z,008dd61e19c2456760593773da6a88ef,2026-09-26T22:00:00Z,Old Dominion Monarchs,James Madison Dukes,betonlineag,BetOnline.ag,2026-09-25T14:56:27Z,2026-09-25T14:56:27Z,Old Dominion Monarchs,6.0,-118.0,2026,2026-09-25T14:56:54Z,1063,,,,c9b00767615fa5b7a6dc411f276300a4ef86c7a9f57831378c42d40f04dc9acc,timestamped_live_quote
2026-09-25T14:56:54Z,008dd61e19c2456760593773da6a88ef,2026-09-26T22:00:00Z,Old Dominion Monarchs,James Madison Dukes,betmgm,BetMGM,2026-09-25T14:56:42Z,2026-09-25T14:56:42Z,James Madison Dukes,-6.0,-110.0,2026,2026-09-25T14:56:54Z,1063,,,,c9b00767615fa5b7a6dc411f276300a4ef86c7a9f57831378c42d40f04dc9acc,timestamped_live_quote
2026-09-25T14:56:54Z,008dd61e19c2456760593773da6a88ef,2026-09-26T22:00:00Z,Old Dominion Monarchs,James Madison Dukes,betmgm,BetMGM,2026-09-25T14:56:42Z,2026-09-25T14:56:42Z,Old Dominion Monarchs,6.0,-108.0,2026,2026-09-25T14:56:54Z,1063,,,,c9b00767615fa5b7a6dc411f276300a4ef86c7a9f57831378c42d40f04dc9acc,timestamped_live_quote
2026-09-25T14:56:54Z,008dd61e19c2456760593773da6a88ef,2026-09-26T22:00:00Z,Old Dominion Monarchs,James Madison Dukes,betus,BetUS,2026-09-25T14:55:47Z,2026-09-25T14:55:47Z,James Madison Dukes,-6.0,-110.0,2026,2026-09-25T14:56:54Z,1063,,,,c9b00767615fa5b7a6dc411f276300a4ef86c7a9f57831378c42d40f04dc9acc,timestamped_live_quote
2026-09-25T14:56:54Z,008dd61e19c2456760593773da6a88ef,2026-09-26T22:00:00Z,Old Dominion Monarchs,James Madison Dukes,betus,BetUS,2026-09-25T14:55:47Z,2026-09-25T14:55:47Z,Old Dominion Monarchs,6.0,-110.0,2026,2026-09-25T14:56:54Z,1063,,,,c9b00767615fa5b7a6dc411f276300a4ef86c7a9f57831378c42d40f04dc9acc,timestamped_live_quote
2026-09-25T14:56:54Z,008dd61e19c2456760593773da6a88ef,2026-09-26T22:00:00Z,Old Dominion Monarchs,James Madison Dukes,bovada,Bovada,2026-09-25T14:55:35Z,2026-09-25T14:55:35Z,James Madison Dukes,-6.0,-110.0,2026,2026-09-25T14:56:54Z,1063,,,,c9b00767615fa5b7a6dc411f276300a4ef86c7a9f57831378c42d40f04dc9acc,timestamped_live_quote
2026-09-25T14:56:54Z,008dd61e19c2456760593773da6a88ef,2026-09-26T22:00:00Z,Old Dominion Monarchs,James Madison Dukes,bovada,Bovada,2026-09-25T14:55:35Z,2026-09-25T14:55:35Z,Old Dominion Monarchs,6.0,-110.0,2026,2026-09-25T14:56:54Z,1063,,,,c9b00767615fa5b7a6dc411f276300a4ef86c7a9f57831378c42d40f04dc9acc,timestamped_live_quote
2026-09-25T14:56:54Z,1f0c9cd1941cbfe5c5ca28fa42e387d8,2026-09-26T22:30:00Z,Miami Hurricanes,Central Michigan Chippewas,draftkings,DraftKings,2026-09-25T14:56:40Z,2026-09-25T14:56:40Z,Central Michigan Chippewas,41.5,-108.0,2026,2026-09-25T14:56:54Z,1063,,,,c9b00767615fa5b7a6dc411f276300a4ef86c7a9f57831378c42d40f04dc9acc,timestamped_live_quote
2026-09-25T14:56:54Z,1f0c9cd1941cbfe5c5ca28fa42e387d8,2026-09-26T22:30:00Z,Miami Hurricanes,Central Michigan Chippewas,draftkings,DraftKings,2026-09-25T14:56:40Z,2026-09-25T14:56:40Z,Miami Hurricanes,-41.5,-112.0,2026,2026-09-25T14:56:54Z,1063,,,,c9b00767615fa5b7a6dc411f276300a4ef86c7a9f57831378c42d40f04dc9acc,timestamped_live_quote
2026-09-25T14:56:54Z,1f0c9cd1941cbfe5c5ca28fa42e387d8,2026-09-26T22:30:00Z,Miami Hurricanes,Central Michigan Chippewas,fanduel,FanDuel,2026-09-25T14:56:24Z,2026-09-25T14:56:24Z,Central Michigan Chippewas,41.5,-106.0,2026,2026-09-25T14:56:54Z,1063,,,,c9b00767615fa5b7a6dc411f276300a4ef86c7a9f57831378c42d40f04dc9acc,timestamped_live_quote
2026-09-25T14:56:54Z,1f0c9cd1941cbfe5c5ca28fa42e387d8,2026-09-26T22:30:00Z,Miami Hurricanes,Central Michigan Chippewas,fanduel,FanDuel,2026-09-25T14:56:24Z,2026-09-25T14:56:24Z,Miami Hurricanes,-41.5,-114.0,2026,2026-09-25T14:56:54Z,1063,,,,c9b00767615fa5b7a6dc411f276300a4ef86c7a9f57831378c42d40f04dc9acc,timestamped_live_quote
2026-09-25T14:56:54Z,1f0c9cd1941cbfe5c5ca28fa42e387d8,2026-09-26T22:30:00Z,Miami Hurricanes,Central Michigan Chippewas,betrivers,BetRivers,2026-09-25T14:55:36Z,2026-09-25T14:55:36Z,Central Michigan Chippewas,41.5,-108.0,2026,2026-09-25T14:56:54Z,1063,,,,c9b00767615fa5b7a6dc411f276300a4ef86c7a9f57831378c42d40f04dc9acc,timestamped_live_quote
2026-09-25T14:56:54Z,1f0c9cd1941cbfe5c5ca28fa42e387d8,2026-09-26T22:30:00Z,Miami Hurricanes,Central Michigan Chippewas,betrivers,BetRivers,2026-09-25T14:55:36Z,2026-09-25T14:55:36Z,Miami Hurricanes,-41.5,-115.0,2026,2026-09-25T14:56:54Z,1063,,,,c9b00767615fa5b7a6dc411f276300a4ef86c7a9f57831378c42d40f04dc9acc,timestamped_live_quote
2026-09-25T14:56:54Z,1f0c9cd1941cbfe5c5ca28fa42e387d8,2026-09-26T22:30:00Z,Miami Hurricanes,Central Michigan Chippewas,lowvig,LowVig.ag,2026-09-25T14:56:25Z,2026-09-25T14:56:25Z,Central Michigan Chippewas,41.5,-101.0,2026,2026-09-25T14:56:54Z,1063,,,,c9b00767615fa5b7a6dc411f276300a4ef86c7a9f57831378c42d40f04dc9acc,timestamped_live_quote
2026-09-25T14:56:54Z,1f0c9cd1941cbfe5c5ca28fa42e387d8,2026-09-26T22:30:00Z,Miami Hurricanes,Central Michigan Chippewas,lowvig,LowVig.ag,2026-09-25T14:56:25Z,2026-09-25T14:56:25Z,Miami Hurricanes,-41.5,-111.0,2026,2026-09-25T14:56:54Z,1063,,,,c9b00767615fa5b7a6dc411f276300a4ef86c7a9f57831378c42d40f04dc9acc,timestamped_live_quote
2026-09-25T14:56:54Z,1f0c9cd1941cbfe5c5ca28fa42e387d8,2026-09-26T22:30:00Z,Miami Hurricanes,Central Michigan Chippewas,betonlineag,BetOnline.ag,2026-09-25T14:56:27Z,2026-09-25T14:56:27Z,Central Michigan Chippewas,41.5,-105.0,2026,2026-09-25T14:56:54Z,1063,,,,c9b00767615fa5b7a6dc411f276300a4ef86c7a9f57831378c42d40f04dc9acc,timestamped_live_quote
2026-09-25T14:56:54Z,1f0c9cd1941cbfe5c5ca28fa42e387d8,2026-09-26T22:30:00Z,Miami Hurricanes,Central Michigan Chippewas,betonlineag,BetOnline.ag,2026-09-25T14:56:27Z,2026-09-25T14:56:27Z,Miami Hurricanes,-41.5,-115.0,2026,2026-09-25T14:56:54Z,1063,,,,c9b00767615fa5b7a6dc411f276300a4ef86c7a9f57831378c42d40f04dc9acc,timestamped_live_quote
2026-09-25T14:56:54Z,1f0c9cd1941cbfe5c5ca28fa42e387d8,2026-09-26T22:30:00Z,Miami Hurricanes,Central Michigan Chippewas,betmgm,BetMGM,2026-09-25T14:56:42Z,2026-09-25T14:56:42Z,Central Michigan Chippewas,41.5,-108.0,2026,2026-09-25T14:56:54Z,1063,,,,c9b00767615fa5b7a6dc411f276300a4ef86c7a9f57831378c42d40f04dc9acc,timestamped_live_quote
2026-09-25T14:56:54Z,1f0c9cd1941cbfe5c5ca28fa42e387d8,2026-09-26T22:30:00Z,Miami Hurricanes,Central Michigan Chippewas,betmgm,BetMGM,2026-09-25T14:56:42Z,2026-09-25T14:56:42Z,Miami Hurricanes,-41.5,-110.0,2026,2026-09-25T14:56:54Z,1063,,,,c9b00767615fa5b7a6dc411f276300a4ef86c7a9f57831378c42d40f04dc9acc,timestamped_live_quote
2026-09-25T14:56:54Z,1f0c9cd1941cbfe5c5ca28fa42e387d8,2026-09-26T22:30:00Z,Miami Hurricanes,Central Michigan Chippewas,betus,BetUS,2026-09-25T14:55:47Z,2026-09-25T14:55:47Z,Central Michigan Chippewas,42.0,-110.0,2026,2026-09-25T14:56:54Z,1063,,,,c9b00767615fa5b7a6dc411f276300a4ef86c7a9f57831378c42d40f04dc9acc,timestamped_live_quote
2026-09-25T14:56:54Z,1f0c9cd1941cbfe5c5ca28fa42e387d8,2026-09-26T22:30:00Z,Miami Hurricanes,Central Michigan Chippewas,betus,BetUS,2026-09-25T14:55:47Z,2026-09-25T14:55:47Z,Miami Hurricanes,-42.0,-110.0,2026,2026-09-25T14:56:54Z,1063,,,,c9b00767615fa5b7a6dc411f276300a4ef86c7a9f57831378c42d40f04dc9acc,timestamped_live_quote
2026-09-25T14:56:54Z,1f0c9cd1941cbfe5c5ca28fa42e387d8,2026-09-26T22:30:00Z,Miami Hurricanes,Central Michigan Chippewas,bovada,Bovada,2026-09-25T14:55:35Z,2026-09-25T14:55:35Z,Central Michigan Chippewas,41.0,100.0,2026,2026-09-25T14:56:54Z,1063,,,,c9b00767615fa5b7a6dc411f276300a4ef86c7a9f57831378c42d40f04dc9acc,timestamped_live_quote
2026-09-25T14:56:54Z,1f0c9cd1941cbfe5c5ca28fa42e387d8,2026-09-26T22:30:00Z,Miami Hurricanes,Central Michigan Chippewas,bovada,Bovada,2026-09-25T14:55:35Z,2026-09-25T14:55:35Z,Miami Hurricanes,-41.0,-120.0,2026,2026-09-25T14:56:54Z,1063,,,,c9b00767615fa5b7a6dc411f276300a4ef86c7a9f57831378c42d40f04dc9acc,timestamped_live_quote
2026-09-25T14:56:54Z,c80f5f34b99b9346f4e40cf5304d941d,2026-09-26T22:30:00Z,Charlotte 49ers,Louisiana Ragin Cajuns,fanduel,FanDuel,2026-09-25T14:56:24Z,2026-09-25T14:56:24Z,Charlotte 49ers,10.5,-115.0,2026,2026-09-25T14:56:54Z,1063,,,,c9b00767615fa5b7a6dc411f276300a4ef86c7a9f57831378c42d40f04dc9acc,timestamped_live_quote
2026-09-25T14:56:54Z,c80f5f34b99b9346f4e40cf5304d941d,2026-09-26T22:30:00Z,Charlotte 49ers,Louisiana Ragin Cajuns,fanduel,FanDuel,2026-09-25T14:56:24Z,2026-09-25T14:56:24Z,Louisiana Ragin Cajuns,-10.5,-105.0,2026,2026-09-25T14:56:54Z,1063,,,,c9b00767615fa5b7a6dc411f276300a4ef86c7a9f57831378c42d40f04dc9acc,timestamped_live_quote
2026-09-25T14:56:54Z,c80f5f34b99b9346f4e40cf5304d941d,2026-09-26T22:30:00Z,Charlotte 49ers,Louisiana Ragin Cajuns,mybookieag,MyBookie.ag,2026-09-25T14:54:56Z,2026-09-25T14:54:56Z,Charlotte 49ers,10.0,-110.0,2026,2026-09-25T14:56:54Z,1063,,,,c9b00767615fa5b7a6dc411f276300a4ef86c7a9f57831378c42d40f04dc9acc,timestamped_live_quote
2026-09-25T14:56:54Z,c80f5f34b99b9346f4e40cf5304d941d,2026-09-26T22:30:00Z,Charlotte 49ers,Louisiana Ragin Cajuns,mybookieag,MyBookie.ag,2026-09-25T14:54:56Z,2026-09-25T14:54:56Z,Louisiana Ragin Cajuns,-10.0,-110.0,2026,2026-09-25T14:56:54Z,1063,,,,c9b00767615fa5b7a6dc411f276300a4ef86c7a9f57831378c42d40f04dc9acc,timestamped_live_quote
2026-09-25T14:56:54Z,c80f5f34b99b9346f4e40cf5304d941d,2026-09-26T22:30:00Z,Charlotte 49ers,Louisiana Ragin Cajuns,draftkings,DraftKings,2026-09-25T14:56:40Z,2026-09-25T14:56:40Z,Charlotte 49ers,10.0,-110.0,2026,2026-09-25T14:56:54Z,1063,,,,c9b00767615fa5b7a6dc411f276300a4ef86c7a9f57831378c42d40f04dc9acc,timestamped_live_quote
2026-09-25T14:56:54Z,c80f5f34b99b9346f4e40cf5304d941d,2026-09-26T22:30:00Z,Charlotte 49ers,Louisiana Ragin Cajuns,draftkings,DraftKings,2026-09-25T14:56:40Z,2026-09-25T14:56:40Z,Louisiana Ragin Cajuns,-10.0,-110.0,2026,2026-09-25T14:56:54Z,1063,,,,c9b00767615fa5b7a6dc411f276300a4ef86c7a9f57831378c42d40f04dc9acc,timestamped_live_quote
2026-09-25T14:56:54Z,c80f5f34b99b9346f4e40cf5304d941d,2026-09-26T22:30:00Z,Charlotte 49ers,Louisiana Ragin Cajuns,betrivers,BetRivers,2026-09-25T14:55:36Z,2026-09-25T14:55:36Z,Charlotte 49ers,10.0,-109.0,2026,2026-09-25T14:56:54Z,1063,,,,c9b00767615fa5b7a6dc411f276300a4ef86c7a9f57831378c42d40f04dc9acc,timestamped_live_quote
2026-09-25T14:56:54Z,c80f5f34b99b9346f4e40cf5304d941d,2026-09-26T22:30:00Z,Charlotte 49ers,Louisiana Ragin Cajuns,betrivers,BetRivers,2026-09-25T14:55:36Z,2026-09-25T14:55:36Z,Louisiana Ragin Cajuns,-10.0,-113.0,2026,2026-09-25T14:56:54Z,1063,,,,c9b00767615fa5b7a6dc411f276300a4ef86c7a9f57831378c42d40f04dc9acc,timestamped_live_quote
2026-09-25T14:56:54Z,c80f5f34b99b9346f4e40cf5304d941d,2026-09-26T22:30:00Z,Charlotte 49ers,Louisiana Ragin Cajuns,lowvig,LowVig.ag,2026-09-25T14:56:25Z,2026-09-25T14:56:25Z,Charlotte 49ers,10.0,-103.0,2026,2026-09-25T14:56:54Z,1063,,,,c9b00767615fa5b7a6dc411f276300a4ef86c7a9f57831378c42d40f04dc9acc,timestamped_live_quote
2026-09-25T14:56:54Z,c80f5f34b99b9346f4e40cf5304d941d,2026-09-26T22:30:00Z,Charlotte 49ers,Louisiana Ragin Cajuns,lowvig,LowVig.ag,2026-09-25T14:56:25Z,2026-09-25T14:56:25Z,Louisiana Ragin Cajuns,-10.0,-109.0,2026,2026-09-25T14:56:54Z,1063,,,,c9b00767615fa5b7a6dc411f276300a4ef86c7a9f57831378c42d40f04dc9acc,timestamped_live_quote
2026-09-25T14:56:54Z,c80f5f34b99b9346f4e40cf5304d941d,2026-09-26T22:30:00Z,Charlotte 49ers,Louisiana Ragin Cajuns,betonlineag,BetOnline.ag,2026-09-25T14:56:27Z,2026-09-25T14:56:27Z,Charlotte 49ers,10.0,-107.0,2026,2026-09-25T14:56:54Z,1063,,,,c9b00767615fa5b7a6dc411f276300a4ef86c7a9f57831378c42d40f04dc9acc,timestamped_live_quote
2026-09-25T14:56:54Z,c80f5f34b99b9346f4e40cf5304d941d,2026-09-26T22:30:00Z,Charlotte 49ers,Louisiana Ragin Cajuns,betonlineag,BetOnline.ag,2026-09-25T14:56:27Z,2026-09-25T14:56:27Z,Louisiana Ragin Cajuns,-10.0,-113.0,2026,2026-09-25T14:56:54Z,1063,,,,c9b00767615fa5b7a6dc411f276300a4ef86c7a9f57831378c42d40f04dc9acc,timestamped_live_quote
2026-09-25T14:56:54Z,c80f5f34b99b9346f4e40cf5304d941d,2026-09-26T22:30:00Z,Charlotte 49ers,Louisiana Ragin Cajuns,betmgm,BetMGM,2026-09-25T14:56:42Z,2026-09-25T14:56:42Z,Charlotte 49ers,10.0,-108.0,2026,2026-09-25T14:56:54Z,1063,,,,c9b00767615fa5b7a6dc411f276300a4ef86c7a9f57831378c42d40f04dc9acc,timestamped_live_quote
2026-09-25T14:56:54Z,c80f5f34b99b9346f4e40cf5304d941d,2026-09-26T22:30:00Z,Charlotte 49ers,Louisiana Ragin Cajuns,betmgm,BetMGM,2026-09-25T14:56:42Z,2026-09-25T14:56:42Z,Louisiana Ragin Cajuns,-10.0,-110.0,2026,2026-09-25T14:56:54Z,1063,,,,c9b00767615fa5b7a6dc411f276300a4ef86c7a9f57831378c42d40f04dc9acc,timestamped_live_quote
2026-09-25T14:56:54Z,c80f5f34b99b9346f4e40cf5304d941d,2026-09-26T22:30:00Z,Charlotte 49ers,Louisiana Ragin Cajuns,betus,BetUS,2026-09-25T14:55:47Z,2026-09-25T14:55:47Z,Charlotte 49ers,10.0,-110.0,2026,2026-09-25T14:56:54Z,1063,,,,c9b00767615fa5b7a6dc411f276300a4ef86c7a9f57831378c42d40f04dc9acc,timestamped_live_quote
2026-09-25T14:56:54Z,c80f5f34b99b9346f4e40cf5304d941d,2026-09-26T22:30:00Z,Charlotte 49ers,Louisiana Ragin Cajuns,betus,BetUS,2026-09-25T14:55:47Z,2026-09-25T14:55:47Z,Louisiana Ragin Cajuns,-10.0,-110.0,2026,2026-09-25T14:56:54Z,1063,,,,c9b00767615fa5b7a6dc411f276300a4ef86c7a9f57831378c42d40f04dc9acc,timestamped_live_quote
2026-09-25T14:56:54Z,c80f5f34b99b9346f4e40cf5304d941d,2026-09-26T22:30:00Z,Charlotte 49ers,Louisiana Ragin Cajuns,bovada,Bovada,2026-09-25T14:55:35Z,2026-09-25T14:55:35Z,Charlotte 49ers,10.0,-110.0,2026,2026-09-25T14:56:54Z,1063,,,,c9b00767615fa5b7a6dc411f276300a4ef86c7a9f57831378c42d40f04dc9acc,timestamped_live_quote
2026-09-25T14:56:54Z,c80f5f34b99b9346f4e40cf5304d941d,2026-09-26T22:30:00Z,Charlotte 49ers,Louisiana Ragin Cajuns,bovada,Bovada,2026-09-25T14:55:35Z,2026-09-25T14:55:35Z,Louisiana Ragin Cajuns,-10.0,-110.0,2026,2026-09-25T14:56:54Z,1063,,,,c9b00767615fa5b7a6dc411f276300a4ef86c7a9f57831378c42d40f04dc9acc,timestamped_live_quote
2026-09-25T14:56:54Z,c843a3f97a410eedafcfbad440774ad2,2026-09-26T23:00:00Z,Alabama Crimson Tide,South Carolina Gamecocks,draftkings,DraftKings,2026-09-25T14:56:40Z,2026-09-25T14:56:40Z,Alabama Crimson Tide,-12.5,-110.0,2026,2026-09-25T14:56:54Z,1063,,,,c9b00767615fa5b7a6dc411f276300a4ef86c7a9f57831378c42d40f04dc9acc,timestamped_live_quote
2026-09-25T14:56:54Z,c843a3f97a410eedafcfbad440774ad2,2026-09-26T23:00:00Z,Alabama Crimson Tide,South Carolina Gamecocks,draftkings,DraftKings,2026-09-25T14:56:40Z,2026-09-25T14:56:40Z,South Carolina Gamecocks,12.5,-110.0,2026,2026-09-25T14:56:54Z,1063,,,,c9b00767615fa5b7a6dc411f276300a4ef86c7a9f57831378c42d40f04dc9acc,timestamped_live_quote
2026-09-25T14:56:54Z,c843a3f97a410eedafcfbad440774ad2,2026-09-26T23:00:00Z,Alabama Crimson Tide,South Carolina Gamecocks,fanduel,FanDuel,2026-09-25T14:56:24Z,2026-09-25T14:56:24Z,Alabama Crimson Tide,-12.5,-110.0,2026,2026-09-25T14:56:54Z,1063,,,,c9b00767615fa5b7a6dc411f276300a4ef86c7a9f57831378c42d40f04dc9acc,timestamped_live_quote
2026-09-25T14:56:54Z,c843a3f97a410eedafcfbad440774ad2,2026-09-26T23:00:00Z,Alabama Crimson Tide,South Carolina Gamecocks,fanduel,FanDuel,2026-09-25T14:56:24Z,2026-09-25T14:56:24Z,South Carolina Gamecocks,12.5,-110.0,2026,2026-09-25T14:56:54Z,1063,,,,c9b00767615fa5b7a6dc411f276300a4ef86c7a9f57831378c42d40f04dc9acc,timestamped_live_quote
2026-09-25T14:56:54Z,c843a3f97a410eedafcfbad440774ad2,2026-09-26T23:00:00Z,Alabama Crimson Tide,South Carolina Gamecocks,mybookieag,MyBookie.ag,2026-09-25T14:54:56Z,2026-09-25T14:54:56Z,Alabama Crimson Tide,-12.5,-110.0,2026,2026-09-25T14:56:54Z,1063,,,,c9b00767615fa5b7a6dc411f276300a4ef86c7a9f57831378c42d40f04dc9acc,timestamped_live_quote
2026-09-25T14:56:54Z,c843a3f97a410eedafcfbad440774ad2,2026-09-26T23:00:00Z,Alabama Crimson Tide,South Carolina Gamecocks,mybookieag,MyBookie.ag,2026-09-25T14:54:56Z,2026-09-25T14:54:56Z,South Carolina Gamecocks,12.5,-110.0,2026,2026-09-25T14:56:54Z,1063,,,,c9b00767615fa5b7a6dc411f276300a4ef86c7a9f57831378c42d40f04dc9acc,timestamped_live_quote
2026-09-25T14:56:54Z,c843a3f97a410eedafcfbad440774ad2,2026-09-26T23:00:00Z,Alabama Crimson Tide,South Carolina Gamecocks,betrivers,BetRivers,2026-09-25T14:55:36Z,2026-09-25T14:55:36Z,Alabama Crimson Tide,-12.5,-110.0,2026,2026-09-25T14:56:54Z,1063,,,,c9b00767615fa5b7a6dc411f276300a4ef86c7a9f57831378c42d40f04dc9acc,timestamped_live_quote
2026-09-25T14:56:54Z,c843a3f97a410eedafcfbad440774ad2,2026-09-26T23:00:00Z,Alabama Crimson Tide,South Carolina Gamecocks,betrivers,BetRivers,2026-09-25T14:55:36Z,2026-09-25T14:55:36Z,South Carolina Gamecocks,12.5,-113.0,2026,2026-09-25T14:56:54Z,1063,,,,c9b00767615fa5b7a6dc411f276300a4ef86c7a9f57831378c42d40f04dc9acc,timestamped_live_quote
2026-09-25T14:56:54Z,c843a3f97a410eedafcfbad440774ad2,2026-09-26T23:00:00Z,Alabama Crimson Tide,South Carolina Gamecocks,lowvig,LowVig.ag,2026-09-25T14:56:25Z,2026-09-25T14:56:25Z,Alabama Crimson Tide,-12.5,-106.0,2026,2026-09-25T14:56:54Z,1063,,,,c9b00767615fa5b7a6dc411f276300a4ef86c7a9f57831378c42d40f04dc9acc,timestamped_live_quote
2026-09-25T14:56:54Z,c843a3f97a410eedafcfbad440774ad2,2026-09-26T23:00:00Z,Alabama Crimson Tide,South Carolina Gamecocks,lowvig,LowVig.ag,2026-09-25T14:56:25Z,2026-09-25T14:56:25Z,South Carolina Gamecocks,12.5,-106.0,2026,2026-09-25T14:56:54Z,1063,,,,c9b00767615fa5b7a6dc411f276300a4ef86c7a9f57831378c42d40f04dc9acc,timestamped_live_quote
2026-09-25T14:56:54Z,c843a3f97a410eedafcfbad440774ad2,2026-09-26T23:00:00Z,Alabama Crimson Tide,South Carolina Gamecocks,betonlineag,BetOnline.ag,2026-09-25T14:56:27Z,2026-09-25T14:56:27Z,Alabama Crimson Tide,-12.5,-110.0,2026,2026-09-25T14:56:54Z,1063,,,,c9b00767615fa5b7a6dc411f276300a4ef86c7a9f57831378c42d40f04dc9acc,timestamped_live_quote
2026-09-25T14:56:54Z,c843a3f97a410eedafcfbad440774ad2,2026-09-26T23:00:00Z,Alabama Crimson Tide,South Carolina Gamecocks,betonlineag,BetOnline.ag,2026-09-25T14:56:27Z,2026-09-25T14:56:27Z,South Carolina Gamecocks,12.5,-110.0,2026,2026-09-25T14:56:54Z,1063,,,,c9b00767615fa5b7a6dc411f276300a4ef86c7a9f57831378c42d40f04dc9acc,timestamped_live_quote
2026-09-25T14:56:54Z,c843a3f97a410eedafcfbad440774ad2,2026-09-26T23:00:00Z,Alabama Crimson Tide,South Carolina Gamecocks,betus,BetUS,2026-09-25T14:55:47Z,2026-09-25T14:55:47Z,Alabama Crimson Tide,-12.5,-110.0,2026,2026-09-25T14:56:54Z,1063,,,,c9b00767615fa5b7a6dc411f276300a4ef86c7a9f57831378c42d40f04dc9acc,timestamped_live_quote
2026-09-25T14:56:54Z,c843a3f97a410eedafcfbad440774ad2,2026-09-26T23:00:00Z,Alabama Crimson Tide,South Carolina Gamecocks,betus,BetUS,2026-09-25T14:55:47Z,2026-09-25T14:55:47Z,South Carolina Gamecocks,12.5,-110.0,2026,2026-09-25T14:56:54Z,1063,,,,c9b00767615fa5b7a6dc411f276300a4ef86c7a9f57831378c42d40f04dc9acc,timestamped_live_quote
2026-09-25T14:56:54Z,c843a3f97a410eedafcfbad440774ad2,2026-09-26T23:00:00Z,Alabama Crimson Tide,South Carolina Gamecocks,betmgm,BetMGM,2026-09-25T14:56:42Z,2026-09-25T14:56:42Z,Alabama Crimson Tide,-12.0,-118.0,2026,2026-09-25T14:56:54Z,1063,,,,c9b00767615fa5b7a6dc411f276300a4ef86c7a9f57831378c42d40f04dc9acc,timestamped_live_quote
2026-09-25T14:56:54Z,c843a3f97a410eedafcfbad440774ad2,2026-09-26T23:00:00Z,Alabama Crimson Tide,South Carolina Gamecocks,betmgm,BetMGM,2026-09-25T14:56:42Z,2026-09-25T14:56:42Z,South Carolina Gamecocks,12.0,-112.0,2026,2026-09-25T14:56:54Z,1063,,,,c9b00767615fa5b7a6dc411f276300a4ef86c7a9f57831378c42d40f04dc9acc,timestamped_live_quote
2026-09-25T14:56:54Z,c843a3f97a410eedafcfbad440774ad2,2026-09-26T23:00:00Z,Alabama Crimson Tide,South Carolina Gamecocks,bovada,Bovada,2026-09-25T14:55:35Z,2026-09-25T14:55:35Z,Alabama Crimson Tide,-12.5,-110.0,2026,2026-09-25T14:56:54Z,1063,,,,c9b00767615fa5b7a6dc411f276300a4ef86c7a9f57831378c42d40f04dc9acc,timestamped_live_quote
2026-09-25T14:56:54Z,c843a3f97a410eedafcfbad440774ad2,2026-09-26T23:00:00Z,Alabama Crimson Tide,South Carolina Gamecocks,bovada,Bovada,2026-09-25T14:55:35Z,2026-09-25T14:55:35Z,South Carolina Gamecocks,12.5,-110.0,2026,2026-09-25T14:56:54Z,1063,,,,c9b00767615fa5b7a6dc411f276300a4ef86c7a9f57831378c42d40f04dc9acc,timestamped_live_quote
2026-09-25T14:56:54Z,77c3435e651e2d615870c2c25c8dbf71,2026-09-26T23:00:00Z,Arkansas State Red Wolves,Kennesaw State Owls,fanduel,FanDuel,2026-09-25T14:56:24Z,2026-09-25T14:56:24Z,Arkansas State Red Wolves,-6.5,-110.0,2026,2026-09-25T14:56:54Z,1063,,,,c9b00767615fa5b7a6dc411f276300a4ef86c7a9f57831378c42d40f04dc9acc,timestamped_live_quote
2026-09-25T14:56:54Z,77c3435e651e2d615870c2c25c8dbf71,2026-09-26T23:00:00Z,Arkansas State Red Wolves,Kennesaw State Owls,fanduel,FanDuel,2026-09-25T14:56:24Z,2026-09-25T14:56:24Z,Kennesaw State Owls,6.5,-110.0,2026,2026-09-25T14:56:54Z,1063,,,,c9b00767615fa5b7a6dc411f276300a4ef86c7a9f57831378c42d40f04dc9acc,timestamped_live_quote
2026-09-25T14:56:54Z,77c3435e651e2d615870c2c25c8dbf71,2026-09-26T23:00:00Z,Arkansas State Red Wolves,Kennesaw State Owls,mybookieag,MyBookie.ag,2026-09-25T14:54:56Z,2026-09-25T14:54:56Z,Arkansas State Red Wolves,-6.5,-110.0,2026,2026-09-25T14:56:54Z,1063,,,,c9b00767615fa5b7a6dc411f276300a4ef86c7a9f57831378c42d40f04dc9acc,timestamped_live_quote
2026-09-25T14:56:54Z,77c3435e651e2d615870c2c25c8dbf71,2026-09-26T23:00:00Z,Arkansas State Red Wolves,Kennesaw State Owls,mybookieag,MyBookie.ag,2026-09-25T14:54:56Z,2026-09-25T14:54:56Z,Kennesaw State Owls,6.5,-110.0,2026,2026-09-25T14:56:54Z,1063,,,,c9b00767615fa5b7a6dc411f276300a4ef86c7a9f57831378c42d40f04dc9acc,timestamped_live_quote
2026-09-25T14:56:54Z,77c3435e651e2d615870c2c25c8dbf71,2026-09-26T23:00:00Z,Arkansas State Red Wolves,Kennesaw State Owls,betrivers,BetRivers,2026-09-25T14:55:36Z,2026-09-25T14:55:36Z,Arkansas State Red Wolves,-6.0,-110.0,2026,2026-09-25T14:56:54Z,1063,,,,c9b00767615fa5b7a6dc411f276300a4ef86c7a9f57831378c42d40f04dc9acc,timestamped_live_quote
2026-09-25T14:56:54Z,77c3435e651e2d615870c2c25c8dbf71,2026-09-26T23:00:00Z,Arkansas State Red Wolves,Kennesaw State Owls,betrivers,BetRivers,2026-09-25T14:55:36Z,2026-09-25T14:55:36Z,Kennesaw State Owls,6.0,-114.0,2026,2026-09-25T14:56:54Z,1063,,,,c9b00767615fa5b7a6dc411f276300a4ef86c7a9f57831378c42d40f04dc9acc,timestamped_live_quote
2026-09-25T14:56:54Z,77c3435e651e2d615870c2c25c8dbf71,2026-09-26T23:00:00Z,Arkansas State Red Wolves,Kennesaw State Owls,draftkings,DraftKings,2026-09-25T14:56:40Z,2026-09-25T14:56:40Z,Arkansas State Red Wolves,-6.5,-108.0,2026,2026-09-25T14:56:54Z,1063,,,,c9b00767615fa5b7a6dc411f276300a4ef86c7a9f57831378c42d40f04dc9acc,timestamped_live_quote
2026-09-25T14:56:54Z,77c3435e651e2d615870c2c25c8dbf71,2026-09-26T23:00:00Z,Arkansas State Red Wolves,Kennesaw State Owls,draftkings,DraftKings,2026-09-25T14:56:40Z,2026-09-25T14:56:40Z,Kennesaw State Owls,6.5,-112.0,2026,2026-09-25T14:56:54Z,1063,,,,c9b00767615fa5b7a6dc411f276300a4ef86c7a9f57831378c42d40f04dc9acc,timestamped_live_quote
2026-09-25T14:56:54Z,77c3435e651e2d615870c2c25c8dbf71,2026-09-26T23:00:00Z,Arkansas State Red Wolves,Kennesaw State Owls,lowvig,LowVig.ag,2026-09-25T14:56:25Z,2026-09-25T14:56:25Z,Arkansas State Red Wolves,-6.5,-106.0,2026,2026-09-25T14:56:54Z,1063,,,,c9b00767615fa5b7a6dc411f276300a4ef86c7a9f57831378c42d40f04dc9acc,timestamped_live_quote
2026-09-25T14:56:54Z,77c3435e651e2d615870c2c25c8dbf71,2026-09-26T23:00:00Z,Arkansas State Red Wolves,Kennesaw State Owls,lowvig,LowVig.ag,2026-09-25T14:56:25Z,2026-09-25T14:56:25Z,Kennesaw State Owls,6.5,-106.0,2026,2026-09-25T14:56:54Z,1063,,,,c9b00767615fa5b7a6dc411f276300a4ef86c7a9f57831378c42d40f04dc9acc,timestamped_live_quote
2026-09-25T14:56:54Z,77c3435e651e2d615870c2c25c8dbf71,2026-09-26T23:00:00Z,Arkansas State Red Wolves,Kennesaw State Owls,betonlineag,BetOnline.ag,2026-09-25T14:56:27Z,2026-09-25T14:56:27Z,Arkansas State Red Wolves,-6.5,-112.0,2026,2026-09-25T14:56:54Z,1063,,,,c9b00767615fa5b7a6dc411f276300a4ef86c7a9f57831378c42d40f04dc9acc,timestamped_live_quote
2026-09-25T14:56:54Z,77c3435e651e2d615870c2c25c8dbf71,2026-09-26T23:00:00Z,Arkansas State Red Wolves,Kennesaw State Owls,betonlineag,BetOnline.ag,2026-09-25T14:56:27Z,2026-09-25T14:56:27Z,Kennesaw State Owls,6.5,-108.0,2026,2026-09-25T14:56:54Z,1063,,,,c9b00767615fa5b7a6dc411f276300a4ef86c7a9f57831378c42d40f04dc9acc,timestamped_live_quote
2026-09-25T14:56:54Z,77c3435e651e2d615870c2c25c8dbf71,2026-09-26T23:00:00Z,Arkansas State Red Wolves,Kennesaw State Owls,betmgm,BetMGM,2026-09-25T14:56:42Z,2026-09-25T14:56:42Z,Arkansas State Red Wolves,-6.5,-108.0,2026,2026-09-25T14:56:54Z,1063,,,,c9b00767615fa5b7a6dc411f276300a4ef86c7a9f57831378c42d40f04dc9acc,timestamped_live_quote
2026-09-25T14:56:54Z,77c3435e651e2d615870c2c25c8dbf71,2026-09-26T23:00:00Z,Arkansas State Red Wolves,Kennesaw State Owls,betmgm,BetMGM,2026-09-25T14:56:42Z,2026-09-25T14:56:42Z,Kennesaw State Owls,6.5,-110.0,2026,2026-09-25T14:56:54Z,1063,,,,c9b00767615fa5b7a6dc411f276300a4ef86c7a9f57831378c42d40f04dc9acc,timestamped_live_quote
2026-09-25T14:56:54Z,77c3435e651e2d615870c2c25c8dbf71,2026-09-26T23:00:00Z,Arkansas State Red Wolves,Kennesaw State Owls,betus,BetUS,2026-09-25T14:55:47Z,2026-09-25T14:55:47Z,Arkansas State Red Wolves,-6.5,-110.0,2026,2026-09-25T14:56:54Z,1063,,,,c9b00767615fa5b7a6dc411f276300a4ef86c7a9f57831378c42d40f04dc9acc,timestamped_live_quote
2026-09-25T14:56:54Z,77c3435e651e2d615870c2c25c8dbf71,2026-09-26T23:00:00Z,Arkansas State Red Wolves,Kennesaw State Owls,betus,BetUS,2026-09-25T14:55:47Z,2026-09-25T14:55:47Z,Kennesaw State Owls,6.5,-110.0,2026,2026-09-25T14:56:54Z,1063,,,,c9b00767615fa5b7a6dc411f276300a4ef86c7a9f57831378c42d40f04dc9acc,timestamped_live_quote
2026-09-25T14:56:54Z,77c3435e651e2d615870c2c25c8dbf71,2026-09-26T23:00:00Z,Arkansas State Red Wolves,Kennesaw State Owls,bovada,Bovada,2026-09-25T14:55:35Z,2026-09-25T14:55:35Z,Arkansas State Red Wolves,-6.5,-105.0,2026,2026-09-25T14:56:54Z,1063,,,,c9b00767615fa5b7a6dc411f276300a4ef86c7a9f57831378c42d40f04dc9acc,timestamped_live_quote
2026-09-25T14:56:54Z,77c3435e651e2d615870c2c25c8dbf71,2026-09-26T23:00:00Z,Arkansas State Red Wolves,Kennesaw State Owls,bovada,Bovada,2026-09-25T14:55:35Z,2026-09-25T14:55:35Z,Kennesaw State Owls,6.5,-115.0,2026,2026-09-25T14:56:54Z,1063,,,,c9b00767615fa5b7a6dc411f276300a4ef86c7a9f57831378c42d40f04dc9acc,timestamped_live_quote
2026-09-25T14:56:54Z,058628758b85b178ffc5fa09416f3991,2026-09-26T23:00:00Z,Cincinnati Bearcats,Kansas State Wildcats,fanduel,FanDuel,2026-09-25T14:56:24Z,2026-09-25T14:56:24Z,Cincinnati Bearcats,6.5,-114.0,2026,2026-09-25T14:56:54Z,1063,,,,c9b00767615fa5b7a6dc411f276300a4ef86c7a9f57831378c42d40f04dc9acc,timestamped_live_quote
2026-09-25T14:56:54Z,058628758b85b178ffc5fa09416f3991,2026-09-26T23:00:00Z,Cincinnati Bearcats,Kansas State Wildcats,fanduel,FanDuel,2026-09-25T14:56:24Z,2026-09-25T14:56:24Z,Kansas State Wildcats,-6.5,-106.0,2026,2026-09-25T14:56:54Z,1063,,,,c9b00767615fa5b7a6dc411f276300a4ef86c7a9f57831378c42d40f04dc9acc,timestamped_live_quote
2026-09-25T14:56:54Z,058628758b85b178ffc5fa09416f3991,2026-09-26T23:00:00Z,Cincinnati Bearcats,Kansas State Wildcats,mybookieag,MyBookie.ag,2026-09-25T14:54:56Z,2026-09-25T14:54:56Z,Cincinnati Bearcats,6.0,-110.0,2026,2026-09-25T14:56:54Z,1063,,,,c9b00767615fa5b7a6dc411f276300a4ef86c7a9f57831378c42d40f04dc9acc,timestamped_live_quote
2026-09-25T14:56:54Z,058628758b85b178ffc5fa09416f3991,2026-09-26T23:00:00Z,Cincinnati Bearcats,Kansas State Wildcats,mybookieag,MyBookie.ag,2026-09-25T14:54:56Z,2026-09-25T14:54:56Z,Kansas State Wildcats,-6.0,-110.0,2026,2026-09-25T14:56:54Z,1063,,,,c9b00767615fa5b7a6dc411f276300a4ef86c7a9f57831378c42d40f04dc9acc,timestamped_live_quote
2026-09-25T14:56:54Z,058628758b85b178ffc5fa09416f3991,2026-09-26T23:00:00Z,Cincinnati Bearcats,Kansas State Wildcats,betrivers,BetRivers,2026-09-25T14:55:36Z,2026-09-25T14:55:36Z,Cincinnati Bearcats,6.0,-109.0,2026,2026-09-25T14:56:54Z,1063,,,,c9b00767615fa5b7a6dc411f276300a4ef86c7a9f57831378c42d40f04dc9acc,timestamped_live_quote
2026-09-25T14:56:54Z,058628758b85b178ffc5fa09416f3991,2026-09-26T23:00:00Z,Cincinnati Bearcats,Kansas State Wildcats,betrivers,BetRivers,2026-09-25T14:55:36Z,2026-09-25T14:55:36Z,Kansas State Wildcats,-6.0,-113.0,2026,2026-09-25T14:56:54Z,1063,,,,c9b00767615fa5b7a6dc411f276300a4ef86c7a9f57831378c42d40f04dc9acc,timestamped_live_quote
2026-09-25T14:56:54Z,058628758b85b178ffc5fa09416f3991,2026-09-26T23:00:00Z,Cincinnati Bearcats,Kansas State Wildcats,draftkings,DraftKings,2026-09-25T14:56:40Z,2026-09-25T14:56:40Z,Cincinnati Bearcats,6.5,-115.0,2026,2026-09-25T14:56:54Z,1063,,,,c9b00767615fa5b7a6dc411f276300a4ef86c7a9f57831378c42d40f04dc9acc,timestamped_live_quote
2026-09-25T14:56:54Z,058628758b85b178ffc5fa09416f3991,2026-09-26T23:00:00Z,Cincinnati Bearcats,Kansas State Wildcats,draftkings,DraftKings,2026-09-25T14:56:40Z,2026-09-25T14:56:40Z,Kansas State Wildcats,-6.5,-105.0,2026,2026-09-25T14:56:54Z,1063,,,,c9b00767615fa5b7a6dc411f276300a4ef86c7a9f57831378c42d40f04dc9acc,timestamped_live_quote
2026-09-25T14:56:54Z,058628758b85b178ffc5fa09416f3991,2026-09-26T23:00:00Z,Cincinnati Bearcats,Kansas State Wildcats,lowvig,LowVig.ag,2026-09-25T14:56:25Z,2026-09-25T14:56:25Z,Cincinnati Bearcats,6.5,-111.0,2026,2026-09-25T14:56:54Z,1063,,,,c9b00767615fa5b7a6dc411f276300a4ef86c7a9f57831378c42d40f04dc9acc,timestamped_live_quote
2026-09-25T14:56:54Z,058628758b85b178ffc5fa09416f3991,2026-09-26T23:00:00Z,Cincinnati Bearcats,Kansas State Wildcats,lowvig,LowVig.ag,2026-09-25T14:56:25Z,2026-09-25T14:56:25Z,Kansas State Wildcats,-6.5,-101.0,2026,2026-09-25T14:56:54Z,1063,,,,c9b00767615fa5b7a6dc411f276300a4ef86c7a9f57831378c42d40f04dc9acc,timestamped_live_quote
2026-09-25T14:56:54Z,058628758b85b178ffc5fa09416f3991,2026-09-26T23:00:00Z,Cincinnati Bearcats,Kansas State Wildcats,betonlineag,BetOnline.ag,2026-09-25T14:56:27Z,2026-09-25T14:56:27Z,Cincinnati Bearcats,6.5,-115.0,2026,2026-09-25T14:56:54Z,1063,,,,c9b00767615fa5b7a6dc411f276300a4ef86c7a9f57831378c42d40f04dc9acc,timestamped_live_quote
2026-09-25T14:56:54Z,058628758b85b178ffc5fa09416f3991,2026-09-26T23:00:00Z,Cincinnati Bearcats,Kansas State Wildcats,betonlineag,BetOnline.ag,2026-09-25T14:56:27Z,2026-09-25T14:56:27Z,Kansas State Wildcats,-6.5,-105.0,2026,2026-09-25T14:56:54Z,1063,,,,c9b00767615fa5b7a6dc411f276300a4ef86c7a9f57831378c42d40f04dc9acc,timestamped_live_quote
2026-09-25T14:56:54Z,058628758b85b178ffc5fa09416f3991,2026-09-26T23:00:00Z,Cincinnati Bearcats,Kansas State Wildcats,betmgm,BetMGM,2026-09-25T14:56:42Z,2026-09-25T14:56:42Z,Cincinnati Bearcats,6.0,-108.0,2026,2026-09-25T14:56:54Z,1063,,,,c9b00767615fa5b7a6dc411f276300a4ef86c7a9f57831378c42d40f04dc9acc,timestamped_live_quote
2026-09-25T14:56:54Z,058628758b85b178ffc5fa09416f3991,2026-09-26T23:00:00Z,Cincinnati Bearcats,Kansas State Wildcats,betmgm,BetMGM,2026-09-25T14:56:42Z,2026-09-25T14:56:42Z,Kansas State Wildcats,-6.0,-110.0,2026,2026-09-25T14:56:54Z,1063,,,,c9b00767615fa5b7a6dc411f276300a4ef86c7a9f57831378c42d40f04dc9acc,timestamped_live_quote
2026-09-25T14:56:54Z,058628758b85b178ffc5fa09416f3991,2026-09-26T23:00:00Z,Cincinnati Bearcats,Kansas State Wildcats,betus,BetUS,2026-09-25T14:55:47Z,2026-09-25T14:55:47Z,Cincinnati Bearcats,6.0,-110.0,2026,2026-09-25T14:56:54Z,1063,,,,c9b00767615fa5b7a6dc411f276300a4ef86c7a9f57831378c42d40f04dc9acc,timestamped_live_quote
2026-09-25T14:56:54Z,058628758b85b178ffc5fa09416f3991,2026-09-26T23:00:00Z,Cincinnati Bearcats,Kansas State Wildcats,betus,BetUS,2026-09-25T14:55:47Z,2026-09-25T14:55:47Z,Kansas State Wildcats,-6.0,-110.0,2026,2026-09-25T14:56:54Z,1063,,,,c9b00767615fa5b7a6dc411f276300a4ef86c7a9f57831378c42d40f04dc9acc,timestamped_live_quote
2026-09-25T14:56:54Z,058628758b85b178ffc5fa09416f3991,2026-09-26T23:00:00Z,Cincinnati Bearcats,Kansas State Wildcats,bovada,Bovada,2026-09-25T14:55:35Z,2026-09-25T14:55:35Z,Cincinnati Bearcats,6.0,-110.0,2026,2026-09-25T14:56:54Z,1063,,,,c9b00767615fa5b7a6dc411f276300a4ef86c7a9f57831378c42d40f04dc9acc,timestamped_live_quote
2026-09-25T14:56:54Z,058628758b85b178ffc5fa09416f3991,2026-09-26T23:00:00Z,Cincinnati Bearcats,Kansas State Wildcats,bovada,Bovada,2026-09-25T14:55:35Z,2026-09-25T14:55:35Z,Kansas State Wildcats,-6.0,-110.0,2026,2026-09-25T14:56:54Z,1063,,,,c9b00767615fa5b7a6dc411f276300a4ef86c7a9f57831378c42d40f04dc9acc,timestamped_live_quote
2026-09-25T14:56:54Z,fe0fb2e29062d93898ebdd583329194d,2026-09-26T23:00:00Z,Jacksonville State Gamecocks,Middle Tennessee Blue Raiders,fanduel,FanDuel,2026-09-25T14:56:24Z,2026-09-25T14:56:24Z,Jacksonville State Gamecocks,-7.5,-104.0,2026,2026-09-25T14:56:54Z,1063,,,,c9b00767615fa5b7a6dc411f276300a4ef86c7a9f57831378c42d40f04dc9acc,timestamped_live_quote
2026-09-25T14:56:54Z,fe0fb2e29062d93898ebdd583329194d,2026-09-26T23:00:00Z,Jacksonville State Gamecocks,Middle Tennessee Blue Raiders,fanduel,FanDuel,2026-09-25T14:56:24Z,2026-09-25T14:56:24Z,Middle Tennessee Blue Raiders,7.5,-118.0,2026,2026-09-25T14:56:54Z,1063,,,,c9b00767615fa5b7a6dc411f276300a4ef86c7a9f57831378c42d40f04dc9acc,timestamped_live_quote
2026-09-25T14:56:54Z,fe0fb2e29062d93898ebdd583329194d,2026-09-26T23:00:00Z,Jacksonville State Gamecocks,Middle Tennessee Blue Raiders,mybookieag,MyBookie.ag,2026-09-25T14:54:56Z,2026-09-25T14:54:56Z,Jacksonville State Gamecocks,-7.0,-110.0,2026,2026-09-25T14:56:54Z,1063,,,,c9b00767615fa5b7a6dc411f276300a4ef86c7a9f57831378c42d40f04dc9acc,timestamped_live_quote
2026-09-25T14:56:54Z,fe0fb2e29062d93898ebdd583329194d,2026-09-26T23:00:00Z,Jacksonville State Gamecocks,Middle Tennessee Blue Raiders,mybookieag,MyBookie.ag,2026-09-25T14:54:56Z,2026-09-25T14:54:56Z,Middle Tennessee Blue Raiders,7.0,-110.0,2026,2026-09-25T14:56:54Z,1063,,,,c9b00767615fa5b7a6dc411f276300a4ef86c7a9f57831378c42d40f04dc9acc,timestamped_live_quote
2026-09-25T14:56:54Z,fe0fb2e29062d93898ebdd583329194d,2026-09-26T23:00:00Z,Jacksonville State Gamecocks,Middle Tennessee Blue Raiders,betrivers,BetRivers,2026-09-25T14:55:36Z,2026-09-25T14:55:36Z,Jacksonville State Gamecocks,-7.5,-105.0,2026,2026-09-25T14:56:54Z,1063,,,,c9b00767615fa5b7a6dc411f276300a4ef86c7a9f57831378c42d40f04dc9acc,timestamped_live_quote
2026-09-25T14:56:54Z,fe0fb2e29062d93898ebdd583329194d,2026-09-26T23:00:00Z,Jacksonville State Gamecocks,Middle Tennessee Blue Raiders,betrivers,BetRivers,2026-09-25T14:55:36Z,2026-09-25T14:55:36Z,Middle Tennessee Blue Raiders,7.5,-118.0,2026,2026-09-25T14:56:54Z,1063,,,,c9b00767615fa5b7a6dc411f276300a4ef86c7a9f57831378c42d40f04dc9acc,timestamped_live_quote
2026-09-25T14:56:54Z,fe0fb2e29062d93898ebdd583329194d,2026-09-26T23:00:00Z,Jacksonville State Gamecocks,Middle Tennessee Blue Raiders,draftkings,DraftKings,2026-09-25T14:56:40Z,2026-09-25T14:56:40Z,Jacksonville State Gamecocks,-7.0,-112.0,2026,2026-09-25T14:56:54Z,1063,,,,c9b00767615fa5b7a6dc411f276300a4ef86c7a9f57831378c42d40f04dc9acc,timestamped_live_quote
2026-09-25T14:56:54Z,fe0fb2e29062d93898ebdd583329194d,2026-09-26T23:00:00Z,Jacksonville State Gamecocks,Middle Tennessee Blue Raiders,draftkings,DraftKings,2026-09-25T14:56:40Z,2026-09-25T14:56:40Z,Middle Tennessee Blue Raiders,7.0,-108.0,2026,2026-09-25T14:56:54Z,1063,,,,c9b00767615fa5b7a6dc411f276300a4ef86c7a9f57831378c42d40f04dc9acc,timestamped_live_quote
2026-09-25T14:56:54Z,fe0fb2e29062d93898ebdd583329194d,2026-09-26T23:00:00Z,Jacksonville State Gamecocks,Middle Tennessee Blue Raiders,lowvig,LowVig.ag,2026-09-25T14:56:25Z,2026-09-25T14:56:25Z,Jacksonville State Gamecocks,-7.0,-103.0,2026,2026-09-25T14:56:54Z,1063,,,,c9b00767615fa5b7a6dc411f276300a4ef86c7a9f57831378c42d40f04dc9acc,timestamped_live_quote
2026-09-25T14:56:54Z,fe0fb2e29062d93898ebdd583329194d,2026-09-26T23:00:00Z,Jacksonville State Gamecocks,Middle Tennessee Blue Raiders,lowvig,LowVig.ag,2026-09-25T14:56:25Z,2026-09-25T14:56:25Z,Middle Tennessee Blue Raiders,7.0,-109.0,2026,2026-09-25T14:56:54Z,1063,,,,c9b00767615fa5b7a6dc411f276300a4ef86c7a9f57831378c42d40f04dc9acc,timestamped_live_quote
2026-09-25T14:56:54Z,fe0fb2e29062d93898ebdd583329194d,2026-09-26T23:00:00Z,Jacksonville State Gamecocks,Middle Tennessee Blue Raiders,betonlineag,BetOnline.ag,2026-09-25T14:56:27Z,2026-09-25T14:56:27Z,Jacksonville State Gamecocks,-7.0,-107.0,2026,2026-09-25T14:56:54Z,1063,,,,c9b00767615fa5b7a6dc411f276300a4ef86c7a9f57831378c42d40f04dc9acc,timestamped_live_quote
2026-09-25T14:56:54Z,fe0fb2e29062d93898ebdd583329194d,2026-09-26T23:00:00Z,Jacksonville State Gamecocks,Middle Tennessee Blue Raiders,betonlineag,BetOnline.ag,2026-09-25T14:56:27Z,2026-09-25T14:56:27Z,Middle Tennessee Blue Raiders,7.0,-113.0,2026,2026-09-25T14:56:54Z,1063,,,,c9b00767615fa5b7a6dc411f276300a4ef86c7a9f57831378c42d40f04dc9acc,timestamped_live_quote
2026-09-25T14:56:54Z,fe0fb2e29062d93898ebdd583329194d,2026-09-26T23:00:00Z,Jacksonville State Gamecocks,Middle Tennessee Blue Raiders,betmgm,BetMGM,2026-09-25T14:56:42Z,2026-09-25T14:56:42Z,Jacksonville State Gamecocks,-7.0,-112.0,2026,2026-09-25T14:56:54Z,1063,,,,c9b00767615fa5b7a6dc411f276300a4ef86c7a9f57831378c42d40f04dc9acc,timestamped_live_quote
2026-09-25T14:56:54Z,fe0fb2e29062d93898ebdd583329194d,2026-09-26T23:00:00Z,Jacksonville State Gamecocks,Middle Tennessee Blue Raiders,betmgm,BetMGM,2026-09-25T14:56:42Z,2026-09-25T14:56:42Z,Middle Tennessee Blue Raiders,7.0,-105.0,2026,2026-09-25T14:56:54Z,1063,,,,c9b00767615fa5b7a6dc411f276300a4ef86c7a9f57831378c42d40f04dc9acc,timestamped_live_quote
2026-09-25T14:56:54Z,fe0fb2e29062d93898ebdd583329194d,2026-09-26T23:00:00Z,Jacksonville State Gamecocks,Middle Tennessee Blue Raiders,betus,BetUS,2026-09-25T14:55:47Z,2026-09-25T14:55:47Z,Jacksonville State Gamecocks,-7.0,-105.0,2026,2026-09-25T14:56:54Z,1063,,,,c9b00767615fa5b7a6dc411f276300a4ef86c7a9f57831378c42d40f04dc9acc,timestamped_live_quote
2026-09-25T14:56:54Z,fe0fb2e29062d93898ebdd583329194d,2026-09-26T23:00:00Z,Jacksonville State Gamecocks,Middle Tennessee Blue Raiders,betus,BetUS,2026-09-25T14:55:47Z,2026-09-25T14:55:47Z,Middle Tennessee Blue Raiders,7.0,-115.0,2026,2026-09-25T14:56:54Z,1063,,,,c9b00767615fa5b7a6dc411f276300a4ef86c7a9f57831378c42d40f04dc9acc,timestamped_live_quote
2026-09-25T14:56:54Z,fe0fb2e29062d93898ebdd583329194d,2026-09-26T23:00:00Z,Jacksonville State Gamecocks,Middle Tennessee Blue Raiders,bovada,Bovada,2026-09-25T14:55:35Z,2026-09-25T14:55:35Z,Jacksonville State Gamecocks,-7.0,-115.0,2026,2026-09-25T14:56:54Z,1063,,,,c9b00767615fa5b7a6dc411f276300a4ef86c7a9f57831378c42d40f04dc9acc,timestamped_live_quote
2026-09-25T14:56:54Z,fe0fb2e29062d93898ebdd583329194d,2026-09-26T23:00:00Z,Jacksonville State Gamecocks,Middle Tennessee Blue Raiders,bovada,Bovada,2026-09-25T14:55:35Z,2026-09-25T14:55:35Z,Middle Tennessee Blue Raiders,7.0,-105.0,2026,2026-09-25T14:56:54Z,1063,,,,c9b00767615fa5b7a6dc411f276300a4ef86c7a9f57831378c42d40f04dc9acc,timestamped_live_quote
2026-09-25T14:56:54Z,4d7e7ede70991b52414228a5fd0b303d,2026-09-26T23:00:00Z,Western Kentucky Hilltoppers,Mercyhurst Lakers,fanduel,FanDuel,2026-09-25T14:56:24Z,2026-09-25T14:56:24Z,Mercyhurst Lakers,40.5,-110.0,2026,2026-09-25T14:56:54Z,1063,,,,c9b00767615fa5b7a6dc411f276300a4ef86c7a9f57831378c42d40f04dc9acc,timestamped_live_quote
2026-09-25T14:56:54Z,4d7e7ede70991b52414228a5fd0b303d,2026-09-26T23:00:00Z,Western Kentucky Hilltoppers,Mercyhurst Lakers,fanduel,FanDuel,2026-09-25T14:56:24Z,2026-09-25T14:56:24Z,Western Kentucky Hilltoppers,-40.5,-110.0,2026,2026-09-25T14:56:54Z,1063,,,,c9b00767615fa5b7a6dc411f276300a4ef86c7a9f57831378c42d40f04dc9acc,timestamped_live_quote
2026-09-25T14:56:54Z,4d7e7ede70991b52414228a5fd0b303d,2026-09-26T23:00:00Z,Western Kentucky Hilltoppers,Mercyhurst Lakers,draftkings,DraftKings,2026-09-25T14:56:40Z,2026-09-25T14:56:40Z,Mercyhurst Lakers,40.5,-110.0,2026,2026-09-25T14:56:54Z,1063,,,,c9b00767615fa5b7a6dc411f276300a4ef86c7a9f57831378c42d40f04dc9acc,timestamped_live_quote
2026-09-25T14:56:54Z,4d7e7ede70991b52414228a5fd0b303d,2026-09-26T23:00:00Z,Western Kentucky Hilltoppers,Mercyhurst Lakers,draftkings,DraftKings,2026-09-25T14:56:40Z,2026-09-25T14:56:40Z,Western Kentucky Hilltoppers,-40.5,-110.0,2026,2026-09-25T14:56:54Z,1063,,,,c9b00767615fa5b7a6dc411f276300a4ef86c7a9f57831378c42d40f04dc9acc,timestamped_live_quote
2026-09-25T14:56:54Z,4d7e7ede70991b52414228a5fd0b303d,2026-09-26T23:00:00Z,Western Kentucky Hilltoppers,Mercyhurst Lakers,betrivers,BetRivers,2026-09-25T14:55:36Z,2026-09-25T14:55:36Z,Mercyhurst Lakers,41.0,-132.0,2026,2026-09-25T14:56:54Z,1063,,,,c9b00767615fa5b7a6dc411f276300a4ef86c7a9f57831378c42d40f04dc9acc,timestamped_live_quote
2026-09-25T14:56:54Z,4d7e7ede70991b52414228a5fd0b303d,2026-09-26T23:00:00Z,Western Kentucky Hilltoppers,Mercyhurst Lakers,betrivers,BetRivers,2026-09-25T14:55:36Z,2026-09-25T14:55:36Z,Western Kentucky Hilltoppers,-41.0,-110.0,2026,2026-09-25T14:56:54Z,1063,,,,c9b00767615fa5b7a6dc411f276300a4ef86c7a9f57831378c42d40f04dc9acc,timestamped_live_quote
2026-09-25T14:56:54Z,4d7e7ede70991b52414228a5fd0b303d,2026-09-26T23:00:00Z,Western Kentucky Hilltoppers,Mercyhurst Lakers,lowvig,LowVig.ag,2026-09-25T14:56:25Z,2026-09-25T14:56:25Z,Mercyhurst Lakers,40.5,-101.0,2026,2026-09-25T14:56:54Z,1063,,,,c9b00767615fa5b7a6dc411f276300a4ef86c7a9f57831378c42d40f04dc9acc,timestamped_live_quote
2026-09-25T14:56:54Z,4d7e7ede70991b52414228a5fd0b303d,2026-09-26T23:00:00Z,Western Kentucky Hilltoppers,Mercyhurst Lakers,lowvig,LowVig.ag,2026-09-25T14:56:25Z,2026-09-25T14:56:25Z,Western Kentucky Hilltoppers,-40.5,-111.0,2026,2026-09-25T14:56:54Z,1063,,,,c9b00767615fa5b7a6dc411f276300a4ef86c7a9f57831378c42d40f04dc9acc,timestamped_live_quote
2026-09-25T14:56:54Z,4d7e7ede70991b52414228a5fd0b303d,2026-09-26T23:00:00Z,Western Kentucky Hilltoppers,Mercyhurst Lakers,betonlineag,BetOnline.ag,2026-09-25T14:56:27Z,2026-09-25T14:56:27Z,Mercyhurst Lakers,40.5,-115.0,2026,2026-09-25T14:56:54Z,1063,,,,c9b00767615fa5b7a6dc411f276300a4ef86c7a9f57831378c42d40f04dc9acc,timestamped_live_quote
2026-09-25T14:56:54Z,4d7e7ede70991b52414228a5fd0b303d,2026-09-26T23:00:00Z,Western Kentucky Hilltoppers,Mercyhurst Lakers,betonlineag,BetOnline.ag,2026-09-25T14:56:27Z,2026-09-25T14:56:27Z,Western Kentucky Hilltoppers,-40.5,-115.0,2026,2026-09-25T14:56:54Z,1063,,,,c9b00767615fa5b7a6dc411f276300a4ef86c7a9f57831378c42d40f04dc9acc,timestamped_live_quote
2026-09-25T14:56:54Z,6c95114d806556a04a0d719e62c042d7,2026-09-26T23:00:00Z,West Virginia Mountaineers,Oklahoma State Cowboys,draftkings,DraftKings,2026-09-25T14:56:40Z,2026-09-25T14:56:40Z,Oklahoma State Cowboys,1.5,-108.0,2026,2026-09-25T14:56:54Z,1063,,,,c9b00767615fa5b7a6dc411f276300a4ef86c7a9f57831378c42d40f04dc9acc,timestamped_live_quote
2026-09-25T14:56:54Z,6c95114d806556a04a0d719e62c042d7,2026-09-26T23:00:00Z,West Virginia Mountaineers,Oklahoma State Cowboys,draftkings,DraftKings,2026-09-25T14:56:40Z,2026-09-25T14:56:40Z,West Virginia Mountaineers,-1.5,-112.0,2026,2026-09-25T14:56:54Z,1063,,,,c9b00767615fa5b7a6dc411f276300a4ef86c7a9f57831378c42d40f04dc9acc,timestamped_live_quote
2026-09-25T14:56:54Z,6c95114d806556a04a0d719e62c042d7,2026-09-26T23:00:00Z,West Virginia Mountaineers,Oklahoma State Cowboys,mybookieag,MyBookie.ag,2026-09-25T14:54:56Z,2026-09-25T14:54:56Z,Oklahoma State Cowboys,1.5,-110.0,2026,2026-09-25T14:56:54Z,1063,,,,c9b00767615fa5b7a6dc411f276300a4ef86c7a9f57831378c42d40f04dc9acc,timestamped_live_quote
2026-09-25T14:56:54Z,6c95114d806556a04a0d719e62c042d7,2026-09-26T23:00:00Z,West Virginia Mountaineers,Oklahoma State Cowboys,mybookieag,MyBookie.ag,2026-09-25T14:54:56Z,2026-09-25T14:54:56Z,West Virginia Mountaineers,-1.5,-110.0,2026,2026-09-25T14:56:54Z,1063,,,,c9b00767615fa5b7a6dc411f276300a4ef86c7a9f57831378c42d40f04dc9acc,timestamped_live_quote
2026-09-25T14:56:54Z,6c95114d806556a04a0d719e62c042d7,2026-09-26T23:00:00Z,West Virginia Mountaineers,Oklahoma State Cowboys,fanduel,FanDuel,2026-09-25T14:56:24Z,2026-09-25T14:56:24Z,Oklahoma State Cowboys,1.5,-105.0,2026,2026-09-25T14:56:54Z,1063,,,,c9b00767615fa5b7a6dc411f276300a4ef86c7a9f57831378c42d40f04dc9acc,timestamped_live_quote
2026-09-25T14:56:54Z,6c95114d806556a04a0d719e62c042d7,2026-09-26T23:00:00Z,West Virginia Mountaineers,Oklahoma State Cowboys,fanduel,FanDuel,2026-09-25T14:56:24Z,2026-09-25T14:56:24Z,West Virginia Mountaineers,-1.5,-115.0,2026,2026-09-25T14:56:54Z,1063,,,,c9b00767615fa5b7a6dc411f276300a4ef86c7a9f57831378c42d40f04dc9acc,timestamped_live_quote
2026-09-25T14:56:54Z,6c95114d806556a04a0d719e62c042d7,2026-09-26T23:00:00Z,West Virginia Mountaineers,Oklahoma State Cowboys,betrivers,BetRivers,2026-09-25T14:55:36Z,2026-09-25T14:55:36Z,Oklahoma State Cowboys,2.0,-112.0,2026,2026-09-25T14:56:54Z,1063,,,,c9b00767615fa5b7a6dc411f276300a4ef86c7a9f57831378c42d40f04dc9acc,timestamped_live_quote
2026-09-25T14:56:54Z,6c95114d806556a04a0d719e62c042d7,2026-09-26T23:00:00Z,West Virginia Mountaineers,Oklahoma State Cowboys,betrivers,BetRivers,2026-09-25T14:55:36Z,2026-09-25T14:55:36Z,West Virginia Mountaineers,-2.0,-112.0,2026,2026-09-25T14:56:54Z,1063,,,,c9b00767615fa5b7a6dc411f276300a4ef86c7a9f57831378c42d40f04dc9acc,timestamped_live_quote
2026-09-25T14:56:54Z,6c95114d806556a04a0d719e62c042d7,2026-09-26T23:00:00Z,West Virginia Mountaineers,Oklahoma State Cowboys,lowvig,LowVig.ag,2026-09-25T14:56:25Z,2026-09-25T14:56:25Z,Oklahoma State Cowboys,2.0,-106.0,2026,2026-09-25T14:56:54Z,1063,,,,c9b00767615fa5b7a6dc411f276300a4ef86c7a9f57831378c42d40f04dc9acc,timestamped_live_quote
2026-09-25T14:56:54Z,6c95114d806556a04a0d719e62c042d7,2026-09-26T23:00:00Z,West Virginia Mountaineers,Oklahoma State Cowboys,lowvig,LowVig.ag,2026-09-25T14:56:25Z,2026-09-25T14:56:25Z,West Virginia Mountaineers,-2.0,-106.0,2026,2026-09-25T14:56:54Z,1063,,,,c9b00767615fa5b7a6dc411f276300a4ef86c7a9f57831378c42d40f04dc9acc,timestamped_live_quote
2026-09-25T14:56:54Z,6c95114d806556a04a0d719e62c042d7,2026-09-26T23:00:00Z,West Virginia Mountaineers,Oklahoma State Cowboys,betonlineag,BetOnline.ag,2026-09-25T14:56:27Z,2026-09-25T14:56:27Z,Oklahoma State Cowboys,2.0,-110.0,2026,2026-09-25T14:56:54Z,1063,,,,c9b00767615fa5b7a6dc411f276300a4ef86c7a9f57831378c42d40f04dc9acc,timestamped_live_quote
2026-09-25T14:56:54Z,6c95114d806556a04a0d719e62c042d7,2026-09-26T23:00:00Z,West Virginia Mountaineers,Oklahoma State Cowboys,betonlineag,BetOnline.ag,2026-09-25T14:56:27Z,2026-09-25T14:56:27Z,West Virginia Mountaineers,-2.0,-110.0,2026,2026-09-25T14:56:54Z,1063,,,,c9b00767615fa5b7a6dc411f276300a4ef86c7a9f57831378c42d40f04dc9acc,timestamped_live_quote
2026-09-25T14:56:54Z,6c95114d806556a04a0d719e62c042d7,2026-09-26T23:00:00Z,West Virginia Mountaineers,Oklahoma State Cowboys,betus,BetUS,2026-09-25T14:55:47Z,2026-09-25T14:55:47Z,Oklahoma State Cowboys,2.0,-110.0,2026,2026-09-25T14:56:54Z,1063,,,,c9b00767615fa5b7a6dc411f276300a4ef86c7a9f57831378c42d40f04dc9acc,timestamped_live_quote
2026-09-25T14:56:54Z,6c95114d806556a04a0d719e62c042d7,2026-09-26T23:00:00Z,West Virginia Mountaineers,Oklahoma State Cowboys,betus,BetUS,2026-09-25T14:55:47Z,2026-09-25T14:55:47Z,West Virginia Mountaineers,-2.0,-110.0,2026,2026-09-25T14:56:54Z,1063,,,,c9b00767615fa5b7a6dc411f276300a4ef86c7a9f57831378c42d40f04dc9acc,timestamped_live_quote
2026-09-25T14:56:54Z,6c95114d806556a04a0d719e62c042d7,2026-09-26T23:00:00Z,West Virginia Mountaineers,Oklahoma State Cowboys,betmgm,BetMGM,2026-09-25T14:56:42Z,2026-09-25T14:56:42Z,Oklahoma State Cowboys,2.0,-108.0,2026,2026-09-25T14:56:54Z,1063,,,,c9b00767615fa5b7a6dc411f276300a4ef86c7a9f57831378c42d40f04dc9acc,timestamped_live_quote
2026-09-25T14:56:54Z,6c95114d806556a04a0d719e62c042d7,2026-09-26T23:00:00Z,West Virginia Mountaineers,Oklahoma State Cowboys,betmgm,BetMGM,2026-09-25T14:56:42Z,2026-09-25T14:56:42Z,West Virginia Mountaineers,-2.0,-110.0,2026,2026-09-25T14:56:54Z,1063,,,,c9b00767615fa5b7a6dc411f276300a4ef86c7a9f57831378c42d40f04dc9acc,timestamped_live_quote
2026-09-25T14:56:54Z,6c95114d806556a04a0d719e62c042d7,2026-09-26T23:00:00Z,West Virginia Mountaineers,Oklahoma State Cowboys,bovada,Bovada,2026-09-25T14:55:35Z,2026-09-25T14:55:35Z,Oklahoma State Cowboys,2.0,-110.0,2026,2026-09-25T14:56:54Z,1063,,,,c9b00767615fa5b7a6dc411f276300a4ef86c7a9f57831378c42d40f04dc9acc,timestamped_live_quote
2026-09-25T14:56:54Z,6c95114d806556a04a0d719e62c042d7,2026-09-26T23:00:00Z,West Virginia Mountaineers,Oklahoma State Cowboys,bovada,Bovada,2026-09-25T14:55:35Z,2026-09-25T14:55:35Z,West Virginia Mountaineers,-2.0,-110.0,2026,2026-09-25T14:56:54Z,1063,,,,c9b00767615fa5b7a6dc411f276300a4ef86c7a9f57831378c42d40f04dc9acc,timestamped_live_quote
2026-09-25T14:56:54Z,3281b4e05dfe8a0a41afe9868a9094fa,2026-09-26T23:00:00Z,Tulane Green Wave,Southern Mississippi Golden Eagles,fanduel,FanDuel,2026-09-25T14:56:24Z,2026-09-25T14:56:24Z,Southern Mississippi Golden Eagles,17.5,-110.0,2026,2026-09-25T14:56:54Z,1063,,,,c9b00767615fa5b7a6dc411f276300a4ef86c7a9f57831378c42d40f04dc9acc,timestamped_live_quote
2026-09-25T14:56:54Z,3281b4e05dfe8a0a41afe9868a9094fa,2026-09-26T23:00:00Z,Tulane Green Wave,Southern Mississippi Golden Eagles,fanduel,FanDuel,2026-09-25T14:56:24Z,2026-09-25T14:56:24Z,Tulane Green Wave,-17.5,-110.0,2026,2026-09-25T14:56:54Z,1063,,,,c9b00767615fa5b7a6dc411f276300a4ef86c7a9f57831378c42d40f04dc9acc,timestamped_live_quote
2026-09-25T14:56:54Z,3281b4e05dfe8a0a41afe9868a9094fa,2026-09-26T23:00:00Z,Tulane Green Wave,Southern Mississippi Golden Eagles,mybookieag,MyBookie.ag,2026-09-25T14:54:56Z,2026-09-25T14:54:56Z,Southern Mississippi Golden Eagles,18.0,-110.0,2026,2026-09-25T14:56:54Z,1063,,,,c9b00767615fa5b7a6dc411f276300a4ef86c7a9f57831378c42d40f04dc9acc,timestamped_live_quote
2026-09-25T14:56:54Z,3281b4e05dfe8a0a41afe9868a9094fa,2026-09-26T23:00:00Z,Tulane Green Wave,Southern Mississippi Golden Eagles,mybookieag,MyBookie.ag,2026-09-25T14:54:56Z,2026-09-25T14:54:56Z,Tulane Green Wave,-18.0,-110.0,2026,2026-09-25T14:56:54Z,1063,,,,c9b00767615fa5b7a6dc411f276300a4ef86c7a9f57831378c42d40f04dc9acc,timestamped_live_quote
2026-09-25T14:56:54Z,3281b4e05dfe8a0a41afe9868a9094fa,2026-09-26T23:00:00Z,Tulane Green Wave,Southern Mississippi Golden Eagles,betrivers,BetRivers,2026-09-25T14:55:36Z,2026-09-25T14:55:36Z,Southern Mississippi Golden Eagles,18.0,-112.0,2026,2026-09-25T14:56:54Z,1063,,,,c9b00767615fa5b7a6dc411f276300a4ef86c7a9f57831378c42d40f04dc9acc,timestamped_live_quote
2026-09-25T14:56:54Z,3281b4e05dfe8a0a41afe9868a9094fa,2026-09-26T23:00:00Z,Tulane Green Wave,Southern Mississippi Golden Eagles,betrivers,BetRivers,2026-09-25T14:55:36Z,2026-09-25T14:55:36Z,Tulane Green Wave,-18.0,-110.0,2026,2026-09-25T14:56:54Z,1063,,,,c9b00767615fa5b7a6dc411f276300a4ef86c7a9f57831378c42d40f04dc9acc,timestamped_live_quote
2026-09-25T14:56:54Z,3281b4e05dfe8a0a41afe9868a9094fa,2026-09-26T23:00:00Z,Tulane Green Wave,Southern Mississippi Golden Eagles,draftkings,DraftKings,2026-09-25T14:56:40Z,2026-09-25T14:56:40Z,Southern Mississippi Golden Eagles,18.5,-115.0,2026,2026-09-25T14:56:54Z,1063,,,,c9b00767615fa5b7a6dc411f276300a4ef86c7a9f57831378c42d40f04dc9acc,timestamped_live_quote
2026-09-25T14:56:54Z,3281b4e05dfe8a0a41afe9868a9094fa,2026-09-26T23:00:00Z,Tulane Green Wave,Southern Mississippi Golden Eagles,draftkings,DraftKings,2026-09-25T14:56:40Z,2026-09-25T14:56:40Z,Tulane Green Wave,-18.5,-105.0,2026,2026-09-25T14:56:54Z,1063,,,,c9b00767615fa5b7a6dc411f276300a4ef86c7a9f57831378c42d40f04dc9acc,timestamped_live_quote
2026-09-25T14:56:54Z,3281b4e05dfe8a0a41afe9868a9094fa,2026-09-26T23:00:00Z,Tulane Green Wave,Southern Mississippi Golden Eagles,lowvig,LowVig.ag,2026-09-25T14:56:25Z,2026-09-25T14:56:25Z,Southern Mississippi Golden Eagles,18.0,-106.0,2026,2026-09-25T14:56:54Z,1063,,,,c9b00767615fa5b7a6dc411f276300a4ef86c7a9f57831378c42d40f04dc9acc,timestamped_live_quote
2026-09-25T14:56:54Z,3281b4e05dfe8a0a41afe9868a9094fa,2026-09-26T23:00:00Z,Tulane Green Wave,Southern Mississippi Golden Eagles,lowvig,LowVig.ag,2026-09-25T14:56:25Z,2026-09-25T14:56:25Z,Tulane Green Wave,-18.0,-106.0,2026,2026-09-25T14:56:54Z,1063,,,,c9b00767615fa5b7a6dc411f276300a4ef86c7a9f57831378c42d40f04dc9acc,timestamped_live_quote
2026-09-25T14:56:54Z,3281b4e05dfe8a0a41afe9868a9094fa,2026-09-26T23:00:00Z,Tulane Green Wave,Southern Mississippi Golden Eagles,betonlineag,BetOnline.ag,2026-09-25T14:56:27Z,2026-09-25T14:56:27Z,Southern Mississippi Golden Eagles,18.0,-110.0,2026,2026-09-25T14:56:54Z,1063,,,,c9b00767615fa5b7a6dc411f276300a4ef86c7a9f57831378c42d40f04dc9acc,timestamped_live_quote
2026-09-25T14:56:54Z,3281b4e05dfe8a0a41afe9868a9094fa,2026-09-26T23:00:00Z,Tulane Green Wave,Southern Mississippi Golden Eagles,betonlineag,BetOnline.ag,2026-09-25T14:56:27Z,2026-09-25T14:56:27Z,Tulane Green Wave,-18.0,-110.0,2026,2026-09-25T14:56:54Z,1063,,,,c9b00767615fa5b7a6dc411f276300a4ef86c7a9f57831378c42d40f04dc9acc,timestamped_live_quote
2026-09-25T14:56:54Z,3281b4e05dfe8a0a41afe9868a9094fa,2026-09-26T23:00:00Z,Tulane Green Wave,Southern Mississippi Golden Eagles,betus,BetUS,2026-09-25T14:55:47Z,2026-09-25T14:55:47Z,Southern Mississippi Golden Eagles,18.0,-110.0,2026,2026-09-25T14:56:54Z,1063,,,,c9b00767615fa5b7a6dc411f276300a4ef86c7a9f57831378c42d40f04dc9acc,timestamped_live_quote
2026-09-25T14:56:54Z,3281b4e05dfe8a0a41afe9868a9094fa,2026-09-26T23:00:00Z,Tulane Green Wave,Southern Mississippi Golden Eagles,betus,BetUS,2026-09-25T14:55:47Z,2026-09-25T14:55:47Z,Tulane Green Wave,-18.0,-110.0,2026,2026-09-25T14:56:54Z,1063,,,,c9b00767615fa5b7a6dc411f276300a4ef86c7a9f57831378c42d40f04dc9acc,timestamped_live_quote
2026-09-25T14:56:54Z,3281b4e05dfe8a0a41afe9868a9094fa,2026-09-26T23:00:00Z,Tulane Green Wave,Southern Mississippi Golden Eagles,betmgm,BetMGM,2026-09-25T14:56:42Z,2026-09-25T14:56:42Z,Southern Mississippi Golden Eagles,18.0,-118.0,2026,2026-09-25T14:56:54Z,1063,,,,c9b00767615fa5b7a6dc411f276300a4ef86c7a9f57831378c42d40f04dc9acc,timestamped_live_quote
2026-09-25T14:56:54Z,3281b4e05dfe8a0a41afe9868a9094fa,2026-09-26T23:00:00Z,Tulane Green Wave,Southern Mississippi Golden Eagles,betmgm,BetMGM,2026-09-25T14:56:42Z,2026-09-25T14:56:42Z,Tulane Green Wave,-18.0,-110.0,2026,2026-09-25T14:56:54Z,1063,,,,c9b00767615fa5b7a6dc411f276300a4ef86c7a9f57831378c42d40f04dc9acc,timestamped_live_quote
2026-09-25T14:56:54Z,3281b4e05dfe8a0a41afe9868a9094fa,2026-09-26T23:00:00Z,Tulane Green Wave,Southern Mississippi Golden Eagles,bovada,Bovada,2026-09-25T14:55:35Z,2026-09-25T14:55:35Z,Southern Mississippi Golden Eagles,18.5,-110.0,2026,2026-09-25T14:56:54Z,1063,,,,c9b00767615fa5b7a6dc411f276300a4ef86c7a9f57831378c42d40f04dc9acc,timestamped_live_quote
2026-09-25T14:56:54Z,3281b4e05dfe8a0a41afe9868a9094fa,2026-09-26T23:00:00Z,Tulane Green Wave,Southern Mississippi Golden Eagles,bovada,Bovada,2026-09-25T14:55:35Z,2026-09-25T14:55:35Z,Tulane Green Wave,-18.5,-110.0,2026,2026-09-25T14:56:54Z,1063,,,,c9b00767615fa5b7a6dc411f276300a4ef86c7a9f57831378c42d40f04dc9acc,timestamped_live_quote
2026-09-25T14:56:54Z,d4cee1a13bc1d87828ec7809d56b9496,2026-09-26T23:30:00Z,NC State Wolfpack,Appalachian State Mountaineers,fanduel,FanDuel,2026-09-25T14:56:24Z,2026-09-25T14:56:24Z,Appalachian State Mountaineers,14.5,-122.0,2026,2026-09-25T14:56:54Z,1063,,,,c9b00767615fa5b7a6dc411f276300a4ef86c7a9f57831378c42d40f04dc9acc,timestamped_live_quote
2026-09-25T14:56:54Z,d4cee1a13bc1d87828ec7809d56b9496,2026-09-26T23:30:00Z,NC State Wolfpack,Appalachian State Mountaineers,fanduel,FanDuel,2026-09-25T14:56:24Z,2026-09-25T14:56:24Z,NC State Wolfpack,-14.5,100.0,2026,2026-09-25T14:56:54Z,1063,,,,c9b00767615fa5b7a6dc411f276300a4ef86c7a9f57831378c42d40f04dc9acc,timestamped_live_quote
2026-09-25T14:56:54Z,d4cee1a13bc1d87828ec7809d56b9496,2026-09-26T23:30:00Z,NC State Wolfpack,Appalachian State Mountaineers,mybookieag,MyBookie.ag,2026-09-25T14:54:56Z,2026-09-25T14:54:56Z,Appalachian State Mountaineers,14.0,-110.0,2026,2026-09-25T14:56:54Z,1063,,,,c9b00767615fa5b7a6dc411f276300a4ef86c7a9f57831378c42d40f04dc9acc,timestamped_live_quote
2026-09-25T14:56:54Z,d4cee1a13bc1d87828ec7809d56b9496,2026-09-26T23:30:00Z,NC State Wolfpack,Appalachian State Mountaineers,mybookieag,MyBookie.ag,2026-09-25T14:54:56Z,2026-09-25T14:54:56Z,NC State Wolfpack,-14.0,-110.0,2026,2026-09-25T14:56:54Z,1063,,,,c9b00767615fa5b7a6dc411f276300a4ef86c7a9f57831378c42d40f04dc9acc,timestamped_live_quote
2026-09-25T14:56:54Z,d4cee1a13bc1d87828ec7809d56b9496,2026-09-26T23:30:00Z,NC State Wolfpack,Appalachian State Mountaineers,betrivers,BetRivers,2026-09-25T14:55:36Z,2026-09-25T14:55:36Z,Appalachian State Mountaineers,14.0,-110.0,2026,2026-09-25T14:56:54Z,1063,,,,c9b00767615fa5b7a6dc411f276300a4ef86c7a9f57831378c42d40f04dc9acc,timestamped_live_quote
2026-09-25T14:56:54Z,d4cee1a13bc1d87828ec7809d56b9496,2026-09-26T23:30:00Z,NC State Wolfpack,Appalachian State Mountaineers,betrivers,BetRivers,2026-09-25T14:55:36Z,2026-09-25T14:55:36Z,NC State Wolfpack,-14.0,-113.0,2026,2026-09-25T14:56:54Z,1063,,,,c9b00767615fa5b7a6dc411f276300a4ef86c7a9f57831378c42d40f04dc9acc,timestamped_live_quote
2026-09-25T14:56:54Z,d4cee1a13bc1d87828ec7809d56b9496,2026-09-26T23:30:00Z,NC State Wolfpack,Appalachian State Mountaineers,draftkings,DraftKings,2026-09-25T14:56:40Z,2026-09-25T14:56:40Z,Appalachian State Mountaineers,14.0,-110.0,2026,2026-09-25T14:56:54Z,1063,,,,c9b00767615fa5b7a6dc411f276300a4ef86c7a9f57831378c42d40f04dc9acc,timestamped_live_quote
2026-09-25T14:56:54Z,d4cee1a13bc1d87828ec7809d56b9496,2026-09-26T23:30:00Z,NC State Wolfpack,Appalachian State Mountaineers,draftkings,DraftKings,2026-09-25T14:56:40Z,2026-09-25T14:56:40Z,NC State Wolfpack,-14.0,-110.0,2026,2026-09-25T14:56:54Z,1063,,,,c9b00767615fa5b7a6dc411f276300a4ef86c7a9f57831378c42d40f04dc9acc,timestamped_live_quote
2026-09-25T14:56:54Z,d4cee1a13bc1d87828ec7809d56b9496,2026-09-26T23:30:00Z,NC State Wolfpack,Appalachian State Mountaineers,betonlineag,BetOnline.ag,2026-09-25T14:56:27Z,2026-09-25T14:56:27Z,Appalachian State Mountaineers,14.0,-112.0,2026,2026-09-25T14:56:54Z,1063,,,,c9b00767615fa5b7a6dc411f276300a4ef86c7a9f57831378c42d40f04dc9acc,timestamped_live_quote
2026-09-25T14:56:54Z,d4cee1a13bc1d87828ec7809d56b9496,2026-09-26T23:30:00Z,NC State Wolfpack,Appalachian State Mountaineers,betonlineag,BetOnline.ag,2026-09-25T14:56:27Z,2026-09-25T14:56:27Z,NC State Wolfpack,-14.0,-108.0,2026,2026-09-25T14:56:54Z,1063,,,,c9b00767615fa5b7a6dc411f276300a4ef86c7a9f57831378c42d40f04dc9acc,timestamped_live_quote
2026-09-25T14:56:54Z,d4cee1a13bc1d87828ec7809d56b9496,2026-09-26T23:30:00Z,NC State Wolfpack,Appalachian State Mountaineers,lowvig,LowVig.ag,2026-09-25T14:56:25Z,2026-09-25T14:56:25Z,Appalachian State Mountaineers,14.0,-108.0,2026,2026-09-25T14:56:54Z,1063,,,,c9b00767615fa5b7a6dc411f276300a4ef86c7a9f57831378c42d40f04dc9acc,timestamped_live_quote
2026-09-25T14:56:54Z,d4cee1a13bc1d87828ec7809d56b9496,2026-09-26T23:30:00Z,NC State Wolfpack,Appalachian State Mountaineers,lowvig,LowVig.ag,2026-09-25T14:56:25Z,2026-09-25T14:56:25Z,NC State Wolfpack,-14.0,-104.0,2026,2026-09-25T14:56:54Z,1063,,,,c9b00767615fa5b7a6dc411f276300a4ef86c7a9f57831378c42d40f04dc9acc,timestamped_live_quote
2026-09-25T14:56:54Z,d4cee1a13bc1d87828ec7809d56b9496,2026-09-26T23:30:00Z,NC State Wolfpack,Appalachian State Mountaineers,betmgm,BetMGM,2026-09-25T14:56:42Z,2026-09-25T14:56:42Z,Appalachian State Mountaineers,14.0,-110.0,2026,2026-09-25T14:56:54Z,1063,,,,c9b00767615fa5b7a6dc411f276300a4ef86c7a9f57831378c42d40f04dc9acc,timestamped_live_quote
2026-09-25T14:56:54Z,d4cee1a13bc1d87828ec7809d56b9496,2026-09-26T23:30:00Z,NC State Wolfpack,Appalachian State Mountaineers,betmgm,BetMGM,2026-09-25T14:56:42Z,2026-09-25T14:56:42Z,NC State Wolfpack,-14.0,-108.0,2026,2026-09-25T14:56:54Z,1063,,,,c9b00767615fa5b7a6dc411f276300a4ef86c7a9f57831378c42d40f04dc9acc,timestamped_live_quote
2026-09-25T14:56:54Z,d4cee1a13bc1d87828ec7809d56b9496,2026-09-26T23:30:00Z,NC State Wolfpack,Appalachian State Mountaineers,betus,BetUS,2026-09-25T14:55:47Z,2026-09-25T14:55:47Z,Appalachian State Mountaineers,14.0,-110.0,2026,2026-09-25T14:56:54Z,1063,,,,c9b00767615fa5b7a6dc411f276300a4ef86c7a9f57831378c42d40f04dc9acc,timestamped_live_quote
2026-09-25T14:56:54Z,d4cee1a13bc1d87828ec7809d56b9496,2026-09-26T23:30:00Z,NC State Wolfpack,Appalachian State Mountaineers,betus,BetUS,2026-09-25T14:55:47Z,2026-09-25T14:55:47Z,NC State Wolfpack,-14.0,-110.0,2026,2026-09-25T14:56:54Z,1063,,,,c9b00767615fa5b7a6dc411f276300a4ef86c7a9f57831378c42d40f04dc9acc,timestamped_live_quote
2026-09-25T14:56:54Z,d4cee1a13bc1d87828ec7809d56b9496,2026-09-26T23:30:00Z,NC State Wolfpack,Appalachian State Mountaineers,bovada,Bovada,2026-09-25T14:55:35Z,2026-09-25T14:55:35Z,Appalachian State Mountaineers,14.0,-110.0,2026,2026-09-25T14:56:54Z,1063,,,,c9b00767615fa5b7a6dc411f276300a4ef86c7a9f57831378c42d40f04dc9acc,timestamped_live_quote
2026-09-25T14:56:54Z,d4cee1a13bc1d87828ec7809d56b9496,2026-09-26T23:30:00Z,NC State Wolfpack,Appalachian State Mountaineers,bovada,Bovada,2026-09-25T14:55:35Z,2026-09-25T14:55:35Z,NC State Wolfpack,-14.0,-110.0,2026,2026-09-25T14:56:54Z,1063,,,,c9b00767615fa5b7a6dc411f276300a4ef86c7a9f57831378c42d40f04dc9acc,timestamped_live_quote
2026-09-25T14:56:54Z,b8ee197b0b6ebb070f0f4b4a94a31bae,2026-09-26T23:30:00Z,Washington State Cougars,Arizona Wildcats,fanduel,FanDuel,2026-09-25T14:56:24Z,2026-09-25T14:56:24Z,Arizona Wildcats,-10.5,-110.0,2026,2026-09-25T14:56:54Z,1063,,,,c9b00767615fa5b7a6dc411f276300a4ef86c7a9f57831378c42d40f04dc9acc,timestamped_live_quote
2026-09-25T14:56:54Z,b8ee197b0b6ebb070f0f4b4a94a31bae,2026-09-26T23:30:00Z,Washington State Cougars,Arizona Wildcats,fanduel,FanDuel,2026-09-25T14:56:24Z,2026-09-25T14:56:24Z,Washington State Cougars,10.5,-110.0,2026,2026-09-25T14:56:54Z,1063,,,,c9b00767615fa5b7a6dc411f276300a4ef86c7a9f57831378c42d40f04dc9acc,timestamped_live_quote
2026-09-25T14:56:54Z,b8ee197b0b6ebb070f0f4b4a94a31bae,2026-09-26T23:30:00Z,Washington State Cougars,Arizona Wildcats,mybookieag,MyBookie.ag,2026-09-25T14:54:56Z,2026-09-25T14:54:56Z,Arizona Wildcats,-10.5,-110.0,2026,2026-09-25T14:56:54Z,1063,,,,c9b00767615fa5b7a6dc411f276300a4ef86c7a9f57831378c42d40f04dc9acc,timestamped_live_quote
2026-09-25T14:56:54Z,b8ee197b0b6ebb070f0f4b4a94a31bae,2026-09-26T23:30:00Z,Washington State Cougars,Arizona Wildcats,mybookieag,MyBookie.ag,2026-09-25T14:54:56Z,2026-09-25T14:54:56Z,Washington State Cougars,10.5,-110.0,2026,2026-09-25T14:56:54Z,1063,,,,c9b00767615fa5b7a6dc411f276300a4ef86c7a9f57831378c42d40f04dc9acc,timestamped_live_quote
2026-09-25T14:56:54Z,b8ee197b0b6ebb070f0f4b4a94a31bae,2026-09-26T23:30:00Z,Washington State Cougars,Arizona Wildcats,betrivers,BetRivers,2026-09-25T14:55:36Z,2026-09-25T14:55:36Z,Arizona Wildcats,-10.5,-110.0,2026,2026-09-25T14:56:54Z,1063,,,,c9b00767615fa5b7a6dc411f276300a4ef86c7a9f57831378c42d40f04dc9acc,timestamped_live_quote
2026-09-25T14:56:54Z,b8ee197b0b6ebb070f0f4b4a94a31bae,2026-09-26T23:30:00Z,Washington State Cougars,Arizona Wildcats,betrivers,BetRivers,2026-09-25T14:55:36Z,2026-09-25T14:55:36Z,Washington State Cougars,10.5,-113.0,2026,2026-09-25T14:56:54Z,1063,,,,c9b00767615fa5b7a6dc411f276300a4ef86c7a9f57831378c42d40f04dc9acc,timestamped_live_quote
2026-09-25T14:56:54Z,b8ee197b0b6ebb070f0f4b4a94a31bae,2026-09-26T23:30:00Z,Washington State Cougars,Arizona Wildcats,draftkings,DraftKings,2026-09-25T14:56:40Z,2026-09-25T14:56:40Z,Arizona Wildcats,-10.5,-110.0,2026,2026-09-25T14:56:54Z,1063,,,,c9b00767615fa5b7a6dc411f276300a4ef86c7a9f57831378c42d40f04dc9acc,timestamped_live_quote
2026-09-25T14:56:54Z,b8ee197b0b6ebb070f0f4b4a94a31bae,2026-09-26T23:30:00Z,Washington State Cougars,Arizona Wildcats,draftkings,DraftKings,2026-09-25T14:56:40Z,2026-09-25T14:56:40Z,Washington State Cougars,10.5,-110.0,2026,2026-09-25T14:56:54Z,1063,,,,c9b00767615fa5b7a6dc411f276300a4ef86c7a9f57831378c42d40f04dc9acc,timestamped_live_quote
2026-09-25T14:56:54Z,b8ee197b0b6ebb070f0f4b4a94a31bae,2026-09-26T23:30:00Z,Washington State Cougars,Arizona Wildcats,lowvig,LowVig.ag,2026-09-25T14:56:25Z,2026-09-25T14:56:25Z,Arizona Wildcats,-10.0,-116.0,2026,2026-09-25T14:56:54Z,1063,,,,c9b00767615fa5b7a6dc411f276300a4ef86c7a9f57831378c42d40f04dc9acc,timestamped_live_quote
2026-09-25T14:56:54Z,b8ee197b0b6ebb070f0f4b4a94a31bae,2026-09-26T23:30:00Z,Washington State Cougars,Arizona Wildcats,lowvig,LowVig.ag,2026-09-25T14:56:25Z,2026-09-25T14:56:25Z,Washington State Cougars,10.0,104.0,2026,2026-09-25T14:56:54Z,1063,,,,c9b00767615fa5b7a6dc411f276300a4ef86c7a9f57831378c42d40f04dc9acc,timestamped_live_quote
2026-09-25T14:56:54Z,b8ee197b0b6ebb070f0f4b4a94a31bae,2026-09-26T23:30:00Z,Washington State Cougars,Arizona Wildcats,betonlineag,BetOnline.ag,2026-09-25T14:56:27Z,2026-09-25T14:56:27Z,Arizona Wildcats,-10.0,-120.0,2026,2026-09-25T14:56:54Z,1063,,,,c9b00767615fa5b7a6dc411f276300a4ef86c7a9f57831378c42d40f04dc9acc,timestamped_live_quote
2026-09-25T14:56:54Z,b8ee197b0b6ebb070f0f4b4a94a31bae,2026-09-26T23:30:00Z,Washington State Cougars,Arizona Wildcats,betonlineag,BetOnline.ag,2026-09-25T14:56:27Z,2026-09-25T14:56:27Z,Washington State Cougars,10.0,100.0,2026,2026-09-25T14:56:54Z,1063,,,,c9b00767615fa5b7a6dc411f276300a4ef86c7a9f57831378c42d40f04dc9acc,timestamped_live_quote
2026-09-25T14:56:54Z,b8ee197b0b6ebb070f0f4b4a94a31bae,2026-09-26T23:30:00Z,Washington State Cougars,Arizona Wildcats,betmgm,BetMGM,2026-09-25T14:56:42Z,2026-09-25T14:56:42Z,Arizona Wildcats,-10.5,-108.0,2026,2026-09-25T14:56:54Z,1063,,,,c9b00767615fa5b7a6dc411f276300a4ef86c7a9f57831378c42d40f04dc9acc,timestamped_live_quote
2026-09-25T14:56:54Z,b8ee197b0b6ebb070f0f4b4a94a31bae,2026-09-26T23:30:00Z,Washington State Cougars,Arizona Wildcats,betmgm,BetMGM,2026-09-25T14:56:42Z,2026-09-25T14:56:42Z,Washington State Cougars,10.5,-112.0,2026,2026-09-25T14:56:54Z,1063,,,,c9b00767615fa5b7a6dc411f276300a4ef86c7a9f57831378c42d40f04dc9acc,timestamped_live_quote
2026-09-25T14:56:54Z,b8ee197b0b6ebb070f0f4b4a94a31bae,2026-09-26T23:30:00Z,Washington State Cougars,Arizona Wildcats,betus,BetUS,2026-09-25T14:55:47Z,2026-09-25T14:55:47Z,Arizona Wildcats,-10.0,-120.0,2026,2026-09-25T14:56:54Z,1063,,,,c9b00767615fa5b7a6dc411f276300a4ef86c7a9f57831378c42d40f04dc9acc,timestamped_live_quote
2026-09-25T14:56:54Z,b8ee197b0b6ebb070f0f4b4a94a31bae,2026-09-26T23:30:00Z,Washington State Cougars,Arizona Wildcats,betus,BetUS,2026-09-25T14:55:47Z,2026-09-25T14:55:47Z,Washington State Cougars,10.0,100.0,2026,2026-09-25T14:56:54Z,1063,,,,c9b00767615fa5b7a6dc411f276300a4ef86c7a9f57831378c42d40f04dc9acc,timestamped_live_quote
2026-09-25T14:56:54Z,b8ee197b0b6ebb070f0f4b4a94a31bae,2026-09-26T23:30:00Z,Washington State Cougars,Arizona Wildcats,bovada,Bovada,2026-09-25T14:55:35Z,2026-09-25T14:55:35Z,Arizona Wildcats,-10.5,-110.0,2026,2026-09-25T14:56:54Z,1063,,,,c9b00767615fa5b7a6dc411f276300a4ef86c7a9f57831378c42d40f04dc9acc,timestamped_live_quote
2026-09-25T14:56:54Z,b8ee197b0b6ebb070f0f4b4a94a31bae,2026-09-26T23:30:00Z,Washington State Cougars,Arizona Wildcats,bovada,Bovada,2026-09-25T14:55:35Z,2026-09-25T14:55:35Z,Washington State Cougars,10.5,-110.0,2026,2026-09-25T14:56:54Z,1063,,,,c9b00767615fa5b7a6dc411f276300a4ef86c7a9f57831378c42d40f04dc9acc,timestamped_live_quote
2026-09-25T14:56:54Z,bbaf150e48844a489d679cb09de02aa9,2026-09-26T23:30:00Z,North Texas Mean Green,Houston Baptist Huskies,fanduel,FanDuel,2026-09-25T14:56:24Z,2026-09-25T14:56:24Z,Houston Baptist Huskies,38.5,-110.0,2026,2026-09-25T14:56:54Z,1063,,,,c9b00767615fa5b7a6dc411f276300a4ef86c7a9f57831378c42d40f04dc9acc,timestamped_live_quote
2026-09-25T14:56:54Z,bbaf150e48844a489d679cb09de02aa9,2026-09-26T23:30:00Z,North Texas Mean Green,Houston Baptist Huskies,fanduel,FanDuel,2026-09-25T14:56:24Z,2026-09-25T14:56:24Z,North Texas Mean Green,-38.5,-110.0,2026,2026-09-25T14:56:54Z,1063,,,,c9b00767615fa5b7a6dc411f276300a4ef86c7a9f57831378c42d40f04dc9acc,timestamped_live_quote
2026-09-25T14:56:54Z,bbaf150e48844a489d679cb09de02aa9,2026-09-26T23:30:00Z,North Texas Mean Green,Houston Baptist Huskies,draftkings,DraftKings,2026-09-25T14:56:40Z,2026-09-25T14:56:40Z,Houston Baptist Huskies,39.5,-105.0,2026,2026-09-25T14:56:54Z,1063,,,,c9b00767615fa5b7a6dc411f276300a4ef86c7a9f57831378c42d40f04dc9acc,timestamped_live_quote
2026-09-25T14:56:54Z,bbaf150e48844a489d679cb09de02aa9,2026-09-26T23:30:00Z,North Texas Mean Green,Houston Baptist Huskies,draftkings,DraftKings,2026-09-25T14:56:40Z,2026-09-25T14:56:40Z,North Texas Mean Green,-39.5,-115.0,2026,2026-09-25T14:56:54Z,1063,,,,c9b00767615fa5b7a6dc411f276300a4ef86c7a9f57831378c42d40f04dc9acc,timestamped_live_quote
2026-09-25T14:56:54Z,bbaf150e48844a489d679cb09de02aa9,2026-09-26T23:30:00Z,North Texas Mean Green,Houston Baptist Huskies,betrivers,BetRivers,2026-09-25T14:55:36Z,2026-09-25T14:55:36Z,Houston Baptist Huskies,38.5,-107.0,2026,2026-09-25T14:56:54Z,1063,,,,c9b00767615fa5b7a6dc411f276300a4ef86c7a9f57831378c42d40f04dc9acc,timestamped_live_quote
2026-09-25T14:56:54Z,bbaf150e48844a489d679cb09de02aa9,2026-09-26T23:30:00Z,North Texas Mean Green,Houston Baptist Huskies,betrivers,BetRivers,2026-09-25T14:55:36Z,2026-09-25T14:55:36Z,North Texas Mean Green,-38.5,-115.0,2026,2026-09-25T14:56:54Z,1063,,,,c9b00767615fa5b7a6dc411f276300a4ef86c7a9f57831378c42d40f04dc9acc,timestamped_live_quote
2026-09-25T14:56:54Z,bbaf150e48844a489d679cb09de02aa9,2026-09-26T23:30:00Z,North Texas Mean Green,Houston Baptist Huskies,lowvig,LowVig.ag,2026-09-25T14:56:25Z,2026-09-25T14:56:25Z,Houston Baptist Huskies,39.5,-110.0,2026,2026-09-25T14:56:54Z,1063,,,,c9b00767615fa5b7a6dc411f276300a4ef86c7a9f57831378c42d40f04dc9acc,timestamped_live_quote
2026-09-25T14:56:54Z,bbaf150e48844a489d679cb09de02aa9,2026-09-26T23:30:00Z,North Texas Mean Green,Houston Baptist Huskies,lowvig,LowVig.ag,2026-09-25T14:56:25Z,2026-09-25T14:56:25Z,North Texas Mean Green,-39.5,-120.0,2026,2026-09-25T14:56:54Z,1063,,,,c9b00767615fa5b7a6dc411f276300a4ef86c7a9f57831378c42d40f04dc9acc,timestamped_live_quote
2026-09-25T14:56:54Z,bbaf150e48844a489d679cb09de02aa9,2026-09-26T23:30:00Z,North Texas Mean Green,Houston Baptist Huskies,betonlineag,BetOnline.ag,2026-09-25T14:56:27Z,2026-09-25T14:56:27Z,Houston Baptist Huskies,39.5,-110.0,2026,2026-09-25T14:56:54Z,1063,,,,c9b00767615fa5b7a6dc411f276300a4ef86c7a9f57831378c42d40f04dc9acc,timestamped_live_quote
2026-09-25T14:56:54Z,bbaf150e48844a489d679cb09de02aa9,2026-09-26T23:30:00Z,North Texas Mean Green,Houston Baptist Huskies,betonlineag,BetOnline.ag,2026-09-25T14:56:27Z,2026-09-25T14:56:27Z,North Texas Mean Green,-39.5,-120.0,2026,2026-09-25T14:56:54Z,1063,,,,c9b00767615fa5b7a6dc411f276300a4ef86c7a9f57831378c42d40f04dc9acc,timestamped_live_quote
2026-09-25T14:56:54Z,0c71c3230f930f30ac34160b38dbbaf0,2026-09-26T23:30:00Z,LSU Tigers,Texas A&M Aggies,draftkings,DraftKings,2026-09-25T14:56:40Z,2026-09-25T14:56:40Z,LSU Tigers,-8.5,-112.0,2026,2026-09-25T14:56:54Z,1063,,,,c9b00767615fa5b7a6dc411f276300a4ef86c7a9f57831378c42d40f04dc9acc,timestamped_live_quote
2026-09-25T14:56:54Z,0c71c3230f930f30ac34160b38dbbaf0,2026-09-26T23:30:00Z,LSU Tigers,Texas A&M Aggies,draftkings,DraftKings,2026-09-25T14:56:40Z,2026-09-25T14:56:40Z,Texas A&M Aggies,8.5,-108.0,2026,2026-09-25T14:56:54Z,1063,,,,c9b00767615fa5b7a6dc411f276300a4ef86c7a9f57831378c42d40f04dc9acc,timestamped_live_quote
2026-09-25T14:56:54Z,0c71c3230f930f30ac34160b38dbbaf0,2026-09-26T23:30:00Z,LSU Tigers,Texas A&M Aggies,mybookieag,MyBookie.ag,2026-09-25T14:54:56Z,2026-09-25T14:54:56Z,LSU Tigers,-9.5,-110.0,2026,2026-09-25T14:56:54Z,1063,,,,c9b00767615fa5b7a6dc411f276300a4ef86c7a9f57831378c42d40f04dc9acc,timestamped_live_quote
2026-09-25T14:56:54Z,0c71c3230f930f30ac34160b38dbbaf0,2026-09-26T23:30:00Z,LSU Tigers,Texas A&M Aggies,mybookieag,MyBookie.ag,2026-09-25T14:54:56Z,2026-09-25T14:54:56Z,Texas A&M Aggies,9.5,-110.0,2026,2026-09-25T14:56:54Z,1063,,,,c9b00767615fa5b7a6dc411f276300a4ef86c7a9f57831378c42d40f04dc9acc,timestamped_live_quote
2026-09-25T14:56:54Z,0c71c3230f930f30ac34160b38dbbaf0,2026-09-26T23:30:00Z,LSU Tigers,Texas A&M Aggies,fanduel,FanDuel,2026-09-25T14:56:24Z,2026-09-25T14:56:24Z,LSU Tigers,-8.5,-110.0,2026,2026-09-25T14:56:54Z,1063,,,,c9b00767615fa5b7a6dc411f276300a4ef86c7a9f57831378c42d40f04dc9acc,timestamped_live_quote
2026-09-25T14:56:54Z,0c71c3230f930f30ac34160b38dbbaf0,2026-09-26T23:30:00Z,LSU Tigers,Texas A&M Aggies,fanduel,FanDuel,2026-09-25T14:56:24Z,2026-09-25T14:56:24Z,Texas A&M Aggies,8.5,-110.0,2026,2026-09-25T14:56:54Z,1063,,,,c9b00767615fa5b7a6dc411f276300a4ef86c7a9f57831378c42d40f04dc9acc,timestamped_live_quote
2026-09-25T14:56:54Z,0c71c3230f930f30ac34160b38dbbaf0,2026-09-26T23:30:00Z,LSU Tigers,Texas A&M Aggies,betmgm,BetMGM,2026-09-25T14:56:42Z,2026-09-25T14:56:42Z,LSU Tigers,-9.0,-110.0,2026,2026-09-25T14:56:54Z,1063,,,,c9b00767615fa5b7a6dc411f276300a4ef86c7a9f57831378c42d40f04dc9acc,timestamped_live_quote
2026-09-25T14:56:54Z,0c71c3230f930f30ac34160b38dbbaf0,2026-09-26T23:30:00Z,LSU Tigers,Texas A&M Aggies,betmgm,BetMGM,2026-09-25T14:56:42Z,2026-09-25T14:56:42Z,Texas A&M Aggies,9.0,-110.0,2026,2026-09-25T14:56:54Z,1063,,,,c9b00767615fa5b7a6dc411f276300a4ef86c7a9f57831378c42d40f04dc9acc,timestamped_live_quote
2026-09-25T14:56:54Z,0c71c3230f930f30ac34160b38dbbaf0,2026-09-26T23:30:00Z,LSU Tigers,Texas A&M Aggies,betrivers,BetRivers,2026-09-25T14:55:36Z,2026-09-25T14:55:36Z,LSU Tigers,-9.5,-112.0,2026,2026-09-25T14:56:54Z,1063,,,,c9b00767615fa5b7a6dc411f276300a4ef86c7a9f57831378c42d40f04dc9acc,timestamped_live_quote
2026-09-25T14:56:54Z,0c71c3230f930f30ac34160b38dbbaf0,2026-09-26T23:30:00Z,LSU Tigers,Texas A&M Aggies,betrivers,BetRivers,2026-09-25T14:55:36Z,2026-09-25T14:55:36Z,Texas A&M Aggies,9.5,-112.0,2026,2026-09-25T14:56:54Z,1063,,,,c9b00767615fa5b7a6dc411f276300a4ef86c7a9f57831378c42d40f04dc9acc,timestamped_live_quote
2026-09-25T14:56:54Z,0c71c3230f930f30ac34160b38dbbaf0,2026-09-26T23:30:00Z,LSU Tigers,Texas A&M Aggies,betonlineag,BetOnline.ag,2026-09-25T14:56:27Z,2026-09-25T14:56:27Z,LSU Tigers,-9.0,-110.0,2026,2026-09-25T14:56:54Z,1063,,,,c9b00767615fa5b7a6dc411f276300a4ef86c7a9f57831378c42d40f04dc9acc,timestamped_live_quote
2026-09-25T14:56:54Z,0c71c3230f930f30ac34160b38dbbaf0,2026-09-26T23:30:00Z,LSU Tigers,Texas A&M Aggies,betonlineag,BetOnline.ag,2026-09-25T14:56:27Z,2026-09-25T14:56:27Z,Texas A&M Aggies,9.0,-110.0,2026,2026-09-25T14:56:54Z,1063,,,,c9b00767615fa5b7a6dc411f276300a4ef86c7a9f57831378c42d40f04dc9acc,timestamped_live_quote
2026-09-25T14:56:54Z,0c71c3230f930f30ac34160b38dbbaf0,2026-09-26T23:30:00Z,LSU Tigers,Texas A&M Aggies,lowvig,LowVig.ag,2026-09-25T14:56:25Z,2026-09-25T14:56:25Z,LSU Tigers,-9.0,-106.0,2026,2026-09-25T14:56:54Z,1063,,,,c9b00767615fa5b7a6dc411f276300a4ef86c7a9f57831378c42d40f04dc9acc,timestamped_live_quote
2026-09-25T14:56:54Z,0c71c3230f930f30ac34160b38dbbaf0,2026-09-26T23:30:00Z,LSU Tigers,Texas A&M Aggies,lowvig,LowVig.ag,2026-09-25T14:56:25Z,2026-09-25T14:56:25Z,Texas A&M Aggies,9.0,-106.0,2026,2026-09-25T14:56:54Z,1063,,,,c9b00767615fa5b7a6dc411f276300a4ef86c7a9f57831378c42d40f04dc9acc,timestamped_live_quote
2026-09-25T14:56:54Z,0c71c3230f930f30ac34160b38dbbaf0,2026-09-26T23:30:00Z,LSU Tigers,Texas A&M Aggies,betus,BetUS,2026-09-25T14:55:47Z,2026-09-25T14:55:47Z,LSU Tigers,-9.5,-110.0,2026,2026-09-25T14:56:54Z,1063,,,,c9b00767615fa5b7a6dc411f276300a4ef86c7a9f57831378c42d40f04dc9acc,timestamped_live_quote
2026-09-25T14:56:54Z,0c71c3230f930f30ac34160b38dbbaf0,2026-09-26T23:30:00Z,LSU Tigers,Texas A&M Aggies,betus,BetUS,2026-09-25T14:55:47Z,2026-09-25T14:55:47Z,Texas A&M Aggies,9.5,-110.0,2026,2026-09-25T14:56:54Z,1063,,,,c9b00767615fa5b7a6dc411f276300a4ef86c7a9f57831378c42d40f04dc9acc,timestamped_live_quote
2026-09-25T14:56:54Z,0c71c3230f930f30ac34160b38dbbaf0,2026-09-26T23:30:00Z,LSU Tigers,Texas A&M Aggies,bovada,Bovada,2026-09-25T14:55:35Z,2026-09-25T14:55:35Z,LSU Tigers,-8.0,-110.0,2026,2026-09-25T14:56:54Z,1063,,,,c9b00767615fa5b7a6dc411f276300a4ef86c7a9f57831378c42d40f04dc9acc,timestamped_live_quote
2026-09-25T14:56:54Z,0c71c3230f930f30ac34160b38dbbaf0,2026-09-26T23:30:00Z,LSU Tigers,Texas A&M Aggies,bovada,Bovada,2026-09-25T14:55:35Z,2026-09-25T14:55:35Z,Texas A&M Aggies,8.0,-110.0,2026,2026-09-25T14:56:54Z,1063,,,,c9b00767615fa5b7a6dc411f276300a4ef86c7a9f57831378c42d40f04dc9acc,timestamped_live_quote
2026-09-25T14:56:54Z,83516ad7ba3e8ef9f90498cfcaf10eb5,2026-09-26T23:30:00Z,USC Trojans,Oregon Ducks,draftkings,DraftKings,2026-09-25T14:56:40Z,2026-09-25T14:56:40Z,Oregon Ducks,-3.0,-110.0,2026,2026-09-25T14:56:54Z,1063,,,,c9b00767615fa5b7a6dc411f276300a4ef86c7a9f57831378c42d40f04dc9acc,timestamped_live_quote
2026-09-25T14:56:54Z,83516ad7ba3e8ef9f90498cfcaf10eb5,2026-09-26T23:30:00Z,USC Trojans,Oregon Ducks,draftkings,DraftKings,2026-09-25T14:56:40Z,2026-09-25T14:56:40Z,USC Trojans,3.0,-110.0,2026,2026-09-25T14:56:54Z,1063,,,,c9b00767615fa5b7a6dc411f276300a4ef86c7a9f57831378c42d40f04dc9acc,timestamped_live_quote
2026-09-25T14:56:54Z,83516ad7ba3e8ef9f90498cfcaf10eb5,2026-09-26T23:30:00Z,USC Trojans,Oregon Ducks,mybookieag,MyBookie.ag,2026-09-25T14:54:56Z,2026-09-25T14:54:56Z,Oregon Ducks,-3.0,-110.0,2026,2026-09-25T14:56:54Z,1063,,,,c9b00767615fa5b7a6dc411f276300a4ef86c7a9f57831378c42d40f04dc9acc,timestamped_live_quote
2026-09-25T14:56:54Z,83516ad7ba3e8ef9f90498cfcaf10eb5,2026-09-26T23:30:00Z,USC Trojans,Oregon Ducks,mybookieag,MyBookie.ag,2026-09-25T14:54:56Z,2026-09-25T14:54:56Z,USC Trojans,3.0,-110.0,2026,2026-09-25T14:56:54Z,1063,,,,c9b00767615fa5b7a6dc411f276300a4ef86c7a9f57831378c42d40f04dc9acc,timestamped_live_quote
2026-09-25T14:56:54Z,83516ad7ba3e8ef9f90498cfcaf10eb5,2026-09-26T23:30:00Z,USC Trojans,Oregon Ducks,fanduel,FanDuel,2026-09-25T14:56:24Z,2026-09-25T14:56:24Z,Oregon Ducks,-2.5,-122.0,2026,2026-09-25T14:56:54Z,1063,,,,c9b00767615fa5b7a6dc411f276300a4ef86c7a9f57831378c42d40f04dc9acc,timestamped_live_quote
2026-09-25T14:56:54Z,83516ad7ba3e8ef9f90498cfcaf10eb5,2026-09-26T23:30:00Z,USC Trojans,Oregon Ducks,fanduel,FanDuel,2026-09-25T14:56:24Z,2026-09-25T14:56:24Z,USC Trojans,2.5,100.0,2026,2026-09-25T14:56:54Z,1063,,,,c9b00767615fa5b7a6dc411f276300a4ef86c7a9f57831378c42d40f04dc9acc,timestamped_live_quote
2026-09-25T14:56:54Z,83516ad7ba3e8ef9f90498cfcaf10eb5,2026-09-26T23:30:00Z,USC Trojans,Oregon Ducks,betrivers,BetRivers,2026-09-25T14:55:36Z,2026-09-25T14:55:36Z,Oregon Ducks,-3.0,-113.0,2026,2026-09-25T14:56:54Z,1063,,,,c9b00767615fa5b7a6dc411f276300a4ef86c7a9f57831378c42d40f04dc9acc,timestamped_live_quote
2026-09-25T14:56:54Z,83516ad7ba3e8ef9f90498cfcaf10eb5,2026-09-26T23:30:00Z,USC Trojans,Oregon Ducks,betrivers,BetRivers,2026-09-25T14:55:36Z,2026-09-25T14:55:36Z,USC Trojans,3.0,-110.0,2026,2026-09-25T14:56:54Z,1063,,,,c9b00767615fa5b7a6dc411f276300a4ef86c7a9f57831378c42d40f04dc9acc,timestamped_live_quote
2026-09-25T14:56:54Z,83516ad7ba3e8ef9f90498cfcaf10eb5,2026-09-26T23:30:00Z,USC Trojans,Oregon Ducks,betmgm,BetMGM,2026-09-25T14:56:42Z,2026-09-25T14:56:42Z,Oregon Ducks,-3.0,-110.0,2026,2026-09-25T14:56:54Z,1063,,,,c9b00767615fa5b7a6dc411f276300a4ef86c7a9f57831378c42d40f04dc9acc,timestamped_live_quote
2026-09-25T14:56:54Z,83516ad7ba3e8ef9f90498cfcaf10eb5,2026-09-26T23:30:00Z,USC Trojans,Oregon Ducks,betmgm,BetMGM,2026-09-25T14:56:42Z,2026-09-25T14:56:42Z,USC Trojans,3.0,-108.0,2026,2026-09-25T14:56:54Z,1063,,,,c9b00767615fa5b7a6dc411f276300a4ef86c7a9f57831378c42d40f04dc9acc,timestamped_live_quote
2026-09-25T14:56:54Z,83516ad7ba3e8ef9f90498cfcaf10eb5,2026-09-26T23:30:00Z,USC Trojans,Oregon Ducks,lowvig,LowVig.ag,2026-09-25T14:56:25Z,2026-09-25T14:56:25Z,Oregon Ducks,-3.0,-110.0,2026,2026-09-25T14:56:54Z,1063,,,,c9b00767615fa5b7a6dc411f276300a4ef86c7a9f57831378c42d40f04dc9acc,timestamped_live_quote
2026-09-25T14:56:54Z,83516ad7ba3e8ef9f90498cfcaf10eb5,2026-09-26T23:30:00Z,USC Trojans,Oregon Ducks,lowvig,LowVig.ag,2026-09-25T14:56:25Z,2026-09-25T14:56:25Z,USC Trojans,3.0,-102.0,2026,2026-09-25T14:56:54Z,1063,,,,c9b00767615fa5b7a6dc411f276300a4ef86c7a9f57831378c42d40f04dc9acc,timestamped_live_quote
2026-09-25T14:56:54Z,83516ad7ba3e8ef9f90498cfcaf10eb5,2026-09-26T23:30:00Z,USC Trojans,Oregon Ducks,betonlineag,BetOnline.ag,2026-09-25T14:56:27Z,2026-09-25T14:56:27Z,Oregon Ducks,-3.0,-114.0,2026,2026-09-25T14:56:54Z,1063,,,,c9b00767615fa5b7a6dc411f276300a4ef86c7a9f57831378c42d40f04dc9acc,timestamped_live_quote
2026-09-25T14:56:54Z,83516ad7ba3e8ef9f90498cfcaf10eb5,2026-09-26T23:30:00Z,USC Trojans,Oregon Ducks,betonlineag,BetOnline.ag,2026-09-25T14:56:27Z,2026-09-25T14:56:27Z,USC Trojans,3.0,-106.0,2026,2026-09-25T14:56:54Z,1063,,,,c9b00767615fa5b7a6dc411f276300a4ef86c7a9f57831378c42d40f04dc9acc,timestamped_live_quote
2026-09-25T14:56:54Z,83516ad7ba3e8ef9f90498cfcaf10eb5,2026-09-26T23:30:00Z,USC Trojans,Oregon Ducks,betus,BetUS,2026-09-25T14:55:47Z,2026-09-25T14:55:47Z,Oregon Ducks,-3.0,-110.0,2026,2026-09-25T14:56:54Z,1063,,,,c9b00767615fa5b7a6dc411f276300a4ef86c7a9f57831378c42d40f04dc9acc,timestamped_live_quote
2026-09-25T14:56:54Z,83516ad7ba3e8ef9f90498cfcaf10eb5,2026-09-26T23:30:00Z,USC Trojans,Oregon Ducks,betus,BetUS,2026-09-25T14:55:47Z,2026-09-25T14:55:47Z,USC Trojans,3.0,-110.0,2026,2026-09-25T14:56:54Z,1063,,,,c9b00767615fa5b7a6dc411f276300a4ef86c7a9f57831378c42d40f04dc9acc,timestamped_live_quote
2026-09-25T14:56:54Z,83516ad7ba3e8ef9f90498cfcaf10eb5,2026-09-26T23:30:00Z,USC Trojans,Oregon Ducks,bovada,Bovada,2026-09-25T14:55:35Z,2026-09-25T14:55:35Z,Oregon Ducks,-3.0,-110.0,2026,2026-09-25T14:56:54Z,1063,,,,c9b00767615fa5b7a6dc411f276300a4ef86c7a9f57831378c42d40f04dc9acc,timestamped_live_quote
2026-09-25T14:56:54Z,83516ad7ba3e8ef9f90498cfcaf10eb5,2026-09-26T23:30:00Z,USC Trojans,Oregon Ducks,bovada,Bovada,2026-09-25T14:55:35Z,2026-09-25T14:55:35Z,USC Trojans,3.0,-110.0,2026,2026-09-25T14:56:54Z,1063,,,,c9b00767615fa5b7a6dc411f276300a4ef86c7a9f57831378c42d40f04dc9acc,timestamped_live_quote
2026-09-25T14:56:54Z,dbc89703b51acf3b8818134a1a2a0dc2,2026-09-26T23:30:00Z,Utah State Aggies,Troy Trojans,fanduel,FanDuel,2026-09-25T14:56:24Z,2026-09-25T14:56:24Z,Troy Trojans,2.5,100.0,2026,2026-09-25T14:56:54Z,1063,,,,c9b00767615fa5b7a6dc411f276300a4ef86c7a9f57831378c42d40f04dc9acc,timestamped_live_quote
2026-09-25T14:56:54Z,dbc89703b51acf3b8818134a1a2a0dc2,2026-09-26T23:30:00Z,Utah State Aggies,Troy Trojans,fanduel,FanDuel,2026-09-25T14:56:24Z,2026-09-25T14:56:24Z,Utah State Aggies,-2.5,-122.0,2026,2026-09-25T14:56:54Z,1063,,,,c9b00767615fa5b7a6dc411f276300a4ef86c7a9f57831378c42d40f04dc9acc,timestamped_live_quote
2026-09-25T14:56:54Z,dbc89703b51acf3b8818134a1a2a0dc2,2026-09-26T23:30:00Z,Utah State Aggies,Troy Trojans,mybookieag,MyBookie.ag,2026-09-25T14:54:56Z,2026-09-25T14:54:56Z,Troy Trojans,3.0,-110.0,2026,2026-09-25T14:56:54Z,1063,,,,c9b00767615fa5b7a6dc411f276300a4ef86c7a9f57831378c42d40f04dc9acc,timestamped_live_quote
2026-09-25T14:56:54Z,dbc89703b51acf3b8818134a1a2a0dc2,2026-09-26T23:30:00Z,Utah State Aggies,Troy Trojans,mybookieag,MyBookie.ag,2026-09-25T14:54:56Z,2026-09-25T14:54:56Z,Utah State Aggies,-3.0,-110.0,2026,2026-09-25T14:56:54Z,1063,,,,c9b00767615fa5b7a6dc411f276300a4ef86c7a9f57831378c42d40f04dc9acc,timestamped_live_quote
2026-09-25T14:56:54Z,dbc89703b51acf3b8818134a1a2a0dc2,2026-09-26T23:30:00Z,Utah State Aggies,Troy Trojans,betrivers,BetRivers,2026-09-25T14:55:36Z,2026-09-25T14:55:36Z,Troy Trojans,3.0,-112.0,2026,2026-09-25T14:56:54Z,1063,,,,c9b00767615fa5b7a6dc411f276300a4ef86c7a9f57831378c42d40f04dc9acc,timestamped_live_quote
2026-09-25T14:56:54Z,dbc89703b51acf3b8818134a1a2a0dc2,2026-09-26T23:30:00Z,Utah State Aggies,Troy Trojans,betrivers,BetRivers,2026-09-25T14:55:36Z,2026-09-25T14:55:36Z,Utah State Aggies,-3.0,-110.0,2026,2026-09-25T14:56:54Z,1063,,,,c9b00767615fa5b7a6dc411f276300a4ef86c7a9f57831378c42d40f04dc9acc,timestamped_live_quote
2026-09-25T14:56:54Z,dbc89703b51acf3b8818134a1a2a0dc2,2026-09-26T23:30:00Z,Utah State Aggies,Troy Trojans,draftkings,DraftKings,2026-09-25T14:56:40Z,2026-09-25T14:56:40Z,Troy Trojans,3.0,-112.0,2026,2026-09-25T14:56:54Z,1063,,,,c9b00767615fa5b7a6dc411f276300a4ef86c7a9f57831378c42d40f04dc9acc,timestamped_live_quote
2026-09-25T14:56:54Z,dbc89703b51acf3b8818134a1a2a0dc2,2026-09-26T23:30:00Z,Utah State Aggies,Troy Trojans,draftkings,DraftKings,2026-09-25T14:56:40Z,2026-09-25T14:56:40Z,Utah State Aggies,-3.0,-108.0,2026,2026-09-25T14:56:54Z,1063,,,,c9b00767615fa5b7a6dc411f276300a4ef86c7a9f57831378c42d40f04dc9acc,timestamped_live_quote
2026-09-25T14:56:54Z,dbc89703b51acf3b8818134a1a2a0dc2,2026-09-26T23:30:00Z,Utah State Aggies,Troy Trojans,lowvig,LowVig.ag,2026-09-25T14:56:25Z,2026-09-25T14:56:25Z,Troy Trojans,3.0,-111.0,2026,2026-09-25T14:56:54Z,1063,,,,c9b00767615fa5b7a6dc411f276300a4ef86c7a9f57831378c42d40f04dc9acc,timestamped_live_quote
2026-09-25T14:56:54Z,dbc89703b51acf3b8818134a1a2a0dc2,2026-09-26T23:30:00Z,Utah State Aggies,Troy Trojans,lowvig,LowVig.ag,2026-09-25T14:56:25Z,2026-09-25T14:56:25Z,Utah State Aggies,-3.0,-101.0,2026,2026-09-25T14:56:54Z,1063,,,,c9b00767615fa5b7a6dc411f276300a4ef86c7a9f57831378c42d40f04dc9acc,timestamped_live_quote
2026-09-25T14:56:54Z,dbc89703b51acf3b8818134a1a2a0dc2,2026-09-26T23:30:00Z,Utah State Aggies,Troy Trojans,betonlineag,BetOnline.ag,2026-09-25T14:56:27Z,2026-09-25T14:56:27Z,Troy Trojans,3.0,-115.0,2026,2026-09-25T14:56:54Z,1063,,,,c9b00767615fa5b7a6dc411f276300a4ef86c7a9f57831378c42d40f04dc9acc,timestamped_live_quote
2026-09-25T14:56:54Z,dbc89703b51acf3b8818134a1a2a0dc2,2026-09-26T23:30:00Z,Utah State Aggies,Troy Trojans,betonlineag,BetOnline.ag,2026-09-25T14:56:27Z,2026-09-25T14:56:27Z,Utah State Aggies,-3.0,-105.0,2026,2026-09-25T14:56:54Z,1063,,,,c9b00767615fa5b7a6dc411f276300a4ef86c7a9f57831378c42d40f04dc9acc,timestamped_live_quote
2026-09-25T14:56:54Z,dbc89703b51acf3b8818134a1a2a0dc2,2026-09-26T23:30:00Z,Utah State Aggies,Troy Trojans,betus,BetUS,2026-09-25T14:55:47Z,2026-09-25T14:55:47Z,Troy Trojans,3.0,-115.0,2026,2026-09-25T14:56:54Z,1063,,,,c9b00767615fa5b7a6dc411f276300a4ef86c7a9f57831378c42d40f04dc9acc,timestamped_live_quote
2026-09-25T14:56:54Z,dbc89703b51acf3b8818134a1a2a0dc2,2026-09-26T23:30:00Z,Utah State Aggies,Troy Trojans,betus,BetUS,2026-09-25T14:55:47Z,2026-09-25T14:55:47Z,Utah State Aggies,-3.0,-105.0,2026,2026-09-25T14:56:54Z,1063,,,,c9b00767615fa5b7a6dc411f276300a4ef86c7a9f57831378c42d40f04dc9acc,timestamped_live_quote
2026-09-25T14:56:54Z,dbc89703b51acf3b8818134a1a2a0dc2,2026-09-26T23:30:00Z,Utah State Aggies,Troy Trojans,betmgm,BetMGM,2026-09-25T14:56:42Z,2026-09-25T14:56:42Z,Troy Trojans,3.0,-110.0,2026,2026-09-25T14:56:54Z,1063,,,,c9b00767615fa5b7a6dc411f276300a4ef86c7a9f57831378c42d40f04dc9acc,timestamped_live_quote
2026-09-25T14:56:54Z,dbc89703b51acf3b8818134a1a2a0dc2,2026-09-26T23:30:00Z,Utah State Aggies,Troy Trojans,betmgm,BetMGM,2026-09-25T14:56:42Z,2026-09-25T14:56:42Z,Utah State Aggies,-3.0,-108.0,2026,2026-09-25T14:56:54Z,1063,,,,c9b00767615fa5b7a6dc411f276300a4ef86c7a9f57831378c42d40f04dc9acc,timestamped_live_quote
2026-09-25T14:56:54Z,dbc89703b51acf3b8818134a1a2a0dc2,2026-09-26T23:30:00Z,Utah State Aggies,Troy Trojans,bovada,Bovada,2026-09-25T14:55:35Z,2026-09-25T14:55:35Z,Troy Trojans,3.0,-110.0,2026,2026-09-25T14:56:54Z,1063,,,,c9b00767615fa5b7a6dc411f276300a4ef86c7a9f57831378c42d40f04dc9acc,timestamped_live_quote
2026-09-25T14:56:54Z,dbc89703b51acf3b8818134a1a2a0dc2,2026-09-26T23:30:00Z,Utah State Aggies,Troy Trojans,bovada,Bovada,2026-09-25T14:55:35Z,2026-09-25T14:55:35Z,Utah State Aggies,-3.0,-110.0,2026,2026-09-25T14:56:54Z,1063,,,,c9b00767615fa5b7a6dc411f276300a4ef86c7a9f57831378c42d40f04dc9acc,timestamped_live_quote
2026-09-25T14:56:54Z,f154381c89953d3b0bd409a6bc4e28a6,2026-09-26T23:45:00Z,Mississippi State Bulldogs,Missouri Tigers,draftkings,DraftKings,2026-09-25T14:56:40Z,2026-09-25T14:56:40Z,Mississippi State Bulldogs,-6.0,-110.0,2026,2026-09-25T14:56:54Z,1063,,,,c9b00767615fa5b7a6dc411f276300a4ef86c7a9f57831378c42d40f04dc9acc,timestamped_live_quote
2026-09-25T14:56:54Z,f154381c89953d3b0bd409a6bc4e28a6,2026-09-26T23:45:00Z,Mississippi State Bulldogs,Missouri Tigers,draftkings,DraftKings,2026-09-25T14:56:40Z,2026-09-25T14:56:40Z,Missouri Tigers,6.0,-110.0,2026,2026-09-25T14:56:54Z,1063,,,,c9b00767615fa5b7a6dc411f276300a4ef86c7a9f57831378c42d40f04dc9acc,timestamped_live_quote
2026-09-25T14:56:54Z,f154381c89953d3b0bd409a6bc4e28a6,2026-09-26T23:45:00Z,Mississippi State Bulldogs,Missouri Tigers,fanduel,FanDuel,2026-09-25T14:56:24Z,2026-09-25T14:56:24Z,Mississippi State Bulldogs,-5.5,-118.0,2026,2026-09-25T14:56:54Z,1063,,,,c9b00767615fa5b7a6dc411f276300a4ef86c7a9f57831378c42d40f04dc9acc,timestamped_live_quote
2026-09-25T14:56:54Z,f154381c89953d3b0bd409a6bc4e28a6,2026-09-26T23:45:00Z,Mississippi State Bulldogs,Missouri Tigers,fanduel,FanDuel,2026-09-25T14:56:24Z,2026-09-25T14:56:24Z,Missouri Tigers,5.5,-104.0,2026,2026-09-25T14:56:54Z,1063,,,,c9b00767615fa5b7a6dc411f276300a4ef86c7a9f57831378c42d40f04dc9acc,timestamped_live_quote
2026-09-25T14:56:54Z,f154381c89953d3b0bd409a6bc4e28a6,2026-09-26T23:45:00Z,Mississippi State Bulldogs,Missouri Tigers,mybookieag,MyBookie.ag,2026-09-25T14:54:56Z,2026-09-25T14:54:56Z,Mississippi State Bulldogs,-6.0,-110.0,2026,2026-09-25T14:56:54Z,1063,,,,c9b00767615fa5b7a6dc411f276300a4ef86c7a9f57831378c42d40f04dc9acc,timestamped_live_quote
2026-09-25T14:56:54Z,f154381c89953d3b0bd409a6bc4e28a6,2026-09-26T23:45:00Z,Mississippi State Bulldogs,Missouri Tigers,mybookieag,MyBookie.ag,2026-09-25T14:54:56Z,2026-09-25T14:54:56Z,Missouri Tigers,6.0,-110.0,2026,2026-09-25T14:56:54Z,1063,,,,c9b00767615fa5b7a6dc411f276300a4ef86c7a9f57831378c42d40f04dc9acc,timestamped_live_quote
2026-09-25T14:56:54Z,f154381c89953d3b0bd409a6bc4e28a6,2026-09-26T23:45:00Z,Mississippi State Bulldogs,Missouri Tigers,betrivers,BetRivers,2026-09-25T14:55:36Z,2026-09-25T14:55:36Z,Mississippi State Bulldogs,-6.0,-109.0,2026,2026-09-25T14:56:54Z,1063,,,,c9b00767615fa5b7a6dc411f276300a4ef86c7a9f57831378c42d40f04dc9acc,timestamped_live_quote
2026-09-25T14:56:54Z,f154381c89953d3b0bd409a6bc4e28a6,2026-09-26T23:45:00Z,Mississippi State Bulldogs,Missouri Tigers,betrivers,BetRivers,2026-09-25T14:55:36Z,2026-09-25T14:55:36Z,Missouri Tigers,6.0,-114.0,2026,2026-09-25T14:56:54Z,1063,,,,c9b00767615fa5b7a6dc411f276300a4ef86c7a9f57831378c42d40f04dc9acc,timestamped_live_quote
2026-09-25T14:56:54Z,f154381c89953d3b0bd409a6bc4e28a6,2026-09-26T23:45:00Z,Mississippi State Bulldogs,Missouri Tigers,lowvig,LowVig.ag,2026-09-25T14:56:25Z,2026-09-25T14:56:25Z,Mississippi State Bulldogs,-6.0,-106.0,2026,2026-09-25T14:56:54Z,1063,,,,c9b00767615fa5b7a6dc411f276300a4ef86c7a9f57831378c42d40f04dc9acc,timestamped_live_quote
2026-09-25T14:56:54Z,f154381c89953d3b0bd409a6bc4e28a6,2026-09-26T23:45:00Z,Mississippi State Bulldogs,Missouri Tigers,lowvig,LowVig.ag,2026-09-25T14:56:25Z,2026-09-25T14:56:25Z,Missouri Tigers,6.0,-106.0,2026,2026-09-25T14:56:54Z,1063,,,,c9b00767615fa5b7a6dc411f276300a4ef86c7a9f57831378c42d40f04dc9acc,timestamped_live_quote
2026-09-25T14:56:54Z,f154381c89953d3b0bd409a6bc4e28a6,2026-09-26T23:45:00Z,Mississippi State Bulldogs,Missouri Tigers,betonlineag,BetOnline.ag,2026-09-25T14:56:27Z,2026-09-25T14:56:27Z,Mississippi State Bulldogs,-6.0,-110.0,2026,2026-09-25T14:56:54Z,1063,,,,c9b00767615fa5b7a6dc411f276300a4ef86c7a9f57831378c42d40f04dc9acc,timestamped_live_quote
2026-09-25T14:56:54Z,f154381c89953d3b0bd409a6bc4e28a6,2026-09-26T23:45:00Z,Mississippi State Bulldogs,Missouri Tigers,betonlineag,BetOnline.ag,2026-09-25T14:56:27Z,2026-09-25T14:56:27Z,Missouri Tigers,6.0,-110.0,2026,2026-09-25T14:56:54Z,1063,,,,c9b00767615fa5b7a6dc411f276300a4ef86c7a9f57831378c42d40f04dc9acc,timestamped_live_quote
2026-09-25T14:56:54Z,f154381c89953d3b0bd409a6bc4e28a6,2026-09-26T23:45:00Z,Mississippi State Bulldogs,Missouri Tigers,betmgm,BetMGM,2026-09-25T14:56:42Z,2026-09-25T14:56:42Z,Mississippi State Bulldogs,-6.0,-108.0,2026,2026-09-25T14:56:54Z,1063,,,,c9b00767615fa5b7a6dc411f276300a4ef86c7a9f57831378c42d40f04dc9acc,timestamped_live_quote
2026-09-25T14:56:54Z,f154381c89953d3b0bd409a6bc4e28a6,2026-09-26T23:45:00Z,Mississippi State Bulldogs,Missouri Tigers,betmgm,BetMGM,2026-09-25T14:56:42Z,2026-09-25T14:56:42Z,Missouri Tigers,6.0,-110.0,2026,2026-09-25T14:56:54Z,1063,,,,c9b00767615fa5b7a6dc411f276300a4ef86c7a9f57831378c42d40f04dc9acc,timestamped_live_quote
2026-09-25T14:56:54Z,f154381c89953d3b0bd409a6bc4e28a6,2026-09-26T23:45:00Z,Mississippi State Bulldogs,Missouri Tigers,betus,BetUS,2026-09-25T14:55:47Z,2026-09-25T14:55:47Z,Mississippi State Bulldogs,-6.0,-110.0,2026,2026-09-25T14:56:54Z,1063,,,,c9b00767615fa5b7a6dc411f276300a4ef86c7a9f57831378c42d40f04dc9acc,timestamped_live_quote
2026-09-25T14:56:54Z,f154381c89953d3b0bd409a6bc4e28a6,2026-09-26T23:45:00Z,Mississippi State Bulldogs,Missouri Tigers,betus,BetUS,2026-09-25T14:55:47Z,2026-09-25T14:55:47Z,Missouri Tigers,6.0,-110.0,2026,2026-09-25T14:56:54Z,1063,,,,c9b00767615fa5b7a6dc411f276300a4ef86c7a9f57831378c42d40f04dc9acc,timestamped_live_quote
2026-09-25T14:56:54Z,f154381c89953d3b0bd409a6bc4e28a6,2026-09-26T23:45:00Z,Mississippi State Bulldogs,Missouri Tigers,bovada,Bovada,2026-09-25T14:55:35Z,2026-09-25T14:55:35Z,Mississippi State Bulldogs,-6.0,-110.0,2026,2026-09-25T14:56:54Z,1063,,,,c9b00767615fa5b7a6dc411f276300a4ef86c7a9f57831378c42d40f04dc9acc,timestamped_live_quote
2026-09-25T14:56:54Z,f154381c89953d3b0bd409a6bc4e28a6,2026-09-26T23:45:00Z,Mississippi State Bulldogs,Missouri Tigers,bovada,Bovada,2026-09-25T14:55:35Z,2026-09-25T14:55:35Z,Missouri Tigers,6.0,-110.0,2026,2026-09-25T14:56:54Z,1063,,,,c9b00767615fa5b7a6dc411f276300a4ef86c7a9f57831378c42d40f04dc9acc,timestamped_live_quote
2026-09-25T14:56:54Z,891673ae39457f51a701ca482c2f7280,2026-09-27T00:00:00Z,Arkansas Razorbacks,Tulsa Golden Hurricane,fanduel,FanDuel,2026-09-25T14:56:24Z,2026-09-25T14:56:24Z,Arkansas Razorbacks,-6.5,-122.0,2026,2026-09-25T14:56:54Z,1063,,,,c9b00767615fa5b7a6dc411f276300a4ef86c7a9f57831378c42d40f04dc9acc,timestamped_live_quote
2026-09-25T14:56:54Z,891673ae39457f51a701ca482c2f7280,2026-09-27T00:00:00Z,Arkansas Razorbacks,Tulsa Golden Hurricane,fanduel,FanDuel,2026-09-25T14:56:24Z,2026-09-25T14:56:24Z,Tulsa Golden Hurricane,6.5,100.0,2026,2026-09-25T14:56:54Z,1063,,,,c9b00767615fa5b7a6dc411f276300a4ef86c7a9f57831378c42d40f04dc9acc,timestamped_live_quote
2026-09-25T14:56:54Z,891673ae39457f51a701ca482c2f7280,2026-09-27T00:00:00Z,Arkansas Razorbacks,Tulsa Golden Hurricane,mybookieag,MyBookie.ag,2026-09-25T14:54:56Z,2026-09-25T14:54:56Z,Arkansas Razorbacks,-7.0,-110.0,2026,2026-09-25T14:56:54Z,1063,,,,c9b00767615fa5b7a6dc411f276300a4ef86c7a9f57831378c42d40f04dc9acc,timestamped_live_quote
2026-09-25T14:56:54Z,891673ae39457f51a701ca482c2f7280,2026-09-27T00:00:00Z,Arkansas Razorbacks,Tulsa Golden Hurricane,mybookieag,MyBookie.ag,2026-09-25T14:54:56Z,2026-09-25T14:54:56Z,Tulsa Golden Hurricane,7.0,-110.0,2026,2026-09-25T14:56:54Z,1063,,,,c9b00767615fa5b7a6dc411f276300a4ef86c7a9f57831378c42d40f04dc9acc,timestamped_live_quote
2026-09-25T14:56:54Z,891673ae39457f51a701ca482c2f7280,2026-09-27T00:00:00Z,Arkansas Razorbacks,Tulsa Golden Hurricane,betrivers,BetRivers,2026-09-25T14:55:36Z,2026-09-25T14:55:36Z,Arkansas Razorbacks,-7.0,-114.0,2026,2026-09-25T14:56:54Z,1063,,,,c9b00767615fa5b7a6dc411f276300a4ef86c7a9f57831378c42d40f04dc9acc,timestamped_live_quote
2026-09-25T14:56:54Z,891673ae39457f51a701ca482c2f7280,2026-09-27T00:00:00Z,Arkansas Razorbacks,Tulsa Golden Hurricane,betrivers,BetRivers,2026-09-25T14:55:36Z,2026-09-25T14:55:36Z,Tulsa Golden Hurricane,7.0,-109.0,2026,2026-09-25T14:56:54Z,1063,,,,c9b00767615fa5b7a6dc411f276300a4ef86c7a9f57831378c42d40f04dc9acc,timestamped_live_quote
2026-09-25T14:56:54Z,891673ae39457f51a701ca482c2f7280,2026-09-27T00:00:00Z,Arkansas Razorbacks,Tulsa Golden Hurricane,draftkings,DraftKings,2026-09-25T14:56:40Z,2026-09-25T14:56:40Z,Arkansas Razorbacks,-7.0,-112.0,2026,2026-09-25T14:56:54Z,1063,,,,c9b00767615fa5b7a6dc411f276300a4ef86c7a9f57831378c42d40f04dc9acc,timestamped_live_quote
2026-09-25T14:56:54Z,891673ae39457f51a701ca482c2f7280,2026-09-27T00:00:00Z,Arkansas Razorbacks,Tulsa Golden Hurricane,draftkings,DraftKings,2026-09-25T14:56:40Z,2026-09-25T14:56:40Z,Tulsa Golden Hurricane,7.0,-108.0,2026,2026-09-25T14:56:54Z,1063,,,,c9b00767615fa5b7a6dc411f276300a4ef86c7a9f57831378c42d40f04dc9acc,timestamped_live_quote
2026-09-25T14:56:54Z,891673ae39457f51a701ca482c2f7280,2026-09-27T00:00:00Z,Arkansas Razorbacks,Tulsa Golden Hurricane,betonlineag,BetOnline.ag,2026-09-25T14:56:27Z,2026-09-25T14:56:27Z,Arkansas Razorbacks,-7.5,105.0,2026,2026-09-25T14:56:54Z,1063,,,,c9b00767615fa5b7a6dc411f276300a4ef86c7a9f57831378c42d40f04dc9acc,timestamped_live_quote
2026-09-25T14:56:54Z,891673ae39457f51a701ca482c2f7280,2026-09-27T00:00:00Z,Arkansas Razorbacks,Tulsa Golden Hurricane,betonlineag,BetOnline.ag,2026-09-25T14:56:27Z,2026-09-25T14:56:27Z,Tulsa Golden Hurricane,7.5,-125.0,2026,2026-09-25T14:56:54Z,1063,,,,c9b00767615fa5b7a6dc411f276300a4ef86c7a9f57831378c42d40f04dc9acc,timestamped_live_quote
2026-09-25T14:56:54Z,891673ae39457f51a701ca482c2f7280,2026-09-27T00:00:00Z,Arkansas Razorbacks,Tulsa Golden Hurricane,lowvig,LowVig.ag,2026-09-25T14:56:25Z,2026-09-25T14:56:25Z,Arkansas Razorbacks,-7.5,109.0,2026,2026-09-25T14:56:54Z,1063,,,,c9b00767615fa5b7a6dc411f276300a4ef86c7a9f57831378c42d40f04dc9acc,timestamped_live_quote
2026-09-25T14:56:54Z,891673ae39457f51a701ca482c2f7280,2026-09-27T00:00:00Z,Arkansas Razorbacks,Tulsa Golden Hurricane,lowvig,LowVig.ag,2026-09-25T14:56:25Z,2026-09-25T14:56:25Z,Tulsa Golden Hurricane,7.5,-122.0,2026,2026-09-25T14:56:54Z,1063,,,,c9b00767615fa5b7a6dc411f276300a4ef86c7a9f57831378c42d40f04dc9acc,timestamped_live_quote
2026-09-25T14:56:54Z,891673ae39457f51a701ca482c2f7280,2026-09-27T00:00:00Z,Arkansas Razorbacks,Tulsa Golden Hurricane,betus,BetUS,2026-09-25T14:55:47Z,2026-09-25T14:55:47Z,Arkansas Razorbacks,-7.0,-110.0,2026,2026-09-25T14:56:54Z,1063,,,,c9b00767615fa5b7a6dc411f276300a4ef86c7a9f57831378c42d40f04dc9acc,timestamped_live_quote
2026-09-25T14:56:54Z,891673ae39457f51a701ca482c2f7280,2026-09-27T00:00:00Z,Arkansas Razorbacks,Tulsa Golden Hurricane,betus,BetUS,2026-09-25T14:55:47Z,2026-09-25T14:55:47Z,Tulsa Golden Hurricane,7.0,-110.0,2026,2026-09-25T14:56:54Z,1063,,,,c9b00767615fa5b7a6dc411f276300a4ef86c7a9f57831378c42d40f04dc9acc,timestamped_live_quote
2026-09-25T14:56:54Z,891673ae39457f51a701ca482c2f7280,2026-09-27T00:00:00Z,Arkansas Razorbacks,Tulsa Golden Hurricane,betmgm,BetMGM,2026-09-25T14:56:42Z,2026-09-25T14:56:42Z,Arkansas Razorbacks,-7.0,-110.0,2026,2026-09-25T14:56:54Z,1063,,,,c9b00767615fa5b7a6dc411f276300a4ef86c7a9f57831378c42d40f04dc9acc,timestamped_live_quote
2026-09-25T14:56:54Z,891673ae39457f51a701ca482c2f7280,2026-09-27T00:00:00Z,Arkansas Razorbacks,Tulsa Golden Hurricane,betmgm,BetMGM,2026-09-25T14:56:42Z,2026-09-25T14:56:42Z,Tulsa Golden Hurricane,7.0,-108.0,2026,2026-09-25T14:56:54Z,1063,,,,c9b00767615fa5b7a6dc411f276300a4ef86c7a9f57831378c42d40f04dc9acc,timestamped_live_quote
2026-09-25T14:56:54Z,891673ae39457f51a701ca482c2f7280,2026-09-27T00:00:00Z,Arkansas Razorbacks,Tulsa Golden Hurricane,bovada,Bovada,2026-09-25T14:55:35Z,2026-09-25T14:55:35Z,Arkansas Razorbacks,-7.0,-115.0,2026,2026-09-25T14:56:54Z,1063,,,,c9b00767615fa5b7a6dc411f276300a4ef86c7a9f57831378c42d40f04dc9acc,timestamped_live_quote
2026-09-25T14:56:54Z,891673ae39457f51a701ca482c2f7280,2026-09-27T00:00:00Z,Arkansas Razorbacks,Tulsa Golden Hurricane,bovada,Bovada,2026-09-25T14:55:35Z,2026-09-25T14:55:35Z,Tulsa Golden Hurricane,7.0,-105.0,2026,2026-09-25T14:56:54Z,1063,,,,c9b00767615fa5b7a6dc411f276300a4ef86c7a9f57831378c42d40f04dc9acc,timestamped_live_quote
2026-09-25T14:56:54Z,8fd491e65439f5d6b6a1edc9da7f036b,2026-09-27T00:00:00Z,UL Monroe Warhawks,Florida Atlantic Owls,fanduel,FanDuel,2026-09-25T14:56:24Z,2026-09-25T14:56:24Z,Florida Atlantic Owls,-12.5,-104.0,2026,2026-09-25T14:56:54Z,1063,,,,c9b00767615fa5b7a6dc411f276300a4ef86c7a9f57831378c42d40f04dc9acc,timestamped_live_quote
2026-09-25T14:56:54Z,8fd491e65439f5d6b6a1edc9da7f036b,2026-09-27T00:00:00Z,UL Monroe Warhawks,Florida Atlantic Owls,fanduel,FanDuel,2026-09-25T14:56:24Z,2026-09-25T14:56:24Z,UL Monroe Warhawks,12.5,-118.0,2026,2026-09-25T14:56:54Z,1063,,,,c9b00767615fa5b7a6dc411f276300a4ef86c7a9f57831378c42d40f04dc9acc,timestamped_live_quote
2026-09-25T14:56:54Z,8fd491e65439f5d6b6a1edc9da7f036b,2026-09-27T00:00:00Z,UL Monroe Warhawks,Florida Atlantic Owls,mybookieag,MyBookie.ag,2026-09-25T14:54:56Z,2026-09-25T14:54:56Z,Florida Atlantic Owls,-12.5,-110.0,2026,2026-09-25T14:56:54Z,1063,,,,c9b00767615fa5b7a6dc411f276300a4ef86c7a9f57831378c42d40f04dc9acc,timestamped_live_quote
2026-09-25T14:56:54Z,8fd491e65439f5d6b6a1edc9da7f036b,2026-09-27T00:00:00Z,UL Monroe Warhawks,Florida Atlantic Owls,mybookieag,MyBookie.ag,2026-09-25T14:54:56Z,2026-09-25T14:54:56Z,UL Monroe Warhawks,12.5,-110.0,2026,2026-09-25T14:56:54Z,1063,,,,c9b00767615fa5b7a6dc411f276300a4ef86c7a9f57831378c42d40f04dc9acc,timestamped_live_quote
2026-09-25T14:56:54Z,8fd491e65439f5d6b6a1edc9da7f036b,2026-09-27T00:00:00Z,UL Monroe Warhawks,Florida Atlantic Owls,betrivers,BetRivers,2026-09-25T14:55:36Z,2026-09-25T14:55:36Z,Florida Atlantic Owls,-11.5,-110.0,2026,2026-09-25T14:56:54Z,1063,,,,c9b00767615fa5b7a6dc411f276300a4ef86c7a9f57831378c42d40f04dc9acc,timestamped_live_quote
2026-09-25T14:56:54Z,8fd491e65439f5d6b6a1edc9da7f036b,2026-09-27T00:00:00Z,UL Monroe Warhawks,Florida Atlantic Owls,betrivers,BetRivers,2026-09-25T14:55:36Z,2026-09-25T14:55:36Z,UL Monroe Warhawks,11.5,-113.0,2026,2026-09-25T14:56:54Z,1063,,,,c9b00767615fa5b7a6dc411f276300a4ef86c7a9f57831378c42d40f04dc9acc,timestamped_live_quote
2026-09-25T14:56:54Z,8fd491e65439f5d6b6a1edc9da7f036b,2026-09-27T00:00:00Z,UL Monroe Warhawks,Florida Atlantic Owls,draftkings,DraftKings,2026-09-25T14:56:40Z,2026-09-25T14:56:40Z,Florida Atlantic Owls,-11.5,-112.0,2026,2026-09-25T14:56:54Z,1063,,,,c9b00767615fa5b7a6dc411f276300a4ef86c7a9f57831378c42d40f04dc9acc,timestamped_live_quote
2026-09-25T14:56:54Z,8fd491e65439f5d6b6a1edc9da7f036b,2026-09-27T00:00:00Z,UL Monroe Warhawks,Florida Atlantic Owls,draftkings,DraftKings,2026-09-25T14:56:40Z,2026-09-25T14:56:40Z,UL Monroe Warhawks,11.5,-108.0,2026,2026-09-25T14:56:54Z,1063,,,,c9b00767615fa5b7a6dc411f276300a4ef86c7a9f57831378c42d40f04dc9acc,timestamped_live_quote
2026-09-25T14:56:54Z,8fd491e65439f5d6b6a1edc9da7f036b,2026-09-27T00:00:00Z,UL Monroe Warhawks,Florida Atlantic Owls,lowvig,LowVig.ag,2026-09-25T14:56:25Z,2026-09-25T14:56:25Z,Florida Atlantic Owls,-11.0,-111.0,2026,2026-09-25T14:56:54Z,1063,,,,c9b00767615fa5b7a6dc411f276300a4ef86c7a9f57831378c42d40f04dc9acc,timestamped_live_quote
2026-09-25T14:56:54Z,8fd491e65439f5d6b6a1edc9da7f036b,2026-09-27T00:00:00Z,UL Monroe Warhawks,Florida Atlantic Owls,lowvig,LowVig.ag,2026-09-25T14:56:25Z,2026-09-25T14:56:25Z,UL Monroe Warhawks,11.0,-101.0,2026,2026-09-25T14:56:54Z,1063,,,,c9b00767615fa5b7a6dc411f276300a4ef86c7a9f57831378c42d40f04dc9acc,timestamped_live_quote
2026-09-25T14:56:54Z,8fd491e65439f5d6b6a1edc9da7f036b,2026-09-27T00:00:00Z,UL Monroe Warhawks,Florida Atlantic Owls,betonlineag,BetOnline.ag,2026-09-25T14:56:27Z,2026-09-25T14:56:27Z,Florida Atlantic Owls,-11.0,-115.0,2026,2026-09-25T14:56:54Z,1063,,,,c9b00767615fa5b7a6dc411f276300a4ef86c7a9f57831378c42d40f04dc9acc,timestamped_live_quote
2026-09-25T14:56:54Z,8fd491e65439f5d6b6a1edc9da7f036b,2026-09-27T00:00:00Z,UL Monroe Warhawks,Florida Atlantic Owls,betonlineag,BetOnline.ag,2026-09-25T14:56:27Z,2026-09-25T14:56:27Z,UL Monroe Warhawks,11.0,-105.0,2026,2026-09-25T14:56:54Z,1063,,,,c9b00767615fa5b7a6dc411f276300a4ef86c7a9f57831378c42d40f04dc9acc,timestamped_live_quote
2026-09-25T14:56:54Z,8fd491e65439f5d6b6a1edc9da7f036b,2026-09-27T00:00:00Z,UL Monroe Warhawks,Florida Atlantic Owls,betmgm,BetMGM,2026-09-25T14:56:42Z,2026-09-25T14:56:42Z,Florida Atlantic Owls,-11.5,-108.0,2026,2026-09-25T14:56:54Z,1063,,,,c9b00767615fa5b7a6dc411f276300a4ef86c7a9f57831378c42d40f04dc9acc,timestamped_live_quote
2026-09-25T14:56:54Z,8fd491e65439f5d6b6a1edc9da7f036b,2026-09-27T00:00:00Z,UL Monroe Warhawks,Florida Atlantic Owls,betmgm,BetMGM,2026-09-25T14:56:42Z,2026-09-25T14:56:42Z,UL Monroe Warhawks,11.5,-110.0,2026,2026-09-25T14:56:54Z,1063,,,,c9b00767615fa5b7a6dc411f276300a4ef86c7a9f57831378c42d40f04dc9acc,timestamped_live_quote
2026-09-25T14:56:54Z,8fd491e65439f5d6b6a1edc9da7f036b,2026-09-27T00:00:00Z,UL Monroe Warhawks,Florida Atlantic Owls,betus,BetUS,2026-09-25T14:55:47Z,2026-09-25T14:55:47Z,Florida Atlantic Owls,-11.0,-115.0,2026,2026-09-25T14:56:54Z,1063,,,,c9b00767615fa5b7a6dc411f276300a4ef86c7a9f57831378c42d40f04dc9acc,timestamped_live_quote
2026-09-25T14:56:54Z,8fd491e65439f5d6b6a1edc9da7f036b,2026-09-27T00:00:00Z,UL Monroe Warhawks,Florida Atlantic Owls,betus,BetUS,2026-09-25T14:55:47Z,2026-09-25T14:55:47Z,UL Monroe Warhawks,11.0,-105.0,2026,2026-09-25T14:56:54Z,1063,,,,c9b00767615fa5b7a6dc411f276300a4ef86c7a9f57831378c42d40f04dc9acc,timestamped_live_quote
2026-09-25T14:56:54Z,8fd491e65439f5d6b6a1edc9da7f036b,2026-09-27T00:00:00Z,UL Monroe Warhawks,Florida Atlantic Owls,bovada,Bovada,2026-09-25T14:55:35Z,2026-09-25T14:55:35Z,Florida Atlantic Owls,-11.5,-110.0,2026,2026-09-25T14:56:54Z,1063,,,,c9b00767615fa5b7a6dc411f276300a4ef86c7a9f57831378c42d40f04dc9acc,timestamped_live_quote
2026-09-25T14:56:54Z,8fd491e65439f5d6b6a1edc9da7f036b,2026-09-27T00:00:00Z,UL Monroe Warhawks,Florida Atlantic Owls,bovada,Bovada,2026-09-25T14:55:35Z,2026-09-25T14:55:35Z,UL Monroe Warhawks,11.5,-110.0,2026,2026-09-25T14:56:54Z,1063,,,,c9b00767615fa5b7a6dc411f276300a4ef86c7a9f57831378c42d40f04dc9acc,timestamped_live_quote
2026-09-25T14:56:54Z,4d76388c84fc859e6bae8ff267266872,2026-09-27T01:00:00Z,SMU Mustangs,Missouri State Bears,fanduel,FanDuel,2026-09-25T14:56:24Z,2026-09-25T14:56:24Z,Missouri State Bears,34.5,-110.0,2026,2026-09-25T14:56:54Z,1063,,,,c9b00767615fa5b7a6dc411f276300a4ef86c7a9f57831378c42d40f04dc9acc,timestamped_live_quote
2026-09-25T14:56:54Z,4d76388c84fc859e6bae8ff267266872,2026-09-27T01:00:00Z,SMU Mustangs,Missouri State Bears,fanduel,FanDuel,2026-09-25T14:56:24Z,2026-09-25T14:56:24Z,SMU Mustangs,-34.5,-110.0,2026,2026-09-25T14:56:54Z,1063,,,,c9b00767615fa5b7a6dc411f276300a4ef86c7a9f57831378c42d40f04dc9acc,timestamped_live_quote
2026-09-25T14:56:54Z,4d76388c84fc859e6bae8ff267266872,2026-09-27T01:00:00Z,SMU Mustangs,Missouri State Bears,betrivers,BetRivers,2026-09-25T14:55:36Z,2026-09-25T14:55:36Z,Missouri State Bears,34.5,-112.0,2026,2026-09-25T14:56:54Z,1063,,,,c9b00767615fa5b7a6dc411f276300a4ef86c7a9f57831378c42d40f04dc9acc,timestamped_live_quote
2026-09-25T14:56:54Z,4d76388c84fc859e6bae8ff267266872,2026-09-27T01:00:00Z,SMU Mustangs,Missouri State Bears,betrivers,BetRivers,2026-09-25T14:55:36Z,2026-09-25T14:55:36Z,SMU Mustangs,-34.5,-112.0,2026,2026-09-25T14:56:54Z,1063,,,,c9b00767615fa5b7a6dc411f276300a4ef86c7a9f57831378c42d40f04dc9acc,timestamped_live_quote
2026-09-25T14:56:54Z,4d76388c84fc859e6bae8ff267266872,2026-09-27T01:00:00Z,SMU Mustangs,Missouri State Bears,draftkings,DraftKings,2026-09-25T14:56:40Z,2026-09-25T14:56:40Z,Missouri State Bears,34.5,-115.0,2026,2026-09-25T14:56:54Z,1063,,,,c9b00767615fa5b7a6dc411f276300a4ef86c7a9f57831378c42d40f04dc9acc,timestamped_live_quote
2026-09-25T14:56:54Z,4d76388c84fc859e6bae8ff267266872,2026-09-27T01:00:00Z,SMU Mustangs,Missouri State Bears,draftkings,DraftKings,2026-09-25T14:56:40Z,2026-09-25T14:56:40Z,SMU Mustangs,-34.5,-105.0,2026,2026-09-25T14:56:54Z,1063,,,,c9b00767615fa5b7a6dc411f276300a4ef86c7a9f57831378c42d40f04dc9acc,timestamped_live_quote
2026-09-25T14:56:54Z,4d76388c84fc859e6bae8ff267266872,2026-09-27T01:00:00Z,SMU Mustangs,Missouri State Bears,lowvig,LowVig.ag,2026-09-25T14:56:25Z,2026-09-25T14:56:25Z,Missouri State Bears,34.5,-108.0,2026,2026-09-25T14:56:54Z,1063,,,,c9b00767615fa5b7a6dc411f276300a4ef86c7a9f57831378c42d40f04dc9acc,timestamped_live_quote
2026-09-25T14:56:54Z,4d76388c84fc859e6bae8ff267266872,2026-09-27T01:00:00Z,SMU Mustangs,Missouri State Bears,lowvig,LowVig.ag,2026-09-25T14:56:25Z,2026-09-25T14:56:25Z,SMU Mustangs,-34.5,-104.0,2026,2026-09-25T14:56:54Z,1063,,,,c9b00767615fa5b7a6dc411f276300a4ef86c7a9f57831378c42d40f04dc9acc,timestamped_live_quote
2026-09-25T14:56:54Z,4d76388c84fc859e6bae8ff267266872,2026-09-27T01:00:00Z,SMU Mustangs,Missouri State Bears,betonlineag,BetOnline.ag,2026-09-25T14:56:27Z,2026-09-25T14:56:27Z,Missouri State Bears,34.5,-112.0,2026,2026-09-25T14:56:54Z,1063,,,,c9b00767615fa5b7a6dc411f276300a4ef86c7a9f57831378c42d40f04dc9acc,timestamped_live_quote
2026-09-25T14:56:54Z,4d76388c84fc859e6bae8ff267266872,2026-09-27T01:00:00Z,SMU Mustangs,Missouri State Bears,betonlineag,BetOnline.ag,2026-09-25T14:56:27Z,2026-09-25T14:56:27Z,SMU Mustangs,-34.5,-108.0,2026,2026-09-25T14:56:54Z,1063,,,,c9b00767615fa5b7a6dc411f276300a4ef86c7a9f57831378c42d40f04dc9acc,timestamped_live_quote
2026-09-25T14:56:54Z,4d76388c84fc859e6bae8ff267266872,2026-09-27T01:00:00Z,SMU Mustangs,Missouri State Bears,betmgm,BetMGM,2026-09-25T14:56:42Z,2026-09-25T14:56:42Z,Missouri State Bears,34.0,-108.0,2026,2026-09-25T14:56:54Z,1063,,,,c9b00767615fa5b7a6dc411f276300a4ef86c7a9f57831378c42d40f04dc9acc,timestamped_live_quote
2026-09-25T14:56:54Z,4d76388c84fc859e6bae8ff267266872,2026-09-27T01:00:00Z,SMU Mustangs,Missouri State Bears,betmgm,BetMGM,2026-09-25T14:56:42Z,2026-09-25T14:56:42Z,SMU Mustangs,-34.0,-110.0,2026,2026-09-25T14:56:54Z,1063,,,,c9b00767615fa5b7a6dc411f276300a4ef86c7a9f57831378c42d40f04dc9acc,timestamped_live_quote
2026-09-25T14:56:54Z,4d76388c84fc859e6bae8ff267266872,2026-09-27T01:00:00Z,SMU Mustangs,Missouri State Bears,betus,BetUS,2026-09-25T14:55:47Z,2026-09-25T14:55:47Z,Missouri State Bears,34.5,-110.0,2026,2026-09-25T14:56:54Z,1063,,,,c9b00767615fa5b7a6dc411f276300a4ef86c7a9f57831378c42d40f04dc9acc,timestamped_live_quote
2026-09-25T14:56:54Z,4d76388c84fc859e6bae8ff267266872,2026-09-27T01:00:00Z,SMU Mustangs,Missouri State Bears,betus,BetUS,2026-09-25T14:55:47Z,2026-09-25T14:55:47Z,SMU Mustangs,-34.5,-110.0,2026,2026-09-25T14:56:54Z,1063,,,,c9b00767615fa5b7a6dc411f276300a4ef86c7a9f57831378c42d40f04dc9acc,timestamped_live_quote
2026-09-25T14:56:54Z,4d76388c84fc859e6bae8ff267266872,2026-09-27T01:00:00Z,SMU Mustangs,Missouri State Bears,bovada,Bovada,2026-09-25T14:55:35Z,2026-09-25T14:55:35Z,Missouri State Bears,35.0,-120.0,2026,2026-09-25T14:56:54Z,1063,,,,c9b00767615fa5b7a6dc411f276300a4ef86c7a9f57831378c42d40f04dc9acc,timestamped_live_quote
2026-09-25T14:56:54Z,4d76388c84fc859e6bae8ff267266872,2026-09-27T01:00:00Z,SMU Mustangs,Missouri State Bears,bovada,Bovada,2026-09-25T14:55:35Z,2026-09-25T14:55:35Z,SMU Mustangs,-35.0,100.0,2026,2026-09-25T14:56:54Z,1063,,,,c9b00767615fa5b7a6dc411f276300a4ef86c7a9f57831378c42d40f04dc9acc,timestamped_live_quote
2026-09-25T14:56:54Z,4d76388c84fc859e6bae8ff267266872,2026-09-27T01:00:00Z,SMU Mustangs,Missouri State Bears,mybookieag,MyBookie.ag,2026-09-25T14:54:56Z,2026-09-25T14:54:56Z,Missouri State Bears,34.5,-110.0,2026,2026-09-25T14:56:54Z,1063,,,,c9b00767615fa5b7a6dc411f276300a4ef86c7a9f57831378c42d40f04dc9acc,timestamped_live_quote
2026-09-25T14:56:54Z,4d76388c84fc859e6bae8ff267266872,2026-09-27T01:00:00Z,SMU Mustangs,Missouri State Bears,mybookieag,MyBookie.ag,2026-09-25T14:54:56Z,2026-09-25T14:54:56Z,SMU Mustangs,-34.5,-110.0,2026,2026-09-25T14:56:54Z,1063,,,,c9b00767615fa5b7a6dc411f276300a4ef86c7a9f57831378c42d40f04dc9acc,timestamped_live_quote
2026-09-25T14:56:54Z,a48c4a759a03a93bf42e23d2f8bf769e,2026-09-27T01:00:00Z,UTEP Miners,Oregon State Beavers,fanduel,FanDuel,2026-09-25T14:56:24Z,2026-09-25T14:56:24Z,Oregon State Beavers,-10.5,-115.0,2026,2026-09-25T14:56:54Z,1063,,,,c9b00767615fa5b7a6dc411f276300a4ef86c7a9f57831378c42d40f04dc9acc,timestamped_live_quote
2026-09-25T14:56:54Z,a48c4a759a03a93bf42e23d2f8bf769e,2026-09-27T01:00:00Z,UTEP Miners,Oregon State Beavers,fanduel,FanDuel,2026-09-25T14:56:24Z,2026-09-25T14:56:24Z,UTEP Miners,10.5,-105.0,2026,2026-09-25T14:56:54Z,1063,,,,c9b00767615fa5b7a6dc411f276300a4ef86c7a9f57831378c42d40f04dc9acc,timestamped_live_quote
2026-09-25T14:56:54Z,a48c4a759a03a93bf42e23d2f8bf769e,2026-09-27T01:00:00Z,UTEP Miners,Oregon State Beavers,mybookieag,MyBookie.ag,2026-09-25T14:54:56Z,2026-09-25T14:54:56Z,Oregon State Beavers,-11.0,-110.0,2026,2026-09-25T14:56:54Z,1063,,,,c9b00767615fa5b7a6dc411f276300a4ef86c7a9f57831378c42d40f04dc9acc,timestamped_live_quote
2026-09-25T14:56:54Z,a48c4a759a03a93bf42e23d2f8bf769e,2026-09-27T01:00:00Z,UTEP Miners,Oregon State Beavers,mybookieag,MyBookie.ag,2026-09-25T14:54:56Z,2026-09-25T14:54:56Z,UTEP Miners,11.0,-110.0,2026,2026-09-25T14:56:54Z,1063,,,,c9b00767615fa5b7a6dc411f276300a4ef86c7a9f57831378c42d40f04dc9acc,timestamped_live_quote
2026-09-25T14:56:54Z,a48c4a759a03a93bf42e23d2f8bf769e,2026-09-27T01:00:00Z,UTEP Miners,Oregon State Beavers,betrivers,BetRivers,2026-09-25T14:55:36Z,2026-09-25T14:55:36Z,Oregon State Beavers,-10.5,-112.0,2026,2026-09-25T14:56:54Z,1063,,,,c9b00767615fa5b7a6dc411f276300a4ef86c7a9f57831378c42d40f04dc9acc,timestamped_live_quote
2026-09-25T14:56:54Z,a48c4a759a03a93bf42e23d2f8bf769e,2026-09-27T01:00:00Z,UTEP Miners,Oregon State Beavers,betrivers,BetRivers,2026-09-25T14:55:36Z,2026-09-25T14:55:36Z,UTEP Miners,10.5,-112.0,2026,2026-09-25T14:56:54Z,1063,,,,c9b00767615fa5b7a6dc411f276300a4ef86c7a9f57831378c42d40f04dc9acc,timestamped_live_quote
2026-09-25T14:56:54Z,a48c4a759a03a93bf42e23d2f8bf769e,2026-09-27T01:00:00Z,UTEP Miners,Oregon State Beavers,draftkings,DraftKings,2026-09-25T14:56:40Z,2026-09-25T14:56:40Z,Oregon State Beavers,-10.5,-115.0,2026,2026-09-25T14:56:54Z,1063,,,,c9b00767615fa5b7a6dc411f276300a4ef86c7a9f57831378c42d40f04dc9acc,timestamped_live_quote
2026-09-25T14:56:54Z,a48c4a759a03a93bf42e23d2f8bf769e,2026-09-27T01:00:00Z,UTEP Miners,Oregon State Beavers,draftkings,DraftKings,2026-09-25T14:56:40Z,2026-09-25T14:56:40Z,UTEP Miners,10.5,-105.0,2026,2026-09-25T14:56:54Z,1063,,,,c9b00767615fa5b7a6dc411f276300a4ef86c7a9f57831378c42d40f04dc9acc,timestamped_live_quote
2026-09-25T14:56:54Z,a48c4a759a03a93bf42e23d2f8bf769e,2026-09-27T01:00:00Z,UTEP Miners,Oregon State Beavers,lowvig,LowVig.ag,2026-09-25T14:56:25Z,2026-09-25T14:56:25Z,Oregon State Beavers,-10.5,-111.0,2026,2026-09-25T14:56:54Z,1063,,,,c9b00767615fa5b7a6dc411f276300a4ef86c7a9f57831378c42d40f04dc9acc,timestamped_live_quote
2026-09-25T14:56:54Z,a48c4a759a03a93bf42e23d2f8bf769e,2026-09-27T01:00:00Z,UTEP Miners,Oregon State Beavers,lowvig,LowVig.ag,2026-09-25T14:56:25Z,2026-09-25T14:56:25Z,UTEP Miners,10.5,-101.0,2026,2026-09-25T14:56:54Z,1063,,,,c9b00767615fa5b7a6dc411f276300a4ef86c7a9f57831378c42d40f04dc9acc,timestamped_live_quote
2026-09-25T14:56:54Z,a48c4a759a03a93bf42e23d2f8bf769e,2026-09-27T01:00:00Z,UTEP Miners,Oregon State Beavers,betonlineag,BetOnline.ag,2026-09-25T14:56:27Z,2026-09-25T14:56:27Z,Oregon State Beavers,-10.5,-115.0,2026,2026-09-25T14:56:54Z,1063,,,,c9b00767615fa5b7a6dc411f276300a4ef86c7a9f57831378c42d40f04dc9acc,timestamped_live_quote
2026-09-25T14:56:54Z,a48c4a759a03a93bf42e23d2f8bf769e,2026-09-27T01:00:00Z,UTEP Miners,Oregon State Beavers,betonlineag,BetOnline.ag,2026-09-25T14:56:27Z,2026-09-25T14:56:27Z,UTEP Miners,10.5,-105.0,2026,2026-09-25T14:56:54Z,1063,,,,c9b00767615fa5b7a6dc411f276300a4ef86c7a9f57831378c42d40f04dc9acc,timestamped_live_quote
2026-09-25T14:56:54Z,a48c4a759a03a93bf42e23d2f8bf769e,2026-09-27T01:00:00Z,UTEP Miners,Oregon State Beavers,betus,BetUS,2026-09-25T14:55:47Z,2026-09-25T14:55:47Z,Oregon State Beavers,-11.0,-110.0,2026,2026-09-25T14:56:54Z,1063,,,,c9b00767615fa5b7a6dc411f276300a4ef86c7a9f57831378c42d40f04dc9acc,timestamped_live_quote
2026-09-25T14:56:54Z,a48c4a759a03a93bf42e23d2f8bf769e,2026-09-27T01:00:00Z,UTEP Miners,Oregon State Beavers,betus,BetUS,2026-09-25T14:55:47Z,2026-09-25T14:55:47Z,UTEP Miners,11.0,-110.0,2026,2026-09-25T14:56:54Z,1063,,,,c9b00767615fa5b7a6dc411f276300a4ef86c7a9f57831378c42d40f04dc9acc,timestamped_live_quote
2026-09-25T14:56:54Z,a48c4a759a03a93bf42e23d2f8bf769e,2026-09-27T01:00:00Z,UTEP Miners,Oregon State Beavers,betmgm,BetMGM,2026-09-25T14:56:42Z,2026-09-25T14:56:42Z,Oregon State Beavers,-11.0,-110.0,2026,2026-09-25T14:56:54Z,1063,,,,c9b00767615fa5b7a6dc411f276300a4ef86c7a9f57831378c42d40f04dc9acc,timestamped_live_quote
2026-09-25T14:56:54Z,a48c4a759a03a93bf42e23d2f8bf769e,2026-09-27T01:00:00Z,UTEP Miners,Oregon State Beavers,betmgm,BetMGM,2026-09-25T14:56:42Z,2026-09-25T14:56:42Z,UTEP Miners,11.0,-110.0,2026,2026-09-25T14:56:54Z,1063,,,,c9b00767615fa5b7a6dc411f276300a4ef86c7a9f57831378c42d40f04dc9acc,timestamped_live_quote
2026-09-25T14:56:54Z,a48c4a759a03a93bf42e23d2f8bf769e,2026-09-27T01:00:00Z,UTEP Miners,Oregon State Beavers,bovada,Bovada,2026-09-25T14:55:35Z,2026-09-25T14:55:35Z,Oregon State Beavers,-11.0,-110.0,2026,2026-09-25T14:56:54Z,1063,,,,c9b00767615fa5b7a6dc411f276300a4ef86c7a9f57831378c42d40f04dc9acc,timestamped_live_quote
2026-09-25T14:56:54Z,a48c4a759a03a93bf42e23d2f8bf769e,2026-09-27T01:00:00Z,UTEP Miners,Oregon State Beavers,bovada,Bovada,2026-09-25T14:55:35Z,2026-09-25T14:55:35Z,UTEP Miners,11.0,-110.0,2026,2026-09-25T14:56:54Z,1063,,,,c9b00767615fa5b7a6dc411f276300a4ef86c7a9f57831378c42d40f04dc9acc,timestamped_live_quote
2026-09-25T14:56:54Z,dc2fd7526ea0bba9adc09a5627b637bf,2026-09-27T01:00:00Z,Sacramento State Hornets,UMass Minutemen,fanduel,FanDuel,2026-09-25T14:56:24Z,2026-09-25T14:56:24Z,Sacramento State Hornets,4.5,-110.0,2026,2026-09-25T14:56:54Z,1063,,,,c9b00767615fa5b7a6dc411f276300a4ef86c7a9f57831378c42d40f04dc9acc,timestamped_live_quote
2026-09-25T14:56:54Z,dc2fd7526ea0bba9adc09a5627b637bf,2026-09-27T01:00:00Z,Sacramento State Hornets,UMass Minutemen,fanduel,FanDuel,2026-09-25T14:56:24Z,2026-09-25T14:56:24Z,UMass Minutemen,-4.5,-110.0,2026,2026-09-25T14:56:54Z,1063,,,,c9b00767615fa5b7a6dc411f276300a4ef86c7a9f57831378c42d40f04dc9acc,timestamped_live_quote
2026-09-25T14:56:54Z,dc2fd7526ea0bba9adc09a5627b637bf,2026-09-27T01:00:00Z,Sacramento State Hornets,UMass Minutemen,draftkings,DraftKings,2026-09-25T14:56:40Z,2026-09-25T14:56:40Z,Sacramento State Hornets,4.5,-110.0,2026,2026-09-25T14:56:54Z,1063,,,,c9b00767615fa5b7a6dc411f276300a4ef86c7a9f57831378c42d40f04dc9acc,timestamped_live_quote
2026-09-25T14:56:54Z,dc2fd7526ea0bba9adc09a5627b637bf,2026-09-27T01:00:00Z,Sacramento State Hornets,UMass Minutemen,draftkings,DraftKings,2026-09-25T14:56:40Z,2026-09-25T14:56:40Z,UMass Minutemen,-4.5,-110.0,2026,2026-09-25T14:56:54Z,1063,,,,c9b00767615fa5b7a6dc411f276300a4ef86c7a9f57831378c42d40f04dc9acc,timestamped_live_quote
2026-09-25T14:56:54Z,dc2fd7526ea0bba9adc09a5627b637bf,2026-09-27T01:00:00Z,Sacramento State Hornets,UMass Minutemen,betonlineag,BetOnline.ag,2026-09-25T14:56:27Z,2026-09-25T14:56:27Z,Sacramento State Hornets,5.0,-108.0,2026,2026-09-25T14:56:54Z,1063,,,,c9b00767615fa5b7a6dc411f276300a4ef86c7a9f57831378c42d40f04dc9acc,timestamped_live_quote
2026-09-25T14:56:54Z,dc2fd7526ea0bba9adc09a5627b637bf,2026-09-27T01:00:00Z,Sacramento State Hornets,UMass Minutemen,betonlineag,BetOnline.ag,2026-09-25T14:56:27Z,2026-09-25T14:56:27Z,UMass Minutemen,-5.0,-112.0,2026,2026-09-25T14:56:54Z,1063,,,,c9b00767615fa5b7a6dc411f276300a4ef86c7a9f57831378c42d40f04dc9acc,timestamped_live_quote
2026-09-25T14:56:54Z,dc2fd7526ea0bba9adc09a5627b637bf,2026-09-27T01:00:00Z,Sacramento State Hornets,UMass Minutemen,lowvig,LowVig.ag,2026-09-25T14:56:25Z,2026-09-25T14:56:25Z,Sacramento State Hornets,5.0,-104.0,2026,2026-09-25T14:56:54Z,1063,,,,c9b00767615fa5b7a6dc411f276300a4ef86c7a9f57831378c42d40f04dc9acc,timestamped_live_quote
2026-09-25T14:56:54Z,dc2fd7526ea0bba9adc09a5627b637bf,2026-09-27T01:00:00Z,Sacramento State Hornets,UMass Minutemen,lowvig,LowVig.ag,2026-09-25T14:56:25Z,2026-09-25T14:56:25Z,UMass Minutemen,-5.0,-108.0,2026,2026-09-25T14:56:54Z,1063,,,,c9b00767615fa5b7a6dc411f276300a4ef86c7a9f57831378c42d40f04dc9acc,timestamped_live_quote
2026-09-25T14:56:54Z,dc2fd7526ea0bba9adc09a5627b637bf,2026-09-27T01:00:00Z,Sacramento State Hornets,UMass Minutemen,betus,BetUS,2026-09-25T14:55:47Z,2026-09-25T14:55:47Z,Sacramento State Hornets,4.5,-110.0,2026,2026-09-25T14:56:54Z,1063,,,,c9b00767615fa5b7a6dc411f276300a4ef86c7a9f57831378c42d40f04dc9acc,timestamped_live_quote
2026-09-25T14:56:54Z,dc2fd7526ea0bba9adc09a5627b637bf,2026-09-27T01:00:00Z,Sacramento State Hornets,UMass Minutemen,betus,BetUS,2026-09-25T14:55:47Z,2026-09-25T14:55:47Z,UMass Minutemen,-4.5,-110.0,2026,2026-09-25T14:56:54Z,1063,,,,c9b00767615fa5b7a6dc411f276300a4ef86c7a9f57831378c42d40f04dc9acc,timestamped_live_quote
2026-09-25T14:56:54Z,dc2fd7526ea0bba9adc09a5627b637bf,2026-09-27T01:00:00Z,Sacramento State Hornets,UMass Minutemen,betmgm,BetMGM,2026-09-25T14:56:42Z,2026-09-25T14:56:42Z,Sacramento State Hornets,4.5,-108.0,2026,2026-09-25T14:56:54Z,1063,,,,c9b00767615fa5b7a6dc411f276300a4ef86c7a9f57831378c42d40f04dc9acc,timestamped_live_quote
2026-09-25T14:56:54Z,dc2fd7526ea0bba9adc09a5627b637bf,2026-09-27T01:00:00Z,Sacramento State Hornets,UMass Minutemen,betmgm,BetMGM,2026-09-25T14:56:42Z,2026-09-25T14:56:42Z,UMass Minutemen,-4.5,-110.0,2026,2026-09-25T14:56:54Z,1063,,,,c9b00767615fa5b7a6dc411f276300a4ef86c7a9f57831378c42d40f04dc9acc,timestamped_live_quote
2026-09-25T14:56:54Z,dc2fd7526ea0bba9adc09a5627b637bf,2026-09-27T01:00:00Z,Sacramento State Hornets,UMass Minutemen,betrivers,BetRivers,2026-09-25T14:55:36Z,2026-09-25T14:55:36Z,Sacramento State Hornets,5.0,-110.0,2026,2026-09-25T14:56:54Z,1063,,,,c9b00767615fa5b7a6dc411f276300a4ef86c7a9f57831378c42d40f04dc9acc,timestamped_live_quote
2026-09-25T14:56:54Z,dc2fd7526ea0bba9adc09a5627b637bf,2026-09-27T01:00:00Z,Sacramento State Hornets,UMass Minutemen,betrivers,BetRivers,2026-09-25T14:55:36Z,2026-09-25T14:55:36Z,UMass Minutemen,-5.0,-112.0,2026,2026-09-25T14:56:54Z,1063,,,,c9b00767615fa5b7a6dc411f276300a4ef86c7a9f57831378c42d40f04dc9acc,timestamped_live_quote
2026-09-25T14:56:54Z,dc2fd7526ea0bba9adc09a5627b637bf,2026-09-27T01:00:00Z,Sacramento State Hornets,UMass Minutemen,bovada,Bovada,2026-09-25T14:55:35Z,2026-09-25T14:55:35Z,Sacramento State Hornets,4.5,-110.0,2026,2026-09-25T14:56:54Z,1063,,,,c9b00767615fa5b7a6dc411f276300a4ef86c7a9f57831378c42d40f04dc9acc,timestamped_live_quote
2026-09-25T14:56:54Z,dc2fd7526ea0bba9adc09a5627b637bf,2026-09-27T01:00:00Z,Sacramento State Hornets,UMass Minutemen,bovada,Bovada,2026-09-25T14:55:35Z,2026-09-25T14:55:35Z,UMass Minutemen,-4.5,-110.0,2026,2026-09-25T14:56:54Z,1063,,,,c9b00767615fa5b7a6dc411f276300a4ef86c7a9f57831378c42d40f04dc9acc,timestamped_live_quote
2026-09-25T14:56:54Z,271438149d3f0afb2ff01736101b5e20,2026-09-27T02:00:00Z,Fresno State Bulldogs,Rice Owls,fanduel,FanDuel,2026-09-25T14:56:24Z,2026-09-25T14:56:24Z,Fresno State Bulldogs,-13.5,-110.0,2026,2026-09-25T14:56:54Z,1063,,,,c9b00767615fa5b7a6dc411f276300a4ef86c7a9f57831378c42d40f04dc9acc,timestamped_live_quote
2026-09-25T14:56:54Z,271438149d3f0afb2ff01736101b5e20,2026-09-27T02:00:00Z,Fresno State Bulldogs,Rice Owls,fanduel,FanDuel,2026-09-25T14:56:24Z,2026-09-25T14:56:24Z,Rice Owls,13.5,-110.0,2026,2026-09-25T14:56:54Z,1063,,,,c9b00767615fa5b7a6dc411f276300a4ef86c7a9f57831378c42d40f04dc9acc,timestamped_live_quote
2026-09-25T14:56:54Z,271438149d3f0afb2ff01736101b5e20,2026-09-27T02:00:00Z,Fresno State Bulldogs,Rice Owls,mybookieag,MyBookie.ag,2026-09-25T14:54:56Z,2026-09-25T14:54:56Z,Fresno State Bulldogs,-13.5,-110.0,2026,2026-09-25T14:56:54Z,1063,,,,c9b00767615fa5b7a6dc411f276300a4ef86c7a9f57831378c42d40f04dc9acc,timestamped_live_quote
2026-09-25T14:56:54Z,271438149d3f0afb2ff01736101b5e20,2026-09-27T02:00:00Z,Fresno State Bulldogs,Rice Owls,mybookieag,MyBookie.ag,2026-09-25T14:54:56Z,2026-09-25T14:54:56Z,Rice Owls,13.5,-110.0,2026,2026-09-25T14:56:54Z,1063,,,,c9b00767615fa5b7a6dc411f276300a4ef86c7a9f57831378c42d40f04dc9acc,timestamped_live_quote
2026-09-25T14:56:54Z,271438149d3f0afb2ff01736101b5e20,2026-09-27T02:00:00Z,Fresno State Bulldogs,Rice Owls,draftkings,DraftKings,2026-09-25T14:56:40Z,2026-09-25T14:56:40Z,Fresno State Bulldogs,-13.5,-110.0,2026,2026-09-25T14:56:54Z,1063,,,,c9b00767615fa5b7a6dc411f276300a4ef86c7a9f57831378c42d40f04dc9acc,timestamped_live_quote
2026-09-25T14:56:54Z,271438149d3f0afb2ff01736101b5e20,2026-09-27T02:00:00Z,Fresno State Bulldogs,Rice Owls,draftkings,DraftKings,2026-09-25T14:56:40Z,2026-09-25T14:56:40Z,Rice Owls,13.5,-110.0,2026,2026-09-25T14:56:54Z,1063,,,,c9b00767615fa5b7a6dc411f276300a4ef86c7a9f57831378c42d40f04dc9acc,timestamped_live_quote
2026-09-25T14:56:54Z,271438149d3f0afb2ff01736101b5e20,2026-09-27T02:00:00Z,Fresno State Bulldogs,Rice Owls,betonlineag,BetOnline.ag,2026-09-25T14:56:27Z,2026-09-25T14:56:27Z,Fresno State Bulldogs,-13.0,-107.0,2026,2026-09-25T14:56:54Z,1063,,,,c9b00767615fa5b7a6dc411f276300a4ef86c7a9f57831378c42d40f04dc9acc,timestamped_live_quote
2026-09-25T14:56:54Z,271438149d3f0afb2ff01736101b5e20,2026-09-27T02:00:00Z,Fresno State Bulldogs,Rice Owls,betonlineag,BetOnline.ag,2026-09-25T14:56:27Z,2026-09-25T14:56:27Z,Rice Owls,13.0,-113.0,2026,2026-09-25T14:56:54Z,1063,,,,c9b00767615fa5b7a6dc411f276300a4ef86c7a9f57831378c42d40f04dc9acc,timestamped_live_quote
2026-09-25T14:56:54Z,271438149d3f0afb2ff01736101b5e20,2026-09-27T02:00:00Z,Fresno State Bulldogs,Rice Owls,lowvig,LowVig.ag,2026-09-25T14:56:25Z,2026-09-25T14:56:25Z,Fresno State Bulldogs,-13.0,-103.0,2026,2026-09-25T14:56:54Z,1063,,,,c9b00767615fa5b7a6dc411f276300a4ef86c7a9f57831378c42d40f04dc9acc,timestamped_live_quote
2026-09-25T14:56:54Z,271438149d3f0afb2ff01736101b5e20,2026-09-27T02:00:00Z,Fresno State Bulldogs,Rice Owls,lowvig,LowVig.ag,2026-09-25T14:56:25Z,2026-09-25T14:56:25Z,Rice Owls,13.0,-109.0,2026,2026-09-25T14:56:54Z,1063,,,,c9b00767615fa5b7a6dc411f276300a4ef86c7a9f57831378c42d40f04dc9acc,timestamped_live_quote
2026-09-25T14:56:54Z,271438149d3f0afb2ff01736101b5e20,2026-09-27T02:00:00Z,Fresno State Bulldogs,Rice Owls,betus,BetUS,2026-09-25T14:55:47Z,2026-09-25T14:55:47Z,Fresno State Bulldogs,-13.0,-107.0,2026,2026-09-25T14:56:54Z,1063,,,,c9b00767615fa5b7a6dc411f276300a4ef86c7a9f57831378c42d40f04dc9acc,timestamped_live_quote
2026-09-25T14:56:54Z,271438149d3f0afb2ff01736101b5e20,2026-09-27T02:00:00Z,Fresno State Bulldogs,Rice Owls,betus,BetUS,2026-09-25T14:55:47Z,2026-09-25T14:55:47Z,Rice Owls,13.0,-113.0,2026,2026-09-25T14:56:54Z,1063,,,,c9b00767615fa5b7a6dc411f276300a4ef86c7a9f57831378c42d40f04dc9acc,timestamped_live_quote
2026-09-25T14:56:54Z,271438149d3f0afb2ff01736101b5e20,2026-09-27T02:00:00Z,Fresno State Bulldogs,Rice Owls,betmgm,BetMGM,2026-09-25T14:56:42Z,2026-09-25T14:56:42Z,Fresno State Bulldogs,-13.5,-112.0,2026,2026-09-25T14:56:54Z,1063,,,,c9b00767615fa5b7a6dc411f276300a4ef86c7a9f57831378c42d40f04dc9acc,timestamped_live_quote
2026-09-25T14:56:54Z,271438149d3f0afb2ff01736101b5e20,2026-09-27T02:00:00Z,Fresno State Bulldogs,Rice Owls,betmgm,BetMGM,2026-09-25T14:56:42Z,2026-09-25T14:56:42Z,Rice Owls,13.5,-118.0,2026,2026-09-25T14:56:54Z,1063,,,,c9b00767615fa5b7a6dc411f276300a4ef86c7a9f57831378c42d40f04dc9acc,timestamped_live_quote
2026-09-25T14:56:54Z,271438149d3f0afb2ff01736101b5e20,2026-09-27T02:00:00Z,Fresno State Bulldogs,Rice Owls,betrivers,BetRivers,2026-09-25T14:55:36Z,2026-09-25T14:55:36Z,Fresno State Bulldogs,-13.5,-109.0,2026,2026-09-25T14:56:54Z,1063,,,,c9b00767615fa5b7a6dc411f276300a4ef86c7a9f57831378c42d40f04dc9acc,timestamped_live_quote
2026-09-25T14:56:54Z,271438149d3f0afb2ff01736101b5e20,2026-09-27T02:00:00Z,Fresno State Bulldogs,Rice Owls,betrivers,BetRivers,2026-09-25T14:55:36Z,2026-09-25T14:55:36Z,Rice Owls,13.5,-113.0,2026,2026-09-25T14:56:54Z,1063,,,,c9b00767615fa5b7a6dc411f276300a4ef86c7a9f57831378c42d40f04dc9acc,timestamped_live_quote
2026-09-25T14:56:54Z,271438149d3f0afb2ff01736101b5e20,2026-09-27T02:00:00Z,Fresno State Bulldogs,Rice Owls,bovada,Bovada,2026-09-25T14:55:35Z,2026-09-25T14:55:35Z,Fresno State Bulldogs,-13.5,-110.0,2026,2026-09-25T14:56:54Z,1063,,,,c9b00767615fa5b7a6dc411f276300a4ef86c7a9f57831378c42d40f04dc9acc,timestamped_live_quote
2026-09-25T14:56:54Z,271438149d3f0afb2ff01736101b5e20,2026-09-27T02:00:00Z,Fresno State Bulldogs,Rice Owls,bovada,Bovada,2026-09-25T14:55:35Z,2026-09-25T14:55:35Z,Rice Owls,13.5,-110.0,2026,2026-09-25T14:56:54Z,1063,,,,c9b00767615fa5b7a6dc411f276300a4ef86c7a9f57831378c42d40f04dc9acc,timestamped_live_quote
2026-09-25T14:56:54Z,e972bb2c0291b991de32cc0188c9d338,2026-09-27T02:30:00Z,Nevada Wolf Pack,Air Force Falcons,fanduel,FanDuel,2026-09-25T14:56:24Z,2026-09-25T14:56:24Z,Air Force Falcons,-5.5,-110.0,2026,2026-09-25T14:56:54Z,1063,,,,c9b00767615fa5b7a6dc411f276300a4ef86c7a9f57831378c42d40f04dc9acc,timestamped_live_quote
2026-09-25T14:56:54Z,e972bb2c0291b991de32cc0188c9d338,2026-09-27T02:30:00Z,Nevada Wolf Pack,Air Force Falcons,fanduel,FanDuel,2026-09-25T14:56:24Z,2026-09-25T14:56:24Z,Nevada Wolf Pack,5.5,-110.0,2026,2026-09-25T14:56:54Z,1063,,,,c9b00767615fa5b7a6dc411f276300a4ef86c7a9f57831378c42d40f04dc9acc,timestamped_live_quote
2026-09-25T14:56:54Z,e972bb2c0291b991de32cc0188c9d338,2026-09-27T02:30:00Z,Nevada Wolf Pack,Air Force Falcons,mybookieag,MyBookie.ag,2026-09-25T14:54:56Z,2026-09-25T14:54:56Z,Air Force Falcons,-5.5,-110.0,2026,2026-09-25T14:56:54Z,1063,,,,c9b00767615fa5b7a6dc411f276300a4ef86c7a9f57831378c42d40f04dc9acc,timestamped_live_quote
2026-09-25T14:56:54Z,e972bb2c0291b991de32cc0188c9d338,2026-09-27T02:30:00Z,Nevada Wolf Pack,Air Force Falcons,mybookieag,MyBookie.ag,2026-09-25T14:54:56Z,2026-09-25T14:54:56Z,Nevada Wolf Pack,5.5,-110.0,2026,2026-09-25T14:56:54Z,1063,,,,c9b00767615fa5b7a6dc411f276300a4ef86c7a9f57831378c42d40f04dc9acc,timestamped_live_quote
2026-09-25T14:56:54Z,e972bb2c0291b991de32cc0188c9d338,2026-09-27T02:30:00Z,Nevada Wolf Pack,Air Force Falcons,draftkings,DraftKings,2026-09-25T14:56:40Z,2026-09-25T14:56:40Z,Air Force Falcons,-5.5,-108.0,2026,2026-09-25T14:56:54Z,1063,,,,c9b00767615fa5b7a6dc411f276300a4ef86c7a9f57831378c42d40f04dc9acc,timestamped_live_quote
2026-09-25T14:56:54Z,e972bb2c0291b991de32cc0188c9d338,2026-09-27T02:30:00Z,Nevada Wolf Pack,Air Force Falcons,draftkings,DraftKings,2026-09-25T14:56:40Z,2026-09-25T14:56:40Z,Nevada Wolf Pack,5.5,-112.0,2026,2026-09-25T14:56:54Z,1063,,,,c9b00767615fa5b7a6dc411f276300a4ef86c7a9f57831378c42d40f04dc9acc,timestamped_live_quote
2026-09-25T14:56:54Z,e972bb2c0291b991de32cc0188c9d338,2026-09-27T02:30:00Z,Nevada Wolf Pack,Air Force Falcons,betonlineag,BetOnline.ag,2026-09-25T14:56:27Z,2026-09-25T14:56:27Z,Air Force Falcons,-5.5,-108.0,2026,2026-09-25T14:56:54Z,1063,,,,c9b00767615fa5b7a6dc411f276300a4ef86c7a9f57831378c42d40f04dc9acc,timestamped_live_quote
2026-09-25T14:56:54Z,e972bb2c0291b991de32cc0188c9d338,2026-09-27T02:30:00Z,Nevada Wolf Pack,Air Force Falcons,betonlineag,BetOnline.ag,2026-09-25T14:56:27Z,2026-09-25T14:56:27Z,Nevada Wolf Pack,5.5,-112.0,2026,2026-09-25T14:56:54Z,1063,,,,c9b00767615fa5b7a6dc411f276300a4ef86c7a9f57831378c42d40f04dc9acc,timestamped_live_quote
2026-09-25T14:56:54Z,e972bb2c0291b991de32cc0188c9d338,2026-09-27T02:30:00Z,Nevada Wolf Pack,Air Force Falcons,lowvig,LowVig.ag,2026-09-25T14:56:25Z,2026-09-25T14:56:25Z,Air Force Falcons,-5.5,-104.0,2026,2026-09-25T14:56:54Z,1063,,,,c9b00767615fa5b7a6dc411f276300a4ef86c7a9f57831378c42d40f04dc9acc,timestamped_live_quote
2026-09-25T14:56:54Z,e972bb2c0291b991de32cc0188c9d338,2026-09-27T02:30:00Z,Nevada Wolf Pack,Air Force Falcons,lowvig,LowVig.ag,2026-09-25T14:56:25Z,2026-09-25T14:56:25Z,Nevada Wolf Pack,5.5,-108.0,2026,2026-09-25T14:56:54Z,1063,,,,c9b00767615fa5b7a6dc411f276300a4ef86c7a9f57831378c42d40f04dc9acc,timestamped_live_quote
2026-09-25T14:56:54Z,e972bb2c0291b991de32cc0188c9d338,2026-09-27T02:30:00Z,Nevada Wolf Pack,Air Force Falcons,betmgm,BetMGM,2026-09-25T14:56:42Z,2026-09-25T14:56:42Z,Air Force Falcons,-5.5,-108.0,2026,2026-09-25T14:56:54Z,1063,,,,c9b00767615fa5b7a6dc411f276300a4ef86c7a9f57831378c42d40f04dc9acc,timestamped_live_quote
2026-09-25T14:56:54Z,e972bb2c0291b991de32cc0188c9d338,2026-09-27T02:30:00Z,Nevada Wolf Pack,Air Force Falcons,betmgm,BetMGM,2026-09-25T14:56:42Z,2026-09-25T14:56:42Z,Nevada Wolf Pack,5.5,-110.0,2026,2026-09-25T14:56:54Z,1063,,,,c9b00767615fa5b7a6dc411f276300a4ef86c7a9f57831378c42d40f04dc9acc,timestamped_live_quote
2026-09-25T14:56:54Z,e972bb2c0291b991de32cc0188c9d338,2026-09-27T02:30:00Z,Nevada Wolf Pack,Air Force Falcons,betus,BetUS,2026-09-25T14:55:47Z,2026-09-25T14:55:47Z,Air Force Falcons,-5.5,-110.0,2026,2026-09-25T14:56:54Z,1063,,,,c9b00767615fa5b7a6dc411f276300a4ef86c7a9f57831378c42d40f04dc9acc,timestamped_live_quote
2026-09-25T14:56:54Z,e972bb2c0291b991de32cc0188c9d338,2026-09-27T02:30:00Z,Nevada Wolf Pack,Air Force Falcons,betus,BetUS,2026-09-25T14:55:47Z,2026-09-25T14:55:47Z,Nevada Wolf Pack,5.5,-110.0,2026,2026-09-25T14:56:54Z,1063,,,,c9b00767615fa5b7a6dc411f276300a4ef86c7a9f57831378c42d40f04dc9acc,timestamped_live_quote
2026-09-25T14:56:54Z,e972bb2c0291b991de32cc0188c9d338,2026-09-27T02:30:00Z,Nevada Wolf Pack,Air Force Falcons,betrivers,BetRivers,2026-09-25T14:55:36Z,2026-09-25T14:55:36Z,Air Force Falcons,-6.0,-108.0,2026,2026-09-25T14:56:54Z,1063,,,,c9b00767615fa5b7a6dc411f276300a4ef86c7a9f57831378c42d40f04dc9acc,timestamped_live_quote
2026-09-25T14:56:54Z,e972bb2c0291b991de32cc0188c9d338,2026-09-27T02:30:00Z,Nevada Wolf Pack,Air Force Falcons,betrivers,BetRivers,2026-09-25T14:55:36Z,2026-09-25T14:55:36Z,Nevada Wolf Pack,6.0,-114.0,2026,2026-09-25T14:56:54Z,1063,,,,c9b00767615fa5b7a6dc411f276300a4ef86c7a9f57831378c42d40f04dc9acc,timestamped_live_quote
2026-09-25T14:56:54Z,e972bb2c0291b991de32cc0188c9d338,2026-09-27T02:30:00Z,Nevada Wolf Pack,Air Force Falcons,bovada,Bovada,2026-09-25T14:55:35Z,2026-09-25T14:55:35Z,Air Force Falcons,-5.5,-110.0,2026,2026-09-25T14:56:54Z,1063,,,,c9b00767615fa5b7a6dc411f276300a4ef86c7a9f57831378c42d40f04dc9acc,timestamped_live_quote
2026-09-25T14:56:54Z,e972bb2c0291b991de32cc0188c9d338,2026-09-27T02:30:00Z,Nevada Wolf Pack,Air Force Falcons,bovada,Bovada,2026-09-25T14:55:35Z,2026-09-25T14:55:35Z,Nevada Wolf Pack,5.5,-110.0,2026,2026-09-25T14:56:54Z,1063,,,,c9b00767615fa5b7a6dc411f276300a4ef86c7a9f57831378c42d40f04dc9acc,timestamped_live_quote
2026-09-25T14:56:54Z,0c86537a10b805d25a4ab4f4efdd4c30,2026-09-27T02:30:00Z,Stanford Cardinal,Georgia Tech Yellow Jackets,fanduel,FanDuel,2026-09-25T14:56:24Z,2026-09-25T14:56:24Z,Georgia Tech Yellow Jackets,-3.5,-110.0,2026,2026-09-25T14:56:54Z,1063,,,,c9b00767615fa5b7a6dc411f276300a4ef86c7a9f57831378c42d40f04dc9acc,timestamped_live_quote
2026-09-25T14:56:54Z,0c86537a10b805d25a4ab4f4efdd4c30,2026-09-27T02:30:00Z,Stanford Cardinal,Georgia Tech Yellow Jackets,fanduel,FanDuel,2026-09-25T14:56:24Z,2026-09-25T14:56:24Z,Stanford Cardinal,3.5,-110.0,2026,2026-09-25T14:56:54Z,1063,,,,c9b00767615fa5b7a6dc411f276300a4ef86c7a9f57831378c42d40f04dc9acc,timestamped_live_quote
2026-09-25T14:56:54Z,0c86537a10b805d25a4ab4f4efdd4c30,2026-09-27T02:30:00Z,Stanford Cardinal,Georgia Tech Yellow Jackets,mybookieag,MyBookie.ag,2026-09-25T14:54:56Z,2026-09-25T14:54:56Z,Georgia Tech Yellow Jackets,-3.5,-110.0,2026,2026-09-25T14:56:54Z,1063,,,,c9b00767615fa5b7a6dc411f276300a4ef86c7a9f57831378c42d40f04dc9acc,timestamped_live_quote
2026-09-25T14:56:54Z,0c86537a10b805d25a4ab4f4efdd4c30,2026-09-27T02:30:00Z,Stanford Cardinal,Georgia Tech Yellow Jackets,mybookieag,MyBookie.ag,2026-09-25T14:54:56Z,2026-09-25T14:54:56Z,Stanford Cardinal,3.5,-110.0,2026,2026-09-25T14:56:54Z,1063,,,,c9b00767615fa5b7a6dc411f276300a4ef86c7a9f57831378c42d40f04dc9acc,timestamped_live_quote
2026-09-25T14:56:54Z,0c86537a10b805d25a4ab4f4efdd4c30,2026-09-27T02:30:00Z,Stanford Cardinal,Georgia Tech Yellow Jackets,draftkings,DraftKings,2026-09-25T14:56:40Z,2026-09-25T14:56:40Z,Georgia Tech Yellow Jackets,-3.5,-108.0,2026,2026-09-25T14:56:54Z,1063,,,,c9b00767615fa5b7a6dc411f276300a4ef86c7a9f57831378c42d40f04dc9acc,timestamped_live_quote
2026-09-25T14:56:54Z,0c86537a10b805d25a4ab4f4efdd4c30,2026-09-27T02:30:00Z,Stanford Cardinal,Georgia Tech Yellow Jackets,draftkings,DraftKings,2026-09-25T14:56:40Z,2026-09-25T14:56:40Z,Stanford Cardinal,3.5,-112.0,2026,2026-09-25T14:56:54Z,1063,,,,c9b00767615fa5b7a6dc411f276300a4ef86c7a9f57831378c42d40f04dc9acc,timestamped_live_quote
2026-09-25T14:56:54Z,0c86537a10b805d25a4ab4f4efdd4c30,2026-09-27T02:30:00Z,Stanford Cardinal,Georgia Tech Yellow Jackets,betonlineag,BetOnline.ag,2026-09-25T14:56:27Z,2026-09-25T14:56:27Z,Georgia Tech Yellow Jackets,-3.5,-105.0,2026,2026-09-25T14:56:54Z,1063,,,,c9b00767615fa5b7a6dc411f276300a4ef86c7a9f57831378c42d40f04dc9acc,timestamped_live_quote
2026-09-25T14:56:54Z,0c86537a10b805d25a4ab4f4efdd4c30,2026-09-27T02:30:00Z,Stanford Cardinal,Georgia Tech Yellow Jackets,betonlineag,BetOnline.ag,2026-09-25T14:56:27Z,2026-09-25T14:56:27Z,Stanford Cardinal,3.5,-115.0,2026,2026-09-25T14:56:54Z,1063,,,,c9b00767615fa5b7a6dc411f276300a4ef86c7a9f57831378c42d40f04dc9acc,timestamped_live_quote
2026-09-25T14:56:54Z,0c86537a10b805d25a4ab4f4efdd4c30,2026-09-27T02:30:00Z,Stanford Cardinal,Georgia Tech Yellow Jackets,lowvig,LowVig.ag,2026-09-25T14:56:25Z,2026-09-25T14:56:25Z,Georgia Tech Yellow Jackets,-3.5,-101.0,2026,2026-09-25T14:56:54Z,1063,,,,c9b00767615fa5b7a6dc411f276300a4ef86c7a9f57831378c42d40f04dc9acc,timestamped_live_quote
2026-09-25T14:56:54Z,0c86537a10b805d25a4ab4f4efdd4c30,2026-09-27T02:30:00Z,Stanford Cardinal,Georgia Tech Yellow Jackets,lowvig,LowVig.ag,2026-09-25T14:56:25Z,2026-09-25T14:56:25Z,Stanford Cardinal,3.5,-111.0,2026,2026-09-25T14:56:54Z,1063,,,,c9b00767615fa5b7a6dc411f276300a4ef86c7a9f57831378c42d40f04dc9acc,timestamped_live_quote
2026-09-25T14:56:54Z,0c86537a10b805d25a4ab4f4efdd4c30,2026-09-27T02:30:00Z,Stanford Cardinal,Georgia Tech Yellow Jackets,betmgm,BetMGM,2026-09-25T14:56:42Z,2026-09-25T14:56:42Z,Georgia Tech Yellow Jackets,-3.5,-108.0,2026,2026-09-25T14:56:54Z,1063,,,,c9b00767615fa5b7a6dc411f276300a4ef86c7a9f57831378c42d40f04dc9acc,timestamped_live_quote
2026-09-25T14:56:54Z,0c86537a10b805d25a4ab4f4efdd4c30,2026-09-27T02:30:00Z,Stanford Cardinal,Georgia Tech Yellow Jackets,betmgm,BetMGM,2026-09-25T14:56:42Z,2026-09-25T14:56:42Z,Stanford Cardinal,3.5,-110.0,2026,2026-09-25T14:56:54Z,1063,,,,c9b00767615fa5b7a6dc411f276300a4ef86c7a9f57831378c42d40f04dc9acc,timestamped_live_quote
2026-09-25T14:56:54Z,0c86537a10b805d25a4ab4f4efdd4c30,2026-09-27T02:30:00Z,Stanford Cardinal,Georgia Tech Yellow Jackets,betus,BetUS,2026-09-25T14:55:47Z,2026-09-25T14:55:47Z,Georgia Tech Yellow Jackets,-3.5,-105.0,2026,2026-09-25T14:56:54Z,1063,,,,c9b00767615fa5b7a6dc411f276300a4ef86c7a9f57831378c42d40f04dc9acc,timestamped_live_quote
2026-09-25T14:56:54Z,0c86537a10b805d25a4ab4f4efdd4c30,2026-09-27T02:30:00Z,Stanford Cardinal,Georgia Tech Yellow Jackets,betus,BetUS,2026-09-25T14:55:47Z,2026-09-25T14:55:47Z,Stanford Cardinal,3.5,-115.0,2026,2026-09-25T14:56:54Z,1063,,,,c9b00767615fa5b7a6dc411f276300a4ef86c7a9f57831378c42d40f04dc9acc,timestamped_live_quote
2026-09-25T14:56:54Z,0c86537a10b805d25a4ab4f4efdd4c30,2026-09-27T02:30:00Z,Stanford Cardinal,Georgia Tech Yellow Jackets,betrivers,BetRivers,2026-09-25T14:55:36Z,2026-09-25T14:55:36Z,Georgia Tech Yellow Jackets,-3.5,-106.0,2026,2026-09-25T14:56:54Z,1063,,,,c9b00767615fa5b7a6dc411f276300a4ef86c7a9f57831378c42d40f04dc9acc,timestamped_live_quote
2026-09-25T14:56:54Z,0c86537a10b805d25a4ab4f4efdd4c30,2026-09-27T02:30:00Z,Stanford Cardinal,Georgia Tech Yellow Jackets,betrivers,BetRivers,2026-09-25T14:55:36Z,2026-09-25T14:55:36Z,Stanford Cardinal,3.5,-118.0,2026,2026-09-25T14:56:54Z,1063,,,,c9b00767615fa5b7a6dc411f276300a4ef86c7a9f57831378c42d40f04dc9acc,timestamped_live_quote
2026-09-25T14:56:54Z,0c86537a10b805d25a4ab4f4efdd4c30,2026-09-27T02:30:00Z,Stanford Cardinal,Georgia Tech Yellow Jackets,bovada,Bovada,2026-09-25T14:55:35Z,2026-09-25T14:55:35Z,Georgia Tech Yellow Jackets,-3.5,-105.0,2026,2026-09-25T14:56:54Z,1063,,,,c9b00767615fa5b7a6dc411f276300a4ef86c7a9f57831378c42d40f04dc9acc,timestamped_live_quote
2026-09-25T14:56:54Z,0c86537a10b805d25a4ab4f4efdd4c30,2026-09-27T02:30:00Z,Stanford Cardinal,Georgia Tech Yellow Jackets,bovada,Bovada,2026-09-25T14:55:35Z,2026-09-25T14:55:35Z,Stanford Cardinal,3.5,-115.0,2026,2026-09-25T14:56:54Z,1063,,,,c9b00767615fa5b7a6dc411f276300a4ef86c7a9f57831378c42d40f04dc9acc,timestamped_live_quote
2026-09-25T14:56:54Z,e497e36c59bded468da11878568e7c80,2026-09-27T03:00:00Z,Washington Huskies,Minnesota Golden Gophers,fanduel,FanDuel,2026-09-25T14:56:24Z,2026-09-25T14:56:24Z,Minnesota Golden Gophers,9.5,-105.0,2026,2026-09-25T14:56:54Z,1063,,,,c9b00767615fa5b7a6dc411f276300a4ef86c7a9f57831378c42d40f04dc9acc,timestamped_live_quote
2026-09-25T14:56:54Z,e497e36c59bded468da11878568e7c80,2026-09-27T03:00:00Z,Washington Huskies,Minnesota Golden Gophers,fanduel,FanDuel,2026-09-25T14:56:24Z,2026-09-25T14:56:24Z,Washington Huskies,-9.5,-115.0,2026,2026-09-25T14:56:54Z,1063,,,,c9b00767615fa5b7a6dc411f276300a4ef86c7a9f57831378c42d40f04dc9acc,timestamped_live_quote
2026-09-25T14:56:54Z,e497e36c59bded468da11878568e7c80,2026-09-27T03:00:00Z,Washington Huskies,Minnesota Golden Gophers,draftkings,DraftKings,2026-09-25T14:56:40Z,2026-09-25T14:56:40Z,Minnesota Golden Gophers,10.0,-108.0,2026,2026-09-25T14:56:54Z,1063,,,,c9b00767615fa5b7a6dc411f276300a4ef86c7a9f57831378c42d40f04dc9acc,timestamped_live_quote
2026-09-25T14:56:54Z,e497e36c59bded468da11878568e7c80,2026-09-27T03:00:00Z,Washington Huskies,Minnesota Golden Gophers,draftkings,DraftKings,2026-09-25T14:56:40Z,2026-09-25T14:56:40Z,Washington Huskies,-10.0,-112.0,2026,2026-09-25T14:56:54Z,1063,,,,c9b00767615fa5b7a6dc411f276300a4ef86c7a9f57831378c42d40f04dc9acc,timestamped_live_quote
2026-09-25T14:56:54Z,e497e36c59bded468da11878568e7c80,2026-09-27T03:00:00Z,Washington Huskies,Minnesota Golden Gophers,mybookieag,MyBookie.ag,2026-09-25T14:54:56Z,2026-09-25T14:54:56Z,Minnesota Golden Gophers,10.0,-110.0,2026,2026-09-25T14:56:54Z,1063,,,,c9b00767615fa5b7a6dc411f276300a4ef86c7a9f57831378c42d40f04dc9acc,timestamped_live_quote
2026-09-25T14:56:54Z,e497e36c59bded468da11878568e7c80,2026-09-27T03:00:00Z,Washington Huskies,Minnesota Golden Gophers,mybookieag,MyBookie.ag,2026-09-25T14:54:56Z,2026-09-25T14:54:56Z,Washington Huskies,-10.0,-110.0,2026,2026-09-25T14:56:54Z,1063,,,,c9b00767615fa5b7a6dc411f276300a4ef86c7a9f57831378c42d40f04dc9acc,timestamped_live_quote
2026-09-25T14:56:54Z,e497e36c59bded468da11878568e7c80,2026-09-27T03:00:00Z,Washington Huskies,Minnesota Golden Gophers,betonlineag,BetOnline.ag,2026-09-25T14:56:27Z,2026-09-25T14:56:27Z,Minnesota Golden Gophers,10.0,-110.0,2026,2026-09-25T14:56:54Z,1063,,,,c9b00767615fa5b7a6dc411f276300a4ef86c7a9f57831378c42d40f04dc9acc,timestamped_live_quote
2026-09-25T14:56:54Z,e497e36c59bded468da11878568e7c80,2026-09-27T03:00:00Z,Washington Huskies,Minnesota Golden Gophers,betonlineag,BetOnline.ag,2026-09-25T14:56:27Z,2026-09-25T14:56:27Z,Washington Huskies,-10.0,-110.0,2026,2026-09-25T14:56:54Z,1063,,,,c9b00767615fa5b7a6dc411f276300a4ef86c7a9f57831378c42d40f04dc9acc,timestamped_live_quote
2026-09-25T14:56:54Z,e497e36c59bded468da11878568e7c80,2026-09-27T03:00:00Z,Washington Huskies,Minnesota Golden Gophers,lowvig,LowVig.ag,2026-09-25T14:56:25Z,2026-09-25T14:56:25Z,Minnesota Golden Gophers,10.0,-106.0,2026,2026-09-25T14:56:54Z,1063,,,,c9b00767615fa5b7a6dc411f276300a4ef86c7a9f57831378c42d40f04dc9acc,timestamped_live_quote
2026-09-25T14:56:54Z,e497e36c59bded468da11878568e7c80,2026-09-27T03:00:00Z,Washington Huskies,Minnesota Golden Gophers,lowvig,LowVig.ag,2026-09-25T14:56:25Z,2026-09-25T14:56:25Z,Washington Huskies,-10.0,-106.0,2026,2026-09-25T14:56:54Z,1063,,,,c9b00767615fa5b7a6dc411f276300a4ef86c7a9f57831378c42d40f04dc9acc,timestamped_live_quote
2026-09-25T14:56:54Z,e497e36c59bded468da11878568e7c80,2026-09-27T03:00:00Z,Washington Huskies,Minnesota Golden Gophers,betmgm,BetMGM,2026-09-25T14:56:42Z,2026-09-25T14:56:42Z,Minnesota Golden Gophers,10.0,-110.0,2026,2026-09-25T14:56:54Z,1063,,,,c9b00767615fa5b7a6dc411f276300a4ef86c7a9f57831378c42d40f04dc9acc,timestamped_live_quote
2026-09-25T14:56:54Z,e497e36c59bded468da11878568e7c80,2026-09-27T03:00:00Z,Washington Huskies,Minnesota Golden Gophers,betmgm,BetMGM,2026-09-25T14:56:42Z,2026-09-25T14:56:42Z,Washington Huskies,-10.0,-110.0,2026,2026-09-25T14:56:54Z,1063,,,,c9b00767615fa5b7a6dc411f276300a4ef86c7a9f57831378c42d40f04dc9acc,timestamped_live_quote
2026-09-25T14:56:54Z,e497e36c59bded468da11878568e7c80,2026-09-27T03:00:00Z,Washington Huskies,Minnesota Golden Gophers,betus,BetUS,2026-09-25T14:55:47Z,2026-09-25T14:55:47Z,Minnesota Golden Gophers,10.0,-110.0,2026,2026-09-25T14:56:54Z,1063,,,,c9b00767615fa5b7a6dc411f276300a4ef86c7a9f57831378c42d40f04dc9acc,timestamped_live_quote
2026-09-25T14:56:54Z,e497e36c59bded468da11878568e7c80,2026-09-27T03:00:00Z,Washington Huskies,Minnesota Golden Gophers,betus,BetUS,2026-09-25T14:55:47Z,2026-09-25T14:55:47Z,Washington Huskies,-10.0,-110.0,2026,2026-09-25T14:56:54Z,1063,,,,c9b00767615fa5b7a6dc411f276300a4ef86c7a9f57831378c42d40f04dc9acc,timestamped_live_quote
2026-09-25T14:56:54Z,e497e36c59bded468da11878568e7c80,2026-09-27T03:00:00Z,Washington Huskies,Minnesota Golden Gophers,betrivers,BetRivers,2026-09-25T14:55:36Z,2026-09-25T14:55:36Z,Minnesota Golden Gophers,10.0,-112.0,2026,2026-09-25T14:56:54Z,1063,,,,c9b00767615fa5b7a6dc411f276300a4ef86c7a9f57831378c42d40f04dc9acc,timestamped_live_quote
2026-09-25T14:56:54Z,e497e36c59bded468da11878568e7c80,2026-09-27T03:00:00Z,Washington Huskies,Minnesota Golden Gophers,betrivers,BetRivers,2026-09-25T14:55:36Z,2026-09-25T14:55:36Z,Washington Huskies,-10.0,-112.0,2026,2026-09-25T14:56:54Z,1063,,,,c9b00767615fa5b7a6dc411f276300a4ef86c7a9f57831378c42d40f04dc9acc,timestamped_live_quote
2026-09-25T14:56:54Z,e497e36c59bded468da11878568e7c80,2026-09-27T03:00:00Z,Washington Huskies,Minnesota Golden Gophers,bovada,Bovada,2026-09-25T14:55:35Z,2026-09-25T14:55:35Z,Minnesota Golden Gophers,10.0,-110.0,2026,2026-09-25T14:56:54Z,1063,,,,c9b00767615fa5b7a6dc411f276300a4ef86c7a9f57831378c42d40f04dc9acc,timestamped_live_quote
2026-09-25T14:56:54Z,e497e36c59bded468da11878568e7c80,2026-09-27T03:00:00Z,Washington Huskies,Minnesota Golden Gophers,bovada,Bovada,2026-09-25T14:55:35Z,2026-09-25T14:55:35Z,Washington Huskies,-10.0,-110.0,2026,2026-09-25T14:56:54Z,1063,,,,c9b00767615fa5b7a6dc411f276300a4ef86c7a9f57831378c42d40f04dc9acc,timestamped_live_quote
2026-09-25T14:56:54Z,e61c74f0e28b46ad83270a6234b425f4,2026-10-02T23:00:00Z,Virginia Tech Hokies,Pittsburgh Panthers,draftkings,DraftKings,2026-09-25T14:56:40Z,2026-09-25T14:56:40Z,Pittsburgh Panthers,6.0,-110.0,2026,2026-09-25T14:56:54Z,1063,,,,c9b00767615fa5b7a6dc411f276300a4ef86c7a9f57831378c42d40f04dc9acc,timestamped_live_quote
2026-09-25T14:56:54Z,e61c74f0e28b46ad83270a6234b425f4,2026-10-02T23:00:00Z,Virginia Tech Hokies,Pittsburgh Panthers,draftkings,DraftKings,2026-09-25T14:56:40Z,2026-09-25T14:56:40Z,Virginia Tech Hokies,-6.0,-110.0,2026,2026-09-25T14:56:54Z,1063,,,,c9b00767615fa5b7a6dc411f276300a4ef86c7a9f57831378c42d40f04dc9acc,timestamped_live_quote
2026-09-25T14:56:54Z,e61c74f0e28b46ad83270a6234b425f4,2026-10-02T23:00:00Z,Virginia Tech Hokies,Pittsburgh Panthers,fanduel,FanDuel,2026-09-25T14:56:24Z,2026-09-25T14:56:24Z,Pittsburgh Panthers,5.5,100.0,2026,2026-09-25T14:56:54Z,1063,,,,c9b00767615fa5b7a6dc411f276300a4ef86c7a9f57831378c42d40f04dc9acc,timestamped_live_quote
2026-09-25T14:56:54Z,e61c74f0e28b46ad83270a6234b425f4,2026-10-02T23:00:00Z,Virginia Tech Hokies,Pittsburgh Panthers,fanduel,FanDuel,2026-09-25T14:56:24Z,2026-09-25T14:56:24Z,Virginia Tech Hokies,-5.5,-122.0,2026,2026-09-25T14:56:54Z,1063,,,,c9b00767615fa5b7a6dc411f276300a4ef86c7a9f57831378c42d40f04dc9acc,timestamped_live_quote
2026-09-25T14:56:54Z,0469a451e58ca81723a7760d4bede173,2026-10-03T00:00:00Z,Northwestern Wildcats,Penn State Nittany Lions,draftkings,DraftKings,2026-09-25T14:56:40Z,2026-09-25T14:56:40Z,Northwestern Wildcats,7.0,-110.0,2026,2026-09-25T14:56:54Z,1063,,,,c9b00767615fa5b7a6dc411f276300a4ef86c7a9f57831378c42d40f04dc9acc,timestamped_live_quote
2026-09-25T14:56:54Z,0469a451e58ca81723a7760d4bede173,2026-10-03T00:00:00Z,Northwestern Wildcats,Penn State Nittany Lions,draftkings,DraftKings,2026-09-25T14:56:40Z,2026-09-25T14:56:40Z,Penn State Nittany Lions,-7.0,-110.0,2026,2026-09-25T14:56:54Z,1063,,,,c9b00767615fa5b7a6dc411f276300a4ef86c7a9f57831378c42d40f04dc9acc,timestamped_live_quote
2026-09-25T14:56:54Z,0469a451e58ca81723a7760d4bede173,2026-10-03T00:00:00Z,Northwestern Wildcats,Penn State Nittany Lions,fanduel,FanDuel,2026-09-25T14:56:24Z,2026-09-25T14:56:24Z,Northwestern Wildcats,6.5,-118.0,2026,2026-09-25T14:56:54Z,1063,,,,c9b00767615fa5b7a6dc411f276300a4ef86c7a9f57831378c42d40f04dc9acc,timestamped_live_quote
2026-09-25T14:56:54Z,0469a451e58ca81723a7760d4bede173,2026-10-03T00:00:00Z,Northwestern Wildcats,Penn State Nittany Lions,fanduel,FanDuel,2026-09-25T14:56:24Z,2026-09-25T14:56:24Z,Penn State Nittany Lions,-6.5,-104.0,2026,2026-09-25T14:56:54Z,1063,,,,c9b00767615fa5b7a6dc411f276300a4ef86c7a9f57831378c42d40f04dc9acc,timestamped_live_quote
2026-09-25T14:56:54Z,6b22daf46195be6b3748584efe89dac1,2026-10-03T16:00:00Z,Mississippi State Bulldogs,Alabama Crimson Tide,draftkings,DraftKings,2026-09-25T14:56:40Z,2026-09-25T14:56:40Z,Alabama Crimson Tide,-3.5,-105.0,2026,2026-09-25T14:56:54Z,1063,,,,c9b00767615fa5b7a6dc411f276300a4ef86c7a9f57831378c42d40f04dc9acc,timestamped_live_quote
2026-09-25T14:56:54Z,6b22daf46195be6b3748584efe89dac1,2026-10-03T16:00:00Z,Mississippi State Bulldogs,Alabama Crimson Tide,draftkings,DraftKings,2026-09-25T14:56:40Z,2026-09-25T14:56:40Z,Mississippi State Bulldogs,3.5,-115.0,2026,2026-09-25T14:56:54Z,1063,,,,c9b00767615fa5b7a6dc411f276300a4ef86c7a9f57831378c42d40f04dc9acc,timestamped_live_quote
2026-09-25T14:56:54Z,6b22daf46195be6b3748584efe89dac1,2026-10-03T16:00:00Z,Mississippi State Bulldogs,Alabama Crimson Tide,fanduel,FanDuel,2026-09-25T14:56:24Z,2026-09-25T14:56:24Z,Alabama Crimson Tide,-3.5,-114.0,2026,2026-09-25T14:56:54Z,1063,,,,c9b00767615fa5b7a6dc411f276300a4ef86c7a9f57831378c42d40f04dc9acc,timestamped_live_quote
2026-09-25T14:56:54Z,6b22daf46195be6b3748584efe89dac1,2026-10-03T16:00:00Z,Mississippi State Bulldogs,Alabama Crimson Tide,fanduel,FanDuel,2026-09-25T14:56:24Z,2026-09-25T14:56:24Z,Mississippi State Bulldogs,3.5,-106.0,2026,2026-09-25T14:56:54Z,1063,,,,c9b00767615fa5b7a6dc411f276300a4ef86c7a9f57831378c42d40f04dc9acc,timestamped_live_quote
2026-09-25T14:56:54Z,932c7f6dfe06be77192fe000e9f3ac9d,2026-10-03T16:00:00Z,Clemson Tigers,Miami Hurricanes,draftkings,DraftKings,2026-09-25T14:56:40Z,2026-09-25T14:56:40Z,Clemson Tigers,17.5,-110.0,2026,2026-09-25T14:56:54Z,1063,,,,c9b00767615fa5b7a6dc411f276300a4ef86c7a9f57831378c42d40f04dc9acc,timestamped_live_quote
2026-09-25T14:56:54Z,932c7f6dfe06be77192fe000e9f3ac9d,2026-10-03T16:00:00Z,Clemson Tigers,Miami Hurricanes,draftkings,DraftKings,2026-09-25T14:56:40Z,2026-09-25T14:56:40Z,Miami Hurricanes,-17.5,-110.0,2026,2026-09-25T14:56:54Z,1063,,,,c9b00767615fa5b7a6dc411f276300a4ef86c7a9f57831378c42d40f04dc9acc,timestamped_live_quote
2026-09-25T14:56:54Z,932c7f6dfe06be77192fe000e9f3ac9d,2026-10-03T16:00:00Z,Clemson Tigers,Miami Hurricanes,fanduel,FanDuel,2026-09-25T14:56:24Z,2026-09-25T14:56:24Z,Clemson Tigers,17.5,-110.0,2026,2026-09-25T14:56:54Z,1063,,,,c9b00767615fa5b7a6dc411f276300a4ef86c7a9f57831378c42d40f04dc9acc,timestamped_live_quote
2026-09-25T14:56:54Z,932c7f6dfe06be77192fe000e9f3ac9d,2026-10-03T16:00:00Z,Clemson Tigers,Miami Hurricanes,fanduel,FanDuel,2026-09-25T14:56:24Z,2026-09-25T14:56:24Z,Miami Hurricanes,-17.5,-110.0,2026,2026-09-25T14:56:54Z,1063,,,,c9b00767615fa5b7a6dc411f276300a4ef86c7a9f57831378c42d40f04dc9acc,timestamped_live_quote
2026-09-25T14:56:54Z,46e1be6476ed577d1b5194b46b27c643,2026-10-03T16:00:00Z,Georgia Bulldogs,Vanderbilt Commodores,draftkings,DraftKings,2026-09-25T14:56:40Z,2026-09-25T14:56:40Z,Georgia Bulldogs,-23.5,-110.0,2026,2026-09-25T14:56:54Z,1063,,,,c9b00767615fa5b7a6dc411f276300a4ef86c7a9f57831378c42d40f04dc9acc,timestamped_live_quote
2026-09-25T14:56:54Z,46e1be6476ed577d1b5194b46b27c643,2026-10-03T16:00:00Z,Georgia Bulldogs,Vanderbilt Commodores,draftkings,DraftKings,2026-09-25T14:56:40Z,2026-09-25T14:56:40Z,Vanderbilt Commodores,23.5,-110.0,2026,2026-09-25T14:56:54Z,1063,,,,c9b00767615fa5b7a6dc411f276300a4ef86c7a9f57831378c42d40f04dc9acc,timestamped_live_quote
2026-09-25T14:56:54Z,a77fd3143159a9d16a75685528d9960b,2026-10-03T16:00:00Z,NC State Wolfpack,Louisville Cardinals,draftkings,DraftKings,2026-09-25T14:56:40Z,2026-09-25T14:56:40Z,Louisville Cardinals,-7.5,-110.0,2026,2026-09-25T14:56:54Z,1063,,,,c9b00767615fa5b7a6dc411f276300a4ef86c7a9f57831378c42d40f04dc9acc,timestamped_live_quote
2026-09-25T14:56:54Z,a77fd3143159a9d16a75685528d9960b,2026-10-03T16:00:00Z,NC State Wolfpack,Louisville Cardinals,draftkings,DraftKings,2026-09-25T14:56:40Z,2026-09-25T14:56:40Z,NC State Wolfpack,7.5,-110.0,2026,2026-09-25T14:56:54Z,1063,,,,c9b00767615fa5b7a6dc411f276300a4ef86c7a9f57831378c42d40f04dc9acc,timestamped_live_quote
2026-09-25T14:56:54Z,a2f01448219e39fd44e3d98ea5c7f482,2026-10-03T16:00:00Z,Minnesota Golden Gophers,Michigan Wolverines,draftkings,DraftKings,2026-09-25T14:56:40Z,2026-09-25T14:56:40Z,Michigan Wolverines,-7.5,-110.0,2026,2026-09-25T14:56:54Z,1063,,,,c9b00767615fa5b7a6dc411f276300a4ef86c7a9f57831378c42d40f04dc9acc,timestamped_live_quote
2026-09-25T14:56:54Z,a2f01448219e39fd44e3d98ea5c7f482,2026-10-03T16:00:00Z,Minnesota Golden Gophers,Michigan Wolverines,draftkings,DraftKings,2026-09-25T14:56:40Z,2026-09-25T14:56:40Z,Minnesota Golden Gophers,7.5,-110.0,2026,2026-09-25T14:56:54Z,1063,,,,c9b00767615fa5b7a6dc411f276300a4ef86c7a9f57831378c42d40f04dc9acc,timestamped_live_quote
2026-09-25T14:56:54Z,a2f01448219e39fd44e3d98ea5c7f482,2026-10-03T16:00:00Z,Minnesota Golden Gophers,Michigan Wolverines,fanduel,FanDuel,2026-09-25T14:56:24Z,2026-09-25T14:56:24Z,Michigan Wolverines,-7.5,100.0,2026,2026-09-25T14:56:54Z,1063,,,,c9b00767615fa5b7a6dc411f276300a4ef86c7a9f57831378c42d40f04dc9acc,timestamped_live_quote
2026-09-25T14:56:54Z,a2f01448219e39fd44e3d98ea5c7f482,2026-10-03T16:00:00Z,Minnesota Golden Gophers,Michigan Wolverines,fanduel,FanDuel,2026-09-25T14:56:24Z,2026-09-25T14:56:24Z,Minnesota Golden Gophers,7.5,-122.0,2026,2026-09-25T14:56:54Z,1063,,,,c9b00767615fa5b7a6dc411f276300a4ef86c7a9f57831378c42d40f04dc9acc,timestamped_live_quote
2026-09-25T14:56:54Z,2b8db5053d533b488c0d76f49382d219,2026-10-03T16:00:00Z,North Carolina Tar Heels,Notre Dame Fighting Irish,draftkings,DraftKings,2026-09-25T14:56:40Z,2026-09-25T14:56:40Z,North Carolina Tar Heels,20.5,-110.0,2026,2026-09-25T14:56:54Z,1063,,,,c9b00767615fa5b7a6dc411f276300a4ef86c7a9f57831378c42d40f04dc9acc,timestamped_live_quote
2026-09-25T14:56:54Z,2b8db5053d533b488c0d76f49382d219,2026-10-03T16:00:00Z,North Carolina Tar Heels,Notre Dame Fighting Irish,draftkings,DraftKings,2026-09-25T14:56:40Z,2026-09-25T14:56:40Z,Notre Dame Fighting Irish,-20.5,-110.0,2026,2026-09-25T14:56:54Z,1063,,,,c9b00767615fa5b7a6dc411f276300a4ef86c7a9f57831378c42d40f04dc9acc,timestamped_live_quote
2026-09-25T14:56:54Z,f2defdeeb6cb3aa4a86b01a7a5b1ece4,2026-10-03T19:30:00Z,Tennessee Volunteers,Auburn Tigers,draftkings,DraftKings,2026-09-25T14:56:40Z,2026-09-25T14:56:40Z,Auburn Tigers,7.5,-110.0,2026,2026-09-25T14:56:54Z,1063,,,,c9b00767615fa5b7a6dc411f276300a4ef86c7a9f57831378c42d40f04dc9acc,timestamped_live_quote
2026-09-25T14:56:54Z,f2defdeeb6cb3aa4a86b01a7a5b1ece4,2026-10-03T19:30:00Z,Tennessee Volunteers,Auburn Tigers,draftkings,DraftKings,2026-09-25T14:56:40Z,2026-09-25T14:56:40Z,Tennessee Volunteers,-7.5,-110.0,2026,2026-09-25T14:56:54Z,1063,,,,c9b00767615fa5b7a6dc411f276300a4ef86c7a9f57831378c42d40f04dc9acc,timestamped_live_quote
2026-09-25T14:56:54Z,f2defdeeb6cb3aa4a86b01a7a5b1ece4,2026-10-03T19:30:00Z,Tennessee Volunteers,Auburn Tigers,fanduel,FanDuel,2026-09-25T14:56:24Z,2026-09-25T14:56:24Z,Auburn Tigers,8.5,-110.0,2026,2026-09-25T14:56:54Z,1063,,,,c9b00767615fa5b7a6dc411f276300a4ef86c7a9f57831378c42d40f04dc9acc,timestamped_live_quote
2026-09-25T14:56:54Z,f2defdeeb6cb3aa4a86b01a7a5b1ece4,2026-10-03T19:30:00Z,Tennessee Volunteers,Auburn Tigers,fanduel,FanDuel,2026-09-25T14:56:24Z,2026-09-25T14:56:24Z,Tennessee Volunteers,-8.5,-110.0,2026,2026-09-25T14:56:54Z,1063,,,,c9b00767615fa5b7a6dc411f276300a4ef86c7a9f57831378c42d40f04dc9acc,timestamped_live_quote
2026-09-25T14:56:54Z,6d39ea01c532535edf756b8086656518,2026-10-03T19:30:00Z,Missouri Tigers,Florida Gators,draftkings,DraftKings,2026-09-25T14:56:40Z,2026-09-25T14:56:40Z,Florida Gators,-3.0,-110.0,2026,2026-09-25T14:56:54Z,1063,,,,c9b00767615fa5b7a6dc411f276300a4ef86c7a9f57831378c42d40f04dc9acc,timestamped_live_quote
2026-09-25T14:56:54Z,6d39ea01c532535edf756b8086656518,2026-10-03T19:30:00Z,Missouri Tigers,Florida Gators,draftkings,DraftKings,2026-09-25T14:56:40Z,2026-09-25T14:56:40Z,Missouri Tigers,3.0,-110.0,2026,2026-09-25T14:56:54Z,1063,,,,c9b00767615fa5b7a6dc411f276300a4ef86c7a9f57831378c42d40f04dc9acc,timestamped_live_quote
2026-09-25T14:56:54Z,6d39ea01c532535edf756b8086656518,2026-10-03T19:30:00Z,Missouri Tigers,Florida Gators,fanduel,FanDuel,2026-09-25T14:56:24Z,2026-09-25T14:56:24Z,Florida Gators,-2.5,-122.0,2026,2026-09-25T14:56:54Z,1063,,,,c9b00767615fa5b7a6dc411f276300a4ef86c7a9f57831378c42d40f04dc9acc,timestamped_live_quote
2026-09-25T14:56:54Z,6d39ea01c532535edf756b8086656518,2026-10-03T19:30:00Z,Missouri Tigers,Florida Gators,fanduel,FanDuel,2026-09-25T14:56:24Z,2026-09-25T14:56:24Z,Missouri Tigers,2.5,100.0,2026,2026-09-25T14:56:54Z,1063,,,,c9b00767615fa5b7a6dc411f276300a4ef86c7a9f57831378c42d40f04dc9acc,timestamped_live_quote
2026-09-25T14:56:54Z,b163da8a283ade5bd6428a3ca01da8b8,2026-10-03T19:30:00Z,Iowa Hawkeyes,Ohio State Buckeyes,draftkings,DraftKings,2026-09-25T14:56:40Z,2026-09-25T14:56:40Z,Iowa Hawkeyes,14.0,-110.0,2026,2026-09-25T14:56:54Z,1063,,,,c9b00767615fa5b7a6dc411f276300a4ef86c7a9f57831378c42d40f04dc9acc,timestamped_live_quote
2026-09-25T14:56:54Z,b163da8a283ade5bd6428a3ca01da8b8,2026-10-03T19:30:00Z,Iowa Hawkeyes,Ohio State Buckeyes,draftkings,DraftKings,2026-09-25T14:56:40Z,2026-09-25T14:56:40Z,Ohio State Buckeyes,-14.0,-110.0,2026,2026-09-25T14:56:54Z,1063,,,,c9b00767615fa5b7a6dc411f276300a4ef86c7a9f57831378c42d40f04dc9acc,timestamped_live_quote
2026-09-25T14:56:54Z,b163da8a283ade5bd6428a3ca01da8b8,2026-10-03T19:30:00Z,Iowa Hawkeyes,Ohio State Buckeyes,fanduel,FanDuel,2026-09-25T14:56:24Z,2026-09-25T14:56:24Z,Iowa Hawkeyes,14.5,-122.0,2026,2026-09-25T14:56:54Z,1063,,,,c9b00767615fa5b7a6dc411f276300a4ef86c7a9f57831378c42d40f04dc9acc,timestamped_live_quote
2026-09-25T14:56:54Z,b163da8a283ade5bd6428a3ca01da8b8,2026-10-03T19:30:00Z,Iowa Hawkeyes,Ohio State Buckeyes,fanduel,FanDuel,2026-09-25T14:56:24Z,2026-09-25T14:56:24Z,Ohio State Buckeyes,-14.5,100.0,2026,2026-09-25T14:56:54Z,1063,,,,c9b00767615fa5b7a6dc411f276300a4ef86c7a9f57831378c42d40f04dc9acc,timestamped_live_quote
2026-09-25T14:56:54Z,59abc1d6262d2ea6a72c4daad4c83af2,2026-10-03T20:15:00Z,South Carolina Gamecocks,Kentucky Wildcats,draftkings,DraftKings,2026-09-25T14:56:40Z,2026-09-25T14:56:40Z,Kentucky Wildcats,6.0,-110.0,2026,2026-09-25T14:56:54Z,1063,,,,c9b00767615fa5b7a6dc411f276300a4ef86c7a9f57831378c42d40f04dc9acc,timestamped_live_quote
2026-09-25T14:56:54Z,59abc1d6262d2ea6a72c4daad4c83af2,2026-10-03T20:15:00Z,South Carolina Gamecocks,Kentucky Wildcats,draftkings,DraftKings,2026-09-25T14:56:40Z,2026-09-25T14:56:40Z,South Carolina Gamecocks,-6.0,-110.0,2026,2026-09-25T14:56:54Z,1063,,,,c9b00767615fa5b7a6dc411f276300a4ef86c7a9f57831378c42d40f04dc9acc,timestamped_live_quote
2026-09-25T14:56:54Z,b58c0d24e66471e6095c0a5f9afb7ce3,2026-10-03T23:00:00Z,TCU Horned Frogs,BYU Cougars,draftkings,DraftKings,2026-09-25T14:56:40Z,2026-09-25T14:56:40Z,BYU Cougars,-5.5,-110.0,2026,2026-09-25T14:56:54Z,1063,,,,c9b00767615fa5b7a6dc411f276300a4ef86c7a9f57831378c42d40f04dc9acc,timestamped_live_quote
2026-09-25T14:56:54Z,b58c0d24e66471e6095c0a5f9afb7ce3,2026-10-03T23:00:00Z,TCU Horned Frogs,BYU Cougars,draftkings,DraftKings,2026-09-25T14:56:40Z,2026-09-25T14:56:40Z,TCU Horned Frogs,5.5,-110.0,2026,2026-09-25T14:56:54Z,1063,,,,c9b00767615fa5b7a6dc411f276300a4ef86c7a9f57831378c42d40f04dc9acc,timestamped_live_quote
2026-09-25T14:56:54Z,f981648dba0e71d8517d47d31aa2633d,2026-10-03T23:30:00Z,USC Trojans,Washington Huskies,draftkings,DraftKings,2026-09-25T14:56:40Z,2026-09-25T14:56:40Z,USC Trojans,-10.0,-110.0,2026,2026-09-25T14:56:54Z,1063,,,,c9b00767615fa5b7a6dc411f276300a4ef86c7a9f57831378c42d40f04dc9acc,timestamped_live_quote
2026-09-25T14:56:54Z,f981648dba0e71d8517d47d31aa2633d,2026-10-03T23:30:00Z,USC Trojans,Washington Huskies,draftkings,DraftKings,2026-09-25T14:56:40Z,2026-09-25T14:56:40Z,Washington Huskies,10.0,-110.0,2026,2026-09-25T14:56:54Z,1063,,,,c9b00767615fa5b7a6dc411f276300a4ef86c7a9f57831378c42d40f04dc9acc,timestamped_live_quote
