captured_at_utc,game_id,kickoff_utc,home_team,away_team,sportsbook_key,sportsbook,bookmaker_last_update_utc,market_last_update_utc,selection,spread,american_odds,season,ratings_asof_utc,ratings_training_games,home_rating,away_rating,projected_home_margin,ratings_input_sha256,capture_status,division_status
2026-10-01T12:42:26Z,b0998b3474fea9dee080784b8da01048,2026-10-02T00:00:00Z,New Mexico State Aggies,Western Kentucky Hilltoppers,fanduel,FanDuel,2026-10-01T12:41:55Z,2026-10-01T12:41:55Z,New Mexico State Aggies,-2.5,-106.0,2026,2026-10-01T12:42:26Z,1344,-2.2361785915378043,-6.452835927376347,6.716657335838542,807aa80048d80e577104f04f9dc527bcbdecbac1e0bd777c98286ecfff8aeba7,timestamped_live_quote,FBS vs FBS
2026-10-01T12:42:26Z,b0998b3474fea9dee080784b8da01048,2026-10-02T00:00:00Z,New Mexico State Aggies,Western Kentucky Hilltoppers,fanduel,FanDuel,2026-10-01T12:41:55Z,2026-10-01T12:41:55Z,Western Kentucky Hilltoppers,2.5,-114.0,2026,2026-10-01T12:42:26Z,1344,-2.2361785915378043,-6.452835927376347,6.716657335838542,807aa80048d80e577104f04f9dc527bcbdecbac1e0bd777c98286ecfff8aeba7,timestamped_live_quote,FBS vs FBS
2026-10-01T12:42:26Z,b0998b3474fea9dee080784b8da01048,2026-10-02T00:00:00Z,New Mexico State Aggies,Western Kentucky Hilltoppers,betrivers,BetRivers,2026-10-01T12:41:26Z,2026-10-01T12:41:26Z,New Mexico State Aggies,-2.5,-109.0,2026,2026-10-01T12:42:26Z,1344,-2.2361785915378043,-6.452835927376347,6.716657335838542,807aa80048d80e577104f04f9dc527bcbdecbac1e0bd777c98286ecfff8aeba7,timestamped_live_quote,FBS vs FBS
2026-10-01T12:42:26Z,b0998b3474fea9dee080784b8da01048,2026-10-02T00:00:00Z,New Mexico State Aggies,Western Kentucky Hilltoppers,betrivers,BetRivers,2026-10-01T12:41:26Z,2026-10-01T12:41:26Z,Western Kentucky Hilltoppers,2.5,-113.0,2026,2026-10-01T12:42:26Z,1344,-2.2361785915378043,-6.452835927376347,6.716657335838542,807aa80048d80e577104f04f9dc527bcbdecbac1e0bd777c98286ecfff8aeba7,timestamped_live_quote,FBS vs FBS
2026-10-01T12:42:26Z,b0998b3474fea9dee080784b8da01048,2026-10-02T00:00:00Z,New Mexico State Aggies,Western Kentucky Hilltoppers,draftkings,DraftKings,2026-10-01T12:41:40Z,2026-10-01T12:41:40Z,New Mexico State Aggies,-2.5,-108.0,2026,2026-10-01T12:42:26Z,1344,-2.2361785915378043,-6.452835927376347,6.716657335838542,807aa80048d80e577104f04f9dc527bcbdecbac1e0bd777c98286ecfff8aeba7,timestamped_live_quote,FBS vs FBS
2026-10-01T12:42:26Z,b0998b3474fea9dee080784b8da01048,2026-10-02T00:00:00Z,New Mexico State Aggies,Western Kentucky Hilltoppers,draftkings,DraftKings,2026-10-01T12:41:40Z,2026-10-01T12:41:40Z,Western Kentucky Hilltoppers,2.5,-112.0,2026,2026-10-01T12:42:26Z,1344,-2.2361785915378043,-6.452835927376347,6.716657335838542,807aa80048d80e577104f04f9dc527bcbdecbac1e0bd777c98286ecfff8aeba7,timestamped_live_quote,FBS vs FBS
2026-10-01T12:42:26Z,b0998b3474fea9dee080784b8da01048,2026-10-02T00:00:00Z,New Mexico State Aggies,Western Kentucky Hilltoppers,betonlineag,BetOnline.ag,2026-10-01T12:41:25Z,2026-10-01T12:41:24Z,New Mexico State Aggies,-2.5,-114.0,2026,2026-10-01T12:42:26Z,1344,-2.2361785915378043,-6.452835927376347,6.716657335838542,807aa80048d80e577104f04f9dc527bcbdecbac1e0bd777c98286ecfff8aeba7,timestamped_live_quote,FBS vs FBS
2026-10-01T12:42:26Z,b0998b3474fea9dee080784b8da01048,2026-10-02T00:00:00Z,New Mexico State Aggies,Western Kentucky Hilltoppers,betonlineag,BetOnline.ag,2026-10-01T12:41:25Z,2026-10-01T12:41:24Z,Western Kentucky Hilltoppers,2.5,-106.0,2026,2026-10-01T12:42:26Z,1344,-2.2361785915378043,-6.452835927376347,6.716657335838542,807aa80048d80e577104f04f9dc527bcbdecbac1e0bd777c98286ecfff8aeba7,timestamped_live_quote,FBS vs FBS
2026-10-01T12:42:26Z,b0998b3474fea9dee080784b8da01048,2026-10-02T00:00:00Z,New Mexico State Aggies,Western Kentucky Hilltoppers,lowvig,LowVig.ag,2026-10-01T12:42:16Z,2026-10-01T12:42:15Z,New Mexico State Aggies,-2.5,-110.0,2026,2026-10-01T12:42:26Z,1344,-2.2361785915378043,-6.452835927376347,6.716657335838542,807aa80048d80e577104f04f9dc527bcbdecbac1e0bd777c98286ecfff8aeba7,timestamped_live_quote,FBS vs FBS
2026-10-01T12:42:26Z,b0998b3474fea9dee080784b8da01048,2026-10-02T00:00:00Z,New Mexico State Aggies,Western Kentucky Hilltoppers,lowvig,LowVig.ag,2026-10-01T12:42:16Z,2026-10-01T12:42:15Z,Western Kentucky Hilltoppers,2.5,-102.0,2026,2026-10-01T12:42:26Z,1344,-2.2361785915378043,-6.452835927376347,6.716657335838542,807aa80048d80e577104f04f9dc527bcbdecbac1e0bd777c98286ecfff8aeba7,timestamped_live_quote,FBS vs FBS
2026-10-01T12:42:26Z,b0998b3474fea9dee080784b8da01048,2026-10-02T00:00:00Z,New Mexico State Aggies,Western Kentucky Hilltoppers,betmgm,BetMGM,2026-10-01T12:41:44Z,2026-10-01T12:41:43Z,New Mexico State Aggies,-2.5,-108.0,2026,2026-10-01T12:42:26Z,1344,-2.2361785915378043,-6.452835927376347,6.716657335838542,807aa80048d80e577104f04f9dc527bcbdecbac1e0bd777c98286ecfff8aeba7,timestamped_live_quote,FBS vs FBS
2026-10-01T12:42:26Z,b0998b3474fea9dee080784b8da01048,2026-10-02T00:00:00Z,New Mexico State Aggies,Western Kentucky Hilltoppers,betmgm,BetMGM,2026-10-01T12:41:44Z,2026-10-01T12:41:43Z,Western Kentucky Hilltoppers,2.5,-110.0,2026,2026-10-01T12:42:26Z,1344,-2.2361785915378043,-6.452835927376347,6.716657335838542,807aa80048d80e577104f04f9dc527bcbdecbac1e0bd777c98286ecfff8aeba7,timestamped_live_quote,FBS vs FBS
2026-10-01T12:42:26Z,b0998b3474fea9dee080784b8da01048,2026-10-02T00:00:00Z,New Mexico State Aggies,Western Kentucky Hilltoppers,mybookieag,MyBookie.ag,2026-10-01T12:42:16Z,2026-10-01T12:42:16Z,New Mexico State Aggies,-2.5,-110.0,2026,2026-10-01T12:42:26Z,1344,-2.2361785915378043,-6.452835927376347,6.716657335838542,807aa80048d80e577104f04f9dc527bcbdecbac1e0bd777c98286ecfff8aeba7,timestamped_live_quote,FBS vs FBS
2026-10-01T12:42:26Z,b0998b3474fea9dee080784b8da01048,2026-10-02T00:00:00Z,New Mexico State Aggies,Western Kentucky Hilltoppers,mybookieag,MyBookie.ag,2026-10-01T12:42:16Z,2026-10-01T12:42:16Z,Western Kentucky Hilltoppers,2.5,-110.0,2026,2026-10-01T12:42:26Z,1344,-2.2361785915378043,-6.452835927376347,6.716657335838542,807aa80048d80e577104f04f9dc527bcbdecbac1e0bd777c98286ecfff8aeba7,timestamped_live_quote,FBS vs FBS
2026-10-01T12:42:26Z,b0998b3474fea9dee080784b8da01048,2026-10-02T00:00:00Z,New Mexico State Aggies,Western Kentucky Hilltoppers,betus,BetUS,2026-10-01T12:41:41Z,2026-10-01T12:41:41Z,New Mexico State Aggies,-2.5,-110.0,2026,2026-10-01T12:42:26Z,1344,-2.2361785915378043,-6.452835927376347,6.716657335838542,807aa80048d80e577104f04f9dc527bcbdecbac1e0bd777c98286ecfff8aeba7,timestamped_live_quote,FBS vs FBS
2026-10-01T12:42:26Z,b0998b3474fea9dee080784b8da01048,2026-10-02T00:00:00Z,New Mexico State Aggies,Western Kentucky Hilltoppers,betus,BetUS,2026-10-01T12:41:41Z,2026-10-01T12:41:41Z,Western Kentucky Hilltoppers,2.5,-110.0,2026,2026-10-01T12:42:26Z,1344,-2.2361785915378043,-6.452835927376347,6.716657335838542,807aa80048d80e577104f04f9dc527bcbdecbac1e0bd777c98286ecfff8aeba7,timestamped_live_quote,FBS vs FBS
2026-10-01T12:42:26Z,b0998b3474fea9dee080784b8da01048,2026-10-02T00:00:00Z,New Mexico State Aggies,Western Kentucky Hilltoppers,bovada,Bovada,2026-10-01T12:41:12Z,2026-10-01T12:41:12Z,New Mexico State Aggies,-2.5,-115.0,2026,2026-10-01T12:42:26Z,1344,-2.2361785915378043,-6.452835927376347,6.716657335838542,807aa80048d80e577104f04f9dc527bcbdecbac1e0bd777c98286ecfff8aeba7,timestamped_live_quote,FBS vs FBS
2026-10-01T12:42:26Z,b0998b3474fea9dee080784b8da01048,2026-10-02T00:00:00Z,New Mexico State Aggies,Western Kentucky Hilltoppers,bovada,Bovada,2026-10-01T12:41:12Z,2026-10-01T12:41:12Z,Western Kentucky Hilltoppers,2.5,-105.0,2026,2026-10-01T12:42:26Z,1344,-2.2361785915378043,-6.452835927376347,6.716657335838542,807aa80048d80e577104f04f9dc527bcbdecbac1e0bd777c98286ecfff8aeba7,timestamped_live_quote,FBS vs FBS
2026-10-01T12:42:26Z,3c64f3dd8efd756a90f09303e5517006,2026-10-02T01:00:00Z,Tulsa Golden Hurricane,North Texas Mean Green,fanduel,FanDuel,2026-10-01T12:41:55Z,2026-10-01T12:41:55Z,North Texas Mean Green,1.5,-120.0,2026,2026-10-01T12:42:26Z,1344,5.427931709022538,7.242740699553364,0.6851910094691736,807aa80048d80e577104f04f9dc527bcbdecbac1e0bd777c98286ecfff8aeba7,timestamped_live_quote,FBS vs FBS
2026-10-01T12:42:26Z,3c64f3dd8efd756a90f09303e5517006,2026-10-02T01:00:00Z,Tulsa Golden Hurricane,North Texas Mean Green,fanduel,FanDuel,2026-10-01T12:41:55Z,2026-10-01T12:41:55Z,Tulsa Golden Hurricane,-1.5,-102.0,2026,2026-10-01T12:42:26Z,1344,5.427931709022538,7.242740699553364,0.6851910094691736,807aa80048d80e577104f04f9dc527bcbdecbac1e0bd777c98286ecfff8aeba7,timestamped_live_quote,FBS vs FBS
2026-10-01T12:42:26Z,3c64f3dd8efd756a90f09303e5517006,2026-10-02T01:00:00Z,Tulsa Golden Hurricane,North Texas Mean Green,betrivers,BetRivers,2026-10-01T12:41:26Z,2026-10-01T12:41:26Z,North Texas Mean Green,0.0,-113.0,2026,2026-10-01T12:42:26Z,1344,5.427931709022538,7.242740699553364,0.6851910094691736,807aa80048d80e577104f04f9dc527bcbdecbac1e0bd777c98286ecfff8aeba7,timestamped_live_quote,FBS vs FBS
2026-10-01T12:42:26Z,3c64f3dd8efd756a90f09303e5517006,2026-10-02T01:00:00Z,Tulsa Golden Hurricane,North Texas Mean Green,betrivers,BetRivers,2026-10-01T12:41:26Z,2026-10-01T12:41:26Z,Tulsa Golden Hurricane,0.0,-109.0,2026,2026-10-01T12:42:26Z,1344,5.427931709022538,7.242740699553364,0.6851910094691736,807aa80048d80e577104f04f9dc527bcbdecbac1e0bd777c98286ecfff8aeba7,timestamped_live_quote,FBS vs FBS
2026-10-01T12:42:26Z,3c64f3dd8efd756a90f09303e5517006,2026-10-02T01:00:00Z,Tulsa Golden Hurricane,North Texas Mean Green,draftkings,DraftKings,2026-10-01T12:41:40Z,2026-10-01T12:41:40Z,North Texas Mean Green,-1.5,-105.0,2026,2026-10-01T12:42:26Z,1344,5.427931709022538,7.242740699553364,0.6851910094691736,807aa80048d80e577104f04f9dc527bcbdecbac1e0bd777c98286ecfff8aeba7,timestamped_live_quote,FBS vs FBS
2026-10-01T12:42:26Z,3c64f3dd8efd756a90f09303e5517006,2026-10-02T01:00:00Z,Tulsa Golden Hurricane,North Texas Mean Green,draftkings,DraftKings,2026-10-01T12:41:40Z,2026-10-01T12:41:40Z,Tulsa Golden Hurricane,1.5,-115.0,2026,2026-10-01T12:42:26Z,1344,5.427931709022538,7.242740699553364,0.6851910094691736,807aa80048d80e577104f04f9dc527bcbdecbac1e0bd777c98286ecfff8aeba7,timestamped_live_quote,FBS vs FBS
2026-10-01T12:42:26Z,3c64f3dd8efd756a90f09303e5517006,2026-10-02T01:00:00Z,Tulsa Golden Hurricane,North Texas Mean Green,betonlineag,BetOnline.ag,2026-10-01T12:41:25Z,2026-10-01T12:41:24Z,North Texas Mean Green,-1.0,-111.0,2026,2026-10-01T12:42:26Z,1344,5.427931709022538,7.242740699553364,0.6851910094691736,807aa80048d80e577104f04f9dc527bcbdecbac1e0bd777c98286ecfff8aeba7,timestamped_live_quote,FBS vs FBS
2026-10-01T12:42:26Z,3c64f3dd8efd756a90f09303e5517006,2026-10-02T01:00:00Z,Tulsa Golden Hurricane,North Texas Mean Green,betonlineag,BetOnline.ag,2026-10-01T12:41:25Z,2026-10-01T12:41:24Z,Tulsa Golden Hurricane,1.0,-109.0,2026,2026-10-01T12:42:26Z,1344,5.427931709022538,7.242740699553364,0.6851910094691736,807aa80048d80e577104f04f9dc527bcbdecbac1e0bd777c98286ecfff8aeba7,timestamped_live_quote,FBS vs FBS
2026-10-01T12:42:26Z,3c64f3dd8efd756a90f09303e5517006,2026-10-02T01:00:00Z,Tulsa Golden Hurricane,North Texas Mean Green,lowvig,LowVig.ag,2026-10-01T12:42:16Z,2026-10-01T12:42:15Z,North Texas Mean Green,-1.0,-107.0,2026,2026-10-01T12:42:26Z,1344,5.427931709022538,7.242740699553364,0.6851910094691736,807aa80048d80e577104f04f9dc527bcbdecbac1e0bd777c98286ecfff8aeba7,timestamped_live_quote,FBS vs FBS
2026-10-01T12:42:26Z,3c64f3dd8efd756a90f09303e5517006,2026-10-02T01:00:00Z,Tulsa Golden Hurricane,North Texas Mean Green,lowvig,LowVig.ag,2026-10-01T12:42:16Z,2026-10-01T12:42:15Z,Tulsa Golden Hurricane,1.0,-105.0,2026,2026-10-01T12:42:26Z,1344,5.427931709022538,7.242740699553364,0.6851910094691736,807aa80048d80e577104f04f9dc527bcbdecbac1e0bd777c98286ecfff8aeba7,timestamped_live_quote,FBS vs FBS
2026-10-01T12:42:26Z,3c64f3dd8efd756a90f09303e5517006,2026-10-02T01:00:00Z,Tulsa Golden Hurricane,North Texas Mean Green,betmgm,BetMGM,2026-10-01T12:41:44Z,2026-10-01T12:41:43Z,North Texas Mean Green,-1.0,-110.0,2026,2026-10-01T12:42:26Z,1344,5.427931709022538,7.242740699553364,0.6851910094691736,807aa80048d80e577104f04f9dc527bcbdecbac1e0bd777c98286ecfff8aeba7,timestamped_live_quote,FBS vs FBS
2026-10-01T12:42:26Z,3c64f3dd8efd756a90f09303e5517006,2026-10-02T01:00:00Z,Tulsa Golden Hurricane,North Texas Mean Green,betmgm,BetMGM,2026-10-01T12:41:44Z,2026-10-01T12:41:43Z,Tulsa Golden Hurricane,1.0,-108.0,2026,2026-10-01T12:42:26Z,1344,5.427931709022538,7.242740699553364,0.6851910094691736,807aa80048d80e577104f04f9dc527bcbdecbac1e0bd777c98286ecfff8aeba7,timestamped_live_quote,FBS vs FBS
2026-10-01T12:42:26Z,3c64f3dd8efd756a90f09303e5517006,2026-10-02T01:00:00Z,Tulsa Golden Hurricane,North Texas Mean Green,mybookieag,MyBookie.ag,2026-10-01T12:42:16Z,2026-10-01T12:42:16Z,North Texas Mean Green,-1.5,-110.0,2026,2026-10-01T12:42:26Z,1344,5.427931709022538,7.242740699553364,0.6851910094691736,807aa80048d80e577104f04f9dc527bcbdecbac1e0bd777c98286ecfff8aeba7,timestamped_live_quote,FBS vs FBS
2026-10-01T12:42:26Z,3c64f3dd8efd756a90f09303e5517006,2026-10-02T01:00:00Z,Tulsa Golden Hurricane,North Texas Mean Green,mybookieag,MyBookie.ag,2026-10-01T12:42:16Z,2026-10-01T12:42:16Z,Tulsa Golden Hurricane,1.5,-110.0,2026,2026-10-01T12:42:26Z,1344,5.427931709022538,7.242740699553364,0.6851910094691736,807aa80048d80e577104f04f9dc527bcbdecbac1e0bd777c98286ecfff8aeba7,timestamped_live_quote,FBS vs FBS
2026-10-01T12:42:26Z,3c64f3dd8efd756a90f09303e5517006,2026-10-02T01:00:00Z,Tulsa Golden Hurricane,North Texas Mean Green,betus,BetUS,2026-10-01T12:41:41Z,2026-10-01T12:41:41Z,North Texas Mean Green,-1.0,-110.0,2026,2026-10-01T12:42:26Z,1344,5.427931709022538,7.242740699553364,0.6851910094691736,807aa80048d80e577104f04f9dc527bcbdecbac1e0bd777c98286ecfff8aeba7,timestamped_live_quote,FBS vs FBS
2026-10-01T12:42:26Z,3c64f3dd8efd756a90f09303e5517006,2026-10-02T01:00:00Z,Tulsa Golden Hurricane,North Texas Mean Green,betus,BetUS,2026-10-01T12:41:41Z,2026-10-01T12:41:41Z,Tulsa Golden Hurricane,1.0,-110.0,2026,2026-10-01T12:42:26Z,1344,5.427931709022538,7.242740699553364,0.6851910094691736,807aa80048d80e577104f04f9dc527bcbdecbac1e0bd777c98286ecfff8aeba7,timestamped_live_quote,FBS vs FBS
2026-10-01T12:42:26Z,3c64f3dd8efd756a90f09303e5517006,2026-10-02T01:00:00Z,Tulsa Golden Hurricane,North Texas Mean Green,bovada,Bovada,2026-10-01T12:41:12Z,2026-10-01T12:41:12Z,North Texas Mean Green,-1.5,-110.0,2026,2026-10-01T12:42:26Z,1344,5.427931709022538,7.242740699553364,0.6851910094691736,807aa80048d80e577104f04f9dc527bcbdecbac1e0bd777c98286ecfff8aeba7,timestamped_live_quote,FBS vs FBS
2026-10-01T12:42:26Z,3c64f3dd8efd756a90f09303e5517006,2026-10-02T01:00:00Z,Tulsa Golden Hurricane,North Texas Mean Green,bovada,Bovada,2026-10-01T12:41:12Z,2026-10-01T12:41:12Z,Tulsa Golden Hurricane,1.5,-110.0,2026,2026-10-01T12:42:26Z,1344,5.427931709022538,7.242740699553364,0.6851910094691736,807aa80048d80e577104f04f9dc527bcbdecbac1e0bd777c98286ecfff8aeba7,timestamped_live_quote,FBS vs FBS
2026-10-01T12:42:26Z,a39f3695781e9b2f76011e921d63b124,2026-10-02T23:00:00Z,Delaware Blue Hens,Liberty Flames,fanduel,FanDuel,2026-10-01T12:41:55Z,2026-10-01T12:41:55Z,Delaware Blue Hens,6.5,112.0,2026,2026-10-01T12:42:26Z,1344,1.0499836132514468,7.262347146911765,-3.7123635336603176,807aa80048d80e577104f04f9dc527bcbdecbac1e0bd777c98286ecfff8aeba7,timestamped_live_quote,FBS vs FBS
2026-10-01T12:42:26Z,a39f3695781e9b2f76011e921d63b124,2026-10-02T23:00:00Z,Delaware Blue Hens,Liberty Flames,fanduel,FanDuel,2026-10-01T12:41:55Z,2026-10-01T12:41:55Z,Liberty Flames,-6.5,-140.0,2026,2026-10-01T12:42:26Z,1344,1.0499836132514468,7.262347146911765,-3.7123635336603176,807aa80048d80e577104f04f9dc527bcbdecbac1e0bd777c98286ecfff8aeba7,timestamped_live_quote,FBS vs FBS
2026-10-01T12:42:26Z,a39f3695781e9b2f76011e921d63b124,2026-10-02T23:00:00Z,Delaware Blue Hens,Liberty Flames,betonlineag,BetOnline.ag,2026-10-01T12:41:25Z,2026-10-01T12:41:24Z,Delaware Blue Hens,7.0,100.0,2026,2026-10-01T12:42:26Z,1344,1.0499836132514468,7.262347146911765,-3.7123635336603176,807aa80048d80e577104f04f9dc527bcbdecbac1e0bd777c98286ecfff8aeba7,timestamped_live_quote,FBS vs FBS
2026-10-01T12:42:26Z,a39f3695781e9b2f76011e921d63b124,2026-10-02T23:00:00Z,Delaware Blue Hens,Liberty Flames,betonlineag,BetOnline.ag,2026-10-01T12:41:25Z,2026-10-01T12:41:24Z,Liberty Flames,-7.0,-120.0,2026,2026-10-01T12:42:26Z,1344,1.0499836132514468,7.262347146911765,-3.7123635336603176,807aa80048d80e577104f04f9dc527bcbdecbac1e0bd777c98286ecfff8aeba7,timestamped_live_quote,FBS vs FBS
2026-10-01T12:42:26Z,a39f3695781e9b2f76011e921d63b124,2026-10-02T23:00:00Z,Delaware Blue Hens,Liberty Flames,lowvig,LowVig.ag,2026-10-01T12:42:16Z,2026-10-01T12:42:15Z,Delaware Blue Hens,7.0,104.0,2026,2026-10-01T12:42:26Z,1344,1.0499836132514468,7.262347146911765,-3.7123635336603176,807aa80048d80e577104f04f9dc527bcbdecbac1e0bd777c98286ecfff8aeba7,timestamped_live_quote,FBS vs FBS
2026-10-01T12:42:26Z,a39f3695781e9b2f76011e921d63b124,2026-10-02T23:00:00Z,Delaware Blue Hens,Liberty Flames,lowvig,LowVig.ag,2026-10-01T12:42:16Z,2026-10-01T12:42:15Z,Liberty Flames,-7.0,-116.0,2026,2026-10-01T12:42:26Z,1344,1.0499836132514468,7.262347146911765,-3.7123635336603176,807aa80048d80e577104f04f9dc527bcbdecbac1e0bd777c98286ecfff8aeba7,timestamped_live_quote,FBS vs FBS
2026-10-01T12:42:26Z,a39f3695781e9b2f76011e921d63b124,2026-10-02T23:00:00Z,Delaware Blue Hens,Liberty Flames,betrivers,BetRivers,2026-10-01T12:41:26Z,2026-10-01T12:41:26Z,Delaware Blue Hens,7.0,-109.0,2026,2026-10-01T12:42:26Z,1344,1.0499836132514468,7.262347146911765,-3.7123635336603176,807aa80048d80e577104f04f9dc527bcbdecbac1e0bd777c98286ecfff8aeba7,timestamped_live_quote,FBS vs FBS
2026-10-01T12:42:26Z,a39f3695781e9b2f76011e921d63b124,2026-10-02T23:00:00Z,Delaware Blue Hens,Liberty Flames,betrivers,BetRivers,2026-10-01T12:41:26Z,2026-10-01T12:41:26Z,Liberty Flames,-7.0,-114.0,2026,2026-10-01T12:42:26Z,1344,1.0499836132514468,7.262347146911765,-3.7123635336603176,807aa80048d80e577104f04f9dc527bcbdecbac1e0bd777c98286ecfff8aeba7,timestamped_live_quote,FBS vs FBS
2026-10-01T12:42:26Z,a39f3695781e9b2f76011e921d63b124,2026-10-02T23:00:00Z,Delaware Blue Hens,Liberty Flames,draftkings,DraftKings,2026-10-01T12:41:40Z,2026-10-01T12:41:40Z,Delaware Blue Hens,7.5,-115.0,2026,2026-10-01T12:42:26Z,1344,1.0499836132514468,7.262347146911765,-3.7123635336603176,807aa80048d80e577104f04f9dc527bcbdecbac1e0bd777c98286ecfff8aeba7,timestamped_live_quote,FBS vs FBS
2026-10-01T12:42:26Z,a39f3695781e9b2f76011e921d63b124,2026-10-02T23:00:00Z,Delaware Blue Hens,Liberty Flames,draftkings,DraftKings,2026-10-01T12:41:40Z,2026-10-01T12:41:40Z,Liberty Flames,-7.5,-105.0,2026,2026-10-01T12:42:26Z,1344,1.0499836132514468,7.262347146911765,-3.7123635336603176,807aa80048d80e577104f04f9dc527bcbdecbac1e0bd777c98286ecfff8aeba7,timestamped_live_quote,FBS vs FBS
2026-10-01T12:42:26Z,a39f3695781e9b2f76011e921d63b124,2026-10-02T23:00:00Z,Delaware Blue Hens,Liberty Flames,betmgm,BetMGM,2026-10-01T12:41:44Z,2026-10-01T12:41:43Z,Delaware Blue Hens,7.5,-118.0,2026,2026-10-01T12:42:26Z,1344,1.0499836132514468,7.262347146911765,-3.7123635336603176,807aa80048d80e577104f04f9dc527bcbdecbac1e0bd777c98286ecfff8aeba7,timestamped_live_quote,FBS vs FBS
2026-10-01T12:42:26Z,a39f3695781e9b2f76011e921d63b124,2026-10-02T23:00:00Z,Delaware Blue Hens,Liberty Flames,betmgm,BetMGM,2026-10-01T12:41:44Z,2026-10-01T12:41:43Z,Liberty Flames,-7.5,-102.0,2026,2026-10-01T12:42:26Z,1344,1.0499836132514468,7.262347146911765,-3.7123635336603176,807aa80048d80e577104f04f9dc527bcbdecbac1e0bd777c98286ecfff8aeba7,timestamped_live_quote,FBS vs FBS
2026-10-01T12:42:26Z,a39f3695781e9b2f76011e921d63b124,2026-10-02T23:00:00Z,Delaware Blue Hens,Liberty Flames,mybookieag,MyBookie.ag,2026-10-01T12:42:16Z,2026-10-01T12:42:16Z,Delaware Blue Hens,7.5,-110.0,2026,2026-10-01T12:42:26Z,1344,1.0499836132514468,7.262347146911765,-3.7123635336603176,807aa80048d80e577104f04f9dc527bcbdecbac1e0bd777c98286ecfff8aeba7,timestamped_live_quote,FBS vs FBS
2026-10-01T12:42:26Z,a39f3695781e9b2f76011e921d63b124,2026-10-02T23:00:00Z,Delaware Blue Hens,Liberty Flames,mybookieag,MyBookie.ag,2026-10-01T12:42:16Z,2026-10-01T12:42:16Z,Liberty Flames,-7.5,-110.0,2026,2026-10-01T12:42:26Z,1344,1.0499836132514468,7.262347146911765,-3.7123635336603176,807aa80048d80e577104f04f9dc527bcbdecbac1e0bd777c98286ecfff8aeba7,timestamped_live_quote,FBS vs FBS
2026-10-01T12:42:26Z,a39f3695781e9b2f76011e921d63b124,2026-10-02T23:00:00Z,Delaware Blue Hens,Liberty Flames,betus,BetUS,2026-10-01T12:41:41Z,2026-10-01T12:41:41Z,Delaware Blue Hens,7.5,-115.0,2026,2026-10-01T12:42:26Z,1344,1.0499836132514468,7.262347146911765,-3.7123635336603176,807aa80048d80e577104f04f9dc527bcbdecbac1e0bd777c98286ecfff8aeba7,timestamped_live_quote,FBS vs FBS
2026-10-01T12:42:26Z,a39f3695781e9b2f76011e921d63b124,2026-10-02T23:00:00Z,Delaware Blue Hens,Liberty Flames,betus,BetUS,2026-10-01T12:41:41Z,2026-10-01T12:41:41Z,Liberty Flames,-7.5,-105.0,2026,2026-10-01T12:42:26Z,1344,1.0499836132514468,7.262347146911765,-3.7123635336603176,807aa80048d80e577104f04f9dc527bcbdecbac1e0bd777c98286ecfff8aeba7,timestamped_live_quote,FBS vs FBS
2026-10-01T12:42:26Z,a39f3695781e9b2f76011e921d63b124,2026-10-02T23:00:00Z,Delaware Blue Hens,Liberty Flames,bovada,Bovada,2026-10-01T12:41:12Z,2026-10-01T12:41:12Z,Delaware Blue Hens,7.5,-115.0,2026,2026-10-01T12:42:26Z,1344,1.0499836132514468,7.262347146911765,-3.7123635336603176,807aa80048d80e577104f04f9dc527bcbdecbac1e0bd777c98286ecfff8aeba7,timestamped_live_quote,FBS vs FBS
2026-10-01T12:42:26Z,a39f3695781e9b2f76011e921d63b124,2026-10-02T23:00:00Z,Delaware Blue Hens,Liberty Flames,bovada,Bovada,2026-10-01T12:41:12Z,2026-10-01T12:41:12Z,Liberty Flames,-7.5,-105.0,2026,2026-10-01T12:42:26Z,1344,1.0499836132514468,7.262347146911765,-3.7123635336603176,807aa80048d80e577104f04f9dc527bcbdecbac1e0bd777c98286ecfff8aeba7,timestamped_live_quote,FBS vs FBS
2026-10-01T12:42:26Z,e61c74f0e28b46ad83270a6234b425f4,2026-10-02T23:00:00Z,Virginia Tech Hokies,Pittsburgh Panthers,draftkings,DraftKings,2026-10-01T12:41:40Z,2026-10-01T12:41:40Z,Pittsburgh Panthers,3.0,-105.0,2026,2026-10-01T12:42:26Z,1344,12.110921526737998,15.694368742639783,-1.083447215901785,807aa80048d80e577104f04f9dc527bcbdecbac1e0bd777c98286ecfff8aeba7,timestamped_live_quote,FBS vs FBS
2026-10-01T12:42:26Z,e61c74f0e28b46ad83270a6234b425f4,2026-10-02T23:00:00Z,Virginia Tech Hokies,Pittsburgh Panthers,draftkings,DraftKings,2026-10-01T12:41:40Z,2026-10-01T12:41:40Z,Virginia Tech Hokies,-3.0,-115.0,2026,2026-10-01T12:42:26Z,1344,12.110921526737998,15.694368742639783,-1.083447215901785,807aa80048d80e577104f04f9dc527bcbdecbac1e0bd777c98286ecfff8aeba7,timestamped_live_quote,FBS vs FBS
2026-10-01T12:42:26Z,e61c74f0e28b46ad83270a6234b425f4,2026-10-02T23:00:00Z,Virginia Tech Hokies,Pittsburgh Panthers,fanduel,FanDuel,2026-10-01T12:41:55Z,2026-10-01T12:41:55Z,Pittsburgh Panthers,3.5,-122.0,2026,2026-10-01T12:42:26Z,1344,12.110921526737998,15.694368742639783,-1.083447215901785,807aa80048d80e577104f04f9dc527bcbdecbac1e0bd777c98286ecfff8aeba7,timestamped_live_quote,FBS vs FBS
2026-10-01T12:42:26Z,e61c74f0e28b46ad83270a6234b425f4,2026-10-02T23:00:00Z,Virginia Tech Hokies,Pittsburgh Panthers,fanduel,FanDuel,2026-10-01T12:41:55Z,2026-10-01T12:41:55Z,Virginia Tech Hokies,-3.5,100.0,2026,2026-10-01T12:42:26Z,1344,12.110921526737998,15.694368742639783,-1.083447215901785,807aa80048d80e577104f04f9dc527bcbdecbac1e0bd777c98286ecfff8aeba7,timestamped_live_quote,FBS vs FBS
2026-10-01T12:42:26Z,e61c74f0e28b46ad83270a6234b425f4,2026-10-02T23:00:00Z,Virginia Tech Hokies,Pittsburgh Panthers,mybookieag,MyBookie.ag,2026-10-01T12:42:16Z,2026-10-01T12:42:16Z,Pittsburgh Panthers,3.0,-110.0,2026,2026-10-01T12:42:26Z,1344,12.110921526737998,15.694368742639783,-1.083447215901785,807aa80048d80e577104f04f9dc527bcbdecbac1e0bd777c98286ecfff8aeba7,timestamped_live_quote,FBS vs FBS
2026-10-01T12:42:26Z,e61c74f0e28b46ad83270a6234b425f4,2026-10-02T23:00:00Z,Virginia Tech Hokies,Pittsburgh Panthers,mybookieag,MyBookie.ag,2026-10-01T12:42:16Z,2026-10-01T12:42:16Z,Virginia Tech Hokies,-3.0,-110.0,2026,2026-10-01T12:42:26Z,1344,12.110921526737998,15.694368742639783,-1.083447215901785,807aa80048d80e577104f04f9dc527bcbdecbac1e0bd777c98286ecfff8aeba7,timestamped_live_quote,FBS vs FBS
2026-10-01T12:42:26Z,e61c74f0e28b46ad83270a6234b425f4,2026-10-02T23:00:00Z,Virginia Tech Hokies,Pittsburgh Panthers,betrivers,BetRivers,2026-10-01T12:41:26Z,2026-10-01T12:41:26Z,Pittsburgh Panthers,3.0,-108.0,2026,2026-10-01T12:42:26Z,1344,12.110921526737998,15.694368742639783,-1.083447215901785,807aa80048d80e577104f04f9dc527bcbdecbac1e0bd777c98286ecfff8aeba7,timestamped_live_quote,FBS vs FBS
2026-10-01T12:42:26Z,e61c74f0e28b46ad83270a6234b425f4,2026-10-02T23:00:00Z,Virginia Tech Hokies,Pittsburgh Panthers,betrivers,BetRivers,2026-10-01T12:41:26Z,2026-10-01T12:41:26Z,Virginia Tech Hokies,-3.0,-120.0,2026,2026-10-01T12:42:26Z,1344,12.110921526737998,15.694368742639783,-1.083447215901785,807aa80048d80e577104f04f9dc527bcbdecbac1e0bd777c98286ecfff8aeba7,timestamped_live_quote,FBS vs FBS
2026-10-01T12:42:26Z,e61c74f0e28b46ad83270a6234b425f4,2026-10-02T23:00:00Z,Virginia Tech Hokies,Pittsburgh Panthers,betonlineag,BetOnline.ag,2026-10-01T12:41:25Z,2026-10-01T12:41:24Z,Pittsburgh Panthers,3.0,-104.0,2026,2026-10-01T12:42:26Z,1344,12.110921526737998,15.694368742639783,-1.083447215901785,807aa80048d80e577104f04f9dc527bcbdecbac1e0bd777c98286ecfff8aeba7,timestamped_live_quote,FBS vs FBS
2026-10-01T12:42:26Z,e61c74f0e28b46ad83270a6234b425f4,2026-10-02T23:00:00Z,Virginia Tech Hokies,Pittsburgh Panthers,betonlineag,BetOnline.ag,2026-10-01T12:41:25Z,2026-10-01T12:41:24Z,Virginia Tech Hokies,-3.0,-116.0,2026,2026-10-01T12:42:26Z,1344,12.110921526737998,15.694368742639783,-1.083447215901785,807aa80048d80e577104f04f9dc527bcbdecbac1e0bd777c98286ecfff8aeba7,timestamped_live_quote,FBS vs FBS
2026-10-01T12:42:26Z,e61c74f0e28b46ad83270a6234b425f4,2026-10-02T23:00:00Z,Virginia Tech Hokies,Pittsburgh Panthers,lowvig,LowVig.ag,2026-10-01T12:42:16Z,2026-10-01T12:42:15Z,Pittsburgh Panthers,3.0,100.0,2026,2026-10-01T12:42:26Z,1344,12.110921526737998,15.694368742639783,-1.083447215901785,807aa80048d80e577104f04f9dc527bcbdecbac1e0bd777c98286ecfff8aeba7,timestamped_live_quote,FBS vs FBS
2026-10-01T12:42:26Z,e61c74f0e28b46ad83270a6234b425f4,2026-10-02T23:00:00Z,Virginia Tech Hokies,Pittsburgh Panthers,lowvig,LowVig.ag,2026-10-01T12:42:16Z,2026-10-01T12:42:15Z,Virginia Tech Hokies,-3.0,-112.0,2026,2026-10-01T12:42:26Z,1344,12.110921526737998,15.694368742639783,-1.083447215901785,807aa80048d80e577104f04f9dc527bcbdecbac1e0bd777c98286ecfff8aeba7,timestamped_live_quote,FBS vs FBS
2026-10-01T12:42:26Z,e61c74f0e28b46ad83270a6234b425f4,2026-10-02T23:00:00Z,Virginia Tech Hokies,Pittsburgh Panthers,betmgm,BetMGM,2026-10-01T12:41:44Z,2026-10-01T12:41:43Z,Pittsburgh Panthers,3.0,-102.0,2026,2026-10-01T12:42:26Z,1344,12.110921526737998,15.694368742639783,-1.083447215901785,807aa80048d80e577104f04f9dc527bcbdecbac1e0bd777c98286ecfff8aeba7,timestamped_live_quote,FBS vs FBS
2026-10-01T12:42:26Z,e61c74f0e28b46ad83270a6234b425f4,2026-10-02T23:00:00Z,Virginia Tech Hokies,Pittsburgh Panthers,betmgm,BetMGM,2026-10-01T12:41:44Z,2026-10-01T12:41:43Z,Virginia Tech Hokies,-3.0,-115.0,2026,2026-10-01T12:42:26Z,1344,12.110921526737998,15.694368742639783,-1.083447215901785,807aa80048d80e577104f04f9dc527bcbdecbac1e0bd777c98286ecfff8aeba7,timestamped_live_quote,FBS vs FBS
2026-10-01T12:42:26Z,e61c74f0e28b46ad83270a6234b425f4,2026-10-02T23:00:00Z,Virginia Tech Hokies,Pittsburgh Panthers,betus,BetUS,2026-10-01T12:41:41Z,2026-10-01T12:41:41Z,Pittsburgh Panthers,3.0,-105.0,2026,2026-10-01T12:42:26Z,1344,12.110921526737998,15.694368742639783,-1.083447215901785,807aa80048d80e577104f04f9dc527bcbdecbac1e0bd777c98286ecfff8aeba7,timestamped_live_quote,FBS vs FBS
2026-10-01T12:42:26Z,e61c74f0e28b46ad83270a6234b425f4,2026-10-02T23:00:00Z,Virginia Tech Hokies,Pittsburgh Panthers,betus,BetUS,2026-10-01T12:41:41Z,2026-10-01T12:41:41Z,Virginia Tech Hokies,-3.0,-115.0,2026,2026-10-01T12:42:26Z,1344,12.110921526737998,15.694368742639783,-1.083447215901785,807aa80048d80e577104f04f9dc527bcbdecbac1e0bd777c98286ecfff8aeba7,timestamped_live_quote,FBS vs FBS
2026-10-01T12:42:26Z,e61c74f0e28b46ad83270a6234b425f4,2026-10-02T23:00:00Z,Virginia Tech Hokies,Pittsburgh Panthers,bovada,Bovada,2026-10-01T12:41:12Z,2026-10-01T12:41:12Z,Pittsburgh Panthers,3.0,-105.0,2026,2026-10-01T12:42:26Z,1344,12.110921526737998,15.694368742639783,-1.083447215901785,807aa80048d80e577104f04f9dc527bcbdecbac1e0bd777c98286ecfff8aeba7,timestamped_live_quote,FBS vs FBS
2026-10-01T12:42:26Z,e61c74f0e28b46ad83270a6234b425f4,2026-10-02T23:00:00Z,Virginia Tech Hokies,Pittsburgh Panthers,bovada,Bovada,2026-10-01T12:41:12Z,2026-10-01T12:41:12Z,Virginia Tech Hokies,-3.0,-115.0,2026,2026-10-01T12:42:26Z,1344,12.110921526737998,15.694368742639783,-1.083447215901785,807aa80048d80e577104f04f9dc527bcbdecbac1e0bd777c98286ecfff8aeba7,timestamped_live_quote,FBS vs FBS
2026-10-01T12:42:26Z,0469a451e58ca81723a7760d4bede173,2026-10-03T00:00:00Z,Northwestern Wildcats,Penn State Nittany Lions,draftkings,DraftKings,2026-10-01T12:41:40Z,2026-10-01T12:41:40Z,Northwestern Wildcats,3.0,-120.0,2026,2026-10-01T12:42:26Z,1344,10.102834228958693,12.572499270091328,0.030334958867365813,807aa80048d80e577104f04f9dc527bcbdecbac1e0bd777c98286ecfff8aeba7,timestamped_live_quote,FBS vs FBS
2026-10-01T12:42:26Z,0469a451e58ca81723a7760d4bede173,2026-10-03T00:00:00Z,Northwestern Wildcats,Penn State Nittany Lions,draftkings,DraftKings,2026-10-01T12:41:40Z,2026-10-01T12:41:40Z,Penn State Nittany Lions,-3.0,100.0,2026,2026-10-01T12:42:26Z,1344,10.102834228958693,12.572499270091328,0.030334958867365813,807aa80048d80e577104f04f9dc527bcbdecbac1e0bd777c98286ecfff8aeba7,timestamped_live_quote,FBS vs FBS
2026-10-01T12:42:26Z,0469a451e58ca81723a7760d4bede173,2026-10-03T00:00:00Z,Northwestern Wildcats,Penn State Nittany Lions,fanduel,FanDuel,2026-10-01T12:41:55Z,2026-10-01T12:41:55Z,Northwestern Wildcats,2.5,100.0,2026,2026-10-01T12:42:26Z,1344,10.102834228958693,12.572499270091328,0.030334958867365813,807aa80048d80e577104f04f9dc527bcbdecbac1e0bd777c98286ecfff8aeba7,timestamped_live_quote,FBS vs FBS
2026-10-01T12:42:26Z,0469a451e58ca81723a7760d4bede173,2026-10-03T00:00:00Z,Northwestern Wildcats,Penn State Nittany Lions,fanduel,FanDuel,2026-10-01T12:41:55Z,2026-10-01T12:41:55Z,Penn State Nittany Lions,-2.5,-122.0,2026,2026-10-01T12:42:26Z,1344,10.102834228958693,12.572499270091328,0.030334958867365813,807aa80048d80e577104f04f9dc527bcbdecbac1e0bd777c98286ecfff8aeba7,timestamped_live_quote,FBS vs FBS
2026-10-01T12:42:26Z,0469a451e58ca81723a7760d4bede173,2026-10-03T00:00:00Z,Northwestern Wildcats,Penn State Nittany Lions,mybookieag,MyBookie.ag,2026-10-01T12:42:16Z,2026-10-01T12:42:16Z,Northwestern Wildcats,2.5,-105.0,2026,2026-10-01T12:42:26Z,1344,10.102834228958693,12.572499270091328,0.030334958867365813,807aa80048d80e577104f04f9dc527bcbdecbac1e0bd777c98286ecfff8aeba7,timestamped_live_quote,FBS vs FBS
2026-10-01T12:42:26Z,0469a451e58ca81723a7760d4bede173,2026-10-03T00:00:00Z,Northwestern Wildcats,Penn State Nittany Lions,mybookieag,MyBookie.ag,2026-10-01T12:42:16Z,2026-10-01T12:42:16Z,Penn State Nittany Lions,-2.5,-115.0,2026,2026-10-01T12:42:26Z,1344,10.102834228958693,12.572499270091328,0.030334958867365813,807aa80048d80e577104f04f9dc527bcbdecbac1e0bd777c98286ecfff8aeba7,timestamped_live_quote,FBS vs FBS
2026-10-01T12:42:26Z,0469a451e58ca81723a7760d4bede173,2026-10-03T00:00:00Z,Northwestern Wildcats,Penn State Nittany Lions,betrivers,BetRivers,2026-10-01T12:41:26Z,2026-10-01T12:41:26Z,Northwestern Wildcats,2.5,-106.0,2026,2026-10-01T12:42:26Z,1344,10.102834228958693,12.572499270091328,0.030334958867365813,807aa80048d80e577104f04f9dc527bcbdecbac1e0bd777c98286ecfff8aeba7,timestamped_live_quote,FBS vs FBS
2026-10-01T12:42:26Z,0469a451e58ca81723a7760d4bede173,2026-10-03T00:00:00Z,Northwestern Wildcats,Penn State Nittany Lions,betrivers,BetRivers,2026-10-01T12:41:26Z,2026-10-01T12:41:26Z,Penn State Nittany Lions,-2.5,-117.0,2026,2026-10-01T12:42:26Z,1344,10.102834228958693,12.572499270091328,0.030334958867365813,807aa80048d80e577104f04f9dc527bcbdecbac1e0bd777c98286ecfff8aeba7,timestamped_live_quote,FBS vs FBS
2026-10-01T12:42:26Z,0469a451e58ca81723a7760d4bede173,2026-10-03T00:00:00Z,Northwestern Wildcats,Penn State Nittany Lions,lowvig,LowVig.ag,2026-10-01T12:42:16Z,2026-10-01T12:42:15Z,Northwestern Wildcats,2.5,100.0,2026,2026-10-01T12:42:26Z,1344,10.102834228958693,12.572499270091328,0.030334958867365813,807aa80048d80e577104f04f9dc527bcbdecbac1e0bd777c98286ecfff8aeba7,timestamped_live_quote,FBS vs FBS
2026-10-01T12:42:26Z,0469a451e58ca81723a7760d4bede173,2026-10-03T00:00:00Z,Northwestern Wildcats,Penn State Nittany Lions,lowvig,LowVig.ag,2026-10-01T12:42:16Z,2026-10-01T12:42:15Z,Penn State Nittany Lions,-2.5,-112.0,2026,2026-10-01T12:42:26Z,1344,10.102834228958693,12.572499270091328,0.030334958867365813,807aa80048d80e577104f04f9dc527bcbdecbac1e0bd777c98286ecfff8aeba7,timestamped_live_quote,FBS vs FBS
2026-10-01T12:42:26Z,0469a451e58ca81723a7760d4bede173,2026-10-03T00:00:00Z,Northwestern Wildcats,Penn State Nittany Lions,betonlineag,BetOnline.ag,2026-10-01T12:41:25Z,2026-10-01T12:41:24Z,Northwestern Wildcats,2.5,-104.0,2026,2026-10-01T12:42:26Z,1344,10.102834228958693,12.572499270091328,0.030334958867365813,807aa80048d80e577104f04f9dc527bcbdecbac1e0bd777c98286ecfff8aeba7,timestamped_live_quote,FBS vs FBS
2026-10-01T12:42:26Z,0469a451e58ca81723a7760d4bede173,2026-10-03T00:00:00Z,Northwestern Wildcats,Penn State Nittany Lions,betonlineag,BetOnline.ag,2026-10-01T12:41:25Z,2026-10-01T12:41:24Z,Penn State Nittany Lions,-2.5,-116.0,2026,2026-10-01T12:42:26Z,1344,10.102834228958693,12.572499270091328,0.030334958867365813,807aa80048d80e577104f04f9dc527bcbdecbac1e0bd777c98286ecfff8aeba7,timestamped_live_quote,FBS vs FBS
2026-10-01T12:42:26Z,0469a451e58ca81723a7760d4bede173,2026-10-03T00:00:00Z,Northwestern Wildcats,Penn State Nittany Lions,betmgm,BetMGM,2026-10-01T12:41:44Z,2026-10-01T12:41:43Z,Northwestern Wildcats,2.5,-108.0,2026,2026-10-01T12:42:26Z,1344,10.102834228958693,12.572499270091328,0.030334958867365813,807aa80048d80e577104f04f9dc527bcbdecbac1e0bd777c98286ecfff8aeba7,timestamped_live_quote,FBS vs FBS
2026-10-01T12:42:26Z,0469a451e58ca81723a7760d4bede173,2026-10-03T00:00:00Z,Northwestern Wildcats,Penn State Nittany Lions,betmgm,BetMGM,2026-10-01T12:41:44Z,2026-10-01T12:41:43Z,Penn State Nittany Lions,-2.5,-125.0,2026,2026-10-01T12:42:26Z,1344,10.102834228958693,12.572499270091328,0.030334958867365813,807aa80048d80e577104f04f9dc527bcbdecbac1e0bd777c98286ecfff8aeba7,timestamped_live_quote,FBS vs FBS
2026-10-01T12:42:26Z,0469a451e58ca81723a7760d4bede173,2026-10-03T00:00:00Z,Northwestern Wildcats,Penn State Nittany Lions,betus,BetUS,2026-10-01T12:41:41Z,2026-10-01T12:41:41Z,Northwestern Wildcats,3.0,-115.0,2026,2026-10-01T12:42:26Z,1344,10.102834228958693,12.572499270091328,0.030334958867365813,807aa80048d80e577104f04f9dc527bcbdecbac1e0bd777c98286ecfff8aeba7,timestamped_live_quote,FBS vs FBS
2026-10-01T12:42:26Z,0469a451e58ca81723a7760d4bede173,2026-10-03T00:00:00Z,Northwestern Wildcats,Penn State Nittany Lions,betus,BetUS,2026-10-01T12:41:41Z,2026-10-01T12:41:41Z,Penn State Nittany Lions,-3.0,-105.0,2026,2026-10-01T12:42:26Z,1344,10.102834228958693,12.572499270091328,0.030334958867365813,807aa80048d80e577104f04f9dc527bcbdecbac1e0bd777c98286ecfff8aeba7,timestamped_live_quote,FBS vs FBS
2026-10-01T12:42:26Z,0469a451e58ca81723a7760d4bede173,2026-10-03T00:00:00Z,Northwestern Wildcats,Penn State Nittany Lions,bovada,Bovada,2026-10-01T12:41:12Z,2026-10-01T12:41:12Z,Northwestern Wildcats,3.0,-115.0,2026,2026-10-01T12:42:26Z,1344,10.102834228958693,12.572499270091328,0.030334958867365813,807aa80048d80e577104f04f9dc527bcbdecbac1e0bd777c98286ecfff8aeba7,timestamped_live_quote,FBS vs FBS
2026-10-01T12:42:26Z,0469a451e58ca81723a7760d4bede173,2026-10-03T00:00:00Z,Northwestern Wildcats,Penn State Nittany Lions,bovada,Bovada,2026-10-01T12:41:12Z,2026-10-01T12:41:12Z,Penn State Nittany Lions,-3.0,-105.0,2026,2026-10-01T12:42:26Z,1344,10.102834228958693,12.572499270091328,0.030334958867365813,807aa80048d80e577104f04f9dc527bcbdecbac1e0bd777c98286ecfff8aeba7,timestamped_live_quote,FBS vs FBS
2026-10-01T12:42:26Z,4fcb5b7ec04cad7acc5d048bdd24be4c,2026-10-03T16:00:00Z,Air Force Falcons,Navy Midshipmen,fanduel,FanDuel,2026-10-01T12:41:56Z,2026-10-01T12:41:55Z,Air Force Falcons,-3.5,102.0,2026,2026-10-01T12:42:26Z,1344,4.5829938729007464,0.9222087864428041,6.160785086457942,807aa80048d80e577104f04f9dc527bcbdecbac1e0bd777c98286ecfff8aeba7,timestamped_live_quote,FBS vs FBS
2026-10-01T12:42:26Z,4fcb5b7ec04cad7acc5d048bdd24be4c,2026-10-03T16:00:00Z,Air Force Falcons,Navy Midshipmen,fanduel,FanDuel,2026-10-01T12:41:56Z,2026-10-01T12:41:55Z,Navy Midshipmen,3.5,-124.0,2026,2026-10-01T12:42:26Z,1344,4.5829938729007464,0.9222087864428041,6.160785086457942,807aa80048d80e577104f04f9dc527bcbdecbac1e0bd777c98286ecfff8aeba7,timestamped_live_quote,FBS vs FBS
2026-10-01T12:42:26Z,4fcb5b7ec04cad7acc5d048bdd24be4c,2026-10-03T16:00:00Z,Air Force Falcons,Navy Midshipmen,betrivers,BetRivers,2026-10-01T12:41:26Z,2026-10-01T12:41:26Z,Air Force Falcons,-3.0,-114.0,2026,2026-10-01T12:42:26Z,1344,4.5829938729007464,0.9222087864428041,6.160785086457942,807aa80048d80e577104f04f9dc527bcbdecbac1e0bd777c98286ecfff8aeba7,timestamped_live_quote,FBS vs FBS
2026-10-01T12:42:26Z,4fcb5b7ec04cad7acc5d048bdd24be4c,2026-10-03T16:00:00Z,Air Force Falcons,Navy Midshipmen,betrivers,BetRivers,2026-10-01T12:41:26Z,2026-10-01T12:41:26Z,Navy Midshipmen,3.0,-109.0,2026,2026-10-01T12:42:26Z,1344,4.5829938729007464,0.9222087864428041,6.160785086457942,807aa80048d80e577104f04f9dc527bcbdecbac1e0bd777c98286ecfff8aeba7,timestamped_live_quote,FBS vs FBS
2026-10-01T12:42:26Z,4fcb5b7ec04cad7acc5d048bdd24be4c,2026-10-03T16:00:00Z,Air Force Falcons,Navy Midshipmen,draftkings,DraftKings,2026-10-01T12:41:40Z,2026-10-01T12:41:40Z,Air Force Falcons,-3.5,-102.0,2026,2026-10-01T12:42:26Z,1344,4.5829938729007464,0.9222087864428041,6.160785086457942,807aa80048d80e577104f04f9dc527bcbdecbac1e0bd777c98286ecfff8aeba7,timestamped_live_quote,FBS vs FBS
2026-10-01T12:42:26Z,4fcb5b7ec04cad7acc5d048bdd24be4c,2026-10-03T16:00:00Z,Air Force Falcons,Navy Midshipmen,draftkings,DraftKings,2026-10-01T12:41:40Z,2026-10-01T12:41:40Z,Navy Midshipmen,3.5,-118.0,2026,2026-10-01T12:42:26Z,1344,4.5829938729007464,0.9222087864428041,6.160785086457942,807aa80048d80e577104f04f9dc527bcbdecbac1e0bd777c98286ecfff8aeba7,timestamped_live_quote,FBS vs FBS
2026-10-01T12:42:26Z,4fcb5b7ec04cad7acc5d048bdd24be4c,2026-10-03T16:00:00Z,Air Force Falcons,Navy Midshipmen,lowvig,LowVig.ag,2026-10-01T12:42:16Z,2026-10-01T12:42:15Z,Air Force Falcons,-3.5,-101.0,2026,2026-10-01T12:42:26Z,1344,4.5829938729007464,0.9222087864428041,6.160785086457942,807aa80048d80e577104f04f9dc527bcbdecbac1e0bd777c98286ecfff8aeba7,timestamped_live_quote,FBS vs FBS
2026-10-01T12:42:26Z,4fcb5b7ec04cad7acc5d048bdd24be4c,2026-10-03T16:00:00Z,Air Force Falcons,Navy Midshipmen,lowvig,LowVig.ag,2026-10-01T12:42:16Z,2026-10-01T12:42:15Z,Navy Midshipmen,3.5,-111.0,2026,2026-10-01T12:42:26Z,1344,4.5829938729007464,0.9222087864428041,6.160785086457942,807aa80048d80e577104f04f9dc527bcbdecbac1e0bd777c98286ecfff8aeba7,timestamped_live_quote,FBS vs FBS
2026-10-01T12:42:26Z,4fcb5b7ec04cad7acc5d048bdd24be4c,2026-10-03T16:00:00Z,Air Force Falcons,Navy Midshipmen,betonlineag,BetOnline.ag,2026-10-01T12:41:25Z,2026-10-01T12:41:24Z,Air Force Falcons,-3.5,-105.0,2026,2026-10-01T12:42:26Z,1344,4.5829938729007464,0.9222087864428041,6.160785086457942,807aa80048d80e577104f04f9dc527bcbdecbac1e0bd777c98286ecfff8aeba7,timestamped_live_quote,FBS vs FBS
2026-10-01T12:42:26Z,4fcb5b7ec04cad7acc5d048bdd24be4c,2026-10-03T16:00:00Z,Air Force Falcons,Navy Midshipmen,betonlineag,BetOnline.ag,2026-10-01T12:41:25Z,2026-10-01T12:41:24Z,Navy Midshipmen,3.5,-115.0,2026,2026-10-01T12:42:26Z,1344,4.5829938729007464,0.9222087864428041,6.160785086457942,807aa80048d80e577104f04f9dc527bcbdecbac1e0bd777c98286ecfff8aeba7,timestamped_live_quote,FBS vs FBS
2026-10-01T12:42:26Z,4fcb5b7ec04cad7acc5d048bdd24be4c,2026-10-03T16:00:00Z,Air Force Falcons,Navy Midshipmen,betmgm,BetMGM,2026-10-01T12:41:44Z,2026-10-01T12:41:44Z,Air Force Falcons,-3.5,-102.0,2026,2026-10-01T12:42:26Z,1344,4.5829938729007464,0.9222087864428041,6.160785086457942,807aa80048d80e577104f04f9dc527bcbdecbac1e0bd777c98286ecfff8aeba7,timestamped_live_quote,FBS vs FBS
2026-10-01T12:42:26Z,4fcb5b7ec04cad7acc5d048bdd24be4c,2026-10-03T16:00:00Z,Air Force Falcons,Navy Midshipmen,betmgm,BetMGM,2026-10-01T12:41:44Z,2026-10-01T12:41:44Z,Navy Midshipmen,3.5,-118.0,2026,2026-10-01T12:42:26Z,1344,4.5829938729007464,0.9222087864428041,6.160785086457942,807aa80048d80e577104f04f9dc527bcbdecbac1e0bd777c98286ecfff8aeba7,timestamped_live_quote,FBS vs FBS
2026-10-01T12:42:26Z,4fcb5b7ec04cad7acc5d048bdd24be4c,2026-10-03T16:00:00Z,Air Force Falcons,Navy Midshipmen,mybookieag,MyBookie.ag,2026-10-01T12:42:16Z,2026-10-01T12:42:16Z,Air Force Falcons,-3.5,-110.0,2026,2026-10-01T12:42:26Z,1344,4.5829938729007464,0.9222087864428041,6.160785086457942,807aa80048d80e577104f04f9dc527bcbdecbac1e0bd777c98286ecfff8aeba7,timestamped_live_quote,FBS vs FBS
2026-10-01T12:42:26Z,4fcb5b7ec04cad7acc5d048bdd24be4c,2026-10-03T16:00:00Z,Air Force Falcons,Navy Midshipmen,mybookieag,MyBookie.ag,2026-10-01T12:42:16Z,2026-10-01T12:42:16Z,Navy Midshipmen,3.5,-110.0,2026,2026-10-01T12:42:26Z,1344,4.5829938729007464,0.9222087864428041,6.160785086457942,807aa80048d80e577104f04f9dc527bcbdecbac1e0bd777c98286ecfff8aeba7,timestamped_live_quote,FBS vs FBS
2026-10-01T12:42:26Z,4fcb5b7ec04cad7acc5d048bdd24be4c,2026-10-03T16:00:00Z,Air Force Falcons,Navy Midshipmen,betus,BetUS,2026-10-01T12:41:41Z,2026-10-01T12:41:41Z,Air Force Falcons,-3.5,-105.0,2026,2026-10-01T12:42:26Z,1344,4.5829938729007464,0.9222087864428041,6.160785086457942,807aa80048d80e577104f04f9dc527bcbdecbac1e0bd777c98286ecfff8aeba7,timestamped_live_quote,FBS vs FBS
2026-10-01T12:42:26Z,4fcb5b7ec04cad7acc5d048bdd24be4c,2026-10-03T16:00:00Z,Air Force Falcons,Navy Midshipmen,betus,BetUS,2026-10-01T12:41:41Z,2026-10-01T12:41:41Z,Navy Midshipmen,3.5,-115.0,2026,2026-10-01T12:42:26Z,1344,4.5829938729007464,0.9222087864428041,6.160785086457942,807aa80048d80e577104f04f9dc527bcbdecbac1e0bd777c98286ecfff8aeba7,timestamped_live_quote,FBS vs FBS
2026-10-01T12:42:26Z,4fcb5b7ec04cad7acc5d048bdd24be4c,2026-10-03T16:00:00Z,Air Force Falcons,Navy Midshipmen,bovada,Bovada,2026-10-01T12:41:12Z,2026-10-01T12:41:12Z,Air Force Falcons,-3.5,-105.0,2026,2026-10-01T12:42:26Z,1344,4.5829938729007464,0.9222087864428041,6.160785086457942,807aa80048d80e577104f04f9dc527bcbdecbac1e0bd777c98286ecfff8aeba7,timestamped_live_quote,FBS vs FBS
2026-10-01T12:42:26Z,4fcb5b7ec04cad7acc5d048bdd24be4c,2026-10-03T16:00:00Z,Air Force Falcons,Navy Midshipmen,bovada,Bovada,2026-10-01T12:41:12Z,2026-10-01T12:41:12Z,Navy Midshipmen,3.5,-115.0,2026,2026-10-01T12:42:26Z,1344,4.5829938729007464,0.9222087864428041,6.160785086457942,807aa80048d80e577104f04f9dc527bcbdecbac1e0bd777c98286ecfff8aeba7,timestamped_live_quote,FBS vs FBS
2026-10-01T12:42:26Z,6b22daf46195be6b3748584efe89dac1,2026-10-03T16:00:00Z,Mississippi State Bulldogs,Alabama Crimson Tide,draftkings,DraftKings,2026-10-01T12:41:40Z,2026-10-01T12:41:40Z,Alabama Crimson Tide,-5.5,-112.0,2026,2026-10-01T12:42:26Z,1344,12.892459712903815,15.976498073867353,-0.5840383609635378,807aa80048d80e577104f04f9dc527bcbdecbac1e0bd777c98286ecfff8aeba7,timestamped_live_quote,FBS vs FBS
2026-10-01T12:42:26Z,6b22daf46195be6b3748584efe89dac1,2026-10-03T16:00:00Z,Mississippi State Bulldogs,Alabama Crimson Tide,draftkings,DraftKings,2026-10-01T12:41:40Z,2026-10-01T12:41:40Z,Mississippi State Bulldogs,5.5,-108.0,2026,2026-10-01T12:42:26Z,1344,12.892459712903815,15.976498073867353,-0.5840383609635378,807aa80048d80e577104f04f9dc527bcbdecbac1e0bd777c98286ecfff8aeba7,timestamped_live_quote,FBS vs FBS
2026-10-01T12:42:26Z,6b22daf46195be6b3748584efe89dac1,2026-10-03T16:00:00Z,Mississippi State Bulldogs,Alabama Crimson Tide,fanduel,FanDuel,2026-10-01T12:41:55Z,2026-10-01T12:41:55Z,Alabama Crimson Tide,-5.5,-120.0,2026,2026-10-01T12:42:26Z,1344,12.892459712903815,15.976498073867353,-0.5840383609635378,807aa80048d80e577104f04f9dc527bcbdecbac1e0bd777c98286ecfff8aeba7,timestamped_live_quote,FBS vs FBS
2026-10-01T12:42:26Z,6b22daf46195be6b3748584efe89dac1,2026-10-03T16:00:00Z,Mississippi State Bulldogs,Alabama Crimson Tide,fanduel,FanDuel,2026-10-01T12:41:55Z,2026-10-01T12:41:55Z,Mississippi State Bulldogs,5.5,-102.0,2026,2026-10-01T12:42:26Z,1344,12.892459712903815,15.976498073867353,-0.5840383609635378,807aa80048d80e577104f04f9dc527bcbdecbac1e0bd777c98286ecfff8aeba7,timestamped_live_quote,FBS vs FBS
2026-10-01T12:42:26Z,6b22daf46195be6b3748584efe89dac1,2026-10-03T16:00:00Z,Mississippi State Bulldogs,Alabama Crimson Tide,betmgm,BetMGM,2026-10-01T12:41:44Z,2026-10-01T12:41:44Z,Alabama Crimson Tide,-5.5,-108.0,2026,2026-10-01T12:42:26Z,1344,12.892459712903815,15.976498073867353,-0.5840383609635378,807aa80048d80e577104f04f9dc527bcbdecbac1e0bd777c98286ecfff8aeba7,timestamped_live_quote,FBS vs FBS
2026-10-01T12:42:26Z,6b22daf46195be6b3748584efe89dac1,2026-10-03T16:00:00Z,Mississippi State Bulldogs,Alabama Crimson Tide,betmgm,BetMGM,2026-10-01T12:41:44Z,2026-10-01T12:41:44Z,Mississippi State Bulldogs,5.5,-110.0,2026,2026-10-01T12:42:26Z,1344,12.892459712903815,15.976498073867353,-0.5840383609635378,807aa80048d80e577104f04f9dc527bcbdecbac1e0bd777c98286ecfff8aeba7,timestamped_live_quote,FBS vs FBS
2026-10-01T12:42:26Z,6b22daf46195be6b3748584efe89dac1,2026-10-03T16:00:00Z,Mississippi State Bulldogs,Alabama Crimson Tide,betrivers,BetRivers,2026-10-01T12:41:26Z,2026-10-01T12:41:26Z,Alabama Crimson Tide,-6.0,-114.0,2026,2026-10-01T12:42:26Z,1344,12.892459712903815,15.976498073867353,-0.5840383609635378,807aa80048d80e577104f04f9dc527bcbdecbac1e0bd777c98286ecfff8aeba7,timestamped_live_quote,FBS vs FBS
2026-10-01T12:42:26Z,6b22daf46195be6b3748584efe89dac1,2026-10-03T16:00:00Z,Mississippi State Bulldogs,Alabama Crimson Tide,betrivers,BetRivers,2026-10-01T12:41:26Z,2026-10-01T12:41:26Z,Mississippi State Bulldogs,6.0,-109.0,2026,2026-10-01T12:42:26Z,1344,12.892459712903815,15.976498073867353,-0.5840383609635378,807aa80048d80e577104f04f9dc527bcbdecbac1e0bd777c98286ecfff8aeba7,timestamped_live_quote,FBS vs FBS
2026-10-01T12:42:26Z,6b22daf46195be6b3748584efe89dac1,2026-10-03T16:00:00Z,Mississippi State Bulldogs,Alabama Crimson Tide,betonlineag,BetOnline.ag,2026-10-01T12:41:25Z,2026-10-01T12:41:24Z,Alabama Crimson Tide,-5.0,-110.0,2026,2026-10-01T12:42:26Z,1344,12.892459712903815,15.976498073867353,-0.5840383609635378,807aa80048d80e577104f04f9dc527bcbdecbac1e0bd777c98286ecfff8aeba7,timestamped_live_quote,FBS vs FBS
2026-10-01T12:42:26Z,6b22daf46195be6b3748584efe89dac1,2026-10-03T16:00:00Z,Mississippi State Bulldogs,Alabama Crimson Tide,betonlineag,BetOnline.ag,2026-10-01T12:41:25Z,2026-10-01T12:41:24Z,Mississippi State Bulldogs,5.0,-110.0,2026,2026-10-01T12:42:26Z,1344,12.892459712903815,15.976498073867353,-0.5840383609635378,807aa80048d80e577104f04f9dc527bcbdecbac1e0bd777c98286ecfff8aeba7,timestamped_live_quote,FBS vs FBS
2026-10-01T12:42:26Z,6b22daf46195be6b3748584efe89dac1,2026-10-03T16:00:00Z,Mississippi State Bulldogs,Alabama Crimson Tide,lowvig,LowVig.ag,2026-10-01T12:42:16Z,2026-10-01T12:42:15Z,Alabama Crimson Tide,-5.0,-106.0,2026,2026-10-01T12:42:26Z,1344,12.892459712903815,15.976498073867353,-0.5840383609635378,807aa80048d80e577104f04f9dc527bcbdecbac1e0bd777c98286ecfff8aeba7,timestamped_live_quote,FBS vs FBS
2026-10-01T12:42:26Z,6b22daf46195be6b3748584efe89dac1,2026-10-03T16:00:00Z,Mississippi State Bulldogs,Alabama Crimson Tide,lowvig,LowVig.ag,2026-10-01T12:42:16Z,2026-10-01T12:42:15Z,Mississippi State Bulldogs,5.0,-106.0,2026,2026-10-01T12:42:26Z,1344,12.892459712903815,15.976498073867353,-0.5840383609635378,807aa80048d80e577104f04f9dc527bcbdecbac1e0bd777c98286ecfff8aeba7,timestamped_live_quote,FBS vs FBS
2026-10-01T12:42:26Z,6b22daf46195be6b3748584efe89dac1,2026-10-03T16:00:00Z,Mississippi State Bulldogs,Alabama Crimson Tide,mybookieag,MyBookie.ag,2026-10-01T12:42:16Z,2026-10-01T12:42:16Z,Alabama Crimson Tide,-6.0,-110.0,2026,2026-10-01T12:42:26Z,1344,12.892459712903815,15.976498073867353,-0.5840383609635378,807aa80048d80e577104f04f9dc527bcbdecbac1e0bd777c98286ecfff8aeba7,timestamped_live_quote,FBS vs FBS
2026-10-01T12:42:26Z,6b22daf46195be6b3748584efe89dac1,2026-10-03T16:00:00Z,Mississippi State Bulldogs,Alabama Crimson Tide,mybookieag,MyBookie.ag,2026-10-01T12:42:16Z,2026-10-01T12:42:16Z,Mississippi State Bulldogs,6.0,-110.0,2026,2026-10-01T12:42:26Z,1344,12.892459712903815,15.976498073867353,-0.5840383609635378,807aa80048d80e577104f04f9dc527bcbdecbac1e0bd777c98286ecfff8aeba7,timestamped_live_quote,FBS vs FBS
2026-10-01T12:42:26Z,6b22daf46195be6b3748584efe89dac1,2026-10-03T16:00:00Z,Mississippi State Bulldogs,Alabama Crimson Tide,betus,BetUS,2026-10-01T12:41:41Z,2026-10-01T12:41:41Z,Alabama Crimson Tide,-5.0,-110.0,2026,2026-10-01T12:42:26Z,1344,12.892459712903815,15.976498073867353,-0.5840383609635378,807aa80048d80e577104f04f9dc527bcbdecbac1e0bd777c98286ecfff8aeba7,timestamped_live_quote,FBS vs FBS
2026-10-01T12:42:26Z,6b22daf46195be6b3748584efe89dac1,2026-10-03T16:00:00Z,Mississippi State Bulldogs,Alabama Crimson Tide,betus,BetUS,2026-10-01T12:41:41Z,2026-10-01T12:41:41Z,Mississippi State Bulldogs,5.0,-110.0,2026,2026-10-01T12:42:26Z,1344,12.892459712903815,15.976498073867353,-0.5840383609635378,807aa80048d80e577104f04f9dc527bcbdecbac1e0bd777c98286ecfff8aeba7,timestamped_live_quote,FBS vs FBS
2026-10-01T12:42:26Z,6b22daf46195be6b3748584efe89dac1,2026-10-03T16:00:00Z,Mississippi State Bulldogs,Alabama Crimson Tide,bovada,Bovada,2026-10-01T12:41:12Z,2026-10-01T12:41:12Z,Alabama Crimson Tide,-5.5,-115.0,2026,2026-10-01T12:42:26Z,1344,12.892459712903815,15.976498073867353,-0.5840383609635378,807aa80048d80e577104f04f9dc527bcbdecbac1e0bd777c98286ecfff8aeba7,timestamped_live_quote,FBS vs FBS
2026-10-01T12:42:26Z,6b22daf46195be6b3748584efe89dac1,2026-10-03T16:00:00Z,Mississippi State Bulldogs,Alabama Crimson Tide,bovada,Bovada,2026-10-01T12:41:12Z,2026-10-01T12:41:12Z,Mississippi State Bulldogs,5.5,-105.0,2026,2026-10-01T12:42:26Z,1344,12.892459712903815,15.976498073867353,-0.5840383609635378,807aa80048d80e577104f04f9dc527bcbdecbac1e0bd777c98286ecfff8aeba7,timestamped_live_quote,FBS vs FBS
2026-10-01T12:42:26Z,36357c80707ce0c3a645afe495b28bbd,2026-10-03T16:00:00Z,SMU Mustangs,Boston College Eagles,fanduel,FanDuel,2026-10-01T12:41:56Z,2026-10-01T12:41:55Z,Boston College Eagles,20.5,-105.0,2026,2026-10-01T12:42:26Z,1344,6.698661712109724,-0.3892557079689297,9.587917420078654,807aa80048d80e577104f04f9dc527bcbdecbac1e0bd777c98286ecfff8aeba7,timestamped_live_quote,FBS vs FBS
2026-10-01T12:42:26Z,36357c80707ce0c3a645afe495b28bbd,2026-10-03T16:00:00Z,SMU Mustangs,Boston College Eagles,fanduel,FanDuel,2026-10-01T12:41:56Z,2026-10-01T12:41:55Z,SMU Mustangs,-20.5,-115.0,2026,2026-10-01T12:42:26Z,1344,6.698661712109724,-0.3892557079689297,9.587917420078654,807aa80048d80e577104f04f9dc527bcbdecbac1e0bd777c98286ecfff8aeba7,timestamped_live_quote,FBS vs FBS
2026-10-01T12:42:26Z,36357c80707ce0c3a645afe495b28bbd,2026-10-03T16:00:00Z,SMU Mustangs,Boston College Eagles,betrivers,BetRivers,2026-10-01T12:41:26Z,2026-10-01T12:41:26Z,Boston College Eagles,21.0,-113.0,2026,2026-10-01T12:42:26Z,1344,6.698661712109724,-0.3892557079689297,9.587917420078654,807aa80048d80e577104f04f9dc527bcbdecbac1e0bd777c98286ecfff8aeba7,timestamped_live_quote,FBS vs FBS
2026-10-01T12:42:26Z,36357c80707ce0c3a645afe495b28bbd,2026-10-03T16:00:00Z,SMU Mustangs,Boston College Eagles,betrivers,BetRivers,2026-10-01T12:41:26Z,2026-10-01T12:41:26Z,SMU Mustangs,-21.0,-110.0,2026,2026-10-01T12:42:26Z,1344,6.698661712109724,-0.3892557079689297,9.587917420078654,807aa80048d80e577104f04f9dc527bcbdecbac1e0bd777c98286ecfff8aeba7,timestamped_live_quote,FBS vs FBS
2026-10-01T12:42:26Z,36357c80707ce0c3a645afe495b28bbd,2026-10-03T16:00:00Z,SMU Mustangs,Boston College Eagles,draftkings,DraftKings,2026-10-01T12:41:40Z,2026-10-01T12:41:40Z,Boston College Eagles,21.0,-112.0,2026,2026-10-01T12:42:26Z,1344,6.698661712109724,-0.3892557079689297,9.587917420078654,807aa80048d80e577104f04f9dc527bcbdecbac1e0bd777c98286ecfff8aeba7,timestamped_live_quote,FBS vs FBS
2026-10-01T12:42:26Z,36357c80707ce0c3a645afe495b28bbd,2026-10-03T16:00:00Z,SMU Mustangs,Boston College Eagles,draftkings,DraftKings,2026-10-01T12:41:40Z,2026-10-01T12:41:40Z,SMU Mustangs,-21.0,-108.0,2026,2026-10-01T12:42:26Z,1344,6.698661712109724,-0.3892557079689297,9.587917420078654,807aa80048d80e577104f04f9dc527bcbdecbac1e0bd777c98286ecfff8aeba7,timestamped_live_quote,FBS vs FBS
2026-10-01T12:42:26Z,36357c80707ce0c3a645afe495b28bbd,2026-10-03T16:00:00Z,SMU Mustangs,Boston College Eagles,lowvig,LowVig.ag,2026-10-01T12:42:16Z,2026-10-01T12:42:15Z,Boston College Eagles,21.0,-107.0,2026,2026-10-01T12:42:26Z,1344,6.698661712109724,-0.3892557079689297,9.587917420078654,807aa80048d80e577104f04f9dc527bcbdecbac1e0bd777c98286ecfff8aeba7,timestamped_live_quote,FBS vs FBS
2026-10-01T12:42:26Z,36357c80707ce0c3a645afe495b28bbd,2026-10-03T16:00:00Z,SMU Mustangs,Boston College Eagles,lowvig,LowVig.ag,2026-10-01T12:42:16Z,2026-10-01T12:42:15Z,SMU Mustangs,-21.0,-105.0,2026,2026-10-01T12:42:26Z,1344,6.698661712109724,-0.3892557079689297,9.587917420078654,807aa80048d80e577104f04f9dc527bcbdecbac1e0bd777c98286ecfff8aeba7,timestamped_live_quote,FBS vs FBS
2026-10-01T12:42:26Z,36357c80707ce0c3a645afe495b28bbd,2026-10-03T16:00:00Z,SMU Mustangs,Boston College Eagles,betonlineag,BetOnline.ag,2026-10-01T12:41:25Z,2026-10-01T12:41:24Z,Boston College Eagles,21.0,-111.0,2026,2026-10-01T12:42:26Z,1344,6.698661712109724,-0.3892557079689297,9.587917420078654,807aa80048d80e577104f04f9dc527bcbdecbac1e0bd777c98286ecfff8aeba7,timestamped_live_quote,FBS vs FBS
2026-10-01T12:42:26Z,36357c80707ce0c3a645afe495b28bbd,2026-10-03T16:00:00Z,SMU Mustangs,Boston College Eagles,betonlineag,BetOnline.ag,2026-10-01T12:41:25Z,2026-10-01T12:41:24Z,SMU Mustangs,-21.0,-109.0,2026,2026-10-01T12:42:26Z,1344,6.698661712109724,-0.3892557079689297,9.587917420078654,807aa80048d80e577104f04f9dc527bcbdecbac1e0bd777c98286ecfff8aeba7,timestamped_live_quote,FBS vs FBS
2026-10-01T12:42:26Z,36357c80707ce0c3a645afe495b28bbd,2026-10-03T16:00:00Z,SMU Mustangs,Boston College Eagles,betmgm,BetMGM,2026-10-01T12:41:44Z,2026-10-01T12:41:44Z,Boston College Eagles,20.5,-105.0,2026,2026-10-01T12:42:26Z,1344,6.698661712109724,-0.3892557079689297,9.587917420078654,807aa80048d80e577104f04f9dc527bcbdecbac1e0bd777c98286ecfff8aeba7,timestamped_live_quote,FBS vs FBS
2026-10-01T12:42:26Z,36357c80707ce0c3a645afe495b28bbd,2026-10-03T16:00:00Z,SMU Mustangs,Boston College Eagles,betmgm,BetMGM,2026-10-01T12:41:44Z,2026-10-01T12:41:44Z,SMU Mustangs,-20.5,-112.0,2026,2026-10-01T12:42:26Z,1344,6.698661712109724,-0.3892557079689297,9.587917420078654,807aa80048d80e577104f04f9dc527bcbdecbac1e0bd777c98286ecfff8aeba7,timestamped_live_quote,FBS vs FBS
2026-10-01T12:42:26Z,36357c80707ce0c3a645afe495b28bbd,2026-10-03T16:00:00Z,SMU Mustangs,Boston College Eagles,mybookieag,MyBookie.ag,2026-10-01T12:42:16Z,2026-10-01T12:42:16Z,Boston College Eagles,21.0,-110.0,2026,2026-10-01T12:42:26Z,1344,6.698661712109724,-0.3892557079689297,9.587917420078654,807aa80048d80e577104f04f9dc527bcbdecbac1e0bd777c98286ecfff8aeba7,timestamped_live_quote,FBS vs FBS
2026-10-01T12:42:26Z,36357c80707ce0c3a645afe495b28bbd,2026-10-03T16:00:00Z,SMU Mustangs,Boston College Eagles,mybookieag,MyBookie.ag,2026-10-01T12:42:16Z,2026-10-01T12:42:16Z,SMU Mustangs,-21.0,-110.0,2026,2026-10-01T12:42:26Z,1344,6.698661712109724,-0.3892557079689297,9.587917420078654,807aa80048d80e577104f04f9dc527bcbdecbac1e0bd777c98286ecfff8aeba7,timestamped_live_quote,FBS vs FBS
2026-10-01T12:42:26Z,36357c80707ce0c3a645afe495b28bbd,2026-10-03T16:00:00Z,SMU Mustangs,Boston College Eagles,betus,BetUS,2026-10-01T12:41:41Z,2026-10-01T12:41:41Z,Boston College Eagles,21.0,-110.0,2026,2026-10-01T12:42:26Z,1344,6.698661712109724,-0.3892557079689297,9.587917420078654,807aa80048d80e577104f04f9dc527bcbdecbac1e0bd777c98286ecfff8aeba7,timestamped_live_quote,FBS vs FBS
2026-10-01T12:42:26Z,36357c80707ce0c3a645afe495b28bbd,2026-10-03T16:00:00Z,SMU Mustangs,Boston College Eagles,betus,BetUS,2026-10-01T12:41:41Z,2026-10-01T12:41:41Z,SMU Mustangs,-21.0,-110.0,2026,2026-10-01T12:42:26Z,1344,6.698661712109724,-0.3892557079689297,9.587917420078654,807aa80048d80e577104f04f9dc527bcbdecbac1e0bd777c98286ecfff8aeba7,timestamped_live_quote,FBS vs FBS
2026-10-01T12:42:26Z,36357c80707ce0c3a645afe495b28bbd,2026-10-03T16:00:00Z,SMU Mustangs,Boston College Eagles,bovada,Bovada,2026-10-01T12:41:12Z,2026-10-01T12:41:12Z,Boston College Eagles,21.0,-115.0,2026,2026-10-01T12:42:26Z,1344,6.698661712109724,-0.3892557079689297,9.587917420078654,807aa80048d80e577104f04f9dc527bcbdecbac1e0bd777c98286ecfff8aeba7,timestamped_live_quote,FBS vs FBS
2026-10-01T12:42:26Z,36357c80707ce0c3a645afe495b28bbd,2026-10-03T16:00:00Z,SMU Mustangs,Boston College Eagles,bovada,Bovada,2026-10-01T12:41:12Z,2026-10-01T12:41:12Z,SMU Mustangs,-21.0,-105.0,2026,2026-10-01T12:42:26Z,1344,6.698661712109724,-0.3892557079689297,9.587917420078654,807aa80048d80e577104f04f9dc527bcbdecbac1e0bd777c98286ecfff8aeba7,timestamped_live_quote,FBS vs FBS
2026-10-01T12:42:26Z,11c2108f1d7c8fb56c8a6c7fcd9b62bf,2026-10-03T16:00:00Z,Houston Cougars,UCF Knights,fanduel,FanDuel,2026-10-01T12:41:56Z,2026-10-01T12:41:55Z,Houston Cougars,-12.5,-106.0,2026,2026-10-01T12:42:26Z,1344,14.069393885393366,14.248147629935145,2.3212462554582203,807aa80048d80e577104f04f9dc527bcbdecbac1e0bd777c98286ecfff8aeba7,timestamped_live_quote,FBS vs FBS
2026-10-01T12:42:26Z,11c2108f1d7c8fb56c8a6c7fcd9b62bf,2026-10-03T16:00:00Z,Houston Cougars,UCF Knights,fanduel,FanDuel,2026-10-01T12:41:56Z,2026-10-01T12:41:55Z,UCF Knights,12.5,-114.0,2026,2026-10-01T12:42:26Z,1344,14.069393885393366,14.248147629935145,2.3212462554582203,807aa80048d80e577104f04f9dc527bcbdecbac1e0bd777c98286ecfff8aeba7,timestamped_live_quote,FBS vs FBS
2026-10-01T12:42:26Z,11c2108f1d7c8fb56c8a6c7fcd9b62bf,2026-10-03T16:00:00Z,Houston Cougars,UCF Knights,betrivers,BetRivers,2026-10-01T12:41:26Z,2026-10-01T12:41:26Z,Houston Cougars,-12.0,-112.0,2026,2026-10-01T12:42:26Z,1344,14.069393885393366,14.248147629935145,2.3212462554582203,807aa80048d80e577104f04f9dc527bcbdecbac1e0bd777c98286ecfff8aeba7,timestamped_live_quote,FBS vs FBS
2026-10-01T12:42:26Z,11c2108f1d7c8fb56c8a6c7fcd9b62bf,2026-10-03T16:00:00Z,Houston Cougars,UCF Knights,betrivers,BetRivers,2026-10-01T12:41:26Z,2026-10-01T12:41:26Z,UCF Knights,12.0,-112.0,2026,2026-10-01T12:42:26Z,1344,14.069393885393366,14.248147629935145,2.3212462554582203,807aa80048d80e577104f04f9dc527bcbdecbac1e0bd777c98286ecfff8aeba7,timestamped_live_quote,FBS vs FBS
2026-10-01T12:42:26Z,11c2108f1d7c8fb56c8a6c7fcd9b62bf,2026-10-03T16:00:00Z,Houston Cougars,UCF Knights,draftkings,DraftKings,2026-10-01T12:41:40Z,2026-10-01T12:41:40Z,Houston Cougars,-11.5,-112.0,2026,2026-10-01T12:42:26Z,1344,14.069393885393366,14.248147629935145,2.3212462554582203,807aa80048d80e577104f04f9dc527bcbdecbac1e0bd777c98286ecfff8aeba7,timestamped_live_quote,FBS vs FBS
2026-10-01T12:42:26Z,11c2108f1d7c8fb56c8a6c7fcd9b62bf,2026-10-03T16:00:00Z,Houston Cougars,UCF Knights,draftkings,DraftKings,2026-10-01T12:41:40Z,2026-10-01T12:41:40Z,UCF Knights,11.5,-108.0,2026,2026-10-01T12:42:26Z,1344,14.069393885393366,14.248147629935145,2.3212462554582203,807aa80048d80e577104f04f9dc527bcbdecbac1e0bd777c98286ecfff8aeba7,timestamped_live_quote,FBS vs FBS
2026-10-01T12:42:26Z,11c2108f1d7c8fb56c8a6c7fcd9b62bf,2026-10-03T16:00:00Z,Houston Cougars,UCF Knights,betonlineag,BetOnline.ag,2026-10-01T12:41:25Z,2026-10-01T12:41:24Z,Houston Cougars,-12.0,-112.0,2026,2026-10-01T12:42:26Z,1344,14.069393885393366,14.248147629935145,2.3212462554582203,807aa80048d80e577104f04f9dc527bcbdecbac1e0bd777c98286ecfff8aeba7,timestamped_live_quote,FBS vs FBS
2026-10-01T12:42:26Z,11c2108f1d7c8fb56c8a6c7fcd9b62bf,2026-10-03T16:00:00Z,Houston Cougars,UCF Knights,betonlineag,BetOnline.ag,2026-10-01T12:41:25Z,2026-10-01T12:41:24Z,UCF Knights,12.0,-108.0,2026,2026-10-01T12:42:26Z,1344,14.069393885393366,14.248147629935145,2.3212462554582203,807aa80048d80e577104f04f9dc527bcbdecbac1e0bd777c98286ecfff8aeba7,timestamped_live_quote,FBS vs FBS
2026-10-01T12:42:26Z,11c2108f1d7c8fb56c8a6c7fcd9b62bf,2026-10-03T16:00:00Z,Houston Cougars,UCF Knights,lowvig,LowVig.ag,2026-10-01T12:42:16Z,2026-10-01T12:42:15Z,Houston Cougars,-12.0,-108.0,2026,2026-10-01T12:42:26Z,1344,14.069393885393366,14.248147629935145,2.3212462554582203,807aa80048d80e577104f04f9dc527bcbdecbac1e0bd777c98286ecfff8aeba7,timestamped_live_quote,FBS vs FBS
2026-10-01T12:42:26Z,11c2108f1d7c8fb56c8a6c7fcd9b62bf,2026-10-03T16:00:00Z,Houston Cougars,UCF Knights,lowvig,LowVig.ag,2026-10-01T12:42:16Z,2026-10-01T12:42:15Z,UCF Knights,12.0,-104.0,2026,2026-10-01T12:42:26Z,1344,14.069393885393366,14.248147629935145,2.3212462554582203,807aa80048d80e577104f04f9dc527bcbdecbac1e0bd777c98286ecfff8aeba7,timestamped_live_quote,FBS vs FBS
2026-10-01T12:42:26Z,11c2108f1d7c8fb56c8a6c7fcd9b62bf,2026-10-03T16:00:00Z,Houston Cougars,UCF Knights,betmgm,BetMGM,2026-10-01T12:41:44Z,2026-10-01T12:41:44Z,Houston Cougars,-12.0,-108.0,2026,2026-10-01T12:42:26Z,1344,14.069393885393366,14.248147629935145,2.3212462554582203,807aa80048d80e577104f04f9dc527bcbdecbac1e0bd777c98286ecfff8aeba7,timestamped_live_quote,FBS vs FBS
2026-10-01T12:42:26Z,11c2108f1d7c8fb56c8a6c7fcd9b62bf,2026-10-03T16:00:00Z,Houston Cougars,UCF Knights,betmgm,BetMGM,2026-10-01T12:41:44Z,2026-10-01T12:41:44Z,UCF Knights,12.0,-110.0,2026,2026-10-01T12:42:26Z,1344,14.069393885393366,14.248147629935145,2.3212462554582203,807aa80048d80e577104f04f9dc527bcbdecbac1e0bd777c98286ecfff8aeba7,timestamped_live_quote,FBS vs FBS
2026-10-01T12:42:26Z,11c2108f1d7c8fb56c8a6c7fcd9b62bf,2026-10-03T16:00:00Z,Houston Cougars,UCF Knights,mybookieag,MyBookie.ag,2026-10-01T12:42:16Z,2026-10-01T12:42:16Z,Houston Cougars,-12.0,-110.0,2026,2026-10-01T12:42:26Z,1344,14.069393885393366,14.248147629935145,2.3212462554582203,807aa80048d80e577104f04f9dc527bcbdecbac1e0bd777c98286ecfff8aeba7,timestamped_live_quote,FBS vs FBS
2026-10-01T12:42:26Z,11c2108f1d7c8fb56c8a6c7fcd9b62bf,2026-10-03T16:00:00Z,Houston Cougars,UCF Knights,mybookieag,MyBookie.ag,2026-10-01T12:42:16Z,2026-10-01T12:42:16Z,UCF Knights,12.0,-110.0,2026,2026-10-01T12:42:26Z,1344,14.069393885393366,14.248147629935145,2.3212462554582203,807aa80048d80e577104f04f9dc527bcbdecbac1e0bd777c98286ecfff8aeba7,timestamped_live_quote,FBS vs FBS
2026-10-01T12:42:26Z,11c2108f1d7c8fb56c8a6c7fcd9b62bf,2026-10-03T16:00:00Z,Houston Cougars,UCF Knights,betus,BetUS,2026-10-01T12:41:41Z,2026-10-01T12:41:41Z,Houston Cougars,-12.0,-110.0,2026,2026-10-01T12:42:26Z,1344,14.069393885393366,14.248147629935145,2.3212462554582203,807aa80048d80e577104f04f9dc527bcbdecbac1e0bd777c98286ecfff8aeba7,timestamped_live_quote,FBS vs FBS
2026-10-01T12:42:26Z,11c2108f1d7c8fb56c8a6c7fcd9b62bf,2026-10-03T16:00:00Z,Houston Cougars,UCF Knights,betus,BetUS,2026-10-01T12:41:41Z,2026-10-01T12:41:41Z,UCF Knights,12.0,-110.0,2026,2026-10-01T12:42:26Z,1344,14.069393885393366,14.248147629935145,2.3212462554582203,807aa80048d80e577104f04f9dc527bcbdecbac1e0bd777c98286ecfff8aeba7,timestamped_live_quote,FBS vs FBS
2026-10-01T12:42:26Z,11c2108f1d7c8fb56c8a6c7fcd9b62bf,2026-10-03T16:00:00Z,Houston Cougars,UCF Knights,bovada,Bovada,2026-10-01T12:41:12Z,2026-10-01T12:41:12Z,Houston Cougars,-12.0,-110.0,2026,2026-10-01T12:42:26Z,1344,14.069393885393366,14.248147629935145,2.3212462554582203,807aa80048d80e577104f04f9dc527bcbdecbac1e0bd777c98286ecfff8aeba7,timestamped_live_quote,FBS vs FBS
2026-10-01T12:42:26Z,11c2108f1d7c8fb56c8a6c7fcd9b62bf,2026-10-03T16:00:00Z,Houston Cougars,UCF Knights,bovada,Bovada,2026-10-01T12:41:12Z,2026-10-01T12:41:12Z,UCF Knights,12.0,-110.0,2026,2026-10-01T12:42:26Z,1344,14.069393885393366,14.248147629935145,2.3212462554582203,807aa80048d80e577104f04f9dc527bcbdecbac1e0bd777c98286ecfff8aeba7,timestamped_live_quote,FBS vs FBS
2026-10-01T12:42:26Z,7bdd5ae18979fa3af61625a21d757987,2026-10-03T16:00:00Z,Iowa State Cyclones,West Virginia Mountaineers,fanduel,FanDuel,2026-10-01T12:41:56Z,2026-10-01T12:41:55Z,Iowa State Cyclones,-2.5,-122.0,2026,2026-10-01T12:42:26Z,1344,9.050571211989975,7.794947654079492,3.755623557910483,807aa80048d80e577104f04f9dc527bcbdecbac1e0bd777c98286ecfff8aeba7,timestamped_live_quote,FBS vs FBS
2026-10-01T12:42:26Z,7bdd5ae18979fa3af61625a21d757987,2026-10-03T16:00:00Z,Iowa State Cyclones,West Virginia Mountaineers,fanduel,FanDuel,2026-10-01T12:41:56Z,2026-10-01T12:41:55Z,West Virginia Mountaineers,2.5,100.0,2026,2026-10-01T12:42:26Z,1344,9.050571211989975,7.794947654079492,3.755623557910483,807aa80048d80e577104f04f9dc527bcbdecbac1e0bd777c98286ecfff8aeba7,timestamped_live_quote,FBS vs FBS
2026-10-01T12:42:26Z,7bdd5ae18979fa3af61625a21d757987,2026-10-03T16:00:00Z,Iowa State Cyclones,West Virginia Mountaineers,betrivers,BetRivers,2026-10-01T12:41:26Z,2026-10-01T12:41:26Z,Iowa State Cyclones,-2.5,-113.0,2026,2026-10-01T12:42:26Z,1344,9.050571211989975,7.794947654079492,3.755623557910483,807aa80048d80e577104f04f9dc527bcbdecbac1e0bd777c98286ecfff8aeba7,timestamped_live_quote,FBS vs FBS
2026-10-01T12:42:26Z,7bdd5ae18979fa3af61625a21d757987,2026-10-03T16:00:00Z,Iowa State Cyclones,West Virginia Mountaineers,betrivers,BetRivers,2026-10-01T12:41:26Z,2026-10-01T12:41:26Z,West Virginia Mountaineers,2.5,-110.0,2026,2026-10-01T12:42:26Z,1344,9.050571211989975,7.794947654079492,3.755623557910483,807aa80048d80e577104f04f9dc527bcbdecbac1e0bd777c98286ecfff8aeba7,timestamped_live_quote,FBS vs FBS
2026-10-01T12:42:26Z,7bdd5ae18979fa3af61625a21d757987,2026-10-03T16:00:00Z,Iowa State Cyclones,West Virginia Mountaineers,lowvig,LowVig.ag,2026-10-01T12:42:16Z,2026-10-01T12:42:15Z,Iowa State Cyclones,-3.5,101.0,2026,2026-10-01T12:42:26Z,1344,9.050571211989975,7.794947654079492,3.755623557910483,807aa80048d80e577104f04f9dc527bcbdecbac1e0bd777c98286ecfff8aeba7,timestamped_live_quote,FBS vs FBS
2026-10-01T12:42:26Z,7bdd5ae18979fa3af61625a21d757987,2026-10-03T16:00:00Z,Iowa State Cyclones,West Virginia Mountaineers,lowvig,LowVig.ag,2026-10-01T12:42:16Z,2026-10-01T12:42:15Z,West Virginia Mountaineers,3.5,-113.0,2026,2026-10-01T12:42:26Z,1344,9.050571211989975,7.794947654079492,3.755623557910483,807aa80048d80e577104f04f9dc527bcbdecbac1e0bd777c98286ecfff8aeba7,timestamped_live_quote,FBS vs FBS
2026-10-01T12:42:26Z,7bdd5ae18979fa3af61625a21d757987,2026-10-03T16:00:00Z,Iowa State Cyclones,West Virginia Mountaineers,betonlineag,BetOnline.ag,2026-10-01T12:41:25Z,2026-10-01T12:41:24Z,Iowa State Cyclones,-3.5,-103.0,2026,2026-10-01T12:42:26Z,1344,9.050571211989975,7.794947654079492,3.755623557910483,807aa80048d80e577104f04f9dc527bcbdecbac1e0bd777c98286ecfff8aeba7,timestamped_live_quote,FBS vs FBS
2026-10-01T12:42:26Z,7bdd5ae18979fa3af61625a21d757987,2026-10-03T16:00:00Z,Iowa State Cyclones,West Virginia Mountaineers,betonlineag,BetOnline.ag,2026-10-01T12:41:25Z,2026-10-01T12:41:24Z,West Virginia Mountaineers,3.5,-117.0,2026,2026-10-01T12:42:26Z,1344,9.050571211989975,7.794947654079492,3.755623557910483,807aa80048d80e577104f04f9dc527bcbdecbac1e0bd777c98286ecfff8aeba7,timestamped_live_quote,FBS vs FBS
2026-10-01T12:42:26Z,7bdd5ae18979fa3af61625a21d757987,2026-10-03T16:00:00Z,Iowa State Cyclones,West Virginia Mountaineers,draftkings,DraftKings,2026-10-01T12:41:40Z,2026-10-01T12:41:40Z,Iowa State Cyclones,-3.0,-118.0,2026,2026-10-01T12:42:26Z,1344,9.050571211989975,7.794947654079492,3.755623557910483,807aa80048d80e577104f04f9dc527bcbdecbac1e0bd777c98286ecfff8aeba7,timestamped_live_quote,FBS vs FBS
2026-10-01T12:42:26Z,7bdd5ae18979fa3af61625a21d757987,2026-10-03T16:00:00Z,Iowa State Cyclones,West Virginia Mountaineers,draftkings,DraftKings,2026-10-01T12:41:40Z,2026-10-01T12:41:40Z,West Virginia Mountaineers,3.0,-102.0,2026,2026-10-01T12:42:26Z,1344,9.050571211989975,7.794947654079492,3.755623557910483,807aa80048d80e577104f04f9dc527bcbdecbac1e0bd777c98286ecfff8aeba7,timestamped_live_quote,FBS vs FBS
2026-10-01T12:42:26Z,7bdd5ae18979fa3af61625a21d757987,2026-10-03T16:00:00Z,Iowa State Cyclones,West Virginia Mountaineers,betmgm,BetMGM,2026-10-01T12:41:44Z,2026-10-01T12:41:44Z,Iowa State Cyclones,-3.0,-115.0,2026,2026-10-01T12:42:26Z,1344,9.050571211989975,7.794947654079492,3.755623557910483,807aa80048d80e577104f04f9dc527bcbdecbac1e0bd777c98286ecfff8aeba7,timestamped_live_quote,FBS vs FBS
2026-10-01T12:42:26Z,7bdd5ae18979fa3af61625a21d757987,2026-10-03T16:00:00Z,Iowa State Cyclones,West Virginia Mountaineers,betmgm,BetMGM,2026-10-01T12:41:44Z,2026-10-01T12:41:44Z,West Virginia Mountaineers,3.0,-105.0,2026,2026-10-01T12:42:26Z,1344,9.050571211989975,7.794947654079492,3.755623557910483,807aa80048d80e577104f04f9dc527bcbdecbac1e0bd777c98286ecfff8aeba7,timestamped_live_quote,FBS vs FBS
2026-10-01T12:42:26Z,7bdd5ae18979fa3af61625a21d757987,2026-10-03T16:00:00Z,Iowa State Cyclones,West Virginia Mountaineers,mybookieag,MyBookie.ag,2026-10-01T12:42:16Z,2026-10-01T12:42:16Z,Iowa State Cyclones,-3.5,-110.0,2026,2026-10-01T12:42:26Z,1344,9.050571211989975,7.794947654079492,3.755623557910483,807aa80048d80e577104f04f9dc527bcbdecbac1e0bd777c98286ecfff8aeba7,timestamped_live_quote,FBS vs FBS
2026-10-01T12:42:26Z,7bdd5ae18979fa3af61625a21d757987,2026-10-03T16:00:00Z,Iowa State Cyclones,West Virginia Mountaineers,mybookieag,MyBookie.ag,2026-10-01T12:42:16Z,2026-10-01T12:42:16Z,West Virginia Mountaineers,3.5,-110.0,2026,2026-10-01T12:42:26Z,1344,9.050571211989975,7.794947654079492,3.755623557910483,807aa80048d80e577104f04f9dc527bcbdecbac1e0bd777c98286ecfff8aeba7,timestamped_live_quote,FBS vs FBS
2026-10-01T12:42:26Z,7bdd5ae18979fa3af61625a21d757987,2026-10-03T16:00:00Z,Iowa State Cyclones,West Virginia Mountaineers,betus,BetUS,2026-10-01T12:41:41Z,2026-10-01T12:41:41Z,Iowa State Cyclones,-3.0,-115.0,2026,2026-10-01T12:42:26Z,1344,9.050571211989975,7.794947654079492,3.755623557910483,807aa80048d80e577104f04f9dc527bcbdecbac1e0bd777c98286ecfff8aeba7,timestamped_live_quote,FBS vs FBS
2026-10-01T12:42:26Z,7bdd5ae18979fa3af61625a21d757987,2026-10-03T16:00:00Z,Iowa State Cyclones,West Virginia Mountaineers,betus,BetUS,2026-10-01T12:41:41Z,2026-10-01T12:41:41Z,West Virginia Mountaineers,3.0,-105.0,2026,2026-10-01T12:42:26Z,1344,9.050571211989975,7.794947654079492,3.755623557910483,807aa80048d80e577104f04f9dc527bcbdecbac1e0bd777c98286ecfff8aeba7,timestamped_live_quote,FBS vs FBS
2026-10-01T12:42:26Z,7bdd5ae18979fa3af61625a21d757987,2026-10-03T16:00:00Z,Iowa State Cyclones,West Virginia Mountaineers,bovada,Bovada,2026-10-01T12:41:12Z,2026-10-01T12:41:12Z,Iowa State Cyclones,-3.0,-115.0,2026,2026-10-01T12:42:26Z,1344,9.050571211989975,7.794947654079492,3.755623557910483,807aa80048d80e577104f04f9dc527bcbdecbac1e0bd777c98286ecfff8aeba7,timestamped_live_quote,FBS vs FBS
2026-10-01T12:42:26Z,7bdd5ae18979fa3af61625a21d757987,2026-10-03T16:00:00Z,Iowa State Cyclones,West Virginia Mountaineers,bovada,Bovada,2026-10-01T12:41:12Z,2026-10-01T12:41:12Z,West Virginia Mountaineers,3.0,-105.0,2026,2026-10-01T12:42:26Z,1344,9.050571211989975,7.794947654079492,3.755623557910483,807aa80048d80e577104f04f9dc527bcbdecbac1e0bd777c98286ecfff8aeba7,timestamped_live_quote,FBS vs FBS
2026-10-01T12:42:26Z,38e6b42c07f8da2e57e0b4dd09d6174c,2026-10-03T16:00:00Z,Kansas Jayhawks,Middle Tennessee Blue Raiders,fanduel,FanDuel,2026-10-01T12:41:56Z,2026-10-01T12:41:55Z,Kansas Jayhawks,-18.5,-110.0,2026,2026-10-01T12:42:26Z,1344,2.6213985239057416,0.9264735106200341,4.194925013285707,807aa80048d80e577104f04f9dc527bcbdecbac1e0bd777c98286ecfff8aeba7,timestamped_live_quote,FBS vs FBS
2026-10-01T12:42:26Z,38e6b42c07f8da2e57e0b4dd09d6174c,2026-10-03T16:00:00Z,Kansas Jayhawks,Middle Tennessee Blue Raiders,fanduel,FanDuel,2026-10-01T12:41:56Z,2026-10-01T12:41:55Z,Middle Tennessee Blue Raiders,18.5,-110.0,2026,2026-10-01T12:42:26Z,1344,2.6213985239057416,0.9264735106200341,4.194925013285707,807aa80048d80e577104f04f9dc527bcbdecbac1e0bd777c98286ecfff8aeba7,timestamped_live_quote,FBS vs FBS
2026-10-01T12:42:26Z,38e6b42c07f8da2e57e0b4dd09d6174c,2026-10-03T16:00:00Z,Kansas Jayhawks,Middle Tennessee Blue Raiders,draftkings,DraftKings,2026-10-01T12:41:40Z,2026-10-01T12:41:40Z,Kansas Jayhawks,-18.5,-112.0,2026,2026-10-01T12:42:26Z,1344,2.6213985239057416,0.9264735106200341,4.194925013285707,807aa80048d80e577104f04f9dc527bcbdecbac1e0bd777c98286ecfff8aeba7,timestamped_live_quote,FBS vs FBS
2026-10-01T12:42:26Z,38e6b42c07f8da2e57e0b4dd09d6174c,2026-10-03T16:00:00Z,Kansas Jayhawks,Middle Tennessee Blue Raiders,draftkings,DraftKings,2026-10-01T12:41:40Z,2026-10-01T12:41:40Z,Middle Tennessee Blue Raiders,18.5,-108.0,2026,2026-10-01T12:42:26Z,1344,2.6213985239057416,0.9264735106200341,4.194925013285707,807aa80048d80e577104f04f9dc527bcbdecbac1e0bd777c98286ecfff8aeba7,timestamped_live_quote,FBS vs FBS
2026-10-01T12:42:26Z,38e6b42c07f8da2e57e0b4dd09d6174c,2026-10-03T16:00:00Z,Kansas Jayhawks,Middle Tennessee Blue Raiders,betonlineag,BetOnline.ag,2026-10-01T12:41:25Z,2026-10-01T12:41:24Z,Kansas Jayhawks,-18.5,-105.0,2026,2026-10-01T12:42:26Z,1344,2.6213985239057416,0.9264735106200341,4.194925013285707,807aa80048d80e577104f04f9dc527bcbdecbac1e0bd777c98286ecfff8aeba7,timestamped_live_quote,FBS vs FBS
2026-10-01T12:42:26Z,38e6b42c07f8da2e57e0b4dd09d6174c,2026-10-03T16:00:00Z,Kansas Jayhawks,Middle Tennessee Blue Raiders,betonlineag,BetOnline.ag,2026-10-01T12:41:25Z,2026-10-01T12:41:24Z,Middle Tennessee Blue Raiders,18.5,-115.0,2026,2026-10-01T12:42:26Z,1344,2.6213985239057416,0.9264735106200341,4.194925013285707,807aa80048d80e577104f04f9dc527bcbdecbac1e0bd777c98286ecfff8aeba7,timestamped_live_quote,FBS vs FBS
2026-10-01T12:42:26Z,38e6b42c07f8da2e57e0b4dd09d6174c,2026-10-03T16:00:00Z,Kansas Jayhawks,Middle Tennessee Blue Raiders,lowvig,LowVig.ag,2026-10-01T12:42:16Z,2026-10-01T12:42:15Z,Kansas Jayhawks,-18.5,-101.0,2026,2026-10-01T12:42:26Z,1344,2.6213985239057416,0.9264735106200341,4.194925013285707,807aa80048d80e577104f04f9dc527bcbdecbac1e0bd777c98286ecfff8aeba7,timestamped_live_quote,FBS vs FBS
2026-10-01T12:42:26Z,38e6b42c07f8da2e57e0b4dd09d6174c,2026-10-03T16:00:00Z,Kansas Jayhawks,Middle Tennessee Blue Raiders,lowvig,LowVig.ag,2026-10-01T12:42:16Z,2026-10-01T12:42:15Z,Middle Tennessee Blue Raiders,18.5,-111.0,2026,2026-10-01T12:42:26Z,1344,2.6213985239057416,0.9264735106200341,4.194925013285707,807aa80048d80e577104f04f9dc527bcbdecbac1e0bd777c98286ecfff8aeba7,timestamped_live_quote,FBS vs FBS
2026-10-01T12:42:26Z,38e6b42c07f8da2e57e0b4dd09d6174c,2026-10-03T16:00:00Z,Kansas Jayhawks,Middle Tennessee Blue Raiders,betmgm,BetMGM,2026-10-01T12:41:44Z,2026-10-01T12:41:43Z,Kansas Jayhawks,-18.5,-105.0,2026,2026-10-01T12:42:26Z,1344,2.6213985239057416,0.9264735106200341,4.194925013285707,807aa80048d80e577104f04f9dc527bcbdecbac1e0bd777c98286ecfff8aeba7,timestamped_live_quote,FBS vs FBS
2026-10-01T12:42:26Z,38e6b42c07f8da2e57e0b4dd09d6174c,2026-10-03T16:00:00Z,Kansas Jayhawks,Middle Tennessee Blue Raiders,betmgm,BetMGM,2026-10-01T12:41:44Z,2026-10-01T12:41:43Z,Middle Tennessee Blue Raiders,18.5,-112.0,2026,2026-10-01T12:42:26Z,1344,2.6213985239057416,0.9264735106200341,4.194925013285707,807aa80048d80e577104f04f9dc527bcbdecbac1e0bd777c98286ecfff8aeba7,timestamped_live_quote,FBS vs FBS
2026-10-01T12:42:26Z,38e6b42c07f8da2e57e0b4dd09d6174c,2026-10-03T16:00:00Z,Kansas Jayhawks,Middle Tennessee Blue Raiders,mybookieag,MyBookie.ag,2026-10-01T12:42:16Z,2026-10-01T12:42:16Z,Kansas Jayhawks,-18.5,-110.0,2026,2026-10-01T12:42:26Z,1344,2.6213985239057416,0.9264735106200341,4.194925013285707,807aa80048d80e577104f04f9dc527bcbdecbac1e0bd777c98286ecfff8aeba7,timestamped_live_quote,FBS vs FBS
2026-10-01T12:42:26Z,38e6b42c07f8da2e57e0b4dd09d6174c,2026-10-03T16:00:00Z,Kansas Jayhawks,Middle Tennessee Blue Raiders,mybookieag,MyBookie.ag,2026-10-01T12:42:16Z,2026-10-01T12:42:16Z,Middle Tennessee Blue Raiders,18.5,-110.0,2026,2026-10-01T12:42:26Z,1344,2.6213985239057416,0.9264735106200341,4.194925013285707,807aa80048d80e577104f04f9dc527bcbdecbac1e0bd777c98286ecfff8aeba7,timestamped_live_quote,FBS vs FBS
2026-10-01T12:42:26Z,38e6b42c07f8da2e57e0b4dd09d6174c,2026-10-03T16:00:00Z,Kansas Jayhawks,Middle Tennessee Blue Raiders,betus,BetUS,2026-10-01T12:41:41Z,2026-10-01T12:41:41Z,Kansas Jayhawks,-18.5,-110.0,2026,2026-10-01T12:42:26Z,1344,2.6213985239057416,0.9264735106200341,4.194925013285707,807aa80048d80e577104f04f9dc527bcbdecbac1e0bd777c98286ecfff8aeba7,timestamped_live_quote,FBS vs FBS
2026-10-01T12:42:26Z,38e6b42c07f8da2e57e0b4dd09d6174c,2026-10-03T16:00:00Z,Kansas Jayhawks,Middle Tennessee Blue Raiders,betus,BetUS,2026-10-01T12:41:41Z,2026-10-01T12:41:41Z,Middle Tennessee Blue Raiders,18.5,-110.0,2026,2026-10-01T12:42:26Z,1344,2.6213985239057416,0.9264735106200341,4.194925013285707,807aa80048d80e577104f04f9dc527bcbdecbac1e0bd777c98286ecfff8aeba7,timestamped_live_quote,FBS vs FBS
2026-10-01T12:42:26Z,38e6b42c07f8da2e57e0b4dd09d6174c,2026-10-03T16:00:00Z,Kansas Jayhawks,Middle Tennessee Blue Raiders,bovada,Bovada,2026-10-01T12:41:12Z,2026-10-01T12:41:12Z,Kansas Jayhawks,-18.0,-110.0,2026,2026-10-01T12:42:26Z,1344,2.6213985239057416,0.9264735106200341,4.194925013285707,807aa80048d80e577104f04f9dc527bcbdecbac1e0bd777c98286ecfff8aeba7,timestamped_live_quote,FBS vs FBS
2026-10-01T12:42:26Z,38e6b42c07f8da2e57e0b4dd09d6174c,2026-10-03T16:00:00Z,Kansas Jayhawks,Middle Tennessee Blue Raiders,bovada,Bovada,2026-10-01T12:41:12Z,2026-10-01T12:41:12Z,Middle Tennessee Blue Raiders,18.0,-110.0,2026,2026-10-01T12:42:26Z,1344,2.6213985239057416,0.9264735106200341,4.194925013285707,807aa80048d80e577104f04f9dc527bcbdecbac1e0bd777c98286ecfff8aeba7,timestamped_live_quote,FBS vs FBS
2026-10-01T12:42:26Z,38e6b42c07f8da2e57e0b4dd09d6174c,2026-10-03T16:00:00Z,Kansas Jayhawks,Middle Tennessee Blue Raiders,betrivers,BetRivers,2026-10-01T12:41:26Z,2026-10-01T12:41:26Z,Kansas Jayhawks,-18.5,-110.0,2026,2026-10-01T12:42:26Z,1344,2.6213985239057416,0.9264735106200341,4.194925013285707,807aa80048d80e577104f04f9dc527bcbdecbac1e0bd777c98286ecfff8aeba7,timestamped_live_quote,FBS vs FBS
2026-10-01T12:42:26Z,38e6b42c07f8da2e57e0b4dd09d6174c,2026-10-03T16:00:00Z,Kansas Jayhawks,Middle Tennessee Blue Raiders,betrivers,BetRivers,2026-10-01T12:41:26Z,2026-10-01T12:41:26Z,Middle Tennessee Blue Raiders,18.5,-112.0,2026,2026-10-01T12:42:26Z,1344,2.6213985239057416,0.9264735106200341,4.194925013285707,807aa80048d80e577104f04f9dc527bcbdecbac1e0bd777c98286ecfff8aeba7,timestamped_live_quote,FBS vs FBS
2026-10-01T12:42:26Z,a2f01448219e39fd44e3d98ea5c7f482,2026-10-03T16:00:00Z,Minnesota Golden Gophers,Michigan Wolverines,draftkings,DraftKings,2026-10-01T12:41:40Z,2026-10-01T12:41:40Z,Michigan Wolverines,-5.5,-110.0,2026,2026-10-01T12:42:26Z,1344,7.713942231644802,5.895233353496409,4.318708878148393,807aa80048d80e577104f04f9dc527bcbdecbac1e0bd777c98286ecfff8aeba7,timestamped_live_quote,FBS vs FBS
2026-10-01T12:42:26Z,a2f01448219e39fd44e3d98ea5c7f482,2026-10-03T16:00:00Z,Minnesota Golden Gophers,Michigan Wolverines,draftkings,DraftKings,2026-10-01T12:41:40Z,2026-10-01T12:41:40Z,Minnesota Golden Gophers,5.5,-110.0,2026,2026-10-01T12:42:26Z,1344,7.713942231644802,5.895233353496409,4.318708878148393,807aa80048d80e577104f04f9dc527bcbdecbac1e0bd777c98286ecfff8aeba7,timestamped_live_quote,FBS vs FBS
2026-10-01T12:42:26Z,a2f01448219e39fd44e3d98ea5c7f482,2026-10-03T16:00:00Z,Minnesota Golden Gophers,Michigan Wolverines,fanduel,FanDuel,2026-10-01T12:41:55Z,2026-10-01T12:41:55Z,Michigan Wolverines,-5.5,-110.0,2026,2026-10-01T12:42:26Z,1344,7.713942231644802,5.895233353496409,4.318708878148393,807aa80048d80e577104f04f9dc527bcbdecbac1e0bd777c98286ecfff8aeba7,timestamped_live_quote,FBS vs FBS
2026-10-01T12:42:26Z,a2f01448219e39fd44e3d98ea5c7f482,2026-10-03T16:00:00Z,Minnesota Golden Gophers,Michigan Wolverines,fanduel,FanDuel,2026-10-01T12:41:55Z,2026-10-01T12:41:55Z,Minnesota Golden Gophers,5.5,-110.0,2026,2026-10-01T12:42:26Z,1344,7.713942231644802,5.895233353496409,4.318708878148393,807aa80048d80e577104f04f9dc527bcbdecbac1e0bd777c98286ecfff8aeba7,timestamped_live_quote,FBS vs FBS
2026-10-01T12:42:26Z,a2f01448219e39fd44e3d98ea5c7f482,2026-10-03T16:00:00Z,Minnesota Golden Gophers,Michigan Wolverines,betrivers,BetRivers,2026-10-01T12:41:26Z,2026-10-01T12:41:26Z,Michigan Wolverines,-5.5,-112.0,2026,2026-10-01T12:42:26Z,1344,7.713942231644802,5.895233353496409,4.318708878148393,807aa80048d80e577104f04f9dc527bcbdecbac1e0bd777c98286ecfff8aeba7,timestamped_live_quote,FBS vs FBS
2026-10-01T12:42:26Z,a2f01448219e39fd44e3d98ea5c7f482,2026-10-03T16:00:00Z,Minnesota Golden Gophers,Michigan Wolverines,betrivers,BetRivers,2026-10-01T12:41:26Z,2026-10-01T12:41:26Z,Minnesota Golden Gophers,5.5,-112.0,2026,2026-10-01T12:42:26Z,1344,7.713942231644802,5.895233353496409,4.318708878148393,807aa80048d80e577104f04f9dc527bcbdecbac1e0bd777c98286ecfff8aeba7,timestamped_live_quote,FBS vs FBS
2026-10-01T12:42:26Z,a2f01448219e39fd44e3d98ea5c7f482,2026-10-03T16:00:00Z,Minnesota Golden Gophers,Michigan Wolverines,lowvig,LowVig.ag,2026-10-01T12:42:16Z,2026-10-01T12:42:15Z,Michigan Wolverines,-5.5,-106.0,2026,2026-10-01T12:42:26Z,1344,7.713942231644802,5.895233353496409,4.318708878148393,807aa80048d80e577104f04f9dc527bcbdecbac1e0bd777c98286ecfff8aeba7,timestamped_live_quote,FBS vs FBS
2026-10-01T12:42:26Z,a2f01448219e39fd44e3d98ea5c7f482,2026-10-03T16:00:00Z,Minnesota Golden Gophers,Michigan Wolverines,lowvig,LowVig.ag,2026-10-01T12:42:16Z,2026-10-01T12:42:15Z,Minnesota Golden Gophers,5.5,-106.0,2026,2026-10-01T12:42:26Z,1344,7.713942231644802,5.895233353496409,4.318708878148393,807aa80048d80e577104f04f9dc527bcbdecbac1e0bd777c98286ecfff8aeba7,timestamped_live_quote,FBS vs FBS
2026-10-01T12:42:26Z,a2f01448219e39fd44e3d98ea5c7f482,2026-10-03T16:00:00Z,Minnesota Golden Gophers,Michigan Wolverines,betonlineag,BetOnline.ag,2026-10-01T12:41:25Z,2026-10-01T12:41:24Z,Michigan Wolverines,-5.5,-110.0,2026,2026-10-01T12:42:26Z,1344,7.713942231644802,5.895233353496409,4.318708878148393,807aa80048d80e577104f04f9dc527bcbdecbac1e0bd777c98286ecfff8aeba7,timestamped_live_quote,FBS vs FBS
2026-10-01T12:42:26Z,a2f01448219e39fd44e3d98ea5c7f482,2026-10-03T16:00:00Z,Minnesota Golden Gophers,Michigan Wolverines,betonlineag,BetOnline.ag,2026-10-01T12:41:25Z,2026-10-01T12:41:24Z,Minnesota Golden Gophers,5.5,-110.0,2026,2026-10-01T12:42:26Z,1344,7.713942231644802,5.895233353496409,4.318708878148393,807aa80048d80e577104f04f9dc527bcbdecbac1e0bd777c98286ecfff8aeba7,timestamped_live_quote,FBS vs FBS
2026-10-01T12:42:26Z,a2f01448219e39fd44e3d98ea5c7f482,2026-10-03T16:00:00Z,Minnesota Golden Gophers,Michigan Wolverines,betmgm,BetMGM,2026-10-01T12:41:44Z,2026-10-01T12:41:44Z,Michigan Wolverines,-5.5,-110.0,2026,2026-10-01T12:42:26Z,1344,7.713942231644802,5.895233353496409,4.318708878148393,807aa80048d80e577104f04f9dc527bcbdecbac1e0bd777c98286ecfff8aeba7,timestamped_live_quote,FBS vs FBS
2026-10-01T12:42:26Z,a2f01448219e39fd44e3d98ea5c7f482,2026-10-03T16:00:00Z,Minnesota Golden Gophers,Michigan Wolverines,betmgm,BetMGM,2026-10-01T12:41:44Z,2026-10-01T12:41:44Z,Minnesota Golden Gophers,5.5,-108.0,2026,2026-10-01T12:42:26Z,1344,7.713942231644802,5.895233353496409,4.318708878148393,807aa80048d80e577104f04f9dc527bcbdecbac1e0bd777c98286ecfff8aeba7,timestamped_live_quote,FBS vs FBS
2026-10-01T12:42:26Z,a2f01448219e39fd44e3d98ea5c7f482,2026-10-03T16:00:00Z,Minnesota Golden Gophers,Michigan Wolverines,betus,BetUS,2026-10-01T12:41:41Z,2026-10-01T12:41:41Z,Michigan Wolverines,-5.5,-110.0,2026,2026-10-01T12:42:26Z,1344,7.713942231644802,5.895233353496409,4.318708878148393,807aa80048d80e577104f04f9dc527bcbdecbac1e0bd777c98286ecfff8aeba7,timestamped_live_quote,FBS vs FBS
2026-10-01T12:42:26Z,a2f01448219e39fd44e3d98ea5c7f482,2026-10-03T16:00:00Z,Minnesota Golden Gophers,Michigan Wolverines,betus,BetUS,2026-10-01T12:41:41Z,2026-10-01T12:41:41Z,Minnesota Golden Gophers,5.5,-110.0,2026,2026-10-01T12:42:26Z,1344,7.713942231644802,5.895233353496409,4.318708878148393,807aa80048d80e577104f04f9dc527bcbdecbac1e0bd777c98286ecfff8aeba7,timestamped_live_quote,FBS vs FBS
2026-10-01T12:42:26Z,a2f01448219e39fd44e3d98ea5c7f482,2026-10-03T16:00:00Z,Minnesota Golden Gophers,Michigan Wolverines,mybookieag,MyBookie.ag,2026-10-01T12:42:16Z,2026-10-01T12:42:16Z,Michigan Wolverines,-5.5,-110.0,2026,2026-10-01T12:42:26Z,1344,7.713942231644802,5.895233353496409,4.318708878148393,807aa80048d80e577104f04f9dc527bcbdecbac1e0bd777c98286ecfff8aeba7,timestamped_live_quote,FBS vs FBS
2026-10-01T12:42:26Z,a2f01448219e39fd44e3d98ea5c7f482,2026-10-03T16:00:00Z,Minnesota Golden Gophers,Michigan Wolverines,mybookieag,MyBookie.ag,2026-10-01T12:42:16Z,2026-10-01T12:42:16Z,Minnesota Golden Gophers,5.5,-110.0,2026,2026-10-01T12:42:26Z,1344,7.713942231644802,5.895233353496409,4.318708878148393,807aa80048d80e577104f04f9dc527bcbdecbac1e0bd777c98286ecfff8aeba7,timestamped_live_quote,FBS vs FBS
2026-10-01T12:42:26Z,a2f01448219e39fd44e3d98ea5c7f482,2026-10-03T16:00:00Z,Minnesota Golden Gophers,Michigan Wolverines,bovada,Bovada,2026-10-01T12:41:12Z,2026-10-01T12:41:12Z,Michigan Wolverines,-6.0,-105.0,2026,2026-10-01T12:42:26Z,1344,7.713942231644802,5.895233353496409,4.318708878148393,807aa80048d80e577104f04f9dc527bcbdecbac1e0bd777c98286ecfff8aeba7,timestamped_live_quote,FBS vs FBS
2026-10-01T12:42:26Z,a2f01448219e39fd44e3d98ea5c7f482,2026-10-03T16:00:00Z,Minnesota Golden Gophers,Michigan Wolverines,bovada,Bovada,2026-10-01T12:41:12Z,2026-10-01T12:41:12Z,Minnesota Golden Gophers,6.0,-115.0,2026,2026-10-01T12:42:26Z,1344,7.713942231644802,5.895233353496409,4.318708878148393,807aa80048d80e577104f04f9dc527bcbdecbac1e0bd777c98286ecfff8aeba7,timestamped_live_quote,FBS vs FBS
2026-10-01T12:42:26Z,2b8db5053d533b488c0d76f49382d219,2026-10-03T16:00:00Z,North Carolina Tar Heels,Notre Dame Fighting Irish,draftkings,DraftKings,2026-10-01T12:41:40Z,2026-10-01T12:41:40Z,North Carolina Tar Heels,21.0,-108.0,2026,2026-10-01T12:42:26Z,1344,6.59302612335283,17.817085501679315,-8.724059378326485,807aa80048d80e577104f04f9dc527bcbdecbac1e0bd777c98286ecfff8aeba7,timestamped_live_quote,FBS vs FBS
2026-10-01T12:42:26Z,2b8db5053d533b488c0d76f49382d219,2026-10-03T16:00:00Z,North Carolina Tar Heels,Notre Dame Fighting Irish,draftkings,DraftKings,2026-10-01T12:41:40Z,2026-10-01T12:41:40Z,Notre Dame Fighting Irish,-21.0,-112.0,2026,2026-10-01T12:42:26Z,1344,6.59302612335283,17.817085501679315,-8.724059378326485,807aa80048d80e577104f04f9dc527bcbdecbac1e0bd777c98286ecfff8aeba7,timestamped_live_quote,FBS vs FBS
2026-10-01T12:42:26Z,2b8db5053d533b488c0d76f49382d219,2026-10-03T16:00:00Z,North Carolina Tar Heels,Notre Dame Fighting Irish,mybookieag,MyBookie.ag,2026-10-01T12:42:16Z,2026-10-01T12:42:16Z,North Carolina Tar Heels,21.0,-110.0,2026,2026-10-01T12:42:26Z,1344,6.59302612335283,17.817085501679315,-8.724059378326485,807aa80048d80e577104f04f9dc527bcbdecbac1e0bd777c98286ecfff8aeba7,timestamped_live_quote,FBS vs FBS
2026-10-01T12:42:26Z,2b8db5053d533b488c0d76f49382d219,2026-10-03T16:00:00Z,North Carolina Tar Heels,Notre Dame Fighting Irish,mybookieag,MyBookie.ag,2026-10-01T12:42:16Z,2026-10-01T12:42:16Z,Notre Dame Fighting Irish,-21.0,-110.0,2026,2026-10-01T12:42:26Z,1344,6.59302612335283,17.817085501679315,-8.724059378326485,807aa80048d80e577104f04f9dc527bcbdecbac1e0bd777c98286ecfff8aeba7,timestamped_live_quote,FBS vs FBS
2026-10-01T12:42:26Z,2b8db5053d533b488c0d76f49382d219,2026-10-03T16:00:00Z,North Carolina Tar Heels,Notre Dame Fighting Irish,fanduel,FanDuel,2026-10-01T12:41:55Z,2026-10-01T12:41:55Z,North Carolina Tar Heels,21.5,-120.0,2026,2026-10-01T12:42:26Z,1344,6.59302612335283,17.817085501679315,-8.724059378326485,807aa80048d80e577104f04f9dc527bcbdecbac1e0bd777c98286ecfff8aeba7,timestamped_live_quote,FBS vs FBS
2026-10-01T12:42:26Z,2b8db5053d533b488c0d76f49382d219,2026-10-03T16:00:00Z,North Carolina Tar Heels,Notre Dame Fighting Irish,fanduel,FanDuel,2026-10-01T12:41:55Z,2026-10-01T12:41:55Z,Notre Dame Fighting Irish,-21.5,-102.0,2026,2026-10-01T12:42:26Z,1344,6.59302612335283,17.817085501679315,-8.724059378326485,807aa80048d80e577104f04f9dc527bcbdecbac1e0bd777c98286ecfff8aeba7,timestamped_live_quote,FBS vs FBS
2026-10-01T12:42:26Z,2b8db5053d533b488c0d76f49382d219,2026-10-03T16:00:00Z,North Carolina Tar Heels,Notre Dame Fighting Irish,betrivers,BetRivers,2026-10-01T12:41:26Z,2026-10-01T12:41:26Z,North Carolina Tar Heels,21.5,-115.0,2026,2026-10-01T12:42:26Z,1344,6.59302612335283,17.817085501679315,-8.724059378326485,807aa80048d80e577104f04f9dc527bcbdecbac1e0bd777c98286ecfff8aeba7,timestamped_live_quote,FBS vs FBS
2026-10-01T12:42:26Z,2b8db5053d533b488c0d76f49382d219,2026-10-03T16:00:00Z,North Carolina Tar Heels,Notre Dame Fighting Irish,betrivers,BetRivers,2026-10-01T12:41:26Z,2026-10-01T12:41:26Z,Notre Dame Fighting Irish,-21.5,-108.0,2026,2026-10-01T12:42:26Z,1344,6.59302612335283,17.817085501679315,-8.724059378326485,807aa80048d80e577104f04f9dc527bcbdecbac1e0bd777c98286ecfff8aeba7,timestamped_live_quote,FBS vs FBS
2026-10-01T12:42:26Z,2b8db5053d533b488c0d76f49382d219,2026-10-03T16:00:00Z,North Carolina Tar Heels,Notre Dame Fighting Irish,betonlineag,BetOnline.ag,2026-10-01T12:41:25Z,2026-10-01T12:41:24Z,North Carolina Tar Heels,21.0,-105.0,2026,2026-10-01T12:42:26Z,1344,6.59302612335283,17.817085501679315,-8.724059378326485,807aa80048d80e577104f04f9dc527bcbdecbac1e0bd777c98286ecfff8aeba7,timestamped_live_quote,FBS vs FBS
2026-10-01T12:42:26Z,2b8db5053d533b488c0d76f49382d219,2026-10-03T16:00:00Z,North Carolina Tar Heels,Notre Dame Fighting Irish,betonlineag,BetOnline.ag,2026-10-01T12:41:25Z,2026-10-01T12:41:24Z,Notre Dame Fighting Irish,-21.0,-115.0,2026,2026-10-01T12:42:26Z,1344,6.59302612335283,17.817085501679315,-8.724059378326485,807aa80048d80e577104f04f9dc527bcbdecbac1e0bd777c98286ecfff8aeba7,timestamped_live_quote,FBS vs FBS
2026-10-01T12:42:26Z,2b8db5053d533b488c0d76f49382d219,2026-10-03T16:00:00Z,North Carolina Tar Heels,Notre Dame Fighting Irish,lowvig,LowVig.ag,2026-10-01T12:42:16Z,2026-10-01T12:42:15Z,North Carolina Tar Heels,21.0,-101.0,2026,2026-10-01T12:42:26Z,1344,6.59302612335283,17.817085501679315,-8.724059378326485,807aa80048d80e577104f04f9dc527bcbdecbac1e0bd777c98286ecfff8aeba7,timestamped_live_quote,FBS vs FBS
2026-10-01T12:42:26Z,2b8db5053d533b488c0d76f49382d219,2026-10-03T16:00:00Z,North Carolina Tar Heels,Notre Dame Fighting Irish,lowvig,LowVig.ag,2026-10-01T12:42:16Z,2026-10-01T12:42:15Z,Notre Dame Fighting Irish,-21.0,-111.0,2026,2026-10-01T12:42:26Z,1344,6.59302612335283,17.817085501679315,-8.724059378326485,807aa80048d80e577104f04f9dc527bcbdecbac1e0bd777c98286ecfff8aeba7,timestamped_live_quote,FBS vs FBS
2026-10-01T12:42:26Z,2b8db5053d533b488c0d76f49382d219,2026-10-03T16:00:00Z,North Carolina Tar Heels,Notre Dame Fighting Irish,betmgm,BetMGM,2026-10-01T12:41:44Z,2026-10-01T12:41:44Z,North Carolina Tar Heels,21.0,-108.0,2026,2026-10-01T12:42:26Z,1344,6.59302612335283,17.817085501679315,-8.724059378326485,807aa80048d80e577104f04f9dc527bcbdecbac1e0bd777c98286ecfff8aeba7,timestamped_live_quote,FBS vs FBS
2026-10-01T12:42:26Z,2b8db5053d533b488c0d76f49382d219,2026-10-03T16:00:00Z,North Carolina Tar Heels,Notre Dame Fighting Irish,betmgm,BetMGM,2026-10-01T12:41:44Z,2026-10-01T12:41:44Z,Notre Dame Fighting Irish,-21.0,-110.0,2026,2026-10-01T12:42:26Z,1344,6.59302612335283,17.817085501679315,-8.724059378326485,807aa80048d80e577104f04f9dc527bcbdecbac1e0bd777c98286ecfff8aeba7,timestamped_live_quote,FBS vs FBS
2026-10-01T12:42:26Z,2b8db5053d533b488c0d76f49382d219,2026-10-03T16:00:00Z,North Carolina Tar Heels,Notre Dame Fighting Irish,betus,BetUS,2026-10-01T12:41:41Z,2026-10-01T12:41:41Z,North Carolina Tar Heels,21.0,-110.0,2026,2026-10-01T12:42:26Z,1344,6.59302612335283,17.817085501679315,-8.724059378326485,807aa80048d80e577104f04f9dc527bcbdecbac1e0bd777c98286ecfff8aeba7,timestamped_live_quote,FBS vs FBS
2026-10-01T12:42:26Z,2b8db5053d533b488c0d76f49382d219,2026-10-03T16:00:00Z,North Carolina Tar Heels,Notre Dame Fighting Irish,betus,BetUS,2026-10-01T12:41:41Z,2026-10-01T12:41:41Z,Notre Dame Fighting Irish,-21.0,-110.0,2026,2026-10-01T12:42:26Z,1344,6.59302612335283,17.817085501679315,-8.724059378326485,807aa80048d80e577104f04f9dc527bcbdecbac1e0bd777c98286ecfff8aeba7,timestamped_live_quote,FBS vs FBS
2026-10-01T12:42:26Z,2b8db5053d533b488c0d76f49382d219,2026-10-03T16:00:00Z,North Carolina Tar Heels,Notre Dame Fighting Irish,bovada,Bovada,2026-10-01T12:41:12Z,2026-10-01T12:41:12Z,North Carolina Tar Heels,21.0,-110.0,2026,2026-10-01T12:42:26Z,1344,6.59302612335283,17.817085501679315,-8.724059378326485,807aa80048d80e577104f04f9dc527bcbdecbac1e0bd777c98286ecfff8aeba7,timestamped_live_quote,FBS vs FBS
2026-10-01T12:42:26Z,2b8db5053d533b488c0d76f49382d219,2026-10-03T16:00:00Z,North Carolina Tar Heels,Notre Dame Fighting Irish,bovada,Bovada,2026-10-01T12:41:12Z,2026-10-01T12:41:12Z,Notre Dame Fighting Irish,-21.0,-110.0,2026,2026-10-01T12:42:26Z,1344,6.59302612335283,17.817085501679315,-8.724059378326485,807aa80048d80e577104f04f9dc527bcbdecbac1e0bd777c98286ecfff8aeba7,timestamped_live_quote,FBS vs FBS
2026-10-01T12:42:26Z,8ef32c906348e926ca0fabcc25635c11,2026-10-03T16:00:00Z,Wake Forest Demon Deacons,Stanford Cardinal,fanduel,FanDuel,2026-10-01T12:41:56Z,2026-10-01T12:41:55Z,Stanford Cardinal,12.5,-102.0,2026,2026-10-01T12:42:26Z,1344,4.492670054417279,-3.3830062896500004,10.37567634406728,807aa80048d80e577104f04f9dc527bcbdecbac1e0bd777c98286ecfff8aeba7,timestamped_live_quote,FBS vs FBS
2026-10-01T12:42:26Z,8ef32c906348e926ca0fabcc25635c11,2026-10-03T16:00:00Z,Wake Forest Demon Deacons,Stanford Cardinal,fanduel,FanDuel,2026-10-01T12:41:56Z,2026-10-01T12:41:55Z,Wake Forest Demon Deacons,-12.5,-120.0,2026,2026-10-01T12:42:26Z,1344,4.492670054417279,-3.3830062896500004,10.37567634406728,807aa80048d80e577104f04f9dc527bcbdecbac1e0bd777c98286ecfff8aeba7,timestamped_live_quote,FBS vs FBS
2026-10-01T12:42:26Z,8ef32c906348e926ca0fabcc25635c11,2026-10-03T16:00:00Z,Wake Forest Demon Deacons,Stanford Cardinal,betrivers,BetRivers,2026-10-01T12:41:26Z,2026-10-01T12:41:26Z,Stanford Cardinal,13.0,-109.0,2026,2026-10-01T12:42:26Z,1344,4.492670054417279,-3.3830062896500004,10.37567634406728,807aa80048d80e577104f04f9dc527bcbdecbac1e0bd777c98286ecfff8aeba7,timestamped_live_quote,FBS vs FBS
2026-10-01T12:42:26Z,8ef32c906348e926ca0fabcc25635c11,2026-10-03T16:00:00Z,Wake Forest Demon Deacons,Stanford Cardinal,betrivers,BetRivers,2026-10-01T12:41:26Z,2026-10-01T12:41:26Z,Wake Forest Demon Deacons,-13.0,-114.0,2026,2026-10-01T12:42:26Z,1344,4.492670054417279,-3.3830062896500004,10.37567634406728,807aa80048d80e577104f04f9dc527bcbdecbac1e0bd777c98286ecfff8aeba7,timestamped_live_quote,FBS vs FBS
2026-10-01T12:42:26Z,8ef32c906348e926ca0fabcc25635c11,2026-10-03T16:00:00Z,Wake Forest Demon Deacons,Stanford Cardinal,draftkings,DraftKings,2026-10-01T12:41:40Z,2026-10-01T12:41:40Z,Stanford Cardinal,13.5,-112.0,2026,2026-10-01T12:42:26Z,1344,4.492670054417279,-3.3830062896500004,10.37567634406728,807aa80048d80e577104f04f9dc527bcbdecbac1e0bd777c98286ecfff8aeba7,timestamped_live_quote,FBS vs FBS
2026-10-01T12:42:26Z,8ef32c906348e926ca0fabcc25635c11,2026-10-03T16:00:00Z,Wake Forest Demon Deacons,Stanford Cardinal,draftkings,DraftKings,2026-10-01T12:41:40Z,2026-10-01T12:41:40Z,Wake Forest Demon Deacons,-13.5,-108.0,2026,2026-10-01T12:42:26Z,1344,4.492670054417279,-3.3830062896500004,10.37567634406728,807aa80048d80e577104f04f9dc527bcbdecbac1e0bd777c98286ecfff8aeba7,timestamped_live_quote,FBS vs FBS
2026-10-01T12:42:26Z,8ef32c906348e926ca0fabcc25635c11,2026-10-03T16:00:00Z,Wake Forest Demon Deacons,Stanford Cardinal,betonlineag,BetOnline.ag,2026-10-01T12:41:25Z,2026-10-01T12:41:24Z,Stanford Cardinal,13.0,-110.0,2026,2026-10-01T12:42:26Z,1344,4.492670054417279,-3.3830062896500004,10.37567634406728,807aa80048d80e577104f04f9dc527bcbdecbac1e0bd777c98286ecfff8aeba7,timestamped_live_quote,FBS vs FBS
2026-10-01T12:42:26Z,8ef32c906348e926ca0fabcc25635c11,2026-10-03T16:00:00Z,Wake Forest Demon Deacons,Stanford Cardinal,betonlineag,BetOnline.ag,2026-10-01T12:41:25Z,2026-10-01T12:41:24Z,Wake Forest Demon Deacons,-13.0,-110.0,2026,2026-10-01T12:42:26Z,1344,4.492670054417279,-3.3830062896500004,10.37567634406728,807aa80048d80e577104f04f9dc527bcbdecbac1e0bd777c98286ecfff8aeba7,timestamped_live_quote,FBS vs FBS
2026-10-01T12:42:26Z,8ef32c906348e926ca0fabcc25635c11,2026-10-03T16:00:00Z,Wake Forest Demon Deacons,Stanford Cardinal,lowvig,LowVig.ag,2026-10-01T12:42:16Z,2026-10-01T12:42:15Z,Stanford Cardinal,13.0,-106.0,2026,2026-10-01T12:42:26Z,1344,4.492670054417279,-3.3830062896500004,10.37567634406728,807aa80048d80e577104f04f9dc527bcbdecbac1e0bd777c98286ecfff8aeba7,timestamped_live_quote,FBS vs FBS
2026-10-01T12:42:26Z,8ef32c906348e926ca0fabcc25635c11,2026-10-03T16:00:00Z,Wake Forest Demon Deacons,Stanford Cardinal,lowvig,LowVig.ag,2026-10-01T12:42:16Z,2026-10-01T12:42:15Z,Wake Forest Demon Deacons,-13.0,-106.0,2026,2026-10-01T12:42:26Z,1344,4.492670054417279,-3.3830062896500004,10.37567634406728,807aa80048d80e577104f04f9dc527bcbdecbac1e0bd777c98286ecfff8aeba7,timestamped_live_quote,FBS vs FBS
2026-10-01T12:42:26Z,8ef32c906348e926ca0fabcc25635c11,2026-10-03T16:00:00Z,Wake Forest Demon Deacons,Stanford Cardinal,betmgm,BetMGM,2026-10-01T12:41:44Z,2026-10-01T12:41:43Z,Stanford Cardinal,13.0,-108.0,2026,2026-10-01T12:42:26Z,1344,4.492670054417279,-3.3830062896500004,10.37567634406728,807aa80048d80e577104f04f9dc527bcbdecbac1e0bd777c98286ecfff8aeba7,timestamped_live_quote,FBS vs FBS
2026-10-01T12:42:26Z,8ef32c906348e926ca0fabcc25635c11,2026-10-03T16:00:00Z,Wake Forest Demon Deacons,Stanford Cardinal,betmgm,BetMGM,2026-10-01T12:41:44Z,2026-10-01T12:41:43Z,Wake Forest Demon Deacons,-13.0,-110.0,2026,2026-10-01T12:42:26Z,1344,4.492670054417279,-3.3830062896500004,10.37567634406728,807aa80048d80e577104f04f9dc527bcbdecbac1e0bd777c98286ecfff8aeba7,timestamped_live_quote,FBS vs FBS
2026-10-01T12:42:26Z,8ef32c906348e926ca0fabcc25635c11,2026-10-03T16:00:00Z,Wake Forest Demon Deacons,Stanford Cardinal,mybookieag,MyBookie.ag,2026-10-01T12:42:16Z,2026-10-01T12:42:16Z,Stanford Cardinal,13.0,-110.0,2026,2026-10-01T12:42:26Z,1344,4.492670054417279,-3.3830062896500004,10.37567634406728,807aa80048d80e577104f04f9dc527bcbdecbac1e0bd777c98286ecfff8aeba7,timestamped_live_quote,FBS vs FBS
2026-10-01T12:42:26Z,8ef32c906348e926ca0fabcc25635c11,2026-10-03T16:00:00Z,Wake Forest Demon Deacons,Stanford Cardinal,mybookieag,MyBookie.ag,2026-10-01T12:42:16Z,2026-10-01T12:42:16Z,Wake Forest Demon Deacons,-13.0,-110.0,2026,2026-10-01T12:42:26Z,1344,4.492670054417279,-3.3830062896500004,10.37567634406728,807aa80048d80e577104f04f9dc527bcbdecbac1e0bd777c98286ecfff8aeba7,timestamped_live_quote,FBS vs FBS
2026-10-01T12:42:26Z,8ef32c906348e926ca0fabcc25635c11,2026-10-03T16:00:00Z,Wake Forest Demon Deacons,Stanford Cardinal,betus,BetUS,2026-10-01T12:41:41Z,2026-10-01T12:41:41Z,Stanford Cardinal,13.0,-110.0,2026,2026-10-01T12:42:26Z,1344,4.492670054417279,-3.3830062896500004,10.37567634406728,807aa80048d80e577104f04f9dc527bcbdecbac1e0bd777c98286ecfff8aeba7,timestamped_live_quote,FBS vs FBS
2026-10-01T12:42:26Z,8ef32c906348e926ca0fabcc25635c11,2026-10-03T16:00:00Z,Wake Forest Demon Deacons,Stanford Cardinal,betus,BetUS,2026-10-01T12:41:41Z,2026-10-01T12:41:41Z,Wake Forest Demon Deacons,-13.0,-110.0,2026,2026-10-01T12:42:26Z,1344,4.492670054417279,-3.3830062896500004,10.37567634406728,807aa80048d80e577104f04f9dc527bcbdecbac1e0bd777c98286ecfff8aeba7,timestamped_live_quote,FBS vs FBS
2026-10-01T12:42:26Z,8ef32c906348e926ca0fabcc25635c11,2026-10-03T16:00:00Z,Wake Forest Demon Deacons,Stanford Cardinal,bovada,Bovada,2026-10-01T12:41:12Z,2026-10-01T12:41:12Z,Stanford Cardinal,13.5,-115.0,2026,2026-10-01T12:42:26Z,1344,4.492670054417279,-3.3830062896500004,10.37567634406728,807aa80048d80e577104f04f9dc527bcbdecbac1e0bd777c98286ecfff8aeba7,timestamped_live_quote,FBS vs FBS
2026-10-01T12:42:26Z,8ef32c906348e926ca0fabcc25635c11,2026-10-03T16:00:00Z,Wake Forest Demon Deacons,Stanford Cardinal,bovada,Bovada,2026-10-01T12:41:12Z,2026-10-01T12:41:12Z,Wake Forest Demon Deacons,-13.5,-105.0,2026,2026-10-01T12:42:26Z,1344,4.492670054417279,-3.3830062896500004,10.37567634406728,807aa80048d80e577104f04f9dc527bcbdecbac1e0bd777c98286ecfff8aeba7,timestamped_live_quote,FBS vs FBS
2026-10-01T12:42:26Z,94769faaa7a5aba0474291fc9c2d3d6d,2026-10-03T16:00:00Z,UConn Huskies,Syracuse Orange,fanduel,FanDuel,2026-10-01T12:41:56Z,2026-10-01T12:41:55Z,Syracuse Orange,-6.5,-110.0,2026,2026-10-01T12:42:26Z,1344,5.989046472863379,7.135774234137429,1.3532722387259497,807aa80048d80e577104f04f9dc527bcbdecbac1e0bd777c98286ecfff8aeba7,timestamped_live_quote,FBS vs FBS
2026-10-01T12:42:26Z,94769faaa7a5aba0474291fc9c2d3d6d,2026-10-03T16:00:00Z,UConn Huskies,Syracuse Orange,fanduel,FanDuel,2026-10-01T12:41:56Z,2026-10-01T12:41:55Z,UConn Huskies,6.5,-110.0,2026,2026-10-01T12:42:26Z,1344,5.989046472863379,7.135774234137429,1.3532722387259497,807aa80048d80e577104f04f9dc527bcbdecbac1e0bd777c98286ecfff8aeba7,timestamped_live_quote,FBS vs FBS
2026-10-01T12:42:26Z,94769faaa7a5aba0474291fc9c2d3d6d,2026-10-03T16:00:00Z,UConn Huskies,Syracuse Orange,betrivers,BetRivers,2026-10-01T12:41:26Z,2026-10-01T12:41:26Z,Syracuse Orange,-7.0,-105.0,2026,2026-10-01T12:42:26Z,1344,5.989046472863379,7.135774234137429,1.3532722387259497,807aa80048d80e577104f04f9dc527bcbdecbac1e0bd777c98286ecfff8aeba7,timestamped_live_quote,FBS vs FBS
2026-10-01T12:42:26Z,94769faaa7a5aba0474291fc9c2d3d6d,2026-10-03T16:00:00Z,UConn Huskies,Syracuse Orange,betrivers,BetRivers,2026-10-01T12:41:26Z,2026-10-01T12:41:26Z,UConn Huskies,7.0,-120.0,2026,2026-10-01T12:42:26Z,1344,5.989046472863379,7.135774234137429,1.3532722387259497,807aa80048d80e577104f04f9dc527bcbdecbac1e0bd777c98286ecfff8aeba7,timestamped_live_quote,FBS vs FBS
2026-10-01T12:42:26Z,94769faaa7a5aba0474291fc9c2d3d6d,2026-10-03T16:00:00Z,UConn Huskies,Syracuse Orange,lowvig,LowVig.ag,2026-10-01T12:42:16Z,2026-10-01T12:42:15Z,Syracuse Orange,-6.5,-119.0,2026,2026-10-01T12:42:26Z,1344,5.989046472863379,7.135774234137429,1.3532722387259497,807aa80048d80e577104f04f9dc527bcbdecbac1e0bd777c98286ecfff8aeba7,timestamped_live_quote,FBS vs FBS
2026-10-01T12:42:26Z,94769faaa7a5aba0474291fc9c2d3d6d,2026-10-03T16:00:00Z,UConn Huskies,Syracuse Orange,lowvig,LowVig.ag,2026-10-01T12:42:16Z,2026-10-01T12:42:15Z,UConn Huskies,6.5,107.0,2026,2026-10-01T12:42:26Z,1344,5.989046472863379,7.135774234137429,1.3532722387259497,807aa80048d80e577104f04f9dc527bcbdecbac1e0bd777c98286ecfff8aeba7,timestamped_live_quote,FBS vs FBS
2026-10-01T12:42:26Z,94769faaa7a5aba0474291fc9c2d3d6d,2026-10-03T16:00:00Z,UConn Huskies,Syracuse Orange,betonlineag,BetOnline.ag,2026-10-01T12:41:25Z,2026-10-01T12:41:24Z,Syracuse Orange,-6.5,-123.0,2026,2026-10-01T12:42:26Z,1344,5.989046472863379,7.135774234137429,1.3532722387259497,807aa80048d80e577104f04f9dc527bcbdecbac1e0bd777c98286ecfff8aeba7,timestamped_live_quote,FBS vs FBS
2026-10-01T12:42:26Z,94769faaa7a5aba0474291fc9c2d3d6d,2026-10-03T16:00:00Z,UConn Huskies,Syracuse Orange,betonlineag,BetOnline.ag,2026-10-01T12:41:25Z,2026-10-01T12:41:24Z,UConn Huskies,6.5,103.0,2026,2026-10-01T12:42:26Z,1344,5.989046472863379,7.135774234137429,1.3532722387259497,807aa80048d80e577104f04f9dc527bcbdecbac1e0bd777c98286ecfff8aeba7,timestamped_live_quote,FBS vs FBS
2026-10-01T12:42:26Z,94769faaa7a5aba0474291fc9c2d3d6d,2026-10-03T16:00:00Z,UConn Huskies,Syracuse Orange,draftkings,DraftKings,2026-10-01T12:41:40Z,2026-10-01T12:41:40Z,Syracuse Orange,-6.5,-118.0,2026,2026-10-01T12:42:26Z,1344,5.989046472863379,7.135774234137429,1.3532722387259497,807aa80048d80e577104f04f9dc527bcbdecbac1e0bd777c98286ecfff8aeba7,timestamped_live_quote,FBS vs FBS
2026-10-01T12:42:26Z,94769faaa7a5aba0474291fc9c2d3d6d,2026-10-03T16:00:00Z,UConn Huskies,Syracuse Orange,draftkings,DraftKings,2026-10-01T12:41:40Z,2026-10-01T12:41:40Z,UConn Huskies,6.5,-102.0,2026,2026-10-01T12:42:26Z,1344,5.989046472863379,7.135774234137429,1.3532722387259497,807aa80048d80e577104f04f9dc527bcbdecbac1e0bd777c98286ecfff8aeba7,timestamped_live_quote,FBS vs FBS
2026-10-01T12:42:26Z,94769faaa7a5aba0474291fc9c2d3d6d,2026-10-03T16:00:00Z,UConn Huskies,Syracuse Orange,mybookieag,MyBookie.ag,2026-10-01T12:42:16Z,2026-10-01T12:42:16Z,Syracuse Orange,-6.5,-110.0,2026,2026-10-01T12:42:26Z,1344,5.989046472863379,7.135774234137429,1.3532722387259497,807aa80048d80e577104f04f9dc527bcbdecbac1e0bd777c98286ecfff8aeba7,timestamped_live_quote,FBS vs FBS
2026-10-01T12:42:26Z,94769faaa7a5aba0474291fc9c2d3d6d,2026-10-03T16:00:00Z,UConn Huskies,Syracuse Orange,mybookieag,MyBookie.ag,2026-10-01T12:42:16Z,2026-10-01T12:42:16Z,UConn Huskies,6.5,-110.0,2026,2026-10-01T12:42:26Z,1344,5.989046472863379,7.135774234137429,1.3532722387259497,807aa80048d80e577104f04f9dc527bcbdecbac1e0bd777c98286ecfff8aeba7,timestamped_live_quote,FBS vs FBS
2026-10-01T12:42:26Z,94769faaa7a5aba0474291fc9c2d3d6d,2026-10-03T16:00:00Z,UConn Huskies,Syracuse Orange,betus,BetUS,2026-10-01T12:41:41Z,2026-10-01T12:41:41Z,Syracuse Orange,-6.5,-115.0,2026,2026-10-01T12:42:26Z,1344,5.989046472863379,7.135774234137429,1.3532722387259497,807aa80048d80e577104f04f9dc527bcbdecbac1e0bd777c98286ecfff8aeba7,timestamped_live_quote,FBS vs FBS
2026-10-01T12:42:26Z,94769faaa7a5aba0474291fc9c2d3d6d,2026-10-03T16:00:00Z,UConn Huskies,Syracuse Orange,betus,BetUS,2026-10-01T12:41:41Z,2026-10-01T12:41:41Z,UConn Huskies,6.5,-105.0,2026,2026-10-01T12:42:26Z,1344,5.989046472863379,7.135774234137429,1.3532722387259497,807aa80048d80e577104f04f9dc527bcbdecbac1e0bd777c98286ecfff8aeba7,timestamped_live_quote,FBS vs FBS
2026-10-01T12:42:26Z,94769faaa7a5aba0474291fc9c2d3d6d,2026-10-03T16:00:00Z,UConn Huskies,Syracuse Orange,betmgm,BetMGM,2026-10-01T12:41:44Z,2026-10-01T12:41:44Z,Syracuse Orange,-7.0,-105.0,2026,2026-10-01T12:42:26Z,1344,5.989046472863379,7.135774234137429,1.3532722387259497,807aa80048d80e577104f04f9dc527bcbdecbac1e0bd777c98286ecfff8aeba7,timestamped_live_quote,FBS vs FBS
2026-10-01T12:42:26Z,94769faaa7a5aba0474291fc9c2d3d6d,2026-10-03T16:00:00Z,UConn Huskies,Syracuse Orange,betmgm,BetMGM,2026-10-01T12:41:44Z,2026-10-01T12:41:44Z,UConn Huskies,7.0,-112.0,2026,2026-10-01T12:42:26Z,1344,5.989046472863379,7.135774234137429,1.3532722387259497,807aa80048d80e577104f04f9dc527bcbdecbac1e0bd777c98286ecfff8aeba7,timestamped_live_quote,FBS vs FBS
2026-10-01T12:42:26Z,94769faaa7a5aba0474291fc9c2d3d6d,2026-10-03T16:00:00Z,UConn Huskies,Syracuse Orange,bovada,Bovada,2026-10-01T12:41:12Z,2026-10-01T12:41:12Z,Syracuse Orange,-7.0,-105.0,2026,2026-10-01T12:42:26Z,1344,5.989046472863379,7.135774234137429,1.3532722387259497,807aa80048d80e577104f04f9dc527bcbdecbac1e0bd777c98286ecfff8aeba7,timestamped_live_quote,FBS vs FBS
2026-10-01T12:42:26Z,94769faaa7a5aba0474291fc9c2d3d6d,2026-10-03T16:00:00Z,UConn Huskies,Syracuse Orange,bovada,Bovada,2026-10-01T12:41:12Z,2026-10-01T12:41:12Z,UConn Huskies,7.0,-115.0,2026,2026-10-01T12:42:26Z,1344,5.989046472863379,7.135774234137429,1.3532722387259497,807aa80048d80e577104f04f9dc527bcbdecbac1e0bd777c98286ecfff8aeba7,timestamped_live_quote,FBS vs FBS
2026-10-01T12:42:26Z,575f5abb1af3a81091ac5a1cf1f5f927,2026-10-03T16:30:00Z,Wisconsin Badgers,Michigan State Spartans,fanduel,FanDuel,2026-10-01T12:41:56Z,2026-10-01T12:41:55Z,Michigan State Spartans,9.5,-104.0,2026,2026-10-01T12:42:26Z,1344,9.765269895235472,4.172655755028437,8.092614140207035,807aa80048d80e577104f04f9dc527bcbdecbac1e0bd777c98286ecfff8aeba7,timestamped_live_quote,FBS vs FBS
2026-10-01T12:42:26Z,575f5abb1af3a81091ac5a1cf1f5f927,2026-10-03T16:30:00Z,Wisconsin Badgers,Michigan State Spartans,fanduel,FanDuel,2026-10-01T12:41:56Z,2026-10-01T12:41:55Z,Wisconsin Badgers,-9.5,-118.0,2026,2026-10-01T12:42:26Z,1344,9.765269895235472,4.172655755028437,8.092614140207035,807aa80048d80e577104f04f9dc527bcbdecbac1e0bd777c98286ecfff8aeba7,timestamped_live_quote,FBS vs FBS
2026-10-01T12:42:26Z,575f5abb1af3a81091ac5a1cf1f5f927,2026-10-03T16:30:00Z,Wisconsin Badgers,Michigan State Spartans,draftkings,DraftKings,2026-10-01T12:41:40Z,2026-10-01T12:41:40Z,Michigan State Spartans,10.0,-110.0,2026,2026-10-01T12:42:26Z,1344,9.765269895235472,4.172655755028437,8.092614140207035,807aa80048d80e577104f04f9dc527bcbdecbac1e0bd777c98286ecfff8aeba7,timestamped_live_quote,FBS vs FBS
2026-10-01T12:42:26Z,575f5abb1af3a81091ac5a1cf1f5f927,2026-10-03T16:30:00Z,Wisconsin Badgers,Michigan State Spartans,draftkings,DraftKings,2026-10-01T12:41:40Z,2026-10-01T12:41:40Z,Wisconsin Badgers,-10.0,-110.0,2026,2026-10-01T12:42:26Z,1344,9.765269895235472,4.172655755028437,8.092614140207035,807aa80048d80e577104f04f9dc527bcbdecbac1e0bd777c98286ecfff8aeba7,timestamped_live_quote,FBS vs FBS
2026-10-01T12:42:26Z,575f5abb1af3a81091ac5a1cf1f5f927,2026-10-03T16:30:00Z,Wisconsin Badgers,Michigan State Spartans,betrivers,BetRivers,2026-10-01T12:41:26Z,2026-10-01T12:41:26Z,Michigan State Spartans,10.0,-109.0,2026,2026-10-01T12:42:26Z,1344,9.765269895235472,4.172655755028437,8.092614140207035,807aa80048d80e577104f04f9dc527bcbdecbac1e0bd777c98286ecfff8aeba7,timestamped_live_quote,FBS vs FBS
2026-10-01T12:42:26Z,575f5abb1af3a81091ac5a1cf1f5f927,2026-10-03T16:30:00Z,Wisconsin Badgers,Michigan State Spartans,betrivers,BetRivers,2026-10-01T12:41:26Z,2026-10-01T12:41:26Z,Wisconsin Badgers,-10.0,-113.0,2026,2026-10-01T12:42:26Z,1344,9.765269895235472,4.172655755028437,8.092614140207035,807aa80048d80e577104f04f9dc527bcbdecbac1e0bd777c98286ecfff8aeba7,timestamped_live_quote,FBS vs FBS
2026-10-01T12:42:26Z,575f5abb1af3a81091ac5a1cf1f5f927,2026-10-03T16:30:00Z,Wisconsin Badgers,Michigan State Spartans,betonlineag,BetOnline.ag,2026-10-01T12:41:25Z,2026-10-01T12:41:24Z,Michigan State Spartans,10.0,-113.0,2026,2026-10-01T12:42:26Z,1344,9.765269895235472,4.172655755028437,8.092614140207035,807aa80048d80e577104f04f9dc527bcbdecbac1e0bd777c98286ecfff8aeba7,timestamped_live_quote,FBS vs FBS
2026-10-01T12:42:26Z,575f5abb1af3a81091ac5a1cf1f5f927,2026-10-03T16:30:00Z,Wisconsin Badgers,Michigan State Spartans,betonlineag,BetOnline.ag,2026-10-01T12:41:25Z,2026-10-01T12:41:24Z,Wisconsin Badgers,-10.0,-107.0,2026,2026-10-01T12:42:26Z,1344,9.765269895235472,4.172655755028437,8.092614140207035,807aa80048d80e577104f04f9dc527bcbdecbac1e0bd777c98286ecfff8aeba7,timestamped_live_quote,FBS vs FBS
2026-10-01T12:42:26Z,575f5abb1af3a81091ac5a1cf1f5f927,2026-10-03T16:30:00Z,Wisconsin Badgers,Michigan State Spartans,lowvig,LowVig.ag,2026-10-01T12:42:16Z,2026-10-01T12:42:15Z,Michigan State Spartans,10.0,-109.0,2026,2026-10-01T12:42:26Z,1344,9.765269895235472,4.172655755028437,8.092614140207035,807aa80048d80e577104f04f9dc527bcbdecbac1e0bd777c98286ecfff8aeba7,timestamped_live_quote,FBS vs FBS
2026-10-01T12:42:26Z,575f5abb1af3a81091ac5a1cf1f5f927,2026-10-03T16:30:00Z,Wisconsin Badgers,Michigan State Spartans,lowvig,LowVig.ag,2026-10-01T12:42:16Z,2026-10-01T12:42:15Z,Wisconsin Badgers,-10.0,-103.0,2026,2026-10-01T12:42:26Z,1344,9.765269895235472,4.172655755028437,8.092614140207035,807aa80048d80e577104f04f9dc527bcbdecbac1e0bd777c98286ecfff8aeba7,timestamped_live_quote,FBS vs FBS
2026-10-01T12:42:26Z,575f5abb1af3a81091ac5a1cf1f5f927,2026-10-03T16:30:00Z,Wisconsin Badgers,Michigan State Spartans,mybookieag,MyBookie.ag,2026-10-01T12:42:16Z,2026-10-01T12:42:16Z,Michigan State Spartans,10.0,-110.0,2026,2026-10-01T12:42:26Z,1344,9.765269895235472,4.172655755028437,8.092614140207035,807aa80048d80e577104f04f9dc527bcbdecbac1e0bd777c98286ecfff8aeba7,timestamped_live_quote,FBS vs FBS
2026-10-01T12:42:26Z,575f5abb1af3a81091ac5a1cf1f5f927,2026-10-03T16:30:00Z,Wisconsin Badgers,Michigan State Spartans,mybookieag,MyBookie.ag,2026-10-01T12:42:16Z,2026-10-01T12:42:16Z,Wisconsin Badgers,-10.0,-110.0,2026,2026-10-01T12:42:26Z,1344,9.765269895235472,4.172655755028437,8.092614140207035,807aa80048d80e577104f04f9dc527bcbdecbac1e0bd777c98286ecfff8aeba7,timestamped_live_quote,FBS vs FBS
2026-10-01T12:42:26Z,575f5abb1af3a81091ac5a1cf1f5f927,2026-10-03T16:30:00Z,Wisconsin Badgers,Michigan State Spartans,betus,BetUS,2026-10-01T12:41:41Z,2026-10-01T12:41:41Z,Michigan State Spartans,10.0,-110.0,2026,2026-10-01T12:42:26Z,1344,9.765269895235472,4.172655755028437,8.092614140207035,807aa80048d80e577104f04f9dc527bcbdecbac1e0bd777c98286ecfff8aeba7,timestamped_live_quote,FBS vs FBS
2026-10-01T12:42:26Z,575f5abb1af3a81091ac5a1cf1f5f927,2026-10-03T16:30:00Z,Wisconsin Badgers,Michigan State Spartans,betus,BetUS,2026-10-01T12:41:41Z,2026-10-01T12:41:41Z,Wisconsin Badgers,-10.0,-110.0,2026,2026-10-01T12:42:26Z,1344,9.765269895235472,4.172655755028437,8.092614140207035,807aa80048d80e577104f04f9dc527bcbdecbac1e0bd777c98286ecfff8aeba7,timestamped_live_quote,FBS vs FBS
2026-10-01T12:42:26Z,575f5abb1af3a81091ac5a1cf1f5f927,2026-10-03T16:30:00Z,Wisconsin Badgers,Michigan State Spartans,betmgm,BetMGM,2026-10-01T12:41:44Z,2026-10-01T12:41:44Z,Michigan State Spartans,10.0,-110.0,2026,2026-10-01T12:42:26Z,1344,9.765269895235472,4.172655755028437,8.092614140207035,807aa80048d80e577104f04f9dc527bcbdecbac1e0bd777c98286ecfff8aeba7,timestamped_live_quote,FBS vs FBS
2026-10-01T12:42:26Z,575f5abb1af3a81091ac5a1cf1f5f927,2026-10-03T16:30:00Z,Wisconsin Badgers,Michigan State Spartans,betmgm,BetMGM,2026-10-01T12:41:44Z,2026-10-01T12:41:44Z,Wisconsin Badgers,-10.0,-108.0,2026,2026-10-01T12:42:26Z,1344,9.765269895235472,4.172655755028437,8.092614140207035,807aa80048d80e577104f04f9dc527bcbdecbac1e0bd777c98286ecfff8aeba7,timestamped_live_quote,FBS vs FBS
2026-10-01T12:42:26Z,575f5abb1af3a81091ac5a1cf1f5f927,2026-10-03T16:30:00Z,Wisconsin Badgers,Michigan State Spartans,bovada,Bovada,2026-10-01T12:41:12Z,2026-10-01T12:41:12Z,Michigan State Spartans,10.0,-115.0,2026,2026-10-01T12:42:26Z,1344,9.765269895235472,4.172655755028437,8.092614140207035,807aa80048d80e577104f04f9dc527bcbdecbac1e0bd777c98286ecfff8aeba7,timestamped_live_quote,FBS vs FBS
2026-10-01T12:42:26Z,575f5abb1af3a81091ac5a1cf1f5f927,2026-10-03T16:30:00Z,Wisconsin Badgers,Michigan State Spartans,bovada,Bovada,2026-10-01T12:41:12Z,2026-10-01T12:41:12Z,Wisconsin Badgers,-10.0,-105.0,2026,2026-10-01T12:42:26Z,1344,9.765269895235472,4.172655755028437,8.092614140207035,807aa80048d80e577104f04f9dc527bcbdecbac1e0bd777c98286ecfff8aeba7,timestamped_live_quote,FBS vs FBS
2026-10-01T12:42:26Z,46e1be6476ed577d1b5194b46b27c643,2026-10-03T16:45:00Z,Georgia Bulldogs,Vanderbilt Commodores,draftkings,DraftKings,2026-10-01T12:41:40Z,2026-10-01T12:41:40Z,Georgia Bulldogs,-25.5,-105.0,2026,2026-10-01T12:42:26Z,1344,19.670078309680225,6.083264807066827,16.086813502613396,807aa80048d80e577104f04f9dc527bcbdecbac1e0bd777c98286ecfff8aeba7,timestamped_live_quote,FBS vs FBS
2026-10-01T12:42:26Z,46e1be6476ed577d1b5194b46b27c643,2026-10-03T16:45:00Z,Georgia Bulldogs,Vanderbilt Commodores,draftkings,DraftKings,2026-10-01T12:41:40Z,2026-10-01T12:41:40Z,Vanderbilt Commodores,25.5,-115.0,2026,2026-10-01T12:42:26Z,1344,19.670078309680225,6.083264807066827,16.086813502613396,807aa80048d80e577104f04f9dc527bcbdecbac1e0bd777c98286ecfff8aeba7,timestamped_live_quote,FBS vs FBS
2026-10-01T12:42:26Z,46e1be6476ed577d1b5194b46b27c643,2026-10-03T16:45:00Z,Georgia Bulldogs,Vanderbilt Commodores,fanduel,FanDuel,2026-10-01T12:41:55Z,2026-10-01T12:41:55Z,Georgia Bulldogs,-24.5,-118.0,2026,2026-10-01T12:42:26Z,1344,19.670078309680225,6.083264807066827,16.086813502613396,807aa80048d80e577104f04f9dc527bcbdecbac1e0bd777c98286ecfff8aeba7,timestamped_live_quote,FBS vs FBS
2026-10-01T12:42:26Z,46e1be6476ed577d1b5194b46b27c643,2026-10-03T16:45:00Z,Georgia Bulldogs,Vanderbilt Commodores,fanduel,FanDuel,2026-10-01T12:41:55Z,2026-10-01T12:41:55Z,Vanderbilt Commodores,24.5,-104.0,2026,2026-10-01T12:42:26Z,1344,19.670078309680225,6.083264807066827,16.086813502613396,807aa80048d80e577104f04f9dc527bcbdecbac1e0bd777c98286ecfff8aeba7,timestamped_live_quote,FBS vs FBS
2026-10-01T12:42:26Z,46e1be6476ed577d1b5194b46b27c643,2026-10-03T16:45:00Z,Georgia Bulldogs,Vanderbilt Commodores,betrivers,BetRivers,2026-10-01T12:41:26Z,2026-10-01T12:41:26Z,Georgia Bulldogs,-24.0,-115.0,2026,2026-10-01T12:42:26Z,1344,19.670078309680225,6.083264807066827,16.086813502613396,807aa80048d80e577104f04f9dc527bcbdecbac1e0bd777c98286ecfff8aeba7,timestamped_live_quote,FBS vs FBS
2026-10-01T12:42:26Z,46e1be6476ed577d1b5194b46b27c643,2026-10-03T16:45:00Z,Georgia Bulldogs,Vanderbilt Commodores,betrivers,BetRivers,2026-10-01T12:41:26Z,2026-10-01T12:41:26Z,Vanderbilt Commodores,24.0,-107.0,2026,2026-10-01T12:42:26Z,1344,19.670078309680225,6.083264807066827,16.086813502613396,807aa80048d80e577104f04f9dc527bcbdecbac1e0bd777c98286ecfff8aeba7,timestamped_live_quote,FBS vs FBS
2026-10-01T12:42:26Z,46e1be6476ed577d1b5194b46b27c643,2026-10-03T16:45:00Z,Georgia Bulldogs,Vanderbilt Commodores,betonlineag,BetOnline.ag,2026-10-01T12:41:25Z,2026-10-01T12:41:24Z,Georgia Bulldogs,-25.0,-115.0,2026,2026-10-01T12:42:26Z,1344,19.670078309680225,6.083264807066827,16.086813502613396,807aa80048d80e577104f04f9dc527bcbdecbac1e0bd777c98286ecfff8aeba7,timestamped_live_quote,FBS vs FBS
2026-10-01T12:42:26Z,46e1be6476ed577d1b5194b46b27c643,2026-10-03T16:45:00Z,Georgia Bulldogs,Vanderbilt Commodores,betonlineag,BetOnline.ag,2026-10-01T12:41:25Z,2026-10-01T12:41:24Z,Vanderbilt Commodores,25.0,-105.0,2026,2026-10-01T12:42:26Z,1344,19.670078309680225,6.083264807066827,16.086813502613396,807aa80048d80e577104f04f9dc527bcbdecbac1e0bd777c98286ecfff8aeba7,timestamped_live_quote,FBS vs FBS
2026-10-01T12:42:26Z,46e1be6476ed577d1b5194b46b27c643,2026-10-03T16:45:00Z,Georgia Bulldogs,Vanderbilt Commodores,lowvig,LowVig.ag,2026-10-01T12:42:16Z,2026-10-01T12:42:15Z,Georgia Bulldogs,-25.0,-111.0,2026,2026-10-01T12:42:26Z,1344,19.670078309680225,6.083264807066827,16.086813502613396,807aa80048d80e577104f04f9dc527bcbdecbac1e0bd777c98286ecfff8aeba7,timestamped_live_quote,FBS vs FBS
2026-10-01T12:42:26Z,46e1be6476ed577d1b5194b46b27c643,2026-10-03T16:45:00Z,Georgia Bulldogs,Vanderbilt Commodores,lowvig,LowVig.ag,2026-10-01T12:42:16Z,2026-10-01T12:42:15Z,Vanderbilt Commodores,25.0,-101.0,2026,2026-10-01T12:42:26Z,1344,19.670078309680225,6.083264807066827,16.086813502613396,807aa80048d80e577104f04f9dc527bcbdecbac1e0bd777c98286ecfff8aeba7,timestamped_live_quote,FBS vs FBS
2026-10-01T12:42:26Z,46e1be6476ed577d1b5194b46b27c643,2026-10-03T16:45:00Z,Georgia Bulldogs,Vanderbilt Commodores,betmgm,BetMGM,2026-10-01T12:41:44Z,2026-10-01T12:41:44Z,Georgia Bulldogs,-25.0,-110.0,2026,2026-10-01T12:42:26Z,1344,19.670078309680225,6.083264807066827,16.086813502613396,807aa80048d80e577104f04f9dc527bcbdecbac1e0bd777c98286ecfff8aeba7,timestamped_live_quote,FBS vs FBS
2026-10-01T12:42:26Z,46e1be6476ed577d1b5194b46b27c643,2026-10-03T16:45:00Z,Georgia Bulldogs,Vanderbilt Commodores,betmgm,BetMGM,2026-10-01T12:41:44Z,2026-10-01T12:41:44Z,Vanderbilt Commodores,25.0,-110.0,2026,2026-10-01T12:42:26Z,1344,19.670078309680225,6.083264807066827,16.086813502613396,807aa80048d80e577104f04f9dc527bcbdecbac1e0bd777c98286ecfff8aeba7,timestamped_live_quote,FBS vs FBS
2026-10-01T12:42:26Z,46e1be6476ed577d1b5194b46b27c643,2026-10-03T16:45:00Z,Georgia Bulldogs,Vanderbilt Commodores,mybookieag,MyBookie.ag,2026-10-01T12:42:16Z,2026-10-01T12:42:16Z,Georgia Bulldogs,-25.5,-110.0,2026,2026-10-01T12:42:26Z,1344,19.670078309680225,6.083264807066827,16.086813502613396,807aa80048d80e577104f04f9dc527bcbdecbac1e0bd777c98286ecfff8aeba7,timestamped_live_quote,FBS vs FBS
2026-10-01T12:42:26Z,46e1be6476ed577d1b5194b46b27c643,2026-10-03T16:45:00Z,Georgia Bulldogs,Vanderbilt Commodores,mybookieag,MyBookie.ag,2026-10-01T12:42:16Z,2026-10-01T12:42:16Z,Vanderbilt Commodores,25.5,-110.0,2026,2026-10-01T12:42:26Z,1344,19.670078309680225,6.083264807066827,16.086813502613396,807aa80048d80e577104f04f9dc527bcbdecbac1e0bd777c98286ecfff8aeba7,timestamped_live_quote,FBS vs FBS
2026-10-01T12:42:26Z,46e1be6476ed577d1b5194b46b27c643,2026-10-03T16:45:00Z,Georgia Bulldogs,Vanderbilt Commodores,betus,BetUS,2026-10-01T12:41:41Z,2026-10-01T12:41:41Z,Georgia Bulldogs,-26.0,-110.0,2026,2026-10-01T12:42:26Z,1344,19.670078309680225,6.083264807066827,16.086813502613396,807aa80048d80e577104f04f9dc527bcbdecbac1e0bd777c98286ecfff8aeba7,timestamped_live_quote,FBS vs FBS
2026-10-01T12:42:26Z,46e1be6476ed577d1b5194b46b27c643,2026-10-03T16:45:00Z,Georgia Bulldogs,Vanderbilt Commodores,betus,BetUS,2026-10-01T12:41:41Z,2026-10-01T12:41:41Z,Vanderbilt Commodores,26.0,-110.0,2026,2026-10-01T12:42:26Z,1344,19.670078309680225,6.083264807066827,16.086813502613396,807aa80048d80e577104f04f9dc527bcbdecbac1e0bd777c98286ecfff8aeba7,timestamped_live_quote,FBS vs FBS
2026-10-01T12:42:26Z,46e1be6476ed577d1b5194b46b27c643,2026-10-03T16:45:00Z,Georgia Bulldogs,Vanderbilt Commodores,bovada,Bovada,2026-10-01T12:41:12Z,2026-10-01T12:41:12Z,Georgia Bulldogs,-25.0,-110.0,2026,2026-10-01T12:42:26Z,1344,19.670078309680225,6.083264807066827,16.086813502613396,807aa80048d80e577104f04f9dc527bcbdecbac1e0bd777c98286ecfff8aeba7,timestamped_live_quote,FBS vs FBS
2026-10-01T12:42:26Z,46e1be6476ed577d1b5194b46b27c643,2026-10-03T16:45:00Z,Georgia Bulldogs,Vanderbilt Commodores,bovada,Bovada,2026-10-01T12:41:12Z,2026-10-01T12:41:12Z,Vanderbilt Commodores,25.0,-110.0,2026,2026-10-01T12:42:26Z,1344,19.670078309680225,6.083264807066827,16.086813502613396,807aa80048d80e577104f04f9dc527bcbdecbac1e0bd777c98286ecfff8aeba7,timestamped_live_quote,FBS vs FBS
2026-10-01T12:42:26Z,031ad65ec032d459cda2cee30378e4a4,2026-10-03T17:00:00Z,Buffalo Bulls,Western Michigan Broncos,draftkings,DraftKings,2026-10-01T12:41:40Z,2026-10-01T12:41:40Z,Buffalo Bulls,14.0,-112.0,2026,2026-10-01T12:42:26Z,1344,-4.999704415630837,3.2442316063219843,-5.7439360219528215,807aa80048d80e577104f04f9dc527bcbdecbac1e0bd777c98286ecfff8aeba7,timestamped_live_quote,FBS vs FBS
2026-10-01T12:42:26Z,031ad65ec032d459cda2cee30378e4a4,2026-10-03T17:00:00Z,Buffalo Bulls,Western Michigan Broncos,draftkings,DraftKings,2026-10-01T12:41:40Z,2026-10-01T12:41:40Z,Western Michigan Broncos,-14.0,-108.0,2026,2026-10-01T12:42:26Z,1344,-4.999704415630837,3.2442316063219843,-5.7439360219528215,807aa80048d80e577104f04f9dc527bcbdecbac1e0bd777c98286ecfff8aeba7,timestamped_live_quote,FBS vs FBS
2026-10-01T12:42:26Z,031ad65ec032d459cda2cee30378e4a4,2026-10-03T17:00:00Z,Buffalo Bulls,Western Michigan Broncos,lowvig,LowVig.ag,2026-10-01T12:42:16Z,2026-10-01T12:42:15Z,Buffalo Bulls,14.0,-106.0,2026,2026-10-01T12:42:26Z,1344,-4.999704415630837,3.2442316063219843,-5.7439360219528215,807aa80048d80e577104f04f9dc527bcbdecbac1e0bd777c98286ecfff8aeba7,timestamped_live_quote,FBS vs FBS
2026-10-01T12:42:26Z,031ad65ec032d459cda2cee30378e4a4,2026-10-03T17:00:00Z,Buffalo Bulls,Western Michigan Broncos,lowvig,LowVig.ag,2026-10-01T12:42:16Z,2026-10-01T12:42:15Z,Western Michigan Broncos,-14.0,-106.0,2026,2026-10-01T12:42:26Z,1344,-4.999704415630837,3.2442316063219843,-5.7439360219528215,807aa80048d80e577104f04f9dc527bcbdecbac1e0bd777c98286ecfff8aeba7,timestamped_live_quote,FBS vs FBS
2026-10-01T12:42:26Z,031ad65ec032d459cda2cee30378e4a4,2026-10-03T17:00:00Z,Buffalo Bulls,Western Michigan Broncos,betonlineag,BetOnline.ag,2026-10-01T12:41:25Z,2026-10-01T12:41:24Z,Buffalo Bulls,14.0,-105.0,2026,2026-10-01T12:42:26Z,1344,-4.999704415630837,3.2442316063219843,-5.7439360219528215,807aa80048d80e577104f04f9dc527bcbdecbac1e0bd777c98286ecfff8aeba7,timestamped_live_quote,FBS vs FBS
2026-10-01T12:42:26Z,031ad65ec032d459cda2cee30378e4a4,2026-10-03T17:00:00Z,Buffalo Bulls,Western Michigan Broncos,betonlineag,BetOnline.ag,2026-10-01T12:41:25Z,2026-10-01T12:41:24Z,Western Michigan Broncos,-14.0,-115.0,2026,2026-10-01T12:42:26Z,1344,-4.999704415630837,3.2442316063219843,-5.7439360219528215,807aa80048d80e577104f04f9dc527bcbdecbac1e0bd777c98286ecfff8aeba7,timestamped_live_quote,FBS vs FBS
2026-10-01T12:42:26Z,031ad65ec032d459cda2cee30378e4a4,2026-10-03T17:00:00Z,Buffalo Bulls,Western Michigan Broncos,fanduel,FanDuel,2026-10-01T12:41:56Z,2026-10-01T12:41:55Z,Buffalo Bulls,13.5,-108.0,2026,2026-10-01T12:42:26Z,1344,-4.999704415630837,3.2442316063219843,-5.7439360219528215,807aa80048d80e577104f04f9dc527bcbdecbac1e0bd777c98286ecfff8aeba7,timestamped_live_quote,FBS vs FBS
2026-10-01T12:42:26Z,031ad65ec032d459cda2cee30378e4a4,2026-10-03T17:00:00Z,Buffalo Bulls,Western Michigan Broncos,fanduel,FanDuel,2026-10-01T12:41:56Z,2026-10-01T12:41:55Z,Western Michigan Broncos,-13.5,-112.0,2026,2026-10-01T12:42:26Z,1344,-4.999704415630837,3.2442316063219843,-5.7439360219528215,807aa80048d80e577104f04f9dc527bcbdecbac1e0bd777c98286ecfff8aeba7,timestamped_live_quote,FBS vs FBS
2026-10-01T12:42:26Z,031ad65ec032d459cda2cee30378e4a4,2026-10-03T17:00:00Z,Buffalo Bulls,Western Michigan Broncos,mybookieag,MyBookie.ag,2026-10-01T12:42:16Z,2026-10-01T12:42:16Z,Buffalo Bulls,14.0,-110.0,2026,2026-10-01T12:42:26Z,1344,-4.999704415630837,3.2442316063219843,-5.7439360219528215,807aa80048d80e577104f04f9dc527bcbdecbac1e0bd777c98286ecfff8aeba7,timestamped_live_quote,FBS vs FBS
2026-10-01T12:42:26Z,031ad65ec032d459cda2cee30378e4a4,2026-10-03T17:00:00Z,Buffalo Bulls,Western Michigan Broncos,mybookieag,MyBookie.ag,2026-10-01T12:42:16Z,2026-10-01T12:42:16Z,Western Michigan Broncos,-14.0,-110.0,2026,2026-10-01T12:42:26Z,1344,-4.999704415630837,3.2442316063219843,-5.7439360219528215,807aa80048d80e577104f04f9dc527bcbdecbac1e0bd777c98286ecfff8aeba7,timestamped_live_quote,FBS vs FBS
2026-10-01T12:42:26Z,031ad65ec032d459cda2cee30378e4a4,2026-10-03T17:00:00Z,Buffalo Bulls,Western Michigan Broncos,betus,BetUS,2026-10-01T12:41:41Z,2026-10-01T12:41:41Z,Buffalo Bulls,14.0,-110.0,2026,2026-10-01T12:42:26Z,1344,-4.999704415630837,3.2442316063219843,-5.7439360219528215,807aa80048d80e577104f04f9dc527bcbdecbac1e0bd777c98286ecfff8aeba7,timestamped_live_quote,FBS vs FBS
2026-10-01T12:42:26Z,031ad65ec032d459cda2cee30378e4a4,2026-10-03T17:00:00Z,Buffalo Bulls,Western Michigan Broncos,betus,BetUS,2026-10-01T12:41:41Z,2026-10-01T12:41:41Z,Western Michigan Broncos,-14.0,-110.0,2026,2026-10-01T12:42:26Z,1344,-4.999704415630837,3.2442316063219843,-5.7439360219528215,807aa80048d80e577104f04f9dc527bcbdecbac1e0bd777c98286ecfff8aeba7,timestamped_live_quote,FBS vs FBS
2026-10-01T12:42:26Z,031ad65ec032d459cda2cee30378e4a4,2026-10-03T17:00:00Z,Buffalo Bulls,Western Michigan Broncos,betmgm,BetMGM,2026-10-01T12:41:44Z,2026-10-01T12:41:44Z,Buffalo Bulls,13.5,-105.0,2026,2026-10-01T12:42:26Z,1344,-4.999704415630837,3.2442316063219843,-5.7439360219528215,807aa80048d80e577104f04f9dc527bcbdecbac1e0bd777c98286ecfff8aeba7,timestamped_live_quote,FBS vs FBS
2026-10-01T12:42:26Z,031ad65ec032d459cda2cee30378e4a4,2026-10-03T17:00:00Z,Buffalo Bulls,Western Michigan Broncos,betmgm,BetMGM,2026-10-01T12:41:44Z,2026-10-01T12:41:44Z,Western Michigan Broncos,-13.5,-112.0,2026,2026-10-01T12:42:26Z,1344,-4.999704415630837,3.2442316063219843,-5.7439360219528215,807aa80048d80e577104f04f9dc527bcbdecbac1e0bd777c98286ecfff8aeba7,timestamped_live_quote,FBS vs FBS
2026-10-01T12:42:26Z,031ad65ec032d459cda2cee30378e4a4,2026-10-03T17:00:00Z,Buffalo Bulls,Western Michigan Broncos,betrivers,BetRivers,2026-10-01T12:41:26Z,2026-10-01T12:41:26Z,Buffalo Bulls,14.0,-117.0,2026,2026-10-01T12:42:26Z,1344,-4.999704415630837,3.2442316063219843,-5.7439360219528215,807aa80048d80e577104f04f9dc527bcbdecbac1e0bd777c98286ecfff8aeba7,timestamped_live_quote,FBS vs FBS
2026-10-01T12:42:26Z,031ad65ec032d459cda2cee30378e4a4,2026-10-03T17:00:00Z,Buffalo Bulls,Western Michigan Broncos,betrivers,BetRivers,2026-10-01T12:41:26Z,2026-10-01T12:41:26Z,Western Michigan Broncos,-14.0,-107.0,2026,2026-10-01T12:42:26Z,1344,-4.999704415630837,3.2442316063219843,-5.7439360219528215,807aa80048d80e577104f04f9dc527bcbdecbac1e0bd777c98286ecfff8aeba7,timestamped_live_quote,FBS vs FBS
2026-10-01T12:42:26Z,031ad65ec032d459cda2cee30378e4a4,2026-10-03T17:00:00Z,Buffalo Bulls,Western Michigan Broncos,bovada,Bovada,2026-10-01T12:41:12Z,2026-10-01T12:41:12Z,Buffalo Bulls,13.5,-105.0,2026,2026-10-01T12:42:26Z,1344,-4.999704415630837,3.2442316063219843,-5.7439360219528215,807aa80048d80e577104f04f9dc527bcbdecbac1e0bd777c98286ecfff8aeba7,timestamped_live_quote,FBS vs FBS
2026-10-01T12:42:26Z,031ad65ec032d459cda2cee30378e4a4,2026-10-03T17:00:00Z,Buffalo Bulls,Western Michigan Broncos,bovada,Bovada,2026-10-01T12:41:12Z,2026-10-01T12:41:12Z,Western Michigan Broncos,-13.5,-115.0,2026,2026-10-01T12:42:26Z,1344,-4.999704415630837,3.2442316063219843,-5.7439360219528215,807aa80048d80e577104f04f9dc527bcbdecbac1e0bd777c98286ecfff8aeba7,timestamped_live_quote,FBS vs FBS
2026-10-01T12:42:26Z,c3437a49d4efdbca5669e7edfb5af569,2026-10-03T18:00:00Z,Ball State Cardinals,Toledo Rockets,fanduel,FanDuel,2026-10-01T12:41:56Z,2026-10-01T12:41:55Z,Ball State Cardinals,19.5,-108.0,2026,2026-10-01T12:42:26Z,1344,-7.295338702438829,7.680776403009596,-12.476115105448425,807aa80048d80e577104f04f9dc527bcbdecbac1e0bd777c98286ecfff8aeba7,timestamped_live_quote,FBS vs FBS
2026-10-01T12:42:26Z,c3437a49d4efdbca5669e7edfb5af569,2026-10-03T18:00:00Z,Ball State Cardinals,Toledo Rockets,fanduel,FanDuel,2026-10-01T12:41:56Z,2026-10-01T12:41:55Z,Toledo Rockets,-19.5,-112.0,2026,2026-10-01T12:42:26Z,1344,-7.295338702438829,7.680776403009596,-12.476115105448425,807aa80048d80e577104f04f9dc527bcbdecbac1e0bd777c98286ecfff8aeba7,timestamped_live_quote,FBS vs FBS
2026-10-01T12:42:26Z,c3437a49d4efdbca5669e7edfb5af569,2026-10-03T18:00:00Z,Ball State Cardinals,Toledo Rockets,betrivers,BetRivers,2026-10-01T12:41:26Z,2026-10-01T12:41:26Z,Ball State Cardinals,19.5,-113.0,2026,2026-10-01T12:42:26Z,1344,-7.295338702438829,7.680776403009596,-12.476115105448425,807aa80048d80e577104f04f9dc527bcbdecbac1e0bd777c98286ecfff8aeba7,timestamped_live_quote,FBS vs FBS
2026-10-01T12:42:26Z,c3437a49d4efdbca5669e7edfb5af569,2026-10-03T18:00:00Z,Ball State Cardinals,Toledo Rockets,betrivers,BetRivers,2026-10-01T12:41:26Z,2026-10-01T12:41:26Z,Toledo Rockets,-19.5,-110.0,2026,2026-10-01T12:42:26Z,1344,-7.295338702438829,7.680776403009596,-12.476115105448425,807aa80048d80e577104f04f9dc527bcbdecbac1e0bd777c98286ecfff8aeba7,timestamped_live_quote,FBS vs FBS
2026-10-01T12:42:26Z,c3437a49d4efdbca5669e7edfb5af569,2026-10-03T18:00:00Z,Ball State Cardinals,Toledo Rockets,draftkings,DraftKings,2026-10-01T12:41:40Z,2026-10-01T12:41:40Z,Ball State Cardinals,19.5,-112.0,2026,2026-10-01T12:42:26Z,1344,-7.295338702438829,7.680776403009596,-12.476115105448425,807aa80048d80e577104f04f9dc527bcbdecbac1e0bd777c98286ecfff8aeba7,timestamped_live_quote,FBS vs FBS
2026-10-01T12:42:26Z,c3437a49d4efdbca5669e7edfb5af569,2026-10-03T18:00:00Z,Ball State Cardinals,Toledo Rockets,draftkings,DraftKings,2026-10-01T12:41:40Z,2026-10-01T12:41:40Z,Toledo Rockets,-19.5,-108.0,2026,2026-10-01T12:42:26Z,1344,-7.295338702438829,7.680776403009596,-12.476115105448425,807aa80048d80e577104f04f9dc527bcbdecbac1e0bd777c98286ecfff8aeba7,timestamped_live_quote,FBS vs FBS
2026-10-01T12:42:26Z,c3437a49d4efdbca5669e7edfb5af569,2026-10-03T18:00:00Z,Ball State Cardinals,Toledo Rockets,betonlineag,BetOnline.ag,2026-10-01T12:41:25Z,2026-10-01T12:41:24Z,Ball State Cardinals,19.5,-110.0,2026,2026-10-01T12:42:26Z,1344,-7.295338702438829,7.680776403009596,-12.476115105448425,807aa80048d80e577104f04f9dc527bcbdecbac1e0bd777c98286ecfff8aeba7,timestamped_live_quote,FBS vs FBS
2026-10-01T12:42:26Z,c3437a49d4efdbca5669e7edfb5af569,2026-10-03T18:00:00Z,Ball State Cardinals,Toledo Rockets,betonlineag,BetOnline.ag,2026-10-01T12:41:25Z,2026-10-01T12:41:24Z,Toledo Rockets,-19.5,-110.0,2026,2026-10-01T12:42:26Z,1344,-7.295338702438829,7.680776403009596,-12.476115105448425,807aa80048d80e577104f04f9dc527bcbdecbac1e0bd777c98286ecfff8aeba7,timestamped_live_quote,FBS vs FBS
2026-10-01T12:42:26Z,c3437a49d4efdbca5669e7edfb5af569,2026-10-03T18:00:00Z,Ball State Cardinals,Toledo Rockets,lowvig,LowVig.ag,2026-10-01T12:42:16Z,2026-10-01T12:42:15Z,Ball State Cardinals,19.5,-106.0,2026,2026-10-01T12:42:26Z,1344,-7.295338702438829,7.680776403009596,-12.476115105448425,807aa80048d80e577104f04f9dc527bcbdecbac1e0bd777c98286ecfff8aeba7,timestamped_live_quote,FBS vs FBS
2026-10-01T12:42:26Z,c3437a49d4efdbca5669e7edfb5af569,2026-10-03T18:00:00Z,Ball State Cardinals,Toledo Rockets,lowvig,LowVig.ag,2026-10-01T12:42:16Z,2026-10-01T12:42:15Z,Toledo Rockets,-19.5,-106.0,2026,2026-10-01T12:42:26Z,1344,-7.295338702438829,7.680776403009596,-12.476115105448425,807aa80048d80e577104f04f9dc527bcbdecbac1e0bd777c98286ecfff8aeba7,timestamped_live_quote,FBS vs FBS
2026-10-01T12:42:26Z,c3437a49d4efdbca5669e7edfb5af569,2026-10-03T18:00:00Z,Ball State Cardinals,Toledo Rockets,betmgm,BetMGM,2026-10-01T12:41:44Z,2026-10-01T12:41:44Z,Ball State Cardinals,19.5,-110.0,2026,2026-10-01T12:42:26Z,1344,-7.295338702438829,7.680776403009596,-12.476115105448425,807aa80048d80e577104f04f9dc527bcbdecbac1e0bd777c98286ecfff8aeba7,timestamped_live_quote,FBS vs FBS
2026-10-01T12:42:26Z,c3437a49d4efdbca5669e7edfb5af569,2026-10-03T18:00:00Z,Ball State Cardinals,Toledo Rockets,betmgm,BetMGM,2026-10-01T12:41:44Z,2026-10-01T12:41:44Z,Toledo Rockets,-19.5,-108.0,2026,2026-10-01T12:42:26Z,1344,-7.295338702438829,7.680776403009596,-12.476115105448425,807aa80048d80e577104f04f9dc527bcbdecbac1e0bd777c98286ecfff8aeba7,timestamped_live_quote,FBS vs FBS
2026-10-01T12:42:26Z,c3437a49d4efdbca5669e7edfb5af569,2026-10-03T18:00:00Z,Ball State Cardinals,Toledo Rockets,mybookieag,MyBookie.ag,2026-10-01T12:42:16Z,2026-10-01T12:42:16Z,Ball State Cardinals,19.5,-110.0,2026,2026-10-01T12:42:26Z,1344,-7.295338702438829,7.680776403009596,-12.476115105448425,807aa80048d80e577104f04f9dc527bcbdecbac1e0bd777c98286ecfff8aeba7,timestamped_live_quote,FBS vs FBS
2026-10-01T12:42:26Z,c3437a49d4efdbca5669e7edfb5af569,2026-10-03T18:00:00Z,Ball State Cardinals,Toledo Rockets,mybookieag,MyBookie.ag,2026-10-01T12:42:16Z,2026-10-01T12:42:16Z,Toledo Rockets,-19.5,-110.0,2026,2026-10-01T12:42:26Z,1344,-7.295338702438829,7.680776403009596,-12.476115105448425,807aa80048d80e577104f04f9dc527bcbdecbac1e0bd777c98286ecfff8aeba7,timestamped_live_quote,FBS vs FBS
2026-10-01T12:42:26Z,c3437a49d4efdbca5669e7edfb5af569,2026-10-03T18:00:00Z,Ball State Cardinals,Toledo Rockets,betus,BetUS,2026-10-01T12:41:41Z,2026-10-01T12:41:41Z,Ball State Cardinals,19.5,-110.0,2026,2026-10-01T12:42:26Z,1344,-7.295338702438829,7.680776403009596,-12.476115105448425,807aa80048d80e577104f04f9dc527bcbdecbac1e0bd777c98286ecfff8aeba7,timestamped_live_quote,FBS vs FBS
2026-10-01T12:42:26Z,c3437a49d4efdbca5669e7edfb5af569,2026-10-03T18:00:00Z,Ball State Cardinals,Toledo Rockets,betus,BetUS,2026-10-01T12:41:41Z,2026-10-01T12:41:41Z,Toledo Rockets,-19.5,-110.0,2026,2026-10-01T12:42:26Z,1344,-7.295338702438829,7.680776403009596,-12.476115105448425,807aa80048d80e577104f04f9dc527bcbdecbac1e0bd777c98286ecfff8aeba7,timestamped_live_quote,FBS vs FBS
2026-10-01T12:42:26Z,c3437a49d4efdbca5669e7edfb5af569,2026-10-03T18:00:00Z,Ball State Cardinals,Toledo Rockets,bovada,Bovada,2026-10-01T12:41:12Z,2026-10-01T12:41:12Z,Ball State Cardinals,19.5,-110.0,2026,2026-10-01T12:42:26Z,1344,-7.295338702438829,7.680776403009596,-12.476115105448425,807aa80048d80e577104f04f9dc527bcbdecbac1e0bd777c98286ecfff8aeba7,timestamped_live_quote,FBS vs FBS
2026-10-01T12:42:26Z,c3437a49d4efdbca5669e7edfb5af569,2026-10-03T18:00:00Z,Ball State Cardinals,Toledo Rockets,bovada,Bovada,2026-10-01T12:41:12Z,2026-10-01T12:41:12Z,Toledo Rockets,-19.5,-110.0,2026,2026-10-01T12:42:26Z,1344,-7.295338702438829,7.680776403009596,-12.476115105448425,807aa80048d80e577104f04f9dc527bcbdecbac1e0bd777c98286ecfff8aeba7,timestamped_live_quote,FBS vs FBS
2026-10-01T12:42:26Z,afbc95d529430ef9797b428b2a9db1ab,2026-10-03T19:30:00Z,Central Michigan Chippewas,Akron Zips,fanduel,FanDuel,2026-10-01T12:41:56Z,2026-10-01T12:41:55Z,Akron Zips,6.5,-110.0,2026,2026-10-01T12:42:26Z,1344,-3.7993499695998407,-4.808318895585516,3.508968925985675,807aa80048d80e577104f04f9dc527bcbdecbac1e0bd777c98286ecfff8aeba7,timestamped_live_quote,FBS vs FBS
2026-10-01T12:42:26Z,afbc95d529430ef9797b428b2a9db1ab,2026-10-03T19:30:00Z,Central Michigan Chippewas,Akron Zips,fanduel,FanDuel,2026-10-01T12:41:56Z,2026-10-01T12:41:55Z,Central Michigan Chippewas,-6.5,-110.0,2026,2026-10-01T12:42:26Z,1344,-3.7993499695998407,-4.808318895585516,3.508968925985675,807aa80048d80e577104f04f9dc527bcbdecbac1e0bd777c98286ecfff8aeba7,timestamped_live_quote,FBS vs FBS
2026-10-01T12:42:26Z,afbc95d529430ef9797b428b2a9db1ab,2026-10-03T19:30:00Z,Central Michigan Chippewas,Akron Zips,betrivers,BetRivers,2026-10-01T12:41:26Z,2026-10-01T12:41:26Z,Akron Zips,7.0,-118.0,2026,2026-10-01T12:42:26Z,1344,-3.7993499695998407,-4.808318895585516,3.508968925985675,807aa80048d80e577104f04f9dc527bcbdecbac1e0bd777c98286ecfff8aeba7,timestamped_live_quote,FBS vs FBS
2026-10-01T12:42:26Z,afbc95d529430ef9797b428b2a9db1ab,2026-10-03T19:30:00Z,Central Michigan Chippewas,Akron Zips,betrivers,BetRivers,2026-10-01T12:41:26Z,2026-10-01T12:41:26Z,Central Michigan Chippewas,-7.0,-106.0,2026,2026-10-01T12:42:26Z,1344,-3.7993499695998407,-4.808318895585516,3.508968925985675,807aa80048d80e577104f04f9dc527bcbdecbac1e0bd777c98286ecfff8aeba7,timestamped_live_quote,FBS vs FBS
2026-10-01T12:42:26Z,afbc95d529430ef9797b428b2a9db1ab,2026-10-03T19:30:00Z,Central Michigan Chippewas,Akron Zips,draftkings,DraftKings,2026-10-01T12:41:40Z,2026-10-01T12:41:40Z,Akron Zips,6.5,-108.0,2026,2026-10-01T12:42:26Z,1344,-3.7993499695998407,-4.808318895585516,3.508968925985675,807aa80048d80e577104f04f9dc527bcbdecbac1e0bd777c98286ecfff8aeba7,timestamped_live_quote,FBS vs FBS
2026-10-01T12:42:26Z,afbc95d529430ef9797b428b2a9db1ab,2026-10-03T19:30:00Z,Central Michigan Chippewas,Akron Zips,draftkings,DraftKings,2026-10-01T12:41:40Z,2026-10-01T12:41:40Z,Central Michigan Chippewas,-6.5,-112.0,2026,2026-10-01T12:42:26Z,1344,-3.7993499695998407,-4.808318895585516,3.508968925985675,807aa80048d80e577104f04f9dc527bcbdecbac1e0bd777c98286ecfff8aeba7,timestamped_live_quote,FBS vs FBS
2026-10-01T12:42:26Z,afbc95d529430ef9797b428b2a9db1ab,2026-10-03T19:30:00Z,Central Michigan Chippewas,Akron Zips,lowvig,LowVig.ag,2026-10-01T12:42:16Z,2026-10-01T12:42:15Z,Akron Zips,6.5,-103.0,2026,2026-10-01T12:42:26Z,1344,-3.7993499695998407,-4.808318895585516,3.508968925985675,807aa80048d80e577104f04f9dc527bcbdecbac1e0bd777c98286ecfff8aeba7,timestamped_live_quote,FBS vs FBS
2026-10-01T12:42:26Z,afbc95d529430ef9797b428b2a9db1ab,2026-10-03T19:30:00Z,Central Michigan Chippewas,Akron Zips,lowvig,LowVig.ag,2026-10-01T12:42:16Z,2026-10-01T12:42:15Z,Central Michigan Chippewas,-6.5,-109.0,2026,2026-10-01T12:42:26Z,1344,-3.7993499695998407,-4.808318895585516,3.508968925985675,807aa80048d80e577104f04f9dc527bcbdecbac1e0bd777c98286ecfff8aeba7,timestamped_live_quote,FBS vs FBS
2026-10-01T12:42:26Z,afbc95d529430ef9797b428b2a9db1ab,2026-10-03T19:30:00Z,Central Michigan Chippewas,Akron Zips,betonlineag,BetOnline.ag,2026-10-01T12:41:25Z,2026-10-01T12:41:24Z,Akron Zips,6.5,-107.0,2026,2026-10-01T12:42:26Z,1344,-3.7993499695998407,-4.808318895585516,3.508968925985675,807aa80048d80e577104f04f9dc527bcbdecbac1e0bd777c98286ecfff8aeba7,timestamped_live_quote,FBS vs FBS
2026-10-01T12:42:26Z,afbc95d529430ef9797b428b2a9db1ab,2026-10-03T19:30:00Z,Central Michigan Chippewas,Akron Zips,betonlineag,BetOnline.ag,2026-10-01T12:41:25Z,2026-10-01T12:41:24Z,Central Michigan Chippewas,-6.5,-113.0,2026,2026-10-01T12:42:26Z,1344,-3.7993499695998407,-4.808318895585516,3.508968925985675,807aa80048d80e577104f04f9dc527bcbdecbac1e0bd777c98286ecfff8aeba7,timestamped_live_quote,FBS vs FBS
2026-10-01T12:42:26Z,afbc95d529430ef9797b428b2a9db1ab,2026-10-03T19:30:00Z,Central Michigan Chippewas,Akron Zips,mybookieag,MyBookie.ag,2026-10-01T12:42:16Z,2026-10-01T12:42:16Z,Akron Zips,6.5,-110.0,2026,2026-10-01T12:42:26Z,1344,-3.7993499695998407,-4.808318895585516,3.508968925985675,807aa80048d80e577104f04f9dc527bcbdecbac1e0bd777c98286ecfff8aeba7,timestamped_live_quote,FBS vs FBS
2026-10-01T12:42:26Z,afbc95d529430ef9797b428b2a9db1ab,2026-10-03T19:30:00Z,Central Michigan Chippewas,Akron Zips,mybookieag,MyBookie.ag,2026-10-01T12:42:16Z,2026-10-01T12:42:16Z,Central Michigan Chippewas,-6.5,-110.0,2026,2026-10-01T12:42:26Z,1344,-3.7993499695998407,-4.808318895585516,3.508968925985675,807aa80048d80e577104f04f9dc527bcbdecbac1e0bd777c98286ecfff8aeba7,timestamped_live_quote,FBS vs FBS
2026-10-01T12:42:26Z,afbc95d529430ef9797b428b2a9db1ab,2026-10-03T19:30:00Z,Central Michigan Chippewas,Akron Zips,betmgm,BetMGM,2026-10-01T12:41:44Z,2026-10-01T12:41:44Z,Akron Zips,6.5,-108.0,2026,2026-10-01T12:42:26Z,1344,-3.7993499695998407,-4.808318895585516,3.508968925985675,807aa80048d80e577104f04f9dc527bcbdecbac1e0bd777c98286ecfff8aeba7,timestamped_live_quote,FBS vs FBS
2026-10-01T12:42:26Z,afbc95d529430ef9797b428b2a9db1ab,2026-10-03T19:30:00Z,Central Michigan Chippewas,Akron Zips,betmgm,BetMGM,2026-10-01T12:41:44Z,2026-10-01T12:41:44Z,Central Michigan Chippewas,-6.5,-110.0,2026,2026-10-01T12:42:26Z,1344,-3.7993499695998407,-4.808318895585516,3.508968925985675,807aa80048d80e577104f04f9dc527bcbdecbac1e0bd777c98286ecfff8aeba7,timestamped_live_quote,FBS vs FBS
2026-10-01T12:42:26Z,afbc95d529430ef9797b428b2a9db1ab,2026-10-03T19:30:00Z,Central Michigan Chippewas,Akron Zips,betus,BetUS,2026-10-01T12:41:41Z,2026-10-01T12:41:41Z,Akron Zips,6.5,-110.0,2026,2026-10-01T12:42:26Z,1344,-3.7993499695998407,-4.808318895585516,3.508968925985675,807aa80048d80e577104f04f9dc527bcbdecbac1e0bd777c98286ecfff8aeba7,timestamped_live_quote,FBS vs FBS
2026-10-01T12:42:26Z,afbc95d529430ef9797b428b2a9db1ab,2026-10-03T19:30:00Z,Central Michigan Chippewas,Akron Zips,betus,BetUS,2026-10-01T12:41:41Z,2026-10-01T12:41:41Z,Central Michigan Chippewas,-6.5,-110.0,2026,2026-10-01T12:42:26Z,1344,-3.7993499695998407,-4.808318895585516,3.508968925985675,807aa80048d80e577104f04f9dc527bcbdecbac1e0bd777c98286ecfff8aeba7,timestamped_live_quote,FBS vs FBS
2026-10-01T12:42:26Z,afbc95d529430ef9797b428b2a9db1ab,2026-10-03T19:30:00Z,Central Michigan Chippewas,Akron Zips,bovada,Bovada,2026-10-01T12:41:12Z,2026-10-01T12:41:12Z,Akron Zips,6.5,-105.0,2026,2026-10-01T12:42:26Z,1344,-3.7993499695998407,-4.808318895585516,3.508968925985675,807aa80048d80e577104f04f9dc527bcbdecbac1e0bd777c98286ecfff8aeba7,timestamped_live_quote,FBS vs FBS
2026-10-01T12:42:26Z,afbc95d529430ef9797b428b2a9db1ab,2026-10-03T19:30:00Z,Central Michigan Chippewas,Akron Zips,bovada,Bovada,2026-10-01T12:41:12Z,2026-10-01T12:41:12Z,Central Michigan Chippewas,-6.5,-115.0,2026,2026-10-01T12:42:26Z,1344,-3.7993499695998407,-4.808318895585516,3.508968925985675,807aa80048d80e577104f04f9dc527bcbdecbac1e0bd777c98286ecfff8aeba7,timestamped_live_quote,FBS vs FBS
2026-10-01T12:42:26Z,f2defdeeb6cb3aa4a86b01a7a5b1ece4,2026-10-03T19:30:00Z,Tennessee Volunteers,Auburn Tigers,draftkings,DraftKings,2026-10-01T12:41:40Z,2026-10-01T12:41:40Z,Auburn Tigers,7.0,-110.0,2026,2026-10-01T12:42:26Z,1344,13.890528683212763,7.206044934251761,9.184483748961002,807aa80048d80e577104f04f9dc527bcbdecbac1e0bd777c98286ecfff8aeba7,timestamped_live_quote,FBS vs FBS
2026-10-01T12:42:26Z,f2defdeeb6cb3aa4a86b01a7a5b1ece4,2026-10-03T19:30:00Z,Tennessee Volunteers,Auburn Tigers,draftkings,DraftKings,2026-10-01T12:41:40Z,2026-10-01T12:41:40Z,Tennessee Volunteers,-7.0,-110.0,2026,2026-10-01T12:42:26Z,1344,13.890528683212763,7.206044934251761,9.184483748961002,807aa80048d80e577104f04f9dc527bcbdecbac1e0bd777c98286ecfff8aeba7,timestamped_live_quote,FBS vs FBS
2026-10-01T12:42:26Z,f2defdeeb6cb3aa4a86b01a7a5b1ece4,2026-10-03T19:30:00Z,Tennessee Volunteers,Auburn Tigers,fanduel,FanDuel,2026-10-01T12:41:55Z,2026-10-01T12:41:55Z,Auburn Tigers,6.5,100.0,2026,2026-10-01T12:42:26Z,1344,13.890528683212763,7.206044934251761,9.184483748961002,807aa80048d80e577104f04f9dc527bcbdecbac1e0bd777c98286ecfff8aeba7,timestamped_live_quote,FBS vs FBS
2026-10-01T12:42:26Z,f2defdeeb6cb3aa4a86b01a7a5b1ece4,2026-10-03T19:30:00Z,Tennessee Volunteers,Auburn Tigers,fanduel,FanDuel,2026-10-01T12:41:55Z,2026-10-01T12:41:55Z,Tennessee Volunteers,-6.5,-122.0,2026,2026-10-01T12:42:26Z,1344,13.890528683212763,7.206044934251761,9.184483748961002,807aa80048d80e577104f04f9dc527bcbdecbac1e0bd777c98286ecfff8aeba7,timestamped_live_quote,FBS vs FBS
2026-10-01T12:42:26Z,f2defdeeb6cb3aa4a86b01a7a5b1ece4,2026-10-03T19:30:00Z,Tennessee Volunteers,Auburn Tigers,betrivers,BetRivers,2026-10-01T12:41:26Z,2026-10-01T12:41:26Z,Auburn Tigers,7.5,-117.0,2026,2026-10-01T12:42:26Z,1344,13.890528683212763,7.206044934251761,9.184483748961002,807aa80048d80e577104f04f9dc527bcbdecbac1e0bd777c98286ecfff8aeba7,timestamped_live_quote,FBS vs FBS
2026-10-01T12:42:26Z,f2defdeeb6cb3aa4a86b01a7a5b1ece4,2026-10-03T19:30:00Z,Tennessee Volunteers,Auburn Tigers,betrivers,BetRivers,2026-10-01T12:41:26Z,2026-10-01T12:41:26Z,Tennessee Volunteers,-7.5,-107.0,2026,2026-10-01T12:42:26Z,1344,13.890528683212763,7.206044934251761,9.184483748961002,807aa80048d80e577104f04f9dc527bcbdecbac1e0bd777c98286ecfff8aeba7,timestamped_live_quote,FBS vs FBS
2026-10-01T12:42:26Z,f2defdeeb6cb3aa4a86b01a7a5b1ece4,2026-10-03T19:30:00Z,Tennessee Volunteers,Auburn Tigers,lowvig,LowVig.ag,2026-10-01T12:42:16Z,2026-10-01T12:42:15Z,Auburn Tigers,7.0,-105.0,2026,2026-10-01T12:42:26Z,1344,13.890528683212763,7.206044934251761,9.184483748961002,807aa80048d80e577104f04f9dc527bcbdecbac1e0bd777c98286ecfff8aeba7,timestamped_live_quote,FBS vs FBS
2026-10-01T12:42:26Z,f2defdeeb6cb3aa4a86b01a7a5b1ece4,2026-10-03T19:30:00Z,Tennessee Volunteers,Auburn Tigers,lowvig,LowVig.ag,2026-10-01T12:42:16Z,2026-10-01T12:42:15Z,Tennessee Volunteers,-7.0,-107.0,2026,2026-10-01T12:42:26Z,1344,13.890528683212763,7.206044934251761,9.184483748961002,807aa80048d80e577104f04f9dc527bcbdecbac1e0bd777c98286ecfff8aeba7,timestamped_live_quote,FBS vs FBS
2026-10-01T12:42:26Z,f2defdeeb6cb3aa4a86b01a7a5b1ece4,2026-10-03T19:30:00Z,Tennessee Volunteers,Auburn Tigers,betonlineag,BetOnline.ag,2026-10-01T12:41:25Z,2026-10-01T12:41:24Z,Auburn Tigers,7.0,-109.0,2026,2026-10-01T12:42:26Z,1344,13.890528683212763,7.206044934251761,9.184483748961002,807aa80048d80e577104f04f9dc527bcbdecbac1e0bd777c98286ecfff8aeba7,timestamped_live_quote,FBS vs FBS
2026-10-01T12:42:26Z,f2defdeeb6cb3aa4a86b01a7a5b1ece4,2026-10-03T19:30:00Z,Tennessee Volunteers,Auburn Tigers,betonlineag,BetOnline.ag,2026-10-01T12:41:25Z,2026-10-01T12:41:24Z,Tennessee Volunteers,-7.0,-111.0,2026,2026-10-01T12:42:26Z,1344,13.890528683212763,7.206044934251761,9.184483748961002,807aa80048d80e577104f04f9dc527bcbdecbac1e0bd777c98286ecfff8aeba7,timestamped_live_quote,FBS vs FBS
2026-10-01T12:42:26Z,f2defdeeb6cb3aa4a86b01a7a5b1ece4,2026-10-03T19:30:00Z,Tennessee Volunteers,Auburn Tigers,mybookieag,MyBookie.ag,2026-10-01T12:42:16Z,2026-10-01T12:42:16Z,Auburn Tigers,7.0,-110.0,2026,2026-10-01T12:42:26Z,1344,13.890528683212763,7.206044934251761,9.184483748961002,807aa80048d80e577104f04f9dc527bcbdecbac1e0bd777c98286ecfff8aeba7,timestamped_live_quote,FBS vs FBS
2026-10-01T12:42:26Z,f2defdeeb6cb3aa4a86b01a7a5b1ece4,2026-10-03T19:30:00Z,Tennessee Volunteers,Auburn Tigers,mybookieag,MyBookie.ag,2026-10-01T12:42:16Z,2026-10-01T12:42:16Z,Tennessee Volunteers,-7.0,-110.0,2026,2026-10-01T12:42:26Z,1344,13.890528683212763,7.206044934251761,9.184483748961002,807aa80048d80e577104f04f9dc527bcbdecbac1e0bd777c98286ecfff8aeba7,timestamped_live_quote,FBS vs FBS
2026-10-01T12:42:26Z,f2defdeeb6cb3aa4a86b01a7a5b1ece4,2026-10-03T19:30:00Z,Tennessee Volunteers,Auburn Tigers,betmgm,BetMGM,2026-10-01T12:41:44Z,2026-10-01T12:41:44Z,Auburn Tigers,7.0,-108.0,2026,2026-10-01T12:42:26Z,1344,13.890528683212763,7.206044934251761,9.184483748961002,807aa80048d80e577104f04f9dc527bcbdecbac1e0bd777c98286ecfff8aeba7,timestamped_live_quote,FBS vs FBS
2026-10-01T12:42:26Z,f2defdeeb6cb3aa4a86b01a7a5b1ece4,2026-10-03T19:30:00Z,Tennessee Volunteers,Auburn Tigers,betmgm,BetMGM,2026-10-01T12:41:44Z,2026-10-01T12:41:44Z,Tennessee Volunteers,-7.0,-110.0,2026,2026-10-01T12:42:26Z,1344,13.890528683212763,7.206044934251761,9.184483748961002,807aa80048d80e577104f04f9dc527bcbdecbac1e0bd777c98286ecfff8aeba7,timestamped_live_quote,FBS vs FBS
2026-10-01T12:42:26Z,f2defdeeb6cb3aa4a86b01a7a5b1ece4,2026-10-03T19:30:00Z,Tennessee Volunteers,Auburn Tigers,betus,BetUS,2026-10-01T12:41:41Z,2026-10-01T12:41:41Z,Auburn Tigers,7.0,-110.0,2026,2026-10-01T12:42:26Z,1344,13.890528683212763,7.206044934251761,9.184483748961002,807aa80048d80e577104f04f9dc527bcbdecbac1e0bd777c98286ecfff8aeba7,timestamped_live_quote,FBS vs FBS
2026-10-01T12:42:26Z,f2defdeeb6cb3aa4a86b01a7a5b1ece4,2026-10-03T19:30:00Z,Tennessee Volunteers,Auburn Tigers,betus,BetUS,2026-10-01T12:41:41Z,2026-10-01T12:41:41Z,Tennessee Volunteers,-7.0,-110.0,2026,2026-10-01T12:42:26Z,1344,13.890528683212763,7.206044934251761,9.184483748961002,807aa80048d80e577104f04f9dc527bcbdecbac1e0bd777c98286ecfff8aeba7,timestamped_live_quote,FBS vs FBS
2026-10-01T12:42:26Z,f2defdeeb6cb3aa4a86b01a7a5b1ece4,2026-10-03T19:30:00Z,Tennessee Volunteers,Auburn Tigers,bovada,Bovada,2026-10-01T12:41:12Z,2026-10-01T12:41:12Z,Auburn Tigers,7.0,-110.0,2026,2026-10-01T12:42:26Z,1344,13.890528683212763,7.206044934251761,9.184483748961002,807aa80048d80e577104f04f9dc527bcbdecbac1e0bd777c98286ecfff8aeba7,timestamped_live_quote,FBS vs FBS
2026-10-01T12:42:26Z,f2defdeeb6cb3aa4a86b01a7a5b1ece4,2026-10-03T19:30:00Z,Tennessee Volunteers,Auburn Tigers,bovada,Bovada,2026-10-01T12:41:12Z,2026-10-01T12:41:12Z,Tennessee Volunteers,-7.0,-110.0,2026,2026-10-01T12:42:26Z,1344,13.890528683212763,7.206044934251761,9.184483748961002,807aa80048d80e577104f04f9dc527bcbdecbac1e0bd777c98286ecfff8aeba7,timestamped_live_quote,FBS vs FBS
2026-10-01T12:42:26Z,766a0470521ac4a0fad476df45c1438b,2026-10-03T19:30:00Z,Miami (OH) RedHawks,Bowling Green Falcons,draftkings,DraftKings,2026-10-01T12:41:40Z,2026-10-01T12:41:40Z,Bowling Green Falcons,13.5,-110.0,2026,2026-10-01T12:42:26Z,1344,1.8015216695079732,-9.546498870581802,13.848020540089776,807aa80048d80e577104f04f9dc527bcbdecbac1e0bd777c98286ecfff8aeba7,timestamped_live_quote,FBS vs FBS
2026-10-01T12:42:26Z,766a0470521ac4a0fad476df45c1438b,2026-10-03T19:30:00Z,Miami (OH) RedHawks,Bowling Green Falcons,draftkings,DraftKings,2026-10-01T12:41:40Z,2026-10-01T12:41:40Z,Miami (OH) RedHawks,-13.5,-110.0,2026,2026-10-01T12:42:26Z,1344,1.8015216695079732,-9.546498870581802,13.848020540089776,807aa80048d80e577104f04f9dc527bcbdecbac1e0bd777c98286ecfff8aeba7,timestamped_live_quote,FBS vs FBS
2026-10-01T12:42:26Z,766a0470521ac4a0fad476df45c1438b,2026-10-03T19:30:00Z,Miami (OH) RedHawks,Bowling Green Falcons,betonlineag,BetOnline.ag,2026-10-01T12:41:25Z,2026-10-01T12:41:24Z,Bowling Green Falcons,13.0,-104.0,2026,2026-10-01T12:42:26Z,1344,1.8015216695079732,-9.546498870581802,13.848020540089776,807aa80048d80e577104f04f9dc527bcbdecbac1e0bd777c98286ecfff8aeba7,timestamped_live_quote,FBS vs FBS
2026-10-01T12:42:26Z,766a0470521ac4a0fad476df45c1438b,2026-10-03T19:30:00Z,Miami (OH) RedHawks,Bowling Green Falcons,betonlineag,BetOnline.ag,2026-10-01T12:41:25Z,2026-10-01T12:41:24Z,Miami (OH) RedHawks,-13.0,-116.0,2026,2026-10-01T12:42:26Z,1344,1.8015216695079732,-9.546498870581802,13.848020540089776,807aa80048d80e577104f04f9dc527bcbdecbac1e0bd777c98286ecfff8aeba7,timestamped_live_quote,FBS vs FBS
2026-10-01T12:42:26Z,766a0470521ac4a0fad476df45c1438b,2026-10-03T19:30:00Z,Miami (OH) RedHawks,Bowling Green Falcons,lowvig,LowVig.ag,2026-10-01T12:42:16Z,2026-10-01T12:42:15Z,Bowling Green Falcons,13.0,100.0,2026,2026-10-01T12:42:26Z,1344,1.8015216695079732,-9.546498870581802,13.848020540089776,807aa80048d80e577104f04f9dc527bcbdecbac1e0bd777c98286ecfff8aeba7,timestamped_live_quote,FBS vs FBS
2026-10-01T12:42:26Z,766a0470521ac4a0fad476df45c1438b,2026-10-03T19:30:00Z,Miami (OH) RedHawks,Bowling Green Falcons,lowvig,LowVig.ag,2026-10-01T12:42:16Z,2026-10-01T12:42:15Z,Miami (OH) RedHawks,-13.0,-112.0,2026,2026-10-01T12:42:26Z,1344,1.8015216695079732,-9.546498870581802,13.848020540089776,807aa80048d80e577104f04f9dc527bcbdecbac1e0bd777c98286ecfff8aeba7,timestamped_live_quote,FBS vs FBS
2026-10-01T12:42:26Z,766a0470521ac4a0fad476df45c1438b,2026-10-03T19:30:00Z,Miami (OH) RedHawks,Bowling Green Falcons,fanduel,FanDuel,2026-10-01T12:41:56Z,2026-10-01T12:41:55Z,Bowling Green Falcons,13.5,-115.0,2026,2026-10-01T12:42:26Z,1344,1.8015216695079732,-9.546498870581802,13.848020540089776,807aa80048d80e577104f04f9dc527bcbdecbac1e0bd777c98286ecfff8aeba7,timestamped_live_quote,FBS vs FBS
2026-10-01T12:42:26Z,766a0470521ac4a0fad476df45c1438b,2026-10-03T19:30:00Z,Miami (OH) RedHawks,Bowling Green Falcons,fanduel,FanDuel,2026-10-01T12:41:56Z,2026-10-01T12:41:55Z,Miami (OH) RedHawks,-13.5,-105.0,2026,2026-10-01T12:42:26Z,1344,1.8015216695079732,-9.546498870581802,13.848020540089776,807aa80048d80e577104f04f9dc527bcbdecbac1e0bd777c98286ecfff8aeba7,timestamped_live_quote,FBS vs FBS
2026-10-01T12:42:26Z,766a0470521ac4a0fad476df45c1438b,2026-10-03T19:30:00Z,Miami (OH) RedHawks,Bowling Green Falcons,mybookieag,MyBookie.ag,2026-10-01T12:42:16Z,2026-10-01T12:42:16Z,Bowling Green Falcons,13.5,-110.0,2026,2026-10-01T12:42:26Z,1344,1.8015216695079732,-9.546498870581802,13.848020540089776,807aa80048d80e577104f04f9dc527bcbdecbac1e0bd777c98286ecfff8aeba7,timestamped_live_quote,FBS vs FBS
2026-10-01T12:42:26Z,766a0470521ac4a0fad476df45c1438b,2026-10-03T19:30:00Z,Miami (OH) RedHawks,Bowling Green Falcons,mybookieag,MyBookie.ag,2026-10-01T12:42:16Z,2026-10-01T12:42:16Z,Miami (OH) RedHawks,-13.5,-110.0,2026,2026-10-01T12:42:26Z,1344,1.8015216695079732,-9.546498870581802,13.848020540089776,807aa80048d80e577104f04f9dc527bcbdecbac1e0bd777c98286ecfff8aeba7,timestamped_live_quote,FBS vs FBS
2026-10-01T12:42:26Z,766a0470521ac4a0fad476df45c1438b,2026-10-03T19:30:00Z,Miami (OH) RedHawks,Bowling Green Falcons,betmgm,BetMGM,2026-10-01T12:41:44Z,2026-10-01T12:41:44Z,Bowling Green Falcons,13.0,-108.0,2026,2026-10-01T12:42:26Z,1344,1.8015216695079732,-9.546498870581802,13.848020540089776,807aa80048d80e577104f04f9dc527bcbdecbac1e0bd777c98286ecfff8aeba7,timestamped_live_quote,FBS vs FBS
2026-10-01T12:42:26Z,766a0470521ac4a0fad476df45c1438b,2026-10-03T19:30:00Z,Miami (OH) RedHawks,Bowling Green Falcons,betmgm,BetMGM,2026-10-01T12:41:44Z,2026-10-01T12:41:44Z,Miami (OH) RedHawks,-13.0,-110.0,2026,2026-10-01T12:42:26Z,1344,1.8015216695079732,-9.546498870581802,13.848020540089776,807aa80048d80e577104f04f9dc527bcbdecbac1e0bd777c98286ecfff8aeba7,timestamped_live_quote,FBS vs FBS
2026-10-01T12:42:26Z,766a0470521ac4a0fad476df45c1438b,2026-10-03T19:30:00Z,Miami (OH) RedHawks,Bowling Green Falcons,betus,BetUS,2026-10-01T12:41:41Z,2026-10-01T12:41:41Z,Bowling Green Falcons,13.0,-105.0,2026,2026-10-01T12:42:26Z,1344,1.8015216695079732,-9.546498870581802,13.848020540089776,807aa80048d80e577104f04f9dc527bcbdecbac1e0bd777c98286ecfff8aeba7,timestamped_live_quote,FBS vs FBS
2026-10-01T12:42:26Z,766a0470521ac4a0fad476df45c1438b,2026-10-03T19:30:00Z,Miami (OH) RedHawks,Bowling Green Falcons,betus,BetUS,2026-10-01T12:41:41Z,2026-10-01T12:41:41Z,Miami (OH) RedHawks,-13.0,-115.0,2026,2026-10-01T12:42:26Z,1344,1.8015216695079732,-9.546498870581802,13.848020540089776,807aa80048d80e577104f04f9dc527bcbdecbac1e0bd777c98286ecfff8aeba7,timestamped_live_quote,FBS vs FBS
2026-10-01T12:42:26Z,766a0470521ac4a0fad476df45c1438b,2026-10-03T19:30:00Z,Miami (OH) RedHawks,Bowling Green Falcons,bovada,Bovada,2026-10-01T12:41:12Z,2026-10-01T12:41:12Z,Bowling Green Falcons,13.5,-110.0,2026,2026-10-01T12:42:26Z,1344,1.8015216695079732,-9.546498870581802,13.848020540089776,807aa80048d80e577104f04f9dc527bcbdecbac1e0bd777c98286ecfff8aeba7,timestamped_live_quote,FBS vs FBS
2026-10-01T12:42:26Z,766a0470521ac4a0fad476df45c1438b,2026-10-03T19:30:00Z,Miami (OH) RedHawks,Bowling Green Falcons,bovada,Bovada,2026-10-01T12:41:12Z,2026-10-01T12:41:12Z,Miami (OH) RedHawks,-13.5,-110.0,2026,2026-10-01T12:42:26Z,1344,1.8015216695079732,-9.546498870581802,13.848020540089776,807aa80048d80e577104f04f9dc527bcbdecbac1e0bd777c98286ecfff8aeba7,timestamped_live_quote,FBS vs FBS
2026-10-01T12:42:26Z,766a0470521ac4a0fad476df45c1438b,2026-10-03T19:30:00Z,Miami (OH) RedHawks,Bowling Green Falcons,betrivers,BetRivers,2026-10-01T12:41:26Z,2026-10-01T12:41:26Z,Bowling Green Falcons,14.0,-115.0,2026,2026-10-01T12:42:26Z,1344,1.8015216695079732,-9.546498870581802,13.848020540089776,807aa80048d80e577104f04f9dc527bcbdecbac1e0bd777c98286ecfff8aeba7,timestamped_live_quote,FBS vs FBS
2026-10-01T12:42:26Z,766a0470521ac4a0fad476df45c1438b,2026-10-03T19:30:00Z,Miami (OH) RedHawks,Bowling Green Falcons,betrivers,BetRivers,2026-10-01T12:41:26Z,2026-10-01T12:41:26Z,Miami (OH) RedHawks,-14.0,-108.0,2026,2026-10-01T12:42:26Z,1344,1.8015216695079732,-9.546498870581802,13.848020540089776,807aa80048d80e577104f04f9dc527bcbdecbac1e0bd777c98286ecfff8aeba7,timestamped_live_quote,FBS vs FBS
2026-10-01T12:42:26Z,f28938b05f7d4b4187e879917f6e583a,2026-10-03T19:30:00Z,UNLV Rebels,California Golden Bears,fanduel,FanDuel,2026-10-01T12:41:56Z,2026-10-01T12:41:55Z,California Golden Bears,2.5,-108.0,2026,2026-10-01T12:42:26Z,1344,0.7654832218624095,1.879197016081762,1.3862862057806475,807aa80048d80e577104f04f9dc527bcbdecbac1e0bd777c98286ecfff8aeba7,timestamped_live_quote,FBS vs FBS
2026-10-01T12:42:26Z,f28938b05f7d4b4187e879917f6e583a,2026-10-03T19:30:00Z,UNLV Rebels,California Golden Bears,fanduel,FanDuel,2026-10-01T12:41:56Z,2026-10-01T12:41:55Z,UNLV Rebels,-2.5,-112.0,2026,2026-10-01T12:42:26Z,1344,0.7654832218624095,1.879197016081762,1.3862862057806475,807aa80048d80e577104f04f9dc527bcbdecbac1e0bd777c98286ecfff8aeba7,timestamped_live_quote,FBS vs FBS
2026-10-01T12:42:26Z,f28938b05f7d4b4187e879917f6e583a,2026-10-03T19:30:00Z,UNLV Rebels,California Golden Bears,betrivers,BetRivers,2026-10-01T12:41:26Z,2026-10-01T12:41:26Z,California Golden Bears,2.5,-110.0,2026,2026-10-01T12:42:26Z,1344,0.7654832218624095,1.879197016081762,1.3862862057806475,807aa80048d80e577104f04f9dc527bcbdecbac1e0bd777c98286ecfff8aeba7,timestamped_live_quote,FBS vs FBS
2026-10-01T12:42:26Z,f28938b05f7d4b4187e879917f6e583a,2026-10-03T19:30:00Z,UNLV Rebels,California Golden Bears,betrivers,BetRivers,2026-10-01T12:41:26Z,2026-10-01T12:41:26Z,UNLV Rebels,-2.5,-112.0,2026,2026-10-01T12:42:26Z,1344,0.7654832218624095,1.879197016081762,1.3862862057806475,807aa80048d80e577104f04f9dc527bcbdecbac1e0bd777c98286ecfff8aeba7,timestamped_live_quote,FBS vs FBS
2026-10-01T12:42:26Z,f28938b05f7d4b4187e879917f6e583a,2026-10-03T19:30:00Z,UNLV Rebels,California Golden Bears,lowvig,LowVig.ag,2026-10-01T12:42:16Z,2026-10-01T12:42:15Z,California Golden Bears,3.0,-119.0,2026,2026-10-01T12:42:26Z,1344,0.7654832218624095,1.879197016081762,1.3862862057806475,807aa80048d80e577104f04f9dc527bcbdecbac1e0bd777c98286ecfff8aeba7,timestamped_live_quote,FBS vs FBS
2026-10-01T12:42:26Z,f28938b05f7d4b4187e879917f6e583a,2026-10-03T19:30:00Z,UNLV Rebels,California Golden Bears,lowvig,LowVig.ag,2026-10-01T12:42:16Z,2026-10-01T12:42:15Z,UNLV Rebels,-3.0,107.0,2026,2026-10-01T12:42:26Z,1344,0.7654832218624095,1.879197016081762,1.3862862057806475,807aa80048d80e577104f04f9dc527bcbdecbac1e0bd777c98286ecfff8aeba7,timestamped_live_quote,FBS vs FBS
2026-10-01T12:42:26Z,f28938b05f7d4b4187e879917f6e583a,2026-10-03T19:30:00Z,UNLV Rebels,California Golden Bears,betonlineag,BetOnline.ag,2026-10-01T12:41:25Z,2026-10-01T12:41:24Z,California Golden Bears,3.0,-123.0,2026,2026-10-01T12:42:26Z,1344,0.7654832218624095,1.879197016081762,1.3862862057806475,807aa80048d80e577104f04f9dc527bcbdecbac1e0bd777c98286ecfff8aeba7,timestamped_live_quote,FBS vs FBS
2026-10-01T12:42:26Z,f28938b05f7d4b4187e879917f6e583a,2026-10-03T19:30:00Z,UNLV Rebels,California Golden Bears,betonlineag,BetOnline.ag,2026-10-01T12:41:25Z,2026-10-01T12:41:24Z,UNLV Rebels,-3.0,103.0,2026,2026-10-01T12:42:26Z,1344,0.7654832218624095,1.879197016081762,1.3862862057806475,807aa80048d80e577104f04f9dc527bcbdecbac1e0bd777c98286ecfff8aeba7,timestamped_live_quote,FBS vs FBS
2026-10-01T12:42:26Z,f28938b05f7d4b4187e879917f6e583a,2026-10-03T19:30:00Z,UNLV Rebels,California Golden Bears,draftkings,DraftKings,2026-10-01T12:41:40Z,2026-10-01T12:41:40Z,California Golden Bears,2.5,-110.0,2026,2026-10-01T12:42:26Z,1344,0.7654832218624095,1.879197016081762,1.3862862057806475,807aa80048d80e577104f04f9dc527bcbdecbac1e0bd777c98286ecfff8aeba7,timestamped_live_quote,FBS vs FBS
2026-10-01T12:42:26Z,f28938b05f7d4b4187e879917f6e583a,2026-10-03T19:30:00Z,UNLV Rebels,California Golden Bears,draftkings,DraftKings,2026-10-01T12:41:40Z,2026-10-01T12:41:40Z,UNLV Rebels,-2.5,-110.0,2026,2026-10-01T12:42:26Z,1344,0.7654832218624095,1.879197016081762,1.3862862057806475,807aa80048d80e577104f04f9dc527bcbdecbac1e0bd777c98286ecfff8aeba7,timestamped_live_quote,FBS vs FBS
2026-10-01T12:42:26Z,f28938b05f7d4b4187e879917f6e583a,2026-10-03T19:30:00Z,UNLV Rebels,California Golden Bears,mybookieag,MyBookie.ag,2026-10-01T12:42:16Z,2026-10-01T12:42:16Z,California Golden Bears,2.5,-110.0,2026,2026-10-01T12:42:26Z,1344,0.7654832218624095,1.879197016081762,1.3862862057806475,807aa80048d80e577104f04f9dc527bcbdecbac1e0bd777c98286ecfff8aeba7,timestamped_live_quote,FBS vs FBS
2026-10-01T12:42:26Z,f28938b05f7d4b4187e879917f6e583a,2026-10-03T19:30:00Z,UNLV Rebels,California Golden Bears,mybookieag,MyBookie.ag,2026-10-01T12:42:16Z,2026-10-01T12:42:16Z,UNLV Rebels,-2.5,-110.0,2026,2026-10-01T12:42:26Z,1344,0.7654832218624095,1.879197016081762,1.3862862057806475,807aa80048d80e577104f04f9dc527bcbdecbac1e0bd777c98286ecfff8aeba7,timestamped_live_quote,FBS vs FBS
2026-10-01T12:42:26Z,f28938b05f7d4b4187e879917f6e583a,2026-10-03T19:30:00Z,UNLV Rebels,California Golden Bears,betmgm,BetMGM,2026-10-01T12:41:44Z,2026-10-01T12:41:44Z,California Golden Bears,2.5,-108.0,2026,2026-10-01T12:42:26Z,1344,0.7654832218624095,1.879197016081762,1.3862862057806475,807aa80048d80e577104f04f9dc527bcbdecbac1e0bd777c98286ecfff8aeba7,timestamped_live_quote,FBS vs FBS
2026-10-01T12:42:26Z,f28938b05f7d4b4187e879917f6e583a,2026-10-03T19:30:00Z,UNLV Rebels,California Golden Bears,betmgm,BetMGM,2026-10-01T12:41:44Z,2026-10-01T12:41:44Z,UNLV Rebels,-2.5,-110.0,2026,2026-10-01T12:42:26Z,1344,0.7654832218624095,1.879197016081762,1.3862862057806475,807aa80048d80e577104f04f9dc527bcbdecbac1e0bd777c98286ecfff8aeba7,timestamped_live_quote,FBS vs FBS
2026-10-01T12:42:26Z,f28938b05f7d4b4187e879917f6e583a,2026-10-03T19:30:00Z,UNLV Rebels,California Golden Bears,betus,BetUS,2026-10-01T12:41:41Z,2026-10-01T12:41:41Z,California Golden Bears,2.5,-110.0,2026,2026-10-01T12:42:26Z,1344,0.7654832218624095,1.879197016081762,1.3862862057806475,807aa80048d80e577104f04f9dc527bcbdecbac1e0bd777c98286ecfff8aeba7,timestamped_live_quote,FBS vs FBS
2026-10-01T12:42:26Z,f28938b05f7d4b4187e879917f6e583a,2026-10-03T19:30:00Z,UNLV Rebels,California Golden Bears,betus,BetUS,2026-10-01T12:41:41Z,2026-10-01T12:41:41Z,UNLV Rebels,-2.5,-110.0,2026,2026-10-01T12:42:26Z,1344,0.7654832218624095,1.879197016081762,1.3862862057806475,807aa80048d80e577104f04f9dc527bcbdecbac1e0bd777c98286ecfff8aeba7,timestamped_live_quote,FBS vs FBS
2026-10-01T12:42:26Z,f28938b05f7d4b4187e879917f6e583a,2026-10-03T19:30:00Z,UNLV Rebels,California Golden Bears,bovada,Bovada,2026-10-01T12:41:12Z,2026-10-01T12:41:12Z,California Golden Bears,2.5,-105.0,2026,2026-10-01T12:42:26Z,1344,0.7654832218624095,1.879197016081762,1.3862862057806475,807aa80048d80e577104f04f9dc527bcbdecbac1e0bd777c98286ecfff8aeba7,timestamped_live_quote,FBS vs FBS
2026-10-01T12:42:26Z,f28938b05f7d4b4187e879917f6e583a,2026-10-03T19:30:00Z,UNLV Rebels,California Golden Bears,bovada,Bovada,2026-10-01T12:41:12Z,2026-10-01T12:41:12Z,UNLV Rebels,-2.5,-115.0,2026,2026-10-01T12:42:26Z,1344,0.7654832218624095,1.879197016081762,1.3862862057806475,807aa80048d80e577104f04f9dc527bcbdecbac1e0bd777c98286ecfff8aeba7,timestamped_live_quote,FBS vs FBS
2026-10-01T12:42:26Z,9b2bcb758c7d7f4cb25d5102e4e9068e,2026-10-03T19:30:00Z,Charlotte 49ers,Memphis Tigers,draftkings,DraftKings,2026-10-01T12:41:40Z,2026-10-01T12:41:40Z,Charlotte 49ers,20.5,-108.0,2026,2026-10-01T12:42:26Z,1344,-7.036375313707103,4.572140540305468,-9.10851585401257,807aa80048d80e577104f04f9dc527bcbdecbac1e0bd777c98286ecfff8aeba7,timestamped_live_quote,FBS vs FBS
2026-10-01T12:42:26Z,9b2bcb758c7d7f4cb25d5102e4e9068e,2026-10-03T19:30:00Z,Charlotte 49ers,Memphis Tigers,draftkings,DraftKings,2026-10-01T12:41:40Z,2026-10-01T12:41:40Z,Memphis Tigers,-20.5,-112.0,2026,2026-10-01T12:42:26Z,1344,-7.036375313707103,4.572140540305468,-9.10851585401257,807aa80048d80e577104f04f9dc527bcbdecbac1e0bd777c98286ecfff8aeba7,timestamped_live_quote,FBS vs FBS
2026-10-01T12:42:26Z,9b2bcb758c7d7f4cb25d5102e4e9068e,2026-10-03T19:30:00Z,Charlotte 49ers,Memphis Tigers,betonlineag,BetOnline.ag,2026-10-01T12:41:25Z,2026-10-01T12:41:24Z,Charlotte 49ers,20.5,-110.0,2026,2026-10-01T12:42:26Z,1344,-7.036375313707103,4.572140540305468,-9.10851585401257,807aa80048d80e577104f04f9dc527bcbdecbac1e0bd777c98286ecfff8aeba7,timestamped_live_quote,FBS vs FBS
2026-10-01T12:42:26Z,9b2bcb758c7d7f4cb25d5102e4e9068e,2026-10-03T19:30:00Z,Charlotte 49ers,Memphis Tigers,betonlineag,BetOnline.ag,2026-10-01T12:41:25Z,2026-10-01T12:41:24Z,Memphis Tigers,-20.5,-110.0,2026,2026-10-01T12:42:26Z,1344,-7.036375313707103,4.572140540305468,-9.10851585401257,807aa80048d80e577104f04f9dc527bcbdecbac1e0bd777c98286ecfff8aeba7,timestamped_live_quote,FBS vs FBS
2026-10-01T12:42:26Z,9b2bcb758c7d7f4cb25d5102e4e9068e,2026-10-03T19:30:00Z,Charlotte 49ers,Memphis Tigers,lowvig,LowVig.ag,2026-10-01T12:42:16Z,2026-10-01T12:42:15Z,Charlotte 49ers,20.5,-106.0,2026,2026-10-01T12:42:26Z,1344,-7.036375313707103,4.572140540305468,-9.10851585401257,807aa80048d80e577104f04f9dc527bcbdecbac1e0bd777c98286ecfff8aeba7,timestamped_live_quote,FBS vs FBS
2026-10-01T12:42:26Z,9b2bcb758c7d7f4cb25d5102e4e9068e,2026-10-03T19:30:00Z,Charlotte 49ers,Memphis Tigers,lowvig,LowVig.ag,2026-10-01T12:42:16Z,2026-10-01T12:42:15Z,Memphis Tigers,-20.5,-106.0,2026,2026-10-01T12:42:26Z,1344,-7.036375313707103,4.572140540305468,-9.10851585401257,807aa80048d80e577104f04f9dc527bcbdecbac1e0bd777c98286ecfff8aeba7,timestamped_live_quote,FBS vs FBS
2026-10-01T12:42:26Z,9b2bcb758c7d7f4cb25d5102e4e9068e,2026-10-03T19:30:00Z,Charlotte 49ers,Memphis Tigers,fanduel,FanDuel,2026-10-01T12:41:56Z,2026-10-01T12:41:55Z,Charlotte 49ers,20.5,-110.0,2026,2026-10-01T12:42:26Z,1344,-7.036375313707103,4.572140540305468,-9.10851585401257,807aa80048d80e577104f04f9dc527bcbdecbac1e0bd777c98286ecfff8aeba7,timestamped_live_quote,FBS vs FBS
2026-10-01T12:42:26Z,9b2bcb758c7d7f4cb25d5102e4e9068e,2026-10-03T19:30:00Z,Charlotte 49ers,Memphis Tigers,fanduel,FanDuel,2026-10-01T12:41:56Z,2026-10-01T12:41:55Z,Memphis Tigers,-20.5,-110.0,2026,2026-10-01T12:42:26Z,1344,-7.036375313707103,4.572140540305468,-9.10851585401257,807aa80048d80e577104f04f9dc527bcbdecbac1e0bd777c98286ecfff8aeba7,timestamped_live_quote,FBS vs FBS
2026-10-01T12:42:26Z,9b2bcb758c7d7f4cb25d5102e4e9068e,2026-10-03T19:30:00Z,Charlotte 49ers,Memphis Tigers,mybookieag,MyBookie.ag,2026-10-01T12:42:16Z,2026-10-01T12:42:16Z,Charlotte 49ers,20.5,-110.0,2026,2026-10-01T12:42:26Z,1344,-7.036375313707103,4.572140540305468,-9.10851585401257,807aa80048d80e577104f04f9dc527bcbdecbac1e0bd777c98286ecfff8aeba7,timestamped_live_quote,FBS vs FBS
2026-10-01T12:42:26Z,9b2bcb758c7d7f4cb25d5102e4e9068e,2026-10-03T19:30:00Z,Charlotte 49ers,Memphis Tigers,mybookieag,MyBookie.ag,2026-10-01T12:42:16Z,2026-10-01T12:42:16Z,Memphis Tigers,-20.5,-110.0,2026,2026-10-01T12:42:26Z,1344,-7.036375313707103,4.572140540305468,-9.10851585401257,807aa80048d80e577104f04f9dc527bcbdecbac1e0bd777c98286ecfff8aeba7,timestamped_live_quote,FBS vs FBS
2026-10-01T12:42:26Z,9b2bcb758c7d7f4cb25d5102e4e9068e,2026-10-03T19:30:00Z,Charlotte 49ers,Memphis Tigers,betmgm,BetMGM,2026-10-01T12:41:44Z,2026-10-01T12:41:44Z,Charlotte 49ers,20.5,-110.0,2026,2026-10-01T12:42:26Z,1344,-7.036375313707103,4.572140540305468,-9.10851585401257,807aa80048d80e577104f04f9dc527bcbdecbac1e0bd777c98286ecfff8aeba7,timestamped_live_quote,FBS vs FBS
2026-10-01T12:42:26Z,9b2bcb758c7d7f4cb25d5102e4e9068e,2026-10-03T19:30:00Z,Charlotte 49ers,Memphis Tigers,betmgm,BetMGM,2026-10-01T12:41:44Z,2026-10-01T12:41:44Z,Memphis Tigers,-20.5,-108.0,2026,2026-10-01T12:42:26Z,1344,-7.036375313707103,4.572140540305468,-9.10851585401257,807aa80048d80e577104f04f9dc527bcbdecbac1e0bd777c98286ecfff8aeba7,timestamped_live_quote,FBS vs FBS
2026-10-01T12:42:26Z,9b2bcb758c7d7f4cb25d5102e4e9068e,2026-10-03T19:30:00Z,Charlotte 49ers,Memphis Tigers,betus,BetUS,2026-10-01T12:41:41Z,2026-10-01T12:41:41Z,Charlotte 49ers,20.5,-110.0,2026,2026-10-01T12:42:26Z,1344,-7.036375313707103,4.572140540305468,-9.10851585401257,807aa80048d80e577104f04f9dc527bcbdecbac1e0bd777c98286ecfff8aeba7,timestamped_live_quote,FBS vs FBS
2026-10-01T12:42:26Z,9b2bcb758c7d7f4cb25d5102e4e9068e,2026-10-03T19:30:00Z,Charlotte 49ers,Memphis Tigers,betus,BetUS,2026-10-01T12:41:41Z,2026-10-01T12:41:41Z,Memphis Tigers,-20.5,-110.0,2026,2026-10-01T12:42:26Z,1344,-7.036375313707103,4.572140540305468,-9.10851585401257,807aa80048d80e577104f04f9dc527bcbdecbac1e0bd777c98286ecfff8aeba7,timestamped_live_quote,FBS vs FBS
2026-10-01T12:42:26Z,9b2bcb758c7d7f4cb25d5102e4e9068e,2026-10-03T19:30:00Z,Charlotte 49ers,Memphis Tigers,bovada,Bovada,2026-10-01T12:41:12Z,2026-10-01T12:41:12Z,Charlotte 49ers,20.5,-110.0,2026,2026-10-01T12:42:26Z,1344,-7.036375313707103,4.572140540305468,-9.10851585401257,807aa80048d80e577104f04f9dc527bcbdecbac1e0bd777c98286ecfff8aeba7,timestamped_live_quote,FBS vs FBS
2026-10-01T12:42:26Z,9b2bcb758c7d7f4cb25d5102e4e9068e,2026-10-03T19:30:00Z,Charlotte 49ers,Memphis Tigers,bovada,Bovada,2026-10-01T12:41:12Z,2026-10-01T12:41:12Z,Memphis Tigers,-20.5,-110.0,2026,2026-10-01T12:42:26Z,1344,-7.036375313707103,4.572140540305468,-9.10851585401257,807aa80048d80e577104f04f9dc527bcbdecbac1e0bd777c98286ecfff8aeba7,timestamped_live_quote,FBS vs FBS
2026-10-01T12:42:26Z,9b2bcb758c7d7f4cb25d5102e4e9068e,2026-10-03T19:30:00Z,Charlotte 49ers,Memphis Tigers,betrivers,BetRivers,2026-10-01T12:41:26Z,2026-10-01T12:41:26Z,Charlotte 49ers,20.0,-109.0,2026,2026-10-01T12:42:26Z,1344,-7.036375313707103,4.572140540305468,-9.10851585401257,807aa80048d80e577104f04f9dc527bcbdecbac1e0bd777c98286ecfff8aeba7,timestamped_live_quote,FBS vs FBS
2026-10-01T12:42:26Z,9b2bcb758c7d7f4cb25d5102e4e9068e,2026-10-03T19:30:00Z,Charlotte 49ers,Memphis Tigers,betrivers,BetRivers,2026-10-01T12:41:26Z,2026-10-01T12:41:26Z,Memphis Tigers,-20.0,-114.0,2026,2026-10-01T12:42:26Z,1344,-7.036375313707103,4.572140540305468,-9.10851585401257,807aa80048d80e577104f04f9dc527bcbdecbac1e0bd777c98286ecfff8aeba7,timestamped_live_quote,FBS vs FBS
2026-10-01T12:42:26Z,7e0abfe1077b7d41d61b918ef53d247b,2026-10-03T19:30:00Z,UMass Minutemen,Eastern Michigan Eagles,draftkings,DraftKings,2026-10-01T12:41:40Z,2026-10-01T12:41:40Z,Eastern Michigan Eagles,6.5,-115.0,2026,2026-10-01T12:42:26Z,1344,10.186608107642327,-4.957273292715573,17.6438814003579,807aa80048d80e577104f04f9dc527bcbdecbac1e0bd777c98286ecfff8aeba7,timestamped_live_quote,FBS vs FBS
2026-10-01T12:42:26Z,7e0abfe1077b7d41d61b918ef53d247b,2026-10-03T19:30:00Z,UMass Minutemen,Eastern Michigan Eagles,draftkings,DraftKings,2026-10-01T12:41:40Z,2026-10-01T12:41:40Z,UMass Minutemen,-6.5,-105.0,2026,2026-10-01T12:42:26Z,1344,10.186608107642327,-4.957273292715573,17.6438814003579,807aa80048d80e577104f04f9dc527bcbdecbac1e0bd777c98286ecfff8aeba7,timestamped_live_quote,FBS vs FBS
2026-10-01T12:42:26Z,7e0abfe1077b7d41d61b918ef53d247b,2026-10-03T19:30:00Z,UMass Minutemen,Eastern Michigan Eagles,lowvig,LowVig.ag,2026-10-01T12:42:16Z,2026-10-01T12:42:15Z,Eastern Michigan Eagles,6.5,-103.0,2026,2026-10-01T12:42:26Z,1344,10.186608107642327,-4.957273292715573,17.6438814003579,807aa80048d80e577104f04f9dc527bcbdecbac1e0bd777c98286ecfff8aeba7,timestamped_live_quote,FBS vs FBS
2026-10-01T12:42:26Z,7e0abfe1077b7d41d61b918ef53d247b,2026-10-03T19:30:00Z,UMass Minutemen,Eastern Michigan Eagles,lowvig,LowVig.ag,2026-10-01T12:42:16Z,2026-10-01T12:42:15Z,UMass Minutemen,-6.5,-109.0,2026,2026-10-01T12:42:26Z,1344,10.186608107642327,-4.957273292715573,17.6438814003579,807aa80048d80e577104f04f9dc527bcbdecbac1e0bd777c98286ecfff8aeba7,timestamped_live_quote,FBS vs FBS
2026-10-01T12:42:26Z,7e0abfe1077b7d41d61b918ef53d247b,2026-10-03T19:30:00Z,UMass Minutemen,Eastern Michigan Eagles,betonlineag,BetOnline.ag,2026-10-01T12:41:25Z,2026-10-01T12:41:24Z,Eastern Michigan Eagles,6.5,-107.0,2026,2026-10-01T12:42:26Z,1344,10.186608107642327,-4.957273292715573,17.6438814003579,807aa80048d80e577104f04f9dc527bcbdecbac1e0bd777c98286ecfff8aeba7,timestamped_live_quote,FBS vs FBS
2026-10-01T12:42:26Z,7e0abfe1077b7d41d61b918ef53d247b,2026-10-03T19:30:00Z,UMass Minutemen,Eastern Michigan Eagles,betonlineag,BetOnline.ag,2026-10-01T12:41:25Z,2026-10-01T12:41:24Z,UMass Minutemen,-6.5,-113.0,2026,2026-10-01T12:42:26Z,1344,10.186608107642327,-4.957273292715573,17.6438814003579,807aa80048d80e577104f04f9dc527bcbdecbac1e0bd777c98286ecfff8aeba7,timestamped_live_quote,FBS vs FBS
2026-10-01T12:42:26Z,7e0abfe1077b7d41d61b918ef53d247b,2026-10-03T19:30:00Z,UMass Minutemen,Eastern Michigan Eagles,fanduel,FanDuel,2026-10-01T12:41:56Z,2026-10-01T12:41:55Z,Eastern Michigan Eagles,6.5,-110.0,2026,2026-10-01T12:42:26Z,1344,10.186608107642327,-4.957273292715573,17.6438814003579,807aa80048d80e577104f04f9dc527bcbdecbac1e0bd777c98286ecfff8aeba7,timestamped_live_quote,FBS vs FBS
2026-10-01T12:42:26Z,7e0abfe1077b7d41d61b918ef53d247b,2026-10-03T19:30:00Z,UMass Minutemen,Eastern Michigan Eagles,fanduel,FanDuel,2026-10-01T12:41:56Z,2026-10-01T12:41:55Z,UMass Minutemen,-6.5,-110.0,2026,2026-10-01T12:42:26Z,1344,10.186608107642327,-4.957273292715573,17.6438814003579,807aa80048d80e577104f04f9dc527bcbdecbac1e0bd777c98286ecfff8aeba7,timestamped_live_quote,FBS vs FBS
2026-10-01T12:42:26Z,7e0abfe1077b7d41d61b918ef53d247b,2026-10-03T19:30:00Z,UMass Minutemen,Eastern Michigan Eagles,betmgm,BetMGM,2026-10-01T12:41:44Z,2026-10-01T12:41:44Z,Eastern Michigan Eagles,6.5,-110.0,2026,2026-10-01T12:42:26Z,1344,10.186608107642327,-4.957273292715573,17.6438814003579,807aa80048d80e577104f04f9dc527bcbdecbac1e0bd777c98286ecfff8aeba7,timestamped_live_quote,FBS vs FBS
2026-10-01T12:42:26Z,7e0abfe1077b7d41d61b918ef53d247b,2026-10-03T19:30:00Z,UMass Minutemen,Eastern Michigan Eagles,betmgm,BetMGM,2026-10-01T12:41:44Z,2026-10-01T12:41:44Z,UMass Minutemen,-6.5,-108.0,2026,2026-10-01T12:42:26Z,1344,10.186608107642327,-4.957273292715573,17.6438814003579,807aa80048d80e577104f04f9dc527bcbdecbac1e0bd777c98286ecfff8aeba7,timestamped_live_quote,FBS vs FBS
2026-10-01T12:42:26Z,7e0abfe1077b7d41d61b918ef53d247b,2026-10-03T19:30:00Z,UMass Minutemen,Eastern Michigan Eagles,betus,BetUS,2026-10-01T12:41:41Z,2026-10-01T12:41:41Z,Eastern Michigan Eagles,6.5,-105.0,2026,2026-10-01T12:42:26Z,1344,10.186608107642327,-4.957273292715573,17.6438814003579,807aa80048d80e577104f04f9dc527bcbdecbac1e0bd777c98286ecfff8aeba7,timestamped_live_quote,FBS vs FBS
2026-10-01T12:42:26Z,7e0abfe1077b7d41d61b918ef53d247b,2026-10-03T19:30:00Z,UMass Minutemen,Eastern Michigan Eagles,betus,BetUS,2026-10-01T12:41:41Z,2026-10-01T12:41:41Z,UMass Minutemen,-6.5,-115.0,2026,2026-10-01T12:42:26Z,1344,10.186608107642327,-4.957273292715573,17.6438814003579,807aa80048d80e577104f04f9dc527bcbdecbac1e0bd777c98286ecfff8aeba7,timestamped_live_quote,FBS vs FBS
2026-10-01T12:42:26Z,7e0abfe1077b7d41d61b918ef53d247b,2026-10-03T19:30:00Z,UMass Minutemen,Eastern Michigan Eagles,betrivers,BetRivers,2026-10-01T12:41:26Z,2026-10-01T12:41:26Z,Eastern Michigan Eagles,6.5,-110.0,2026,2026-10-01T12:42:26Z,1344,10.186608107642327,-4.957273292715573,17.6438814003579,807aa80048d80e577104f04f9dc527bcbdecbac1e0bd777c98286ecfff8aeba7,timestamped_live_quote,FBS vs FBS
2026-10-01T12:42:26Z,7e0abfe1077b7d41d61b918ef53d247b,2026-10-03T19:30:00Z,UMass Minutemen,Eastern Michigan Eagles,betrivers,BetRivers,2026-10-01T12:41:26Z,2026-10-01T12:41:26Z,UMass Minutemen,-6.5,-113.0,2026,2026-10-01T12:42:26Z,1344,10.186608107642327,-4.957273292715573,17.6438814003579,807aa80048d80e577104f04f9dc527bcbdecbac1e0bd777c98286ecfff8aeba7,timestamped_live_quote,FBS vs FBS
2026-10-01T12:42:26Z,7e0abfe1077b7d41d61b918ef53d247b,2026-10-03T19:30:00Z,UMass Minutemen,Eastern Michigan Eagles,bovada,Bovada,2026-10-01T12:41:12Z,2026-10-01T12:41:12Z,Eastern Michigan Eagles,6.0,-105.0,2026,2026-10-01T12:42:26Z,1344,10.186608107642327,-4.957273292715573,17.6438814003579,807aa80048d80e577104f04f9dc527bcbdecbac1e0bd777c98286ecfff8aeba7,timestamped_live_quote,FBS vs FBS
2026-10-01T12:42:26Z,7e0abfe1077b7d41d61b918ef53d247b,2026-10-03T19:30:00Z,UMass Minutemen,Eastern Michigan Eagles,bovada,Bovada,2026-10-01T12:41:12Z,2026-10-01T12:41:12Z,UMass Minutemen,-6.0,-115.0,2026,2026-10-01T12:42:26Z,1344,10.186608107642327,-4.957273292715573,17.6438814003579,807aa80048d80e577104f04f9dc527bcbdecbac1e0bd777c98286ecfff8aeba7,timestamped_live_quote,FBS vs FBS
2026-10-01T12:42:26Z,6d39ea01c532535edf756b8086656518,2026-10-03T19:30:00Z,Missouri Tigers,Florida Gators,draftkings,DraftKings,2026-10-01T12:41:40Z,2026-10-01T12:41:40Z,Florida Gators,-5.5,-105.0,2026,2026-10-01T12:42:26Z,1344,9.329037182250332,16.703902353880597,-4.874865171630265,807aa80048d80e577104f04f9dc527bcbdecbac1e0bd777c98286ecfff8aeba7,timestamped_live_quote,FBS vs FBS
2026-10-01T12:42:26Z,6d39ea01c532535edf756b8086656518,2026-10-03T19:30:00Z,Missouri Tigers,Florida Gators,draftkings,DraftKings,2026-10-01T12:41:40Z,2026-10-01T12:41:40Z,Missouri Tigers,5.5,-115.0,2026,2026-10-01T12:42:26Z,1344,9.329037182250332,16.703902353880597,-4.874865171630265,807aa80048d80e577104f04f9dc527bcbdecbac1e0bd777c98286ecfff8aeba7,timestamped_live_quote,FBS vs FBS
2026-10-01T12:42:26Z,6d39ea01c532535edf756b8086656518,2026-10-03T19:30:00Z,Missouri Tigers,Florida Gators,fanduel,FanDuel,2026-10-01T12:41:55Z,2026-10-01T12:41:55Z,Florida Gators,-4.5,-120.0,2026,2026-10-01T12:42:26Z,1344,9.329037182250332,16.703902353880597,-4.874865171630265,807aa80048d80e577104f04f9dc527bcbdecbac1e0bd777c98286ecfff8aeba7,timestamped_live_quote,FBS vs FBS
2026-10-01T12:42:26Z,6d39ea01c532535edf756b8086656518,2026-10-03T19:30:00Z,Missouri Tigers,Florida Gators,fanduel,FanDuel,2026-10-01T12:41:55Z,2026-10-01T12:41:55Z,Missouri Tigers,4.5,-102.0,2026,2026-10-01T12:42:26Z,1344,9.329037182250332,16.703902353880597,-4.874865171630265,807aa80048d80e577104f04f9dc527bcbdecbac1e0bd777c98286ecfff8aeba7,timestamped_live_quote,FBS vs FBS
2026-10-01T12:42:26Z,6d39ea01c532535edf756b8086656518,2026-10-03T19:30:00Z,Missouri Tigers,Florida Gators,betrivers,BetRivers,2026-10-01T12:41:26Z,2026-10-01T12:41:26Z,Florida Gators,-5.5,-113.0,2026,2026-10-01T12:42:26Z,1344,9.329037182250332,16.703902353880597,-4.874865171630265,807aa80048d80e577104f04f9dc527bcbdecbac1e0bd777c98286ecfff8aeba7,timestamped_live_quote,FBS vs FBS
2026-10-01T12:42:26Z,6d39ea01c532535edf756b8086656518,2026-10-03T19:30:00Z,Missouri Tigers,Florida Gators,betrivers,BetRivers,2026-10-01T12:41:26Z,2026-10-01T12:41:26Z,Missouri Tigers,5.5,-110.0,2026,2026-10-01T12:42:26Z,1344,9.329037182250332,16.703902353880597,-4.874865171630265,807aa80048d80e577104f04f9dc527bcbdecbac1e0bd777c98286ecfff8aeba7,timestamped_live_quote,FBS vs FBS
2026-10-01T12:42:26Z,6d39ea01c532535edf756b8086656518,2026-10-03T19:30:00Z,Missouri Tigers,Florida Gators,betonlineag,BetOnline.ag,2026-10-01T12:41:25Z,2026-10-01T12:41:24Z,Florida Gators,-5.0,-115.0,2026,2026-10-01T12:42:26Z,1344,9.329037182250332,16.703902353880597,-4.874865171630265,807aa80048d80e577104f04f9dc527bcbdecbac1e0bd777c98286ecfff8aeba7,timestamped_live_quote,FBS vs FBS
2026-10-01T12:42:26Z,6d39ea01c532535edf756b8086656518,2026-10-03T19:30:00Z,Missouri Tigers,Florida Gators,betonlineag,BetOnline.ag,2026-10-01T12:41:25Z,2026-10-01T12:41:24Z,Missouri Tigers,5.0,-105.0,2026,2026-10-01T12:42:26Z,1344,9.329037182250332,16.703902353880597,-4.874865171630265,807aa80048d80e577104f04f9dc527bcbdecbac1e0bd777c98286ecfff8aeba7,timestamped_live_quote,FBS vs FBS
2026-10-01T12:42:26Z,6d39ea01c532535edf756b8086656518,2026-10-03T19:30:00Z,Missouri Tigers,Florida Gators,lowvig,LowVig.ag,2026-10-01T12:42:16Z,2026-10-01T12:42:15Z,Florida Gators,-5.0,-111.0,2026,2026-10-01T12:42:26Z,1344,9.329037182250332,16.703902353880597,-4.874865171630265,807aa80048d80e577104f04f9dc527bcbdecbac1e0bd777c98286ecfff8aeba7,timestamped_live_quote,FBS vs FBS
2026-10-01T12:42:26Z,6d39ea01c532535edf756b8086656518,2026-10-03T19:30:00Z,Missouri Tigers,Florida Gators,lowvig,LowVig.ag,2026-10-01T12:42:16Z,2026-10-01T12:42:15Z,Missouri Tigers,5.0,-101.0,2026,2026-10-01T12:42:26Z,1344,9.329037182250332,16.703902353880597,-4.874865171630265,807aa80048d80e577104f04f9dc527bcbdecbac1e0bd777c98286ecfff8aeba7,timestamped_live_quote,FBS vs FBS
2026-10-01T12:42:26Z,6d39ea01c532535edf756b8086656518,2026-10-03T19:30:00Z,Missouri Tigers,Florida Gators,mybookieag,MyBookie.ag,2026-10-01T12:42:16Z,2026-10-01T12:42:16Z,Florida Gators,-5.0,-110.0,2026,2026-10-01T12:42:26Z,1344,9.329037182250332,16.703902353880597,-4.874865171630265,807aa80048d80e577104f04f9dc527bcbdecbac1e0bd777c98286ecfff8aeba7,timestamped_live_quote,FBS vs FBS
2026-10-01T12:42:26Z,6d39ea01c532535edf756b8086656518,2026-10-03T19:30:00Z,Missouri Tigers,Florida Gators,mybookieag,MyBookie.ag,2026-10-01T12:42:16Z,2026-10-01T12:42:16Z,Missouri Tigers,5.0,-110.0,2026,2026-10-01T12:42:26Z,1344,9.329037182250332,16.703902353880597,-4.874865171630265,807aa80048d80e577104f04f9dc527bcbdecbac1e0bd777c98286ecfff8aeba7,timestamped_live_quote,FBS vs FBS
2026-10-01T12:42:26Z,6d39ea01c532535edf756b8086656518,2026-10-03T19:30:00Z,Missouri Tigers,Florida Gators,betmgm,BetMGM,2026-10-01T12:41:44Z,2026-10-01T12:41:44Z,Florida Gators,-5.5,-108.0,2026,2026-10-01T12:42:26Z,1344,9.329037182250332,16.703902353880597,-4.874865171630265,807aa80048d80e577104f04f9dc527bcbdecbac1e0bd777c98286ecfff8aeba7,timestamped_live_quote,FBS vs FBS
2026-10-01T12:42:26Z,6d39ea01c532535edf756b8086656518,2026-10-03T19:30:00Z,Missouri Tigers,Florida Gators,betmgm,BetMGM,2026-10-01T12:41:44Z,2026-10-01T12:41:44Z,Missouri Tigers,5.5,-110.0,2026,2026-10-01T12:42:26Z,1344,9.329037182250332,16.703902353880597,-4.874865171630265,807aa80048d80e577104f04f9dc527bcbdecbac1e0bd777c98286ecfff8aeba7,timestamped_live_quote,FBS vs FBS
2026-10-01T12:42:26Z,6d39ea01c532535edf756b8086656518,2026-10-03T19:30:00Z,Missouri Tigers,Florida Gators,betus,BetUS,2026-10-01T12:41:41Z,2026-10-01T12:41:41Z,Florida Gators,-5.0,-115.0,2026,2026-10-01T12:42:26Z,1344,9.329037182250332,16.703902353880597,-4.874865171630265,807aa80048d80e577104f04f9dc527bcbdecbac1e0bd777c98286ecfff8aeba7,timestamped_live_quote,FBS vs FBS
2026-10-01T12:42:26Z,6d39ea01c532535edf756b8086656518,2026-10-03T19:30:00Z,Missouri Tigers,Florida Gators,betus,BetUS,2026-10-01T12:41:41Z,2026-10-01T12:41:41Z,Missouri Tigers,5.0,-105.0,2026,2026-10-01T12:42:26Z,1344,9.329037182250332,16.703902353880597,-4.874865171630265,807aa80048d80e577104f04f9dc527bcbdecbac1e0bd777c98286ecfff8aeba7,timestamped_live_quote,FBS vs FBS
2026-10-01T12:42:26Z,6d39ea01c532535edf756b8086656518,2026-10-03T19:30:00Z,Missouri Tigers,Florida Gators,bovada,Bovada,2026-10-01T12:41:12Z,2026-10-01T12:41:12Z,Florida Gators,-5.5,-110.0,2026,2026-10-01T12:42:26Z,1344,9.329037182250332,16.703902353880597,-4.874865171630265,807aa80048d80e577104f04f9dc527bcbdecbac1e0bd777c98286ecfff8aeba7,timestamped_live_quote,FBS vs FBS
2026-10-01T12:42:26Z,6d39ea01c532535edf756b8086656518,2026-10-03T19:30:00Z,Missouri Tigers,Florida Gators,bovada,Bovada,2026-10-01T12:41:12Z,2026-10-01T12:41:12Z,Missouri Tigers,5.5,-110.0,2026,2026-10-01T12:42:26Z,1344,9.329037182250332,16.703902353880597,-4.874865171630265,807aa80048d80e577104f04f9dc527bcbdecbac1e0bd777c98286ecfff8aeba7,timestamped_live_quote,FBS vs FBS
2026-10-01T12:42:26Z,296c3e1c69d11f640690b6f9bd37d424,2026-10-03T19:30:00Z,Florida State Seminoles,Virginia Cavaliers,fanduel,FanDuel,2026-10-01T12:41:55Z,2026-10-01T12:41:55Z,Florida State Seminoles,2.5,-110.0,2026,2026-10-01T12:42:26Z,1344,5.079551654073411,14.849695049739546,-7.270143395666135,807aa80048d80e577104f04f9dc527bcbdecbac1e0bd777c98286ecfff8aeba7,timestamped_live_quote,FBS vs FBS
2026-10-01T12:42:26Z,296c3e1c69d11f640690b6f9bd37d424,2026-10-03T19:30:00Z,Florida State Seminoles,Virginia Cavaliers,fanduel,FanDuel,2026-10-01T12:41:55Z,2026-10-01T12:41:55Z,Virginia Cavaliers,-2.5,-110.0,2026,2026-10-01T12:42:26Z,1344,5.079551654073411,14.849695049739546,-7.270143395666135,807aa80048d80e577104f04f9dc527bcbdecbac1e0bd777c98286ecfff8aeba7,timestamped_live_quote,FBS vs FBS
2026-10-01T12:42:26Z,296c3e1c69d11f640690b6f9bd37d424,2026-10-03T19:30:00Z,Florida State Seminoles,Virginia Cavaliers,draftkings,DraftKings,2026-10-01T12:41:40Z,2026-10-01T12:41:40Z,Florida State Seminoles,2.5,-105.0,2026,2026-10-01T12:42:26Z,1344,5.079551654073411,14.849695049739546,-7.270143395666135,807aa80048d80e577104f04f9dc527bcbdecbac1e0bd777c98286ecfff8aeba7,timestamped_live_quote,FBS vs FBS
2026-10-01T12:42:26Z,296c3e1c69d11f640690b6f9bd37d424,2026-10-03T19:30:00Z,Florida State Seminoles,Virginia Cavaliers,draftkings,DraftKings,2026-10-01T12:41:40Z,2026-10-01T12:41:40Z,Virginia Cavaliers,-2.5,-115.0,2026,2026-10-01T12:42:26Z,1344,5.079551654073411,14.849695049739546,-7.270143395666135,807aa80048d80e577104f04f9dc527bcbdecbac1e0bd777c98286ecfff8aeba7,timestamped_live_quote,FBS vs FBS
2026-10-01T12:42:26Z,296c3e1c69d11f640690b6f9bd37d424,2026-10-03T19:30:00Z,Florida State Seminoles,Virginia Cavaliers,betrivers,BetRivers,2026-10-01T12:41:26Z,2026-10-01T12:41:26Z,Florida State Seminoles,2.5,-112.0,2026,2026-10-01T12:42:26Z,1344,5.079551654073411,14.849695049739546,-7.270143395666135,807aa80048d80e577104f04f9dc527bcbdecbac1e0bd777c98286ecfff8aeba7,timestamped_live_quote,FBS vs FBS
2026-10-01T12:42:26Z,296c3e1c69d11f640690b6f9bd37d424,2026-10-03T19:30:00Z,Florida State Seminoles,Virginia Cavaliers,betrivers,BetRivers,2026-10-01T12:41:26Z,2026-10-01T12:41:26Z,Virginia Cavaliers,-2.5,-112.0,2026,2026-10-01T12:42:26Z,1344,5.079551654073411,14.849695049739546,-7.270143395666135,807aa80048d80e577104f04f9dc527bcbdecbac1e0bd777c98286ecfff8aeba7,timestamped_live_quote,FBS vs FBS
2026-10-01T12:42:26Z,296c3e1c69d11f640690b6f9bd37d424,2026-10-03T19:30:00Z,Florida State Seminoles,Virginia Cavaliers,betonlineag,BetOnline.ag,2026-10-01T12:41:25Z,2026-10-01T12:41:24Z,Florida State Seminoles,2.5,100.0,2026,2026-10-01T12:42:26Z,1344,5.079551654073411,14.849695049739546,-7.270143395666135,807aa80048d80e577104f04f9dc527bcbdecbac1e0bd777c98286ecfff8aeba7,timestamped_live_quote,FBS vs FBS
2026-10-01T12:42:26Z,296c3e1c69d11f640690b6f9bd37d424,2026-10-03T19:30:00Z,Florida State Seminoles,Virginia Cavaliers,betonlineag,BetOnline.ag,2026-10-01T12:41:25Z,2026-10-01T12:41:24Z,Virginia Cavaliers,-2.5,-120.0,2026,2026-10-01T12:42:26Z,1344,5.079551654073411,14.849695049739546,-7.270143395666135,807aa80048d80e577104f04f9dc527bcbdecbac1e0bd777c98286ecfff8aeba7,timestamped_live_quote,FBS vs FBS
2026-10-01T12:42:26Z,296c3e1c69d11f640690b6f9bd37d424,2026-10-03T19:30:00Z,Florida State Seminoles,Virginia Cavaliers,lowvig,LowVig.ag,2026-10-01T12:42:16Z,2026-10-01T12:42:15Z,Florida State Seminoles,2.5,104.0,2026,2026-10-01T12:42:26Z,1344,5.079551654073411,14.849695049739546,-7.270143395666135,807aa80048d80e577104f04f9dc527bcbdecbac1e0bd777c98286ecfff8aeba7,timestamped_live_quote,FBS vs FBS
2026-10-01T12:42:26Z,296c3e1c69d11f640690b6f9bd37d424,2026-10-03T19:30:00Z,Florida State Seminoles,Virginia Cavaliers,lowvig,LowVig.ag,2026-10-01T12:42:16Z,2026-10-01T12:42:15Z,Virginia Cavaliers,-2.5,-116.0,2026,2026-10-01T12:42:26Z,1344,5.079551654073411,14.849695049739546,-7.270143395666135,807aa80048d80e577104f04f9dc527bcbdecbac1e0bd777c98286ecfff8aeba7,timestamped_live_quote,FBS vs FBS
2026-10-01T12:42:26Z,296c3e1c69d11f640690b6f9bd37d424,2026-10-03T19:30:00Z,Florida State Seminoles,Virginia Cavaliers,mybookieag,MyBookie.ag,2026-10-01T12:42:16Z,2026-10-01T12:42:16Z,Florida State Seminoles,2.5,-110.0,2026,2026-10-01T12:42:26Z,1344,5.079551654073411,14.849695049739546,-7.270143395666135,807aa80048d80e577104f04f9dc527bcbdecbac1e0bd777c98286ecfff8aeba7,timestamped_live_quote,FBS vs FBS
2026-10-01T12:42:26Z,296c3e1c69d11f640690b6f9bd37d424,2026-10-03T19:30:00Z,Florida State Seminoles,Virginia Cavaliers,mybookieag,MyBookie.ag,2026-10-01T12:42:16Z,2026-10-01T12:42:16Z,Virginia Cavaliers,-2.5,-110.0,2026,2026-10-01T12:42:26Z,1344,5.079551654073411,14.849695049739546,-7.270143395666135,807aa80048d80e577104f04f9dc527bcbdecbac1e0bd777c98286ecfff8aeba7,timestamped_live_quote,FBS vs FBS
2026-10-01T12:42:26Z,296c3e1c69d11f640690b6f9bd37d424,2026-10-03T19:30:00Z,Florida State Seminoles,Virginia Cavaliers,betmgm,BetMGM,2026-10-01T12:41:44Z,2026-10-01T12:41:44Z,Florida State Seminoles,2.5,-102.0,2026,2026-10-01T12:42:26Z,1344,5.079551654073411,14.849695049739546,-7.270143395666135,807aa80048d80e577104f04f9dc527bcbdecbac1e0bd777c98286ecfff8aeba7,timestamped_live_quote,FBS vs FBS
2026-10-01T12:42:26Z,296c3e1c69d11f640690b6f9bd37d424,2026-10-03T19:30:00Z,Florida State Seminoles,Virginia Cavaliers,betmgm,BetMGM,2026-10-01T12:41:44Z,2026-10-01T12:41:44Z,Virginia Cavaliers,-2.5,-115.0,2026,2026-10-01T12:42:26Z,1344,5.079551654073411,14.849695049739546,-7.270143395666135,807aa80048d80e577104f04f9dc527bcbdecbac1e0bd777c98286ecfff8aeba7,timestamped_live_quote,FBS vs FBS
2026-10-01T12:42:26Z,296c3e1c69d11f640690b6f9bd37d424,2026-10-03T19:30:00Z,Florida State Seminoles,Virginia Cavaliers,betus,BetUS,2026-10-01T12:41:41Z,2026-10-01T12:41:41Z,Florida State Seminoles,2.5,100.0,2026,2026-10-01T12:42:26Z,1344,5.079551654073411,14.849695049739546,-7.270143395666135,807aa80048d80e577104f04f9dc527bcbdecbac1e0bd777c98286ecfff8aeba7,timestamped_live_quote,FBS vs FBS
2026-10-01T12:42:26Z,296c3e1c69d11f640690b6f9bd37d424,2026-10-03T19:30:00Z,Florida State Seminoles,Virginia Cavaliers,betus,BetUS,2026-10-01T12:41:41Z,2026-10-01T12:41:41Z,Virginia Cavaliers,-2.5,-120.0,2026,2026-10-01T12:42:26Z,1344,5.079551654073411,14.849695049739546,-7.270143395666135,807aa80048d80e577104f04f9dc527bcbdecbac1e0bd777c98286ecfff8aeba7,timestamped_live_quote,FBS vs FBS
2026-10-01T12:42:26Z,296c3e1c69d11f640690b6f9bd37d424,2026-10-03T19:30:00Z,Florida State Seminoles,Virginia Cavaliers,bovada,Bovada,2026-10-01T12:41:12Z,2026-10-01T12:41:12Z,Florida State Seminoles,3.0,-120.0,2026,2026-10-01T12:42:26Z,1344,5.079551654073411,14.849695049739546,-7.270143395666135,807aa80048d80e577104f04f9dc527bcbdecbac1e0bd777c98286ecfff8aeba7,timestamped_live_quote,FBS vs FBS
2026-10-01T12:42:26Z,296c3e1c69d11f640690b6f9bd37d424,2026-10-03T19:30:00Z,Florida State Seminoles,Virginia Cavaliers,bovada,Bovada,2026-10-01T12:41:12Z,2026-10-01T12:41:12Z,Virginia Cavaliers,-3.0,100.0,2026,2026-10-01T12:42:26Z,1344,5.079551654073411,14.849695049739546,-7.270143395666135,807aa80048d80e577104f04f9dc527bcbdecbac1e0bd777c98286ecfff8aeba7,timestamped_live_quote,FBS vs FBS
2026-10-01T12:42:26Z,e4f058459f5ee64f3cff3ac1aed79e64,2026-10-03T19:30:00Z,Georgia State Panthers,Old Dominion Monarchs,fanduel,FanDuel,2026-10-01T12:41:56Z,2026-10-01T12:41:55Z,Georgia State Panthers,-2.5,-106.0,2026,2026-10-01T12:42:26Z,1344,8.856887658416872,-0.8321688426994749,12.189056501116347,807aa80048d80e577104f04f9dc527bcbdecbac1e0bd777c98286ecfff8aeba7,timestamped_live_quote,FBS vs FBS
2026-10-01T12:42:26Z,e4f058459f5ee64f3cff3ac1aed79e64,2026-10-03T19:30:00Z,Georgia State Panthers,Old Dominion Monarchs,fanduel,FanDuel,2026-10-01T12:41:56Z,2026-10-01T12:41:55Z,Old Dominion Monarchs,2.5,-114.0,2026,2026-10-01T12:42:26Z,1344,8.856887658416872,-0.8321688426994749,12.189056501116347,807aa80048d80e577104f04f9dc527bcbdecbac1e0bd777c98286ecfff8aeba7,timestamped_live_quote,FBS vs FBS
2026-10-01T12:42:26Z,e4f058459f5ee64f3cff3ac1aed79e64,2026-10-03T19:30:00Z,Georgia State Panthers,Old Dominion Monarchs,draftkings,DraftKings,2026-10-01T12:41:40Z,2026-10-01T12:41:40Z,Georgia State Panthers,-2.5,-112.0,2026,2026-10-01T12:42:26Z,1344,8.856887658416872,-0.8321688426994749,12.189056501116347,807aa80048d80e577104f04f9dc527bcbdecbac1e0bd777c98286ecfff8aeba7,timestamped_live_quote,FBS vs FBS
2026-10-01T12:42:26Z,e4f058459f5ee64f3cff3ac1aed79e64,2026-10-03T19:30:00Z,Georgia State Panthers,Old Dominion Monarchs,draftkings,DraftKings,2026-10-01T12:41:40Z,2026-10-01T12:41:40Z,Old Dominion Monarchs,2.5,-108.0,2026,2026-10-01T12:42:26Z,1344,8.856887658416872,-0.8321688426994749,12.189056501116347,807aa80048d80e577104f04f9dc527bcbdecbac1e0bd777c98286ecfff8aeba7,timestamped_live_quote,FBS vs FBS
2026-10-01T12:42:26Z,e4f058459f5ee64f3cff3ac1aed79e64,2026-10-03T19:30:00Z,Georgia State Panthers,Old Dominion Monarchs,betrivers,BetRivers,2026-10-01T12:41:26Z,2026-10-01T12:41:26Z,Georgia State Panthers,-2.5,-110.0,2026,2026-10-01T12:42:26Z,1344,8.856887658416872,-0.8321688426994749,12.189056501116347,807aa80048d80e577104f04f9dc527bcbdecbac1e0bd777c98286ecfff8aeba7,timestamped_live_quote,FBS vs FBS
2026-10-01T12:42:26Z,e4f058459f5ee64f3cff3ac1aed79e64,2026-10-03T19:30:00Z,Georgia State Panthers,Old Dominion Monarchs,betrivers,BetRivers,2026-10-01T12:41:26Z,2026-10-01T12:41:26Z,Old Dominion Monarchs,2.5,-113.0,2026,2026-10-01T12:42:26Z,1344,8.856887658416872,-0.8321688426994749,12.189056501116347,807aa80048d80e577104f04f9dc527bcbdecbac1e0bd777c98286ecfff8aeba7,timestamped_live_quote,FBS vs FBS
2026-10-01T12:42:26Z,e4f058459f5ee64f3cff3ac1aed79e64,2026-10-03T19:30:00Z,Georgia State Panthers,Old Dominion Monarchs,lowvig,LowVig.ag,2026-10-01T12:42:16Z,2026-10-01T12:42:15Z,Georgia State Panthers,-2.5,-108.0,2026,2026-10-01T12:42:26Z,1344,8.856887658416872,-0.8321688426994749,12.189056501116347,807aa80048d80e577104f04f9dc527bcbdecbac1e0bd777c98286ecfff8aeba7,timestamped_live_quote,FBS vs FBS
2026-10-01T12:42:26Z,e4f058459f5ee64f3cff3ac1aed79e64,2026-10-03T19:30:00Z,Georgia State Panthers,Old Dominion Monarchs,lowvig,LowVig.ag,2026-10-01T12:42:16Z,2026-10-01T12:42:15Z,Old Dominion Monarchs,2.5,-104.0,2026,2026-10-01T12:42:26Z,1344,8.856887658416872,-0.8321688426994749,12.189056501116347,807aa80048d80e577104f04f9dc527bcbdecbac1e0bd777c98286ecfff8aeba7,timestamped_live_quote,FBS vs FBS
2026-10-01T12:42:26Z,e4f058459f5ee64f3cff3ac1aed79e64,2026-10-03T19:30:00Z,Georgia State Panthers,Old Dominion Monarchs,betonlineag,BetOnline.ag,2026-10-01T12:41:25Z,2026-10-01T12:41:24Z,Georgia State Panthers,-2.5,-112.0,2026,2026-10-01T12:42:26Z,1344,8.856887658416872,-0.8321688426994749,12.189056501116347,807aa80048d80e577104f04f9dc527bcbdecbac1e0bd777c98286ecfff8aeba7,timestamped_live_quote,FBS vs FBS
2026-10-01T12:42:26Z,e4f058459f5ee64f3cff3ac1aed79e64,2026-10-03T19:30:00Z,Georgia State Panthers,Old Dominion Monarchs,betonlineag,BetOnline.ag,2026-10-01T12:41:25Z,2026-10-01T12:41:24Z,Old Dominion Monarchs,2.5,-108.0,2026,2026-10-01T12:42:26Z,1344,8.856887658416872,-0.8321688426994749,12.189056501116347,807aa80048d80e577104f04f9dc527bcbdecbac1e0bd777c98286ecfff8aeba7,timestamped_live_quote,FBS vs FBS
2026-10-01T12:42:26Z,e4f058459f5ee64f3cff3ac1aed79e64,2026-10-03T19:30:00Z,Georgia State Panthers,Old Dominion Monarchs,mybookieag,MyBookie.ag,2026-10-01T12:42:16Z,2026-10-01T12:42:16Z,Georgia State Panthers,-2.5,-110.0,2026,2026-10-01T12:42:26Z,1344,8.856887658416872,-0.8321688426994749,12.189056501116347,807aa80048d80e577104f04f9dc527bcbdecbac1e0bd777c98286ecfff8aeba7,timestamped_live_quote,FBS vs FBS
2026-10-01T12:42:26Z,e4f058459f5ee64f3cff3ac1aed79e64,2026-10-03T19:30:00Z,Georgia State Panthers,Old Dominion Monarchs,mybookieag,MyBookie.ag,2026-10-01T12:42:16Z,2026-10-01T12:42:16Z,Old Dominion Monarchs,2.5,-110.0,2026,2026-10-01T12:42:26Z,1344,8.856887658416872,-0.8321688426994749,12.189056501116347,807aa80048d80e577104f04f9dc527bcbdecbac1e0bd777c98286ecfff8aeba7,timestamped_live_quote,FBS vs FBS
2026-10-01T12:42:26Z,e4f058459f5ee64f3cff3ac1aed79e64,2026-10-03T19:30:00Z,Georgia State Panthers,Old Dominion Monarchs,betmgm,BetMGM,2026-10-01T12:41:44Z,2026-10-01T12:41:44Z,Georgia State Panthers,-2.5,-110.0,2026,2026-10-01T12:42:26Z,1344,8.856887658416872,-0.8321688426994749,12.189056501116347,807aa80048d80e577104f04f9dc527bcbdecbac1e0bd777c98286ecfff8aeba7,timestamped_live_quote,FBS vs FBS
2026-10-01T12:42:26Z,e4f058459f5ee64f3cff3ac1aed79e64,2026-10-03T19:30:00Z,Georgia State Panthers,Old Dominion Monarchs,betmgm,BetMGM,2026-10-01T12:41:44Z,2026-10-01T12:41:44Z,Old Dominion Monarchs,2.5,-108.0,2026,2026-10-01T12:42:26Z,1344,8.856887658416872,-0.8321688426994749,12.189056501116347,807aa80048d80e577104f04f9dc527bcbdecbac1e0bd777c98286ecfff8aeba7,timestamped_live_quote,FBS vs FBS
2026-10-01T12:42:26Z,e4f058459f5ee64f3cff3ac1aed79e64,2026-10-03T19:30:00Z,Georgia State Panthers,Old Dominion Monarchs,betus,BetUS,2026-10-01T12:41:41Z,2026-10-01T12:41:41Z,Georgia State Panthers,-2.5,-115.0,2026,2026-10-01T12:42:26Z,1344,8.856887658416872,-0.8321688426994749,12.189056501116347,807aa80048d80e577104f04f9dc527bcbdecbac1e0bd777c98286ecfff8aeba7,timestamped_live_quote,FBS vs FBS
2026-10-01T12:42:26Z,e4f058459f5ee64f3cff3ac1aed79e64,2026-10-03T19:30:00Z,Georgia State Panthers,Old Dominion Monarchs,betus,BetUS,2026-10-01T12:41:41Z,2026-10-01T12:41:41Z,Old Dominion Monarchs,2.5,-105.0,2026,2026-10-01T12:42:26Z,1344,8.856887658416872,-0.8321688426994749,12.189056501116347,807aa80048d80e577104f04f9dc527bcbdecbac1e0bd777c98286ecfff8aeba7,timestamped_live_quote,FBS vs FBS
2026-10-01T12:42:26Z,e4f058459f5ee64f3cff3ac1aed79e64,2026-10-03T19:30:00Z,Georgia State Panthers,Old Dominion Monarchs,bovada,Bovada,2026-10-01T12:41:12Z,2026-10-01T12:41:12Z,Georgia State Panthers,-2.5,-110.0,2026,2026-10-01T12:42:26Z,1344,8.856887658416872,-0.8321688426994749,12.189056501116347,807aa80048d80e577104f04f9dc527bcbdecbac1e0bd777c98286ecfff8aeba7,timestamped_live_quote,FBS vs FBS
2026-10-01T12:42:26Z,e4f058459f5ee64f3cff3ac1aed79e64,2026-10-03T19:30:00Z,Georgia State Panthers,Old Dominion Monarchs,bovada,Bovada,2026-10-01T12:41:12Z,2026-10-01T12:41:12Z,Old Dominion Monarchs,2.5,-110.0,2026,2026-10-01T12:42:26Z,1344,8.856887658416872,-0.8321688426994749,12.189056501116347,807aa80048d80e577104f04f9dc527bcbdecbac1e0bd777c98286ecfff8aeba7,timestamped_live_quote,FBS vs FBS
2026-10-01T12:42:26Z,b163da8a283ade5bd6428a3ca01da8b8,2026-10-03T19:30:00Z,Iowa Hawkeyes,Ohio State Buckeyes,draftkings,DraftKings,2026-10-01T12:41:40Z,2026-10-01T12:41:40Z,Iowa Hawkeyes,14.5,-110.0,2026,2026-10-01T12:42:26Z,1344,12.926648749051916,16.447938611300437,-1.021289862248521,807aa80048d80e577104f04f9dc527bcbdecbac1e0bd777c98286ecfff8aeba7,timestamped_live_quote,FBS vs FBS
2026-10-01T12:42:26Z,b163da8a283ade5bd6428a3ca01da8b8,2026-10-03T19:30:00Z,Iowa Hawkeyes,Ohio State Buckeyes,draftkings,DraftKings,2026-10-01T12:41:40Z,2026-10-01T12:41:40Z,Ohio State Buckeyes,-14.5,-110.0,2026,2026-10-01T12:42:26Z,1344,12.926648749051916,16.447938611300437,-1.021289862248521,807aa80048d80e577104f04f9dc527bcbdecbac1e0bd777c98286ecfff8aeba7,timestamped_live_quote,FBS vs FBS
2026-10-01T12:42:26Z,b163da8a283ade5bd6428a3ca01da8b8,2026-10-03T19:30:00Z,Iowa Hawkeyes,Ohio State Buckeyes,fanduel,FanDuel,2026-10-01T12:41:55Z,2026-10-01T12:41:55Z,Iowa Hawkeyes,14.5,-110.0,2026,2026-10-01T12:42:26Z,1344,12.926648749051916,16.447938611300437,-1.021289862248521,807aa80048d80e577104f04f9dc527bcbdecbac1e0bd777c98286ecfff8aeba7,timestamped_live_quote,FBS vs FBS
2026-10-01T12:42:26Z,b163da8a283ade5bd6428a3ca01da8b8,2026-10-03T19:30:00Z,Iowa Hawkeyes,Ohio State Buckeyes,fanduel,FanDuel,2026-10-01T12:41:55Z,2026-10-01T12:41:55Z,Ohio State Buckeyes,-14.5,-110.0,2026,2026-10-01T12:42:26Z,1344,12.926648749051916,16.447938611300437,-1.021289862248521,807aa80048d80e577104f04f9dc527bcbdecbac1e0bd777c98286ecfff8aeba7,timestamped_live_quote,FBS vs FBS
2026-10-01T12:42:26Z,b163da8a283ade5bd6428a3ca01da8b8,2026-10-03T19:30:00Z,Iowa Hawkeyes,Ohio State Buckeyes,betmgm,BetMGM,2026-10-01T12:41:44Z,2026-10-01T12:41:44Z,Iowa Hawkeyes,14.5,-110.0,2026,2026-10-01T12:42:26Z,1344,12.926648749051916,16.447938611300437,-1.021289862248521,807aa80048d80e577104f04f9dc527bcbdecbac1e0bd777c98286ecfff8aeba7,timestamped_live_quote,FBS vs FBS
2026-10-01T12:42:26Z,b163da8a283ade5bd6428a3ca01da8b8,2026-10-03T19:30:00Z,Iowa Hawkeyes,Ohio State Buckeyes,betmgm,BetMGM,2026-10-01T12:41:44Z,2026-10-01T12:41:44Z,Ohio State Buckeyes,-14.5,-108.0,2026,2026-10-01T12:42:26Z,1344,12.926648749051916,16.447938611300437,-1.021289862248521,807aa80048d80e577104f04f9dc527bcbdecbac1e0bd777c98286ecfff8aeba7,timestamped_live_quote,FBS vs FBS
2026-10-01T12:42:26Z,b163da8a283ade5bd6428a3ca01da8b8,2026-10-03T19:30:00Z,Iowa Hawkeyes,Ohio State Buckeyes,betrivers,BetRivers,2026-10-01T12:41:26Z,2026-10-01T12:41:26Z,Iowa Hawkeyes,14.5,-110.0,2026,2026-10-01T12:42:26Z,1344,12.926648749051916,16.447938611300437,-1.021289862248521,807aa80048d80e577104f04f9dc527bcbdecbac1e0bd777c98286ecfff8aeba7,timestamped_live_quote,FBS vs FBS
2026-10-01T12:42:26Z,b163da8a283ade5bd6428a3ca01da8b8,2026-10-03T19:30:00Z,Iowa Hawkeyes,Ohio State Buckeyes,betrivers,BetRivers,2026-10-01T12:41:26Z,2026-10-01T12:41:26Z,Ohio State Buckeyes,-14.5,-113.0,2026,2026-10-01T12:42:26Z,1344,12.926648749051916,16.447938611300437,-1.021289862248521,807aa80048d80e577104f04f9dc527bcbdecbac1e0bd777c98286ecfff8aeba7,timestamped_live_quote,FBS vs FBS
2026-10-01T12:42:26Z,b163da8a283ade5bd6428a3ca01da8b8,2026-10-03T19:30:00Z,Iowa Hawkeyes,Ohio State Buckeyes,betonlineag,BetOnline.ag,2026-10-01T12:41:25Z,2026-10-01T12:41:24Z,Iowa Hawkeyes,14.0,-102.0,2026,2026-10-01T12:42:26Z,1344,12.926648749051916,16.447938611300437,-1.021289862248521,807aa80048d80e577104f04f9dc527bcbdecbac1e0bd777c98286ecfff8aeba7,timestamped_live_quote,FBS vs FBS
2026-10-01T12:42:26Z,b163da8a283ade5bd6428a3ca01da8b8,2026-10-03T19:30:00Z,Iowa Hawkeyes,Ohio State Buckeyes,betonlineag,BetOnline.ag,2026-10-01T12:41:25Z,2026-10-01T12:41:24Z,Ohio State Buckeyes,-14.0,-118.0,2026,2026-10-01T12:42:26Z,1344,12.926648749051916,16.447938611300437,-1.021289862248521,807aa80048d80e577104f04f9dc527bcbdecbac1e0bd777c98286ecfff8aeba7,timestamped_live_quote,FBS vs FBS
2026-10-01T12:42:26Z,b163da8a283ade5bd6428a3ca01da8b8,2026-10-03T19:30:00Z,Iowa Hawkeyes,Ohio State Buckeyes,lowvig,LowVig.ag,2026-10-01T12:42:16Z,2026-10-01T12:42:15Z,Iowa Hawkeyes,14.0,102.0,2026,2026-10-01T12:42:26Z,1344,12.926648749051916,16.447938611300437,-1.021289862248521,807aa80048d80e577104f04f9dc527bcbdecbac1e0bd777c98286ecfff8aeba7,timestamped_live_quote,FBS vs FBS
2026-10-01T12:42:26Z,b163da8a283ade5bd6428a3ca01da8b8,2026-10-03T19:30:00Z,Iowa Hawkeyes,Ohio State Buckeyes,lowvig,LowVig.ag,2026-10-01T12:42:16Z,2026-10-01T12:42:15Z,Ohio State Buckeyes,-14.0,-114.0,2026,2026-10-01T12:42:26Z,1344,12.926648749051916,16.447938611300437,-1.021289862248521,807aa80048d80e577104f04f9dc527bcbdecbac1e0bd777c98286ecfff8aeba7,timestamped_live_quote,FBS vs FBS
2026-10-01T12:42:26Z,b163da8a283ade5bd6428a3ca01da8b8,2026-10-03T19:30:00Z,Iowa Hawkeyes,Ohio State Buckeyes,mybookieag,MyBookie.ag,2026-10-01T12:42:16Z,2026-10-01T12:42:16Z,Iowa Hawkeyes,14.5,-110.0,2026,2026-10-01T12:42:26Z,1344,12.926648749051916,16.447938611300437,-1.021289862248521,807aa80048d80e577104f04f9dc527bcbdecbac1e0bd777c98286ecfff8aeba7,timestamped_live_quote,FBS vs FBS
2026-10-01T12:42:26Z,b163da8a283ade5bd6428a3ca01da8b8,2026-10-03T19:30:00Z,Iowa Hawkeyes,Ohio State Buckeyes,mybookieag,MyBookie.ag,2026-10-01T12:42:16Z,2026-10-01T12:42:16Z,Ohio State Buckeyes,-14.5,-110.0,2026,2026-10-01T12:42:26Z,1344,12.926648749051916,16.447938611300437,-1.021289862248521,807aa80048d80e577104f04f9dc527bcbdecbac1e0bd777c98286ecfff8aeba7,timestamped_live_quote,FBS vs FBS
2026-10-01T12:42:26Z,b163da8a283ade5bd6428a3ca01da8b8,2026-10-03T19:30:00Z,Iowa Hawkeyes,Ohio State Buckeyes,betus,BetUS,2026-10-01T12:41:41Z,2026-10-01T12:41:41Z,Iowa Hawkeyes,14.0,-105.0,2026,2026-10-01T12:42:26Z,1344,12.926648749051916,16.447938611300437,-1.021289862248521,807aa80048d80e577104f04f9dc527bcbdecbac1e0bd777c98286ecfff8aeba7,timestamped_live_quote,FBS vs FBS
2026-10-01T12:42:26Z,b163da8a283ade5bd6428a3ca01da8b8,2026-10-03T19:30:00Z,Iowa Hawkeyes,Ohio State Buckeyes,betus,BetUS,2026-10-01T12:41:41Z,2026-10-01T12:41:41Z,Ohio State Buckeyes,-14.0,-115.0,2026,2026-10-01T12:42:26Z,1344,12.926648749051916,16.447938611300437,-1.021289862248521,807aa80048d80e577104f04f9dc527bcbdecbac1e0bd777c98286ecfff8aeba7,timestamped_live_quote,FBS vs FBS
2026-10-01T12:42:26Z,b163da8a283ade5bd6428a3ca01da8b8,2026-10-03T19:30:00Z,Iowa Hawkeyes,Ohio State Buckeyes,bovada,Bovada,2026-10-01T12:41:12Z,2026-10-01T12:41:12Z,Iowa Hawkeyes,14.5,-115.0,2026,2026-10-01T12:42:26Z,1344,12.926648749051916,16.447938611300437,-1.021289862248521,807aa80048d80e577104f04f9dc527bcbdecbac1e0bd777c98286ecfff8aeba7,timestamped_live_quote,FBS vs FBS
2026-10-01T12:42:26Z,b163da8a283ade5bd6428a3ca01da8b8,2026-10-03T19:30:00Z,Iowa Hawkeyes,Ohio State Buckeyes,bovada,Bovada,2026-10-01T12:41:12Z,2026-10-01T12:41:12Z,Ohio State Buckeyes,-14.5,-105.0,2026,2026-10-01T12:42:26Z,1344,12.926648749051916,16.447938611300437,-1.021289862248521,807aa80048d80e577104f04f9dc527bcbdecbac1e0bd777c98286ecfff8aeba7,timestamped_live_quote,FBS vs FBS
2026-10-01T12:42:26Z,c1c548c80e674e3a37dcc2551beba599,2026-10-03T19:30:00Z,Kent State Golden Flashes,Ohio Bobcats,fanduel,FanDuel,2026-10-01T12:41:56Z,2026-10-01T12:41:55Z,Kent State Golden Flashes,3.5,-120.0,2026,2026-10-01T12:42:26Z,1344,-8.22849196062735,1.3002470692081236,-7.028739029835474,807aa80048d80e577104f04f9dc527bcbdecbac1e0bd777c98286ecfff8aeba7,timestamped_live_quote,FBS vs FBS
2026-10-01T12:42:26Z,c1c548c80e674e3a37dcc2551beba599,2026-10-03T19:30:00Z,Kent State Golden Flashes,Ohio Bobcats,fanduel,FanDuel,2026-10-01T12:41:56Z,2026-10-01T12:41:55Z,Ohio Bobcats,-3.5,-102.0,2026,2026-10-01T12:42:26Z,1344,-8.22849196062735,1.3002470692081236,-7.028739029835474,807aa80048d80e577104f04f9dc527bcbdecbac1e0bd777c98286ecfff8aeba7,timestamped_live_quote,FBS vs FBS
2026-10-01T12:42:26Z,c1c548c80e674e3a37dcc2551beba599,2026-10-03T19:30:00Z,Kent State Golden Flashes,Ohio Bobcats,betrivers,BetRivers,2026-10-01T12:41:26Z,2026-10-01T12:41:26Z,Kent State Golden Flashes,3.0,-106.0,2026,2026-10-01T12:42:26Z,1344,-8.22849196062735,1.3002470692081236,-7.028739029835474,807aa80048d80e577104f04f9dc527bcbdecbac1e0bd777c98286ecfff8aeba7,timestamped_live_quote,FBS vs FBS
2026-10-01T12:42:26Z,c1c548c80e674e3a37dcc2551beba599,2026-10-03T19:30:00Z,Kent State Golden Flashes,Ohio Bobcats,betrivers,BetRivers,2026-10-01T12:41:26Z,2026-10-01T12:41:26Z,Ohio Bobcats,-3.0,-118.0,2026,2026-10-01T12:42:26Z,1344,-8.22849196062735,1.3002470692081236,-7.028739029835474,807aa80048d80e577104f04f9dc527bcbdecbac1e0bd777c98286ecfff8aeba7,timestamped_live_quote,FBS vs FBS
2026-10-01T12:42:26Z,c1c548c80e674e3a37dcc2551beba599,2026-10-03T19:30:00Z,Kent State Golden Flashes,Ohio Bobcats,draftkings,DraftKings,2026-10-01T12:41:40Z,2026-10-01T12:41:40Z,Kent State Golden Flashes,3.5,-118.0,2026,2026-10-01T12:42:26Z,1344,-8.22849196062735,1.3002470692081236,-7.028739029835474,807aa80048d80e577104f04f9dc527bcbdecbac1e0bd777c98286ecfff8aeba7,timestamped_live_quote,FBS vs FBS
2026-10-01T12:42:26Z,c1c548c80e674e3a37dcc2551beba599,2026-10-03T19:30:00Z,Kent State Golden Flashes,Ohio Bobcats,draftkings,DraftKings,2026-10-01T12:41:40Z,2026-10-01T12:41:40Z,Ohio Bobcats,-3.5,-102.0,2026,2026-10-01T12:42:26Z,1344,-8.22849196062735,1.3002470692081236,-7.028739029835474,807aa80048d80e577104f04f9dc527bcbdecbac1e0bd777c98286ecfff8aeba7,timestamped_live_quote,FBS vs FBS
2026-10-01T12:42:26Z,c1c548c80e674e3a37dcc2551beba599,2026-10-03T19:30:00Z,Kent State Golden Flashes,Ohio Bobcats,lowvig,LowVig.ag,2026-10-01T12:42:16Z,2026-10-01T12:42:15Z,Kent State Golden Flashes,3.5,-114.0,2026,2026-10-01T12:42:26Z,1344,-8.22849196062735,1.3002470692081236,-7.028739029835474,807aa80048d80e577104f04f9dc527bcbdecbac1e0bd777c98286ecfff8aeba7,timestamped_live_quote,FBS vs FBS
2026-10-01T12:42:26Z,c1c548c80e674e3a37dcc2551beba599,2026-10-03T19:30:00Z,Kent State Golden Flashes,Ohio Bobcats,lowvig,LowVig.ag,2026-10-01T12:42:16Z,2026-10-01T12:42:15Z,Ohio Bobcats,-3.5,102.0,2026,2026-10-01T12:42:26Z,1344,-8.22849196062735,1.3002470692081236,-7.028739029835474,807aa80048d80e577104f04f9dc527bcbdecbac1e0bd777c98286ecfff8aeba7,timestamped_live_quote,FBS vs FBS
2026-10-01T12:42:26Z,c1c548c80e674e3a37dcc2551beba599,2026-10-03T19:30:00Z,Kent State Golden Flashes,Ohio Bobcats,betonlineag,BetOnline.ag,2026-10-01T12:41:25Z,2026-10-01T12:41:24Z,Kent State Golden Flashes,3.5,-118.0,2026,2026-10-01T12:42:26Z,1344,-8.22849196062735,1.3002470692081236,-7.028739029835474,807aa80048d80e577104f04f9dc527bcbdecbac1e0bd777c98286ecfff8aeba7,timestamped_live_quote,FBS vs FBS
2026-10-01T12:42:26Z,c1c548c80e674e3a37dcc2551beba599,2026-10-03T19:30:00Z,Kent State Golden Flashes,Ohio Bobcats,betonlineag,BetOnline.ag,2026-10-01T12:41:25Z,2026-10-01T12:41:24Z,Ohio Bobcats,-3.5,-102.0,2026,2026-10-01T12:42:26Z,1344,-8.22849196062735,1.3002470692081236,-7.028739029835474,807aa80048d80e577104f04f9dc527bcbdecbac1e0bd777c98286ecfff8aeba7,timestamped_live_quote,FBS vs FBS
2026-10-01T12:42:26Z,c1c548c80e674e3a37dcc2551beba599,2026-10-03T19:30:00Z,Kent State Golden Flashes,Ohio Bobcats,mybookieag,MyBookie.ag,2026-10-01T12:42:16Z,2026-10-01T12:42:16Z,Kent State Golden Flashes,3.0,-110.0,2026,2026-10-01T12:42:26Z,1344,-8.22849196062735,1.3002470692081236,-7.028739029835474,807aa80048d80e577104f04f9dc527bcbdecbac1e0bd777c98286ecfff8aeba7,timestamped_live_quote,FBS vs FBS
2026-10-01T12:42:26Z,c1c548c80e674e3a37dcc2551beba599,2026-10-03T19:30:00Z,Kent State Golden Flashes,Ohio Bobcats,mybookieag,MyBookie.ag,2026-10-01T12:42:16Z,2026-10-01T12:42:16Z,Ohio Bobcats,-3.0,-110.0,2026,2026-10-01T12:42:26Z,1344,-8.22849196062735,1.3002470692081236,-7.028739029835474,807aa80048d80e577104f04f9dc527bcbdecbac1e0bd777c98286ecfff8aeba7,timestamped_live_quote,FBS vs FBS
2026-10-01T12:42:26Z,c1c548c80e674e3a37dcc2551beba599,2026-10-03T19:30:00Z,Kent State Golden Flashes,Ohio Bobcats,betmgm,BetMGM,2026-10-01T12:41:44Z,2026-10-01T12:41:44Z,Kent State Golden Flashes,3.5,-118.0,2026,2026-10-01T12:42:26Z,1344,-8.22849196062735,1.3002470692081236,-7.028739029835474,807aa80048d80e577104f04f9dc527bcbdecbac1e0bd777c98286ecfff8aeba7,timestamped_live_quote,FBS vs FBS
2026-10-01T12:42:26Z,c1c548c80e674e3a37dcc2551beba599,2026-10-03T19:30:00Z,Kent State Golden Flashes,Ohio Bobcats,betmgm,BetMGM,2026-10-01T12:41:44Z,2026-10-01T12:41:44Z,Ohio Bobcats,-3.5,-102.0,2026,2026-10-01T12:42:26Z,1344,-8.22849196062735,1.3002470692081236,-7.028739029835474,807aa80048d80e577104f04f9dc527bcbdecbac1e0bd777c98286ecfff8aeba7,timestamped_live_quote,FBS vs FBS
2026-10-01T12:42:26Z,c1c548c80e674e3a37dcc2551beba599,2026-10-03T19:30:00Z,Kent State Golden Flashes,Ohio Bobcats,betus,BetUS,2026-10-01T12:41:41Z,2026-10-01T12:41:41Z,Kent State Golden Flashes,3.5,-120.0,2026,2026-10-01T12:42:26Z,1344,-8.22849196062735,1.3002470692081236,-7.028739029835474,807aa80048d80e577104f04f9dc527bcbdecbac1e0bd777c98286ecfff8aeba7,timestamped_live_quote,FBS vs FBS
2026-10-01T12:42:26Z,c1c548c80e674e3a37dcc2551beba599,2026-10-03T19:30:00Z,Kent State Golden Flashes,Ohio Bobcats,betus,BetUS,2026-10-01T12:41:41Z,2026-10-01T12:41:41Z,Ohio Bobcats,-3.5,100.0,2026,2026-10-01T12:42:26Z,1344,-8.22849196062735,1.3002470692081236,-7.028739029835474,807aa80048d80e577104f04f9dc527bcbdecbac1e0bd777c98286ecfff8aeba7,timestamped_live_quote,FBS vs FBS
2026-10-01T12:42:26Z,c1c548c80e674e3a37dcc2551beba599,2026-10-03T19:30:00Z,Kent State Golden Flashes,Ohio Bobcats,bovada,Bovada,2026-10-01T12:41:12Z,2026-10-01T12:41:12Z,Kent State Golden Flashes,3.5,-120.0,2026,2026-10-01T12:42:26Z,1344,-8.22849196062735,1.3002470692081236,-7.028739029835474,807aa80048d80e577104f04f9dc527bcbdecbac1e0bd777c98286ecfff8aeba7,timestamped_live_quote,FBS vs FBS
2026-10-01T12:42:26Z,c1c548c80e674e3a37dcc2551beba599,2026-10-03T19:30:00Z,Kent State Golden Flashes,Ohio Bobcats,bovada,Bovada,2026-10-01T12:41:12Z,2026-10-01T12:41:12Z,Ohio Bobcats,-3.5,100.0,2026,2026-10-01T12:42:26Z,1344,-8.22849196062735,1.3002470692081236,-7.028739029835474,807aa80048d80e577104f04f9dc527bcbdecbac1e0bd777c98286ecfff8aeba7,timestamped_live_quote,FBS vs FBS
2026-10-01T12:42:26Z,a77fd3143159a9d16a75685528d9960b,2026-10-03T19:30:00Z,NC State Wolfpack,Louisville Cardinals,draftkings,DraftKings,2026-10-01T12:41:40Z,2026-10-01T12:41:40Z,Louisville Cardinals,-3.5,-112.0,2026,2026-10-01T12:42:26Z,1344,9.101931898494797,6.711019198830559,4.890912699664238,807aa80048d80e577104f04f9dc527bcbdecbac1e0bd777c98286ecfff8aeba7,timestamped_live_quote,FBS vs FBS
2026-10-01T12:42:26Z,a77fd3143159a9d16a75685528d9960b,2026-10-03T19:30:00Z,NC State Wolfpack,Louisville Cardinals,draftkings,DraftKings,2026-10-01T12:41:40Z,2026-10-01T12:41:40Z,NC State Wolfpack,3.5,-108.0,2026,2026-10-01T12:42:26Z,1344,9.101931898494797,6.711019198830559,4.890912699664238,807aa80048d80e577104f04f9dc527bcbdecbac1e0bd777c98286ecfff8aeba7,timestamped_live_quote,FBS vs FBS
2026-10-01T12:42:26Z,a77fd3143159a9d16a75685528d9960b,2026-10-03T19:30:00Z,NC State Wolfpack,Louisville Cardinals,fanduel,FanDuel,2026-10-01T12:41:55Z,2026-10-01T12:41:55Z,Louisville Cardinals,-3.5,-115.0,2026,2026-10-01T12:42:26Z,1344,9.101931898494797,6.711019198830559,4.890912699664238,807aa80048d80e577104f04f9dc527bcbdecbac1e0bd777c98286ecfff8aeba7,timestamped_live_quote,FBS vs FBS
2026-10-01T12:42:26Z,a77fd3143159a9d16a75685528d9960b,2026-10-03T19:30:00Z,NC State Wolfpack,Louisville Cardinals,fanduel,FanDuel,2026-10-01T12:41:55Z,2026-10-01T12:41:55Z,NC State Wolfpack,3.5,-105.0,2026,2026-10-01T12:42:26Z,1344,9.101931898494797,6.711019198830559,4.890912699664238,807aa80048d80e577104f04f9dc527bcbdecbac1e0bd777c98286ecfff8aeba7,timestamped_live_quote,FBS vs FBS
2026-10-01T12:42:26Z,a77fd3143159a9d16a75685528d9960b,2026-10-03T19:30:00Z,NC State Wolfpack,Louisville Cardinals,betrivers,BetRivers,2026-10-01T12:41:26Z,2026-10-01T12:41:26Z,Louisville Cardinals,-4.0,-109.0,2026,2026-10-01T12:42:26Z,1344,9.101931898494797,6.711019198830559,4.890912699664238,807aa80048d80e577104f04f9dc527bcbdecbac1e0bd777c98286ecfff8aeba7,timestamped_live_quote,FBS vs FBS
2026-10-01T12:42:26Z,a77fd3143159a9d16a75685528d9960b,2026-10-03T19:30:00Z,NC State Wolfpack,Louisville Cardinals,betrivers,BetRivers,2026-10-01T12:41:26Z,2026-10-01T12:41:26Z,NC State Wolfpack,4.0,-114.0,2026,2026-10-01T12:42:26Z,1344,9.101931898494797,6.711019198830559,4.890912699664238,807aa80048d80e577104f04f9dc527bcbdecbac1e0bd777c98286ecfff8aeba7,timestamped_live_quote,FBS vs FBS
2026-10-01T12:42:26Z,a77fd3143159a9d16a75685528d9960b,2026-10-03T19:30:00Z,NC State Wolfpack,Louisville Cardinals,betonlineag,BetOnline.ag,2026-10-01T12:41:25Z,2026-10-01T12:41:24Z,Louisville Cardinals,-3.5,-115.0,2026,2026-10-01T12:42:26Z,1344,9.101931898494797,6.711019198830559,4.890912699664238,807aa80048d80e577104f04f9dc527bcbdecbac1e0bd777c98286ecfff8aeba7,timestamped_live_quote,FBS vs FBS
2026-10-01T12:42:26Z,a77fd3143159a9d16a75685528d9960b,2026-10-03T19:30:00Z,NC State Wolfpack,Louisville Cardinals,betonlineag,BetOnline.ag,2026-10-01T12:41:25Z,2026-10-01T12:41:24Z,NC State Wolfpack,3.5,-105.0,2026,2026-10-01T12:42:26Z,1344,9.101931898494797,6.711019198830559,4.890912699664238,807aa80048d80e577104f04f9dc527bcbdecbac1e0bd777c98286ecfff8aeba7,timestamped_live_quote,FBS vs FBS
2026-10-01T12:42:26Z,a77fd3143159a9d16a75685528d9960b,2026-10-03T19:30:00Z,NC State Wolfpack,Louisville Cardinals,lowvig,LowVig.ag,2026-10-01T12:42:16Z,2026-10-01T12:42:15Z,Louisville Cardinals,-3.5,-111.0,2026,2026-10-01T12:42:26Z,1344,9.101931898494797,6.711019198830559,4.890912699664238,807aa80048d80e577104f04f9dc527bcbdecbac1e0bd777c98286ecfff8aeba7,timestamped_live_quote,FBS vs FBS
2026-10-01T12:42:26Z,a77fd3143159a9d16a75685528d9960b,2026-10-03T19:30:00Z,NC State Wolfpack,Louisville Cardinals,lowvig,LowVig.ag,2026-10-01T12:42:16Z,2026-10-01T12:42:15Z,NC State Wolfpack,3.5,-101.0,2026,2026-10-01T12:42:26Z,1344,9.101931898494797,6.711019198830559,4.890912699664238,807aa80048d80e577104f04f9dc527bcbdecbac1e0bd777c98286ecfff8aeba7,timestamped_live_quote,FBS vs FBS
2026-10-01T12:42:26Z,a77fd3143159a9d16a75685528d9960b,2026-10-03T19:30:00Z,NC State Wolfpack,Louisville Cardinals,mybookieag,MyBookie.ag,2026-10-01T12:42:16Z,2026-10-01T12:42:16Z,Louisville Cardinals,-3.5,-110.0,2026,2026-10-01T12:42:26Z,1344,9.101931898494797,6.711019198830559,4.890912699664238,807aa80048d80e577104f04f9dc527bcbdecbac1e0bd777c98286ecfff8aeba7,timestamped_live_quote,FBS vs FBS
2026-10-01T12:42:26Z,a77fd3143159a9d16a75685528d9960b,2026-10-03T19:30:00Z,NC State Wolfpack,Louisville Cardinals,mybookieag,MyBookie.ag,2026-10-01T12:42:16Z,2026-10-01T12:42:16Z,NC State Wolfpack,3.5,-110.0,2026,2026-10-01T12:42:26Z,1344,9.101931898494797,6.711019198830559,4.890912699664238,807aa80048d80e577104f04f9dc527bcbdecbac1e0bd777c98286ecfff8aeba7,timestamped_live_quote,FBS vs FBS
2026-10-01T12:42:26Z,a77fd3143159a9d16a75685528d9960b,2026-10-03T19:30:00Z,NC State Wolfpack,Louisville Cardinals,betmgm,BetMGM,2026-10-01T12:41:44Z,2026-10-01T12:41:44Z,Louisville Cardinals,-4.0,-110.0,2026,2026-10-01T12:42:26Z,1344,9.101931898494797,6.711019198830559,4.890912699664238,807aa80048d80e577104f04f9dc527bcbdecbac1e0bd777c98286ecfff8aeba7,timestamped_live_quote,FBS vs FBS
2026-10-01T12:42:26Z,a77fd3143159a9d16a75685528d9960b,2026-10-03T19:30:00Z,NC State Wolfpack,Louisville Cardinals,betmgm,BetMGM,2026-10-01T12:41:44Z,2026-10-01T12:41:44Z,NC State Wolfpack,4.0,-120.0,2026,2026-10-01T12:42:26Z,1344,9.101931898494797,6.711019198830559,4.890912699664238,807aa80048d80e577104f04f9dc527bcbdecbac1e0bd777c98286ecfff8aeba7,timestamped_live_quote,FBS vs FBS
2026-10-01T12:42:26Z,a77fd3143159a9d16a75685528d9960b,2026-10-03T19:30:00Z,NC State Wolfpack,Louisville Cardinals,betus,BetUS,2026-10-01T12:41:41Z,2026-10-01T12:41:41Z,Louisville Cardinals,-3.5,-115.0,2026,2026-10-01T12:42:26Z,1344,9.101931898494797,6.711019198830559,4.890912699664238,807aa80048d80e577104f04f9dc527bcbdecbac1e0bd777c98286ecfff8aeba7,timestamped_live_quote,FBS vs FBS
2026-10-01T12:42:26Z,a77fd3143159a9d16a75685528d9960b,2026-10-03T19:30:00Z,NC State Wolfpack,Louisville Cardinals,betus,BetUS,2026-10-01T12:41:41Z,2026-10-01T12:41:41Z,NC State Wolfpack,3.5,-105.0,2026,2026-10-01T12:42:26Z,1344,9.101931898494797,6.711019198830559,4.890912699664238,807aa80048d80e577104f04f9dc527bcbdecbac1e0bd777c98286ecfff8aeba7,timestamped_live_quote,FBS vs FBS
2026-10-01T12:42:26Z,a77fd3143159a9d16a75685528d9960b,2026-10-03T19:30:00Z,NC State Wolfpack,Louisville Cardinals,bovada,Bovada,2026-10-01T12:41:12Z,2026-10-01T12:41:12Z,Louisville Cardinals,-3.5,-110.0,2026,2026-10-01T12:42:26Z,1344,9.101931898494797,6.711019198830559,4.890912699664238,807aa80048d80e577104f04f9dc527bcbdecbac1e0bd777c98286ecfff8aeba7,timestamped_live_quote,FBS vs FBS
2026-10-01T12:42:26Z,a77fd3143159a9d16a75685528d9960b,2026-10-03T19:30:00Z,NC State Wolfpack,Louisville Cardinals,bovada,Bovada,2026-10-01T12:41:12Z,2026-10-01T12:41:12Z,NC State Wolfpack,3.5,-110.0,2026,2026-10-01T12:42:26Z,1344,9.101931898494797,6.711019198830559,4.890912699664238,807aa80048d80e577104f04f9dc527bcbdecbac1e0bd777c98286ecfff8aeba7,timestamped_live_quote,FBS vs FBS
2026-10-01T12:42:26Z,b36c1d83299d019b7833660a29e9da9c,2026-10-03T19:30:00Z,North Dakota State Bison,Wyoming Cowboys,fanduel,FanDuel,2026-10-01T12:41:56Z,2026-10-01T12:41:55Z,North Dakota State Bison,-18.5,-105.0,2026,2026-10-01T12:42:26Z,1344,10.7109073998596,-2.207870895666874,15.418778295526474,807aa80048d80e577104f04f9dc527bcbdecbac1e0bd777c98286ecfff8aeba7,timestamped_live_quote,FBS vs FBS
2026-10-01T12:42:26Z,b36c1d83299d019b7833660a29e9da9c,2026-10-03T19:30:00Z,North Dakota State Bison,Wyoming Cowboys,fanduel,FanDuel,2026-10-01T12:41:56Z,2026-10-01T12:41:55Z,Wyoming Cowboys,18.5,-115.0,2026,2026-10-01T12:42:26Z,1344,10.7109073998596,-2.207870895666874,15.418778295526474,807aa80048d80e577104f04f9dc527bcbdecbac1e0bd777c98286ecfff8aeba7,timestamped_live_quote,FBS vs FBS
2026-10-01T12:42:26Z,b36c1d83299d019b7833660a29e9da9c,2026-10-03T19:30:00Z,North Dakota State Bison,Wyoming Cowboys,draftkings,DraftKings,2026-10-01T12:41:40Z,2026-10-01T12:41:40Z,North Dakota State Bison,-17.5,-112.0,2026,2026-10-01T12:42:26Z,1344,10.7109073998596,-2.207870895666874,15.418778295526474,807aa80048d80e577104f04f9dc527bcbdecbac1e0bd777c98286ecfff8aeba7,timestamped_live_quote,FBS vs FBS
2026-10-01T12:42:26Z,b36c1d83299d019b7833660a29e9da9c,2026-10-03T19:30:00Z,North Dakota State Bison,Wyoming Cowboys,draftkings,DraftKings,2026-10-01T12:41:40Z,2026-10-01T12:41:40Z,Wyoming Cowboys,17.5,-108.0,2026,2026-10-01T12:42:26Z,1344,10.7109073998596,-2.207870895666874,15.418778295526474,807aa80048d80e577104f04f9dc527bcbdecbac1e0bd777c98286ecfff8aeba7,timestamped_live_quote,FBS vs FBS
2026-10-01T12:42:26Z,b36c1d83299d019b7833660a29e9da9c,2026-10-03T19:30:00Z,North Dakota State Bison,Wyoming Cowboys,lowvig,LowVig.ag,2026-10-01T12:42:16Z,2026-10-01T12:42:15Z,North Dakota State Bison,-17.5,-104.0,2026,2026-10-01T12:42:26Z,1344,10.7109073998596,-2.207870895666874,15.418778295526474,807aa80048d80e577104f04f9dc527bcbdecbac1e0bd777c98286ecfff8aeba7,timestamped_live_quote,FBS vs FBS
2026-10-01T12:42:26Z,b36c1d83299d019b7833660a29e9da9c,2026-10-03T19:30:00Z,North Dakota State Bison,Wyoming Cowboys,lowvig,LowVig.ag,2026-10-01T12:42:16Z,2026-10-01T12:42:15Z,Wyoming Cowboys,17.5,-108.0,2026,2026-10-01T12:42:26Z,1344,10.7109073998596,-2.207870895666874,15.418778295526474,807aa80048d80e577104f04f9dc527bcbdecbac1e0bd777c98286ecfff8aeba7,timestamped_live_quote,FBS vs FBS
2026-10-01T12:42:26Z,b36c1d83299d019b7833660a29e9da9c,2026-10-03T19:30:00Z,North Dakota State Bison,Wyoming Cowboys,betonlineag,BetOnline.ag,2026-10-01T12:41:25Z,2026-10-01T12:41:24Z,North Dakota State Bison,-17.5,-108.0,2026,2026-10-01T12:42:26Z,1344,10.7109073998596,-2.207870895666874,15.418778295526474,807aa80048d80e577104f04f9dc527bcbdecbac1e0bd777c98286ecfff8aeba7,timestamped_live_quote,FBS vs FBS
2026-10-01T12:42:26Z,b36c1d83299d019b7833660a29e9da9c,2026-10-03T19:30:00Z,North Dakota State Bison,Wyoming Cowboys,betonlineag,BetOnline.ag,2026-10-01T12:41:25Z,2026-10-01T12:41:24Z,Wyoming Cowboys,17.5,-112.0,2026,2026-10-01T12:42:26Z,1344,10.7109073998596,-2.207870895666874,15.418778295526474,807aa80048d80e577104f04f9dc527bcbdecbac1e0bd777c98286ecfff8aeba7,timestamped_live_quote,FBS vs FBS
2026-10-01T12:42:26Z,b36c1d83299d019b7833660a29e9da9c,2026-10-03T19:30:00Z,North Dakota State Bison,Wyoming Cowboys,mybookieag,MyBookie.ag,2026-10-01T12:42:16Z,2026-10-01T12:42:16Z,North Dakota State Bison,-17.5,-110.0,2026,2026-10-01T12:42:26Z,1344,10.7109073998596,-2.207870895666874,15.418778295526474,807aa80048d80e577104f04f9dc527bcbdecbac1e0bd777c98286ecfff8aeba7,timestamped_live_quote,FBS vs FBS
2026-10-01T12:42:26Z,b36c1d83299d019b7833660a29e9da9c,2026-10-03T19:30:00Z,North Dakota State Bison,Wyoming Cowboys,mybookieag,MyBookie.ag,2026-10-01T12:42:16Z,2026-10-01T12:42:16Z,Wyoming Cowboys,17.5,-110.0,2026,2026-10-01T12:42:26Z,1344,10.7109073998596,-2.207870895666874,15.418778295526474,807aa80048d80e577104f04f9dc527bcbdecbac1e0bd777c98286ecfff8aeba7,timestamped_live_quote,FBS vs FBS
2026-10-01T12:42:26Z,b36c1d83299d019b7833660a29e9da9c,2026-10-03T19:30:00Z,North Dakota State Bison,Wyoming Cowboys,betmgm,BetMGM,2026-10-01T12:41:44Z,2026-10-01T12:41:44Z,North Dakota State Bison,-17.5,-110.0,2026,2026-10-01T12:42:26Z,1344,10.7109073998596,-2.207870895666874,15.418778295526474,807aa80048d80e577104f04f9dc527bcbdecbac1e0bd777c98286ecfff8aeba7,timestamped_live_quote,FBS vs FBS
2026-10-01T12:42:26Z,b36c1d83299d019b7833660a29e9da9c,2026-10-03T19:30:00Z,North Dakota State Bison,Wyoming Cowboys,betmgm,BetMGM,2026-10-01T12:41:44Z,2026-10-01T12:41:44Z,Wyoming Cowboys,17.5,-108.0,2026,2026-10-01T12:42:26Z,1344,10.7109073998596,-2.207870895666874,15.418778295526474,807aa80048d80e577104f04f9dc527bcbdecbac1e0bd777c98286ecfff8aeba7,timestamped_live_quote,FBS vs FBS
2026-10-01T12:42:26Z,b36c1d83299d019b7833660a29e9da9c,2026-10-03T19:30:00Z,North Dakota State Bison,Wyoming Cowboys,betus,BetUS,2026-10-01T12:41:41Z,2026-10-01T12:41:41Z,North Dakota State Bison,-17.5,-110.0,2026,2026-10-01T12:42:26Z,1344,10.7109073998596,-2.207870895666874,15.418778295526474,807aa80048d80e577104f04f9dc527bcbdecbac1e0bd777c98286ecfff8aeba7,timestamped_live_quote,FBS vs FBS
2026-10-01T12:42:26Z,b36c1d83299d019b7833660a29e9da9c,2026-10-03T19:30:00Z,North Dakota State Bison,Wyoming Cowboys,betus,BetUS,2026-10-01T12:41:41Z,2026-10-01T12:41:41Z,Wyoming Cowboys,17.5,-110.0,2026,2026-10-01T12:42:26Z,1344,10.7109073998596,-2.207870895666874,15.418778295526474,807aa80048d80e577104f04f9dc527bcbdecbac1e0bd777c98286ecfff8aeba7,timestamped_live_quote,FBS vs FBS
2026-10-01T12:42:26Z,b36c1d83299d019b7833660a29e9da9c,2026-10-03T19:30:00Z,North Dakota State Bison,Wyoming Cowboys,betrivers,BetRivers,2026-10-01T12:41:26Z,2026-10-01T12:41:26Z,North Dakota State Bison,-18.0,-109.0,2026,2026-10-01T12:42:26Z,1344,10.7109073998596,-2.207870895666874,15.418778295526474,807aa80048d80e577104f04f9dc527bcbdecbac1e0bd777c98286ecfff8aeba7,timestamped_live_quote,FBS vs FBS
2026-10-01T12:42:26Z,b36c1d83299d019b7833660a29e9da9c,2026-10-03T19:30:00Z,North Dakota State Bison,Wyoming Cowboys,betrivers,BetRivers,2026-10-01T12:41:26Z,2026-10-01T12:41:26Z,Wyoming Cowboys,18.0,-113.0,2026,2026-10-01T12:42:26Z,1344,10.7109073998596,-2.207870895666874,15.418778295526474,807aa80048d80e577104f04f9dc527bcbdecbac1e0bd777c98286ecfff8aeba7,timestamped_live_quote,FBS vs FBS
2026-10-01T12:42:26Z,b36c1d83299d019b7833660a29e9da9c,2026-10-03T19:30:00Z,North Dakota State Bison,Wyoming Cowboys,bovada,Bovada,2026-10-01T12:41:12Z,2026-10-01T12:41:12Z,North Dakota State Bison,-17.5,-105.0,2026,2026-10-01T12:42:26Z,1344,10.7109073998596,-2.207870895666874,15.418778295526474,807aa80048d80e577104f04f9dc527bcbdecbac1e0bd777c98286ecfff8aeba7,timestamped_live_quote,FBS vs FBS
2026-10-01T12:42:26Z,b36c1d83299d019b7833660a29e9da9c,2026-10-03T19:30:00Z,North Dakota State Bison,Wyoming Cowboys,bovada,Bovada,2026-10-01T12:41:12Z,2026-10-01T12:41:12Z,Wyoming Cowboys,17.5,-115.0,2026,2026-10-01T12:42:26Z,1344,10.7109073998596,-2.207870895666874,15.418778295526474,807aa80048d80e577104f04f9dc527bcbdecbac1e0bd777c98286ecfff8aeba7,timestamped_live_quote,FBS vs FBS
2026-10-01T12:42:26Z,3086203ed472e204ff7f3ba6241bb43c,2026-10-03T19:30:00Z,UAB Blazers,Samford Bulldogs,fanduel,FanDuel,2026-10-01T12:41:56Z,2026-10-01T12:41:55Z,Samford Bulldogs,30.5,-114.0,2026,2026-10-01T12:42:26Z,1344,,,,807aa80048d80e577104f04f9dc527bcbdecbac1e0bd777c98286ecfff8aeba7,division_safety_suppressed,Unverified division / FCS: model suppressed
2026-10-01T12:42:26Z,3086203ed472e204ff7f3ba6241bb43c,2026-10-03T19:30:00Z,UAB Blazers,Samford Bulldogs,fanduel,FanDuel,2026-10-01T12:41:56Z,2026-10-01T12:41:55Z,UAB Blazers,-30.5,-106.0,2026,2026-10-01T12:42:26Z,1344,,,,807aa80048d80e577104f04f9dc527bcbdecbac1e0bd777c98286ecfff8aeba7,division_safety_suppressed,Unverified division / FCS: model suppressed
2026-10-01T12:42:26Z,3086203ed472e204ff7f3ba6241bb43c,2026-10-03T19:30:00Z,UAB Blazers,Samford Bulldogs,draftkings,DraftKings,2026-10-01T12:41:40Z,2026-10-01T12:41:40Z,Samford Bulldogs,30.5,-110.0,2026,2026-10-01T12:42:26Z,1344,,,,807aa80048d80e577104f04f9dc527bcbdecbac1e0bd777c98286ecfff8aeba7,division_safety_suppressed,Unverified division / FCS: model suppressed
2026-10-01T12:42:26Z,3086203ed472e204ff7f3ba6241bb43c,2026-10-03T19:30:00Z,UAB Blazers,Samford Bulldogs,draftkings,DraftKings,2026-10-01T12:41:40Z,2026-10-01T12:41:40Z,UAB Blazers,-30.5,-110.0,2026,2026-10-01T12:42:26Z,1344,,,,807aa80048d80e577104f04f9dc527bcbdecbac1e0bd777c98286ecfff8aeba7,division_safety_suppressed,Unverified division / FCS: model suppressed
2026-10-01T12:42:26Z,3086203ed472e204ff7f3ba6241bb43c,2026-10-03T19:30:00Z,UAB Blazers,Samford Bulldogs,lowvig,LowVig.ag,2026-10-01T12:42:16Z,2026-10-01T12:42:16Z,Samford Bulldogs,30.5,-115.0,2026,2026-10-01T12:42:26Z,1344,,,,807aa80048d80e577104f04f9dc527bcbdecbac1e0bd777c98286ecfff8aeba7,division_safety_suppressed,Unverified division / FCS: model suppressed
2026-10-01T12:42:26Z,3086203ed472e204ff7f3ba6241bb43c,2026-10-03T19:30:00Z,UAB Blazers,Samford Bulldogs,lowvig,LowVig.ag,2026-10-01T12:42:16Z,2026-10-01T12:42:16Z,UAB Blazers,-30.5,-115.0,2026,2026-10-01T12:42:26Z,1344,,,,807aa80048d80e577104f04f9dc527bcbdecbac1e0bd777c98286ecfff8aeba7,division_safety_suppressed,Unverified division / FCS: model suppressed
2026-10-01T12:42:26Z,3086203ed472e204ff7f3ba6241bb43c,2026-10-03T19:30:00Z,UAB Blazers,Samford Bulldogs,betonlineag,BetOnline.ag,2026-10-01T12:41:25Z,2026-10-01T12:41:25Z,Samford Bulldogs,30.5,-115.0,2026,2026-10-01T12:42:26Z,1344,,,,807aa80048d80e577104f04f9dc527bcbdecbac1e0bd777c98286ecfff8aeba7,division_safety_suppressed,Unverified division / FCS: model suppressed
2026-10-01T12:42:26Z,3086203ed472e204ff7f3ba6241bb43c,2026-10-03T19:30:00Z,UAB Blazers,Samford Bulldogs,betonlineag,BetOnline.ag,2026-10-01T12:41:25Z,2026-10-01T12:41:25Z,UAB Blazers,-30.5,-115.0,2026,2026-10-01T12:42:26Z,1344,,,,807aa80048d80e577104f04f9dc527bcbdecbac1e0bd777c98286ecfff8aeba7,division_safety_suppressed,Unverified division / FCS: model suppressed
2026-10-01T12:42:26Z,3086203ed472e204ff7f3ba6241bb43c,2026-10-03T19:30:00Z,UAB Blazers,Samford Bulldogs,betrivers,BetRivers,2026-10-01T12:41:26Z,2026-10-01T12:41:26Z,Samford Bulldogs,30.5,-109.0,2026,2026-10-01T12:42:26Z,1344,,,,807aa80048d80e577104f04f9dc527bcbdecbac1e0bd777c98286ecfff8aeba7,division_safety_suppressed,Unverified division / FCS: model suppressed
2026-10-01T12:42:26Z,3086203ed472e204ff7f3ba6241bb43c,2026-10-03T19:30:00Z,UAB Blazers,Samford Bulldogs,betrivers,BetRivers,2026-10-01T12:41:26Z,2026-10-01T12:41:26Z,UAB Blazers,-30.5,-114.0,2026,2026-10-01T12:42:26Z,1344,,,,807aa80048d80e577104f04f9dc527bcbdecbac1e0bd777c98286ecfff8aeba7,division_safety_suppressed,Unverified division / FCS: model suppressed
2026-10-01T12:42:26Z,7e365956ef23823565a044a5af18736a,2026-10-03T19:45:00Z,James Madison Dukes,Marshall Thundering Herd,fanduel,FanDuel,2026-10-01T12:41:56Z,2026-10-01T12:41:55Z,James Madison Dukes,-19.5,-110.0,2026,2026-10-01T12:42:26Z,1344,15.351953422559099,-3.1087362778305163,20.960689700389615,807aa80048d80e577104f04f9dc527bcbdecbac1e0bd777c98286ecfff8aeba7,timestamped_live_quote,FBS vs FBS
2026-10-01T12:42:26Z,7e365956ef23823565a044a5af18736a,2026-10-03T19:45:00Z,James Madison Dukes,Marshall Thundering Herd,fanduel,FanDuel,2026-10-01T12:41:56Z,2026-10-01T12:41:55Z,Marshall Thundering Herd,19.5,-110.0,2026,2026-10-01T12:42:26Z,1344,15.351953422559099,-3.1087362778305163,20.960689700389615,807aa80048d80e577104f04f9dc527bcbdecbac1e0bd777c98286ecfff8aeba7,timestamped_live_quote,FBS vs FBS
2026-10-01T12:42:26Z,7e365956ef23823565a044a5af18736a,2026-10-03T19:45:00Z,James Madison Dukes,Marshall Thundering Herd,betrivers,BetRivers,2026-10-01T12:41:26Z,2026-10-01T12:41:26Z,James Madison Dukes,-19.5,-112.0,2026,2026-10-01T12:42:26Z,1344,15.351953422559099,-3.1087362778305163,20.960689700389615,807aa80048d80e577104f04f9dc527bcbdecbac1e0bd777c98286ecfff8aeba7,timestamped_live_quote,FBS vs FBS
2026-10-01T12:42:26Z,7e365956ef23823565a044a5af18736a,2026-10-03T19:45:00Z,James Madison Dukes,Marshall Thundering Herd,betrivers,BetRivers,2026-10-01T12:41:26Z,2026-10-01T12:41:26Z,Marshall Thundering Herd,19.5,-112.0,2026,2026-10-01T12:42:26Z,1344,15.351953422559099,-3.1087362778305163,20.960689700389615,807aa80048d80e577104f04f9dc527bcbdecbac1e0bd777c98286ecfff8aeba7,timestamped_live_quote,FBS vs FBS
2026-10-01T12:42:26Z,7e365956ef23823565a044a5af18736a,2026-10-03T19:45:00Z,James Madison Dukes,Marshall Thundering Herd,draftkings,DraftKings,2026-10-01T12:41:40Z,2026-10-01T12:41:40Z,James Madison Dukes,-19.5,-105.0,2026,2026-10-01T12:42:26Z,1344,15.351953422559099,-3.1087362778305163,20.960689700389615,807aa80048d80e577104f04f9dc527bcbdecbac1e0bd777c98286ecfff8aeba7,timestamped_live_quote,FBS vs FBS
2026-10-01T12:42:26Z,7e365956ef23823565a044a5af18736a,2026-10-03T19:45:00Z,James Madison Dukes,Marshall Thundering Herd,draftkings,DraftKings,2026-10-01T12:41:40Z,2026-10-01T12:41:40Z,Marshall Thundering Herd,19.5,-115.0,2026,2026-10-01T12:42:26Z,1344,15.351953422559099,-3.1087362778305163,20.960689700389615,807aa80048d80e577104f04f9dc527bcbdecbac1e0bd777c98286ecfff8aeba7,timestamped_live_quote,FBS vs FBS
2026-10-01T12:42:26Z,7e365956ef23823565a044a5af18736a,2026-10-03T19:45:00Z,James Madison Dukes,Marshall Thundering Herd,lowvig,LowVig.ag,2026-10-01T12:42:16Z,2026-10-01T12:42:15Z,James Madison Dukes,-18.5,-111.0,2026,2026-10-01T12:42:26Z,1344,15.351953422559099,-3.1087362778305163,20.960689700389615,807aa80048d80e577104f04f9dc527bcbdecbac1e0bd777c98286ecfff8aeba7,timestamped_live_quote,FBS vs FBS
2026-10-01T12:42:26Z,7e365956ef23823565a044a5af18736a,2026-10-03T19:45:00Z,James Madison Dukes,Marshall Thundering Herd,lowvig,LowVig.ag,2026-10-01T12:42:16Z,2026-10-01T12:42:15Z,Marshall Thundering Herd,18.5,-101.0,2026,2026-10-01T12:42:26Z,1344,15.351953422559099,-3.1087362778305163,20.960689700389615,807aa80048d80e577104f04f9dc527bcbdecbac1e0bd777c98286ecfff8aeba7,timestamped_live_quote,FBS vs FBS
2026-10-01T12:42:26Z,7e365956ef23823565a044a5af18736a,2026-10-03T19:45:00Z,James Madison Dukes,Marshall Thundering Herd,betonlineag,BetOnline.ag,2026-10-01T12:41:25Z,2026-10-01T12:41:24Z,James Madison Dukes,-18.5,-115.0,2026,2026-10-01T12:42:26Z,1344,15.351953422559099,-3.1087362778305163,20.960689700389615,807aa80048d80e577104f04f9dc527bcbdecbac1e0bd777c98286ecfff8aeba7,timestamped_live_quote,FBS vs FBS
2026-10-01T12:42:26Z,7e365956ef23823565a044a5af18736a,2026-10-03T19:45:00Z,James Madison Dukes,Marshall Thundering Herd,betonlineag,BetOnline.ag,2026-10-01T12:41:25Z,2026-10-01T12:41:24Z,Marshall Thundering Herd,18.5,-105.0,2026,2026-10-01T12:42:26Z,1344,15.351953422559099,-3.1087362778305163,20.960689700389615,807aa80048d80e577104f04f9dc527bcbdecbac1e0bd777c98286ecfff8aeba7,timestamped_live_quote,FBS vs FBS
2026-10-01T12:42:26Z,7e365956ef23823565a044a5af18736a,2026-10-03T19:45:00Z,James Madison Dukes,Marshall Thundering Herd,mybookieag,MyBookie.ag,2026-10-01T12:42:16Z,2026-10-01T12:42:16Z,James Madison Dukes,-19.0,-110.0,2026,2026-10-01T12:42:26Z,1344,15.351953422559099,-3.1087362778305163,20.960689700389615,807aa80048d80e577104f04f9dc527bcbdecbac1e0bd777c98286ecfff8aeba7,timestamped_live_quote,FBS vs FBS
2026-10-01T12:42:26Z,7e365956ef23823565a044a5af18736a,2026-10-03T19:45:00Z,James Madison Dukes,Marshall Thundering Herd,mybookieag,MyBookie.ag,2026-10-01T12:42:16Z,2026-10-01T12:42:16Z,Marshall Thundering Herd,19.0,-110.0,2026,2026-10-01T12:42:26Z,1344,15.351953422559099,-3.1087362778305163,20.960689700389615,807aa80048d80e577104f04f9dc527bcbdecbac1e0bd777c98286ecfff8aeba7,timestamped_live_quote,FBS vs FBS
2026-10-01T12:42:26Z,7e365956ef23823565a044a5af18736a,2026-10-03T19:45:00Z,James Madison Dukes,Marshall Thundering Herd,betus,BetUS,2026-10-01T12:41:41Z,2026-10-01T12:41:41Z,James Madison Dukes,-19.0,-110.0,2026,2026-10-01T12:42:26Z,1344,15.351953422559099,-3.1087362778305163,20.960689700389615,807aa80048d80e577104f04f9dc527bcbdecbac1e0bd777c98286ecfff8aeba7,timestamped_live_quote,FBS vs FBS
2026-10-01T12:42:26Z,7e365956ef23823565a044a5af18736a,2026-10-03T19:45:00Z,James Madison Dukes,Marshall Thundering Herd,betus,BetUS,2026-10-01T12:41:41Z,2026-10-01T12:41:41Z,Marshall Thundering Herd,19.0,-110.0,2026,2026-10-01T12:42:26Z,1344,15.351953422559099,-3.1087362778305163,20.960689700389615,807aa80048d80e577104f04f9dc527bcbdecbac1e0bd777c98286ecfff8aeba7,timestamped_live_quote,FBS vs FBS
2026-10-01T12:42:26Z,7e365956ef23823565a044a5af18736a,2026-10-03T19:45:00Z,James Madison Dukes,Marshall Thundering Herd,betmgm,BetMGM,2026-10-01T12:41:44Z,2026-10-01T12:41:44Z,James Madison Dukes,-19.0,-110.0,2026,2026-10-01T12:42:26Z,1344,15.351953422559099,-3.1087362778305163,20.960689700389615,807aa80048d80e577104f04f9dc527bcbdecbac1e0bd777c98286ecfff8aeba7,timestamped_live_quote,FBS vs FBS
2026-10-01T12:42:26Z,7e365956ef23823565a044a5af18736a,2026-10-03T19:45:00Z,James Madison Dukes,Marshall Thundering Herd,betmgm,BetMGM,2026-10-01T12:41:44Z,2026-10-01T12:41:44Z,Marshall Thundering Herd,19.0,-108.0,2026,2026-10-01T12:42:26Z,1344,15.351953422559099,-3.1087362778305163,20.960689700389615,807aa80048d80e577104f04f9dc527bcbdecbac1e0bd777c98286ecfff8aeba7,timestamped_live_quote,FBS vs FBS
2026-10-01T12:42:26Z,7e365956ef23823565a044a5af18736a,2026-10-03T19:45:00Z,James Madison Dukes,Marshall Thundering Herd,bovada,Bovada,2026-10-01T12:41:12Z,2026-10-01T12:41:12Z,James Madison Dukes,-19.0,-110.0,2026,2026-10-01T12:42:26Z,1344,15.351953422559099,-3.1087362778305163,20.960689700389615,807aa80048d80e577104f04f9dc527bcbdecbac1e0bd777c98286ecfff8aeba7,timestamped_live_quote,FBS vs FBS
2026-10-01T12:42:26Z,7e365956ef23823565a044a5af18736a,2026-10-03T19:45:00Z,James Madison Dukes,Marshall Thundering Herd,bovada,Bovada,2026-10-01T12:41:12Z,2026-10-01T12:41:12Z,Marshall Thundering Herd,19.0,-110.0,2026,2026-10-01T12:42:26Z,1344,15.351953422559099,-3.1087362778305163,20.960689700389615,807aa80048d80e577104f04f9dc527bcbdecbac1e0bd777c98286ecfff8aeba7,timestamped_live_quote,FBS vs FBS
2026-10-01T12:42:26Z,0e62429ed73f84f87f603d376477749c,2026-10-03T20:00:00Z,Nebraska Cornhuskers,Maryland Terrapins,fanduel,FanDuel,2026-10-01T12:41:56Z,2026-10-01T12:41:55Z,Maryland Terrapins,14.5,-110.0,2026,2026-10-01T12:42:26Z,1344,14.840657428254152,5.1106289410611865,12.230028487192966,807aa80048d80e577104f04f9dc527bcbdecbac1e0bd777c98286ecfff8aeba7,timestamped_live_quote,FBS vs FBS
2026-10-01T12:42:26Z,0e62429ed73f84f87f603d376477749c,2026-10-03T20:00:00Z,Nebraska Cornhuskers,Maryland Terrapins,fanduel,FanDuel,2026-10-01T12:41:56Z,2026-10-01T12:41:55Z,Nebraska Cornhuskers,-14.5,-110.0,2026,2026-10-01T12:42:26Z,1344,14.840657428254152,5.1106289410611865,12.230028487192966,807aa80048d80e577104f04f9dc527bcbdecbac1e0bd777c98286ecfff8aeba7,timestamped_live_quote,FBS vs FBS
2026-10-01T12:42:26Z,0e62429ed73f84f87f603d376477749c,2026-10-03T20:00:00Z,Nebraska Cornhuskers,Maryland Terrapins,betrivers,BetRivers,2026-10-01T12:41:26Z,2026-10-01T12:41:26Z,Maryland Terrapins,14.5,-110.0,2026,2026-10-01T12:42:26Z,1344,14.840657428254152,5.1106289410611865,12.230028487192966,807aa80048d80e577104f04f9dc527bcbdecbac1e0bd777c98286ecfff8aeba7,timestamped_live_quote,FBS vs FBS
2026-10-01T12:42:26Z,0e62429ed73f84f87f603d376477749c,2026-10-03T20:00:00Z,Nebraska Cornhuskers,Maryland Terrapins,betrivers,BetRivers,2026-10-01T12:41:26Z,2026-10-01T12:41:26Z,Nebraska Cornhuskers,-14.5,-112.0,2026,2026-10-01T12:42:26Z,1344,14.840657428254152,5.1106289410611865,12.230028487192966,807aa80048d80e577104f04f9dc527bcbdecbac1e0bd777c98286ecfff8aeba7,timestamped_live_quote,FBS vs FBS
2026-10-01T12:42:26Z,0e62429ed73f84f87f603d376477749c,2026-10-03T20:00:00Z,Nebraska Cornhuskers,Maryland Terrapins,draftkings,DraftKings,2026-10-01T12:41:40Z,2026-10-01T12:41:40Z,Maryland Terrapins,14.5,-108.0,2026,2026-10-01T12:42:26Z,1344,14.840657428254152,5.1106289410611865,12.230028487192966,807aa80048d80e577104f04f9dc527bcbdecbac1e0bd777c98286ecfff8aeba7,timestamped_live_quote,FBS vs FBS
2026-10-01T12:42:26Z,0e62429ed73f84f87f603d376477749c,2026-10-03T20:00:00Z,Nebraska Cornhuskers,Maryland Terrapins,draftkings,DraftKings,2026-10-01T12:41:40Z,2026-10-01T12:41:40Z,Nebraska Cornhuskers,-14.5,-112.0,2026,2026-10-01T12:42:26Z,1344,14.840657428254152,5.1106289410611865,12.230028487192966,807aa80048d80e577104f04f9dc527bcbdecbac1e0bd777c98286ecfff8aeba7,timestamped_live_quote,FBS vs FBS
2026-10-01T12:42:26Z,0e62429ed73f84f87f603d376477749c,2026-10-03T20:00:00Z,Nebraska Cornhuskers,Maryland Terrapins,betonlineag,BetOnline.ag,2026-10-01T12:41:25Z,2026-10-01T12:41:25Z,Maryland Terrapins,14.5,-110.0,2026,2026-10-01T12:42:26Z,1344,14.840657428254152,5.1106289410611865,12.230028487192966,807aa80048d80e577104f04f9dc527bcbdecbac1e0bd777c98286ecfff8aeba7,timestamped_live_quote,FBS vs FBS
2026-10-01T12:42:26Z,0e62429ed73f84f87f603d376477749c,2026-10-03T20:00:00Z,Nebraska Cornhuskers,Maryland Terrapins,betonlineag,BetOnline.ag,2026-10-01T12:41:25Z,2026-10-01T12:41:25Z,Nebraska Cornhuskers,-14.5,-110.0,2026,2026-10-01T12:42:26Z,1344,14.840657428254152,5.1106289410611865,12.230028487192966,807aa80048d80e577104f04f9dc527bcbdecbac1e0bd777c98286ecfff8aeba7,timestamped_live_quote,FBS vs FBS
2026-10-01T12:42:26Z,0e62429ed73f84f87f603d376477749c,2026-10-03T20:00:00Z,Nebraska Cornhuskers,Maryland Terrapins,lowvig,LowVig.ag,2026-10-01T12:42:16Z,2026-10-01T12:42:15Z,Maryland Terrapins,14.5,-106.0,2026,2026-10-01T12:42:26Z,1344,14.840657428254152,5.1106289410611865,12.230028487192966,807aa80048d80e577104f04f9dc527bcbdecbac1e0bd777c98286ecfff8aeba7,timestamped_live_quote,FBS vs FBS
2026-10-01T12:42:26Z,0e62429ed73f84f87f603d376477749c,2026-10-03T20:00:00Z,Nebraska Cornhuskers,Maryland Terrapins,lowvig,LowVig.ag,2026-10-01T12:42:16Z,2026-10-01T12:42:15Z,Nebraska Cornhuskers,-14.5,-106.0,2026,2026-10-01T12:42:26Z,1344,14.840657428254152,5.1106289410611865,12.230028487192966,807aa80048d80e577104f04f9dc527bcbdecbac1e0bd777c98286ecfff8aeba7,timestamped_live_quote,FBS vs FBS
2026-10-01T12:42:26Z,0e62429ed73f84f87f603d376477749c,2026-10-03T20:00:00Z,Nebraska Cornhuskers,Maryland Terrapins,mybookieag,MyBookie.ag,2026-10-01T12:42:16Z,2026-10-01T12:42:16Z,Maryland Terrapins,14.5,-110.0,2026,2026-10-01T12:42:26Z,1344,14.840657428254152,5.1106289410611865,12.230028487192966,807aa80048d80e577104f04f9dc527bcbdecbac1e0bd777c98286ecfff8aeba7,timestamped_live_quote,FBS vs FBS
2026-10-01T12:42:26Z,0e62429ed73f84f87f603d376477749c,2026-10-03T20:00:00Z,Nebraska Cornhuskers,Maryland Terrapins,mybookieag,MyBookie.ag,2026-10-01T12:42:16Z,2026-10-01T12:42:16Z,Nebraska Cornhuskers,-14.5,-110.0,2026,2026-10-01T12:42:26Z,1344,14.840657428254152,5.1106289410611865,12.230028487192966,807aa80048d80e577104f04f9dc527bcbdecbac1e0bd777c98286ecfff8aeba7,timestamped_live_quote,FBS vs FBS
2026-10-01T12:42:26Z,0e62429ed73f84f87f603d376477749c,2026-10-03T20:00:00Z,Nebraska Cornhuskers,Maryland Terrapins,betmgm,BetMGM,2026-10-01T12:41:44Z,2026-10-01T12:41:44Z,Maryland Terrapins,14.5,-110.0,2026,2026-10-01T12:42:26Z,1344,14.840657428254152,5.1106289410611865,12.230028487192966,807aa80048d80e577104f04f9dc527bcbdecbac1e0bd777c98286ecfff8aeba7,timestamped_live_quote,FBS vs FBS
2026-10-01T12:42:26Z,0e62429ed73f84f87f603d376477749c,2026-10-03T20:00:00Z,Nebraska Cornhuskers,Maryland Terrapins,betmgm,BetMGM,2026-10-01T12:41:44Z,2026-10-01T12:41:44Z,Nebraska Cornhuskers,-14.5,-108.0,2026,2026-10-01T12:42:26Z,1344,14.840657428254152,5.1106289410611865,12.230028487192966,807aa80048d80e577104f04f9dc527bcbdecbac1e0bd777c98286ecfff8aeba7,timestamped_live_quote,FBS vs FBS
2026-10-01T12:42:26Z,0e62429ed73f84f87f603d376477749c,2026-10-03T20:00:00Z,Nebraska Cornhuskers,Maryland Terrapins,betus,BetUS,2026-10-01T12:41:41Z,2026-10-01T12:41:41Z,Maryland Terrapins,15.0,-110.0,2026,2026-10-01T12:42:26Z,1344,14.840657428254152,5.1106289410611865,12.230028487192966,807aa80048d80e577104f04f9dc527bcbdecbac1e0bd777c98286ecfff8aeba7,timestamped_live_quote,FBS vs FBS
2026-10-01T12:42:26Z,0e62429ed73f84f87f603d376477749c,2026-10-03T20:00:00Z,Nebraska Cornhuskers,Maryland Terrapins,betus,BetUS,2026-10-01T12:41:41Z,2026-10-01T12:41:41Z,Nebraska Cornhuskers,-15.0,-110.0,2026,2026-10-01T12:42:26Z,1344,14.840657428254152,5.1106289410611865,12.230028487192966,807aa80048d80e577104f04f9dc527bcbdecbac1e0bd777c98286ecfff8aeba7,timestamped_live_quote,FBS vs FBS
2026-10-01T12:42:26Z,0e62429ed73f84f87f603d376477749c,2026-10-03T20:00:00Z,Nebraska Cornhuskers,Maryland Terrapins,bovada,Bovada,2026-10-01T12:41:12Z,2026-10-01T12:41:12Z,Maryland Terrapins,14.5,-110.0,2026,2026-10-01T12:42:26Z,1344,14.840657428254152,5.1106289410611865,12.230028487192966,807aa80048d80e577104f04f9dc527bcbdecbac1e0bd777c98286ecfff8aeba7,timestamped_live_quote,FBS vs FBS
2026-10-01T12:42:26Z,0e62429ed73f84f87f603d376477749c,2026-10-03T20:00:00Z,Nebraska Cornhuskers,Maryland Terrapins,bovada,Bovada,2026-10-01T12:41:12Z,2026-10-01T12:41:12Z,Nebraska Cornhuskers,-14.5,-110.0,2026,2026-10-01T12:42:26Z,1344,14.840657428254152,5.1106289410611865,12.230028487192966,807aa80048d80e577104f04f9dc527bcbdecbac1e0bd777c98286ecfff8aeba7,timestamped_live_quote,FBS vs FBS
2026-10-01T12:42:26Z,e7e3e3bfc3fd7fca7550ecf48cb78666,2026-10-03T20:00:00Z,New Mexico Lobos,UTEP Miners,draftkings,DraftKings,2026-10-01T12:41:40Z,2026-10-01T12:41:40Z,New Mexico Lobos,-22.5,-112.0,2026,2026-10-01T12:42:26Z,1344,11.843249834156492,-7.720074412950458,22.063324247106948,807aa80048d80e577104f04f9dc527bcbdecbac1e0bd777c98286ecfff8aeba7,timestamped_live_quote,FBS vs FBS
2026-10-01T12:42:26Z,e7e3e3bfc3fd7fca7550ecf48cb78666,2026-10-03T20:00:00Z,New Mexico Lobos,UTEP Miners,draftkings,DraftKings,2026-10-01T12:41:40Z,2026-10-01T12:41:40Z,UTEP Miners,22.5,-108.0,2026,2026-10-01T12:42:26Z,1344,11.843249834156492,-7.720074412950458,22.063324247106948,807aa80048d80e577104f04f9dc527bcbdecbac1e0bd777c98286ecfff8aeba7,timestamped_live_quote,FBS vs FBS
2026-10-01T12:42:26Z,e7e3e3bfc3fd7fca7550ecf48cb78666,2026-10-03T20:00:00Z,New Mexico Lobos,UTEP Miners,betonlineag,BetOnline.ag,2026-10-01T12:41:25Z,2026-10-01T12:41:25Z,New Mexico Lobos,-22.5,-115.0,2026,2026-10-01T12:42:26Z,1344,11.843249834156492,-7.720074412950458,22.063324247106948,807aa80048d80e577104f04f9dc527bcbdecbac1e0bd777c98286ecfff8aeba7,timestamped_live_quote,FBS vs FBS
2026-10-01T12:42:26Z,e7e3e3bfc3fd7fca7550ecf48cb78666,2026-10-03T20:00:00Z,New Mexico Lobos,UTEP Miners,betonlineag,BetOnline.ag,2026-10-01T12:41:25Z,2026-10-01T12:41:25Z,UTEP Miners,22.5,-105.0,2026,2026-10-01T12:42:26Z,1344,11.843249834156492,-7.720074412950458,22.063324247106948,807aa80048d80e577104f04f9dc527bcbdecbac1e0bd777c98286ecfff8aeba7,timestamped_live_quote,FBS vs FBS
2026-10-01T12:42:26Z,e7e3e3bfc3fd7fca7550ecf48cb78666,2026-10-03T20:00:00Z,New Mexico Lobos,UTEP Miners,lowvig,LowVig.ag,2026-10-01T12:42:16Z,2026-10-01T12:42:15Z,New Mexico Lobos,-22.5,-111.0,2026,2026-10-01T12:42:26Z,1344,11.843249834156492,-7.720074412950458,22.063324247106948,807aa80048d80e577104f04f9dc527bcbdecbac1e0bd777c98286ecfff8aeba7,timestamped_live_quote,FBS vs FBS
2026-10-01T12:42:26Z,e7e3e3bfc3fd7fca7550ecf48cb78666,2026-10-03T20:00:00Z,New Mexico Lobos,UTEP Miners,lowvig,LowVig.ag,2026-10-01T12:42:16Z,2026-10-01T12:42:15Z,UTEP Miners,22.5,-101.0,2026,2026-10-01T12:42:26Z,1344,11.843249834156492,-7.720074412950458,22.063324247106948,807aa80048d80e577104f04f9dc527bcbdecbac1e0bd777c98286ecfff8aeba7,timestamped_live_quote,FBS vs FBS
2026-10-01T12:42:26Z,e7e3e3bfc3fd7fca7550ecf48cb78666,2026-10-03T20:00:00Z,New Mexico Lobos,UTEP Miners,fanduel,FanDuel,2026-10-01T12:41:56Z,2026-10-01T12:41:55Z,New Mexico Lobos,-22.5,-110.0,2026,2026-10-01T12:42:26Z,1344,11.843249834156492,-7.720074412950458,22.063324247106948,807aa80048d80e577104f04f9dc527bcbdecbac1e0bd777c98286ecfff8aeba7,timestamped_live_quote,FBS vs FBS
2026-10-01T12:42:26Z,e7e3e3bfc3fd7fca7550ecf48cb78666,2026-10-03T20:00:00Z,New Mexico Lobos,UTEP Miners,fanduel,FanDuel,2026-10-01T12:41:56Z,2026-10-01T12:41:55Z,UTEP Miners,22.5,-110.0,2026,2026-10-01T12:42:26Z,1344,11.843249834156492,-7.720074412950458,22.063324247106948,807aa80048d80e577104f04f9dc527bcbdecbac1e0bd777c98286ecfff8aeba7,timestamped_live_quote,FBS vs FBS
2026-10-01T12:42:26Z,e7e3e3bfc3fd7fca7550ecf48cb78666,2026-10-03T20:00:00Z,New Mexico Lobos,UTEP Miners,mybookieag,MyBookie.ag,2026-10-01T12:42:16Z,2026-10-01T12:42:16Z,New Mexico Lobos,-22.5,-110.0,2026,2026-10-01T12:42:26Z,1344,11.843249834156492,-7.720074412950458,22.063324247106948,807aa80048d80e577104f04f9dc527bcbdecbac1e0bd777c98286ecfff8aeba7,timestamped_live_quote,FBS vs FBS
2026-10-01T12:42:26Z,e7e3e3bfc3fd7fca7550ecf48cb78666,2026-10-03T20:00:00Z,New Mexico Lobos,UTEP Miners,mybookieag,MyBookie.ag,2026-10-01T12:42:16Z,2026-10-01T12:42:16Z,UTEP Miners,22.5,-110.0,2026,2026-10-01T12:42:26Z,1344,11.843249834156492,-7.720074412950458,22.063324247106948,807aa80048d80e577104f04f9dc527bcbdecbac1e0bd777c98286ecfff8aeba7,timestamped_live_quote,FBS vs FBS
2026-10-01T12:42:26Z,e7e3e3bfc3fd7fca7550ecf48cb78666,2026-10-03T20:00:00Z,New Mexico Lobos,UTEP Miners,betmgm,BetMGM,2026-10-01T12:41:44Z,2026-10-01T12:41:44Z,New Mexico Lobos,-22.5,-110.0,2026,2026-10-01T12:42:26Z,1344,11.843249834156492,-7.720074412950458,22.063324247106948,807aa80048d80e577104f04f9dc527bcbdecbac1e0bd777c98286ecfff8aeba7,timestamped_live_quote,FBS vs FBS
2026-10-01T12:42:26Z,e7e3e3bfc3fd7fca7550ecf48cb78666,2026-10-03T20:00:00Z,New Mexico Lobos,UTEP Miners,betmgm,BetMGM,2026-10-01T12:41:44Z,2026-10-01T12:41:44Z,UTEP Miners,22.5,-108.0,2026,2026-10-01T12:42:26Z,1344,11.843249834156492,-7.720074412950458,22.063324247106948,807aa80048d80e577104f04f9dc527bcbdecbac1e0bd777c98286ecfff8aeba7,timestamped_live_quote,FBS vs FBS
2026-10-01T12:42:26Z,e7e3e3bfc3fd7fca7550ecf48cb78666,2026-10-03T20:00:00Z,New Mexico Lobos,UTEP Miners,betus,BetUS,2026-10-01T12:41:41Z,2026-10-01T12:41:41Z,New Mexico Lobos,-22.5,-115.0,2026,2026-10-01T12:42:26Z,1344,11.843249834156492,-7.720074412950458,22.063324247106948,807aa80048d80e577104f04f9dc527bcbdecbac1e0bd777c98286ecfff8aeba7,timestamped_live_quote,FBS vs FBS
2026-10-01T12:42:26Z,e7e3e3bfc3fd7fca7550ecf48cb78666,2026-10-03T20:00:00Z,New Mexico Lobos,UTEP Miners,betus,BetUS,2026-10-01T12:41:41Z,2026-10-01T12:41:41Z,UTEP Miners,22.5,-105.0,2026,2026-10-01T12:42:26Z,1344,11.843249834156492,-7.720074412950458,22.063324247106948,807aa80048d80e577104f04f9dc527bcbdecbac1e0bd777c98286ecfff8aeba7,timestamped_live_quote,FBS vs FBS
2026-10-01T12:42:26Z,e7e3e3bfc3fd7fca7550ecf48cb78666,2026-10-03T20:00:00Z,New Mexico Lobos,UTEP Miners,betrivers,BetRivers,2026-10-01T12:41:26Z,2026-10-01T12:41:26Z,New Mexico Lobos,-22.5,-114.0,2026,2026-10-01T12:42:26Z,1344,11.843249834156492,-7.720074412950458,22.063324247106948,807aa80048d80e577104f04f9dc527bcbdecbac1e0bd777c98286ecfff8aeba7,timestamped_live_quote,FBS vs FBS
2026-10-01T12:42:26Z,e7e3e3bfc3fd7fca7550ecf48cb78666,2026-10-03T20:00:00Z,New Mexico Lobos,UTEP Miners,betrivers,BetRivers,2026-10-01T12:41:26Z,2026-10-01T12:41:26Z,UTEP Miners,22.5,-109.0,2026,2026-10-01T12:42:26Z,1344,11.843249834156492,-7.720074412950458,22.063324247106948,807aa80048d80e577104f04f9dc527bcbdecbac1e0bd777c98286ecfff8aeba7,timestamped_live_quote,FBS vs FBS
2026-10-01T12:42:26Z,e7e3e3bfc3fd7fca7550ecf48cb78666,2026-10-03T20:00:00Z,New Mexico Lobos,UTEP Miners,bovada,Bovada,2026-10-01T12:41:12Z,2026-10-01T12:41:12Z,New Mexico Lobos,-22.5,-110.0,2026,2026-10-01T12:42:26Z,1344,11.843249834156492,-7.720074412950458,22.063324247106948,807aa80048d80e577104f04f9dc527bcbdecbac1e0bd777c98286ecfff8aeba7,timestamped_live_quote,FBS vs FBS
2026-10-01T12:42:26Z,e7e3e3bfc3fd7fca7550ecf48cb78666,2026-10-03T20:00:00Z,New Mexico Lobos,UTEP Miners,bovada,Bovada,2026-10-01T12:41:12Z,2026-10-01T12:41:12Z,UTEP Miners,22.5,-110.0,2026,2026-10-01T12:42:26Z,1344,11.843249834156492,-7.720074412950458,22.063324247106948,807aa80048d80e577104f04f9dc527bcbdecbac1e0bd777c98286ecfff8aeba7,timestamped_live_quote,FBS vs FBS
2026-10-01T12:42:26Z,0cdf52fe0d6bfe0664b76a2102f8b605,2026-10-03T20:15:00Z,Illinois Fighting Illini,Purdue Boilermakers,fanduel,FanDuel,2026-10-01T12:41:56Z,2026-10-01T12:41:55Z,Illinois Fighting Illini,-10.5,-102.0,2026,2026-10-01T12:42:26Z,1344,6.627533793059267,-0.04015275897200191,9.167686552031268,807aa80048d80e577104f04f9dc527bcbdecbac1e0bd777c98286ecfff8aeba7,timestamped_live_quote,FBS vs FBS
2026-10-01T12:42:26Z,0cdf52fe0d6bfe0664b76a2102f8b605,2026-10-03T20:15:00Z,Illinois Fighting Illini,Purdue Boilermakers,fanduel,FanDuel,2026-10-01T12:41:56Z,2026-10-01T12:41:55Z,Purdue Boilermakers,10.5,-120.0,2026,2026-10-01T12:42:26Z,1344,6.627533793059267,-0.04015275897200191,9.167686552031268,807aa80048d80e577104f04f9dc527bcbdecbac1e0bd777c98286ecfff8aeba7,timestamped_live_quote,FBS vs FBS
2026-10-01T12:42:26Z,0cdf52fe0d6bfe0664b76a2102f8b605,2026-10-03T20:15:00Z,Illinois Fighting Illini,Purdue Boilermakers,betrivers,BetRivers,2026-10-01T12:41:26Z,2026-10-01T12:41:26Z,Illinois Fighting Illini,-10.0,-115.0,2026,2026-10-01T12:42:26Z,1344,6.627533793059267,-0.04015275897200191,9.167686552031268,807aa80048d80e577104f04f9dc527bcbdecbac1e0bd777c98286ecfff8aeba7,timestamped_live_quote,FBS vs FBS
2026-10-01T12:42:26Z,0cdf52fe0d6bfe0664b76a2102f8b605,2026-10-03T20:15:00Z,Illinois Fighting Illini,Purdue Boilermakers,betrivers,BetRivers,2026-10-01T12:41:26Z,2026-10-01T12:41:26Z,Purdue Boilermakers,10.0,-108.0,2026,2026-10-01T12:42:26Z,1344,6.627533793059267,-0.04015275897200191,9.167686552031268,807aa80048d80e577104f04f9dc527bcbdecbac1e0bd777c98286ecfff8aeba7,timestamped_live_quote,FBS vs FBS
2026-10-01T12:42:26Z,0cdf52fe0d6bfe0664b76a2102f8b605,2026-10-03T20:15:00Z,Illinois Fighting Illini,Purdue Boilermakers,draftkings,DraftKings,2026-10-01T12:41:40Z,2026-10-01T12:41:40Z,Illinois Fighting Illini,-10.0,-108.0,2026,2026-10-01T12:42:26Z,1344,6.627533793059267,-0.04015275897200191,9.167686552031268,807aa80048d80e577104f04f9dc527bcbdecbac1e0bd777c98286ecfff8aeba7,timestamped_live_quote,FBS vs FBS
2026-10-01T12:42:26Z,0cdf52fe0d6bfe0664b76a2102f8b605,2026-10-03T20:15:00Z,Illinois Fighting Illini,Purdue Boilermakers,draftkings,DraftKings,2026-10-01T12:41:40Z,2026-10-01T12:41:40Z,Purdue Boilermakers,10.0,-112.0,2026,2026-10-01T12:42:26Z,1344,6.627533793059267,-0.04015275897200191,9.167686552031268,807aa80048d80e577104f04f9dc527bcbdecbac1e0bd777c98286ecfff8aeba7,timestamped_live_quote,FBS vs FBS
2026-10-01T12:42:26Z,0cdf52fe0d6bfe0664b76a2102f8b605,2026-10-03T20:15:00Z,Illinois Fighting Illini,Purdue Boilermakers,betonlineag,BetOnline.ag,2026-10-01T12:41:25Z,2026-10-01T12:41:25Z,Illinois Fighting Illini,-10.0,-105.0,2026,2026-10-01T12:42:26Z,1344,6.627533793059267,-0.04015275897200191,9.167686552031268,807aa80048d80e577104f04f9dc527bcbdecbac1e0bd777c98286ecfff8aeba7,timestamped_live_quote,FBS vs FBS
2026-10-01T12:42:26Z,0cdf52fe0d6bfe0664b76a2102f8b605,2026-10-03T20:15:00Z,Illinois Fighting Illini,Purdue Boilermakers,betonlineag,BetOnline.ag,2026-10-01T12:41:25Z,2026-10-01T12:41:25Z,Purdue Boilermakers,10.0,-115.0,2026,2026-10-01T12:42:26Z,1344,6.627533793059267,-0.04015275897200191,9.167686552031268,807aa80048d80e577104f04f9dc527bcbdecbac1e0bd777c98286ecfff8aeba7,timestamped_live_quote,FBS vs FBS
2026-10-01T12:42:26Z,0cdf52fe0d6bfe0664b76a2102f8b605,2026-10-03T20:15:00Z,Illinois Fighting Illini,Purdue Boilermakers,lowvig,LowVig.ag,2026-10-01T12:42:16Z,2026-10-01T12:42:15Z,Illinois Fighting Illini,-10.0,-101.0,2026,2026-10-01T12:42:26Z,1344,6.627533793059267,-0.04015275897200191,9.167686552031268,807aa80048d80e577104f04f9dc527bcbdecbac1e0bd777c98286ecfff8aeba7,timestamped_live_quote,FBS vs FBS
2026-10-01T12:42:26Z,0cdf52fe0d6bfe0664b76a2102f8b605,2026-10-03T20:15:00Z,Illinois Fighting Illini,Purdue Boilermakers,lowvig,LowVig.ag,2026-10-01T12:42:16Z,2026-10-01T12:42:15Z,Purdue Boilermakers,10.0,-111.0,2026,2026-10-01T12:42:26Z,1344,6.627533793059267,-0.04015275897200191,9.167686552031268,807aa80048d80e577104f04f9dc527bcbdecbac1e0bd777c98286ecfff8aeba7,timestamped_live_quote,FBS vs FBS
2026-10-01T12:42:26Z,0cdf52fe0d6bfe0664b76a2102f8b605,2026-10-03T20:15:00Z,Illinois Fighting Illini,Purdue Boilermakers,mybookieag,MyBookie.ag,2026-10-01T12:42:16Z,2026-10-01T12:42:16Z,Illinois Fighting Illini,-10.0,-110.0,2026,2026-10-01T12:42:26Z,1344,6.627533793059267,-0.04015275897200191,9.167686552031268,807aa80048d80e577104f04f9dc527bcbdecbac1e0bd777c98286ecfff8aeba7,timestamped_live_quote,FBS vs FBS
2026-10-01T12:42:26Z,0cdf52fe0d6bfe0664b76a2102f8b605,2026-10-03T20:15:00Z,Illinois Fighting Illini,Purdue Boilermakers,mybookieag,MyBookie.ag,2026-10-01T12:42:16Z,2026-10-01T12:42:16Z,Purdue Boilermakers,10.0,-110.0,2026,2026-10-01T12:42:26Z,1344,6.627533793059267,-0.04015275897200191,9.167686552031268,807aa80048d80e577104f04f9dc527bcbdecbac1e0bd777c98286ecfff8aeba7,timestamped_live_quote,FBS vs FBS
2026-10-01T12:42:26Z,0cdf52fe0d6bfe0664b76a2102f8b605,2026-10-03T20:15:00Z,Illinois Fighting Illini,Purdue Boilermakers,betmgm,BetMGM,2026-10-01T12:41:44Z,2026-10-01T12:41:44Z,Illinois Fighting Illini,-9.5,-112.0,2026,2026-10-01T12:42:26Z,1344,6.627533793059267,-0.04015275897200191,9.167686552031268,807aa80048d80e577104f04f9dc527bcbdecbac1e0bd777c98286ecfff8aeba7,timestamped_live_quote,FBS vs FBS
2026-10-01T12:42:26Z,0cdf52fe0d6bfe0664b76a2102f8b605,2026-10-03T20:15:00Z,Illinois Fighting Illini,Purdue Boilermakers,betmgm,BetMGM,2026-10-01T12:41:44Z,2026-10-01T12:41:44Z,Purdue Boilermakers,9.5,-105.0,2026,2026-10-01T12:42:26Z,1344,6.627533793059267,-0.04015275897200191,9.167686552031268,807aa80048d80e577104f04f9dc527bcbdecbac1e0bd777c98286ecfff8aeba7,timestamped_live_quote,FBS vs FBS
2026-10-01T12:42:26Z,0cdf52fe0d6bfe0664b76a2102f8b605,2026-10-03T20:15:00Z,Illinois Fighting Illini,Purdue Boilermakers,betus,BetUS,2026-10-01T12:41:41Z,2026-10-01T12:41:41Z,Illinois Fighting Illini,-10.0,-110.0,2026,2026-10-01T12:42:26Z,1344,6.627533793059267,-0.04015275897200191,9.167686552031268,807aa80048d80e577104f04f9dc527bcbdecbac1e0bd777c98286ecfff8aeba7,timestamped_live_quote,FBS vs FBS
2026-10-01T12:42:26Z,0cdf52fe0d6bfe0664b76a2102f8b605,2026-10-03T20:15:00Z,Illinois Fighting Illini,Purdue Boilermakers,betus,BetUS,2026-10-01T12:41:41Z,2026-10-01T12:41:41Z,Purdue Boilermakers,10.0,-110.0,2026,2026-10-01T12:42:26Z,1344,6.627533793059267,-0.04015275897200191,9.167686552031268,807aa80048d80e577104f04f9dc527bcbdecbac1e0bd777c98286ecfff8aeba7,timestamped_live_quote,FBS vs FBS
2026-10-01T12:42:26Z,0cdf52fe0d6bfe0664b76a2102f8b605,2026-10-03T20:15:00Z,Illinois Fighting Illini,Purdue Boilermakers,bovada,Bovada,2026-10-01T12:41:12Z,2026-10-01T12:41:12Z,Illinois Fighting Illini,-10.0,-105.0,2026,2026-10-01T12:42:26Z,1344,6.627533793059267,-0.04015275897200191,9.167686552031268,807aa80048d80e577104f04f9dc527bcbdecbac1e0bd777c98286ecfff8aeba7,timestamped_live_quote,FBS vs FBS
2026-10-01T12:42:26Z,0cdf52fe0d6bfe0664b76a2102f8b605,2026-10-03T20:15:00Z,Illinois Fighting Illini,Purdue Boilermakers,bovada,Bovada,2026-10-01T12:41:12Z,2026-10-01T12:41:12Z,Purdue Boilermakers,10.0,-115.0,2026,2026-10-01T12:42:26Z,1344,6.627533793059267,-0.04015275897200191,9.167686552031268,807aa80048d80e577104f04f9dc527bcbdecbac1e0bd777c98286ecfff8aeba7,timestamped_live_quote,FBS vs FBS
2026-10-01T12:42:26Z,59abc1d6262d2ea6a72c4daad4c83af2,2026-10-03T20:15:00Z,South Carolina Gamecocks,Kentucky Wildcats,draftkings,DraftKings,2026-10-01T12:41:40Z,2026-10-01T12:41:40Z,Kentucky Wildcats,3.0,-108.0,2026,2026-10-01T12:42:26Z,1344,7.54694231566085,8.156413544188013,1.8905287714728374,807aa80048d80e577104f04f9dc527bcbdecbac1e0bd777c98286ecfff8aeba7,timestamped_live_quote,FBS vs FBS
2026-10-01T12:42:26Z,59abc1d6262d2ea6a72c4daad4c83af2,2026-10-03T20:15:00Z,South Carolina Gamecocks,Kentucky Wildcats,draftkings,DraftKings,2026-10-01T12:41:40Z,2026-10-01T12:41:40Z,South Carolina Gamecocks,-3.0,-112.0,2026,2026-10-01T12:42:26Z,1344,7.54694231566085,8.156413544188013,1.8905287714728374,807aa80048d80e577104f04f9dc527bcbdecbac1e0bd777c98286ecfff8aeba7,timestamped_live_quote,FBS vs FBS
2026-10-01T12:42:26Z,59abc1d6262d2ea6a72c4daad4c83af2,2026-10-03T20:15:00Z,South Carolina Gamecocks,Kentucky Wildcats,fanduel,FanDuel,2026-10-01T12:41:56Z,2026-10-01T12:41:55Z,Kentucky Wildcats,2.5,-102.0,2026,2026-10-01T12:42:26Z,1344,7.54694231566085,8.156413544188013,1.8905287714728374,807aa80048d80e577104f04f9dc527bcbdecbac1e0bd777c98286ecfff8aeba7,timestamped_live_quote,FBS vs FBS
2026-10-01T12:42:26Z,59abc1d6262d2ea6a72c4daad4c83af2,2026-10-03T20:15:00Z,South Carolina Gamecocks,Kentucky Wildcats,fanduel,FanDuel,2026-10-01T12:41:56Z,2026-10-01T12:41:55Z,South Carolina Gamecocks,-2.5,-120.0,2026,2026-10-01T12:42:26Z,1344,7.54694231566085,8.156413544188013,1.8905287714728374,807aa80048d80e577104f04f9dc527bcbdecbac1e0bd777c98286ecfff8aeba7,timestamped_live_quote,FBS vs FBS
2026-10-01T12:42:26Z,59abc1d6262d2ea6a72c4daad4c83af2,2026-10-03T20:15:00Z,South Carolina Gamecocks,Kentucky Wildcats,betrivers,BetRivers,2026-10-01T12:41:26Z,2026-10-01T12:41:26Z,Kentucky Wildcats,3.0,-113.0,2026,2026-10-01T12:42:26Z,1344,7.54694231566085,8.156413544188013,1.8905287714728374,807aa80048d80e577104f04f9dc527bcbdecbac1e0bd777c98286ecfff8aeba7,timestamped_live_quote,FBS vs FBS
2026-10-01T12:42:26Z,59abc1d6262d2ea6a72c4daad4c83af2,2026-10-03T20:15:00Z,South Carolina Gamecocks,Kentucky Wildcats,betrivers,BetRivers,2026-10-01T12:41:26Z,2026-10-01T12:41:26Z,South Carolina Gamecocks,-3.0,-110.0,2026,2026-10-01T12:42:26Z,1344,7.54694231566085,8.156413544188013,1.8905287714728374,807aa80048d80e577104f04f9dc527bcbdecbac1e0bd777c98286ecfff8aeba7,timestamped_live_quote,FBS vs FBS
2026-10-01T12:42:26Z,59abc1d6262d2ea6a72c4daad4c83af2,2026-10-03T20:15:00Z,South Carolina Gamecocks,Kentucky Wildcats,betonlineag,BetOnline.ag,2026-10-01T12:41:25Z,2026-10-01T12:41:25Z,Kentucky Wildcats,3.5,-116.0,2026,2026-10-01T12:42:26Z,1344,7.54694231566085,8.156413544188013,1.8905287714728374,807aa80048d80e577104f04f9dc527bcbdecbac1e0bd777c98286ecfff8aeba7,timestamped_live_quote,FBS vs FBS
2026-10-01T12:42:26Z,59abc1d6262d2ea6a72c4daad4c83af2,2026-10-03T20:15:00Z,South Carolina Gamecocks,Kentucky Wildcats,betonlineag,BetOnline.ag,2026-10-01T12:41:25Z,2026-10-01T12:41:25Z,South Carolina Gamecocks,-3.5,-104.0,2026,2026-10-01T12:42:26Z,1344,7.54694231566085,8.156413544188013,1.8905287714728374,807aa80048d80e577104f04f9dc527bcbdecbac1e0bd777c98286ecfff8aeba7,timestamped_live_quote,FBS vs FBS
2026-10-01T12:42:26Z,59abc1d6262d2ea6a72c4daad4c83af2,2026-10-03T20:15:00Z,South Carolina Gamecocks,Kentucky Wildcats,lowvig,LowVig.ag,2026-10-01T12:42:16Z,2026-10-01T12:42:15Z,Kentucky Wildcats,3.5,-112.0,2026,2026-10-01T12:42:26Z,1344,7.54694231566085,8.156413544188013,1.8905287714728374,807aa80048d80e577104f04f9dc527bcbdecbac1e0bd777c98286ecfff8aeba7,timestamped_live_quote,FBS vs FBS
2026-10-01T12:42:26Z,59abc1d6262d2ea6a72c4daad4c83af2,2026-10-03T20:15:00Z,South Carolina Gamecocks,Kentucky Wildcats,lowvig,LowVig.ag,2026-10-01T12:42:16Z,2026-10-01T12:42:15Z,South Carolina Gamecocks,-3.5,100.0,2026,2026-10-01T12:42:26Z,1344,7.54694231566085,8.156413544188013,1.8905287714728374,807aa80048d80e577104f04f9dc527bcbdecbac1e0bd777c98286ecfff8aeba7,timestamped_live_quote,FBS vs FBS
2026-10-01T12:42:26Z,59abc1d6262d2ea6a72c4daad4c83af2,2026-10-03T20:15:00Z,South Carolina Gamecocks,Kentucky Wildcats,mybookieag,MyBookie.ag,2026-10-01T12:42:16Z,2026-10-01T12:42:16Z,Kentucky Wildcats,3.0,-110.0,2026,2026-10-01T12:42:26Z,1344,7.54694231566085,8.156413544188013,1.8905287714728374,807aa80048d80e577104f04f9dc527bcbdecbac1e0bd777c98286ecfff8aeba7,timestamped_live_quote,FBS vs FBS
2026-10-01T12:42:26Z,59abc1d6262d2ea6a72c4daad4c83af2,2026-10-03T20:15:00Z,South Carolina Gamecocks,Kentucky Wildcats,mybookieag,MyBookie.ag,2026-10-01T12:42:16Z,2026-10-01T12:42:16Z,South Carolina Gamecocks,-3.0,-110.0,2026,2026-10-01T12:42:26Z,1344,7.54694231566085,8.156413544188013,1.8905287714728374,807aa80048d80e577104f04f9dc527bcbdecbac1e0bd777c98286ecfff8aeba7,timestamped_live_quote,FBS vs FBS
2026-10-01T12:42:26Z,59abc1d6262d2ea6a72c4daad4c83af2,2026-10-03T20:15:00Z,South Carolina Gamecocks,Kentucky Wildcats,betmgm,BetMGM,2026-10-01T12:41:44Z,2026-10-01T12:41:44Z,Kentucky Wildcats,3.0,-108.0,2026,2026-10-01T12:42:26Z,1344,7.54694231566085,8.156413544188013,1.8905287714728374,807aa80048d80e577104f04f9dc527bcbdecbac1e0bd777c98286ecfff8aeba7,timestamped_live_quote,FBS vs FBS
2026-10-01T12:42:26Z,59abc1d6262d2ea6a72c4daad4c83af2,2026-10-03T20:15:00Z,South Carolina Gamecocks,Kentucky Wildcats,betmgm,BetMGM,2026-10-01T12:41:44Z,2026-10-01T12:41:44Z,South Carolina Gamecocks,-3.0,-110.0,2026,2026-10-01T12:42:26Z,1344,7.54694231566085,8.156413544188013,1.8905287714728374,807aa80048d80e577104f04f9dc527bcbdecbac1e0bd777c98286ecfff8aeba7,timestamped_live_quote,FBS vs FBS
2026-10-01T12:42:26Z,59abc1d6262d2ea6a72c4daad4c83af2,2026-10-03T20:15:00Z,South Carolina Gamecocks,Kentucky Wildcats,betus,BetUS,2026-10-01T12:41:41Z,2026-10-01T12:41:41Z,Kentucky Wildcats,3.5,-115.0,2026,2026-10-01T12:42:26Z,1344,7.54694231566085,8.156413544188013,1.8905287714728374,807aa80048d80e577104f04f9dc527bcbdecbac1e0bd777c98286ecfff8aeba7,timestamped_live_quote,FBS vs FBS
2026-10-01T12:42:26Z,59abc1d6262d2ea6a72c4daad4c83af2,2026-10-03T20:15:00Z,South Carolina Gamecocks,Kentucky Wildcats,betus,BetUS,2026-10-01T12:41:41Z,2026-10-01T12:41:41Z,South Carolina Gamecocks,-3.5,-105.0,2026,2026-10-01T12:42:26Z,1344,7.54694231566085,8.156413544188013,1.8905287714728374,807aa80048d80e577104f04f9dc527bcbdecbac1e0bd777c98286ecfff8aeba7,timestamped_live_quote,FBS vs FBS
2026-10-01T12:42:26Z,59abc1d6262d2ea6a72c4daad4c83af2,2026-10-03T20:15:00Z,South Carolina Gamecocks,Kentucky Wildcats,bovada,Bovada,2026-10-01T12:41:12Z,2026-10-01T12:41:12Z,Kentucky Wildcats,3.0,-110.0,2026,2026-10-01T12:42:26Z,1344,7.54694231566085,8.156413544188013,1.8905287714728374,807aa80048d80e577104f04f9dc527bcbdecbac1e0bd777c98286ecfff8aeba7,timestamped_live_quote,FBS vs FBS
2026-10-01T12:42:26Z,59abc1d6262d2ea6a72c4daad4c83af2,2026-10-03T20:15:00Z,South Carolina Gamecocks,Kentucky Wildcats,bovada,Bovada,2026-10-01T12:41:12Z,2026-10-01T12:41:12Z,South Carolina Gamecocks,-3.0,-110.0,2026,2026-10-01T12:42:26Z,1344,7.54694231566085,8.156413544188013,1.8905287714728374,807aa80048d80e577104f04f9dc527bcbdecbac1e0bd777c98286ecfff8aeba7,timestamped_live_quote,FBS vs FBS
2026-10-01T12:42:26Z,b30387175520051e2889230030365494,2026-10-03T22:00:00Z,Colorado State Rams,Oregon State Beavers,fanduel,FanDuel,2026-10-01T12:41:56Z,2026-10-01T12:41:55Z,Colorado State Rams,6.5,-105.0,2026,2026-10-01T12:42:26Z,1344,3.9067644541685986,7.353236520476858,-0.9464720663082593,807aa80048d80e577104f04f9dc527bcbdecbac1e0bd777c98286ecfff8aeba7,timestamped_live_quote,FBS vs FBS
2026-10-01T12:42:26Z,b30387175520051e2889230030365494,2026-10-03T22:00:00Z,Colorado State Rams,Oregon State Beavers,fanduel,FanDuel,2026-10-01T12:41:56Z,2026-10-01T12:41:55Z,Oregon State Beavers,-6.5,-115.0,2026,2026-10-01T12:42:26Z,1344,3.9067644541685986,7.353236520476858,-0.9464720663082593,807aa80048d80e577104f04f9dc527bcbdecbac1e0bd777c98286ecfff8aeba7,timestamped_live_quote,FBS vs FBS
2026-10-01T12:42:26Z,b30387175520051e2889230030365494,2026-10-03T22:00:00Z,Colorado State Rams,Oregon State Beavers,betrivers,BetRivers,2026-10-01T12:41:26Z,2026-10-01T12:41:26Z,Colorado State Rams,6.5,-113.0,2026,2026-10-01T12:42:26Z,1344,3.9067644541685986,7.353236520476858,-0.9464720663082593,807aa80048d80e577104f04f9dc527bcbdecbac1e0bd777c98286ecfff8aeba7,timestamped_live_quote,FBS vs FBS
2026-10-01T12:42:26Z,b30387175520051e2889230030365494,2026-10-03T22:00:00Z,Colorado State Rams,Oregon State Beavers,betrivers,BetRivers,2026-10-01T12:41:26Z,2026-10-01T12:41:26Z,Oregon State Beavers,-6.5,-110.0,2026,2026-10-01T12:42:26Z,1344,3.9067644541685986,7.353236520476858,-0.9464720663082593,807aa80048d80e577104f04f9dc527bcbdecbac1e0bd777c98286ecfff8aeba7,timestamped_live_quote,FBS vs FBS
2026-10-01T12:42:26Z,b30387175520051e2889230030365494,2026-10-03T22:00:00Z,Colorado State Rams,Oregon State Beavers,betonlineag,BetOnline.ag,2026-10-01T12:41:25Z,2026-10-01T12:41:25Z,Colorado State Rams,6.5,-110.0,2026,2026-10-01T12:42:26Z,1344,3.9067644541685986,7.353236520476858,-0.9464720663082593,807aa80048d80e577104f04f9dc527bcbdecbac1e0bd777c98286ecfff8aeba7,timestamped_live_quote,FBS vs FBS
2026-10-01T12:42:26Z,b30387175520051e2889230030365494,2026-10-03T22:00:00Z,Colorado State Rams,Oregon State Beavers,betonlineag,BetOnline.ag,2026-10-01T12:41:25Z,2026-10-01T12:41:25Z,Oregon State Beavers,-6.5,-110.0,2026,2026-10-01T12:42:26Z,1344,3.9067644541685986,7.353236520476858,-0.9464720663082593,807aa80048d80e577104f04f9dc527bcbdecbac1e0bd777c98286ecfff8aeba7,timestamped_live_quote,FBS vs FBS
2026-10-01T12:42:26Z,b30387175520051e2889230030365494,2026-10-03T22:00:00Z,Colorado State Rams,Oregon State Beavers,lowvig,LowVig.ag,2026-10-01T12:42:16Z,2026-10-01T12:42:15Z,Colorado State Rams,6.5,-106.0,2026,2026-10-01T12:42:26Z,1344,3.9067644541685986,7.353236520476858,-0.9464720663082593,807aa80048d80e577104f04f9dc527bcbdecbac1e0bd777c98286ecfff8aeba7,timestamped_live_quote,FBS vs FBS
2026-10-01T12:42:26Z,b30387175520051e2889230030365494,2026-10-03T22:00:00Z,Colorado State Rams,Oregon State Beavers,lowvig,LowVig.ag,2026-10-01T12:42:16Z,2026-10-01T12:42:15Z,Oregon State Beavers,-6.5,-106.0,2026,2026-10-01T12:42:26Z,1344,3.9067644541685986,7.353236520476858,-0.9464720663082593,807aa80048d80e577104f04f9dc527bcbdecbac1e0bd777c98286ecfff8aeba7,timestamped_live_quote,FBS vs FBS
2026-10-01T12:42:26Z,b30387175520051e2889230030365494,2026-10-03T22:00:00Z,Colorado State Rams,Oregon State Beavers,draftkings,DraftKings,2026-10-01T12:41:40Z,2026-10-01T12:41:40Z,Colorado State Rams,6.0,-105.0,2026,2026-10-01T12:42:26Z,1344,3.9067644541685986,7.353236520476858,-0.9464720663082593,807aa80048d80e577104f04f9dc527bcbdecbac1e0bd777c98286ecfff8aeba7,timestamped_live_quote,FBS vs FBS
2026-10-01T12:42:26Z,b30387175520051e2889230030365494,2026-10-03T22:00:00Z,Colorado State Rams,Oregon State Beavers,draftkings,DraftKings,2026-10-01T12:41:40Z,2026-10-01T12:41:40Z,Oregon State Beavers,-6.0,-115.0,2026,2026-10-01T12:42:26Z,1344,3.9067644541685986,7.353236520476858,-0.9464720663082593,807aa80048d80e577104f04f9dc527bcbdecbac1e0bd777c98286ecfff8aeba7,timestamped_live_quote,FBS vs FBS
2026-10-01T12:42:26Z,b30387175520051e2889230030365494,2026-10-03T22:00:00Z,Colorado State Rams,Oregon State Beavers,mybookieag,MyBookie.ag,2026-10-01T12:42:16Z,2026-10-01T12:42:16Z,Colorado State Rams,6.0,-110.0,2026,2026-10-01T12:42:26Z,1344,3.9067644541685986,7.353236520476858,-0.9464720663082593,807aa80048d80e577104f04f9dc527bcbdecbac1e0bd777c98286ecfff8aeba7,timestamped_live_quote,FBS vs FBS
2026-10-01T12:42:26Z,b30387175520051e2889230030365494,2026-10-03T22:00:00Z,Colorado State Rams,Oregon State Beavers,mybookieag,MyBookie.ag,2026-10-01T12:42:16Z,2026-10-01T12:42:16Z,Oregon State Beavers,-6.0,-110.0,2026,2026-10-01T12:42:26Z,1344,3.9067644541685986,7.353236520476858,-0.9464720663082593,807aa80048d80e577104f04f9dc527bcbdecbac1e0bd777c98286ecfff8aeba7,timestamped_live_quote,FBS vs FBS
2026-10-01T12:42:26Z,b30387175520051e2889230030365494,2026-10-03T22:00:00Z,Colorado State Rams,Oregon State Beavers,betmgm,BetMGM,2026-10-01T12:41:44Z,2026-10-01T12:41:44Z,Colorado State Rams,6.5,-108.0,2026,2026-10-01T12:42:26Z,1344,3.9067644541685986,7.353236520476858,-0.9464720663082593,807aa80048d80e577104f04f9dc527bcbdecbac1e0bd777c98286ecfff8aeba7,timestamped_live_quote,FBS vs FBS
2026-10-01T12:42:26Z,b30387175520051e2889230030365494,2026-10-03T22:00:00Z,Colorado State Rams,Oregon State Beavers,betmgm,BetMGM,2026-10-01T12:41:44Z,2026-10-01T12:41:44Z,Oregon State Beavers,-6.5,-110.0,2026,2026-10-01T12:42:26Z,1344,3.9067644541685986,7.353236520476858,-0.9464720663082593,807aa80048d80e577104f04f9dc527bcbdecbac1e0bd777c98286ecfff8aeba7,timestamped_live_quote,FBS vs FBS
2026-10-01T12:42:26Z,b30387175520051e2889230030365494,2026-10-03T22:00:00Z,Colorado State Rams,Oregon State Beavers,betus,BetUS,2026-10-01T12:41:41Z,2026-10-01T12:41:41Z,Colorado State Rams,6.5,-110.0,2026,2026-10-01T12:42:26Z,1344,3.9067644541685986,7.353236520476858,-0.9464720663082593,807aa80048d80e577104f04f9dc527bcbdecbac1e0bd777c98286ecfff8aeba7,timestamped_live_quote,FBS vs FBS
2026-10-01T12:42:26Z,b30387175520051e2889230030365494,2026-10-03T22:00:00Z,Colorado State Rams,Oregon State Beavers,betus,BetUS,2026-10-01T12:41:41Z,2026-10-01T12:41:41Z,Oregon State Beavers,-6.5,-110.0,2026,2026-10-01T12:42:26Z,1344,3.9067644541685986,7.353236520476858,-0.9464720663082593,807aa80048d80e577104f04f9dc527bcbdecbac1e0bd777c98286ecfff8aeba7,timestamped_live_quote,FBS vs FBS
2026-10-01T12:42:26Z,b30387175520051e2889230030365494,2026-10-03T22:00:00Z,Colorado State Rams,Oregon State Beavers,bovada,Bovada,2026-10-01T12:41:12Z,2026-10-01T12:41:12Z,Colorado State Rams,6.0,-105.0,2026,2026-10-01T12:42:26Z,1344,3.9067644541685986,7.353236520476858,-0.9464720663082593,807aa80048d80e577104f04f9dc527bcbdecbac1e0bd777c98286ecfff8aeba7,timestamped_live_quote,FBS vs FBS
2026-10-01T12:42:26Z,b30387175520051e2889230030365494,2026-10-03T22:00:00Z,Colorado State Rams,Oregon State Beavers,bovada,Bovada,2026-10-01T12:41:12Z,2026-10-01T12:41:12Z,Oregon State Beavers,-6.0,-115.0,2026,2026-10-01T12:42:26Z,1344,3.9067644541685986,7.353236520476858,-0.9464720663082593,807aa80048d80e577104f04f9dc527bcbdecbac1e0bd777c98286ecfff8aeba7,timestamped_live_quote,FBS vs FBS
2026-10-01T12:42:26Z,b3c132063b4d14cf750801c633237b9e,2026-10-03T22:00:00Z,Florida Atlantic Owls,Texas Southern Tigers,fanduel,FanDuel,2026-10-01T12:41:56Z,2026-10-01T12:41:55Z,Florida Atlantic Owls,-44.5,-108.0,2026,2026-10-01T12:42:26Z,1344,0.7259205376076817,-10.720126063124745,13.946046600732426,807aa80048d80e577104f04f9dc527bcbdecbac1e0bd777c98286ecfff8aeba7,timestamped_live_quote,FBS vs FBS
2026-10-01T12:42:26Z,b3c132063b4d14cf750801c633237b9e,2026-10-03T22:00:00Z,Florida Atlantic Owls,Texas Southern Tigers,fanduel,FanDuel,2026-10-01T12:41:56Z,2026-10-01T12:41:55Z,Texas Southern Tigers,44.5,-112.0,2026,2026-10-01T12:42:26Z,1344,0.7259205376076817,-10.720126063124745,13.946046600732426,807aa80048d80e577104f04f9dc527bcbdecbac1e0bd777c98286ecfff8aeba7,timestamped_live_quote,FBS vs FBS
2026-10-01T12:42:26Z,b3c132063b4d14cf750801c633237b9e,2026-10-03T22:00:00Z,Florida Atlantic Owls,Texas Southern Tigers,draftkings,DraftKings,2026-10-01T12:41:40Z,2026-10-01T12:41:40Z,Florida Atlantic Owls,-43.5,-110.0,2026,2026-10-01T12:42:26Z,1344,0.7259205376076817,-10.720126063124745,13.946046600732426,807aa80048d80e577104f04f9dc527bcbdecbac1e0bd777c98286ecfff8aeba7,timestamped_live_quote,FBS vs FBS
2026-10-01T12:42:26Z,b3c132063b4d14cf750801c633237b9e,2026-10-03T22:00:00Z,Florida Atlantic Owls,Texas Southern Tigers,draftkings,DraftKings,2026-10-01T12:41:40Z,2026-10-01T12:41:40Z,Texas Southern Tigers,43.5,-110.0,2026,2026-10-01T12:42:26Z,1344,0.7259205376076817,-10.720126063124745,13.946046600732426,807aa80048d80e577104f04f9dc527bcbdecbac1e0bd777c98286ecfff8aeba7,timestamped_live_quote,FBS vs FBS
2026-10-01T12:42:26Z,b3c132063b4d14cf750801c633237b9e,2026-10-03T22:00:00Z,Florida Atlantic Owls,Texas Southern Tigers,lowvig,LowVig.ag,2026-10-01T12:42:16Z,2026-10-01T12:42:16Z,Florida Atlantic Owls,-44.0,-115.0,2026,2026-10-01T12:42:26Z,1344,0.7259205376076817,-10.720126063124745,13.946046600732426,807aa80048d80e577104f04f9dc527bcbdecbac1e0bd777c98286ecfff8aeba7,timestamped_live_quote,FBS vs FBS
2026-10-01T12:42:26Z,b3c132063b4d14cf750801c633237b9e,2026-10-03T22:00:00Z,Florida Atlantic Owls,Texas Southern Tigers,lowvig,LowVig.ag,2026-10-01T12:42:16Z,2026-10-01T12:42:16Z,Texas Southern Tigers,44.0,-115.0,2026,2026-10-01T12:42:26Z,1344,0.7259205376076817,-10.720126063124745,13.946046600732426,807aa80048d80e577104f04f9dc527bcbdecbac1e0bd777c98286ecfff8aeba7,timestamped_live_quote,FBS vs FBS
2026-10-01T12:42:26Z,b3c132063b4d14cf750801c633237b9e,2026-10-03T22:00:00Z,Florida Atlantic Owls,Texas Southern Tigers,betonlineag,BetOnline.ag,2026-10-01T12:41:25Z,2026-10-01T12:41:25Z,Florida Atlantic Owls,-44.0,-115.0,2026,2026-10-01T12:42:26Z,1344,0.7259205376076817,-10.720126063124745,13.946046600732426,807aa80048d80e577104f04f9dc527bcbdecbac1e0bd777c98286ecfff8aeba7,timestamped_live_quote,FBS vs FBS
2026-10-01T12:42:26Z,b3c132063b4d14cf750801c633237b9e,2026-10-03T22:00:00Z,Florida Atlantic Owls,Texas Southern Tigers,betonlineag,BetOnline.ag,2026-10-01T12:41:25Z,2026-10-01T12:41:25Z,Texas Southern Tigers,44.0,-115.0,2026,2026-10-01T12:42:26Z,1344,0.7259205376076817,-10.720126063124745,13.946046600732426,807aa80048d80e577104f04f9dc527bcbdecbac1e0bd777c98286ecfff8aeba7,timestamped_live_quote,FBS vs FBS
2026-10-01T12:42:26Z,b3c132063b4d14cf750801c633237b9e,2026-10-03T22:00:00Z,Florida Atlantic Owls,Texas Southern Tigers,betrivers,BetRivers,2026-10-01T12:40:23Z,2026-10-01T12:40:22Z,Florida Atlantic Owls,-43.5,-113.0,2026,2026-10-01T12:42:26Z,1344,0.7259205376076817,-10.720126063124745,13.946046600732426,807aa80048d80e577104f04f9dc527bcbdecbac1e0bd777c98286ecfff8aeba7,timestamped_live_quote,FBS vs FBS
2026-10-01T12:42:26Z,b3c132063b4d14cf750801c633237b9e,2026-10-03T22:00:00Z,Florida Atlantic Owls,Texas Southern Tigers,betrivers,BetRivers,2026-10-01T12:40:23Z,2026-10-01T12:40:22Z,Texas Southern Tigers,43.5,-110.0,2026,2026-10-01T12:42:26Z,1344,0.7259205376076817,-10.720126063124745,13.946046600732426,807aa80048d80e577104f04f9dc527bcbdecbac1e0bd777c98286ecfff8aeba7,timestamped_live_quote,FBS vs FBS
2026-10-01T12:42:26Z,ff98b80b07e2f42c76c2c255e6611247,2026-10-03T23:00:00Z,Texas A&M Aggies,Arkansas Razorbacks,fanduel,FanDuel,2026-10-01T12:41:56Z,2026-10-01T12:41:55Z,Arkansas Razorbacks,13.5,100.0,2026,2026-10-01T12:42:26Z,1344,7.449359004666151,2.7018472792385064,7.247511725427644,807aa80048d80e577104f04f9dc527bcbdecbac1e0bd777c98286ecfff8aeba7,timestamped_live_quote,FBS vs FBS
2026-10-01T12:42:26Z,ff98b80b07e2f42c76c2c255e6611247,2026-10-03T23:00:00Z,Texas A&M Aggies,Arkansas Razorbacks,fanduel,FanDuel,2026-10-01T12:41:56Z,2026-10-01T12:41:55Z,Texas A&M Aggies,-13.5,-122.0,2026,2026-10-01T12:42:26Z,1344,7.449359004666151,2.7018472792385064,7.247511725427644,807aa80048d80e577104f04f9dc527bcbdecbac1e0bd777c98286ecfff8aeba7,timestamped_live_quote,FBS vs FBS
2026-10-01T12:42:26Z,ff98b80b07e2f42c76c2c255e6611247,2026-10-03T23:00:00Z,Texas A&M Aggies,Arkansas Razorbacks,betrivers,BetRivers,2026-10-01T12:41:26Z,2026-10-01T12:41:26Z,Arkansas Razorbacks,14.0,-112.0,2026,2026-10-01T12:42:26Z,1344,7.449359004666151,2.7018472792385064,7.247511725427644,807aa80048d80e577104f04f9dc527bcbdecbac1e0bd777c98286ecfff8aeba7,timestamped_live_quote,FBS vs FBS
2026-10-01T12:42:26Z,ff98b80b07e2f42c76c2c255e6611247,2026-10-03T23:00:00Z,Texas A&M Aggies,Arkansas Razorbacks,betrivers,BetRivers,2026-10-01T12:41:26Z,2026-10-01T12:41:26Z,Texas A&M Aggies,-14.0,-112.0,2026,2026-10-01T12:42:26Z,1344,7.449359004666151,2.7018472792385064,7.247511725427644,807aa80048d80e577104f04f9dc527bcbdecbac1e0bd777c98286ecfff8aeba7,timestamped_live_quote,FBS vs FBS
2026-10-01T12:42:26Z,ff98b80b07e2f42c76c2c255e6611247,2026-10-03T23:00:00Z,Texas A&M Aggies,Arkansas Razorbacks,betonlineag,BetOnline.ag,2026-10-01T12:41:25Z,2026-10-01T12:41:25Z,Arkansas Razorbacks,14.0,-115.0,2026,2026-10-01T12:42:26Z,1344,7.449359004666151,2.7018472792385064,7.247511725427644,807aa80048d80e577104f04f9dc527bcbdecbac1e0bd777c98286ecfff8aeba7,timestamped_live_quote,FBS vs FBS
2026-10-01T12:42:26Z,ff98b80b07e2f42c76c2c255e6611247,2026-10-03T23:00:00Z,Texas A&M Aggies,Arkansas Razorbacks,betonlineag,BetOnline.ag,2026-10-01T12:41:25Z,2026-10-01T12:41:25Z,Texas A&M Aggies,-14.0,-105.0,2026,2026-10-01T12:42:26Z,1344,7.449359004666151,2.7018472792385064,7.247511725427644,807aa80048d80e577104f04f9dc527bcbdecbac1e0bd777c98286ecfff8aeba7,timestamped_live_quote,FBS vs FBS
2026-10-01T12:42:26Z,ff98b80b07e2f42c76c2c255e6611247,2026-10-03T23:00:00Z,Texas A&M Aggies,Arkansas Razorbacks,lowvig,LowVig.ag,2026-10-01T12:42:16Z,2026-10-01T12:42:15Z,Arkansas Razorbacks,14.0,-111.0,2026,2026-10-01T12:42:26Z,1344,7.449359004666151,2.7018472792385064,7.247511725427644,807aa80048d80e577104f04f9dc527bcbdecbac1e0bd777c98286ecfff8aeba7,timestamped_live_quote,FBS vs FBS
2026-10-01T12:42:26Z,ff98b80b07e2f42c76c2c255e6611247,2026-10-03T23:00:00Z,Texas A&M Aggies,Arkansas Razorbacks,lowvig,LowVig.ag,2026-10-01T12:42:16Z,2026-10-01T12:42:15Z,Texas A&M Aggies,-14.0,-101.0,2026,2026-10-01T12:42:26Z,1344,7.449359004666151,2.7018472792385064,7.247511725427644,807aa80048d80e577104f04f9dc527bcbdecbac1e0bd777c98286ecfff8aeba7,timestamped_live_quote,FBS vs FBS
2026-10-01T12:42:26Z,ff98b80b07e2f42c76c2c255e6611247,2026-10-03T23:00:00Z,Texas A&M Aggies,Arkansas Razorbacks,draftkings,DraftKings,2026-10-01T12:41:41Z,2026-10-01T12:41:40Z,Arkansas Razorbacks,14.0,-112.0,2026,2026-10-01T12:42:26Z,1344,7.449359004666151,2.7018472792385064,7.247511725427644,807aa80048d80e577104f04f9dc527bcbdecbac1e0bd777c98286ecfff8aeba7,timestamped_live_quote,FBS vs FBS
2026-10-01T12:42:26Z,ff98b80b07e2f42c76c2c255e6611247,2026-10-03T23:00:00Z,Texas A&M Aggies,Arkansas Razorbacks,draftkings,DraftKings,2026-10-01T12:41:41Z,2026-10-01T12:41:40Z,Texas A&M Aggies,-14.0,-108.0,2026,2026-10-01T12:42:26Z,1344,7.449359004666151,2.7018472792385064,7.247511725427644,807aa80048d80e577104f04f9dc527bcbdecbac1e0bd777c98286ecfff8aeba7,timestamped_live_quote,FBS vs FBS
2026-10-01T12:42:26Z,ff98b80b07e2f42c76c2c255e6611247,2026-10-03T23:00:00Z,Texas A&M Aggies,Arkansas Razorbacks,mybookieag,MyBookie.ag,2026-10-01T12:42:16Z,2026-10-01T12:42:16Z,Arkansas Razorbacks,14.0,-110.0,2026,2026-10-01T12:42:26Z,1344,7.449359004666151,2.7018472792385064,7.247511725427644,807aa80048d80e577104f04f9dc527bcbdecbac1e0bd777c98286ecfff8aeba7,timestamped_live_quote,FBS vs FBS
2026-10-01T12:42:26Z,ff98b80b07e2f42c76c2c255e6611247,2026-10-03T23:00:00Z,Texas A&M Aggies,Arkansas Razorbacks,mybookieag,MyBookie.ag,2026-10-01T12:42:16Z,2026-10-01T12:42:16Z,Texas A&M Aggies,-14.0,-110.0,2026,2026-10-01T12:42:26Z,1344,7.449359004666151,2.7018472792385064,7.247511725427644,807aa80048d80e577104f04f9dc527bcbdecbac1e0bd777c98286ecfff8aeba7,timestamped_live_quote,FBS vs FBS
2026-10-01T12:42:26Z,ff98b80b07e2f42c76c2c255e6611247,2026-10-03T23:00:00Z,Texas A&M Aggies,Arkansas Razorbacks,betus,BetUS,2026-10-01T12:41:41Z,2026-10-01T12:41:41Z,Arkansas Razorbacks,14.0,-115.0,2026,2026-10-01T12:42:26Z,1344,7.449359004666151,2.7018472792385064,7.247511725427644,807aa80048d80e577104f04f9dc527bcbdecbac1e0bd777c98286ecfff8aeba7,timestamped_live_quote,FBS vs FBS
2026-10-01T12:42:26Z,ff98b80b07e2f42c76c2c255e6611247,2026-10-03T23:00:00Z,Texas A&M Aggies,Arkansas Razorbacks,betus,BetUS,2026-10-01T12:41:41Z,2026-10-01T12:41:41Z,Texas A&M Aggies,-14.0,-105.0,2026,2026-10-01T12:42:26Z,1344,7.449359004666151,2.7018472792385064,7.247511725427644,807aa80048d80e577104f04f9dc527bcbdecbac1e0bd777c98286ecfff8aeba7,timestamped_live_quote,FBS vs FBS
2026-10-01T12:42:26Z,ff98b80b07e2f42c76c2c255e6611247,2026-10-03T23:00:00Z,Texas A&M Aggies,Arkansas Razorbacks,betmgm,BetMGM,2026-10-01T12:41:44Z,2026-10-01T12:41:44Z,Arkansas Razorbacks,14.0,-110.0,2026,2026-10-01T12:42:26Z,1344,7.449359004666151,2.7018472792385064,7.247511725427644,807aa80048d80e577104f04f9dc527bcbdecbac1e0bd777c98286ecfff8aeba7,timestamped_live_quote,FBS vs FBS
2026-10-01T12:42:26Z,ff98b80b07e2f42c76c2c255e6611247,2026-10-03T23:00:00Z,Texas A&M Aggies,Arkansas Razorbacks,betmgm,BetMGM,2026-10-01T12:41:44Z,2026-10-01T12:41:44Z,Texas A&M Aggies,-14.0,-108.0,2026,2026-10-01T12:42:26Z,1344,7.449359004666151,2.7018472792385064,7.247511725427644,807aa80048d80e577104f04f9dc527bcbdecbac1e0bd777c98286ecfff8aeba7,timestamped_live_quote,FBS vs FBS
2026-10-01T12:42:26Z,ff98b80b07e2f42c76c2c255e6611247,2026-10-03T23:00:00Z,Texas A&M Aggies,Arkansas Razorbacks,bovada,Bovada,2026-10-01T12:41:12Z,2026-10-01T12:41:12Z,Arkansas Razorbacks,14.0,-115.0,2026,2026-10-01T12:42:26Z,1344,7.449359004666151,2.7018472792385064,7.247511725427644,807aa80048d80e577104f04f9dc527bcbdecbac1e0bd777c98286ecfff8aeba7,timestamped_live_quote,FBS vs FBS
2026-10-01T12:42:26Z,ff98b80b07e2f42c76c2c255e6611247,2026-10-03T23:00:00Z,Texas A&M Aggies,Arkansas Razorbacks,bovada,Bovada,2026-10-01T12:41:12Z,2026-10-01T12:41:12Z,Texas A&M Aggies,-14.0,-105.0,2026,2026-10-01T12:42:26Z,1344,7.449359004666151,2.7018472792385064,7.247511725427644,807aa80048d80e577104f04f9dc527bcbdecbac1e0bd777c98286ecfff8aeba7,timestamped_live_quote,FBS vs FBS
2026-10-01T12:42:26Z,b58c0d24e66471e6095c0a5f9afb7ce3,2026-10-03T23:00:00Z,TCU Horned Frogs,BYU Cougars,draftkings,DraftKings,2026-10-01T12:41:41Z,2026-10-01T12:41:40Z,BYU Cougars,-6.5,-112.0,2026,2026-10-01T12:42:26Z,1344,10.448063862908038,11.107333717418527,1.8407301454895109,807aa80048d80e577104f04f9dc527bcbdecbac1e0bd777c98286ecfff8aeba7,timestamped_live_quote,FBS vs FBS
2026-10-01T12:42:26Z,b58c0d24e66471e6095c0a5f9afb7ce3,2026-10-03T23:00:00Z,TCU Horned Frogs,BYU Cougars,draftkings,DraftKings,2026-10-01T12:41:41Z,2026-10-01T12:41:40Z,TCU Horned Frogs,6.5,-108.0,2026,2026-10-01T12:42:26Z,1344,10.448063862908038,11.107333717418527,1.8407301454895109,807aa80048d80e577104f04f9dc527bcbdecbac1e0bd777c98286ecfff8aeba7,timestamped_live_quote,FBS vs FBS
2026-10-01T12:42:26Z,b58c0d24e66471e6095c0a5f9afb7ce3,2026-10-03T23:00:00Z,TCU Horned Frogs,BYU Cougars,fanduel,FanDuel,2026-10-01T12:41:56Z,2026-10-01T12:41:55Z,BYU Cougars,-6.5,-110.0,2026,2026-10-01T12:42:26Z,1344,10.448063862908038,11.107333717418527,1.8407301454895109,807aa80048d80e577104f04f9dc527bcbdecbac1e0bd777c98286ecfff8aeba7,timestamped_live_quote,FBS vs FBS
2026-10-01T12:42:26Z,b58c0d24e66471e6095c0a5f9afb7ce3,2026-10-03T23:00:00Z,TCU Horned Frogs,BYU Cougars,fanduel,FanDuel,2026-10-01T12:41:56Z,2026-10-01T12:41:55Z,TCU Horned Frogs,6.5,-110.0,2026,2026-10-01T12:42:26Z,1344,10.448063862908038,11.107333717418527,1.8407301454895109,807aa80048d80e577104f04f9dc527bcbdecbac1e0bd777c98286ecfff8aeba7,timestamped_live_quote,FBS vs FBS
2026-10-01T12:42:26Z,b58c0d24e66471e6095c0a5f9afb7ce3,2026-10-03T23:00:00Z,TCU Horned Frogs,BYU Cougars,betrivers,BetRivers,2026-10-01T12:41:26Z,2026-10-01T12:41:26Z,BYU Cougars,-6.5,-109.0,2026,2026-10-01T12:42:26Z,1344,10.448063862908038,11.107333717418527,1.8407301454895109,807aa80048d80e577104f04f9dc527bcbdecbac1e0bd777c98286ecfff8aeba7,timestamped_live_quote,FBS vs FBS
2026-10-01T12:42:26Z,b58c0d24e66471e6095c0a5f9afb7ce3,2026-10-03T23:00:00Z,TCU Horned Frogs,BYU Cougars,betrivers,BetRivers,2026-10-01T12:41:26Z,2026-10-01T12:41:26Z,TCU Horned Frogs,6.5,-114.0,2026,2026-10-01T12:42:26Z,1344,10.448063862908038,11.107333717418527,1.8407301454895109,807aa80048d80e577104f04f9dc527bcbdecbac1e0bd777c98286ecfff8aeba7,timestamped_live_quote,FBS vs FBS
2026-10-01T12:42:26Z,b58c0d24e66471e6095c0a5f9afb7ce3,2026-10-03T23:00:00Z,TCU Horned Frogs,BYU Cougars,betonlineag,BetOnline.ag,2026-10-01T12:41:25Z,2026-10-01T12:41:25Z,BYU Cougars,-6.5,-115.0,2026,2026-10-01T12:42:26Z,1344,10.448063862908038,11.107333717418527,1.8407301454895109,807aa80048d80e577104f04f9dc527bcbdecbac1e0bd777c98286ecfff8aeba7,timestamped_live_quote,FBS vs FBS
2026-10-01T12:42:26Z,b58c0d24e66471e6095c0a5f9afb7ce3,2026-10-03T23:00:00Z,TCU Horned Frogs,BYU Cougars,betonlineag,BetOnline.ag,2026-10-01T12:41:25Z,2026-10-01T12:41:25Z,TCU Horned Frogs,6.5,-105.0,2026,2026-10-01T12:42:26Z,1344,10.448063862908038,11.107333717418527,1.8407301454895109,807aa80048d80e577104f04f9dc527bcbdecbac1e0bd777c98286ecfff8aeba7,timestamped_live_quote,FBS vs FBS
2026-10-01T12:42:26Z,b58c0d24e66471e6095c0a5f9afb7ce3,2026-10-03T23:00:00Z,TCU Horned Frogs,BYU Cougars,lowvig,LowVig.ag,2026-10-01T12:42:16Z,2026-10-01T12:42:15Z,BYU Cougars,-6.5,-111.0,2026,2026-10-01T12:42:26Z,1344,10.448063862908038,11.107333717418527,1.8407301454895109,807aa80048d80e577104f04f9dc527bcbdecbac1e0bd777c98286ecfff8aeba7,timestamped_live_quote,FBS vs FBS
2026-10-01T12:42:26Z,b58c0d24e66471e6095c0a5f9afb7ce3,2026-10-03T23:00:00Z,TCU Horned Frogs,BYU Cougars,lowvig,LowVig.ag,2026-10-01T12:42:16Z,2026-10-01T12:42:15Z,TCU Horned Frogs,6.5,-101.0,2026,2026-10-01T12:42:26Z,1344,10.448063862908038,11.107333717418527,1.8407301454895109,807aa80048d80e577104f04f9dc527bcbdecbac1e0bd777c98286ecfff8aeba7,timestamped_live_quote,FBS vs FBS
2026-10-01T12:42:26Z,b58c0d24e66471e6095c0a5f9afb7ce3,2026-10-03T23:00:00Z,TCU Horned Frogs,BYU Cougars,mybookieag,MyBookie.ag,2026-10-01T12:42:16Z,2026-10-01T12:42:16Z,BYU Cougars,-6.5,-110.0,2026,2026-10-01T12:42:26Z,1344,10.448063862908038,11.107333717418527,1.8407301454895109,807aa80048d80e577104f04f9dc527bcbdecbac1e0bd777c98286ecfff8aeba7,timestamped_live_quote,FBS vs FBS
2026-10-01T12:42:26Z,b58c0d24e66471e6095c0a5f9afb7ce3,2026-10-03T23:00:00Z,TCU Horned Frogs,BYU Cougars,mybookieag,MyBookie.ag,2026-10-01T12:42:16Z,2026-10-01T12:42:16Z,TCU Horned Frogs,6.5,-110.0,2026,2026-10-01T12:42:26Z,1344,10.448063862908038,11.107333717418527,1.8407301454895109,807aa80048d80e577104f04f9dc527bcbdecbac1e0bd777c98286ecfff8aeba7,timestamped_live_quote,FBS vs FBS
2026-10-01T12:42:26Z,b58c0d24e66471e6095c0a5f9afb7ce3,2026-10-03T23:00:00Z,TCU Horned Frogs,BYU Cougars,betus,BetUS,2026-10-01T12:41:41Z,2026-10-01T12:41:41Z,BYU Cougars,-6.5,-115.0,2026,2026-10-01T12:42:26Z,1344,10.448063862908038,11.107333717418527,1.8407301454895109,807aa80048d80e577104f04f9dc527bcbdecbac1e0bd777c98286ecfff8aeba7,timestamped_live_quote,FBS vs FBS
2026-10-01T12:42:26Z,b58c0d24e66471e6095c0a5f9afb7ce3,2026-10-03T23:00:00Z,TCU Horned Frogs,BYU Cougars,betus,BetUS,2026-10-01T12:41:41Z,2026-10-01T12:41:41Z,TCU Horned Frogs,6.5,-105.0,2026,2026-10-01T12:42:26Z,1344,10.448063862908038,11.107333717418527,1.8407301454895109,807aa80048d80e577104f04f9dc527bcbdecbac1e0bd777c98286ecfff8aeba7,timestamped_live_quote,FBS vs FBS
2026-10-01T12:42:26Z,b58c0d24e66471e6095c0a5f9afb7ce3,2026-10-03T23:00:00Z,TCU Horned Frogs,BYU Cougars,betmgm,BetMGM,2026-10-01T12:41:44Z,2026-10-01T12:41:44Z,BYU Cougars,-6.5,-110.0,2026,2026-10-01T12:42:26Z,1344,10.448063862908038,11.107333717418527,1.8407301454895109,807aa80048d80e577104f04f9dc527bcbdecbac1e0bd777c98286ecfff8aeba7,timestamped_live_quote,FBS vs FBS
2026-10-01T12:42:26Z,b58c0d24e66471e6095c0a5f9afb7ce3,2026-10-03T23:00:00Z,TCU Horned Frogs,BYU Cougars,betmgm,BetMGM,2026-10-01T12:41:44Z,2026-10-01T12:41:44Z,TCU Horned Frogs,6.5,-108.0,2026,2026-10-01T12:42:26Z,1344,10.448063862908038,11.107333717418527,1.8407301454895109,807aa80048d80e577104f04f9dc527bcbdecbac1e0bd777c98286ecfff8aeba7,timestamped_live_quote,FBS vs FBS
2026-10-01T12:42:26Z,b58c0d24e66471e6095c0a5f9afb7ce3,2026-10-03T23:00:00Z,TCU Horned Frogs,BYU Cougars,bovada,Bovada,2026-10-01T12:41:12Z,2026-10-01T12:41:12Z,BYU Cougars,-6.5,-110.0,2026,2026-10-01T12:42:26Z,1344,10.448063862908038,11.107333717418527,1.8407301454895109,807aa80048d80e577104f04f9dc527bcbdecbac1e0bd777c98286ecfff8aeba7,timestamped_live_quote,FBS vs FBS
2026-10-01T12:42:26Z,b58c0d24e66471e6095c0a5f9afb7ce3,2026-10-03T23:00:00Z,TCU Horned Frogs,BYU Cougars,bovada,Bovada,2026-10-01T12:41:12Z,2026-10-01T12:41:12Z,TCU Horned Frogs,6.5,-110.0,2026,2026-10-01T12:42:26Z,1344,10.448063862908038,11.107333717418527,1.8407301454895109,807aa80048d80e577104f04f9dc527bcbdecbac1e0bd777c98286ecfff8aeba7,timestamped_live_quote,FBS vs FBS
2026-10-01T12:42:26Z,5efdb3515c882453d9abcd27db28f78b,2026-10-03T23:00:00Z,Coastal Carolina Chanticleers,Georgia Southern Eagles,draftkings,DraftKings,2026-10-01T12:41:41Z,2026-10-01T12:41:40Z,Coastal Carolina Chanticleers,2.5,-110.0,2026,2026-10-01T12:42:26Z,1344,1.801063250513203,2.559819946466595,1.741243304046608,807aa80048d80e577104f04f9dc527bcbdecbac1e0bd777c98286ecfff8aeba7,timestamped_live_quote,FBS vs FBS
2026-10-01T12:42:26Z,5efdb3515c882453d9abcd27db28f78b,2026-10-03T23:00:00Z,Coastal Carolina Chanticleers,Georgia Southern Eagles,draftkings,DraftKings,2026-10-01T12:41:41Z,2026-10-01T12:41:40Z,Georgia Southern Eagles,-2.5,-110.0,2026,2026-10-01T12:42:26Z,1344,1.801063250513203,2.559819946466595,1.741243304046608,807aa80048d80e577104f04f9dc527bcbdecbac1e0bd777c98286ecfff8aeba7,timestamped_live_quote,FBS vs FBS
2026-10-01T12:42:26Z,5efdb3515c882453d9abcd27db28f78b,2026-10-03T23:00:00Z,Coastal Carolina Chanticleers,Georgia Southern Eagles,lowvig,LowVig.ag,2026-10-01T12:42:16Z,2026-10-01T12:42:15Z,Coastal Carolina Chanticleers,2.5,-106.0,2026,2026-10-01T12:42:26Z,1344,1.801063250513203,2.559819946466595,1.741243304046608,807aa80048d80e577104f04f9dc527bcbdecbac1e0bd777c98286ecfff8aeba7,timestamped_live_quote,FBS vs FBS
2026-10-01T12:42:26Z,5efdb3515c882453d9abcd27db28f78b,2026-10-03T23:00:00Z,Coastal Carolina Chanticleers,Georgia Southern Eagles,lowvig,LowVig.ag,2026-10-01T12:42:16Z,2026-10-01T12:42:15Z,Georgia Southern Eagles,-2.5,-106.0,2026,2026-10-01T12:42:26Z,1344,1.801063250513203,2.559819946466595,1.741243304046608,807aa80048d80e577104f04f9dc527bcbdecbac1e0bd777c98286ecfff8aeba7,timestamped_live_quote,FBS vs FBS
2026-10-01T12:42:26Z,5efdb3515c882453d9abcd27db28f78b,2026-10-03T23:00:00Z,Coastal Carolina Chanticleers,Georgia Southern Eagles,betonlineag,BetOnline.ag,2026-10-01T12:41:25Z,2026-10-01T12:41:25Z,Coastal Carolina Chanticleers,2.5,-110.0,2026,2026-10-01T12:42:26Z,1344,1.801063250513203,2.559819946466595,1.741243304046608,807aa80048d80e577104f04f9dc527bcbdecbac1e0bd777c98286ecfff8aeba7,timestamped_live_quote,FBS vs FBS
2026-10-01T12:42:26Z,5efdb3515c882453d9abcd27db28f78b,2026-10-03T23:00:00Z,Coastal Carolina Chanticleers,Georgia Southern Eagles,betonlineag,BetOnline.ag,2026-10-01T12:41:25Z,2026-10-01T12:41:25Z,Georgia Southern Eagles,-2.5,-110.0,2026,2026-10-01T12:42:26Z,1344,1.801063250513203,2.559819946466595,1.741243304046608,807aa80048d80e577104f04f9dc527bcbdecbac1e0bd777c98286ecfff8aeba7,timestamped_live_quote,FBS vs FBS
2026-10-01T12:42:26Z,5efdb3515c882453d9abcd27db28f78b,2026-10-03T23:00:00Z,Coastal Carolina Chanticleers,Georgia Southern Eagles,fanduel,FanDuel,2026-10-01T12:41:56Z,2026-10-01T12:41:55Z,Coastal Carolina Chanticleers,2.5,-110.0,2026,2026-10-01T12:42:26Z,1344,1.801063250513203,2.559819946466595,1.741243304046608,807aa80048d80e577104f04f9dc527bcbdecbac1e0bd777c98286ecfff8aeba7,timestamped_live_quote,FBS vs FBS
2026-10-01T12:42:26Z,5efdb3515c882453d9abcd27db28f78b,2026-10-03T23:00:00Z,Coastal Carolina Chanticleers,Georgia Southern Eagles,fanduel,FanDuel,2026-10-01T12:41:56Z,2026-10-01T12:41:55Z,Georgia Southern Eagles,-2.5,-110.0,2026,2026-10-01T12:42:26Z,1344,1.801063250513203,2.559819946466595,1.741243304046608,807aa80048d80e577104f04f9dc527bcbdecbac1e0bd777c98286ecfff8aeba7,timestamped_live_quote,FBS vs FBS
2026-10-01T12:42:26Z,5efdb3515c882453d9abcd27db28f78b,2026-10-03T23:00:00Z,Coastal Carolina Chanticleers,Georgia Southern Eagles,mybookieag,MyBookie.ag,2026-10-01T12:42:16Z,2026-10-01T12:42:16Z,Coastal Carolina Chanticleers,2.5,-110.0,2026,2026-10-01T12:42:26Z,1344,1.801063250513203,2.559819946466595,1.741243304046608,807aa80048d80e577104f04f9dc527bcbdecbac1e0bd777c98286ecfff8aeba7,timestamped_live_quote,FBS vs FBS
2026-10-01T12:42:26Z,5efdb3515c882453d9abcd27db28f78b,2026-10-03T23:00:00Z,Coastal Carolina Chanticleers,Georgia Southern Eagles,mybookieag,MyBookie.ag,2026-10-01T12:42:16Z,2026-10-01T12:42:16Z,Georgia Southern Eagles,-2.5,-110.0,2026,2026-10-01T12:42:26Z,1344,1.801063250513203,2.559819946466595,1.741243304046608,807aa80048d80e577104f04f9dc527bcbdecbac1e0bd777c98286ecfff8aeba7,timestamped_live_quote,FBS vs FBS
2026-10-01T12:42:26Z,5efdb3515c882453d9abcd27db28f78b,2026-10-03T23:00:00Z,Coastal Carolina Chanticleers,Georgia Southern Eagles,betus,BetUS,2026-10-01T12:41:41Z,2026-10-01T12:41:41Z,Coastal Carolina Chanticleers,2.5,-110.0,2026,2026-10-01T12:42:26Z,1344,1.801063250513203,2.559819946466595,1.741243304046608,807aa80048d80e577104f04f9dc527bcbdecbac1e0bd777c98286ecfff8aeba7,timestamped_live_quote,FBS vs FBS
2026-10-01T12:42:26Z,5efdb3515c882453d9abcd27db28f78b,2026-10-03T23:00:00Z,Coastal Carolina Chanticleers,Georgia Southern Eagles,betus,BetUS,2026-10-01T12:41:41Z,2026-10-01T12:41:41Z,Georgia Southern Eagles,-2.5,-110.0,2026,2026-10-01T12:42:26Z,1344,1.801063250513203,2.559819946466595,1.741243304046608,807aa80048d80e577104f04f9dc527bcbdecbac1e0bd777c98286ecfff8aeba7,timestamped_live_quote,FBS vs FBS
2026-10-01T12:42:26Z,5efdb3515c882453d9abcd27db28f78b,2026-10-03T23:00:00Z,Coastal Carolina Chanticleers,Georgia Southern Eagles,betmgm,BetMGM,2026-10-01T12:41:44Z,2026-10-01T12:41:44Z,Coastal Carolina Chanticleers,2.5,-108.0,2026,2026-10-01T12:42:26Z,1344,1.801063250513203,2.559819946466595,1.741243304046608,807aa80048d80e577104f04f9dc527bcbdecbac1e0bd777c98286ecfff8aeba7,timestamped_live_quote,FBS vs FBS
2026-10-01T12:42:26Z,5efdb3515c882453d9abcd27db28f78b,2026-10-03T23:00:00Z,Coastal Carolina Chanticleers,Georgia Southern Eagles,betmgm,BetMGM,2026-10-01T12:41:44Z,2026-10-01T12:41:44Z,Georgia Southern Eagles,-2.5,-110.0,2026,2026-10-01T12:42:26Z,1344,1.801063250513203,2.559819946466595,1.741243304046608,807aa80048d80e577104f04f9dc527bcbdecbac1e0bd777c98286ecfff8aeba7,timestamped_live_quote,FBS vs FBS
2026-10-01T12:42:26Z,5efdb3515c882453d9abcd27db28f78b,2026-10-03T23:00:00Z,Coastal Carolina Chanticleers,Georgia Southern Eagles,betrivers,BetRivers,2026-10-01T12:41:26Z,2026-10-01T12:41:26Z,Coastal Carolina Chanticleers,2.5,-109.0,2026,2026-10-01T12:42:26Z,1344,1.801063250513203,2.559819946466595,1.741243304046608,807aa80048d80e577104f04f9dc527bcbdecbac1e0bd777c98286ecfff8aeba7,timestamped_live_quote,FBS vs FBS
2026-10-01T12:42:26Z,5efdb3515c882453d9abcd27db28f78b,2026-10-03T23:00:00Z,Coastal Carolina Chanticleers,Georgia Southern Eagles,betrivers,BetRivers,2026-10-01T12:41:26Z,2026-10-01T12:41:26Z,Georgia Southern Eagles,-2.5,-114.0,2026,2026-10-01T12:42:26Z,1344,1.801063250513203,2.559819946466595,1.741243304046608,807aa80048d80e577104f04f9dc527bcbdecbac1e0bd777c98286ecfff8aeba7,timestamped_live_quote,FBS vs FBS
2026-10-01T12:42:26Z,5efdb3515c882453d9abcd27db28f78b,2026-10-03T23:00:00Z,Coastal Carolina Chanticleers,Georgia Southern Eagles,bovada,Bovada,2026-10-01T12:41:12Z,2026-10-01T12:41:12Z,Coastal Carolina Chanticleers,2.5,-110.0,2026,2026-10-01T12:42:26Z,1344,1.801063250513203,2.559819946466595,1.741243304046608,807aa80048d80e577104f04f9dc527bcbdecbac1e0bd777c98286ecfff8aeba7,timestamped_live_quote,FBS vs FBS
2026-10-01T12:42:26Z,5efdb3515c882453d9abcd27db28f78b,2026-10-03T23:00:00Z,Coastal Carolina Chanticleers,Georgia Southern Eagles,bovada,Bovada,2026-10-01T12:41:12Z,2026-10-01T12:41:12Z,Georgia Southern Eagles,-2.5,-110.0,2026,2026-10-01T12:42:26Z,1344,1.801063250513203,2.559819946466595,1.741243304046608,807aa80048d80e577104f04f9dc527bcbdecbac1e0bd777c98286ecfff8aeba7,timestamped_live_quote,FBS vs FBS
2026-10-01T12:42:26Z,279230b2d38c4e97187c3f065501a4cf,2026-10-03T23:00:00Z,Rice Owls,UTSA Roadrunners,fanduel,FanDuel,2026-10-01T12:41:56Z,2026-10-01T12:41:55Z,Rice Owls,11.5,-110.0,2026,2026-10-01T12:42:26Z,1344,-2.3610888778573025,6.350287217895821,-6.211376095753124,807aa80048d80e577104f04f9dc527bcbdecbac1e0bd777c98286ecfff8aeba7,timestamped_live_quote,FBS vs FBS
2026-10-01T12:42:26Z,279230b2d38c4e97187c3f065501a4cf,2026-10-03T23:00:00Z,Rice Owls,UTSA Roadrunners,fanduel,FanDuel,2026-10-01T12:41:56Z,2026-10-01T12:41:55Z,UTSA Roadrunners,-11.5,-110.0,2026,2026-10-01T12:42:26Z,1344,-2.3610888778573025,6.350287217895821,-6.211376095753124,807aa80048d80e577104f04f9dc527bcbdecbac1e0bd777c98286ecfff8aeba7,timestamped_live_quote,FBS vs FBS
2026-10-01T12:42:26Z,279230b2d38c4e97187c3f065501a4cf,2026-10-03T23:00:00Z,Rice Owls,UTSA Roadrunners,betrivers,BetRivers,2026-10-01T12:41:26Z,2026-10-01T12:41:26Z,Rice Owls,11.5,-110.0,2026,2026-10-01T12:42:26Z,1344,-2.3610888778573025,6.350287217895821,-6.211376095753124,807aa80048d80e577104f04f9dc527bcbdecbac1e0bd777c98286ecfff8aeba7,timestamped_live_quote,FBS vs FBS
2026-10-01T12:42:26Z,279230b2d38c4e97187c3f065501a4cf,2026-10-03T23:00:00Z,Rice Owls,UTSA Roadrunners,betrivers,BetRivers,2026-10-01T12:41:26Z,2026-10-01T12:41:26Z,UTSA Roadrunners,-11.5,-113.0,2026,2026-10-01T12:42:26Z,1344,-2.3610888778573025,6.350287217895821,-6.211376095753124,807aa80048d80e577104f04f9dc527bcbdecbac1e0bd777c98286ecfff8aeba7,timestamped_live_quote,FBS vs FBS
2026-10-01T12:42:26Z,279230b2d38c4e97187c3f065501a4cf,2026-10-03T23:00:00Z,Rice Owls,UTSA Roadrunners,draftkings,DraftKings,2026-10-01T12:41:41Z,2026-10-01T12:41:40Z,Rice Owls,11.5,-112.0,2026,2026-10-01T12:42:26Z,1344,-2.3610888778573025,6.350287217895821,-6.211376095753124,807aa80048d80e577104f04f9dc527bcbdecbac1e0bd777c98286ecfff8aeba7,timestamped_live_quote,FBS vs FBS
2026-10-01T12:42:26Z,279230b2d38c4e97187c3f065501a4cf,2026-10-03T23:00:00Z,Rice Owls,UTSA Roadrunners,draftkings,DraftKings,2026-10-01T12:41:41Z,2026-10-01T12:41:40Z,UTSA Roadrunners,-11.5,-108.0,2026,2026-10-01T12:42:26Z,1344,-2.3610888778573025,6.350287217895821,-6.211376095753124,807aa80048d80e577104f04f9dc527bcbdecbac1e0bd777c98286ecfff8aeba7,timestamped_live_quote,FBS vs FBS
2026-10-01T12:42:26Z,279230b2d38c4e97187c3f065501a4cf,2026-10-03T23:00:00Z,Rice Owls,UTSA Roadrunners,betonlineag,BetOnline.ag,2026-10-01T12:41:25Z,2026-10-01T12:41:25Z,Rice Owls,11.5,-110.0,2026,2026-10-01T12:42:26Z,1344,-2.3610888778573025,6.350287217895821,-6.211376095753124,807aa80048d80e577104f04f9dc527bcbdecbac1e0bd777c98286ecfff8aeba7,timestamped_live_quote,FBS vs FBS
2026-10-01T12:42:26Z,279230b2d38c4e97187c3f065501a4cf,2026-10-03T23:00:00Z,Rice Owls,UTSA Roadrunners,betonlineag,BetOnline.ag,2026-10-01T12:41:25Z,2026-10-01T12:41:25Z,UTSA Roadrunners,-11.5,-110.0,2026,2026-10-01T12:42:26Z,1344,-2.3610888778573025,6.350287217895821,-6.211376095753124,807aa80048d80e577104f04f9dc527bcbdecbac1e0bd777c98286ecfff8aeba7,timestamped_live_quote,FBS vs FBS
2026-10-01T12:42:26Z,279230b2d38c4e97187c3f065501a4cf,2026-10-03T23:00:00Z,Rice Owls,UTSA Roadrunners,lowvig,LowVig.ag,2026-10-01T12:42:16Z,2026-10-01T12:42:15Z,Rice Owls,11.5,-106.0,2026,2026-10-01T12:42:26Z,1344,-2.3610888778573025,6.350287217895821,-6.211376095753124,807aa80048d80e577104f04f9dc527bcbdecbac1e0bd777c98286ecfff8aeba7,timestamped_live_quote,FBS vs FBS
2026-10-01T12:42:26Z,279230b2d38c4e97187c3f065501a4cf,2026-10-03T23:00:00Z,Rice Owls,UTSA Roadrunners,lowvig,LowVig.ag,2026-10-01T12:42:16Z,2026-10-01T12:42:15Z,UTSA Roadrunners,-11.5,-106.0,2026,2026-10-01T12:42:26Z,1344,-2.3610888778573025,6.350287217895821,-6.211376095753124,807aa80048d80e577104f04f9dc527bcbdecbac1e0bd777c98286ecfff8aeba7,timestamped_live_quote,FBS vs FBS
2026-10-01T12:42:26Z,279230b2d38c4e97187c3f065501a4cf,2026-10-03T23:00:00Z,Rice Owls,UTSA Roadrunners,mybookieag,MyBookie.ag,2026-10-01T12:42:16Z,2026-10-01T12:42:16Z,Rice Owls,11.5,-110.0,2026,2026-10-01T12:42:26Z,1344,-2.3610888778573025,6.350287217895821,-6.211376095753124,807aa80048d80e577104f04f9dc527bcbdecbac1e0bd777c98286ecfff8aeba7,timestamped_live_quote,FBS vs FBS
2026-10-01T12:42:26Z,279230b2d38c4e97187c3f065501a4cf,2026-10-03T23:00:00Z,Rice Owls,UTSA Roadrunners,mybookieag,MyBookie.ag,2026-10-01T12:42:16Z,2026-10-01T12:42:16Z,UTSA Roadrunners,-11.5,-110.0,2026,2026-10-01T12:42:26Z,1344,-2.3610888778573025,6.350287217895821,-6.211376095753124,807aa80048d80e577104f04f9dc527bcbdecbac1e0bd777c98286ecfff8aeba7,timestamped_live_quote,FBS vs FBS
2026-10-01T12:42:26Z,279230b2d38c4e97187c3f065501a4cf,2026-10-03T23:00:00Z,Rice Owls,UTSA Roadrunners,betus,BetUS,2026-10-01T12:41:41Z,2026-10-01T12:41:41Z,Rice Owls,11.5,-110.0,2026,2026-10-01T12:42:26Z,1344,-2.3610888778573025,6.350287217895821,-6.211376095753124,807aa80048d80e577104f04f9dc527bcbdecbac1e0bd777c98286ecfff8aeba7,timestamped_live_quote,FBS vs FBS
2026-10-01T12:42:26Z,279230b2d38c4e97187c3f065501a4cf,2026-10-03T23:00:00Z,Rice Owls,UTSA Roadrunners,betus,BetUS,2026-10-01T12:41:41Z,2026-10-01T12:41:41Z,UTSA Roadrunners,-11.5,-110.0,2026,2026-10-01T12:42:26Z,1344,-2.3610888778573025,6.350287217895821,-6.211376095753124,807aa80048d80e577104f04f9dc527bcbdecbac1e0bd777c98286ecfff8aeba7,timestamped_live_quote,FBS vs FBS
2026-10-01T12:42:26Z,279230b2d38c4e97187c3f065501a4cf,2026-10-03T23:00:00Z,Rice Owls,UTSA Roadrunners,betmgm,BetMGM,2026-10-01T12:41:44Z,2026-10-01T12:41:44Z,Rice Owls,11.5,-110.0,2026,2026-10-01T12:42:26Z,1344,-2.3610888778573025,6.350287217895821,-6.211376095753124,807aa80048d80e577104f04f9dc527bcbdecbac1e0bd777c98286ecfff8aeba7,timestamped_live_quote,FBS vs FBS
2026-10-01T12:42:26Z,279230b2d38c4e97187c3f065501a4cf,2026-10-03T23:00:00Z,Rice Owls,UTSA Roadrunners,betmgm,BetMGM,2026-10-01T12:41:44Z,2026-10-01T12:41:44Z,UTSA Roadrunners,-11.5,-108.0,2026,2026-10-01T12:42:26Z,1344,-2.3610888778573025,6.350287217895821,-6.211376095753124,807aa80048d80e577104f04f9dc527bcbdecbac1e0bd777c98286ecfff8aeba7,timestamped_live_quote,FBS vs FBS
2026-10-01T12:42:26Z,279230b2d38c4e97187c3f065501a4cf,2026-10-03T23:00:00Z,Rice Owls,UTSA Roadrunners,bovada,Bovada,2026-10-01T12:41:12Z,2026-10-01T12:41:12Z,Rice Owls,12.0,-110.0,2026,2026-10-01T12:42:26Z,1344,-2.3610888778573025,6.350287217895821,-6.211376095753124,807aa80048d80e577104f04f9dc527bcbdecbac1e0bd777c98286ecfff8aeba7,timestamped_live_quote,FBS vs FBS
2026-10-01T12:42:26Z,279230b2d38c4e97187c3f065501a4cf,2026-10-03T23:00:00Z,Rice Owls,UTSA Roadrunners,bovada,Bovada,2026-10-01T12:41:12Z,2026-10-01T12:41:12Z,UTSA Roadrunners,-12.0,-110.0,2026,2026-10-01T12:42:26Z,1344,-2.3610888778573025,6.350287217895821,-6.211376095753124,807aa80048d80e577104f04f9dc527bcbdecbac1e0bd777c98286ecfff8aeba7,timestamped_live_quote,FBS vs FBS
2026-10-01T12:42:26Z,4c84a699496b71ee1e626e3c7f5689c9,2026-10-03T23:00:00Z,South Alabama Jaguars,UL Monroe Warhawks,fanduel,FanDuel,2026-10-01T12:41:56Z,2026-10-01T12:41:55Z,South Alabama Jaguars,-13.5,-118.0,2026,2026-10-01T12:42:26Z,1344,1.2947124275466833,-9.450244026325375,13.244956453872058,807aa80048d80e577104f04f9dc527bcbdecbac1e0bd777c98286ecfff8aeba7,timestamped_live_quote,FBS vs FBS
2026-10-01T12:42:26Z,4c84a699496b71ee1e626e3c7f5689c9,2026-10-03T23:00:00Z,South Alabama Jaguars,UL Monroe Warhawks,fanduel,FanDuel,2026-10-01T12:41:56Z,2026-10-01T12:41:55Z,UL Monroe Warhawks,13.5,-102.0,2026,2026-10-01T12:42:26Z,1344,1.2947124275466833,-9.450244026325375,13.244956453872058,807aa80048d80e577104f04f9dc527bcbdecbac1e0bd777c98286ecfff8aeba7,timestamped_live_quote,FBS vs FBS
2026-10-01T12:42:26Z,4c84a699496b71ee1e626e3c7f5689c9,2026-10-03T23:00:00Z,South Alabama Jaguars,UL Monroe Warhawks,betrivers,BetRivers,2026-10-01T12:41:26Z,2026-10-01T12:41:26Z,South Alabama Jaguars,-14.0,-109.0,2026,2026-10-01T12:42:26Z,1344,1.2947124275466833,-9.450244026325375,13.244956453872058,807aa80048d80e577104f04f9dc527bcbdecbac1e0bd777c98286ecfff8aeba7,timestamped_live_quote,FBS vs FBS
2026-10-01T12:42:26Z,4c84a699496b71ee1e626e3c7f5689c9,2026-10-03T23:00:00Z,South Alabama Jaguars,UL Monroe Warhawks,betrivers,BetRivers,2026-10-01T12:41:26Z,2026-10-01T12:41:26Z,UL Monroe Warhawks,14.0,-113.0,2026,2026-10-01T12:42:26Z,1344,1.2947124275466833,-9.450244026325375,13.244956453872058,807aa80048d80e577104f04f9dc527bcbdecbac1e0bd777c98286ecfff8aeba7,timestamped_live_quote,FBS vs FBS
2026-10-01T12:42:26Z,4c84a699496b71ee1e626e3c7f5689c9,2026-10-03T23:00:00Z,South Alabama Jaguars,UL Monroe Warhawks,draftkings,DraftKings,2026-10-01T12:41:41Z,2026-10-01T12:41:40Z,South Alabama Jaguars,-14.0,-108.0,2026,2026-10-01T12:42:26Z,1344,1.2947124275466833,-9.450244026325375,13.244956453872058,807aa80048d80e577104f04f9dc527bcbdecbac1e0bd777c98286ecfff8aeba7,timestamped_live_quote,FBS vs FBS
2026-10-01T12:42:26Z,4c84a699496b71ee1e626e3c7f5689c9,2026-10-03T23:00:00Z,South Alabama Jaguars,UL Monroe Warhawks,draftkings,DraftKings,2026-10-01T12:41:41Z,2026-10-01T12:41:40Z,UL Monroe Warhawks,14.0,-112.0,2026,2026-10-01T12:42:26Z,1344,1.2947124275466833,-9.450244026325375,13.244956453872058,807aa80048d80e577104f04f9dc527bcbdecbac1e0bd777c98286ecfff8aeba7,timestamped_live_quote,FBS vs FBS
2026-10-01T12:42:26Z,4c84a699496b71ee1e626e3c7f5689c9,2026-10-03T23:00:00Z,South Alabama Jaguars,UL Monroe Warhawks,lowvig,LowVig.ag,2026-10-01T12:42:16Z,2026-10-01T12:42:15Z,South Alabama Jaguars,-14.0,-104.0,2026,2026-10-01T12:42:26Z,1344,1.2947124275466833,-9.450244026325375,13.244956453872058,807aa80048d80e577104f04f9dc527bcbdecbac1e0bd777c98286ecfff8aeba7,timestamped_live_quote,FBS vs FBS
2026-10-01T12:42:26Z,4c84a699496b71ee1e626e3c7f5689c9,2026-10-03T23:00:00Z,South Alabama Jaguars,UL Monroe Warhawks,lowvig,LowVig.ag,2026-10-01T12:42:16Z,2026-10-01T12:42:15Z,UL Monroe Warhawks,14.0,-108.0,2026,2026-10-01T12:42:26Z,1344,1.2947124275466833,-9.450244026325375,13.244956453872058,807aa80048d80e577104f04f9dc527bcbdecbac1e0bd777c98286ecfff8aeba7,timestamped_live_quote,FBS vs FBS
2026-10-01T12:42:26Z,4c84a699496b71ee1e626e3c7f5689c9,2026-10-03T23:00:00Z,South Alabama Jaguars,UL Monroe Warhawks,betonlineag,BetOnline.ag,2026-10-01T12:41:25Z,2026-10-01T12:41:25Z,South Alabama Jaguars,-14.0,-108.0,2026,2026-10-01T12:42:26Z,1344,1.2947124275466833,-9.450244026325375,13.244956453872058,807aa80048d80e577104f04f9dc527bcbdecbac1e0bd777c98286ecfff8aeba7,timestamped_live_quote,FBS vs FBS
2026-10-01T12:42:26Z,4c84a699496b71ee1e626e3c7f5689c9,2026-10-03T23:00:00Z,South Alabama Jaguars,UL Monroe Warhawks,betonlineag,BetOnline.ag,2026-10-01T12:41:25Z,2026-10-01T12:41:25Z,UL Monroe Warhawks,14.0,-112.0,2026,2026-10-01T12:42:26Z,1344,1.2947124275466833,-9.450244026325375,13.244956453872058,807aa80048d80e577104f04f9dc527bcbdecbac1e0bd777c98286ecfff8aeba7,timestamped_live_quote,FBS vs FBS
2026-10-01T12:42:26Z,4c84a699496b71ee1e626e3c7f5689c9,2026-10-03T23:00:00Z,South Alabama Jaguars,UL Monroe Warhawks,mybookieag,MyBookie.ag,2026-10-01T12:42:16Z,2026-10-01T12:42:16Z,South Alabama Jaguars,-14.0,-110.0,2026,2026-10-01T12:42:26Z,1344,1.2947124275466833,-9.450244026325375,13.244956453872058,807aa80048d80e577104f04f9dc527bcbdecbac1e0bd777c98286ecfff8aeba7,timestamped_live_quote,FBS vs FBS
2026-10-01T12:42:26Z,4c84a699496b71ee1e626e3c7f5689c9,2026-10-03T23:00:00Z,South Alabama Jaguars,UL Monroe Warhawks,mybookieag,MyBookie.ag,2026-10-01T12:42:16Z,2026-10-01T12:42:16Z,UL Monroe Warhawks,14.0,-110.0,2026,2026-10-01T12:42:26Z,1344,1.2947124275466833,-9.450244026325375,13.244956453872058,807aa80048d80e577104f04f9dc527bcbdecbac1e0bd777c98286ecfff8aeba7,timestamped_live_quote,FBS vs FBS
2026-10-01T12:42:26Z,4c84a699496b71ee1e626e3c7f5689c9,2026-10-03T23:00:00Z,South Alabama Jaguars,UL Monroe Warhawks,betus,BetUS,2026-10-01T12:41:41Z,2026-10-01T12:41:41Z,South Alabama Jaguars,-14.0,-110.0,2026,2026-10-01T12:42:26Z,1344,1.2947124275466833,-9.450244026325375,13.244956453872058,807aa80048d80e577104f04f9dc527bcbdecbac1e0bd777c98286ecfff8aeba7,timestamped_live_quote,FBS vs FBS
2026-10-01T12:42:26Z,4c84a699496b71ee1e626e3c7f5689c9,2026-10-03T23:00:00Z,South Alabama Jaguars,UL Monroe Warhawks,betus,BetUS,2026-10-01T12:41:41Z,2026-10-01T12:41:41Z,UL Monroe Warhawks,14.0,-110.0,2026,2026-10-01T12:42:26Z,1344,1.2947124275466833,-9.450244026325375,13.244956453872058,807aa80048d80e577104f04f9dc527bcbdecbac1e0bd777c98286ecfff8aeba7,timestamped_live_quote,FBS vs FBS
2026-10-01T12:42:26Z,4c84a699496b71ee1e626e3c7f5689c9,2026-10-03T23:00:00Z,South Alabama Jaguars,UL Monroe Warhawks,betmgm,BetMGM,2026-10-01T12:41:44Z,2026-10-01T12:41:44Z,South Alabama Jaguars,-14.0,-108.0,2026,2026-10-01T12:42:26Z,1344,1.2947124275466833,-9.450244026325375,13.244956453872058,807aa80048d80e577104f04f9dc527bcbdecbac1e0bd777c98286ecfff8aeba7,timestamped_live_quote,FBS vs FBS
2026-10-01T12:42:26Z,4c84a699496b71ee1e626e3c7f5689c9,2026-10-03T23:00:00Z,South Alabama Jaguars,UL Monroe Warhawks,betmgm,BetMGM,2026-10-01T12:41:44Z,2026-10-01T12:41:44Z,UL Monroe Warhawks,14.0,-110.0,2026,2026-10-01T12:42:26Z,1344,1.2947124275466833,-9.450244026325375,13.244956453872058,807aa80048d80e577104f04f9dc527bcbdecbac1e0bd777c98286ecfff8aeba7,timestamped_live_quote,FBS vs FBS
2026-10-01T12:42:26Z,4c84a699496b71ee1e626e3c7f5689c9,2026-10-03T23:00:00Z,South Alabama Jaguars,UL Monroe Warhawks,bovada,Bovada,2026-10-01T12:41:12Z,2026-10-01T12:41:12Z,South Alabama Jaguars,-14.0,-110.0,2026,2026-10-01T12:42:26Z,1344,1.2947124275466833,-9.450244026325375,13.244956453872058,807aa80048d80e577104f04f9dc527bcbdecbac1e0bd777c98286ecfff8aeba7,timestamped_live_quote,FBS vs FBS
2026-10-01T12:42:26Z,4c84a699496b71ee1e626e3c7f5689c9,2026-10-03T23:00:00Z,South Alabama Jaguars,UL Monroe Warhawks,bovada,Bovada,2026-10-01T12:41:12Z,2026-10-01T12:41:12Z,UL Monroe Warhawks,14.0,-110.0,2026,2026-10-01T12:42:26Z,1344,1.2947124275466833,-9.450244026325375,13.244956453872058,807aa80048d80e577104f04f9dc527bcbdecbac1e0bd777c98286ecfff8aeba7,timestamped_live_quote,FBS vs FBS
2026-10-01T12:42:26Z,6246661a676eeaa850a3e36e311fce63,2026-10-03T23:30:00Z,Louisiana Tech Bulldogs,Army Black Knights,draftkings,DraftKings,2026-10-01T12:41:41Z,2026-10-01T12:41:40Z,Army Black Knights,-2.5,-105.0,2026,2026-10-01T12:42:26Z,1344,4.541599259603864,9.009137034678993,-1.9675377750751286,807aa80048d80e577104f04f9dc527bcbdecbac1e0bd777c98286ecfff8aeba7,timestamped_live_quote,FBS vs FBS
2026-10-01T12:42:26Z,6246661a676eeaa850a3e36e311fce63,2026-10-03T23:30:00Z,Louisiana Tech Bulldogs,Army Black Knights,draftkings,DraftKings,2026-10-01T12:41:41Z,2026-10-01T12:41:40Z,Louisiana Tech Bulldogs,2.5,-115.0,2026,2026-10-01T12:42:26Z,1344,4.541599259603864,9.009137034678993,-1.9675377750751286,807aa80048d80e577104f04f9dc527bcbdecbac1e0bd777c98286ecfff8aeba7,timestamped_live_quote,FBS vs FBS
2026-10-01T12:42:26Z,6246661a676eeaa850a3e36e311fce63,2026-10-03T23:30:00Z,Louisiana Tech Bulldogs,Army Black Knights,betonlineag,BetOnline.ag,2026-10-01T12:41:25Z,2026-10-01T12:41:25Z,Army Black Knights,-1.5,-113.0,2026,2026-10-01T12:42:26Z,1344,4.541599259603864,9.009137034678993,-1.9675377750751286,807aa80048d80e577104f04f9dc527bcbdecbac1e0bd777c98286ecfff8aeba7,timestamped_live_quote,FBS vs FBS
2026-10-01T12:42:26Z,6246661a676eeaa850a3e36e311fce63,2026-10-03T23:30:00Z,Louisiana Tech Bulldogs,Army Black Knights,betonlineag,BetOnline.ag,2026-10-01T12:41:25Z,2026-10-01T12:41:25Z,Louisiana Tech Bulldogs,1.5,-107.0,2026,2026-10-01T12:42:26Z,1344,4.541599259603864,9.009137034678993,-1.9675377750751286,807aa80048d80e577104f04f9dc527bcbdecbac1e0bd777c98286ecfff8aeba7,timestamped_live_quote,FBS vs FBS
2026-10-01T12:42:26Z,6246661a676eeaa850a3e36e311fce63,2026-10-03T23:30:00Z,Louisiana Tech Bulldogs,Army Black Knights,lowvig,LowVig.ag,2026-10-01T12:42:16Z,2026-10-01T12:42:16Z,Army Black Knights,-1.5,-109.0,2026,2026-10-01T12:42:26Z,1344,4.541599259603864,9.009137034678993,-1.9675377750751286,807aa80048d80e577104f04f9dc527bcbdecbac1e0bd777c98286ecfff8aeba7,timestamped_live_quote,FBS vs FBS
2026-10-01T12:42:26Z,6246661a676eeaa850a3e36e311fce63,2026-10-03T23:30:00Z,Louisiana Tech Bulldogs,Army Black Knights,lowvig,LowVig.ag,2026-10-01T12:42:16Z,2026-10-01T12:42:16Z,Louisiana Tech Bulldogs,1.5,-103.0,2026,2026-10-01T12:42:26Z,1344,4.541599259603864,9.009137034678993,-1.9675377750751286,807aa80048d80e577104f04f9dc527bcbdecbac1e0bd777c98286ecfff8aeba7,timestamped_live_quote,FBS vs FBS
2026-10-01T12:42:26Z,6246661a676eeaa850a3e36e311fce63,2026-10-03T23:30:00Z,Louisiana Tech Bulldogs,Army Black Knights,fanduel,FanDuel,2026-10-01T12:41:56Z,2026-10-01T12:41:55Z,Army Black Knights,-2.5,-108.0,2026,2026-10-01T12:42:26Z,1344,4.541599259603864,9.009137034678993,-1.9675377750751286,807aa80048d80e577104f04f9dc527bcbdecbac1e0bd777c98286ecfff8aeba7,timestamped_live_quote,FBS vs FBS
2026-10-01T12:42:26Z,6246661a676eeaa850a3e36e311fce63,2026-10-03T23:30:00Z,Louisiana Tech Bulldogs,Army Black Knights,fanduel,FanDuel,2026-10-01T12:41:56Z,2026-10-01T12:41:55Z,Louisiana Tech Bulldogs,2.5,-112.0,2026,2026-10-01T12:42:26Z,1344,4.541599259603864,9.009137034678993,-1.9675377750751286,807aa80048d80e577104f04f9dc527bcbdecbac1e0bd777c98286ecfff8aeba7,timestamped_live_quote,FBS vs FBS
2026-10-01T12:42:26Z,6246661a676eeaa850a3e36e311fce63,2026-10-03T23:30:00Z,Louisiana Tech Bulldogs,Army Black Knights,mybookieag,MyBookie.ag,2026-10-01T12:42:16Z,2026-10-01T12:42:16Z,Army Black Knights,-2.0,-110.0,2026,2026-10-01T12:42:26Z,1344,4.541599259603864,9.009137034678993,-1.9675377750751286,807aa80048d80e577104f04f9dc527bcbdecbac1e0bd777c98286ecfff8aeba7,timestamped_live_quote,FBS vs FBS
2026-10-01T12:42:26Z,6246661a676eeaa850a3e36e311fce63,2026-10-03T23:30:00Z,Louisiana Tech Bulldogs,Army Black Knights,mybookieag,MyBookie.ag,2026-10-01T12:42:16Z,2026-10-01T12:42:16Z,Louisiana Tech Bulldogs,2.0,-110.0,2026,2026-10-01T12:42:26Z,1344,4.541599259603864,9.009137034678993,-1.9675377750751286,807aa80048d80e577104f04f9dc527bcbdecbac1e0bd777c98286ecfff8aeba7,timestamped_live_quote,FBS vs FBS
2026-10-01T12:42:26Z,6246661a676eeaa850a3e36e311fce63,2026-10-03T23:30:00Z,Louisiana Tech Bulldogs,Army Black Knights,betus,BetUS,2026-10-01T12:41:41Z,2026-10-01T12:41:41Z,Army Black Knights,-1.5,-115.0,2026,2026-10-01T12:42:26Z,1344,4.541599259603864,9.009137034678993,-1.9675377750751286,807aa80048d80e577104f04f9dc527bcbdecbac1e0bd777c98286ecfff8aeba7,timestamped_live_quote,FBS vs FBS
2026-10-01T12:42:26Z,6246661a676eeaa850a3e36e311fce63,2026-10-03T23:30:00Z,Louisiana Tech Bulldogs,Army Black Knights,betus,BetUS,2026-10-01T12:41:41Z,2026-10-01T12:41:41Z,Louisiana Tech Bulldogs,1.5,-105.0,2026,2026-10-01T12:42:26Z,1344,4.541599259603864,9.009137034678993,-1.9675377750751286,807aa80048d80e577104f04f9dc527bcbdecbac1e0bd777c98286ecfff8aeba7,timestamped_live_quote,FBS vs FBS
2026-10-01T12:42:26Z,6246661a676eeaa850a3e36e311fce63,2026-10-03T23:30:00Z,Louisiana Tech Bulldogs,Army Black Knights,betmgm,BetMGM,2026-10-01T12:41:44Z,2026-10-01T12:41:44Z,Army Black Knights,-2.0,-108.0,2026,2026-10-01T12:42:26Z,1344,4.541599259603864,9.009137034678993,-1.9675377750751286,807aa80048d80e577104f04f9dc527bcbdecbac1e0bd777c98286ecfff8aeba7,timestamped_live_quote,FBS vs FBS
2026-10-01T12:42:26Z,6246661a676eeaa850a3e36e311fce63,2026-10-03T23:30:00Z,Louisiana Tech Bulldogs,Army Black Knights,betmgm,BetMGM,2026-10-01T12:41:44Z,2026-10-01T12:41:44Z,Louisiana Tech Bulldogs,2.0,-110.0,2026,2026-10-01T12:42:26Z,1344,4.541599259603864,9.009137034678993,-1.9675377750751286,807aa80048d80e577104f04f9dc527bcbdecbac1e0bd777c98286ecfff8aeba7,timestamped_live_quote,FBS vs FBS
2026-10-01T12:42:26Z,6246661a676eeaa850a3e36e311fce63,2026-10-03T23:30:00Z,Louisiana Tech Bulldogs,Army Black Knights,bovada,Bovada,2026-10-01T12:41:12Z,2026-10-01T12:41:12Z,Army Black Knights,-2.5,-110.0,2026,2026-10-01T12:42:26Z,1344,4.541599259603864,9.009137034678993,-1.9675377750751286,807aa80048d80e577104f04f9dc527bcbdecbac1e0bd777c98286ecfff8aeba7,timestamped_live_quote,FBS vs FBS
2026-10-01T12:42:26Z,6246661a676eeaa850a3e36e311fce63,2026-10-03T23:30:00Z,Louisiana Tech Bulldogs,Army Black Knights,bovada,Bovada,2026-10-01T12:41:12Z,2026-10-01T12:41:12Z,Louisiana Tech Bulldogs,2.5,-110.0,2026,2026-10-01T12:42:26Z,1344,4.541599259603864,9.009137034678993,-1.9675377750751286,807aa80048d80e577104f04f9dc527bcbdecbac1e0bd777c98286ecfff8aeba7,timestamped_live_quote,FBS vs FBS
2026-10-01T12:42:26Z,6246661a676eeaa850a3e36e311fce63,2026-10-03T23:30:00Z,Louisiana Tech Bulldogs,Army Black Knights,betrivers,BetRivers,2026-10-01T12:41:26Z,2026-10-01T12:41:26Z,Army Black Knights,-2.0,-114.0,2026,2026-10-01T12:42:26Z,1344,4.541599259603864,9.009137034678993,-1.9675377750751286,807aa80048d80e577104f04f9dc527bcbdecbac1e0bd777c98286ecfff8aeba7,timestamped_live_quote,FBS vs FBS
2026-10-01T12:42:26Z,6246661a676eeaa850a3e36e311fce63,2026-10-03T23:30:00Z,Louisiana Tech Bulldogs,Army Black Knights,betrivers,BetRivers,2026-10-01T12:41:26Z,2026-10-01T12:41:26Z,Louisiana Tech Bulldogs,2.0,-109.0,2026,2026-10-01T12:42:26Z,1344,4.541599259603864,9.009137034678993,-1.9675377750751286,807aa80048d80e577104f04f9dc527bcbdecbac1e0bd777c98286ecfff8aeba7,timestamped_live_quote,FBS vs FBS
2026-10-01T12:42:26Z,a2f7df0b000c054abd3cbc6f4a4b2432,2026-10-03T23:30:00Z,Boise State Broncos,Utah State Aggies,fanduel,FanDuel,2026-10-01T12:41:56Z,2026-10-01T12:41:55Z,Boise State Broncos,-20.5,-108.0,2026,2026-10-01T12:42:26Z,1344,9.563150560618105,-0.8394877930819681,12.902638353700073,807aa80048d80e577104f04f9dc527bcbdecbac1e0bd777c98286ecfff8aeba7,timestamped_live_quote,FBS vs FBS
2026-10-01T12:42:26Z,a2f7df0b000c054abd3cbc6f4a4b2432,2026-10-03T23:30:00Z,Boise State Broncos,Utah State Aggies,fanduel,FanDuel,2026-10-01T12:41:56Z,2026-10-01T12:41:55Z,Utah State Aggies,20.5,-112.0,2026,2026-10-01T12:42:26Z,1344,9.563150560618105,-0.8394877930819681,12.902638353700073,807aa80048d80e577104f04f9dc527bcbdecbac1e0bd777c98286ecfff8aeba7,timestamped_live_quote,FBS vs FBS
2026-10-01T12:42:26Z,a2f7df0b000c054abd3cbc6f4a4b2432,2026-10-03T23:30:00Z,Boise State Broncos,Utah State Aggies,betrivers,BetRivers,2026-10-01T12:41:26Z,2026-10-01T12:41:26Z,Boise State Broncos,-19.5,-114.0,2026,2026-10-01T12:42:26Z,1344,9.563150560618105,-0.8394877930819681,12.902638353700073,807aa80048d80e577104f04f9dc527bcbdecbac1e0bd777c98286ecfff8aeba7,timestamped_live_quote,FBS vs FBS
2026-10-01T12:42:26Z,a2f7df0b000c054abd3cbc6f4a4b2432,2026-10-03T23:30:00Z,Boise State Broncos,Utah State Aggies,betrivers,BetRivers,2026-10-01T12:41:26Z,2026-10-01T12:41:26Z,Utah State Aggies,19.5,-108.0,2026,2026-10-01T12:42:26Z,1344,9.563150560618105,-0.8394877930819681,12.902638353700073,807aa80048d80e577104f04f9dc527bcbdecbac1e0bd777c98286ecfff8aeba7,timestamped_live_quote,FBS vs FBS
2026-10-01T12:42:26Z,a2f7df0b000c054abd3cbc6f4a4b2432,2026-10-03T23:30:00Z,Boise State Broncos,Utah State Aggies,betonlineag,BetOnline.ag,2026-10-01T12:41:25Z,2026-10-01T12:41:25Z,Boise State Broncos,-20.5,-108.0,2026,2026-10-01T12:42:26Z,1344,9.563150560618105,-0.8394877930819681,12.902638353700073,807aa80048d80e577104f04f9dc527bcbdecbac1e0bd777c98286ecfff8aeba7,timestamped_live_quote,FBS vs FBS
2026-10-01T12:42:26Z,a2f7df0b000c054abd3cbc6f4a4b2432,2026-10-03T23:30:00Z,Boise State Broncos,Utah State Aggies,betonlineag,BetOnline.ag,2026-10-01T12:41:25Z,2026-10-01T12:41:25Z,Utah State Aggies,20.5,-112.0,2026,2026-10-01T12:42:26Z,1344,9.563150560618105,-0.8394877930819681,12.902638353700073,807aa80048d80e577104f04f9dc527bcbdecbac1e0bd777c98286ecfff8aeba7,timestamped_live_quote,FBS vs FBS
2026-10-01T12:42:26Z,a2f7df0b000c054abd3cbc6f4a4b2432,2026-10-03T23:30:00Z,Boise State Broncos,Utah State Aggies,lowvig,LowVig.ag,2026-10-01T12:42:16Z,2026-10-01T12:42:16Z,Boise State Broncos,-20.5,-104.0,2026,2026-10-01T12:42:26Z,1344,9.563150560618105,-0.8394877930819681,12.902638353700073,807aa80048d80e577104f04f9dc527bcbdecbac1e0bd777c98286ecfff8aeba7,timestamped_live_quote,FBS vs FBS
2026-10-01T12:42:26Z,a2f7df0b000c054abd3cbc6f4a4b2432,2026-10-03T23:30:00Z,Boise State Broncos,Utah State Aggies,lowvig,LowVig.ag,2026-10-01T12:42:16Z,2026-10-01T12:42:16Z,Utah State Aggies,20.5,-108.0,2026,2026-10-01T12:42:26Z,1344,9.563150560618105,-0.8394877930819681,12.902638353700073,807aa80048d80e577104f04f9dc527bcbdecbac1e0bd777c98286ecfff8aeba7,timestamped_live_quote,FBS vs FBS
2026-10-01T12:42:26Z,a2f7df0b000c054abd3cbc6f4a4b2432,2026-10-03T23:30:00Z,Boise State Broncos,Utah State Aggies,draftkings,DraftKings,2026-10-01T12:41:41Z,2026-10-01T12:41:40Z,Boise State Broncos,-20.5,-110.0,2026,2026-10-01T12:42:26Z,1344,9.563150560618105,-0.8394877930819681,12.902638353700073,807aa80048d80e577104f04f9dc527bcbdecbac1e0bd777c98286ecfff8aeba7,timestamped_live_quote,FBS vs FBS
2026-10-01T12:42:26Z,a2f7df0b000c054abd3cbc6f4a4b2432,2026-10-03T23:30:00Z,Boise State Broncos,Utah State Aggies,draftkings,DraftKings,2026-10-01T12:41:41Z,2026-10-01T12:41:40Z,Utah State Aggies,20.5,-110.0,2026,2026-10-01T12:42:26Z,1344,9.563150560618105,-0.8394877930819681,12.902638353700073,807aa80048d80e577104f04f9dc527bcbdecbac1e0bd777c98286ecfff8aeba7,timestamped_live_quote,FBS vs FBS
2026-10-01T12:42:26Z,a2f7df0b000c054abd3cbc6f4a4b2432,2026-10-03T23:30:00Z,Boise State Broncos,Utah State Aggies,mybookieag,MyBookie.ag,2026-10-01T12:42:16Z,2026-10-01T12:42:16Z,Boise State Broncos,-20.5,-110.0,2026,2026-10-01T12:42:26Z,1344,9.563150560618105,-0.8394877930819681,12.902638353700073,807aa80048d80e577104f04f9dc527bcbdecbac1e0bd777c98286ecfff8aeba7,timestamped_live_quote,FBS vs FBS
2026-10-01T12:42:26Z,a2f7df0b000c054abd3cbc6f4a4b2432,2026-10-03T23:30:00Z,Boise State Broncos,Utah State Aggies,mybookieag,MyBookie.ag,2026-10-01T12:42:16Z,2026-10-01T12:42:16Z,Utah State Aggies,20.5,-110.0,2026,2026-10-01T12:42:26Z,1344,9.563150560618105,-0.8394877930819681,12.902638353700073,807aa80048d80e577104f04f9dc527bcbdecbac1e0bd777c98286ecfff8aeba7,timestamped_live_quote,FBS vs FBS
2026-10-01T12:42:26Z,a2f7df0b000c054abd3cbc6f4a4b2432,2026-10-03T23:30:00Z,Boise State Broncos,Utah State Aggies,betus,BetUS,2026-10-01T12:41:41Z,2026-10-01T12:41:41Z,Boise State Broncos,-20.0,-110.0,2026,2026-10-01T12:42:26Z,1344,9.563150560618105,-0.8394877930819681,12.902638353700073,807aa80048d80e577104f04f9dc527bcbdecbac1e0bd777c98286ecfff8aeba7,timestamped_live_quote,FBS vs FBS
2026-10-01T12:42:26Z,a2f7df0b000c054abd3cbc6f4a4b2432,2026-10-03T23:30:00Z,Boise State Broncos,Utah State Aggies,betus,BetUS,2026-10-01T12:41:41Z,2026-10-01T12:41:41Z,Utah State Aggies,20.0,-110.0,2026,2026-10-01T12:42:26Z,1344,9.563150560618105,-0.8394877930819681,12.902638353700073,807aa80048d80e577104f04f9dc527bcbdecbac1e0bd777c98286ecfff8aeba7,timestamped_live_quote,FBS vs FBS
2026-10-01T12:42:26Z,a2f7df0b000c054abd3cbc6f4a4b2432,2026-10-03T23:30:00Z,Boise State Broncos,Utah State Aggies,betmgm,BetMGM,2026-10-01T12:41:44Z,2026-10-01T12:41:44Z,Boise State Broncos,-20.0,-110.0,2026,2026-10-01T12:42:26Z,1344,9.563150560618105,-0.8394877930819681,12.902638353700073,807aa80048d80e577104f04f9dc527bcbdecbac1e0bd777c98286ecfff8aeba7,timestamped_live_quote,FBS vs FBS
2026-10-01T12:42:26Z,a2f7df0b000c054abd3cbc6f4a4b2432,2026-10-03T23:30:00Z,Boise State Broncos,Utah State Aggies,betmgm,BetMGM,2026-10-01T12:41:44Z,2026-10-01T12:41:44Z,Utah State Aggies,20.0,-108.0,2026,2026-10-01T12:42:26Z,1344,9.563150560618105,-0.8394877930819681,12.902638353700073,807aa80048d80e577104f04f9dc527bcbdecbac1e0bd777c98286ecfff8aeba7,timestamped_live_quote,FBS vs FBS
2026-10-01T12:42:26Z,a2f7df0b000c054abd3cbc6f4a4b2432,2026-10-03T23:30:00Z,Boise State Broncos,Utah State Aggies,bovada,Bovada,2026-10-01T12:41:12Z,2026-10-01T12:41:12Z,Boise State Broncos,-20.0,-110.0,2026,2026-10-01T12:42:26Z,1344,9.563150560618105,-0.8394877930819681,12.902638353700073,807aa80048d80e577104f04f9dc527bcbdecbac1e0bd777c98286ecfff8aeba7,timestamped_live_quote,FBS vs FBS
2026-10-01T12:42:26Z,a2f7df0b000c054abd3cbc6f4a4b2432,2026-10-03T23:30:00Z,Boise State Broncos,Utah State Aggies,bovada,Bovada,2026-10-01T12:41:12Z,2026-10-01T12:41:12Z,Utah State Aggies,20.0,-110.0,2026,2026-10-01T12:42:26Z,1344,9.563150560618105,-0.8394877930819681,12.902638353700073,807aa80048d80e577104f04f9dc527bcbdecbac1e0bd777c98286ecfff8aeba7,timestamped_live_quote,FBS vs FBS
2026-10-01T12:42:26Z,932c7f6dfe06be77192fe000e9f3ac9d,2026-10-03T23:30:00Z,Clemson Tigers,Miami Hurricanes,draftkings,DraftKings,2026-10-01T12:41:41Z,2026-10-01T12:41:40Z,Clemson Tigers,16.5,-108.0,2026,2026-10-01T12:42:26Z,1344,2.567187352348666,20.078812891065173,-15.011625538716508,807aa80048d80e577104f04f9dc527bcbdecbac1e0bd777c98286ecfff8aeba7,timestamped_live_quote,FBS vs FBS
2026-10-01T12:42:26Z,932c7f6dfe06be77192fe000e9f3ac9d,2026-10-03T23:30:00Z,Clemson Tigers,Miami Hurricanes,draftkings,DraftKings,2026-10-01T12:41:41Z,2026-10-01T12:41:40Z,Miami Hurricanes,-16.5,-112.0,2026,2026-10-01T12:42:26Z,1344,2.567187352348666,20.078812891065173,-15.011625538716508,807aa80048d80e577104f04f9dc527bcbdecbac1e0bd777c98286ecfff8aeba7,timestamped_live_quote,FBS vs FBS
2026-10-01T12:42:26Z,932c7f6dfe06be77192fe000e9f3ac9d,2026-10-03T23:30:00Z,Clemson Tigers,Miami Hurricanes,betmgm,BetMGM,2026-10-01T12:41:44Z,2026-10-01T12:41:44Z,Clemson Tigers,17.0,-120.0,2026,2026-10-01T12:42:26Z,1344,2.567187352348666,20.078812891065173,-15.011625538716508,807aa80048d80e577104f04f9dc527bcbdecbac1e0bd777c98286ecfff8aeba7,timestamped_live_quote,FBS vs FBS
2026-10-01T12:42:26Z,932c7f6dfe06be77192fe000e9f3ac9d,2026-10-03T23:30:00Z,Clemson Tigers,Miami Hurricanes,betmgm,BetMGM,2026-10-01T12:41:44Z,2026-10-01T12:41:44Z,Miami Hurricanes,-17.0,-110.0,2026,2026-10-01T12:42:26Z,1344,2.567187352348666,20.078812891065173,-15.011625538716508,807aa80048d80e577104f04f9dc527bcbdecbac1e0bd777c98286ecfff8aeba7,timestamped_live_quote,FBS vs FBS
2026-10-01T12:42:26Z,932c7f6dfe06be77192fe000e9f3ac9d,2026-10-03T23:30:00Z,Clemson Tigers,Miami Hurricanes,mybookieag,MyBookie.ag,2026-10-01T12:42:16Z,2026-10-01T12:42:16Z,Clemson Tigers,16.5,-110.0,2026,2026-10-01T12:42:26Z,1344,2.567187352348666,20.078812891065173,-15.011625538716508,807aa80048d80e577104f04f9dc527bcbdecbac1e0bd777c98286ecfff8aeba7,timestamped_live_quote,FBS vs FBS
2026-10-01T12:42:26Z,932c7f6dfe06be77192fe000e9f3ac9d,2026-10-03T23:30:00Z,Clemson Tigers,Miami Hurricanes,mybookieag,MyBookie.ag,2026-10-01T12:42:16Z,2026-10-01T12:42:16Z,Miami Hurricanes,-16.5,-110.0,2026,2026-10-01T12:42:26Z,1344,2.567187352348666,20.078812891065173,-15.011625538716508,807aa80048d80e577104f04f9dc527bcbdecbac1e0bd777c98286ecfff8aeba7,timestamped_live_quote,FBS vs FBS
2026-10-01T12:42:26Z,932c7f6dfe06be77192fe000e9f3ac9d,2026-10-03T23:30:00Z,Clemson Tigers,Miami Hurricanes,fanduel,FanDuel,2026-10-01T12:41:55Z,2026-10-01T12:41:55Z,Clemson Tigers,16.5,-105.0,2026,2026-10-01T12:42:26Z,1344,2.567187352348666,20.078812891065173,-15.011625538716508,807aa80048d80e577104f04f9dc527bcbdecbac1e0bd777c98286ecfff8aeba7,timestamped_live_quote,FBS vs FBS
2026-10-01T12:42:26Z,932c7f6dfe06be77192fe000e9f3ac9d,2026-10-03T23:30:00Z,Clemson Tigers,Miami Hurricanes,fanduel,FanDuel,2026-10-01T12:41:55Z,2026-10-01T12:41:55Z,Miami Hurricanes,-16.5,-115.0,2026,2026-10-01T12:42:26Z,1344,2.567187352348666,20.078812891065173,-15.011625538716508,807aa80048d80e577104f04f9dc527bcbdecbac1e0bd777c98286ecfff8aeba7,timestamped_live_quote,FBS vs FBS
2026-10-01T12:42:26Z,932c7f6dfe06be77192fe000e9f3ac9d,2026-10-03T23:30:00Z,Clemson Tigers,Miami Hurricanes,betrivers,BetRivers,2026-10-01T12:41:26Z,2026-10-01T12:41:26Z,Clemson Tigers,17.0,-110.0,2026,2026-10-01T12:42:26Z,1344,2.567187352348666,20.078812891065173,-15.011625538716508,807aa80048d80e577104f04f9dc527bcbdecbac1e0bd777c98286ecfff8aeba7,timestamped_live_quote,FBS vs FBS
2026-10-01T12:42:26Z,932c7f6dfe06be77192fe000e9f3ac9d,2026-10-03T23:30:00Z,Clemson Tigers,Miami Hurricanes,betrivers,BetRivers,2026-10-01T12:41:26Z,2026-10-01T12:41:26Z,Miami Hurricanes,-17.0,-113.0,2026,2026-10-01T12:42:26Z,1344,2.567187352348666,20.078812891065173,-15.011625538716508,807aa80048d80e577104f04f9dc527bcbdecbac1e0bd777c98286ecfff8aeba7,timestamped_live_quote,FBS vs FBS
2026-10-01T12:42:26Z,932c7f6dfe06be77192fe000e9f3ac9d,2026-10-03T23:30:00Z,Clemson Tigers,Miami Hurricanes,lowvig,LowVig.ag,2026-10-01T12:42:16Z,2026-10-01T12:42:15Z,Clemson Tigers,16.5,-101.0,2026,2026-10-01T12:42:26Z,1344,2.567187352348666,20.078812891065173,-15.011625538716508,807aa80048d80e577104f04f9dc527bcbdecbac1e0bd777c98286ecfff8aeba7,timestamped_live_quote,FBS vs FBS
2026-10-01T12:42:26Z,932c7f6dfe06be77192fe000e9f3ac9d,2026-10-03T23:30:00Z,Clemson Tigers,Miami Hurricanes,lowvig,LowVig.ag,2026-10-01T12:42:16Z,2026-10-01T12:42:15Z,Miami Hurricanes,-16.5,-111.0,2026,2026-10-01T12:42:26Z,1344,2.567187352348666,20.078812891065173,-15.011625538716508,807aa80048d80e577104f04f9dc527bcbdecbac1e0bd777c98286ecfff8aeba7,timestamped_live_quote,FBS vs FBS
2026-10-01T12:42:26Z,932c7f6dfe06be77192fe000e9f3ac9d,2026-10-03T23:30:00Z,Clemson Tigers,Miami Hurricanes,betonlineag,BetOnline.ag,2026-10-01T12:41:25Z,2026-10-01T12:41:25Z,Clemson Tigers,16.5,-105.0,2026,2026-10-01T12:42:26Z,1344,2.567187352348666,20.078812891065173,-15.011625538716508,807aa80048d80e577104f04f9dc527bcbdecbac1e0bd777c98286ecfff8aeba7,timestamped_live_quote,FBS vs FBS
2026-10-01T12:42:26Z,932c7f6dfe06be77192fe000e9f3ac9d,2026-10-03T23:30:00Z,Clemson Tigers,Miami Hurricanes,betonlineag,BetOnline.ag,2026-10-01T12:41:25Z,2026-10-01T12:41:25Z,Miami Hurricanes,-16.5,-115.0,2026,2026-10-01T12:42:26Z,1344,2.567187352348666,20.078812891065173,-15.011625538716508,807aa80048d80e577104f04f9dc527bcbdecbac1e0bd777c98286ecfff8aeba7,timestamped_live_quote,FBS vs FBS
2026-10-01T12:42:26Z,932c7f6dfe06be77192fe000e9f3ac9d,2026-10-03T23:30:00Z,Clemson Tigers,Miami Hurricanes,betus,BetUS,2026-10-01T12:41:41Z,2026-10-01T12:41:41Z,Clemson Tigers,16.5,-110.0,2026,2026-10-01T12:42:26Z,1344,2.567187352348666,20.078812891065173,-15.011625538716508,807aa80048d80e577104f04f9dc527bcbdecbac1e0bd777c98286ecfff8aeba7,timestamped_live_quote,FBS vs FBS
2026-10-01T12:42:26Z,932c7f6dfe06be77192fe000e9f3ac9d,2026-10-03T23:30:00Z,Clemson Tigers,Miami Hurricanes,betus,BetUS,2026-10-01T12:41:41Z,2026-10-01T12:41:41Z,Miami Hurricanes,-16.5,-110.0,2026,2026-10-01T12:42:26Z,1344,2.567187352348666,20.078812891065173,-15.011625538716508,807aa80048d80e577104f04f9dc527bcbdecbac1e0bd777c98286ecfff8aeba7,timestamped_live_quote,FBS vs FBS
2026-10-01T12:42:26Z,932c7f6dfe06be77192fe000e9f3ac9d,2026-10-03T23:30:00Z,Clemson Tigers,Miami Hurricanes,bovada,Bovada,2026-10-01T12:41:12Z,2026-10-01T12:41:12Z,Clemson Tigers,17.0,-110.0,2026,2026-10-01T12:42:26Z,1344,2.567187352348666,20.078812891065173,-15.011625538716508,807aa80048d80e577104f04f9dc527bcbdecbac1e0bd777c98286ecfff8aeba7,timestamped_live_quote,FBS vs FBS
2026-10-01T12:42:26Z,932c7f6dfe06be77192fe000e9f3ac9d,2026-10-03T23:30:00Z,Clemson Tigers,Miami Hurricanes,bovada,Bovada,2026-10-01T12:41:12Z,2026-10-01T12:41:12Z,Miami Hurricanes,-17.0,-110.0,2026,2026-10-01T12:42:26Z,1344,2.567187352348666,20.078812891065173,-15.011625538716508,807aa80048d80e577104f04f9dc527bcbdecbac1e0bd777c98286ecfff8aeba7,timestamped_live_quote,FBS vs FBS
2026-10-01T12:42:26Z,6338f8a71aba32414791add2d358472d,2026-10-03T23:30:00Z,South Florida Bulls,Temple Owls,fanduel,FanDuel,2026-10-01T12:41:56Z,2026-10-01T12:41:55Z,South Florida Bulls,-6.5,-110.0,2026,2026-10-01T12:42:26Z,1344,7.347973856109944,2.9231649589564714,6.924808897153473,807aa80048d80e577104f04f9dc527bcbdecbac1e0bd777c98286ecfff8aeba7,timestamped_live_quote,FBS vs FBS
2026-10-01T12:42:26Z,6338f8a71aba32414791add2d358472d,2026-10-03T23:30:00Z,South Florida Bulls,Temple Owls,fanduel,FanDuel,2026-10-01T12:41:56Z,2026-10-01T12:41:55Z,Temple Owls,6.5,-110.0,2026,2026-10-01T12:42:26Z,1344,7.347973856109944,2.9231649589564714,6.924808897153473,807aa80048d80e577104f04f9dc527bcbdecbac1e0bd777c98286ecfff8aeba7,timestamped_live_quote,FBS vs FBS
2026-10-01T12:42:26Z,6338f8a71aba32414791add2d358472d,2026-10-03T23:30:00Z,South Florida Bulls,Temple Owls,draftkings,DraftKings,2026-10-01T12:41:41Z,2026-10-01T12:41:40Z,South Florida Bulls,-6.5,-112.0,2026,2026-10-01T12:42:26Z,1344,7.347973856109944,2.9231649589564714,6.924808897153473,807aa80048d80e577104f04f9dc527bcbdecbac1e0bd777c98286ecfff8aeba7,timestamped_live_quote,FBS vs FBS
2026-10-01T12:42:26Z,6338f8a71aba32414791add2d358472d,2026-10-03T23:30:00Z,South Florida Bulls,Temple Owls,draftkings,DraftKings,2026-10-01T12:41:41Z,2026-10-01T12:41:40Z,Temple Owls,6.5,-108.0,2026,2026-10-01T12:42:26Z,1344,7.347973856109944,2.9231649589564714,6.924808897153473,807aa80048d80e577104f04f9dc527bcbdecbac1e0bd777c98286ecfff8aeba7,timestamped_live_quote,FBS vs FBS
2026-10-01T12:42:26Z,6338f8a71aba32414791add2d358472d,2026-10-03T23:30:00Z,South Florida Bulls,Temple Owls,betonlineag,BetOnline.ag,2026-10-01T12:41:25Z,2026-10-01T12:41:25Z,South Florida Bulls,-6.5,-112.0,2026,2026-10-01T12:42:26Z,1344,7.347973856109944,2.9231649589564714,6.924808897153473,807aa80048d80e577104f04f9dc527bcbdecbac1e0bd777c98286ecfff8aeba7,timestamped_live_quote,FBS vs FBS
2026-10-01T12:42:26Z,6338f8a71aba32414791add2d358472d,2026-10-03T23:30:00Z,South Florida Bulls,Temple Owls,betonlineag,BetOnline.ag,2026-10-01T12:41:25Z,2026-10-01T12:41:25Z,Temple Owls,6.5,-108.0,2026,2026-10-01T12:42:26Z,1344,7.347973856109944,2.9231649589564714,6.924808897153473,807aa80048d80e577104f04f9dc527bcbdecbac1e0bd777c98286ecfff8aeba7,timestamped_live_quote,FBS vs FBS
2026-10-01T12:42:26Z,6338f8a71aba32414791add2d358472d,2026-10-03T23:30:00Z,South Florida Bulls,Temple Owls,lowvig,LowVig.ag,2026-10-01T12:42:16Z,2026-10-01T12:42:15Z,South Florida Bulls,-6.5,-108.0,2026,2026-10-01T12:42:26Z,1344,7.347973856109944,2.9231649589564714,6.924808897153473,807aa80048d80e577104f04f9dc527bcbdecbac1e0bd777c98286ecfff8aeba7,timestamped_live_quote,FBS vs FBS
2026-10-01T12:42:26Z,6338f8a71aba32414791add2d358472d,2026-10-03T23:30:00Z,South Florida Bulls,Temple Owls,lowvig,LowVig.ag,2026-10-01T12:42:16Z,2026-10-01T12:42:15Z,Temple Owls,6.5,-104.0,2026,2026-10-01T12:42:26Z,1344,7.347973856109944,2.9231649589564714,6.924808897153473,807aa80048d80e577104f04f9dc527bcbdecbac1e0bd777c98286ecfff8aeba7,timestamped_live_quote,FBS vs FBS
2026-10-01T12:42:26Z,6338f8a71aba32414791add2d358472d,2026-10-03T23:30:00Z,South Florida Bulls,Temple Owls,betrivers,BetRivers,2026-10-01T12:41:26Z,2026-10-01T12:41:26Z,South Florida Bulls,-6.5,-108.0,2026,2026-10-01T12:42:26Z,1344,7.347973856109944,2.9231649589564714,6.924808897153473,807aa80048d80e577104f04f9dc527bcbdecbac1e0bd777c98286ecfff8aeba7,timestamped_live_quote,FBS vs FBS
2026-10-01T12:42:26Z,6338f8a71aba32414791add2d358472d,2026-10-03T23:30:00Z,South Florida Bulls,Temple Owls,betrivers,BetRivers,2026-10-01T12:41:26Z,2026-10-01T12:41:26Z,Temple Owls,6.5,-115.0,2026,2026-10-01T12:42:26Z,1344,7.347973856109944,2.9231649589564714,6.924808897153473,807aa80048d80e577104f04f9dc527bcbdecbac1e0bd777c98286ecfff8aeba7,timestamped_live_quote,FBS vs FBS
2026-10-01T12:42:26Z,6338f8a71aba32414791add2d358472d,2026-10-03T23:30:00Z,South Florida Bulls,Temple Owls,mybookieag,MyBookie.ag,2026-10-01T12:42:16Z,2026-10-01T12:42:16Z,South Florida Bulls,-6.5,-110.0,2026,2026-10-01T12:42:26Z,1344,7.347973856109944,2.9231649589564714,6.924808897153473,807aa80048d80e577104f04f9dc527bcbdecbac1e0bd777c98286ecfff8aeba7,timestamped_live_quote,FBS vs FBS
2026-10-01T12:42:26Z,6338f8a71aba32414791add2d358472d,2026-10-03T23:30:00Z,South Florida Bulls,Temple Owls,mybookieag,MyBookie.ag,2026-10-01T12:42:16Z,2026-10-01T12:42:16Z,Temple Owls,6.5,-110.0,2026,2026-10-01T12:42:26Z,1344,7.347973856109944,2.9231649589564714,6.924808897153473,807aa80048d80e577104f04f9dc527bcbdecbac1e0bd777c98286ecfff8aeba7,timestamped_live_quote,FBS vs FBS
2026-10-01T12:42:26Z,6338f8a71aba32414791add2d358472d,2026-10-03T23:30:00Z,South Florida Bulls,Temple Owls,betus,BetUS,2026-10-01T12:41:41Z,2026-10-01T12:41:41Z,South Florida Bulls,-6.5,-105.0,2026,2026-10-01T12:42:26Z,1344,7.347973856109944,2.9231649589564714,6.924808897153473,807aa80048d80e577104f04f9dc527bcbdecbac1e0bd777c98286ecfff8aeba7,timestamped_live_quote,FBS vs FBS
2026-10-01T12:42:26Z,6338f8a71aba32414791add2d358472d,2026-10-03T23:30:00Z,South Florida Bulls,Temple Owls,betus,BetUS,2026-10-01T12:41:41Z,2026-10-01T12:41:41Z,Temple Owls,6.5,-115.0,2026,2026-10-01T12:42:26Z,1344,7.347973856109944,2.9231649589564714,6.924808897153473,807aa80048d80e577104f04f9dc527bcbdecbac1e0bd777c98286ecfff8aeba7,timestamped_live_quote,FBS vs FBS
2026-10-01T12:42:26Z,6338f8a71aba32414791add2d358472d,2026-10-03T23:30:00Z,South Florida Bulls,Temple Owls,betmgm,BetMGM,2026-10-01T12:41:44Z,2026-10-01T12:41:44Z,South Florida Bulls,-6.5,-110.0,2026,2026-10-01T12:42:26Z,1344,7.347973856109944,2.9231649589564714,6.924808897153473,807aa80048d80e577104f04f9dc527bcbdecbac1e0bd777c98286ecfff8aeba7,timestamped_live_quote,FBS vs FBS
2026-10-01T12:42:26Z,6338f8a71aba32414791add2d358472d,2026-10-03T23:30:00Z,South Florida Bulls,Temple Owls,betmgm,BetMGM,2026-10-01T12:41:44Z,2026-10-01T12:41:44Z,Temple Owls,6.5,-108.0,2026,2026-10-01T12:42:26Z,1344,7.347973856109944,2.9231649589564714,6.924808897153473,807aa80048d80e577104f04f9dc527bcbdecbac1e0bd777c98286ecfff8aeba7,timestamped_live_quote,FBS vs FBS
2026-10-01T12:42:26Z,6338f8a71aba32414791add2d358472d,2026-10-03T23:30:00Z,South Florida Bulls,Temple Owls,bovada,Bovada,2026-10-01T12:41:12Z,2026-10-01T12:41:12Z,South Florida Bulls,-6.5,-110.0,2026,2026-10-01T12:42:26Z,1344,7.347973856109944,2.9231649589564714,6.924808897153473,807aa80048d80e577104f04f9dc527bcbdecbac1e0bd777c98286ecfff8aeba7,timestamped_live_quote,FBS vs FBS
2026-10-01T12:42:26Z,6338f8a71aba32414791add2d358472d,2026-10-03T23:30:00Z,South Florida Bulls,Temple Owls,bovada,Bovada,2026-10-01T12:41:12Z,2026-10-01T12:41:12Z,Temple Owls,6.5,-110.0,2026,2026-10-01T12:42:26Z,1344,7.347973856109944,2.9231649589564714,6.924808897153473,807aa80048d80e577104f04f9dc527bcbdecbac1e0bd777c98286ecfff8aeba7,timestamped_live_quote,FBS vs FBS
2026-10-01T12:42:26Z,f981648dba0e71d8517d47d31aa2633d,2026-10-03T23:30:00Z,USC Trojans,Washington Huskies,draftkings,DraftKings,2026-10-01T12:41:41Z,2026-10-01T12:41:40Z,USC Trojans,-9.5,-118.0,2026,2026-10-01T12:42:26Z,1344,9.539312484093841,4.701284481318983,7.338028002774858,807aa80048d80e577104f04f9dc527bcbdecbac1e0bd777c98286ecfff8aeba7,timestamped_live_quote,FBS vs FBS
2026-10-01T12:42:26Z,f981648dba0e71d8517d47d31aa2633d,2026-10-03T23:30:00Z,USC Trojans,Washington Huskies,draftkings,DraftKings,2026-10-01T12:41:41Z,2026-10-01T12:41:40Z,Washington Huskies,9.5,-102.0,2026,2026-10-01T12:42:26Z,1344,9.539312484093841,4.701284481318983,7.338028002774858,807aa80048d80e577104f04f9dc527bcbdecbac1e0bd777c98286ecfff8aeba7,timestamped_live_quote,FBS vs FBS
2026-10-01T12:42:26Z,f981648dba0e71d8517d47d31aa2633d,2026-10-03T23:30:00Z,USC Trojans,Washington Huskies,fanduel,FanDuel,2026-10-01T12:41:56Z,2026-10-01T12:41:55Z,USC Trojans,-9.5,-115.0,2026,2026-10-01T12:42:26Z,1344,9.539312484093841,4.701284481318983,7.338028002774858,807aa80048d80e577104f04f9dc527bcbdecbac1e0bd777c98286ecfff8aeba7,timestamped_live_quote,FBS vs FBS
2026-10-01T12:42:26Z,f981648dba0e71d8517d47d31aa2633d,2026-10-03T23:30:00Z,USC Trojans,Washington Huskies,fanduel,FanDuel,2026-10-01T12:41:56Z,2026-10-01T12:41:55Z,Washington Huskies,9.5,-105.0,2026,2026-10-01T12:42:26Z,1344,9.539312484093841,4.701284481318983,7.338028002774858,807aa80048d80e577104f04f9dc527bcbdecbac1e0bd777c98286ecfff8aeba7,timestamped_live_quote,FBS vs FBS
2026-10-01T12:42:26Z,f981648dba0e71d8517d47d31aa2633d,2026-10-03T23:30:00Z,USC Trojans,Washington Huskies,betrivers,BetRivers,2026-10-01T12:41:26Z,2026-10-01T12:41:26Z,USC Trojans,-9.5,-115.0,2026,2026-10-01T12:42:26Z,1344,9.539312484093841,4.701284481318983,7.338028002774858,807aa80048d80e577104f04f9dc527bcbdecbac1e0bd777c98286ecfff8aeba7,timestamped_live_quote,FBS vs FBS
2026-10-01T12:42:26Z,f981648dba0e71d8517d47d31aa2633d,2026-10-03T23:30:00Z,USC Trojans,Washington Huskies,betrivers,BetRivers,2026-10-01T12:41:26Z,2026-10-01T12:41:26Z,Washington Huskies,9.5,-108.0,2026,2026-10-01T12:42:26Z,1344,9.539312484093841,4.701284481318983,7.338028002774858,807aa80048d80e577104f04f9dc527bcbdecbac1e0bd777c98286ecfff8aeba7,timestamped_live_quote,FBS vs FBS
2026-10-01T12:42:26Z,f981648dba0e71d8517d47d31aa2633d,2026-10-03T23:30:00Z,USC Trojans,Washington Huskies,lowvig,LowVig.ag,2026-10-01T12:42:16Z,2026-10-01T12:42:16Z,USC Trojans,-9.0,-116.0,2026,2026-10-01T12:42:26Z,1344,9.539312484093841,4.701284481318983,7.338028002774858,807aa80048d80e577104f04f9dc527bcbdecbac1e0bd777c98286ecfff8aeba7,timestamped_live_quote,FBS vs FBS
2026-10-01T12:42:26Z,f981648dba0e71d8517d47d31aa2633d,2026-10-03T23:30:00Z,USC Trojans,Washington Huskies,lowvig,LowVig.ag,2026-10-01T12:42:16Z,2026-10-01T12:42:16Z,Washington Huskies,9.0,104.0,2026,2026-10-01T12:42:26Z,1344,9.539312484093841,4.701284481318983,7.338028002774858,807aa80048d80e577104f04f9dc527bcbdecbac1e0bd777c98286ecfff8aeba7,timestamped_live_quote,FBS vs FBS
2026-10-01T12:42:26Z,f981648dba0e71d8517d47d31aa2633d,2026-10-03T23:30:00Z,USC Trojans,Washington Huskies,betonlineag,BetOnline.ag,2026-10-01T12:41:25Z,2026-10-01T12:41:25Z,USC Trojans,-9.0,-120.0,2026,2026-10-01T12:42:26Z,1344,9.539312484093841,4.701284481318983,7.338028002774858,807aa80048d80e577104f04f9dc527bcbdecbac1e0bd777c98286ecfff8aeba7,timestamped_live_quote,FBS vs FBS
2026-10-01T12:42:26Z,f981648dba0e71d8517d47d31aa2633d,2026-10-03T23:30:00Z,USC Trojans,Washington Huskies,betonlineag,BetOnline.ag,2026-10-01T12:41:25Z,2026-10-01T12:41:25Z,Washington Huskies,9.0,100.0,2026,2026-10-01T12:42:26Z,1344,9.539312484093841,4.701284481318983,7.338028002774858,807aa80048d80e577104f04f9dc527bcbdecbac1e0bd777c98286ecfff8aeba7,timestamped_live_quote,FBS vs FBS
2026-10-01T12:42:26Z,f981648dba0e71d8517d47d31aa2633d,2026-10-03T23:30:00Z,USC Trojans,Washington Huskies,betus,BetUS,2026-10-01T12:41:41Z,2026-10-01T12:41:41Z,USC Trojans,-10.0,-110.0,2026,2026-10-01T12:42:26Z,1344,9.539312484093841,4.701284481318983,7.338028002774858,807aa80048d80e577104f04f9dc527bcbdecbac1e0bd777c98286ecfff8aeba7,timestamped_live_quote,FBS vs FBS
2026-10-01T12:42:26Z,f981648dba0e71d8517d47d31aa2633d,2026-10-03T23:30:00Z,USC Trojans,Washington Huskies,betus,BetUS,2026-10-01T12:41:41Z,2026-10-01T12:41:41Z,Washington Huskies,10.0,-110.0,2026,2026-10-01T12:42:26Z,1344,9.539312484093841,4.701284481318983,7.338028002774858,807aa80048d80e577104f04f9dc527bcbdecbac1e0bd777c98286ecfff8aeba7,timestamped_live_quote,FBS vs FBS
2026-10-01T12:42:26Z,f981648dba0e71d8517d47d31aa2633d,2026-10-03T23:30:00Z,USC Trojans,Washington Huskies,betmgm,BetMGM,2026-10-01T12:41:44Z,2026-10-01T12:41:44Z,USC Trojans,-10.0,-108.0,2026,2026-10-01T12:42:26Z,1344,9.539312484093841,4.701284481318983,7.338028002774858,807aa80048d80e577104f04f9dc527bcbdecbac1e0bd777c98286ecfff8aeba7,timestamped_live_quote,FBS vs FBS
2026-10-01T12:42:26Z,f981648dba0e71d8517d47d31aa2633d,2026-10-03T23:30:00Z,USC Trojans,Washington Huskies,betmgm,BetMGM,2026-10-01T12:41:44Z,2026-10-01T12:41:44Z,Washington Huskies,10.0,-110.0,2026,2026-10-01T12:42:26Z,1344,9.539312484093841,4.701284481318983,7.338028002774858,807aa80048d80e577104f04f9dc527bcbdecbac1e0bd777c98286ecfff8aeba7,timestamped_live_quote,FBS vs FBS
2026-10-01T12:42:26Z,f981648dba0e71d8517d47d31aa2633d,2026-10-03T23:30:00Z,USC Trojans,Washington Huskies,mybookieag,MyBookie.ag,2026-10-01T12:42:16Z,2026-10-01T12:42:16Z,USC Trojans,-10.0,-110.0,2026,2026-10-01T12:42:26Z,1344,9.539312484093841,4.701284481318983,7.338028002774858,807aa80048d80e577104f04f9dc527bcbdecbac1e0bd777c98286ecfff8aeba7,timestamped_live_quote,FBS vs FBS
2026-10-01T12:42:26Z,f981648dba0e71d8517d47d31aa2633d,2026-10-03T23:30:00Z,USC Trojans,Washington Huskies,mybookieag,MyBookie.ag,2026-10-01T12:42:16Z,2026-10-01T12:42:16Z,Washington Huskies,10.0,-110.0,2026,2026-10-01T12:42:26Z,1344,9.539312484093841,4.701284481318983,7.338028002774858,807aa80048d80e577104f04f9dc527bcbdecbac1e0bd777c98286ecfff8aeba7,timestamped_live_quote,FBS vs FBS
2026-10-01T12:42:26Z,f981648dba0e71d8517d47d31aa2633d,2026-10-03T23:30:00Z,USC Trojans,Washington Huskies,bovada,Bovada,2026-10-01T12:41:12Z,2026-10-01T12:41:12Z,USC Trojans,-9.5,-115.0,2026,2026-10-01T12:42:26Z,1344,9.539312484093841,4.701284481318983,7.338028002774858,807aa80048d80e577104f04f9dc527bcbdecbac1e0bd777c98286ecfff8aeba7,timestamped_live_quote,FBS vs FBS
2026-10-01T12:42:26Z,f981648dba0e71d8517d47d31aa2633d,2026-10-03T23:30:00Z,USC Trojans,Washington Huskies,bovada,Bovada,2026-10-01T12:41:12Z,2026-10-01T12:41:12Z,Washington Huskies,9.5,-105.0,2026,2026-10-01T12:42:26Z,1344,9.539312484093841,4.701284481318983,7.338028002774858,807aa80048d80e577104f04f9dc527bcbdecbac1e0bd777c98286ecfff8aeba7,timestamped_live_quote,FBS vs FBS
2026-10-01T12:42:26Z,253e389201e449a2984a194e3eebf7f8,2026-10-03T23:31:00Z,Colorado Buffaloes,Texas Tech Red Raiders,fanduel,FanDuel,2026-10-01T12:41:56Z,2026-10-01T12:41:55Z,Colorado Buffaloes,11.5,-108.0,2026,2026-10-01T12:42:26Z,1344,1.1074993310385604,10.64804832956414,-7.04054899852558,807aa80048d80e577104f04f9dc527bcbdecbac1e0bd777c98286ecfff8aeba7,timestamped_live_quote,FBS vs FBS
2026-10-01T12:42:26Z,253e389201e449a2984a194e3eebf7f8,2026-10-03T23:31:00Z,Colorado Buffaloes,Texas Tech Red Raiders,fanduel,FanDuel,2026-10-01T12:41:56Z,2026-10-01T12:41:55Z,Texas Tech Red Raiders,-11.5,-112.0,2026,2026-10-01T12:42:26Z,1344,1.1074993310385604,10.64804832956414,-7.04054899852558,807aa80048d80e577104f04f9dc527bcbdecbac1e0bd777c98286ecfff8aeba7,timestamped_live_quote,FBS vs FBS
2026-10-01T12:42:26Z,253e389201e449a2984a194e3eebf7f8,2026-10-03T23:31:00Z,Colorado Buffaloes,Texas Tech Red Raiders,betrivers,BetRivers,2026-10-01T12:41:26Z,2026-10-01T12:41:26Z,Colorado Buffaloes,12.5,-113.0,2026,2026-10-01T12:42:26Z,1344,1.1074993310385604,10.64804832956414,-7.04054899852558,807aa80048d80e577104f04f9dc527bcbdecbac1e0bd777c98286ecfff8aeba7,timestamped_live_quote,FBS vs FBS
2026-10-01T12:42:26Z,253e389201e449a2984a194e3eebf7f8,2026-10-03T23:31:00Z,Colorado Buffaloes,Texas Tech Red Raiders,betrivers,BetRivers,2026-10-01T12:41:26Z,2026-10-01T12:41:26Z,Texas Tech Red Raiders,-12.5,-110.0,2026,2026-10-01T12:42:26Z,1344,1.1074993310385604,10.64804832956414,-7.04054899852558,807aa80048d80e577104f04f9dc527bcbdecbac1e0bd777c98286ecfff8aeba7,timestamped_live_quote,FBS vs FBS
2026-10-01T12:42:26Z,253e389201e449a2984a194e3eebf7f8,2026-10-03T23:31:00Z,Colorado Buffaloes,Texas Tech Red Raiders,draftkings,DraftKings,2026-10-01T12:41:41Z,2026-10-01T12:41:40Z,Colorado Buffaloes,12.5,-110.0,2026,2026-10-01T12:42:26Z,1344,1.1074993310385604,10.64804832956414,-7.04054899852558,807aa80048d80e577104f04f9dc527bcbdecbac1e0bd777c98286ecfff8aeba7,timestamped_live_quote,FBS vs FBS
2026-10-01T12:42:26Z,253e389201e449a2984a194e3eebf7f8,2026-10-03T23:31:00Z,Colorado Buffaloes,Texas Tech Red Raiders,draftkings,DraftKings,2026-10-01T12:41:41Z,2026-10-01T12:41:40Z,Texas Tech Red Raiders,-12.5,-110.0,2026,2026-10-01T12:42:26Z,1344,1.1074993310385604,10.64804832956414,-7.04054899852558,807aa80048d80e577104f04f9dc527bcbdecbac1e0bd777c98286ecfff8aeba7,timestamped_live_quote,FBS vs FBS
2026-10-01T12:42:26Z,253e389201e449a2984a194e3eebf7f8,2026-10-03T23:31:00Z,Colorado Buffaloes,Texas Tech Red Raiders,lowvig,LowVig.ag,2026-10-01T12:42:16Z,2026-10-01T12:42:16Z,Colorado Buffaloes,12.5,-106.0,2026,2026-10-01T12:42:26Z,1344,1.1074993310385604,10.64804832956414,-7.04054899852558,807aa80048d80e577104f04f9dc527bcbdecbac1e0bd777c98286ecfff8aeba7,timestamped_live_quote,FBS vs FBS
2026-10-01T12:42:26Z,253e389201e449a2984a194e3eebf7f8,2026-10-03T23:31:00Z,Colorado Buffaloes,Texas Tech Red Raiders,lowvig,LowVig.ag,2026-10-01T12:42:16Z,2026-10-01T12:42:16Z,Texas Tech Red Raiders,-12.5,-106.0,2026,2026-10-01T12:42:26Z,1344,1.1074993310385604,10.64804832956414,-7.04054899852558,807aa80048d80e577104f04f9dc527bcbdecbac1e0bd777c98286ecfff8aeba7,timestamped_live_quote,FBS vs FBS
2026-10-01T12:42:26Z,253e389201e449a2984a194e3eebf7f8,2026-10-03T23:31:00Z,Colorado Buffaloes,Texas Tech Red Raiders,betonlineag,BetOnline.ag,2026-10-01T12:41:25Z,2026-10-01T12:41:25Z,Colorado Buffaloes,12.5,-110.0,2026,2026-10-01T12:42:26Z,1344,1.1074993310385604,10.64804832956414,-7.04054899852558,807aa80048d80e577104f04f9dc527bcbdecbac1e0bd777c98286ecfff8aeba7,timestamped_live_quote,FBS vs FBS
2026-10-01T12:42:26Z,253e389201e449a2984a194e3eebf7f8,2026-10-03T23:31:00Z,Colorado Buffaloes,Texas Tech Red Raiders,betonlineag,BetOnline.ag,2026-10-01T12:41:25Z,2026-10-01T12:41:25Z,Texas Tech Red Raiders,-12.5,-110.0,2026,2026-10-01T12:42:26Z,1344,1.1074993310385604,10.64804832956414,-7.04054899852558,807aa80048d80e577104f04f9dc527bcbdecbac1e0bd777c98286ecfff8aeba7,timestamped_live_quote,FBS vs FBS
2026-10-01T12:42:26Z,253e389201e449a2984a194e3eebf7f8,2026-10-03T23:31:00Z,Colorado Buffaloes,Texas Tech Red Raiders,mybookieag,MyBookie.ag,2026-10-01T12:42:16Z,2026-10-01T12:42:16Z,Colorado Buffaloes,13.0,-110.0,2026,2026-10-01T12:42:26Z,1344,1.1074993310385604,10.64804832956414,-7.04054899852558,807aa80048d80e577104f04f9dc527bcbdecbac1e0bd777c98286ecfff8aeba7,timestamped_live_quote,FBS vs FBS
2026-10-01T12:42:26Z,253e389201e449a2984a194e3eebf7f8,2026-10-03T23:31:00Z,Colorado Buffaloes,Texas Tech Red Raiders,mybookieag,MyBookie.ag,2026-10-01T12:42:16Z,2026-10-01T12:42:16Z,Texas Tech Red Raiders,-13.0,-110.0,2026,2026-10-01T12:42:26Z,1344,1.1074993310385604,10.64804832956414,-7.04054899852558,807aa80048d80e577104f04f9dc527bcbdecbac1e0bd777c98286ecfff8aeba7,timestamped_live_quote,FBS vs FBS
2026-10-01T12:42:26Z,253e389201e449a2984a194e3eebf7f8,2026-10-03T23:31:00Z,Colorado Buffaloes,Texas Tech Red Raiders,betus,BetUS,2026-10-01T12:41:41Z,2026-10-01T12:41:41Z,Colorado Buffaloes,13.0,-110.0,2026,2026-10-01T12:42:26Z,1344,1.1074993310385604,10.64804832956414,-7.04054899852558,807aa80048d80e577104f04f9dc527bcbdecbac1e0bd777c98286ecfff8aeba7,timestamped_live_quote,FBS vs FBS
2026-10-01T12:42:26Z,253e389201e449a2984a194e3eebf7f8,2026-10-03T23:31:00Z,Colorado Buffaloes,Texas Tech Red Raiders,betus,BetUS,2026-10-01T12:41:41Z,2026-10-01T12:41:41Z,Texas Tech Red Raiders,-13.0,-110.0,2026,2026-10-01T12:42:26Z,1344,1.1074993310385604,10.64804832956414,-7.04054899852558,807aa80048d80e577104f04f9dc527bcbdecbac1e0bd777c98286ecfff8aeba7,timestamped_live_quote,FBS vs FBS
2026-10-01T12:42:26Z,253e389201e449a2984a194e3eebf7f8,2026-10-03T23:31:00Z,Colorado Buffaloes,Texas Tech Red Raiders,betmgm,BetMGM,2026-10-01T12:41:44Z,2026-10-01T12:41:44Z,Colorado Buffaloes,12.5,-118.0,2026,2026-10-01T12:42:26Z,1344,1.1074993310385604,10.64804832956414,-7.04054899852558,807aa80048d80e577104f04f9dc527bcbdecbac1e0bd777c98286ecfff8aeba7,timestamped_live_quote,FBS vs FBS
2026-10-01T12:42:26Z,253e389201e449a2984a194e3eebf7f8,2026-10-03T23:31:00Z,Colorado Buffaloes,Texas Tech Red Raiders,betmgm,BetMGM,2026-10-01T12:41:44Z,2026-10-01T12:41:44Z,Texas Tech Red Raiders,-12.5,-112.0,2026,2026-10-01T12:42:26Z,1344,1.1074993310385604,10.64804832956414,-7.04054899852558,807aa80048d80e577104f04f9dc527bcbdecbac1e0bd777c98286ecfff8aeba7,timestamped_live_quote,FBS vs FBS
2026-10-01T12:42:26Z,253e389201e449a2984a194e3eebf7f8,2026-10-03T23:31:00Z,Colorado Buffaloes,Texas Tech Red Raiders,bovada,Bovada,2026-10-01T12:41:12Z,2026-10-01T12:41:12Z,Colorado Buffaloes,11.0,-110.0,2026,2026-10-01T12:42:26Z,1344,1.1074993310385604,10.64804832956414,-7.04054899852558,807aa80048d80e577104f04f9dc527bcbdecbac1e0bd777c98286ecfff8aeba7,timestamped_live_quote,FBS vs FBS
2026-10-01T12:42:26Z,253e389201e449a2984a194e3eebf7f8,2026-10-03T23:31:00Z,Colorado Buffaloes,Texas Tech Red Raiders,bovada,Bovada,2026-10-01T12:41:12Z,2026-10-01T12:41:12Z,Texas Tech Red Raiders,-11.0,-110.0,2026,2026-10-01T12:42:26Z,1344,1.1074993310385604,10.64804832956414,-7.04054899852558,807aa80048d80e577104f04f9dc527bcbdecbac1e0bd777c98286ecfff8aeba7,timestamped_live_quote,FBS vs FBS
2026-10-01T12:42:26Z,833bd3a9f5a0da5b303a6a4304e2c6a3,2026-10-03T23:45:00Z,LSU Tigers,McNeese State Cowboys,fanduel,FanDuel,2026-10-01T12:41:56Z,2026-10-01T12:41:55Z,LSU Tigers,-53.5,-110.0,2026,2026-10-01T12:42:26Z,1344,,,,807aa80048d80e577104f04f9dc527bcbdecbac1e0bd777c98286ecfff8aeba7,division_safety_suppressed,Unverified division / FCS: model suppressed
2026-10-01T12:42:26Z,833bd3a9f5a0da5b303a6a4304e2c6a3,2026-10-03T23:45:00Z,LSU Tigers,McNeese State Cowboys,fanduel,FanDuel,2026-10-01T12:41:56Z,2026-10-01T12:41:55Z,McNeese State Cowboys,53.5,-110.0,2026,2026-10-01T12:42:26Z,1344,,,,807aa80048d80e577104f04f9dc527bcbdecbac1e0bd777c98286ecfff8aeba7,division_safety_suppressed,Unverified division / FCS: model suppressed
2026-10-01T12:42:26Z,833bd3a9f5a0da5b303a6a4304e2c6a3,2026-10-03T23:45:00Z,LSU Tigers,McNeese State Cowboys,draftkings,DraftKings,2026-10-01T12:41:41Z,2026-10-01T12:41:40Z,LSU Tigers,-53.5,-110.0,2026,2026-10-01T12:42:26Z,1344,,,,807aa80048d80e577104f04f9dc527bcbdecbac1e0bd777c98286ecfff8aeba7,division_safety_suppressed,Unverified division / FCS: model suppressed
2026-10-01T12:42:26Z,833bd3a9f5a0da5b303a6a4304e2c6a3,2026-10-03T23:45:00Z,LSU Tigers,McNeese State Cowboys,draftkings,DraftKings,2026-10-01T12:41:41Z,2026-10-01T12:41:40Z,McNeese State Cowboys,53.5,-110.0,2026,2026-10-01T12:42:26Z,1344,,,,807aa80048d80e577104f04f9dc527bcbdecbac1e0bd777c98286ecfff8aeba7,division_safety_suppressed,Unverified division / FCS: model suppressed
2026-10-01T12:42:26Z,833bd3a9f5a0da5b303a6a4304e2c6a3,2026-10-03T23:45:00Z,LSU Tigers,McNeese State Cowboys,lowvig,LowVig.ag,2026-10-01T12:42:16Z,2026-10-01T12:42:16Z,LSU Tigers,-53.0,-115.0,2026,2026-10-01T12:42:26Z,1344,,,,807aa80048d80e577104f04f9dc527bcbdecbac1e0bd777c98286ecfff8aeba7,division_safety_suppressed,Unverified division / FCS: model suppressed
2026-10-01T12:42:26Z,833bd3a9f5a0da5b303a6a4304e2c6a3,2026-10-03T23:45:00Z,LSU Tigers,McNeese State Cowboys,lowvig,LowVig.ag,2026-10-01T12:42:16Z,2026-10-01T12:42:16Z,McNeese State Cowboys,53.0,-115.0,2026,2026-10-01T12:42:26Z,1344,,,,807aa80048d80e577104f04f9dc527bcbdecbac1e0bd777c98286ecfff8aeba7,division_safety_suppressed,Unverified division / FCS: model suppressed
2026-10-01T12:42:26Z,833bd3a9f5a0da5b303a6a4304e2c6a3,2026-10-03T23:45:00Z,LSU Tigers,McNeese State Cowboys,betonlineag,BetOnline.ag,2026-10-01T12:41:25Z,2026-10-01T12:41:25Z,LSU Tigers,-53.0,-115.0,2026,2026-10-01T12:42:26Z,1344,,,,807aa80048d80e577104f04f9dc527bcbdecbac1e0bd777c98286ecfff8aeba7,division_safety_suppressed,Unverified division / FCS: model suppressed
2026-10-01T12:42:26Z,833bd3a9f5a0da5b303a6a4304e2c6a3,2026-10-03T23:45:00Z,LSU Tigers,McNeese State Cowboys,betonlineag,BetOnline.ag,2026-10-01T12:41:25Z,2026-10-01T12:41:25Z,McNeese State Cowboys,53.0,-115.0,2026,2026-10-01T12:42:26Z,1344,,,,807aa80048d80e577104f04f9dc527bcbdecbac1e0bd777c98286ecfff8aeba7,division_safety_suppressed,Unverified division / FCS: model suppressed
2026-10-01T12:42:26Z,833bd3a9f5a0da5b303a6a4304e2c6a3,2026-10-03T23:45:00Z,LSU Tigers,McNeese State Cowboys,betrivers,BetRivers,2026-10-01T12:41:26Z,2026-10-01T12:41:26Z,LSU Tigers,-53.5,-113.0,2026,2026-10-01T12:42:26Z,1344,,,,807aa80048d80e577104f04f9dc527bcbdecbac1e0bd777c98286ecfff8aeba7,division_safety_suppressed,Unverified division / FCS: model suppressed
2026-10-01T12:42:26Z,833bd3a9f5a0da5b303a6a4304e2c6a3,2026-10-03T23:45:00Z,LSU Tigers,McNeese State Cowboys,betrivers,BetRivers,2026-10-01T12:41:26Z,2026-10-01T12:41:26Z,McNeese State Cowboys,53.5,-109.0,2026,2026-10-01T12:42:26Z,1344,,,,807aa80048d80e577104f04f9dc527bcbdecbac1e0bd777c98286ecfff8aeba7,division_safety_suppressed,Unverified division / FCS: model suppressed
2026-10-01T12:42:26Z,1d3756ab74c013c39510958b5a632b74,2026-10-04T00:00:00Z,Louisiana Ragin Cajuns,Arkansas State Red Wolves,draftkings,DraftKings,2026-10-01T12:41:41Z,2026-10-01T12:41:40Z,Arkansas State Red Wolves,6.5,100.0,2026,2026-10-01T12:42:26Z,1344,5.856247593614552,1.9042276968892304,6.4520198967253215,807aa80048d80e577104f04f9dc527bcbdecbac1e0bd777c98286ecfff8aeba7,timestamped_live_quote,FBS vs FBS
2026-10-01T12:42:26Z,1d3756ab74c013c39510958b5a632b74,2026-10-04T00:00:00Z,Louisiana Ragin Cajuns,Arkansas State Red Wolves,draftkings,DraftKings,2026-10-01T12:41:41Z,2026-10-01T12:41:40Z,Louisiana Ragin Cajuns,-6.5,-120.0,2026,2026-10-01T12:42:26Z,1344,5.856247593614552,1.9042276968892304,6.4520198967253215,807aa80048d80e577104f04f9dc527bcbdecbac1e0bd777c98286ecfff8aeba7,timestamped_live_quote,FBS vs FBS
2026-10-01T12:42:26Z,1d3756ab74c013c39510958b5a632b74,2026-10-04T00:00:00Z,Louisiana Ragin Cajuns,Arkansas State Red Wolves,betonlineag,BetOnline.ag,2026-10-01T12:41:25Z,2026-10-01T12:41:25Z,Arkansas State Red Wolves,6.5,100.0,2026,2026-10-01T12:42:26Z,1344,5.856247593614552,1.9042276968892304,6.4520198967253215,807aa80048d80e577104f04f9dc527bcbdecbac1e0bd777c98286ecfff8aeba7,timestamped_live_quote,FBS vs FBS
2026-10-01T12:42:26Z,1d3756ab74c013c39510958b5a632b74,2026-10-04T00:00:00Z,Louisiana Ragin Cajuns,Arkansas State Red Wolves,betonlineag,BetOnline.ag,2026-10-01T12:41:25Z,2026-10-01T12:41:25Z,Louisiana Ragin Cajuns,-6.5,-120.0,2026,2026-10-01T12:42:26Z,1344,5.856247593614552,1.9042276968892304,6.4520198967253215,807aa80048d80e577104f04f9dc527bcbdecbac1e0bd777c98286ecfff8aeba7,timestamped_live_quote,FBS vs FBS
2026-10-01T12:42:26Z,1d3756ab74c013c39510958b5a632b74,2026-10-04T00:00:00Z,Louisiana Ragin Cajuns,Arkansas State Red Wolves,lowvig,LowVig.ag,2026-10-01T12:42:16Z,2026-10-01T12:42:16Z,Arkansas State Red Wolves,6.5,104.0,2026,2026-10-01T12:42:26Z,1344,5.856247593614552,1.9042276968892304,6.4520198967253215,807aa80048d80e577104f04f9dc527bcbdecbac1e0bd777c98286ecfff8aeba7,timestamped_live_quote,FBS vs FBS
2026-10-01T12:42:26Z,1d3756ab74c013c39510958b5a632b74,2026-10-04T00:00:00Z,Louisiana Ragin Cajuns,Arkansas State Red Wolves,lowvig,LowVig.ag,2026-10-01T12:42:16Z,2026-10-01T12:42:16Z,Louisiana Ragin Cajuns,-6.5,-116.0,2026,2026-10-01T12:42:26Z,1344,5.856247593614552,1.9042276968892304,6.4520198967253215,807aa80048d80e577104f04f9dc527bcbdecbac1e0bd777c98286ecfff8aeba7,timestamped_live_quote,FBS vs FBS
2026-10-01T12:42:26Z,1d3756ab74c013c39510958b5a632b74,2026-10-04T00:00:00Z,Louisiana Ragin Cajuns,Arkansas State Red Wolves,fanduel,FanDuel,2026-10-01T12:41:56Z,2026-10-01T12:41:55Z,Arkansas State Red Wolves,6.5,-104.0,2026,2026-10-01T12:42:26Z,1344,5.856247593614552,1.9042276968892304,6.4520198967253215,807aa80048d80e577104f04f9dc527bcbdecbac1e0bd777c98286ecfff8aeba7,timestamped_live_quote,FBS vs FBS
2026-10-01T12:42:26Z,1d3756ab74c013c39510958b5a632b74,2026-10-04T00:00:00Z,Louisiana Ragin Cajuns,Arkansas State Red Wolves,fanduel,FanDuel,2026-10-01T12:41:56Z,2026-10-01T12:41:55Z,Louisiana Ragin Cajuns,-6.5,-118.0,2026,2026-10-01T12:42:26Z,1344,5.856247593614552,1.9042276968892304,6.4520198967253215,807aa80048d80e577104f04f9dc527bcbdecbac1e0bd777c98286ecfff8aeba7,timestamped_live_quote,FBS vs FBS
2026-10-01T12:42:26Z,1d3756ab74c013c39510958b5a632b74,2026-10-04T00:00:00Z,Louisiana Ragin Cajuns,Arkansas State Red Wolves,mybookieag,MyBookie.ag,2026-10-01T12:42:16Z,2026-10-01T12:42:16Z,Arkansas State Red Wolves,7.0,-110.0,2026,2026-10-01T12:42:26Z,1344,5.856247593614552,1.9042276968892304,6.4520198967253215,807aa80048d80e577104f04f9dc527bcbdecbac1e0bd777c98286ecfff8aeba7,timestamped_live_quote,FBS vs FBS
2026-10-01T12:42:26Z,1d3756ab74c013c39510958b5a632b74,2026-10-04T00:00:00Z,Louisiana Ragin Cajuns,Arkansas State Red Wolves,mybookieag,MyBookie.ag,2026-10-01T12:42:16Z,2026-10-01T12:42:16Z,Louisiana Ragin Cajuns,-7.0,-110.0,2026,2026-10-01T12:42:26Z,1344,5.856247593614552,1.9042276968892304,6.4520198967253215,807aa80048d80e577104f04f9dc527bcbdecbac1e0bd777c98286ecfff8aeba7,timestamped_live_quote,FBS vs FBS
2026-10-01T12:42:26Z,1d3756ab74c013c39510958b5a632b74,2026-10-04T00:00:00Z,Louisiana Ragin Cajuns,Arkansas State Red Wolves,betus,BetUS,2026-10-01T12:41:41Z,2026-10-01T12:41:41Z,Arkansas State Red Wolves,7.0,-110.0,2026,2026-10-01T12:42:26Z,1344,5.856247593614552,1.9042276968892304,6.4520198967253215,807aa80048d80e577104f04f9dc527bcbdecbac1e0bd777c98286ecfff8aeba7,timestamped_live_quote,FBS vs FBS
2026-10-01T12:42:26Z,1d3756ab74c013c39510958b5a632b74,2026-10-04T00:00:00Z,Louisiana Ragin Cajuns,Arkansas State Red Wolves,betus,BetUS,2026-10-01T12:41:41Z,2026-10-01T12:41:41Z,Louisiana Ragin Cajuns,-7.0,-110.0,2026,2026-10-01T12:42:26Z,1344,5.856247593614552,1.9042276968892304,6.4520198967253215,807aa80048d80e577104f04f9dc527bcbdecbac1e0bd777c98286ecfff8aeba7,timestamped_live_quote,FBS vs FBS
2026-10-01T12:42:26Z,1d3756ab74c013c39510958b5a632b74,2026-10-04T00:00:00Z,Louisiana Ragin Cajuns,Arkansas State Red Wolves,betmgm,BetMGM,2026-10-01T12:41:44Z,2026-10-01T12:41:44Z,Arkansas State Red Wolves,7.0,-115.0,2026,2026-10-01T12:42:26Z,1344,5.856247593614552,1.9042276968892304,6.4520198967253215,807aa80048d80e577104f04f9dc527bcbdecbac1e0bd777c98286ecfff8aeba7,timestamped_live_quote,FBS vs FBS
2026-10-01T12:42:26Z,1d3756ab74c013c39510958b5a632b74,2026-10-04T00:00:00Z,Louisiana Ragin Cajuns,Arkansas State Red Wolves,betmgm,BetMGM,2026-10-01T12:41:44Z,2026-10-01T12:41:44Z,Louisiana Ragin Cajuns,-7.0,-105.0,2026,2026-10-01T12:42:26Z,1344,5.856247593614552,1.9042276968892304,6.4520198967253215,807aa80048d80e577104f04f9dc527bcbdecbac1e0bd777c98286ecfff8aeba7,timestamped_live_quote,FBS vs FBS
2026-10-01T12:42:26Z,1d3756ab74c013c39510958b5a632b74,2026-10-04T00:00:00Z,Louisiana Ragin Cajuns,Arkansas State Red Wolves,bovada,Bovada,2026-10-01T12:41:12Z,2026-10-01T12:41:12Z,Arkansas State Red Wolves,6.5,-105.0,2026,2026-10-01T12:42:26Z,1344,5.856247593614552,1.9042276968892304,6.4520198967253215,807aa80048d80e577104f04f9dc527bcbdecbac1e0bd777c98286ecfff8aeba7,timestamped_live_quote,FBS vs FBS
2026-10-01T12:42:26Z,1d3756ab74c013c39510958b5a632b74,2026-10-04T00:00:00Z,Louisiana Ragin Cajuns,Arkansas State Red Wolves,bovada,Bovada,2026-10-01T12:41:12Z,2026-10-01T12:41:12Z,Louisiana Ragin Cajuns,-6.5,-115.0,2026,2026-10-01T12:42:26Z,1344,5.856247593614552,1.9042276968892304,6.4520198967253215,807aa80048d80e577104f04f9dc527bcbdecbac1e0bd777c98286ecfff8aeba7,timestamped_live_quote,FBS vs FBS
2026-10-01T12:42:26Z,1d3756ab74c013c39510958b5a632b74,2026-10-04T00:00:00Z,Louisiana Ragin Cajuns,Arkansas State Red Wolves,betrivers,BetRivers,2026-10-01T12:41:26Z,2026-10-01T12:41:26Z,Arkansas State Red Wolves,7.0,-117.0,2026,2026-10-01T12:42:26Z,1344,5.856247593614552,1.9042276968892304,6.4520198967253215,807aa80048d80e577104f04f9dc527bcbdecbac1e0bd777c98286ecfff8aeba7,timestamped_live_quote,FBS vs FBS
2026-10-01T12:42:26Z,1d3756ab74c013c39510958b5a632b74,2026-10-04T00:00:00Z,Louisiana Ragin Cajuns,Arkansas State Red Wolves,betrivers,BetRivers,2026-10-01T12:41:26Z,2026-10-01T12:41:26Z,Louisiana Ragin Cajuns,-7.0,-106.0,2026,2026-10-01T12:42:26Z,1344,5.856247593614552,1.9042276968892304,6.4520198967253215,807aa80048d80e577104f04f9dc527bcbdecbac1e0bd777c98286ecfff8aeba7,timestamped_live_quote,FBS vs FBS
2026-10-01T12:42:26Z,9dcccf34095cde7b0fe36250bb5be6f6,2026-10-04T00:00:00Z,Rutgers Scarlet Knights,Indiana Hoosiers,fanduel,FanDuel,2026-10-01T12:41:56Z,2026-10-01T12:41:55Z,Indiana Hoosiers,-23.5,-115.0,2026,2026-10-01T12:42:26Z,1344,3.037747222954825,15.607256487625873,-10.069509264671048,807aa80048d80e577104f04f9dc527bcbdecbac1e0bd777c98286ecfff8aeba7,timestamped_live_quote,FBS vs FBS
2026-10-01T12:42:26Z,9dcccf34095cde7b0fe36250bb5be6f6,2026-10-04T00:00:00Z,Rutgers Scarlet Knights,Indiana Hoosiers,fanduel,FanDuel,2026-10-01T12:41:56Z,2026-10-01T12:41:55Z,Rutgers Scarlet Knights,23.5,-105.0,2026,2026-10-01T12:42:26Z,1344,3.037747222954825,15.607256487625873,-10.069509264671048,807aa80048d80e577104f04f9dc527bcbdecbac1e0bd777c98286ecfff8aeba7,timestamped_live_quote,FBS vs FBS
2026-10-01T12:42:26Z,9dcccf34095cde7b0fe36250bb5be6f6,2026-10-04T00:00:00Z,Rutgers Scarlet Knights,Indiana Hoosiers,draftkings,DraftKings,2026-10-01T12:41:41Z,2026-10-01T12:41:40Z,Indiana Hoosiers,-23.5,-115.0,2026,2026-10-01T12:42:26Z,1344,3.037747222954825,15.607256487625873,-10.069509264671048,807aa80048d80e577104f04f9dc527bcbdecbac1e0bd777c98286ecfff8aeba7,timestamped_live_quote,FBS vs FBS
2026-10-01T12:42:26Z,9dcccf34095cde7b0fe36250bb5be6f6,2026-10-04T00:00:00Z,Rutgers Scarlet Knights,Indiana Hoosiers,draftkings,DraftKings,2026-10-01T12:41:41Z,2026-10-01T12:41:40Z,Rutgers Scarlet Knights,23.5,-105.0,2026,2026-10-01T12:42:26Z,1344,3.037747222954825,15.607256487625873,-10.069509264671048,807aa80048d80e577104f04f9dc527bcbdecbac1e0bd777c98286ecfff8aeba7,timestamped_live_quote,FBS vs FBS
2026-10-01T12:42:26Z,9dcccf34095cde7b0fe36250bb5be6f6,2026-10-04T00:00:00Z,Rutgers Scarlet Knights,Indiana Hoosiers,betrivers,BetRivers,2026-10-01T12:41:26Z,2026-10-01T12:41:26Z,Indiana Hoosiers,-24.0,-114.0,2026,2026-10-01T12:42:26Z,1344,3.037747222954825,15.607256487625873,-10.069509264671048,807aa80048d80e577104f04f9dc527bcbdecbac1e0bd777c98286ecfff8aeba7,timestamped_live_quote,FBS vs FBS
2026-10-01T12:42:26Z,9dcccf34095cde7b0fe36250bb5be6f6,2026-10-04T00:00:00Z,Rutgers Scarlet Knights,Indiana Hoosiers,betrivers,BetRivers,2026-10-01T12:41:26Z,2026-10-01T12:41:26Z,Rutgers Scarlet Knights,24.0,-108.0,2026,2026-10-01T12:42:26Z,1344,3.037747222954825,15.607256487625873,-10.069509264671048,807aa80048d80e577104f04f9dc527bcbdecbac1e0bd777c98286ecfff8aeba7,timestamped_live_quote,FBS vs FBS
2026-10-01T12:42:26Z,9dcccf34095cde7b0fe36250bb5be6f6,2026-10-04T00:00:00Z,Rutgers Scarlet Knights,Indiana Hoosiers,lowvig,LowVig.ag,2026-10-01T12:42:16Z,2026-10-01T12:42:16Z,Indiana Hoosiers,-23.0,-108.0,2026,2026-10-01T12:42:26Z,1344,3.037747222954825,15.607256487625873,-10.069509264671048,807aa80048d80e577104f04f9dc527bcbdecbac1e0bd777c98286ecfff8aeba7,timestamped_live_quote,FBS vs FBS
2026-10-01T12:42:26Z,9dcccf34095cde7b0fe36250bb5be6f6,2026-10-04T00:00:00Z,Rutgers Scarlet Knights,Indiana Hoosiers,lowvig,LowVig.ag,2026-10-01T12:42:16Z,2026-10-01T12:42:16Z,Rutgers Scarlet Knights,23.0,-104.0,2026,2026-10-01T12:42:26Z,1344,3.037747222954825,15.607256487625873,-10.069509264671048,807aa80048d80e577104f04f9dc527bcbdecbac1e0bd777c98286ecfff8aeba7,timestamped_live_quote,FBS vs FBS
2026-10-01T12:42:26Z,9dcccf34095cde7b0fe36250bb5be6f6,2026-10-04T00:00:00Z,Rutgers Scarlet Knights,Indiana Hoosiers,betonlineag,BetOnline.ag,2026-10-01T12:41:25Z,2026-10-01T12:41:25Z,Indiana Hoosiers,-23.0,-112.0,2026,2026-10-01T12:42:26Z,1344,3.037747222954825,15.607256487625873,-10.069509264671048,807aa80048d80e577104f04f9dc527bcbdecbac1e0bd777c98286ecfff8aeba7,timestamped_live_quote,FBS vs FBS
2026-10-01T12:42:26Z,9dcccf34095cde7b0fe36250bb5be6f6,2026-10-04T00:00:00Z,Rutgers Scarlet Knights,Indiana Hoosiers,betonlineag,BetOnline.ag,2026-10-01T12:41:25Z,2026-10-01T12:41:25Z,Rutgers Scarlet Knights,23.0,-108.0,2026,2026-10-01T12:42:26Z,1344,3.037747222954825,15.607256487625873,-10.069509264671048,807aa80048d80e577104f04f9dc527bcbdecbac1e0bd777c98286ecfff8aeba7,timestamped_live_quote,FBS vs FBS
2026-10-01T12:42:26Z,9dcccf34095cde7b0fe36250bb5be6f6,2026-10-04T00:00:00Z,Rutgers Scarlet Knights,Indiana Hoosiers,mybookieag,MyBookie.ag,2026-10-01T12:42:16Z,2026-10-01T12:42:16Z,Indiana Hoosiers,-24.0,-110.0,2026,2026-10-01T12:42:26Z,1344,3.037747222954825,15.607256487625873,-10.069509264671048,807aa80048d80e577104f04f9dc527bcbdecbac1e0bd777c98286ecfff8aeba7,timestamped_live_quote,FBS vs FBS
2026-10-01T12:42:26Z,9dcccf34095cde7b0fe36250bb5be6f6,2026-10-04T00:00:00Z,Rutgers Scarlet Knights,Indiana Hoosiers,mybookieag,MyBookie.ag,2026-10-01T12:42:16Z,2026-10-01T12:42:16Z,Rutgers Scarlet Knights,24.0,-110.0,2026,2026-10-01T12:42:26Z,1344,3.037747222954825,15.607256487625873,-10.069509264671048,807aa80048d80e577104f04f9dc527bcbdecbac1e0bd777c98286ecfff8aeba7,timestamped_live_quote,FBS vs FBS
2026-10-01T12:42:26Z,9dcccf34095cde7b0fe36250bb5be6f6,2026-10-04T00:00:00Z,Rutgers Scarlet Knights,Indiana Hoosiers,betus,BetUS,2026-10-01T12:41:41Z,2026-10-01T12:41:41Z,Indiana Hoosiers,-23.0,-112.0,2026,2026-10-01T12:42:26Z,1344,3.037747222954825,15.607256487625873,-10.069509264671048,807aa80048d80e577104f04f9dc527bcbdecbac1e0bd777c98286ecfff8aeba7,timestamped_live_quote,FBS vs FBS
2026-10-01T12:42:26Z,9dcccf34095cde7b0fe36250bb5be6f6,2026-10-04T00:00:00Z,Rutgers Scarlet Knights,Indiana Hoosiers,betus,BetUS,2026-10-01T12:41:41Z,2026-10-01T12:41:41Z,Rutgers Scarlet Knights,23.0,-108.0,2026,2026-10-01T12:42:26Z,1344,3.037747222954825,15.607256487625873,-10.069509264671048,807aa80048d80e577104f04f9dc527bcbdecbac1e0bd777c98286ecfff8aeba7,timestamped_live_quote,FBS vs FBS
2026-10-01T12:42:26Z,9dcccf34095cde7b0fe36250bb5be6f6,2026-10-04T00:00:00Z,Rutgers Scarlet Knights,Indiana Hoosiers,betmgm,BetMGM,2026-10-01T12:41:44Z,2026-10-01T12:41:44Z,Indiana Hoosiers,-23.5,-112.0,2026,2026-10-01T12:42:26Z,1344,3.037747222954825,15.607256487625873,-10.069509264671048,807aa80048d80e577104f04f9dc527bcbdecbac1e0bd777c98286ecfff8aeba7,timestamped_live_quote,FBS vs FBS
2026-10-01T12:42:26Z,9dcccf34095cde7b0fe36250bb5be6f6,2026-10-04T00:00:00Z,Rutgers Scarlet Knights,Indiana Hoosiers,betmgm,BetMGM,2026-10-01T12:41:44Z,2026-10-01T12:41:44Z,Rutgers Scarlet Knights,23.5,-105.0,2026,2026-10-01T12:42:26Z,1344,3.037747222954825,15.607256487625873,-10.069509264671048,807aa80048d80e577104f04f9dc527bcbdecbac1e0bd777c98286ecfff8aeba7,timestamped_live_quote,FBS vs FBS
2026-10-01T12:42:26Z,9dcccf34095cde7b0fe36250bb5be6f6,2026-10-04T00:00:00Z,Rutgers Scarlet Knights,Indiana Hoosiers,bovada,Bovada,2026-10-01T12:41:12Z,2026-10-01T12:41:12Z,Indiana Hoosiers,-24.0,-105.0,2026,2026-10-01T12:42:26Z,1344,3.037747222954825,15.607256487625873,-10.069509264671048,807aa80048d80e577104f04f9dc527bcbdecbac1e0bd777c98286ecfff8aeba7,timestamped_live_quote,FBS vs FBS
2026-10-01T12:42:26Z,9dcccf34095cde7b0fe36250bb5be6f6,2026-10-04T00:00:00Z,Rutgers Scarlet Knights,Indiana Hoosiers,bovada,Bovada,2026-10-01T12:41:12Z,2026-10-01T12:41:12Z,Rutgers Scarlet Knights,24.0,-115.0,2026,2026-10-01T12:42:26Z,1344,3.037747222954825,15.607256487625873,-10.069509264671048,807aa80048d80e577104f04f9dc527bcbdecbac1e0bd777c98286ecfff8aeba7,timestamped_live_quote,FBS vs FBS
2026-10-01T12:42:26Z,23025b717a93bdd8f30424e90a97d68f,2026-10-04T01:30:00Z,Washington State Cougars,Fresno State Bulldogs,fanduel,FanDuel,2026-10-01T12:41:56Z,2026-10-01T12:41:55Z,Fresno State Bulldogs,2.5,-115.0,2026,2026-10-01T12:42:26Z,1344,0.542465829388072,4.630477553075885,-1.5880117236878126,807aa80048d80e577104f04f9dc527bcbdecbac1e0bd777c98286ecfff8aeba7,timestamped_live_quote,FBS vs FBS
2026-10-01T12:42:26Z,23025b717a93bdd8f30424e90a97d68f,2026-10-04T01:30:00Z,Washington State Cougars,Fresno State Bulldogs,fanduel,FanDuel,2026-10-01T12:41:56Z,2026-10-01T12:41:55Z,Washington State Cougars,-2.5,-105.0,2026,2026-10-01T12:42:26Z,1344,0.542465829388072,4.630477553075885,-1.5880117236878126,807aa80048d80e577104f04f9dc527bcbdecbac1e0bd777c98286ecfff8aeba7,timestamped_live_quote,FBS vs FBS
2026-10-01T12:42:26Z,23025b717a93bdd8f30424e90a97d68f,2026-10-04T01:30:00Z,Washington State Cougars,Fresno State Bulldogs,betonlineag,BetOnline.ag,2026-10-01T12:41:25Z,2026-10-01T12:41:25Z,Fresno State Bulldogs,1.5,-110.0,2026,2026-10-01T12:42:26Z,1344,0.542465829388072,4.630477553075885,-1.5880117236878126,807aa80048d80e577104f04f9dc527bcbdecbac1e0bd777c98286ecfff8aeba7,timestamped_live_quote,FBS vs FBS
2026-10-01T12:42:26Z,23025b717a93bdd8f30424e90a97d68f,2026-10-04T01:30:00Z,Washington State Cougars,Fresno State Bulldogs,betonlineag,BetOnline.ag,2026-10-01T12:41:25Z,2026-10-01T12:41:25Z,Washington State Cougars,-1.5,-110.0,2026,2026-10-01T12:42:26Z,1344,0.542465829388072,4.630477553075885,-1.5880117236878126,807aa80048d80e577104f04f9dc527bcbdecbac1e0bd777c98286ecfff8aeba7,timestamped_live_quote,FBS vs FBS
2026-10-01T12:42:26Z,23025b717a93bdd8f30424e90a97d68f,2026-10-04T01:30:00Z,Washington State Cougars,Fresno State Bulldogs,lowvig,LowVig.ag,2026-10-01T12:42:16Z,2026-10-01T12:42:16Z,Fresno State Bulldogs,1.5,-106.0,2026,2026-10-01T12:42:26Z,1344,0.542465829388072,4.630477553075885,-1.5880117236878126,807aa80048d80e577104f04f9dc527bcbdecbac1e0bd777c98286ecfff8aeba7,timestamped_live_quote,FBS vs FBS
2026-10-01T12:42:26Z,23025b717a93bdd8f30424e90a97d68f,2026-10-04T01:30:00Z,Washington State Cougars,Fresno State Bulldogs,lowvig,LowVig.ag,2026-10-01T12:42:16Z,2026-10-01T12:42:16Z,Washington State Cougars,-1.5,-106.0,2026,2026-10-01T12:42:26Z,1344,0.542465829388072,4.630477553075885,-1.5880117236878126,807aa80048d80e577104f04f9dc527bcbdecbac1e0bd777c98286ecfff8aeba7,timestamped_live_quote,FBS vs FBS
2026-10-01T12:42:26Z,23025b717a93bdd8f30424e90a97d68f,2026-10-04T01:30:00Z,Washington State Cougars,Fresno State Bulldogs,betrivers,BetRivers,2026-10-01T12:41:26Z,2026-10-01T12:41:26Z,Fresno State Bulldogs,2.5,-114.0,2026,2026-10-01T12:42:26Z,1344,0.542465829388072,4.630477553075885,-1.5880117236878126,807aa80048d80e577104f04f9dc527bcbdecbac1e0bd777c98286ecfff8aeba7,timestamped_live_quote,FBS vs FBS
2026-10-01T12:42:26Z,23025b717a93bdd8f30424e90a97d68f,2026-10-04T01:30:00Z,Washington State Cougars,Fresno State Bulldogs,betrivers,BetRivers,2026-10-01T12:41:26Z,2026-10-01T12:41:26Z,Washington State Cougars,-2.5,-108.0,2026,2026-10-01T12:42:26Z,1344,0.542465829388072,4.630477553075885,-1.5880117236878126,807aa80048d80e577104f04f9dc527bcbdecbac1e0bd777c98286ecfff8aeba7,timestamped_live_quote,FBS vs FBS
2026-10-01T12:42:26Z,23025b717a93bdd8f30424e90a97d68f,2026-10-04T01:30:00Z,Washington State Cougars,Fresno State Bulldogs,draftkings,DraftKings,2026-10-01T12:41:41Z,2026-10-01T12:41:40Z,Fresno State Bulldogs,1.5,-105.0,2026,2026-10-01T12:42:26Z,1344,0.542465829388072,4.630477553075885,-1.5880117236878126,807aa80048d80e577104f04f9dc527bcbdecbac1e0bd777c98286ecfff8aeba7,timestamped_live_quote,FBS vs FBS
2026-10-01T12:42:26Z,23025b717a93bdd8f30424e90a97d68f,2026-10-04T01:30:00Z,Washington State Cougars,Fresno State Bulldogs,draftkings,DraftKings,2026-10-01T12:41:41Z,2026-10-01T12:41:40Z,Washington State Cougars,-1.5,-115.0,2026,2026-10-01T12:42:26Z,1344,0.542465829388072,4.630477553075885,-1.5880117236878126,807aa80048d80e577104f04f9dc527bcbdecbac1e0bd777c98286ecfff8aeba7,timestamped_live_quote,FBS vs FBS
2026-10-01T12:42:26Z,23025b717a93bdd8f30424e90a97d68f,2026-10-04T01:30:00Z,Washington State Cougars,Fresno State Bulldogs,mybookieag,MyBookie.ag,2026-10-01T12:42:16Z,2026-10-01T12:42:16Z,Fresno State Bulldogs,2.0,-110.0,2026,2026-10-01T12:42:26Z,1344,0.542465829388072,4.630477553075885,-1.5880117236878126,807aa80048d80e577104f04f9dc527bcbdecbac1e0bd777c98286ecfff8aeba7,timestamped_live_quote,FBS vs FBS
2026-10-01T12:42:26Z,23025b717a93bdd8f30424e90a97d68f,2026-10-04T01:30:00Z,Washington State Cougars,Fresno State Bulldogs,mybookieag,MyBookie.ag,2026-10-01T12:42:16Z,2026-10-01T12:42:16Z,Washington State Cougars,-2.0,-110.0,2026,2026-10-01T12:42:26Z,1344,0.542465829388072,4.630477553075885,-1.5880117236878126,807aa80048d80e577104f04f9dc527bcbdecbac1e0bd777c98286ecfff8aeba7,timestamped_live_quote,FBS vs FBS
2026-10-01T12:42:26Z,23025b717a93bdd8f30424e90a97d68f,2026-10-04T01:30:00Z,Washington State Cougars,Fresno State Bulldogs,betus,BetUS,2026-10-01T12:41:41Z,2026-10-01T12:41:41Z,Fresno State Bulldogs,1.5,-110.0,2026,2026-10-01T12:42:26Z,1344,0.542465829388072,4.630477553075885,-1.5880117236878126,807aa80048d80e577104f04f9dc527bcbdecbac1e0bd777c98286ecfff8aeba7,timestamped_live_quote,FBS vs FBS
2026-10-01T12:42:26Z,23025b717a93bdd8f30424e90a97d68f,2026-10-04T01:30:00Z,Washington State Cougars,Fresno State Bulldogs,betus,BetUS,2026-10-01T12:41:41Z,2026-10-01T12:41:41Z,Washington State Cougars,-1.5,-110.0,2026,2026-10-01T12:42:26Z,1344,0.542465829388072,4.630477553075885,-1.5880117236878126,807aa80048d80e577104f04f9dc527bcbdecbac1e0bd777c98286ecfff8aeba7,timestamped_live_quote,FBS vs FBS
2026-10-01T12:42:26Z,23025b717a93bdd8f30424e90a97d68f,2026-10-04T01:30:00Z,Washington State Cougars,Fresno State Bulldogs,betmgm,BetMGM,2026-10-01T12:41:44Z,2026-10-01T12:41:44Z,Fresno State Bulldogs,2.0,-110.0,2026,2026-10-01T12:42:26Z,1344,0.542465829388072,4.630477553075885,-1.5880117236878126,807aa80048d80e577104f04f9dc527bcbdecbac1e0bd777c98286ecfff8aeba7,timestamped_live_quote,FBS vs FBS
2026-10-01T12:42:26Z,23025b717a93bdd8f30424e90a97d68f,2026-10-04T01:30:00Z,Washington State Cougars,Fresno State Bulldogs,betmgm,BetMGM,2026-10-01T12:41:44Z,2026-10-01T12:41:44Z,Washington State Cougars,-2.0,-108.0,2026,2026-10-01T12:42:26Z,1344,0.542465829388072,4.630477553075885,-1.5880117236878126,807aa80048d80e577104f04f9dc527bcbdecbac1e0bd777c98286ecfff8aeba7,timestamped_live_quote,FBS vs FBS
2026-10-01T12:42:26Z,23025b717a93bdd8f30424e90a97d68f,2026-10-04T01:30:00Z,Washington State Cougars,Fresno State Bulldogs,bovada,Bovada,2026-10-01T12:41:12Z,2026-10-01T12:41:12Z,Fresno State Bulldogs,2.0,-110.0,2026,2026-10-01T12:42:26Z,1344,0.542465829388072,4.630477553075885,-1.5880117236878126,807aa80048d80e577104f04f9dc527bcbdecbac1e0bd777c98286ecfff8aeba7,timestamped_live_quote,FBS vs FBS
2026-10-01T12:42:26Z,23025b717a93bdd8f30424e90a97d68f,2026-10-04T01:30:00Z,Washington State Cougars,Fresno State Bulldogs,bovada,Bovada,2026-10-01T12:41:12Z,2026-10-01T12:41:12Z,Washington State Cougars,-2.0,-110.0,2026,2026-10-01T12:42:26Z,1344,0.542465829388072,4.630477553075885,-1.5880117236878126,807aa80048d80e577104f04f9dc527bcbdecbac1e0bd777c98286ecfff8aeba7,timestamped_live_quote,FBS vs FBS
2026-10-01T12:42:26Z,4ec93b02d04c2a019ebd6f4ccd9f7af5,2026-10-04T02:30:00Z,Arizona State Sun Devils,Baylor Bears,fanduel,FanDuel,2026-10-01T12:41:56Z,2026-10-01T12:41:55Z,Arizona State Sun Devils,-4.5,-105.0,2026,2026-10-01T12:42:26Z,1344,7.542964968269215,9.117203447573525,0.9257615206956897,807aa80048d80e577104f04f9dc527bcbdecbac1e0bd777c98286ecfff8aeba7,timestamped_live_quote,FBS vs FBS
2026-10-01T12:42:26Z,4ec93b02d04c2a019ebd6f4ccd9f7af5,2026-10-04T02:30:00Z,Arizona State Sun Devils,Baylor Bears,fanduel,FanDuel,2026-10-01T12:41:56Z,2026-10-01T12:41:55Z,Baylor Bears,4.5,-115.0,2026,2026-10-01T12:42:26Z,1344,7.542964968269215,9.117203447573525,0.9257615206956897,807aa80048d80e577104f04f9dc527bcbdecbac1e0bd777c98286ecfff8aeba7,timestamped_live_quote,FBS vs FBS
2026-10-01T12:42:26Z,4ec93b02d04c2a019ebd6f4ccd9f7af5,2026-10-04T02:30:00Z,Arizona State Sun Devils,Baylor Bears,betrivers,BetRivers,2026-10-01T12:41:26Z,2026-10-01T12:41:26Z,Arizona State Sun Devils,-4.0,-113.0,2026,2026-10-01T12:42:26Z,1344,7.542964968269215,9.117203447573525,0.9257615206956897,807aa80048d80e577104f04f9dc527bcbdecbac1e0bd777c98286ecfff8aeba7,timestamped_live_quote,FBS vs FBS
2026-10-01T12:42:26Z,4ec93b02d04c2a019ebd6f4ccd9f7af5,2026-10-04T02:30:00Z,Arizona State Sun Devils,Baylor Bears,betrivers,BetRivers,2026-10-01T12:41:26Z,2026-10-01T12:41:26Z,Baylor Bears,4.0,-110.0,2026,2026-10-01T12:42:26Z,1344,7.542964968269215,9.117203447573525,0.9257615206956897,807aa80048d80e577104f04f9dc527bcbdecbac1e0bd777c98286ecfff8aeba7,timestamped_live_quote,FBS vs FBS
2026-10-01T12:42:26Z,4ec93b02d04c2a019ebd6f4ccd9f7af5,2026-10-04T02:30:00Z,Arizona State Sun Devils,Baylor Bears,betonlineag,BetOnline.ag,2026-10-01T12:41:25Z,2026-10-01T12:41:25Z,Arizona State Sun Devils,-3.5,-116.0,2026,2026-10-01T12:42:26Z,1344,7.542964968269215,9.117203447573525,0.9257615206956897,807aa80048d80e577104f04f9dc527bcbdecbac1e0bd777c98286ecfff8aeba7,timestamped_live_quote,FBS vs FBS
2026-10-01T12:42:26Z,4ec93b02d04c2a019ebd6f4ccd9f7af5,2026-10-04T02:30:00Z,Arizona State Sun Devils,Baylor Bears,betonlineag,BetOnline.ag,2026-10-01T12:41:25Z,2026-10-01T12:41:25Z,Baylor Bears,3.5,-104.0,2026,2026-10-01T12:42:26Z,1344,7.542964968269215,9.117203447573525,0.9257615206956897,807aa80048d80e577104f04f9dc527bcbdecbac1e0bd777c98286ecfff8aeba7,timestamped_live_quote,FBS vs FBS
2026-10-01T12:42:26Z,4ec93b02d04c2a019ebd6f4ccd9f7af5,2026-10-04T02:30:00Z,Arizona State Sun Devils,Baylor Bears,lowvig,LowVig.ag,2026-10-01T12:42:16Z,2026-10-01T12:42:16Z,Arizona State Sun Devils,-3.5,-112.0,2026,2026-10-01T12:42:26Z,1344,7.542964968269215,9.117203447573525,0.9257615206956897,807aa80048d80e577104f04f9dc527bcbdecbac1e0bd777c98286ecfff8aeba7,timestamped_live_quote,FBS vs FBS
2026-10-01T12:42:26Z,4ec93b02d04c2a019ebd6f4ccd9f7af5,2026-10-04T02:30:00Z,Arizona State Sun Devils,Baylor Bears,lowvig,LowVig.ag,2026-10-01T12:42:16Z,2026-10-01T12:42:16Z,Baylor Bears,3.5,100.0,2026,2026-10-01T12:42:26Z,1344,7.542964968269215,9.117203447573525,0.9257615206956897,807aa80048d80e577104f04f9dc527bcbdecbac1e0bd777c98286ecfff8aeba7,timestamped_live_quote,FBS vs FBS
2026-10-01T12:42:26Z,4ec93b02d04c2a019ebd6f4ccd9f7af5,2026-10-04T02:30:00Z,Arizona State Sun Devils,Baylor Bears,draftkings,DraftKings,2026-10-01T12:41:41Z,2026-10-01T12:41:40Z,Arizona State Sun Devils,-4.0,-108.0,2026,2026-10-01T12:42:26Z,1344,7.542964968269215,9.117203447573525,0.9257615206956897,807aa80048d80e577104f04f9dc527bcbdecbac1e0bd777c98286ecfff8aeba7,timestamped_live_quote,FBS vs FBS
2026-10-01T12:42:26Z,4ec93b02d04c2a019ebd6f4ccd9f7af5,2026-10-04T02:30:00Z,Arizona State Sun Devils,Baylor Bears,draftkings,DraftKings,2026-10-01T12:41:41Z,2026-10-01T12:41:40Z,Baylor Bears,4.0,-112.0,2026,2026-10-01T12:42:26Z,1344,7.542964968269215,9.117203447573525,0.9257615206956897,807aa80048d80e577104f04f9dc527bcbdecbac1e0bd777c98286ecfff8aeba7,timestamped_live_quote,FBS vs FBS
2026-10-01T12:42:26Z,4ec93b02d04c2a019ebd6f4ccd9f7af5,2026-10-04T02:30:00Z,Arizona State Sun Devils,Baylor Bears,mybookieag,MyBookie.ag,2026-10-01T12:42:16Z,2026-10-01T12:42:16Z,Arizona State Sun Devils,-4.0,-110.0,2026,2026-10-01T12:42:26Z,1344,7.542964968269215,9.117203447573525,0.9257615206956897,807aa80048d80e577104f04f9dc527bcbdecbac1e0bd777c98286ecfff8aeba7,timestamped_live_quote,FBS vs FBS
2026-10-01T12:42:26Z,4ec93b02d04c2a019ebd6f4ccd9f7af5,2026-10-04T02:30:00Z,Arizona State Sun Devils,Baylor Bears,mybookieag,MyBookie.ag,2026-10-01T12:42:16Z,2026-10-01T12:42:16Z,Baylor Bears,4.0,-110.0,2026,2026-10-01T12:42:26Z,1344,7.542964968269215,9.117203447573525,0.9257615206956897,807aa80048d80e577104f04f9dc527bcbdecbac1e0bd777c98286ecfff8aeba7,timestamped_live_quote,FBS vs FBS
2026-10-01T12:42:26Z,4ec93b02d04c2a019ebd6f4ccd9f7af5,2026-10-04T02:30:00Z,Arizona State Sun Devils,Baylor Bears,betus,BetUS,2026-10-01T12:41:41Z,2026-10-01T12:41:41Z,Arizona State Sun Devils,-3.5,-115.0,2026,2026-10-01T12:42:26Z,1344,7.542964968269215,9.117203447573525,0.9257615206956897,807aa80048d80e577104f04f9dc527bcbdecbac1e0bd777c98286ecfff8aeba7,timestamped_live_quote,FBS vs FBS
2026-10-01T12:42:26Z,4ec93b02d04c2a019ebd6f4ccd9f7af5,2026-10-04T02:30:00Z,Arizona State Sun Devils,Baylor Bears,betus,BetUS,2026-10-01T12:41:41Z,2026-10-01T12:41:41Z,Baylor Bears,3.5,-105.0,2026,2026-10-01T12:42:26Z,1344,7.542964968269215,9.117203447573525,0.9257615206956897,807aa80048d80e577104f04f9dc527bcbdecbac1e0bd777c98286ecfff8aeba7,timestamped_live_quote,FBS vs FBS
2026-10-01T12:42:26Z,4ec93b02d04c2a019ebd6f4ccd9f7af5,2026-10-04T02:30:00Z,Arizona State Sun Devils,Baylor Bears,betmgm,BetMGM,2026-10-01T12:41:44Z,2026-10-01T12:41:44Z,Arizona State Sun Devils,-4.0,-110.0,2026,2026-10-01T12:42:26Z,1344,7.542964968269215,9.117203447573525,0.9257615206956897,807aa80048d80e577104f04f9dc527bcbdecbac1e0bd777c98286ecfff8aeba7,timestamped_live_quote,FBS vs FBS
2026-10-01T12:42:26Z,4ec93b02d04c2a019ebd6f4ccd9f7af5,2026-10-04T02:30:00Z,Arizona State Sun Devils,Baylor Bears,betmgm,BetMGM,2026-10-01T12:41:44Z,2026-10-01T12:41:44Z,Baylor Bears,4.0,-108.0,2026,2026-10-01T12:42:26Z,1344,7.542964968269215,9.117203447573525,0.9257615206956897,807aa80048d80e577104f04f9dc527bcbdecbac1e0bd777c98286ecfff8aeba7,timestamped_live_quote,FBS vs FBS
2026-10-01T12:42:26Z,4ec93b02d04c2a019ebd6f4ccd9f7af5,2026-10-04T02:30:00Z,Arizona State Sun Devils,Baylor Bears,bovada,Bovada,2026-10-01T12:41:12Z,2026-10-01T12:41:12Z,Arizona State Sun Devils,-4.0,-105.0,2026,2026-10-01T12:42:26Z,1344,7.542964968269215,9.117203447573525,0.9257615206956897,807aa80048d80e577104f04f9dc527bcbdecbac1e0bd777c98286ecfff8aeba7,timestamped_live_quote,FBS vs FBS
2026-10-01T12:42:26Z,4ec93b02d04c2a019ebd6f4ccd9f7af5,2026-10-04T02:30:00Z,Arizona State Sun Devils,Baylor Bears,bovada,Bovada,2026-10-01T12:41:12Z,2026-10-01T12:41:12Z,Baylor Bears,4.0,-115.0,2026,2026-10-01T12:42:26Z,1344,7.542964968269215,9.117203447573525,0.9257615206956897,807aa80048d80e577104f04f9dc527bcbdecbac1e0bd777c98286ecfff8aeba7,timestamped_live_quote,FBS vs FBS
2026-10-01T12:42:26Z,f73081099f845f23ea7f41ef09128cdd,2026-10-04T02:30:00Z,San Diego State Aztecs,Texas State Bobcats,fanduel,FanDuel,2026-10-01T12:41:56Z,2026-10-01T12:41:55Z,San Diego State Aztecs,7.5,-122.0,2026,2026-10-01T12:42:26Z,1344,-0.08737864701266375,4.149691570874174,-1.7370702178868385,807aa80048d80e577104f04f9dc527bcbdecbac1e0bd777c98286ecfff8aeba7,timestamped_live_quote,FBS vs FBS
2026-10-01T12:42:26Z,f73081099f845f23ea7f41ef09128cdd,2026-10-04T02:30:00Z,San Diego State Aztecs,Texas State Bobcats,fanduel,FanDuel,2026-10-01T12:41:56Z,2026-10-01T12:41:55Z,Texas State Bobcats,-7.5,100.0,2026,2026-10-01T12:42:26Z,1344,-0.08737864701266375,4.149691570874174,-1.7370702178868385,807aa80048d80e577104f04f9dc527bcbdecbac1e0bd777c98286ecfff8aeba7,timestamped_live_quote,FBS vs FBS
2026-10-01T12:42:26Z,f73081099f845f23ea7f41ef09128cdd,2026-10-04T02:30:00Z,San Diego State Aztecs,Texas State Bobcats,betonlineag,BetOnline.ag,2026-10-01T12:41:25Z,2026-10-01T12:41:25Z,San Diego State Aztecs,7.0,-110.0,2026,2026-10-01T12:42:26Z,1344,-0.08737864701266375,4.149691570874174,-1.7370702178868385,807aa80048d80e577104f04f9dc527bcbdecbac1e0bd777c98286ecfff8aeba7,timestamped_live_quote,FBS vs FBS
2026-10-01T12:42:26Z,f73081099f845f23ea7f41ef09128cdd,2026-10-04T02:30:00Z,San Diego State Aztecs,Texas State Bobcats,betonlineag,BetOnline.ag,2026-10-01T12:41:25Z,2026-10-01T12:41:25Z,Texas State Bobcats,-7.0,-110.0,2026,2026-10-01T12:42:26Z,1344,-0.08737864701266375,4.149691570874174,-1.7370702178868385,807aa80048d80e577104f04f9dc527bcbdecbac1e0bd777c98286ecfff8aeba7,timestamped_live_quote,FBS vs FBS
2026-10-01T12:42:26Z,f73081099f845f23ea7f41ef09128cdd,2026-10-04T02:30:00Z,San Diego State Aztecs,Texas State Bobcats,lowvig,LowVig.ag,2026-10-01T12:42:16Z,2026-10-01T12:42:16Z,San Diego State Aztecs,7.0,-106.0,2026,2026-10-01T12:42:26Z,1344,-0.08737864701266375,4.149691570874174,-1.7370702178868385,807aa80048d80e577104f04f9dc527bcbdecbac1e0bd777c98286ecfff8aeba7,timestamped_live_quote,FBS vs FBS
2026-10-01T12:42:26Z,f73081099f845f23ea7f41ef09128cdd,2026-10-04T02:30:00Z,San Diego State Aztecs,Texas State Bobcats,lowvig,LowVig.ag,2026-10-01T12:42:16Z,2026-10-01T12:42:16Z,Texas State Bobcats,-7.0,-106.0,2026,2026-10-01T12:42:26Z,1344,-0.08737864701266375,4.149691570874174,-1.7370702178868385,807aa80048d80e577104f04f9dc527bcbdecbac1e0bd777c98286ecfff8aeba7,timestamped_live_quote,FBS vs FBS
2026-10-01T12:42:26Z,f73081099f845f23ea7f41ef09128cdd,2026-10-04T02:30:00Z,San Diego State Aztecs,Texas State Bobcats,betrivers,BetRivers,2026-10-01T12:41:26Z,2026-10-01T12:41:26Z,San Diego State Aztecs,7.0,-104.0,2026,2026-10-01T12:42:26Z,1344,-0.08737864701266375,4.149691570874174,-1.7370702178868385,807aa80048d80e577104f04f9dc527bcbdecbac1e0bd777c98286ecfff8aeba7,timestamped_live_quote,FBS vs FBS
2026-10-01T12:42:26Z,f73081099f845f23ea7f41ef09128cdd,2026-10-04T02:30:00Z,San Diego State Aztecs,Texas State Bobcats,betrivers,BetRivers,2026-10-01T12:41:26Z,2026-10-01T12:41:26Z,Texas State Bobcats,-7.0,-118.0,2026,2026-10-01T12:42:26Z,1344,-0.08737864701266375,4.149691570874174,-1.7370702178868385,807aa80048d80e577104f04f9dc527bcbdecbac1e0bd777c98286ecfff8aeba7,timestamped_live_quote,FBS vs FBS
2026-10-01T12:42:26Z,f73081099f845f23ea7f41ef09128cdd,2026-10-04T02:30:00Z,San Diego State Aztecs,Texas State Bobcats,draftkings,DraftKings,2026-10-01T12:41:41Z,2026-10-01T12:41:40Z,San Diego State Aztecs,7.0,-110.0,2026,2026-10-01T12:42:26Z,1344,-0.08737864701266375,4.149691570874174,-1.7370702178868385,807aa80048d80e577104f04f9dc527bcbdecbac1e0bd777c98286ecfff8aeba7,timestamped_live_quote,FBS vs FBS
2026-10-01T12:42:26Z,f73081099f845f23ea7f41ef09128cdd,2026-10-04T02:30:00Z,San Diego State Aztecs,Texas State Bobcats,draftkings,DraftKings,2026-10-01T12:41:41Z,2026-10-01T12:41:40Z,Texas State Bobcats,-7.0,-110.0,2026,2026-10-01T12:42:26Z,1344,-0.08737864701266375,4.149691570874174,-1.7370702178868385,807aa80048d80e577104f04f9dc527bcbdecbac1e0bd777c98286ecfff8aeba7,timestamped_live_quote,FBS vs FBS
2026-10-01T12:42:26Z,f73081099f845f23ea7f41ef09128cdd,2026-10-04T02:30:00Z,San Diego State Aztecs,Texas State Bobcats,mybookieag,MyBookie.ag,2026-10-01T12:42:16Z,2026-10-01T12:42:16Z,San Diego State Aztecs,7.0,-110.0,2026,2026-10-01T12:42:26Z,1344,-0.08737864701266375,4.149691570874174,-1.7370702178868385,807aa80048d80e577104f04f9dc527bcbdecbac1e0bd777c98286ecfff8aeba7,timestamped_live_quote,FBS vs FBS
2026-10-01T12:42:26Z,f73081099f845f23ea7f41ef09128cdd,2026-10-04T02:30:00Z,San Diego State Aztecs,Texas State Bobcats,mybookieag,MyBookie.ag,2026-10-01T12:42:16Z,2026-10-01T12:42:16Z,Texas State Bobcats,-7.0,-110.0,2026,2026-10-01T12:42:26Z,1344,-0.08737864701266375,4.149691570874174,-1.7370702178868385,807aa80048d80e577104f04f9dc527bcbdecbac1e0bd777c98286ecfff8aeba7,timestamped_live_quote,FBS vs FBS
2026-10-01T12:42:26Z,f73081099f845f23ea7f41ef09128cdd,2026-10-04T02:30:00Z,San Diego State Aztecs,Texas State Bobcats,betus,BetUS,2026-10-01T12:41:41Z,2026-10-01T12:41:41Z,San Diego State Aztecs,7.0,-110.0,2026,2026-10-01T12:42:26Z,1344,-0.08737864701266375,4.149691570874174,-1.7370702178868385,807aa80048d80e577104f04f9dc527bcbdecbac1e0bd777c98286ecfff8aeba7,timestamped_live_quote,FBS vs FBS
2026-10-01T12:42:26Z,f73081099f845f23ea7f41ef09128cdd,2026-10-04T02:30:00Z,San Diego State Aztecs,Texas State Bobcats,betus,BetUS,2026-10-01T12:41:41Z,2026-10-01T12:41:41Z,Texas State Bobcats,-7.0,-110.0,2026,2026-10-01T12:42:26Z,1344,-0.08737864701266375,4.149691570874174,-1.7370702178868385,807aa80048d80e577104f04f9dc527bcbdecbac1e0bd777c98286ecfff8aeba7,timestamped_live_quote,FBS vs FBS
2026-10-01T12:42:26Z,f73081099f845f23ea7f41ef09128cdd,2026-10-04T02:30:00Z,San Diego State Aztecs,Texas State Bobcats,betmgm,BetMGM,2026-10-01T12:41:44Z,2026-10-01T12:41:44Z,San Diego State Aztecs,7.0,-108.0,2026,2026-10-01T12:42:26Z,1344,-0.08737864701266375,4.149691570874174,-1.7370702178868385,807aa80048d80e577104f04f9dc527bcbdecbac1e0bd777c98286ecfff8aeba7,timestamped_live_quote,FBS vs FBS
2026-10-01T12:42:26Z,f73081099f845f23ea7f41ef09128cdd,2026-10-04T02:30:00Z,San Diego State Aztecs,Texas State Bobcats,betmgm,BetMGM,2026-10-01T12:41:44Z,2026-10-01T12:41:44Z,Texas State Bobcats,-7.0,-110.0,2026,2026-10-01T12:42:26Z,1344,-0.08737864701266375,4.149691570874174,-1.7370702178868385,807aa80048d80e577104f04f9dc527bcbdecbac1e0bd777c98286ecfff8aeba7,timestamped_live_quote,FBS vs FBS
2026-10-01T12:42:26Z,63dded0ee467d6f6d03c41673569238d,2026-10-04T03:00:00Z,Arizona Wildcats,Cincinnati Bearcats,fanduel,FanDuel,2026-10-01T12:41:56Z,2026-10-01T12:41:55Z,Arizona Wildcats,-6.5,-115.0,2026,2026-10-01T12:42:26Z,1344,7.099006342407677,10.010435143603644,-0.41142880119596725,807aa80048d80e577104f04f9dc527bcbdecbac1e0bd777c98286ecfff8aeba7,timestamped_live_quote,FBS vs FBS
2026-10-01T12:42:26Z,63dded0ee467d6f6d03c41673569238d,2026-10-04T03:00:00Z,Arizona Wildcats,Cincinnati Bearcats,fanduel,FanDuel,2026-10-01T12:41:56Z,2026-10-01T12:41:55Z,Cincinnati Bearcats,6.5,-105.0,2026,2026-10-01T12:42:26Z,1344,7.099006342407677,10.010435143603644,-0.41142880119596725,807aa80048d80e577104f04f9dc527bcbdecbac1e0bd777c98286ecfff8aeba7,timestamped_live_quote,FBS vs FBS
2026-10-01T12:42:26Z,63dded0ee467d6f6d03c41673569238d,2026-10-04T03:00:00Z,Arizona Wildcats,Cincinnati Bearcats,draftkings,DraftKings,2026-10-01T12:41:41Z,2026-10-01T12:41:40Z,Arizona Wildcats,-6.5,-115.0,2026,2026-10-01T12:42:26Z,1344,7.099006342407677,10.010435143603644,-0.41142880119596725,807aa80048d80e577104f04f9dc527bcbdecbac1e0bd777c98286ecfff8aeba7,timestamped_live_quote,FBS vs FBS
2026-10-01T12:42:26Z,63dded0ee467d6f6d03c41673569238d,2026-10-04T03:00:00Z,Arizona Wildcats,Cincinnati Bearcats,draftkings,DraftKings,2026-10-01T12:41:41Z,2026-10-01T12:41:40Z,Cincinnati Bearcats,6.5,-105.0,2026,2026-10-01T12:42:26Z,1344,7.099006342407677,10.010435143603644,-0.41142880119596725,807aa80048d80e577104f04f9dc527bcbdecbac1e0bd777c98286ecfff8aeba7,timestamped_live_quote,FBS vs FBS
2026-10-01T12:42:26Z,63dded0ee467d6f6d03c41673569238d,2026-10-04T03:00:00Z,Arizona Wildcats,Cincinnati Bearcats,betrivers,BetRivers,2026-10-01T12:41:26Z,2026-10-01T12:41:26Z,Arizona Wildcats,-7.0,-113.0,2026,2026-10-01T12:42:26Z,1344,7.099006342407677,10.010435143603644,-0.41142880119596725,807aa80048d80e577104f04f9dc527bcbdecbac1e0bd777c98286ecfff8aeba7,timestamped_live_quote,FBS vs FBS
2026-10-01T12:42:26Z,63dded0ee467d6f6d03c41673569238d,2026-10-04T03:00:00Z,Arizona Wildcats,Cincinnati Bearcats,betrivers,BetRivers,2026-10-01T12:41:26Z,2026-10-01T12:41:26Z,Cincinnati Bearcats,7.0,-109.0,2026,2026-10-01T12:42:26Z,1344,7.099006342407677,10.010435143603644,-0.41142880119596725,807aa80048d80e577104f04f9dc527bcbdecbac1e0bd777c98286ecfff8aeba7,timestamped_live_quote,FBS vs FBS
2026-10-01T12:42:26Z,63dded0ee467d6f6d03c41673569238d,2026-10-04T03:00:00Z,Arizona Wildcats,Cincinnati Bearcats,lowvig,LowVig.ag,2026-10-01T12:42:16Z,2026-10-01T12:42:16Z,Arizona Wildcats,-6.5,-103.0,2026,2026-10-01T12:42:26Z,1344,7.099006342407677,10.010435143603644,-0.41142880119596725,807aa80048d80e577104f04f9dc527bcbdecbac1e0bd777c98286ecfff8aeba7,timestamped_live_quote,FBS vs FBS
2026-10-01T12:42:26Z,63dded0ee467d6f6d03c41673569238d,2026-10-04T03:00:00Z,Arizona Wildcats,Cincinnati Bearcats,lowvig,LowVig.ag,2026-10-01T12:42:16Z,2026-10-01T12:42:16Z,Cincinnati Bearcats,6.5,-109.0,2026,2026-10-01T12:42:26Z,1344,7.099006342407677,10.010435143603644,-0.41142880119596725,807aa80048d80e577104f04f9dc527bcbdecbac1e0bd777c98286ecfff8aeba7,timestamped_live_quote,FBS vs FBS
2026-10-01T12:42:26Z,63dded0ee467d6f6d03c41673569238d,2026-10-04T03:00:00Z,Arizona Wildcats,Cincinnati Bearcats,betonlineag,BetOnline.ag,2026-10-01T12:41:25Z,2026-10-01T12:41:25Z,Arizona Wildcats,-6.5,-107.0,2026,2026-10-01T12:42:26Z,1344,7.099006342407677,10.010435143603644,-0.41142880119596725,807aa80048d80e577104f04f9dc527bcbdecbac1e0bd777c98286ecfff8aeba7,timestamped_live_quote,FBS vs FBS
2026-10-01T12:42:26Z,63dded0ee467d6f6d03c41673569238d,2026-10-04T03:00:00Z,Arizona Wildcats,Cincinnati Bearcats,betonlineag,BetOnline.ag,2026-10-01T12:41:25Z,2026-10-01T12:41:25Z,Cincinnati Bearcats,6.5,-113.0,2026,2026-10-01T12:42:26Z,1344,7.099006342407677,10.010435143603644,-0.41142880119596725,807aa80048d80e577104f04f9dc527bcbdecbac1e0bd777c98286ecfff8aeba7,timestamped_live_quote,FBS vs FBS
2026-10-01T12:42:26Z,63dded0ee467d6f6d03c41673569238d,2026-10-04T03:00:00Z,Arizona Wildcats,Cincinnati Bearcats,mybookieag,MyBookie.ag,2026-10-01T12:42:16Z,2026-10-01T12:42:16Z,Arizona Wildcats,-7.0,-110.0,2026,2026-10-01T12:42:26Z,1344,7.099006342407677,10.010435143603644,-0.41142880119596725,807aa80048d80e577104f04f9dc527bcbdecbac1e0bd777c98286ecfff8aeba7,timestamped_live_quote,FBS vs FBS
2026-10-01T12:42:26Z,63dded0ee467d6f6d03c41673569238d,2026-10-04T03:00:00Z,Arizona Wildcats,Cincinnati Bearcats,mybookieag,MyBookie.ag,2026-10-01T12:42:16Z,2026-10-01T12:42:16Z,Cincinnati Bearcats,7.0,-110.0,2026,2026-10-01T12:42:26Z,1344,7.099006342407677,10.010435143603644,-0.41142880119596725,807aa80048d80e577104f04f9dc527bcbdecbac1e0bd777c98286ecfff8aeba7,timestamped_live_quote,FBS vs FBS
2026-10-01T12:42:26Z,63dded0ee467d6f6d03c41673569238d,2026-10-04T03:00:00Z,Arizona Wildcats,Cincinnati Bearcats,betus,BetUS,2026-10-01T12:41:41Z,2026-10-01T12:41:41Z,Arizona Wildcats,-6.5,-105.0,2026,2026-10-01T12:42:26Z,1344,7.099006342407677,10.010435143603644,-0.41142880119596725,807aa80048d80e577104f04f9dc527bcbdecbac1e0bd777c98286ecfff8aeba7,timestamped_live_quote,FBS vs FBS
2026-10-01T12:42:26Z,63dded0ee467d6f6d03c41673569238d,2026-10-04T03:00:00Z,Arizona Wildcats,Cincinnati Bearcats,betus,BetUS,2026-10-01T12:41:41Z,2026-10-01T12:41:41Z,Cincinnati Bearcats,6.5,-115.0,2026,2026-10-01T12:42:26Z,1344,7.099006342407677,10.010435143603644,-0.41142880119596725,807aa80048d80e577104f04f9dc527bcbdecbac1e0bd777c98286ecfff8aeba7,timestamped_live_quote,FBS vs FBS
2026-10-01T12:42:26Z,63dded0ee467d6f6d03c41673569238d,2026-10-04T03:00:00Z,Arizona Wildcats,Cincinnati Bearcats,betmgm,BetMGM,2026-10-01T12:41:44Z,2026-10-01T12:41:44Z,Arizona Wildcats,-6.5,-112.0,2026,2026-10-01T12:42:26Z,1344,7.099006342407677,10.010435143603644,-0.41142880119596725,807aa80048d80e577104f04f9dc527bcbdecbac1e0bd777c98286ecfff8aeba7,timestamped_live_quote,FBS vs FBS
2026-10-01T12:42:26Z,63dded0ee467d6f6d03c41673569238d,2026-10-04T03:00:00Z,Arizona Wildcats,Cincinnati Bearcats,betmgm,BetMGM,2026-10-01T12:41:44Z,2026-10-01T12:41:44Z,Cincinnati Bearcats,6.5,-105.0,2026,2026-10-01T12:42:26Z,1344,7.099006342407677,10.010435143603644,-0.41142880119596725,807aa80048d80e577104f04f9dc527bcbdecbac1e0bd777c98286ecfff8aeba7,timestamped_live_quote,FBS vs FBS
2026-10-01T12:42:26Z,63dded0ee467d6f6d03c41673569238d,2026-10-04T03:00:00Z,Arizona Wildcats,Cincinnati Bearcats,bovada,Bovada,2026-10-01T12:41:12Z,2026-10-01T12:41:12Z,Arizona Wildcats,-6.5,-115.0,2026,2026-10-01T12:42:26Z,1344,7.099006342407677,10.010435143603644,-0.41142880119596725,807aa80048d80e577104f04f9dc527bcbdecbac1e0bd777c98286ecfff8aeba7,timestamped_live_quote,FBS vs FBS
2026-10-01T12:42:26Z,63dded0ee467d6f6d03c41673569238d,2026-10-04T03:00:00Z,Arizona Wildcats,Cincinnati Bearcats,bovada,Bovada,2026-10-01T12:41:12Z,2026-10-01T12:41:12Z,Cincinnati Bearcats,6.5,-105.0,2026,2026-10-01T12:42:26Z,1344,7.099006342407677,10.010435143603644,-0.41142880119596725,807aa80048d80e577104f04f9dc527bcbdecbac1e0bd777c98286ecfff8aeba7,timestamped_live_quote,FBS vs FBS
2026-10-01T12:42:26Z,4d9e59b57798afb31927c84e1f6dc25e,2026-10-04T03:59:00Z,Hawaii Rainbow Warriors,San Jose State Spartans,fanduel,FanDuel,2026-10-01T12:41:56Z,2026-10-01T12:41:55Z,Hawaii Rainbow Warriors,-2.5,-115.0,2026,2026-10-01T12:42:26Z,1344,-4.882696569374028,-1.1553446769827669,-1.227351892391261,807aa80048d80e577104f04f9dc527bcbdecbac1e0bd777c98286ecfff8aeba7,timestamped_live_quote,FBS vs FBS
2026-10-01T12:42:26Z,4d9e59b57798afb31927c84e1f6dc25e,2026-10-04T03:59:00Z,Hawaii Rainbow Warriors,San Jose State Spartans,fanduel,FanDuel,2026-10-01T12:41:56Z,2026-10-01T12:41:55Z,San Jose State Spartans,2.5,-105.0,2026,2026-10-01T12:42:26Z,1344,-4.882696569374028,-1.1553446769827669,-1.227351892391261,807aa80048d80e577104f04f9dc527bcbdecbac1e0bd777c98286ecfff8aeba7,timestamped_live_quote,FBS vs FBS
2026-10-01T12:42:26Z,4d9e59b57798afb31927c84e1f6dc25e,2026-10-04T03:59:00Z,Hawaii Rainbow Warriors,San Jose State Spartans,betrivers,BetRivers,2026-10-01T12:41:26Z,2026-10-01T12:41:26Z,Hawaii Rainbow Warriors,-3.0,-106.0,2026,2026-10-01T12:42:26Z,1344,-4.882696569374028,-1.1553446769827669,-1.227351892391261,807aa80048d80e577104f04f9dc527bcbdecbac1e0bd777c98286ecfff8aeba7,timestamped_live_quote,FBS vs FBS
2026-10-01T12:42:26Z,4d9e59b57798afb31927c84e1f6dc25e,2026-10-04T03:59:00Z,Hawaii Rainbow Warriors,San Jose State Spartans,betrivers,BetRivers,2026-10-01T12:41:26Z,2026-10-01T12:41:26Z,San Jose State Spartans,3.0,-118.0,2026,2026-10-01T12:42:26Z,1344,-4.882696569374028,-1.1553446769827669,-1.227351892391261,807aa80048d80e577104f04f9dc527bcbdecbac1e0bd777c98286ecfff8aeba7,timestamped_live_quote,FBS vs FBS
2026-10-01T12:42:26Z,4d9e59b57798afb31927c84e1f6dc25e,2026-10-04T03:59:00Z,Hawaii Rainbow Warriors,San Jose State Spartans,betonlineag,BetOnline.ag,2026-10-01T12:41:25Z,2026-10-01T12:41:25Z,Hawaii Rainbow Warriors,-3.0,-105.0,2026,2026-10-01T12:42:26Z,1344,-4.882696569374028,-1.1553446769827669,-1.227351892391261,807aa80048d80e577104f04f9dc527bcbdecbac1e0bd777c98286ecfff8aeba7,timestamped_live_quote,FBS vs FBS
2026-10-01T12:42:26Z,4d9e59b57798afb31927c84e1f6dc25e,2026-10-04T03:59:00Z,Hawaii Rainbow Warriors,San Jose State Spartans,betonlineag,BetOnline.ag,2026-10-01T12:41:25Z,2026-10-01T12:41:25Z,San Jose State Spartans,3.0,-115.0,2026,2026-10-01T12:42:26Z,1344,-4.882696569374028,-1.1553446769827669,-1.227351892391261,807aa80048d80e577104f04f9dc527bcbdecbac1e0bd777c98286ecfff8aeba7,timestamped_live_quote,FBS vs FBS
2026-10-01T12:42:26Z,4d9e59b57798afb31927c84e1f6dc25e,2026-10-04T03:59:00Z,Hawaii Rainbow Warriors,San Jose State Spartans,lowvig,LowVig.ag,2026-10-01T12:42:16Z,2026-10-01T12:42:16Z,Hawaii Rainbow Warriors,-3.0,-104.0,2026,2026-10-01T12:42:26Z,1344,-4.882696569374028,-1.1553446769827669,-1.227351892391261,807aa80048d80e577104f04f9dc527bcbdecbac1e0bd777c98286ecfff8aeba7,timestamped_live_quote,FBS vs FBS
2026-10-01T12:42:26Z,4d9e59b57798afb31927c84e1f6dc25e,2026-10-04T03:59:00Z,Hawaii Rainbow Warriors,San Jose State Spartans,lowvig,LowVig.ag,2026-10-01T12:42:16Z,2026-10-01T12:42:16Z,San Jose State Spartans,3.0,-108.0,2026,2026-10-01T12:42:26Z,1344,-4.882696569374028,-1.1553446769827669,-1.227351892391261,807aa80048d80e577104f04f9dc527bcbdecbac1e0bd777c98286ecfff8aeba7,timestamped_live_quote,FBS vs FBS
2026-10-01T12:42:26Z,4d9e59b57798afb31927c84e1f6dc25e,2026-10-04T03:59:00Z,Hawaii Rainbow Warriors,San Jose State Spartans,draftkings,DraftKings,2026-10-01T12:41:41Z,2026-10-01T12:41:40Z,Hawaii Rainbow Warriors,-3.0,-105.0,2026,2026-10-01T12:42:26Z,1344,-4.882696569374028,-1.1553446769827669,-1.227351892391261,807aa80048d80e577104f04f9dc527bcbdecbac1e0bd777c98286ecfff8aeba7,timestamped_live_quote,FBS vs FBS
2026-10-01T12:42:26Z,4d9e59b57798afb31927c84e1f6dc25e,2026-10-04T03:59:00Z,Hawaii Rainbow Warriors,San Jose State Spartans,draftkings,DraftKings,2026-10-01T12:41:41Z,2026-10-01T12:41:40Z,San Jose State Spartans,3.0,-115.0,2026,2026-10-01T12:42:26Z,1344,-4.882696569374028,-1.1553446769827669,-1.227351892391261,807aa80048d80e577104f04f9dc527bcbdecbac1e0bd777c98286ecfff8aeba7,timestamped_live_quote,FBS vs FBS
2026-10-01T12:42:26Z,4d9e59b57798afb31927c84e1f6dc25e,2026-10-04T03:59:00Z,Hawaii Rainbow Warriors,San Jose State Spartans,mybookieag,MyBookie.ag,2026-10-01T12:42:16Z,2026-10-01T12:42:16Z,Hawaii Rainbow Warriors,-3.0,-110.0,2026,2026-10-01T12:42:26Z,1344,-4.882696569374028,-1.1553446769827669,-1.227351892391261,807aa80048d80e577104f04f9dc527bcbdecbac1e0bd777c98286ecfff8aeba7,timestamped_live_quote,FBS vs FBS
2026-10-01T12:42:26Z,4d9e59b57798afb31927c84e1f6dc25e,2026-10-04T03:59:00Z,Hawaii Rainbow Warriors,San Jose State Spartans,mybookieag,MyBookie.ag,2026-10-01T12:42:16Z,2026-10-01T12:42:16Z,San Jose State Spartans,3.0,-110.0,2026,2026-10-01T12:42:26Z,1344,-4.882696569374028,-1.1553446769827669,-1.227351892391261,807aa80048d80e577104f04f9dc527bcbdecbac1e0bd777c98286ecfff8aeba7,timestamped_live_quote,FBS vs FBS
2026-10-01T12:42:26Z,4d9e59b57798afb31927c84e1f6dc25e,2026-10-04T03:59:00Z,Hawaii Rainbow Warriors,San Jose State Spartans,betmgm,BetMGM,2026-10-01T12:41:44Z,2026-10-01T12:41:44Z,Hawaii Rainbow Warriors,-3.0,-102.0,2026,2026-10-01T12:42:26Z,1344,-4.882696569374028,-1.1553446769827669,-1.227351892391261,807aa80048d80e577104f04f9dc527bcbdecbac1e0bd777c98286ecfff8aeba7,timestamped_live_quote,FBS vs FBS
2026-10-01T12:42:26Z,4d9e59b57798afb31927c84e1f6dc25e,2026-10-04T03:59:00Z,Hawaii Rainbow Warriors,San Jose State Spartans,betmgm,BetMGM,2026-10-01T12:41:44Z,2026-10-01T12:41:44Z,San Jose State Spartans,3.0,-115.0,2026,2026-10-01T12:42:26Z,1344,-4.882696569374028,-1.1553446769827669,-1.227351892391261,807aa80048d80e577104f04f9dc527bcbdecbac1e0bd777c98286ecfff8aeba7,timestamped_live_quote,FBS vs FBS
2026-10-01T12:42:26Z,57ad14afc7db1843fd56f5971dadb058,2026-10-07T00:00:00Z,Troy Trojans,Southern Mississippi Golden Eagles,fanduel,FanDuel,2026-10-01T12:41:56Z,2026-10-01T12:41:55Z,Southern Mississippi Golden Eagles,9.5,-102.0,2026,2026-10-01T12:42:26Z,1344,1.4351441593072543,-1.2560111345068763,5.1911552938141305,807aa80048d80e577104f04f9dc527bcbdecbac1e0bd777c98286ecfff8aeba7,timestamped_live_quote,FBS vs FBS
2026-10-01T12:42:26Z,57ad14afc7db1843fd56f5971dadb058,2026-10-07T00:00:00Z,Troy Trojans,Southern Mississippi Golden Eagles,fanduel,FanDuel,2026-10-01T12:41:56Z,2026-10-01T12:41:55Z,Troy Trojans,-9.5,-120.0,2026,2026-10-01T12:42:26Z,1344,1.4351441593072543,-1.2560111345068763,5.1911552938141305,807aa80048d80e577104f04f9dc527bcbdecbac1e0bd777c98286ecfff8aeba7,timestamped_live_quote,FBS vs FBS
2026-10-01T12:42:26Z,57ad14afc7db1843fd56f5971dadb058,2026-10-07T00:00:00Z,Troy Trojans,Southern Mississippi Golden Eagles,draftkings,DraftKings,2026-10-01T12:41:41Z,2026-10-01T12:41:40Z,Southern Mississippi Golden Eagles,8.5,-110.0,2026,2026-10-01T12:42:26Z,1344,1.4351441593072543,-1.2560111345068763,5.1911552938141305,807aa80048d80e577104f04f9dc527bcbdecbac1e0bd777c98286ecfff8aeba7,timestamped_live_quote,FBS vs FBS
2026-10-01T12:42:26Z,57ad14afc7db1843fd56f5971dadb058,2026-10-07T00:00:00Z,Troy Trojans,Southern Mississippi Golden Eagles,draftkings,DraftKings,2026-10-01T12:41:41Z,2026-10-01T12:41:40Z,Troy Trojans,-8.5,-110.0,2026,2026-10-01T12:42:26Z,1344,1.4351441593072543,-1.2560111345068763,5.1911552938141305,807aa80048d80e577104f04f9dc527bcbdecbac1e0bd777c98286ecfff8aeba7,timestamped_live_quote,FBS vs FBS
2026-10-01T12:42:26Z,57ad14afc7db1843fd56f5971dadb058,2026-10-07T00:00:00Z,Troy Trojans,Southern Mississippi Golden Eagles,betrivers,BetRivers,2026-10-01T12:41:26Z,2026-10-01T12:41:26Z,Southern Mississippi Golden Eagles,9.5,-112.0,2026,2026-10-01T12:42:26Z,1344,1.4351441593072543,-1.2560111345068763,5.1911552938141305,807aa80048d80e577104f04f9dc527bcbdecbac1e0bd777c98286ecfff8aeba7,timestamped_live_quote,FBS vs FBS
2026-10-01T12:42:26Z,57ad14afc7db1843fd56f5971dadb058,2026-10-07T00:00:00Z,Troy Trojans,Southern Mississippi Golden Eagles,betrivers,BetRivers,2026-10-01T12:41:26Z,2026-10-01T12:41:26Z,Troy Trojans,-9.5,-112.0,2026,2026-10-01T12:42:26Z,1344,1.4351441593072543,-1.2560111345068763,5.1911552938141305,807aa80048d80e577104f04f9dc527bcbdecbac1e0bd777c98286ecfff8aeba7,timestamped_live_quote,FBS vs FBS
2026-10-01T12:42:26Z,c89488b9c83038e85e02e92481d093fe,2026-10-07T23:00:00Z,Kennesaw State Owls,Jacksonville State Gamecocks,fanduel,FanDuel,2026-10-01T12:41:56Z,2026-10-01T12:41:55Z,Jacksonville State Gamecocks,-3.5,-105.0,2026,2026-10-01T12:42:26Z,1344,1.7628068011576883,3.782096240759872,0.48071056039781634,807aa80048d80e577104f04f9dc527bcbdecbac1e0bd777c98286ecfff8aeba7,timestamped_live_quote,FBS vs FBS
2026-10-01T12:42:26Z,c89488b9c83038e85e02e92481d093fe,2026-10-07T23:00:00Z,Kennesaw State Owls,Jacksonville State Gamecocks,fanduel,FanDuel,2026-10-01T12:41:56Z,2026-10-01T12:41:55Z,Kennesaw State Owls,3.5,-115.0,2026,2026-10-01T12:42:26Z,1344,1.7628068011576883,3.782096240759872,0.48071056039781634,807aa80048d80e577104f04f9dc527bcbdecbac1e0bd777c98286ecfff8aeba7,timestamped_live_quote,FBS vs FBS
2026-10-01T12:42:26Z,c89488b9c83038e85e02e92481d093fe,2026-10-07T23:00:00Z,Kennesaw State Owls,Jacksonville State Gamecocks,draftkings,DraftKings,2026-10-01T12:41:41Z,2026-10-01T12:41:40Z,Jacksonville State Gamecocks,-2.5,-115.0,2026,2026-10-01T12:42:26Z,1344,1.7628068011576883,3.782096240759872,0.48071056039781634,807aa80048d80e577104f04f9dc527bcbdecbac1e0bd777c98286ecfff8aeba7,timestamped_live_quote,FBS vs FBS
2026-10-01T12:42:26Z,c89488b9c83038e85e02e92481d093fe,2026-10-07T23:00:00Z,Kennesaw State Owls,Jacksonville State Gamecocks,draftkings,DraftKings,2026-10-01T12:41:41Z,2026-10-01T12:41:40Z,Kennesaw State Owls,2.5,-105.0,2026,2026-10-01T12:42:26Z,1344,1.7628068011576883,3.782096240759872,0.48071056039781634,807aa80048d80e577104f04f9dc527bcbdecbac1e0bd777c98286ecfff8aeba7,timestamped_live_quote,FBS vs FBS
2026-10-01T12:42:26Z,a168f1bed30ce7d56dc2b77dbfe37705,2026-10-10T01:00:00Z,Washington Huskies,Iowa Hawkeyes,draftkings,DraftKings,2026-10-01T12:41:41Z,2026-10-01T12:41:40Z,Iowa Hawkeyes,1.5,-110.0,2026,2026-10-01T12:42:26Z,1344,4.701284481318983,12.926648749051916,-5.725364267732932,807aa80048d80e577104f04f9dc527bcbdecbac1e0bd777c98286ecfff8aeba7,timestamped_live_quote,FBS vs FBS
2026-10-01T12:42:26Z,a168f1bed30ce7d56dc2b77dbfe37705,2026-10-10T01:00:00Z,Washington Huskies,Iowa Hawkeyes,draftkings,DraftKings,2026-10-01T12:41:41Z,2026-10-01T12:41:40Z,Washington Huskies,-1.5,-110.0,2026,2026-10-01T12:42:26Z,1344,4.701284481318983,12.926648749051916,-5.725364267732932,807aa80048d80e577104f04f9dc527bcbdecbac1e0bd777c98286ecfff8aeba7,timestamped_live_quote,FBS vs FBS
2026-10-01T12:42:26Z,55d9636153ca5741d460ef2f78b663d9,2026-10-10T02:15:00Z,BYU Cougars,Iowa State Cyclones,draftkings,DraftKings,2026-10-01T12:41:41Z,2026-10-01T12:41:40Z,BYU Cougars,-14.5,-110.0,2026,2026-10-01T12:42:26Z,1344,11.107333717418527,9.050571211989975,4.556762505428551,807aa80048d80e577104f04f9dc527bcbdecbac1e0bd777c98286ecfff8aeba7,timestamped_live_quote,FBS vs FBS
2026-10-01T12:42:26Z,55d9636153ca5741d460ef2f78b663d9,2026-10-10T02:15:00Z,BYU Cougars,Iowa State Cyclones,draftkings,DraftKings,2026-10-01T12:41:41Z,2026-10-01T12:41:40Z,Iowa State Cyclones,14.5,-110.0,2026,2026-10-01T12:42:26Z,1344,11.107333717418527,9.050571211989975,4.556762505428551,807aa80048d80e577104f04f9dc527bcbdecbac1e0bd777c98286ecfff8aeba7,timestamped_live_quote,FBS vs FBS
2026-10-01T12:42:26Z,3e691b53c660a64495a44816768176e8,2026-10-10T16:00:00Z,Nebraska Cornhuskers,Indiana Hoosiers,fanduel,FanDuel,2026-10-01T12:41:56Z,2026-10-01T12:41:55Z,Indiana Hoosiers,-8.5,-110.0,2026,2026-10-01T12:42:26Z,1344,14.840657428254152,15.607256487625873,1.7334009406282789,807aa80048d80e577104f04f9dc527bcbdecbac1e0bd777c98286ecfff8aeba7,timestamped_live_quote,FBS vs FBS
2026-10-01T12:42:26Z,3e691b53c660a64495a44816768176e8,2026-10-10T16:00:00Z,Nebraska Cornhuskers,Indiana Hoosiers,fanduel,FanDuel,2026-10-01T12:41:56Z,2026-10-01T12:41:55Z,Nebraska Cornhuskers,8.5,-110.0,2026,2026-10-01T12:42:26Z,1344,14.840657428254152,15.607256487625873,1.7334009406282789,807aa80048d80e577104f04f9dc527bcbdecbac1e0bd777c98286ecfff8aeba7,timestamped_live_quote,FBS vs FBS
2026-10-01T12:42:26Z,3e691b53c660a64495a44816768176e8,2026-10-10T16:00:00Z,Nebraska Cornhuskers,Indiana Hoosiers,draftkings,DraftKings,2026-10-01T12:41:41Z,2026-10-01T12:41:40Z,Indiana Hoosiers,-9.5,-110.0,2026,2026-10-01T12:42:26Z,1344,14.840657428254152,15.607256487625873,1.7334009406282789,807aa80048d80e577104f04f9dc527bcbdecbac1e0bd777c98286ecfff8aeba7,timestamped_live_quote,FBS vs FBS
2026-10-01T12:42:26Z,3e691b53c660a64495a44816768176e8,2026-10-10T16:00:00Z,Nebraska Cornhuskers,Indiana Hoosiers,draftkings,DraftKings,2026-10-01T12:41:41Z,2026-10-01T12:41:40Z,Nebraska Cornhuskers,9.5,-110.0,2026,2026-10-01T12:42:26Z,1344,14.840657428254152,15.607256487625873,1.7334009406282789,807aa80048d80e577104f04f9dc527bcbdecbac1e0bd777c98286ecfff8aeba7,timestamped_live_quote,FBS vs FBS
2026-10-01T12:42:26Z,4462f1fa168ab2a5a25fe2807ebec8ac,2026-10-10T16:00:00Z,Penn State Nittany Lions,USC Trojans,draftkings,DraftKings,2026-10-01T12:41:41Z,2026-10-01T12:41:40Z,Penn State Nittany Lions,-1.5,-108.0,2026,2026-10-01T12:42:26Z,1344,12.572499270091328,9.539312484093841,5.533186785997486,807aa80048d80e577104f04f9dc527bcbdecbac1e0bd777c98286ecfff8aeba7,timestamped_live_quote,FBS vs FBS
2026-10-01T12:42:26Z,4462f1fa168ab2a5a25fe2807ebec8ac,2026-10-10T16:00:00Z,Penn State Nittany Lions,USC Trojans,draftkings,DraftKings,2026-10-01T12:41:41Z,2026-10-01T12:41:40Z,USC Trojans,1.5,-112.0,2026,2026-10-01T12:42:26Z,1344,12.572499270091328,9.539312484093841,5.533186785997486,807aa80048d80e577104f04f9dc527bcbdecbac1e0bd777c98286ecfff8aeba7,timestamped_live_quote,FBS vs FBS
2026-10-01T12:42:26Z,9383cbbbb905d9ee50a3341f6945eae7,2026-10-10T17:00:00Z,Florida Gators,South Carolina Gamecocks,draftkings,DraftKings,2026-10-01T12:41:41Z,2026-10-01T12:41:40Z,Florida Gators,-14.5,-110.0,2026,2026-10-01T12:42:26Z,1344,16.703902353880597,7.54694231566085,11.656960038219747,807aa80048d80e577104f04f9dc527bcbdecbac1e0bd777c98286ecfff8aeba7,timestamped_live_quote,FBS vs FBS
2026-10-01T12:42:26Z,9383cbbbb905d9ee50a3341f6945eae7,2026-10-10T17:00:00Z,Florida Gators,South Carolina Gamecocks,draftkings,DraftKings,2026-10-01T12:41:41Z,2026-10-01T12:41:40Z,South Carolina Gamecocks,14.5,-110.0,2026,2026-10-01T12:42:26Z,1344,16.703902353880597,7.54694231566085,11.656960038219747,807aa80048d80e577104f04f9dc527bcbdecbac1e0bd777c98286ecfff8aeba7,timestamped_live_quote,FBS vs FBS
2026-10-01T12:42:26Z,9e243e91f8f94e6431da5cc5c3cc8fda,2026-10-10T17:00:00Z,Missouri Tigers,Texas A&M Aggies,draftkings,DraftKings,2026-10-01T12:41:41Z,2026-10-01T12:41:40Z,Missouri Tigers,-1.5,-110.0,2026,2026-10-01T12:42:26Z,1344,9.329037182250332,7.449359004666151,4.37967817758418,807aa80048d80e577104f04f9dc527bcbdecbac1e0bd777c98286ecfff8aeba7,timestamped_live_quote,FBS vs FBS
2026-10-01T12:42:26Z,9e243e91f8f94e6431da5cc5c3cc8fda,2026-10-10T17:00:00Z,Missouri Tigers,Texas A&M Aggies,draftkings,DraftKings,2026-10-01T12:41:41Z,2026-10-01T12:41:40Z,Texas A&M Aggies,1.5,-110.0,2026,2026-10-01T12:42:26Z,1344,9.329037182250332,7.449359004666151,4.37967817758418,807aa80048d80e577104f04f9dc527bcbdecbac1e0bd777c98286ecfff8aeba7,timestamped_live_quote,FBS vs FBS
2026-10-01T12:42:26Z,82b83ec87fc2be5faa2e9f26ac50edef,2026-10-10T19:30:00Z,Oklahoma Sooners,Texas Longhorns,fanduel,FanDuel,2026-10-01T12:41:55Z,2026-10-01T12:41:55Z,Oklahoma Sooners,9.5,-106.0,2026,2026-10-01T12:42:26Z,1344,6.711060885547835,14.479805760410393,-5.268744874862558,807aa80048d80e577104f04f9dc527bcbdecbac1e0bd777c98286ecfff8aeba7,timestamped_live_quote,FBS vs FBS
2026-10-01T12:42:26Z,82b83ec87fc2be5faa2e9f26ac50edef,2026-10-10T19:30:00Z,Oklahoma Sooners,Texas Longhorns,fanduel,FanDuel,2026-10-01T12:41:55Z,2026-10-01T12:41:55Z,Texas Longhorns,-9.5,-114.0,2026,2026-10-01T12:42:26Z,1344,6.711060885547835,14.479805760410393,-5.268744874862558,807aa80048d80e577104f04f9dc527bcbdecbac1e0bd777c98286ecfff8aeba7,timestamped_live_quote,FBS vs FBS
2026-10-01T12:42:26Z,82b83ec87fc2be5faa2e9f26ac50edef,2026-10-10T19:30:00Z,Oklahoma Sooners,Texas Longhorns,draftkings,DraftKings,2026-10-01T12:41:41Z,2026-10-01T12:41:40Z,Oklahoma Sooners,9.5,-110.0,2026,2026-10-01T12:42:26Z,1344,6.711060885547835,14.479805760410393,-5.268744874862558,807aa80048d80e577104f04f9dc527bcbdecbac1e0bd777c98286ecfff8aeba7,timestamped_live_quote,FBS vs FBS
2026-10-01T12:42:26Z,82b83ec87fc2be5faa2e9f26ac50edef,2026-10-10T19:30:00Z,Oklahoma Sooners,Texas Longhorns,draftkings,DraftKings,2026-10-01T12:41:41Z,2026-10-01T12:41:40Z,Texas Longhorns,-9.5,-110.0,2026,2026-10-01T12:42:26Z,1344,6.711060885547835,14.479805760410393,-5.268744874862558,807aa80048d80e577104f04f9dc527bcbdecbac1e0bd777c98286ecfff8aeba7,timestamped_live_quote,FBS vs FBS
2026-10-01T12:42:26Z,3ad908e99942c191b72d855b6f1b508f,2026-10-10T19:30:00Z,Oregon Ducks,UCLA Bruins,fanduel,FanDuel,2026-10-01T12:41:56Z,2026-10-01T12:41:55Z,Oregon Ducks,-12.5,-115.0,2026,2026-10-01T12:42:26Z,1344,13.984684664182035,13.857786818894796,2.626897845287239,807aa80048d80e577104f04f9dc527bcbdecbac1e0bd777c98286ecfff8aeba7,timestamped_live_quote,FBS vs FBS
2026-10-01T12:42:26Z,3ad908e99942c191b72d855b6f1b508f,2026-10-10T19:30:00Z,Oregon Ducks,UCLA Bruins,fanduel,FanDuel,2026-10-01T12:41:56Z,2026-10-01T12:41:55Z,UCLA Bruins,12.5,-105.0,2026,2026-10-01T12:42:26Z,1344,13.984684664182035,13.857786818894796,2.626897845287239,807aa80048d80e577104f04f9dc527bcbdecbac1e0bd777c98286ecfff8aeba7,timestamped_live_quote,FBS vs FBS
2026-10-01T12:42:26Z,3ad908e99942c191b72d855b6f1b508f,2026-10-10T19:30:00Z,Oregon Ducks,UCLA Bruins,draftkings,DraftKings,2026-10-01T12:41:41Z,2026-10-01T12:41:40Z,Oregon Ducks,-12.5,-110.0,2026,2026-10-01T12:42:26Z,1344,13.984684664182035,13.857786818894796,2.626897845287239,807aa80048d80e577104f04f9dc527bcbdecbac1e0bd777c98286ecfff8aeba7,timestamped_live_quote,FBS vs FBS
2026-10-01T12:42:26Z,3ad908e99942c191b72d855b6f1b508f,2026-10-10T19:30:00Z,Oregon Ducks,UCLA Bruins,draftkings,DraftKings,2026-10-01T12:41:41Z,2026-10-01T12:41:40Z,UCLA Bruins,12.5,-110.0,2026,2026-10-01T12:42:26Z,1344,13.984684664182035,13.857786818894796,2.626897845287239,807aa80048d80e577104f04f9dc527bcbdecbac1e0bd777c98286ecfff8aeba7,timestamped_live_quote,FBS vs FBS
2026-10-01T12:42:26Z,bdfaffbf5873812f3e04de2cbd273aa6,2026-10-10T23:00:00Z,Kentucky Wildcats,LSU Tigers,draftkings,DraftKings,2026-10-01T12:41:41Z,2026-10-01T12:41:40Z,Kentucky Wildcats,10.5,-110.0,2026,2026-10-01T12:42:26Z,1344,8.156413544188013,13.505455732888148,-2.8490421887001354,807aa80048d80e577104f04f9dc527bcbdecbac1e0bd777c98286ecfff8aeba7,timestamped_live_quote,FBS vs FBS
2026-10-01T12:42:26Z,bdfaffbf5873812f3e04de2cbd273aa6,2026-10-10T23:00:00Z,Kentucky Wildcats,LSU Tigers,draftkings,DraftKings,2026-10-01T12:41:41Z,2026-10-01T12:41:40Z,LSU Tigers,-10.5,-110.0,2026,2026-10-01T12:42:26Z,1344,8.156413544188013,13.505455732888148,-2.8490421887001354,807aa80048d80e577104f04f9dc527bcbdecbac1e0bd777c98286ecfff8aeba7,timestamped_live_quote,FBS vs FBS
2026-10-01T12:42:26Z,59f8c98dee8ce77cc17c5b4958e4f325,2026-10-10T23:30:00Z,Alabama Crimson Tide,Georgia Bulldogs,fanduel,FanDuel,2026-10-01T12:41:55Z,2026-10-01T12:41:55Z,Alabama Crimson Tide,2.5,-105.0,2026,2026-10-01T12:42:26Z,1344,15.976498073867353,19.670078309680225,-1.1935802358128722,807aa80048d80e577104f04f9dc527bcbdecbac1e0bd777c98286ecfff8aeba7,timestamped_live_quote,FBS vs FBS
2026-10-01T12:42:26Z,59f8c98dee8ce77cc17c5b4958e4f325,2026-10-10T23:30:00Z,Alabama Crimson Tide,Georgia Bulldogs,fanduel,FanDuel,2026-10-01T12:41:55Z,2026-10-01T12:41:55Z,Georgia Bulldogs,-2.5,-115.0,2026,2026-10-01T12:42:26Z,1344,15.976498073867353,19.670078309680225,-1.1935802358128722,807aa80048d80e577104f04f9dc527bcbdecbac1e0bd777c98286ecfff8aeba7,timestamped_live_quote,FBS vs FBS
2026-10-01T12:42:26Z,59f8c98dee8ce77cc17c5b4958e4f325,2026-10-10T23:30:00Z,Alabama Crimson Tide,Georgia Bulldogs,draftkings,DraftKings,2026-10-01T12:41:41Z,2026-10-01T12:41:40Z,Alabama Crimson Tide,3.0,-110.0,2026,2026-10-01T12:42:26Z,1344,15.976498073867353,19.670078309680225,-1.1935802358128722,807aa80048d80e577104f04f9dc527bcbdecbac1e0bd777c98286ecfff8aeba7,timestamped_live_quote,FBS vs FBS
2026-10-01T12:42:26Z,59f8c98dee8ce77cc17c5b4958e4f325,2026-10-10T23:30:00Z,Alabama Crimson Tide,Georgia Bulldogs,draftkings,DraftKings,2026-10-01T12:41:41Z,2026-10-01T12:41:40Z,Georgia Bulldogs,-3.0,-110.0,2026,2026-10-01T12:42:26Z,1344,15.976498073867353,19.670078309680225,-1.1935802358128722,807aa80048d80e577104f04f9dc527bcbdecbac1e0bd777c98286ecfff8aeba7,timestamped_live_quote,FBS vs FBS
