captured_at_utc,game_id,kickoff_utc,home_team,away_team,sportsbook_key,sportsbook,bookmaker_last_update_utc,market_last_update_utc,selection,spread,american_odds,season,ratings_asof_utc,ratings_training_games,home_rating,away_rating,projected_home_margin,ratings_input_sha256,capture_status,division_status
2026-10-03T20:09:51Z,0cdf52fe0d6bfe0664b76a2102f8b605,2026-10-03T20:15:00Z,Illinois Fighting Illini,Purdue Boilermakers,fanduel,FanDuel,2026-10-03T20:09:37Z,2026-10-03T20:09:37Z,Illinois Fighting Illini,-9.5,-122.0,2026,2026-10-03T20:09:51Z,1353,6.631957935073558,-0.04475356687955198,9.176711501953111,1feba84fd18f68e7fdf2ba1009ccb233ae813530b58f3490139d39ef07ce2642,timestamped_live_quote,FBS vs FBS
2026-10-03T20:09:51Z,0cdf52fe0d6bfe0664b76a2102f8b605,2026-10-03T20:15:00Z,Illinois Fighting Illini,Purdue Boilermakers,fanduel,FanDuel,2026-10-03T20:09:37Z,2026-10-03T20:09:37Z,Purdue Boilermakers,9.5,100.0,2026,2026-10-03T20:09:51Z,1353,6.631957935073558,-0.04475356687955198,9.176711501953111,1feba84fd18f68e7fdf2ba1009ccb233ae813530b58f3490139d39ef07ce2642,timestamped_live_quote,FBS vs FBS
2026-10-03T20:09:51Z,0cdf52fe0d6bfe0664b76a2102f8b605,2026-10-03T20:15:00Z,Illinois Fighting Illini,Purdue Boilermakers,betrivers,BetRivers,2026-10-03T20:01:12Z,2026-10-03T20:01:12Z,Illinois Fighting Illini,-8.5,-113.0,2026,2026-10-03T20:09:51Z,1353,6.631957935073558,-0.04475356687955198,9.176711501953111,1feba84fd18f68e7fdf2ba1009ccb233ae813530b58f3490139d39ef07ce2642,timestamped_live_quote,FBS vs FBS
2026-10-03T20:09:51Z,0cdf52fe0d6bfe0664b76a2102f8b605,2026-10-03T20:15:00Z,Illinois Fighting Illini,Purdue Boilermakers,betrivers,BetRivers,2026-10-03T20:01:12Z,2026-10-03T20:01:12Z,Purdue Boilermakers,8.5,-110.0,2026,2026-10-03T20:09:51Z,1353,6.631957935073558,-0.04475356687955198,9.176711501953111,1feba84fd18f68e7fdf2ba1009ccb233ae813530b58f3490139d39ef07ce2642,timestamped_live_quote,FBS vs FBS
2026-10-03T20:09:51Z,0cdf52fe0d6bfe0664b76a2102f8b605,2026-10-03T20:15:00Z,Illinois Fighting Illini,Purdue Boilermakers,draftkings,DraftKings,2026-10-03T20:08:52Z,2026-10-03T20:08:52Z,Illinois Fighting Illini,-9.5,-112.0,2026,2026-10-03T20:09:51Z,1353,6.631957935073558,-0.04475356687955198,9.176711501953111,1feba84fd18f68e7fdf2ba1009ccb233ae813530b58f3490139d39ef07ce2642,timestamped_live_quote,FBS vs FBS
2026-10-03T20:09:51Z,0cdf52fe0d6bfe0664b76a2102f8b605,2026-10-03T20:15:00Z,Illinois Fighting Illini,Purdue Boilermakers,draftkings,DraftKings,2026-10-03T20:08:52Z,2026-10-03T20:08:52Z,Purdue Boilermakers,9.5,-108.0,2026,2026-10-03T20:09:51Z,1353,6.631957935073558,-0.04475356687955198,9.176711501953111,1feba84fd18f68e7fdf2ba1009ccb233ae813530b58f3490139d39ef07ce2642,timestamped_live_quote,FBS vs FBS
2026-10-03T20:09:51Z,0cdf52fe0d6bfe0664b76a2102f8b605,2026-10-03T20:15:00Z,Illinois Fighting Illini,Purdue Boilermakers,betonlineag,BetOnline.ag,2026-10-03T20:09:23Z,2026-10-03T20:09:23Z,Illinois Fighting Illini,-9.5,-115.0,2026,2026-10-03T20:09:51Z,1353,6.631957935073558,-0.04475356687955198,9.176711501953111,1feba84fd18f68e7fdf2ba1009ccb233ae813530b58f3490139d39ef07ce2642,timestamped_live_quote,FBS vs FBS
2026-10-03T20:09:51Z,0cdf52fe0d6bfe0664b76a2102f8b605,2026-10-03T20:15:00Z,Illinois Fighting Illini,Purdue Boilermakers,betonlineag,BetOnline.ag,2026-10-03T20:09:23Z,2026-10-03T20:09:23Z,Purdue Boilermakers,9.5,-105.0,2026,2026-10-03T20:09:51Z,1353,6.631957935073558,-0.04475356687955198,9.176711501953111,1feba84fd18f68e7fdf2ba1009ccb233ae813530b58f3490139d39ef07ce2642,timestamped_live_quote,FBS vs FBS
2026-10-03T20:09:51Z,0cdf52fe0d6bfe0664b76a2102f8b605,2026-10-03T20:15:00Z,Illinois Fighting Illini,Purdue Boilermakers,lowvig,LowVig.ag,2026-10-03T20:08:53Z,2026-10-03T20:08:53Z,Illinois Fighting Illini,-9.5,-111.0,2026,2026-10-03T20:09:51Z,1353,6.631957935073558,-0.04475356687955198,9.176711501953111,1feba84fd18f68e7fdf2ba1009ccb233ae813530b58f3490139d39ef07ce2642,timestamped_live_quote,FBS vs FBS
2026-10-03T20:09:51Z,0cdf52fe0d6bfe0664b76a2102f8b605,2026-10-03T20:15:00Z,Illinois Fighting Illini,Purdue Boilermakers,lowvig,LowVig.ag,2026-10-03T20:08:53Z,2026-10-03T20:08:53Z,Purdue Boilermakers,9.5,-101.0,2026,2026-10-03T20:09:51Z,1353,6.631957935073558,-0.04475356687955198,9.176711501953111,1feba84fd18f68e7fdf2ba1009ccb233ae813530b58f3490139d39ef07ce2642,timestamped_live_quote,FBS vs FBS
2026-10-03T20:09:51Z,0cdf52fe0d6bfe0664b76a2102f8b605,2026-10-03T20:15:00Z,Illinois Fighting Illini,Purdue Boilermakers,mybookieag,MyBookie.ag,2026-10-03T20:08:37Z,2026-10-03T20:08:37Z,Illinois Fighting Illini,-10.0,-110.0,2026,2026-10-03T20:09:51Z,1353,6.631957935073558,-0.04475356687955198,9.176711501953111,1feba84fd18f68e7fdf2ba1009ccb233ae813530b58f3490139d39ef07ce2642,timestamped_live_quote,FBS vs FBS
2026-10-03T20:09:51Z,0cdf52fe0d6bfe0664b76a2102f8b605,2026-10-03T20:15:00Z,Illinois Fighting Illini,Purdue Boilermakers,mybookieag,MyBookie.ag,2026-10-03T20:08:37Z,2026-10-03T20:08:37Z,Purdue Boilermakers,10.0,-110.0,2026,2026-10-03T20:09:51Z,1353,6.631957935073558,-0.04475356687955198,9.176711501953111,1feba84fd18f68e7fdf2ba1009ccb233ae813530b58f3490139d39ef07ce2642,timestamped_live_quote,FBS vs FBS
2026-10-03T20:09:51Z,0cdf52fe0d6bfe0664b76a2102f8b605,2026-10-03T20:15:00Z,Illinois Fighting Illini,Purdue Boilermakers,betmgm,BetMGM,2026-10-03T20:09:13Z,2026-10-03T20:09:12Z,Illinois Fighting Illini,-9.5,-110.0,2026,2026-10-03T20:09:51Z,1353,6.631957935073558,-0.04475356687955198,9.176711501953111,1feba84fd18f68e7fdf2ba1009ccb233ae813530b58f3490139d39ef07ce2642,timestamped_live_quote,FBS vs FBS
2026-10-03T20:09:51Z,0cdf52fe0d6bfe0664b76a2102f8b605,2026-10-03T20:15:00Z,Illinois Fighting Illini,Purdue Boilermakers,betmgm,BetMGM,2026-10-03T20:09:13Z,2026-10-03T20:09:12Z,Purdue Boilermakers,9.5,-108.0,2026,2026-10-03T20:09:51Z,1353,6.631957935073558,-0.04475356687955198,9.176711501953111,1feba84fd18f68e7fdf2ba1009ccb233ae813530b58f3490139d39ef07ce2642,timestamped_live_quote,FBS vs FBS
2026-10-03T20:09:51Z,0cdf52fe0d6bfe0664b76a2102f8b605,2026-10-03T20:15:00Z,Illinois Fighting Illini,Purdue Boilermakers,betus,BetUS,2026-10-03T20:09:51Z,2026-10-03T20:09:51Z,Illinois Fighting Illini,-9.5,-110.0,2026,2026-10-03T20:09:51Z,1353,6.631957935073558,-0.04475356687955198,9.176711501953111,1feba84fd18f68e7fdf2ba1009ccb233ae813530b58f3490139d39ef07ce2642,timestamped_live_quote,FBS vs FBS
2026-10-03T20:09:51Z,0cdf52fe0d6bfe0664b76a2102f8b605,2026-10-03T20:15:00Z,Illinois Fighting Illini,Purdue Boilermakers,betus,BetUS,2026-10-03T20:09:51Z,2026-10-03T20:09:51Z,Purdue Boilermakers,9.5,-110.0,2026,2026-10-03T20:09:51Z,1353,6.631957935073558,-0.04475356687955198,9.176711501953111,1feba84fd18f68e7fdf2ba1009ccb233ae813530b58f3490139d39ef07ce2642,timestamped_live_quote,FBS vs FBS
2026-10-03T20:09:51Z,0cdf52fe0d6bfe0664b76a2102f8b605,2026-10-03T20:15:00Z,Illinois Fighting Illini,Purdue Boilermakers,bovada,Bovada,2026-10-03T20:07:53Z,2026-10-03T20:07:53Z,Illinois Fighting Illini,-9.5,-115.0,2026,2026-10-03T20:09:51Z,1353,6.631957935073558,-0.04475356687955198,9.176711501953111,1feba84fd18f68e7fdf2ba1009ccb233ae813530b58f3490139d39ef07ce2642,timestamped_live_quote,FBS vs FBS
2026-10-03T20:09:51Z,0cdf52fe0d6bfe0664b76a2102f8b605,2026-10-03T20:15:00Z,Illinois Fighting Illini,Purdue Boilermakers,bovada,Bovada,2026-10-03T20:07:53Z,2026-10-03T20:07:53Z,Purdue Boilermakers,9.5,-105.0,2026,2026-10-03T20:09:51Z,1353,6.631957935073558,-0.04475356687955198,9.176711501953111,1feba84fd18f68e7fdf2ba1009ccb233ae813530b58f3490139d39ef07ce2642,timestamped_live_quote,FBS vs FBS
2026-10-03T20:09:51Z,59abc1d6262d2ea6a72c4daad4c83af2,2026-10-03T20:15:00Z,South Carolina Gamecocks,Kentucky Wildcats,draftkings,DraftKings,2026-10-03T20:08:52Z,2026-10-03T20:08:52Z,Kentucky Wildcats,2.5,-108.0,2026,2026-10-03T20:09:51Z,1353,7.553689891267653,8.16355646894648,1.8901334223211732,1feba84fd18f68e7fdf2ba1009ccb233ae813530b58f3490139d39ef07ce2642,timestamped_live_quote,FBS vs FBS
2026-10-03T20:09:51Z,59abc1d6262d2ea6a72c4daad4c83af2,2026-10-03T20:15:00Z,South Carolina Gamecocks,Kentucky Wildcats,draftkings,DraftKings,2026-10-03T20:08:52Z,2026-10-03T20:08:52Z,South Carolina Gamecocks,-2.5,-112.0,2026,2026-10-03T20:09:51Z,1353,7.553689891267653,8.16355646894648,1.8901334223211732,1feba84fd18f68e7fdf2ba1009ccb233ae813530b58f3490139d39ef07ce2642,timestamped_live_quote,FBS vs FBS
2026-10-03T20:09:51Z,59abc1d6262d2ea6a72c4daad4c83af2,2026-10-03T20:15:00Z,South Carolina Gamecocks,Kentucky Wildcats,fanduel,FanDuel,2026-10-03T20:09:37Z,2026-10-03T20:09:37Z,Kentucky Wildcats,2.5,-105.0,2026,2026-10-03T20:09:51Z,1353,7.553689891267653,8.16355646894648,1.8901334223211732,1feba84fd18f68e7fdf2ba1009ccb233ae813530b58f3490139d39ef07ce2642,timestamped_live_quote,FBS vs FBS
2026-10-03T20:09:51Z,59abc1d6262d2ea6a72c4daad4c83af2,2026-10-03T20:15:00Z,South Carolina Gamecocks,Kentucky Wildcats,fanduel,FanDuel,2026-10-03T20:09:37Z,2026-10-03T20:09:37Z,South Carolina Gamecocks,-2.5,-115.0,2026,2026-10-03T20:09:51Z,1353,7.553689891267653,8.16355646894648,1.8901334223211732,1feba84fd18f68e7fdf2ba1009ccb233ae813530b58f3490139d39ef07ce2642,timestamped_live_quote,FBS vs FBS
2026-10-03T20:09:51Z,59abc1d6262d2ea6a72c4daad4c83af2,2026-10-03T20:15:00Z,South Carolina Gamecocks,Kentucky Wildcats,betrivers,BetRivers,2026-10-03T20:09:08Z,2026-10-03T20:09:08Z,Kentucky Wildcats,2.5,-107.0,2026,2026-10-03T20:09:51Z,1353,7.553689891267653,8.16355646894648,1.8901334223211732,1feba84fd18f68e7fdf2ba1009ccb233ae813530b58f3490139d39ef07ce2642,timestamped_live_quote,FBS vs FBS
2026-10-03T20:09:51Z,59abc1d6262d2ea6a72c4daad4c83af2,2026-10-03T20:15:00Z,South Carolina Gamecocks,Kentucky Wildcats,betrivers,BetRivers,2026-10-03T20:09:08Z,2026-10-03T20:09:08Z,South Carolina Gamecocks,-2.5,-117.0,2026,2026-10-03T20:09:51Z,1353,7.553689891267653,8.16355646894648,1.8901334223211732,1feba84fd18f68e7fdf2ba1009ccb233ae813530b58f3490139d39ef07ce2642,timestamped_live_quote,FBS vs FBS
2026-10-03T20:09:51Z,59abc1d6262d2ea6a72c4daad4c83af2,2026-10-03T20:15:00Z,South Carolina Gamecocks,Kentucky Wildcats,betonlineag,BetOnline.ag,2026-10-03T20:09:23Z,2026-10-03T20:09:23Z,Kentucky Wildcats,2.5,-108.0,2026,2026-10-03T20:09:51Z,1353,7.553689891267653,8.16355646894648,1.8901334223211732,1feba84fd18f68e7fdf2ba1009ccb233ae813530b58f3490139d39ef07ce2642,timestamped_live_quote,FBS vs FBS
2026-10-03T20:09:51Z,59abc1d6262d2ea6a72c4daad4c83af2,2026-10-03T20:15:00Z,South Carolina Gamecocks,Kentucky Wildcats,betonlineag,BetOnline.ag,2026-10-03T20:09:23Z,2026-10-03T20:09:23Z,South Carolina Gamecocks,-2.5,-112.0,2026,2026-10-03T20:09:51Z,1353,7.553689891267653,8.16355646894648,1.8901334223211732,1feba84fd18f68e7fdf2ba1009ccb233ae813530b58f3490139d39ef07ce2642,timestamped_live_quote,FBS vs FBS
2026-10-03T20:09:51Z,59abc1d6262d2ea6a72c4daad4c83af2,2026-10-03T20:15:00Z,South Carolina Gamecocks,Kentucky Wildcats,lowvig,LowVig.ag,2026-10-03T20:08:53Z,2026-10-03T20:08:53Z,Kentucky Wildcats,2.5,-104.0,2026,2026-10-03T20:09:51Z,1353,7.553689891267653,8.16355646894648,1.8901334223211732,1feba84fd18f68e7fdf2ba1009ccb233ae813530b58f3490139d39ef07ce2642,timestamped_live_quote,FBS vs FBS
2026-10-03T20:09:51Z,59abc1d6262d2ea6a72c4daad4c83af2,2026-10-03T20:15:00Z,South Carolina Gamecocks,Kentucky Wildcats,lowvig,LowVig.ag,2026-10-03T20:08:53Z,2026-10-03T20:08:53Z,South Carolina Gamecocks,-2.5,-108.0,2026,2026-10-03T20:09:51Z,1353,7.553689891267653,8.16355646894648,1.8901334223211732,1feba84fd18f68e7fdf2ba1009ccb233ae813530b58f3490139d39ef07ce2642,timestamped_live_quote,FBS vs FBS
2026-10-03T20:09:51Z,59abc1d6262d2ea6a72c4daad4c83af2,2026-10-03T20:15:00Z,South Carolina Gamecocks,Kentucky Wildcats,mybookieag,MyBookie.ag,2026-10-03T20:08:37Z,2026-10-03T20:08:37Z,Kentucky Wildcats,2.5,-110.0,2026,2026-10-03T20:09:51Z,1353,7.553689891267653,8.16355646894648,1.8901334223211732,1feba84fd18f68e7fdf2ba1009ccb233ae813530b58f3490139d39ef07ce2642,timestamped_live_quote,FBS vs FBS
2026-10-03T20:09:51Z,59abc1d6262d2ea6a72c4daad4c83af2,2026-10-03T20:15:00Z,South Carolina Gamecocks,Kentucky Wildcats,mybookieag,MyBookie.ag,2026-10-03T20:08:37Z,2026-10-03T20:08:37Z,South Carolina Gamecocks,-2.5,-110.0,2026,2026-10-03T20:09:51Z,1353,7.553689891267653,8.16355646894648,1.8901334223211732,1feba84fd18f68e7fdf2ba1009ccb233ae813530b58f3490139d39ef07ce2642,timestamped_live_quote,FBS vs FBS
2026-10-03T20:09:51Z,59abc1d6262d2ea6a72c4daad4c83af2,2026-10-03T20:15:00Z,South Carolina Gamecocks,Kentucky Wildcats,betmgm,BetMGM,2026-10-03T20:09:13Z,2026-10-03T20:09:12Z,Kentucky Wildcats,2.5,-108.0,2026,2026-10-03T20:09:51Z,1353,7.553689891267653,8.16355646894648,1.8901334223211732,1feba84fd18f68e7fdf2ba1009ccb233ae813530b58f3490139d39ef07ce2642,timestamped_live_quote,FBS vs FBS
2026-10-03T20:09:51Z,59abc1d6262d2ea6a72c4daad4c83af2,2026-10-03T20:15:00Z,South Carolina Gamecocks,Kentucky Wildcats,betmgm,BetMGM,2026-10-03T20:09:13Z,2026-10-03T20:09:12Z,South Carolina Gamecocks,-2.5,-110.0,2026,2026-10-03T20:09:51Z,1353,7.553689891267653,8.16355646894648,1.8901334223211732,1feba84fd18f68e7fdf2ba1009ccb233ae813530b58f3490139d39ef07ce2642,timestamped_live_quote,FBS vs FBS
2026-10-03T20:09:51Z,59abc1d6262d2ea6a72c4daad4c83af2,2026-10-03T20:15:00Z,South Carolina Gamecocks,Kentucky Wildcats,betus,BetUS,2026-10-03T20:09:51Z,2026-10-03T20:09:51Z,Kentucky Wildcats,2.5,-110.0,2026,2026-10-03T20:09:51Z,1353,7.553689891267653,8.16355646894648,1.8901334223211732,1feba84fd18f68e7fdf2ba1009ccb233ae813530b58f3490139d39ef07ce2642,timestamped_live_quote,FBS vs FBS
2026-10-03T20:09:51Z,59abc1d6262d2ea6a72c4daad4c83af2,2026-10-03T20:15:00Z,South Carolina Gamecocks,Kentucky Wildcats,betus,BetUS,2026-10-03T20:09:51Z,2026-10-03T20:09:51Z,South Carolina Gamecocks,-2.5,-110.0,2026,2026-10-03T20:09:51Z,1353,7.553689891267653,8.16355646894648,1.8901334223211732,1feba84fd18f68e7fdf2ba1009ccb233ae813530b58f3490139d39ef07ce2642,timestamped_live_quote,FBS vs FBS
2026-10-03T20:09:51Z,59abc1d6262d2ea6a72c4daad4c83af2,2026-10-03T20:15:00Z,South Carolina Gamecocks,Kentucky Wildcats,bovada,Bovada,2026-10-03T20:07:53Z,2026-10-03T20:07:53Z,Kentucky Wildcats,2.5,-105.0,2026,2026-10-03T20:09:51Z,1353,7.553689891267653,8.16355646894648,1.8901334223211732,1feba84fd18f68e7fdf2ba1009ccb233ae813530b58f3490139d39ef07ce2642,timestamped_live_quote,FBS vs FBS
2026-10-03T20:09:51Z,59abc1d6262d2ea6a72c4daad4c83af2,2026-10-03T20:15:00Z,South Carolina Gamecocks,Kentucky Wildcats,bovada,Bovada,2026-10-03T20:07:53Z,2026-10-03T20:07:53Z,South Carolina Gamecocks,-2.5,-115.0,2026,2026-10-03T20:09:51Z,1353,7.553689891267653,8.16355646894648,1.8901334223211732,1feba84fd18f68e7fdf2ba1009ccb233ae813530b58f3490139d39ef07ce2642,timestamped_live_quote,FBS vs FBS
2026-10-03T20:09:51Z,b30387175520051e2889230030365494,2026-10-03T22:00:00Z,Colorado State Rams,Oregon State Beavers,fanduel,FanDuel,2026-10-03T20:09:37Z,2026-10-03T20:09:37Z,Colorado State Rams,6.5,110.0,2026,2026-10-03T20:09:51Z,1353,3.9069802051239857,7.354641001783845,-0.9476607966598594,1feba84fd18f68e7fdf2ba1009ccb233ae813530b58f3490139d39ef07ce2642,timestamped_live_quote,FBS vs FBS
2026-10-03T20:09:51Z,b30387175520051e2889230030365494,2026-10-03T22:00:00Z,Colorado State Rams,Oregon State Beavers,fanduel,FanDuel,2026-10-03T20:09:37Z,2026-10-03T20:09:37Z,Oregon State Beavers,-6.5,-134.0,2026,2026-10-03T20:09:51Z,1353,3.9069802051239857,7.354641001783845,-0.9476607966598594,1feba84fd18f68e7fdf2ba1009ccb233ae813530b58f3490139d39ef07ce2642,timestamped_live_quote,FBS vs FBS
2026-10-03T20:09:51Z,b30387175520051e2889230030365494,2026-10-03T22:00:00Z,Colorado State Rams,Oregon State Beavers,betrivers,BetRivers,2026-10-03T20:09:08Z,2026-10-03T20:09:08Z,Colorado State Rams,6.5,-108.0,2026,2026-10-03T20:09:51Z,1353,3.9069802051239857,7.354641001783845,-0.9476607966598594,1feba84fd18f68e7fdf2ba1009ccb233ae813530b58f3490139d39ef07ce2642,timestamped_live_quote,FBS vs FBS
2026-10-03T20:09:51Z,b30387175520051e2889230030365494,2026-10-03T22:00:00Z,Colorado State Rams,Oregon State Beavers,betrivers,BetRivers,2026-10-03T20:09:08Z,2026-10-03T20:09:08Z,Oregon State Beavers,-6.5,-115.0,2026,2026-10-03T20:09:51Z,1353,3.9069802051239857,7.354641001783845,-0.9476607966598594,1feba84fd18f68e7fdf2ba1009ccb233ae813530b58f3490139d39ef07ce2642,timestamped_live_quote,FBS vs FBS
2026-10-03T20:09:51Z,b30387175520051e2889230030365494,2026-10-03T22:00:00Z,Colorado State Rams,Oregon State Beavers,betonlineag,BetOnline.ag,2026-10-03T20:09:23Z,2026-10-03T20:09:23Z,Colorado State Rams,6.5,101.0,2026,2026-10-03T20:09:51Z,1353,3.9069802051239857,7.354641001783845,-0.9476607966598594,1feba84fd18f68e7fdf2ba1009ccb233ae813530b58f3490139d39ef07ce2642,timestamped_live_quote,FBS vs FBS
2026-10-03T20:09:51Z,b30387175520051e2889230030365494,2026-10-03T22:00:00Z,Colorado State Rams,Oregon State Beavers,betonlineag,BetOnline.ag,2026-10-03T20:09:23Z,2026-10-03T20:09:23Z,Oregon State Beavers,-6.5,-121.0,2026,2026-10-03T20:09:51Z,1353,3.9069802051239857,7.354641001783845,-0.9476607966598594,1feba84fd18f68e7fdf2ba1009ccb233ae813530b58f3490139d39ef07ce2642,timestamped_live_quote,FBS vs FBS
2026-10-03T20:09:51Z,b30387175520051e2889230030365494,2026-10-03T22:00:00Z,Colorado State Rams,Oregon State Beavers,lowvig,LowVig.ag,2026-10-03T20:08:53Z,2026-10-03T20:08:53Z,Colorado State Rams,6.5,105.0,2026,2026-10-03T20:09:51Z,1353,3.9069802051239857,7.354641001783845,-0.9476607966598594,1feba84fd18f68e7fdf2ba1009ccb233ae813530b58f3490139d39ef07ce2642,timestamped_live_quote,FBS vs FBS
2026-10-03T20:09:51Z,b30387175520051e2889230030365494,2026-10-03T22:00:00Z,Colorado State Rams,Oregon State Beavers,lowvig,LowVig.ag,2026-10-03T20:08:53Z,2026-10-03T20:08:53Z,Oregon State Beavers,-6.5,-117.0,2026,2026-10-03T20:09:51Z,1353,3.9069802051239857,7.354641001783845,-0.9476607966598594,1feba84fd18f68e7fdf2ba1009ccb233ae813530b58f3490139d39ef07ce2642,timestamped_live_quote,FBS vs FBS
2026-10-03T20:09:51Z,b30387175520051e2889230030365494,2026-10-03T22:00:00Z,Colorado State Rams,Oregon State Beavers,draftkings,DraftKings,2026-10-03T20:08:52Z,2026-10-03T20:08:52Z,Colorado State Rams,7.0,-110.0,2026,2026-10-03T20:09:51Z,1353,3.9069802051239857,7.354641001783845,-0.9476607966598594,1feba84fd18f68e7fdf2ba1009ccb233ae813530b58f3490139d39ef07ce2642,timestamped_live_quote,FBS vs FBS
2026-10-03T20:09:51Z,b30387175520051e2889230030365494,2026-10-03T22:00:00Z,Colorado State Rams,Oregon State Beavers,draftkings,DraftKings,2026-10-03T20:08:52Z,2026-10-03T20:08:52Z,Oregon State Beavers,-7.0,-110.0,2026,2026-10-03T20:09:51Z,1353,3.9069802051239857,7.354641001783845,-0.9476607966598594,1feba84fd18f68e7fdf2ba1009ccb233ae813530b58f3490139d39ef07ce2642,timestamped_live_quote,FBS vs FBS
2026-10-03T20:09:51Z,b30387175520051e2889230030365494,2026-10-03T22:00:00Z,Colorado State Rams,Oregon State Beavers,mybookieag,MyBookie.ag,2026-10-03T20:08:37Z,2026-10-03T20:08:37Z,Colorado State Rams,7.0,-110.0,2026,2026-10-03T20:09:51Z,1353,3.9069802051239857,7.354641001783845,-0.9476607966598594,1feba84fd18f68e7fdf2ba1009ccb233ae813530b58f3490139d39ef07ce2642,timestamped_live_quote,FBS vs FBS
2026-10-03T20:09:51Z,b30387175520051e2889230030365494,2026-10-03T22:00:00Z,Colorado State Rams,Oregon State Beavers,mybookieag,MyBookie.ag,2026-10-03T20:08:37Z,2026-10-03T20:08:37Z,Oregon State Beavers,-7.0,-110.0,2026,2026-10-03T20:09:51Z,1353,3.9069802051239857,7.354641001783845,-0.9476607966598594,1feba84fd18f68e7fdf2ba1009ccb233ae813530b58f3490139d39ef07ce2642,timestamped_live_quote,FBS vs FBS
2026-10-03T20:09:51Z,b30387175520051e2889230030365494,2026-10-03T22:00:00Z,Colorado State Rams,Oregon State Beavers,betmgm,BetMGM,2026-10-03T20:09:13Z,2026-10-03T20:09:12Z,Colorado State Rams,7.0,-108.0,2026,2026-10-03T20:09:51Z,1353,3.9069802051239857,7.354641001783845,-0.9476607966598594,1feba84fd18f68e7fdf2ba1009ccb233ae813530b58f3490139d39ef07ce2642,timestamped_live_quote,FBS vs FBS
2026-10-03T20:09:51Z,b30387175520051e2889230030365494,2026-10-03T22:00:00Z,Colorado State Rams,Oregon State Beavers,betmgm,BetMGM,2026-10-03T20:09:13Z,2026-10-03T20:09:12Z,Oregon State Beavers,-7.0,-110.0,2026,2026-10-03T20:09:51Z,1353,3.9069802051239857,7.354641001783845,-0.9476607966598594,1feba84fd18f68e7fdf2ba1009ccb233ae813530b58f3490139d39ef07ce2642,timestamped_live_quote,FBS vs FBS
2026-10-03T20:09:51Z,b30387175520051e2889230030365494,2026-10-03T22:00:00Z,Colorado State Rams,Oregon State Beavers,betus,BetUS,2026-10-03T20:09:51Z,2026-10-03T20:09:51Z,Colorado State Rams,7.0,-110.0,2026,2026-10-03T20:09:51Z,1353,3.9069802051239857,7.354641001783845,-0.9476607966598594,1feba84fd18f68e7fdf2ba1009ccb233ae813530b58f3490139d39ef07ce2642,timestamped_live_quote,FBS vs FBS
2026-10-03T20:09:51Z,b30387175520051e2889230030365494,2026-10-03T22:00:00Z,Colorado State Rams,Oregon State Beavers,betus,BetUS,2026-10-03T20:09:51Z,2026-10-03T20:09:51Z,Oregon State Beavers,-7.0,-110.0,2026,2026-10-03T20:09:51Z,1353,3.9069802051239857,7.354641001783845,-0.9476607966598594,1feba84fd18f68e7fdf2ba1009ccb233ae813530b58f3490139d39ef07ce2642,timestamped_live_quote,FBS vs FBS
2026-10-03T20:09:51Z,b30387175520051e2889230030365494,2026-10-03T22:00:00Z,Colorado State Rams,Oregon State Beavers,bovada,Bovada,2026-10-03T20:07:53Z,2026-10-03T20:07:53Z,Colorado State Rams,7.0,-110.0,2026,2026-10-03T20:09:51Z,1353,3.9069802051239857,7.354641001783845,-0.9476607966598594,1feba84fd18f68e7fdf2ba1009ccb233ae813530b58f3490139d39ef07ce2642,timestamped_live_quote,FBS vs FBS
2026-10-03T20:09:51Z,b30387175520051e2889230030365494,2026-10-03T22:00:00Z,Colorado State Rams,Oregon State Beavers,bovada,Bovada,2026-10-03T20:07:53Z,2026-10-03T20:07:53Z,Oregon State Beavers,-7.0,-110.0,2026,2026-10-03T20:09:51Z,1353,3.9069802051239857,7.354641001783845,-0.9476607966598594,1feba84fd18f68e7fdf2ba1009ccb233ae813530b58f3490139d39ef07ce2642,timestamped_live_quote,FBS vs FBS
2026-10-03T20:09:51Z,b3c132063b4d14cf750801c633237b9e,2026-10-03T22:00:00Z,Florida Atlantic Owls,Texas Southern Tigers,fanduel,FanDuel,2026-10-03T20:09:37Z,2026-10-03T20:09:37Z,Florida Atlantic Owls,-47.5,-110.0,2026,2026-10-03T20:09:51Z,1353,0.7207322069807722,-10.717812579031289,13.938544786012061,1feba84fd18f68e7fdf2ba1009ccb233ae813530b58f3490139d39ef07ce2642,timestamped_live_quote,FBS vs FBS
2026-10-03T20:09:51Z,b3c132063b4d14cf750801c633237b9e,2026-10-03T22:00:00Z,Florida Atlantic Owls,Texas Southern Tigers,fanduel,FanDuel,2026-10-03T20:09:37Z,2026-10-03T20:09:37Z,Texas Southern Tigers,47.5,-110.0,2026,2026-10-03T20:09:51Z,1353,0.7207322069807722,-10.717812579031289,13.938544786012061,1feba84fd18f68e7fdf2ba1009ccb233ae813530b58f3490139d39ef07ce2642,timestamped_live_quote,FBS vs FBS
2026-10-03T20:09:51Z,b3c132063b4d14cf750801c633237b9e,2026-10-03T22:00:00Z,Florida Atlantic Owls,Texas Southern Tigers,draftkings,DraftKings,2026-10-03T20:08:52Z,2026-10-03T20:08:52Z,Florida Atlantic Owls,-47.5,-108.0,2026,2026-10-03T20:09:51Z,1353,0.7207322069807722,-10.717812579031289,13.938544786012061,1feba84fd18f68e7fdf2ba1009ccb233ae813530b58f3490139d39ef07ce2642,timestamped_live_quote,FBS vs FBS
2026-10-03T20:09:51Z,b3c132063b4d14cf750801c633237b9e,2026-10-03T22:00:00Z,Florida Atlantic Owls,Texas Southern Tigers,draftkings,DraftKings,2026-10-03T20:08:52Z,2026-10-03T20:08:52Z,Texas Southern Tigers,47.5,-112.0,2026,2026-10-03T20:09:51Z,1353,0.7207322069807722,-10.717812579031289,13.938544786012061,1feba84fd18f68e7fdf2ba1009ccb233ae813530b58f3490139d39ef07ce2642,timestamped_live_quote,FBS vs FBS
2026-10-03T20:09:51Z,b3c132063b4d14cf750801c633237b9e,2026-10-03T22:00:00Z,Florida Atlantic Owls,Texas Southern Tigers,lowvig,LowVig.ag,2026-10-03T20:08:53Z,2026-10-03T20:08:53Z,Florida Atlantic Owls,-47.0,-110.0,2026,2026-10-03T20:09:51Z,1353,0.7207322069807722,-10.717812579031289,13.938544786012061,1feba84fd18f68e7fdf2ba1009ccb233ae813530b58f3490139d39ef07ce2642,timestamped_live_quote,FBS vs FBS
2026-10-03T20:09:51Z,b3c132063b4d14cf750801c633237b9e,2026-10-03T22:00:00Z,Florida Atlantic Owls,Texas Southern Tigers,lowvig,LowVig.ag,2026-10-03T20:08:53Z,2026-10-03T20:08:53Z,Texas Southern Tigers,47.0,-110.0,2026,2026-10-03T20:09:51Z,1353,0.7207322069807722,-10.717812579031289,13.938544786012061,1feba84fd18f68e7fdf2ba1009ccb233ae813530b58f3490139d39ef07ce2642,timestamped_live_quote,FBS vs FBS
2026-10-03T20:09:51Z,b3c132063b4d14cf750801c633237b9e,2026-10-03T22:00:00Z,Florida Atlantic Owls,Texas Southern Tigers,betonlineag,BetOnline.ag,2026-10-03T20:09:23Z,2026-10-03T20:09:23Z,Florida Atlantic Owls,-47.0,-110.0,2026,2026-10-03T20:09:51Z,1353,0.7207322069807722,-10.717812579031289,13.938544786012061,1feba84fd18f68e7fdf2ba1009ccb233ae813530b58f3490139d39ef07ce2642,timestamped_live_quote,FBS vs FBS
2026-10-03T20:09:51Z,b3c132063b4d14cf750801c633237b9e,2026-10-03T22:00:00Z,Florida Atlantic Owls,Texas Southern Tigers,betonlineag,BetOnline.ag,2026-10-03T20:09:23Z,2026-10-03T20:09:23Z,Texas Southern Tigers,47.0,-110.0,2026,2026-10-03T20:09:51Z,1353,0.7207322069807722,-10.717812579031289,13.938544786012061,1feba84fd18f68e7fdf2ba1009ccb233ae813530b58f3490139d39ef07ce2642,timestamped_live_quote,FBS vs FBS
2026-10-03T20:09:51Z,b3c132063b4d14cf750801c633237b9e,2026-10-03T22:00:00Z,Florida Atlantic Owls,Texas Southern Tigers,betrivers,BetRivers,2026-10-03T20:09:08Z,2026-10-03T20:09:08Z,Florida Atlantic Owls,-47.5,-113.0,2026,2026-10-03T20:09:51Z,1353,0.7207322069807722,-10.717812579031289,13.938544786012061,1feba84fd18f68e7fdf2ba1009ccb233ae813530b58f3490139d39ef07ce2642,timestamped_live_quote,FBS vs FBS
2026-10-03T20:09:51Z,b3c132063b4d14cf750801c633237b9e,2026-10-03T22:00:00Z,Florida Atlantic Owls,Texas Southern Tigers,betrivers,BetRivers,2026-10-03T20:09:08Z,2026-10-03T20:09:08Z,Texas Southern Tigers,47.5,-110.0,2026,2026-10-03T20:09:51Z,1353,0.7207322069807722,-10.717812579031289,13.938544786012061,1feba84fd18f68e7fdf2ba1009ccb233ae813530b58f3490139d39ef07ce2642,timestamped_live_quote,FBS vs FBS
2026-10-03T20:09:51Z,b3c132063b4d14cf750801c633237b9e,2026-10-03T22:00:00Z,Florida Atlantic Owls,Texas Southern Tigers,bovada,Bovada,2026-10-03T20:07:53Z,2026-10-03T20:07:53Z,Florida Atlantic Owls,-47.0,-110.0,2026,2026-10-03T20:09:51Z,1353,0.7207322069807722,-10.717812579031289,13.938544786012061,1feba84fd18f68e7fdf2ba1009ccb233ae813530b58f3490139d39ef07ce2642,timestamped_live_quote,FBS vs FBS
2026-10-03T20:09:51Z,b3c132063b4d14cf750801c633237b9e,2026-10-03T22:00:00Z,Florida Atlantic Owls,Texas Southern Tigers,bovada,Bovada,2026-10-03T20:07:53Z,2026-10-03T20:07:53Z,Texas Southern Tigers,47.0,-110.0,2026,2026-10-03T20:09:51Z,1353,0.7207322069807722,-10.717812579031289,13.938544786012061,1feba84fd18f68e7fdf2ba1009ccb233ae813530b58f3490139d39ef07ce2642,timestamped_live_quote,FBS vs FBS
2026-10-03T20:09:51Z,b3c132063b4d14cf750801c633237b9e,2026-10-03T22:00:00Z,Florida Atlantic Owls,Texas Southern Tigers,betmgm,BetMGM,2026-10-03T20:09:13Z,2026-10-03T20:09:12Z,Florida Atlantic Owls,-47.0,-108.0,2026,2026-10-03T20:09:51Z,1353,0.7207322069807722,-10.717812579031289,13.938544786012061,1feba84fd18f68e7fdf2ba1009ccb233ae813530b58f3490139d39ef07ce2642,timestamped_live_quote,FBS vs FBS
2026-10-03T20:09:51Z,b3c132063b4d14cf750801c633237b9e,2026-10-03T22:00:00Z,Florida Atlantic Owls,Texas Southern Tigers,betmgm,BetMGM,2026-10-03T20:09:13Z,2026-10-03T20:09:12Z,Texas Southern Tigers,47.0,-110.0,2026,2026-10-03T20:09:51Z,1353,0.7207322069807722,-10.717812579031289,13.938544786012061,1feba84fd18f68e7fdf2ba1009ccb233ae813530b58f3490139d39ef07ce2642,timestamped_live_quote,FBS vs FBS
2026-10-03T20:09:51Z,ff98b80b07e2f42c76c2c255e6611247,2026-10-03T23:00:00Z,Texas A&M Aggies,Arkansas Razorbacks,fanduel,FanDuel,2026-10-03T20:09:37Z,2026-10-03T20:09:37Z,Arkansas Razorbacks,13.5,-104.0,2026,2026-10-03T20:09:51Z,1353,7.446129152494291,2.682235390271015,7.263893762223276,1feba84fd18f68e7fdf2ba1009ccb233ae813530b58f3490139d39ef07ce2642,timestamped_live_quote,FBS vs FBS
2026-10-03T20:09:51Z,ff98b80b07e2f42c76c2c255e6611247,2026-10-03T23:00:00Z,Texas A&M Aggies,Arkansas Razorbacks,fanduel,FanDuel,2026-10-03T20:09:37Z,2026-10-03T20:09:37Z,Texas A&M Aggies,-13.5,-118.0,2026,2026-10-03T20:09:51Z,1353,7.446129152494291,2.682235390271015,7.263893762223276,1feba84fd18f68e7fdf2ba1009ccb233ae813530b58f3490139d39ef07ce2642,timestamped_live_quote,FBS vs FBS
2026-10-03T20:09:51Z,ff98b80b07e2f42c76c2c255e6611247,2026-10-03T23:00:00Z,Texas A&M Aggies,Arkansas Razorbacks,betrivers,BetRivers,2026-10-03T20:09:08Z,2026-10-03T20:09:08Z,Arkansas Razorbacks,14.0,-112.0,2026,2026-10-03T20:09:51Z,1353,7.446129152494291,2.682235390271015,7.263893762223276,1feba84fd18f68e7fdf2ba1009ccb233ae813530b58f3490139d39ef07ce2642,timestamped_live_quote,FBS vs FBS
2026-10-03T20:09:51Z,ff98b80b07e2f42c76c2c255e6611247,2026-10-03T23:00:00Z,Texas A&M Aggies,Arkansas Razorbacks,betrivers,BetRivers,2026-10-03T20:09:08Z,2026-10-03T20:09:08Z,Texas A&M Aggies,-14.0,-112.0,2026,2026-10-03T20:09:51Z,1353,7.446129152494291,2.682235390271015,7.263893762223276,1feba84fd18f68e7fdf2ba1009ccb233ae813530b58f3490139d39ef07ce2642,timestamped_live_quote,FBS vs FBS
2026-10-03T20:09:51Z,ff98b80b07e2f42c76c2c255e6611247,2026-10-03T23:00:00Z,Texas A&M Aggies,Arkansas Razorbacks,betonlineag,BetOnline.ag,2026-10-03T20:09:23Z,2026-10-03T20:09:23Z,Arkansas Razorbacks,14.0,-111.0,2026,2026-10-03T20:09:51Z,1353,7.446129152494291,2.682235390271015,7.263893762223276,1feba84fd18f68e7fdf2ba1009ccb233ae813530b58f3490139d39ef07ce2642,timestamped_live_quote,FBS vs FBS
2026-10-03T20:09:51Z,ff98b80b07e2f42c76c2c255e6611247,2026-10-03T23:00:00Z,Texas A&M Aggies,Arkansas Razorbacks,betonlineag,BetOnline.ag,2026-10-03T20:09:23Z,2026-10-03T20:09:23Z,Texas A&M Aggies,-14.0,-109.0,2026,2026-10-03T20:09:51Z,1353,7.446129152494291,2.682235390271015,7.263893762223276,1feba84fd18f68e7fdf2ba1009ccb233ae813530b58f3490139d39ef07ce2642,timestamped_live_quote,FBS vs FBS
2026-10-03T20:09:51Z,ff98b80b07e2f42c76c2c255e6611247,2026-10-03T23:00:00Z,Texas A&M Aggies,Arkansas Razorbacks,lowvig,LowVig.ag,2026-10-03T20:08:53Z,2026-10-03T20:08:53Z,Arkansas Razorbacks,14.0,-107.0,2026,2026-10-03T20:09:51Z,1353,7.446129152494291,2.682235390271015,7.263893762223276,1feba84fd18f68e7fdf2ba1009ccb233ae813530b58f3490139d39ef07ce2642,timestamped_live_quote,FBS vs FBS
2026-10-03T20:09:51Z,ff98b80b07e2f42c76c2c255e6611247,2026-10-03T23:00:00Z,Texas A&M Aggies,Arkansas Razorbacks,lowvig,LowVig.ag,2026-10-03T20:08:53Z,2026-10-03T20:08:53Z,Texas A&M Aggies,-14.0,-105.0,2026,2026-10-03T20:09:51Z,1353,7.446129152494291,2.682235390271015,7.263893762223276,1feba84fd18f68e7fdf2ba1009ccb233ae813530b58f3490139d39ef07ce2642,timestamped_live_quote,FBS vs FBS
2026-10-03T20:09:51Z,ff98b80b07e2f42c76c2c255e6611247,2026-10-03T23:00:00Z,Texas A&M Aggies,Arkansas Razorbacks,draftkings,DraftKings,2026-10-03T20:08:52Z,2026-10-03T20:08:52Z,Arkansas Razorbacks,14.0,-110.0,2026,2026-10-03T20:09:51Z,1353,7.446129152494291,2.682235390271015,7.263893762223276,1feba84fd18f68e7fdf2ba1009ccb233ae813530b58f3490139d39ef07ce2642,timestamped_live_quote,FBS vs FBS
2026-10-03T20:09:51Z,ff98b80b07e2f42c76c2c255e6611247,2026-10-03T23:00:00Z,Texas A&M Aggies,Arkansas Razorbacks,draftkings,DraftKings,2026-10-03T20:08:52Z,2026-10-03T20:08:52Z,Texas A&M Aggies,-14.0,-110.0,2026,2026-10-03T20:09:51Z,1353,7.446129152494291,2.682235390271015,7.263893762223276,1feba84fd18f68e7fdf2ba1009ccb233ae813530b58f3490139d39ef07ce2642,timestamped_live_quote,FBS vs FBS
2026-10-03T20:09:51Z,ff98b80b07e2f42c76c2c255e6611247,2026-10-03T23:00:00Z,Texas A&M Aggies,Arkansas Razorbacks,mybookieag,MyBookie.ag,2026-10-03T20:08:37Z,2026-10-03T20:08:37Z,Arkansas Razorbacks,14.0,-110.0,2026,2026-10-03T20:09:51Z,1353,7.446129152494291,2.682235390271015,7.263893762223276,1feba84fd18f68e7fdf2ba1009ccb233ae813530b58f3490139d39ef07ce2642,timestamped_live_quote,FBS vs FBS
2026-10-03T20:09:51Z,ff98b80b07e2f42c76c2c255e6611247,2026-10-03T23:00:00Z,Texas A&M Aggies,Arkansas Razorbacks,mybookieag,MyBookie.ag,2026-10-03T20:08:37Z,2026-10-03T20:08:37Z,Texas A&M Aggies,-14.0,-110.0,2026,2026-10-03T20:09:51Z,1353,7.446129152494291,2.682235390271015,7.263893762223276,1feba84fd18f68e7fdf2ba1009ccb233ae813530b58f3490139d39ef07ce2642,timestamped_live_quote,FBS vs FBS
2026-10-03T20:09:51Z,ff98b80b07e2f42c76c2c255e6611247,2026-10-03T23:00:00Z,Texas A&M Aggies,Arkansas Razorbacks,betus,BetUS,2026-10-03T20:09:51Z,2026-10-03T20:09:51Z,Arkansas Razorbacks,14.0,-110.0,2026,2026-10-03T20:09:51Z,1353,7.446129152494291,2.682235390271015,7.263893762223276,1feba84fd18f68e7fdf2ba1009ccb233ae813530b58f3490139d39ef07ce2642,timestamped_live_quote,FBS vs FBS
2026-10-03T20:09:51Z,ff98b80b07e2f42c76c2c255e6611247,2026-10-03T23:00:00Z,Texas A&M Aggies,Arkansas Razorbacks,betus,BetUS,2026-10-03T20:09:51Z,2026-10-03T20:09:51Z,Texas A&M Aggies,-14.0,-110.0,2026,2026-10-03T20:09:51Z,1353,7.446129152494291,2.682235390271015,7.263893762223276,1feba84fd18f68e7fdf2ba1009ccb233ae813530b58f3490139d39ef07ce2642,timestamped_live_quote,FBS vs FBS
2026-10-03T20:09:51Z,ff98b80b07e2f42c76c2c255e6611247,2026-10-03T23:00:00Z,Texas A&M Aggies,Arkansas Razorbacks,betmgm,BetMGM,2026-10-03T20:09:13Z,2026-10-03T20:09:12Z,Arkansas Razorbacks,14.0,-112.0,2026,2026-10-03T20:09:51Z,1353,7.446129152494291,2.682235390271015,7.263893762223276,1feba84fd18f68e7fdf2ba1009ccb233ae813530b58f3490139d39ef07ce2642,timestamped_live_quote,FBS vs FBS
2026-10-03T20:09:51Z,ff98b80b07e2f42c76c2c255e6611247,2026-10-03T23:00:00Z,Texas A&M Aggies,Arkansas Razorbacks,betmgm,BetMGM,2026-10-03T20:09:13Z,2026-10-03T20:09:12Z,Texas A&M Aggies,-14.0,-108.0,2026,2026-10-03T20:09:51Z,1353,7.446129152494291,2.682235390271015,7.263893762223276,1feba84fd18f68e7fdf2ba1009ccb233ae813530b58f3490139d39ef07ce2642,timestamped_live_quote,FBS vs FBS
2026-10-03T20:09:51Z,ff98b80b07e2f42c76c2c255e6611247,2026-10-03T23:00:00Z,Texas A&M Aggies,Arkansas Razorbacks,bovada,Bovada,2026-10-03T20:07:53Z,2026-10-03T20:07:53Z,Arkansas Razorbacks,14.0,-110.0,2026,2026-10-03T20:09:51Z,1353,7.446129152494291,2.682235390271015,7.263893762223276,1feba84fd18f68e7fdf2ba1009ccb233ae813530b58f3490139d39ef07ce2642,timestamped_live_quote,FBS vs FBS
2026-10-03T20:09:51Z,ff98b80b07e2f42c76c2c255e6611247,2026-10-03T23:00:00Z,Texas A&M Aggies,Arkansas Razorbacks,bovada,Bovada,2026-10-03T20:07:53Z,2026-10-03T20:07:53Z,Texas A&M Aggies,-14.0,-110.0,2026,2026-10-03T20:09:51Z,1353,7.446129152494291,2.682235390271015,7.263893762223276,1feba84fd18f68e7fdf2ba1009ccb233ae813530b58f3490139d39ef07ce2642,timestamped_live_quote,FBS vs FBS
2026-10-03T20:09:51Z,b58c0d24e66471e6095c0a5f9afb7ce3,2026-10-03T23:00:00Z,TCU Horned Frogs,BYU Cougars,draftkings,DraftKings,2026-10-03T20:08:52Z,2026-10-03T20:08:52Z,BYU Cougars,-6.0,-110.0,2026,2026-10-03T20:09:51Z,1353,10.450045034815576,11.075090093663619,1.874954941151957,1feba84fd18f68e7fdf2ba1009ccb233ae813530b58f3490139d39ef07ce2642,timestamped_live_quote,FBS vs FBS
2026-10-03T20:09:51Z,b58c0d24e66471e6095c0a5f9afb7ce3,2026-10-03T23:00:00Z,TCU Horned Frogs,BYU Cougars,draftkings,DraftKings,2026-10-03T20:08:52Z,2026-10-03T20:08:52Z,TCU Horned Frogs,6.0,-110.0,2026,2026-10-03T20:09:51Z,1353,10.450045034815576,11.075090093663619,1.874954941151957,1feba84fd18f68e7fdf2ba1009ccb233ae813530b58f3490139d39ef07ce2642,timestamped_live_quote,FBS vs FBS
2026-10-03T20:09:51Z,b58c0d24e66471e6095c0a5f9afb7ce3,2026-10-03T23:00:00Z,TCU Horned Frogs,BYU Cougars,fanduel,FanDuel,2026-10-03T20:09:37Z,2026-10-03T20:09:37Z,BYU Cougars,-5.5,-115.0,2026,2026-10-03T20:09:51Z,1353,10.450045034815576,11.075090093663619,1.874954941151957,1feba84fd18f68e7fdf2ba1009ccb233ae813530b58f3490139d39ef07ce2642,timestamped_live_quote,FBS vs FBS
2026-10-03T20:09:51Z,b58c0d24e66471e6095c0a5f9afb7ce3,2026-10-03T23:00:00Z,TCU Horned Frogs,BYU Cougars,fanduel,FanDuel,2026-10-03T20:09:37Z,2026-10-03T20:09:37Z,TCU Horned Frogs,5.5,-105.0,2026,2026-10-03T20:09:51Z,1353,10.450045034815576,11.075090093663619,1.874954941151957,1feba84fd18f68e7fdf2ba1009ccb233ae813530b58f3490139d39ef07ce2642,timestamped_live_quote,FBS vs FBS
2026-10-03T20:09:51Z,b58c0d24e66471e6095c0a5f9afb7ce3,2026-10-03T23:00:00Z,TCU Horned Frogs,BYU Cougars,betrivers,BetRivers,2026-10-03T20:09:08Z,2026-10-03T20:09:08Z,BYU Cougars,-6.0,-112.0,2026,2026-10-03T20:09:51Z,1353,10.450045034815576,11.075090093663619,1.874954941151957,1feba84fd18f68e7fdf2ba1009ccb233ae813530b58f3490139d39ef07ce2642,timestamped_live_quote,FBS vs FBS
2026-10-03T20:09:51Z,b58c0d24e66471e6095c0a5f9afb7ce3,2026-10-03T23:00:00Z,TCU Horned Frogs,BYU Cougars,betrivers,BetRivers,2026-10-03T20:09:08Z,2026-10-03T20:09:08Z,TCU Horned Frogs,6.0,-112.0,2026,2026-10-03T20:09:51Z,1353,10.450045034815576,11.075090093663619,1.874954941151957,1feba84fd18f68e7fdf2ba1009ccb233ae813530b58f3490139d39ef07ce2642,timestamped_live_quote,FBS vs FBS
2026-10-03T20:09:51Z,b58c0d24e66471e6095c0a5f9afb7ce3,2026-10-03T23:00:00Z,TCU Horned Frogs,BYU Cougars,betonlineag,BetOnline.ag,2026-10-03T20:09:23Z,2026-10-03T20:09:23Z,BYU Cougars,-6.0,-106.0,2026,2026-10-03T20:09:51Z,1353,10.450045034815576,11.075090093663619,1.874954941151957,1feba84fd18f68e7fdf2ba1009ccb233ae813530b58f3490139d39ef07ce2642,timestamped_live_quote,FBS vs FBS
2026-10-03T20:09:51Z,b58c0d24e66471e6095c0a5f9afb7ce3,2026-10-03T23:00:00Z,TCU Horned Frogs,BYU Cougars,betonlineag,BetOnline.ag,2026-10-03T20:09:23Z,2026-10-03T20:09:23Z,TCU Horned Frogs,6.0,-114.0,2026,2026-10-03T20:09:51Z,1353,10.450045034815576,11.075090093663619,1.874954941151957,1feba84fd18f68e7fdf2ba1009ccb233ae813530b58f3490139d39ef07ce2642,timestamped_live_quote,FBS vs FBS
2026-10-03T20:09:51Z,b58c0d24e66471e6095c0a5f9afb7ce3,2026-10-03T23:00:00Z,TCU Horned Frogs,BYU Cougars,lowvig,LowVig.ag,2026-10-03T20:08:53Z,2026-10-03T20:08:53Z,BYU Cougars,-6.0,-102.0,2026,2026-10-03T20:09:51Z,1353,10.450045034815576,11.075090093663619,1.874954941151957,1feba84fd18f68e7fdf2ba1009ccb233ae813530b58f3490139d39ef07ce2642,timestamped_live_quote,FBS vs FBS
2026-10-03T20:09:51Z,b58c0d24e66471e6095c0a5f9afb7ce3,2026-10-03T23:00:00Z,TCU Horned Frogs,BYU Cougars,lowvig,LowVig.ag,2026-10-03T20:08:53Z,2026-10-03T20:08:53Z,TCU Horned Frogs,6.0,-110.0,2026,2026-10-03T20:09:51Z,1353,10.450045034815576,11.075090093663619,1.874954941151957,1feba84fd18f68e7fdf2ba1009ccb233ae813530b58f3490139d39ef07ce2642,timestamped_live_quote,FBS vs FBS
2026-10-03T20:09:51Z,b58c0d24e66471e6095c0a5f9afb7ce3,2026-10-03T23:00:00Z,TCU Horned Frogs,BYU Cougars,mybookieag,MyBookie.ag,2026-10-03T20:08:37Z,2026-10-03T20:08:37Z,BYU Cougars,-6.0,-110.0,2026,2026-10-03T20:09:51Z,1353,10.450045034815576,11.075090093663619,1.874954941151957,1feba84fd18f68e7fdf2ba1009ccb233ae813530b58f3490139d39ef07ce2642,timestamped_live_quote,FBS vs FBS
2026-10-03T20:09:51Z,b58c0d24e66471e6095c0a5f9afb7ce3,2026-10-03T23:00:00Z,TCU Horned Frogs,BYU Cougars,mybookieag,MyBookie.ag,2026-10-03T20:08:37Z,2026-10-03T20:08:37Z,TCU Horned Frogs,6.0,-110.0,2026,2026-10-03T20:09:51Z,1353,10.450045034815576,11.075090093663619,1.874954941151957,1feba84fd18f68e7fdf2ba1009ccb233ae813530b58f3490139d39ef07ce2642,timestamped_live_quote,FBS vs FBS
2026-10-03T20:09:51Z,b58c0d24e66471e6095c0a5f9afb7ce3,2026-10-03T23:00:00Z,TCU Horned Frogs,BYU Cougars,betus,BetUS,2026-10-03T20:09:51Z,2026-10-03T20:09:51Z,BYU Cougars,-5.5,-115.0,2026,2026-10-03T20:09:51Z,1353,10.450045034815576,11.075090093663619,1.874954941151957,1feba84fd18f68e7fdf2ba1009ccb233ae813530b58f3490139d39ef07ce2642,timestamped_live_quote,FBS vs FBS
2026-10-03T20:09:51Z,b58c0d24e66471e6095c0a5f9afb7ce3,2026-10-03T23:00:00Z,TCU Horned Frogs,BYU Cougars,betus,BetUS,2026-10-03T20:09:51Z,2026-10-03T20:09:51Z,TCU Horned Frogs,5.5,-105.0,2026,2026-10-03T20:09:51Z,1353,10.450045034815576,11.075090093663619,1.874954941151957,1feba84fd18f68e7fdf2ba1009ccb233ae813530b58f3490139d39ef07ce2642,timestamped_live_quote,FBS vs FBS
2026-10-03T20:09:51Z,b58c0d24e66471e6095c0a5f9afb7ce3,2026-10-03T23:00:00Z,TCU Horned Frogs,BYU Cougars,betmgm,BetMGM,2026-10-03T20:09:13Z,2026-10-03T20:09:12Z,BYU Cougars,-6.0,-110.0,2026,2026-10-03T20:09:51Z,1353,10.450045034815576,11.075090093663619,1.874954941151957,1feba84fd18f68e7fdf2ba1009ccb233ae813530b58f3490139d39ef07ce2642,timestamped_live_quote,FBS vs FBS
2026-10-03T20:09:51Z,b58c0d24e66471e6095c0a5f9afb7ce3,2026-10-03T23:00:00Z,TCU Horned Frogs,BYU Cougars,betmgm,BetMGM,2026-10-03T20:09:13Z,2026-10-03T20:09:12Z,TCU Horned Frogs,6.0,-108.0,2026,2026-10-03T20:09:51Z,1353,10.450045034815576,11.075090093663619,1.874954941151957,1feba84fd18f68e7fdf2ba1009ccb233ae813530b58f3490139d39ef07ce2642,timestamped_live_quote,FBS vs FBS
2026-10-03T20:09:51Z,b58c0d24e66471e6095c0a5f9afb7ce3,2026-10-03T23:00:00Z,TCU Horned Frogs,BYU Cougars,bovada,Bovada,2026-10-03T20:07:53Z,2026-10-03T20:07:53Z,BYU Cougars,-5.5,-115.0,2026,2026-10-03T20:09:51Z,1353,10.450045034815576,11.075090093663619,1.874954941151957,1feba84fd18f68e7fdf2ba1009ccb233ae813530b58f3490139d39ef07ce2642,timestamped_live_quote,FBS vs FBS
2026-10-03T20:09:51Z,b58c0d24e66471e6095c0a5f9afb7ce3,2026-10-03T23:00:00Z,TCU Horned Frogs,BYU Cougars,bovada,Bovada,2026-10-03T20:07:53Z,2026-10-03T20:07:53Z,TCU Horned Frogs,5.5,-105.0,2026,2026-10-03T20:09:51Z,1353,10.450045034815576,11.075090093663619,1.874954941151957,1feba84fd18f68e7fdf2ba1009ccb233ae813530b58f3490139d39ef07ce2642,timestamped_live_quote,FBS vs FBS
2026-10-03T20:09:51Z,5efdb3515c882453d9abcd27db28f78b,2026-10-03T23:00:00Z,Coastal Carolina Chanticleers,Georgia Southern Eagles,draftkings,DraftKings,2026-10-03T20:08:52Z,2026-10-03T20:08:52Z,Coastal Carolina Chanticleers,2.5,-115.0,2026,2026-10-03T20:09:51Z,1353,1.7970982171343042,2.5588574347658923,1.7382407823684118,1feba84fd18f68e7fdf2ba1009ccb233ae813530b58f3490139d39ef07ce2642,timestamped_live_quote,FBS vs FBS
2026-10-03T20:09:51Z,5efdb3515c882453d9abcd27db28f78b,2026-10-03T23:00:00Z,Coastal Carolina Chanticleers,Georgia Southern Eagles,draftkings,DraftKings,2026-10-03T20:08:52Z,2026-10-03T20:08:52Z,Georgia Southern Eagles,-2.5,-105.0,2026,2026-10-03T20:09:51Z,1353,1.7970982171343042,2.5588574347658923,1.7382407823684118,1feba84fd18f68e7fdf2ba1009ccb233ae813530b58f3490139d39ef07ce2642,timestamped_live_quote,FBS vs FBS
2026-10-03T20:09:51Z,5efdb3515c882453d9abcd27db28f78b,2026-10-03T23:00:00Z,Coastal Carolina Chanticleers,Georgia Southern Eagles,lowvig,LowVig.ag,2026-10-03T20:08:53Z,2026-10-03T20:08:53Z,Coastal Carolina Chanticleers,2.0,-106.0,2026,2026-10-03T20:09:51Z,1353,1.7970982171343042,2.5588574347658923,1.7382407823684118,1feba84fd18f68e7fdf2ba1009ccb233ae813530b58f3490139d39ef07ce2642,timestamped_live_quote,FBS vs FBS
2026-10-03T20:09:51Z,5efdb3515c882453d9abcd27db28f78b,2026-10-03T23:00:00Z,Coastal Carolina Chanticleers,Georgia Southern Eagles,lowvig,LowVig.ag,2026-10-03T20:08:53Z,2026-10-03T20:08:53Z,Georgia Southern Eagles,-2.0,-106.0,2026,2026-10-03T20:09:51Z,1353,1.7970982171343042,2.5588574347658923,1.7382407823684118,1feba84fd18f68e7fdf2ba1009ccb233ae813530b58f3490139d39ef07ce2642,timestamped_live_quote,FBS vs FBS
2026-10-03T20:09:51Z,5efdb3515c882453d9abcd27db28f78b,2026-10-03T23:00:00Z,Coastal Carolina Chanticleers,Georgia Southern Eagles,betonlineag,BetOnline.ag,2026-10-03T20:09:23Z,2026-10-03T20:09:23Z,Coastal Carolina Chanticleers,2.0,-110.0,2026,2026-10-03T20:09:51Z,1353,1.7970982171343042,2.5588574347658923,1.7382407823684118,1feba84fd18f68e7fdf2ba1009ccb233ae813530b58f3490139d39ef07ce2642,timestamped_live_quote,FBS vs FBS
2026-10-03T20:09:51Z,5efdb3515c882453d9abcd27db28f78b,2026-10-03T23:00:00Z,Coastal Carolina Chanticleers,Georgia Southern Eagles,betonlineag,BetOnline.ag,2026-10-03T20:09:23Z,2026-10-03T20:09:23Z,Georgia Southern Eagles,-2.0,-110.0,2026,2026-10-03T20:09:51Z,1353,1.7970982171343042,2.5588574347658923,1.7382407823684118,1feba84fd18f68e7fdf2ba1009ccb233ae813530b58f3490139d39ef07ce2642,timestamped_live_quote,FBS vs FBS
2026-10-03T20:09:51Z,5efdb3515c882453d9abcd27db28f78b,2026-10-03T23:00:00Z,Coastal Carolina Chanticleers,Georgia Southern Eagles,fanduel,FanDuel,2026-10-03T20:09:37Z,2026-10-03T20:09:37Z,Coastal Carolina Chanticleers,1.5,-105.0,2026,2026-10-03T20:09:51Z,1353,1.7970982171343042,2.5588574347658923,1.7382407823684118,1feba84fd18f68e7fdf2ba1009ccb233ae813530b58f3490139d39ef07ce2642,timestamped_live_quote,FBS vs FBS
2026-10-03T20:09:51Z,5efdb3515c882453d9abcd27db28f78b,2026-10-03T23:00:00Z,Coastal Carolina Chanticleers,Georgia Southern Eagles,fanduel,FanDuel,2026-10-03T20:09:37Z,2026-10-03T20:09:37Z,Georgia Southern Eagles,-1.5,-115.0,2026,2026-10-03T20:09:51Z,1353,1.7970982171343042,2.5588574347658923,1.7382407823684118,1feba84fd18f68e7fdf2ba1009ccb233ae813530b58f3490139d39ef07ce2642,timestamped_live_quote,FBS vs FBS
2026-10-03T20:09:51Z,5efdb3515c882453d9abcd27db28f78b,2026-10-03T23:00:00Z,Coastal Carolina Chanticleers,Georgia Southern Eagles,mybookieag,MyBookie.ag,2026-10-03T20:08:37Z,2026-10-03T20:08:37Z,Coastal Carolina Chanticleers,2.0,-110.0,2026,2026-10-03T20:09:51Z,1353,1.7970982171343042,2.5588574347658923,1.7382407823684118,1feba84fd18f68e7fdf2ba1009ccb233ae813530b58f3490139d39ef07ce2642,timestamped_live_quote,FBS vs FBS
2026-10-03T20:09:51Z,5efdb3515c882453d9abcd27db28f78b,2026-10-03T23:00:00Z,Coastal Carolina Chanticleers,Georgia Southern Eagles,mybookieag,MyBookie.ag,2026-10-03T20:08:37Z,2026-10-03T20:08:37Z,Georgia Southern Eagles,-2.0,-110.0,2026,2026-10-03T20:09:51Z,1353,1.7970982171343042,2.5588574347658923,1.7382407823684118,1feba84fd18f68e7fdf2ba1009ccb233ae813530b58f3490139d39ef07ce2642,timestamped_live_quote,FBS vs FBS
2026-10-03T20:09:51Z,5efdb3515c882453d9abcd27db28f78b,2026-10-03T23:00:00Z,Coastal Carolina Chanticleers,Georgia Southern Eagles,betus,BetUS,2026-10-03T20:09:51Z,2026-10-03T20:09:51Z,Coastal Carolina Chanticleers,2.0,-110.0,2026,2026-10-03T20:09:51Z,1353,1.7970982171343042,2.5588574347658923,1.7382407823684118,1feba84fd18f68e7fdf2ba1009ccb233ae813530b58f3490139d39ef07ce2642,timestamped_live_quote,FBS vs FBS
2026-10-03T20:09:51Z,5efdb3515c882453d9abcd27db28f78b,2026-10-03T23:00:00Z,Coastal Carolina Chanticleers,Georgia Southern Eagles,betus,BetUS,2026-10-03T20:09:51Z,2026-10-03T20:09:51Z,Georgia Southern Eagles,-2.0,-110.0,2026,2026-10-03T20:09:51Z,1353,1.7970982171343042,2.5588574347658923,1.7382407823684118,1feba84fd18f68e7fdf2ba1009ccb233ae813530b58f3490139d39ef07ce2642,timestamped_live_quote,FBS vs FBS
2026-10-03T20:09:51Z,5efdb3515c882453d9abcd27db28f78b,2026-10-03T23:00:00Z,Coastal Carolina Chanticleers,Georgia Southern Eagles,betmgm,BetMGM,2026-10-03T20:09:13Z,2026-10-03T20:09:12Z,Coastal Carolina Chanticleers,2.0,-110.0,2026,2026-10-03T20:09:51Z,1353,1.7970982171343042,2.5588574347658923,1.7382407823684118,1feba84fd18f68e7fdf2ba1009ccb233ae813530b58f3490139d39ef07ce2642,timestamped_live_quote,FBS vs FBS
2026-10-03T20:09:51Z,5efdb3515c882453d9abcd27db28f78b,2026-10-03T23:00:00Z,Coastal Carolina Chanticleers,Georgia Southern Eagles,betmgm,BetMGM,2026-10-03T20:09:13Z,2026-10-03T20:09:12Z,Georgia Southern Eagles,-2.0,-108.0,2026,2026-10-03T20:09:51Z,1353,1.7970982171343042,2.5588574347658923,1.7382407823684118,1feba84fd18f68e7fdf2ba1009ccb233ae813530b58f3490139d39ef07ce2642,timestamped_live_quote,FBS vs FBS
2026-10-03T20:09:51Z,5efdb3515c882453d9abcd27db28f78b,2026-10-03T23:00:00Z,Coastal Carolina Chanticleers,Georgia Southern Eagles,betrivers,BetRivers,2026-10-03T20:09:08Z,2026-10-03T20:09:08Z,Coastal Carolina Chanticleers,1.5,-109.0,2026,2026-10-03T20:09:51Z,1353,1.7970982171343042,2.5588574347658923,1.7382407823684118,1feba84fd18f68e7fdf2ba1009ccb233ae813530b58f3490139d39ef07ce2642,timestamped_live_quote,FBS vs FBS
2026-10-03T20:09:51Z,5efdb3515c882453d9abcd27db28f78b,2026-10-03T23:00:00Z,Coastal Carolina Chanticleers,Georgia Southern Eagles,betrivers,BetRivers,2026-10-03T20:09:08Z,2026-10-03T20:09:08Z,Georgia Southern Eagles,-1.5,-113.0,2026,2026-10-03T20:09:51Z,1353,1.7970982171343042,2.5588574347658923,1.7382407823684118,1feba84fd18f68e7fdf2ba1009ccb233ae813530b58f3490139d39ef07ce2642,timestamped_live_quote,FBS vs FBS
2026-10-03T20:09:51Z,5efdb3515c882453d9abcd27db28f78b,2026-10-03T23:00:00Z,Coastal Carolina Chanticleers,Georgia Southern Eagles,bovada,Bovada,2026-10-03T20:07:53Z,2026-10-03T20:07:53Z,Coastal Carolina Chanticleers,2.0,-110.0,2026,2026-10-03T20:09:51Z,1353,1.7970982171343042,2.5588574347658923,1.7382407823684118,1feba84fd18f68e7fdf2ba1009ccb233ae813530b58f3490139d39ef07ce2642,timestamped_live_quote,FBS vs FBS
2026-10-03T20:09:51Z,5efdb3515c882453d9abcd27db28f78b,2026-10-03T23:00:00Z,Coastal Carolina Chanticleers,Georgia Southern Eagles,bovada,Bovada,2026-10-03T20:07:53Z,2026-10-03T20:07:53Z,Georgia Southern Eagles,-2.0,-110.0,2026,2026-10-03T20:09:51Z,1353,1.7970982171343042,2.5588574347658923,1.7382407823684118,1feba84fd18f68e7fdf2ba1009ccb233ae813530b58f3490139d39ef07ce2642,timestamped_live_quote,FBS vs FBS
2026-10-03T20:09:51Z,279230b2d38c4e97187c3f065501a4cf,2026-10-03T23:00:00Z,Rice Owls,UTSA Roadrunners,fanduel,FanDuel,2026-10-03T20:09:37Z,2026-10-03T20:09:37Z,Rice Owls,11.5,-105.0,2026,2026-10-03T20:09:51Z,1353,-2.363250221583307,6.3546927003366465,-6.217942921919953,1feba84fd18f68e7fdf2ba1009ccb233ae813530b58f3490139d39ef07ce2642,timestamped_live_quote,FBS vs FBS
2026-10-03T20:09:51Z,279230b2d38c4e97187c3f065501a4cf,2026-10-03T23:00:00Z,Rice Owls,UTSA Roadrunners,fanduel,FanDuel,2026-10-03T20:09:37Z,2026-10-03T20:09:37Z,UTSA Roadrunners,-11.5,-115.0,2026,2026-10-03T20:09:51Z,1353,-2.363250221583307,6.3546927003366465,-6.217942921919953,1feba84fd18f68e7fdf2ba1009ccb233ae813530b58f3490139d39ef07ce2642,timestamped_live_quote,FBS vs FBS
2026-10-03T20:09:51Z,279230b2d38c4e97187c3f065501a4cf,2026-10-03T23:00:00Z,Rice Owls,UTSA Roadrunners,betrivers,BetRivers,2026-10-03T20:09:08Z,2026-10-03T20:09:08Z,Rice Owls,11.5,-110.0,2026,2026-10-03T20:09:51Z,1353,-2.363250221583307,6.3546927003366465,-6.217942921919953,1feba84fd18f68e7fdf2ba1009ccb233ae813530b58f3490139d39ef07ce2642,timestamped_live_quote,FBS vs FBS
2026-10-03T20:09:51Z,279230b2d38c4e97187c3f065501a4cf,2026-10-03T23:00:00Z,Rice Owls,UTSA Roadrunners,betrivers,BetRivers,2026-10-03T20:09:08Z,2026-10-03T20:09:08Z,UTSA Roadrunners,-11.5,-113.0,2026,2026-10-03T20:09:51Z,1353,-2.363250221583307,6.3546927003366465,-6.217942921919953,1feba84fd18f68e7fdf2ba1009ccb233ae813530b58f3490139d39ef07ce2642,timestamped_live_quote,FBS vs FBS
2026-10-03T20:09:51Z,279230b2d38c4e97187c3f065501a4cf,2026-10-03T23:00:00Z,Rice Owls,UTSA Roadrunners,draftkings,DraftKings,2026-10-03T20:08:52Z,2026-10-03T20:08:52Z,Rice Owls,12.5,-112.0,2026,2026-10-03T20:09:51Z,1353,-2.363250221583307,6.3546927003366465,-6.217942921919953,1feba84fd18f68e7fdf2ba1009ccb233ae813530b58f3490139d39ef07ce2642,timestamped_live_quote,FBS vs FBS
2026-10-03T20:09:51Z,279230b2d38c4e97187c3f065501a4cf,2026-10-03T23:00:00Z,Rice Owls,UTSA Roadrunners,draftkings,DraftKings,2026-10-03T20:08:52Z,2026-10-03T20:08:52Z,UTSA Roadrunners,-12.5,-108.0,2026,2026-10-03T20:09:51Z,1353,-2.363250221583307,6.3546927003366465,-6.217942921919953,1feba84fd18f68e7fdf2ba1009ccb233ae813530b58f3490139d39ef07ce2642,timestamped_live_quote,FBS vs FBS
2026-10-03T20:09:51Z,279230b2d38c4e97187c3f065501a4cf,2026-10-03T23:00:00Z,Rice Owls,UTSA Roadrunners,betonlineag,BetOnline.ag,2026-10-03T20:09:23Z,2026-10-03T20:09:23Z,Rice Owls,12.5,-115.0,2026,2026-10-03T20:09:51Z,1353,-2.363250221583307,6.3546927003366465,-6.217942921919953,1feba84fd18f68e7fdf2ba1009ccb233ae813530b58f3490139d39ef07ce2642,timestamped_live_quote,FBS vs FBS
2026-10-03T20:09:51Z,279230b2d38c4e97187c3f065501a4cf,2026-10-03T23:00:00Z,Rice Owls,UTSA Roadrunners,betonlineag,BetOnline.ag,2026-10-03T20:09:23Z,2026-10-03T20:09:23Z,UTSA Roadrunners,-12.5,-105.0,2026,2026-10-03T20:09:51Z,1353,-2.363250221583307,6.3546927003366465,-6.217942921919953,1feba84fd18f68e7fdf2ba1009ccb233ae813530b58f3490139d39ef07ce2642,timestamped_live_quote,FBS vs FBS
2026-10-03T20:09:51Z,279230b2d38c4e97187c3f065501a4cf,2026-10-03T23:00:00Z,Rice Owls,UTSA Roadrunners,lowvig,LowVig.ag,2026-10-03T20:08:53Z,2026-10-03T20:08:53Z,Rice Owls,12.5,-111.0,2026,2026-10-03T20:09:51Z,1353,-2.363250221583307,6.3546927003366465,-6.217942921919953,1feba84fd18f68e7fdf2ba1009ccb233ae813530b58f3490139d39ef07ce2642,timestamped_live_quote,FBS vs FBS
2026-10-03T20:09:51Z,279230b2d38c4e97187c3f065501a4cf,2026-10-03T23:00:00Z,Rice Owls,UTSA Roadrunners,lowvig,LowVig.ag,2026-10-03T20:08:53Z,2026-10-03T20:08:53Z,UTSA Roadrunners,-12.5,-101.0,2026,2026-10-03T20:09:51Z,1353,-2.363250221583307,6.3546927003366465,-6.217942921919953,1feba84fd18f68e7fdf2ba1009ccb233ae813530b58f3490139d39ef07ce2642,timestamped_live_quote,FBS vs FBS
2026-10-03T20:09:51Z,279230b2d38c4e97187c3f065501a4cf,2026-10-03T23:00:00Z,Rice Owls,UTSA Roadrunners,mybookieag,MyBookie.ag,2026-10-03T20:08:37Z,2026-10-03T20:08:37Z,Rice Owls,12.0,-110.0,2026,2026-10-03T20:09:51Z,1353,-2.363250221583307,6.3546927003366465,-6.217942921919953,1feba84fd18f68e7fdf2ba1009ccb233ae813530b58f3490139d39ef07ce2642,timestamped_live_quote,FBS vs FBS
2026-10-03T20:09:51Z,279230b2d38c4e97187c3f065501a4cf,2026-10-03T23:00:00Z,Rice Owls,UTSA Roadrunners,mybookieag,MyBookie.ag,2026-10-03T20:08:37Z,2026-10-03T20:08:37Z,UTSA Roadrunners,-12.0,-110.0,2026,2026-10-03T20:09:51Z,1353,-2.363250221583307,6.3546927003366465,-6.217942921919953,1feba84fd18f68e7fdf2ba1009ccb233ae813530b58f3490139d39ef07ce2642,timestamped_live_quote,FBS vs FBS
2026-10-03T20:09:51Z,279230b2d38c4e97187c3f065501a4cf,2026-10-03T23:00:00Z,Rice Owls,UTSA Roadrunners,betus,BetUS,2026-10-03T20:09:51Z,2026-10-03T20:09:51Z,Rice Owls,12.0,-110.0,2026,2026-10-03T20:09:51Z,1353,-2.363250221583307,6.3546927003366465,-6.217942921919953,1feba84fd18f68e7fdf2ba1009ccb233ae813530b58f3490139d39ef07ce2642,timestamped_live_quote,FBS vs FBS
2026-10-03T20:09:51Z,279230b2d38c4e97187c3f065501a4cf,2026-10-03T23:00:00Z,Rice Owls,UTSA Roadrunners,betus,BetUS,2026-10-03T20:09:51Z,2026-10-03T20:09:51Z,UTSA Roadrunners,-12.0,-110.0,2026,2026-10-03T20:09:51Z,1353,-2.363250221583307,6.3546927003366465,-6.217942921919953,1feba84fd18f68e7fdf2ba1009ccb233ae813530b58f3490139d39ef07ce2642,timestamped_live_quote,FBS vs FBS
2026-10-03T20:09:51Z,279230b2d38c4e97187c3f065501a4cf,2026-10-03T23:00:00Z,Rice Owls,UTSA Roadrunners,betmgm,BetMGM,2026-10-03T20:09:13Z,2026-10-03T20:09:12Z,Rice Owls,12.0,-110.0,2026,2026-10-03T20:09:51Z,1353,-2.363250221583307,6.3546927003366465,-6.217942921919953,1feba84fd18f68e7fdf2ba1009ccb233ae813530b58f3490139d39ef07ce2642,timestamped_live_quote,FBS vs FBS
2026-10-03T20:09:51Z,279230b2d38c4e97187c3f065501a4cf,2026-10-03T23:00:00Z,Rice Owls,UTSA Roadrunners,betmgm,BetMGM,2026-10-03T20:09:13Z,2026-10-03T20:09:12Z,UTSA Roadrunners,-12.0,-108.0,2026,2026-10-03T20:09:51Z,1353,-2.363250221583307,6.3546927003366465,-6.217942921919953,1feba84fd18f68e7fdf2ba1009ccb233ae813530b58f3490139d39ef07ce2642,timestamped_live_quote,FBS vs FBS
2026-10-03T20:09:51Z,279230b2d38c4e97187c3f065501a4cf,2026-10-03T23:00:00Z,Rice Owls,UTSA Roadrunners,bovada,Bovada,2026-10-03T20:07:53Z,2026-10-03T20:07:53Z,Rice Owls,12.0,-110.0,2026,2026-10-03T20:09:51Z,1353,-2.363250221583307,6.3546927003366465,-6.217942921919953,1feba84fd18f68e7fdf2ba1009ccb233ae813530b58f3490139d39ef07ce2642,timestamped_live_quote,FBS vs FBS
2026-10-03T20:09:51Z,279230b2d38c4e97187c3f065501a4cf,2026-10-03T23:00:00Z,Rice Owls,UTSA Roadrunners,bovada,Bovada,2026-10-03T20:07:53Z,2026-10-03T20:07:53Z,UTSA Roadrunners,-12.0,-110.0,2026,2026-10-03T20:09:51Z,1353,-2.363250221583307,6.3546927003366465,-6.217942921919953,1feba84fd18f68e7fdf2ba1009ccb233ae813530b58f3490139d39ef07ce2642,timestamped_live_quote,FBS vs FBS
2026-10-03T20:09:51Z,4c84a699496b71ee1e626e3c7f5689c9,2026-10-03T23:00:00Z,South Alabama Jaguars,UL Monroe Warhawks,fanduel,FanDuel,2026-10-03T20:09:37Z,2026-10-03T20:09:37Z,South Alabama Jaguars,-13.5,-110.0,2026,2026-10-03T20:09:51Z,1353,1.2957944400677741,-9.449866830877891,13.245661270945664,1feba84fd18f68e7fdf2ba1009ccb233ae813530b58f3490139d39ef07ce2642,timestamped_live_quote,FBS vs FBS
2026-10-03T20:09:51Z,4c84a699496b71ee1e626e3c7f5689c9,2026-10-03T23:00:00Z,South Alabama Jaguars,UL Monroe Warhawks,fanduel,FanDuel,2026-10-03T20:09:37Z,2026-10-03T20:09:37Z,UL Monroe Warhawks,13.5,-110.0,2026,2026-10-03T20:09:51Z,1353,1.2957944400677741,-9.449866830877891,13.245661270945664,1feba84fd18f68e7fdf2ba1009ccb233ae813530b58f3490139d39ef07ce2642,timestamped_live_quote,FBS vs FBS
2026-10-03T20:09:51Z,4c84a699496b71ee1e626e3c7f5689c9,2026-10-03T23:00:00Z,South Alabama Jaguars,UL Monroe Warhawks,betrivers,BetRivers,2026-10-03T20:09:08Z,2026-10-03T20:09:08Z,South Alabama Jaguars,-14.0,-107.0,2026,2026-10-03T20:09:51Z,1353,1.2957944400677741,-9.449866830877891,13.245661270945664,1feba84fd18f68e7fdf2ba1009ccb233ae813530b58f3490139d39ef07ce2642,timestamped_live_quote,FBS vs FBS
2026-10-03T20:09:51Z,4c84a699496b71ee1e626e3c7f5689c9,2026-10-03T23:00:00Z,South Alabama Jaguars,UL Monroe Warhawks,betrivers,BetRivers,2026-10-03T20:09:08Z,2026-10-03T20:09:08Z,UL Monroe Warhawks,14.0,-115.0,2026,2026-10-03T20:09:51Z,1353,1.2957944400677741,-9.449866830877891,13.245661270945664,1feba84fd18f68e7fdf2ba1009ccb233ae813530b58f3490139d39ef07ce2642,timestamped_live_quote,FBS vs FBS
2026-10-03T20:09:51Z,4c84a699496b71ee1e626e3c7f5689c9,2026-10-03T23:00:00Z,South Alabama Jaguars,UL Monroe Warhawks,draftkings,DraftKings,2026-10-03T20:08:52Z,2026-10-03T20:08:52Z,South Alabama Jaguars,-13.5,-110.0,2026,2026-10-03T20:09:51Z,1353,1.2957944400677741,-9.449866830877891,13.245661270945664,1feba84fd18f68e7fdf2ba1009ccb233ae813530b58f3490139d39ef07ce2642,timestamped_live_quote,FBS vs FBS
2026-10-03T20:09:51Z,4c84a699496b71ee1e626e3c7f5689c9,2026-10-03T23:00:00Z,South Alabama Jaguars,UL Monroe Warhawks,draftkings,DraftKings,2026-10-03T20:08:52Z,2026-10-03T20:08:52Z,UL Monroe Warhawks,13.5,-110.0,2026,2026-10-03T20:09:51Z,1353,1.2957944400677741,-9.449866830877891,13.245661270945664,1feba84fd18f68e7fdf2ba1009ccb233ae813530b58f3490139d39ef07ce2642,timestamped_live_quote,FBS vs FBS
2026-10-03T20:09:51Z,4c84a699496b71ee1e626e3c7f5689c9,2026-10-03T23:00:00Z,South Alabama Jaguars,UL Monroe Warhawks,lowvig,LowVig.ag,2026-10-03T20:08:53Z,2026-10-03T20:08:53Z,South Alabama Jaguars,-13.0,-110.0,2026,2026-10-03T20:09:51Z,1353,1.2957944400677741,-9.449866830877891,13.245661270945664,1feba84fd18f68e7fdf2ba1009ccb233ae813530b58f3490139d39ef07ce2642,timestamped_live_quote,FBS vs FBS
2026-10-03T20:09:51Z,4c84a699496b71ee1e626e3c7f5689c9,2026-10-03T23:00:00Z,South Alabama Jaguars,UL Monroe Warhawks,lowvig,LowVig.ag,2026-10-03T20:08:53Z,2026-10-03T20:08:53Z,UL Monroe Warhawks,13.0,-102.0,2026,2026-10-03T20:09:51Z,1353,1.2957944400677741,-9.449866830877891,13.245661270945664,1feba84fd18f68e7fdf2ba1009ccb233ae813530b58f3490139d39ef07ce2642,timestamped_live_quote,FBS vs FBS
2026-10-03T20:09:51Z,4c84a699496b71ee1e626e3c7f5689c9,2026-10-03T23:00:00Z,South Alabama Jaguars,UL Monroe Warhawks,betonlineag,BetOnline.ag,2026-10-03T20:09:23Z,2026-10-03T20:09:23Z,South Alabama Jaguars,-13.0,-112.0,2026,2026-10-03T20:09:51Z,1353,1.2957944400677741,-9.449866830877891,13.245661270945664,1feba84fd18f68e7fdf2ba1009ccb233ae813530b58f3490139d39ef07ce2642,timestamped_live_quote,FBS vs FBS
2026-10-03T20:09:51Z,4c84a699496b71ee1e626e3c7f5689c9,2026-10-03T23:00:00Z,South Alabama Jaguars,UL Monroe Warhawks,betonlineag,BetOnline.ag,2026-10-03T20:09:23Z,2026-10-03T20:09:23Z,UL Monroe Warhawks,13.0,-108.0,2026,2026-10-03T20:09:51Z,1353,1.2957944400677741,-9.449866830877891,13.245661270945664,1feba84fd18f68e7fdf2ba1009ccb233ae813530b58f3490139d39ef07ce2642,timestamped_live_quote,FBS vs FBS
2026-10-03T20:09:51Z,4c84a699496b71ee1e626e3c7f5689c9,2026-10-03T23:00:00Z,South Alabama Jaguars,UL Monroe Warhawks,mybookieag,MyBookie.ag,2026-10-03T20:08:37Z,2026-10-03T20:08:37Z,South Alabama Jaguars,-13.5,-110.0,2026,2026-10-03T20:09:51Z,1353,1.2957944400677741,-9.449866830877891,13.245661270945664,1feba84fd18f68e7fdf2ba1009ccb233ae813530b58f3490139d39ef07ce2642,timestamped_live_quote,FBS vs FBS
2026-10-03T20:09:51Z,4c84a699496b71ee1e626e3c7f5689c9,2026-10-03T23:00:00Z,South Alabama Jaguars,UL Monroe Warhawks,mybookieag,MyBookie.ag,2026-10-03T20:08:37Z,2026-10-03T20:08:37Z,UL Monroe Warhawks,13.5,-110.0,2026,2026-10-03T20:09:51Z,1353,1.2957944400677741,-9.449866830877891,13.245661270945664,1feba84fd18f68e7fdf2ba1009ccb233ae813530b58f3490139d39ef07ce2642,timestamped_live_quote,FBS vs FBS
2026-10-03T20:09:51Z,4c84a699496b71ee1e626e3c7f5689c9,2026-10-03T23:00:00Z,South Alabama Jaguars,UL Monroe Warhawks,betus,BetUS,2026-10-03T20:09:51Z,2026-10-03T20:09:51Z,South Alabama Jaguars,-13.0,-110.0,2026,2026-10-03T20:09:51Z,1353,1.2957944400677741,-9.449866830877891,13.245661270945664,1feba84fd18f68e7fdf2ba1009ccb233ae813530b58f3490139d39ef07ce2642,timestamped_live_quote,FBS vs FBS
2026-10-03T20:09:51Z,4c84a699496b71ee1e626e3c7f5689c9,2026-10-03T23:00:00Z,South Alabama Jaguars,UL Monroe Warhawks,betus,BetUS,2026-10-03T20:09:51Z,2026-10-03T20:09:51Z,UL Monroe Warhawks,13.0,-110.0,2026,2026-10-03T20:09:51Z,1353,1.2957944400677741,-9.449866830877891,13.245661270945664,1feba84fd18f68e7fdf2ba1009ccb233ae813530b58f3490139d39ef07ce2642,timestamped_live_quote,FBS vs FBS
2026-10-03T20:09:51Z,4c84a699496b71ee1e626e3c7f5689c9,2026-10-03T23:00:00Z,South Alabama Jaguars,UL Monroe Warhawks,betmgm,BetMGM,2026-10-03T20:09:13Z,2026-10-03T20:09:12Z,South Alabama Jaguars,-13.0,-110.0,2026,2026-10-03T20:09:51Z,1353,1.2957944400677741,-9.449866830877891,13.245661270945664,1feba84fd18f68e7fdf2ba1009ccb233ae813530b58f3490139d39ef07ce2642,timestamped_live_quote,FBS vs FBS
2026-10-03T20:09:51Z,4c84a699496b71ee1e626e3c7f5689c9,2026-10-03T23:00:00Z,South Alabama Jaguars,UL Monroe Warhawks,betmgm,BetMGM,2026-10-03T20:09:13Z,2026-10-03T20:09:12Z,UL Monroe Warhawks,13.0,-108.0,2026,2026-10-03T20:09:51Z,1353,1.2957944400677741,-9.449866830877891,13.245661270945664,1feba84fd18f68e7fdf2ba1009ccb233ae813530b58f3490139d39ef07ce2642,timestamped_live_quote,FBS vs FBS
2026-10-03T20:09:51Z,4c84a699496b71ee1e626e3c7f5689c9,2026-10-03T23:00:00Z,South Alabama Jaguars,UL Monroe Warhawks,bovada,Bovada,2026-10-03T20:07:53Z,2026-10-03T20:07:53Z,South Alabama Jaguars,-13.5,-115.0,2026,2026-10-03T20:09:51Z,1353,1.2957944400677741,-9.449866830877891,13.245661270945664,1feba84fd18f68e7fdf2ba1009ccb233ae813530b58f3490139d39ef07ce2642,timestamped_live_quote,FBS vs FBS
2026-10-03T20:09:51Z,4c84a699496b71ee1e626e3c7f5689c9,2026-10-03T23:00:00Z,South Alabama Jaguars,UL Monroe Warhawks,bovada,Bovada,2026-10-03T20:07:53Z,2026-10-03T20:07:53Z,UL Monroe Warhawks,13.5,-105.0,2026,2026-10-03T20:09:51Z,1353,1.2957944400677741,-9.449866830877891,13.245661270945664,1feba84fd18f68e7fdf2ba1009ccb233ae813530b58f3490139d39ef07ce2642,timestamped_live_quote,FBS vs FBS
2026-10-03T20:09:51Z,6246661a676eeaa850a3e36e311fce63,2026-10-03T23:30:00Z,Louisiana Tech Bulldogs,Army Black Knights,draftkings,DraftKings,2026-10-03T20:08:52Z,2026-10-03T20:08:52Z,Army Black Knights,1.5,-112.0,2026,2026-10-03T20:09:51Z,1353,4.547795075635519,8.964831926418087,-1.9170368507825684,1feba84fd18f68e7fdf2ba1009ccb233ae813530b58f3490139d39ef07ce2642,timestamped_live_quote,FBS vs FBS
2026-10-03T20:09:51Z,6246661a676eeaa850a3e36e311fce63,2026-10-03T23:30:00Z,Louisiana Tech Bulldogs,Army Black Knights,draftkings,DraftKings,2026-10-03T20:08:52Z,2026-10-03T20:08:52Z,Louisiana Tech Bulldogs,-1.5,-108.0,2026,2026-10-03T20:09:51Z,1353,4.547795075635519,8.964831926418087,-1.9170368507825684,1feba84fd18f68e7fdf2ba1009ccb233ae813530b58f3490139d39ef07ce2642,timestamped_live_quote,FBS vs FBS
2026-10-03T20:09:51Z,6246661a676eeaa850a3e36e311fce63,2026-10-03T23:30:00Z,Louisiana Tech Bulldogs,Army Black Knights,betonlineag,BetOnline.ag,2026-10-03T20:09:23Z,2026-10-03T20:09:23Z,Army Black Knights,1.0,-109.0,2026,2026-10-03T20:09:51Z,1353,4.547795075635519,8.964831926418087,-1.9170368507825684,1feba84fd18f68e7fdf2ba1009ccb233ae813530b58f3490139d39ef07ce2642,timestamped_live_quote,FBS vs FBS
2026-10-03T20:09:51Z,6246661a676eeaa850a3e36e311fce63,2026-10-03T23:30:00Z,Louisiana Tech Bulldogs,Army Black Knights,betonlineag,BetOnline.ag,2026-10-03T20:09:23Z,2026-10-03T20:09:23Z,Louisiana Tech Bulldogs,-1.0,-111.0,2026,2026-10-03T20:09:51Z,1353,4.547795075635519,8.964831926418087,-1.9170368507825684,1feba84fd18f68e7fdf2ba1009ccb233ae813530b58f3490139d39ef07ce2642,timestamped_live_quote,FBS vs FBS
2026-10-03T20:09:51Z,6246661a676eeaa850a3e36e311fce63,2026-10-03T23:30:00Z,Louisiana Tech Bulldogs,Army Black Knights,lowvig,LowVig.ag,2026-10-03T20:08:53Z,2026-10-03T20:08:53Z,Army Black Knights,1.0,-105.0,2026,2026-10-03T20:09:51Z,1353,4.547795075635519,8.964831926418087,-1.9170368507825684,1feba84fd18f68e7fdf2ba1009ccb233ae813530b58f3490139d39ef07ce2642,timestamped_live_quote,FBS vs FBS
2026-10-03T20:09:51Z,6246661a676eeaa850a3e36e311fce63,2026-10-03T23:30:00Z,Louisiana Tech Bulldogs,Army Black Knights,lowvig,LowVig.ag,2026-10-03T20:08:53Z,2026-10-03T20:08:53Z,Louisiana Tech Bulldogs,-1.0,-107.0,2026,2026-10-03T20:09:51Z,1353,4.547795075635519,8.964831926418087,-1.9170368507825684,1feba84fd18f68e7fdf2ba1009ccb233ae813530b58f3490139d39ef07ce2642,timestamped_live_quote,FBS vs FBS
2026-10-03T20:09:51Z,6246661a676eeaa850a3e36e311fce63,2026-10-03T23:30:00Z,Louisiana Tech Bulldogs,Army Black Knights,fanduel,FanDuel,2026-10-03T20:09:37Z,2026-10-03T20:09:37Z,Army Black Knights,-1.5,-102.0,2026,2026-10-03T20:09:51Z,1353,4.547795075635519,8.964831926418087,-1.9170368507825684,1feba84fd18f68e7fdf2ba1009ccb233ae813530b58f3490139d39ef07ce2642,timestamped_live_quote,FBS vs FBS
2026-10-03T20:09:51Z,6246661a676eeaa850a3e36e311fce63,2026-10-03T23:30:00Z,Louisiana Tech Bulldogs,Army Black Knights,fanduel,FanDuel,2026-10-03T20:09:37Z,2026-10-03T20:09:37Z,Louisiana Tech Bulldogs,1.5,-120.0,2026,2026-10-03T20:09:51Z,1353,4.547795075635519,8.964831926418087,-1.9170368507825684,1feba84fd18f68e7fdf2ba1009ccb233ae813530b58f3490139d39ef07ce2642,timestamped_live_quote,FBS vs FBS
2026-10-03T20:09:51Z,6246661a676eeaa850a3e36e311fce63,2026-10-03T23:30:00Z,Louisiana Tech Bulldogs,Army Black Knights,mybookieag,MyBookie.ag,2026-10-03T20:08:37Z,2026-10-03T20:08:37Z,Army Black Knights,-1.0,-110.0,2026,2026-10-03T20:09:51Z,1353,4.547795075635519,8.964831926418087,-1.9170368507825684,1feba84fd18f68e7fdf2ba1009ccb233ae813530b58f3490139d39ef07ce2642,timestamped_live_quote,FBS vs FBS
2026-10-03T20:09:51Z,6246661a676eeaa850a3e36e311fce63,2026-10-03T23:30:00Z,Louisiana Tech Bulldogs,Army Black Knights,mybookieag,MyBookie.ag,2026-10-03T20:08:37Z,2026-10-03T20:08:37Z,Louisiana Tech Bulldogs,1.0,-110.0,2026,2026-10-03T20:09:51Z,1353,4.547795075635519,8.964831926418087,-1.9170368507825684,1feba84fd18f68e7fdf2ba1009ccb233ae813530b58f3490139d39ef07ce2642,timestamped_live_quote,FBS vs FBS
2026-10-03T20:09:51Z,6246661a676eeaa850a3e36e311fce63,2026-10-03T23:30:00Z,Louisiana Tech Bulldogs,Army Black Knights,betus,BetUS,2026-10-03T20:09:51Z,2026-10-03T20:09:51Z,Army Black Knights,0.0,-110.0,2026,2026-10-03T20:09:51Z,1353,4.547795075635519,8.964831926418087,-1.9170368507825684,1feba84fd18f68e7fdf2ba1009ccb233ae813530b58f3490139d39ef07ce2642,timestamped_live_quote,FBS vs FBS
2026-10-03T20:09:51Z,6246661a676eeaa850a3e36e311fce63,2026-10-03T23:30:00Z,Louisiana Tech Bulldogs,Army Black Knights,betus,BetUS,2026-10-03T20:09:51Z,2026-10-03T20:09:51Z,Louisiana Tech Bulldogs,0.0,-110.0,2026,2026-10-03T20:09:51Z,1353,4.547795075635519,8.964831926418087,-1.9170368507825684,1feba84fd18f68e7fdf2ba1009ccb233ae813530b58f3490139d39ef07ce2642,timestamped_live_quote,FBS vs FBS
2026-10-03T20:09:51Z,6246661a676eeaa850a3e36e311fce63,2026-10-03T23:30:00Z,Louisiana Tech Bulldogs,Army Black Knights,betmgm,BetMGM,2026-10-03T20:09:13Z,2026-10-03T20:09:12Z,Army Black Knights,1.0,-110.0,2026,2026-10-03T20:09:51Z,1353,4.547795075635519,8.964831926418087,-1.9170368507825684,1feba84fd18f68e7fdf2ba1009ccb233ae813530b58f3490139d39ef07ce2642,timestamped_live_quote,FBS vs FBS
2026-10-03T20:09:51Z,6246661a676eeaa850a3e36e311fce63,2026-10-03T23:30:00Z,Louisiana Tech Bulldogs,Army Black Knights,betmgm,BetMGM,2026-10-03T20:09:13Z,2026-10-03T20:09:12Z,Louisiana Tech Bulldogs,-1.0,-108.0,2026,2026-10-03T20:09:51Z,1353,4.547795075635519,8.964831926418087,-1.9170368507825684,1feba84fd18f68e7fdf2ba1009ccb233ae813530b58f3490139d39ef07ce2642,timestamped_live_quote,FBS vs FBS
2026-10-03T20:09:51Z,6246661a676eeaa850a3e36e311fce63,2026-10-03T23:30:00Z,Louisiana Tech Bulldogs,Army Black Knights,bovada,Bovada,2026-10-03T20:07:53Z,2026-10-03T20:07:53Z,Army Black Knights,1.0,-115.0,2026,2026-10-03T20:09:51Z,1353,4.547795075635519,8.964831926418087,-1.9170368507825684,1feba84fd18f68e7fdf2ba1009ccb233ae813530b58f3490139d39ef07ce2642,timestamped_live_quote,FBS vs FBS
2026-10-03T20:09:51Z,6246661a676eeaa850a3e36e311fce63,2026-10-03T23:30:00Z,Louisiana Tech Bulldogs,Army Black Knights,bovada,Bovada,2026-10-03T20:07:53Z,2026-10-03T20:07:53Z,Louisiana Tech Bulldogs,-1.0,-105.0,2026,2026-10-03T20:09:51Z,1353,4.547795075635519,8.964831926418087,-1.9170368507825684,1feba84fd18f68e7fdf2ba1009ccb233ae813530b58f3490139d39ef07ce2642,timestamped_live_quote,FBS vs FBS
2026-10-03T20:09:51Z,6246661a676eeaa850a3e36e311fce63,2026-10-03T23:30:00Z,Louisiana Tech Bulldogs,Army Black Knights,betrivers,BetRivers,2026-10-03T20:09:08Z,2026-10-03T20:09:08Z,Army Black Knights,-1.5,-109.0,2026,2026-10-03T20:09:51Z,1353,4.547795075635519,8.964831926418087,-1.9170368507825684,1feba84fd18f68e7fdf2ba1009ccb233ae813530b58f3490139d39ef07ce2642,timestamped_live_quote,FBS vs FBS
2026-10-03T20:09:51Z,6246661a676eeaa850a3e36e311fce63,2026-10-03T23:30:00Z,Louisiana Tech Bulldogs,Army Black Knights,betrivers,BetRivers,2026-10-03T20:09:08Z,2026-10-03T20:09:08Z,Louisiana Tech Bulldogs,1.5,-114.0,2026,2026-10-03T20:09:51Z,1353,4.547795075635519,8.964831926418087,-1.9170368507825684,1feba84fd18f68e7fdf2ba1009ccb233ae813530b58f3490139d39ef07ce2642,timestamped_live_quote,FBS vs FBS
2026-10-03T20:09:51Z,a2f7df0b000c054abd3cbc6f4a4b2432,2026-10-03T23:30:00Z,Boise State Broncos,Utah State Aggies,fanduel,FanDuel,2026-10-03T20:09:37Z,2026-10-03T20:09:37Z,Boise State Broncos,-19.5,-110.0,2026,2026-10-03T20:09:51Z,1353,9.560436411322264,-0.8114397528371268,12.87187616415939,1feba84fd18f68e7fdf2ba1009ccb233ae813530b58f3490139d39ef07ce2642,timestamped_live_quote,FBS vs FBS
2026-10-03T20:09:51Z,a2f7df0b000c054abd3cbc6f4a4b2432,2026-10-03T23:30:00Z,Boise State Broncos,Utah State Aggies,fanduel,FanDuel,2026-10-03T20:09:37Z,2026-10-03T20:09:37Z,Utah State Aggies,19.5,-110.0,2026,2026-10-03T20:09:51Z,1353,9.560436411322264,-0.8114397528371268,12.87187616415939,1feba84fd18f68e7fdf2ba1009ccb233ae813530b58f3490139d39ef07ce2642,timestamped_live_quote,FBS vs FBS
2026-10-03T20:09:51Z,a2f7df0b000c054abd3cbc6f4a4b2432,2026-10-03T23:30:00Z,Boise State Broncos,Utah State Aggies,betrivers,BetRivers,2026-10-03T20:09:08Z,2026-10-03T20:09:08Z,Boise State Broncos,-19.5,-110.0,2026,2026-10-03T20:09:51Z,1353,9.560436411322264,-0.8114397528371268,12.87187616415939,1feba84fd18f68e7fdf2ba1009ccb233ae813530b58f3490139d39ef07ce2642,timestamped_live_quote,FBS vs FBS
2026-10-03T20:09:51Z,a2f7df0b000c054abd3cbc6f4a4b2432,2026-10-03T23:30:00Z,Boise State Broncos,Utah State Aggies,betrivers,BetRivers,2026-10-03T20:09:08Z,2026-10-03T20:09:08Z,Utah State Aggies,19.5,-112.0,2026,2026-10-03T20:09:51Z,1353,9.560436411322264,-0.8114397528371268,12.87187616415939,1feba84fd18f68e7fdf2ba1009ccb233ae813530b58f3490139d39ef07ce2642,timestamped_live_quote,FBS vs FBS
2026-10-03T20:09:51Z,a2f7df0b000c054abd3cbc6f4a4b2432,2026-10-03T23:30:00Z,Boise State Broncos,Utah State Aggies,betonlineag,BetOnline.ag,2026-10-03T20:09:23Z,2026-10-03T20:09:23Z,Boise State Broncos,-19.0,-116.0,2026,2026-10-03T20:09:51Z,1353,9.560436411322264,-0.8114397528371268,12.87187616415939,1feba84fd18f68e7fdf2ba1009ccb233ae813530b58f3490139d39ef07ce2642,timestamped_live_quote,FBS vs FBS
2026-10-03T20:09:51Z,a2f7df0b000c054abd3cbc6f4a4b2432,2026-10-03T23:30:00Z,Boise State Broncos,Utah State Aggies,betonlineag,BetOnline.ag,2026-10-03T20:09:23Z,2026-10-03T20:09:23Z,Utah State Aggies,19.0,-104.0,2026,2026-10-03T20:09:51Z,1353,9.560436411322264,-0.8114397528371268,12.87187616415939,1feba84fd18f68e7fdf2ba1009ccb233ae813530b58f3490139d39ef07ce2642,timestamped_live_quote,FBS vs FBS
2026-10-03T20:09:51Z,a2f7df0b000c054abd3cbc6f4a4b2432,2026-10-03T23:30:00Z,Boise State Broncos,Utah State Aggies,lowvig,LowVig.ag,2026-10-03T20:08:53Z,2026-10-03T20:08:53Z,Boise State Broncos,-19.0,-112.0,2026,2026-10-03T20:09:51Z,1353,9.560436411322264,-0.8114397528371268,12.87187616415939,1feba84fd18f68e7fdf2ba1009ccb233ae813530b58f3490139d39ef07ce2642,timestamped_live_quote,FBS vs FBS
2026-10-03T20:09:51Z,a2f7df0b000c054abd3cbc6f4a4b2432,2026-10-03T23:30:00Z,Boise State Broncos,Utah State Aggies,lowvig,LowVig.ag,2026-10-03T20:08:53Z,2026-10-03T20:08:53Z,Utah State Aggies,19.0,100.0,2026,2026-10-03T20:09:51Z,1353,9.560436411322264,-0.8114397528371268,12.87187616415939,1feba84fd18f68e7fdf2ba1009ccb233ae813530b58f3490139d39ef07ce2642,timestamped_live_quote,FBS vs FBS
2026-10-03T20:09:51Z,a2f7df0b000c054abd3cbc6f4a4b2432,2026-10-03T23:30:00Z,Boise State Broncos,Utah State Aggies,draftkings,DraftKings,2026-10-03T20:08:52Z,2026-10-03T20:08:52Z,Boise State Broncos,-19.5,-110.0,2026,2026-10-03T20:09:51Z,1353,9.560436411322264,-0.8114397528371268,12.87187616415939,1feba84fd18f68e7fdf2ba1009ccb233ae813530b58f3490139d39ef07ce2642,timestamped_live_quote,FBS vs FBS
2026-10-03T20:09:51Z,a2f7df0b000c054abd3cbc6f4a4b2432,2026-10-03T23:30:00Z,Boise State Broncos,Utah State Aggies,draftkings,DraftKings,2026-10-03T20:08:52Z,2026-10-03T20:08:52Z,Utah State Aggies,19.5,-110.0,2026,2026-10-03T20:09:51Z,1353,9.560436411322264,-0.8114397528371268,12.87187616415939,1feba84fd18f68e7fdf2ba1009ccb233ae813530b58f3490139d39ef07ce2642,timestamped_live_quote,FBS vs FBS
2026-10-03T20:09:51Z,a2f7df0b000c054abd3cbc6f4a4b2432,2026-10-03T23:30:00Z,Boise State Broncos,Utah State Aggies,mybookieag,MyBookie.ag,2026-10-03T20:08:37Z,2026-10-03T20:08:37Z,Boise State Broncos,-19.5,-110.0,2026,2026-10-03T20:09:51Z,1353,9.560436411322264,-0.8114397528371268,12.87187616415939,1feba84fd18f68e7fdf2ba1009ccb233ae813530b58f3490139d39ef07ce2642,timestamped_live_quote,FBS vs FBS
2026-10-03T20:09:51Z,a2f7df0b000c054abd3cbc6f4a4b2432,2026-10-03T23:30:00Z,Boise State Broncos,Utah State Aggies,mybookieag,MyBookie.ag,2026-10-03T20:08:37Z,2026-10-03T20:08:37Z,Utah State Aggies,19.5,-110.0,2026,2026-10-03T20:09:51Z,1353,9.560436411322264,-0.8114397528371268,12.87187616415939,1feba84fd18f68e7fdf2ba1009ccb233ae813530b58f3490139d39ef07ce2642,timestamped_live_quote,FBS vs FBS
2026-10-03T20:09:51Z,a2f7df0b000c054abd3cbc6f4a4b2432,2026-10-03T23:30:00Z,Boise State Broncos,Utah State Aggies,betus,BetUS,2026-10-03T20:09:51Z,2026-10-03T20:09:51Z,Boise State Broncos,-19.5,-110.0,2026,2026-10-03T20:09:51Z,1353,9.560436411322264,-0.8114397528371268,12.87187616415939,1feba84fd18f68e7fdf2ba1009ccb233ae813530b58f3490139d39ef07ce2642,timestamped_live_quote,FBS vs FBS
2026-10-03T20:09:51Z,a2f7df0b000c054abd3cbc6f4a4b2432,2026-10-03T23:30:00Z,Boise State Broncos,Utah State Aggies,betus,BetUS,2026-10-03T20:09:51Z,2026-10-03T20:09:51Z,Utah State Aggies,19.5,-110.0,2026,2026-10-03T20:09:51Z,1353,9.560436411322264,-0.8114397528371268,12.87187616415939,1feba84fd18f68e7fdf2ba1009ccb233ae813530b58f3490139d39ef07ce2642,timestamped_live_quote,FBS vs FBS
2026-10-03T20:09:51Z,a2f7df0b000c054abd3cbc6f4a4b2432,2026-10-03T23:30:00Z,Boise State Broncos,Utah State Aggies,betmgm,BetMGM,2026-10-03T20:09:13Z,2026-10-03T20:09:12Z,Boise State Broncos,-19.5,-108.0,2026,2026-10-03T20:09:51Z,1353,9.560436411322264,-0.8114397528371268,12.87187616415939,1feba84fd18f68e7fdf2ba1009ccb233ae813530b58f3490139d39ef07ce2642,timestamped_live_quote,FBS vs FBS
2026-10-03T20:09:51Z,a2f7df0b000c054abd3cbc6f4a4b2432,2026-10-03T23:30:00Z,Boise State Broncos,Utah State Aggies,betmgm,BetMGM,2026-10-03T20:09:13Z,2026-10-03T20:09:12Z,Utah State Aggies,19.5,-110.0,2026,2026-10-03T20:09:51Z,1353,9.560436411322264,-0.8114397528371268,12.87187616415939,1feba84fd18f68e7fdf2ba1009ccb233ae813530b58f3490139d39ef07ce2642,timestamped_live_quote,FBS vs FBS
2026-10-03T20:09:51Z,a2f7df0b000c054abd3cbc6f4a4b2432,2026-10-03T23:30:00Z,Boise State Broncos,Utah State Aggies,bovada,Bovada,2026-10-03T20:07:53Z,2026-10-03T20:07:53Z,Boise State Broncos,-19.0,-110.0,2026,2026-10-03T20:09:51Z,1353,9.560436411322264,-0.8114397528371268,12.87187616415939,1feba84fd18f68e7fdf2ba1009ccb233ae813530b58f3490139d39ef07ce2642,timestamped_live_quote,FBS vs FBS
2026-10-03T20:09:51Z,a2f7df0b000c054abd3cbc6f4a4b2432,2026-10-03T23:30:00Z,Boise State Broncos,Utah State Aggies,bovada,Bovada,2026-10-03T20:07:53Z,2026-10-03T20:07:53Z,Utah State Aggies,19.0,-110.0,2026,2026-10-03T20:09:51Z,1353,9.560436411322264,-0.8114397528371268,12.87187616415939,1feba84fd18f68e7fdf2ba1009ccb233ae813530b58f3490139d39ef07ce2642,timestamped_live_quote,FBS vs FBS
2026-10-03T20:09:51Z,932c7f6dfe06be77192fe000e9f3ac9d,2026-10-03T23:30:00Z,Clemson Tigers,Miami Hurricanes,draftkings,DraftKings,2026-10-03T20:08:52Z,2026-10-03T20:08:52Z,Clemson Tigers,15.5,-110.0,2026,2026-10-03T20:09:51Z,1353,2.5676691304561943,20.086426833686566,-15.01875770323037,1feba84fd18f68e7fdf2ba1009ccb233ae813530b58f3490139d39ef07ce2642,timestamped_live_quote,FBS vs FBS
2026-10-03T20:09:51Z,932c7f6dfe06be77192fe000e9f3ac9d,2026-10-03T23:30:00Z,Clemson Tigers,Miami Hurricanes,draftkings,DraftKings,2026-10-03T20:08:52Z,2026-10-03T20:08:52Z,Miami Hurricanes,-15.5,-110.0,2026,2026-10-03T20:09:51Z,1353,2.5676691304561943,20.086426833686566,-15.01875770323037,1feba84fd18f68e7fdf2ba1009ccb233ae813530b58f3490139d39ef07ce2642,timestamped_live_quote,FBS vs FBS
2026-10-03T20:09:51Z,932c7f6dfe06be77192fe000e9f3ac9d,2026-10-03T23:30:00Z,Clemson Tigers,Miami Hurricanes,betmgm,BetMGM,2026-10-03T20:09:13Z,2026-10-03T20:09:12Z,Clemson Tigers,15.5,-108.0,2026,2026-10-03T20:09:51Z,1353,2.5676691304561943,20.086426833686566,-15.01875770323037,1feba84fd18f68e7fdf2ba1009ccb233ae813530b58f3490139d39ef07ce2642,timestamped_live_quote,FBS vs FBS
2026-10-03T20:09:51Z,932c7f6dfe06be77192fe000e9f3ac9d,2026-10-03T23:30:00Z,Clemson Tigers,Miami Hurricanes,betmgm,BetMGM,2026-10-03T20:09:13Z,2026-10-03T20:09:12Z,Miami Hurricanes,-15.5,-110.0,2026,2026-10-03T20:09:51Z,1353,2.5676691304561943,20.086426833686566,-15.01875770323037,1feba84fd18f68e7fdf2ba1009ccb233ae813530b58f3490139d39ef07ce2642,timestamped_live_quote,FBS vs FBS
2026-10-03T20:09:51Z,932c7f6dfe06be77192fe000e9f3ac9d,2026-10-03T23:30:00Z,Clemson Tigers,Miami Hurricanes,mybookieag,MyBookie.ag,2026-10-03T20:08:37Z,2026-10-03T20:08:36Z,Clemson Tigers,15.0,-110.0,2026,2026-10-03T20:09:51Z,1353,2.5676691304561943,20.086426833686566,-15.01875770323037,1feba84fd18f68e7fdf2ba1009ccb233ae813530b58f3490139d39ef07ce2642,timestamped_live_quote,FBS vs FBS
2026-10-03T20:09:51Z,932c7f6dfe06be77192fe000e9f3ac9d,2026-10-03T23:30:00Z,Clemson Tigers,Miami Hurricanes,mybookieag,MyBookie.ag,2026-10-03T20:08:37Z,2026-10-03T20:08:36Z,Miami Hurricanes,-15.0,-110.0,2026,2026-10-03T20:09:51Z,1353,2.5676691304561943,20.086426833686566,-15.01875770323037,1feba84fd18f68e7fdf2ba1009ccb233ae813530b58f3490139d39ef07ce2642,timestamped_live_quote,FBS vs FBS
2026-10-03T20:09:51Z,932c7f6dfe06be77192fe000e9f3ac9d,2026-10-03T23:30:00Z,Clemson Tigers,Miami Hurricanes,fanduel,FanDuel,2026-10-03T20:09:37Z,2026-10-03T20:09:37Z,Clemson Tigers,15.5,-110.0,2026,2026-10-03T20:09:51Z,1353,2.5676691304561943,20.086426833686566,-15.01875770323037,1feba84fd18f68e7fdf2ba1009ccb233ae813530b58f3490139d39ef07ce2642,timestamped_live_quote,FBS vs FBS
2026-10-03T20:09:51Z,932c7f6dfe06be77192fe000e9f3ac9d,2026-10-03T23:30:00Z,Clemson Tigers,Miami Hurricanes,fanduel,FanDuel,2026-10-03T20:09:37Z,2026-10-03T20:09:37Z,Miami Hurricanes,-15.5,-110.0,2026,2026-10-03T20:09:51Z,1353,2.5676691304561943,20.086426833686566,-15.01875770323037,1feba84fd18f68e7fdf2ba1009ccb233ae813530b58f3490139d39ef07ce2642,timestamped_live_quote,FBS vs FBS
2026-10-03T20:09:51Z,932c7f6dfe06be77192fe000e9f3ac9d,2026-10-03T23:30:00Z,Clemson Tigers,Miami Hurricanes,betrivers,BetRivers,2026-10-03T20:09:08Z,2026-10-03T20:09:08Z,Clemson Tigers,15.5,-112.0,2026,2026-10-03T20:09:51Z,1353,2.5676691304561943,20.086426833686566,-15.01875770323037,1feba84fd18f68e7fdf2ba1009ccb233ae813530b58f3490139d39ef07ce2642,timestamped_live_quote,FBS vs FBS
2026-10-03T20:09:51Z,932c7f6dfe06be77192fe000e9f3ac9d,2026-10-03T23:30:00Z,Clemson Tigers,Miami Hurricanes,betrivers,BetRivers,2026-10-03T20:09:08Z,2026-10-03T20:09:08Z,Miami Hurricanes,-15.5,-112.0,2026,2026-10-03T20:09:51Z,1353,2.5676691304561943,20.086426833686566,-15.01875770323037,1feba84fd18f68e7fdf2ba1009ccb233ae813530b58f3490139d39ef07ce2642,timestamped_live_quote,FBS vs FBS
2026-10-03T20:09:51Z,932c7f6dfe06be77192fe000e9f3ac9d,2026-10-03T23:30:00Z,Clemson Tigers,Miami Hurricanes,lowvig,LowVig.ag,2026-10-03T20:08:53Z,2026-10-03T20:08:53Z,Clemson Tigers,15.0,100.0,2026,2026-10-03T20:09:51Z,1353,2.5676691304561943,20.086426833686566,-15.01875770323037,1feba84fd18f68e7fdf2ba1009ccb233ae813530b58f3490139d39ef07ce2642,timestamped_live_quote,FBS vs FBS
2026-10-03T20:09:51Z,932c7f6dfe06be77192fe000e9f3ac9d,2026-10-03T23:30:00Z,Clemson Tigers,Miami Hurricanes,lowvig,LowVig.ag,2026-10-03T20:08:53Z,2026-10-03T20:08:53Z,Miami Hurricanes,-15.0,-112.0,2026,2026-10-03T20:09:51Z,1353,2.5676691304561943,20.086426833686566,-15.01875770323037,1feba84fd18f68e7fdf2ba1009ccb233ae813530b58f3490139d39ef07ce2642,timestamped_live_quote,FBS vs FBS
2026-10-03T20:09:51Z,932c7f6dfe06be77192fe000e9f3ac9d,2026-10-03T23:30:00Z,Clemson Tigers,Miami Hurricanes,betonlineag,BetOnline.ag,2026-10-03T20:09:23Z,2026-10-03T20:09:23Z,Clemson Tigers,15.0,-104.0,2026,2026-10-03T20:09:51Z,1353,2.5676691304561943,20.086426833686566,-15.01875770323037,1feba84fd18f68e7fdf2ba1009ccb233ae813530b58f3490139d39ef07ce2642,timestamped_live_quote,FBS vs FBS
2026-10-03T20:09:51Z,932c7f6dfe06be77192fe000e9f3ac9d,2026-10-03T23:30:00Z,Clemson Tigers,Miami Hurricanes,betonlineag,BetOnline.ag,2026-10-03T20:09:23Z,2026-10-03T20:09:23Z,Miami Hurricanes,-15.0,-116.0,2026,2026-10-03T20:09:51Z,1353,2.5676691304561943,20.086426833686566,-15.01875770323037,1feba84fd18f68e7fdf2ba1009ccb233ae813530b58f3490139d39ef07ce2642,timestamped_live_quote,FBS vs FBS
2026-10-03T20:09:51Z,932c7f6dfe06be77192fe000e9f3ac9d,2026-10-03T23:30:00Z,Clemson Tigers,Miami Hurricanes,betus,BetUS,2026-10-03T20:09:51Z,2026-10-03T20:09:51Z,Clemson Tigers,15.5,-110.0,2026,2026-10-03T20:09:51Z,1353,2.5676691304561943,20.086426833686566,-15.01875770323037,1feba84fd18f68e7fdf2ba1009ccb233ae813530b58f3490139d39ef07ce2642,timestamped_live_quote,FBS vs FBS
2026-10-03T20:09:51Z,932c7f6dfe06be77192fe000e9f3ac9d,2026-10-03T23:30:00Z,Clemson Tigers,Miami Hurricanes,betus,BetUS,2026-10-03T20:09:51Z,2026-10-03T20:09:51Z,Miami Hurricanes,-15.5,-110.0,2026,2026-10-03T20:09:51Z,1353,2.5676691304561943,20.086426833686566,-15.01875770323037,1feba84fd18f68e7fdf2ba1009ccb233ae813530b58f3490139d39ef07ce2642,timestamped_live_quote,FBS vs FBS
2026-10-03T20:09:51Z,932c7f6dfe06be77192fe000e9f3ac9d,2026-10-03T23:30:00Z,Clemson Tigers,Miami Hurricanes,bovada,Bovada,2026-10-03T20:07:53Z,2026-10-03T20:07:53Z,Clemson Tigers,16.0,-110.0,2026,2026-10-03T20:09:51Z,1353,2.5676691304561943,20.086426833686566,-15.01875770323037,1feba84fd18f68e7fdf2ba1009ccb233ae813530b58f3490139d39ef07ce2642,timestamped_live_quote,FBS vs FBS
2026-10-03T20:09:51Z,932c7f6dfe06be77192fe000e9f3ac9d,2026-10-03T23:30:00Z,Clemson Tigers,Miami Hurricanes,bovada,Bovada,2026-10-03T20:07:53Z,2026-10-03T20:07:53Z,Miami Hurricanes,-16.0,-110.0,2026,2026-10-03T20:09:51Z,1353,2.5676691304561943,20.086426833686566,-15.01875770323037,1feba84fd18f68e7fdf2ba1009ccb233ae813530b58f3490139d39ef07ce2642,timestamped_live_quote,FBS vs FBS
2026-10-03T20:09:51Z,6338f8a71aba32414791add2d358472d,2026-10-03T23:30:00Z,South Florida Bulls,Temple Owls,fanduel,FanDuel,2026-10-03T20:09:37Z,2026-10-03T20:09:37Z,South Florida Bulls,-5.5,-110.0,2026,2026-10-03T20:09:51Z,1353,7.337560050845856,2.630349154158019,7.207210896687837,1feba84fd18f68e7fdf2ba1009ccb233ae813530b58f3490139d39ef07ce2642,timestamped_live_quote,FBS vs FBS
2026-10-03T20:09:51Z,6338f8a71aba32414791add2d358472d,2026-10-03T23:30:00Z,South Florida Bulls,Temple Owls,fanduel,FanDuel,2026-10-03T20:09:37Z,2026-10-03T20:09:37Z,Temple Owls,5.5,-110.0,2026,2026-10-03T20:09:51Z,1353,7.337560050845856,2.630349154158019,7.207210896687837,1feba84fd18f68e7fdf2ba1009ccb233ae813530b58f3490139d39ef07ce2642,timestamped_live_quote,FBS vs FBS
2026-10-03T20:09:51Z,6338f8a71aba32414791add2d358472d,2026-10-03T23:30:00Z,South Florida Bulls,Temple Owls,draftkings,DraftKings,2026-10-03T20:08:52Z,2026-10-03T20:08:52Z,South Florida Bulls,-5.5,-112.0,2026,2026-10-03T20:09:51Z,1353,7.337560050845856,2.630349154158019,7.207210896687837,1feba84fd18f68e7fdf2ba1009ccb233ae813530b58f3490139d39ef07ce2642,timestamped_live_quote,FBS vs FBS
2026-10-03T20:09:51Z,6338f8a71aba32414791add2d358472d,2026-10-03T23:30:00Z,South Florida Bulls,Temple Owls,draftkings,DraftKings,2026-10-03T20:08:52Z,2026-10-03T20:08:52Z,Temple Owls,5.5,-108.0,2026,2026-10-03T20:09:51Z,1353,7.337560050845856,2.630349154158019,7.207210896687837,1feba84fd18f68e7fdf2ba1009ccb233ae813530b58f3490139d39ef07ce2642,timestamped_live_quote,FBS vs FBS
2026-10-03T20:09:51Z,6338f8a71aba32414791add2d358472d,2026-10-03T23:30:00Z,South Florida Bulls,Temple Owls,betonlineag,BetOnline.ag,2026-10-03T20:09:23Z,2026-10-03T20:09:23Z,South Florida Bulls,-5.5,-110.0,2026,2026-10-03T20:09:51Z,1353,7.337560050845856,2.630349154158019,7.207210896687837,1feba84fd18f68e7fdf2ba1009ccb233ae813530b58f3490139d39ef07ce2642,timestamped_live_quote,FBS vs FBS
2026-10-03T20:09:51Z,6338f8a71aba32414791add2d358472d,2026-10-03T23:30:00Z,South Florida Bulls,Temple Owls,betonlineag,BetOnline.ag,2026-10-03T20:09:23Z,2026-10-03T20:09:23Z,Temple Owls,5.5,-110.0,2026,2026-10-03T20:09:51Z,1353,7.337560050845856,2.630349154158019,7.207210896687837,1feba84fd18f68e7fdf2ba1009ccb233ae813530b58f3490139d39ef07ce2642,timestamped_live_quote,FBS vs FBS
2026-10-03T20:09:51Z,6338f8a71aba32414791add2d358472d,2026-10-03T23:30:00Z,South Florida Bulls,Temple Owls,lowvig,LowVig.ag,2026-10-03T20:08:53Z,2026-10-03T20:08:53Z,South Florida Bulls,-5.5,-106.0,2026,2026-10-03T20:09:51Z,1353,7.337560050845856,2.630349154158019,7.207210896687837,1feba84fd18f68e7fdf2ba1009ccb233ae813530b58f3490139d39ef07ce2642,timestamped_live_quote,FBS vs FBS
2026-10-03T20:09:51Z,6338f8a71aba32414791add2d358472d,2026-10-03T23:30:00Z,South Florida Bulls,Temple Owls,lowvig,LowVig.ag,2026-10-03T20:08:53Z,2026-10-03T20:08:53Z,Temple Owls,5.5,-106.0,2026,2026-10-03T20:09:51Z,1353,7.337560050845856,2.630349154158019,7.207210896687837,1feba84fd18f68e7fdf2ba1009ccb233ae813530b58f3490139d39ef07ce2642,timestamped_live_quote,FBS vs FBS
2026-10-03T20:09:51Z,6338f8a71aba32414791add2d358472d,2026-10-03T23:30:00Z,South Florida Bulls,Temple Owls,betrivers,BetRivers,2026-10-03T20:09:08Z,2026-10-03T20:09:08Z,South Florida Bulls,-6.0,-108.0,2026,2026-10-03T20:09:51Z,1353,7.337560050845856,2.630349154158019,7.207210896687837,1feba84fd18f68e7fdf2ba1009ccb233ae813530b58f3490139d39ef07ce2642,timestamped_live_quote,FBS vs FBS
2026-10-03T20:09:51Z,6338f8a71aba32414791add2d358472d,2026-10-03T23:30:00Z,South Florida Bulls,Temple Owls,betrivers,BetRivers,2026-10-03T20:09:08Z,2026-10-03T20:09:08Z,Temple Owls,6.0,-115.0,2026,2026-10-03T20:09:51Z,1353,7.337560050845856,2.630349154158019,7.207210896687837,1feba84fd18f68e7fdf2ba1009ccb233ae813530b58f3490139d39ef07ce2642,timestamped_live_quote,FBS vs FBS
2026-10-03T20:09:51Z,6338f8a71aba32414791add2d358472d,2026-10-03T23:30:00Z,South Florida Bulls,Temple Owls,mybookieag,MyBookie.ag,2026-10-03T20:08:37Z,2026-10-03T20:08:37Z,South Florida Bulls,-6.0,-110.0,2026,2026-10-03T20:09:51Z,1353,7.337560050845856,2.630349154158019,7.207210896687837,1feba84fd18f68e7fdf2ba1009ccb233ae813530b58f3490139d39ef07ce2642,timestamped_live_quote,FBS vs FBS
2026-10-03T20:09:51Z,6338f8a71aba32414791add2d358472d,2026-10-03T23:30:00Z,South Florida Bulls,Temple Owls,mybookieag,MyBookie.ag,2026-10-03T20:08:37Z,2026-10-03T20:08:37Z,Temple Owls,6.0,-110.0,2026,2026-10-03T20:09:51Z,1353,7.337560050845856,2.630349154158019,7.207210896687837,1feba84fd18f68e7fdf2ba1009ccb233ae813530b58f3490139d39ef07ce2642,timestamped_live_quote,FBS vs FBS
2026-10-03T20:09:51Z,6338f8a71aba32414791add2d358472d,2026-10-03T23:30:00Z,South Florida Bulls,Temple Owls,betus,BetUS,2026-10-03T20:09:51Z,2026-10-03T20:09:51Z,South Florida Bulls,-5.5,-110.0,2026,2026-10-03T20:09:51Z,1353,7.337560050845856,2.630349154158019,7.207210896687837,1feba84fd18f68e7fdf2ba1009ccb233ae813530b58f3490139d39ef07ce2642,timestamped_live_quote,FBS vs FBS
2026-10-03T20:09:51Z,6338f8a71aba32414791add2d358472d,2026-10-03T23:30:00Z,South Florida Bulls,Temple Owls,betus,BetUS,2026-10-03T20:09:51Z,2026-10-03T20:09:51Z,Temple Owls,5.5,-110.0,2026,2026-10-03T20:09:51Z,1353,7.337560050845856,2.630349154158019,7.207210896687837,1feba84fd18f68e7fdf2ba1009ccb233ae813530b58f3490139d39ef07ce2642,timestamped_live_quote,FBS vs FBS
2026-10-03T20:09:51Z,6338f8a71aba32414791add2d358472d,2026-10-03T23:30:00Z,South Florida Bulls,Temple Owls,betmgm,BetMGM,2026-10-03T20:09:13Z,2026-10-03T20:09:12Z,South Florida Bulls,-6.0,-108.0,2026,2026-10-03T20:09:51Z,1353,7.337560050845856,2.630349154158019,7.207210896687837,1feba84fd18f68e7fdf2ba1009ccb233ae813530b58f3490139d39ef07ce2642,timestamped_live_quote,FBS vs FBS
2026-10-03T20:09:51Z,6338f8a71aba32414791add2d358472d,2026-10-03T23:30:00Z,South Florida Bulls,Temple Owls,betmgm,BetMGM,2026-10-03T20:09:13Z,2026-10-03T20:09:12Z,Temple Owls,6.0,-110.0,2026,2026-10-03T20:09:51Z,1353,7.337560050845856,2.630349154158019,7.207210896687837,1feba84fd18f68e7fdf2ba1009ccb233ae813530b58f3490139d39ef07ce2642,timestamped_live_quote,FBS vs FBS
2026-10-03T20:09:51Z,6338f8a71aba32414791add2d358472d,2026-10-03T23:30:00Z,South Florida Bulls,Temple Owls,bovada,Bovada,2026-10-03T20:07:53Z,2026-10-03T20:07:53Z,South Florida Bulls,-5.5,-110.0,2026,2026-10-03T20:09:51Z,1353,7.337560050845856,2.630349154158019,7.207210896687837,1feba84fd18f68e7fdf2ba1009ccb233ae813530b58f3490139d39ef07ce2642,timestamped_live_quote,FBS vs FBS
2026-10-03T20:09:51Z,6338f8a71aba32414791add2d358472d,2026-10-03T23:30:00Z,South Florida Bulls,Temple Owls,bovada,Bovada,2026-10-03T20:07:53Z,2026-10-03T20:07:53Z,Temple Owls,5.5,-110.0,2026,2026-10-03T20:09:51Z,1353,7.337560050845856,2.630349154158019,7.207210896687837,1feba84fd18f68e7fdf2ba1009ccb233ae813530b58f3490139d39ef07ce2642,timestamped_live_quote,FBS vs FBS
2026-10-03T20:09:51Z,f981648dba0e71d8517d47d31aa2633d,2026-10-03T23:30:00Z,USC Trojans,Washington Huskies,draftkings,DraftKings,2026-10-03T20:08:52Z,2026-10-03T20:08:52Z,USC Trojans,-7.5,-115.0,2026,2026-10-03T20:09:51Z,1353,9.545390468991922,4.704668967232482,7.34072150175944,1feba84fd18f68e7fdf2ba1009ccb233ae813530b58f3490139d39ef07ce2642,timestamped_live_quote,FBS vs FBS
2026-10-03T20:09:51Z,f981648dba0e71d8517d47d31aa2633d,2026-10-03T23:30:00Z,USC Trojans,Washington Huskies,draftkings,DraftKings,2026-10-03T20:08:52Z,2026-10-03T20:08:52Z,Washington Huskies,7.5,-105.0,2026,2026-10-03T20:09:51Z,1353,9.545390468991922,4.704668967232482,7.34072150175944,1feba84fd18f68e7fdf2ba1009ccb233ae813530b58f3490139d39ef07ce2642,timestamped_live_quote,FBS vs FBS
2026-10-03T20:09:51Z,f981648dba0e71d8517d47d31aa2633d,2026-10-03T23:30:00Z,USC Trojans,Washington Huskies,fanduel,FanDuel,2026-10-03T20:09:37Z,2026-10-03T20:09:37Z,USC Trojans,-7.5,-110.0,2026,2026-10-03T20:09:51Z,1353,9.545390468991922,4.704668967232482,7.34072150175944,1feba84fd18f68e7fdf2ba1009ccb233ae813530b58f3490139d39ef07ce2642,timestamped_live_quote,FBS vs FBS
2026-10-03T20:09:51Z,f981648dba0e71d8517d47d31aa2633d,2026-10-03T23:30:00Z,USC Trojans,Washington Huskies,fanduel,FanDuel,2026-10-03T20:09:37Z,2026-10-03T20:09:37Z,Washington Huskies,7.5,-110.0,2026,2026-10-03T20:09:51Z,1353,9.545390468991922,4.704668967232482,7.34072150175944,1feba84fd18f68e7fdf2ba1009ccb233ae813530b58f3490139d39ef07ce2642,timestamped_live_quote,FBS vs FBS
2026-10-03T20:09:51Z,f981648dba0e71d8517d47d31aa2633d,2026-10-03T23:30:00Z,USC Trojans,Washington Huskies,betrivers,BetRivers,2026-10-03T20:09:08Z,2026-10-03T20:09:08Z,USC Trojans,-8.0,-112.0,2026,2026-10-03T20:09:51Z,1353,9.545390468991922,4.704668967232482,7.34072150175944,1feba84fd18f68e7fdf2ba1009ccb233ae813530b58f3490139d39ef07ce2642,timestamped_live_quote,FBS vs FBS
2026-10-03T20:09:51Z,f981648dba0e71d8517d47d31aa2633d,2026-10-03T23:30:00Z,USC Trojans,Washington Huskies,betrivers,BetRivers,2026-10-03T20:09:08Z,2026-10-03T20:09:08Z,Washington Huskies,8.0,-112.0,2026,2026-10-03T20:09:51Z,1353,9.545390468991922,4.704668967232482,7.34072150175944,1feba84fd18f68e7fdf2ba1009ccb233ae813530b58f3490139d39ef07ce2642,timestamped_live_quote,FBS vs FBS
2026-10-03T20:09:51Z,f981648dba0e71d8517d47d31aa2633d,2026-10-03T23:30:00Z,USC Trojans,Washington Huskies,lowvig,LowVig.ag,2026-10-03T20:08:53Z,2026-10-03T20:08:53Z,USC Trojans,-7.5,-101.0,2026,2026-10-03T20:09:51Z,1353,9.545390468991922,4.704668967232482,7.34072150175944,1feba84fd18f68e7fdf2ba1009ccb233ae813530b58f3490139d39ef07ce2642,timestamped_live_quote,FBS vs FBS
2026-10-03T20:09:51Z,f981648dba0e71d8517d47d31aa2633d,2026-10-03T23:30:00Z,USC Trojans,Washington Huskies,lowvig,LowVig.ag,2026-10-03T20:08:53Z,2026-10-03T20:08:53Z,Washington Huskies,7.5,-111.0,2026,2026-10-03T20:09:51Z,1353,9.545390468991922,4.704668967232482,7.34072150175944,1feba84fd18f68e7fdf2ba1009ccb233ae813530b58f3490139d39ef07ce2642,timestamped_live_quote,FBS vs FBS
2026-10-03T20:09:51Z,f981648dba0e71d8517d47d31aa2633d,2026-10-03T23:30:00Z,USC Trojans,Washington Huskies,betonlineag,BetOnline.ag,2026-10-03T20:09:23Z,2026-10-03T20:09:23Z,USC Trojans,-7.5,-105.0,2026,2026-10-03T20:09:51Z,1353,9.545390468991922,4.704668967232482,7.34072150175944,1feba84fd18f68e7fdf2ba1009ccb233ae813530b58f3490139d39ef07ce2642,timestamped_live_quote,FBS vs FBS
2026-10-03T20:09:51Z,f981648dba0e71d8517d47d31aa2633d,2026-10-03T23:30:00Z,USC Trojans,Washington Huskies,betonlineag,BetOnline.ag,2026-10-03T20:09:23Z,2026-10-03T20:09:23Z,Washington Huskies,7.5,-115.0,2026,2026-10-03T20:09:51Z,1353,9.545390468991922,4.704668967232482,7.34072150175944,1feba84fd18f68e7fdf2ba1009ccb233ae813530b58f3490139d39ef07ce2642,timestamped_live_quote,FBS vs FBS
2026-10-03T20:09:51Z,f981648dba0e71d8517d47d31aa2633d,2026-10-03T23:30:00Z,USC Trojans,Washington Huskies,betus,BetUS,2026-10-03T20:09:51Z,2026-10-03T20:09:51Z,USC Trojans,-7.5,-110.0,2026,2026-10-03T20:09:51Z,1353,9.545390468991922,4.704668967232482,7.34072150175944,1feba84fd18f68e7fdf2ba1009ccb233ae813530b58f3490139d39ef07ce2642,timestamped_live_quote,FBS vs FBS
2026-10-03T20:09:51Z,f981648dba0e71d8517d47d31aa2633d,2026-10-03T23:30:00Z,USC Trojans,Washington Huskies,betus,BetUS,2026-10-03T20:09:51Z,2026-10-03T20:09:51Z,Washington Huskies,7.5,-110.0,2026,2026-10-03T20:09:51Z,1353,9.545390468991922,4.704668967232482,7.34072150175944,1feba84fd18f68e7fdf2ba1009ccb233ae813530b58f3490139d39ef07ce2642,timestamped_live_quote,FBS vs FBS
2026-10-03T20:09:51Z,f981648dba0e71d8517d47d31aa2633d,2026-10-03T23:30:00Z,USC Trojans,Washington Huskies,betmgm,BetMGM,2026-10-03T20:09:13Z,2026-10-03T20:09:12Z,USC Trojans,-7.5,-105.0,2026,2026-10-03T20:09:51Z,1353,9.545390468991922,4.704668967232482,7.34072150175944,1feba84fd18f68e7fdf2ba1009ccb233ae813530b58f3490139d39ef07ce2642,timestamped_live_quote,FBS vs FBS
2026-10-03T20:09:51Z,f981648dba0e71d8517d47d31aa2633d,2026-10-03T23:30:00Z,USC Trojans,Washington Huskies,betmgm,BetMGM,2026-10-03T20:09:13Z,2026-10-03T20:09:12Z,Washington Huskies,7.5,-112.0,2026,2026-10-03T20:09:51Z,1353,9.545390468991922,4.704668967232482,7.34072150175944,1feba84fd18f68e7fdf2ba1009ccb233ae813530b58f3490139d39ef07ce2642,timestamped_live_quote,FBS vs FBS
2026-10-03T20:09:51Z,f981648dba0e71d8517d47d31aa2633d,2026-10-03T23:30:00Z,USC Trojans,Washington Huskies,mybookieag,MyBookie.ag,2026-10-03T20:08:37Z,2026-10-03T20:08:37Z,USC Trojans,-7.5,-110.0,2026,2026-10-03T20:09:51Z,1353,9.545390468991922,4.704668967232482,7.34072150175944,1feba84fd18f68e7fdf2ba1009ccb233ae813530b58f3490139d39ef07ce2642,timestamped_live_quote,FBS vs FBS
2026-10-03T20:09:51Z,f981648dba0e71d8517d47d31aa2633d,2026-10-03T23:30:00Z,USC Trojans,Washington Huskies,mybookieag,MyBookie.ag,2026-10-03T20:08:37Z,2026-10-03T20:08:37Z,Washington Huskies,7.5,-110.0,2026,2026-10-03T20:09:51Z,1353,9.545390468991922,4.704668967232482,7.34072150175944,1feba84fd18f68e7fdf2ba1009ccb233ae813530b58f3490139d39ef07ce2642,timestamped_live_quote,FBS vs FBS
2026-10-03T20:09:51Z,f981648dba0e71d8517d47d31aa2633d,2026-10-03T23:30:00Z,USC Trojans,Washington Huskies,bovada,Bovada,2026-10-03T20:07:53Z,2026-10-03T20:07:53Z,USC Trojans,-7.0,-120.0,2026,2026-10-03T20:09:51Z,1353,9.545390468991922,4.704668967232482,7.34072150175944,1feba84fd18f68e7fdf2ba1009ccb233ae813530b58f3490139d39ef07ce2642,timestamped_live_quote,FBS vs FBS
2026-10-03T20:09:51Z,f981648dba0e71d8517d47d31aa2633d,2026-10-03T23:30:00Z,USC Trojans,Washington Huskies,bovada,Bovada,2026-10-03T20:07:53Z,2026-10-03T20:07:53Z,Washington Huskies,7.0,100.0,2026,2026-10-03T20:09:51Z,1353,9.545390468991922,4.704668967232482,7.34072150175944,1feba84fd18f68e7fdf2ba1009ccb233ae813530b58f3490139d39ef07ce2642,timestamped_live_quote,FBS vs FBS
2026-10-03T20:09:51Z,253e389201e449a2984a194e3eebf7f8,2026-10-03T23:31:00Z,Colorado Buffaloes,Texas Tech Red Raiders,fanduel,FanDuel,2026-10-03T20:09:37Z,2026-10-03T20:09:37Z,Colorado Buffaloes,13.5,-102.0,2026,2026-10-03T20:09:51Z,1353,1.428199056216627,10.674200230113946,-6.746001173897319,1feba84fd18f68e7fdf2ba1009ccb233ae813530b58f3490139d39ef07ce2642,timestamped_live_quote,FBS vs FBS
2026-10-03T20:09:51Z,253e389201e449a2984a194e3eebf7f8,2026-10-03T23:31:00Z,Colorado Buffaloes,Texas Tech Red Raiders,fanduel,FanDuel,2026-10-03T20:09:37Z,2026-10-03T20:09:37Z,Texas Tech Red Raiders,-13.5,-120.0,2026,2026-10-03T20:09:51Z,1353,1.428199056216627,10.674200230113946,-6.746001173897319,1feba84fd18f68e7fdf2ba1009ccb233ae813530b58f3490139d39ef07ce2642,timestamped_live_quote,FBS vs FBS
2026-10-03T20:09:51Z,253e389201e449a2984a194e3eebf7f8,2026-10-03T23:31:00Z,Colorado Buffaloes,Texas Tech Red Raiders,betrivers,BetRivers,2026-10-03T20:09:08Z,2026-10-03T20:09:08Z,Colorado Buffaloes,13.5,-112.0,2026,2026-10-03T20:09:51Z,1353,1.428199056216627,10.674200230113946,-6.746001173897319,1feba84fd18f68e7fdf2ba1009ccb233ae813530b58f3490139d39ef07ce2642,timestamped_live_quote,FBS vs FBS
2026-10-03T20:09:51Z,253e389201e449a2984a194e3eebf7f8,2026-10-03T23:31:00Z,Colorado Buffaloes,Texas Tech Red Raiders,betrivers,BetRivers,2026-10-03T20:09:08Z,2026-10-03T20:09:08Z,Texas Tech Red Raiders,-13.5,-112.0,2026,2026-10-03T20:09:51Z,1353,1.428199056216627,10.674200230113946,-6.746001173897319,1feba84fd18f68e7fdf2ba1009ccb233ae813530b58f3490139d39ef07ce2642,timestamped_live_quote,FBS vs FBS
2026-10-03T20:09:51Z,253e389201e449a2984a194e3eebf7f8,2026-10-03T23:31:00Z,Colorado Buffaloes,Texas Tech Red Raiders,draftkings,DraftKings,2026-10-03T20:08:52Z,2026-10-03T20:08:52Z,Colorado Buffaloes,13.5,-105.0,2026,2026-10-03T20:09:51Z,1353,1.428199056216627,10.674200230113946,-6.746001173897319,1feba84fd18f68e7fdf2ba1009ccb233ae813530b58f3490139d39ef07ce2642,timestamped_live_quote,FBS vs FBS
2026-10-03T20:09:51Z,253e389201e449a2984a194e3eebf7f8,2026-10-03T23:31:00Z,Colorado Buffaloes,Texas Tech Red Raiders,draftkings,DraftKings,2026-10-03T20:08:52Z,2026-10-03T20:08:52Z,Texas Tech Red Raiders,-13.5,-115.0,2026,2026-10-03T20:09:51Z,1353,1.428199056216627,10.674200230113946,-6.746001173897319,1feba84fd18f68e7fdf2ba1009ccb233ae813530b58f3490139d39ef07ce2642,timestamped_live_quote,FBS vs FBS
2026-10-03T20:09:51Z,253e389201e449a2984a194e3eebf7f8,2026-10-03T23:31:00Z,Colorado Buffaloes,Texas Tech Red Raiders,lowvig,LowVig.ag,2026-10-03T20:08:53Z,2026-10-03T20:08:53Z,Colorado Buffaloes,13.5,-103.0,2026,2026-10-03T20:09:51Z,1353,1.428199056216627,10.674200230113946,-6.746001173897319,1feba84fd18f68e7fdf2ba1009ccb233ae813530b58f3490139d39ef07ce2642,timestamped_live_quote,FBS vs FBS
2026-10-03T20:09:51Z,253e389201e449a2984a194e3eebf7f8,2026-10-03T23:31:00Z,Colorado Buffaloes,Texas Tech Red Raiders,lowvig,LowVig.ag,2026-10-03T20:08:53Z,2026-10-03T20:08:53Z,Texas Tech Red Raiders,-13.5,-109.0,2026,2026-10-03T20:09:51Z,1353,1.428199056216627,10.674200230113946,-6.746001173897319,1feba84fd18f68e7fdf2ba1009ccb233ae813530b58f3490139d39ef07ce2642,timestamped_live_quote,FBS vs FBS
2026-10-03T20:09:51Z,253e389201e449a2984a194e3eebf7f8,2026-10-03T23:31:00Z,Colorado Buffaloes,Texas Tech Red Raiders,betonlineag,BetOnline.ag,2026-10-03T20:09:23Z,2026-10-03T20:09:23Z,Colorado Buffaloes,13.5,-107.0,2026,2026-10-03T20:09:51Z,1353,1.428199056216627,10.674200230113946,-6.746001173897319,1feba84fd18f68e7fdf2ba1009ccb233ae813530b58f3490139d39ef07ce2642,timestamped_live_quote,FBS vs FBS
2026-10-03T20:09:51Z,253e389201e449a2984a194e3eebf7f8,2026-10-03T23:31:00Z,Colorado Buffaloes,Texas Tech Red Raiders,betonlineag,BetOnline.ag,2026-10-03T20:09:23Z,2026-10-03T20:09:23Z,Texas Tech Red Raiders,-13.5,-113.0,2026,2026-10-03T20:09:51Z,1353,1.428199056216627,10.674200230113946,-6.746001173897319,1feba84fd18f68e7fdf2ba1009ccb233ae813530b58f3490139d39ef07ce2642,timestamped_live_quote,FBS vs FBS
2026-10-03T20:09:51Z,253e389201e449a2984a194e3eebf7f8,2026-10-03T23:31:00Z,Colorado Buffaloes,Texas Tech Red Raiders,mybookieag,MyBookie.ag,2026-10-03T20:08:37Z,2026-10-03T20:08:37Z,Colorado Buffaloes,13.5,-110.0,2026,2026-10-03T20:09:51Z,1353,1.428199056216627,10.674200230113946,-6.746001173897319,1feba84fd18f68e7fdf2ba1009ccb233ae813530b58f3490139d39ef07ce2642,timestamped_live_quote,FBS vs FBS
2026-10-03T20:09:51Z,253e389201e449a2984a194e3eebf7f8,2026-10-03T23:31:00Z,Colorado Buffaloes,Texas Tech Red Raiders,mybookieag,MyBookie.ag,2026-10-03T20:08:37Z,2026-10-03T20:08:37Z,Texas Tech Red Raiders,-13.5,-110.0,2026,2026-10-03T20:09:51Z,1353,1.428199056216627,10.674200230113946,-6.746001173897319,1feba84fd18f68e7fdf2ba1009ccb233ae813530b58f3490139d39ef07ce2642,timestamped_live_quote,FBS vs FBS
2026-10-03T20:09:51Z,253e389201e449a2984a194e3eebf7f8,2026-10-03T23:31:00Z,Colorado Buffaloes,Texas Tech Red Raiders,betus,BetUS,2026-10-03T20:09:51Z,2026-10-03T20:09:51Z,Colorado Buffaloes,13.5,-110.0,2026,2026-10-03T20:09:51Z,1353,1.428199056216627,10.674200230113946,-6.746001173897319,1feba84fd18f68e7fdf2ba1009ccb233ae813530b58f3490139d39ef07ce2642,timestamped_live_quote,FBS vs FBS
2026-10-03T20:09:51Z,253e389201e449a2984a194e3eebf7f8,2026-10-03T23:31:00Z,Colorado Buffaloes,Texas Tech Red Raiders,betus,BetUS,2026-10-03T20:09:51Z,2026-10-03T20:09:51Z,Texas Tech Red Raiders,-13.5,-110.0,2026,2026-10-03T20:09:51Z,1353,1.428199056216627,10.674200230113946,-6.746001173897319,1feba84fd18f68e7fdf2ba1009ccb233ae813530b58f3490139d39ef07ce2642,timestamped_live_quote,FBS vs FBS
2026-10-03T20:09:51Z,253e389201e449a2984a194e3eebf7f8,2026-10-03T23:31:00Z,Colorado Buffaloes,Texas Tech Red Raiders,betmgm,BetMGM,2026-10-03T20:09:13Z,2026-10-03T20:09:12Z,Colorado Buffaloes,14.0,-112.0,2026,2026-10-03T20:09:51Z,1353,1.428199056216627,10.674200230113946,-6.746001173897319,1feba84fd18f68e7fdf2ba1009ccb233ae813530b58f3490139d39ef07ce2642,timestamped_live_quote,FBS vs FBS
2026-10-03T20:09:51Z,253e389201e449a2984a194e3eebf7f8,2026-10-03T23:31:00Z,Colorado Buffaloes,Texas Tech Red Raiders,betmgm,BetMGM,2026-10-03T20:09:13Z,2026-10-03T20:09:12Z,Texas Tech Red Raiders,-14.0,-105.0,2026,2026-10-03T20:09:51Z,1353,1.428199056216627,10.674200230113946,-6.746001173897319,1feba84fd18f68e7fdf2ba1009ccb233ae813530b58f3490139d39ef07ce2642,timestamped_live_quote,FBS vs FBS
2026-10-03T20:09:51Z,253e389201e449a2984a194e3eebf7f8,2026-10-03T23:31:00Z,Colorado Buffaloes,Texas Tech Red Raiders,bovada,Bovada,2026-10-03T20:07:53Z,2026-10-03T20:07:53Z,Colorado Buffaloes,14.0,-115.0,2026,2026-10-03T20:09:51Z,1353,1.428199056216627,10.674200230113946,-6.746001173897319,1feba84fd18f68e7fdf2ba1009ccb233ae813530b58f3490139d39ef07ce2642,timestamped_live_quote,FBS vs FBS
2026-10-03T20:09:51Z,253e389201e449a2984a194e3eebf7f8,2026-10-03T23:31:00Z,Colorado Buffaloes,Texas Tech Red Raiders,bovada,Bovada,2026-10-03T20:07:53Z,2026-10-03T20:07:53Z,Texas Tech Red Raiders,-14.0,-105.0,2026,2026-10-03T20:09:51Z,1353,1.428199056216627,10.674200230113946,-6.746001173897319,1feba84fd18f68e7fdf2ba1009ccb233ae813530b58f3490139d39ef07ce2642,timestamped_live_quote,FBS vs FBS
2026-10-03T20:09:51Z,833bd3a9f5a0da5b303a6a4304e2c6a3,2026-10-03T23:45:00Z,LSU Tigers,McNeese State Cowboys,fanduel,FanDuel,2026-10-03T20:09:37Z,2026-10-03T20:09:37Z,LSU Tigers,-54.5,-110.0,2026,2026-10-03T20:09:51Z,1353,,,,1feba84fd18f68e7fdf2ba1009ccb233ae813530b58f3490139d39ef07ce2642,division_safety_suppressed,Unverified division / FCS: model suppressed
2026-10-03T20:09:51Z,833bd3a9f5a0da5b303a6a4304e2c6a3,2026-10-03T23:45:00Z,LSU Tigers,McNeese State Cowboys,fanduel,FanDuel,2026-10-03T20:09:37Z,2026-10-03T20:09:37Z,McNeese State Cowboys,54.5,-110.0,2026,2026-10-03T20:09:51Z,1353,,,,1feba84fd18f68e7fdf2ba1009ccb233ae813530b58f3490139d39ef07ce2642,division_safety_suppressed,Unverified division / FCS: model suppressed
2026-10-03T20:09:51Z,833bd3a9f5a0da5b303a6a4304e2c6a3,2026-10-03T23:45:00Z,LSU Tigers,McNeese State Cowboys,draftkings,DraftKings,2026-10-03T20:08:52Z,2026-10-03T20:08:52Z,LSU Tigers,-53.5,-112.0,2026,2026-10-03T20:09:51Z,1353,,,,1feba84fd18f68e7fdf2ba1009ccb233ae813530b58f3490139d39ef07ce2642,division_safety_suppressed,Unverified division / FCS: model suppressed
2026-10-03T20:09:51Z,833bd3a9f5a0da5b303a6a4304e2c6a3,2026-10-03T23:45:00Z,LSU Tigers,McNeese State Cowboys,draftkings,DraftKings,2026-10-03T20:08:52Z,2026-10-03T20:08:52Z,McNeese State Cowboys,53.5,-108.0,2026,2026-10-03T20:09:51Z,1353,,,,1feba84fd18f68e7fdf2ba1009ccb233ae813530b58f3490139d39ef07ce2642,division_safety_suppressed,Unverified division / FCS: model suppressed
2026-10-03T20:09:51Z,833bd3a9f5a0da5b303a6a4304e2c6a3,2026-10-03T23:45:00Z,LSU Tigers,McNeese State Cowboys,lowvig,LowVig.ag,2026-10-03T20:08:53Z,2026-10-03T20:08:53Z,LSU Tigers,-53.5,-110.0,2026,2026-10-03T20:09:51Z,1353,,,,1feba84fd18f68e7fdf2ba1009ccb233ae813530b58f3490139d39ef07ce2642,division_safety_suppressed,Unverified division / FCS: model suppressed
2026-10-03T20:09:51Z,833bd3a9f5a0da5b303a6a4304e2c6a3,2026-10-03T23:45:00Z,LSU Tigers,McNeese State Cowboys,lowvig,LowVig.ag,2026-10-03T20:08:53Z,2026-10-03T20:08:53Z,McNeese State Cowboys,53.5,-110.0,2026,2026-10-03T20:09:51Z,1353,,,,1feba84fd18f68e7fdf2ba1009ccb233ae813530b58f3490139d39ef07ce2642,division_safety_suppressed,Unverified division / FCS: model suppressed
2026-10-03T20:09:51Z,833bd3a9f5a0da5b303a6a4304e2c6a3,2026-10-03T23:45:00Z,LSU Tigers,McNeese State Cowboys,betonlineag,BetOnline.ag,2026-10-03T20:09:23Z,2026-10-03T20:09:23Z,LSU Tigers,-53.5,-110.0,2026,2026-10-03T20:09:51Z,1353,,,,1feba84fd18f68e7fdf2ba1009ccb233ae813530b58f3490139d39ef07ce2642,division_safety_suppressed,Unverified division / FCS: model suppressed
2026-10-03T20:09:51Z,833bd3a9f5a0da5b303a6a4304e2c6a3,2026-10-03T23:45:00Z,LSU Tigers,McNeese State Cowboys,betonlineag,BetOnline.ag,2026-10-03T20:09:23Z,2026-10-03T20:09:23Z,McNeese State Cowboys,53.5,-110.0,2026,2026-10-03T20:09:51Z,1353,,,,1feba84fd18f68e7fdf2ba1009ccb233ae813530b58f3490139d39ef07ce2642,division_safety_suppressed,Unverified division / FCS: model suppressed
2026-10-03T20:09:51Z,833bd3a9f5a0da5b303a6a4304e2c6a3,2026-10-03T23:45:00Z,LSU Tigers,McNeese State Cowboys,betrivers,BetRivers,2026-10-03T20:09:08Z,2026-10-03T20:09:08Z,LSU Tigers,-54.0,-109.0,2026,2026-10-03T20:09:51Z,1353,,,,1feba84fd18f68e7fdf2ba1009ccb233ae813530b58f3490139d39ef07ce2642,division_safety_suppressed,Unverified division / FCS: model suppressed
2026-10-03T20:09:51Z,833bd3a9f5a0da5b303a6a4304e2c6a3,2026-10-03T23:45:00Z,LSU Tigers,McNeese State Cowboys,betrivers,BetRivers,2026-10-03T20:09:08Z,2026-10-03T20:09:08Z,McNeese State Cowboys,54.0,-113.0,2026,2026-10-03T20:09:51Z,1353,,,,1feba84fd18f68e7fdf2ba1009ccb233ae813530b58f3490139d39ef07ce2642,division_safety_suppressed,Unverified division / FCS: model suppressed
2026-10-03T20:09:51Z,833bd3a9f5a0da5b303a6a4304e2c6a3,2026-10-03T23:45:00Z,LSU Tigers,McNeese State Cowboys,bovada,Bovada,2026-10-03T20:07:53Z,2026-10-03T20:07:53Z,LSU Tigers,-53.0,-110.0,2026,2026-10-03T20:09:51Z,1353,,,,1feba84fd18f68e7fdf2ba1009ccb233ae813530b58f3490139d39ef07ce2642,division_safety_suppressed,Unverified division / FCS: model suppressed
2026-10-03T20:09:51Z,833bd3a9f5a0da5b303a6a4304e2c6a3,2026-10-03T23:45:00Z,LSU Tigers,McNeese State Cowboys,bovada,Bovada,2026-10-03T20:07:53Z,2026-10-03T20:07:53Z,McNeese State Cowboys,53.0,-110.0,2026,2026-10-03T20:09:51Z,1353,,,,1feba84fd18f68e7fdf2ba1009ccb233ae813530b58f3490139d39ef07ce2642,division_safety_suppressed,Unverified division / FCS: model suppressed
2026-10-03T20:09:51Z,833bd3a9f5a0da5b303a6a4304e2c6a3,2026-10-03T23:45:00Z,LSU Tigers,McNeese State Cowboys,betmgm,BetMGM,2026-10-03T20:09:13Z,2026-10-03T20:09:12Z,LSU Tigers,-54.0,-108.0,2026,2026-10-03T20:09:51Z,1353,,,,1feba84fd18f68e7fdf2ba1009ccb233ae813530b58f3490139d39ef07ce2642,division_safety_suppressed,Unverified division / FCS: model suppressed
2026-10-03T20:09:51Z,833bd3a9f5a0da5b303a6a4304e2c6a3,2026-10-03T23:45:00Z,LSU Tigers,McNeese State Cowboys,betmgm,BetMGM,2026-10-03T20:09:13Z,2026-10-03T20:09:12Z,McNeese State Cowboys,54.0,-110.0,2026,2026-10-03T20:09:51Z,1353,,,,1feba84fd18f68e7fdf2ba1009ccb233ae813530b58f3490139d39ef07ce2642,division_safety_suppressed,Unverified division / FCS: model suppressed
2026-10-03T20:09:51Z,1d3756ab74c013c39510958b5a632b74,2026-10-04T00:00:00Z,Louisiana Ragin Cajuns,Arkansas State Red Wolves,draftkings,DraftKings,2026-10-03T20:08:52Z,2026-10-03T20:08:52Z,Arkansas State Red Wolves,6.0,-110.0,2026,2026-10-03T20:09:51Z,1353,5.888212225911563,1.9054258432742062,6.482786382637356,1feba84fd18f68e7fdf2ba1009ccb233ae813530b58f3490139d39ef07ce2642,timestamped_live_quote,FBS vs FBS
2026-10-03T20:09:51Z,1d3756ab74c013c39510958b5a632b74,2026-10-04T00:00:00Z,Louisiana Ragin Cajuns,Arkansas State Red Wolves,draftkings,DraftKings,2026-10-03T20:08:52Z,2026-10-03T20:08:52Z,Louisiana Ragin Cajuns,-6.0,-110.0,2026,2026-10-03T20:09:51Z,1353,5.888212225911563,1.9054258432742062,6.482786382637356,1feba84fd18f68e7fdf2ba1009ccb233ae813530b58f3490139d39ef07ce2642,timestamped_live_quote,FBS vs FBS
2026-10-03T20:09:51Z,1d3756ab74c013c39510958b5a632b74,2026-10-04T00:00:00Z,Louisiana Ragin Cajuns,Arkansas State Red Wolves,betonlineag,BetOnline.ag,2026-10-03T20:09:23Z,2026-10-03T20:09:23Z,Arkansas State Red Wolves,6.0,-110.0,2026,2026-10-03T20:09:51Z,1353,5.888212225911563,1.9054258432742062,6.482786382637356,1feba84fd18f68e7fdf2ba1009ccb233ae813530b58f3490139d39ef07ce2642,timestamped_live_quote,FBS vs FBS
2026-10-03T20:09:51Z,1d3756ab74c013c39510958b5a632b74,2026-10-04T00:00:00Z,Louisiana Ragin Cajuns,Arkansas State Red Wolves,betonlineag,BetOnline.ag,2026-10-03T20:09:23Z,2026-10-03T20:09:23Z,Louisiana Ragin Cajuns,-6.0,-110.0,2026,2026-10-03T20:09:51Z,1353,5.888212225911563,1.9054258432742062,6.482786382637356,1feba84fd18f68e7fdf2ba1009ccb233ae813530b58f3490139d39ef07ce2642,timestamped_live_quote,FBS vs FBS
2026-10-03T20:09:51Z,1d3756ab74c013c39510958b5a632b74,2026-10-04T00:00:00Z,Louisiana Ragin Cajuns,Arkansas State Red Wolves,lowvig,LowVig.ag,2026-10-03T20:08:53Z,2026-10-03T20:08:53Z,Arkansas State Red Wolves,6.0,-106.0,2026,2026-10-03T20:09:51Z,1353,5.888212225911563,1.9054258432742062,6.482786382637356,1feba84fd18f68e7fdf2ba1009ccb233ae813530b58f3490139d39ef07ce2642,timestamped_live_quote,FBS vs FBS
2026-10-03T20:09:51Z,1d3756ab74c013c39510958b5a632b74,2026-10-04T00:00:00Z,Louisiana Ragin Cajuns,Arkansas State Red Wolves,lowvig,LowVig.ag,2026-10-03T20:08:53Z,2026-10-03T20:08:53Z,Louisiana Ragin Cajuns,-6.0,-106.0,2026,2026-10-03T20:09:51Z,1353,5.888212225911563,1.9054258432742062,6.482786382637356,1feba84fd18f68e7fdf2ba1009ccb233ae813530b58f3490139d39ef07ce2642,timestamped_live_quote,FBS vs FBS
2026-10-03T20:09:51Z,1d3756ab74c013c39510958b5a632b74,2026-10-04T00:00:00Z,Louisiana Ragin Cajuns,Arkansas State Red Wolves,fanduel,FanDuel,2026-10-03T20:09:37Z,2026-10-03T20:09:37Z,Arkansas State Red Wolves,6.5,-115.0,2026,2026-10-03T20:09:51Z,1353,5.888212225911563,1.9054258432742062,6.482786382637356,1feba84fd18f68e7fdf2ba1009ccb233ae813530b58f3490139d39ef07ce2642,timestamped_live_quote,FBS vs FBS
2026-10-03T20:09:51Z,1d3756ab74c013c39510958b5a632b74,2026-10-04T00:00:00Z,Louisiana Ragin Cajuns,Arkansas State Red Wolves,fanduel,FanDuel,2026-10-03T20:09:37Z,2026-10-03T20:09:37Z,Louisiana Ragin Cajuns,-6.5,-105.0,2026,2026-10-03T20:09:51Z,1353,5.888212225911563,1.9054258432742062,6.482786382637356,1feba84fd18f68e7fdf2ba1009ccb233ae813530b58f3490139d39ef07ce2642,timestamped_live_quote,FBS vs FBS
2026-10-03T20:09:51Z,1d3756ab74c013c39510958b5a632b74,2026-10-04T00:00:00Z,Louisiana Ragin Cajuns,Arkansas State Red Wolves,mybookieag,MyBookie.ag,2026-10-03T20:08:37Z,2026-10-03T20:08:37Z,Arkansas State Red Wolves,6.0,-110.0,2026,2026-10-03T20:09:51Z,1353,5.888212225911563,1.9054258432742062,6.482786382637356,1feba84fd18f68e7fdf2ba1009ccb233ae813530b58f3490139d39ef07ce2642,timestamped_live_quote,FBS vs FBS
2026-10-03T20:09:51Z,1d3756ab74c013c39510958b5a632b74,2026-10-04T00:00:00Z,Louisiana Ragin Cajuns,Arkansas State Red Wolves,mybookieag,MyBookie.ag,2026-10-03T20:08:37Z,2026-10-03T20:08:37Z,Louisiana Ragin Cajuns,-6.0,-110.0,2026,2026-10-03T20:09:51Z,1353,5.888212225911563,1.9054258432742062,6.482786382637356,1feba84fd18f68e7fdf2ba1009ccb233ae813530b58f3490139d39ef07ce2642,timestamped_live_quote,FBS vs FBS
2026-10-03T20:09:51Z,1d3756ab74c013c39510958b5a632b74,2026-10-04T00:00:00Z,Louisiana Ragin Cajuns,Arkansas State Red Wolves,betus,BetUS,2026-10-03T20:09:51Z,2026-10-03T20:09:51Z,Arkansas State Red Wolves,6.0,-115.0,2026,2026-10-03T20:09:51Z,1353,5.888212225911563,1.9054258432742062,6.482786382637356,1feba84fd18f68e7fdf2ba1009ccb233ae813530b58f3490139d39ef07ce2642,timestamped_live_quote,FBS vs FBS
2026-10-03T20:09:51Z,1d3756ab74c013c39510958b5a632b74,2026-10-04T00:00:00Z,Louisiana Ragin Cajuns,Arkansas State Red Wolves,betus,BetUS,2026-10-03T20:09:51Z,2026-10-03T20:09:51Z,Louisiana Ragin Cajuns,-6.0,-105.0,2026,2026-10-03T20:09:51Z,1353,5.888212225911563,1.9054258432742062,6.482786382637356,1feba84fd18f68e7fdf2ba1009ccb233ae813530b58f3490139d39ef07ce2642,timestamped_live_quote,FBS vs FBS
2026-10-03T20:09:51Z,1d3756ab74c013c39510958b5a632b74,2026-10-04T00:00:00Z,Louisiana Ragin Cajuns,Arkansas State Red Wolves,betmgm,BetMGM,2026-10-03T20:09:13Z,2026-10-03T20:09:13Z,Arkansas State Red Wolves,6.0,-110.0,2026,2026-10-03T20:09:51Z,1353,5.888212225911563,1.9054258432742062,6.482786382637356,1feba84fd18f68e7fdf2ba1009ccb233ae813530b58f3490139d39ef07ce2642,timestamped_live_quote,FBS vs FBS
2026-10-03T20:09:51Z,1d3756ab74c013c39510958b5a632b74,2026-10-04T00:00:00Z,Louisiana Ragin Cajuns,Arkansas State Red Wolves,betmgm,BetMGM,2026-10-03T20:09:13Z,2026-10-03T20:09:13Z,Louisiana Ragin Cajuns,-6.0,-108.0,2026,2026-10-03T20:09:51Z,1353,5.888212225911563,1.9054258432742062,6.482786382637356,1feba84fd18f68e7fdf2ba1009ccb233ae813530b58f3490139d39ef07ce2642,timestamped_live_quote,FBS vs FBS
2026-10-03T20:09:51Z,1d3756ab74c013c39510958b5a632b74,2026-10-04T00:00:00Z,Louisiana Ragin Cajuns,Arkansas State Red Wolves,bovada,Bovada,2026-10-03T20:07:53Z,2026-10-03T20:07:53Z,Arkansas State Red Wolves,6.0,-115.0,2026,2026-10-03T20:09:51Z,1353,5.888212225911563,1.9054258432742062,6.482786382637356,1feba84fd18f68e7fdf2ba1009ccb233ae813530b58f3490139d39ef07ce2642,timestamped_live_quote,FBS vs FBS
2026-10-03T20:09:51Z,1d3756ab74c013c39510958b5a632b74,2026-10-04T00:00:00Z,Louisiana Ragin Cajuns,Arkansas State Red Wolves,bovada,Bovada,2026-10-03T20:07:53Z,2026-10-03T20:07:53Z,Louisiana Ragin Cajuns,-6.0,-105.0,2026,2026-10-03T20:09:51Z,1353,5.888212225911563,1.9054258432742062,6.482786382637356,1feba84fd18f68e7fdf2ba1009ccb233ae813530b58f3490139d39ef07ce2642,timestamped_live_quote,FBS vs FBS
2026-10-03T20:09:51Z,1d3756ab74c013c39510958b5a632b74,2026-10-04T00:00:00Z,Louisiana Ragin Cajuns,Arkansas State Red Wolves,betrivers,BetRivers,2026-10-03T20:09:08Z,2026-10-03T20:09:08Z,Arkansas State Red Wolves,5.5,-108.0,2026,2026-10-03T20:09:51Z,1353,5.888212225911563,1.9054258432742062,6.482786382637356,1feba84fd18f68e7fdf2ba1009ccb233ae813530b58f3490139d39ef07ce2642,timestamped_live_quote,FBS vs FBS
2026-10-03T20:09:51Z,1d3756ab74c013c39510958b5a632b74,2026-10-04T00:00:00Z,Louisiana Ragin Cajuns,Arkansas State Red Wolves,betrivers,BetRivers,2026-10-03T20:09:08Z,2026-10-03T20:09:08Z,Louisiana Ragin Cajuns,-5.5,-115.0,2026,2026-10-03T20:09:51Z,1353,5.888212225911563,1.9054258432742062,6.482786382637356,1feba84fd18f68e7fdf2ba1009ccb233ae813530b58f3490139d39ef07ce2642,timestamped_live_quote,FBS vs FBS
2026-10-03T20:09:51Z,9dcccf34095cde7b0fe36250bb5be6f6,2026-10-04T00:00:00Z,Rutgers Scarlet Knights,Indiana Hoosiers,fanduel,FanDuel,2026-10-03T20:09:37Z,2026-10-03T20:09:37Z,Indiana Hoosiers,-24.5,-112.0,2026,2026-10-03T20:09:51Z,1353,3.039088006046302,15.756011433580614,-10.216923427534311,1feba84fd18f68e7fdf2ba1009ccb233ae813530b58f3490139d39ef07ce2642,timestamped_live_quote,FBS vs FBS
2026-10-03T20:09:51Z,9dcccf34095cde7b0fe36250bb5be6f6,2026-10-04T00:00:00Z,Rutgers Scarlet Knights,Indiana Hoosiers,fanduel,FanDuel,2026-10-03T20:09:37Z,2026-10-03T20:09:37Z,Rutgers Scarlet Knights,24.5,-108.0,2026,2026-10-03T20:09:51Z,1353,3.039088006046302,15.756011433580614,-10.216923427534311,1feba84fd18f68e7fdf2ba1009ccb233ae813530b58f3490139d39ef07ce2642,timestamped_live_quote,FBS vs FBS
2026-10-03T20:09:51Z,9dcccf34095cde7b0fe36250bb5be6f6,2026-10-04T00:00:00Z,Rutgers Scarlet Knights,Indiana Hoosiers,draftkings,DraftKings,2026-10-03T20:08:52Z,2026-10-03T20:08:52Z,Indiana Hoosiers,-24.5,-105.0,2026,2026-10-03T20:09:51Z,1353,3.039088006046302,15.756011433580614,-10.216923427534311,1feba84fd18f68e7fdf2ba1009ccb233ae813530b58f3490139d39ef07ce2642,timestamped_live_quote,FBS vs FBS
2026-10-03T20:09:51Z,9dcccf34095cde7b0fe36250bb5be6f6,2026-10-04T00:00:00Z,Rutgers Scarlet Knights,Indiana Hoosiers,draftkings,DraftKings,2026-10-03T20:08:52Z,2026-10-03T20:08:52Z,Rutgers Scarlet Knights,24.5,-115.0,2026,2026-10-03T20:09:51Z,1353,3.039088006046302,15.756011433580614,-10.216923427534311,1feba84fd18f68e7fdf2ba1009ccb233ae813530b58f3490139d39ef07ce2642,timestamped_live_quote,FBS vs FBS
2026-10-03T20:09:51Z,9dcccf34095cde7b0fe36250bb5be6f6,2026-10-04T00:00:00Z,Rutgers Scarlet Knights,Indiana Hoosiers,betrivers,BetRivers,2026-10-03T20:09:08Z,2026-10-03T20:09:08Z,Indiana Hoosiers,-24.5,-114.0,2026,2026-10-03T20:09:51Z,1353,3.039088006046302,15.756011433580614,-10.216923427534311,1feba84fd18f68e7fdf2ba1009ccb233ae813530b58f3490139d39ef07ce2642,timestamped_live_quote,FBS vs FBS
2026-10-03T20:09:51Z,9dcccf34095cde7b0fe36250bb5be6f6,2026-10-04T00:00:00Z,Rutgers Scarlet Knights,Indiana Hoosiers,betrivers,BetRivers,2026-10-03T20:09:08Z,2026-10-03T20:09:08Z,Rutgers Scarlet Knights,24.5,-109.0,2026,2026-10-03T20:09:51Z,1353,3.039088006046302,15.756011433580614,-10.216923427534311,1feba84fd18f68e7fdf2ba1009ccb233ae813530b58f3490139d39ef07ce2642,timestamped_live_quote,FBS vs FBS
2026-10-03T20:09:51Z,9dcccf34095cde7b0fe36250bb5be6f6,2026-10-04T00:00:00Z,Rutgers Scarlet Knights,Indiana Hoosiers,lowvig,LowVig.ag,2026-10-03T20:08:53Z,2026-10-03T20:08:53Z,Indiana Hoosiers,-24.0,-111.0,2026,2026-10-03T20:09:51Z,1353,3.039088006046302,15.756011433580614,-10.216923427534311,1feba84fd18f68e7fdf2ba1009ccb233ae813530b58f3490139d39ef07ce2642,timestamped_live_quote,FBS vs FBS
2026-10-03T20:09:51Z,9dcccf34095cde7b0fe36250bb5be6f6,2026-10-04T00:00:00Z,Rutgers Scarlet Knights,Indiana Hoosiers,lowvig,LowVig.ag,2026-10-03T20:08:53Z,2026-10-03T20:08:53Z,Rutgers Scarlet Knights,24.0,-101.0,2026,2026-10-03T20:09:51Z,1353,3.039088006046302,15.756011433580614,-10.216923427534311,1feba84fd18f68e7fdf2ba1009ccb233ae813530b58f3490139d39ef07ce2642,timestamped_live_quote,FBS vs FBS
2026-10-03T20:09:51Z,9dcccf34095cde7b0fe36250bb5be6f6,2026-10-04T00:00:00Z,Rutgers Scarlet Knights,Indiana Hoosiers,betonlineag,BetOnline.ag,2026-10-03T20:09:23Z,2026-10-03T20:09:23Z,Indiana Hoosiers,-24.0,-115.0,2026,2026-10-03T20:09:51Z,1353,3.039088006046302,15.756011433580614,-10.216923427534311,1feba84fd18f68e7fdf2ba1009ccb233ae813530b58f3490139d39ef07ce2642,timestamped_live_quote,FBS vs FBS
2026-10-03T20:09:51Z,9dcccf34095cde7b0fe36250bb5be6f6,2026-10-04T00:00:00Z,Rutgers Scarlet Knights,Indiana Hoosiers,betonlineag,BetOnline.ag,2026-10-03T20:09:23Z,2026-10-03T20:09:23Z,Rutgers Scarlet Knights,24.0,-105.0,2026,2026-10-03T20:09:51Z,1353,3.039088006046302,15.756011433580614,-10.216923427534311,1feba84fd18f68e7fdf2ba1009ccb233ae813530b58f3490139d39ef07ce2642,timestamped_live_quote,FBS vs FBS
2026-10-03T20:09:51Z,9dcccf34095cde7b0fe36250bb5be6f6,2026-10-04T00:00:00Z,Rutgers Scarlet Knights,Indiana Hoosiers,mybookieag,MyBookie.ag,2026-10-03T20:08:37Z,2026-10-03T20:08:37Z,Indiana Hoosiers,-25.0,-110.0,2026,2026-10-03T20:09:51Z,1353,3.039088006046302,15.756011433580614,-10.216923427534311,1feba84fd18f68e7fdf2ba1009ccb233ae813530b58f3490139d39ef07ce2642,timestamped_live_quote,FBS vs FBS
2026-10-03T20:09:51Z,9dcccf34095cde7b0fe36250bb5be6f6,2026-10-04T00:00:00Z,Rutgers Scarlet Knights,Indiana Hoosiers,mybookieag,MyBookie.ag,2026-10-03T20:08:37Z,2026-10-03T20:08:37Z,Rutgers Scarlet Knights,25.0,-110.0,2026,2026-10-03T20:09:51Z,1353,3.039088006046302,15.756011433580614,-10.216923427534311,1feba84fd18f68e7fdf2ba1009ccb233ae813530b58f3490139d39ef07ce2642,timestamped_live_quote,FBS vs FBS
2026-10-03T20:09:51Z,9dcccf34095cde7b0fe36250bb5be6f6,2026-10-04T00:00:00Z,Rutgers Scarlet Knights,Indiana Hoosiers,betus,BetUS,2026-10-03T20:09:51Z,2026-10-03T20:09:51Z,Indiana Hoosiers,-24.0,-110.0,2026,2026-10-03T20:09:51Z,1353,3.039088006046302,15.756011433580614,-10.216923427534311,1feba84fd18f68e7fdf2ba1009ccb233ae813530b58f3490139d39ef07ce2642,timestamped_live_quote,FBS vs FBS
2026-10-03T20:09:51Z,9dcccf34095cde7b0fe36250bb5be6f6,2026-10-04T00:00:00Z,Rutgers Scarlet Knights,Indiana Hoosiers,betus,BetUS,2026-10-03T20:09:51Z,2026-10-03T20:09:51Z,Rutgers Scarlet Knights,24.0,-110.0,2026,2026-10-03T20:09:51Z,1353,3.039088006046302,15.756011433580614,-10.216923427534311,1feba84fd18f68e7fdf2ba1009ccb233ae813530b58f3490139d39ef07ce2642,timestamped_live_quote,FBS vs FBS
2026-10-03T20:09:51Z,9dcccf34095cde7b0fe36250bb5be6f6,2026-10-04T00:00:00Z,Rutgers Scarlet Knights,Indiana Hoosiers,betmgm,BetMGM,2026-10-03T20:09:13Z,2026-10-03T20:09:13Z,Indiana Hoosiers,-24.5,-108.0,2026,2026-10-03T20:09:51Z,1353,3.039088006046302,15.756011433580614,-10.216923427534311,1feba84fd18f68e7fdf2ba1009ccb233ae813530b58f3490139d39ef07ce2642,timestamped_live_quote,FBS vs FBS
2026-10-03T20:09:51Z,9dcccf34095cde7b0fe36250bb5be6f6,2026-10-04T00:00:00Z,Rutgers Scarlet Knights,Indiana Hoosiers,betmgm,BetMGM,2026-10-03T20:09:13Z,2026-10-03T20:09:13Z,Rutgers Scarlet Knights,24.5,-110.0,2026,2026-10-03T20:09:51Z,1353,3.039088006046302,15.756011433580614,-10.216923427534311,1feba84fd18f68e7fdf2ba1009ccb233ae813530b58f3490139d39ef07ce2642,timestamped_live_quote,FBS vs FBS
2026-10-03T20:09:51Z,9dcccf34095cde7b0fe36250bb5be6f6,2026-10-04T00:00:00Z,Rutgers Scarlet Knights,Indiana Hoosiers,bovada,Bovada,2026-10-03T20:07:53Z,2026-10-03T20:07:53Z,Indiana Hoosiers,-24.0,-115.0,2026,2026-10-03T20:09:51Z,1353,3.039088006046302,15.756011433580614,-10.216923427534311,1feba84fd18f68e7fdf2ba1009ccb233ae813530b58f3490139d39ef07ce2642,timestamped_live_quote,FBS vs FBS
2026-10-03T20:09:51Z,9dcccf34095cde7b0fe36250bb5be6f6,2026-10-04T00:00:00Z,Rutgers Scarlet Knights,Indiana Hoosiers,bovada,Bovada,2026-10-03T20:07:53Z,2026-10-03T20:07:53Z,Rutgers Scarlet Knights,24.0,-105.0,2026,2026-10-03T20:09:51Z,1353,3.039088006046302,15.756011433580614,-10.216923427534311,1feba84fd18f68e7fdf2ba1009ccb233ae813530b58f3490139d39ef07ce2642,timestamped_live_quote,FBS vs FBS
2026-10-03T20:09:51Z,23025b717a93bdd8f30424e90a97d68f,2026-10-04T01:30:00Z,Washington State Cougars,Fresno State Bulldogs,fanduel,FanDuel,2026-10-03T20:09:37Z,2026-10-03T20:09:37Z,Fresno State Bulldogs,1.5,-106.0,2026,2026-10-03T20:09:51Z,1353,0.5391605439757743,4.633078388024464,-1.5939178440486899,1feba84fd18f68e7fdf2ba1009ccb233ae813530b58f3490139d39ef07ce2642,timestamped_live_quote,FBS vs FBS
2026-10-03T20:09:51Z,23025b717a93bdd8f30424e90a97d68f,2026-10-04T01:30:00Z,Washington State Cougars,Fresno State Bulldogs,fanduel,FanDuel,2026-10-03T20:09:37Z,2026-10-03T20:09:37Z,Washington State Cougars,-1.5,-114.0,2026,2026-10-03T20:09:51Z,1353,0.5391605439757743,4.633078388024464,-1.5939178440486899,1feba84fd18f68e7fdf2ba1009ccb233ae813530b58f3490139d39ef07ce2642,timestamped_live_quote,FBS vs FBS
2026-10-03T20:09:51Z,23025b717a93bdd8f30424e90a97d68f,2026-10-04T01:30:00Z,Washington State Cougars,Fresno State Bulldogs,betonlineag,BetOnline.ag,2026-10-03T20:09:23Z,2026-10-03T20:09:23Z,Fresno State Bulldogs,2.0,-105.0,2026,2026-10-03T20:09:51Z,1353,0.5391605439757743,4.633078388024464,-1.5939178440486899,1feba84fd18f68e7fdf2ba1009ccb233ae813530b58f3490139d39ef07ce2642,timestamped_live_quote,FBS vs FBS
2026-10-03T20:09:51Z,23025b717a93bdd8f30424e90a97d68f,2026-10-04T01:30:00Z,Washington State Cougars,Fresno State Bulldogs,betonlineag,BetOnline.ag,2026-10-03T20:09:23Z,2026-10-03T20:09:23Z,Washington State Cougars,-2.0,-115.0,2026,2026-10-03T20:09:51Z,1353,0.5391605439757743,4.633078388024464,-1.5939178440486899,1feba84fd18f68e7fdf2ba1009ccb233ae813530b58f3490139d39ef07ce2642,timestamped_live_quote,FBS vs FBS
2026-10-03T20:09:51Z,23025b717a93bdd8f30424e90a97d68f,2026-10-04T01:30:00Z,Washington State Cougars,Fresno State Bulldogs,lowvig,LowVig.ag,2026-10-03T20:08:53Z,2026-10-03T20:08:53Z,Fresno State Bulldogs,2.0,-101.0,2026,2026-10-03T20:09:51Z,1353,0.5391605439757743,4.633078388024464,-1.5939178440486899,1feba84fd18f68e7fdf2ba1009ccb233ae813530b58f3490139d39ef07ce2642,timestamped_live_quote,FBS vs FBS
2026-10-03T20:09:51Z,23025b717a93bdd8f30424e90a97d68f,2026-10-04T01:30:00Z,Washington State Cougars,Fresno State Bulldogs,lowvig,LowVig.ag,2026-10-03T20:08:53Z,2026-10-03T20:08:53Z,Washington State Cougars,-2.0,-111.0,2026,2026-10-03T20:09:51Z,1353,0.5391605439757743,4.633078388024464,-1.5939178440486899,1feba84fd18f68e7fdf2ba1009ccb233ae813530b58f3490139d39ef07ce2642,timestamped_live_quote,FBS vs FBS
2026-10-03T20:09:51Z,23025b717a93bdd8f30424e90a97d68f,2026-10-04T01:30:00Z,Washington State Cougars,Fresno State Bulldogs,betrivers,BetRivers,2026-10-03T20:09:08Z,2026-10-03T20:09:08Z,Fresno State Bulldogs,2.0,-112.0,2026,2026-10-03T20:09:51Z,1353,0.5391605439757743,4.633078388024464,-1.5939178440486899,1feba84fd18f68e7fdf2ba1009ccb233ae813530b58f3490139d39ef07ce2642,timestamped_live_quote,FBS vs FBS
2026-10-03T20:09:51Z,23025b717a93bdd8f30424e90a97d68f,2026-10-04T01:30:00Z,Washington State Cougars,Fresno State Bulldogs,betrivers,BetRivers,2026-10-03T20:09:08Z,2026-10-03T20:09:08Z,Washington State Cougars,-2.0,-110.0,2026,2026-10-03T20:09:51Z,1353,0.5391605439757743,4.633078388024464,-1.5939178440486899,1feba84fd18f68e7fdf2ba1009ccb233ae813530b58f3490139d39ef07ce2642,timestamped_live_quote,FBS vs FBS
2026-10-03T20:09:51Z,23025b717a93bdd8f30424e90a97d68f,2026-10-04T01:30:00Z,Washington State Cougars,Fresno State Bulldogs,draftkings,DraftKings,2026-10-03T20:08:52Z,2026-10-03T20:08:52Z,Fresno State Bulldogs,2.5,-112.0,2026,2026-10-03T20:09:51Z,1353,0.5391605439757743,4.633078388024464,-1.5939178440486899,1feba84fd18f68e7fdf2ba1009ccb233ae813530b58f3490139d39ef07ce2642,timestamped_live_quote,FBS vs FBS
2026-10-03T20:09:51Z,23025b717a93bdd8f30424e90a97d68f,2026-10-04T01:30:00Z,Washington State Cougars,Fresno State Bulldogs,draftkings,DraftKings,2026-10-03T20:08:52Z,2026-10-03T20:08:52Z,Washington State Cougars,-2.5,-108.0,2026,2026-10-03T20:09:51Z,1353,0.5391605439757743,4.633078388024464,-1.5939178440486899,1feba84fd18f68e7fdf2ba1009ccb233ae813530b58f3490139d39ef07ce2642,timestamped_live_quote,FBS vs FBS
2026-10-03T20:09:51Z,23025b717a93bdd8f30424e90a97d68f,2026-10-04T01:30:00Z,Washington State Cougars,Fresno State Bulldogs,mybookieag,MyBookie.ag,2026-10-03T20:08:37Z,2026-10-03T20:08:37Z,Fresno State Bulldogs,2.0,-110.0,2026,2026-10-03T20:09:51Z,1353,0.5391605439757743,4.633078388024464,-1.5939178440486899,1feba84fd18f68e7fdf2ba1009ccb233ae813530b58f3490139d39ef07ce2642,timestamped_live_quote,FBS vs FBS
2026-10-03T20:09:51Z,23025b717a93bdd8f30424e90a97d68f,2026-10-04T01:30:00Z,Washington State Cougars,Fresno State Bulldogs,mybookieag,MyBookie.ag,2026-10-03T20:08:37Z,2026-10-03T20:08:37Z,Washington State Cougars,-2.0,-110.0,2026,2026-10-03T20:09:51Z,1353,0.5391605439757743,4.633078388024464,-1.5939178440486899,1feba84fd18f68e7fdf2ba1009ccb233ae813530b58f3490139d39ef07ce2642,timestamped_live_quote,FBS vs FBS
2026-10-03T20:09:51Z,23025b717a93bdd8f30424e90a97d68f,2026-10-04T01:30:00Z,Washington State Cougars,Fresno State Bulldogs,betus,BetUS,2026-10-03T20:09:51Z,2026-10-03T20:09:51Z,Fresno State Bulldogs,2.0,-110.0,2026,2026-10-03T20:09:51Z,1353,0.5391605439757743,4.633078388024464,-1.5939178440486899,1feba84fd18f68e7fdf2ba1009ccb233ae813530b58f3490139d39ef07ce2642,timestamped_live_quote,FBS vs FBS
2026-10-03T20:09:51Z,23025b717a93bdd8f30424e90a97d68f,2026-10-04T01:30:00Z,Washington State Cougars,Fresno State Bulldogs,betus,BetUS,2026-10-03T20:09:51Z,2026-10-03T20:09:51Z,Washington State Cougars,-2.0,-110.0,2026,2026-10-03T20:09:51Z,1353,0.5391605439757743,4.633078388024464,-1.5939178440486899,1feba84fd18f68e7fdf2ba1009ccb233ae813530b58f3490139d39ef07ce2642,timestamped_live_quote,FBS vs FBS
2026-10-03T20:09:51Z,23025b717a93bdd8f30424e90a97d68f,2026-10-04T01:30:00Z,Washington State Cougars,Fresno State Bulldogs,betmgm,BetMGM,2026-10-03T20:09:13Z,2026-10-03T20:09:13Z,Fresno State Bulldogs,2.5,-108.0,2026,2026-10-03T20:09:51Z,1353,0.5391605439757743,4.633078388024464,-1.5939178440486899,1feba84fd18f68e7fdf2ba1009ccb233ae813530b58f3490139d39ef07ce2642,timestamped_live_quote,FBS vs FBS
2026-10-03T20:09:51Z,23025b717a93bdd8f30424e90a97d68f,2026-10-04T01:30:00Z,Washington State Cougars,Fresno State Bulldogs,betmgm,BetMGM,2026-10-03T20:09:13Z,2026-10-03T20:09:13Z,Washington State Cougars,-2.5,-110.0,2026,2026-10-03T20:09:51Z,1353,0.5391605439757743,4.633078388024464,-1.5939178440486899,1feba84fd18f68e7fdf2ba1009ccb233ae813530b58f3490139d39ef07ce2642,timestamped_live_quote,FBS vs FBS
2026-10-03T20:09:51Z,23025b717a93bdd8f30424e90a97d68f,2026-10-04T01:30:00Z,Washington State Cougars,Fresno State Bulldogs,bovada,Bovada,2026-10-03T20:07:53Z,2026-10-03T20:07:53Z,Fresno State Bulldogs,2.5,-115.0,2026,2026-10-03T20:09:51Z,1353,0.5391605439757743,4.633078388024464,-1.5939178440486899,1feba84fd18f68e7fdf2ba1009ccb233ae813530b58f3490139d39ef07ce2642,timestamped_live_quote,FBS vs FBS
2026-10-03T20:09:51Z,23025b717a93bdd8f30424e90a97d68f,2026-10-04T01:30:00Z,Washington State Cougars,Fresno State Bulldogs,bovada,Bovada,2026-10-03T20:07:53Z,2026-10-03T20:07:53Z,Washington State Cougars,-2.5,-105.0,2026,2026-10-03T20:09:51Z,1353,0.5391605439757743,4.633078388024464,-1.5939178440486899,1feba84fd18f68e7fdf2ba1009ccb233ae813530b58f3490139d39ef07ce2642,timestamped_live_quote,FBS vs FBS
2026-10-03T20:09:51Z,4ec93b02d04c2a019ebd6f4ccd9f7af5,2026-10-04T02:30:00Z,Arizona State Sun Devils,Baylor Bears,fanduel,FanDuel,2026-10-03T20:09:37Z,2026-10-03T20:09:37Z,Arizona State Sun Devils,-3.5,-106.0,2026,2026-10-03T20:09:51Z,1353,7.542223927865507,9.156645351039705,0.885578576825802,1feba84fd18f68e7fdf2ba1009ccb233ae813530b58f3490139d39ef07ce2642,timestamped_live_quote,FBS vs FBS
2026-10-03T20:09:51Z,4ec93b02d04c2a019ebd6f4ccd9f7af5,2026-10-04T02:30:00Z,Arizona State Sun Devils,Baylor Bears,fanduel,FanDuel,2026-10-03T20:09:37Z,2026-10-03T20:09:37Z,Baylor Bears,3.5,-114.0,2026,2026-10-03T20:09:51Z,1353,7.542223927865507,9.156645351039705,0.885578576825802,1feba84fd18f68e7fdf2ba1009ccb233ae813530b58f3490139d39ef07ce2642,timestamped_live_quote,FBS vs FBS
2026-10-03T20:09:51Z,4ec93b02d04c2a019ebd6f4ccd9f7af5,2026-10-04T02:30:00Z,Arizona State Sun Devils,Baylor Bears,betrivers,BetRivers,2026-10-03T20:09:08Z,2026-10-03T20:09:08Z,Arizona State Sun Devils,-3.5,-114.0,2026,2026-10-03T20:09:51Z,1353,7.542223927865507,9.156645351039705,0.885578576825802,1feba84fd18f68e7fdf2ba1009ccb233ae813530b58f3490139d39ef07ce2642,timestamped_live_quote,FBS vs FBS
2026-10-03T20:09:51Z,4ec93b02d04c2a019ebd6f4ccd9f7af5,2026-10-04T02:30:00Z,Arizona State Sun Devils,Baylor Bears,betrivers,BetRivers,2026-10-03T20:09:08Z,2026-10-03T20:09:08Z,Baylor Bears,3.5,-110.0,2026,2026-10-03T20:09:51Z,1353,7.542223927865507,9.156645351039705,0.885578576825802,1feba84fd18f68e7fdf2ba1009ccb233ae813530b58f3490139d39ef07ce2642,timestamped_live_quote,FBS vs FBS
2026-10-03T20:09:51Z,4ec93b02d04c2a019ebd6f4ccd9f7af5,2026-10-04T02:30:00Z,Arizona State Sun Devils,Baylor Bears,betonlineag,BetOnline.ag,2026-10-03T20:09:23Z,2026-10-03T20:09:23Z,Arizona State Sun Devils,-3.5,-105.0,2026,2026-10-03T20:09:51Z,1353,7.542223927865507,9.156645351039705,0.885578576825802,1feba84fd18f68e7fdf2ba1009ccb233ae813530b58f3490139d39ef07ce2642,timestamped_live_quote,FBS vs FBS
2026-10-03T20:09:51Z,4ec93b02d04c2a019ebd6f4ccd9f7af5,2026-10-04T02:30:00Z,Arizona State Sun Devils,Baylor Bears,betonlineag,BetOnline.ag,2026-10-03T20:09:23Z,2026-10-03T20:09:23Z,Baylor Bears,3.5,-115.0,2026,2026-10-03T20:09:51Z,1353,7.542223927865507,9.156645351039705,0.885578576825802,1feba84fd18f68e7fdf2ba1009ccb233ae813530b58f3490139d39ef07ce2642,timestamped_live_quote,FBS vs FBS
2026-10-03T20:09:51Z,4ec93b02d04c2a019ebd6f4ccd9f7af5,2026-10-04T02:30:00Z,Arizona State Sun Devils,Baylor Bears,lowvig,LowVig.ag,2026-10-03T20:08:53Z,2026-10-03T20:08:53Z,Arizona State Sun Devils,-3.5,-101.0,2026,2026-10-03T20:09:51Z,1353,7.542223927865507,9.156645351039705,0.885578576825802,1feba84fd18f68e7fdf2ba1009ccb233ae813530b58f3490139d39ef07ce2642,timestamped_live_quote,FBS vs FBS
2026-10-03T20:09:51Z,4ec93b02d04c2a019ebd6f4ccd9f7af5,2026-10-04T02:30:00Z,Arizona State Sun Devils,Baylor Bears,lowvig,LowVig.ag,2026-10-03T20:08:53Z,2026-10-03T20:08:53Z,Baylor Bears,3.5,-111.0,2026,2026-10-03T20:09:51Z,1353,7.542223927865507,9.156645351039705,0.885578576825802,1feba84fd18f68e7fdf2ba1009ccb233ae813530b58f3490139d39ef07ce2642,timestamped_live_quote,FBS vs FBS
2026-10-03T20:09:51Z,4ec93b02d04c2a019ebd6f4ccd9f7af5,2026-10-04T02:30:00Z,Arizona State Sun Devils,Baylor Bears,draftkings,DraftKings,2026-10-03T20:08:52Z,2026-10-03T20:08:52Z,Arizona State Sun Devils,-3.5,-110.0,2026,2026-10-03T20:09:51Z,1353,7.542223927865507,9.156645351039705,0.885578576825802,1feba84fd18f68e7fdf2ba1009ccb233ae813530b58f3490139d39ef07ce2642,timestamped_live_quote,FBS vs FBS
2026-10-03T20:09:51Z,4ec93b02d04c2a019ebd6f4ccd9f7af5,2026-10-04T02:30:00Z,Arizona State Sun Devils,Baylor Bears,draftkings,DraftKings,2026-10-03T20:08:52Z,2026-10-03T20:08:52Z,Baylor Bears,3.5,-110.0,2026,2026-10-03T20:09:51Z,1353,7.542223927865507,9.156645351039705,0.885578576825802,1feba84fd18f68e7fdf2ba1009ccb233ae813530b58f3490139d39ef07ce2642,timestamped_live_quote,FBS vs FBS
2026-10-03T20:09:51Z,4ec93b02d04c2a019ebd6f4ccd9f7af5,2026-10-04T02:30:00Z,Arizona State Sun Devils,Baylor Bears,mybookieag,MyBookie.ag,2026-10-03T20:08:37Z,2026-10-03T20:08:37Z,Arizona State Sun Devils,-3.5,-110.0,2026,2026-10-03T20:09:51Z,1353,7.542223927865507,9.156645351039705,0.885578576825802,1feba84fd18f68e7fdf2ba1009ccb233ae813530b58f3490139d39ef07ce2642,timestamped_live_quote,FBS vs FBS
2026-10-03T20:09:51Z,4ec93b02d04c2a019ebd6f4ccd9f7af5,2026-10-04T02:30:00Z,Arizona State Sun Devils,Baylor Bears,mybookieag,MyBookie.ag,2026-10-03T20:08:37Z,2026-10-03T20:08:37Z,Baylor Bears,3.5,-110.0,2026,2026-10-03T20:09:51Z,1353,7.542223927865507,9.156645351039705,0.885578576825802,1feba84fd18f68e7fdf2ba1009ccb233ae813530b58f3490139d39ef07ce2642,timestamped_live_quote,FBS vs FBS
2026-10-03T20:09:51Z,4ec93b02d04c2a019ebd6f4ccd9f7af5,2026-10-04T02:30:00Z,Arizona State Sun Devils,Baylor Bears,betus,BetUS,2026-10-03T20:09:51Z,2026-10-03T20:09:51Z,Arizona State Sun Devils,-3.5,-110.0,2026,2026-10-03T20:09:51Z,1353,7.542223927865507,9.156645351039705,0.885578576825802,1feba84fd18f68e7fdf2ba1009ccb233ae813530b58f3490139d39ef07ce2642,timestamped_live_quote,FBS vs FBS
2026-10-03T20:09:51Z,4ec93b02d04c2a019ebd6f4ccd9f7af5,2026-10-04T02:30:00Z,Arizona State Sun Devils,Baylor Bears,betus,BetUS,2026-10-03T20:09:51Z,2026-10-03T20:09:51Z,Baylor Bears,3.5,-110.0,2026,2026-10-03T20:09:51Z,1353,7.542223927865507,9.156645351039705,0.885578576825802,1feba84fd18f68e7fdf2ba1009ccb233ae813530b58f3490139d39ef07ce2642,timestamped_live_quote,FBS vs FBS
2026-10-03T20:09:51Z,4ec93b02d04c2a019ebd6f4ccd9f7af5,2026-10-04T02:30:00Z,Arizona State Sun Devils,Baylor Bears,betmgm,BetMGM,2026-10-03T20:09:13Z,2026-10-03T20:09:13Z,Arizona State Sun Devils,-3.5,-108.0,2026,2026-10-03T20:09:51Z,1353,7.542223927865507,9.156645351039705,0.885578576825802,1feba84fd18f68e7fdf2ba1009ccb233ae813530b58f3490139d39ef07ce2642,timestamped_live_quote,FBS vs FBS
2026-10-03T20:09:51Z,4ec93b02d04c2a019ebd6f4ccd9f7af5,2026-10-04T02:30:00Z,Arizona State Sun Devils,Baylor Bears,betmgm,BetMGM,2026-10-03T20:09:13Z,2026-10-03T20:09:13Z,Baylor Bears,3.5,-110.0,2026,2026-10-03T20:09:51Z,1353,7.542223927865507,9.156645351039705,0.885578576825802,1feba84fd18f68e7fdf2ba1009ccb233ae813530b58f3490139d39ef07ce2642,timestamped_live_quote,FBS vs FBS
2026-10-03T20:09:51Z,4ec93b02d04c2a019ebd6f4ccd9f7af5,2026-10-04T02:30:00Z,Arizona State Sun Devils,Baylor Bears,bovada,Bovada,2026-10-03T20:07:53Z,2026-10-03T20:07:53Z,Arizona State Sun Devils,-3.5,-105.0,2026,2026-10-03T20:09:51Z,1353,7.542223927865507,9.156645351039705,0.885578576825802,1feba84fd18f68e7fdf2ba1009ccb233ae813530b58f3490139d39ef07ce2642,timestamped_live_quote,FBS vs FBS
2026-10-03T20:09:51Z,4ec93b02d04c2a019ebd6f4ccd9f7af5,2026-10-04T02:30:00Z,Arizona State Sun Devils,Baylor Bears,bovada,Bovada,2026-10-03T20:07:53Z,2026-10-03T20:07:53Z,Baylor Bears,3.5,-115.0,2026,2026-10-03T20:09:51Z,1353,7.542223927865507,9.156645351039705,0.885578576825802,1feba84fd18f68e7fdf2ba1009ccb233ae813530b58f3490139d39ef07ce2642,timestamped_live_quote,FBS vs FBS
2026-10-03T20:09:51Z,f73081099f845f23ea7f41ef09128cdd,2026-10-04T02:30:00Z,San Diego State Aztecs,Texas State Bobcats,fanduel,FanDuel,2026-10-03T20:09:37Z,2026-10-03T20:09:37Z,San Diego State Aztecs,10.5,-115.0,2026,2026-10-03T20:09:51Z,1353,-0.07438037784498053,4.173141588886354,-1.7475219667313349,1feba84fd18f68e7fdf2ba1009ccb233ae813530b58f3490139d39ef07ce2642,timestamped_live_quote,FBS vs FBS
2026-10-03T20:09:51Z,f73081099f845f23ea7f41ef09128cdd,2026-10-04T02:30:00Z,San Diego State Aztecs,Texas State Bobcats,fanduel,FanDuel,2026-10-03T20:09:37Z,2026-10-03T20:09:37Z,Texas State Bobcats,-10.5,-105.0,2026,2026-10-03T20:09:51Z,1353,-0.07438037784498053,4.173141588886354,-1.7475219667313349,1feba84fd18f68e7fdf2ba1009ccb233ae813530b58f3490139d39ef07ce2642,timestamped_live_quote,FBS vs FBS
2026-10-03T20:09:51Z,f73081099f845f23ea7f41ef09128cdd,2026-10-04T02:30:00Z,San Diego State Aztecs,Texas State Bobcats,betonlineag,BetOnline.ag,2026-10-03T20:09:23Z,2026-10-03T20:09:23Z,San Diego State Aztecs,10.0,-112.0,2026,2026-10-03T20:09:51Z,1353,-0.07438037784498053,4.173141588886354,-1.7475219667313349,1feba84fd18f68e7fdf2ba1009ccb233ae813530b58f3490139d39ef07ce2642,timestamped_live_quote,FBS vs FBS
2026-10-03T20:09:51Z,f73081099f845f23ea7f41ef09128cdd,2026-10-04T02:30:00Z,San Diego State Aztecs,Texas State Bobcats,betonlineag,BetOnline.ag,2026-10-03T20:09:23Z,2026-10-03T20:09:23Z,Texas State Bobcats,-10.0,-108.0,2026,2026-10-03T20:09:51Z,1353,-0.07438037784498053,4.173141588886354,-1.7475219667313349,1feba84fd18f68e7fdf2ba1009ccb233ae813530b58f3490139d39ef07ce2642,timestamped_live_quote,FBS vs FBS
2026-10-03T20:09:51Z,f73081099f845f23ea7f41ef09128cdd,2026-10-04T02:30:00Z,San Diego State Aztecs,Texas State Bobcats,lowvig,LowVig.ag,2026-10-03T20:08:53Z,2026-10-03T20:08:53Z,San Diego State Aztecs,10.0,-108.0,2026,2026-10-03T20:09:51Z,1353,-0.07438037784498053,4.173141588886354,-1.7475219667313349,1feba84fd18f68e7fdf2ba1009ccb233ae813530b58f3490139d39ef07ce2642,timestamped_live_quote,FBS vs FBS
2026-10-03T20:09:51Z,f73081099f845f23ea7f41ef09128cdd,2026-10-04T02:30:00Z,San Diego State Aztecs,Texas State Bobcats,lowvig,LowVig.ag,2026-10-03T20:08:53Z,2026-10-03T20:08:53Z,Texas State Bobcats,-10.0,-104.0,2026,2026-10-03T20:09:51Z,1353,-0.07438037784498053,4.173141588886354,-1.7475219667313349,1feba84fd18f68e7fdf2ba1009ccb233ae813530b58f3490139d39ef07ce2642,timestamped_live_quote,FBS vs FBS
2026-10-03T20:09:51Z,f73081099f845f23ea7f41ef09128cdd,2026-10-04T02:30:00Z,San Diego State Aztecs,Texas State Bobcats,betrivers,BetRivers,2026-10-03T20:09:08Z,2026-10-03T20:09:08Z,San Diego State Aztecs,9.5,-107.0,2026,2026-10-03T20:09:51Z,1353,-0.07438037784498053,4.173141588886354,-1.7475219667313349,1feba84fd18f68e7fdf2ba1009ccb233ae813530b58f3490139d39ef07ce2642,timestamped_live_quote,FBS vs FBS
2026-10-03T20:09:51Z,f73081099f845f23ea7f41ef09128cdd,2026-10-04T02:30:00Z,San Diego State Aztecs,Texas State Bobcats,betrivers,BetRivers,2026-10-03T20:09:08Z,2026-10-03T20:09:08Z,Texas State Bobcats,-9.5,-117.0,2026,2026-10-03T20:09:51Z,1353,-0.07438037784498053,4.173141588886354,-1.7475219667313349,1feba84fd18f68e7fdf2ba1009ccb233ae813530b58f3490139d39ef07ce2642,timestamped_live_quote,FBS vs FBS
2026-10-03T20:09:51Z,f73081099f845f23ea7f41ef09128cdd,2026-10-04T02:30:00Z,San Diego State Aztecs,Texas State Bobcats,draftkings,DraftKings,2026-10-03T20:08:52Z,2026-10-03T20:08:52Z,San Diego State Aztecs,9.5,-108.0,2026,2026-10-03T20:09:51Z,1353,-0.07438037784498053,4.173141588886354,-1.7475219667313349,1feba84fd18f68e7fdf2ba1009ccb233ae813530b58f3490139d39ef07ce2642,timestamped_live_quote,FBS vs FBS
2026-10-03T20:09:51Z,f73081099f845f23ea7f41ef09128cdd,2026-10-04T02:30:00Z,San Diego State Aztecs,Texas State Bobcats,draftkings,DraftKings,2026-10-03T20:08:52Z,2026-10-03T20:08:52Z,Texas State Bobcats,-9.5,-112.0,2026,2026-10-03T20:09:51Z,1353,-0.07438037784498053,4.173141588886354,-1.7475219667313349,1feba84fd18f68e7fdf2ba1009ccb233ae813530b58f3490139d39ef07ce2642,timestamped_live_quote,FBS vs FBS
2026-10-03T20:09:51Z,f73081099f845f23ea7f41ef09128cdd,2026-10-04T02:30:00Z,San Diego State Aztecs,Texas State Bobcats,mybookieag,MyBookie.ag,2026-10-03T20:08:37Z,2026-10-03T20:08:37Z,San Diego State Aztecs,10.0,-110.0,2026,2026-10-03T20:09:51Z,1353,-0.07438037784498053,4.173141588886354,-1.7475219667313349,1feba84fd18f68e7fdf2ba1009ccb233ae813530b58f3490139d39ef07ce2642,timestamped_live_quote,FBS vs FBS
2026-10-03T20:09:51Z,f73081099f845f23ea7f41ef09128cdd,2026-10-04T02:30:00Z,San Diego State Aztecs,Texas State Bobcats,mybookieag,MyBookie.ag,2026-10-03T20:08:37Z,2026-10-03T20:08:37Z,Texas State Bobcats,-10.0,-110.0,2026,2026-10-03T20:09:51Z,1353,-0.07438037784498053,4.173141588886354,-1.7475219667313349,1feba84fd18f68e7fdf2ba1009ccb233ae813530b58f3490139d39ef07ce2642,timestamped_live_quote,FBS vs FBS
2026-10-03T20:09:51Z,f73081099f845f23ea7f41ef09128cdd,2026-10-04T02:30:00Z,San Diego State Aztecs,Texas State Bobcats,betus,BetUS,2026-10-03T20:09:51Z,2026-10-03T20:09:51Z,San Diego State Aztecs,10.0,-110.0,2026,2026-10-03T20:09:51Z,1353,-0.07438037784498053,4.173141588886354,-1.7475219667313349,1feba84fd18f68e7fdf2ba1009ccb233ae813530b58f3490139d39ef07ce2642,timestamped_live_quote,FBS vs FBS
2026-10-03T20:09:51Z,f73081099f845f23ea7f41ef09128cdd,2026-10-04T02:30:00Z,San Diego State Aztecs,Texas State Bobcats,betus,BetUS,2026-10-03T20:09:51Z,2026-10-03T20:09:51Z,Texas State Bobcats,-10.0,-110.0,2026,2026-10-03T20:09:51Z,1353,-0.07438037784498053,4.173141588886354,-1.7475219667313349,1feba84fd18f68e7fdf2ba1009ccb233ae813530b58f3490139d39ef07ce2642,timestamped_live_quote,FBS vs FBS
2026-10-03T20:09:51Z,f73081099f845f23ea7f41ef09128cdd,2026-10-04T02:30:00Z,San Diego State Aztecs,Texas State Bobcats,betmgm,BetMGM,2026-10-03T20:09:13Z,2026-10-03T20:09:13Z,San Diego State Aztecs,10.0,-108.0,2026,2026-10-03T20:09:51Z,1353,-0.07438037784498053,4.173141588886354,-1.7475219667313349,1feba84fd18f68e7fdf2ba1009ccb233ae813530b58f3490139d39ef07ce2642,timestamped_live_quote,FBS vs FBS
2026-10-03T20:09:51Z,f73081099f845f23ea7f41ef09128cdd,2026-10-04T02:30:00Z,San Diego State Aztecs,Texas State Bobcats,betmgm,BetMGM,2026-10-03T20:09:13Z,2026-10-03T20:09:13Z,Texas State Bobcats,-10.0,-110.0,2026,2026-10-03T20:09:51Z,1353,-0.07438037784498053,4.173141588886354,-1.7475219667313349,1feba84fd18f68e7fdf2ba1009ccb233ae813530b58f3490139d39ef07ce2642,timestamped_live_quote,FBS vs FBS
2026-10-03T20:09:51Z,f73081099f845f23ea7f41ef09128cdd,2026-10-04T02:30:00Z,San Diego State Aztecs,Texas State Bobcats,bovada,Bovada,2026-10-03T20:07:53Z,2026-10-03T20:07:53Z,San Diego State Aztecs,10.0,-115.0,2026,2026-10-03T20:09:51Z,1353,-0.07438037784498053,4.173141588886354,-1.7475219667313349,1feba84fd18f68e7fdf2ba1009ccb233ae813530b58f3490139d39ef07ce2642,timestamped_live_quote,FBS vs FBS
2026-10-03T20:09:51Z,f73081099f845f23ea7f41ef09128cdd,2026-10-04T02:30:00Z,San Diego State Aztecs,Texas State Bobcats,bovada,Bovada,2026-10-03T20:07:53Z,2026-10-03T20:07:53Z,Texas State Bobcats,-10.0,-105.0,2026,2026-10-03T20:09:51Z,1353,-0.07438037784498053,4.173141588886354,-1.7475219667313349,1feba84fd18f68e7fdf2ba1009ccb233ae813530b58f3490139d39ef07ce2642,timestamped_live_quote,FBS vs FBS
2026-10-03T20:09:51Z,63dded0ee467d6f6d03c41673569238d,2026-10-04T03:00:00Z,Arizona Wildcats,Cincinnati Bearcats,fanduel,FanDuel,2026-10-03T20:09:37Z,2026-10-03T20:09:37Z,Arizona Wildcats,-6.5,-120.0,2026,2026-10-03T20:09:51Z,1353,7.069797514602171,10.010687534828536,-0.44089002022636503,1feba84fd18f68e7fdf2ba1009ccb233ae813530b58f3490139d39ef07ce2642,timestamped_live_quote,FBS vs FBS
2026-10-03T20:09:51Z,63dded0ee467d6f6d03c41673569238d,2026-10-04T03:00:00Z,Arizona Wildcats,Cincinnati Bearcats,fanduel,FanDuel,2026-10-03T20:09:37Z,2026-10-03T20:09:37Z,Cincinnati Bearcats,6.5,-102.0,2026,2026-10-03T20:09:51Z,1353,7.069797514602171,10.010687534828536,-0.44089002022636503,1feba84fd18f68e7fdf2ba1009ccb233ae813530b58f3490139d39ef07ce2642,timestamped_live_quote,FBS vs FBS
2026-10-03T20:09:51Z,63dded0ee467d6f6d03c41673569238d,2026-10-04T03:00:00Z,Arizona Wildcats,Cincinnati Bearcats,draftkings,DraftKings,2026-10-03T20:08:52Z,2026-10-03T20:08:52Z,Arizona Wildcats,-7.0,-105.0,2026,2026-10-03T20:09:51Z,1353,7.069797514602171,10.010687534828536,-0.44089002022636503,1feba84fd18f68e7fdf2ba1009ccb233ae813530b58f3490139d39ef07ce2642,timestamped_live_quote,FBS vs FBS
2026-10-03T20:09:51Z,63dded0ee467d6f6d03c41673569238d,2026-10-04T03:00:00Z,Arizona Wildcats,Cincinnati Bearcats,draftkings,DraftKings,2026-10-03T20:08:52Z,2026-10-03T20:08:52Z,Cincinnati Bearcats,7.0,-115.0,2026,2026-10-03T20:09:51Z,1353,7.069797514602171,10.010687534828536,-0.44089002022636503,1feba84fd18f68e7fdf2ba1009ccb233ae813530b58f3490139d39ef07ce2642,timestamped_live_quote,FBS vs FBS
2026-10-03T20:09:51Z,63dded0ee467d6f6d03c41673569238d,2026-10-04T03:00:00Z,Arizona Wildcats,Cincinnati Bearcats,betrivers,BetRivers,2026-10-03T20:09:08Z,2026-10-03T20:09:08Z,Arizona Wildcats,-7.0,-107.0,2026,2026-10-03T20:09:51Z,1353,7.069797514602171,10.010687534828536,-0.44089002022636503,1feba84fd18f68e7fdf2ba1009ccb233ae813530b58f3490139d39ef07ce2642,timestamped_live_quote,FBS vs FBS
2026-10-03T20:09:51Z,63dded0ee467d6f6d03c41673569238d,2026-10-04T03:00:00Z,Arizona Wildcats,Cincinnati Bearcats,betrivers,BetRivers,2026-10-03T20:09:08Z,2026-10-03T20:09:08Z,Cincinnati Bearcats,7.0,-117.0,2026,2026-10-03T20:09:51Z,1353,7.069797514602171,10.010687534828536,-0.44089002022636503,1feba84fd18f68e7fdf2ba1009ccb233ae813530b58f3490139d39ef07ce2642,timestamped_live_quote,FBS vs FBS
2026-10-03T20:09:51Z,63dded0ee467d6f6d03c41673569238d,2026-10-04T03:00:00Z,Arizona Wildcats,Cincinnati Bearcats,lowvig,LowVig.ag,2026-10-03T20:08:53Z,2026-10-03T20:08:53Z,Arizona Wildcats,-7.0,-101.0,2026,2026-10-03T20:09:51Z,1353,7.069797514602171,10.010687534828536,-0.44089002022636503,1feba84fd18f68e7fdf2ba1009ccb233ae813530b58f3490139d39ef07ce2642,timestamped_live_quote,FBS vs FBS
2026-10-03T20:09:51Z,63dded0ee467d6f6d03c41673569238d,2026-10-04T03:00:00Z,Arizona Wildcats,Cincinnati Bearcats,lowvig,LowVig.ag,2026-10-03T20:08:53Z,2026-10-03T20:08:53Z,Cincinnati Bearcats,7.0,-111.0,2026,2026-10-03T20:09:51Z,1353,7.069797514602171,10.010687534828536,-0.44089002022636503,1feba84fd18f68e7fdf2ba1009ccb233ae813530b58f3490139d39ef07ce2642,timestamped_live_quote,FBS vs FBS
2026-10-03T20:09:51Z,63dded0ee467d6f6d03c41673569238d,2026-10-04T03:00:00Z,Arizona Wildcats,Cincinnati Bearcats,betonlineag,BetOnline.ag,2026-10-03T20:09:23Z,2026-10-03T20:09:23Z,Arizona Wildcats,-7.0,-105.0,2026,2026-10-03T20:09:51Z,1353,7.069797514602171,10.010687534828536,-0.44089002022636503,1feba84fd18f68e7fdf2ba1009ccb233ae813530b58f3490139d39ef07ce2642,timestamped_live_quote,FBS vs FBS
2026-10-03T20:09:51Z,63dded0ee467d6f6d03c41673569238d,2026-10-04T03:00:00Z,Arizona Wildcats,Cincinnati Bearcats,betonlineag,BetOnline.ag,2026-10-03T20:09:23Z,2026-10-03T20:09:23Z,Cincinnati Bearcats,7.0,-115.0,2026,2026-10-03T20:09:51Z,1353,7.069797514602171,10.010687534828536,-0.44089002022636503,1feba84fd18f68e7fdf2ba1009ccb233ae813530b58f3490139d39ef07ce2642,timestamped_live_quote,FBS vs FBS
2026-10-03T20:09:51Z,63dded0ee467d6f6d03c41673569238d,2026-10-04T03:00:00Z,Arizona Wildcats,Cincinnati Bearcats,mybookieag,MyBookie.ag,2026-10-03T20:08:37Z,2026-10-03T20:08:37Z,Arizona Wildcats,-7.0,-110.0,2026,2026-10-03T20:09:51Z,1353,7.069797514602171,10.010687534828536,-0.44089002022636503,1feba84fd18f68e7fdf2ba1009ccb233ae813530b58f3490139d39ef07ce2642,timestamped_live_quote,FBS vs FBS
2026-10-03T20:09:51Z,63dded0ee467d6f6d03c41673569238d,2026-10-04T03:00:00Z,Arizona Wildcats,Cincinnati Bearcats,mybookieag,MyBookie.ag,2026-10-03T20:08:37Z,2026-10-03T20:08:37Z,Cincinnati Bearcats,7.0,-110.0,2026,2026-10-03T20:09:51Z,1353,7.069797514602171,10.010687534828536,-0.44089002022636503,1feba84fd18f68e7fdf2ba1009ccb233ae813530b58f3490139d39ef07ce2642,timestamped_live_quote,FBS vs FBS
2026-10-03T20:09:51Z,63dded0ee467d6f6d03c41673569238d,2026-10-04T03:00:00Z,Arizona Wildcats,Cincinnati Bearcats,betus,BetUS,2026-10-03T20:09:51Z,2026-10-03T20:09:51Z,Arizona Wildcats,-7.0,-105.0,2026,2026-10-03T20:09:51Z,1353,7.069797514602171,10.010687534828536,-0.44089002022636503,1feba84fd18f68e7fdf2ba1009ccb233ae813530b58f3490139d39ef07ce2642,timestamped_live_quote,FBS vs FBS
2026-10-03T20:09:51Z,63dded0ee467d6f6d03c41673569238d,2026-10-04T03:00:00Z,Arizona Wildcats,Cincinnati Bearcats,betus,BetUS,2026-10-03T20:09:51Z,2026-10-03T20:09:51Z,Cincinnati Bearcats,7.0,-115.0,2026,2026-10-03T20:09:51Z,1353,7.069797514602171,10.010687534828536,-0.44089002022636503,1feba84fd18f68e7fdf2ba1009ccb233ae813530b58f3490139d39ef07ce2642,timestamped_live_quote,FBS vs FBS
2026-10-03T20:09:51Z,63dded0ee467d6f6d03c41673569238d,2026-10-04T03:00:00Z,Arizona Wildcats,Cincinnati Bearcats,betmgm,BetMGM,2026-10-03T20:09:13Z,2026-10-03T20:09:13Z,Arizona Wildcats,-7.0,-105.0,2026,2026-10-03T20:09:51Z,1353,7.069797514602171,10.010687534828536,-0.44089002022636503,1feba84fd18f68e7fdf2ba1009ccb233ae813530b58f3490139d39ef07ce2642,timestamped_live_quote,FBS vs FBS
2026-10-03T20:09:51Z,63dded0ee467d6f6d03c41673569238d,2026-10-04T03:00:00Z,Arizona Wildcats,Cincinnati Bearcats,betmgm,BetMGM,2026-10-03T20:09:13Z,2026-10-03T20:09:13Z,Cincinnati Bearcats,7.0,-115.0,2026,2026-10-03T20:09:51Z,1353,7.069797514602171,10.010687534828536,-0.44089002022636503,1feba84fd18f68e7fdf2ba1009ccb233ae813530b58f3490139d39ef07ce2642,timestamped_live_quote,FBS vs FBS
2026-10-03T20:09:51Z,63dded0ee467d6f6d03c41673569238d,2026-10-04T03:00:00Z,Arizona Wildcats,Cincinnati Bearcats,bovada,Bovada,2026-10-03T20:07:53Z,2026-10-03T20:07:53Z,Arizona Wildcats,-7.0,-105.0,2026,2026-10-03T20:09:51Z,1353,7.069797514602171,10.010687534828536,-0.44089002022636503,1feba84fd18f68e7fdf2ba1009ccb233ae813530b58f3490139d39ef07ce2642,timestamped_live_quote,FBS vs FBS
2026-10-03T20:09:51Z,63dded0ee467d6f6d03c41673569238d,2026-10-04T03:00:00Z,Arizona Wildcats,Cincinnati Bearcats,bovada,Bovada,2026-10-03T20:07:53Z,2026-10-03T20:07:53Z,Cincinnati Bearcats,7.0,-115.0,2026,2026-10-03T20:09:51Z,1353,7.069797514602171,10.010687534828536,-0.44089002022636503,1feba84fd18f68e7fdf2ba1009ccb233ae813530b58f3490139d39ef07ce2642,timestamped_live_quote,FBS vs FBS
2026-10-03T20:09:51Z,4d9e59b57798afb31927c84e1f6dc25e,2026-10-04T03:59:00Z,Hawaii Rainbow Warriors,San Jose State Spartans,fanduel,FanDuel,2026-10-03T20:09:37Z,2026-10-03T20:09:37Z,Hawaii Rainbow Warriors,-2.5,-115.0,2026,2026-10-03T20:09:51Z,1353,-4.682376601702919,-1.134386275673051,-1.0479903260298684,1feba84fd18f68e7fdf2ba1009ccb233ae813530b58f3490139d39ef07ce2642,timestamped_live_quote,FBS vs FBS
2026-10-03T20:09:51Z,4d9e59b57798afb31927c84e1f6dc25e,2026-10-04T03:59:00Z,Hawaii Rainbow Warriors,San Jose State Spartans,fanduel,FanDuel,2026-10-03T20:09:37Z,2026-10-03T20:09:37Z,San Jose State Spartans,2.5,-105.0,2026,2026-10-03T20:09:51Z,1353,-4.682376601702919,-1.134386275673051,-1.0479903260298684,1feba84fd18f68e7fdf2ba1009ccb233ae813530b58f3490139d39ef07ce2642,timestamped_live_quote,FBS vs FBS
2026-10-03T20:09:51Z,4d9e59b57798afb31927c84e1f6dc25e,2026-10-04T03:59:00Z,Hawaii Rainbow Warriors,San Jose State Spartans,betrivers,BetRivers,2026-10-03T20:09:08Z,2026-10-03T20:09:08Z,Hawaii Rainbow Warriors,-3.0,-110.0,2026,2026-10-03T20:09:51Z,1353,-4.682376601702919,-1.134386275673051,-1.0479903260298684,1feba84fd18f68e7fdf2ba1009ccb233ae813530b58f3490139d39ef07ce2642,timestamped_live_quote,FBS vs FBS
2026-10-03T20:09:51Z,4d9e59b57798afb31927c84e1f6dc25e,2026-10-04T03:59:00Z,Hawaii Rainbow Warriors,San Jose State Spartans,betrivers,BetRivers,2026-10-03T20:09:08Z,2026-10-03T20:09:08Z,San Jose State Spartans,3.0,-113.0,2026,2026-10-03T20:09:51Z,1353,-4.682376601702919,-1.134386275673051,-1.0479903260298684,1feba84fd18f68e7fdf2ba1009ccb233ae813530b58f3490139d39ef07ce2642,timestamped_live_quote,FBS vs FBS
2026-10-03T20:09:51Z,4d9e59b57798afb31927c84e1f6dc25e,2026-10-04T03:59:00Z,Hawaii Rainbow Warriors,San Jose State Spartans,betonlineag,BetOnline.ag,2026-10-03T20:09:23Z,2026-10-03T20:09:23Z,Hawaii Rainbow Warriors,-3.0,-106.0,2026,2026-10-03T20:09:51Z,1353,-4.682376601702919,-1.134386275673051,-1.0479903260298684,1feba84fd18f68e7fdf2ba1009ccb233ae813530b58f3490139d39ef07ce2642,timestamped_live_quote,FBS vs FBS
2026-10-03T20:09:51Z,4d9e59b57798afb31927c84e1f6dc25e,2026-10-04T03:59:00Z,Hawaii Rainbow Warriors,San Jose State Spartans,betonlineag,BetOnline.ag,2026-10-03T20:09:23Z,2026-10-03T20:09:23Z,San Jose State Spartans,3.0,-114.0,2026,2026-10-03T20:09:51Z,1353,-4.682376601702919,-1.134386275673051,-1.0479903260298684,1feba84fd18f68e7fdf2ba1009ccb233ae813530b58f3490139d39ef07ce2642,timestamped_live_quote,FBS vs FBS
2026-10-03T20:09:51Z,4d9e59b57798afb31927c84e1f6dc25e,2026-10-04T03:59:00Z,Hawaii Rainbow Warriors,San Jose State Spartans,lowvig,LowVig.ag,2026-10-03T20:08:53Z,2026-10-03T20:08:53Z,Hawaii Rainbow Warriors,-3.0,-102.0,2026,2026-10-03T20:09:51Z,1353,-4.682376601702919,-1.134386275673051,-1.0479903260298684,1feba84fd18f68e7fdf2ba1009ccb233ae813530b58f3490139d39ef07ce2642,timestamped_live_quote,FBS vs FBS
2026-10-03T20:09:51Z,4d9e59b57798afb31927c84e1f6dc25e,2026-10-04T03:59:00Z,Hawaii Rainbow Warriors,San Jose State Spartans,lowvig,LowVig.ag,2026-10-03T20:08:53Z,2026-10-03T20:08:53Z,San Jose State Spartans,3.0,-110.0,2026,2026-10-03T20:09:51Z,1353,-4.682376601702919,-1.134386275673051,-1.0479903260298684,1feba84fd18f68e7fdf2ba1009ccb233ae813530b58f3490139d39ef07ce2642,timestamped_live_quote,FBS vs FBS
2026-10-03T20:09:51Z,4d9e59b57798afb31927c84e1f6dc25e,2026-10-04T03:59:00Z,Hawaii Rainbow Warriors,San Jose State Spartans,draftkings,DraftKings,2026-10-03T20:08:52Z,2026-10-03T20:08:52Z,Hawaii Rainbow Warriors,-2.5,-120.0,2026,2026-10-03T20:09:51Z,1353,-4.682376601702919,-1.134386275673051,-1.0479903260298684,1feba84fd18f68e7fdf2ba1009ccb233ae813530b58f3490139d39ef07ce2642,timestamped_live_quote,FBS vs FBS
2026-10-03T20:09:51Z,4d9e59b57798afb31927c84e1f6dc25e,2026-10-04T03:59:00Z,Hawaii Rainbow Warriors,San Jose State Spartans,draftkings,DraftKings,2026-10-03T20:08:52Z,2026-10-03T20:08:52Z,San Jose State Spartans,2.5,100.0,2026,2026-10-03T20:09:51Z,1353,-4.682376601702919,-1.134386275673051,-1.0479903260298684,1feba84fd18f68e7fdf2ba1009ccb233ae813530b58f3490139d39ef07ce2642,timestamped_live_quote,FBS vs FBS
2026-10-03T20:09:51Z,4d9e59b57798afb31927c84e1f6dc25e,2026-10-04T03:59:00Z,Hawaii Rainbow Warriors,San Jose State Spartans,mybookieag,MyBookie.ag,2026-10-03T20:08:37Z,2026-10-03T20:08:37Z,Hawaii Rainbow Warriors,-3.0,-110.0,2026,2026-10-03T20:09:51Z,1353,-4.682376601702919,-1.134386275673051,-1.0479903260298684,1feba84fd18f68e7fdf2ba1009ccb233ae813530b58f3490139d39ef07ce2642,timestamped_live_quote,FBS vs FBS
2026-10-03T20:09:51Z,4d9e59b57798afb31927c84e1f6dc25e,2026-10-04T03:59:00Z,Hawaii Rainbow Warriors,San Jose State Spartans,mybookieag,MyBookie.ag,2026-10-03T20:08:37Z,2026-10-03T20:08:37Z,San Jose State Spartans,3.0,-110.0,2026,2026-10-03T20:09:51Z,1353,-4.682376601702919,-1.134386275673051,-1.0479903260298684,1feba84fd18f68e7fdf2ba1009ccb233ae813530b58f3490139d39ef07ce2642,timestamped_live_quote,FBS vs FBS
2026-10-03T20:09:51Z,4d9e59b57798afb31927c84e1f6dc25e,2026-10-04T03:59:00Z,Hawaii Rainbow Warriors,San Jose State Spartans,betus,BetUS,2026-10-03T20:09:51Z,2026-10-03T20:09:51Z,Hawaii Rainbow Warriors,-2.5,-115.0,2026,2026-10-03T20:09:51Z,1353,-4.682376601702919,-1.134386275673051,-1.0479903260298684,1feba84fd18f68e7fdf2ba1009ccb233ae813530b58f3490139d39ef07ce2642,timestamped_live_quote,FBS vs FBS
2026-10-03T20:09:51Z,4d9e59b57798afb31927c84e1f6dc25e,2026-10-04T03:59:00Z,Hawaii Rainbow Warriors,San Jose State Spartans,betus,BetUS,2026-10-03T20:09:51Z,2026-10-03T20:09:51Z,San Jose State Spartans,2.5,-105.0,2026,2026-10-03T20:09:51Z,1353,-4.682376601702919,-1.134386275673051,-1.0479903260298684,1feba84fd18f68e7fdf2ba1009ccb233ae813530b58f3490139d39ef07ce2642,timestamped_live_quote,FBS vs FBS
2026-10-03T20:09:51Z,4d9e59b57798afb31927c84e1f6dc25e,2026-10-04T03:59:00Z,Hawaii Rainbow Warriors,San Jose State Spartans,betmgm,BetMGM,2026-10-03T20:09:13Z,2026-10-03T20:09:13Z,Hawaii Rainbow Warriors,-3.0,-105.0,2026,2026-10-03T20:09:51Z,1353,-4.682376601702919,-1.134386275673051,-1.0479903260298684,1feba84fd18f68e7fdf2ba1009ccb233ae813530b58f3490139d39ef07ce2642,timestamped_live_quote,FBS vs FBS
2026-10-03T20:09:51Z,4d9e59b57798afb31927c84e1f6dc25e,2026-10-04T03:59:00Z,Hawaii Rainbow Warriors,San Jose State Spartans,betmgm,BetMGM,2026-10-03T20:09:13Z,2026-10-03T20:09:13Z,San Jose State Spartans,3.0,-112.0,2026,2026-10-03T20:09:51Z,1353,-4.682376601702919,-1.134386275673051,-1.0479903260298684,1feba84fd18f68e7fdf2ba1009ccb233ae813530b58f3490139d39ef07ce2642,timestamped_live_quote,FBS vs FBS
2026-10-03T20:09:51Z,4d9e59b57798afb31927c84e1f6dc25e,2026-10-04T03:59:00Z,Hawaii Rainbow Warriors,San Jose State Spartans,bovada,Bovada,2026-10-03T20:07:53Z,2026-10-03T20:07:53Z,Hawaii Rainbow Warriors,-3.0,-110.0,2026,2026-10-03T20:09:51Z,1353,-4.682376601702919,-1.134386275673051,-1.0479903260298684,1feba84fd18f68e7fdf2ba1009ccb233ae813530b58f3490139d39ef07ce2642,timestamped_live_quote,FBS vs FBS
2026-10-03T20:09:51Z,4d9e59b57798afb31927c84e1f6dc25e,2026-10-04T03:59:00Z,Hawaii Rainbow Warriors,San Jose State Spartans,bovada,Bovada,2026-10-03T20:07:53Z,2026-10-03T20:07:53Z,San Jose State Spartans,3.0,-110.0,2026,2026-10-03T20:09:51Z,1353,-4.682376601702919,-1.134386275673051,-1.0479903260298684,1feba84fd18f68e7fdf2ba1009ccb233ae813530b58f3490139d39ef07ce2642,timestamped_live_quote,FBS vs FBS
2026-10-03T20:09:51Z,57ad14afc7db1843fd56f5971dadb058,2026-10-07T00:00:00Z,Troy Trojans,Southern Mississippi Golden Eagles,fanduel,FanDuel,2026-10-03T20:09:37Z,2026-10-03T20:09:37Z,Southern Mississippi Golden Eagles,10.5,-118.0,2026,2026-10-03T20:09:51Z,1353,1.436882697955173,-1.2580917486047114,5.194974446559884,1feba84fd18f68e7fdf2ba1009ccb233ae813530b58f3490139d39ef07ce2642,timestamped_live_quote,FBS vs FBS
2026-10-03T20:09:51Z,57ad14afc7db1843fd56f5971dadb058,2026-10-07T00:00:00Z,Troy Trojans,Southern Mississippi Golden Eagles,fanduel,FanDuel,2026-10-03T20:09:37Z,2026-10-03T20:09:37Z,Troy Trojans,-10.5,-104.0,2026,2026-10-03T20:09:51Z,1353,1.436882697955173,-1.2580917486047114,5.194974446559884,1feba84fd18f68e7fdf2ba1009ccb233ae813530b58f3490139d39ef07ce2642,timestamped_live_quote,FBS vs FBS
2026-10-03T20:09:51Z,57ad14afc7db1843fd56f5971dadb058,2026-10-07T00:00:00Z,Troy Trojans,Southern Mississippi Golden Eagles,draftkings,DraftKings,2026-10-03T20:08:52Z,2026-10-03T20:08:52Z,Southern Mississippi Golden Eagles,9.5,-110.0,2026,2026-10-03T20:09:51Z,1353,1.436882697955173,-1.2580917486047114,5.194974446559884,1feba84fd18f68e7fdf2ba1009ccb233ae813530b58f3490139d39ef07ce2642,timestamped_live_quote,FBS vs FBS
2026-10-03T20:09:51Z,57ad14afc7db1843fd56f5971dadb058,2026-10-07T00:00:00Z,Troy Trojans,Southern Mississippi Golden Eagles,draftkings,DraftKings,2026-10-03T20:08:52Z,2026-10-03T20:08:52Z,Troy Trojans,-9.5,-110.0,2026,2026-10-03T20:09:51Z,1353,1.436882697955173,-1.2580917486047114,5.194974446559884,1feba84fd18f68e7fdf2ba1009ccb233ae813530b58f3490139d39ef07ce2642,timestamped_live_quote,FBS vs FBS
2026-10-03T20:09:51Z,57ad14afc7db1843fd56f5971dadb058,2026-10-07T00:00:00Z,Troy Trojans,Southern Mississippi Golden Eagles,betrivers,BetRivers,2026-10-03T20:09:08Z,2026-10-03T20:09:08Z,Southern Mississippi Golden Eagles,9.5,-112.0,2026,2026-10-03T20:09:51Z,1353,1.436882697955173,-1.2580917486047114,5.194974446559884,1feba84fd18f68e7fdf2ba1009ccb233ae813530b58f3490139d39ef07ce2642,timestamped_live_quote,FBS vs FBS
2026-10-03T20:09:51Z,57ad14afc7db1843fd56f5971dadb058,2026-10-07T00:00:00Z,Troy Trojans,Southern Mississippi Golden Eagles,betrivers,BetRivers,2026-10-03T20:09:08Z,2026-10-03T20:09:08Z,Troy Trojans,-9.5,-112.0,2026,2026-10-03T20:09:51Z,1353,1.436882697955173,-1.2580917486047114,5.194974446559884,1feba84fd18f68e7fdf2ba1009ccb233ae813530b58f3490139d39ef07ce2642,timestamped_live_quote,FBS vs FBS
2026-10-03T20:09:51Z,c89488b9c83038e85e02e92481d093fe,2026-10-07T23:00:00Z,Kennesaw State Owls,Jacksonville State Gamecocks,fanduel,FanDuel,2026-10-03T20:09:37Z,2026-10-03T20:09:37Z,Jacksonville State Gamecocks,-3.5,100.0,2026,2026-10-03T20:09:51Z,1353,1.7641127722107413,3.771180790897682,0.4929319813130588,1feba84fd18f68e7fdf2ba1009ccb233ae813530b58f3490139d39ef07ce2642,timestamped_live_quote,FBS vs FBS
2026-10-03T20:09:51Z,c89488b9c83038e85e02e92481d093fe,2026-10-07T23:00:00Z,Kennesaw State Owls,Jacksonville State Gamecocks,fanduel,FanDuel,2026-10-03T20:09:37Z,2026-10-03T20:09:37Z,Kennesaw State Owls,3.5,-122.0,2026,2026-10-03T20:09:51Z,1353,1.7641127722107413,3.771180790897682,0.4929319813130588,1feba84fd18f68e7fdf2ba1009ccb233ae813530b58f3490139d39ef07ce2642,timestamped_live_quote,FBS vs FBS
2026-10-03T20:09:51Z,c89488b9c83038e85e02e92481d093fe,2026-10-07T23:00:00Z,Kennesaw State Owls,Jacksonville State Gamecocks,draftkings,DraftKings,2026-10-03T20:08:52Z,2026-10-03T20:08:52Z,Jacksonville State Gamecocks,-2.5,-115.0,2026,2026-10-03T20:09:51Z,1353,1.7641127722107413,3.771180790897682,0.4929319813130588,1feba84fd18f68e7fdf2ba1009ccb233ae813530b58f3490139d39ef07ce2642,timestamped_live_quote,FBS vs FBS
2026-10-03T20:09:51Z,c89488b9c83038e85e02e92481d093fe,2026-10-07T23:00:00Z,Kennesaw State Owls,Jacksonville State Gamecocks,draftkings,DraftKings,2026-10-03T20:08:52Z,2026-10-03T20:08:52Z,Kennesaw State Owls,2.5,-105.0,2026,2026-10-03T20:09:51Z,1353,1.7641127722107413,3.771180790897682,0.4929319813130588,1feba84fd18f68e7fdf2ba1009ccb233ae813530b58f3490139d39ef07ce2642,timestamped_live_quote,FBS vs FBS
2026-10-03T20:09:51Z,c89488b9c83038e85e02e92481d093fe,2026-10-07T23:00:00Z,Kennesaw State Owls,Jacksonville State Gamecocks,betrivers,BetRivers,2026-10-03T20:09:08Z,2026-10-03T20:09:08Z,Jacksonville State Gamecocks,-3.0,-117.0,2026,2026-10-03T20:09:51Z,1353,1.7641127722107413,3.771180790897682,0.4929319813130588,1feba84fd18f68e7fdf2ba1009ccb233ae813530b58f3490139d39ef07ce2642,timestamped_live_quote,FBS vs FBS
2026-10-03T20:09:51Z,c89488b9c83038e85e02e92481d093fe,2026-10-07T23:00:00Z,Kennesaw State Owls,Jacksonville State Gamecocks,betrivers,BetRivers,2026-10-03T20:09:08Z,2026-10-03T20:09:08Z,Kennesaw State Owls,3.0,-107.0,2026,2026-10-03T20:09:51Z,1353,1.7641127722107413,3.771180790897682,0.4929319813130588,1feba84fd18f68e7fdf2ba1009ccb233ae813530b58f3490139d39ef07ce2642,timestamped_live_quote,FBS vs FBS
2026-10-03T20:09:51Z,9aa0a267b153a6cc0d6c3e5746e78213,2026-10-07T23:30:00Z,Florida International Panthers,New Mexico State Aggies,fanduel,FanDuel,2026-10-03T20:09:37Z,2026-10-03T20:09:37Z,Florida International Panthers,-4.5,-105.0,2026,2026-10-03T20:09:51Z,1353,0.5927214227011285,-0.7432700227792313,3.8359914454803596,1feba84fd18f68e7fdf2ba1009ccb233ae813530b58f3490139d39ef07ce2642,timestamped_live_quote,FBS vs FBS
2026-10-03T20:09:51Z,9aa0a267b153a6cc0d6c3e5746e78213,2026-10-07T23:30:00Z,Florida International Panthers,New Mexico State Aggies,fanduel,FanDuel,2026-10-03T20:09:37Z,2026-10-03T20:09:37Z,New Mexico State Aggies,4.5,-115.0,2026,2026-10-03T20:09:51Z,1353,0.5927214227011285,-0.7432700227792313,3.8359914454803596,1feba84fd18f68e7fdf2ba1009ccb233ae813530b58f3490139d39ef07ce2642,timestamped_live_quote,FBS vs FBS
2026-10-03T20:09:51Z,82b83ec87fc2be5faa2e9f26ac50edef,2026-10-10T19:30:00Z,Oklahoma Sooners,Texas Longhorns,fanduel,FanDuel,2026-10-03T20:09:37Z,2026-10-03T20:09:37Z,Oklahoma Sooners,8.5,-110.0,2026,2026-10-03T20:09:51Z,1353,6.711863280837832,14.487479344411605,-5.275616063573773,1feba84fd18f68e7fdf2ba1009ccb233ae813530b58f3490139d39ef07ce2642,timestamped_live_quote,FBS vs FBS
2026-10-03T20:09:51Z,82b83ec87fc2be5faa2e9f26ac50edef,2026-10-10T19:30:00Z,Oklahoma Sooners,Texas Longhorns,fanduel,FanDuel,2026-10-03T20:09:37Z,2026-10-03T20:09:37Z,Texas Longhorns,-8.5,-110.0,2026,2026-10-03T20:09:51Z,1353,6.711863280837832,14.487479344411605,-5.275616063573773,1feba84fd18f68e7fdf2ba1009ccb233ae813530b58f3490139d39ef07ce2642,timestamped_live_quote,FBS vs FBS
2026-10-03T20:09:51Z,3ad908e99942c191b72d855b6f1b508f,2026-10-10T19:30:00Z,Oregon Ducks,UCLA Bruins,fanduel,FanDuel,2026-10-03T20:09:37Z,2026-10-03T20:09:37Z,Oregon Ducks,-12.5,-115.0,2026,2026-10-03T20:09:51Z,1353,13.982521876617946,13.857812854717798,2.6247090219001485,1feba84fd18f68e7fdf2ba1009ccb233ae813530b58f3490139d39ef07ce2642,timestamped_live_quote,FBS vs FBS
2026-10-03T20:09:51Z,3ad908e99942c191b72d855b6f1b508f,2026-10-10T19:30:00Z,Oregon Ducks,UCLA Bruins,fanduel,FanDuel,2026-10-03T20:09:37Z,2026-10-03T20:09:37Z,UCLA Bruins,12.5,-105.0,2026,2026-10-03T20:09:51Z,1353,13.982521876617946,13.857812854717798,2.6247090219001485,1feba84fd18f68e7fdf2ba1009ccb233ae813530b58f3490139d39ef07ce2642,timestamped_live_quote,FBS vs FBS
2026-10-03T20:09:51Z,59f8c98dee8ce77cc17c5b4958e4f325,2026-10-10T23:30:00Z,Alabama Crimson Tide,Georgia Bulldogs,fanduel,FanDuel,2026-10-03T20:09:37Z,2026-10-03T20:09:37Z,Alabama Crimson Tide,-1.5,-104.0,2026,2026-10-03T20:09:51Z,1353,16.00330222095562,19.48148101801769,-0.9781787970620677,1feba84fd18f68e7fdf2ba1009ccb233ae813530b58f3490139d39ef07ce2642,timestamped_live_quote,FBS vs FBS
2026-10-03T20:09:51Z,59f8c98dee8ce77cc17c5b4958e4f325,2026-10-10T23:30:00Z,Alabama Crimson Tide,Georgia Bulldogs,fanduel,FanDuel,2026-10-03T20:09:37Z,2026-10-03T20:09:37Z,Georgia Bulldogs,1.5,-118.0,2026,2026-10-03T20:09:51Z,1353,16.00330222095562,19.48148101801769,-0.9781787970620677,1feba84fd18f68e7fdf2ba1009ccb233ae813530b58f3490139d39ef07ce2642,timestamped_live_quote,FBS vs FBS
