captured_at_utc,game_id,kickoff_utc,home_team,away_team,sportsbook_key,sportsbook,bookmaker_last_update_utc,market_last_update_utc,selection,spread,american_odds,season,ratings_asof_utc,ratings_training_games,home_rating,away_rating,projected_home_margin,ratings_input_sha256,capture_status,division_status
2026-09-26T20:30:10Z,10078e86207d952986707c1ad7dc9331,2026-09-26T21:00:00Z,Bowling Green Falcons,South Florida Bulls,fanduel,FanDuel,2026-09-26T20:29:53Z,2026-09-26T20:29:53Z,Bowling Green Falcons,18.5,-114.0,2026,2026-09-26T20:30:10Z,1070,-10.630801723880285,8.284909391713752,-16.415711115594036,b4347a6d6451334b228bf748d98cbd30b34b222852b6631cc98ff41b5e407018,timestamped_live_quote,FBS vs FBS
2026-09-26T20:30:10Z,10078e86207d952986707c1ad7dc9331,2026-09-26T21:00:00Z,Bowling Green Falcons,South Florida Bulls,fanduel,FanDuel,2026-09-26T20:29:53Z,2026-09-26T20:29:53Z,South Florida Bulls,-18.5,-106.0,2026,2026-09-26T20:30:10Z,1070,-10.630801723880285,8.284909391713752,-16.415711115594036,b4347a6d6451334b228bf748d98cbd30b34b222852b6631cc98ff41b5e407018,timestamped_live_quote,FBS vs FBS
2026-09-26T20:30:10Z,10078e86207d952986707c1ad7dc9331,2026-09-26T21:00:00Z,Bowling Green Falcons,South Florida Bulls,mybookieag,MyBookie.ag,2026-09-26T20:29:38Z,2026-09-26T20:29:37Z,Bowling Green Falcons,18.5,-110.0,2026,2026-09-26T20:30:10Z,1070,-10.630801723880285,8.284909391713752,-16.415711115594036,b4347a6d6451334b228bf748d98cbd30b34b222852b6631cc98ff41b5e407018,timestamped_live_quote,FBS vs FBS
2026-09-26T20:30:10Z,10078e86207d952986707c1ad7dc9331,2026-09-26T21:00:00Z,Bowling Green Falcons,South Florida Bulls,mybookieag,MyBookie.ag,2026-09-26T20:29:38Z,2026-09-26T20:29:37Z,South Florida Bulls,-18.5,-110.0,2026,2026-09-26T20:30:10Z,1070,-10.630801723880285,8.284909391713752,-16.415711115594036,b4347a6d6451334b228bf748d98cbd30b34b222852b6631cc98ff41b5e407018,timestamped_live_quote,FBS vs FBS
2026-09-26T20:30:10Z,10078e86207d952986707c1ad7dc9331,2026-09-26T21:00:00Z,Bowling Green Falcons,South Florida Bulls,betrivers,BetRivers,2026-09-26T20:29:35Z,2026-09-26T20:29:35Z,Bowling Green Falcons,18.5,-110.0,2026,2026-09-26T20:30:10Z,1070,-10.630801723880285,8.284909391713752,-16.415711115594036,b4347a6d6451334b228bf748d98cbd30b34b222852b6631cc98ff41b5e407018,timestamped_live_quote,FBS vs FBS
2026-09-26T20:30:10Z,10078e86207d952986707c1ad7dc9331,2026-09-26T21:00:00Z,Bowling Green Falcons,South Florida Bulls,betrivers,BetRivers,2026-09-26T20:29:35Z,2026-09-26T20:29:35Z,South Florida Bulls,-18.5,-112.0,2026,2026-09-26T20:30:10Z,1070,-10.630801723880285,8.284909391713752,-16.415711115594036,b4347a6d6451334b228bf748d98cbd30b34b222852b6631cc98ff41b5e407018,timestamped_live_quote,FBS vs FBS
2026-09-26T20:30:10Z,10078e86207d952986707c1ad7dc9331,2026-09-26T21:00:00Z,Bowling Green Falcons,South Florida Bulls,draftkings,DraftKings,2026-09-26T20:29:19Z,2026-09-26T20:29:19Z,Bowling Green Falcons,17.5,-108.0,2026,2026-09-26T20:30:10Z,1070,-10.630801723880285,8.284909391713752,-16.415711115594036,b4347a6d6451334b228bf748d98cbd30b34b222852b6631cc98ff41b5e407018,timestamped_live_quote,FBS vs FBS
2026-09-26T20:30:10Z,10078e86207d952986707c1ad7dc9331,2026-09-26T21:00:00Z,Bowling Green Falcons,South Florida Bulls,draftkings,DraftKings,2026-09-26T20:29:19Z,2026-09-26T20:29:19Z,South Florida Bulls,-17.5,-112.0,2026,2026-09-26T20:30:10Z,1070,-10.630801723880285,8.284909391713752,-16.415711115594036,b4347a6d6451334b228bf748d98cbd30b34b222852b6631cc98ff41b5e407018,timestamped_live_quote,FBS vs FBS
2026-09-26T20:30:10Z,10078e86207d952986707c1ad7dc9331,2026-09-26T21:00:00Z,Bowling Green Falcons,South Florida Bulls,lowvig,LowVig.ag,2026-09-26T20:29:02Z,2026-09-26T20:29:02Z,Bowling Green Falcons,17.5,-106.0,2026,2026-09-26T20:30:10Z,1070,-10.630801723880285,8.284909391713752,-16.415711115594036,b4347a6d6451334b228bf748d98cbd30b34b222852b6631cc98ff41b5e407018,timestamped_live_quote,FBS vs FBS
2026-09-26T20:30:10Z,10078e86207d952986707c1ad7dc9331,2026-09-26T21:00:00Z,Bowling Green Falcons,South Florida Bulls,lowvig,LowVig.ag,2026-09-26T20:29:02Z,2026-09-26T20:29:02Z,South Florida Bulls,-17.5,-106.0,2026,2026-09-26T20:30:10Z,1070,-10.630801723880285,8.284909391713752,-16.415711115594036,b4347a6d6451334b228bf748d98cbd30b34b222852b6631cc98ff41b5e407018,timestamped_live_quote,FBS vs FBS
2026-09-26T20:30:10Z,10078e86207d952986707c1ad7dc9331,2026-09-26T21:00:00Z,Bowling Green Falcons,South Florida Bulls,betonlineag,BetOnline.ag,2026-09-26T20:29:54Z,2026-09-26T20:29:54Z,Bowling Green Falcons,17.5,-110.0,2026,2026-09-26T20:30:10Z,1070,-10.630801723880285,8.284909391713752,-16.415711115594036,b4347a6d6451334b228bf748d98cbd30b34b222852b6631cc98ff41b5e407018,timestamped_live_quote,FBS vs FBS
2026-09-26T20:30:10Z,10078e86207d952986707c1ad7dc9331,2026-09-26T21:00:00Z,Bowling Green Falcons,South Florida Bulls,betonlineag,BetOnline.ag,2026-09-26T20:29:54Z,2026-09-26T20:29:54Z,South Florida Bulls,-17.5,-110.0,2026,2026-09-26T20:30:10Z,1070,-10.630801723880285,8.284909391713752,-16.415711115594036,b4347a6d6451334b228bf748d98cbd30b34b222852b6631cc98ff41b5e407018,timestamped_live_quote,FBS vs FBS
2026-09-26T20:30:10Z,10078e86207d952986707c1ad7dc9331,2026-09-26T21:00:00Z,Bowling Green Falcons,South Florida Bulls,betus,BetUS,2026-09-26T20:29:02Z,2026-09-26T20:29:02Z,Bowling Green Falcons,17.5,-110.0,2026,2026-09-26T20:30:10Z,1070,-10.630801723880285,8.284909391713752,-16.415711115594036,b4347a6d6451334b228bf748d98cbd30b34b222852b6631cc98ff41b5e407018,timestamped_live_quote,FBS vs FBS
2026-09-26T20:30:10Z,10078e86207d952986707c1ad7dc9331,2026-09-26T21:00:00Z,Bowling Green Falcons,South Florida Bulls,betus,BetUS,2026-09-26T20:29:02Z,2026-09-26T20:29:02Z,South Florida Bulls,-17.5,-110.0,2026,2026-09-26T20:30:10Z,1070,-10.630801723880285,8.284909391713752,-16.415711115594036,b4347a6d6451334b228bf748d98cbd30b34b222852b6631cc98ff41b5e407018,timestamped_live_quote,FBS vs FBS
2026-09-26T20:30:10Z,10078e86207d952986707c1ad7dc9331,2026-09-26T21:00:00Z,Bowling Green Falcons,South Florida Bulls,betmgm,BetMGM,2026-09-26T20:29:04Z,2026-09-26T20:29:04Z,Bowling Green Falcons,17.5,-110.0,2026,2026-09-26T20:30:10Z,1070,-10.630801723880285,8.284909391713752,-16.415711115594036,b4347a6d6451334b228bf748d98cbd30b34b222852b6631cc98ff41b5e407018,timestamped_live_quote,FBS vs FBS
2026-09-26T20:30:10Z,10078e86207d952986707c1ad7dc9331,2026-09-26T21:00:00Z,Bowling Green Falcons,South Florida Bulls,betmgm,BetMGM,2026-09-26T20:29:04Z,2026-09-26T20:29:04Z,South Florida Bulls,-17.5,-120.0,2026,2026-09-26T20:30:10Z,1070,-10.630801723880285,8.284909391713752,-16.415711115594036,b4347a6d6451334b228bf748d98cbd30b34b222852b6631cc98ff41b5e407018,timestamped_live_quote,FBS vs FBS
2026-09-26T20:30:10Z,10078e86207d952986707c1ad7dc9331,2026-09-26T21:00:00Z,Bowling Green Falcons,South Florida Bulls,bovada,Bovada,2026-09-26T20:27:24Z,2026-09-26T20:27:24Z,Bowling Green Falcons,18.0,-110.0,2026,2026-09-26T20:30:10Z,1070,-10.630801723880285,8.284909391713752,-16.415711115594036,b4347a6d6451334b228bf748d98cbd30b34b222852b6631cc98ff41b5e407018,timestamped_live_quote,FBS vs FBS
2026-09-26T20:30:10Z,10078e86207d952986707c1ad7dc9331,2026-09-26T21:00:00Z,Bowling Green Falcons,South Florida Bulls,bovada,Bovada,2026-09-26T20:27:24Z,2026-09-26T20:27:24Z,South Florida Bulls,-18.0,-110.0,2026,2026-09-26T20:30:10Z,1070,-10.630801723880285,8.284909391713752,-16.415711115594036,b4347a6d6451334b228bf748d98cbd30b34b222852b6631cc98ff41b5e407018,timestamped_live_quote,FBS vs FBS
2026-09-26T20:30:10Z,023386f1b92db2259c7d52b2f244182f,2026-09-26T21:00:00Z,Michigan State Spartans,Nebraska Cornhuskers,draftkings,DraftKings,2026-09-26T20:29:19Z,2026-09-26T20:29:19Z,Michigan State Spartans,6.0,-112.0,2026,2026-09-26T20:30:10Z,1070,4.417467265358496,12.751325661831919,-5.833858396473422,b4347a6d6451334b228bf748d98cbd30b34b222852b6631cc98ff41b5e407018,timestamped_live_quote,FBS vs FBS
2026-09-26T20:30:10Z,023386f1b92db2259c7d52b2f244182f,2026-09-26T21:00:00Z,Michigan State Spartans,Nebraska Cornhuskers,draftkings,DraftKings,2026-09-26T20:29:19Z,2026-09-26T20:29:19Z,Nebraska Cornhuskers,-6.0,-108.0,2026,2026-09-26T20:30:10Z,1070,4.417467265358496,12.751325661831919,-5.833858396473422,b4347a6d6451334b228bf748d98cbd30b34b222852b6631cc98ff41b5e407018,timestamped_live_quote,FBS vs FBS
2026-09-26T20:30:10Z,023386f1b92db2259c7d52b2f244182f,2026-09-26T21:00:00Z,Michigan State Spartans,Nebraska Cornhuskers,mybookieag,MyBookie.ag,2026-09-26T20:29:38Z,2026-09-26T20:29:37Z,Michigan State Spartans,6.0,-110.0,2026,2026-09-26T20:30:10Z,1070,4.417467265358496,12.751325661831919,-5.833858396473422,b4347a6d6451334b228bf748d98cbd30b34b222852b6631cc98ff41b5e407018,timestamped_live_quote,FBS vs FBS
2026-09-26T20:30:10Z,023386f1b92db2259c7d52b2f244182f,2026-09-26T21:00:00Z,Michigan State Spartans,Nebraska Cornhuskers,mybookieag,MyBookie.ag,2026-09-26T20:29:38Z,2026-09-26T20:29:37Z,Nebraska Cornhuskers,-6.0,-110.0,2026,2026-09-26T20:30:10Z,1070,4.417467265358496,12.751325661831919,-5.833858396473422,b4347a6d6451334b228bf748d98cbd30b34b222852b6631cc98ff41b5e407018,timestamped_live_quote,FBS vs FBS
2026-09-26T20:30:10Z,023386f1b92db2259c7d52b2f244182f,2026-09-26T21:00:00Z,Michigan State Spartans,Nebraska Cornhuskers,fanduel,FanDuel,2026-09-26T20:29:53Z,2026-09-26T20:29:53Z,Michigan State Spartans,5.5,-102.0,2026,2026-09-26T20:30:10Z,1070,4.417467265358496,12.751325661831919,-5.833858396473422,b4347a6d6451334b228bf748d98cbd30b34b222852b6631cc98ff41b5e407018,timestamped_live_quote,FBS vs FBS
2026-09-26T20:30:10Z,023386f1b92db2259c7d52b2f244182f,2026-09-26T21:00:00Z,Michigan State Spartans,Nebraska Cornhuskers,fanduel,FanDuel,2026-09-26T20:29:53Z,2026-09-26T20:29:53Z,Nebraska Cornhuskers,-5.5,-120.0,2026,2026-09-26T20:30:10Z,1070,4.417467265358496,12.751325661831919,-5.833858396473422,b4347a6d6451334b228bf748d98cbd30b34b222852b6631cc98ff41b5e407018,timestamped_live_quote,FBS vs FBS
2026-09-26T20:30:10Z,023386f1b92db2259c7d52b2f244182f,2026-09-26T21:00:00Z,Michigan State Spartans,Nebraska Cornhuskers,betrivers,BetRivers,2026-09-26T20:29:35Z,2026-09-26T20:29:35Z,Michigan State Spartans,5.5,-110.0,2026,2026-09-26T20:30:10Z,1070,4.417467265358496,12.751325661831919,-5.833858396473422,b4347a6d6451334b228bf748d98cbd30b34b222852b6631cc98ff41b5e407018,timestamped_live_quote,FBS vs FBS
2026-09-26T20:30:10Z,023386f1b92db2259c7d52b2f244182f,2026-09-26T21:00:00Z,Michigan State Spartans,Nebraska Cornhuskers,betrivers,BetRivers,2026-09-26T20:29:35Z,2026-09-26T20:29:35Z,Nebraska Cornhuskers,-5.5,-113.0,2026,2026-09-26T20:30:10Z,1070,4.417467265358496,12.751325661831919,-5.833858396473422,b4347a6d6451334b228bf748d98cbd30b34b222852b6631cc98ff41b5e407018,timestamped_live_quote,FBS vs FBS
2026-09-26T20:30:10Z,023386f1b92db2259c7d52b2f244182f,2026-09-26T21:00:00Z,Michigan State Spartans,Nebraska Cornhuskers,betonlineag,BetOnline.ag,2026-09-26T20:29:54Z,2026-09-26T20:29:54Z,Michigan State Spartans,5.5,-105.0,2026,2026-09-26T20:30:10Z,1070,4.417467265358496,12.751325661831919,-5.833858396473422,b4347a6d6451334b228bf748d98cbd30b34b222852b6631cc98ff41b5e407018,timestamped_live_quote,FBS vs FBS
2026-09-26T20:30:10Z,023386f1b92db2259c7d52b2f244182f,2026-09-26T21:00:00Z,Michigan State Spartans,Nebraska Cornhuskers,betonlineag,BetOnline.ag,2026-09-26T20:29:54Z,2026-09-26T20:29:54Z,Nebraska Cornhuskers,-5.5,-115.0,2026,2026-09-26T20:30:10Z,1070,4.417467265358496,12.751325661831919,-5.833858396473422,b4347a6d6451334b228bf748d98cbd30b34b222852b6631cc98ff41b5e407018,timestamped_live_quote,FBS vs FBS
2026-09-26T20:30:10Z,023386f1b92db2259c7d52b2f244182f,2026-09-26T21:00:00Z,Michigan State Spartans,Nebraska Cornhuskers,lowvig,LowVig.ag,2026-09-26T20:29:02Z,2026-09-26T20:29:02Z,Michigan State Spartans,5.5,-101.0,2026,2026-09-26T20:30:10Z,1070,4.417467265358496,12.751325661831919,-5.833858396473422,b4347a6d6451334b228bf748d98cbd30b34b222852b6631cc98ff41b5e407018,timestamped_live_quote,FBS vs FBS
2026-09-26T20:30:10Z,023386f1b92db2259c7d52b2f244182f,2026-09-26T21:00:00Z,Michigan State Spartans,Nebraska Cornhuskers,lowvig,LowVig.ag,2026-09-26T20:29:02Z,2026-09-26T20:29:02Z,Nebraska Cornhuskers,-5.5,-111.0,2026,2026-09-26T20:30:10Z,1070,4.417467265358496,12.751325661831919,-5.833858396473422,b4347a6d6451334b228bf748d98cbd30b34b222852b6631cc98ff41b5e407018,timestamped_live_quote,FBS vs FBS
2026-09-26T20:30:10Z,023386f1b92db2259c7d52b2f244182f,2026-09-26T21:00:00Z,Michigan State Spartans,Nebraska Cornhuskers,betmgm,BetMGM,2026-09-26T20:29:04Z,2026-09-26T20:29:04Z,Michigan State Spartans,6.0,-110.0,2026,2026-09-26T20:30:10Z,1070,4.417467265358496,12.751325661831919,-5.833858396473422,b4347a6d6451334b228bf748d98cbd30b34b222852b6631cc98ff41b5e407018,timestamped_live_quote,FBS vs FBS
2026-09-26T20:30:10Z,023386f1b92db2259c7d52b2f244182f,2026-09-26T21:00:00Z,Michigan State Spartans,Nebraska Cornhuskers,betmgm,BetMGM,2026-09-26T20:29:04Z,2026-09-26T20:29:04Z,Nebraska Cornhuskers,-6.0,-108.0,2026,2026-09-26T20:30:10Z,1070,4.417467265358496,12.751325661831919,-5.833858396473422,b4347a6d6451334b228bf748d98cbd30b34b222852b6631cc98ff41b5e407018,timestamped_live_quote,FBS vs FBS
2026-09-26T20:30:10Z,023386f1b92db2259c7d52b2f244182f,2026-09-26T21:00:00Z,Michigan State Spartans,Nebraska Cornhuskers,betus,BetUS,2026-09-26T20:29:02Z,2026-09-26T20:29:02Z,Michigan State Spartans,5.5,-105.0,2026,2026-09-26T20:30:10Z,1070,4.417467265358496,12.751325661831919,-5.833858396473422,b4347a6d6451334b228bf748d98cbd30b34b222852b6631cc98ff41b5e407018,timestamped_live_quote,FBS vs FBS
2026-09-26T20:30:10Z,023386f1b92db2259c7d52b2f244182f,2026-09-26T21:00:00Z,Michigan State Spartans,Nebraska Cornhuskers,betus,BetUS,2026-09-26T20:29:02Z,2026-09-26T20:29:02Z,Nebraska Cornhuskers,-5.5,-115.0,2026,2026-09-26T20:30:10Z,1070,4.417467265358496,12.751325661831919,-5.833858396473422,b4347a6d6451334b228bf748d98cbd30b34b222852b6631cc98ff41b5e407018,timestamped_live_quote,FBS vs FBS
2026-09-26T20:30:10Z,023386f1b92db2259c7d52b2f244182f,2026-09-26T21:00:00Z,Michigan State Spartans,Nebraska Cornhuskers,bovada,Bovada,2026-09-26T20:27:24Z,2026-09-26T20:27:24Z,Michigan State Spartans,6.0,-105.0,2026,2026-09-26T20:30:10Z,1070,4.417467265358496,12.751325661831919,-5.833858396473422,b4347a6d6451334b228bf748d98cbd30b34b222852b6631cc98ff41b5e407018,timestamped_live_quote,FBS vs FBS
2026-09-26T20:30:10Z,023386f1b92db2259c7d52b2f244182f,2026-09-26T21:00:00Z,Michigan State Spartans,Nebraska Cornhuskers,bovada,Bovada,2026-09-26T20:27:24Z,2026-09-26T20:27:24Z,Nebraska Cornhuskers,-6.0,-115.0,2026,2026-09-26T20:30:10Z,1070,4.417467265358496,12.751325661831919,-5.833858396473422,b4347a6d6451334b228bf748d98cbd30b34b222852b6631cc98ff41b5e407018,timestamped_live_quote,FBS vs FBS
2026-09-26T20:30:10Z,9c5cf55e5371dd6178da97dcaef2bff5,2026-09-26T21:00:00Z,Penn State Nittany Lions,Wisconsin Badgers,draftkings,DraftKings,2026-09-26T20:29:19Z,2026-09-26T20:29:19Z,Penn State Nittany Lions,-10.0,-110.0,2026,2026-09-26T20:30:10Z,1070,13.901348228097234,7.686567545230595,8.714780682866639,b4347a6d6451334b228bf748d98cbd30b34b222852b6631cc98ff41b5e407018,timestamped_live_quote,FBS vs FBS
2026-09-26T20:30:10Z,9c5cf55e5371dd6178da97dcaef2bff5,2026-09-26T21:00:00Z,Penn State Nittany Lions,Wisconsin Badgers,draftkings,DraftKings,2026-09-26T20:29:19Z,2026-09-26T20:29:19Z,Wisconsin Badgers,10.0,-110.0,2026,2026-09-26T20:30:10Z,1070,13.901348228097234,7.686567545230595,8.714780682866639,b4347a6d6451334b228bf748d98cbd30b34b222852b6631cc98ff41b5e407018,timestamped_live_quote,FBS vs FBS
2026-09-26T20:30:10Z,9c5cf55e5371dd6178da97dcaef2bff5,2026-09-26T21:00:00Z,Penn State Nittany Lions,Wisconsin Badgers,fanduel,FanDuel,2026-09-26T20:29:53Z,2026-09-26T20:29:53Z,Penn State Nittany Lions,-9.5,-120.0,2026,2026-09-26T20:30:10Z,1070,13.901348228097234,7.686567545230595,8.714780682866639,b4347a6d6451334b228bf748d98cbd30b34b222852b6631cc98ff41b5e407018,timestamped_live_quote,FBS vs FBS
2026-09-26T20:30:10Z,9c5cf55e5371dd6178da97dcaef2bff5,2026-09-26T21:00:00Z,Penn State Nittany Lions,Wisconsin Badgers,fanduel,FanDuel,2026-09-26T20:29:53Z,2026-09-26T20:29:53Z,Wisconsin Badgers,9.5,-102.0,2026,2026-09-26T20:30:10Z,1070,13.901348228097234,7.686567545230595,8.714780682866639,b4347a6d6451334b228bf748d98cbd30b34b222852b6631cc98ff41b5e407018,timestamped_live_quote,FBS vs FBS
2026-09-26T20:30:10Z,9c5cf55e5371dd6178da97dcaef2bff5,2026-09-26T21:00:00Z,Penn State Nittany Lions,Wisconsin Badgers,betrivers,BetRivers,2026-09-26T20:29:35Z,2026-09-26T20:29:35Z,Penn State Nittany Lions,-10.0,-113.0,2026,2026-09-26T20:30:10Z,1070,13.901348228097234,7.686567545230595,8.714780682866639,b4347a6d6451334b228bf748d98cbd30b34b222852b6631cc98ff41b5e407018,timestamped_live_quote,FBS vs FBS
2026-09-26T20:30:10Z,9c5cf55e5371dd6178da97dcaef2bff5,2026-09-26T21:00:00Z,Penn State Nittany Lions,Wisconsin Badgers,betrivers,BetRivers,2026-09-26T20:29:35Z,2026-09-26T20:29:35Z,Wisconsin Badgers,10.0,-110.0,2026,2026-09-26T20:30:10Z,1070,13.901348228097234,7.686567545230595,8.714780682866639,b4347a6d6451334b228bf748d98cbd30b34b222852b6631cc98ff41b5e407018,timestamped_live_quote,FBS vs FBS
2026-09-26T20:30:10Z,9c5cf55e5371dd6178da97dcaef2bff5,2026-09-26T21:00:00Z,Penn State Nittany Lions,Wisconsin Badgers,mybookieag,MyBookie.ag,2026-09-26T20:29:38Z,2026-09-26T20:29:37Z,Penn State Nittany Lions,-10.0,-110.0,2026,2026-09-26T20:30:10Z,1070,13.901348228097234,7.686567545230595,8.714780682866639,b4347a6d6451334b228bf748d98cbd30b34b222852b6631cc98ff41b5e407018,timestamped_live_quote,FBS vs FBS
2026-09-26T20:30:10Z,9c5cf55e5371dd6178da97dcaef2bff5,2026-09-26T21:00:00Z,Penn State Nittany Lions,Wisconsin Badgers,mybookieag,MyBookie.ag,2026-09-26T20:29:38Z,2026-09-26T20:29:37Z,Wisconsin Badgers,10.0,-110.0,2026,2026-09-26T20:30:10Z,1070,13.901348228097234,7.686567545230595,8.714780682866639,b4347a6d6451334b228bf748d98cbd30b34b222852b6631cc98ff41b5e407018,timestamped_live_quote,FBS vs FBS
2026-09-26T20:30:10Z,9c5cf55e5371dd6178da97dcaef2bff5,2026-09-26T21:00:00Z,Penn State Nittany Lions,Wisconsin Badgers,betmgm,BetMGM,2026-09-26T20:29:04Z,2026-09-26T20:29:04Z,Penn State Nittany Lions,-10.0,-112.0,2026,2026-09-26T20:30:10Z,1070,13.901348228097234,7.686567545230595,8.714780682866639,b4347a6d6451334b228bf748d98cbd30b34b222852b6631cc98ff41b5e407018,timestamped_live_quote,FBS vs FBS
2026-09-26T20:30:10Z,9c5cf55e5371dd6178da97dcaef2bff5,2026-09-26T21:00:00Z,Penn State Nittany Lions,Wisconsin Badgers,betmgm,BetMGM,2026-09-26T20:29:04Z,2026-09-26T20:29:04Z,Wisconsin Badgers,10.0,-105.0,2026,2026-09-26T20:30:10Z,1070,13.901348228097234,7.686567545230595,8.714780682866639,b4347a6d6451334b228bf748d98cbd30b34b222852b6631cc98ff41b5e407018,timestamped_live_quote,FBS vs FBS
2026-09-26T20:30:10Z,9c5cf55e5371dd6178da97dcaef2bff5,2026-09-26T21:00:00Z,Penn State Nittany Lions,Wisconsin Badgers,lowvig,LowVig.ag,2026-09-26T20:29:02Z,2026-09-26T20:29:02Z,Penn State Nittany Lions,-10.0,-109.0,2026,2026-09-26T20:30:10Z,1070,13.901348228097234,7.686567545230595,8.714780682866639,b4347a6d6451334b228bf748d98cbd30b34b222852b6631cc98ff41b5e407018,timestamped_live_quote,FBS vs FBS
2026-09-26T20:30:10Z,9c5cf55e5371dd6178da97dcaef2bff5,2026-09-26T21:00:00Z,Penn State Nittany Lions,Wisconsin Badgers,lowvig,LowVig.ag,2026-09-26T20:29:02Z,2026-09-26T20:29:02Z,Wisconsin Badgers,10.0,-103.0,2026,2026-09-26T20:30:10Z,1070,13.901348228097234,7.686567545230595,8.714780682866639,b4347a6d6451334b228bf748d98cbd30b34b222852b6631cc98ff41b5e407018,timestamped_live_quote,FBS vs FBS
2026-09-26T20:30:10Z,9c5cf55e5371dd6178da97dcaef2bff5,2026-09-26T21:00:00Z,Penn State Nittany Lions,Wisconsin Badgers,betonlineag,BetOnline.ag,2026-09-26T20:29:54Z,2026-09-26T20:29:54Z,Penn State Nittany Lions,-10.0,-116.0,2026,2026-09-26T20:30:10Z,1070,13.901348228097234,7.686567545230595,8.714780682866639,b4347a6d6451334b228bf748d98cbd30b34b222852b6631cc98ff41b5e407018,timestamped_live_quote,FBS vs FBS
2026-09-26T20:30:10Z,9c5cf55e5371dd6178da97dcaef2bff5,2026-09-26T21:00:00Z,Penn State Nittany Lions,Wisconsin Badgers,betonlineag,BetOnline.ag,2026-09-26T20:29:54Z,2026-09-26T20:29:54Z,Wisconsin Badgers,10.0,-104.0,2026,2026-09-26T20:30:10Z,1070,13.901348228097234,7.686567545230595,8.714780682866639,b4347a6d6451334b228bf748d98cbd30b34b222852b6631cc98ff41b5e407018,timestamped_live_quote,FBS vs FBS
2026-09-26T20:30:10Z,9c5cf55e5371dd6178da97dcaef2bff5,2026-09-26T21:00:00Z,Penn State Nittany Lions,Wisconsin Badgers,betus,BetUS,2026-09-26T20:29:02Z,2026-09-26T20:29:02Z,Penn State Nittany Lions,-10.0,-110.0,2026,2026-09-26T20:30:10Z,1070,13.901348228097234,7.686567545230595,8.714780682866639,b4347a6d6451334b228bf748d98cbd30b34b222852b6631cc98ff41b5e407018,timestamped_live_quote,FBS vs FBS
2026-09-26T20:30:10Z,9c5cf55e5371dd6178da97dcaef2bff5,2026-09-26T21:00:00Z,Penn State Nittany Lions,Wisconsin Badgers,betus,BetUS,2026-09-26T20:29:02Z,2026-09-26T20:29:02Z,Wisconsin Badgers,10.0,-110.0,2026,2026-09-26T20:30:10Z,1070,13.901348228097234,7.686567545230595,8.714780682866639,b4347a6d6451334b228bf748d98cbd30b34b222852b6631cc98ff41b5e407018,timestamped_live_quote,FBS vs FBS
2026-09-26T20:30:10Z,9c5cf55e5371dd6178da97dcaef2bff5,2026-09-26T21:00:00Z,Penn State Nittany Lions,Wisconsin Badgers,bovada,Bovada,2026-09-26T20:27:24Z,2026-09-26T20:27:24Z,Penn State Nittany Lions,-10.0,-110.0,2026,2026-09-26T20:30:10Z,1070,13.901348228097234,7.686567545230595,8.714780682866639,b4347a6d6451334b228bf748d98cbd30b34b222852b6631cc98ff41b5e407018,timestamped_live_quote,FBS vs FBS
2026-09-26T20:30:10Z,9c5cf55e5371dd6178da97dcaef2bff5,2026-09-26T21:00:00Z,Penn State Nittany Lions,Wisconsin Badgers,bovada,Bovada,2026-09-26T20:27:24Z,2026-09-26T20:27:24Z,Wisconsin Badgers,10.0,-110.0,2026,2026-09-26T20:30:10Z,1070,13.901348228097234,7.686567545230595,8.714780682866639,b4347a6d6451334b228bf748d98cbd30b34b222852b6631cc98ff41b5e407018,timestamped_live_quote,FBS vs FBS
2026-09-26T20:30:10Z,ce4578738432ad6327f4e3a4909ddcb5,2026-09-26T22:00:00Z,Virginia Cavaliers,Delaware Blue Hens,fanduel,FanDuel,2026-09-26T20:29:53Z,2026-09-26T20:29:53Z,Delaware Blue Hens,20.5,-110.0,2026,2026-09-26T20:30:10Z,1070,11.46105960224382,4.530055806521395,9.431003795722425,b4347a6d6451334b228bf748d98cbd30b34b222852b6631cc98ff41b5e407018,timestamped_live_quote,FBS vs FBS
2026-09-26T20:30:10Z,ce4578738432ad6327f4e3a4909ddcb5,2026-09-26T22:00:00Z,Virginia Cavaliers,Delaware Blue Hens,fanduel,FanDuel,2026-09-26T20:29:53Z,2026-09-26T20:29:53Z,Virginia Cavaliers,-20.5,-110.0,2026,2026-09-26T20:30:10Z,1070,11.46105960224382,4.530055806521395,9.431003795722425,b4347a6d6451334b228bf748d98cbd30b34b222852b6631cc98ff41b5e407018,timestamped_live_quote,FBS vs FBS
2026-09-26T20:30:10Z,ce4578738432ad6327f4e3a4909ddcb5,2026-09-26T22:00:00Z,Virginia Cavaliers,Delaware Blue Hens,mybookieag,MyBookie.ag,2026-09-26T20:29:38Z,2026-09-26T20:29:38Z,Delaware Blue Hens,20.5,-110.0,2026,2026-09-26T20:30:10Z,1070,11.46105960224382,4.530055806521395,9.431003795722425,b4347a6d6451334b228bf748d98cbd30b34b222852b6631cc98ff41b5e407018,timestamped_live_quote,FBS vs FBS
2026-09-26T20:30:10Z,ce4578738432ad6327f4e3a4909ddcb5,2026-09-26T22:00:00Z,Virginia Cavaliers,Delaware Blue Hens,mybookieag,MyBookie.ag,2026-09-26T20:29:38Z,2026-09-26T20:29:38Z,Virginia Cavaliers,-20.5,-110.0,2026,2026-09-26T20:30:10Z,1070,11.46105960224382,4.530055806521395,9.431003795722425,b4347a6d6451334b228bf748d98cbd30b34b222852b6631cc98ff41b5e407018,timestamped_live_quote,FBS vs FBS
2026-09-26T20:30:10Z,ce4578738432ad6327f4e3a4909ddcb5,2026-09-26T22:00:00Z,Virginia Cavaliers,Delaware Blue Hens,draftkings,DraftKings,2026-09-26T20:29:19Z,2026-09-26T20:29:19Z,Delaware Blue Hens,19.5,-105.0,2026,2026-09-26T20:30:10Z,1070,11.46105960224382,4.530055806521395,9.431003795722425,b4347a6d6451334b228bf748d98cbd30b34b222852b6631cc98ff41b5e407018,timestamped_live_quote,FBS vs FBS
2026-09-26T20:30:10Z,ce4578738432ad6327f4e3a4909ddcb5,2026-09-26T22:00:00Z,Virginia Cavaliers,Delaware Blue Hens,draftkings,DraftKings,2026-09-26T20:29:19Z,2026-09-26T20:29:19Z,Virginia Cavaliers,-19.5,-115.0,2026,2026-09-26T20:30:10Z,1070,11.46105960224382,4.530055806521395,9.431003795722425,b4347a6d6451334b228bf748d98cbd30b34b222852b6631cc98ff41b5e407018,timestamped_live_quote,FBS vs FBS
2026-09-26T20:30:10Z,ce4578738432ad6327f4e3a4909ddcb5,2026-09-26T22:00:00Z,Virginia Cavaliers,Delaware Blue Hens,betrivers,BetRivers,2026-09-26T20:29:35Z,2026-09-26T20:29:35Z,Delaware Blue Hens,19.5,-110.0,2026,2026-09-26T20:30:10Z,1070,11.46105960224382,4.530055806521395,9.431003795722425,b4347a6d6451334b228bf748d98cbd30b34b222852b6631cc98ff41b5e407018,timestamped_live_quote,FBS vs FBS
2026-09-26T20:30:10Z,ce4578738432ad6327f4e3a4909ddcb5,2026-09-26T22:00:00Z,Virginia Cavaliers,Delaware Blue Hens,betrivers,BetRivers,2026-09-26T20:29:35Z,2026-09-26T20:29:35Z,Virginia Cavaliers,-19.5,-113.0,2026,2026-09-26T20:30:10Z,1070,11.46105960224382,4.530055806521395,9.431003795722425,b4347a6d6451334b228bf748d98cbd30b34b222852b6631cc98ff41b5e407018,timestamped_live_quote,FBS vs FBS
2026-09-26T20:30:10Z,ce4578738432ad6327f4e3a4909ddcb5,2026-09-26T22:00:00Z,Virginia Cavaliers,Delaware Blue Hens,lowvig,LowVig.ag,2026-09-26T20:29:02Z,2026-09-26T20:29:02Z,Delaware Blue Hens,20.0,-106.0,2026,2026-09-26T20:30:10Z,1070,11.46105960224382,4.530055806521395,9.431003795722425,b4347a6d6451334b228bf748d98cbd30b34b222852b6631cc98ff41b5e407018,timestamped_live_quote,FBS vs FBS
2026-09-26T20:30:10Z,ce4578738432ad6327f4e3a4909ddcb5,2026-09-26T22:00:00Z,Virginia Cavaliers,Delaware Blue Hens,lowvig,LowVig.ag,2026-09-26T20:29:02Z,2026-09-26T20:29:02Z,Virginia Cavaliers,-20.0,-106.0,2026,2026-09-26T20:30:10Z,1070,11.46105960224382,4.530055806521395,9.431003795722425,b4347a6d6451334b228bf748d98cbd30b34b222852b6631cc98ff41b5e407018,timestamped_live_quote,FBS vs FBS
2026-09-26T20:30:10Z,ce4578738432ad6327f4e3a4909ddcb5,2026-09-26T22:00:00Z,Virginia Cavaliers,Delaware Blue Hens,betonlineag,BetOnline.ag,2026-09-26T20:29:54Z,2026-09-26T20:29:54Z,Delaware Blue Hens,20.0,-110.0,2026,2026-09-26T20:30:10Z,1070,11.46105960224382,4.530055806521395,9.431003795722425,b4347a6d6451334b228bf748d98cbd30b34b222852b6631cc98ff41b5e407018,timestamped_live_quote,FBS vs FBS
2026-09-26T20:30:10Z,ce4578738432ad6327f4e3a4909ddcb5,2026-09-26T22:00:00Z,Virginia Cavaliers,Delaware Blue Hens,betonlineag,BetOnline.ag,2026-09-26T20:29:54Z,2026-09-26T20:29:54Z,Virginia Cavaliers,-20.0,-110.0,2026,2026-09-26T20:30:10Z,1070,11.46105960224382,4.530055806521395,9.431003795722425,b4347a6d6451334b228bf748d98cbd30b34b222852b6631cc98ff41b5e407018,timestamped_live_quote,FBS vs FBS
2026-09-26T20:30:10Z,ce4578738432ad6327f4e3a4909ddcb5,2026-09-26T22:00:00Z,Virginia Cavaliers,Delaware Blue Hens,betmgm,BetMGM,2026-09-26T20:29:04Z,2026-09-26T20:29:04Z,Delaware Blue Hens,20.0,-108.0,2026,2026-09-26T20:30:10Z,1070,11.46105960224382,4.530055806521395,9.431003795722425,b4347a6d6451334b228bf748d98cbd30b34b222852b6631cc98ff41b5e407018,timestamped_live_quote,FBS vs FBS
2026-09-26T20:30:10Z,ce4578738432ad6327f4e3a4909ddcb5,2026-09-26T22:00:00Z,Virginia Cavaliers,Delaware Blue Hens,betmgm,BetMGM,2026-09-26T20:29:04Z,2026-09-26T20:29:04Z,Virginia Cavaliers,-20.0,-110.0,2026,2026-09-26T20:30:10Z,1070,11.46105960224382,4.530055806521395,9.431003795722425,b4347a6d6451334b228bf748d98cbd30b34b222852b6631cc98ff41b5e407018,timestamped_live_quote,FBS vs FBS
2026-09-26T20:30:10Z,ce4578738432ad6327f4e3a4909ddcb5,2026-09-26T22:00:00Z,Virginia Cavaliers,Delaware Blue Hens,betus,BetUS,2026-09-26T20:29:02Z,2026-09-26T20:29:02Z,Delaware Blue Hens,20.0,-110.0,2026,2026-09-26T20:30:10Z,1070,11.46105960224382,4.530055806521395,9.431003795722425,b4347a6d6451334b228bf748d98cbd30b34b222852b6631cc98ff41b5e407018,timestamped_live_quote,FBS vs FBS
2026-09-26T20:30:10Z,ce4578738432ad6327f4e3a4909ddcb5,2026-09-26T22:00:00Z,Virginia Cavaliers,Delaware Blue Hens,betus,BetUS,2026-09-26T20:29:02Z,2026-09-26T20:29:02Z,Virginia Cavaliers,-20.0,-110.0,2026,2026-09-26T20:30:10Z,1070,11.46105960224382,4.530055806521395,9.431003795722425,b4347a6d6451334b228bf748d98cbd30b34b222852b6631cc98ff41b5e407018,timestamped_live_quote,FBS vs FBS
2026-09-26T20:30:10Z,ce4578738432ad6327f4e3a4909ddcb5,2026-09-26T22:00:00Z,Virginia Cavaliers,Delaware Blue Hens,bovada,Bovada,2026-09-26T20:27:24Z,2026-09-26T20:27:24Z,Delaware Blue Hens,20.0,-110.0,2026,2026-09-26T20:30:10Z,1070,11.46105960224382,4.530055806521395,9.431003795722425,b4347a6d6451334b228bf748d98cbd30b34b222852b6631cc98ff41b5e407018,timestamped_live_quote,FBS vs FBS
2026-09-26T20:30:10Z,ce4578738432ad6327f4e3a4909ddcb5,2026-09-26T22:00:00Z,Virginia Cavaliers,Delaware Blue Hens,bovada,Bovada,2026-09-26T20:27:24Z,2026-09-26T20:27:24Z,Virginia Cavaliers,-20.0,-110.0,2026,2026-09-26T20:30:10Z,1070,11.46105960224382,4.530055806521395,9.431003795722425,b4347a6d6451334b228bf748d98cbd30b34b222852b6631cc98ff41b5e407018,timestamped_live_quote,FBS vs FBS
2026-09-26T20:30:10Z,520a355fd43b2cfb7aed527eee4345e0,2026-09-26T22:00:00Z,Florida International Panthers,LIU Sharks,fanduel,FanDuel,2026-09-26T20:29:53Z,2026-09-26T20:29:53Z,Florida International Panthers,-37.5,-110.0,2026,2026-09-26T20:30:10Z,1070,,,,b4347a6d6451334b228bf748d98cbd30b34b222852b6631cc98ff41b5e407018,division_safety_suppressed,Unverified division / FCS: model suppressed
2026-09-26T20:30:10Z,520a355fd43b2cfb7aed527eee4345e0,2026-09-26T22:00:00Z,Florida International Panthers,LIU Sharks,fanduel,FanDuel,2026-09-26T20:29:53Z,2026-09-26T20:29:53Z,LIU Sharks,37.5,-110.0,2026,2026-09-26T20:30:10Z,1070,,,,b4347a6d6451334b228bf748d98cbd30b34b222852b6631cc98ff41b5e407018,division_safety_suppressed,Unverified division / FCS: model suppressed
2026-09-26T20:30:10Z,520a355fd43b2cfb7aed527eee4345e0,2026-09-26T22:00:00Z,Florida International Panthers,LIU Sharks,draftkings,DraftKings,2026-09-26T20:29:19Z,2026-09-26T20:29:19Z,Florida International Panthers,-37.5,-108.0,2026,2026-09-26T20:30:10Z,1070,,,,b4347a6d6451334b228bf748d98cbd30b34b222852b6631cc98ff41b5e407018,division_safety_suppressed,Unverified division / FCS: model suppressed
2026-09-26T20:30:10Z,520a355fd43b2cfb7aed527eee4345e0,2026-09-26T22:00:00Z,Florida International Panthers,LIU Sharks,draftkings,DraftKings,2026-09-26T20:29:19Z,2026-09-26T20:29:19Z,LIU Sharks,37.5,-112.0,2026,2026-09-26T20:30:10Z,1070,,,,b4347a6d6451334b228bf748d98cbd30b34b222852b6631cc98ff41b5e407018,division_safety_suppressed,Unverified division / FCS: model suppressed
2026-09-26T20:30:10Z,520a355fd43b2cfb7aed527eee4345e0,2026-09-26T22:00:00Z,Florida International Panthers,LIU Sharks,betrivers,BetRivers,2026-09-26T20:29:35Z,2026-09-26T20:29:35Z,Florida International Panthers,-37.5,-112.0,2026,2026-09-26T20:30:10Z,1070,,,,b4347a6d6451334b228bf748d98cbd30b34b222852b6631cc98ff41b5e407018,division_safety_suppressed,Unverified division / FCS: model suppressed
2026-09-26T20:30:10Z,520a355fd43b2cfb7aed527eee4345e0,2026-09-26T22:00:00Z,Florida International Panthers,LIU Sharks,betrivers,BetRivers,2026-09-26T20:29:35Z,2026-09-26T20:29:35Z,LIU Sharks,37.5,-110.0,2026,2026-09-26T20:30:10Z,1070,,,,b4347a6d6451334b228bf748d98cbd30b34b222852b6631cc98ff41b5e407018,division_safety_suppressed,Unverified division / FCS: model suppressed
2026-09-26T20:30:10Z,520a355fd43b2cfb7aed527eee4345e0,2026-09-26T22:00:00Z,Florida International Panthers,LIU Sharks,lowvig,LowVig.ag,2026-09-26T20:29:02Z,2026-09-26T20:29:02Z,Florida International Panthers,-37.5,-110.0,2026,2026-09-26T20:30:10Z,1070,,,,b4347a6d6451334b228bf748d98cbd30b34b222852b6631cc98ff41b5e407018,division_safety_suppressed,Unverified division / FCS: model suppressed
2026-09-26T20:30:10Z,520a355fd43b2cfb7aed527eee4345e0,2026-09-26T22:00:00Z,Florida International Panthers,LIU Sharks,lowvig,LowVig.ag,2026-09-26T20:29:02Z,2026-09-26T20:29:02Z,LIU Sharks,37.5,-110.0,2026,2026-09-26T20:30:10Z,1070,,,,b4347a6d6451334b228bf748d98cbd30b34b222852b6631cc98ff41b5e407018,division_safety_suppressed,Unverified division / FCS: model suppressed
2026-09-26T20:30:10Z,520a355fd43b2cfb7aed527eee4345e0,2026-09-26T22:00:00Z,Florida International Panthers,LIU Sharks,betonlineag,BetOnline.ag,2026-09-26T20:29:54Z,2026-09-26T20:29:54Z,Florida International Panthers,-37.5,-110.0,2026,2026-09-26T20:30:10Z,1070,,,,b4347a6d6451334b228bf748d98cbd30b34b222852b6631cc98ff41b5e407018,division_safety_suppressed,Unverified division / FCS: model suppressed
2026-09-26T20:30:10Z,520a355fd43b2cfb7aed527eee4345e0,2026-09-26T22:00:00Z,Florida International Panthers,LIU Sharks,betonlineag,BetOnline.ag,2026-09-26T20:29:54Z,2026-09-26T20:29:54Z,LIU Sharks,37.5,-110.0,2026,2026-09-26T20:30:10Z,1070,,,,b4347a6d6451334b228bf748d98cbd30b34b222852b6631cc98ff41b5e407018,division_safety_suppressed,Unverified division / FCS: model suppressed
2026-09-26T20:30:10Z,520a355fd43b2cfb7aed527eee4345e0,2026-09-26T22:00:00Z,Florida International Panthers,LIU Sharks,bovada,Bovada,2026-09-26T20:27:24Z,2026-09-26T20:27:24Z,Florida International Panthers,-37.5,-105.0,2026,2026-09-26T20:30:10Z,1070,,,,b4347a6d6451334b228bf748d98cbd30b34b222852b6631cc98ff41b5e407018,division_safety_suppressed,Unverified division / FCS: model suppressed
2026-09-26T20:30:10Z,520a355fd43b2cfb7aed527eee4345e0,2026-09-26T22:00:00Z,Florida International Panthers,LIU Sharks,bovada,Bovada,2026-09-26T20:27:24Z,2026-09-26T20:27:24Z,LIU Sharks,37.5,-115.0,2026,2026-09-26T20:30:10Z,1070,,,,b4347a6d6451334b228bf748d98cbd30b34b222852b6631cc98ff41b5e407018,division_safety_suppressed,Unverified division / FCS: model suppressed
2026-09-26T20:30:10Z,520a355fd43b2cfb7aed527eee4345e0,2026-09-26T22:00:00Z,Florida International Panthers,LIU Sharks,betmgm,BetMGM,2026-09-26T20:29:04Z,2026-09-26T20:29:04Z,Florida International Panthers,-37.0,-110.0,2026,2026-09-26T20:30:10Z,1070,,,,b4347a6d6451334b228bf748d98cbd30b34b222852b6631cc98ff41b5e407018,division_safety_suppressed,Unverified division / FCS: model suppressed
2026-09-26T20:30:10Z,520a355fd43b2cfb7aed527eee4345e0,2026-09-26T22:00:00Z,Florida International Panthers,LIU Sharks,betmgm,BetMGM,2026-09-26T20:29:04Z,2026-09-26T20:29:04Z,LIU Sharks,37.0,-108.0,2026,2026-09-26T20:30:10Z,1070,,,,b4347a6d6451334b228bf748d98cbd30b34b222852b6631cc98ff41b5e407018,division_safety_suppressed,Unverified division / FCS: model suppressed
2026-09-26T20:30:10Z,ed1c259773ba7494570a1611b44adb30,2026-09-26T22:00:00Z,Texas State Bobcats,Incarnate Word Cardinals,fanduel,FanDuel,2026-09-26T20:29:53Z,2026-09-26T20:29:53Z,Incarnate Word Cardinals,30.5,-115.0,2026,2026-09-26T20:30:10Z,1070,,,,b4347a6d6451334b228bf748d98cbd30b34b222852b6631cc98ff41b5e407018,division_safety_suppressed,Unverified division / FCS: model suppressed
2026-09-26T20:30:10Z,ed1c259773ba7494570a1611b44adb30,2026-09-26T22:00:00Z,Texas State Bobcats,Incarnate Word Cardinals,fanduel,FanDuel,2026-09-26T20:29:53Z,2026-09-26T20:29:53Z,Texas State Bobcats,-30.5,-105.0,2026,2026-09-26T20:30:10Z,1070,,,,b4347a6d6451334b228bf748d98cbd30b34b222852b6631cc98ff41b5e407018,division_safety_suppressed,Unverified division / FCS: model suppressed
2026-09-26T20:30:10Z,ed1c259773ba7494570a1611b44adb30,2026-09-26T22:00:00Z,Texas State Bobcats,Incarnate Word Cardinals,draftkings,DraftKings,2026-09-26T20:29:19Z,2026-09-26T20:29:19Z,Incarnate Word Cardinals,30.5,-102.0,2026,2026-09-26T20:30:10Z,1070,,,,b4347a6d6451334b228bf748d98cbd30b34b222852b6631cc98ff41b5e407018,division_safety_suppressed,Unverified division / FCS: model suppressed
2026-09-26T20:30:10Z,ed1c259773ba7494570a1611b44adb30,2026-09-26T22:00:00Z,Texas State Bobcats,Incarnate Word Cardinals,draftkings,DraftKings,2026-09-26T20:29:19Z,2026-09-26T20:29:19Z,Texas State Bobcats,-30.5,-118.0,2026,2026-09-26T20:30:10Z,1070,,,,b4347a6d6451334b228bf748d98cbd30b34b222852b6631cc98ff41b5e407018,division_safety_suppressed,Unverified division / FCS: model suppressed
2026-09-26T20:30:10Z,ed1c259773ba7494570a1611b44adb30,2026-09-26T22:00:00Z,Texas State Bobcats,Incarnate Word Cardinals,betrivers,BetRivers,2026-09-26T20:29:35Z,2026-09-26T20:29:35Z,Incarnate Word Cardinals,32.0,-141.0,2026,2026-09-26T20:30:10Z,1070,,,,b4347a6d6451334b228bf748d98cbd30b34b222852b6631cc98ff41b5e407018,division_safety_suppressed,Unverified division / FCS: model suppressed
2026-09-26T20:30:10Z,ed1c259773ba7494570a1611b44adb30,2026-09-26T22:00:00Z,Texas State Bobcats,Incarnate Word Cardinals,betrivers,BetRivers,2026-09-26T20:29:35Z,2026-09-26T20:29:35Z,Texas State Bobcats,-32.0,-103.0,2026,2026-09-26T20:30:10Z,1070,,,,b4347a6d6451334b228bf748d98cbd30b34b222852b6631cc98ff41b5e407018,division_safety_suppressed,Unverified division / FCS: model suppressed
2026-09-26T20:30:10Z,ed1c259773ba7494570a1611b44adb30,2026-09-26T22:00:00Z,Texas State Bobcats,Incarnate Word Cardinals,lowvig,LowVig.ag,2026-09-26T20:29:02Z,2026-09-26T20:29:02Z,Incarnate Word Cardinals,30.0,-110.0,2026,2026-09-26T20:30:10Z,1070,,,,b4347a6d6451334b228bf748d98cbd30b34b222852b6631cc98ff41b5e407018,division_safety_suppressed,Unverified division / FCS: model suppressed
2026-09-26T20:30:10Z,ed1c259773ba7494570a1611b44adb30,2026-09-26T22:00:00Z,Texas State Bobcats,Incarnate Word Cardinals,lowvig,LowVig.ag,2026-09-26T20:29:02Z,2026-09-26T20:29:02Z,Texas State Bobcats,-30.0,-110.0,2026,2026-09-26T20:30:10Z,1070,,,,b4347a6d6451334b228bf748d98cbd30b34b222852b6631cc98ff41b5e407018,division_safety_suppressed,Unverified division / FCS: model suppressed
2026-09-26T20:30:10Z,ed1c259773ba7494570a1611b44adb30,2026-09-26T22:00:00Z,Texas State Bobcats,Incarnate Word Cardinals,betonlineag,BetOnline.ag,2026-09-26T20:29:54Z,2026-09-26T20:29:54Z,Incarnate Word Cardinals,30.0,-110.0,2026,2026-09-26T20:30:10Z,1070,,,,b4347a6d6451334b228bf748d98cbd30b34b222852b6631cc98ff41b5e407018,division_safety_suppressed,Unverified division / FCS: model suppressed
2026-09-26T20:30:10Z,ed1c259773ba7494570a1611b44adb30,2026-09-26T22:00:00Z,Texas State Bobcats,Incarnate Word Cardinals,betonlineag,BetOnline.ag,2026-09-26T20:29:54Z,2026-09-26T20:29:54Z,Texas State Bobcats,-30.0,-110.0,2026,2026-09-26T20:30:10Z,1070,,,,b4347a6d6451334b228bf748d98cbd30b34b222852b6631cc98ff41b5e407018,division_safety_suppressed,Unverified division / FCS: model suppressed
2026-09-26T20:30:10Z,ed1c259773ba7494570a1611b44adb30,2026-09-26T22:00:00Z,Texas State Bobcats,Incarnate Word Cardinals,bovada,Bovada,2026-09-26T20:27:24Z,2026-09-26T20:27:24Z,Incarnate Word Cardinals,31.0,-110.0,2026,2026-09-26T20:30:10Z,1070,,,,b4347a6d6451334b228bf748d98cbd30b34b222852b6631cc98ff41b5e407018,division_safety_suppressed,Unverified division / FCS: model suppressed
2026-09-26T20:30:10Z,ed1c259773ba7494570a1611b44adb30,2026-09-26T22:00:00Z,Texas State Bobcats,Incarnate Word Cardinals,bovada,Bovada,2026-09-26T20:27:24Z,2026-09-26T20:27:24Z,Texas State Bobcats,-31.0,-110.0,2026,2026-09-26T20:30:10Z,1070,,,,b4347a6d6451334b228bf748d98cbd30b34b222852b6631cc98ff41b5e407018,division_safety_suppressed,Unverified division / FCS: model suppressed
2026-09-26T20:30:10Z,ed1c259773ba7494570a1611b44adb30,2026-09-26T22:00:00Z,Texas State Bobcats,Incarnate Word Cardinals,betmgm,BetMGM,2026-09-26T20:29:04Z,2026-09-26T20:29:04Z,Incarnate Word Cardinals,30.5,-108.0,2026,2026-09-26T20:30:10Z,1070,,,,b4347a6d6451334b228bf748d98cbd30b34b222852b6631cc98ff41b5e407018,division_safety_suppressed,Unverified division / FCS: model suppressed
2026-09-26T20:30:10Z,ed1c259773ba7494570a1611b44adb30,2026-09-26T22:00:00Z,Texas State Bobcats,Incarnate Word Cardinals,betmgm,BetMGM,2026-09-26T20:29:04Z,2026-09-26T20:29:04Z,Texas State Bobcats,-30.5,-110.0,2026,2026-09-26T20:30:10Z,1070,,,,b4347a6d6451334b228bf748d98cbd30b34b222852b6631cc98ff41b5e407018,division_safety_suppressed,Unverified division / FCS: model suppressed
2026-09-26T20:30:10Z,008dd61e19c2456760593773da6a88ef,2026-09-26T22:00:00Z,Old Dominion Monarchs,James Madison Dukes,fanduel,FanDuel,2026-09-26T20:29:53Z,2026-09-26T20:29:53Z,James Madison Dukes,-6.5,-122.0,2026,2026-09-26T20:30:10Z,1070,0.41976391568511995,13.611086615444375,-10.691322699759255,b4347a6d6451334b228bf748d98cbd30b34b222852b6631cc98ff41b5e407018,timestamped_live_quote,FBS vs FBS
2026-09-26T20:30:10Z,008dd61e19c2456760593773da6a88ef,2026-09-26T22:00:00Z,Old Dominion Monarchs,James Madison Dukes,fanduel,FanDuel,2026-09-26T20:29:53Z,2026-09-26T20:29:53Z,Old Dominion Monarchs,6.5,100.0,2026,2026-09-26T20:30:10Z,1070,0.41976391568511995,13.611086615444375,-10.691322699759255,b4347a6d6451334b228bf748d98cbd30b34b222852b6631cc98ff41b5e407018,timestamped_live_quote,FBS vs FBS
2026-09-26T20:30:10Z,008dd61e19c2456760593773da6a88ef,2026-09-26T22:00:00Z,Old Dominion Monarchs,James Madison Dukes,mybookieag,MyBookie.ag,2026-09-26T20:29:38Z,2026-09-26T20:29:37Z,James Madison Dukes,-7.0,-110.0,2026,2026-09-26T20:30:10Z,1070,0.41976391568511995,13.611086615444375,-10.691322699759255,b4347a6d6451334b228bf748d98cbd30b34b222852b6631cc98ff41b5e407018,timestamped_live_quote,FBS vs FBS
2026-09-26T20:30:10Z,008dd61e19c2456760593773da6a88ef,2026-09-26T22:00:00Z,Old Dominion Monarchs,James Madison Dukes,mybookieag,MyBookie.ag,2026-09-26T20:29:38Z,2026-09-26T20:29:37Z,Old Dominion Monarchs,7.0,-110.0,2026,2026-09-26T20:30:10Z,1070,0.41976391568511995,13.611086615444375,-10.691322699759255,b4347a6d6451334b228bf748d98cbd30b34b222852b6631cc98ff41b5e407018,timestamped_live_quote,FBS vs FBS
2026-09-26T20:30:10Z,008dd61e19c2456760593773da6a88ef,2026-09-26T22:00:00Z,Old Dominion Monarchs,James Madison Dukes,betrivers,BetRivers,2026-09-26T20:29:35Z,2026-09-26T20:29:35Z,James Madison Dukes,-7.0,-105.0,2026,2026-09-26T20:30:10Z,1070,0.41976391568511995,13.611086615444375,-10.691322699759255,b4347a6d6451334b228bf748d98cbd30b34b222852b6631cc98ff41b5e407018,timestamped_live_quote,FBS vs FBS
2026-09-26T20:30:10Z,008dd61e19c2456760593773da6a88ef,2026-09-26T22:00:00Z,Old Dominion Monarchs,James Madison Dukes,betrivers,BetRivers,2026-09-26T20:29:35Z,2026-09-26T20:29:35Z,Old Dominion Monarchs,7.0,-118.0,2026,2026-09-26T20:30:10Z,1070,0.41976391568511995,13.611086615444375,-10.691322699759255,b4347a6d6451334b228bf748d98cbd30b34b222852b6631cc98ff41b5e407018,timestamped_live_quote,FBS vs FBS
2026-09-26T20:30:10Z,008dd61e19c2456760593773da6a88ef,2026-09-26T22:00:00Z,Old Dominion Monarchs,James Madison Dukes,draftkings,DraftKings,2026-09-26T20:29:19Z,2026-09-26T20:29:19Z,James Madison Dukes,-6.5,-115.0,2026,2026-09-26T20:30:10Z,1070,0.41976391568511995,13.611086615444375,-10.691322699759255,b4347a6d6451334b228bf748d98cbd30b34b222852b6631cc98ff41b5e407018,timestamped_live_quote,FBS vs FBS
2026-09-26T20:30:10Z,008dd61e19c2456760593773da6a88ef,2026-09-26T22:00:00Z,Old Dominion Monarchs,James Madison Dukes,draftkings,DraftKings,2026-09-26T20:29:19Z,2026-09-26T20:29:19Z,Old Dominion Monarchs,6.5,-105.0,2026,2026-09-26T20:30:10Z,1070,0.41976391568511995,13.611086615444375,-10.691322699759255,b4347a6d6451334b228bf748d98cbd30b34b222852b6631cc98ff41b5e407018,timestamped_live_quote,FBS vs FBS
2026-09-26T20:30:10Z,008dd61e19c2456760593773da6a88ef,2026-09-26T22:00:00Z,Old Dominion Monarchs,James Madison Dukes,lowvig,LowVig.ag,2026-09-26T20:29:02Z,2026-09-26T20:29:02Z,James Madison Dukes,-6.5,-111.0,2026,2026-09-26T20:30:10Z,1070,0.41976391568511995,13.611086615444375,-10.691322699759255,b4347a6d6451334b228bf748d98cbd30b34b222852b6631cc98ff41b5e407018,timestamped_live_quote,FBS vs FBS
2026-09-26T20:30:10Z,008dd61e19c2456760593773da6a88ef,2026-09-26T22:00:00Z,Old Dominion Monarchs,James Madison Dukes,lowvig,LowVig.ag,2026-09-26T20:29:02Z,2026-09-26T20:29:02Z,Old Dominion Monarchs,6.5,-101.0,2026,2026-09-26T20:30:10Z,1070,0.41976391568511995,13.611086615444375,-10.691322699759255,b4347a6d6451334b228bf748d98cbd30b34b222852b6631cc98ff41b5e407018,timestamped_live_quote,FBS vs FBS
2026-09-26T20:30:10Z,008dd61e19c2456760593773da6a88ef,2026-09-26T22:00:00Z,Old Dominion Monarchs,James Madison Dukes,betonlineag,BetOnline.ag,2026-09-26T20:29:54Z,2026-09-26T20:29:54Z,James Madison Dukes,-6.5,-115.0,2026,2026-09-26T20:30:10Z,1070,0.41976391568511995,13.611086615444375,-10.691322699759255,b4347a6d6451334b228bf748d98cbd30b34b222852b6631cc98ff41b5e407018,timestamped_live_quote,FBS vs FBS
2026-09-26T20:30:10Z,008dd61e19c2456760593773da6a88ef,2026-09-26T22:00:00Z,Old Dominion Monarchs,James Madison Dukes,betonlineag,BetOnline.ag,2026-09-26T20:29:54Z,2026-09-26T20:29:54Z,Old Dominion Monarchs,6.5,-105.0,2026,2026-09-26T20:30:10Z,1070,0.41976391568511995,13.611086615444375,-10.691322699759255,b4347a6d6451334b228bf748d98cbd30b34b222852b6631cc98ff41b5e407018,timestamped_live_quote,FBS vs FBS
2026-09-26T20:30:10Z,008dd61e19c2456760593773da6a88ef,2026-09-26T22:00:00Z,Old Dominion Monarchs,James Madison Dukes,betmgm,BetMGM,2026-09-26T20:29:04Z,2026-09-26T20:29:04Z,James Madison Dukes,-6.5,-120.0,2026,2026-09-26T20:30:10Z,1070,0.41976391568511995,13.611086615444375,-10.691322699759255,b4347a6d6451334b228bf748d98cbd30b34b222852b6631cc98ff41b5e407018,timestamped_live_quote,FBS vs FBS
2026-09-26T20:30:10Z,008dd61e19c2456760593773da6a88ef,2026-09-26T22:00:00Z,Old Dominion Monarchs,James Madison Dukes,betmgm,BetMGM,2026-09-26T20:29:04Z,2026-09-26T20:29:04Z,Old Dominion Monarchs,6.5,-108.0,2026,2026-09-26T20:30:10Z,1070,0.41976391568511995,13.611086615444375,-10.691322699759255,b4347a6d6451334b228bf748d98cbd30b34b222852b6631cc98ff41b5e407018,timestamped_live_quote,FBS vs FBS
2026-09-26T20:30:10Z,008dd61e19c2456760593773da6a88ef,2026-09-26T22:00:00Z,Old Dominion Monarchs,James Madison Dukes,betus,BetUS,2026-09-26T20:29:02Z,2026-09-26T20:29:02Z,James Madison Dukes,-7.0,-105.0,2026,2026-09-26T20:30:10Z,1070,0.41976391568511995,13.611086615444375,-10.691322699759255,b4347a6d6451334b228bf748d98cbd30b34b222852b6631cc98ff41b5e407018,timestamped_live_quote,FBS vs FBS
2026-09-26T20:30:10Z,008dd61e19c2456760593773da6a88ef,2026-09-26T22:00:00Z,Old Dominion Monarchs,James Madison Dukes,betus,BetUS,2026-09-26T20:29:02Z,2026-09-26T20:29:02Z,Old Dominion Monarchs,7.0,-115.0,2026,2026-09-26T20:30:10Z,1070,0.41976391568511995,13.611086615444375,-10.691322699759255,b4347a6d6451334b228bf748d98cbd30b34b222852b6631cc98ff41b5e407018,timestamped_live_quote,FBS vs FBS
2026-09-26T20:30:10Z,008dd61e19c2456760593773da6a88ef,2026-09-26T22:00:00Z,Old Dominion Monarchs,James Madison Dukes,bovada,Bovada,2026-09-26T20:27:24Z,2026-09-26T20:27:24Z,James Madison Dukes,-6.5,-115.0,2026,2026-09-26T20:30:10Z,1070,0.41976391568511995,13.611086615444375,-10.691322699759255,b4347a6d6451334b228bf748d98cbd30b34b222852b6631cc98ff41b5e407018,timestamped_live_quote,FBS vs FBS
2026-09-26T20:30:10Z,008dd61e19c2456760593773da6a88ef,2026-09-26T22:00:00Z,Old Dominion Monarchs,James Madison Dukes,bovada,Bovada,2026-09-26T20:27:24Z,2026-09-26T20:27:24Z,Old Dominion Monarchs,6.5,-105.0,2026,2026-09-26T20:30:10Z,1070,0.41976391568511995,13.611086615444375,-10.691322699759255,b4347a6d6451334b228bf748d98cbd30b34b222852b6631cc98ff41b5e407018,timestamped_live_quote,FBS vs FBS
2026-09-26T20:30:10Z,1f0c9cd1941cbfe5c5ca28fa42e387d8,2026-09-26T22:30:00Z,Miami Hurricanes,Central Michigan Chippewas,draftkings,DraftKings,2026-09-26T20:29:19Z,2026-09-26T20:29:19Z,Central Michigan Chippewas,41.5,-108.0,2026,2026-09-26T20:30:10Z,1070,16.505092169007764,-0.7321732091434682,19.737265378151232,b4347a6d6451334b228bf748d98cbd30b34b222852b6631cc98ff41b5e407018,timestamped_live_quote,FBS vs FBS
2026-09-26T20:30:10Z,1f0c9cd1941cbfe5c5ca28fa42e387d8,2026-09-26T22:30:00Z,Miami Hurricanes,Central Michigan Chippewas,draftkings,DraftKings,2026-09-26T20:29:19Z,2026-09-26T20:29:19Z,Miami Hurricanes,-41.5,-112.0,2026,2026-09-26T20:30:10Z,1070,16.505092169007764,-0.7321732091434682,19.737265378151232,b4347a6d6451334b228bf748d98cbd30b34b222852b6631cc98ff41b5e407018,timestamped_live_quote,FBS vs FBS
2026-09-26T20:30:10Z,1f0c9cd1941cbfe5c5ca28fa42e387d8,2026-09-26T22:30:00Z,Miami Hurricanes,Central Michigan Chippewas,fanduel,FanDuel,2026-09-26T20:29:53Z,2026-09-26T20:29:53Z,Central Michigan Chippewas,41.5,-106.0,2026,2026-09-26T20:30:10Z,1070,16.505092169007764,-0.7321732091434682,19.737265378151232,b4347a6d6451334b228bf748d98cbd30b34b222852b6631cc98ff41b5e407018,timestamped_live_quote,FBS vs FBS
2026-09-26T20:30:10Z,1f0c9cd1941cbfe5c5ca28fa42e387d8,2026-09-26T22:30:00Z,Miami Hurricanes,Central Michigan Chippewas,fanduel,FanDuel,2026-09-26T20:29:53Z,2026-09-26T20:29:53Z,Miami Hurricanes,-41.5,-114.0,2026,2026-09-26T20:30:10Z,1070,16.505092169007764,-0.7321732091434682,19.737265378151232,b4347a6d6451334b228bf748d98cbd30b34b222852b6631cc98ff41b5e407018,timestamped_live_quote,FBS vs FBS
2026-09-26T20:30:10Z,1f0c9cd1941cbfe5c5ca28fa42e387d8,2026-09-26T22:30:00Z,Miami Hurricanes,Central Michigan Chippewas,betrivers,BetRivers,2026-09-26T20:29:35Z,2026-09-26T20:29:35Z,Central Michigan Chippewas,40.5,-110.0,2026,2026-09-26T20:30:10Z,1070,16.505092169007764,-0.7321732091434682,19.737265378151232,b4347a6d6451334b228bf748d98cbd30b34b222852b6631cc98ff41b5e407018,timestamped_live_quote,FBS vs FBS
2026-09-26T20:30:10Z,1f0c9cd1941cbfe5c5ca28fa42e387d8,2026-09-26T22:30:00Z,Miami Hurricanes,Central Michigan Chippewas,betrivers,BetRivers,2026-09-26T20:29:35Z,2026-09-26T20:29:35Z,Miami Hurricanes,-40.5,-113.0,2026,2026-09-26T20:30:10Z,1070,16.505092169007764,-0.7321732091434682,19.737265378151232,b4347a6d6451334b228bf748d98cbd30b34b222852b6631cc98ff41b5e407018,timestamped_live_quote,FBS vs FBS
2026-09-26T20:30:10Z,1f0c9cd1941cbfe5c5ca28fa42e387d8,2026-09-26T22:30:00Z,Miami Hurricanes,Central Michigan Chippewas,lowvig,LowVig.ag,2026-09-26T20:29:02Z,2026-09-26T20:29:02Z,Central Michigan Chippewas,41.5,-101.0,2026,2026-09-26T20:30:10Z,1070,16.505092169007764,-0.7321732091434682,19.737265378151232,b4347a6d6451334b228bf748d98cbd30b34b222852b6631cc98ff41b5e407018,timestamped_live_quote,FBS vs FBS
2026-09-26T20:30:10Z,1f0c9cd1941cbfe5c5ca28fa42e387d8,2026-09-26T22:30:00Z,Miami Hurricanes,Central Michigan Chippewas,lowvig,LowVig.ag,2026-09-26T20:29:02Z,2026-09-26T20:29:02Z,Miami Hurricanes,-41.5,-111.0,2026,2026-09-26T20:30:10Z,1070,16.505092169007764,-0.7321732091434682,19.737265378151232,b4347a6d6451334b228bf748d98cbd30b34b222852b6631cc98ff41b5e407018,timestamped_live_quote,FBS vs FBS
2026-09-26T20:30:10Z,1f0c9cd1941cbfe5c5ca28fa42e387d8,2026-09-26T22:30:00Z,Miami Hurricanes,Central Michigan Chippewas,betonlineag,BetOnline.ag,2026-09-26T20:29:54Z,2026-09-26T20:29:54Z,Central Michigan Chippewas,41.5,-105.0,2026,2026-09-26T20:30:10Z,1070,16.505092169007764,-0.7321732091434682,19.737265378151232,b4347a6d6451334b228bf748d98cbd30b34b222852b6631cc98ff41b5e407018,timestamped_live_quote,FBS vs FBS
2026-09-26T20:30:10Z,1f0c9cd1941cbfe5c5ca28fa42e387d8,2026-09-26T22:30:00Z,Miami Hurricanes,Central Michigan Chippewas,betonlineag,BetOnline.ag,2026-09-26T20:29:54Z,2026-09-26T20:29:54Z,Miami Hurricanes,-41.5,-115.0,2026,2026-09-26T20:30:10Z,1070,16.505092169007764,-0.7321732091434682,19.737265378151232,b4347a6d6451334b228bf748d98cbd30b34b222852b6631cc98ff41b5e407018,timestamped_live_quote,FBS vs FBS
2026-09-26T20:30:10Z,1f0c9cd1941cbfe5c5ca28fa42e387d8,2026-09-26T22:30:00Z,Miami Hurricanes,Central Michigan Chippewas,betmgm,BetMGM,2026-09-26T20:29:04Z,2026-09-26T20:29:04Z,Central Michigan Chippewas,41.5,-108.0,2026,2026-09-26T20:30:10Z,1070,16.505092169007764,-0.7321732091434682,19.737265378151232,b4347a6d6451334b228bf748d98cbd30b34b222852b6631cc98ff41b5e407018,timestamped_live_quote,FBS vs FBS
2026-09-26T20:30:10Z,1f0c9cd1941cbfe5c5ca28fa42e387d8,2026-09-26T22:30:00Z,Miami Hurricanes,Central Michigan Chippewas,betmgm,BetMGM,2026-09-26T20:29:04Z,2026-09-26T20:29:04Z,Miami Hurricanes,-41.5,-110.0,2026,2026-09-26T20:30:10Z,1070,16.505092169007764,-0.7321732091434682,19.737265378151232,b4347a6d6451334b228bf748d98cbd30b34b222852b6631cc98ff41b5e407018,timestamped_live_quote,FBS vs FBS
2026-09-26T20:30:10Z,1f0c9cd1941cbfe5c5ca28fa42e387d8,2026-09-26T22:30:00Z,Miami Hurricanes,Central Michigan Chippewas,betus,BetUS,2026-09-26T20:29:02Z,2026-09-26T20:29:02Z,Central Michigan Chippewas,42.0,-110.0,2026,2026-09-26T20:30:10Z,1070,16.505092169007764,-0.7321732091434682,19.737265378151232,b4347a6d6451334b228bf748d98cbd30b34b222852b6631cc98ff41b5e407018,timestamped_live_quote,FBS vs FBS
2026-09-26T20:30:10Z,1f0c9cd1941cbfe5c5ca28fa42e387d8,2026-09-26T22:30:00Z,Miami Hurricanes,Central Michigan Chippewas,betus,BetUS,2026-09-26T20:29:02Z,2026-09-26T20:29:02Z,Miami Hurricanes,-42.0,-110.0,2026,2026-09-26T20:30:10Z,1070,16.505092169007764,-0.7321732091434682,19.737265378151232,b4347a6d6451334b228bf748d98cbd30b34b222852b6631cc98ff41b5e407018,timestamped_live_quote,FBS vs FBS
2026-09-26T20:30:10Z,1f0c9cd1941cbfe5c5ca28fa42e387d8,2026-09-26T22:30:00Z,Miami Hurricanes,Central Michigan Chippewas,bovada,Bovada,2026-09-26T20:27:24Z,2026-09-26T20:27:24Z,Central Michigan Chippewas,41.0,-110.0,2026,2026-09-26T20:30:10Z,1070,16.505092169007764,-0.7321732091434682,19.737265378151232,b4347a6d6451334b228bf748d98cbd30b34b222852b6631cc98ff41b5e407018,timestamped_live_quote,FBS vs FBS
2026-09-26T20:30:10Z,1f0c9cd1941cbfe5c5ca28fa42e387d8,2026-09-26T22:30:00Z,Miami Hurricanes,Central Michigan Chippewas,bovada,Bovada,2026-09-26T20:27:24Z,2026-09-26T20:27:24Z,Miami Hurricanes,-41.0,-110.0,2026,2026-09-26T20:30:10Z,1070,16.505092169007764,-0.7321732091434682,19.737265378151232,b4347a6d6451334b228bf748d98cbd30b34b222852b6631cc98ff41b5e407018,timestamped_live_quote,FBS vs FBS
2026-09-26T20:30:10Z,c80f5f34b99b9346f4e40cf5304d941d,2026-09-26T22:30:00Z,Charlotte 49ers,Louisiana Ragin Cajuns,fanduel,FanDuel,2026-09-26T20:29:53Z,2026-09-26T20:29:53Z,Charlotte 49ers,10.5,-122.0,2026,2026-09-26T20:30:10Z,1070,-4.045226463801441,3.1554309401046337,-4.7006574039060744,b4347a6d6451334b228bf748d98cbd30b34b222852b6631cc98ff41b5e407018,timestamped_live_quote,FBS vs FBS
2026-09-26T20:30:10Z,c80f5f34b99b9346f4e40cf5304d941d,2026-09-26T22:30:00Z,Charlotte 49ers,Louisiana Ragin Cajuns,fanduel,FanDuel,2026-09-26T20:29:53Z,2026-09-26T20:29:53Z,Louisiana Ragin Cajuns,-10.5,100.0,2026,2026-09-26T20:30:10Z,1070,-4.045226463801441,3.1554309401046337,-4.7006574039060744,b4347a6d6451334b228bf748d98cbd30b34b222852b6631cc98ff41b5e407018,timestamped_live_quote,FBS vs FBS
2026-09-26T20:30:10Z,c80f5f34b99b9346f4e40cf5304d941d,2026-09-26T22:30:00Z,Charlotte 49ers,Louisiana Ragin Cajuns,mybookieag,MyBookie.ag,2026-09-26T20:29:38Z,2026-09-26T20:29:37Z,Charlotte 49ers,9.5,-110.0,2026,2026-09-26T20:30:10Z,1070,-4.045226463801441,3.1554309401046337,-4.7006574039060744,b4347a6d6451334b228bf748d98cbd30b34b222852b6631cc98ff41b5e407018,timestamped_live_quote,FBS vs FBS
2026-09-26T20:30:10Z,c80f5f34b99b9346f4e40cf5304d941d,2026-09-26T22:30:00Z,Charlotte 49ers,Louisiana Ragin Cajuns,mybookieag,MyBookie.ag,2026-09-26T20:29:38Z,2026-09-26T20:29:37Z,Louisiana Ragin Cajuns,-9.5,-110.0,2026,2026-09-26T20:30:10Z,1070,-4.045226463801441,3.1554309401046337,-4.7006574039060744,b4347a6d6451334b228bf748d98cbd30b34b222852b6631cc98ff41b5e407018,timestamped_live_quote,FBS vs FBS
2026-09-26T20:30:10Z,c80f5f34b99b9346f4e40cf5304d941d,2026-09-26T22:30:00Z,Charlotte 49ers,Louisiana Ragin Cajuns,draftkings,DraftKings,2026-09-26T20:29:19Z,2026-09-26T20:29:19Z,Charlotte 49ers,8.5,-108.0,2026,2026-09-26T20:30:10Z,1070,-4.045226463801441,3.1554309401046337,-4.7006574039060744,b4347a6d6451334b228bf748d98cbd30b34b222852b6631cc98ff41b5e407018,timestamped_live_quote,FBS vs FBS
2026-09-26T20:30:10Z,c80f5f34b99b9346f4e40cf5304d941d,2026-09-26T22:30:00Z,Charlotte 49ers,Louisiana Ragin Cajuns,draftkings,DraftKings,2026-09-26T20:29:19Z,2026-09-26T20:29:19Z,Louisiana Ragin Cajuns,-8.5,-112.0,2026,2026-09-26T20:30:10Z,1070,-4.045226463801441,3.1554309401046337,-4.7006574039060744,b4347a6d6451334b228bf748d98cbd30b34b222852b6631cc98ff41b5e407018,timestamped_live_quote,FBS vs FBS
2026-09-26T20:30:10Z,c80f5f34b99b9346f4e40cf5304d941d,2026-09-26T22:30:00Z,Charlotte 49ers,Louisiana Ragin Cajuns,betrivers,BetRivers,2026-09-26T20:29:35Z,2026-09-26T20:29:35Z,Charlotte 49ers,9.5,-112.0,2026,2026-09-26T20:30:10Z,1070,-4.045226463801441,3.1554309401046337,-4.7006574039060744,b4347a6d6451334b228bf748d98cbd30b34b222852b6631cc98ff41b5e407018,timestamped_live_quote,FBS vs FBS
2026-09-26T20:30:10Z,c80f5f34b99b9346f4e40cf5304d941d,2026-09-26T22:30:00Z,Charlotte 49ers,Louisiana Ragin Cajuns,betrivers,BetRivers,2026-09-26T20:29:35Z,2026-09-26T20:29:35Z,Louisiana Ragin Cajuns,-9.5,-110.0,2026,2026-09-26T20:30:10Z,1070,-4.045226463801441,3.1554309401046337,-4.7006574039060744,b4347a6d6451334b228bf748d98cbd30b34b222852b6631cc98ff41b5e407018,timestamped_live_quote,FBS vs FBS
2026-09-26T20:30:10Z,c80f5f34b99b9346f4e40cf5304d941d,2026-09-26T22:30:00Z,Charlotte 49ers,Louisiana Ragin Cajuns,lowvig,LowVig.ag,2026-09-26T20:29:02Z,2026-09-26T20:29:02Z,Charlotte 49ers,9.5,-106.0,2026,2026-09-26T20:30:10Z,1070,-4.045226463801441,3.1554309401046337,-4.7006574039060744,b4347a6d6451334b228bf748d98cbd30b34b222852b6631cc98ff41b5e407018,timestamped_live_quote,FBS vs FBS
2026-09-26T20:30:10Z,c80f5f34b99b9346f4e40cf5304d941d,2026-09-26T22:30:00Z,Charlotte 49ers,Louisiana Ragin Cajuns,lowvig,LowVig.ag,2026-09-26T20:29:02Z,2026-09-26T20:29:02Z,Louisiana Ragin Cajuns,-9.5,-106.0,2026,2026-09-26T20:30:10Z,1070,-4.045226463801441,3.1554309401046337,-4.7006574039060744,b4347a6d6451334b228bf748d98cbd30b34b222852b6631cc98ff41b5e407018,timestamped_live_quote,FBS vs FBS
2026-09-26T20:30:10Z,c80f5f34b99b9346f4e40cf5304d941d,2026-09-26T22:30:00Z,Charlotte 49ers,Louisiana Ragin Cajuns,betonlineag,BetOnline.ag,2026-09-26T20:29:54Z,2026-09-26T20:29:54Z,Charlotte 49ers,9.5,-110.0,2026,2026-09-26T20:30:10Z,1070,-4.045226463801441,3.1554309401046337,-4.7006574039060744,b4347a6d6451334b228bf748d98cbd30b34b222852b6631cc98ff41b5e407018,timestamped_live_quote,FBS vs FBS
2026-09-26T20:30:10Z,c80f5f34b99b9346f4e40cf5304d941d,2026-09-26T22:30:00Z,Charlotte 49ers,Louisiana Ragin Cajuns,betonlineag,BetOnline.ag,2026-09-26T20:29:54Z,2026-09-26T20:29:54Z,Louisiana Ragin Cajuns,-9.5,-110.0,2026,2026-09-26T20:30:10Z,1070,-4.045226463801441,3.1554309401046337,-4.7006574039060744,b4347a6d6451334b228bf748d98cbd30b34b222852b6631cc98ff41b5e407018,timestamped_live_quote,FBS vs FBS
2026-09-26T20:30:10Z,c80f5f34b99b9346f4e40cf5304d941d,2026-09-26T22:30:00Z,Charlotte 49ers,Louisiana Ragin Cajuns,betmgm,BetMGM,2026-09-26T20:29:04Z,2026-09-26T20:29:04Z,Charlotte 49ers,9.5,-108.0,2026,2026-09-26T20:30:10Z,1070,-4.045226463801441,3.1554309401046337,-4.7006574039060744,b4347a6d6451334b228bf748d98cbd30b34b222852b6631cc98ff41b5e407018,timestamped_live_quote,FBS vs FBS
2026-09-26T20:30:10Z,c80f5f34b99b9346f4e40cf5304d941d,2026-09-26T22:30:00Z,Charlotte 49ers,Louisiana Ragin Cajuns,betmgm,BetMGM,2026-09-26T20:29:04Z,2026-09-26T20:29:04Z,Louisiana Ragin Cajuns,-9.5,-110.0,2026,2026-09-26T20:30:10Z,1070,-4.045226463801441,3.1554309401046337,-4.7006574039060744,b4347a6d6451334b228bf748d98cbd30b34b222852b6631cc98ff41b5e407018,timestamped_live_quote,FBS vs FBS
2026-09-26T20:30:10Z,c80f5f34b99b9346f4e40cf5304d941d,2026-09-26T22:30:00Z,Charlotte 49ers,Louisiana Ragin Cajuns,betus,BetUS,2026-09-26T20:29:02Z,2026-09-26T20:29:02Z,Charlotte 49ers,9.5,-110.0,2026,2026-09-26T20:30:10Z,1070,-4.045226463801441,3.1554309401046337,-4.7006574039060744,b4347a6d6451334b228bf748d98cbd30b34b222852b6631cc98ff41b5e407018,timestamped_live_quote,FBS vs FBS
2026-09-26T20:30:10Z,c80f5f34b99b9346f4e40cf5304d941d,2026-09-26T22:30:00Z,Charlotte 49ers,Louisiana Ragin Cajuns,betus,BetUS,2026-09-26T20:29:02Z,2026-09-26T20:29:02Z,Louisiana Ragin Cajuns,-9.5,-110.0,2026,2026-09-26T20:30:10Z,1070,-4.045226463801441,3.1554309401046337,-4.7006574039060744,b4347a6d6451334b228bf748d98cbd30b34b222852b6631cc98ff41b5e407018,timestamped_live_quote,FBS vs FBS
2026-09-26T20:30:10Z,c80f5f34b99b9346f4e40cf5304d941d,2026-09-26T22:30:00Z,Charlotte 49ers,Louisiana Ragin Cajuns,bovada,Bovada,2026-09-26T20:27:24Z,2026-09-26T20:27:24Z,Charlotte 49ers,9.0,-110.0,2026,2026-09-26T20:30:10Z,1070,-4.045226463801441,3.1554309401046337,-4.7006574039060744,b4347a6d6451334b228bf748d98cbd30b34b222852b6631cc98ff41b5e407018,timestamped_live_quote,FBS vs FBS
2026-09-26T20:30:10Z,c80f5f34b99b9346f4e40cf5304d941d,2026-09-26T22:30:00Z,Charlotte 49ers,Louisiana Ragin Cajuns,bovada,Bovada,2026-09-26T20:27:24Z,2026-09-26T20:27:24Z,Louisiana Ragin Cajuns,-9.0,-110.0,2026,2026-09-26T20:30:10Z,1070,-4.045226463801441,3.1554309401046337,-4.7006574039060744,b4347a6d6451334b228bf748d98cbd30b34b222852b6631cc98ff41b5e407018,timestamped_live_quote,FBS vs FBS
2026-09-26T20:30:10Z,c843a3f97a410eedafcfbad440774ad2,2026-09-26T23:00:00Z,Alabama Crimson Tide,South Carolina Gamecocks,draftkings,DraftKings,2026-09-26T20:29:19Z,2026-09-26T20:29:19Z,Alabama Crimson Tide,-12.5,-110.0,2026,2026-09-26T20:30:10Z,1070,11.845429851263555,10.305284793355572,4.040145057907983,b4347a6d6451334b228bf748d98cbd30b34b222852b6631cc98ff41b5e407018,timestamped_live_quote,FBS vs FBS
2026-09-26T20:30:10Z,c843a3f97a410eedafcfbad440774ad2,2026-09-26T23:00:00Z,Alabama Crimson Tide,South Carolina Gamecocks,draftkings,DraftKings,2026-09-26T20:29:19Z,2026-09-26T20:29:19Z,South Carolina Gamecocks,12.5,-110.0,2026,2026-09-26T20:30:10Z,1070,11.845429851263555,10.305284793355572,4.040145057907983,b4347a6d6451334b228bf748d98cbd30b34b222852b6631cc98ff41b5e407018,timestamped_live_quote,FBS vs FBS
2026-09-26T20:30:10Z,c843a3f97a410eedafcfbad440774ad2,2026-09-26T23:00:00Z,Alabama Crimson Tide,South Carolina Gamecocks,fanduel,FanDuel,2026-09-26T20:29:53Z,2026-09-26T20:29:53Z,Alabama Crimson Tide,-12.5,-110.0,2026,2026-09-26T20:30:10Z,1070,11.845429851263555,10.305284793355572,4.040145057907983,b4347a6d6451334b228bf748d98cbd30b34b222852b6631cc98ff41b5e407018,timestamped_live_quote,FBS vs FBS
2026-09-26T20:30:10Z,c843a3f97a410eedafcfbad440774ad2,2026-09-26T23:00:00Z,Alabama Crimson Tide,South Carolina Gamecocks,fanduel,FanDuel,2026-09-26T20:29:53Z,2026-09-26T20:29:53Z,South Carolina Gamecocks,12.5,-110.0,2026,2026-09-26T20:30:10Z,1070,11.845429851263555,10.305284793355572,4.040145057907983,b4347a6d6451334b228bf748d98cbd30b34b222852b6631cc98ff41b5e407018,timestamped_live_quote,FBS vs FBS
2026-09-26T20:30:10Z,c843a3f97a410eedafcfbad440774ad2,2026-09-26T23:00:00Z,Alabama Crimson Tide,South Carolina Gamecocks,mybookieag,MyBookie.ag,2026-09-26T20:29:38Z,2026-09-26T20:29:37Z,Alabama Crimson Tide,-12.5,-110.0,2026,2026-09-26T20:30:10Z,1070,11.845429851263555,10.305284793355572,4.040145057907983,b4347a6d6451334b228bf748d98cbd30b34b222852b6631cc98ff41b5e407018,timestamped_live_quote,FBS vs FBS
2026-09-26T20:30:10Z,c843a3f97a410eedafcfbad440774ad2,2026-09-26T23:00:00Z,Alabama Crimson Tide,South Carolina Gamecocks,mybookieag,MyBookie.ag,2026-09-26T20:29:38Z,2026-09-26T20:29:37Z,South Carolina Gamecocks,12.5,-110.0,2026,2026-09-26T20:30:10Z,1070,11.845429851263555,10.305284793355572,4.040145057907983,b4347a6d6451334b228bf748d98cbd30b34b222852b6631cc98ff41b5e407018,timestamped_live_quote,FBS vs FBS
2026-09-26T20:30:10Z,c843a3f97a410eedafcfbad440774ad2,2026-09-26T23:00:00Z,Alabama Crimson Tide,South Carolina Gamecocks,betrivers,BetRivers,2026-09-26T20:29:35Z,2026-09-26T20:29:35Z,Alabama Crimson Tide,-12.0,-113.0,2026,2026-09-26T20:30:10Z,1070,11.845429851263555,10.305284793355572,4.040145057907983,b4347a6d6451334b228bf748d98cbd30b34b222852b6631cc98ff41b5e407018,timestamped_live_quote,FBS vs FBS
2026-09-26T20:30:10Z,c843a3f97a410eedafcfbad440774ad2,2026-09-26T23:00:00Z,Alabama Crimson Tide,South Carolina Gamecocks,betrivers,BetRivers,2026-09-26T20:29:35Z,2026-09-26T20:29:35Z,South Carolina Gamecocks,12.0,-110.0,2026,2026-09-26T20:30:10Z,1070,11.845429851263555,10.305284793355572,4.040145057907983,b4347a6d6451334b228bf748d98cbd30b34b222852b6631cc98ff41b5e407018,timestamped_live_quote,FBS vs FBS
2026-09-26T20:30:10Z,c843a3f97a410eedafcfbad440774ad2,2026-09-26T23:00:00Z,Alabama Crimson Tide,South Carolina Gamecocks,lowvig,LowVig.ag,2026-09-26T20:29:02Z,2026-09-26T20:29:02Z,Alabama Crimson Tide,-12.5,-106.0,2026,2026-09-26T20:30:10Z,1070,11.845429851263555,10.305284793355572,4.040145057907983,b4347a6d6451334b228bf748d98cbd30b34b222852b6631cc98ff41b5e407018,timestamped_live_quote,FBS vs FBS
2026-09-26T20:30:10Z,c843a3f97a410eedafcfbad440774ad2,2026-09-26T23:00:00Z,Alabama Crimson Tide,South Carolina Gamecocks,lowvig,LowVig.ag,2026-09-26T20:29:02Z,2026-09-26T20:29:02Z,South Carolina Gamecocks,12.5,-106.0,2026,2026-09-26T20:30:10Z,1070,11.845429851263555,10.305284793355572,4.040145057907983,b4347a6d6451334b228bf748d98cbd30b34b222852b6631cc98ff41b5e407018,timestamped_live_quote,FBS vs FBS
2026-09-26T20:30:10Z,c843a3f97a410eedafcfbad440774ad2,2026-09-26T23:00:00Z,Alabama Crimson Tide,South Carolina Gamecocks,betonlineag,BetOnline.ag,2026-09-26T20:29:54Z,2026-09-26T20:29:54Z,Alabama Crimson Tide,-12.5,-110.0,2026,2026-09-26T20:30:10Z,1070,11.845429851263555,10.305284793355572,4.040145057907983,b4347a6d6451334b228bf748d98cbd30b34b222852b6631cc98ff41b5e407018,timestamped_live_quote,FBS vs FBS
2026-09-26T20:30:10Z,c843a3f97a410eedafcfbad440774ad2,2026-09-26T23:00:00Z,Alabama Crimson Tide,South Carolina Gamecocks,betonlineag,BetOnline.ag,2026-09-26T20:29:54Z,2026-09-26T20:29:54Z,South Carolina Gamecocks,12.5,-110.0,2026,2026-09-26T20:30:10Z,1070,11.845429851263555,10.305284793355572,4.040145057907983,b4347a6d6451334b228bf748d98cbd30b34b222852b6631cc98ff41b5e407018,timestamped_live_quote,FBS vs FBS
2026-09-26T20:30:10Z,c843a3f97a410eedafcfbad440774ad2,2026-09-26T23:00:00Z,Alabama Crimson Tide,South Carolina Gamecocks,betus,BetUS,2026-09-26T20:29:02Z,2026-09-26T20:29:02Z,Alabama Crimson Tide,-12.5,-110.0,2026,2026-09-26T20:30:10Z,1070,11.845429851263555,10.305284793355572,4.040145057907983,b4347a6d6451334b228bf748d98cbd30b34b222852b6631cc98ff41b5e407018,timestamped_live_quote,FBS vs FBS
2026-09-26T20:30:10Z,c843a3f97a410eedafcfbad440774ad2,2026-09-26T23:00:00Z,Alabama Crimson Tide,South Carolina Gamecocks,betus,BetUS,2026-09-26T20:29:02Z,2026-09-26T20:29:02Z,South Carolina Gamecocks,12.5,-110.0,2026,2026-09-26T20:30:10Z,1070,11.845429851263555,10.305284793355572,4.040145057907983,b4347a6d6451334b228bf748d98cbd30b34b222852b6631cc98ff41b5e407018,timestamped_live_quote,FBS vs FBS
2026-09-26T20:30:10Z,c843a3f97a410eedafcfbad440774ad2,2026-09-26T23:00:00Z,Alabama Crimson Tide,South Carolina Gamecocks,betmgm,BetMGM,2026-09-26T20:29:04Z,2026-09-26T20:29:04Z,Alabama Crimson Tide,-13.0,-112.0,2026,2026-09-26T20:30:10Z,1070,11.845429851263555,10.305284793355572,4.040145057907983,b4347a6d6451334b228bf748d98cbd30b34b222852b6631cc98ff41b5e407018,timestamped_live_quote,FBS vs FBS
2026-09-26T20:30:10Z,c843a3f97a410eedafcfbad440774ad2,2026-09-26T23:00:00Z,Alabama Crimson Tide,South Carolina Gamecocks,betmgm,BetMGM,2026-09-26T20:29:04Z,2026-09-26T20:29:04Z,South Carolina Gamecocks,13.0,-118.0,2026,2026-09-26T20:30:10Z,1070,11.845429851263555,10.305284793355572,4.040145057907983,b4347a6d6451334b228bf748d98cbd30b34b222852b6631cc98ff41b5e407018,timestamped_live_quote,FBS vs FBS
2026-09-26T20:30:10Z,c843a3f97a410eedafcfbad440774ad2,2026-09-26T23:00:00Z,Alabama Crimson Tide,South Carolina Gamecocks,bovada,Bovada,2026-09-26T20:27:24Z,2026-09-26T20:27:24Z,Alabama Crimson Tide,-12.5,-110.0,2026,2026-09-26T20:30:10Z,1070,11.845429851263555,10.305284793355572,4.040145057907983,b4347a6d6451334b228bf748d98cbd30b34b222852b6631cc98ff41b5e407018,timestamped_live_quote,FBS vs FBS
2026-09-26T20:30:10Z,c843a3f97a410eedafcfbad440774ad2,2026-09-26T23:00:00Z,Alabama Crimson Tide,South Carolina Gamecocks,bovada,Bovada,2026-09-26T20:27:24Z,2026-09-26T20:27:24Z,South Carolina Gamecocks,12.5,-110.0,2026,2026-09-26T20:30:10Z,1070,11.845429851263555,10.305284793355572,4.040145057907983,b4347a6d6451334b228bf748d98cbd30b34b222852b6631cc98ff41b5e407018,timestamped_live_quote,FBS vs FBS
2026-09-26T20:30:10Z,77c3435e651e2d615870c2c25c8dbf71,2026-09-26T23:00:00Z,Arkansas State Red Wolves,Kennesaw State Owls,fanduel,FanDuel,2026-09-26T20:29:53Z,2026-09-26T20:29:53Z,Arkansas State Red Wolves,-6.5,-110.0,2026,2026-09-26T20:30:10Z,1070,0.9039045232442765,0.9407001215105594,2.463204401733717,b4347a6d6451334b228bf748d98cbd30b34b222852b6631cc98ff41b5e407018,timestamped_live_quote,FBS vs FBS
2026-09-26T20:30:10Z,77c3435e651e2d615870c2c25c8dbf71,2026-09-26T23:00:00Z,Arkansas State Red Wolves,Kennesaw State Owls,fanduel,FanDuel,2026-09-26T20:29:53Z,2026-09-26T20:29:53Z,Kennesaw State Owls,6.5,-110.0,2026,2026-09-26T20:30:10Z,1070,0.9039045232442765,0.9407001215105594,2.463204401733717,b4347a6d6451334b228bf748d98cbd30b34b222852b6631cc98ff41b5e407018,timestamped_live_quote,FBS vs FBS
2026-09-26T20:30:10Z,77c3435e651e2d615870c2c25c8dbf71,2026-09-26T23:00:00Z,Arkansas State Red Wolves,Kennesaw State Owls,mybookieag,MyBookie.ag,2026-09-26T20:29:38Z,2026-09-26T20:29:37Z,Arkansas State Red Wolves,-6.5,-110.0,2026,2026-09-26T20:30:10Z,1070,0.9039045232442765,0.9407001215105594,2.463204401733717,b4347a6d6451334b228bf748d98cbd30b34b222852b6631cc98ff41b5e407018,timestamped_live_quote,FBS vs FBS
2026-09-26T20:30:10Z,77c3435e651e2d615870c2c25c8dbf71,2026-09-26T23:00:00Z,Arkansas State Red Wolves,Kennesaw State Owls,mybookieag,MyBookie.ag,2026-09-26T20:29:38Z,2026-09-26T20:29:37Z,Kennesaw State Owls,6.5,-110.0,2026,2026-09-26T20:30:10Z,1070,0.9039045232442765,0.9407001215105594,2.463204401733717,b4347a6d6451334b228bf748d98cbd30b34b222852b6631cc98ff41b5e407018,timestamped_live_quote,FBS vs FBS
2026-09-26T20:30:10Z,77c3435e651e2d615870c2c25c8dbf71,2026-09-26T23:00:00Z,Arkansas State Red Wolves,Kennesaw State Owls,betrivers,BetRivers,2026-09-26T20:29:35Z,2026-09-26T20:29:35Z,Arkansas State Red Wolves,-6.5,-114.0,2026,2026-09-26T20:30:10Z,1070,0.9039045232442765,0.9407001215105594,2.463204401733717,b4347a6d6451334b228bf748d98cbd30b34b222852b6631cc98ff41b5e407018,timestamped_live_quote,FBS vs FBS
2026-09-26T20:30:10Z,77c3435e651e2d615870c2c25c8dbf71,2026-09-26T23:00:00Z,Arkansas State Red Wolves,Kennesaw State Owls,betrivers,BetRivers,2026-09-26T20:29:35Z,2026-09-26T20:29:35Z,Kennesaw State Owls,6.5,-108.0,2026,2026-09-26T20:30:10Z,1070,0.9039045232442765,0.9407001215105594,2.463204401733717,b4347a6d6451334b228bf748d98cbd30b34b222852b6631cc98ff41b5e407018,timestamped_live_quote,FBS vs FBS
2026-09-26T20:30:10Z,77c3435e651e2d615870c2c25c8dbf71,2026-09-26T23:00:00Z,Arkansas State Red Wolves,Kennesaw State Owls,draftkings,DraftKings,2026-09-26T20:29:19Z,2026-09-26T20:29:19Z,Arkansas State Red Wolves,-6.5,-108.0,2026,2026-09-26T20:30:10Z,1070,0.9039045232442765,0.9407001215105594,2.463204401733717,b4347a6d6451334b228bf748d98cbd30b34b222852b6631cc98ff41b5e407018,timestamped_live_quote,FBS vs FBS
2026-09-26T20:30:10Z,77c3435e651e2d615870c2c25c8dbf71,2026-09-26T23:00:00Z,Arkansas State Red Wolves,Kennesaw State Owls,draftkings,DraftKings,2026-09-26T20:29:19Z,2026-09-26T20:29:19Z,Kennesaw State Owls,6.5,-112.0,2026,2026-09-26T20:30:10Z,1070,0.9039045232442765,0.9407001215105594,2.463204401733717,b4347a6d6451334b228bf748d98cbd30b34b222852b6631cc98ff41b5e407018,timestamped_live_quote,FBS vs FBS
2026-09-26T20:30:10Z,77c3435e651e2d615870c2c25c8dbf71,2026-09-26T23:00:00Z,Arkansas State Red Wolves,Kennesaw State Owls,lowvig,LowVig.ag,2026-09-26T20:29:02Z,2026-09-26T20:29:02Z,Arkansas State Red Wolves,-6.5,-106.0,2026,2026-09-26T20:30:10Z,1070,0.9039045232442765,0.9407001215105594,2.463204401733717,b4347a6d6451334b228bf748d98cbd30b34b222852b6631cc98ff41b5e407018,timestamped_live_quote,FBS vs FBS
2026-09-26T20:30:10Z,77c3435e651e2d615870c2c25c8dbf71,2026-09-26T23:00:00Z,Arkansas State Red Wolves,Kennesaw State Owls,lowvig,LowVig.ag,2026-09-26T20:29:02Z,2026-09-26T20:29:02Z,Kennesaw State Owls,6.5,-106.0,2026,2026-09-26T20:30:10Z,1070,0.9039045232442765,0.9407001215105594,2.463204401733717,b4347a6d6451334b228bf748d98cbd30b34b222852b6631cc98ff41b5e407018,timestamped_live_quote,FBS vs FBS
2026-09-26T20:30:10Z,77c3435e651e2d615870c2c25c8dbf71,2026-09-26T23:00:00Z,Arkansas State Red Wolves,Kennesaw State Owls,betonlineag,BetOnline.ag,2026-09-26T20:29:54Z,2026-09-26T20:29:54Z,Arkansas State Red Wolves,-6.5,-110.0,2026,2026-09-26T20:30:10Z,1070,0.9039045232442765,0.9407001215105594,2.463204401733717,b4347a6d6451334b228bf748d98cbd30b34b222852b6631cc98ff41b5e407018,timestamped_live_quote,FBS vs FBS
2026-09-26T20:30:10Z,77c3435e651e2d615870c2c25c8dbf71,2026-09-26T23:00:00Z,Arkansas State Red Wolves,Kennesaw State Owls,betonlineag,BetOnline.ag,2026-09-26T20:29:54Z,2026-09-26T20:29:54Z,Kennesaw State Owls,6.5,-110.0,2026,2026-09-26T20:30:10Z,1070,0.9039045232442765,0.9407001215105594,2.463204401733717,b4347a6d6451334b228bf748d98cbd30b34b222852b6631cc98ff41b5e407018,timestamped_live_quote,FBS vs FBS
2026-09-26T20:30:10Z,77c3435e651e2d615870c2c25c8dbf71,2026-09-26T23:00:00Z,Arkansas State Red Wolves,Kennesaw State Owls,betmgm,BetMGM,2026-09-26T20:29:04Z,2026-09-26T20:29:04Z,Arkansas State Red Wolves,-6.0,-110.0,2026,2026-09-26T20:30:10Z,1070,0.9039045232442765,0.9407001215105594,2.463204401733717,b4347a6d6451334b228bf748d98cbd30b34b222852b6631cc98ff41b5e407018,timestamped_live_quote,FBS vs FBS
2026-09-26T20:30:10Z,77c3435e651e2d615870c2c25c8dbf71,2026-09-26T23:00:00Z,Arkansas State Red Wolves,Kennesaw State Owls,betmgm,BetMGM,2026-09-26T20:29:04Z,2026-09-26T20:29:04Z,Kennesaw State Owls,6.0,-108.0,2026,2026-09-26T20:30:10Z,1070,0.9039045232442765,0.9407001215105594,2.463204401733717,b4347a6d6451334b228bf748d98cbd30b34b222852b6631cc98ff41b5e407018,timestamped_live_quote,FBS vs FBS
2026-09-26T20:30:10Z,77c3435e651e2d615870c2c25c8dbf71,2026-09-26T23:00:00Z,Arkansas State Red Wolves,Kennesaw State Owls,betus,BetUS,2026-09-26T20:29:02Z,2026-09-26T20:29:02Z,Arkansas State Red Wolves,-6.5,-110.0,2026,2026-09-26T20:30:10Z,1070,0.9039045232442765,0.9407001215105594,2.463204401733717,b4347a6d6451334b228bf748d98cbd30b34b222852b6631cc98ff41b5e407018,timestamped_live_quote,FBS vs FBS
2026-09-26T20:30:10Z,77c3435e651e2d615870c2c25c8dbf71,2026-09-26T23:00:00Z,Arkansas State Red Wolves,Kennesaw State Owls,betus,BetUS,2026-09-26T20:29:02Z,2026-09-26T20:29:02Z,Kennesaw State Owls,6.5,-110.0,2026,2026-09-26T20:30:10Z,1070,0.9039045232442765,0.9407001215105594,2.463204401733717,b4347a6d6451334b228bf748d98cbd30b34b222852b6631cc98ff41b5e407018,timestamped_live_quote,FBS vs FBS
2026-09-26T20:30:10Z,77c3435e651e2d615870c2c25c8dbf71,2026-09-26T23:00:00Z,Arkansas State Red Wolves,Kennesaw State Owls,bovada,Bovada,2026-09-26T20:27:24Z,2026-09-26T20:27:24Z,Arkansas State Red Wolves,-6.5,-105.0,2026,2026-09-26T20:30:10Z,1070,0.9039045232442765,0.9407001215105594,2.463204401733717,b4347a6d6451334b228bf748d98cbd30b34b222852b6631cc98ff41b5e407018,timestamped_live_quote,FBS vs FBS
2026-09-26T20:30:10Z,77c3435e651e2d615870c2c25c8dbf71,2026-09-26T23:00:00Z,Arkansas State Red Wolves,Kennesaw State Owls,bovada,Bovada,2026-09-26T20:27:24Z,2026-09-26T20:27:24Z,Kennesaw State Owls,6.5,-115.0,2026,2026-09-26T20:30:10Z,1070,0.9039045232442765,0.9407001215105594,2.463204401733717,b4347a6d6451334b228bf748d98cbd30b34b222852b6631cc98ff41b5e407018,timestamped_live_quote,FBS vs FBS
2026-09-26T20:30:10Z,058628758b85b178ffc5fa09416f3991,2026-09-26T23:00:00Z,Cincinnati Bearcats,Kansas State Wildcats,fanduel,FanDuel,2026-09-26T20:29:53Z,2026-09-26T20:29:53Z,Cincinnati Bearcats,5.5,-102.0,2026,2026-09-26T20:30:10Z,1070,9.467549223410645,12.760184285480163,-0.7926350620695182,b4347a6d6451334b228bf748d98cbd30b34b222852b6631cc98ff41b5e407018,timestamped_live_quote,FBS vs FBS
2026-09-26T20:30:10Z,058628758b85b178ffc5fa09416f3991,2026-09-26T23:00:00Z,Cincinnati Bearcats,Kansas State Wildcats,fanduel,FanDuel,2026-09-26T20:29:53Z,2026-09-26T20:29:53Z,Kansas State Wildcats,-5.5,-120.0,2026,2026-09-26T20:30:10Z,1070,9.467549223410645,12.760184285480163,-0.7926350620695182,b4347a6d6451334b228bf748d98cbd30b34b222852b6631cc98ff41b5e407018,timestamped_live_quote,FBS vs FBS
2026-09-26T20:30:10Z,058628758b85b178ffc5fa09416f3991,2026-09-26T23:00:00Z,Cincinnati Bearcats,Kansas State Wildcats,mybookieag,MyBookie.ag,2026-09-26T20:29:38Z,2026-09-26T20:29:37Z,Cincinnati Bearcats,6.0,-110.0,2026,2026-09-26T20:30:10Z,1070,9.467549223410645,12.760184285480163,-0.7926350620695182,b4347a6d6451334b228bf748d98cbd30b34b222852b6631cc98ff41b5e407018,timestamped_live_quote,FBS vs FBS
2026-09-26T20:30:10Z,058628758b85b178ffc5fa09416f3991,2026-09-26T23:00:00Z,Cincinnati Bearcats,Kansas State Wildcats,mybookieag,MyBookie.ag,2026-09-26T20:29:38Z,2026-09-26T20:29:37Z,Kansas State Wildcats,-6.0,-110.0,2026,2026-09-26T20:30:10Z,1070,9.467549223410645,12.760184285480163,-0.7926350620695182,b4347a6d6451334b228bf748d98cbd30b34b222852b6631cc98ff41b5e407018,timestamped_live_quote,FBS vs FBS
2026-09-26T20:30:10Z,058628758b85b178ffc5fa09416f3991,2026-09-26T23:00:00Z,Cincinnati Bearcats,Kansas State Wildcats,betrivers,BetRivers,2026-09-26T20:29:35Z,2026-09-26T20:29:35Z,Cincinnati Bearcats,6.0,-113.0,2026,2026-09-26T20:30:10Z,1070,9.467549223410645,12.760184285480163,-0.7926350620695182,b4347a6d6451334b228bf748d98cbd30b34b222852b6631cc98ff41b5e407018,timestamped_live_quote,FBS vs FBS
2026-09-26T20:30:10Z,058628758b85b178ffc5fa09416f3991,2026-09-26T23:00:00Z,Cincinnati Bearcats,Kansas State Wildcats,betrivers,BetRivers,2026-09-26T20:29:35Z,2026-09-26T20:29:35Z,Kansas State Wildcats,-6.0,-109.0,2026,2026-09-26T20:30:10Z,1070,9.467549223410645,12.760184285480163,-0.7926350620695182,b4347a6d6451334b228bf748d98cbd30b34b222852b6631cc98ff41b5e407018,timestamped_live_quote,FBS vs FBS
2026-09-26T20:30:10Z,058628758b85b178ffc5fa09416f3991,2026-09-26T23:00:00Z,Cincinnati Bearcats,Kansas State Wildcats,draftkings,DraftKings,2026-09-26T20:29:19Z,2026-09-26T20:29:19Z,Cincinnati Bearcats,6.0,-112.0,2026,2026-09-26T20:30:10Z,1070,9.467549223410645,12.760184285480163,-0.7926350620695182,b4347a6d6451334b228bf748d98cbd30b34b222852b6631cc98ff41b5e407018,timestamped_live_quote,FBS vs FBS
2026-09-26T20:30:10Z,058628758b85b178ffc5fa09416f3991,2026-09-26T23:00:00Z,Cincinnati Bearcats,Kansas State Wildcats,draftkings,DraftKings,2026-09-26T20:29:19Z,2026-09-26T20:29:19Z,Kansas State Wildcats,-6.0,-108.0,2026,2026-09-26T20:30:10Z,1070,9.467549223410645,12.760184285480163,-0.7926350620695182,b4347a6d6451334b228bf748d98cbd30b34b222852b6631cc98ff41b5e407018,timestamped_live_quote,FBS vs FBS
2026-09-26T20:30:10Z,058628758b85b178ffc5fa09416f3991,2026-09-26T23:00:00Z,Cincinnati Bearcats,Kansas State Wildcats,lowvig,LowVig.ag,2026-09-26T20:29:02Z,2026-09-26T20:29:02Z,Cincinnati Bearcats,6.5,-112.0,2026,2026-09-26T20:30:10Z,1070,9.467549223410645,12.760184285480163,-0.7926350620695182,b4347a6d6451334b228bf748d98cbd30b34b222852b6631cc98ff41b5e407018,timestamped_live_quote,FBS vs FBS
2026-09-26T20:30:10Z,058628758b85b178ffc5fa09416f3991,2026-09-26T23:00:00Z,Cincinnati Bearcats,Kansas State Wildcats,lowvig,LowVig.ag,2026-09-26T20:29:02Z,2026-09-26T20:29:02Z,Kansas State Wildcats,-6.5,100.0,2026,2026-09-26T20:30:10Z,1070,9.467549223410645,12.760184285480163,-0.7926350620695182,b4347a6d6451334b228bf748d98cbd30b34b222852b6631cc98ff41b5e407018,timestamped_live_quote,FBS vs FBS
2026-09-26T20:30:10Z,058628758b85b178ffc5fa09416f3991,2026-09-26T23:00:00Z,Cincinnati Bearcats,Kansas State Wildcats,betonlineag,BetOnline.ag,2026-09-26T20:29:54Z,2026-09-26T20:29:54Z,Cincinnati Bearcats,6.5,-116.0,2026,2026-09-26T20:30:10Z,1070,9.467549223410645,12.760184285480163,-0.7926350620695182,b4347a6d6451334b228bf748d98cbd30b34b222852b6631cc98ff41b5e407018,timestamped_live_quote,FBS vs FBS
2026-09-26T20:30:10Z,058628758b85b178ffc5fa09416f3991,2026-09-26T23:00:00Z,Cincinnati Bearcats,Kansas State Wildcats,betonlineag,BetOnline.ag,2026-09-26T20:29:54Z,2026-09-26T20:29:54Z,Kansas State Wildcats,-6.5,-104.0,2026,2026-09-26T20:30:10Z,1070,9.467549223410645,12.760184285480163,-0.7926350620695182,b4347a6d6451334b228bf748d98cbd30b34b222852b6631cc98ff41b5e407018,timestamped_live_quote,FBS vs FBS
2026-09-26T20:30:10Z,058628758b85b178ffc5fa09416f3991,2026-09-26T23:00:00Z,Cincinnati Bearcats,Kansas State Wildcats,betmgm,BetMGM,2026-09-26T20:29:04Z,2026-09-26T20:29:04Z,Cincinnati Bearcats,6.0,-112.0,2026,2026-09-26T20:30:10Z,1070,9.467549223410645,12.760184285480163,-0.7926350620695182,b4347a6d6451334b228bf748d98cbd30b34b222852b6631cc98ff41b5e407018,timestamped_live_quote,FBS vs FBS
2026-09-26T20:30:10Z,058628758b85b178ffc5fa09416f3991,2026-09-26T23:00:00Z,Cincinnati Bearcats,Kansas State Wildcats,betmgm,BetMGM,2026-09-26T20:29:04Z,2026-09-26T20:29:04Z,Kansas State Wildcats,-6.0,-115.0,2026,2026-09-26T20:30:10Z,1070,9.467549223410645,12.760184285480163,-0.7926350620695182,b4347a6d6451334b228bf748d98cbd30b34b222852b6631cc98ff41b5e407018,timestamped_live_quote,FBS vs FBS
2026-09-26T20:30:10Z,058628758b85b178ffc5fa09416f3991,2026-09-26T23:00:00Z,Cincinnati Bearcats,Kansas State Wildcats,betus,BetUS,2026-09-26T20:29:02Z,2026-09-26T20:29:02Z,Cincinnati Bearcats,6.0,-110.0,2026,2026-09-26T20:30:10Z,1070,9.467549223410645,12.760184285480163,-0.7926350620695182,b4347a6d6451334b228bf748d98cbd30b34b222852b6631cc98ff41b5e407018,timestamped_live_quote,FBS vs FBS
2026-09-26T20:30:10Z,058628758b85b178ffc5fa09416f3991,2026-09-26T23:00:00Z,Cincinnati Bearcats,Kansas State Wildcats,betus,BetUS,2026-09-26T20:29:02Z,2026-09-26T20:29:02Z,Kansas State Wildcats,-6.0,-110.0,2026,2026-09-26T20:30:10Z,1070,9.467549223410645,12.760184285480163,-0.7926350620695182,b4347a6d6451334b228bf748d98cbd30b34b222852b6631cc98ff41b5e407018,timestamped_live_quote,FBS vs FBS
2026-09-26T20:30:10Z,058628758b85b178ffc5fa09416f3991,2026-09-26T23:00:00Z,Cincinnati Bearcats,Kansas State Wildcats,bovada,Bovada,2026-09-26T20:25:08Z,2026-09-26T20:25:07Z,Cincinnati Bearcats,6.0,-110.0,2026,2026-09-26T20:30:10Z,1070,9.467549223410645,12.760184285480163,-0.7926350620695182,b4347a6d6451334b228bf748d98cbd30b34b222852b6631cc98ff41b5e407018,timestamped_live_quote,FBS vs FBS
2026-09-26T20:30:10Z,058628758b85b178ffc5fa09416f3991,2026-09-26T23:00:00Z,Cincinnati Bearcats,Kansas State Wildcats,bovada,Bovada,2026-09-26T20:25:08Z,2026-09-26T20:25:07Z,Kansas State Wildcats,-6.0,-110.0,2026,2026-09-26T20:30:10Z,1070,9.467549223410645,12.760184285480163,-0.7926350620695182,b4347a6d6451334b228bf748d98cbd30b34b222852b6631cc98ff41b5e407018,timestamped_live_quote,FBS vs FBS
2026-09-26T20:30:10Z,fe0fb2e29062d93898ebdd583329194d,2026-09-26T23:00:00Z,Jacksonville State Gamecocks,Middle Tennessee Blue Raiders,fanduel,FanDuel,2026-09-26T20:29:53Z,2026-09-26T20:29:53Z,Jacksonville State Gamecocks,-7.5,-104.0,2026,2026-09-26T20:30:10Z,1070,2.9472921472405846,2.07829475109403,3.3689973961465545,b4347a6d6451334b228bf748d98cbd30b34b222852b6631cc98ff41b5e407018,timestamped_live_quote,FBS vs FBS
2026-09-26T20:30:10Z,fe0fb2e29062d93898ebdd583329194d,2026-09-26T23:00:00Z,Jacksonville State Gamecocks,Middle Tennessee Blue Raiders,fanduel,FanDuel,2026-09-26T20:29:53Z,2026-09-26T20:29:53Z,Middle Tennessee Blue Raiders,7.5,-118.0,2026,2026-09-26T20:30:10Z,1070,2.9472921472405846,2.07829475109403,3.3689973961465545,b4347a6d6451334b228bf748d98cbd30b34b222852b6631cc98ff41b5e407018,timestamped_live_quote,FBS vs FBS
2026-09-26T20:30:10Z,fe0fb2e29062d93898ebdd583329194d,2026-09-26T23:00:00Z,Jacksonville State Gamecocks,Middle Tennessee Blue Raiders,mybookieag,MyBookie.ag,2026-09-26T20:29:38Z,2026-09-26T20:29:37Z,Jacksonville State Gamecocks,-7.5,-110.0,2026,2026-09-26T20:30:10Z,1070,2.9472921472405846,2.07829475109403,3.3689973961465545,b4347a6d6451334b228bf748d98cbd30b34b222852b6631cc98ff41b5e407018,timestamped_live_quote,FBS vs FBS
2026-09-26T20:30:10Z,fe0fb2e29062d93898ebdd583329194d,2026-09-26T23:00:00Z,Jacksonville State Gamecocks,Middle Tennessee Blue Raiders,mybookieag,MyBookie.ag,2026-09-26T20:29:38Z,2026-09-26T20:29:37Z,Middle Tennessee Blue Raiders,7.5,-110.0,2026,2026-09-26T20:30:10Z,1070,2.9472921472405846,2.07829475109403,3.3689973961465545,b4347a6d6451334b228bf748d98cbd30b34b222852b6631cc98ff41b5e407018,timestamped_live_quote,FBS vs FBS
2026-09-26T20:30:10Z,fe0fb2e29062d93898ebdd583329194d,2026-09-26T23:00:00Z,Jacksonville State Gamecocks,Middle Tennessee Blue Raiders,betrivers,BetRivers,2026-09-26T20:29:35Z,2026-09-26T20:29:35Z,Jacksonville State Gamecocks,-7.0,-113.0,2026,2026-09-26T20:30:10Z,1070,2.9472921472405846,2.07829475109403,3.3689973961465545,b4347a6d6451334b228bf748d98cbd30b34b222852b6631cc98ff41b5e407018,timestamped_live_quote,FBS vs FBS
2026-09-26T20:30:10Z,fe0fb2e29062d93898ebdd583329194d,2026-09-26T23:00:00Z,Jacksonville State Gamecocks,Middle Tennessee Blue Raiders,betrivers,BetRivers,2026-09-26T20:29:35Z,2026-09-26T20:29:35Z,Middle Tennessee Blue Raiders,7.0,-109.0,2026,2026-09-26T20:30:10Z,1070,2.9472921472405846,2.07829475109403,3.3689973961465545,b4347a6d6451334b228bf748d98cbd30b34b222852b6631cc98ff41b5e407018,timestamped_live_quote,FBS vs FBS
2026-09-26T20:30:10Z,fe0fb2e29062d93898ebdd583329194d,2026-09-26T23:00:00Z,Jacksonville State Gamecocks,Middle Tennessee Blue Raiders,draftkings,DraftKings,2026-09-26T20:29:19Z,2026-09-26T20:29:19Z,Jacksonville State Gamecocks,-7.5,-102.0,2026,2026-09-26T20:30:10Z,1070,2.9472921472405846,2.07829475109403,3.3689973961465545,b4347a6d6451334b228bf748d98cbd30b34b222852b6631cc98ff41b5e407018,timestamped_live_quote,FBS vs FBS
2026-09-26T20:30:10Z,fe0fb2e29062d93898ebdd583329194d,2026-09-26T23:00:00Z,Jacksonville State Gamecocks,Middle Tennessee Blue Raiders,draftkings,DraftKings,2026-09-26T20:29:19Z,2026-09-26T20:29:19Z,Middle Tennessee Blue Raiders,7.5,-118.0,2026,2026-09-26T20:30:10Z,1070,2.9472921472405846,2.07829475109403,3.3689973961465545,b4347a6d6451334b228bf748d98cbd30b34b222852b6631cc98ff41b5e407018,timestamped_live_quote,FBS vs FBS
2026-09-26T20:30:10Z,fe0fb2e29062d93898ebdd583329194d,2026-09-26T23:00:00Z,Jacksonville State Gamecocks,Middle Tennessee Blue Raiders,lowvig,LowVig.ag,2026-09-26T20:29:02Z,2026-09-26T20:29:02Z,Jacksonville State Gamecocks,-7.0,-112.0,2026,2026-09-26T20:30:10Z,1070,2.9472921472405846,2.07829475109403,3.3689973961465545,b4347a6d6451334b228bf748d98cbd30b34b222852b6631cc98ff41b5e407018,timestamped_live_quote,FBS vs FBS
2026-09-26T20:30:10Z,fe0fb2e29062d93898ebdd583329194d,2026-09-26T23:00:00Z,Jacksonville State Gamecocks,Middle Tennessee Blue Raiders,lowvig,LowVig.ag,2026-09-26T20:29:02Z,2026-09-26T20:29:02Z,Middle Tennessee Blue Raiders,7.0,100.0,2026,2026-09-26T20:30:10Z,1070,2.9472921472405846,2.07829475109403,3.3689973961465545,b4347a6d6451334b228bf748d98cbd30b34b222852b6631cc98ff41b5e407018,timestamped_live_quote,FBS vs FBS
2026-09-26T20:30:10Z,fe0fb2e29062d93898ebdd583329194d,2026-09-26T23:00:00Z,Jacksonville State Gamecocks,Middle Tennessee Blue Raiders,betonlineag,BetOnline.ag,2026-09-26T20:29:54Z,2026-09-26T20:29:54Z,Jacksonville State Gamecocks,-7.0,-116.0,2026,2026-09-26T20:30:10Z,1070,2.9472921472405846,2.07829475109403,3.3689973961465545,b4347a6d6451334b228bf748d98cbd30b34b222852b6631cc98ff41b5e407018,timestamped_live_quote,FBS vs FBS
2026-09-26T20:30:10Z,fe0fb2e29062d93898ebdd583329194d,2026-09-26T23:00:00Z,Jacksonville State Gamecocks,Middle Tennessee Blue Raiders,betonlineag,BetOnline.ag,2026-09-26T20:29:54Z,2026-09-26T20:29:54Z,Middle Tennessee Blue Raiders,7.0,-104.0,2026,2026-09-26T20:30:10Z,1070,2.9472921472405846,2.07829475109403,3.3689973961465545,b4347a6d6451334b228bf748d98cbd30b34b222852b6631cc98ff41b5e407018,timestamped_live_quote,FBS vs FBS
2026-09-26T20:30:10Z,fe0fb2e29062d93898ebdd583329194d,2026-09-26T23:00:00Z,Jacksonville State Gamecocks,Middle Tennessee Blue Raiders,betmgm,BetMGM,2026-09-26T20:29:04Z,2026-09-26T20:29:04Z,Jacksonville State Gamecocks,-7.5,-108.0,2026,2026-09-26T20:30:10Z,1070,2.9472921472405846,2.07829475109403,3.3689973961465545,b4347a6d6451334b228bf748d98cbd30b34b222852b6631cc98ff41b5e407018,timestamped_live_quote,FBS vs FBS
2026-09-26T20:30:10Z,fe0fb2e29062d93898ebdd583329194d,2026-09-26T23:00:00Z,Jacksonville State Gamecocks,Middle Tennessee Blue Raiders,betmgm,BetMGM,2026-09-26T20:29:04Z,2026-09-26T20:29:04Z,Middle Tennessee Blue Raiders,7.5,-120.0,2026,2026-09-26T20:30:10Z,1070,2.9472921472405846,2.07829475109403,3.3689973961465545,b4347a6d6451334b228bf748d98cbd30b34b222852b6631cc98ff41b5e407018,timestamped_live_quote,FBS vs FBS
2026-09-26T20:30:10Z,fe0fb2e29062d93898ebdd583329194d,2026-09-26T23:00:00Z,Jacksonville State Gamecocks,Middle Tennessee Blue Raiders,betus,BetUS,2026-09-26T20:29:02Z,2026-09-26T20:29:02Z,Jacksonville State Gamecocks,-7.0,-115.0,2026,2026-09-26T20:30:10Z,1070,2.9472921472405846,2.07829475109403,3.3689973961465545,b4347a6d6451334b228bf748d98cbd30b34b222852b6631cc98ff41b5e407018,timestamped_live_quote,FBS vs FBS
2026-09-26T20:30:10Z,fe0fb2e29062d93898ebdd583329194d,2026-09-26T23:00:00Z,Jacksonville State Gamecocks,Middle Tennessee Blue Raiders,betus,BetUS,2026-09-26T20:29:02Z,2026-09-26T20:29:02Z,Middle Tennessee Blue Raiders,7.0,-105.0,2026,2026-09-26T20:30:10Z,1070,2.9472921472405846,2.07829475109403,3.3689973961465545,b4347a6d6451334b228bf748d98cbd30b34b222852b6631cc98ff41b5e407018,timestamped_live_quote,FBS vs FBS
2026-09-26T20:30:10Z,fe0fb2e29062d93898ebdd583329194d,2026-09-26T23:00:00Z,Jacksonville State Gamecocks,Middle Tennessee Blue Raiders,bovada,Bovada,2026-09-26T20:27:24Z,2026-09-26T20:27:24Z,Jacksonville State Gamecocks,-7.0,-120.0,2026,2026-09-26T20:30:10Z,1070,2.9472921472405846,2.07829475109403,3.3689973961465545,b4347a6d6451334b228bf748d98cbd30b34b222852b6631cc98ff41b5e407018,timestamped_live_quote,FBS vs FBS
2026-09-26T20:30:10Z,fe0fb2e29062d93898ebdd583329194d,2026-09-26T23:00:00Z,Jacksonville State Gamecocks,Middle Tennessee Blue Raiders,bovada,Bovada,2026-09-26T20:27:24Z,2026-09-26T20:27:24Z,Middle Tennessee Blue Raiders,7.0,100.0,2026,2026-09-26T20:30:10Z,1070,2.9472921472405846,2.07829475109403,3.3689973961465545,b4347a6d6451334b228bf748d98cbd30b34b222852b6631cc98ff41b5e407018,timestamped_live_quote,FBS vs FBS
2026-09-26T20:30:10Z,4d7e7ede70991b52414228a5fd0b303d,2026-09-26T23:00:00Z,Western Kentucky Hilltoppers,Mercyhurst Lakers,fanduel,FanDuel,2026-09-26T20:29:53Z,2026-09-26T20:29:53Z,Mercyhurst Lakers,40.5,-110.0,2026,2026-09-26T20:30:10Z,1070,,,,b4347a6d6451334b228bf748d98cbd30b34b222852b6631cc98ff41b5e407018,division_safety_suppressed,Unverified division / FCS: model suppressed
2026-09-26T20:30:10Z,4d7e7ede70991b52414228a5fd0b303d,2026-09-26T23:00:00Z,Western Kentucky Hilltoppers,Mercyhurst Lakers,fanduel,FanDuel,2026-09-26T20:29:53Z,2026-09-26T20:29:53Z,Western Kentucky Hilltoppers,-40.5,-110.0,2026,2026-09-26T20:30:10Z,1070,,,,b4347a6d6451334b228bf748d98cbd30b34b222852b6631cc98ff41b5e407018,division_safety_suppressed,Unverified division / FCS: model suppressed
2026-09-26T20:30:10Z,4d7e7ede70991b52414228a5fd0b303d,2026-09-26T23:00:00Z,Western Kentucky Hilltoppers,Mercyhurst Lakers,draftkings,DraftKings,2026-09-26T20:29:19Z,2026-09-26T20:29:19Z,Mercyhurst Lakers,40.5,-110.0,2026,2026-09-26T20:30:10Z,1070,,,,b4347a6d6451334b228bf748d98cbd30b34b222852b6631cc98ff41b5e407018,division_safety_suppressed,Unverified division / FCS: model suppressed
2026-09-26T20:30:10Z,4d7e7ede70991b52414228a5fd0b303d,2026-09-26T23:00:00Z,Western Kentucky Hilltoppers,Mercyhurst Lakers,draftkings,DraftKings,2026-09-26T20:29:19Z,2026-09-26T20:29:19Z,Western Kentucky Hilltoppers,-40.5,-110.0,2026,2026-09-26T20:30:10Z,1070,,,,b4347a6d6451334b228bf748d98cbd30b34b222852b6631cc98ff41b5e407018,division_safety_suppressed,Unverified division / FCS: model suppressed
2026-09-26T20:30:10Z,4d7e7ede70991b52414228a5fd0b303d,2026-09-26T23:00:00Z,Western Kentucky Hilltoppers,Mercyhurst Lakers,betrivers,BetRivers,2026-09-26T20:29:35Z,2026-09-26T20:29:35Z,Mercyhurst Lakers,42.0,-121.0,2026,2026-09-26T20:30:10Z,1070,,,,b4347a6d6451334b228bf748d98cbd30b34b222852b6631cc98ff41b5e407018,division_safety_suppressed,Unverified division / FCS: model suppressed
2026-09-26T20:30:10Z,4d7e7ede70991b52414228a5fd0b303d,2026-09-26T23:00:00Z,Western Kentucky Hilltoppers,Mercyhurst Lakers,betrivers,BetRivers,2026-09-26T20:29:35Z,2026-09-26T20:29:35Z,Western Kentucky Hilltoppers,-42.0,-120.0,2026,2026-09-26T20:30:10Z,1070,,,,b4347a6d6451334b228bf748d98cbd30b34b222852b6631cc98ff41b5e407018,division_safety_suppressed,Unverified division / FCS: model suppressed
2026-09-26T20:30:10Z,4d7e7ede70991b52414228a5fd0b303d,2026-09-26T23:00:00Z,Western Kentucky Hilltoppers,Mercyhurst Lakers,lowvig,LowVig.ag,2026-09-26T20:29:02Z,2026-09-26T20:29:02Z,Mercyhurst Lakers,40.0,-115.0,2026,2026-09-26T20:30:10Z,1070,,,,b4347a6d6451334b228bf748d98cbd30b34b222852b6631cc98ff41b5e407018,division_safety_suppressed,Unverified division / FCS: model suppressed
2026-09-26T20:30:10Z,4d7e7ede70991b52414228a5fd0b303d,2026-09-26T23:00:00Z,Western Kentucky Hilltoppers,Mercyhurst Lakers,lowvig,LowVig.ag,2026-09-26T20:29:02Z,2026-09-26T20:29:02Z,Western Kentucky Hilltoppers,-40.0,-105.0,2026,2026-09-26T20:30:10Z,1070,,,,b4347a6d6451334b228bf748d98cbd30b34b222852b6631cc98ff41b5e407018,division_safety_suppressed,Unverified division / FCS: model suppressed
2026-09-26T20:30:10Z,4d7e7ede70991b52414228a5fd0b303d,2026-09-26T23:00:00Z,Western Kentucky Hilltoppers,Mercyhurst Lakers,betonlineag,BetOnline.ag,2026-09-26T20:29:54Z,2026-09-26T20:29:54Z,Mercyhurst Lakers,40.0,-115.0,2026,2026-09-26T20:30:10Z,1070,,,,b4347a6d6451334b228bf748d98cbd30b34b222852b6631cc98ff41b5e407018,division_safety_suppressed,Unverified division / FCS: model suppressed
2026-09-26T20:30:10Z,4d7e7ede70991b52414228a5fd0b303d,2026-09-26T23:00:00Z,Western Kentucky Hilltoppers,Mercyhurst Lakers,betonlineag,BetOnline.ag,2026-09-26T20:29:54Z,2026-09-26T20:29:54Z,Western Kentucky Hilltoppers,-40.0,-105.0,2026,2026-09-26T20:30:10Z,1070,,,,b4347a6d6451334b228bf748d98cbd30b34b222852b6631cc98ff41b5e407018,division_safety_suppressed,Unverified division / FCS: model suppressed
2026-09-26T20:30:10Z,4d7e7ede70991b52414228a5fd0b303d,2026-09-26T23:00:00Z,Western Kentucky Hilltoppers,Mercyhurst Lakers,bovada,Bovada,2026-09-26T20:27:24Z,2026-09-26T20:27:24Z,Mercyhurst Lakers,40.5,100.0,2026,2026-09-26T20:30:10Z,1070,,,,b4347a6d6451334b228bf748d98cbd30b34b222852b6631cc98ff41b5e407018,division_safety_suppressed,Unverified division / FCS: model suppressed
2026-09-26T20:30:10Z,4d7e7ede70991b52414228a5fd0b303d,2026-09-26T23:00:00Z,Western Kentucky Hilltoppers,Mercyhurst Lakers,bovada,Bovada,2026-09-26T20:27:24Z,2026-09-26T20:27:24Z,Western Kentucky Hilltoppers,-40.5,-120.0,2026,2026-09-26T20:30:10Z,1070,,,,b4347a6d6451334b228bf748d98cbd30b34b222852b6631cc98ff41b5e407018,division_safety_suppressed,Unverified division / FCS: model suppressed
2026-09-26T20:30:10Z,4d7e7ede70991b52414228a5fd0b303d,2026-09-26T23:00:00Z,Western Kentucky Hilltoppers,Mercyhurst Lakers,betmgm,BetMGM,2026-09-26T20:29:04Z,2026-09-26T20:29:04Z,Mercyhurst Lakers,40.0,-108.0,2026,2026-09-26T20:30:10Z,1070,,,,b4347a6d6451334b228bf748d98cbd30b34b222852b6631cc98ff41b5e407018,division_safety_suppressed,Unverified division / FCS: model suppressed
2026-09-26T20:30:10Z,4d7e7ede70991b52414228a5fd0b303d,2026-09-26T23:00:00Z,Western Kentucky Hilltoppers,Mercyhurst Lakers,betmgm,BetMGM,2026-09-26T20:29:04Z,2026-09-26T20:29:04Z,Western Kentucky Hilltoppers,-40.0,-110.0,2026,2026-09-26T20:30:10Z,1070,,,,b4347a6d6451334b228bf748d98cbd30b34b222852b6631cc98ff41b5e407018,division_safety_suppressed,Unverified division / FCS: model suppressed
2026-09-26T20:30:10Z,6c95114d806556a04a0d719e62c042d7,2026-09-26T23:00:00Z,West Virginia Mountaineers,Oklahoma State Cowboys,draftkings,DraftKings,2026-09-26T20:29:19Z,2026-09-26T20:29:19Z,Oklahoma State Cowboys,1.5,-108.0,2026,2026-09-26T20:30:10Z,1070,10.071739601725092,8.70190650399083,3.8698330977342614,b4347a6d6451334b228bf748d98cbd30b34b222852b6631cc98ff41b5e407018,timestamped_live_quote,FBS vs FBS
2026-09-26T20:30:10Z,6c95114d806556a04a0d719e62c042d7,2026-09-26T23:00:00Z,West Virginia Mountaineers,Oklahoma State Cowboys,draftkings,DraftKings,2026-09-26T20:29:19Z,2026-09-26T20:29:19Z,West Virginia Mountaineers,-1.5,-112.0,2026,2026-09-26T20:30:10Z,1070,10.071739601725092,8.70190650399083,3.8698330977342614,b4347a6d6451334b228bf748d98cbd30b34b222852b6631cc98ff41b5e407018,timestamped_live_quote,FBS vs FBS
2026-09-26T20:30:10Z,6c95114d806556a04a0d719e62c042d7,2026-09-26T23:00:00Z,West Virginia Mountaineers,Oklahoma State Cowboys,mybookieag,MyBookie.ag,2026-09-26T20:29:38Z,2026-09-26T20:29:37Z,Oklahoma State Cowboys,2.0,-110.0,2026,2026-09-26T20:30:10Z,1070,10.071739601725092,8.70190650399083,3.8698330977342614,b4347a6d6451334b228bf748d98cbd30b34b222852b6631cc98ff41b5e407018,timestamped_live_quote,FBS vs FBS
2026-09-26T20:30:10Z,6c95114d806556a04a0d719e62c042d7,2026-09-26T23:00:00Z,West Virginia Mountaineers,Oklahoma State Cowboys,mybookieag,MyBookie.ag,2026-09-26T20:29:38Z,2026-09-26T20:29:37Z,West Virginia Mountaineers,-2.0,-110.0,2026,2026-09-26T20:30:10Z,1070,10.071739601725092,8.70190650399083,3.8698330977342614,b4347a6d6451334b228bf748d98cbd30b34b222852b6631cc98ff41b5e407018,timestamped_live_quote,FBS vs FBS
2026-09-26T20:30:10Z,6c95114d806556a04a0d719e62c042d7,2026-09-26T23:00:00Z,West Virginia Mountaineers,Oklahoma State Cowboys,fanduel,FanDuel,2026-09-26T20:29:53Z,2026-09-26T20:29:53Z,Oklahoma State Cowboys,1.5,-105.0,2026,2026-09-26T20:30:10Z,1070,10.071739601725092,8.70190650399083,3.8698330977342614,b4347a6d6451334b228bf748d98cbd30b34b222852b6631cc98ff41b5e407018,timestamped_live_quote,FBS vs FBS
2026-09-26T20:30:10Z,6c95114d806556a04a0d719e62c042d7,2026-09-26T23:00:00Z,West Virginia Mountaineers,Oklahoma State Cowboys,fanduel,FanDuel,2026-09-26T20:29:53Z,2026-09-26T20:29:53Z,West Virginia Mountaineers,-1.5,-115.0,2026,2026-09-26T20:30:10Z,1070,10.071739601725092,8.70190650399083,3.8698330977342614,b4347a6d6451334b228bf748d98cbd30b34b222852b6631cc98ff41b5e407018,timestamped_live_quote,FBS vs FBS
2026-09-26T20:30:10Z,6c95114d806556a04a0d719e62c042d7,2026-09-26T23:00:00Z,West Virginia Mountaineers,Oklahoma State Cowboys,betrivers,BetRivers,2026-09-26T20:29:35Z,2026-09-26T20:29:35Z,Oklahoma State Cowboys,2.0,-113.0,2026,2026-09-26T20:30:10Z,1070,10.071739601725092,8.70190650399083,3.8698330977342614,b4347a6d6451334b228bf748d98cbd30b34b222852b6631cc98ff41b5e407018,timestamped_live_quote,FBS vs FBS
2026-09-26T20:30:10Z,6c95114d806556a04a0d719e62c042d7,2026-09-26T23:00:00Z,West Virginia Mountaineers,Oklahoma State Cowboys,betrivers,BetRivers,2026-09-26T20:29:35Z,2026-09-26T20:29:35Z,West Virginia Mountaineers,-2.0,-110.0,2026,2026-09-26T20:30:10Z,1070,10.071739601725092,8.70190650399083,3.8698330977342614,b4347a6d6451334b228bf748d98cbd30b34b222852b6631cc98ff41b5e407018,timestamped_live_quote,FBS vs FBS
2026-09-26T20:30:10Z,6c95114d806556a04a0d719e62c042d7,2026-09-26T23:00:00Z,West Virginia Mountaineers,Oklahoma State Cowboys,lowvig,LowVig.ag,2026-09-26T20:29:02Z,2026-09-26T20:29:02Z,Oklahoma State Cowboys,2.0,-111.0,2026,2026-09-26T20:30:10Z,1070,10.071739601725092,8.70190650399083,3.8698330977342614,b4347a6d6451334b228bf748d98cbd30b34b222852b6631cc98ff41b5e407018,timestamped_live_quote,FBS vs FBS
2026-09-26T20:30:10Z,6c95114d806556a04a0d719e62c042d7,2026-09-26T23:00:00Z,West Virginia Mountaineers,Oklahoma State Cowboys,lowvig,LowVig.ag,2026-09-26T20:29:02Z,2026-09-26T20:29:02Z,West Virginia Mountaineers,-2.0,-101.0,2026,2026-09-26T20:30:10Z,1070,10.071739601725092,8.70190650399083,3.8698330977342614,b4347a6d6451334b228bf748d98cbd30b34b222852b6631cc98ff41b5e407018,timestamped_live_quote,FBS vs FBS
2026-09-26T20:30:10Z,6c95114d806556a04a0d719e62c042d7,2026-09-26T23:00:00Z,West Virginia Mountaineers,Oklahoma State Cowboys,betonlineag,BetOnline.ag,2026-09-26T20:29:54Z,2026-09-26T20:29:54Z,Oklahoma State Cowboys,2.0,-115.0,2026,2026-09-26T20:30:10Z,1070,10.071739601725092,8.70190650399083,3.8698330977342614,b4347a6d6451334b228bf748d98cbd30b34b222852b6631cc98ff41b5e407018,timestamped_live_quote,FBS vs FBS
2026-09-26T20:30:10Z,6c95114d806556a04a0d719e62c042d7,2026-09-26T23:00:00Z,West Virginia Mountaineers,Oklahoma State Cowboys,betonlineag,BetOnline.ag,2026-09-26T20:29:54Z,2026-09-26T20:29:54Z,West Virginia Mountaineers,-2.0,-105.0,2026,2026-09-26T20:30:10Z,1070,10.071739601725092,8.70190650399083,3.8698330977342614,b4347a6d6451334b228bf748d98cbd30b34b222852b6631cc98ff41b5e407018,timestamped_live_quote,FBS vs FBS
2026-09-26T20:30:10Z,6c95114d806556a04a0d719e62c042d7,2026-09-26T23:00:00Z,West Virginia Mountaineers,Oklahoma State Cowboys,betus,BetUS,2026-09-26T20:29:02Z,2026-09-26T20:29:02Z,Oklahoma State Cowboys,2.0,-115.0,2026,2026-09-26T20:30:10Z,1070,10.071739601725092,8.70190650399083,3.8698330977342614,b4347a6d6451334b228bf748d98cbd30b34b222852b6631cc98ff41b5e407018,timestamped_live_quote,FBS vs FBS
2026-09-26T20:30:10Z,6c95114d806556a04a0d719e62c042d7,2026-09-26T23:00:00Z,West Virginia Mountaineers,Oklahoma State Cowboys,betus,BetUS,2026-09-26T20:29:02Z,2026-09-26T20:29:02Z,West Virginia Mountaineers,-2.0,-105.0,2026,2026-09-26T20:30:10Z,1070,10.071739601725092,8.70190650399083,3.8698330977342614,b4347a6d6451334b228bf748d98cbd30b34b222852b6631cc98ff41b5e407018,timestamped_live_quote,FBS vs FBS
2026-09-26T20:30:10Z,6c95114d806556a04a0d719e62c042d7,2026-09-26T23:00:00Z,West Virginia Mountaineers,Oklahoma State Cowboys,betmgm,BetMGM,2026-09-26T20:29:04Z,2026-09-26T20:29:04Z,Oklahoma State Cowboys,2.0,-110.0,2026,2026-09-26T20:30:10Z,1070,10.071739601725092,8.70190650399083,3.8698330977342614,b4347a6d6451334b228bf748d98cbd30b34b222852b6631cc98ff41b5e407018,timestamped_live_quote,FBS vs FBS
2026-09-26T20:30:10Z,6c95114d806556a04a0d719e62c042d7,2026-09-26T23:00:00Z,West Virginia Mountaineers,Oklahoma State Cowboys,betmgm,BetMGM,2026-09-26T20:29:04Z,2026-09-26T20:29:04Z,West Virginia Mountaineers,-2.0,-108.0,2026,2026-09-26T20:30:10Z,1070,10.071739601725092,8.70190650399083,3.8698330977342614,b4347a6d6451334b228bf748d98cbd30b34b222852b6631cc98ff41b5e407018,timestamped_live_quote,FBS vs FBS
2026-09-26T20:30:10Z,6c95114d806556a04a0d719e62c042d7,2026-09-26T23:00:00Z,West Virginia Mountaineers,Oklahoma State Cowboys,bovada,Bovada,2026-09-26T20:27:24Z,2026-09-26T20:27:24Z,Oklahoma State Cowboys,1.5,-110.0,2026,2026-09-26T20:30:10Z,1070,10.071739601725092,8.70190650399083,3.8698330977342614,b4347a6d6451334b228bf748d98cbd30b34b222852b6631cc98ff41b5e407018,timestamped_live_quote,FBS vs FBS
2026-09-26T20:30:10Z,6c95114d806556a04a0d719e62c042d7,2026-09-26T23:00:00Z,West Virginia Mountaineers,Oklahoma State Cowboys,bovada,Bovada,2026-09-26T20:27:24Z,2026-09-26T20:27:24Z,West Virginia Mountaineers,-1.5,-110.0,2026,2026-09-26T20:30:10Z,1070,10.071739601725092,8.70190650399083,3.8698330977342614,b4347a6d6451334b228bf748d98cbd30b34b222852b6631cc98ff41b5e407018,timestamped_live_quote,FBS vs FBS
2026-09-26T20:30:10Z,3281b4e05dfe8a0a41afe9868a9094fa,2026-09-26T23:00:00Z,Tulane Green Wave,Southern Mississippi Golden Eagles,fanduel,FanDuel,2026-09-26T20:29:53Z,2026-09-26T20:29:53Z,Southern Mississippi Golden Eagles,18.5,-112.0,2026,2026-09-26T20:30:10Z,1070,,,,b4347a6d6451334b228bf748d98cbd30b34b222852b6631cc98ff41b5e407018,division_safety_suppressed,Unverified division / FCS: model suppressed
2026-09-26T20:30:10Z,3281b4e05dfe8a0a41afe9868a9094fa,2026-09-26T23:00:00Z,Tulane Green Wave,Southern Mississippi Golden Eagles,fanduel,FanDuel,2026-09-26T20:29:53Z,2026-09-26T20:29:53Z,Tulane Green Wave,-18.5,-108.0,2026,2026-09-26T20:30:10Z,1070,,,,b4347a6d6451334b228bf748d98cbd30b34b222852b6631cc98ff41b5e407018,division_safety_suppressed,Unverified division / FCS: model suppressed
2026-09-26T20:30:10Z,3281b4e05dfe8a0a41afe9868a9094fa,2026-09-26T23:00:00Z,Tulane Green Wave,Southern Mississippi Golden Eagles,mybookieag,MyBookie.ag,2026-09-26T20:29:38Z,2026-09-26T20:29:37Z,Southern Mississippi Golden Eagles,18.0,-110.0,2026,2026-09-26T20:30:10Z,1070,,,,b4347a6d6451334b228bf748d98cbd30b34b222852b6631cc98ff41b5e407018,division_safety_suppressed,Unverified division / FCS: model suppressed
2026-09-26T20:30:10Z,3281b4e05dfe8a0a41afe9868a9094fa,2026-09-26T23:00:00Z,Tulane Green Wave,Southern Mississippi Golden Eagles,mybookieag,MyBookie.ag,2026-09-26T20:29:38Z,2026-09-26T20:29:37Z,Tulane Green Wave,-18.0,-110.0,2026,2026-09-26T20:30:10Z,1070,,,,b4347a6d6451334b228bf748d98cbd30b34b222852b6631cc98ff41b5e407018,division_safety_suppressed,Unverified division / FCS: model suppressed
2026-09-26T20:30:10Z,3281b4e05dfe8a0a41afe9868a9094fa,2026-09-26T23:00:00Z,Tulane Green Wave,Southern Mississippi Golden Eagles,betrivers,BetRivers,2026-09-26T20:29:35Z,2026-09-26T20:29:35Z,Southern Mississippi Golden Eagles,18.0,-112.0,2026,2026-09-26T20:30:10Z,1070,,,,b4347a6d6451334b228bf748d98cbd30b34b222852b6631cc98ff41b5e407018,division_safety_suppressed,Unverified division / FCS: model suppressed
2026-09-26T20:30:10Z,3281b4e05dfe8a0a41afe9868a9094fa,2026-09-26T23:00:00Z,Tulane Green Wave,Southern Mississippi Golden Eagles,betrivers,BetRivers,2026-09-26T20:29:35Z,2026-09-26T20:29:35Z,Tulane Green Wave,-18.0,-110.0,2026,2026-09-26T20:30:10Z,1070,,,,b4347a6d6451334b228bf748d98cbd30b34b222852b6631cc98ff41b5e407018,division_safety_suppressed,Unverified division / FCS: model suppressed
2026-09-26T20:30:10Z,3281b4e05dfe8a0a41afe9868a9094fa,2026-09-26T23:00:00Z,Tulane Green Wave,Southern Mississippi Golden Eagles,draftkings,DraftKings,2026-09-26T20:29:19Z,2026-09-26T20:29:19Z,Southern Mississippi Golden Eagles,17.5,-105.0,2026,2026-09-26T20:30:10Z,1070,,,,b4347a6d6451334b228bf748d98cbd30b34b222852b6631cc98ff41b5e407018,division_safety_suppressed,Unverified division / FCS: model suppressed
2026-09-26T20:30:10Z,3281b4e05dfe8a0a41afe9868a9094fa,2026-09-26T23:00:00Z,Tulane Green Wave,Southern Mississippi Golden Eagles,draftkings,DraftKings,2026-09-26T20:29:19Z,2026-09-26T20:29:19Z,Tulane Green Wave,-17.5,-115.0,2026,2026-09-26T20:30:10Z,1070,,,,b4347a6d6451334b228bf748d98cbd30b34b222852b6631cc98ff41b5e407018,division_safety_suppressed,Unverified division / FCS: model suppressed
2026-09-26T20:30:10Z,3281b4e05dfe8a0a41afe9868a9094fa,2026-09-26T23:00:00Z,Tulane Green Wave,Southern Mississippi Golden Eagles,lowvig,LowVig.ag,2026-09-26T20:29:02Z,2026-09-26T20:29:02Z,Southern Mississippi Golden Eagles,18.0,-106.0,2026,2026-09-26T20:30:10Z,1070,,,,b4347a6d6451334b228bf748d98cbd30b34b222852b6631cc98ff41b5e407018,division_safety_suppressed,Unverified division / FCS: model suppressed
2026-09-26T20:30:10Z,3281b4e05dfe8a0a41afe9868a9094fa,2026-09-26T23:00:00Z,Tulane Green Wave,Southern Mississippi Golden Eagles,lowvig,LowVig.ag,2026-09-26T20:29:02Z,2026-09-26T20:29:02Z,Tulane Green Wave,-18.0,-106.0,2026,2026-09-26T20:30:10Z,1070,,,,b4347a6d6451334b228bf748d98cbd30b34b222852b6631cc98ff41b5e407018,division_safety_suppressed,Unverified division / FCS: model suppressed
2026-09-26T20:30:10Z,3281b4e05dfe8a0a41afe9868a9094fa,2026-09-26T23:00:00Z,Tulane Green Wave,Southern Mississippi Golden Eagles,betonlineag,BetOnline.ag,2026-09-26T20:29:54Z,2026-09-26T20:29:54Z,Southern Mississippi Golden Eagles,18.0,-110.0,2026,2026-09-26T20:30:10Z,1070,,,,b4347a6d6451334b228bf748d98cbd30b34b222852b6631cc98ff41b5e407018,division_safety_suppressed,Unverified division / FCS: model suppressed
2026-09-26T20:30:10Z,3281b4e05dfe8a0a41afe9868a9094fa,2026-09-26T23:00:00Z,Tulane Green Wave,Southern Mississippi Golden Eagles,betonlineag,BetOnline.ag,2026-09-26T20:29:54Z,2026-09-26T20:29:54Z,Tulane Green Wave,-18.0,-110.0,2026,2026-09-26T20:30:10Z,1070,,,,b4347a6d6451334b228bf748d98cbd30b34b222852b6631cc98ff41b5e407018,division_safety_suppressed,Unverified division / FCS: model suppressed
2026-09-26T20:30:10Z,3281b4e05dfe8a0a41afe9868a9094fa,2026-09-26T23:00:00Z,Tulane Green Wave,Southern Mississippi Golden Eagles,betus,BetUS,2026-09-26T20:29:02Z,2026-09-26T20:29:02Z,Southern Mississippi Golden Eagles,18.0,-110.0,2026,2026-09-26T20:30:10Z,1070,,,,b4347a6d6451334b228bf748d98cbd30b34b222852b6631cc98ff41b5e407018,division_safety_suppressed,Unverified division / FCS: model suppressed
2026-09-26T20:30:10Z,3281b4e05dfe8a0a41afe9868a9094fa,2026-09-26T23:00:00Z,Tulane Green Wave,Southern Mississippi Golden Eagles,betus,BetUS,2026-09-26T20:29:02Z,2026-09-26T20:29:02Z,Tulane Green Wave,-18.0,-110.0,2026,2026-09-26T20:30:10Z,1070,,,,b4347a6d6451334b228bf748d98cbd30b34b222852b6631cc98ff41b5e407018,division_safety_suppressed,Unverified division / FCS: model suppressed
2026-09-26T20:30:10Z,3281b4e05dfe8a0a41afe9868a9094fa,2026-09-26T23:00:00Z,Tulane Green Wave,Southern Mississippi Golden Eagles,betmgm,BetMGM,2026-09-26T20:29:04Z,2026-09-26T20:29:04Z,Southern Mississippi Golden Eagles,18.0,-108.0,2026,2026-09-26T20:30:10Z,1070,,,,b4347a6d6451334b228bf748d98cbd30b34b222852b6631cc98ff41b5e407018,division_safety_suppressed,Unverified division / FCS: model suppressed
2026-09-26T20:30:10Z,3281b4e05dfe8a0a41afe9868a9094fa,2026-09-26T23:00:00Z,Tulane Green Wave,Southern Mississippi Golden Eagles,betmgm,BetMGM,2026-09-26T20:29:04Z,2026-09-26T20:29:04Z,Tulane Green Wave,-18.0,-110.0,2026,2026-09-26T20:30:10Z,1070,,,,b4347a6d6451334b228bf748d98cbd30b34b222852b6631cc98ff41b5e407018,division_safety_suppressed,Unverified division / FCS: model suppressed
2026-09-26T20:30:10Z,3281b4e05dfe8a0a41afe9868a9094fa,2026-09-26T23:00:00Z,Tulane Green Wave,Southern Mississippi Golden Eagles,bovada,Bovada,2026-09-26T20:27:24Z,2026-09-26T20:27:24Z,Southern Mississippi Golden Eagles,18.0,-110.0,2026,2026-09-26T20:30:10Z,1070,,,,b4347a6d6451334b228bf748d98cbd30b34b222852b6631cc98ff41b5e407018,division_safety_suppressed,Unverified division / FCS: model suppressed
2026-09-26T20:30:10Z,3281b4e05dfe8a0a41afe9868a9094fa,2026-09-26T23:00:00Z,Tulane Green Wave,Southern Mississippi Golden Eagles,bovada,Bovada,2026-09-26T20:27:24Z,2026-09-26T20:27:24Z,Tulane Green Wave,-18.0,-110.0,2026,2026-09-26T20:30:10Z,1070,,,,b4347a6d6451334b228bf748d98cbd30b34b222852b6631cc98ff41b5e407018,division_safety_suppressed,Unverified division / FCS: model suppressed
2026-09-26T20:30:10Z,d4cee1a13bc1d87828ec7809d56b9496,2026-09-26T23:30:00Z,NC State Wolfpack,Appalachian State Mountaineers,fanduel,FanDuel,2026-09-26T20:29:53Z,2026-09-26T20:29:53Z,Appalachian State Mountaineers,13.5,-114.0,2026,2026-09-26T20:30:10Z,1070,8.078088627210121,5.976251334467698,4.601837292742423,b4347a6d6451334b228bf748d98cbd30b34b222852b6631cc98ff41b5e407018,timestamped_live_quote,FBS vs FBS
2026-09-26T20:30:10Z,d4cee1a13bc1d87828ec7809d56b9496,2026-09-26T23:30:00Z,NC State Wolfpack,Appalachian State Mountaineers,fanduel,FanDuel,2026-09-26T20:29:53Z,2026-09-26T20:29:53Z,NC State Wolfpack,-13.5,-106.0,2026,2026-09-26T20:30:10Z,1070,8.078088627210121,5.976251334467698,4.601837292742423,b4347a6d6451334b228bf748d98cbd30b34b222852b6631cc98ff41b5e407018,timestamped_live_quote,FBS vs FBS
2026-09-26T20:30:10Z,d4cee1a13bc1d87828ec7809d56b9496,2026-09-26T23:30:00Z,NC State Wolfpack,Appalachian State Mountaineers,mybookieag,MyBookie.ag,2026-09-26T20:29:38Z,2026-09-26T20:29:37Z,Appalachian State Mountaineers,13.0,-110.0,2026,2026-09-26T20:30:10Z,1070,8.078088627210121,5.976251334467698,4.601837292742423,b4347a6d6451334b228bf748d98cbd30b34b222852b6631cc98ff41b5e407018,timestamped_live_quote,FBS vs FBS
2026-09-26T20:30:10Z,d4cee1a13bc1d87828ec7809d56b9496,2026-09-26T23:30:00Z,NC State Wolfpack,Appalachian State Mountaineers,mybookieag,MyBookie.ag,2026-09-26T20:29:38Z,2026-09-26T20:29:37Z,NC State Wolfpack,-13.0,-110.0,2026,2026-09-26T20:30:10Z,1070,8.078088627210121,5.976251334467698,4.601837292742423,b4347a6d6451334b228bf748d98cbd30b34b222852b6631cc98ff41b5e407018,timestamped_live_quote,FBS vs FBS
2026-09-26T20:30:10Z,d4cee1a13bc1d87828ec7809d56b9496,2026-09-26T23:30:00Z,NC State Wolfpack,Appalachian State Mountaineers,betrivers,BetRivers,2026-09-26T20:29:35Z,2026-09-26T20:29:35Z,Appalachian State Mountaineers,13.5,-110.0,2026,2026-09-26T20:30:10Z,1070,8.078088627210121,5.976251334467698,4.601837292742423,b4347a6d6451334b228bf748d98cbd30b34b222852b6631cc98ff41b5e407018,timestamped_live_quote,FBS vs FBS
2026-09-26T20:30:10Z,d4cee1a13bc1d87828ec7809d56b9496,2026-09-26T23:30:00Z,NC State Wolfpack,Appalachian State Mountaineers,betrivers,BetRivers,2026-09-26T20:29:35Z,2026-09-26T20:29:35Z,NC State Wolfpack,-13.5,-113.0,2026,2026-09-26T20:30:10Z,1070,8.078088627210121,5.976251334467698,4.601837292742423,b4347a6d6451334b228bf748d98cbd30b34b222852b6631cc98ff41b5e407018,timestamped_live_quote,FBS vs FBS
2026-09-26T20:30:10Z,d4cee1a13bc1d87828ec7809d56b9496,2026-09-26T23:30:00Z,NC State Wolfpack,Appalachian State Mountaineers,draftkings,DraftKings,2026-09-26T20:29:19Z,2026-09-26T20:29:19Z,Appalachian State Mountaineers,12.5,-108.0,2026,2026-09-26T20:30:10Z,1070,8.078088627210121,5.976251334467698,4.601837292742423,b4347a6d6451334b228bf748d98cbd30b34b222852b6631cc98ff41b5e407018,timestamped_live_quote,FBS vs FBS
2026-09-26T20:30:10Z,d4cee1a13bc1d87828ec7809d56b9496,2026-09-26T23:30:00Z,NC State Wolfpack,Appalachian State Mountaineers,draftkings,DraftKings,2026-09-26T20:29:19Z,2026-09-26T20:29:19Z,NC State Wolfpack,-12.5,-112.0,2026,2026-09-26T20:30:10Z,1070,8.078088627210121,5.976251334467698,4.601837292742423,b4347a6d6451334b228bf748d98cbd30b34b222852b6631cc98ff41b5e407018,timestamped_live_quote,FBS vs FBS
2026-09-26T20:30:10Z,d4cee1a13bc1d87828ec7809d56b9496,2026-09-26T23:30:00Z,NC State Wolfpack,Appalachian State Mountaineers,betonlineag,BetOnline.ag,2026-09-26T20:29:54Z,2026-09-26T20:29:54Z,Appalachian State Mountaineers,13.0,-110.0,2026,2026-09-26T20:30:10Z,1070,8.078088627210121,5.976251334467698,4.601837292742423,b4347a6d6451334b228bf748d98cbd30b34b222852b6631cc98ff41b5e407018,timestamped_live_quote,FBS vs FBS
2026-09-26T20:30:10Z,d4cee1a13bc1d87828ec7809d56b9496,2026-09-26T23:30:00Z,NC State Wolfpack,Appalachian State Mountaineers,betonlineag,BetOnline.ag,2026-09-26T20:29:54Z,2026-09-26T20:29:54Z,NC State Wolfpack,-13.0,-110.0,2026,2026-09-26T20:30:10Z,1070,8.078088627210121,5.976251334467698,4.601837292742423,b4347a6d6451334b228bf748d98cbd30b34b222852b6631cc98ff41b5e407018,timestamped_live_quote,FBS vs FBS
2026-09-26T20:30:10Z,d4cee1a13bc1d87828ec7809d56b9496,2026-09-26T23:30:00Z,NC State Wolfpack,Appalachian State Mountaineers,lowvig,LowVig.ag,2026-09-26T20:29:02Z,2026-09-26T20:29:02Z,Appalachian State Mountaineers,13.0,-104.0,2026,2026-09-26T20:30:10Z,1070,8.078088627210121,5.976251334467698,4.601837292742423,b4347a6d6451334b228bf748d98cbd30b34b222852b6631cc98ff41b5e407018,timestamped_live_quote,FBS vs FBS
2026-09-26T20:30:10Z,d4cee1a13bc1d87828ec7809d56b9496,2026-09-26T23:30:00Z,NC State Wolfpack,Appalachian State Mountaineers,lowvig,LowVig.ag,2026-09-26T20:29:02Z,2026-09-26T20:29:02Z,NC State Wolfpack,-13.0,-108.0,2026,2026-09-26T20:30:10Z,1070,8.078088627210121,5.976251334467698,4.601837292742423,b4347a6d6451334b228bf748d98cbd30b34b222852b6631cc98ff41b5e407018,timestamped_live_quote,FBS vs FBS
2026-09-26T20:30:10Z,d4cee1a13bc1d87828ec7809d56b9496,2026-09-26T23:30:00Z,NC State Wolfpack,Appalachian State Mountaineers,betmgm,BetMGM,2026-09-26T20:29:04Z,2026-09-26T20:29:04Z,Appalachian State Mountaineers,13.0,-110.0,2026,2026-09-26T20:30:10Z,1070,8.078088627210121,5.976251334467698,4.601837292742423,b4347a6d6451334b228bf748d98cbd30b34b222852b6631cc98ff41b5e407018,timestamped_live_quote,FBS vs FBS
2026-09-26T20:30:10Z,d4cee1a13bc1d87828ec7809d56b9496,2026-09-26T23:30:00Z,NC State Wolfpack,Appalachian State Mountaineers,betmgm,BetMGM,2026-09-26T20:29:04Z,2026-09-26T20:29:04Z,NC State Wolfpack,-13.0,-108.0,2026,2026-09-26T20:30:10Z,1070,8.078088627210121,5.976251334467698,4.601837292742423,b4347a6d6451334b228bf748d98cbd30b34b222852b6631cc98ff41b5e407018,timestamped_live_quote,FBS vs FBS
2026-09-26T20:30:10Z,d4cee1a13bc1d87828ec7809d56b9496,2026-09-26T23:30:00Z,NC State Wolfpack,Appalachian State Mountaineers,betus,BetUS,2026-09-26T20:29:02Z,2026-09-26T20:29:02Z,Appalachian State Mountaineers,13.0,-110.0,2026,2026-09-26T20:30:10Z,1070,8.078088627210121,5.976251334467698,4.601837292742423,b4347a6d6451334b228bf748d98cbd30b34b222852b6631cc98ff41b5e407018,timestamped_live_quote,FBS vs FBS
2026-09-26T20:30:10Z,d4cee1a13bc1d87828ec7809d56b9496,2026-09-26T23:30:00Z,NC State Wolfpack,Appalachian State Mountaineers,betus,BetUS,2026-09-26T20:29:02Z,2026-09-26T20:29:02Z,NC State Wolfpack,-13.0,-110.0,2026,2026-09-26T20:30:10Z,1070,8.078088627210121,5.976251334467698,4.601837292742423,b4347a6d6451334b228bf748d98cbd30b34b222852b6631cc98ff41b5e407018,timestamped_live_quote,FBS vs FBS
2026-09-26T20:30:10Z,d4cee1a13bc1d87828ec7809d56b9496,2026-09-26T23:30:00Z,NC State Wolfpack,Appalachian State Mountaineers,bovada,Bovada,2026-09-26T20:27:24Z,2026-09-26T20:27:24Z,Appalachian State Mountaineers,12.5,-105.0,2026,2026-09-26T20:30:10Z,1070,8.078088627210121,5.976251334467698,4.601837292742423,b4347a6d6451334b228bf748d98cbd30b34b222852b6631cc98ff41b5e407018,timestamped_live_quote,FBS vs FBS
2026-09-26T20:30:10Z,d4cee1a13bc1d87828ec7809d56b9496,2026-09-26T23:30:00Z,NC State Wolfpack,Appalachian State Mountaineers,bovada,Bovada,2026-09-26T20:27:24Z,2026-09-26T20:27:24Z,NC State Wolfpack,-12.5,-115.0,2026,2026-09-26T20:30:10Z,1070,8.078088627210121,5.976251334467698,4.601837292742423,b4347a6d6451334b228bf748d98cbd30b34b222852b6631cc98ff41b5e407018,timestamped_live_quote,FBS vs FBS
2026-09-26T20:30:10Z,b8ee197b0b6ebb070f0f4b4a94a31bae,2026-09-26T23:30:00Z,Washington State Cougars,Arizona Wildcats,fanduel,FanDuel,2026-09-26T20:29:53Z,2026-09-26T20:29:53Z,Arizona Wildcats,-10.5,-110.0,2026,2026-09-26T20:30:10Z,1070,0.5044212476433665,6.554299331549902,-3.5498780839065347,b4347a6d6451334b228bf748d98cbd30b34b222852b6631cc98ff41b5e407018,timestamped_live_quote,FBS vs FBS
2026-09-26T20:30:10Z,b8ee197b0b6ebb070f0f4b4a94a31bae,2026-09-26T23:30:00Z,Washington State Cougars,Arizona Wildcats,fanduel,FanDuel,2026-09-26T20:29:53Z,2026-09-26T20:29:53Z,Washington State Cougars,10.5,-110.0,2026,2026-09-26T20:30:10Z,1070,0.5044212476433665,6.554299331549902,-3.5498780839065347,b4347a6d6451334b228bf748d98cbd30b34b222852b6631cc98ff41b5e407018,timestamped_live_quote,FBS vs FBS
2026-09-26T20:30:10Z,b8ee197b0b6ebb070f0f4b4a94a31bae,2026-09-26T23:30:00Z,Washington State Cougars,Arizona Wildcats,mybookieag,MyBookie.ag,2026-09-26T20:29:38Z,2026-09-26T20:29:37Z,Arizona Wildcats,-11.0,-110.0,2026,2026-09-26T20:30:10Z,1070,0.5044212476433665,6.554299331549902,-3.5498780839065347,b4347a6d6451334b228bf748d98cbd30b34b222852b6631cc98ff41b5e407018,timestamped_live_quote,FBS vs FBS
2026-09-26T20:30:10Z,b8ee197b0b6ebb070f0f4b4a94a31bae,2026-09-26T23:30:00Z,Washington State Cougars,Arizona Wildcats,mybookieag,MyBookie.ag,2026-09-26T20:29:38Z,2026-09-26T20:29:37Z,Washington State Cougars,11.0,-110.0,2026,2026-09-26T20:30:10Z,1070,0.5044212476433665,6.554299331549902,-3.5498780839065347,b4347a6d6451334b228bf748d98cbd30b34b222852b6631cc98ff41b5e407018,timestamped_live_quote,FBS vs FBS
2026-09-26T20:30:10Z,b8ee197b0b6ebb070f0f4b4a94a31bae,2026-09-26T23:30:00Z,Washington State Cougars,Arizona Wildcats,betrivers,BetRivers,2026-09-26T20:29:35Z,2026-09-26T20:29:35Z,Arizona Wildcats,-10.5,-112.0,2026,2026-09-26T20:30:10Z,1070,0.5044212476433665,6.554299331549902,-3.5498780839065347,b4347a6d6451334b228bf748d98cbd30b34b222852b6631cc98ff41b5e407018,timestamped_live_quote,FBS vs FBS
2026-09-26T20:30:10Z,b8ee197b0b6ebb070f0f4b4a94a31bae,2026-09-26T23:30:00Z,Washington State Cougars,Arizona Wildcats,betrivers,BetRivers,2026-09-26T20:29:35Z,2026-09-26T20:29:35Z,Washington State Cougars,10.5,-112.0,2026,2026-09-26T20:30:10Z,1070,0.5044212476433665,6.554299331549902,-3.5498780839065347,b4347a6d6451334b228bf748d98cbd30b34b222852b6631cc98ff41b5e407018,timestamped_live_quote,FBS vs FBS
2026-09-26T20:30:10Z,b8ee197b0b6ebb070f0f4b4a94a31bae,2026-09-26T23:30:00Z,Washington State Cougars,Arizona Wildcats,draftkings,DraftKings,2026-09-26T20:29:19Z,2026-09-26T20:29:19Z,Arizona Wildcats,-10.5,-110.0,2026,2026-09-26T20:30:10Z,1070,0.5044212476433665,6.554299331549902,-3.5498780839065347,b4347a6d6451334b228bf748d98cbd30b34b222852b6631cc98ff41b5e407018,timestamped_live_quote,FBS vs FBS
2026-09-26T20:30:10Z,b8ee197b0b6ebb070f0f4b4a94a31bae,2026-09-26T23:30:00Z,Washington State Cougars,Arizona Wildcats,draftkings,DraftKings,2026-09-26T20:29:19Z,2026-09-26T20:29:19Z,Washington State Cougars,10.5,-110.0,2026,2026-09-26T20:30:10Z,1070,0.5044212476433665,6.554299331549902,-3.5498780839065347,b4347a6d6451334b228bf748d98cbd30b34b222852b6631cc98ff41b5e407018,timestamped_live_quote,FBS vs FBS
2026-09-26T20:30:10Z,b8ee197b0b6ebb070f0f4b4a94a31bae,2026-09-26T23:30:00Z,Washington State Cougars,Arizona Wildcats,lowvig,LowVig.ag,2026-09-26T20:29:02Z,2026-09-26T20:29:02Z,Arizona Wildcats,-10.5,-111.0,2026,2026-09-26T20:30:10Z,1070,0.5044212476433665,6.554299331549902,-3.5498780839065347,b4347a6d6451334b228bf748d98cbd30b34b222852b6631cc98ff41b5e407018,timestamped_live_quote,FBS vs FBS
2026-09-26T20:30:10Z,b8ee197b0b6ebb070f0f4b4a94a31bae,2026-09-26T23:30:00Z,Washington State Cougars,Arizona Wildcats,lowvig,LowVig.ag,2026-09-26T20:29:02Z,2026-09-26T20:29:02Z,Washington State Cougars,10.5,-101.0,2026,2026-09-26T20:30:10Z,1070,0.5044212476433665,6.554299331549902,-3.5498780839065347,b4347a6d6451334b228bf748d98cbd30b34b222852b6631cc98ff41b5e407018,timestamped_live_quote,FBS vs FBS
2026-09-26T20:30:10Z,b8ee197b0b6ebb070f0f4b4a94a31bae,2026-09-26T23:30:00Z,Washington State Cougars,Arizona Wildcats,betonlineag,BetOnline.ag,2026-09-26T20:29:54Z,2026-09-26T20:29:54Z,Arizona Wildcats,-10.5,-115.0,2026,2026-09-26T20:30:10Z,1070,0.5044212476433665,6.554299331549902,-3.5498780839065347,b4347a6d6451334b228bf748d98cbd30b34b222852b6631cc98ff41b5e407018,timestamped_live_quote,FBS vs FBS
2026-09-26T20:30:10Z,b8ee197b0b6ebb070f0f4b4a94a31bae,2026-09-26T23:30:00Z,Washington State Cougars,Arizona Wildcats,betonlineag,BetOnline.ag,2026-09-26T20:29:54Z,2026-09-26T20:29:54Z,Washington State Cougars,10.5,-105.0,2026,2026-09-26T20:30:10Z,1070,0.5044212476433665,6.554299331549902,-3.5498780839065347,b4347a6d6451334b228bf748d98cbd30b34b222852b6631cc98ff41b5e407018,timestamped_live_quote,FBS vs FBS
2026-09-26T20:30:10Z,b8ee197b0b6ebb070f0f4b4a94a31bae,2026-09-26T23:30:00Z,Washington State Cougars,Arizona Wildcats,betmgm,BetMGM,2026-09-26T20:29:04Z,2026-09-26T20:29:04Z,Arizona Wildcats,-10.5,-110.0,2026,2026-09-26T20:30:10Z,1070,0.5044212476433665,6.554299331549902,-3.5498780839065347,b4347a6d6451334b228bf748d98cbd30b34b222852b6631cc98ff41b5e407018,timestamped_live_quote,FBS vs FBS
2026-09-26T20:30:10Z,b8ee197b0b6ebb070f0f4b4a94a31bae,2026-09-26T23:30:00Z,Washington State Cougars,Arizona Wildcats,betmgm,BetMGM,2026-09-26T20:29:04Z,2026-09-26T20:29:04Z,Washington State Cougars,10.5,-108.0,2026,2026-09-26T20:30:10Z,1070,0.5044212476433665,6.554299331549902,-3.5498780839065347,b4347a6d6451334b228bf748d98cbd30b34b222852b6631cc98ff41b5e407018,timestamped_live_quote,FBS vs FBS
2026-09-26T20:30:10Z,b8ee197b0b6ebb070f0f4b4a94a31bae,2026-09-26T23:30:00Z,Washington State Cougars,Arizona Wildcats,betus,BetUS,2026-09-26T20:29:02Z,2026-09-26T20:29:02Z,Arizona Wildcats,-10.5,-110.0,2026,2026-09-26T20:30:10Z,1070,0.5044212476433665,6.554299331549902,-3.5498780839065347,b4347a6d6451334b228bf748d98cbd30b34b222852b6631cc98ff41b5e407018,timestamped_live_quote,FBS vs FBS
2026-09-26T20:30:10Z,b8ee197b0b6ebb070f0f4b4a94a31bae,2026-09-26T23:30:00Z,Washington State Cougars,Arizona Wildcats,betus,BetUS,2026-09-26T20:29:02Z,2026-09-26T20:29:02Z,Washington State Cougars,10.5,-110.0,2026,2026-09-26T20:30:10Z,1070,0.5044212476433665,6.554299331549902,-3.5498780839065347,b4347a6d6451334b228bf748d98cbd30b34b222852b6631cc98ff41b5e407018,timestamped_live_quote,FBS vs FBS
2026-09-26T20:30:10Z,b8ee197b0b6ebb070f0f4b4a94a31bae,2026-09-26T23:30:00Z,Washington State Cougars,Arizona Wildcats,bovada,Bovada,2026-09-26T20:27:24Z,2026-09-26T20:27:24Z,Arizona Wildcats,-11.0,-110.0,2026,2026-09-26T20:30:10Z,1070,0.5044212476433665,6.554299331549902,-3.5498780839065347,b4347a6d6451334b228bf748d98cbd30b34b222852b6631cc98ff41b5e407018,timestamped_live_quote,FBS vs FBS
2026-09-26T20:30:10Z,b8ee197b0b6ebb070f0f4b4a94a31bae,2026-09-26T23:30:00Z,Washington State Cougars,Arizona Wildcats,bovada,Bovada,2026-09-26T20:27:24Z,2026-09-26T20:27:24Z,Washington State Cougars,11.0,-110.0,2026,2026-09-26T20:30:10Z,1070,0.5044212476433665,6.554299331549902,-3.5498780839065347,b4347a6d6451334b228bf748d98cbd30b34b222852b6631cc98ff41b5e407018,timestamped_live_quote,FBS vs FBS
2026-09-26T20:30:10Z,bbaf150e48844a489d679cb09de02aa9,2026-09-26T23:30:00Z,North Texas Mean Green,Houston Baptist Huskies,fanduel,FanDuel,2026-09-26T20:29:53Z,2026-09-26T20:29:53Z,Houston Baptist Huskies,38.5,-110.0,2026,2026-09-26T20:30:10Z,1070,-0.5680452975452397,12.221023554579338,-10.289068852124577,b4347a6d6451334b228bf748d98cbd30b34b222852b6631cc98ff41b5e407018,timestamped_live_quote,FBS vs FBS
2026-09-26T20:30:10Z,bbaf150e48844a489d679cb09de02aa9,2026-09-26T23:30:00Z,North Texas Mean Green,Houston Baptist Huskies,fanduel,FanDuel,2026-09-26T20:29:53Z,2026-09-26T20:29:53Z,North Texas Mean Green,-38.5,-110.0,2026,2026-09-26T20:30:10Z,1070,-0.5680452975452397,12.221023554579338,-10.289068852124577,b4347a6d6451334b228bf748d98cbd30b34b222852b6631cc98ff41b5e407018,timestamped_live_quote,FBS vs FBS
2026-09-26T20:30:10Z,bbaf150e48844a489d679cb09de02aa9,2026-09-26T23:30:00Z,North Texas Mean Green,Houston Baptist Huskies,draftkings,DraftKings,2026-09-26T20:29:19Z,2026-09-26T20:29:19Z,Houston Baptist Huskies,38.5,-115.0,2026,2026-09-26T20:30:10Z,1070,-0.5680452975452397,12.221023554579338,-10.289068852124577,b4347a6d6451334b228bf748d98cbd30b34b222852b6631cc98ff41b5e407018,timestamped_live_quote,FBS vs FBS
2026-09-26T20:30:10Z,bbaf150e48844a489d679cb09de02aa9,2026-09-26T23:30:00Z,North Texas Mean Green,Houston Baptist Huskies,draftkings,DraftKings,2026-09-26T20:29:19Z,2026-09-26T20:29:19Z,North Texas Mean Green,-38.5,-105.0,2026,2026-09-26T20:30:10Z,1070,-0.5680452975452397,12.221023554579338,-10.289068852124577,b4347a6d6451334b228bf748d98cbd30b34b222852b6631cc98ff41b5e407018,timestamped_live_quote,FBS vs FBS
2026-09-26T20:30:10Z,bbaf150e48844a489d679cb09de02aa9,2026-09-26T23:30:00Z,North Texas Mean Green,Houston Baptist Huskies,betrivers,BetRivers,2026-09-26T20:29:35Z,2026-09-26T20:29:35Z,Houston Baptist Huskies,40.0,-120.0,2026,2026-09-26T20:30:10Z,1070,-0.5680452975452397,12.221023554579338,-10.289068852124577,b4347a6d6451334b228bf748d98cbd30b34b222852b6631cc98ff41b5e407018,timestamped_live_quote,FBS vs FBS
2026-09-26T20:30:10Z,bbaf150e48844a489d679cb09de02aa9,2026-09-26T23:30:00Z,North Texas Mean Green,Houston Baptist Huskies,betrivers,BetRivers,2026-09-26T20:29:35Z,2026-09-26T20:29:35Z,North Texas Mean Green,-40.0,-121.0,2026,2026-09-26T20:30:10Z,1070,-0.5680452975452397,12.221023554579338,-10.289068852124577,b4347a6d6451334b228bf748d98cbd30b34b222852b6631cc98ff41b5e407018,timestamped_live_quote,FBS vs FBS
2026-09-26T20:30:10Z,bbaf150e48844a489d679cb09de02aa9,2026-09-26T23:30:00Z,North Texas Mean Green,Houston Baptist Huskies,lowvig,LowVig.ag,2026-09-26T20:29:02Z,2026-09-26T20:29:02Z,Houston Baptist Huskies,39.0,-115.0,2026,2026-09-26T20:30:10Z,1070,-0.5680452975452397,12.221023554579338,-10.289068852124577,b4347a6d6451334b228bf748d98cbd30b34b222852b6631cc98ff41b5e407018,timestamped_live_quote,FBS vs FBS
2026-09-26T20:30:10Z,bbaf150e48844a489d679cb09de02aa9,2026-09-26T23:30:00Z,North Texas Mean Green,Houston Baptist Huskies,lowvig,LowVig.ag,2026-09-26T20:29:02Z,2026-09-26T20:29:02Z,North Texas Mean Green,-39.0,-105.0,2026,2026-09-26T20:30:10Z,1070,-0.5680452975452397,12.221023554579338,-10.289068852124577,b4347a6d6451334b228bf748d98cbd30b34b222852b6631cc98ff41b5e407018,timestamped_live_quote,FBS vs FBS
2026-09-26T20:30:10Z,bbaf150e48844a489d679cb09de02aa9,2026-09-26T23:30:00Z,North Texas Mean Green,Houston Baptist Huskies,betonlineag,BetOnline.ag,2026-09-26T20:29:54Z,2026-09-26T20:29:54Z,Houston Baptist Huskies,39.0,-115.0,2026,2026-09-26T20:30:10Z,1070,-0.5680452975452397,12.221023554579338,-10.289068852124577,b4347a6d6451334b228bf748d98cbd30b34b222852b6631cc98ff41b5e407018,timestamped_live_quote,FBS vs FBS
2026-09-26T20:30:10Z,bbaf150e48844a489d679cb09de02aa9,2026-09-26T23:30:00Z,North Texas Mean Green,Houston Baptist Huskies,betonlineag,BetOnline.ag,2026-09-26T20:29:54Z,2026-09-26T20:29:54Z,North Texas Mean Green,-39.0,-105.0,2026,2026-09-26T20:30:10Z,1070,-0.5680452975452397,12.221023554579338,-10.289068852124577,b4347a6d6451334b228bf748d98cbd30b34b222852b6631cc98ff41b5e407018,timestamped_live_quote,FBS vs FBS
2026-09-26T20:30:10Z,bbaf150e48844a489d679cb09de02aa9,2026-09-26T23:30:00Z,North Texas Mean Green,Houston Baptist Huskies,bovada,Bovada,2026-09-26T20:27:24Z,2026-09-26T20:27:24Z,Houston Baptist Huskies,38.0,-105.0,2026,2026-09-26T20:30:10Z,1070,-0.5680452975452397,12.221023554579338,-10.289068852124577,b4347a6d6451334b228bf748d98cbd30b34b222852b6631cc98ff41b5e407018,timestamped_live_quote,FBS vs FBS
2026-09-26T20:30:10Z,bbaf150e48844a489d679cb09de02aa9,2026-09-26T23:30:00Z,North Texas Mean Green,Houston Baptist Huskies,bovada,Bovada,2026-09-26T20:27:24Z,2026-09-26T20:27:24Z,North Texas Mean Green,-38.0,-115.0,2026,2026-09-26T20:30:10Z,1070,-0.5680452975452397,12.221023554579338,-10.289068852124577,b4347a6d6451334b228bf748d98cbd30b34b222852b6631cc98ff41b5e407018,timestamped_live_quote,FBS vs FBS
2026-09-26T20:30:10Z,bbaf150e48844a489d679cb09de02aa9,2026-09-26T23:30:00Z,North Texas Mean Green,Houston Baptist Huskies,betmgm,BetMGM,2026-09-26T20:29:04Z,2026-09-26T20:29:04Z,Houston Baptist Huskies,38.5,-110.0,2026,2026-09-26T20:30:10Z,1070,-0.5680452975452397,12.221023554579338,-10.289068852124577,b4347a6d6451334b228bf748d98cbd30b34b222852b6631cc98ff41b5e407018,timestamped_live_quote,FBS vs FBS
2026-09-26T20:30:10Z,bbaf150e48844a489d679cb09de02aa9,2026-09-26T23:30:00Z,North Texas Mean Green,Houston Baptist Huskies,betmgm,BetMGM,2026-09-26T20:29:04Z,2026-09-26T20:29:04Z,North Texas Mean Green,-38.5,-108.0,2026,2026-09-26T20:30:10Z,1070,-0.5680452975452397,12.221023554579338,-10.289068852124577,b4347a6d6451334b228bf748d98cbd30b34b222852b6631cc98ff41b5e407018,timestamped_live_quote,FBS vs FBS
2026-09-26T20:30:10Z,0c71c3230f930f30ac34160b38dbbaf0,2026-09-26T23:30:00Z,LSU Tigers,Texas A&M Aggies,draftkings,DraftKings,2026-09-26T20:29:19Z,2026-09-26T20:29:19Z,LSU Tigers,-8.5,-108.0,2026,2026-09-26T20:30:10Z,1070,10.748156979498104,10.102319112991166,3.1458378665069375,b4347a6d6451334b228bf748d98cbd30b34b222852b6631cc98ff41b5e407018,timestamped_live_quote,FBS vs FBS
2026-09-26T20:30:10Z,0c71c3230f930f30ac34160b38dbbaf0,2026-09-26T23:30:00Z,LSU Tigers,Texas A&M Aggies,draftkings,DraftKings,2026-09-26T20:29:19Z,2026-09-26T20:29:19Z,Texas A&M Aggies,8.5,-112.0,2026,2026-09-26T20:30:10Z,1070,10.748156979498104,10.102319112991166,3.1458378665069375,b4347a6d6451334b228bf748d98cbd30b34b222852b6631cc98ff41b5e407018,timestamped_live_quote,FBS vs FBS
2026-09-26T20:30:10Z,0c71c3230f930f30ac34160b38dbbaf0,2026-09-26T23:30:00Z,LSU Tigers,Texas A&M Aggies,mybookieag,MyBookie.ag,2026-09-26T20:29:38Z,2026-09-26T20:29:37Z,LSU Tigers,-8.0,-110.0,2026,2026-09-26T20:30:10Z,1070,10.748156979498104,10.102319112991166,3.1458378665069375,b4347a6d6451334b228bf748d98cbd30b34b222852b6631cc98ff41b5e407018,timestamped_live_quote,FBS vs FBS
2026-09-26T20:30:10Z,0c71c3230f930f30ac34160b38dbbaf0,2026-09-26T23:30:00Z,LSU Tigers,Texas A&M Aggies,mybookieag,MyBookie.ag,2026-09-26T20:29:38Z,2026-09-26T20:29:37Z,Texas A&M Aggies,8.0,-110.0,2026,2026-09-26T20:30:10Z,1070,10.748156979498104,10.102319112991166,3.1458378665069375,b4347a6d6451334b228bf748d98cbd30b34b222852b6631cc98ff41b5e407018,timestamped_live_quote,FBS vs FBS
2026-09-26T20:30:10Z,0c71c3230f930f30ac34160b38dbbaf0,2026-09-26T23:30:00Z,LSU Tigers,Texas A&M Aggies,fanduel,FanDuel,2026-09-26T20:29:53Z,2026-09-26T20:29:53Z,LSU Tigers,-8.5,-105.0,2026,2026-09-26T20:30:10Z,1070,10.748156979498104,10.102319112991166,3.1458378665069375,b4347a6d6451334b228bf748d98cbd30b34b222852b6631cc98ff41b5e407018,timestamped_live_quote,FBS vs FBS
2026-09-26T20:30:10Z,0c71c3230f930f30ac34160b38dbbaf0,2026-09-26T23:30:00Z,LSU Tigers,Texas A&M Aggies,fanduel,FanDuel,2026-09-26T20:29:53Z,2026-09-26T20:29:53Z,Texas A&M Aggies,8.5,-115.0,2026,2026-09-26T20:30:10Z,1070,10.748156979498104,10.102319112991166,3.1458378665069375,b4347a6d6451334b228bf748d98cbd30b34b222852b6631cc98ff41b5e407018,timestamped_live_quote,FBS vs FBS
2026-09-26T20:30:10Z,0c71c3230f930f30ac34160b38dbbaf0,2026-09-26T23:30:00Z,LSU Tigers,Texas A&M Aggies,betmgm,BetMGM,2026-09-26T20:29:04Z,2026-09-26T20:29:04Z,LSU Tigers,-8.0,-110.0,2026,2026-09-26T20:30:10Z,1070,10.748156979498104,10.102319112991166,3.1458378665069375,b4347a6d6451334b228bf748d98cbd30b34b222852b6631cc98ff41b5e407018,timestamped_live_quote,FBS vs FBS
2026-09-26T20:30:10Z,0c71c3230f930f30ac34160b38dbbaf0,2026-09-26T23:30:00Z,LSU Tigers,Texas A&M Aggies,betmgm,BetMGM,2026-09-26T20:29:04Z,2026-09-26T20:29:04Z,Texas A&M Aggies,8.0,-108.0,2026,2026-09-26T20:30:10Z,1070,10.748156979498104,10.102319112991166,3.1458378665069375,b4347a6d6451334b228bf748d98cbd30b34b222852b6631cc98ff41b5e407018,timestamped_live_quote,FBS vs FBS
2026-09-26T20:30:10Z,0c71c3230f930f30ac34160b38dbbaf0,2026-09-26T23:30:00Z,LSU Tigers,Texas A&M Aggies,betrivers,BetRivers,2026-09-26T20:29:35Z,2026-09-26T20:29:35Z,LSU Tigers,-8.0,-113.0,2026,2026-09-26T20:30:10Z,1070,10.748156979498104,10.102319112991166,3.1458378665069375,b4347a6d6451334b228bf748d98cbd30b34b222852b6631cc98ff41b5e407018,timestamped_live_quote,FBS vs FBS
2026-09-26T20:30:10Z,0c71c3230f930f30ac34160b38dbbaf0,2026-09-26T23:30:00Z,LSU Tigers,Texas A&M Aggies,betrivers,BetRivers,2026-09-26T20:29:35Z,2026-09-26T20:29:35Z,Texas A&M Aggies,8.0,-110.0,2026,2026-09-26T20:30:10Z,1070,10.748156979498104,10.102319112991166,3.1458378665069375,b4347a6d6451334b228bf748d98cbd30b34b222852b6631cc98ff41b5e407018,timestamped_live_quote,FBS vs FBS
2026-09-26T20:30:10Z,0c71c3230f930f30ac34160b38dbbaf0,2026-09-26T23:30:00Z,LSU Tigers,Texas A&M Aggies,betonlineag,BetOnline.ag,2026-09-26T20:29:54Z,2026-09-26T20:29:54Z,LSU Tigers,-8.0,-110.0,2026,2026-09-26T20:30:10Z,1070,10.748156979498104,10.102319112991166,3.1458378665069375,b4347a6d6451334b228bf748d98cbd30b34b222852b6631cc98ff41b5e407018,timestamped_live_quote,FBS vs FBS
2026-09-26T20:30:10Z,0c71c3230f930f30ac34160b38dbbaf0,2026-09-26T23:30:00Z,LSU Tigers,Texas A&M Aggies,betonlineag,BetOnline.ag,2026-09-26T20:29:54Z,2026-09-26T20:29:54Z,Texas A&M Aggies,8.0,-110.0,2026,2026-09-26T20:30:10Z,1070,10.748156979498104,10.102319112991166,3.1458378665069375,b4347a6d6451334b228bf748d98cbd30b34b222852b6631cc98ff41b5e407018,timestamped_live_quote,FBS vs FBS
2026-09-26T20:30:10Z,0c71c3230f930f30ac34160b38dbbaf0,2026-09-26T23:30:00Z,LSU Tigers,Texas A&M Aggies,lowvig,LowVig.ag,2026-09-26T20:29:02Z,2026-09-26T20:29:02Z,LSU Tigers,-8.0,-106.0,2026,2026-09-26T20:30:10Z,1070,10.748156979498104,10.102319112991166,3.1458378665069375,b4347a6d6451334b228bf748d98cbd30b34b222852b6631cc98ff41b5e407018,timestamped_live_quote,FBS vs FBS
2026-09-26T20:30:10Z,0c71c3230f930f30ac34160b38dbbaf0,2026-09-26T23:30:00Z,LSU Tigers,Texas A&M Aggies,lowvig,LowVig.ag,2026-09-26T20:29:02Z,2026-09-26T20:29:02Z,Texas A&M Aggies,8.0,-106.0,2026,2026-09-26T20:30:10Z,1070,10.748156979498104,10.102319112991166,3.1458378665069375,b4347a6d6451334b228bf748d98cbd30b34b222852b6631cc98ff41b5e407018,timestamped_live_quote,FBS vs FBS
2026-09-26T20:30:10Z,0c71c3230f930f30ac34160b38dbbaf0,2026-09-26T23:30:00Z,LSU Tigers,Texas A&M Aggies,betus,BetUS,2026-09-26T20:29:02Z,2026-09-26T20:29:02Z,LSU Tigers,-8.0,-110.0,2026,2026-09-26T20:30:10Z,1070,10.748156979498104,10.102319112991166,3.1458378665069375,b4347a6d6451334b228bf748d98cbd30b34b222852b6631cc98ff41b5e407018,timestamped_live_quote,FBS vs FBS
2026-09-26T20:30:10Z,0c71c3230f930f30ac34160b38dbbaf0,2026-09-26T23:30:00Z,LSU Tigers,Texas A&M Aggies,betus,BetUS,2026-09-26T20:29:02Z,2026-09-26T20:29:02Z,Texas A&M Aggies,8.0,-110.0,2026,2026-09-26T20:30:10Z,1070,10.748156979498104,10.102319112991166,3.1458378665069375,b4347a6d6451334b228bf748d98cbd30b34b222852b6631cc98ff41b5e407018,timestamped_live_quote,FBS vs FBS
2026-09-26T20:30:10Z,0c71c3230f930f30ac34160b38dbbaf0,2026-09-26T23:30:00Z,LSU Tigers,Texas A&M Aggies,bovada,Bovada,2026-09-26T20:27:24Z,2026-09-26T20:27:24Z,LSU Tigers,-8.0,-110.0,2026,2026-09-26T20:30:10Z,1070,10.748156979498104,10.102319112991166,3.1458378665069375,b4347a6d6451334b228bf748d98cbd30b34b222852b6631cc98ff41b5e407018,timestamped_live_quote,FBS vs FBS
2026-09-26T20:30:10Z,0c71c3230f930f30ac34160b38dbbaf0,2026-09-26T23:30:00Z,LSU Tigers,Texas A&M Aggies,bovada,Bovada,2026-09-26T20:27:24Z,2026-09-26T20:27:24Z,Texas A&M Aggies,8.0,-110.0,2026,2026-09-26T20:30:10Z,1070,10.748156979498104,10.102319112991166,3.1458378665069375,b4347a6d6451334b228bf748d98cbd30b34b222852b6631cc98ff41b5e407018,timestamped_live_quote,FBS vs FBS
2026-09-26T20:30:10Z,83516ad7ba3e8ef9f90498cfcaf10eb5,2026-09-26T23:30:00Z,USC Trojans,Oregon Ducks,draftkings,DraftKings,2026-09-26T20:29:19Z,2026-09-26T20:29:19Z,Oregon Ducks,-3.5,-110.0,2026,2026-09-26T20:30:10Z,1070,10.605075235293413,11.304119014194267,1.8009562210991454,b4347a6d6451334b228bf748d98cbd30b34b222852b6631cc98ff41b5e407018,timestamped_live_quote,FBS vs FBS
2026-09-26T20:30:10Z,83516ad7ba3e8ef9f90498cfcaf10eb5,2026-09-26T23:30:00Z,USC Trojans,Oregon Ducks,draftkings,DraftKings,2026-09-26T20:29:19Z,2026-09-26T20:29:19Z,USC Trojans,3.5,-110.0,2026,2026-09-26T20:30:10Z,1070,10.605075235293413,11.304119014194267,1.8009562210991454,b4347a6d6451334b228bf748d98cbd30b34b222852b6631cc98ff41b5e407018,timestamped_live_quote,FBS vs FBS
2026-09-26T20:30:10Z,83516ad7ba3e8ef9f90498cfcaf10eb5,2026-09-26T23:30:00Z,USC Trojans,Oregon Ducks,mybookieag,MyBookie.ag,2026-09-26T20:29:38Z,2026-09-26T20:29:37Z,Oregon Ducks,-3.5,-110.0,2026,2026-09-26T20:30:10Z,1070,10.605075235293413,11.304119014194267,1.8009562210991454,b4347a6d6451334b228bf748d98cbd30b34b222852b6631cc98ff41b5e407018,timestamped_live_quote,FBS vs FBS
2026-09-26T20:30:10Z,83516ad7ba3e8ef9f90498cfcaf10eb5,2026-09-26T23:30:00Z,USC Trojans,Oregon Ducks,mybookieag,MyBookie.ag,2026-09-26T20:29:38Z,2026-09-26T20:29:37Z,USC Trojans,3.5,-110.0,2026,2026-09-26T20:30:10Z,1070,10.605075235293413,11.304119014194267,1.8009562210991454,b4347a6d6451334b228bf748d98cbd30b34b222852b6631cc98ff41b5e407018,timestamped_live_quote,FBS vs FBS
2026-09-26T20:30:10Z,83516ad7ba3e8ef9f90498cfcaf10eb5,2026-09-26T23:30:00Z,USC Trojans,Oregon Ducks,fanduel,FanDuel,2026-09-26T20:29:53Z,2026-09-26T20:29:53Z,Oregon Ducks,-3.5,-106.0,2026,2026-09-26T20:30:10Z,1070,10.605075235293413,11.304119014194267,1.8009562210991454,b4347a6d6451334b228bf748d98cbd30b34b222852b6631cc98ff41b5e407018,timestamped_live_quote,FBS vs FBS
2026-09-26T20:30:10Z,83516ad7ba3e8ef9f90498cfcaf10eb5,2026-09-26T23:30:00Z,USC Trojans,Oregon Ducks,fanduel,FanDuel,2026-09-26T20:29:53Z,2026-09-26T20:29:53Z,USC Trojans,3.5,-114.0,2026,2026-09-26T20:30:10Z,1070,10.605075235293413,11.304119014194267,1.8009562210991454,b4347a6d6451334b228bf748d98cbd30b34b222852b6631cc98ff41b5e407018,timestamped_live_quote,FBS vs FBS
2026-09-26T20:30:10Z,83516ad7ba3e8ef9f90498cfcaf10eb5,2026-09-26T23:30:00Z,USC Trojans,Oregon Ducks,betrivers,BetRivers,2026-09-26T20:29:35Z,2026-09-26T20:29:35Z,Oregon Ducks,-3.5,-112.0,2026,2026-09-26T20:30:10Z,1070,10.605075235293413,11.304119014194267,1.8009562210991454,b4347a6d6451334b228bf748d98cbd30b34b222852b6631cc98ff41b5e407018,timestamped_live_quote,FBS vs FBS
2026-09-26T20:30:10Z,83516ad7ba3e8ef9f90498cfcaf10eb5,2026-09-26T23:30:00Z,USC Trojans,Oregon Ducks,betrivers,BetRivers,2026-09-26T20:29:35Z,2026-09-26T20:29:35Z,USC Trojans,3.5,-112.0,2026,2026-09-26T20:30:10Z,1070,10.605075235293413,11.304119014194267,1.8009562210991454,b4347a6d6451334b228bf748d98cbd30b34b222852b6631cc98ff41b5e407018,timestamped_live_quote,FBS vs FBS
2026-09-26T20:30:10Z,83516ad7ba3e8ef9f90498cfcaf10eb5,2026-09-26T23:30:00Z,USC Trojans,Oregon Ducks,betmgm,BetMGM,2026-09-26T20:29:04Z,2026-09-26T20:29:04Z,Oregon Ducks,-3.5,-108.0,2026,2026-09-26T20:30:10Z,1070,10.605075235293413,11.304119014194267,1.8009562210991454,b4347a6d6451334b228bf748d98cbd30b34b222852b6631cc98ff41b5e407018,timestamped_live_quote,FBS vs FBS
2026-09-26T20:30:10Z,83516ad7ba3e8ef9f90498cfcaf10eb5,2026-09-26T23:30:00Z,USC Trojans,Oregon Ducks,betmgm,BetMGM,2026-09-26T20:29:04Z,2026-09-26T20:29:04Z,USC Trojans,3.5,-110.0,2026,2026-09-26T20:30:10Z,1070,10.605075235293413,11.304119014194267,1.8009562210991454,b4347a6d6451334b228bf748d98cbd30b34b222852b6631cc98ff41b5e407018,timestamped_live_quote,FBS vs FBS
2026-09-26T20:30:10Z,83516ad7ba3e8ef9f90498cfcaf10eb5,2026-09-26T23:30:00Z,USC Trojans,Oregon Ducks,lowvig,LowVig.ag,2026-09-26T20:29:02Z,2026-09-26T20:29:02Z,Oregon Ducks,-3.5,-108.0,2026,2026-09-26T20:30:10Z,1070,10.605075235293413,11.304119014194267,1.8009562210991454,b4347a6d6451334b228bf748d98cbd30b34b222852b6631cc98ff41b5e407018,timestamped_live_quote,FBS vs FBS
2026-09-26T20:30:10Z,83516ad7ba3e8ef9f90498cfcaf10eb5,2026-09-26T23:30:00Z,USC Trojans,Oregon Ducks,lowvig,LowVig.ag,2026-09-26T20:29:02Z,2026-09-26T20:29:02Z,USC Trojans,3.5,-104.0,2026,2026-09-26T20:30:10Z,1070,10.605075235293413,11.304119014194267,1.8009562210991454,b4347a6d6451334b228bf748d98cbd30b34b222852b6631cc98ff41b5e407018,timestamped_live_quote,FBS vs FBS
2026-09-26T20:30:10Z,83516ad7ba3e8ef9f90498cfcaf10eb5,2026-09-26T23:30:00Z,USC Trojans,Oregon Ducks,betonlineag,BetOnline.ag,2026-09-26T20:29:54Z,2026-09-26T20:29:54Z,Oregon Ducks,-3.5,-112.0,2026,2026-09-26T20:30:10Z,1070,10.605075235293413,11.304119014194267,1.8009562210991454,b4347a6d6451334b228bf748d98cbd30b34b222852b6631cc98ff41b5e407018,timestamped_live_quote,FBS vs FBS
2026-09-26T20:30:10Z,83516ad7ba3e8ef9f90498cfcaf10eb5,2026-09-26T23:30:00Z,USC Trojans,Oregon Ducks,betonlineag,BetOnline.ag,2026-09-26T20:29:54Z,2026-09-26T20:29:54Z,USC Trojans,3.5,-108.0,2026,2026-09-26T20:30:10Z,1070,10.605075235293413,11.304119014194267,1.8009562210991454,b4347a6d6451334b228bf748d98cbd30b34b222852b6631cc98ff41b5e407018,timestamped_live_quote,FBS vs FBS
2026-09-26T20:30:10Z,83516ad7ba3e8ef9f90498cfcaf10eb5,2026-09-26T23:30:00Z,USC Trojans,Oregon Ducks,betus,BetUS,2026-09-26T20:29:02Z,2026-09-26T20:29:02Z,Oregon Ducks,-3.5,-110.0,2026,2026-09-26T20:30:10Z,1070,10.605075235293413,11.304119014194267,1.8009562210991454,b4347a6d6451334b228bf748d98cbd30b34b222852b6631cc98ff41b5e407018,timestamped_live_quote,FBS vs FBS
2026-09-26T20:30:10Z,83516ad7ba3e8ef9f90498cfcaf10eb5,2026-09-26T23:30:00Z,USC Trojans,Oregon Ducks,betus,BetUS,2026-09-26T20:29:02Z,2026-09-26T20:29:02Z,USC Trojans,3.5,-110.0,2026,2026-09-26T20:30:10Z,1070,10.605075235293413,11.304119014194267,1.8009562210991454,b4347a6d6451334b228bf748d98cbd30b34b222852b6631cc98ff41b5e407018,timestamped_live_quote,FBS vs FBS
2026-09-26T20:30:10Z,83516ad7ba3e8ef9f90498cfcaf10eb5,2026-09-26T23:30:00Z,USC Trojans,Oregon Ducks,bovada,Bovada,2026-09-26T20:27:24Z,2026-09-26T20:27:24Z,Oregon Ducks,-3.5,-110.0,2026,2026-09-26T20:30:10Z,1070,10.605075235293413,11.304119014194267,1.8009562210991454,b4347a6d6451334b228bf748d98cbd30b34b222852b6631cc98ff41b5e407018,timestamped_live_quote,FBS vs FBS
2026-09-26T20:30:10Z,83516ad7ba3e8ef9f90498cfcaf10eb5,2026-09-26T23:30:00Z,USC Trojans,Oregon Ducks,bovada,Bovada,2026-09-26T20:27:24Z,2026-09-26T20:27:24Z,USC Trojans,3.5,-110.0,2026,2026-09-26T20:30:10Z,1070,10.605075235293413,11.304119014194267,1.8009562210991454,b4347a6d6451334b228bf748d98cbd30b34b222852b6631cc98ff41b5e407018,timestamped_live_quote,FBS vs FBS
2026-09-26T20:30:10Z,dbc89703b51acf3b8818134a1a2a0dc2,2026-09-26T23:30:00Z,Utah State Aggies,Troy Trojans,fanduel,FanDuel,2026-09-26T20:29:53Z,2026-09-26T20:29:53Z,Troy Trojans,2.5,100.0,2026,2026-09-26T20:30:10Z,1070,-2.520390953610469,3.7338241856008216,-3.754215139211291,b4347a6d6451334b228bf748d98cbd30b34b222852b6631cc98ff41b5e407018,timestamped_live_quote,FBS vs FBS
2026-09-26T20:30:10Z,dbc89703b51acf3b8818134a1a2a0dc2,2026-09-26T23:30:00Z,Utah State Aggies,Troy Trojans,fanduel,FanDuel,2026-09-26T20:29:53Z,2026-09-26T20:29:53Z,Utah State Aggies,-2.5,-122.0,2026,2026-09-26T20:30:10Z,1070,-2.520390953610469,3.7338241856008216,-3.754215139211291,b4347a6d6451334b228bf748d98cbd30b34b222852b6631cc98ff41b5e407018,timestamped_live_quote,FBS vs FBS
2026-09-26T20:30:10Z,dbc89703b51acf3b8818134a1a2a0dc2,2026-09-26T23:30:00Z,Utah State Aggies,Troy Trojans,mybookieag,MyBookie.ag,2026-09-26T20:29:38Z,2026-09-26T20:29:37Z,Troy Trojans,3.0,-110.0,2026,2026-09-26T20:30:10Z,1070,-2.520390953610469,3.7338241856008216,-3.754215139211291,b4347a6d6451334b228bf748d98cbd30b34b222852b6631cc98ff41b5e407018,timestamped_live_quote,FBS vs FBS
2026-09-26T20:30:10Z,dbc89703b51acf3b8818134a1a2a0dc2,2026-09-26T23:30:00Z,Utah State Aggies,Troy Trojans,mybookieag,MyBookie.ag,2026-09-26T20:29:38Z,2026-09-26T20:29:37Z,Utah State Aggies,-3.0,-110.0,2026,2026-09-26T20:30:10Z,1070,-2.520390953610469,3.7338241856008216,-3.754215139211291,b4347a6d6451334b228bf748d98cbd30b34b222852b6631cc98ff41b5e407018,timestamped_live_quote,FBS vs FBS
2026-09-26T20:30:10Z,dbc89703b51acf3b8818134a1a2a0dc2,2026-09-26T23:30:00Z,Utah State Aggies,Troy Trojans,betrivers,BetRivers,2026-09-26T20:29:35Z,2026-09-26T20:29:35Z,Troy Trojans,2.5,-110.0,2026,2026-09-26T20:30:10Z,1070,-2.520390953610469,3.7338241856008216,-3.754215139211291,b4347a6d6451334b228bf748d98cbd30b34b222852b6631cc98ff41b5e407018,timestamped_live_quote,FBS vs FBS
2026-09-26T20:30:10Z,dbc89703b51acf3b8818134a1a2a0dc2,2026-09-26T23:30:00Z,Utah State Aggies,Troy Trojans,betrivers,BetRivers,2026-09-26T20:29:35Z,2026-09-26T20:29:35Z,Utah State Aggies,-2.5,-112.0,2026,2026-09-26T20:30:10Z,1070,-2.520390953610469,3.7338241856008216,-3.754215139211291,b4347a6d6451334b228bf748d98cbd30b34b222852b6631cc98ff41b5e407018,timestamped_live_quote,FBS vs FBS
2026-09-26T20:30:10Z,dbc89703b51acf3b8818134a1a2a0dc2,2026-09-26T23:30:00Z,Utah State Aggies,Troy Trojans,draftkings,DraftKings,2026-09-26T20:29:19Z,2026-09-26T20:29:19Z,Troy Trojans,3.0,-112.0,2026,2026-09-26T20:30:10Z,1070,-2.520390953610469,3.7338241856008216,-3.754215139211291,b4347a6d6451334b228bf748d98cbd30b34b222852b6631cc98ff41b5e407018,timestamped_live_quote,FBS vs FBS
2026-09-26T20:30:10Z,dbc89703b51acf3b8818134a1a2a0dc2,2026-09-26T23:30:00Z,Utah State Aggies,Troy Trojans,draftkings,DraftKings,2026-09-26T20:29:19Z,2026-09-26T20:29:19Z,Utah State Aggies,-3.0,-108.0,2026,2026-09-26T20:30:10Z,1070,-2.520390953610469,3.7338241856008216,-3.754215139211291,b4347a6d6451334b228bf748d98cbd30b34b222852b6631cc98ff41b5e407018,timestamped_live_quote,FBS vs FBS
2026-09-26T20:30:10Z,dbc89703b51acf3b8818134a1a2a0dc2,2026-09-26T23:30:00Z,Utah State Aggies,Troy Trojans,lowvig,LowVig.ag,2026-09-26T20:29:02Z,2026-09-26T20:29:02Z,Troy Trojans,3.0,-110.0,2026,2026-09-26T20:30:10Z,1070,-2.520390953610469,3.7338241856008216,-3.754215139211291,b4347a6d6451334b228bf748d98cbd30b34b222852b6631cc98ff41b5e407018,timestamped_live_quote,FBS vs FBS
2026-09-26T20:30:10Z,dbc89703b51acf3b8818134a1a2a0dc2,2026-09-26T23:30:00Z,Utah State Aggies,Troy Trojans,lowvig,LowVig.ag,2026-09-26T20:29:02Z,2026-09-26T20:29:02Z,Utah State Aggies,-3.0,-102.0,2026,2026-09-26T20:30:10Z,1070,-2.520390953610469,3.7338241856008216,-3.754215139211291,b4347a6d6451334b228bf748d98cbd30b34b222852b6631cc98ff41b5e407018,timestamped_live_quote,FBS vs FBS
2026-09-26T20:30:10Z,dbc89703b51acf3b8818134a1a2a0dc2,2026-09-26T23:30:00Z,Utah State Aggies,Troy Trojans,betonlineag,BetOnline.ag,2026-09-26T20:29:54Z,2026-09-26T20:29:54Z,Troy Trojans,3.0,-114.0,2026,2026-09-26T20:30:10Z,1070,-2.520390953610469,3.7338241856008216,-3.754215139211291,b4347a6d6451334b228bf748d98cbd30b34b222852b6631cc98ff41b5e407018,timestamped_live_quote,FBS vs FBS
2026-09-26T20:30:10Z,dbc89703b51acf3b8818134a1a2a0dc2,2026-09-26T23:30:00Z,Utah State Aggies,Troy Trojans,betonlineag,BetOnline.ag,2026-09-26T20:29:54Z,2026-09-26T20:29:54Z,Utah State Aggies,-3.0,-106.0,2026,2026-09-26T20:30:10Z,1070,-2.520390953610469,3.7338241856008216,-3.754215139211291,b4347a6d6451334b228bf748d98cbd30b34b222852b6631cc98ff41b5e407018,timestamped_live_quote,FBS vs FBS
2026-09-26T20:30:10Z,dbc89703b51acf3b8818134a1a2a0dc2,2026-09-26T23:30:00Z,Utah State Aggies,Troy Trojans,betus,BetUS,2026-09-26T20:29:02Z,2026-09-26T20:29:02Z,Troy Trojans,3.0,-115.0,2026,2026-09-26T20:30:10Z,1070,-2.520390953610469,3.7338241856008216,-3.754215139211291,b4347a6d6451334b228bf748d98cbd30b34b222852b6631cc98ff41b5e407018,timestamped_live_quote,FBS vs FBS
2026-09-26T20:30:10Z,dbc89703b51acf3b8818134a1a2a0dc2,2026-09-26T23:30:00Z,Utah State Aggies,Troy Trojans,betus,BetUS,2026-09-26T20:29:02Z,2026-09-26T20:29:02Z,Utah State Aggies,-3.0,-105.0,2026,2026-09-26T20:30:10Z,1070,-2.520390953610469,3.7338241856008216,-3.754215139211291,b4347a6d6451334b228bf748d98cbd30b34b222852b6631cc98ff41b5e407018,timestamped_live_quote,FBS vs FBS
2026-09-26T20:30:10Z,dbc89703b51acf3b8818134a1a2a0dc2,2026-09-26T23:30:00Z,Utah State Aggies,Troy Trojans,betmgm,BetMGM,2026-09-26T20:29:04Z,2026-09-26T20:29:04Z,Troy Trojans,3.0,-110.0,2026,2026-09-26T20:30:10Z,1070,-2.520390953610469,3.7338241856008216,-3.754215139211291,b4347a6d6451334b228bf748d98cbd30b34b222852b6631cc98ff41b5e407018,timestamped_live_quote,FBS vs FBS
2026-09-26T20:30:10Z,dbc89703b51acf3b8818134a1a2a0dc2,2026-09-26T23:30:00Z,Utah State Aggies,Troy Trojans,betmgm,BetMGM,2026-09-26T20:29:04Z,2026-09-26T20:29:04Z,Utah State Aggies,-3.0,-108.0,2026,2026-09-26T20:30:10Z,1070,-2.520390953610469,3.7338241856008216,-3.754215139211291,b4347a6d6451334b228bf748d98cbd30b34b222852b6631cc98ff41b5e407018,timestamped_live_quote,FBS vs FBS
2026-09-26T20:30:10Z,dbc89703b51acf3b8818134a1a2a0dc2,2026-09-26T23:30:00Z,Utah State Aggies,Troy Trojans,bovada,Bovada,2026-09-26T20:27:24Z,2026-09-26T20:27:24Z,Troy Trojans,3.0,-110.0,2026,2026-09-26T20:30:10Z,1070,-2.520390953610469,3.7338241856008216,-3.754215139211291,b4347a6d6451334b228bf748d98cbd30b34b222852b6631cc98ff41b5e407018,timestamped_live_quote,FBS vs FBS
2026-09-26T20:30:10Z,dbc89703b51acf3b8818134a1a2a0dc2,2026-09-26T23:30:00Z,Utah State Aggies,Troy Trojans,bovada,Bovada,2026-09-26T20:27:24Z,2026-09-26T20:27:24Z,Utah State Aggies,-3.0,-110.0,2026,2026-09-26T20:30:10Z,1070,-2.520390953610469,3.7338241856008216,-3.754215139211291,b4347a6d6451334b228bf748d98cbd30b34b222852b6631cc98ff41b5e407018,timestamped_live_quote,FBS vs FBS
2026-09-26T20:30:10Z,f154381c89953d3b0bd409a6bc4e28a6,2026-09-26T23:45:00Z,Mississippi State Bulldogs,Missouri Tigers,draftkings,DraftKings,2026-09-26T20:29:19Z,2026-09-26T20:29:19Z,Mississippi State Bulldogs,-4.5,-115.0,2026,2026-09-26T20:30:10Z,1070,13.652116851985856,9.821229023983,6.330887828002856,b4347a6d6451334b228bf748d98cbd30b34b222852b6631cc98ff41b5e407018,timestamped_live_quote,FBS vs FBS
2026-09-26T20:30:10Z,f154381c89953d3b0bd409a6bc4e28a6,2026-09-26T23:45:00Z,Mississippi State Bulldogs,Missouri Tigers,draftkings,DraftKings,2026-09-26T20:29:19Z,2026-09-26T20:29:19Z,Missouri Tigers,4.5,-105.0,2026,2026-09-26T20:30:10Z,1070,13.652116851985856,9.821229023983,6.330887828002856,b4347a6d6451334b228bf748d98cbd30b34b222852b6631cc98ff41b5e407018,timestamped_live_quote,FBS vs FBS
2026-09-26T20:30:10Z,f154381c89953d3b0bd409a6bc4e28a6,2026-09-26T23:45:00Z,Mississippi State Bulldogs,Missouri Tigers,fanduel,FanDuel,2026-09-26T20:29:53Z,2026-09-26T20:29:53Z,Mississippi State Bulldogs,-4.5,-110.0,2026,2026-09-26T20:30:10Z,1070,13.652116851985856,9.821229023983,6.330887828002856,b4347a6d6451334b228bf748d98cbd30b34b222852b6631cc98ff41b5e407018,timestamped_live_quote,FBS vs FBS
2026-09-26T20:30:10Z,f154381c89953d3b0bd409a6bc4e28a6,2026-09-26T23:45:00Z,Mississippi State Bulldogs,Missouri Tigers,fanduel,FanDuel,2026-09-26T20:29:53Z,2026-09-26T20:29:53Z,Missouri Tigers,4.5,-110.0,2026,2026-09-26T20:30:10Z,1070,13.652116851985856,9.821229023983,6.330887828002856,b4347a6d6451334b228bf748d98cbd30b34b222852b6631cc98ff41b5e407018,timestamped_live_quote,FBS vs FBS
2026-09-26T20:30:10Z,f154381c89953d3b0bd409a6bc4e28a6,2026-09-26T23:45:00Z,Mississippi State Bulldogs,Missouri Tigers,mybookieag,MyBookie.ag,2026-09-26T20:29:38Z,2026-09-26T20:29:37Z,Mississippi State Bulldogs,-5.0,-110.0,2026,2026-09-26T20:30:10Z,1070,13.652116851985856,9.821229023983,6.330887828002856,b4347a6d6451334b228bf748d98cbd30b34b222852b6631cc98ff41b5e407018,timestamped_live_quote,FBS vs FBS
2026-09-26T20:30:10Z,f154381c89953d3b0bd409a6bc4e28a6,2026-09-26T23:45:00Z,Mississippi State Bulldogs,Missouri Tigers,mybookieag,MyBookie.ag,2026-09-26T20:29:38Z,2026-09-26T20:29:37Z,Missouri Tigers,5.0,-110.0,2026,2026-09-26T20:30:10Z,1070,13.652116851985856,9.821229023983,6.330887828002856,b4347a6d6451334b228bf748d98cbd30b34b222852b6631cc98ff41b5e407018,timestamped_live_quote,FBS vs FBS
2026-09-26T20:30:10Z,f154381c89953d3b0bd409a6bc4e28a6,2026-09-26T23:45:00Z,Mississippi State Bulldogs,Missouri Tigers,betrivers,BetRivers,2026-09-26T20:29:35Z,2026-09-26T20:29:35Z,Mississippi State Bulldogs,-4.5,-114.0,2026,2026-09-26T20:30:10Z,1070,13.652116851985856,9.821229023983,6.330887828002856,b4347a6d6451334b228bf748d98cbd30b34b222852b6631cc98ff41b5e407018,timestamped_live_quote,FBS vs FBS
2026-09-26T20:30:10Z,f154381c89953d3b0bd409a6bc4e28a6,2026-09-26T23:45:00Z,Mississippi State Bulldogs,Missouri Tigers,betrivers,BetRivers,2026-09-26T20:29:35Z,2026-09-26T20:29:35Z,Missouri Tigers,4.5,-109.0,2026,2026-09-26T20:30:10Z,1070,13.652116851985856,9.821229023983,6.330887828002856,b4347a6d6451334b228bf748d98cbd30b34b222852b6631cc98ff41b5e407018,timestamped_live_quote,FBS vs FBS
2026-09-26T20:30:10Z,f154381c89953d3b0bd409a6bc4e28a6,2026-09-26T23:45:00Z,Mississippi State Bulldogs,Missouri Tigers,lowvig,LowVig.ag,2026-09-26T20:29:02Z,2026-09-26T20:29:02Z,Mississippi State Bulldogs,-5.5,-106.0,2026,2026-09-26T20:30:10Z,1070,13.652116851985856,9.821229023983,6.330887828002856,b4347a6d6451334b228bf748d98cbd30b34b222852b6631cc98ff41b5e407018,timestamped_live_quote,FBS vs FBS
2026-09-26T20:30:10Z,f154381c89953d3b0bd409a6bc4e28a6,2026-09-26T23:45:00Z,Mississippi State Bulldogs,Missouri Tigers,lowvig,LowVig.ag,2026-09-26T20:29:02Z,2026-09-26T20:29:02Z,Missouri Tigers,5.5,-106.0,2026,2026-09-26T20:30:10Z,1070,13.652116851985856,9.821229023983,6.330887828002856,b4347a6d6451334b228bf748d98cbd30b34b222852b6631cc98ff41b5e407018,timestamped_live_quote,FBS vs FBS
2026-09-26T20:30:10Z,f154381c89953d3b0bd409a6bc4e28a6,2026-09-26T23:45:00Z,Mississippi State Bulldogs,Missouri Tigers,betonlineag,BetOnline.ag,2026-09-26T20:29:54Z,2026-09-26T20:29:54Z,Mississippi State Bulldogs,-5.5,-105.0,2026,2026-09-26T20:30:10Z,1070,13.652116851985856,9.821229023983,6.330887828002856,b4347a6d6451334b228bf748d98cbd30b34b222852b6631cc98ff41b5e407018,timestamped_live_quote,FBS vs FBS
2026-09-26T20:30:10Z,f154381c89953d3b0bd409a6bc4e28a6,2026-09-26T23:45:00Z,Mississippi State Bulldogs,Missouri Tigers,betonlineag,BetOnline.ag,2026-09-26T20:29:54Z,2026-09-26T20:29:54Z,Missouri Tigers,5.5,-115.0,2026,2026-09-26T20:30:10Z,1070,13.652116851985856,9.821229023983,6.330887828002856,b4347a6d6451334b228bf748d98cbd30b34b222852b6631cc98ff41b5e407018,timestamped_live_quote,FBS vs FBS
2026-09-26T20:30:10Z,f154381c89953d3b0bd409a6bc4e28a6,2026-09-26T23:45:00Z,Mississippi State Bulldogs,Missouri Tigers,betmgm,BetMGM,2026-09-26T20:29:04Z,2026-09-26T20:29:04Z,Mississippi State Bulldogs,-4.5,-110.0,2026,2026-09-26T20:30:10Z,1070,13.652116851985856,9.821229023983,6.330887828002856,b4347a6d6451334b228bf748d98cbd30b34b222852b6631cc98ff41b5e407018,timestamped_live_quote,FBS vs FBS
2026-09-26T20:30:10Z,f154381c89953d3b0bd409a6bc4e28a6,2026-09-26T23:45:00Z,Mississippi State Bulldogs,Missouri Tigers,betmgm,BetMGM,2026-09-26T20:29:04Z,2026-09-26T20:29:04Z,Missouri Tigers,4.5,-108.0,2026,2026-09-26T20:30:10Z,1070,13.652116851985856,9.821229023983,6.330887828002856,b4347a6d6451334b228bf748d98cbd30b34b222852b6631cc98ff41b5e407018,timestamped_live_quote,FBS vs FBS
2026-09-26T20:30:10Z,f154381c89953d3b0bd409a6bc4e28a6,2026-09-26T23:45:00Z,Mississippi State Bulldogs,Missouri Tigers,betus,BetUS,2026-09-26T20:29:02Z,2026-09-26T20:29:02Z,Mississippi State Bulldogs,-4.5,-110.0,2026,2026-09-26T20:30:10Z,1070,13.652116851985856,9.821229023983,6.330887828002856,b4347a6d6451334b228bf748d98cbd30b34b222852b6631cc98ff41b5e407018,timestamped_live_quote,FBS vs FBS
2026-09-26T20:30:10Z,f154381c89953d3b0bd409a6bc4e28a6,2026-09-26T23:45:00Z,Mississippi State Bulldogs,Missouri Tigers,betus,BetUS,2026-09-26T20:29:02Z,2026-09-26T20:29:02Z,Missouri Tigers,4.5,-110.0,2026,2026-09-26T20:30:10Z,1070,13.652116851985856,9.821229023983,6.330887828002856,b4347a6d6451334b228bf748d98cbd30b34b222852b6631cc98ff41b5e407018,timestamped_live_quote,FBS vs FBS
2026-09-26T20:30:10Z,f154381c89953d3b0bd409a6bc4e28a6,2026-09-26T23:45:00Z,Mississippi State Bulldogs,Missouri Tigers,bovada,Bovada,2026-09-26T20:27:24Z,2026-09-26T20:27:24Z,Mississippi State Bulldogs,-5.0,-110.0,2026,2026-09-26T20:30:10Z,1070,13.652116851985856,9.821229023983,6.330887828002856,b4347a6d6451334b228bf748d98cbd30b34b222852b6631cc98ff41b5e407018,timestamped_live_quote,FBS vs FBS
2026-09-26T20:30:10Z,f154381c89953d3b0bd409a6bc4e28a6,2026-09-26T23:45:00Z,Mississippi State Bulldogs,Missouri Tigers,bovada,Bovada,2026-09-26T20:27:24Z,2026-09-26T20:27:24Z,Missouri Tigers,5.0,-110.0,2026,2026-09-26T20:30:10Z,1070,13.652116851985856,9.821229023983,6.330887828002856,b4347a6d6451334b228bf748d98cbd30b34b222852b6631cc98ff41b5e407018,timestamped_live_quote,FBS vs FBS
2026-09-26T20:30:10Z,891673ae39457f51a701ca482c2f7280,2026-09-27T00:00:00Z,Arkansas Razorbacks,Tulsa Golden Hurricane,fanduel,FanDuel,2026-09-26T20:29:53Z,2026-09-26T20:29:53Z,Arkansas Razorbacks,-7.5,100.0,2026,2026-09-26T20:30:10Z,1070,-2.4104664990116618,9.802408639225487,-9.712875138237148,b4347a6d6451334b228bf748d98cbd30b34b222852b6631cc98ff41b5e407018,timestamped_live_quote,FBS vs FBS
2026-09-26T20:30:10Z,891673ae39457f51a701ca482c2f7280,2026-09-27T00:00:00Z,Arkansas Razorbacks,Tulsa Golden Hurricane,fanduel,FanDuel,2026-09-26T20:29:53Z,2026-09-26T20:29:53Z,Tulsa Golden Hurricane,7.5,-122.0,2026,2026-09-26T20:30:10Z,1070,-2.4104664990116618,9.802408639225487,-9.712875138237148,b4347a6d6451334b228bf748d98cbd30b34b222852b6631cc98ff41b5e407018,timestamped_live_quote,FBS vs FBS
2026-09-26T20:30:10Z,891673ae39457f51a701ca482c2f7280,2026-09-27T00:00:00Z,Arkansas Razorbacks,Tulsa Golden Hurricane,mybookieag,MyBookie.ag,2026-09-26T20:29:38Z,2026-09-26T20:29:37Z,Arkansas Razorbacks,-7.0,-110.0,2026,2026-09-26T20:30:10Z,1070,-2.4104664990116618,9.802408639225487,-9.712875138237148,b4347a6d6451334b228bf748d98cbd30b34b222852b6631cc98ff41b5e407018,timestamped_live_quote,FBS vs FBS
2026-09-26T20:30:10Z,891673ae39457f51a701ca482c2f7280,2026-09-27T00:00:00Z,Arkansas Razorbacks,Tulsa Golden Hurricane,mybookieag,MyBookie.ag,2026-09-26T20:29:38Z,2026-09-26T20:29:37Z,Tulsa Golden Hurricane,7.0,-110.0,2026,2026-09-26T20:30:10Z,1070,-2.4104664990116618,9.802408639225487,-9.712875138237148,b4347a6d6451334b228bf748d98cbd30b34b222852b6631cc98ff41b5e407018,timestamped_live_quote,FBS vs FBS
2026-09-26T20:30:10Z,891673ae39457f51a701ca482c2f7280,2026-09-27T00:00:00Z,Arkansas Razorbacks,Tulsa Golden Hurricane,betrivers,BetRivers,2026-09-26T20:29:35Z,2026-09-26T20:29:35Z,Arkansas Razorbacks,-7.0,-112.0,2026,2026-09-26T20:30:10Z,1070,-2.4104664990116618,9.802408639225487,-9.712875138237148,b4347a6d6451334b228bf748d98cbd30b34b222852b6631cc98ff41b5e407018,timestamped_live_quote,FBS vs FBS
2026-09-26T20:30:10Z,891673ae39457f51a701ca482c2f7280,2026-09-27T00:00:00Z,Arkansas Razorbacks,Tulsa Golden Hurricane,betrivers,BetRivers,2026-09-26T20:29:35Z,2026-09-26T20:29:35Z,Tulsa Golden Hurricane,7.0,-112.0,2026,2026-09-26T20:30:10Z,1070,-2.4104664990116618,9.802408639225487,-9.712875138237148,b4347a6d6451334b228bf748d98cbd30b34b222852b6631cc98ff41b5e407018,timestamped_live_quote,FBS vs FBS
2026-09-26T20:30:10Z,891673ae39457f51a701ca482c2f7280,2026-09-27T00:00:00Z,Arkansas Razorbacks,Tulsa Golden Hurricane,draftkings,DraftKings,2026-09-26T20:29:19Z,2026-09-26T20:29:19Z,Arkansas Razorbacks,-7.0,-110.0,2026,2026-09-26T20:30:10Z,1070,-2.4104664990116618,9.802408639225487,-9.712875138237148,b4347a6d6451334b228bf748d98cbd30b34b222852b6631cc98ff41b5e407018,timestamped_live_quote,FBS vs FBS
2026-09-26T20:30:10Z,891673ae39457f51a701ca482c2f7280,2026-09-27T00:00:00Z,Arkansas Razorbacks,Tulsa Golden Hurricane,draftkings,DraftKings,2026-09-26T20:29:19Z,2026-09-26T20:29:19Z,Tulsa Golden Hurricane,7.0,-110.0,2026,2026-09-26T20:30:10Z,1070,-2.4104664990116618,9.802408639225487,-9.712875138237148,b4347a6d6451334b228bf748d98cbd30b34b222852b6631cc98ff41b5e407018,timestamped_live_quote,FBS vs FBS
2026-09-26T20:30:10Z,891673ae39457f51a701ca482c2f7280,2026-09-27T00:00:00Z,Arkansas Razorbacks,Tulsa Golden Hurricane,betonlineag,BetOnline.ag,2026-09-26T20:29:54Z,2026-09-26T20:29:54Z,Arkansas Razorbacks,-7.0,-112.0,2026,2026-09-26T20:30:10Z,1070,-2.4104664990116618,9.802408639225487,-9.712875138237148,b4347a6d6451334b228bf748d98cbd30b34b222852b6631cc98ff41b5e407018,timestamped_live_quote,FBS vs FBS
2026-09-26T20:30:10Z,891673ae39457f51a701ca482c2f7280,2026-09-27T00:00:00Z,Arkansas Razorbacks,Tulsa Golden Hurricane,betonlineag,BetOnline.ag,2026-09-26T20:29:54Z,2026-09-26T20:29:54Z,Tulsa Golden Hurricane,7.0,-108.0,2026,2026-09-26T20:30:10Z,1070,-2.4104664990116618,9.802408639225487,-9.712875138237148,b4347a6d6451334b228bf748d98cbd30b34b222852b6631cc98ff41b5e407018,timestamped_live_quote,FBS vs FBS
2026-09-26T20:30:10Z,891673ae39457f51a701ca482c2f7280,2026-09-27T00:00:00Z,Arkansas Razorbacks,Tulsa Golden Hurricane,lowvig,LowVig.ag,2026-09-26T20:29:02Z,2026-09-26T20:29:02Z,Arkansas Razorbacks,-7.0,-108.0,2026,2026-09-26T20:30:10Z,1070,-2.4104664990116618,9.802408639225487,-9.712875138237148,b4347a6d6451334b228bf748d98cbd30b34b222852b6631cc98ff41b5e407018,timestamped_live_quote,FBS vs FBS
2026-09-26T20:30:10Z,891673ae39457f51a701ca482c2f7280,2026-09-27T00:00:00Z,Arkansas Razorbacks,Tulsa Golden Hurricane,lowvig,LowVig.ag,2026-09-26T20:29:02Z,2026-09-26T20:29:02Z,Tulsa Golden Hurricane,7.0,-104.0,2026,2026-09-26T20:30:10Z,1070,-2.4104664990116618,9.802408639225487,-9.712875138237148,b4347a6d6451334b228bf748d98cbd30b34b222852b6631cc98ff41b5e407018,timestamped_live_quote,FBS vs FBS
2026-09-26T20:30:10Z,891673ae39457f51a701ca482c2f7280,2026-09-27T00:00:00Z,Arkansas Razorbacks,Tulsa Golden Hurricane,betus,BetUS,2026-09-26T20:29:02Z,2026-09-26T20:29:02Z,Arkansas Razorbacks,-7.0,-105.0,2026,2026-09-26T20:30:10Z,1070,-2.4104664990116618,9.802408639225487,-9.712875138237148,b4347a6d6451334b228bf748d98cbd30b34b222852b6631cc98ff41b5e407018,timestamped_live_quote,FBS vs FBS
2026-09-26T20:30:10Z,891673ae39457f51a701ca482c2f7280,2026-09-27T00:00:00Z,Arkansas Razorbacks,Tulsa Golden Hurricane,betus,BetUS,2026-09-26T20:29:02Z,2026-09-26T20:29:02Z,Tulsa Golden Hurricane,7.0,-115.0,2026,2026-09-26T20:30:10Z,1070,-2.4104664990116618,9.802408639225487,-9.712875138237148,b4347a6d6451334b228bf748d98cbd30b34b222852b6631cc98ff41b5e407018,timestamped_live_quote,FBS vs FBS
2026-09-26T20:30:10Z,891673ae39457f51a701ca482c2f7280,2026-09-27T00:00:00Z,Arkansas Razorbacks,Tulsa Golden Hurricane,betmgm,BetMGM,2026-09-26T20:29:04Z,2026-09-26T20:29:04Z,Arkansas Razorbacks,-7.0,-112.0,2026,2026-09-26T20:30:10Z,1070,-2.4104664990116618,9.802408639225487,-9.712875138237148,b4347a6d6451334b228bf748d98cbd30b34b222852b6631cc98ff41b5e407018,timestamped_live_quote,FBS vs FBS
2026-09-26T20:30:10Z,891673ae39457f51a701ca482c2f7280,2026-09-27T00:00:00Z,Arkansas Razorbacks,Tulsa Golden Hurricane,betmgm,BetMGM,2026-09-26T20:29:04Z,2026-09-26T20:29:04Z,Tulsa Golden Hurricane,7.0,-108.0,2026,2026-09-26T20:30:10Z,1070,-2.4104664990116618,9.802408639225487,-9.712875138237148,b4347a6d6451334b228bf748d98cbd30b34b222852b6631cc98ff41b5e407018,timestamped_live_quote,FBS vs FBS
2026-09-26T20:30:10Z,891673ae39457f51a701ca482c2f7280,2026-09-27T00:00:00Z,Arkansas Razorbacks,Tulsa Golden Hurricane,bovada,Bovada,2026-09-26T20:27:24Z,2026-09-26T20:27:24Z,Arkansas Razorbacks,-7.0,-110.0,2026,2026-09-26T20:30:10Z,1070,-2.4104664990116618,9.802408639225487,-9.712875138237148,b4347a6d6451334b228bf748d98cbd30b34b222852b6631cc98ff41b5e407018,timestamped_live_quote,FBS vs FBS
2026-09-26T20:30:10Z,891673ae39457f51a701ca482c2f7280,2026-09-27T00:00:00Z,Arkansas Razorbacks,Tulsa Golden Hurricane,bovada,Bovada,2026-09-26T20:27:24Z,2026-09-26T20:27:24Z,Tulsa Golden Hurricane,7.0,-110.0,2026,2026-09-26T20:30:10Z,1070,-2.4104664990116618,9.802408639225487,-9.712875138237148,b4347a6d6451334b228bf748d98cbd30b34b222852b6631cc98ff41b5e407018,timestamped_live_quote,FBS vs FBS
2026-09-26T20:30:10Z,8fd491e65439f5d6b6a1edc9da7f036b,2026-09-27T00:00:00Z,UL Monroe Warhawks,Florida Atlantic Owls,fanduel,FanDuel,2026-09-26T20:29:53Z,2026-09-26T20:29:53Z,Florida Atlantic Owls,-11.5,-114.0,2026,2026-09-26T20:30:10Z,1070,-6.563471030106082,-2.671103092249966,-1.392367937856116,b4347a6d6451334b228bf748d98cbd30b34b222852b6631cc98ff41b5e407018,timestamped_live_quote,FBS vs FBS
2026-09-26T20:30:10Z,8fd491e65439f5d6b6a1edc9da7f036b,2026-09-27T00:00:00Z,UL Monroe Warhawks,Florida Atlantic Owls,fanduel,FanDuel,2026-09-26T20:29:53Z,2026-09-26T20:29:53Z,UL Monroe Warhawks,11.5,-106.0,2026,2026-09-26T20:30:10Z,1070,-6.563471030106082,-2.671103092249966,-1.392367937856116,b4347a6d6451334b228bf748d98cbd30b34b222852b6631cc98ff41b5e407018,timestamped_live_quote,FBS vs FBS
2026-09-26T20:30:10Z,8fd491e65439f5d6b6a1edc9da7f036b,2026-09-27T00:00:00Z,UL Monroe Warhawks,Florida Atlantic Owls,mybookieag,MyBookie.ag,2026-09-26T20:29:38Z,2026-09-26T20:29:37Z,Florida Atlantic Owls,-11.5,-110.0,2026,2026-09-26T20:30:10Z,1070,-6.563471030106082,-2.671103092249966,-1.392367937856116,b4347a6d6451334b228bf748d98cbd30b34b222852b6631cc98ff41b5e407018,timestamped_live_quote,FBS vs FBS
2026-09-26T20:30:10Z,8fd491e65439f5d6b6a1edc9da7f036b,2026-09-27T00:00:00Z,UL Monroe Warhawks,Florida Atlantic Owls,mybookieag,MyBookie.ag,2026-09-26T20:29:38Z,2026-09-26T20:29:37Z,UL Monroe Warhawks,11.5,-110.0,2026,2026-09-26T20:30:10Z,1070,-6.563471030106082,-2.671103092249966,-1.392367937856116,b4347a6d6451334b228bf748d98cbd30b34b222852b6631cc98ff41b5e407018,timestamped_live_quote,FBS vs FBS
2026-09-26T20:30:10Z,8fd491e65439f5d6b6a1edc9da7f036b,2026-09-27T00:00:00Z,UL Monroe Warhawks,Florida Atlantic Owls,betrivers,BetRivers,2026-09-26T20:29:35Z,2026-09-26T20:29:35Z,Florida Atlantic Owls,-11.5,-110.0,2026,2026-09-26T20:30:10Z,1070,-6.563471030106082,-2.671103092249966,-1.392367937856116,b4347a6d6451334b228bf748d98cbd30b34b222852b6631cc98ff41b5e407018,timestamped_live_quote,FBS vs FBS
2026-09-26T20:30:10Z,8fd491e65439f5d6b6a1edc9da7f036b,2026-09-27T00:00:00Z,UL Monroe Warhawks,Florida Atlantic Owls,betrivers,BetRivers,2026-09-26T20:29:35Z,2026-09-26T20:29:35Z,UL Monroe Warhawks,11.5,-112.0,2026,2026-09-26T20:30:10Z,1070,-6.563471030106082,-2.671103092249966,-1.392367937856116,b4347a6d6451334b228bf748d98cbd30b34b222852b6631cc98ff41b5e407018,timestamped_live_quote,FBS vs FBS
2026-09-26T20:30:10Z,8fd491e65439f5d6b6a1edc9da7f036b,2026-09-27T00:00:00Z,UL Monroe Warhawks,Florida Atlantic Owls,draftkings,DraftKings,2026-09-26T20:29:19Z,2026-09-26T20:29:19Z,Florida Atlantic Owls,-11.5,-112.0,2026,2026-09-26T20:30:10Z,1070,-6.563471030106082,-2.671103092249966,-1.392367937856116,b4347a6d6451334b228bf748d98cbd30b34b222852b6631cc98ff41b5e407018,timestamped_live_quote,FBS vs FBS
2026-09-26T20:30:10Z,8fd491e65439f5d6b6a1edc9da7f036b,2026-09-27T00:00:00Z,UL Monroe Warhawks,Florida Atlantic Owls,draftkings,DraftKings,2026-09-26T20:29:19Z,2026-09-26T20:29:19Z,UL Monroe Warhawks,11.5,-108.0,2026,2026-09-26T20:30:10Z,1070,-6.563471030106082,-2.671103092249966,-1.392367937856116,b4347a6d6451334b228bf748d98cbd30b34b222852b6631cc98ff41b5e407018,timestamped_live_quote,FBS vs FBS
2026-09-26T20:30:10Z,8fd491e65439f5d6b6a1edc9da7f036b,2026-09-27T00:00:00Z,UL Monroe Warhawks,Florida Atlantic Owls,lowvig,LowVig.ag,2026-09-26T20:29:02Z,2026-09-26T20:29:02Z,Florida Atlantic Owls,-11.5,-109.0,2026,2026-09-26T20:30:10Z,1070,-6.563471030106082,-2.671103092249966,-1.392367937856116,b4347a6d6451334b228bf748d98cbd30b34b222852b6631cc98ff41b5e407018,timestamped_live_quote,FBS vs FBS
2026-09-26T20:30:10Z,8fd491e65439f5d6b6a1edc9da7f036b,2026-09-27T00:00:00Z,UL Monroe Warhawks,Florida Atlantic Owls,lowvig,LowVig.ag,2026-09-26T20:29:02Z,2026-09-26T20:29:02Z,UL Monroe Warhawks,11.5,-103.0,2026,2026-09-26T20:30:10Z,1070,-6.563471030106082,-2.671103092249966,-1.392367937856116,b4347a6d6451334b228bf748d98cbd30b34b222852b6631cc98ff41b5e407018,timestamped_live_quote,FBS vs FBS
2026-09-26T20:30:10Z,8fd491e65439f5d6b6a1edc9da7f036b,2026-09-27T00:00:00Z,UL Monroe Warhawks,Florida Atlantic Owls,betonlineag,BetOnline.ag,2026-09-26T20:29:54Z,2026-09-26T20:29:54Z,Florida Atlantic Owls,-11.5,-113.0,2026,2026-09-26T20:30:10Z,1070,-6.563471030106082,-2.671103092249966,-1.392367937856116,b4347a6d6451334b228bf748d98cbd30b34b222852b6631cc98ff41b5e407018,timestamped_live_quote,FBS vs FBS
2026-09-26T20:30:10Z,8fd491e65439f5d6b6a1edc9da7f036b,2026-09-27T00:00:00Z,UL Monroe Warhawks,Florida Atlantic Owls,betonlineag,BetOnline.ag,2026-09-26T20:29:54Z,2026-09-26T20:29:54Z,UL Monroe Warhawks,11.5,-107.0,2026,2026-09-26T20:30:10Z,1070,-6.563471030106082,-2.671103092249966,-1.392367937856116,b4347a6d6451334b228bf748d98cbd30b34b222852b6631cc98ff41b5e407018,timestamped_live_quote,FBS vs FBS
2026-09-26T20:30:10Z,8fd491e65439f5d6b6a1edc9da7f036b,2026-09-27T00:00:00Z,UL Monroe Warhawks,Florida Atlantic Owls,betmgm,BetMGM,2026-09-26T20:29:04Z,2026-09-26T20:29:04Z,Florida Atlantic Owls,-12.0,-108.0,2026,2026-09-26T20:30:10Z,1070,-6.563471030106082,-2.671103092249966,-1.392367937856116,b4347a6d6451334b228bf748d98cbd30b34b222852b6631cc98ff41b5e407018,timestamped_live_quote,FBS vs FBS
2026-09-26T20:30:10Z,8fd491e65439f5d6b6a1edc9da7f036b,2026-09-27T00:00:00Z,UL Monroe Warhawks,Florida Atlantic Owls,betmgm,BetMGM,2026-09-26T20:29:04Z,2026-09-26T20:29:04Z,UL Monroe Warhawks,12.0,-110.0,2026,2026-09-26T20:30:10Z,1070,-6.563471030106082,-2.671103092249966,-1.392367937856116,b4347a6d6451334b228bf748d98cbd30b34b222852b6631cc98ff41b5e407018,timestamped_live_quote,FBS vs FBS
2026-09-26T20:30:10Z,8fd491e65439f5d6b6a1edc9da7f036b,2026-09-27T00:00:00Z,UL Monroe Warhawks,Florida Atlantic Owls,betus,BetUS,2026-09-26T20:29:02Z,2026-09-26T20:29:02Z,Florida Atlantic Owls,-11.5,-110.0,2026,2026-09-26T20:30:10Z,1070,-6.563471030106082,-2.671103092249966,-1.392367937856116,b4347a6d6451334b228bf748d98cbd30b34b222852b6631cc98ff41b5e407018,timestamped_live_quote,FBS vs FBS
2026-09-26T20:30:10Z,8fd491e65439f5d6b6a1edc9da7f036b,2026-09-27T00:00:00Z,UL Monroe Warhawks,Florida Atlantic Owls,betus,BetUS,2026-09-26T20:29:02Z,2026-09-26T20:29:02Z,UL Monroe Warhawks,11.5,-110.0,2026,2026-09-26T20:30:10Z,1070,-6.563471030106082,-2.671103092249966,-1.392367937856116,b4347a6d6451334b228bf748d98cbd30b34b222852b6631cc98ff41b5e407018,timestamped_live_quote,FBS vs FBS
2026-09-26T20:30:10Z,8fd491e65439f5d6b6a1edc9da7f036b,2026-09-27T00:00:00Z,UL Monroe Warhawks,Florida Atlantic Owls,bovada,Bovada,2026-09-26T20:27:24Z,2026-09-26T20:27:24Z,Florida Atlantic Owls,-11.5,-110.0,2026,2026-09-26T20:30:10Z,1070,-6.563471030106082,-2.671103092249966,-1.392367937856116,b4347a6d6451334b228bf748d98cbd30b34b222852b6631cc98ff41b5e407018,timestamped_live_quote,FBS vs FBS
2026-09-26T20:30:10Z,8fd491e65439f5d6b6a1edc9da7f036b,2026-09-27T00:00:00Z,UL Monroe Warhawks,Florida Atlantic Owls,bovada,Bovada,2026-09-26T20:27:24Z,2026-09-26T20:27:24Z,UL Monroe Warhawks,11.5,-110.0,2026,2026-09-26T20:30:10Z,1070,-6.563471030106082,-2.671103092249966,-1.392367937856116,b4347a6d6451334b228bf748d98cbd30b34b222852b6631cc98ff41b5e407018,timestamped_live_quote,FBS vs FBS
2026-09-26T20:30:10Z,4d76388c84fc859e6bae8ff267266872,2026-09-27T01:00:00Z,SMU Mustangs,Missouri State Bears,fanduel,FanDuel,2026-09-26T20:29:53Z,2026-09-26T20:29:53Z,Missouri State Bears,32.5,-115.0,2026,2026-09-26T20:30:10Z,1070,7.609203834447438,-3.2015217306758568,13.310725565123295,b4347a6d6451334b228bf748d98cbd30b34b222852b6631cc98ff41b5e407018,timestamped_live_quote,FBS vs FBS
2026-09-26T20:30:10Z,4d76388c84fc859e6bae8ff267266872,2026-09-27T01:00:00Z,SMU Mustangs,Missouri State Bears,fanduel,FanDuel,2026-09-26T20:29:53Z,2026-09-26T20:29:53Z,SMU Mustangs,-32.5,-105.0,2026,2026-09-26T20:30:10Z,1070,7.609203834447438,-3.2015217306758568,13.310725565123295,b4347a6d6451334b228bf748d98cbd30b34b222852b6631cc98ff41b5e407018,timestamped_live_quote,FBS vs FBS
2026-09-26T20:30:10Z,4d76388c84fc859e6bae8ff267266872,2026-09-27T01:00:00Z,SMU Mustangs,Missouri State Bears,betrivers,BetRivers,2026-09-26T20:29:35Z,2026-09-26T20:29:35Z,Missouri State Bears,32.5,-110.0,2026,2026-09-26T20:30:10Z,1070,7.609203834447438,-3.2015217306758568,13.310725565123295,b4347a6d6451334b228bf748d98cbd30b34b222852b6631cc98ff41b5e407018,timestamped_live_quote,FBS vs FBS
2026-09-26T20:30:10Z,4d76388c84fc859e6bae8ff267266872,2026-09-27T01:00:00Z,SMU Mustangs,Missouri State Bears,betrivers,BetRivers,2026-09-26T20:29:35Z,2026-09-26T20:29:35Z,SMU Mustangs,-32.5,-113.0,2026,2026-09-26T20:30:10Z,1070,7.609203834447438,-3.2015217306758568,13.310725565123295,b4347a6d6451334b228bf748d98cbd30b34b222852b6631cc98ff41b5e407018,timestamped_live_quote,FBS vs FBS
2026-09-26T20:30:10Z,4d76388c84fc859e6bae8ff267266872,2026-09-27T01:00:00Z,SMU Mustangs,Missouri State Bears,draftkings,DraftKings,2026-09-26T20:29:19Z,2026-09-26T20:29:19Z,Missouri State Bears,32.5,-115.0,2026,2026-09-26T20:30:10Z,1070,7.609203834447438,-3.2015217306758568,13.310725565123295,b4347a6d6451334b228bf748d98cbd30b34b222852b6631cc98ff41b5e407018,timestamped_live_quote,FBS vs FBS
2026-09-26T20:30:10Z,4d76388c84fc859e6bae8ff267266872,2026-09-27T01:00:00Z,SMU Mustangs,Missouri State Bears,draftkings,DraftKings,2026-09-26T20:29:19Z,2026-09-26T20:29:19Z,SMU Mustangs,-32.5,-105.0,2026,2026-09-26T20:30:10Z,1070,7.609203834447438,-3.2015217306758568,13.310725565123295,b4347a6d6451334b228bf748d98cbd30b34b222852b6631cc98ff41b5e407018,timestamped_live_quote,FBS vs FBS
2026-09-26T20:30:10Z,4d76388c84fc859e6bae8ff267266872,2026-09-27T01:00:00Z,SMU Mustangs,Missouri State Bears,lowvig,LowVig.ag,2026-09-26T20:29:02Z,2026-09-26T20:29:02Z,Missouri State Bears,32.0,-101.0,2026,2026-09-26T20:30:10Z,1070,7.609203834447438,-3.2015217306758568,13.310725565123295,b4347a6d6451334b228bf748d98cbd30b34b222852b6631cc98ff41b5e407018,timestamped_live_quote,FBS vs FBS
2026-09-26T20:30:10Z,4d76388c84fc859e6bae8ff267266872,2026-09-27T01:00:00Z,SMU Mustangs,Missouri State Bears,lowvig,LowVig.ag,2026-09-26T20:29:02Z,2026-09-26T20:29:02Z,SMU Mustangs,-32.0,-111.0,2026,2026-09-26T20:30:10Z,1070,7.609203834447438,-3.2015217306758568,13.310725565123295,b4347a6d6451334b228bf748d98cbd30b34b222852b6631cc98ff41b5e407018,timestamped_live_quote,FBS vs FBS
2026-09-26T20:30:10Z,4d76388c84fc859e6bae8ff267266872,2026-09-27T01:00:00Z,SMU Mustangs,Missouri State Bears,betonlineag,BetOnline.ag,2026-09-26T20:29:54Z,2026-09-26T20:29:54Z,Missouri State Bears,32.0,-105.0,2026,2026-09-26T20:30:10Z,1070,7.609203834447438,-3.2015217306758568,13.310725565123295,b4347a6d6451334b228bf748d98cbd30b34b222852b6631cc98ff41b5e407018,timestamped_live_quote,FBS vs FBS
2026-09-26T20:30:10Z,4d76388c84fc859e6bae8ff267266872,2026-09-27T01:00:00Z,SMU Mustangs,Missouri State Bears,betonlineag,BetOnline.ag,2026-09-26T20:29:54Z,2026-09-26T20:29:54Z,SMU Mustangs,-32.0,-115.0,2026,2026-09-26T20:30:10Z,1070,7.609203834447438,-3.2015217306758568,13.310725565123295,b4347a6d6451334b228bf748d98cbd30b34b222852b6631cc98ff41b5e407018,timestamped_live_quote,FBS vs FBS
2026-09-26T20:30:10Z,4d76388c84fc859e6bae8ff267266872,2026-09-27T01:00:00Z,SMU Mustangs,Missouri State Bears,betmgm,BetMGM,2026-09-26T20:29:04Z,2026-09-26T20:29:04Z,Missouri State Bears,32.0,-110.0,2026,2026-09-26T20:30:10Z,1070,7.609203834447438,-3.2015217306758568,13.310725565123295,b4347a6d6451334b228bf748d98cbd30b34b222852b6631cc98ff41b5e407018,timestamped_live_quote,FBS vs FBS
2026-09-26T20:30:10Z,4d76388c84fc859e6bae8ff267266872,2026-09-27T01:00:00Z,SMU Mustangs,Missouri State Bears,betmgm,BetMGM,2026-09-26T20:29:04Z,2026-09-26T20:29:04Z,SMU Mustangs,-32.0,-108.0,2026,2026-09-26T20:30:10Z,1070,7.609203834447438,-3.2015217306758568,13.310725565123295,b4347a6d6451334b228bf748d98cbd30b34b222852b6631cc98ff41b5e407018,timestamped_live_quote,FBS vs FBS
2026-09-26T20:30:10Z,4d76388c84fc859e6bae8ff267266872,2026-09-27T01:00:00Z,SMU Mustangs,Missouri State Bears,betus,BetUS,2026-09-26T20:29:02Z,2026-09-26T20:29:02Z,Missouri State Bears,32.0,-110.0,2026,2026-09-26T20:30:10Z,1070,7.609203834447438,-3.2015217306758568,13.310725565123295,b4347a6d6451334b228bf748d98cbd30b34b222852b6631cc98ff41b5e407018,timestamped_live_quote,FBS vs FBS
2026-09-26T20:30:10Z,4d76388c84fc859e6bae8ff267266872,2026-09-27T01:00:00Z,SMU Mustangs,Missouri State Bears,betus,BetUS,2026-09-26T20:29:02Z,2026-09-26T20:29:02Z,SMU Mustangs,-32.0,-110.0,2026,2026-09-26T20:30:10Z,1070,7.609203834447438,-3.2015217306758568,13.310725565123295,b4347a6d6451334b228bf748d98cbd30b34b222852b6631cc98ff41b5e407018,timestamped_live_quote,FBS vs FBS
2026-09-26T20:30:10Z,4d76388c84fc859e6bae8ff267266872,2026-09-27T01:00:00Z,SMU Mustangs,Missouri State Bears,bovada,Bovada,2026-09-26T20:27:24Z,2026-09-26T20:27:24Z,Missouri State Bears,31.5,-105.0,2026,2026-09-26T20:30:10Z,1070,7.609203834447438,-3.2015217306758568,13.310725565123295,b4347a6d6451334b228bf748d98cbd30b34b222852b6631cc98ff41b5e407018,timestamped_live_quote,FBS vs FBS
2026-09-26T20:30:10Z,4d76388c84fc859e6bae8ff267266872,2026-09-27T01:00:00Z,SMU Mustangs,Missouri State Bears,bovada,Bovada,2026-09-26T20:27:24Z,2026-09-26T20:27:24Z,SMU Mustangs,-31.5,-115.0,2026,2026-09-26T20:30:10Z,1070,7.609203834447438,-3.2015217306758568,13.310725565123295,b4347a6d6451334b228bf748d98cbd30b34b222852b6631cc98ff41b5e407018,timestamped_live_quote,FBS vs FBS
2026-09-26T20:30:10Z,4d76388c84fc859e6bae8ff267266872,2026-09-27T01:00:00Z,SMU Mustangs,Missouri State Bears,mybookieag,MyBookie.ag,2026-09-26T20:29:38Z,2026-09-26T20:29:37Z,Missouri State Bears,32.0,-110.0,2026,2026-09-26T20:30:10Z,1070,7.609203834447438,-3.2015217306758568,13.310725565123295,b4347a6d6451334b228bf748d98cbd30b34b222852b6631cc98ff41b5e407018,timestamped_live_quote,FBS vs FBS
2026-09-26T20:30:10Z,4d76388c84fc859e6bae8ff267266872,2026-09-27T01:00:00Z,SMU Mustangs,Missouri State Bears,mybookieag,MyBookie.ag,2026-09-26T20:29:38Z,2026-09-26T20:29:37Z,SMU Mustangs,-32.0,-110.0,2026,2026-09-26T20:30:10Z,1070,7.609203834447438,-3.2015217306758568,13.310725565123295,b4347a6d6451334b228bf748d98cbd30b34b222852b6631cc98ff41b5e407018,timestamped_live_quote,FBS vs FBS
2026-09-26T20:30:10Z,a48c4a759a03a93bf42e23d2f8bf769e,2026-09-27T01:00:00Z,UTEP Miners,Oregon State Beavers,fanduel,FanDuel,2026-09-26T20:29:53Z,2026-09-26T20:29:53Z,Oregon State Beavers,-10.5,-114.0,2026,2026-09-26T20:30:10Z,1070,-5.47643794547201,3.81192432213797,-6.78836226760998,b4347a6d6451334b228bf748d98cbd30b34b222852b6631cc98ff41b5e407018,timestamped_live_quote,FBS vs FBS
2026-09-26T20:30:10Z,a48c4a759a03a93bf42e23d2f8bf769e,2026-09-27T01:00:00Z,UTEP Miners,Oregon State Beavers,fanduel,FanDuel,2026-09-26T20:29:53Z,2026-09-26T20:29:53Z,UTEP Miners,10.5,-106.0,2026,2026-09-26T20:30:10Z,1070,-5.47643794547201,3.81192432213797,-6.78836226760998,b4347a6d6451334b228bf748d98cbd30b34b222852b6631cc98ff41b5e407018,timestamped_live_quote,FBS vs FBS
2026-09-26T20:30:10Z,a48c4a759a03a93bf42e23d2f8bf769e,2026-09-27T01:00:00Z,UTEP Miners,Oregon State Beavers,mybookieag,MyBookie.ag,2026-09-26T20:29:38Z,2026-09-26T20:29:37Z,Oregon State Beavers,-11.0,-110.0,2026,2026-09-26T20:30:10Z,1070,-5.47643794547201,3.81192432213797,-6.78836226760998,b4347a6d6451334b228bf748d98cbd30b34b222852b6631cc98ff41b5e407018,timestamped_live_quote,FBS vs FBS
2026-09-26T20:30:10Z,a48c4a759a03a93bf42e23d2f8bf769e,2026-09-27T01:00:00Z,UTEP Miners,Oregon State Beavers,mybookieag,MyBookie.ag,2026-09-26T20:29:38Z,2026-09-26T20:29:37Z,UTEP Miners,11.0,-110.0,2026,2026-09-26T20:30:10Z,1070,-5.47643794547201,3.81192432213797,-6.78836226760998,b4347a6d6451334b228bf748d98cbd30b34b222852b6631cc98ff41b5e407018,timestamped_live_quote,FBS vs FBS
2026-09-26T20:30:10Z,a48c4a759a03a93bf42e23d2f8bf769e,2026-09-27T01:00:00Z,UTEP Miners,Oregon State Beavers,betrivers,BetRivers,2026-09-26T20:29:35Z,2026-09-26T20:29:35Z,Oregon State Beavers,-11.0,-114.0,2026,2026-09-26T20:30:10Z,1070,-5.47643794547201,3.81192432213797,-6.78836226760998,b4347a6d6451334b228bf748d98cbd30b34b222852b6631cc98ff41b5e407018,timestamped_live_quote,FBS vs FBS
2026-09-26T20:30:10Z,a48c4a759a03a93bf42e23d2f8bf769e,2026-09-27T01:00:00Z,UTEP Miners,Oregon State Beavers,betrivers,BetRivers,2026-09-26T20:29:35Z,2026-09-26T20:29:35Z,UTEP Miners,11.0,-109.0,2026,2026-09-26T20:30:10Z,1070,-5.47643794547201,3.81192432213797,-6.78836226760998,b4347a6d6451334b228bf748d98cbd30b34b222852b6631cc98ff41b5e407018,timestamped_live_quote,FBS vs FBS
2026-09-26T20:30:10Z,a48c4a759a03a93bf42e23d2f8bf769e,2026-09-27T01:00:00Z,UTEP Miners,Oregon State Beavers,draftkings,DraftKings,2026-09-26T20:29:19Z,2026-09-26T20:29:19Z,Oregon State Beavers,-11.5,-105.0,2026,2026-09-26T20:30:10Z,1070,-5.47643794547201,3.81192432213797,-6.78836226760998,b4347a6d6451334b228bf748d98cbd30b34b222852b6631cc98ff41b5e407018,timestamped_live_quote,FBS vs FBS
2026-09-26T20:30:10Z,a48c4a759a03a93bf42e23d2f8bf769e,2026-09-27T01:00:00Z,UTEP Miners,Oregon State Beavers,draftkings,DraftKings,2026-09-26T20:29:19Z,2026-09-26T20:29:19Z,UTEP Miners,11.5,-115.0,2026,2026-09-26T20:30:10Z,1070,-5.47643794547201,3.81192432213797,-6.78836226760998,b4347a6d6451334b228bf748d98cbd30b34b222852b6631cc98ff41b5e407018,timestamped_live_quote,FBS vs FBS
2026-09-26T20:30:10Z,a48c4a759a03a93bf42e23d2f8bf769e,2026-09-27T01:00:00Z,UTEP Miners,Oregon State Beavers,lowvig,LowVig.ag,2026-09-26T20:29:02Z,2026-09-26T20:29:02Z,Oregon State Beavers,-11.0,-106.0,2026,2026-09-26T20:30:10Z,1070,-5.47643794547201,3.81192432213797,-6.78836226760998,b4347a6d6451334b228bf748d98cbd30b34b222852b6631cc98ff41b5e407018,timestamped_live_quote,FBS vs FBS
2026-09-26T20:30:10Z,a48c4a759a03a93bf42e23d2f8bf769e,2026-09-27T01:00:00Z,UTEP Miners,Oregon State Beavers,lowvig,LowVig.ag,2026-09-26T20:29:02Z,2026-09-26T20:29:02Z,UTEP Miners,11.0,-106.0,2026,2026-09-26T20:30:10Z,1070,-5.47643794547201,3.81192432213797,-6.78836226760998,b4347a6d6451334b228bf748d98cbd30b34b222852b6631cc98ff41b5e407018,timestamped_live_quote,FBS vs FBS
2026-09-26T20:30:10Z,a48c4a759a03a93bf42e23d2f8bf769e,2026-09-27T01:00:00Z,UTEP Miners,Oregon State Beavers,betonlineag,BetOnline.ag,2026-09-26T20:29:54Z,2026-09-26T20:29:54Z,Oregon State Beavers,-11.0,-110.0,2026,2026-09-26T20:30:10Z,1070,-5.47643794547201,3.81192432213797,-6.78836226760998,b4347a6d6451334b228bf748d98cbd30b34b222852b6631cc98ff41b5e407018,timestamped_live_quote,FBS vs FBS
2026-09-26T20:30:10Z,a48c4a759a03a93bf42e23d2f8bf769e,2026-09-27T01:00:00Z,UTEP Miners,Oregon State Beavers,betonlineag,BetOnline.ag,2026-09-26T20:29:54Z,2026-09-26T20:29:54Z,UTEP Miners,11.0,-110.0,2026,2026-09-26T20:30:10Z,1070,-5.47643794547201,3.81192432213797,-6.78836226760998,b4347a6d6451334b228bf748d98cbd30b34b222852b6631cc98ff41b5e407018,timestamped_live_quote,FBS vs FBS
2026-09-26T20:30:10Z,a48c4a759a03a93bf42e23d2f8bf769e,2026-09-27T01:00:00Z,UTEP Miners,Oregon State Beavers,betus,BetUS,2026-09-26T20:29:02Z,2026-09-26T20:29:02Z,Oregon State Beavers,-11.5,-110.0,2026,2026-09-26T20:30:10Z,1070,-5.47643794547201,3.81192432213797,-6.78836226760998,b4347a6d6451334b228bf748d98cbd30b34b222852b6631cc98ff41b5e407018,timestamped_live_quote,FBS vs FBS
2026-09-26T20:30:10Z,a48c4a759a03a93bf42e23d2f8bf769e,2026-09-27T01:00:00Z,UTEP Miners,Oregon State Beavers,betus,BetUS,2026-09-26T20:29:02Z,2026-09-26T20:29:02Z,UTEP Miners,11.5,-110.0,2026,2026-09-26T20:30:10Z,1070,-5.47643794547201,3.81192432213797,-6.78836226760998,b4347a6d6451334b228bf748d98cbd30b34b222852b6631cc98ff41b5e407018,timestamped_live_quote,FBS vs FBS
2026-09-26T20:30:10Z,a48c4a759a03a93bf42e23d2f8bf769e,2026-09-27T01:00:00Z,UTEP Miners,Oregon State Beavers,betmgm,BetMGM,2026-09-26T20:29:04Z,2026-09-26T20:29:04Z,Oregon State Beavers,-11.0,-108.0,2026,2026-09-26T20:30:10Z,1070,-5.47643794547201,3.81192432213797,-6.78836226760998,b4347a6d6451334b228bf748d98cbd30b34b222852b6631cc98ff41b5e407018,timestamped_live_quote,FBS vs FBS
2026-09-26T20:30:10Z,a48c4a759a03a93bf42e23d2f8bf769e,2026-09-27T01:00:00Z,UTEP Miners,Oregon State Beavers,betmgm,BetMGM,2026-09-26T20:29:04Z,2026-09-26T20:29:04Z,UTEP Miners,11.0,-110.0,2026,2026-09-26T20:30:10Z,1070,-5.47643794547201,3.81192432213797,-6.78836226760998,b4347a6d6451334b228bf748d98cbd30b34b222852b6631cc98ff41b5e407018,timestamped_live_quote,FBS vs FBS
2026-09-26T20:30:10Z,a48c4a759a03a93bf42e23d2f8bf769e,2026-09-27T01:00:00Z,UTEP Miners,Oregon State Beavers,bovada,Bovada,2026-09-26T20:27:24Z,2026-09-26T20:27:24Z,Oregon State Beavers,-11.0,-115.0,2026,2026-09-26T20:30:10Z,1070,-5.47643794547201,3.81192432213797,-6.78836226760998,b4347a6d6451334b228bf748d98cbd30b34b222852b6631cc98ff41b5e407018,timestamped_live_quote,FBS vs FBS
2026-09-26T20:30:10Z,a48c4a759a03a93bf42e23d2f8bf769e,2026-09-27T01:00:00Z,UTEP Miners,Oregon State Beavers,bovada,Bovada,2026-09-26T20:27:24Z,2026-09-26T20:27:24Z,UTEP Miners,11.0,-105.0,2026,2026-09-26T20:30:10Z,1070,-5.47643794547201,3.81192432213797,-6.78836226760998,b4347a6d6451334b228bf748d98cbd30b34b222852b6631cc98ff41b5e407018,timestamped_live_quote,FBS vs FBS
2026-09-26T20:30:10Z,dc2fd7526ea0bba9adc09a5627b637bf,2026-09-27T01:00:00Z,Sacramento State Hornets,UMass Minutemen,fanduel,FanDuel,2026-09-26T20:29:53Z,2026-09-26T20:29:53Z,Sacramento State Hornets,4.5,-110.0,2026,2026-09-26T20:30:10Z,1070,,,,b4347a6d6451334b228bf748d98cbd30b34b222852b6631cc98ff41b5e407018,division_safety_suppressed,Unverified division / FCS: model suppressed
2026-09-26T20:30:10Z,dc2fd7526ea0bba9adc09a5627b637bf,2026-09-27T01:00:00Z,Sacramento State Hornets,UMass Minutemen,fanduel,FanDuel,2026-09-26T20:29:53Z,2026-09-26T20:29:53Z,UMass Minutemen,-4.5,-110.0,2026,2026-09-26T20:30:10Z,1070,,,,b4347a6d6451334b228bf748d98cbd30b34b222852b6631cc98ff41b5e407018,division_safety_suppressed,Unverified division / FCS: model suppressed
2026-09-26T20:30:10Z,dc2fd7526ea0bba9adc09a5627b637bf,2026-09-27T01:00:00Z,Sacramento State Hornets,UMass Minutemen,draftkings,DraftKings,2026-09-26T20:29:19Z,2026-09-26T20:29:19Z,Sacramento State Hornets,4.5,-110.0,2026,2026-09-26T20:30:10Z,1070,,,,b4347a6d6451334b228bf748d98cbd30b34b222852b6631cc98ff41b5e407018,division_safety_suppressed,Unverified division / FCS: model suppressed
2026-09-26T20:30:10Z,dc2fd7526ea0bba9adc09a5627b637bf,2026-09-27T01:00:00Z,Sacramento State Hornets,UMass Minutemen,draftkings,DraftKings,2026-09-26T20:29:19Z,2026-09-26T20:29:19Z,UMass Minutemen,-4.5,-110.0,2026,2026-09-26T20:30:10Z,1070,,,,b4347a6d6451334b228bf748d98cbd30b34b222852b6631cc98ff41b5e407018,division_safety_suppressed,Unverified division / FCS: model suppressed
2026-09-26T20:30:10Z,dc2fd7526ea0bba9adc09a5627b637bf,2026-09-27T01:00:00Z,Sacramento State Hornets,UMass Minutemen,betonlineag,BetOnline.ag,2026-09-26T20:29:54Z,2026-09-26T20:29:54Z,Sacramento State Hornets,4.5,-108.0,2026,2026-09-26T20:30:10Z,1070,,,,b4347a6d6451334b228bf748d98cbd30b34b222852b6631cc98ff41b5e407018,division_safety_suppressed,Unverified division / FCS: model suppressed
2026-09-26T20:30:10Z,dc2fd7526ea0bba9adc09a5627b637bf,2026-09-27T01:00:00Z,Sacramento State Hornets,UMass Minutemen,betonlineag,BetOnline.ag,2026-09-26T20:29:54Z,2026-09-26T20:29:54Z,UMass Minutemen,-4.5,-112.0,2026,2026-09-26T20:30:10Z,1070,,,,b4347a6d6451334b228bf748d98cbd30b34b222852b6631cc98ff41b5e407018,division_safety_suppressed,Unverified division / FCS: model suppressed
2026-09-26T20:30:10Z,dc2fd7526ea0bba9adc09a5627b637bf,2026-09-27T01:00:00Z,Sacramento State Hornets,UMass Minutemen,lowvig,LowVig.ag,2026-09-26T20:29:02Z,2026-09-26T20:29:02Z,Sacramento State Hornets,4.5,-104.0,2026,2026-09-26T20:30:10Z,1070,,,,b4347a6d6451334b228bf748d98cbd30b34b222852b6631cc98ff41b5e407018,division_safety_suppressed,Unverified division / FCS: model suppressed
2026-09-26T20:30:10Z,dc2fd7526ea0bba9adc09a5627b637bf,2026-09-27T01:00:00Z,Sacramento State Hornets,UMass Minutemen,lowvig,LowVig.ag,2026-09-26T20:29:02Z,2026-09-26T20:29:02Z,UMass Minutemen,-4.5,-108.0,2026,2026-09-26T20:30:10Z,1070,,,,b4347a6d6451334b228bf748d98cbd30b34b222852b6631cc98ff41b5e407018,division_safety_suppressed,Unverified division / FCS: model suppressed
2026-09-26T20:30:10Z,dc2fd7526ea0bba9adc09a5627b637bf,2026-09-27T01:00:00Z,Sacramento State Hornets,UMass Minutemen,betus,BetUS,2026-09-26T20:29:02Z,2026-09-26T20:29:02Z,Sacramento State Hornets,4.5,-110.0,2026,2026-09-26T20:30:10Z,1070,,,,b4347a6d6451334b228bf748d98cbd30b34b222852b6631cc98ff41b5e407018,division_safety_suppressed,Unverified division / FCS: model suppressed
2026-09-26T20:30:10Z,dc2fd7526ea0bba9adc09a5627b637bf,2026-09-27T01:00:00Z,Sacramento State Hornets,UMass Minutemen,betus,BetUS,2026-09-26T20:29:02Z,2026-09-26T20:29:02Z,UMass Minutemen,-4.5,-110.0,2026,2026-09-26T20:30:10Z,1070,,,,b4347a6d6451334b228bf748d98cbd30b34b222852b6631cc98ff41b5e407018,division_safety_suppressed,Unverified division / FCS: model suppressed
2026-09-26T20:30:10Z,dc2fd7526ea0bba9adc09a5627b637bf,2026-09-27T01:00:00Z,Sacramento State Hornets,UMass Minutemen,betmgm,BetMGM,2026-09-26T20:29:04Z,2026-09-26T20:29:04Z,Sacramento State Hornets,5.0,-110.0,2026,2026-09-26T20:30:10Z,1070,,,,b4347a6d6451334b228bf748d98cbd30b34b222852b6631cc98ff41b5e407018,division_safety_suppressed,Unverified division / FCS: model suppressed
2026-09-26T20:30:10Z,dc2fd7526ea0bba9adc09a5627b637bf,2026-09-27T01:00:00Z,Sacramento State Hornets,UMass Minutemen,betmgm,BetMGM,2026-09-26T20:29:04Z,2026-09-26T20:29:04Z,UMass Minutemen,-5.0,-108.0,2026,2026-09-26T20:30:10Z,1070,,,,b4347a6d6451334b228bf748d98cbd30b34b222852b6631cc98ff41b5e407018,division_safety_suppressed,Unverified division / FCS: model suppressed
2026-09-26T20:30:10Z,dc2fd7526ea0bba9adc09a5627b637bf,2026-09-27T01:00:00Z,Sacramento State Hornets,UMass Minutemen,betrivers,BetRivers,2026-09-26T20:29:35Z,2026-09-26T20:29:35Z,Sacramento State Hornets,5.0,-109.0,2026,2026-09-26T20:30:10Z,1070,,,,b4347a6d6451334b228bf748d98cbd30b34b222852b6631cc98ff41b5e407018,division_safety_suppressed,Unverified division / FCS: model suppressed
2026-09-26T20:30:10Z,dc2fd7526ea0bba9adc09a5627b637bf,2026-09-27T01:00:00Z,Sacramento State Hornets,UMass Minutemen,betrivers,BetRivers,2026-09-26T20:29:35Z,2026-09-26T20:29:35Z,UMass Minutemen,-5.0,-113.0,2026,2026-09-26T20:30:10Z,1070,,,,b4347a6d6451334b228bf748d98cbd30b34b222852b6631cc98ff41b5e407018,division_safety_suppressed,Unverified division / FCS: model suppressed
2026-09-26T20:30:10Z,dc2fd7526ea0bba9adc09a5627b637bf,2026-09-27T01:00:00Z,Sacramento State Hornets,UMass Minutemen,bovada,Bovada,2026-09-26T20:27:24Z,2026-09-26T20:27:24Z,Sacramento State Hornets,4.5,-110.0,2026,2026-09-26T20:30:10Z,1070,,,,b4347a6d6451334b228bf748d98cbd30b34b222852b6631cc98ff41b5e407018,division_safety_suppressed,Unverified division / FCS: model suppressed
2026-09-26T20:30:10Z,dc2fd7526ea0bba9adc09a5627b637bf,2026-09-27T01:00:00Z,Sacramento State Hornets,UMass Minutemen,bovada,Bovada,2026-09-26T20:27:24Z,2026-09-26T20:27:24Z,UMass Minutemen,-4.5,-110.0,2026,2026-09-26T20:30:10Z,1070,,,,b4347a6d6451334b228bf748d98cbd30b34b222852b6631cc98ff41b5e407018,division_safety_suppressed,Unverified division / FCS: model suppressed
2026-09-26T20:30:10Z,271438149d3f0afb2ff01736101b5e20,2026-09-27T02:00:00Z,Fresno State Bulldogs,Rice Owls,fanduel,FanDuel,2026-09-26T20:29:53Z,2026-09-26T20:29:53Z,Fresno State Bulldogs,-13.5,100.0,2026,2026-09-26T20:30:10Z,1070,4.341357142320407,-0.8574583241742499,7.698815466494658,b4347a6d6451334b228bf748d98cbd30b34b222852b6631cc98ff41b5e407018,timestamped_live_quote,FBS vs FBS
2026-09-26T20:30:10Z,271438149d3f0afb2ff01736101b5e20,2026-09-27T02:00:00Z,Fresno State Bulldogs,Rice Owls,fanduel,FanDuel,2026-09-26T20:29:53Z,2026-09-26T20:29:53Z,Rice Owls,13.5,-122.0,2026,2026-09-26T20:30:10Z,1070,4.341357142320407,-0.8574583241742499,7.698815466494658,b4347a6d6451334b228bf748d98cbd30b34b222852b6631cc98ff41b5e407018,timestamped_live_quote,FBS vs FBS
2026-09-26T20:30:10Z,271438149d3f0afb2ff01736101b5e20,2026-09-27T02:00:00Z,Fresno State Bulldogs,Rice Owls,mybookieag,MyBookie.ag,2026-09-26T20:29:38Z,2026-09-26T20:29:37Z,Fresno State Bulldogs,-13.0,-110.0,2026,2026-09-26T20:30:10Z,1070,4.341357142320407,-0.8574583241742499,7.698815466494658,b4347a6d6451334b228bf748d98cbd30b34b222852b6631cc98ff41b5e407018,timestamped_live_quote,FBS vs FBS
2026-09-26T20:30:10Z,271438149d3f0afb2ff01736101b5e20,2026-09-27T02:00:00Z,Fresno State Bulldogs,Rice Owls,mybookieag,MyBookie.ag,2026-09-26T20:29:38Z,2026-09-26T20:29:37Z,Rice Owls,13.0,-110.0,2026,2026-09-26T20:30:10Z,1070,4.341357142320407,-0.8574583241742499,7.698815466494658,b4347a6d6451334b228bf748d98cbd30b34b222852b6631cc98ff41b5e407018,timestamped_live_quote,FBS vs FBS
2026-09-26T20:30:10Z,271438149d3f0afb2ff01736101b5e20,2026-09-27T02:00:00Z,Fresno State Bulldogs,Rice Owls,draftkings,DraftKings,2026-09-26T20:29:19Z,2026-09-26T20:29:19Z,Fresno State Bulldogs,-13.5,-105.0,2026,2026-09-26T20:30:10Z,1070,4.341357142320407,-0.8574583241742499,7.698815466494658,b4347a6d6451334b228bf748d98cbd30b34b222852b6631cc98ff41b5e407018,timestamped_live_quote,FBS vs FBS
2026-09-26T20:30:10Z,271438149d3f0afb2ff01736101b5e20,2026-09-27T02:00:00Z,Fresno State Bulldogs,Rice Owls,draftkings,DraftKings,2026-09-26T20:29:19Z,2026-09-26T20:29:19Z,Rice Owls,13.5,-115.0,2026,2026-09-26T20:30:10Z,1070,4.341357142320407,-0.8574583241742499,7.698815466494658,b4347a6d6451334b228bf748d98cbd30b34b222852b6631cc98ff41b5e407018,timestamped_live_quote,FBS vs FBS
2026-09-26T20:30:10Z,271438149d3f0afb2ff01736101b5e20,2026-09-27T02:00:00Z,Fresno State Bulldogs,Rice Owls,betonlineag,BetOnline.ag,2026-09-26T20:29:54Z,2026-09-26T20:29:54Z,Fresno State Bulldogs,-13.5,-105.0,2026,2026-09-26T20:30:10Z,1070,4.341357142320407,-0.8574583241742499,7.698815466494658,b4347a6d6451334b228bf748d98cbd30b34b222852b6631cc98ff41b5e407018,timestamped_live_quote,FBS vs FBS
2026-09-26T20:30:10Z,271438149d3f0afb2ff01736101b5e20,2026-09-27T02:00:00Z,Fresno State Bulldogs,Rice Owls,betonlineag,BetOnline.ag,2026-09-26T20:29:54Z,2026-09-26T20:29:54Z,Rice Owls,13.5,-115.0,2026,2026-09-26T20:30:10Z,1070,4.341357142320407,-0.8574583241742499,7.698815466494658,b4347a6d6451334b228bf748d98cbd30b34b222852b6631cc98ff41b5e407018,timestamped_live_quote,FBS vs FBS
2026-09-26T20:30:10Z,271438149d3f0afb2ff01736101b5e20,2026-09-27T02:00:00Z,Fresno State Bulldogs,Rice Owls,lowvig,LowVig.ag,2026-09-26T20:29:02Z,2026-09-26T20:29:02Z,Fresno State Bulldogs,-13.5,-101.0,2026,2026-09-26T20:30:10Z,1070,4.341357142320407,-0.8574583241742499,7.698815466494658,b4347a6d6451334b228bf748d98cbd30b34b222852b6631cc98ff41b5e407018,timestamped_live_quote,FBS vs FBS
2026-09-26T20:30:10Z,271438149d3f0afb2ff01736101b5e20,2026-09-27T02:00:00Z,Fresno State Bulldogs,Rice Owls,lowvig,LowVig.ag,2026-09-26T20:29:02Z,2026-09-26T20:29:02Z,Rice Owls,13.5,-111.0,2026,2026-09-26T20:30:10Z,1070,4.341357142320407,-0.8574583241742499,7.698815466494658,b4347a6d6451334b228bf748d98cbd30b34b222852b6631cc98ff41b5e407018,timestamped_live_quote,FBS vs FBS
2026-09-26T20:30:10Z,271438149d3f0afb2ff01736101b5e20,2026-09-27T02:00:00Z,Fresno State Bulldogs,Rice Owls,betus,BetUS,2026-09-26T20:29:02Z,2026-09-26T20:29:02Z,Fresno State Bulldogs,-13.5,-105.0,2026,2026-09-26T20:30:10Z,1070,4.341357142320407,-0.8574583241742499,7.698815466494658,b4347a6d6451334b228bf748d98cbd30b34b222852b6631cc98ff41b5e407018,timestamped_live_quote,FBS vs FBS
2026-09-26T20:30:10Z,271438149d3f0afb2ff01736101b5e20,2026-09-27T02:00:00Z,Fresno State Bulldogs,Rice Owls,betus,BetUS,2026-09-26T20:29:02Z,2026-09-26T20:29:02Z,Rice Owls,13.5,-115.0,2026,2026-09-26T20:30:10Z,1070,4.341357142320407,-0.8574583241742499,7.698815466494658,b4347a6d6451334b228bf748d98cbd30b34b222852b6631cc98ff41b5e407018,timestamped_live_quote,FBS vs FBS
2026-09-26T20:30:10Z,271438149d3f0afb2ff01736101b5e20,2026-09-27T02:00:00Z,Fresno State Bulldogs,Rice Owls,betmgm,BetMGM,2026-09-26T20:29:04Z,2026-09-26T20:29:04Z,Fresno State Bulldogs,-12.0,-118.0,2026,2026-09-26T20:30:10Z,1070,4.341357142320407,-0.8574583241742499,7.698815466494658,b4347a6d6451334b228bf748d98cbd30b34b222852b6631cc98ff41b5e407018,timestamped_live_quote,FBS vs FBS
2026-09-26T20:30:10Z,271438149d3f0afb2ff01736101b5e20,2026-09-27T02:00:00Z,Fresno State Bulldogs,Rice Owls,betmgm,BetMGM,2026-09-26T20:29:04Z,2026-09-26T20:29:04Z,Rice Owls,12.0,-112.0,2026,2026-09-26T20:30:10Z,1070,4.341357142320407,-0.8574583241742499,7.698815466494658,b4347a6d6451334b228bf748d98cbd30b34b222852b6631cc98ff41b5e407018,timestamped_live_quote,FBS vs FBS
2026-09-26T20:30:10Z,271438149d3f0afb2ff01736101b5e20,2026-09-27T02:00:00Z,Fresno State Bulldogs,Rice Owls,betrivers,BetRivers,2026-09-26T20:29:35Z,2026-09-26T20:29:35Z,Fresno State Bulldogs,-12.0,-112.0,2026,2026-09-26T20:30:10Z,1070,4.341357142320407,-0.8574583241742499,7.698815466494658,b4347a6d6451334b228bf748d98cbd30b34b222852b6631cc98ff41b5e407018,timestamped_live_quote,FBS vs FBS
2026-09-26T20:30:10Z,271438149d3f0afb2ff01736101b5e20,2026-09-27T02:00:00Z,Fresno State Bulldogs,Rice Owls,betrivers,BetRivers,2026-09-26T20:29:35Z,2026-09-26T20:29:35Z,Rice Owls,12.0,-110.0,2026,2026-09-26T20:30:10Z,1070,4.341357142320407,-0.8574583241742499,7.698815466494658,b4347a6d6451334b228bf748d98cbd30b34b222852b6631cc98ff41b5e407018,timestamped_live_quote,FBS vs FBS
2026-09-26T20:30:10Z,271438149d3f0afb2ff01736101b5e20,2026-09-27T02:00:00Z,Fresno State Bulldogs,Rice Owls,bovada,Bovada,2026-09-26T20:27:24Z,2026-09-26T20:27:24Z,Fresno State Bulldogs,-12.5,-115.0,2026,2026-09-26T20:30:10Z,1070,4.341357142320407,-0.8574583241742499,7.698815466494658,b4347a6d6451334b228bf748d98cbd30b34b222852b6631cc98ff41b5e407018,timestamped_live_quote,FBS vs FBS
2026-09-26T20:30:10Z,271438149d3f0afb2ff01736101b5e20,2026-09-27T02:00:00Z,Fresno State Bulldogs,Rice Owls,bovada,Bovada,2026-09-26T20:27:24Z,2026-09-26T20:27:24Z,Rice Owls,12.5,-105.0,2026,2026-09-26T20:30:10Z,1070,4.341357142320407,-0.8574583241742499,7.698815466494658,b4347a6d6451334b228bf748d98cbd30b34b222852b6631cc98ff41b5e407018,timestamped_live_quote,FBS vs FBS
2026-09-26T20:30:10Z,e972bb2c0291b991de32cc0188c9d338,2026-09-27T02:30:00Z,Nevada Wolf Pack,Air Force Falcons,fanduel,FanDuel,2026-09-26T20:29:53Z,2026-09-26T20:29:53Z,Air Force Falcons,-5.5,-114.0,2026,2026-09-26T20:30:10Z,1070,1.8443709190685582,2.877466169785261,1.4669047492832972,b4347a6d6451334b228bf748d98cbd30b34b222852b6631cc98ff41b5e407018,timestamped_live_quote,FBS vs FBS
2026-09-26T20:30:10Z,e972bb2c0291b991de32cc0188c9d338,2026-09-27T02:30:00Z,Nevada Wolf Pack,Air Force Falcons,fanduel,FanDuel,2026-09-26T20:29:53Z,2026-09-26T20:29:53Z,Nevada Wolf Pack,5.5,-106.0,2026,2026-09-26T20:30:10Z,1070,1.8443709190685582,2.877466169785261,1.4669047492832972,b4347a6d6451334b228bf748d98cbd30b34b222852b6631cc98ff41b5e407018,timestamped_live_quote,FBS vs FBS
2026-09-26T20:30:10Z,e972bb2c0291b991de32cc0188c9d338,2026-09-27T02:30:00Z,Nevada Wolf Pack,Air Force Falcons,mybookieag,MyBookie.ag,2026-09-26T20:29:38Z,2026-09-26T20:29:37Z,Air Force Falcons,-6.0,-110.0,2026,2026-09-26T20:30:10Z,1070,1.8443709190685582,2.877466169785261,1.4669047492832972,b4347a6d6451334b228bf748d98cbd30b34b222852b6631cc98ff41b5e407018,timestamped_live_quote,FBS vs FBS
2026-09-26T20:30:10Z,e972bb2c0291b991de32cc0188c9d338,2026-09-27T02:30:00Z,Nevada Wolf Pack,Air Force Falcons,mybookieag,MyBookie.ag,2026-09-26T20:29:38Z,2026-09-26T20:29:37Z,Nevada Wolf Pack,6.0,-110.0,2026,2026-09-26T20:30:10Z,1070,1.8443709190685582,2.877466169785261,1.4669047492832972,b4347a6d6451334b228bf748d98cbd30b34b222852b6631cc98ff41b5e407018,timestamped_live_quote,FBS vs FBS
2026-09-26T20:30:10Z,e972bb2c0291b991de32cc0188c9d338,2026-09-27T02:30:00Z,Nevada Wolf Pack,Air Force Falcons,draftkings,DraftKings,2026-09-26T20:29:19Z,2026-09-26T20:29:19Z,Air Force Falcons,-5.5,-112.0,2026,2026-09-26T20:30:10Z,1070,1.8443709190685582,2.877466169785261,1.4669047492832972,b4347a6d6451334b228bf748d98cbd30b34b222852b6631cc98ff41b5e407018,timestamped_live_quote,FBS vs FBS
2026-09-26T20:30:10Z,e972bb2c0291b991de32cc0188c9d338,2026-09-27T02:30:00Z,Nevada Wolf Pack,Air Force Falcons,draftkings,DraftKings,2026-09-26T20:29:19Z,2026-09-26T20:29:19Z,Nevada Wolf Pack,5.5,-108.0,2026,2026-09-26T20:30:10Z,1070,1.8443709190685582,2.877466169785261,1.4669047492832972,b4347a6d6451334b228bf748d98cbd30b34b222852b6631cc98ff41b5e407018,timestamped_live_quote,FBS vs FBS
2026-09-26T20:30:10Z,e972bb2c0291b991de32cc0188c9d338,2026-09-27T02:30:00Z,Nevada Wolf Pack,Air Force Falcons,betonlineag,BetOnline.ag,2026-09-26T20:29:54Z,2026-09-26T20:29:54Z,Air Force Falcons,-6.0,-105.0,2026,2026-09-26T20:30:10Z,1070,1.8443709190685582,2.877466169785261,1.4669047492832972,b4347a6d6451334b228bf748d98cbd30b34b222852b6631cc98ff41b5e407018,timestamped_live_quote,FBS vs FBS
2026-09-26T20:30:10Z,e972bb2c0291b991de32cc0188c9d338,2026-09-27T02:30:00Z,Nevada Wolf Pack,Air Force Falcons,betonlineag,BetOnline.ag,2026-09-26T20:29:54Z,2026-09-26T20:29:54Z,Nevada Wolf Pack,6.0,-115.0,2026,2026-09-26T20:30:10Z,1070,1.8443709190685582,2.877466169785261,1.4669047492832972,b4347a6d6451334b228bf748d98cbd30b34b222852b6631cc98ff41b5e407018,timestamped_live_quote,FBS vs FBS
2026-09-26T20:30:10Z,e972bb2c0291b991de32cc0188c9d338,2026-09-27T02:30:00Z,Nevada Wolf Pack,Air Force Falcons,lowvig,LowVig.ag,2026-09-26T20:29:02Z,2026-09-26T20:29:02Z,Air Force Falcons,-6.0,-101.0,2026,2026-09-26T20:30:10Z,1070,1.8443709190685582,2.877466169785261,1.4669047492832972,b4347a6d6451334b228bf748d98cbd30b34b222852b6631cc98ff41b5e407018,timestamped_live_quote,FBS vs FBS
2026-09-26T20:30:10Z,e972bb2c0291b991de32cc0188c9d338,2026-09-27T02:30:00Z,Nevada Wolf Pack,Air Force Falcons,lowvig,LowVig.ag,2026-09-26T20:29:02Z,2026-09-26T20:29:02Z,Nevada Wolf Pack,6.0,-111.0,2026,2026-09-26T20:30:10Z,1070,1.8443709190685582,2.877466169785261,1.4669047492832972,b4347a6d6451334b228bf748d98cbd30b34b222852b6631cc98ff41b5e407018,timestamped_live_quote,FBS vs FBS
2026-09-26T20:30:10Z,e972bb2c0291b991de32cc0188c9d338,2026-09-27T02:30:00Z,Nevada Wolf Pack,Air Force Falcons,betmgm,BetMGM,2026-09-26T20:29:04Z,2026-09-26T20:29:04Z,Air Force Falcons,-6.0,-108.0,2026,2026-09-26T20:30:10Z,1070,1.8443709190685582,2.877466169785261,1.4669047492832972,b4347a6d6451334b228bf748d98cbd30b34b222852b6631cc98ff41b5e407018,timestamped_live_quote,FBS vs FBS
2026-09-26T20:30:10Z,e972bb2c0291b991de32cc0188c9d338,2026-09-27T02:30:00Z,Nevada Wolf Pack,Air Force Falcons,betmgm,BetMGM,2026-09-26T20:29:04Z,2026-09-26T20:29:04Z,Nevada Wolf Pack,6.0,-110.0,2026,2026-09-26T20:30:10Z,1070,1.8443709190685582,2.877466169785261,1.4669047492832972,b4347a6d6451334b228bf748d98cbd30b34b222852b6631cc98ff41b5e407018,timestamped_live_quote,FBS vs FBS
2026-09-26T20:30:10Z,e972bb2c0291b991de32cc0188c9d338,2026-09-27T02:30:00Z,Nevada Wolf Pack,Air Force Falcons,betus,BetUS,2026-09-26T20:29:02Z,2026-09-26T20:29:02Z,Air Force Falcons,-6.0,-105.0,2026,2026-09-26T20:30:10Z,1070,1.8443709190685582,2.877466169785261,1.4669047492832972,b4347a6d6451334b228bf748d98cbd30b34b222852b6631cc98ff41b5e407018,timestamped_live_quote,FBS vs FBS
2026-09-26T20:30:10Z,e972bb2c0291b991de32cc0188c9d338,2026-09-27T02:30:00Z,Nevada Wolf Pack,Air Force Falcons,betus,BetUS,2026-09-26T20:29:02Z,2026-09-26T20:29:02Z,Nevada Wolf Pack,6.0,-115.0,2026,2026-09-26T20:30:10Z,1070,1.8443709190685582,2.877466169785261,1.4669047492832972,b4347a6d6451334b228bf748d98cbd30b34b222852b6631cc98ff41b5e407018,timestamped_live_quote,FBS vs FBS
2026-09-26T20:30:10Z,e972bb2c0291b991de32cc0188c9d338,2026-09-27T02:30:00Z,Nevada Wolf Pack,Air Force Falcons,betrivers,BetRivers,2026-09-26T20:29:35Z,2026-09-26T20:29:35Z,Air Force Falcons,-6.0,-113.0,2026,2026-09-26T20:30:10Z,1070,1.8443709190685582,2.877466169785261,1.4669047492832972,b4347a6d6451334b228bf748d98cbd30b34b222852b6631cc98ff41b5e407018,timestamped_live_quote,FBS vs FBS
2026-09-26T20:30:10Z,e972bb2c0291b991de32cc0188c9d338,2026-09-27T02:30:00Z,Nevada Wolf Pack,Air Force Falcons,betrivers,BetRivers,2026-09-26T20:29:35Z,2026-09-26T20:29:35Z,Nevada Wolf Pack,6.0,-109.0,2026,2026-09-26T20:30:10Z,1070,1.8443709190685582,2.877466169785261,1.4669047492832972,b4347a6d6451334b228bf748d98cbd30b34b222852b6631cc98ff41b5e407018,timestamped_live_quote,FBS vs FBS
2026-09-26T20:30:10Z,e972bb2c0291b991de32cc0188c9d338,2026-09-27T02:30:00Z,Nevada Wolf Pack,Air Force Falcons,bovada,Bovada,2026-09-26T20:27:24Z,2026-09-26T20:27:24Z,Air Force Falcons,-5.5,-115.0,2026,2026-09-26T20:30:10Z,1070,1.8443709190685582,2.877466169785261,1.4669047492832972,b4347a6d6451334b228bf748d98cbd30b34b222852b6631cc98ff41b5e407018,timestamped_live_quote,FBS vs FBS
2026-09-26T20:30:10Z,e972bb2c0291b991de32cc0188c9d338,2026-09-27T02:30:00Z,Nevada Wolf Pack,Air Force Falcons,bovada,Bovada,2026-09-26T20:27:24Z,2026-09-26T20:27:24Z,Nevada Wolf Pack,5.5,-105.0,2026,2026-09-26T20:30:10Z,1070,1.8443709190685582,2.877466169785261,1.4669047492832972,b4347a6d6451334b228bf748d98cbd30b34b222852b6631cc98ff41b5e407018,timestamped_live_quote,FBS vs FBS
2026-09-26T20:30:10Z,0c86537a10b805d25a4ab4f4efdd4c30,2026-09-27T02:30:00Z,Stanford Cardinal,Georgia Tech Yellow Jackets,fanduel,FanDuel,2026-09-26T20:29:53Z,2026-09-26T20:29:53Z,Georgia Tech Yellow Jackets,-2.5,-124.0,2026,2026-09-26T20:30:10Z,1070,-5.777139541186646,2.9081633054388285,-6.185302846625474,b4347a6d6451334b228bf748d98cbd30b34b222852b6631cc98ff41b5e407018,timestamped_live_quote,FBS vs FBS
2026-09-26T20:30:10Z,0c86537a10b805d25a4ab4f4efdd4c30,2026-09-27T02:30:00Z,Stanford Cardinal,Georgia Tech Yellow Jackets,fanduel,FanDuel,2026-09-26T20:29:53Z,2026-09-26T20:29:53Z,Stanford Cardinal,2.5,102.0,2026,2026-09-26T20:30:10Z,1070,-5.777139541186646,2.9081633054388285,-6.185302846625474,b4347a6d6451334b228bf748d98cbd30b34b222852b6631cc98ff41b5e407018,timestamped_live_quote,FBS vs FBS
2026-09-26T20:30:10Z,0c86537a10b805d25a4ab4f4efdd4c30,2026-09-27T02:30:00Z,Stanford Cardinal,Georgia Tech Yellow Jackets,mybookieag,MyBookie.ag,2026-09-26T20:29:38Z,2026-09-26T20:29:37Z,Georgia Tech Yellow Jackets,-3.0,-110.0,2026,2026-09-26T20:30:10Z,1070,-5.777139541186646,2.9081633054388285,-6.185302846625474,b4347a6d6451334b228bf748d98cbd30b34b222852b6631cc98ff41b5e407018,timestamped_live_quote,FBS vs FBS
2026-09-26T20:30:10Z,0c86537a10b805d25a4ab4f4efdd4c30,2026-09-27T02:30:00Z,Stanford Cardinal,Georgia Tech Yellow Jackets,mybookieag,MyBookie.ag,2026-09-26T20:29:38Z,2026-09-26T20:29:37Z,Stanford Cardinal,3.0,-110.0,2026,2026-09-26T20:30:10Z,1070,-5.777139541186646,2.9081633054388285,-6.185302846625474,b4347a6d6451334b228bf748d98cbd30b34b222852b6631cc98ff41b5e407018,timestamped_live_quote,FBS vs FBS
2026-09-26T20:30:10Z,0c86537a10b805d25a4ab4f4efdd4c30,2026-09-27T02:30:00Z,Stanford Cardinal,Georgia Tech Yellow Jackets,draftkings,DraftKings,2026-09-26T20:29:19Z,2026-09-26T20:29:19Z,Georgia Tech Yellow Jackets,-3.0,-110.0,2026,2026-09-26T20:30:10Z,1070,-5.777139541186646,2.9081633054388285,-6.185302846625474,b4347a6d6451334b228bf748d98cbd30b34b222852b6631cc98ff41b5e407018,timestamped_live_quote,FBS vs FBS
2026-09-26T20:30:10Z,0c86537a10b805d25a4ab4f4efdd4c30,2026-09-27T02:30:00Z,Stanford Cardinal,Georgia Tech Yellow Jackets,draftkings,DraftKings,2026-09-26T20:29:19Z,2026-09-26T20:29:19Z,Stanford Cardinal,3.0,-110.0,2026,2026-09-26T20:30:10Z,1070,-5.777139541186646,2.9081633054388285,-6.185302846625474,b4347a6d6451334b228bf748d98cbd30b34b222852b6631cc98ff41b5e407018,timestamped_live_quote,FBS vs FBS
2026-09-26T20:30:10Z,0c86537a10b805d25a4ab4f4efdd4c30,2026-09-27T02:30:00Z,Stanford Cardinal,Georgia Tech Yellow Jackets,betonlineag,BetOnline.ag,2026-09-26T20:29:54Z,2026-09-26T20:29:54Z,Georgia Tech Yellow Jackets,-3.0,-108.0,2026,2026-09-26T20:30:10Z,1070,-5.777139541186646,2.9081633054388285,-6.185302846625474,b4347a6d6451334b228bf748d98cbd30b34b222852b6631cc98ff41b5e407018,timestamped_live_quote,FBS vs FBS
2026-09-26T20:30:10Z,0c86537a10b805d25a4ab4f4efdd4c30,2026-09-27T02:30:00Z,Stanford Cardinal,Georgia Tech Yellow Jackets,betonlineag,BetOnline.ag,2026-09-26T20:29:54Z,2026-09-26T20:29:54Z,Stanford Cardinal,3.0,-112.0,2026,2026-09-26T20:30:10Z,1070,-5.777139541186646,2.9081633054388285,-6.185302846625474,b4347a6d6451334b228bf748d98cbd30b34b222852b6631cc98ff41b5e407018,timestamped_live_quote,FBS vs FBS
2026-09-26T20:30:10Z,0c86537a10b805d25a4ab4f4efdd4c30,2026-09-27T02:30:00Z,Stanford Cardinal,Georgia Tech Yellow Jackets,lowvig,LowVig.ag,2026-09-26T20:29:02Z,2026-09-26T20:29:02Z,Georgia Tech Yellow Jackets,-3.0,-104.0,2026,2026-09-26T20:30:10Z,1070,-5.777139541186646,2.9081633054388285,-6.185302846625474,b4347a6d6451334b228bf748d98cbd30b34b222852b6631cc98ff41b5e407018,timestamped_live_quote,FBS vs FBS
2026-09-26T20:30:10Z,0c86537a10b805d25a4ab4f4efdd4c30,2026-09-27T02:30:00Z,Stanford Cardinal,Georgia Tech Yellow Jackets,lowvig,LowVig.ag,2026-09-26T20:29:02Z,2026-09-26T20:29:02Z,Stanford Cardinal,3.0,-108.0,2026,2026-09-26T20:30:10Z,1070,-5.777139541186646,2.9081633054388285,-6.185302846625474,b4347a6d6451334b228bf748d98cbd30b34b222852b6631cc98ff41b5e407018,timestamped_live_quote,FBS vs FBS
2026-09-26T20:30:10Z,0c86537a10b805d25a4ab4f4efdd4c30,2026-09-27T02:30:00Z,Stanford Cardinal,Georgia Tech Yellow Jackets,betmgm,BetMGM,2026-09-26T20:29:04Z,2026-09-26T20:29:04Z,Georgia Tech Yellow Jackets,-3.0,-108.0,2026,2026-09-26T20:30:10Z,1070,-5.777139541186646,2.9081633054388285,-6.185302846625474,b4347a6d6451334b228bf748d98cbd30b34b222852b6631cc98ff41b5e407018,timestamped_live_quote,FBS vs FBS
2026-09-26T20:30:10Z,0c86537a10b805d25a4ab4f4efdd4c30,2026-09-27T02:30:00Z,Stanford Cardinal,Georgia Tech Yellow Jackets,betmgm,BetMGM,2026-09-26T20:29:04Z,2026-09-26T20:29:04Z,Stanford Cardinal,3.0,-110.0,2026,2026-09-26T20:30:10Z,1070,-5.777139541186646,2.9081633054388285,-6.185302846625474,b4347a6d6451334b228bf748d98cbd30b34b222852b6631cc98ff41b5e407018,timestamped_live_quote,FBS vs FBS
2026-09-26T20:30:10Z,0c86537a10b805d25a4ab4f4efdd4c30,2026-09-27T02:30:00Z,Stanford Cardinal,Georgia Tech Yellow Jackets,betus,BetUS,2026-09-26T20:29:02Z,2026-09-26T20:29:02Z,Georgia Tech Yellow Jackets,-3.0,-110.0,2026,2026-09-26T20:30:10Z,1070,-5.777139541186646,2.9081633054388285,-6.185302846625474,b4347a6d6451334b228bf748d98cbd30b34b222852b6631cc98ff41b5e407018,timestamped_live_quote,FBS vs FBS
2026-09-26T20:30:10Z,0c86537a10b805d25a4ab4f4efdd4c30,2026-09-27T02:30:00Z,Stanford Cardinal,Georgia Tech Yellow Jackets,betus,BetUS,2026-09-26T20:29:02Z,2026-09-26T20:29:02Z,Stanford Cardinal,3.0,-110.0,2026,2026-09-26T20:30:10Z,1070,-5.777139541186646,2.9081633054388285,-6.185302846625474,b4347a6d6451334b228bf748d98cbd30b34b222852b6631cc98ff41b5e407018,timestamped_live_quote,FBS vs FBS
2026-09-26T20:30:10Z,0c86537a10b805d25a4ab4f4efdd4c30,2026-09-27T02:30:00Z,Stanford Cardinal,Georgia Tech Yellow Jackets,betrivers,BetRivers,2026-09-26T20:29:35Z,2026-09-26T20:29:35Z,Georgia Tech Yellow Jackets,-3.0,-110.0,2026,2026-09-26T20:30:10Z,1070,-5.777139541186646,2.9081633054388285,-6.185302846625474,b4347a6d6451334b228bf748d98cbd30b34b222852b6631cc98ff41b5e407018,timestamped_live_quote,FBS vs FBS
2026-09-26T20:30:10Z,0c86537a10b805d25a4ab4f4efdd4c30,2026-09-27T02:30:00Z,Stanford Cardinal,Georgia Tech Yellow Jackets,betrivers,BetRivers,2026-09-26T20:29:35Z,2026-09-26T20:29:35Z,Stanford Cardinal,3.0,-113.0,2026,2026-09-26T20:30:10Z,1070,-5.777139541186646,2.9081633054388285,-6.185302846625474,b4347a6d6451334b228bf748d98cbd30b34b222852b6631cc98ff41b5e407018,timestamped_live_quote,FBS vs FBS
2026-09-26T20:30:10Z,0c86537a10b805d25a4ab4f4efdd4c30,2026-09-27T02:30:00Z,Stanford Cardinal,Georgia Tech Yellow Jackets,bovada,Bovada,2026-09-26T20:27:24Z,2026-09-26T20:27:24Z,Georgia Tech Yellow Jackets,-3.0,-105.0,2026,2026-09-26T20:30:10Z,1070,-5.777139541186646,2.9081633054388285,-6.185302846625474,b4347a6d6451334b228bf748d98cbd30b34b222852b6631cc98ff41b5e407018,timestamped_live_quote,FBS vs FBS
2026-09-26T20:30:10Z,0c86537a10b805d25a4ab4f4efdd4c30,2026-09-27T02:30:00Z,Stanford Cardinal,Georgia Tech Yellow Jackets,bovada,Bovada,2026-09-26T20:27:24Z,2026-09-26T20:27:24Z,Stanford Cardinal,3.0,-115.0,2026,2026-09-26T20:30:10Z,1070,-5.777139541186646,2.9081633054388285,-6.185302846625474,b4347a6d6451334b228bf748d98cbd30b34b222852b6631cc98ff41b5e407018,timestamped_live_quote,FBS vs FBS
2026-09-26T20:30:10Z,e497e36c59bded468da11878568e7c80,2026-09-27T03:00:00Z,Washington Huskies,Minnesota Golden Gophers,fanduel,FanDuel,2026-09-26T20:29:53Z,2026-09-26T20:29:53Z,Minnesota Golden Gophers,10.5,-115.0,2026,2026-09-26T20:30:10Z,1070,4.875123792051334,8.323004200651608,-0.9478804086002741,b4347a6d6451334b228bf748d98cbd30b34b222852b6631cc98ff41b5e407018,timestamped_live_quote,FBS vs FBS
2026-09-26T20:30:10Z,e497e36c59bded468da11878568e7c80,2026-09-27T03:00:00Z,Washington Huskies,Minnesota Golden Gophers,fanduel,FanDuel,2026-09-26T20:29:53Z,2026-09-26T20:29:53Z,Washington Huskies,-10.5,-105.0,2026,2026-09-26T20:30:10Z,1070,4.875123792051334,8.323004200651608,-0.9478804086002741,b4347a6d6451334b228bf748d98cbd30b34b222852b6631cc98ff41b5e407018,timestamped_live_quote,FBS vs FBS
2026-09-26T20:30:10Z,e497e36c59bded468da11878568e7c80,2026-09-27T03:00:00Z,Washington Huskies,Minnesota Golden Gophers,draftkings,DraftKings,2026-09-26T20:29:19Z,2026-09-26T20:29:19Z,Minnesota Golden Gophers,10.5,-112.0,2026,2026-09-26T20:30:10Z,1070,4.875123792051334,8.323004200651608,-0.9478804086002741,b4347a6d6451334b228bf748d98cbd30b34b222852b6631cc98ff41b5e407018,timestamped_live_quote,FBS vs FBS
2026-09-26T20:30:10Z,e497e36c59bded468da11878568e7c80,2026-09-27T03:00:00Z,Washington Huskies,Minnesota Golden Gophers,draftkings,DraftKings,2026-09-26T20:29:19Z,2026-09-26T20:29:19Z,Washington Huskies,-10.5,-108.0,2026,2026-09-26T20:30:10Z,1070,4.875123792051334,8.323004200651608,-0.9478804086002741,b4347a6d6451334b228bf748d98cbd30b34b222852b6631cc98ff41b5e407018,timestamped_live_quote,FBS vs FBS
2026-09-26T20:30:10Z,e497e36c59bded468da11878568e7c80,2026-09-27T03:00:00Z,Washington Huskies,Minnesota Golden Gophers,mybookieag,MyBookie.ag,2026-09-26T20:29:38Z,2026-09-26T20:29:37Z,Minnesota Golden Gophers,10.5,-110.0,2026,2026-09-26T20:30:10Z,1070,4.875123792051334,8.323004200651608,-0.9478804086002741,b4347a6d6451334b228bf748d98cbd30b34b222852b6631cc98ff41b5e407018,timestamped_live_quote,FBS vs FBS
2026-09-26T20:30:10Z,e497e36c59bded468da11878568e7c80,2026-09-27T03:00:00Z,Washington Huskies,Minnesota Golden Gophers,mybookieag,MyBookie.ag,2026-09-26T20:29:38Z,2026-09-26T20:29:37Z,Washington Huskies,-10.5,-110.0,2026,2026-09-26T20:30:10Z,1070,4.875123792051334,8.323004200651608,-0.9478804086002741,b4347a6d6451334b228bf748d98cbd30b34b222852b6631cc98ff41b5e407018,timestamped_live_quote,FBS vs FBS
2026-09-26T20:30:10Z,e497e36c59bded468da11878568e7c80,2026-09-27T03:00:00Z,Washington Huskies,Minnesota Golden Gophers,betonlineag,BetOnline.ag,2026-09-26T20:29:54Z,2026-09-26T20:29:54Z,Minnesota Golden Gophers,10.5,-112.0,2026,2026-09-26T20:30:10Z,1070,4.875123792051334,8.323004200651608,-0.9478804086002741,b4347a6d6451334b228bf748d98cbd30b34b222852b6631cc98ff41b5e407018,timestamped_live_quote,FBS vs FBS
2026-09-26T20:30:10Z,e497e36c59bded468da11878568e7c80,2026-09-27T03:00:00Z,Washington Huskies,Minnesota Golden Gophers,betonlineag,BetOnline.ag,2026-09-26T20:29:54Z,2026-09-26T20:29:54Z,Washington Huskies,-10.5,-108.0,2026,2026-09-26T20:30:10Z,1070,4.875123792051334,8.323004200651608,-0.9478804086002741,b4347a6d6451334b228bf748d98cbd30b34b222852b6631cc98ff41b5e407018,timestamped_live_quote,FBS vs FBS
2026-09-26T20:30:10Z,e497e36c59bded468da11878568e7c80,2026-09-27T03:00:00Z,Washington Huskies,Minnesota Golden Gophers,lowvig,LowVig.ag,2026-09-26T20:29:02Z,2026-09-26T20:29:02Z,Minnesota Golden Gophers,10.5,-111.0,2026,2026-09-26T20:30:10Z,1070,4.875123792051334,8.323004200651608,-0.9478804086002741,b4347a6d6451334b228bf748d98cbd30b34b222852b6631cc98ff41b5e407018,timestamped_live_quote,FBS vs FBS
2026-09-26T20:30:10Z,e497e36c59bded468da11878568e7c80,2026-09-27T03:00:00Z,Washington Huskies,Minnesota Golden Gophers,lowvig,LowVig.ag,2026-09-26T20:29:02Z,2026-09-26T20:29:02Z,Washington Huskies,-10.5,-101.0,2026,2026-09-26T20:30:10Z,1070,4.875123792051334,8.323004200651608,-0.9478804086002741,b4347a6d6451334b228bf748d98cbd30b34b222852b6631cc98ff41b5e407018,timestamped_live_quote,FBS vs FBS
2026-09-26T20:30:10Z,e497e36c59bded468da11878568e7c80,2026-09-27T03:00:00Z,Washington Huskies,Minnesota Golden Gophers,betmgm,BetMGM,2026-09-26T20:29:04Z,2026-09-26T20:29:04Z,Minnesota Golden Gophers,10.5,-110.0,2026,2026-09-26T20:30:10Z,1070,4.875123792051334,8.323004200651608,-0.9478804086002741,b4347a6d6451334b228bf748d98cbd30b34b222852b6631cc98ff41b5e407018,timestamped_live_quote,FBS vs FBS
2026-09-26T20:30:10Z,e497e36c59bded468da11878568e7c80,2026-09-27T03:00:00Z,Washington Huskies,Minnesota Golden Gophers,betmgm,BetMGM,2026-09-26T20:29:04Z,2026-09-26T20:29:04Z,Washington Huskies,-10.5,-108.0,2026,2026-09-26T20:30:10Z,1070,4.875123792051334,8.323004200651608,-0.9478804086002741,b4347a6d6451334b228bf748d98cbd30b34b222852b6631cc98ff41b5e407018,timestamped_live_quote,FBS vs FBS
2026-09-26T20:30:10Z,e497e36c59bded468da11878568e7c80,2026-09-27T03:00:00Z,Washington Huskies,Minnesota Golden Gophers,betus,BetUS,2026-09-26T20:29:02Z,2026-09-26T20:29:02Z,Minnesota Golden Gophers,10.5,-110.0,2026,2026-09-26T20:30:10Z,1070,4.875123792051334,8.323004200651608,-0.9478804086002741,b4347a6d6451334b228bf748d98cbd30b34b222852b6631cc98ff41b5e407018,timestamped_live_quote,FBS vs FBS
2026-09-26T20:30:10Z,e497e36c59bded468da11878568e7c80,2026-09-27T03:00:00Z,Washington Huskies,Minnesota Golden Gophers,betus,BetUS,2026-09-26T20:29:02Z,2026-09-26T20:29:02Z,Washington Huskies,-10.5,-110.0,2026,2026-09-26T20:30:10Z,1070,4.875123792051334,8.323004200651608,-0.9478804086002741,b4347a6d6451334b228bf748d98cbd30b34b222852b6631cc98ff41b5e407018,timestamped_live_quote,FBS vs FBS
2026-09-26T20:30:10Z,e497e36c59bded468da11878568e7c80,2026-09-27T03:00:00Z,Washington Huskies,Minnesota Golden Gophers,betrivers,BetRivers,2026-09-26T20:29:35Z,2026-09-26T20:29:35Z,Minnesota Golden Gophers,10.0,-110.0,2026,2026-09-26T20:30:10Z,1070,4.875123792051334,8.323004200651608,-0.9478804086002741,b4347a6d6451334b228bf748d98cbd30b34b222852b6631cc98ff41b5e407018,timestamped_live_quote,FBS vs FBS
2026-09-26T20:30:10Z,e497e36c59bded468da11878568e7c80,2026-09-27T03:00:00Z,Washington Huskies,Minnesota Golden Gophers,betrivers,BetRivers,2026-09-26T20:29:35Z,2026-09-26T20:29:35Z,Washington Huskies,-10.0,-113.0,2026,2026-09-26T20:30:10Z,1070,4.875123792051334,8.323004200651608,-0.9478804086002741,b4347a6d6451334b228bf748d98cbd30b34b222852b6631cc98ff41b5e407018,timestamped_live_quote,FBS vs FBS
2026-09-26T20:30:10Z,e497e36c59bded468da11878568e7c80,2026-09-27T03:00:00Z,Washington Huskies,Minnesota Golden Gophers,bovada,Bovada,2026-09-26T20:27:24Z,2026-09-26T20:27:24Z,Minnesota Golden Gophers,10.5,-115.0,2026,2026-09-26T20:30:10Z,1070,4.875123792051334,8.323004200651608,-0.9478804086002741,b4347a6d6451334b228bf748d98cbd30b34b222852b6631cc98ff41b5e407018,timestamped_live_quote,FBS vs FBS
2026-09-26T20:30:10Z,e497e36c59bded468da11878568e7c80,2026-09-27T03:00:00Z,Washington Huskies,Minnesota Golden Gophers,bovada,Bovada,2026-09-26T20:27:24Z,2026-09-26T20:27:24Z,Washington Huskies,-10.5,-105.0,2026,2026-09-26T20:30:10Z,1070,4.875123792051334,8.323004200651608,-0.9478804086002741,b4347a6d6451334b228bf748d98cbd30b34b222852b6631cc98ff41b5e407018,timestamped_live_quote,FBS vs FBS
