captured_at_utc,game_id,kickoff_utc,home_team,away_team,sportsbook_key,sportsbook,bookmaker_last_update_utc,market_last_update_utc,selection,spread,american_odds,season,ratings_asof_utc,ratings_training_games,home_rating,away_rating,projected_home_margin,ratings_input_sha256,capture_status,division_status
2026-09-26T16:31:43Z,11c5e9c2cf899388abd0dae30ea71db9,2026-09-26T16:45:00Z,Kentucky Wildcats,South Alabama Jaguars,fanduel,FanDuel,2026-09-26T16:31:24Z,2026-09-26T16:31:24Z,Kentucky Wildcats,-20.5,-115.0,2026,2026-09-26T16:31:43Z,1070,5.476478019804384,2.8563682283217178,5.120109791482666,b4347a6d6451334b228bf748d98cbd30b34b222852b6631cc98ff41b5e407018,timestamped_live_quote,FBS vs FBS
2026-09-26T16:31:43Z,11c5e9c2cf899388abd0dae30ea71db9,2026-09-26T16:45:00Z,Kentucky Wildcats,South Alabama Jaguars,fanduel,FanDuel,2026-09-26T16:31:24Z,2026-09-26T16:31:24Z,South Alabama Jaguars,20.5,-105.0,2026,2026-09-26T16:31:43Z,1070,5.476478019804384,2.8563682283217178,5.120109791482666,b4347a6d6451334b228bf748d98cbd30b34b222852b6631cc98ff41b5e407018,timestamped_live_quote,FBS vs FBS
2026-09-26T16:31:43Z,11c5e9c2cf899388abd0dae30ea71db9,2026-09-26T16:45:00Z,Kentucky Wildcats,South Alabama Jaguars,mybookieag,MyBookie.ag,2026-09-26T16:31:15Z,2026-09-26T16:31:15Z,Kentucky Wildcats,-21.0,-110.0,2026,2026-09-26T16:31:43Z,1070,5.476478019804384,2.8563682283217178,5.120109791482666,b4347a6d6451334b228bf748d98cbd30b34b222852b6631cc98ff41b5e407018,timestamped_live_quote,FBS vs FBS
2026-09-26T16:31:43Z,11c5e9c2cf899388abd0dae30ea71db9,2026-09-26T16:45:00Z,Kentucky Wildcats,South Alabama Jaguars,mybookieag,MyBookie.ag,2026-09-26T16:31:15Z,2026-09-26T16:31:15Z,South Alabama Jaguars,21.0,-110.0,2026,2026-09-26T16:31:43Z,1070,5.476478019804384,2.8563682283217178,5.120109791482666,b4347a6d6451334b228bf748d98cbd30b34b222852b6631cc98ff41b5e407018,timestamped_live_quote,FBS vs FBS
2026-09-26T16:31:43Z,11c5e9c2cf899388abd0dae30ea71db9,2026-09-26T16:45:00Z,Kentucky Wildcats,South Alabama Jaguars,betrivers,BetRivers,2026-09-26T16:30:52Z,2026-09-26T16:30:52Z,Kentucky Wildcats,-20.5,-114.0,2026,2026-09-26T16:31:43Z,1070,5.476478019804384,2.8563682283217178,5.120109791482666,b4347a6d6451334b228bf748d98cbd30b34b222852b6631cc98ff41b5e407018,timestamped_live_quote,FBS vs FBS
2026-09-26T16:31:43Z,11c5e9c2cf899388abd0dae30ea71db9,2026-09-26T16:45:00Z,Kentucky Wildcats,South Alabama Jaguars,betrivers,BetRivers,2026-09-26T16:30:52Z,2026-09-26T16:30:52Z,South Alabama Jaguars,20.5,-109.0,2026,2026-09-26T16:31:43Z,1070,5.476478019804384,2.8563682283217178,5.120109791482666,b4347a6d6451334b228bf748d98cbd30b34b222852b6631cc98ff41b5e407018,timestamped_live_quote,FBS vs FBS
2026-09-26T16:31:43Z,11c5e9c2cf899388abd0dae30ea71db9,2026-09-26T16:45:00Z,Kentucky Wildcats,South Alabama Jaguars,draftkings,DraftKings,2026-09-26T16:31:43Z,2026-09-26T16:31:43Z,Kentucky Wildcats,-21.0,-108.0,2026,2026-09-26T16:31:43Z,1070,5.476478019804384,2.8563682283217178,5.120109791482666,b4347a6d6451334b228bf748d98cbd30b34b222852b6631cc98ff41b5e407018,timestamped_live_quote,FBS vs FBS
2026-09-26T16:31:43Z,11c5e9c2cf899388abd0dae30ea71db9,2026-09-26T16:45:00Z,Kentucky Wildcats,South Alabama Jaguars,draftkings,DraftKings,2026-09-26T16:31:43Z,2026-09-26T16:31:43Z,South Alabama Jaguars,21.0,-112.0,2026,2026-09-26T16:31:43Z,1070,5.476478019804384,2.8563682283217178,5.120109791482666,b4347a6d6451334b228bf748d98cbd30b34b222852b6631cc98ff41b5e407018,timestamped_live_quote,FBS vs FBS
2026-09-26T16:31:43Z,11c5e9c2cf899388abd0dae30ea71db9,2026-09-26T16:45:00Z,Kentucky Wildcats,South Alabama Jaguars,lowvig,LowVig.ag,2026-09-26T16:31:23Z,2026-09-26T16:31:22Z,Kentucky Wildcats,-20.5,-112.0,2026,2026-09-26T16:31:43Z,1070,5.476478019804384,2.8563682283217178,5.120109791482666,b4347a6d6451334b228bf748d98cbd30b34b222852b6631cc98ff41b5e407018,timestamped_live_quote,FBS vs FBS
2026-09-26T16:31:43Z,11c5e9c2cf899388abd0dae30ea71db9,2026-09-26T16:45:00Z,Kentucky Wildcats,South Alabama Jaguars,lowvig,LowVig.ag,2026-09-26T16:31:23Z,2026-09-26T16:31:22Z,South Alabama Jaguars,20.5,100.0,2026,2026-09-26T16:31:43Z,1070,5.476478019804384,2.8563682283217178,5.120109791482666,b4347a6d6451334b228bf748d98cbd30b34b222852b6631cc98ff41b5e407018,timestamped_live_quote,FBS vs FBS
2026-09-26T16:31:43Z,11c5e9c2cf899388abd0dae30ea71db9,2026-09-26T16:45:00Z,Kentucky Wildcats,South Alabama Jaguars,betonlineag,BetOnline.ag,2026-09-26T16:30:54Z,2026-09-26T16:30:49Z,Kentucky Wildcats,-20.5,-115.0,2026,2026-09-26T16:31:43Z,1070,5.476478019804384,2.8563682283217178,5.120109791482666,b4347a6d6451334b228bf748d98cbd30b34b222852b6631cc98ff41b5e407018,timestamped_live_quote,FBS vs FBS
2026-09-26T16:31:43Z,11c5e9c2cf899388abd0dae30ea71db9,2026-09-26T16:45:00Z,Kentucky Wildcats,South Alabama Jaguars,betonlineag,BetOnline.ag,2026-09-26T16:30:54Z,2026-09-26T16:30:49Z,South Alabama Jaguars,20.5,-105.0,2026,2026-09-26T16:31:43Z,1070,5.476478019804384,2.8563682283217178,5.120109791482666,b4347a6d6451334b228bf748d98cbd30b34b222852b6631cc98ff41b5e407018,timestamped_live_quote,FBS vs FBS
2026-09-26T16:31:43Z,11c5e9c2cf899388abd0dae30ea71db9,2026-09-26T16:45:00Z,Kentucky Wildcats,South Alabama Jaguars,betus,BetUS,2026-09-26T16:31:42Z,2026-09-26T16:31:42Z,Kentucky Wildcats,-20.5,-115.0,2026,2026-09-26T16:31:43Z,1070,5.476478019804384,2.8563682283217178,5.120109791482666,b4347a6d6451334b228bf748d98cbd30b34b222852b6631cc98ff41b5e407018,timestamped_live_quote,FBS vs FBS
2026-09-26T16:31:43Z,11c5e9c2cf899388abd0dae30ea71db9,2026-09-26T16:45:00Z,Kentucky Wildcats,South Alabama Jaguars,betus,BetUS,2026-09-26T16:31:42Z,2026-09-26T16:31:42Z,South Alabama Jaguars,20.5,-105.0,2026,2026-09-26T16:31:43Z,1070,5.476478019804384,2.8563682283217178,5.120109791482666,b4347a6d6451334b228bf748d98cbd30b34b222852b6631cc98ff41b5e407018,timestamped_live_quote,FBS vs FBS
2026-09-26T16:31:43Z,11c5e9c2cf899388abd0dae30ea71db9,2026-09-26T16:45:00Z,Kentucky Wildcats,South Alabama Jaguars,betmgm,BetMGM,2026-09-26T16:31:08Z,2026-09-26T16:31:08Z,Kentucky Wildcats,-20.5,-112.0,2026,2026-09-26T16:31:43Z,1070,5.476478019804384,2.8563682283217178,5.120109791482666,b4347a6d6451334b228bf748d98cbd30b34b222852b6631cc98ff41b5e407018,timestamped_live_quote,FBS vs FBS
2026-09-26T16:31:43Z,11c5e9c2cf899388abd0dae30ea71db9,2026-09-26T16:45:00Z,Kentucky Wildcats,South Alabama Jaguars,betmgm,BetMGM,2026-09-26T16:31:08Z,2026-09-26T16:31:08Z,South Alabama Jaguars,20.5,-105.0,2026,2026-09-26T16:31:43Z,1070,5.476478019804384,2.8563682283217178,5.120109791482666,b4347a6d6451334b228bf748d98cbd30b34b222852b6631cc98ff41b5e407018,timestamped_live_quote,FBS vs FBS
2026-09-26T16:31:43Z,11c5e9c2cf899388abd0dae30ea71db9,2026-09-26T16:45:00Z,Kentucky Wildcats,South Alabama Jaguars,bovada,Bovada,2026-09-26T16:30:53Z,2026-09-26T16:30:53Z,Kentucky Wildcats,-20.5,-115.0,2026,2026-09-26T16:31:43Z,1070,5.476478019804384,2.8563682283217178,5.120109791482666,b4347a6d6451334b228bf748d98cbd30b34b222852b6631cc98ff41b5e407018,timestamped_live_quote,FBS vs FBS
2026-09-26T16:31:43Z,11c5e9c2cf899388abd0dae30ea71db9,2026-09-26T16:45:00Z,Kentucky Wildcats,South Alabama Jaguars,bovada,Bovada,2026-09-26T16:30:53Z,2026-09-26T16:30:53Z,South Alabama Jaguars,20.5,-105.0,2026,2026-09-26T16:31:43Z,1070,5.476478019804384,2.8563682283217178,5.120109791482666,b4347a6d6451334b228bf748d98cbd30b34b222852b6631cc98ff41b5e407018,timestamped_live_quote,FBS vs FBS
2026-09-26T16:31:43Z,145de4ffc7429aeb39cab1b17c223743,2026-09-26T17:00:00Z,Eastern Michigan Eagles,Lindenwood Lions,fanduel,FanDuel,2026-09-26T16:31:24Z,2026-09-26T16:31:24Z,Eastern Michigan Eagles,-24.5,-106.0,2026,2026-09-26T16:31:43Z,1070,,,,b4347a6d6451334b228bf748d98cbd30b34b222852b6631cc98ff41b5e407018,division_safety_suppressed,Unverified division / FCS: model suppressed
2026-09-26T16:31:43Z,145de4ffc7429aeb39cab1b17c223743,2026-09-26T17:00:00Z,Eastern Michigan Eagles,Lindenwood Lions,fanduel,FanDuel,2026-09-26T16:31:24Z,2026-09-26T16:31:24Z,Lindenwood Lions,24.5,-114.0,2026,2026-09-26T16:31:43Z,1070,,,,b4347a6d6451334b228bf748d98cbd30b34b222852b6631cc98ff41b5e407018,division_safety_suppressed,Unverified division / FCS: model suppressed
2026-09-26T16:31:43Z,145de4ffc7429aeb39cab1b17c223743,2026-09-26T17:00:00Z,Eastern Michigan Eagles,Lindenwood Lions,betrivers,BetRivers,2026-09-26T16:30:52Z,2026-09-26T16:30:52Z,Eastern Michigan Eagles,-25.0,-122.0,2026,2026-09-26T16:31:43Z,1070,,,,b4347a6d6451334b228bf748d98cbd30b34b222852b6631cc98ff41b5e407018,division_safety_suppressed,Unverified division / FCS: model suppressed
2026-09-26T16:31:43Z,145de4ffc7429aeb39cab1b17c223743,2026-09-26T17:00:00Z,Eastern Michigan Eagles,Lindenwood Lions,betrivers,BetRivers,2026-09-26T16:30:52Z,2026-09-26T16:30:52Z,Lindenwood Lions,25.0,-118.0,2026,2026-09-26T16:31:43Z,1070,,,,b4347a6d6451334b228bf748d98cbd30b34b222852b6631cc98ff41b5e407018,division_safety_suppressed,Unverified division / FCS: model suppressed
2026-09-26T16:31:43Z,145de4ffc7429aeb39cab1b17c223743,2026-09-26T17:00:00Z,Eastern Michigan Eagles,Lindenwood Lions,draftkings,DraftKings,2026-09-26T16:31:43Z,2026-09-26T16:31:43Z,Eastern Michigan Eagles,-24.5,-102.0,2026,2026-09-26T16:31:43Z,1070,,,,b4347a6d6451334b228bf748d98cbd30b34b222852b6631cc98ff41b5e407018,division_safety_suppressed,Unverified division / FCS: model suppressed
2026-09-26T16:31:43Z,145de4ffc7429aeb39cab1b17c223743,2026-09-26T17:00:00Z,Eastern Michigan Eagles,Lindenwood Lions,draftkings,DraftKings,2026-09-26T16:31:43Z,2026-09-26T16:31:43Z,Lindenwood Lions,24.5,-118.0,2026,2026-09-26T16:31:43Z,1070,,,,b4347a6d6451334b228bf748d98cbd30b34b222852b6631cc98ff41b5e407018,division_safety_suppressed,Unverified division / FCS: model suppressed
2026-09-26T16:31:43Z,145de4ffc7429aeb39cab1b17c223743,2026-09-26T17:00:00Z,Eastern Michigan Eagles,Lindenwood Lions,lowvig,LowVig.ag,2026-09-26T16:31:23Z,2026-09-26T16:31:22Z,Eastern Michigan Eagles,-24.0,-105.0,2026,2026-09-26T16:31:43Z,1070,,,,b4347a6d6451334b228bf748d98cbd30b34b222852b6631cc98ff41b5e407018,division_safety_suppressed,Unverified division / FCS: model suppressed
2026-09-26T16:31:43Z,145de4ffc7429aeb39cab1b17c223743,2026-09-26T17:00:00Z,Eastern Michigan Eagles,Lindenwood Lions,lowvig,LowVig.ag,2026-09-26T16:31:23Z,2026-09-26T16:31:22Z,Lindenwood Lions,24.0,-115.0,2026,2026-09-26T16:31:43Z,1070,,,,b4347a6d6451334b228bf748d98cbd30b34b222852b6631cc98ff41b5e407018,division_safety_suppressed,Unverified division / FCS: model suppressed
2026-09-26T16:31:43Z,145de4ffc7429aeb39cab1b17c223743,2026-09-26T17:00:00Z,Eastern Michigan Eagles,Lindenwood Lions,betonlineag,BetOnline.ag,2026-09-26T16:30:54Z,2026-09-26T16:30:51Z,Eastern Michigan Eagles,-24.0,-105.0,2026,2026-09-26T16:31:43Z,1070,,,,b4347a6d6451334b228bf748d98cbd30b34b222852b6631cc98ff41b5e407018,division_safety_suppressed,Unverified division / FCS: model suppressed
2026-09-26T16:31:43Z,145de4ffc7429aeb39cab1b17c223743,2026-09-26T17:00:00Z,Eastern Michigan Eagles,Lindenwood Lions,betonlineag,BetOnline.ag,2026-09-26T16:30:54Z,2026-09-26T16:30:51Z,Lindenwood Lions,24.0,-115.0,2026,2026-09-26T16:31:43Z,1070,,,,b4347a6d6451334b228bf748d98cbd30b34b222852b6631cc98ff41b5e407018,division_safety_suppressed,Unverified division / FCS: model suppressed
2026-09-26T16:31:43Z,145de4ffc7429aeb39cab1b17c223743,2026-09-26T17:00:00Z,Eastern Michigan Eagles,Lindenwood Lions,bovada,Bovada,2026-09-26T16:30:53Z,2026-09-26T16:30:53Z,Eastern Michigan Eagles,-24.0,-110.0,2026,2026-09-26T16:31:43Z,1070,,,,b4347a6d6451334b228bf748d98cbd30b34b222852b6631cc98ff41b5e407018,division_safety_suppressed,Unverified division / FCS: model suppressed
2026-09-26T16:31:43Z,145de4ffc7429aeb39cab1b17c223743,2026-09-26T17:00:00Z,Eastern Michigan Eagles,Lindenwood Lions,bovada,Bovada,2026-09-26T16:30:53Z,2026-09-26T16:30:53Z,Lindenwood Lions,24.0,-110.0,2026,2026-09-26T16:31:43Z,1070,,,,b4347a6d6451334b228bf748d98cbd30b34b222852b6631cc98ff41b5e407018,division_safety_suppressed,Unverified division / FCS: model suppressed
2026-09-26T16:31:43Z,145de4ffc7429aeb39cab1b17c223743,2026-09-26T17:00:00Z,Eastern Michigan Eagles,Lindenwood Lions,betmgm,BetMGM,2026-09-26T16:31:08Z,2026-09-26T16:31:08Z,Eastern Michigan Eagles,-24.0,-108.0,2026,2026-09-26T16:31:43Z,1070,,,,b4347a6d6451334b228bf748d98cbd30b34b222852b6631cc98ff41b5e407018,division_safety_suppressed,Unverified division / FCS: model suppressed
2026-09-26T16:31:43Z,145de4ffc7429aeb39cab1b17c223743,2026-09-26T17:00:00Z,Eastern Michigan Eagles,Lindenwood Lions,betmgm,BetMGM,2026-09-26T16:31:08Z,2026-09-26T16:31:08Z,Lindenwood Lions,24.0,-110.0,2026,2026-09-26T16:31:43Z,1070,,,,b4347a6d6451334b228bf748d98cbd30b34b222852b6631cc98ff41b5e407018,division_safety_suppressed,Unverified division / FCS: model suppressed
2026-09-26T16:31:43Z,c48f042c91328d4d0c6351fc82286879,2026-09-26T17:30:00Z,Maryland Terrapins,UCLA Bruins,draftkings,DraftKings,2026-09-26T16:31:43Z,2026-09-26T16:31:43Z,Maryland Terrapins,2.5,-110.0,2026,2026-09-26T16:31:43Z,1070,12.416874875173548,7.790543227887868,7.12633164728568,b4347a6d6451334b228bf748d98cbd30b34b222852b6631cc98ff41b5e407018,timestamped_live_quote,FBS vs FBS
2026-09-26T16:31:43Z,c48f042c91328d4d0c6351fc82286879,2026-09-26T17:30:00Z,Maryland Terrapins,UCLA Bruins,draftkings,DraftKings,2026-09-26T16:31:43Z,2026-09-26T16:31:43Z,UCLA Bruins,-2.5,-110.0,2026,2026-09-26T16:31:43Z,1070,12.416874875173548,7.790543227887868,7.12633164728568,b4347a6d6451334b228bf748d98cbd30b34b222852b6631cc98ff41b5e407018,timestamped_live_quote,FBS vs FBS
2026-09-26T16:31:43Z,c48f042c91328d4d0c6351fc82286879,2026-09-26T17:30:00Z,Maryland Terrapins,UCLA Bruins,fanduel,FanDuel,2026-09-26T16:31:24Z,2026-09-26T16:31:24Z,Maryland Terrapins,2.5,-106.0,2026,2026-09-26T16:31:43Z,1070,12.416874875173548,7.790543227887868,7.12633164728568,b4347a6d6451334b228bf748d98cbd30b34b222852b6631cc98ff41b5e407018,timestamped_live_quote,FBS vs FBS
2026-09-26T16:31:43Z,c48f042c91328d4d0c6351fc82286879,2026-09-26T17:30:00Z,Maryland Terrapins,UCLA Bruins,fanduel,FanDuel,2026-09-26T16:31:24Z,2026-09-26T16:31:24Z,UCLA Bruins,-2.5,-114.0,2026,2026-09-26T16:31:43Z,1070,12.416874875173548,7.790543227887868,7.12633164728568,b4347a6d6451334b228bf748d98cbd30b34b222852b6631cc98ff41b5e407018,timestamped_live_quote,FBS vs FBS
2026-09-26T16:31:43Z,c48f042c91328d4d0c6351fc82286879,2026-09-26T17:30:00Z,Maryland Terrapins,UCLA Bruins,betrivers,BetRivers,2026-09-26T16:30:52Z,2026-09-26T16:30:52Z,Maryland Terrapins,2.5,-112.0,2026,2026-09-26T16:31:43Z,1070,12.416874875173548,7.790543227887868,7.12633164728568,b4347a6d6451334b228bf748d98cbd30b34b222852b6631cc98ff41b5e407018,timestamped_live_quote,FBS vs FBS
2026-09-26T16:31:43Z,c48f042c91328d4d0c6351fc82286879,2026-09-26T17:30:00Z,Maryland Terrapins,UCLA Bruins,betrivers,BetRivers,2026-09-26T16:30:52Z,2026-09-26T16:30:52Z,UCLA Bruins,-2.5,-112.0,2026,2026-09-26T16:31:43Z,1070,12.416874875173548,7.790543227887868,7.12633164728568,b4347a6d6451334b228bf748d98cbd30b34b222852b6631cc98ff41b5e407018,timestamped_live_quote,FBS vs FBS
2026-09-26T16:31:43Z,c48f042c91328d4d0c6351fc82286879,2026-09-26T17:30:00Z,Maryland Terrapins,UCLA Bruins,mybookieag,MyBookie.ag,2026-09-26T16:31:15Z,2026-09-26T16:31:15Z,Maryland Terrapins,2.5,-110.0,2026,2026-09-26T16:31:43Z,1070,12.416874875173548,7.790543227887868,7.12633164728568,b4347a6d6451334b228bf748d98cbd30b34b222852b6631cc98ff41b5e407018,timestamped_live_quote,FBS vs FBS
2026-09-26T16:31:43Z,c48f042c91328d4d0c6351fc82286879,2026-09-26T17:30:00Z,Maryland Terrapins,UCLA Bruins,mybookieag,MyBookie.ag,2026-09-26T16:31:15Z,2026-09-26T16:31:15Z,UCLA Bruins,-2.5,-110.0,2026,2026-09-26T16:31:43Z,1070,12.416874875173548,7.790543227887868,7.12633164728568,b4347a6d6451334b228bf748d98cbd30b34b222852b6631cc98ff41b5e407018,timestamped_live_quote,FBS vs FBS
2026-09-26T16:31:43Z,c48f042c91328d4d0c6351fc82286879,2026-09-26T17:30:00Z,Maryland Terrapins,UCLA Bruins,betonlineag,BetOnline.ag,2026-09-26T16:30:54Z,2026-09-26T16:30:49Z,Maryland Terrapins,2.0,-103.0,2026,2026-09-26T16:31:43Z,1070,12.416874875173548,7.790543227887868,7.12633164728568,b4347a6d6451334b228bf748d98cbd30b34b222852b6631cc98ff41b5e407018,timestamped_live_quote,FBS vs FBS
2026-09-26T16:31:43Z,c48f042c91328d4d0c6351fc82286879,2026-09-26T17:30:00Z,Maryland Terrapins,UCLA Bruins,betonlineag,BetOnline.ag,2026-09-26T16:30:54Z,2026-09-26T16:30:49Z,UCLA Bruins,-2.0,-117.0,2026,2026-09-26T16:31:43Z,1070,12.416874875173548,7.790543227887868,7.12633164728568,b4347a6d6451334b228bf748d98cbd30b34b222852b6631cc98ff41b5e407018,timestamped_live_quote,FBS vs FBS
2026-09-26T16:31:43Z,c48f042c91328d4d0c6351fc82286879,2026-09-26T17:30:00Z,Maryland Terrapins,UCLA Bruins,lowvig,LowVig.ag,2026-09-26T16:31:23Z,2026-09-26T16:31:22Z,Maryland Terrapins,2.0,101.0,2026,2026-09-26T16:31:43Z,1070,12.416874875173548,7.790543227887868,7.12633164728568,b4347a6d6451334b228bf748d98cbd30b34b222852b6631cc98ff41b5e407018,timestamped_live_quote,FBS vs FBS
2026-09-26T16:31:43Z,c48f042c91328d4d0c6351fc82286879,2026-09-26T17:30:00Z,Maryland Terrapins,UCLA Bruins,lowvig,LowVig.ag,2026-09-26T16:31:23Z,2026-09-26T16:31:22Z,UCLA Bruins,-2.0,-113.0,2026,2026-09-26T16:31:43Z,1070,12.416874875173548,7.790543227887868,7.12633164728568,b4347a6d6451334b228bf748d98cbd30b34b222852b6631cc98ff41b5e407018,timestamped_live_quote,FBS vs FBS
2026-09-26T16:31:43Z,c48f042c91328d4d0c6351fc82286879,2026-09-26T17:30:00Z,Maryland Terrapins,UCLA Bruins,betus,BetUS,2026-09-26T16:31:42Z,2026-09-26T16:31:42Z,Maryland Terrapins,2.5,-110.0,2026,2026-09-26T16:31:43Z,1070,12.416874875173548,7.790543227887868,7.12633164728568,b4347a6d6451334b228bf748d98cbd30b34b222852b6631cc98ff41b5e407018,timestamped_live_quote,FBS vs FBS
2026-09-26T16:31:43Z,c48f042c91328d4d0c6351fc82286879,2026-09-26T17:30:00Z,Maryland Terrapins,UCLA Bruins,betus,BetUS,2026-09-26T16:31:42Z,2026-09-26T16:31:42Z,UCLA Bruins,-2.5,-110.0,2026,2026-09-26T16:31:43Z,1070,12.416874875173548,7.790543227887868,7.12633164728568,b4347a6d6451334b228bf748d98cbd30b34b222852b6631cc98ff41b5e407018,timestamped_live_quote,FBS vs FBS
2026-09-26T16:31:43Z,c48f042c91328d4d0c6351fc82286879,2026-09-26T17:30:00Z,Maryland Terrapins,UCLA Bruins,betmgm,BetMGM,2026-09-26T16:31:08Z,2026-09-26T16:31:08Z,Maryland Terrapins,2.5,-105.0,2026,2026-09-26T16:31:43Z,1070,12.416874875173548,7.790543227887868,7.12633164728568,b4347a6d6451334b228bf748d98cbd30b34b222852b6631cc98ff41b5e407018,timestamped_live_quote,FBS vs FBS
2026-09-26T16:31:43Z,c48f042c91328d4d0c6351fc82286879,2026-09-26T17:30:00Z,Maryland Terrapins,UCLA Bruins,betmgm,BetMGM,2026-09-26T16:31:08Z,2026-09-26T16:31:08Z,UCLA Bruins,-2.5,-112.0,2026,2026-09-26T16:31:43Z,1070,12.416874875173548,7.790543227887868,7.12633164728568,b4347a6d6451334b228bf748d98cbd30b34b222852b6631cc98ff41b5e407018,timestamped_live_quote,FBS vs FBS
2026-09-26T16:31:43Z,c48f042c91328d4d0c6351fc82286879,2026-09-26T17:30:00Z,Maryland Terrapins,UCLA Bruins,bovada,Bovada,2026-09-26T16:30:53Z,2026-09-26T16:30:53Z,Maryland Terrapins,2.5,-105.0,2026,2026-09-26T16:31:43Z,1070,12.416874875173548,7.790543227887868,7.12633164728568,b4347a6d6451334b228bf748d98cbd30b34b222852b6631cc98ff41b5e407018,timestamped_live_quote,FBS vs FBS
2026-09-26T16:31:43Z,c48f042c91328d4d0c6351fc82286879,2026-09-26T17:30:00Z,Maryland Terrapins,UCLA Bruins,bovada,Bovada,2026-09-26T16:30:53Z,2026-09-26T16:30:53Z,UCLA Bruins,-2.5,-115.0,2026,2026-09-26T16:31:43Z,1070,12.416874875173548,7.790543227887868,7.12633164728568,b4347a6d6451334b228bf748d98cbd30b34b222852b6631cc98ff41b5e407018,timestamped_live_quote,FBS vs FBS
2026-09-26T16:31:43Z,24fb2d1fd0598bde048322b6463e0c78,2026-09-26T18:00:00Z,Georgia State Panthers,Northern Illinois Huskies,fanduel,FanDuel,2026-09-26T16:31:24Z,2026-09-26T16:31:24Z,Georgia State Panthers,-10.5,-105.0,2026,2026-09-26T16:31:43Z,1070,7.777890988753479,-4.342384644205371,14.620275632958851,b4347a6d6451334b228bf748d98cbd30b34b222852b6631cc98ff41b5e407018,timestamped_live_quote,FBS vs FBS
2026-09-26T16:31:43Z,24fb2d1fd0598bde048322b6463e0c78,2026-09-26T18:00:00Z,Georgia State Panthers,Northern Illinois Huskies,fanduel,FanDuel,2026-09-26T16:31:24Z,2026-09-26T16:31:24Z,Northern Illinois Huskies,10.5,-115.0,2026,2026-09-26T16:31:43Z,1070,7.777890988753479,-4.342384644205371,14.620275632958851,b4347a6d6451334b228bf748d98cbd30b34b222852b6631cc98ff41b5e407018,timestamped_live_quote,FBS vs FBS
2026-09-26T16:31:43Z,24fb2d1fd0598bde048322b6463e0c78,2026-09-26T18:00:00Z,Georgia State Panthers,Northern Illinois Huskies,mybookieag,MyBookie.ag,2026-09-26T16:31:15Z,2026-09-26T16:31:15Z,Georgia State Panthers,-10.5,-110.0,2026,2026-09-26T16:31:43Z,1070,7.777890988753479,-4.342384644205371,14.620275632958851,b4347a6d6451334b228bf748d98cbd30b34b222852b6631cc98ff41b5e407018,timestamped_live_quote,FBS vs FBS
2026-09-26T16:31:43Z,24fb2d1fd0598bde048322b6463e0c78,2026-09-26T18:00:00Z,Georgia State Panthers,Northern Illinois Huskies,mybookieag,MyBookie.ag,2026-09-26T16:31:15Z,2026-09-26T16:31:15Z,Northern Illinois Huskies,10.5,-110.0,2026,2026-09-26T16:31:43Z,1070,7.777890988753479,-4.342384644205371,14.620275632958851,b4347a6d6451334b228bf748d98cbd30b34b222852b6631cc98ff41b5e407018,timestamped_live_quote,FBS vs FBS
2026-09-26T16:31:43Z,24fb2d1fd0598bde048322b6463e0c78,2026-09-26T18:00:00Z,Georgia State Panthers,Northern Illinois Huskies,betrivers,BetRivers,2026-09-26T16:30:52Z,2026-09-26T16:30:52Z,Georgia State Panthers,-9.5,-113.0,2026,2026-09-26T16:31:43Z,1070,7.777890988753479,-4.342384644205371,14.620275632958851,b4347a6d6451334b228bf748d98cbd30b34b222852b6631cc98ff41b5e407018,timestamped_live_quote,FBS vs FBS
2026-09-26T16:31:43Z,24fb2d1fd0598bde048322b6463e0c78,2026-09-26T18:00:00Z,Georgia State Panthers,Northern Illinois Huskies,betrivers,BetRivers,2026-09-26T16:30:52Z,2026-09-26T16:30:52Z,Northern Illinois Huskies,9.5,-110.0,2026,2026-09-26T16:31:43Z,1070,7.777890988753479,-4.342384644205371,14.620275632958851,b4347a6d6451334b228bf748d98cbd30b34b222852b6631cc98ff41b5e407018,timestamped_live_quote,FBS vs FBS
2026-09-26T16:31:43Z,24fb2d1fd0598bde048322b6463e0c78,2026-09-26T18:00:00Z,Georgia State Panthers,Northern Illinois Huskies,draftkings,DraftKings,2026-09-26T16:31:43Z,2026-09-26T16:31:43Z,Georgia State Panthers,-10.5,-102.0,2026,2026-09-26T16:31:43Z,1070,7.777890988753479,-4.342384644205371,14.620275632958851,b4347a6d6451334b228bf748d98cbd30b34b222852b6631cc98ff41b5e407018,timestamped_live_quote,FBS vs FBS
2026-09-26T16:31:43Z,24fb2d1fd0598bde048322b6463e0c78,2026-09-26T18:00:00Z,Georgia State Panthers,Northern Illinois Huskies,draftkings,DraftKings,2026-09-26T16:31:43Z,2026-09-26T16:31:43Z,Northern Illinois Huskies,10.5,-118.0,2026,2026-09-26T16:31:43Z,1070,7.777890988753479,-4.342384644205371,14.620275632958851,b4347a6d6451334b228bf748d98cbd30b34b222852b6631cc98ff41b5e407018,timestamped_live_quote,FBS vs FBS
2026-09-26T16:31:43Z,24fb2d1fd0598bde048322b6463e0c78,2026-09-26T18:00:00Z,Georgia State Panthers,Northern Illinois Huskies,lowvig,LowVig.ag,2026-09-26T16:31:23Z,2026-09-26T16:31:22Z,Georgia State Panthers,-10.5,103.0,2026,2026-09-26T16:31:43Z,1070,7.777890988753479,-4.342384644205371,14.620275632958851,b4347a6d6451334b228bf748d98cbd30b34b222852b6631cc98ff41b5e407018,timestamped_live_quote,FBS vs FBS
2026-09-26T16:31:43Z,24fb2d1fd0598bde048322b6463e0c78,2026-09-26T18:00:00Z,Georgia State Panthers,Northern Illinois Huskies,lowvig,LowVig.ag,2026-09-26T16:31:23Z,2026-09-26T16:31:22Z,Northern Illinois Huskies,10.5,-115.0,2026,2026-09-26T16:31:43Z,1070,7.777890988753479,-4.342384644205371,14.620275632958851,b4347a6d6451334b228bf748d98cbd30b34b222852b6631cc98ff41b5e407018,timestamped_live_quote,FBS vs FBS
2026-09-26T16:31:43Z,24fb2d1fd0598bde048322b6463e0c78,2026-09-26T18:00:00Z,Georgia State Panthers,Northern Illinois Huskies,betonlineag,BetOnline.ag,2026-09-26T16:30:54Z,2026-09-26T16:30:49Z,Georgia State Panthers,-10.5,-105.0,2026,2026-09-26T16:31:43Z,1070,7.777890988753479,-4.342384644205371,14.620275632958851,b4347a6d6451334b228bf748d98cbd30b34b222852b6631cc98ff41b5e407018,timestamped_live_quote,FBS vs FBS
2026-09-26T16:31:43Z,24fb2d1fd0598bde048322b6463e0c78,2026-09-26T18:00:00Z,Georgia State Panthers,Northern Illinois Huskies,betonlineag,BetOnline.ag,2026-09-26T16:30:54Z,2026-09-26T16:30:49Z,Northern Illinois Huskies,10.5,-115.0,2026,2026-09-26T16:31:43Z,1070,7.777890988753479,-4.342384644205371,14.620275632958851,b4347a6d6451334b228bf748d98cbd30b34b222852b6631cc98ff41b5e407018,timestamped_live_quote,FBS vs FBS
2026-09-26T16:31:43Z,24fb2d1fd0598bde048322b6463e0c78,2026-09-26T18:00:00Z,Georgia State Panthers,Northern Illinois Huskies,betmgm,BetMGM,2026-09-26T16:31:08Z,2026-09-26T16:31:08Z,Georgia State Panthers,-10.0,-108.0,2026,2026-09-26T16:31:43Z,1070,7.777890988753479,-4.342384644205371,14.620275632958851,b4347a6d6451334b228bf748d98cbd30b34b222852b6631cc98ff41b5e407018,timestamped_live_quote,FBS vs FBS
2026-09-26T16:31:43Z,24fb2d1fd0598bde048322b6463e0c78,2026-09-26T18:00:00Z,Georgia State Panthers,Northern Illinois Huskies,betmgm,BetMGM,2026-09-26T16:31:08Z,2026-09-26T16:31:08Z,Northern Illinois Huskies,10.0,-110.0,2026,2026-09-26T16:31:43Z,1070,7.777890988753479,-4.342384644205371,14.620275632958851,b4347a6d6451334b228bf748d98cbd30b34b222852b6631cc98ff41b5e407018,timestamped_live_quote,FBS vs FBS
2026-09-26T16:31:43Z,24fb2d1fd0598bde048322b6463e0c78,2026-09-26T18:00:00Z,Georgia State Panthers,Northern Illinois Huskies,betus,BetUS,2026-09-26T16:31:42Z,2026-09-26T16:31:42Z,Georgia State Panthers,-10.5,-105.0,2026,2026-09-26T16:31:43Z,1070,7.777890988753479,-4.342384644205371,14.620275632958851,b4347a6d6451334b228bf748d98cbd30b34b222852b6631cc98ff41b5e407018,timestamped_live_quote,FBS vs FBS
2026-09-26T16:31:43Z,24fb2d1fd0598bde048322b6463e0c78,2026-09-26T18:00:00Z,Georgia State Panthers,Northern Illinois Huskies,betus,BetUS,2026-09-26T16:31:42Z,2026-09-26T16:31:42Z,Northern Illinois Huskies,10.5,-115.0,2026,2026-09-26T16:31:43Z,1070,7.777890988753479,-4.342384644205371,14.620275632958851,b4347a6d6451334b228bf748d98cbd30b34b222852b6631cc98ff41b5e407018,timestamped_live_quote,FBS vs FBS
2026-09-26T16:31:43Z,24fb2d1fd0598bde048322b6463e0c78,2026-09-26T18:00:00Z,Georgia State Panthers,Northern Illinois Huskies,bovada,Bovada,2026-09-26T16:30:53Z,2026-09-26T16:30:53Z,Georgia State Panthers,-10.0,-115.0,2026,2026-09-26T16:31:43Z,1070,7.777890988753479,-4.342384644205371,14.620275632958851,b4347a6d6451334b228bf748d98cbd30b34b222852b6631cc98ff41b5e407018,timestamped_live_quote,FBS vs FBS
2026-09-26T16:31:43Z,24fb2d1fd0598bde048322b6463e0c78,2026-09-26T18:00:00Z,Georgia State Panthers,Northern Illinois Huskies,bovada,Bovada,2026-09-26T16:30:53Z,2026-09-26T16:30:53Z,Northern Illinois Huskies,10.0,-105.0,2026,2026-09-26T16:31:43Z,1070,7.777890988753479,-4.342384644205371,14.620275632958851,b4347a6d6451334b228bf748d98cbd30b34b222852b6631cc98ff41b5e407018,timestamped_live_quote,FBS vs FBS
2026-09-26T16:31:43Z,bf2cffa30d89eb2ce1b4d0f91561f66d,2026-09-26T18:00:00Z,Purdue Boilermakers,Notre Dame Fighting Irish,fanduel,FanDuel,2026-09-26T16:31:24Z,2026-09-26T16:31:23Z,Notre Dame Fighting Irish,-27.5,-110.0,2026,2026-09-26T16:31:43Z,1070,2.511501592724595,14.392368069487837,-9.380866476763241,b4347a6d6451334b228bf748d98cbd30b34b222852b6631cc98ff41b5e407018,timestamped_live_quote,FBS vs FBS
2026-09-26T16:31:43Z,bf2cffa30d89eb2ce1b4d0f91561f66d,2026-09-26T18:00:00Z,Purdue Boilermakers,Notre Dame Fighting Irish,fanduel,FanDuel,2026-09-26T16:31:24Z,2026-09-26T16:31:23Z,Purdue Boilermakers,27.5,-110.0,2026,2026-09-26T16:31:43Z,1070,2.511501592724595,14.392368069487837,-9.380866476763241,b4347a6d6451334b228bf748d98cbd30b34b222852b6631cc98ff41b5e407018,timestamped_live_quote,FBS vs FBS
2026-09-26T16:31:43Z,bf2cffa30d89eb2ce1b4d0f91561f66d,2026-09-26T18:00:00Z,Purdue Boilermakers,Notre Dame Fighting Irish,draftkings,DraftKings,2026-09-26T16:31:43Z,2026-09-26T16:31:43Z,Notre Dame Fighting Irish,-27.5,-105.0,2026,2026-09-26T16:31:43Z,1070,2.511501592724595,14.392368069487837,-9.380866476763241,b4347a6d6451334b228bf748d98cbd30b34b222852b6631cc98ff41b5e407018,timestamped_live_quote,FBS vs FBS
2026-09-26T16:31:43Z,bf2cffa30d89eb2ce1b4d0f91561f66d,2026-09-26T18:00:00Z,Purdue Boilermakers,Notre Dame Fighting Irish,draftkings,DraftKings,2026-09-26T16:31:43Z,2026-09-26T16:31:43Z,Purdue Boilermakers,27.5,-115.0,2026,2026-09-26T16:31:43Z,1070,2.511501592724595,14.392368069487837,-9.380866476763241,b4347a6d6451334b228bf748d98cbd30b34b222852b6631cc98ff41b5e407018,timestamped_live_quote,FBS vs FBS
2026-09-26T16:31:43Z,bf2cffa30d89eb2ce1b4d0f91561f66d,2026-09-26T18:00:00Z,Purdue Boilermakers,Notre Dame Fighting Irish,mybookieag,MyBookie.ag,2026-09-26T16:31:15Z,2026-09-26T16:31:15Z,Notre Dame Fighting Irish,-27.5,-110.0,2026,2026-09-26T16:31:43Z,1070,2.511501592724595,14.392368069487837,-9.380866476763241,b4347a6d6451334b228bf748d98cbd30b34b222852b6631cc98ff41b5e407018,timestamped_live_quote,FBS vs FBS
2026-09-26T16:31:43Z,bf2cffa30d89eb2ce1b4d0f91561f66d,2026-09-26T18:00:00Z,Purdue Boilermakers,Notre Dame Fighting Irish,mybookieag,MyBookie.ag,2026-09-26T16:31:15Z,2026-09-26T16:31:15Z,Purdue Boilermakers,27.5,-110.0,2026,2026-09-26T16:31:43Z,1070,2.511501592724595,14.392368069487837,-9.380866476763241,b4347a6d6451334b228bf748d98cbd30b34b222852b6631cc98ff41b5e407018,timestamped_live_quote,FBS vs FBS
2026-09-26T16:31:43Z,bf2cffa30d89eb2ce1b4d0f91561f66d,2026-09-26T18:00:00Z,Purdue Boilermakers,Notre Dame Fighting Irish,betrivers,BetRivers,2026-09-26T16:30:52Z,2026-09-26T16:30:52Z,Notre Dame Fighting Irish,-27.5,-109.0,2026,2026-09-26T16:31:43Z,1070,2.511501592724595,14.392368069487837,-9.380866476763241,b4347a6d6451334b228bf748d98cbd30b34b222852b6631cc98ff41b5e407018,timestamped_live_quote,FBS vs FBS
2026-09-26T16:31:43Z,bf2cffa30d89eb2ce1b4d0f91561f66d,2026-09-26T18:00:00Z,Purdue Boilermakers,Notre Dame Fighting Irish,betrivers,BetRivers,2026-09-26T16:30:52Z,2026-09-26T16:30:52Z,Purdue Boilermakers,27.5,-114.0,2026,2026-09-26T16:31:43Z,1070,2.511501592724595,14.392368069487837,-9.380866476763241,b4347a6d6451334b228bf748d98cbd30b34b222852b6631cc98ff41b5e407018,timestamped_live_quote,FBS vs FBS
2026-09-26T16:31:43Z,bf2cffa30d89eb2ce1b4d0f91561f66d,2026-09-26T18:00:00Z,Purdue Boilermakers,Notre Dame Fighting Irish,betonlineag,BetOnline.ag,2026-09-26T16:30:54Z,2026-09-26T16:30:49Z,Notre Dame Fighting Irish,-27.0,-110.0,2026,2026-09-26T16:31:43Z,1070,2.511501592724595,14.392368069487837,-9.380866476763241,b4347a6d6451334b228bf748d98cbd30b34b222852b6631cc98ff41b5e407018,timestamped_live_quote,FBS vs FBS
2026-09-26T16:31:43Z,bf2cffa30d89eb2ce1b4d0f91561f66d,2026-09-26T18:00:00Z,Purdue Boilermakers,Notre Dame Fighting Irish,betonlineag,BetOnline.ag,2026-09-26T16:30:54Z,2026-09-26T16:30:49Z,Purdue Boilermakers,27.0,-110.0,2026,2026-09-26T16:31:43Z,1070,2.511501592724595,14.392368069487837,-9.380866476763241,b4347a6d6451334b228bf748d98cbd30b34b222852b6631cc98ff41b5e407018,timestamped_live_quote,FBS vs FBS
2026-09-26T16:31:43Z,bf2cffa30d89eb2ce1b4d0f91561f66d,2026-09-26T18:00:00Z,Purdue Boilermakers,Notre Dame Fighting Irish,lowvig,LowVig.ag,2026-09-26T16:31:23Z,2026-09-26T16:31:22Z,Notre Dame Fighting Irish,-27.0,-106.0,2026,2026-09-26T16:31:43Z,1070,2.511501592724595,14.392368069487837,-9.380866476763241,b4347a6d6451334b228bf748d98cbd30b34b222852b6631cc98ff41b5e407018,timestamped_live_quote,FBS vs FBS
2026-09-26T16:31:43Z,bf2cffa30d89eb2ce1b4d0f91561f66d,2026-09-26T18:00:00Z,Purdue Boilermakers,Notre Dame Fighting Irish,lowvig,LowVig.ag,2026-09-26T16:31:23Z,2026-09-26T16:31:22Z,Purdue Boilermakers,27.0,-106.0,2026,2026-09-26T16:31:43Z,1070,2.511501592724595,14.392368069487837,-9.380866476763241,b4347a6d6451334b228bf748d98cbd30b34b222852b6631cc98ff41b5e407018,timestamped_live_quote,FBS vs FBS
2026-09-26T16:31:43Z,bf2cffa30d89eb2ce1b4d0f91561f66d,2026-09-26T18:00:00Z,Purdue Boilermakers,Notre Dame Fighting Irish,betmgm,BetMGM,2026-09-26T16:31:08Z,2026-09-26T16:31:08Z,Notre Dame Fighting Irish,-27.0,-110.0,2026,2026-09-26T16:31:43Z,1070,2.511501592724595,14.392368069487837,-9.380866476763241,b4347a6d6451334b228bf748d98cbd30b34b222852b6631cc98ff41b5e407018,timestamped_live_quote,FBS vs FBS
2026-09-26T16:31:43Z,bf2cffa30d89eb2ce1b4d0f91561f66d,2026-09-26T18:00:00Z,Purdue Boilermakers,Notre Dame Fighting Irish,betmgm,BetMGM,2026-09-26T16:31:08Z,2026-09-26T16:31:08Z,Purdue Boilermakers,27.0,-108.0,2026,2026-09-26T16:31:43Z,1070,2.511501592724595,14.392368069487837,-9.380866476763241,b4347a6d6451334b228bf748d98cbd30b34b222852b6631cc98ff41b5e407018,timestamped_live_quote,FBS vs FBS
2026-09-26T16:31:43Z,bf2cffa30d89eb2ce1b4d0f91561f66d,2026-09-26T18:00:00Z,Purdue Boilermakers,Notre Dame Fighting Irish,betus,BetUS,2026-09-26T16:31:42Z,2026-09-26T16:31:42Z,Notre Dame Fighting Irish,-27.0,-110.0,2026,2026-09-26T16:31:43Z,1070,2.511501592724595,14.392368069487837,-9.380866476763241,b4347a6d6451334b228bf748d98cbd30b34b222852b6631cc98ff41b5e407018,timestamped_live_quote,FBS vs FBS
2026-09-26T16:31:43Z,bf2cffa30d89eb2ce1b4d0f91561f66d,2026-09-26T18:00:00Z,Purdue Boilermakers,Notre Dame Fighting Irish,betus,BetUS,2026-09-26T16:31:42Z,2026-09-26T16:31:42Z,Purdue Boilermakers,27.0,-110.0,2026,2026-09-26T16:31:43Z,1070,2.511501592724595,14.392368069487837,-9.380866476763241,b4347a6d6451334b228bf748d98cbd30b34b222852b6631cc98ff41b5e407018,timestamped_live_quote,FBS vs FBS
2026-09-26T16:31:43Z,bf2cffa30d89eb2ce1b4d0f91561f66d,2026-09-26T18:00:00Z,Purdue Boilermakers,Notre Dame Fighting Irish,bovada,Bovada,2026-09-26T16:30:53Z,2026-09-26T16:30:53Z,Notre Dame Fighting Irish,-27.5,-110.0,2026,2026-09-26T16:31:43Z,1070,2.511501592724595,14.392368069487837,-9.380866476763241,b4347a6d6451334b228bf748d98cbd30b34b222852b6631cc98ff41b5e407018,timestamped_live_quote,FBS vs FBS
2026-09-26T16:31:43Z,bf2cffa30d89eb2ce1b4d0f91561f66d,2026-09-26T18:00:00Z,Purdue Boilermakers,Notre Dame Fighting Irish,bovada,Bovada,2026-09-26T16:30:53Z,2026-09-26T16:30:53Z,Purdue Boilermakers,27.5,-110.0,2026,2026-09-26T16:31:43Z,1070,2.511501592724595,14.392368069487837,-9.380866476763241,b4347a6d6451334b228bf748d98cbd30b34b222852b6631cc98ff41b5e407018,timestamped_live_quote,FBS vs FBS
2026-09-26T16:31:43Z,752cd9cc9331543601fd37f21b8c7430,2026-09-26T19:00:00Z,Florida State Seminoles,Central Arkansas Bears,fanduel,FanDuel,2026-09-26T16:31:24Z,2026-09-26T16:31:24Z,Central Arkansas Bears,46.5,-110.0,2026,2026-09-26T16:31:43Z,1070,,,,b4347a6d6451334b228bf748d98cbd30b34b222852b6631cc98ff41b5e407018,division_safety_suppressed,Unverified division / FCS: model suppressed
2026-09-26T16:31:43Z,752cd9cc9331543601fd37f21b8c7430,2026-09-26T19:00:00Z,Florida State Seminoles,Central Arkansas Bears,fanduel,FanDuel,2026-09-26T16:31:24Z,2026-09-26T16:31:24Z,Florida State Seminoles,-46.5,-110.0,2026,2026-09-26T16:31:43Z,1070,,,,b4347a6d6451334b228bf748d98cbd30b34b222852b6631cc98ff41b5e407018,division_safety_suppressed,Unverified division / FCS: model suppressed
2026-09-26T16:31:43Z,752cd9cc9331543601fd37f21b8c7430,2026-09-26T19:00:00Z,Florida State Seminoles,Central Arkansas Bears,betrivers,BetRivers,2026-09-26T16:30:52Z,2026-09-26T16:30:52Z,Central Arkansas Bears,46.0,-109.0,2026,2026-09-26T16:31:43Z,1070,,,,b4347a6d6451334b228bf748d98cbd30b34b222852b6631cc98ff41b5e407018,division_safety_suppressed,Unverified division / FCS: model suppressed
2026-09-26T16:31:43Z,752cd9cc9331543601fd37f21b8c7430,2026-09-26T19:00:00Z,Florida State Seminoles,Central Arkansas Bears,betrivers,BetRivers,2026-09-26T16:30:52Z,2026-09-26T16:30:52Z,Florida State Seminoles,-46.0,-114.0,2026,2026-09-26T16:31:43Z,1070,,,,b4347a6d6451334b228bf748d98cbd30b34b222852b6631cc98ff41b5e407018,division_safety_suppressed,Unverified division / FCS: model suppressed
2026-09-26T16:31:43Z,752cd9cc9331543601fd37f21b8c7430,2026-09-26T19:00:00Z,Florida State Seminoles,Central Arkansas Bears,draftkings,DraftKings,2026-09-26T16:31:43Z,2026-09-26T16:31:43Z,Central Arkansas Bears,46.5,-115.0,2026,2026-09-26T16:31:43Z,1070,,,,b4347a6d6451334b228bf748d98cbd30b34b222852b6631cc98ff41b5e407018,division_safety_suppressed,Unverified division / FCS: model suppressed
2026-09-26T16:31:43Z,752cd9cc9331543601fd37f21b8c7430,2026-09-26T19:00:00Z,Florida State Seminoles,Central Arkansas Bears,draftkings,DraftKings,2026-09-26T16:31:43Z,2026-09-26T16:31:43Z,Florida State Seminoles,-46.5,-105.0,2026,2026-09-26T16:31:43Z,1070,,,,b4347a6d6451334b228bf748d98cbd30b34b222852b6631cc98ff41b5e407018,division_safety_suppressed,Unverified division / FCS: model suppressed
2026-09-26T16:31:43Z,752cd9cc9331543601fd37f21b8c7430,2026-09-26T19:00:00Z,Florida State Seminoles,Central Arkansas Bears,lowvig,LowVig.ag,2026-09-26T16:31:23Z,2026-09-26T16:31:22Z,Central Arkansas Bears,46.5,-110.0,2026,2026-09-26T16:31:43Z,1070,,,,b4347a6d6451334b228bf748d98cbd30b34b222852b6631cc98ff41b5e407018,division_safety_suppressed,Unverified division / FCS: model suppressed
2026-09-26T16:31:43Z,752cd9cc9331543601fd37f21b8c7430,2026-09-26T19:00:00Z,Florida State Seminoles,Central Arkansas Bears,lowvig,LowVig.ag,2026-09-26T16:31:23Z,2026-09-26T16:31:22Z,Florida State Seminoles,-46.5,-110.0,2026,2026-09-26T16:31:43Z,1070,,,,b4347a6d6451334b228bf748d98cbd30b34b222852b6631cc98ff41b5e407018,division_safety_suppressed,Unverified division / FCS: model suppressed
2026-09-26T16:31:43Z,752cd9cc9331543601fd37f21b8c7430,2026-09-26T19:00:00Z,Florida State Seminoles,Central Arkansas Bears,betonlineag,BetOnline.ag,2026-09-26T16:30:54Z,2026-09-26T16:30:51Z,Central Arkansas Bears,46.5,-110.0,2026,2026-09-26T16:31:43Z,1070,,,,b4347a6d6451334b228bf748d98cbd30b34b222852b6631cc98ff41b5e407018,division_safety_suppressed,Unverified division / FCS: model suppressed
2026-09-26T16:31:43Z,752cd9cc9331543601fd37f21b8c7430,2026-09-26T19:00:00Z,Florida State Seminoles,Central Arkansas Bears,betonlineag,BetOnline.ag,2026-09-26T16:30:54Z,2026-09-26T16:30:51Z,Florida State Seminoles,-46.5,-110.0,2026,2026-09-26T16:31:43Z,1070,,,,b4347a6d6451334b228bf748d98cbd30b34b222852b6631cc98ff41b5e407018,division_safety_suppressed,Unverified division / FCS: model suppressed
2026-09-26T16:31:43Z,752cd9cc9331543601fd37f21b8c7430,2026-09-26T19:00:00Z,Florida State Seminoles,Central Arkansas Bears,bovada,Bovada,2026-09-26T16:30:53Z,2026-09-26T16:30:53Z,Central Arkansas Bears,46.5,-105.0,2026,2026-09-26T16:31:43Z,1070,,,,b4347a6d6451334b228bf748d98cbd30b34b222852b6631cc98ff41b5e407018,division_safety_suppressed,Unverified division / FCS: model suppressed
2026-09-26T16:31:43Z,752cd9cc9331543601fd37f21b8c7430,2026-09-26T19:00:00Z,Florida State Seminoles,Central Arkansas Bears,bovada,Bovada,2026-09-26T16:30:53Z,2026-09-26T16:30:53Z,Florida State Seminoles,-46.5,-115.0,2026,2026-09-26T16:31:43Z,1070,,,,b4347a6d6451334b228bf748d98cbd30b34b222852b6631cc98ff41b5e407018,division_safety_suppressed,Unverified division / FCS: model suppressed
2026-09-26T16:31:43Z,752cd9cc9331543601fd37f21b8c7430,2026-09-26T19:00:00Z,Florida State Seminoles,Central Arkansas Bears,betmgm,BetMGM,2026-09-26T16:31:08Z,2026-09-26T16:31:08Z,Central Arkansas Bears,46.5,-110.0,2026,2026-09-26T16:31:43Z,1070,,,,b4347a6d6451334b228bf748d98cbd30b34b222852b6631cc98ff41b5e407018,division_safety_suppressed,Unverified division / FCS: model suppressed
2026-09-26T16:31:43Z,752cd9cc9331543601fd37f21b8c7430,2026-09-26T19:00:00Z,Florida State Seminoles,Central Arkansas Bears,betmgm,BetMGM,2026-09-26T16:31:08Z,2026-09-26T16:31:08Z,Florida State Seminoles,-46.5,-108.0,2026,2026-09-26T16:31:43Z,1070,,,,b4347a6d6451334b228bf748d98cbd30b34b222852b6631cc98ff41b5e407018,division_safety_suppressed,Unverified division / FCS: model suppressed
2026-09-26T16:31:43Z,fc7c77e060e8ba29a61de994be1497c0,2026-09-26T19:00:00Z,Wyoming Cowboys,Hawaii Rainbow Warriors,fanduel,FanDuel,2026-09-26T16:31:24Z,2026-09-26T16:31:24Z,Hawaii Rainbow Warriors,-2.5,-110.0,2026,2026-09-26T16:31:43Z,1070,-3.3349428697353023,-3.89848186764938,3.063538997914078,b4347a6d6451334b228bf748d98cbd30b34b222852b6631cc98ff41b5e407018,timestamped_live_quote,FBS vs FBS
2026-09-26T16:31:43Z,fc7c77e060e8ba29a61de994be1497c0,2026-09-26T19:00:00Z,Wyoming Cowboys,Hawaii Rainbow Warriors,fanduel,FanDuel,2026-09-26T16:31:24Z,2026-09-26T16:31:24Z,Wyoming Cowboys,2.5,-110.0,2026,2026-09-26T16:31:43Z,1070,-3.3349428697353023,-3.89848186764938,3.063538997914078,b4347a6d6451334b228bf748d98cbd30b34b222852b6631cc98ff41b5e407018,timestamped_live_quote,FBS vs FBS
2026-09-26T16:31:43Z,fc7c77e060e8ba29a61de994be1497c0,2026-09-26T19:00:00Z,Wyoming Cowboys,Hawaii Rainbow Warriors,mybookieag,MyBookie.ag,2026-09-26T16:31:15Z,2026-09-26T16:31:15Z,Hawaii Rainbow Warriors,-2.5,-110.0,2026,2026-09-26T16:31:43Z,1070,-3.3349428697353023,-3.89848186764938,3.063538997914078,b4347a6d6451334b228bf748d98cbd30b34b222852b6631cc98ff41b5e407018,timestamped_live_quote,FBS vs FBS
2026-09-26T16:31:43Z,fc7c77e060e8ba29a61de994be1497c0,2026-09-26T19:00:00Z,Wyoming Cowboys,Hawaii Rainbow Warriors,mybookieag,MyBookie.ag,2026-09-26T16:31:15Z,2026-09-26T16:31:15Z,Wyoming Cowboys,2.5,-110.0,2026,2026-09-26T16:31:43Z,1070,-3.3349428697353023,-3.89848186764938,3.063538997914078,b4347a6d6451334b228bf748d98cbd30b34b222852b6631cc98ff41b5e407018,timestamped_live_quote,FBS vs FBS
2026-09-26T16:31:43Z,fc7c77e060e8ba29a61de994be1497c0,2026-09-26T19:00:00Z,Wyoming Cowboys,Hawaii Rainbow Warriors,betrivers,BetRivers,2026-09-26T16:30:52Z,2026-09-26T16:30:52Z,Hawaii Rainbow Warriors,-2.0,-112.0,2026,2026-09-26T16:31:43Z,1070,-3.3349428697353023,-3.89848186764938,3.063538997914078,b4347a6d6451334b228bf748d98cbd30b34b222852b6631cc98ff41b5e407018,timestamped_live_quote,FBS vs FBS
2026-09-26T16:31:43Z,fc7c77e060e8ba29a61de994be1497c0,2026-09-26T19:00:00Z,Wyoming Cowboys,Hawaii Rainbow Warriors,betrivers,BetRivers,2026-09-26T16:30:52Z,2026-09-26T16:30:52Z,Wyoming Cowboys,2.0,-110.0,2026,2026-09-26T16:31:43Z,1070,-3.3349428697353023,-3.89848186764938,3.063538997914078,b4347a6d6451334b228bf748d98cbd30b34b222852b6631cc98ff41b5e407018,timestamped_live_quote,FBS vs FBS
2026-09-26T16:31:43Z,fc7c77e060e8ba29a61de994be1497c0,2026-09-26T19:00:00Z,Wyoming Cowboys,Hawaii Rainbow Warriors,draftkings,DraftKings,2026-09-26T16:31:43Z,2026-09-26T16:31:43Z,Hawaii Rainbow Warriors,-2.5,-110.0,2026,2026-09-26T16:31:43Z,1070,-3.3349428697353023,-3.89848186764938,3.063538997914078,b4347a6d6451334b228bf748d98cbd30b34b222852b6631cc98ff41b5e407018,timestamped_live_quote,FBS vs FBS
2026-09-26T16:31:43Z,fc7c77e060e8ba29a61de994be1497c0,2026-09-26T19:00:00Z,Wyoming Cowboys,Hawaii Rainbow Warriors,draftkings,DraftKings,2026-09-26T16:31:43Z,2026-09-26T16:31:43Z,Wyoming Cowboys,2.5,-110.0,2026,2026-09-26T16:31:43Z,1070,-3.3349428697353023,-3.89848186764938,3.063538997914078,b4347a6d6451334b228bf748d98cbd30b34b222852b6631cc98ff41b5e407018,timestamped_live_quote,FBS vs FBS
2026-09-26T16:31:43Z,fc7c77e060e8ba29a61de994be1497c0,2026-09-26T19:00:00Z,Wyoming Cowboys,Hawaii Rainbow Warriors,betonlineag,BetOnline.ag,2026-09-26T16:30:54Z,2026-09-26T16:30:49Z,Hawaii Rainbow Warriors,-2.0,-108.0,2026,2026-09-26T16:31:43Z,1070,-3.3349428697353023,-3.89848186764938,3.063538997914078,b4347a6d6451334b228bf748d98cbd30b34b222852b6631cc98ff41b5e407018,timestamped_live_quote,FBS vs FBS
2026-09-26T16:31:43Z,fc7c77e060e8ba29a61de994be1497c0,2026-09-26T19:00:00Z,Wyoming Cowboys,Hawaii Rainbow Warriors,betonlineag,BetOnline.ag,2026-09-26T16:30:54Z,2026-09-26T16:30:49Z,Wyoming Cowboys,2.0,-112.0,2026,2026-09-26T16:31:43Z,1070,-3.3349428697353023,-3.89848186764938,3.063538997914078,b4347a6d6451334b228bf748d98cbd30b34b222852b6631cc98ff41b5e407018,timestamped_live_quote,FBS vs FBS
2026-09-26T16:31:43Z,fc7c77e060e8ba29a61de994be1497c0,2026-09-26T19:00:00Z,Wyoming Cowboys,Hawaii Rainbow Warriors,lowvig,LowVig.ag,2026-09-26T16:31:23Z,2026-09-26T16:31:22Z,Hawaii Rainbow Warriors,-2.0,-104.0,2026,2026-09-26T16:31:43Z,1070,-3.3349428697353023,-3.89848186764938,3.063538997914078,b4347a6d6451334b228bf748d98cbd30b34b222852b6631cc98ff41b5e407018,timestamped_live_quote,FBS vs FBS
2026-09-26T16:31:43Z,fc7c77e060e8ba29a61de994be1497c0,2026-09-26T19:00:00Z,Wyoming Cowboys,Hawaii Rainbow Warriors,lowvig,LowVig.ag,2026-09-26T16:31:23Z,2026-09-26T16:31:22Z,Wyoming Cowboys,2.0,-108.0,2026,2026-09-26T16:31:43Z,1070,-3.3349428697353023,-3.89848186764938,3.063538997914078,b4347a6d6451334b228bf748d98cbd30b34b222852b6631cc98ff41b5e407018,timestamped_live_quote,FBS vs FBS
2026-09-26T16:31:43Z,fc7c77e060e8ba29a61de994be1497c0,2026-09-26T19:00:00Z,Wyoming Cowboys,Hawaii Rainbow Warriors,betmgm,BetMGM,2026-09-26T16:31:08Z,2026-09-26T16:31:08Z,Hawaii Rainbow Warriors,-2.0,-110.0,2026,2026-09-26T16:31:43Z,1070,-3.3349428697353023,-3.89848186764938,3.063538997914078,b4347a6d6451334b228bf748d98cbd30b34b222852b6631cc98ff41b5e407018,timestamped_live_quote,FBS vs FBS
2026-09-26T16:31:43Z,fc7c77e060e8ba29a61de994be1497c0,2026-09-26T19:00:00Z,Wyoming Cowboys,Hawaii Rainbow Warriors,betmgm,BetMGM,2026-09-26T16:31:08Z,2026-09-26T16:31:08Z,Wyoming Cowboys,2.0,-108.0,2026,2026-09-26T16:31:43Z,1070,-3.3349428697353023,-3.89848186764938,3.063538997914078,b4347a6d6451334b228bf748d98cbd30b34b222852b6631cc98ff41b5e407018,timestamped_live_quote,FBS vs FBS
2026-09-26T16:31:43Z,fc7c77e060e8ba29a61de994be1497c0,2026-09-26T19:00:00Z,Wyoming Cowboys,Hawaii Rainbow Warriors,betus,BetUS,2026-09-26T16:31:42Z,2026-09-26T16:31:42Z,Hawaii Rainbow Warriors,-2.0,-110.0,2026,2026-09-26T16:31:43Z,1070,-3.3349428697353023,-3.89848186764938,3.063538997914078,b4347a6d6451334b228bf748d98cbd30b34b222852b6631cc98ff41b5e407018,timestamped_live_quote,FBS vs FBS
2026-09-26T16:31:43Z,fc7c77e060e8ba29a61de994be1497c0,2026-09-26T19:00:00Z,Wyoming Cowboys,Hawaii Rainbow Warriors,betus,BetUS,2026-09-26T16:31:42Z,2026-09-26T16:31:42Z,Wyoming Cowboys,2.0,-110.0,2026,2026-09-26T16:31:43Z,1070,-3.3349428697353023,-3.89848186764938,3.063538997914078,b4347a6d6451334b228bf748d98cbd30b34b222852b6631cc98ff41b5e407018,timestamped_live_quote,FBS vs FBS
2026-09-26T16:31:43Z,fc7c77e060e8ba29a61de994be1497c0,2026-09-26T19:00:00Z,Wyoming Cowboys,Hawaii Rainbow Warriors,bovada,Bovada,2026-09-26T16:30:53Z,2026-09-26T16:30:53Z,Hawaii Rainbow Warriors,-2.0,-110.0,2026,2026-09-26T16:31:43Z,1070,-3.3349428697353023,-3.89848186764938,3.063538997914078,b4347a6d6451334b228bf748d98cbd30b34b222852b6631cc98ff41b5e407018,timestamped_live_quote,FBS vs FBS
2026-09-26T16:31:43Z,fc7c77e060e8ba29a61de994be1497c0,2026-09-26T19:00:00Z,Wyoming Cowboys,Hawaii Rainbow Warriors,bovada,Bovada,2026-09-26T16:30:53Z,2026-09-26T16:30:53Z,Wyoming Cowboys,2.0,-110.0,2026,2026-09-26T16:31:43Z,1070,-3.3349428697353023,-3.89848186764938,3.063538997914078,b4347a6d6451334b228bf748d98cbd30b34b222852b6631cc98ff41b5e407018,timestamped_live_quote,FBS vs FBS
2026-09-26T16:31:43Z,f0985218c2ed146bb0295c4e9c4a0dd7,2026-09-26T19:30:00Z,Western Michigan Broncos,Boise State Broncos,draftkings,DraftKings,2026-09-26T16:31:43Z,2026-09-26T16:31:43Z,Boise State Broncos,-7.5,-102.0,2026,2026-09-26T16:31:43Z,1070,6.510636433104894,6.206081072038237,2.804555361066657,b4347a6d6451334b228bf748d98cbd30b34b222852b6631cc98ff41b5e407018,timestamped_live_quote,FBS vs FBS
2026-09-26T16:31:43Z,f0985218c2ed146bb0295c4e9c4a0dd7,2026-09-26T19:30:00Z,Western Michigan Broncos,Boise State Broncos,draftkings,DraftKings,2026-09-26T16:31:43Z,2026-09-26T16:31:43Z,Western Michigan Broncos,7.5,-118.0,2026,2026-09-26T16:31:43Z,1070,6.510636433104894,6.206081072038237,2.804555361066657,b4347a6d6451334b228bf748d98cbd30b34b222852b6631cc98ff41b5e407018,timestamped_live_quote,FBS vs FBS
2026-09-26T16:31:43Z,f0985218c2ed146bb0295c4e9c4a0dd7,2026-09-26T19:30:00Z,Western Michigan Broncos,Boise State Broncos,fanduel,FanDuel,2026-09-26T16:31:24Z,2026-09-26T16:31:24Z,Boise State Broncos,-7.5,-102.0,2026,2026-09-26T16:31:43Z,1070,6.510636433104894,6.206081072038237,2.804555361066657,b4347a6d6451334b228bf748d98cbd30b34b222852b6631cc98ff41b5e407018,timestamped_live_quote,FBS vs FBS
2026-09-26T16:31:43Z,f0985218c2ed146bb0295c4e9c4a0dd7,2026-09-26T19:30:00Z,Western Michigan Broncos,Boise State Broncos,fanduel,FanDuel,2026-09-26T16:31:24Z,2026-09-26T16:31:24Z,Western Michigan Broncos,7.5,-120.0,2026,2026-09-26T16:31:43Z,1070,6.510636433104894,6.206081072038237,2.804555361066657,b4347a6d6451334b228bf748d98cbd30b34b222852b6631cc98ff41b5e407018,timestamped_live_quote,FBS vs FBS
2026-09-26T16:31:43Z,f0985218c2ed146bb0295c4e9c4a0dd7,2026-09-26T19:30:00Z,Western Michigan Broncos,Boise State Broncos,mybookieag,MyBookie.ag,2026-09-26T16:31:15Z,2026-09-26T16:31:14Z,Boise State Broncos,-7.5,-110.0,2026,2026-09-26T16:31:43Z,1070,6.510636433104894,6.206081072038237,2.804555361066657,b4347a6d6451334b228bf748d98cbd30b34b222852b6631cc98ff41b5e407018,timestamped_live_quote,FBS vs FBS
2026-09-26T16:31:43Z,f0985218c2ed146bb0295c4e9c4a0dd7,2026-09-26T19:30:00Z,Western Michigan Broncos,Boise State Broncos,mybookieag,MyBookie.ag,2026-09-26T16:31:15Z,2026-09-26T16:31:14Z,Western Michigan Broncos,7.5,-110.0,2026,2026-09-26T16:31:43Z,1070,6.510636433104894,6.206081072038237,2.804555361066657,b4347a6d6451334b228bf748d98cbd30b34b222852b6631cc98ff41b5e407018,timestamped_live_quote,FBS vs FBS
2026-09-26T16:31:43Z,f0985218c2ed146bb0295c4e9c4a0dd7,2026-09-26T19:30:00Z,Western Michigan Broncos,Boise State Broncos,betrivers,BetRivers,2026-09-26T16:30:52Z,2026-09-26T16:30:52Z,Boise State Broncos,-7.5,-106.0,2026,2026-09-26T16:31:43Z,1070,6.510636433104894,6.206081072038237,2.804555361066657,b4347a6d6451334b228bf748d98cbd30b34b222852b6631cc98ff41b5e407018,timestamped_live_quote,FBS vs FBS
2026-09-26T16:31:43Z,f0985218c2ed146bb0295c4e9c4a0dd7,2026-09-26T19:30:00Z,Western Michigan Broncos,Boise State Broncos,betrivers,BetRivers,2026-09-26T16:30:52Z,2026-09-26T16:30:52Z,Western Michigan Broncos,7.5,-117.0,2026,2026-09-26T16:31:43Z,1070,6.510636433104894,6.206081072038237,2.804555361066657,b4347a6d6451334b228bf748d98cbd30b34b222852b6631cc98ff41b5e407018,timestamped_live_quote,FBS vs FBS
2026-09-26T16:31:43Z,f0985218c2ed146bb0295c4e9c4a0dd7,2026-09-26T19:30:00Z,Western Michigan Broncos,Boise State Broncos,lowvig,LowVig.ag,2026-09-26T16:31:23Z,2026-09-26T16:31:22Z,Boise State Broncos,-7.5,100.0,2026,2026-09-26T16:31:43Z,1070,6.510636433104894,6.206081072038237,2.804555361066657,b4347a6d6451334b228bf748d98cbd30b34b222852b6631cc98ff41b5e407018,timestamped_live_quote,FBS vs FBS
2026-09-26T16:31:43Z,f0985218c2ed146bb0295c4e9c4a0dd7,2026-09-26T19:30:00Z,Western Michigan Broncos,Boise State Broncos,lowvig,LowVig.ag,2026-09-26T16:31:23Z,2026-09-26T16:31:22Z,Western Michigan Broncos,7.5,-112.0,2026,2026-09-26T16:31:43Z,1070,6.510636433104894,6.206081072038237,2.804555361066657,b4347a6d6451334b228bf748d98cbd30b34b222852b6631cc98ff41b5e407018,timestamped_live_quote,FBS vs FBS
2026-09-26T16:31:43Z,f0985218c2ed146bb0295c4e9c4a0dd7,2026-09-26T19:30:00Z,Western Michigan Broncos,Boise State Broncos,betonlineag,BetOnline.ag,2026-09-26T16:30:54Z,2026-09-26T16:30:49Z,Boise State Broncos,-7.5,-104.0,2026,2026-09-26T16:31:43Z,1070,6.510636433104894,6.206081072038237,2.804555361066657,b4347a6d6451334b228bf748d98cbd30b34b222852b6631cc98ff41b5e407018,timestamped_live_quote,FBS vs FBS
2026-09-26T16:31:43Z,f0985218c2ed146bb0295c4e9c4a0dd7,2026-09-26T19:30:00Z,Western Michigan Broncos,Boise State Broncos,betonlineag,BetOnline.ag,2026-09-26T16:30:54Z,2026-09-26T16:30:49Z,Western Michigan Broncos,7.5,-116.0,2026,2026-09-26T16:31:43Z,1070,6.510636433104894,6.206081072038237,2.804555361066657,b4347a6d6451334b228bf748d98cbd30b34b222852b6631cc98ff41b5e407018,timestamped_live_quote,FBS vs FBS
2026-09-26T16:31:43Z,f0985218c2ed146bb0295c4e9c4a0dd7,2026-09-26T19:30:00Z,Western Michigan Broncos,Boise State Broncos,betmgm,BetMGM,2026-09-26T16:31:08Z,2026-09-26T16:31:08Z,Boise State Broncos,-7.0,-115.0,2026,2026-09-26T16:31:43Z,1070,6.510636433104894,6.206081072038237,2.804555361066657,b4347a6d6451334b228bf748d98cbd30b34b222852b6631cc98ff41b5e407018,timestamped_live_quote,FBS vs FBS
2026-09-26T16:31:43Z,f0985218c2ed146bb0295c4e9c4a0dd7,2026-09-26T19:30:00Z,Western Michigan Broncos,Boise State Broncos,betmgm,BetMGM,2026-09-26T16:31:08Z,2026-09-26T16:31:08Z,Western Michigan Broncos,7.0,-105.0,2026,2026-09-26T16:31:43Z,1070,6.510636433104894,6.206081072038237,2.804555361066657,b4347a6d6451334b228bf748d98cbd30b34b222852b6631cc98ff41b5e407018,timestamped_live_quote,FBS vs FBS
2026-09-26T16:31:43Z,f0985218c2ed146bb0295c4e9c4a0dd7,2026-09-26T19:30:00Z,Western Michigan Broncos,Boise State Broncos,betus,BetUS,2026-09-26T16:31:42Z,2026-09-26T16:31:42Z,Boise State Broncos,-7.5,-105.0,2026,2026-09-26T16:31:43Z,1070,6.510636433104894,6.206081072038237,2.804555361066657,b4347a6d6451334b228bf748d98cbd30b34b222852b6631cc98ff41b5e407018,timestamped_live_quote,FBS vs FBS
2026-09-26T16:31:43Z,f0985218c2ed146bb0295c4e9c4a0dd7,2026-09-26T19:30:00Z,Western Michigan Broncos,Boise State Broncos,betus,BetUS,2026-09-26T16:31:42Z,2026-09-26T16:31:42Z,Western Michigan Broncos,7.5,-115.0,2026,2026-09-26T16:31:43Z,1070,6.510636433104894,6.206081072038237,2.804555361066657,b4347a6d6451334b228bf748d98cbd30b34b222852b6631cc98ff41b5e407018,timestamped_live_quote,FBS vs FBS
2026-09-26T16:31:43Z,f0985218c2ed146bb0295c4e9c4a0dd7,2026-09-26T19:30:00Z,Western Michigan Broncos,Boise State Broncos,bovada,Bovada,2026-09-26T16:30:53Z,2026-09-26T16:30:53Z,Boise State Broncos,-7.5,-105.0,2026,2026-09-26T16:31:43Z,1070,6.510636433104894,6.206081072038237,2.804555361066657,b4347a6d6451334b228bf748d98cbd30b34b222852b6631cc98ff41b5e407018,timestamped_live_quote,FBS vs FBS
2026-09-26T16:31:43Z,f0985218c2ed146bb0295c4e9c4a0dd7,2026-09-26T19:30:00Z,Western Michigan Broncos,Boise State Broncos,bovada,Bovada,2026-09-26T16:30:53Z,2026-09-26T16:30:53Z,Western Michigan Broncos,7.5,-115.0,2026,2026-09-26T16:31:43Z,1070,6.510636433104894,6.206081072038237,2.804555361066657,b4347a6d6451334b228bf748d98cbd30b34b222852b6631cc98ff41b5e407018,timestamped_live_quote,FBS vs FBS
2026-09-26T16:31:43Z,cb572f5b26d6a57bdac171baff0aec1c,2026-09-26T19:30:00Z,Buffalo Bulls,Robert Morris Colonials,fanduel,FanDuel,2026-09-26T16:31:24Z,2026-09-26T16:31:24Z,Buffalo Bulls,-28.5,-114.0,2026,2026-09-26T16:31:43Z,1070,,,,b4347a6d6451334b228bf748d98cbd30b34b222852b6631cc98ff41b5e407018,division_safety_suppressed,Unverified division / FCS: model suppressed
2026-09-26T16:31:43Z,cb572f5b26d6a57bdac171baff0aec1c,2026-09-26T19:30:00Z,Buffalo Bulls,Robert Morris Colonials,fanduel,FanDuel,2026-09-26T16:31:24Z,2026-09-26T16:31:24Z,Robert Morris Colonials,28.5,-106.0,2026,2026-09-26T16:31:43Z,1070,,,,b4347a6d6451334b228bf748d98cbd30b34b222852b6631cc98ff41b5e407018,division_safety_suppressed,Unverified division / FCS: model suppressed
2026-09-26T16:31:43Z,cb572f5b26d6a57bdac171baff0aec1c,2026-09-26T19:30:00Z,Buffalo Bulls,Robert Morris Colonials,betrivers,BetRivers,2026-09-26T16:30:52Z,2026-09-26T16:30:52Z,Buffalo Bulls,-28.5,-110.0,2026,2026-09-26T16:31:43Z,1070,,,,b4347a6d6451334b228bf748d98cbd30b34b222852b6631cc98ff41b5e407018,division_safety_suppressed,Unverified division / FCS: model suppressed
2026-09-26T16:31:43Z,cb572f5b26d6a57bdac171baff0aec1c,2026-09-26T19:30:00Z,Buffalo Bulls,Robert Morris Colonials,betrivers,BetRivers,2026-09-26T16:30:52Z,2026-09-26T16:30:52Z,Robert Morris Colonials,28.5,-112.0,2026,2026-09-26T16:31:43Z,1070,,,,b4347a6d6451334b228bf748d98cbd30b34b222852b6631cc98ff41b5e407018,division_safety_suppressed,Unverified division / FCS: model suppressed
2026-09-26T16:31:43Z,cb572f5b26d6a57bdac171baff0aec1c,2026-09-26T19:30:00Z,Buffalo Bulls,Robert Morris Colonials,draftkings,DraftKings,2026-09-26T16:31:43Z,2026-09-26T16:31:43Z,Buffalo Bulls,-28.5,-110.0,2026,2026-09-26T16:31:43Z,1070,,,,b4347a6d6451334b228bf748d98cbd30b34b222852b6631cc98ff41b5e407018,division_safety_suppressed,Unverified division / FCS: model suppressed
2026-09-26T16:31:43Z,cb572f5b26d6a57bdac171baff0aec1c,2026-09-26T19:30:00Z,Buffalo Bulls,Robert Morris Colonials,draftkings,DraftKings,2026-09-26T16:31:43Z,2026-09-26T16:31:43Z,Robert Morris Colonials,28.5,-110.0,2026,2026-09-26T16:31:43Z,1070,,,,b4347a6d6451334b228bf748d98cbd30b34b222852b6631cc98ff41b5e407018,division_safety_suppressed,Unverified division / FCS: model suppressed
2026-09-26T16:31:43Z,cb572f5b26d6a57bdac171baff0aec1c,2026-09-26T19:30:00Z,Buffalo Bulls,Robert Morris Colonials,lowvig,LowVig.ag,2026-09-26T16:31:23Z,2026-09-26T16:31:22Z,Buffalo Bulls,-28.5,-110.0,2026,2026-09-26T16:31:43Z,1070,,,,b4347a6d6451334b228bf748d98cbd30b34b222852b6631cc98ff41b5e407018,division_safety_suppressed,Unverified division / FCS: model suppressed
2026-09-26T16:31:43Z,cb572f5b26d6a57bdac171baff0aec1c,2026-09-26T19:30:00Z,Buffalo Bulls,Robert Morris Colonials,lowvig,LowVig.ag,2026-09-26T16:31:23Z,2026-09-26T16:31:22Z,Robert Morris Colonials,28.5,-110.0,2026,2026-09-26T16:31:43Z,1070,,,,b4347a6d6451334b228bf748d98cbd30b34b222852b6631cc98ff41b5e407018,division_safety_suppressed,Unverified division / FCS: model suppressed
2026-09-26T16:31:43Z,cb572f5b26d6a57bdac171baff0aec1c,2026-09-26T19:30:00Z,Buffalo Bulls,Robert Morris Colonials,betonlineag,BetOnline.ag,2026-09-26T16:30:54Z,2026-09-26T16:30:51Z,Buffalo Bulls,-28.5,-110.0,2026,2026-09-26T16:31:43Z,1070,,,,b4347a6d6451334b228bf748d98cbd30b34b222852b6631cc98ff41b5e407018,division_safety_suppressed,Unverified division / FCS: model suppressed
2026-09-26T16:31:43Z,cb572f5b26d6a57bdac171baff0aec1c,2026-09-26T19:30:00Z,Buffalo Bulls,Robert Morris Colonials,betonlineag,BetOnline.ag,2026-09-26T16:30:54Z,2026-09-26T16:30:51Z,Robert Morris Colonials,28.5,-110.0,2026,2026-09-26T16:31:43Z,1070,,,,b4347a6d6451334b228bf748d98cbd30b34b222852b6631cc98ff41b5e407018,division_safety_suppressed,Unverified division / FCS: model suppressed
2026-09-26T16:31:43Z,cb572f5b26d6a57bdac171baff0aec1c,2026-09-26T19:30:00Z,Buffalo Bulls,Robert Morris Colonials,bovada,Bovada,2026-09-26T16:30:53Z,2026-09-26T16:30:53Z,Buffalo Bulls,-28.5,-110.0,2026,2026-09-26T16:31:43Z,1070,,,,b4347a6d6451334b228bf748d98cbd30b34b222852b6631cc98ff41b5e407018,division_safety_suppressed,Unverified division / FCS: model suppressed
2026-09-26T16:31:43Z,cb572f5b26d6a57bdac171baff0aec1c,2026-09-26T19:30:00Z,Buffalo Bulls,Robert Morris Colonials,bovada,Bovada,2026-09-26T16:30:53Z,2026-09-26T16:30:53Z,Robert Morris Colonials,28.5,-110.0,2026,2026-09-26T16:31:43Z,1070,,,,b4347a6d6451334b228bf748d98cbd30b34b222852b6631cc98ff41b5e407018,division_safety_suppressed,Unverified division / FCS: model suppressed
2026-09-26T16:31:43Z,cb572f5b26d6a57bdac171baff0aec1c,2026-09-26T19:30:00Z,Buffalo Bulls,Robert Morris Colonials,betmgm,BetMGM,2026-09-26T16:31:08Z,2026-09-26T16:31:08Z,Buffalo Bulls,-28.5,-110.0,2026,2026-09-26T16:31:43Z,1070,,,,b4347a6d6451334b228bf748d98cbd30b34b222852b6631cc98ff41b5e407018,division_safety_suppressed,Unverified division / FCS: model suppressed
2026-09-26T16:31:43Z,cb572f5b26d6a57bdac171baff0aec1c,2026-09-26T19:30:00Z,Buffalo Bulls,Robert Morris Colonials,betmgm,BetMGM,2026-09-26T16:31:08Z,2026-09-26T16:31:08Z,Robert Morris Colonials,28.5,-108.0,2026,2026-09-26T16:31:43Z,1070,,,,b4347a6d6451334b228bf748d98cbd30b34b222852b6631cc98ff41b5e407018,division_safety_suppressed,Unverified division / FCS: model suppressed
2026-09-26T16:31:43Z,e7aa82b55e371e67938eb4c52562f155,2026-09-26T19:30:00Z,Duke Blue Devils,William and Mary Tribe,fanduel,FanDuel,2026-09-26T16:31:24Z,2026-09-26T16:31:24Z,Duke Blue Devils,-43.5,-110.0,2026,2026-09-26T16:31:43Z,1070,,,,b4347a6d6451334b228bf748d98cbd30b34b222852b6631cc98ff41b5e407018,division_safety_suppressed,Unverified division / FCS: model suppressed
2026-09-26T16:31:43Z,e7aa82b55e371e67938eb4c52562f155,2026-09-26T19:30:00Z,Duke Blue Devils,William and Mary Tribe,fanduel,FanDuel,2026-09-26T16:31:24Z,2026-09-26T16:31:24Z,William and Mary Tribe,43.5,-110.0,2026,2026-09-26T16:31:43Z,1070,,,,b4347a6d6451334b228bf748d98cbd30b34b222852b6631cc98ff41b5e407018,division_safety_suppressed,Unverified division / FCS: model suppressed
2026-09-26T16:31:43Z,e7aa82b55e371e67938eb4c52562f155,2026-09-26T19:30:00Z,Duke Blue Devils,William and Mary Tribe,betrivers,BetRivers,2026-09-26T16:30:52Z,2026-09-26T16:30:52Z,Duke Blue Devils,-43.0,-112.0,2026,2026-09-26T16:31:43Z,1070,,,,b4347a6d6451334b228bf748d98cbd30b34b222852b6631cc98ff41b5e407018,division_safety_suppressed,Unverified division / FCS: model suppressed
2026-09-26T16:31:43Z,e7aa82b55e371e67938eb4c52562f155,2026-09-26T19:30:00Z,Duke Blue Devils,William and Mary Tribe,betrivers,BetRivers,2026-09-26T16:30:52Z,2026-09-26T16:30:52Z,William and Mary Tribe,43.0,-112.0,2026,2026-09-26T16:31:43Z,1070,,,,b4347a6d6451334b228bf748d98cbd30b34b222852b6631cc98ff41b5e407018,division_safety_suppressed,Unverified division / FCS: model suppressed
2026-09-26T16:31:43Z,e7aa82b55e371e67938eb4c52562f155,2026-09-26T19:30:00Z,Duke Blue Devils,William and Mary Tribe,draftkings,DraftKings,2026-09-26T16:31:43Z,2026-09-26T16:31:43Z,Duke Blue Devils,-43.5,-115.0,2026,2026-09-26T16:31:43Z,1070,,,,b4347a6d6451334b228bf748d98cbd30b34b222852b6631cc98ff41b5e407018,division_safety_suppressed,Unverified division / FCS: model suppressed
2026-09-26T16:31:43Z,e7aa82b55e371e67938eb4c52562f155,2026-09-26T19:30:00Z,Duke Blue Devils,William and Mary Tribe,draftkings,DraftKings,2026-09-26T16:31:43Z,2026-09-26T16:31:43Z,William and Mary Tribe,43.5,-105.0,2026,2026-09-26T16:31:43Z,1070,,,,b4347a6d6451334b228bf748d98cbd30b34b222852b6631cc98ff41b5e407018,division_safety_suppressed,Unverified division / FCS: model suppressed
2026-09-26T16:31:43Z,e7aa82b55e371e67938eb4c52562f155,2026-09-26T19:30:00Z,Duke Blue Devils,William and Mary Tribe,lowvig,LowVig.ag,2026-09-26T16:31:23Z,2026-09-26T16:31:22Z,Duke Blue Devils,-43.5,-115.0,2026,2026-09-26T16:31:43Z,1070,,,,b4347a6d6451334b228bf748d98cbd30b34b222852b6631cc98ff41b5e407018,division_safety_suppressed,Unverified division / FCS: model suppressed
2026-09-26T16:31:43Z,e7aa82b55e371e67938eb4c52562f155,2026-09-26T19:30:00Z,Duke Blue Devils,William and Mary Tribe,lowvig,LowVig.ag,2026-09-26T16:31:23Z,2026-09-26T16:31:22Z,William and Mary Tribe,43.5,-105.0,2026,2026-09-26T16:31:43Z,1070,,,,b4347a6d6451334b228bf748d98cbd30b34b222852b6631cc98ff41b5e407018,division_safety_suppressed,Unverified division / FCS: model suppressed
2026-09-26T16:31:43Z,e7aa82b55e371e67938eb4c52562f155,2026-09-26T19:30:00Z,Duke Blue Devils,William and Mary Tribe,betonlineag,BetOnline.ag,2026-09-26T16:30:54Z,2026-09-26T16:30:51Z,Duke Blue Devils,-43.5,-115.0,2026,2026-09-26T16:31:43Z,1070,,,,b4347a6d6451334b228bf748d98cbd30b34b222852b6631cc98ff41b5e407018,division_safety_suppressed,Unverified division / FCS: model suppressed
2026-09-26T16:31:43Z,e7aa82b55e371e67938eb4c52562f155,2026-09-26T19:30:00Z,Duke Blue Devils,William and Mary Tribe,betonlineag,BetOnline.ag,2026-09-26T16:30:54Z,2026-09-26T16:30:51Z,William and Mary Tribe,43.5,-105.0,2026,2026-09-26T16:31:43Z,1070,,,,b4347a6d6451334b228bf748d98cbd30b34b222852b6631cc98ff41b5e407018,division_safety_suppressed,Unverified division / FCS: model suppressed
2026-09-26T16:31:43Z,e7aa82b55e371e67938eb4c52562f155,2026-09-26T19:30:00Z,Duke Blue Devils,William and Mary Tribe,bovada,Bovada,2026-09-26T16:30:53Z,2026-09-26T16:30:53Z,Duke Blue Devils,-44.5,-105.0,2026,2026-09-26T16:31:43Z,1070,,,,b4347a6d6451334b228bf748d98cbd30b34b222852b6631cc98ff41b5e407018,division_safety_suppressed,Unverified division / FCS: model suppressed
2026-09-26T16:31:43Z,e7aa82b55e371e67938eb4c52562f155,2026-09-26T19:30:00Z,Duke Blue Devils,William and Mary Tribe,bovada,Bovada,2026-09-26T16:30:53Z,2026-09-26T16:30:53Z,William and Mary Tribe,44.5,-115.0,2026,2026-09-26T16:31:43Z,1070,,,,b4347a6d6451334b228bf748d98cbd30b34b222852b6631cc98ff41b5e407018,division_safety_suppressed,Unverified division / FCS: model suppressed
2026-09-26T16:31:43Z,e7aa82b55e371e67938eb4c52562f155,2026-09-26T19:30:00Z,Duke Blue Devils,William and Mary Tribe,betmgm,BetMGM,2026-09-26T16:31:08Z,2026-09-26T16:31:08Z,Duke Blue Devils,-43.5,-110.0,2026,2026-09-26T16:31:43Z,1070,,,,b4347a6d6451334b228bf748d98cbd30b34b222852b6631cc98ff41b5e407018,division_safety_suppressed,Unverified division / FCS: model suppressed
2026-09-26T16:31:43Z,e7aa82b55e371e67938eb4c52562f155,2026-09-26T19:30:00Z,Duke Blue Devils,William and Mary Tribe,betmgm,BetMGM,2026-09-26T16:31:08Z,2026-09-26T16:31:08Z,William and Mary Tribe,43.5,-108.0,2026,2026-09-26T16:31:43Z,1070,,,,b4347a6d6451334b228bf748d98cbd30b34b222852b6631cc98ff41b5e407018,division_safety_suppressed,Unverified division / FCS: model suppressed
2026-09-26T16:31:43Z,886538e98f0884df3d655d9d2d2ca567,2026-09-26T19:30:00Z,Florida Gators,Ole Miss Rebels,draftkings,DraftKings,2026-09-26T16:31:43Z,2026-09-26T16:31:43Z,Florida Gators,-3.5,-115.0,2026,2026-09-26T16:31:43Z,1070,14.343077193837598,7.224117809080869,9.618959384756728,b4347a6d6451334b228bf748d98cbd30b34b222852b6631cc98ff41b5e407018,timestamped_live_quote,FBS vs FBS
2026-09-26T16:31:43Z,886538e98f0884df3d655d9d2d2ca567,2026-09-26T19:30:00Z,Florida Gators,Ole Miss Rebels,draftkings,DraftKings,2026-09-26T16:31:43Z,2026-09-26T16:31:43Z,Ole Miss Rebels,3.5,-105.0,2026,2026-09-26T16:31:43Z,1070,14.343077193837598,7.224117809080869,9.618959384756728,b4347a6d6451334b228bf748d98cbd30b34b222852b6631cc98ff41b5e407018,timestamped_live_quote,FBS vs FBS
2026-09-26T16:31:43Z,886538e98f0884df3d655d9d2d2ca567,2026-09-26T19:30:00Z,Florida Gators,Ole Miss Rebels,fanduel,FanDuel,2026-09-26T16:31:24Z,2026-09-26T16:31:23Z,Florida Gators,-3.5,-112.0,2026,2026-09-26T16:31:43Z,1070,14.343077193837598,7.224117809080869,9.618959384756728,b4347a6d6451334b228bf748d98cbd30b34b222852b6631cc98ff41b5e407018,timestamped_live_quote,FBS vs FBS
2026-09-26T16:31:43Z,886538e98f0884df3d655d9d2d2ca567,2026-09-26T19:30:00Z,Florida Gators,Ole Miss Rebels,fanduel,FanDuel,2026-09-26T16:31:24Z,2026-09-26T16:31:23Z,Ole Miss Rebels,3.5,-108.0,2026,2026-09-26T16:31:43Z,1070,14.343077193837598,7.224117809080869,9.618959384756728,b4347a6d6451334b228bf748d98cbd30b34b222852b6631cc98ff41b5e407018,timestamped_live_quote,FBS vs FBS
2026-09-26T16:31:43Z,886538e98f0884df3d655d9d2d2ca567,2026-09-26T19:30:00Z,Florida Gators,Ole Miss Rebels,mybookieag,MyBookie.ag,2026-09-26T16:31:15Z,2026-09-26T16:31:15Z,Florida Gators,-4.0,-110.0,2026,2026-09-26T16:31:43Z,1070,14.343077193837598,7.224117809080869,9.618959384756728,b4347a6d6451334b228bf748d98cbd30b34b222852b6631cc98ff41b5e407018,timestamped_live_quote,FBS vs FBS
2026-09-26T16:31:43Z,886538e98f0884df3d655d9d2d2ca567,2026-09-26T19:30:00Z,Florida Gators,Ole Miss Rebels,mybookieag,MyBookie.ag,2026-09-26T16:31:15Z,2026-09-26T16:31:15Z,Ole Miss Rebels,4.0,-110.0,2026,2026-09-26T16:31:43Z,1070,14.343077193837598,7.224117809080869,9.618959384756728,b4347a6d6451334b228bf748d98cbd30b34b222852b6631cc98ff41b5e407018,timestamped_live_quote,FBS vs FBS
2026-09-26T16:31:43Z,886538e98f0884df3d655d9d2d2ca567,2026-09-26T19:30:00Z,Florida Gators,Ole Miss Rebels,betmgm,BetMGM,2026-09-26T16:31:08Z,2026-09-26T16:31:08Z,Florida Gators,-3.5,-110.0,2026,2026-09-26T16:31:43Z,1070,14.343077193837598,7.224117809080869,9.618959384756728,b4347a6d6451334b228bf748d98cbd30b34b222852b6631cc98ff41b5e407018,timestamped_live_quote,FBS vs FBS
2026-09-26T16:31:43Z,886538e98f0884df3d655d9d2d2ca567,2026-09-26T19:30:00Z,Florida Gators,Ole Miss Rebels,betmgm,BetMGM,2026-09-26T16:31:08Z,2026-09-26T16:31:08Z,Ole Miss Rebels,3.5,-108.0,2026,2026-09-26T16:31:43Z,1070,14.343077193837598,7.224117809080869,9.618959384756728,b4347a6d6451334b228bf748d98cbd30b34b222852b6631cc98ff41b5e407018,timestamped_live_quote,FBS vs FBS
2026-09-26T16:31:43Z,886538e98f0884df3d655d9d2d2ca567,2026-09-26T19:30:00Z,Florida Gators,Ole Miss Rebels,betrivers,BetRivers,2026-09-26T16:30:52Z,2026-09-26T16:30:52Z,Florida Gators,-3.5,-108.0,2026,2026-09-26T16:31:43Z,1070,14.343077193837598,7.224117809080869,9.618959384756728,b4347a6d6451334b228bf748d98cbd30b34b222852b6631cc98ff41b5e407018,timestamped_live_quote,FBS vs FBS
2026-09-26T16:31:43Z,886538e98f0884df3d655d9d2d2ca567,2026-09-26T19:30:00Z,Florida Gators,Ole Miss Rebels,betrivers,BetRivers,2026-09-26T16:30:52Z,2026-09-26T16:30:52Z,Ole Miss Rebels,3.5,-117.0,2026,2026-09-26T16:31:43Z,1070,14.343077193837598,7.224117809080869,9.618959384756728,b4347a6d6451334b228bf748d98cbd30b34b222852b6631cc98ff41b5e407018,timestamped_live_quote,FBS vs FBS
2026-09-26T16:31:43Z,886538e98f0884df3d655d9d2d2ca567,2026-09-26T19:30:00Z,Florida Gators,Ole Miss Rebels,betonlineag,BetOnline.ag,2026-09-26T16:30:54Z,2026-09-26T16:30:49Z,Florida Gators,-3.5,-112.0,2026,2026-09-26T16:31:43Z,1070,14.343077193837598,7.224117809080869,9.618959384756728,b4347a6d6451334b228bf748d98cbd30b34b222852b6631cc98ff41b5e407018,timestamped_live_quote,FBS vs FBS
2026-09-26T16:31:43Z,886538e98f0884df3d655d9d2d2ca567,2026-09-26T19:30:00Z,Florida Gators,Ole Miss Rebels,betonlineag,BetOnline.ag,2026-09-26T16:30:54Z,2026-09-26T16:30:49Z,Ole Miss Rebels,3.5,-108.0,2026,2026-09-26T16:31:43Z,1070,14.343077193837598,7.224117809080869,9.618959384756728,b4347a6d6451334b228bf748d98cbd30b34b222852b6631cc98ff41b5e407018,timestamped_live_quote,FBS vs FBS
2026-09-26T16:31:43Z,886538e98f0884df3d655d9d2d2ca567,2026-09-26T19:30:00Z,Florida Gators,Ole Miss Rebels,betus,BetUS,2026-09-26T16:31:42Z,2026-09-26T16:31:42Z,Florida Gators,-3.5,-115.0,2026,2026-09-26T16:31:43Z,1070,14.343077193837598,7.224117809080869,9.618959384756728,b4347a6d6451334b228bf748d98cbd30b34b222852b6631cc98ff41b5e407018,timestamped_live_quote,FBS vs FBS
2026-09-26T16:31:43Z,886538e98f0884df3d655d9d2d2ca567,2026-09-26T19:30:00Z,Florida Gators,Ole Miss Rebels,betus,BetUS,2026-09-26T16:31:42Z,2026-09-26T16:31:42Z,Ole Miss Rebels,3.5,-105.0,2026,2026-09-26T16:31:43Z,1070,14.343077193837598,7.224117809080869,9.618959384756728,b4347a6d6451334b228bf748d98cbd30b34b222852b6631cc98ff41b5e407018,timestamped_live_quote,FBS vs FBS
2026-09-26T16:31:43Z,886538e98f0884df3d655d9d2d2ca567,2026-09-26T19:30:00Z,Florida Gators,Ole Miss Rebels,bovada,Bovada,2026-09-26T16:30:53Z,2026-09-26T16:30:53Z,Florida Gators,-4.0,-110.0,2026,2026-09-26T16:31:43Z,1070,14.343077193837598,7.224117809080869,9.618959384756728,b4347a6d6451334b228bf748d98cbd30b34b222852b6631cc98ff41b5e407018,timestamped_live_quote,FBS vs FBS
2026-09-26T16:31:43Z,886538e98f0884df3d655d9d2d2ca567,2026-09-26T19:30:00Z,Florida Gators,Ole Miss Rebels,bovada,Bovada,2026-09-26T16:30:53Z,2026-09-26T16:30:53Z,Ole Miss Rebels,4.0,-110.0,2026,2026-09-26T16:31:43Z,1070,14.343077193837598,7.224117809080869,9.618959384756728,b4347a6d6451334b228bf748d98cbd30b34b222852b6631cc98ff41b5e407018,timestamped_live_quote,FBS vs FBS
2026-09-26T16:31:43Z,3085dd56723d1a49474711989dcda5bd,2026-09-26T19:30:00Z,Marshall Thundering Herd,Gardner-Webb Runnin Bulldogs,fanduel,FanDuel,2026-09-26T16:31:24Z,2026-09-26T16:31:24Z,Gardner-Webb Runnin Bulldogs,24.5,-120.0,2026,2026-09-26T16:31:43Z,1070,,,,b4347a6d6451334b228bf748d98cbd30b34b222852b6631cc98ff41b5e407018,division_safety_suppressed,Unverified division / FCS: model suppressed
2026-09-26T16:31:43Z,3085dd56723d1a49474711989dcda5bd,2026-09-26T19:30:00Z,Marshall Thundering Herd,Gardner-Webb Runnin Bulldogs,fanduel,FanDuel,2026-09-26T16:31:24Z,2026-09-26T16:31:24Z,Marshall Thundering Herd,-24.5,-102.0,2026,2026-09-26T16:31:43Z,1070,,,,b4347a6d6451334b228bf748d98cbd30b34b222852b6631cc98ff41b5e407018,division_safety_suppressed,Unverified division / FCS: model suppressed
2026-09-26T16:31:43Z,3085dd56723d1a49474711989dcda5bd,2026-09-26T19:30:00Z,Marshall Thundering Herd,Gardner-Webb Runnin Bulldogs,betrivers,BetRivers,2026-09-26T16:30:52Z,2026-09-26T16:30:52Z,Gardner-Webb Runnin Bulldogs,23.5,107.0,2026,2026-09-26T16:31:43Z,1070,,,,b4347a6d6451334b228bf748d98cbd30b34b222852b6631cc98ff41b5e407018,division_safety_suppressed,Unverified division / FCS: model suppressed
2026-09-26T16:31:43Z,3085dd56723d1a49474711989dcda5bd,2026-09-26T19:30:00Z,Marshall Thundering Herd,Gardner-Webb Runnin Bulldogs,betrivers,BetRivers,2026-09-26T16:30:52Z,2026-09-26T16:30:52Z,Marshall Thundering Herd,-23.5,-132.0,2026,2026-09-26T16:31:43Z,1070,,,,b4347a6d6451334b228bf748d98cbd30b34b222852b6631cc98ff41b5e407018,division_safety_suppressed,Unverified division / FCS: model suppressed
2026-09-26T16:31:43Z,3085dd56723d1a49474711989dcda5bd,2026-09-26T19:30:00Z,Marshall Thundering Herd,Gardner-Webb Runnin Bulldogs,draftkings,DraftKings,2026-09-26T16:31:43Z,2026-09-26T16:31:43Z,Gardner-Webb Runnin Bulldogs,25.5,-115.0,2026,2026-09-26T16:31:43Z,1070,,,,b4347a6d6451334b228bf748d98cbd30b34b222852b6631cc98ff41b5e407018,division_safety_suppressed,Unverified division / FCS: model suppressed
2026-09-26T16:31:43Z,3085dd56723d1a49474711989dcda5bd,2026-09-26T19:30:00Z,Marshall Thundering Herd,Gardner-Webb Runnin Bulldogs,draftkings,DraftKings,2026-09-26T16:31:43Z,2026-09-26T16:31:43Z,Marshall Thundering Herd,-25.5,-105.0,2026,2026-09-26T16:31:43Z,1070,,,,b4347a6d6451334b228bf748d98cbd30b34b222852b6631cc98ff41b5e407018,division_safety_suppressed,Unverified division / FCS: model suppressed
2026-09-26T16:31:43Z,3085dd56723d1a49474711989dcda5bd,2026-09-26T19:30:00Z,Marshall Thundering Herd,Gardner-Webb Runnin Bulldogs,lowvig,LowVig.ag,2026-09-26T16:31:23Z,2026-09-26T16:31:22Z,Gardner-Webb Runnin Bulldogs,25.0,-110.0,2026,2026-09-26T16:31:43Z,1070,,,,b4347a6d6451334b228bf748d98cbd30b34b222852b6631cc98ff41b5e407018,division_safety_suppressed,Unverified division / FCS: model suppressed
2026-09-26T16:31:43Z,3085dd56723d1a49474711989dcda5bd,2026-09-26T19:30:00Z,Marshall Thundering Herd,Gardner-Webb Runnin Bulldogs,lowvig,LowVig.ag,2026-09-26T16:31:23Z,2026-09-26T16:31:22Z,Marshall Thundering Herd,-25.0,-110.0,2026,2026-09-26T16:31:43Z,1070,,,,b4347a6d6451334b228bf748d98cbd30b34b222852b6631cc98ff41b5e407018,division_safety_suppressed,Unverified division / FCS: model suppressed
2026-09-26T16:31:43Z,3085dd56723d1a49474711989dcda5bd,2026-09-26T19:30:00Z,Marshall Thundering Herd,Gardner-Webb Runnin Bulldogs,betonlineag,BetOnline.ag,2026-09-26T16:30:54Z,2026-09-26T16:30:52Z,Gardner-Webb Runnin Bulldogs,25.0,-110.0,2026,2026-09-26T16:31:43Z,1070,,,,b4347a6d6451334b228bf748d98cbd30b34b222852b6631cc98ff41b5e407018,division_safety_suppressed,Unverified division / FCS: model suppressed
2026-09-26T16:31:43Z,3085dd56723d1a49474711989dcda5bd,2026-09-26T19:30:00Z,Marshall Thundering Herd,Gardner-Webb Runnin Bulldogs,betonlineag,BetOnline.ag,2026-09-26T16:30:54Z,2026-09-26T16:30:52Z,Marshall Thundering Herd,-25.0,-110.0,2026,2026-09-26T16:31:43Z,1070,,,,b4347a6d6451334b228bf748d98cbd30b34b222852b6631cc98ff41b5e407018,division_safety_suppressed,Unverified division / FCS: model suppressed
2026-09-26T16:31:43Z,3085dd56723d1a49474711989dcda5bd,2026-09-26T19:30:00Z,Marshall Thundering Herd,Gardner-Webb Runnin Bulldogs,bovada,Bovada,2026-09-26T16:30:53Z,2026-09-26T16:30:53Z,Gardner-Webb Runnin Bulldogs,25.5,-115.0,2026,2026-09-26T16:31:43Z,1070,,,,b4347a6d6451334b228bf748d98cbd30b34b222852b6631cc98ff41b5e407018,division_safety_suppressed,Unverified division / FCS: model suppressed
2026-09-26T16:31:43Z,3085dd56723d1a49474711989dcda5bd,2026-09-26T19:30:00Z,Marshall Thundering Herd,Gardner-Webb Runnin Bulldogs,bovada,Bovada,2026-09-26T16:30:53Z,2026-09-26T16:30:53Z,Marshall Thundering Herd,-25.5,-105.0,2026,2026-09-26T16:31:43Z,1070,,,,b4347a6d6451334b228bf748d98cbd30b34b222852b6631cc98ff41b5e407018,division_safety_suppressed,Unverified division / FCS: model suppressed
2026-09-26T16:31:43Z,3085dd56723d1a49474711989dcda5bd,2026-09-26T19:30:00Z,Marshall Thundering Herd,Gardner-Webb Runnin Bulldogs,betmgm,BetMGM,2026-09-26T16:31:08Z,2026-09-26T16:31:08Z,Gardner-Webb Runnin Bulldogs,24.5,-108.0,2026,2026-09-26T16:31:43Z,1070,,,,b4347a6d6451334b228bf748d98cbd30b34b222852b6631cc98ff41b5e407018,division_safety_suppressed,Unverified division / FCS: model suppressed
2026-09-26T16:31:43Z,3085dd56723d1a49474711989dcda5bd,2026-09-26T19:30:00Z,Marshall Thundering Herd,Gardner-Webb Runnin Bulldogs,betmgm,BetMGM,2026-09-26T16:31:08Z,2026-09-26T16:31:08Z,Marshall Thundering Herd,-24.5,-110.0,2026,2026-09-26T16:31:43Z,1070,,,,b4347a6d6451334b228bf748d98cbd30b34b222852b6631cc98ff41b5e407018,division_safety_suppressed,Unverified division / FCS: model suppressed
2026-09-26T16:31:43Z,3848eaee7484034f3604aed922649c4e,2026-09-26T19:30:00Z,Georgia Bulldogs,Oklahoma Sooners,draftkings,DraftKings,2026-09-26T16:31:43Z,2026-09-26T16:31:43Z,Georgia Bulldogs,-13.5,-110.0,2026,2026-09-26T16:31:43Z,1070,16.285597019548014,8.845124835090065,9.94047218445795,b4347a6d6451334b228bf748d98cbd30b34b222852b6631cc98ff41b5e407018,timestamped_live_quote,FBS vs FBS
2026-09-26T16:31:43Z,3848eaee7484034f3604aed922649c4e,2026-09-26T19:30:00Z,Georgia Bulldogs,Oklahoma Sooners,draftkings,DraftKings,2026-09-26T16:31:43Z,2026-09-26T16:31:43Z,Oklahoma Sooners,13.5,-110.0,2026,2026-09-26T16:31:43Z,1070,16.285597019548014,8.845124835090065,9.94047218445795,b4347a6d6451334b228bf748d98cbd30b34b222852b6631cc98ff41b5e407018,timestamped_live_quote,FBS vs FBS
2026-09-26T16:31:43Z,3848eaee7484034f3604aed922649c4e,2026-09-26T19:30:00Z,Georgia Bulldogs,Oklahoma Sooners,mybookieag,MyBookie.ag,2026-09-26T16:31:15Z,2026-09-26T16:31:14Z,Georgia Bulldogs,-13.5,-110.0,2026,2026-09-26T16:31:43Z,1070,16.285597019548014,8.845124835090065,9.94047218445795,b4347a6d6451334b228bf748d98cbd30b34b222852b6631cc98ff41b5e407018,timestamped_live_quote,FBS vs FBS
2026-09-26T16:31:43Z,3848eaee7484034f3604aed922649c4e,2026-09-26T19:30:00Z,Georgia Bulldogs,Oklahoma Sooners,mybookieag,MyBookie.ag,2026-09-26T16:31:15Z,2026-09-26T16:31:14Z,Oklahoma Sooners,13.5,-110.0,2026,2026-09-26T16:31:43Z,1070,16.285597019548014,8.845124835090065,9.94047218445795,b4347a6d6451334b228bf748d98cbd30b34b222852b6631cc98ff41b5e407018,timestamped_live_quote,FBS vs FBS
2026-09-26T16:31:43Z,3848eaee7484034f3604aed922649c4e,2026-09-26T19:30:00Z,Georgia Bulldogs,Oklahoma Sooners,fanduel,FanDuel,2026-09-26T16:31:24Z,2026-09-26T16:31:23Z,Georgia Bulldogs,-13.5,-105.0,2026,2026-09-26T16:31:43Z,1070,16.285597019548014,8.845124835090065,9.94047218445795,b4347a6d6451334b228bf748d98cbd30b34b222852b6631cc98ff41b5e407018,timestamped_live_quote,FBS vs FBS
2026-09-26T16:31:43Z,3848eaee7484034f3604aed922649c4e,2026-09-26T19:30:00Z,Georgia Bulldogs,Oklahoma Sooners,fanduel,FanDuel,2026-09-26T16:31:24Z,2026-09-26T16:31:23Z,Oklahoma Sooners,13.5,-115.0,2026,2026-09-26T16:31:43Z,1070,16.285597019548014,8.845124835090065,9.94047218445795,b4347a6d6451334b228bf748d98cbd30b34b222852b6631cc98ff41b5e407018,timestamped_live_quote,FBS vs FBS
2026-09-26T16:31:43Z,3848eaee7484034f3604aed922649c4e,2026-09-26T19:30:00Z,Georgia Bulldogs,Oklahoma Sooners,betrivers,BetRivers,2026-09-26T16:30:52Z,2026-09-26T16:30:52Z,Georgia Bulldogs,-14.0,-108.0,2026,2026-09-26T16:31:43Z,1070,16.285597019548014,8.845124835090065,9.94047218445795,b4347a6d6451334b228bf748d98cbd30b34b222852b6631cc98ff41b5e407018,timestamped_live_quote,FBS vs FBS
2026-09-26T16:31:43Z,3848eaee7484034f3604aed922649c4e,2026-09-26T19:30:00Z,Georgia Bulldogs,Oklahoma Sooners,betrivers,BetRivers,2026-09-26T16:30:52Z,2026-09-26T16:30:52Z,Oklahoma Sooners,14.0,-115.0,2026,2026-09-26T16:31:43Z,1070,16.285597019548014,8.845124835090065,9.94047218445795,b4347a6d6451334b228bf748d98cbd30b34b222852b6631cc98ff41b5e407018,timestamped_live_quote,FBS vs FBS
2026-09-26T16:31:43Z,3848eaee7484034f3604aed922649c4e,2026-09-26T19:30:00Z,Georgia Bulldogs,Oklahoma Sooners,betmgm,BetMGM,2026-09-26T16:31:08Z,2026-09-26T16:31:08Z,Georgia Bulldogs,-13.0,-110.0,2026,2026-09-26T16:31:43Z,1070,16.285597019548014,8.845124835090065,9.94047218445795,b4347a6d6451334b228bf748d98cbd30b34b222852b6631cc98ff41b5e407018,timestamped_live_quote,FBS vs FBS
2026-09-26T16:31:43Z,3848eaee7484034f3604aed922649c4e,2026-09-26T19:30:00Z,Georgia Bulldogs,Oklahoma Sooners,betmgm,BetMGM,2026-09-26T16:31:08Z,2026-09-26T16:31:08Z,Oklahoma Sooners,13.0,-108.0,2026,2026-09-26T16:31:43Z,1070,16.285597019548014,8.845124835090065,9.94047218445795,b4347a6d6451334b228bf748d98cbd30b34b222852b6631cc98ff41b5e407018,timestamped_live_quote,FBS vs FBS
2026-09-26T16:31:43Z,3848eaee7484034f3604aed922649c4e,2026-09-26T19:30:00Z,Georgia Bulldogs,Oklahoma Sooners,betonlineag,BetOnline.ag,2026-09-26T16:30:54Z,2026-09-26T16:30:49Z,Georgia Bulldogs,-13.5,-110.0,2026,2026-09-26T16:31:43Z,1070,16.285597019548014,8.845124835090065,9.94047218445795,b4347a6d6451334b228bf748d98cbd30b34b222852b6631cc98ff41b5e407018,timestamped_live_quote,FBS vs FBS
2026-09-26T16:31:43Z,3848eaee7484034f3604aed922649c4e,2026-09-26T19:30:00Z,Georgia Bulldogs,Oklahoma Sooners,betonlineag,BetOnline.ag,2026-09-26T16:30:54Z,2026-09-26T16:30:49Z,Oklahoma Sooners,13.5,-110.0,2026,2026-09-26T16:31:43Z,1070,16.285597019548014,8.845124835090065,9.94047218445795,b4347a6d6451334b228bf748d98cbd30b34b222852b6631cc98ff41b5e407018,timestamped_live_quote,FBS vs FBS
2026-09-26T16:31:43Z,3848eaee7484034f3604aed922649c4e,2026-09-26T19:30:00Z,Georgia Bulldogs,Oklahoma Sooners,lowvig,LowVig.ag,2026-09-26T16:31:23Z,2026-09-26T16:31:22Z,Georgia Bulldogs,-13.5,-105.0,2026,2026-09-26T16:31:43Z,1070,16.285597019548014,8.845124835090065,9.94047218445795,b4347a6d6451334b228bf748d98cbd30b34b222852b6631cc98ff41b5e407018,timestamped_live_quote,FBS vs FBS
2026-09-26T16:31:43Z,3848eaee7484034f3604aed922649c4e,2026-09-26T19:30:00Z,Georgia Bulldogs,Oklahoma Sooners,lowvig,LowVig.ag,2026-09-26T16:31:23Z,2026-09-26T16:31:22Z,Oklahoma Sooners,13.5,-107.0,2026,2026-09-26T16:31:43Z,1070,16.285597019548014,8.845124835090065,9.94047218445795,b4347a6d6451334b228bf748d98cbd30b34b222852b6631cc98ff41b5e407018,timestamped_live_quote,FBS vs FBS
2026-09-26T16:31:43Z,3848eaee7484034f3604aed922649c4e,2026-09-26T19:30:00Z,Georgia Bulldogs,Oklahoma Sooners,betus,BetUS,2026-09-26T16:31:42Z,2026-09-26T16:31:42Z,Georgia Bulldogs,-13.5,-110.0,2026,2026-09-26T16:31:43Z,1070,16.285597019548014,8.845124835090065,9.94047218445795,b4347a6d6451334b228bf748d98cbd30b34b222852b6631cc98ff41b5e407018,timestamped_live_quote,FBS vs FBS
2026-09-26T16:31:43Z,3848eaee7484034f3604aed922649c4e,2026-09-26T19:30:00Z,Georgia Bulldogs,Oklahoma Sooners,betus,BetUS,2026-09-26T16:31:42Z,2026-09-26T16:31:42Z,Oklahoma Sooners,13.5,-110.0,2026,2026-09-26T16:31:43Z,1070,16.285597019548014,8.845124835090065,9.94047218445795,b4347a6d6451334b228bf748d98cbd30b34b222852b6631cc98ff41b5e407018,timestamped_live_quote,FBS vs FBS
2026-09-26T16:31:43Z,3848eaee7484034f3604aed922649c4e,2026-09-26T19:30:00Z,Georgia Bulldogs,Oklahoma Sooners,bovada,Bovada,2026-09-26T16:30:53Z,2026-09-26T16:30:53Z,Georgia Bulldogs,-13.5,-110.0,2026,2026-09-26T16:31:43Z,1070,16.285597019548014,8.845124835090065,9.94047218445795,b4347a6d6451334b228bf748d98cbd30b34b222852b6631cc98ff41b5e407018,timestamped_live_quote,FBS vs FBS
2026-09-26T16:31:43Z,3848eaee7484034f3604aed922649c4e,2026-09-26T19:30:00Z,Georgia Bulldogs,Oklahoma Sooners,bovada,Bovada,2026-09-26T16:30:53Z,2026-09-26T16:30:53Z,Oklahoma Sooners,13.5,-110.0,2026,2026-09-26T16:31:43Z,1070,16.285597019548014,8.845124835090065,9.94047218445795,b4347a6d6451334b228bf748d98cbd30b34b222852b6631cc98ff41b5e407018,timestamped_live_quote,FBS vs FBS
2026-09-26T16:31:43Z,39a3d3075172036a2b3f7d47913779b8,2026-09-26T19:30:00Z,Michigan Wolverines,Iowa Hawkeyes,draftkings,DraftKings,2026-09-26T16:31:43Z,2026-09-26T16:31:43Z,Iowa Hawkeyes,5.5,-115.0,2026,2026-09-26T16:31:43Z,1070,6.48276047467471,13.315751121651198,-4.332990646976488,b4347a6d6451334b228bf748d98cbd30b34b222852b6631cc98ff41b5e407018,timestamped_live_quote,FBS vs FBS
2026-09-26T16:31:43Z,39a3d3075172036a2b3f7d47913779b8,2026-09-26T19:30:00Z,Michigan Wolverines,Iowa Hawkeyes,draftkings,DraftKings,2026-09-26T16:31:43Z,2026-09-26T16:31:43Z,Michigan Wolverines,-5.5,-105.0,2026,2026-09-26T16:31:43Z,1070,6.48276047467471,13.315751121651198,-4.332990646976488,b4347a6d6451334b228bf748d98cbd30b34b222852b6631cc98ff41b5e407018,timestamped_live_quote,FBS vs FBS
2026-09-26T16:31:43Z,39a3d3075172036a2b3f7d47913779b8,2026-09-26T19:30:00Z,Michigan Wolverines,Iowa Hawkeyes,fanduel,FanDuel,2026-09-26T16:31:24Z,2026-09-26T16:31:23Z,Iowa Hawkeyes,5.5,-112.0,2026,2026-09-26T16:31:43Z,1070,6.48276047467471,13.315751121651198,-4.332990646976488,b4347a6d6451334b228bf748d98cbd30b34b222852b6631cc98ff41b5e407018,timestamped_live_quote,FBS vs FBS
2026-09-26T16:31:43Z,39a3d3075172036a2b3f7d47913779b8,2026-09-26T19:30:00Z,Michigan Wolverines,Iowa Hawkeyes,fanduel,FanDuel,2026-09-26T16:31:24Z,2026-09-26T16:31:23Z,Michigan Wolverines,-5.5,-108.0,2026,2026-09-26T16:31:43Z,1070,6.48276047467471,13.315751121651198,-4.332990646976488,b4347a6d6451334b228bf748d98cbd30b34b222852b6631cc98ff41b5e407018,timestamped_live_quote,FBS vs FBS
2026-09-26T16:31:43Z,39a3d3075172036a2b3f7d47913779b8,2026-09-26T19:30:00Z,Michigan Wolverines,Iowa Hawkeyes,mybookieag,MyBookie.ag,2026-09-26T16:31:15Z,2026-09-26T16:31:15Z,Iowa Hawkeyes,5.0,-110.0,2026,2026-09-26T16:31:43Z,1070,6.48276047467471,13.315751121651198,-4.332990646976488,b4347a6d6451334b228bf748d98cbd30b34b222852b6631cc98ff41b5e407018,timestamped_live_quote,FBS vs FBS
2026-09-26T16:31:43Z,39a3d3075172036a2b3f7d47913779b8,2026-09-26T19:30:00Z,Michigan Wolverines,Iowa Hawkeyes,mybookieag,MyBookie.ag,2026-09-26T16:31:15Z,2026-09-26T16:31:15Z,Michigan Wolverines,-5.0,-110.0,2026,2026-09-26T16:31:43Z,1070,6.48276047467471,13.315751121651198,-4.332990646976488,b4347a6d6451334b228bf748d98cbd30b34b222852b6631cc98ff41b5e407018,timestamped_live_quote,FBS vs FBS
2026-09-26T16:31:43Z,39a3d3075172036a2b3f7d47913779b8,2026-09-26T19:30:00Z,Michigan Wolverines,Iowa Hawkeyes,betrivers,BetRivers,2026-09-26T16:30:52Z,2026-09-26T16:30:52Z,Iowa Hawkeyes,5.5,-112.0,2026,2026-09-26T16:31:43Z,1070,6.48276047467471,13.315751121651198,-4.332990646976488,b4347a6d6451334b228bf748d98cbd30b34b222852b6631cc98ff41b5e407018,timestamped_live_quote,FBS vs FBS
2026-09-26T16:31:43Z,39a3d3075172036a2b3f7d47913779b8,2026-09-26T19:30:00Z,Michigan Wolverines,Iowa Hawkeyes,betrivers,BetRivers,2026-09-26T16:30:52Z,2026-09-26T16:30:52Z,Michigan Wolverines,-5.5,-112.0,2026,2026-09-26T16:31:43Z,1070,6.48276047467471,13.315751121651198,-4.332990646976488,b4347a6d6451334b228bf748d98cbd30b34b222852b6631cc98ff41b5e407018,timestamped_live_quote,FBS vs FBS
2026-09-26T16:31:43Z,39a3d3075172036a2b3f7d47913779b8,2026-09-26T19:30:00Z,Michigan Wolverines,Iowa Hawkeyes,betonlineag,BetOnline.ag,2026-09-26T16:30:54Z,2026-09-26T16:30:49Z,Iowa Hawkeyes,5.5,-112.0,2026,2026-09-26T16:31:43Z,1070,6.48276047467471,13.315751121651198,-4.332990646976488,b4347a6d6451334b228bf748d98cbd30b34b222852b6631cc98ff41b5e407018,timestamped_live_quote,FBS vs FBS
2026-09-26T16:31:43Z,39a3d3075172036a2b3f7d47913779b8,2026-09-26T19:30:00Z,Michigan Wolverines,Iowa Hawkeyes,betonlineag,BetOnline.ag,2026-09-26T16:30:54Z,2026-09-26T16:30:49Z,Michigan Wolverines,-5.5,-108.0,2026,2026-09-26T16:31:43Z,1070,6.48276047467471,13.315751121651198,-4.332990646976488,b4347a6d6451334b228bf748d98cbd30b34b222852b6631cc98ff41b5e407018,timestamped_live_quote,FBS vs FBS
2026-09-26T16:31:43Z,39a3d3075172036a2b3f7d47913779b8,2026-09-26T19:30:00Z,Michigan Wolverines,Iowa Hawkeyes,lowvig,LowVig.ag,2026-09-26T16:31:23Z,2026-09-26T16:31:22Z,Iowa Hawkeyes,5.5,-108.0,2026,2026-09-26T16:31:43Z,1070,6.48276047467471,13.315751121651198,-4.332990646976488,b4347a6d6451334b228bf748d98cbd30b34b222852b6631cc98ff41b5e407018,timestamped_live_quote,FBS vs FBS
2026-09-26T16:31:43Z,39a3d3075172036a2b3f7d47913779b8,2026-09-26T19:30:00Z,Michigan Wolverines,Iowa Hawkeyes,lowvig,LowVig.ag,2026-09-26T16:31:23Z,2026-09-26T16:31:22Z,Michigan Wolverines,-5.5,-104.0,2026,2026-09-26T16:31:43Z,1070,6.48276047467471,13.315751121651198,-4.332990646976488,b4347a6d6451334b228bf748d98cbd30b34b222852b6631cc98ff41b5e407018,timestamped_live_quote,FBS vs FBS
2026-09-26T16:31:43Z,39a3d3075172036a2b3f7d47913779b8,2026-09-26T19:30:00Z,Michigan Wolverines,Iowa Hawkeyes,betmgm,BetMGM,2026-09-26T16:31:08Z,2026-09-26T16:31:08Z,Iowa Hawkeyes,5.0,-112.0,2026,2026-09-26T16:31:43Z,1070,6.48276047467471,13.315751121651198,-4.332990646976488,b4347a6d6451334b228bf748d98cbd30b34b222852b6631cc98ff41b5e407018,timestamped_live_quote,FBS vs FBS
2026-09-26T16:31:43Z,39a3d3075172036a2b3f7d47913779b8,2026-09-26T19:30:00Z,Michigan Wolverines,Iowa Hawkeyes,betmgm,BetMGM,2026-09-26T16:31:08Z,2026-09-26T16:31:08Z,Michigan Wolverines,-5.0,-118.0,2026,2026-09-26T16:31:43Z,1070,6.48276047467471,13.315751121651198,-4.332990646976488,b4347a6d6451334b228bf748d98cbd30b34b222852b6631cc98ff41b5e407018,timestamped_live_quote,FBS vs FBS
2026-09-26T16:31:43Z,39a3d3075172036a2b3f7d47913779b8,2026-09-26T19:30:00Z,Michigan Wolverines,Iowa Hawkeyes,betus,BetUS,2026-09-26T16:31:42Z,2026-09-26T16:31:42Z,Iowa Hawkeyes,5.5,-110.0,2026,2026-09-26T16:31:43Z,1070,6.48276047467471,13.315751121651198,-4.332990646976488,b4347a6d6451334b228bf748d98cbd30b34b222852b6631cc98ff41b5e407018,timestamped_live_quote,FBS vs FBS
2026-09-26T16:31:43Z,39a3d3075172036a2b3f7d47913779b8,2026-09-26T19:30:00Z,Michigan Wolverines,Iowa Hawkeyes,betus,BetUS,2026-09-26T16:31:42Z,2026-09-26T16:31:42Z,Michigan Wolverines,-5.5,-110.0,2026,2026-09-26T16:31:43Z,1070,6.48276047467471,13.315751121651198,-4.332990646976488,b4347a6d6451334b228bf748d98cbd30b34b222852b6631cc98ff41b5e407018,timestamped_live_quote,FBS vs FBS
2026-09-26T16:31:43Z,39a3d3075172036a2b3f7d47913779b8,2026-09-26T19:30:00Z,Michigan Wolverines,Iowa Hawkeyes,bovada,Bovada,2026-09-26T16:30:53Z,2026-09-26T16:30:53Z,Iowa Hawkeyes,5.0,-110.0,2026,2026-09-26T16:31:43Z,1070,6.48276047467471,13.315751121651198,-4.332990646976488,b4347a6d6451334b228bf748d98cbd30b34b222852b6631cc98ff41b5e407018,timestamped_live_quote,FBS vs FBS
2026-09-26T16:31:43Z,39a3d3075172036a2b3f7d47913779b8,2026-09-26T19:30:00Z,Michigan Wolverines,Iowa Hawkeyes,bovada,Bovada,2026-09-26T16:30:53Z,2026-09-26T16:30:53Z,Michigan Wolverines,-5.0,-110.0,2026,2026-09-26T16:31:43Z,1070,6.48276047467471,13.315751121651198,-4.332990646976488,b4347a6d6451334b228bf748d98cbd30b34b222852b6631cc98ff41b5e407018,timestamped_live_quote,FBS vs FBS
2026-09-26T16:31:43Z,0dcea769daace0b6c76434589c639b11,2026-09-26T19:30:00Z,Iowa State Cyclones,Utah Utes,draftkings,DraftKings,2026-09-26T16:31:43Z,2026-09-26T16:31:43Z,Iowa State Cyclones,7.5,-112.0,2026,2026-09-26T16:31:43Z,1070,10.297996599987693,13.98643136950691,-1.1884347695192172,b4347a6d6451334b228bf748d98cbd30b34b222852b6631cc98ff41b5e407018,timestamped_live_quote,FBS vs FBS
2026-09-26T16:31:43Z,0dcea769daace0b6c76434589c639b11,2026-09-26T19:30:00Z,Iowa State Cyclones,Utah Utes,draftkings,DraftKings,2026-09-26T16:31:43Z,2026-09-26T16:31:43Z,Utah Utes,-7.5,-108.0,2026,2026-09-26T16:31:43Z,1070,10.297996599987693,13.98643136950691,-1.1884347695192172,b4347a6d6451334b228bf748d98cbd30b34b222852b6631cc98ff41b5e407018,timestamped_live_quote,FBS vs FBS
2026-09-26T16:31:43Z,0dcea769daace0b6c76434589c639b11,2026-09-26T19:30:00Z,Iowa State Cyclones,Utah Utes,mybookieag,MyBookie.ag,2026-09-26T16:31:15Z,2026-09-26T16:31:15Z,Iowa State Cyclones,7.5,-110.0,2026,2026-09-26T16:31:43Z,1070,10.297996599987693,13.98643136950691,-1.1884347695192172,b4347a6d6451334b228bf748d98cbd30b34b222852b6631cc98ff41b5e407018,timestamped_live_quote,FBS vs FBS
2026-09-26T16:31:43Z,0dcea769daace0b6c76434589c639b11,2026-09-26T19:30:00Z,Iowa State Cyclones,Utah Utes,mybookieag,MyBookie.ag,2026-09-26T16:31:15Z,2026-09-26T16:31:15Z,Utah Utes,-7.5,-110.0,2026,2026-09-26T16:31:43Z,1070,10.297996599987693,13.98643136950691,-1.1884347695192172,b4347a6d6451334b228bf748d98cbd30b34b222852b6631cc98ff41b5e407018,timestamped_live_quote,FBS vs FBS
2026-09-26T16:31:43Z,0dcea769daace0b6c76434589c639b11,2026-09-26T19:30:00Z,Iowa State Cyclones,Utah Utes,fanduel,FanDuel,2026-09-26T16:31:24Z,2026-09-26T16:31:23Z,Iowa State Cyclones,7.5,-110.0,2026,2026-09-26T16:31:43Z,1070,10.297996599987693,13.98643136950691,-1.1884347695192172,b4347a6d6451334b228bf748d98cbd30b34b222852b6631cc98ff41b5e407018,timestamped_live_quote,FBS vs FBS
2026-09-26T16:31:43Z,0dcea769daace0b6c76434589c639b11,2026-09-26T19:30:00Z,Iowa State Cyclones,Utah Utes,fanduel,FanDuel,2026-09-26T16:31:24Z,2026-09-26T16:31:23Z,Utah Utes,-7.5,-110.0,2026,2026-09-26T16:31:43Z,1070,10.297996599987693,13.98643136950691,-1.1884347695192172,b4347a6d6451334b228bf748d98cbd30b34b222852b6631cc98ff41b5e407018,timestamped_live_quote,FBS vs FBS
2026-09-26T16:31:43Z,0dcea769daace0b6c76434589c639b11,2026-09-26T19:30:00Z,Iowa State Cyclones,Utah Utes,betrivers,BetRivers,2026-09-26T16:30:52Z,2026-09-26T16:30:52Z,Iowa State Cyclones,7.5,-114.0,2026,2026-09-26T16:31:43Z,1070,10.297996599987693,13.98643136950691,-1.1884347695192172,b4347a6d6451334b228bf748d98cbd30b34b222852b6631cc98ff41b5e407018,timestamped_live_quote,FBS vs FBS
2026-09-26T16:31:43Z,0dcea769daace0b6c76434589c639b11,2026-09-26T19:30:00Z,Iowa State Cyclones,Utah Utes,betrivers,BetRivers,2026-09-26T16:30:52Z,2026-09-26T16:30:52Z,Utah Utes,-7.5,-109.0,2026,2026-09-26T16:31:43Z,1070,10.297996599987693,13.98643136950691,-1.1884347695192172,b4347a6d6451334b228bf748d98cbd30b34b222852b6631cc98ff41b5e407018,timestamped_live_quote,FBS vs FBS
2026-09-26T16:31:43Z,0dcea769daace0b6c76434589c639b11,2026-09-26T19:30:00Z,Iowa State Cyclones,Utah Utes,betonlineag,BetOnline.ag,2026-09-26T16:30:54Z,2026-09-26T16:30:49Z,Iowa State Cyclones,7.5,-112.0,2026,2026-09-26T16:31:43Z,1070,10.297996599987693,13.98643136950691,-1.1884347695192172,b4347a6d6451334b228bf748d98cbd30b34b222852b6631cc98ff41b5e407018,timestamped_live_quote,FBS vs FBS
2026-09-26T16:31:43Z,0dcea769daace0b6c76434589c639b11,2026-09-26T19:30:00Z,Iowa State Cyclones,Utah Utes,betonlineag,BetOnline.ag,2026-09-26T16:30:54Z,2026-09-26T16:30:49Z,Utah Utes,-7.5,-108.0,2026,2026-09-26T16:31:43Z,1070,10.297996599987693,13.98643136950691,-1.1884347695192172,b4347a6d6451334b228bf748d98cbd30b34b222852b6631cc98ff41b5e407018,timestamped_live_quote,FBS vs FBS
2026-09-26T16:31:43Z,0dcea769daace0b6c76434589c639b11,2026-09-26T19:30:00Z,Iowa State Cyclones,Utah Utes,betus,BetUS,2026-09-26T16:31:42Z,2026-09-26T16:31:42Z,Iowa State Cyclones,7.5,-115.0,2026,2026-09-26T16:31:43Z,1070,10.297996599987693,13.98643136950691,-1.1884347695192172,b4347a6d6451334b228bf748d98cbd30b34b222852b6631cc98ff41b5e407018,timestamped_live_quote,FBS vs FBS
2026-09-26T16:31:43Z,0dcea769daace0b6c76434589c639b11,2026-09-26T19:30:00Z,Iowa State Cyclones,Utah Utes,betus,BetUS,2026-09-26T16:31:42Z,2026-09-26T16:31:42Z,Utah Utes,-7.5,-105.0,2026,2026-09-26T16:31:43Z,1070,10.297996599987693,13.98643136950691,-1.1884347695192172,b4347a6d6451334b228bf748d98cbd30b34b222852b6631cc98ff41b5e407018,timestamped_live_quote,FBS vs FBS
2026-09-26T16:31:43Z,0dcea769daace0b6c76434589c639b11,2026-09-26T19:30:00Z,Iowa State Cyclones,Utah Utes,betmgm,BetMGM,2026-09-26T16:31:08Z,2026-09-26T16:31:08Z,Iowa State Cyclones,7.5,-110.0,2026,2026-09-26T16:31:43Z,1070,10.297996599987693,13.98643136950691,-1.1884347695192172,b4347a6d6451334b228bf748d98cbd30b34b222852b6631cc98ff41b5e407018,timestamped_live_quote,FBS vs FBS
2026-09-26T16:31:43Z,0dcea769daace0b6c76434589c639b11,2026-09-26T19:30:00Z,Iowa State Cyclones,Utah Utes,betmgm,BetMGM,2026-09-26T16:31:08Z,2026-09-26T16:31:08Z,Utah Utes,-7.5,-108.0,2026,2026-09-26T16:31:43Z,1070,10.297996599987693,13.98643136950691,-1.1884347695192172,b4347a6d6451334b228bf748d98cbd30b34b222852b6631cc98ff41b5e407018,timestamped_live_quote,FBS vs FBS
2026-09-26T16:31:43Z,0dcea769daace0b6c76434589c639b11,2026-09-26T19:30:00Z,Iowa State Cyclones,Utah Utes,bovada,Bovada,2026-09-26T16:30:53Z,2026-09-26T16:30:53Z,Iowa State Cyclones,7.5,-115.0,2026,2026-09-26T16:31:43Z,1070,10.297996599987693,13.98643136950691,-1.1884347695192172,b4347a6d6451334b228bf748d98cbd30b34b222852b6631cc98ff41b5e407018,timestamped_live_quote,FBS vs FBS
2026-09-26T16:31:43Z,0dcea769daace0b6c76434589c639b11,2026-09-26T19:30:00Z,Iowa State Cyclones,Utah Utes,bovada,Bovada,2026-09-26T16:30:53Z,2026-09-26T16:30:53Z,Utah Utes,-7.5,-105.0,2026,2026-09-26T16:31:43Z,1070,10.297996599987693,13.98643136950691,-1.1884347695192172,b4347a6d6451334b228bf748d98cbd30b34b222852b6631cc98ff41b5e407018,timestamped_live_quote,FBS vs FBS
2026-09-26T16:31:43Z,b77eb4a9bc3086105491e736c1458112,2026-09-26T19:30:00Z,Miami (OH) RedHawks,UConn Huskies,fanduel,FanDuel,2026-09-26T16:31:24Z,2026-09-26T16:31:24Z,Miami (OH) RedHawks,-2.5,-122.0,2026,2026-09-26T16:31:43Z,1070,0.1466460714224901,7.963292501110135,-5.316646429687645,b4347a6d6451334b228bf748d98cbd30b34b222852b6631cc98ff41b5e407018,timestamped_live_quote,FBS vs FBS
2026-09-26T16:31:43Z,b77eb4a9bc3086105491e736c1458112,2026-09-26T19:30:00Z,Miami (OH) RedHawks,UConn Huskies,fanduel,FanDuel,2026-09-26T16:31:24Z,2026-09-26T16:31:24Z,UConn Huskies,2.5,100.0,2026,2026-09-26T16:31:43Z,1070,0.1466460714224901,7.963292501110135,-5.316646429687645,b4347a6d6451334b228bf748d98cbd30b34b222852b6631cc98ff41b5e407018,timestamped_live_quote,FBS vs FBS
2026-09-26T16:31:43Z,b77eb4a9bc3086105491e736c1458112,2026-09-26T19:30:00Z,Miami (OH) RedHawks,UConn Huskies,mybookieag,MyBookie.ag,2026-09-26T16:31:15Z,2026-09-26T16:31:15Z,Miami (OH) RedHawks,-3.0,-110.0,2026,2026-09-26T16:31:43Z,1070,0.1466460714224901,7.963292501110135,-5.316646429687645,b4347a6d6451334b228bf748d98cbd30b34b222852b6631cc98ff41b5e407018,timestamped_live_quote,FBS vs FBS
2026-09-26T16:31:43Z,b77eb4a9bc3086105491e736c1458112,2026-09-26T19:30:00Z,Miami (OH) RedHawks,UConn Huskies,mybookieag,MyBookie.ag,2026-09-26T16:31:15Z,2026-09-26T16:31:15Z,UConn Huskies,3.0,-110.0,2026,2026-09-26T16:31:43Z,1070,0.1466460714224901,7.963292501110135,-5.316646429687645,b4347a6d6451334b228bf748d98cbd30b34b222852b6631cc98ff41b5e407018,timestamped_live_quote,FBS vs FBS
2026-09-26T16:31:43Z,b77eb4a9bc3086105491e736c1458112,2026-09-26T19:30:00Z,Miami (OH) RedHawks,UConn Huskies,betrivers,BetRivers,2026-09-26T16:30:52Z,2026-09-26T16:30:52Z,Miami (OH) RedHawks,-3.0,-115.0,2026,2026-09-26T16:31:43Z,1070,0.1466460714224901,7.963292501110135,-5.316646429687645,b4347a6d6451334b228bf748d98cbd30b34b222852b6631cc98ff41b5e407018,timestamped_live_quote,FBS vs FBS
2026-09-26T16:31:43Z,b77eb4a9bc3086105491e736c1458112,2026-09-26T19:30:00Z,Miami (OH) RedHawks,UConn Huskies,betrivers,BetRivers,2026-09-26T16:30:52Z,2026-09-26T16:30:52Z,UConn Huskies,3.0,-108.0,2026,2026-09-26T16:31:43Z,1070,0.1466460714224901,7.963292501110135,-5.316646429687645,b4347a6d6451334b228bf748d98cbd30b34b222852b6631cc98ff41b5e407018,timestamped_live_quote,FBS vs FBS
2026-09-26T16:31:43Z,b77eb4a9bc3086105491e736c1458112,2026-09-26T19:30:00Z,Miami (OH) RedHawks,UConn Huskies,draftkings,DraftKings,2026-09-26T16:31:43Z,2026-09-26T16:31:43Z,Miami (OH) RedHawks,-3.0,-108.0,2026,2026-09-26T16:31:43Z,1070,0.1466460714224901,7.963292501110135,-5.316646429687645,b4347a6d6451334b228bf748d98cbd30b34b222852b6631cc98ff41b5e407018,timestamped_live_quote,FBS vs FBS
2026-09-26T16:31:43Z,b77eb4a9bc3086105491e736c1458112,2026-09-26T19:30:00Z,Miami (OH) RedHawks,UConn Huskies,draftkings,DraftKings,2026-09-26T16:31:43Z,2026-09-26T16:31:43Z,UConn Huskies,3.0,-112.0,2026,2026-09-26T16:31:43Z,1070,0.1466460714224901,7.963292501110135,-5.316646429687645,b4347a6d6451334b228bf748d98cbd30b34b222852b6631cc98ff41b5e407018,timestamped_live_quote,FBS vs FBS
2026-09-26T16:31:43Z,b77eb4a9bc3086105491e736c1458112,2026-09-26T19:30:00Z,Miami (OH) RedHawks,UConn Huskies,betonlineag,BetOnline.ag,2026-09-26T16:30:54Z,2026-09-26T16:30:49Z,Miami (OH) RedHawks,-3.0,-108.0,2026,2026-09-26T16:31:43Z,1070,0.1466460714224901,7.963292501110135,-5.316646429687645,b4347a6d6451334b228bf748d98cbd30b34b222852b6631cc98ff41b5e407018,timestamped_live_quote,FBS vs FBS
2026-09-26T16:31:43Z,b77eb4a9bc3086105491e736c1458112,2026-09-26T19:30:00Z,Miami (OH) RedHawks,UConn Huskies,betonlineag,BetOnline.ag,2026-09-26T16:30:54Z,2026-09-26T16:30:49Z,UConn Huskies,3.0,-112.0,2026,2026-09-26T16:31:43Z,1070,0.1466460714224901,7.963292501110135,-5.316646429687645,b4347a6d6451334b228bf748d98cbd30b34b222852b6631cc98ff41b5e407018,timestamped_live_quote,FBS vs FBS
2026-09-26T16:31:43Z,b77eb4a9bc3086105491e736c1458112,2026-09-26T19:30:00Z,Miami (OH) RedHawks,UConn Huskies,lowvig,LowVig.ag,2026-09-26T16:31:23Z,2026-09-26T16:31:22Z,Miami (OH) RedHawks,-3.0,-104.0,2026,2026-09-26T16:31:43Z,1070,0.1466460714224901,7.963292501110135,-5.316646429687645,b4347a6d6451334b228bf748d98cbd30b34b222852b6631cc98ff41b5e407018,timestamped_live_quote,FBS vs FBS
2026-09-26T16:31:43Z,b77eb4a9bc3086105491e736c1458112,2026-09-26T19:30:00Z,Miami (OH) RedHawks,UConn Huskies,lowvig,LowVig.ag,2026-09-26T16:31:23Z,2026-09-26T16:31:22Z,UConn Huskies,3.0,-108.0,2026,2026-09-26T16:31:43Z,1070,0.1466460714224901,7.963292501110135,-5.316646429687645,b4347a6d6451334b228bf748d98cbd30b34b222852b6631cc98ff41b5e407018,timestamped_live_quote,FBS vs FBS
2026-09-26T16:31:43Z,b77eb4a9bc3086105491e736c1458112,2026-09-26T19:30:00Z,Miami (OH) RedHawks,UConn Huskies,betmgm,BetMGM,2026-09-26T16:31:08Z,2026-09-26T16:31:08Z,Miami (OH) RedHawks,-3.0,-108.0,2026,2026-09-26T16:31:43Z,1070,0.1466460714224901,7.963292501110135,-5.316646429687645,b4347a6d6451334b228bf748d98cbd30b34b222852b6631cc98ff41b5e407018,timestamped_live_quote,FBS vs FBS
2026-09-26T16:31:43Z,b77eb4a9bc3086105491e736c1458112,2026-09-26T19:30:00Z,Miami (OH) RedHawks,UConn Huskies,betmgm,BetMGM,2026-09-26T16:31:08Z,2026-09-26T16:31:08Z,UConn Huskies,3.0,-110.0,2026,2026-09-26T16:31:43Z,1070,0.1466460714224901,7.963292501110135,-5.316646429687645,b4347a6d6451334b228bf748d98cbd30b34b222852b6631cc98ff41b5e407018,timestamped_live_quote,FBS vs FBS
2026-09-26T16:31:43Z,b77eb4a9bc3086105491e736c1458112,2026-09-26T19:30:00Z,Miami (OH) RedHawks,UConn Huskies,betus,BetUS,2026-09-26T16:31:42Z,2026-09-26T16:31:42Z,Miami (OH) RedHawks,-3.0,-105.0,2026,2026-09-26T16:31:43Z,1070,0.1466460714224901,7.963292501110135,-5.316646429687645,b4347a6d6451334b228bf748d98cbd30b34b222852b6631cc98ff41b5e407018,timestamped_live_quote,FBS vs FBS
2026-09-26T16:31:43Z,b77eb4a9bc3086105491e736c1458112,2026-09-26T19:30:00Z,Miami (OH) RedHawks,UConn Huskies,betus,BetUS,2026-09-26T16:31:42Z,2026-09-26T16:31:42Z,UConn Huskies,3.0,-115.0,2026,2026-09-26T16:31:43Z,1070,0.1466460714224901,7.963292501110135,-5.316646429687645,b4347a6d6451334b228bf748d98cbd30b34b222852b6631cc98ff41b5e407018,timestamped_live_quote,FBS vs FBS
2026-09-26T16:31:43Z,b77eb4a9bc3086105491e736c1458112,2026-09-26T19:30:00Z,Miami (OH) RedHawks,UConn Huskies,bovada,Bovada,2026-09-26T16:30:53Z,2026-09-26T16:30:53Z,Miami (OH) RedHawks,-3.0,-105.0,2026,2026-09-26T16:31:43Z,1070,0.1466460714224901,7.963292501110135,-5.316646429687645,b4347a6d6451334b228bf748d98cbd30b34b222852b6631cc98ff41b5e407018,timestamped_live_quote,FBS vs FBS
2026-09-26T16:31:43Z,b77eb4a9bc3086105491e736c1458112,2026-09-26T19:30:00Z,Miami (OH) RedHawks,UConn Huskies,bovada,Bovada,2026-09-26T16:30:53Z,2026-09-26T16:30:53Z,UConn Huskies,3.0,-115.0,2026,2026-09-26T16:31:43Z,1070,0.1466460714224901,7.963292501110135,-5.316646429687645,b4347a6d6451334b228bf748d98cbd30b34b222852b6631cc98ff41b5e407018,timestamped_live_quote,FBS vs FBS
2026-09-26T16:31:43Z,9fe2a7b54748dc10ff57743cdd1b041c,2026-09-26T19:30:00Z,New Mexico State Aggies,New Mexico Lobos,fanduel,FanDuel,2026-09-26T16:31:24Z,2026-09-26T16:31:24Z,New Mexico Lobos,-11.5,-110.0,2026,2026-09-26T16:31:43Z,1070,-0.10536221384379449,11.409551316427715,-9.014913530271508,b4347a6d6451334b228bf748d98cbd30b34b222852b6631cc98ff41b5e407018,timestamped_live_quote,FBS vs FBS
2026-09-26T16:31:43Z,9fe2a7b54748dc10ff57743cdd1b041c,2026-09-26T19:30:00Z,New Mexico State Aggies,New Mexico Lobos,fanduel,FanDuel,2026-09-26T16:31:24Z,2026-09-26T16:31:24Z,New Mexico State Aggies,11.5,-110.0,2026,2026-09-26T16:31:43Z,1070,-0.10536221384379449,11.409551316427715,-9.014913530271508,b4347a6d6451334b228bf748d98cbd30b34b222852b6631cc98ff41b5e407018,timestamped_live_quote,FBS vs FBS
2026-09-26T16:31:43Z,9fe2a7b54748dc10ff57743cdd1b041c,2026-09-26T19:30:00Z,New Mexico State Aggies,New Mexico Lobos,betrivers,BetRivers,2026-09-26T16:30:52Z,2026-09-26T16:30:52Z,New Mexico Lobos,-12.0,-109.0,2026,2026-09-26T16:31:43Z,1070,-0.10536221384379449,11.409551316427715,-9.014913530271508,b4347a6d6451334b228bf748d98cbd30b34b222852b6631cc98ff41b5e407018,timestamped_live_quote,FBS vs FBS
2026-09-26T16:31:43Z,9fe2a7b54748dc10ff57743cdd1b041c,2026-09-26T19:30:00Z,New Mexico State Aggies,New Mexico Lobos,betrivers,BetRivers,2026-09-26T16:30:52Z,2026-09-26T16:30:52Z,New Mexico State Aggies,12.0,-113.0,2026,2026-09-26T16:31:43Z,1070,-0.10536221384379449,11.409551316427715,-9.014913530271508,b4347a6d6451334b228bf748d98cbd30b34b222852b6631cc98ff41b5e407018,timestamped_live_quote,FBS vs FBS
2026-09-26T16:31:43Z,9fe2a7b54748dc10ff57743cdd1b041c,2026-09-26T19:30:00Z,New Mexico State Aggies,New Mexico Lobos,mybookieag,MyBookie.ag,2026-09-26T16:31:15Z,2026-09-26T16:31:15Z,New Mexico Lobos,-11.5,-110.0,2026,2026-09-26T16:31:43Z,1070,-0.10536221384379449,11.409551316427715,-9.014913530271508,b4347a6d6451334b228bf748d98cbd30b34b222852b6631cc98ff41b5e407018,timestamped_live_quote,FBS vs FBS
2026-09-26T16:31:43Z,9fe2a7b54748dc10ff57743cdd1b041c,2026-09-26T19:30:00Z,New Mexico State Aggies,New Mexico Lobos,mybookieag,MyBookie.ag,2026-09-26T16:31:15Z,2026-09-26T16:31:15Z,New Mexico State Aggies,11.5,-110.0,2026,2026-09-26T16:31:43Z,1070,-0.10536221384379449,11.409551316427715,-9.014913530271508,b4347a6d6451334b228bf748d98cbd30b34b222852b6631cc98ff41b5e407018,timestamped_live_quote,FBS vs FBS
2026-09-26T16:31:43Z,9fe2a7b54748dc10ff57743cdd1b041c,2026-09-26T19:30:00Z,New Mexico State Aggies,New Mexico Lobos,draftkings,DraftKings,2026-09-26T16:31:43Z,2026-09-26T16:31:43Z,New Mexico Lobos,-11.5,-110.0,2026,2026-09-26T16:31:43Z,1070,-0.10536221384379449,11.409551316427715,-9.014913530271508,b4347a6d6451334b228bf748d98cbd30b34b222852b6631cc98ff41b5e407018,timestamped_live_quote,FBS vs FBS
2026-09-26T16:31:43Z,9fe2a7b54748dc10ff57743cdd1b041c,2026-09-26T19:30:00Z,New Mexico State Aggies,New Mexico Lobos,draftkings,DraftKings,2026-09-26T16:31:43Z,2026-09-26T16:31:43Z,New Mexico State Aggies,11.5,-110.0,2026,2026-09-26T16:31:43Z,1070,-0.10536221384379449,11.409551316427715,-9.014913530271508,b4347a6d6451334b228bf748d98cbd30b34b222852b6631cc98ff41b5e407018,timestamped_live_quote,FBS vs FBS
2026-09-26T16:31:43Z,9fe2a7b54748dc10ff57743cdd1b041c,2026-09-26T19:30:00Z,New Mexico State Aggies,New Mexico Lobos,lowvig,LowVig.ag,2026-09-26T16:31:23Z,2026-09-26T16:31:22Z,New Mexico Lobos,-11.5,-101.0,2026,2026-09-26T16:31:43Z,1070,-0.10536221384379449,11.409551316427715,-9.014913530271508,b4347a6d6451334b228bf748d98cbd30b34b222852b6631cc98ff41b5e407018,timestamped_live_quote,FBS vs FBS
2026-09-26T16:31:43Z,9fe2a7b54748dc10ff57743cdd1b041c,2026-09-26T19:30:00Z,New Mexico State Aggies,New Mexico Lobos,lowvig,LowVig.ag,2026-09-26T16:31:23Z,2026-09-26T16:31:22Z,New Mexico State Aggies,11.5,-111.0,2026,2026-09-26T16:31:43Z,1070,-0.10536221384379449,11.409551316427715,-9.014913530271508,b4347a6d6451334b228bf748d98cbd30b34b222852b6631cc98ff41b5e407018,timestamped_live_quote,FBS vs FBS
2026-09-26T16:31:43Z,9fe2a7b54748dc10ff57743cdd1b041c,2026-09-26T19:30:00Z,New Mexico State Aggies,New Mexico Lobos,betonlineag,BetOnline.ag,2026-09-26T16:30:54Z,2026-09-26T16:30:49Z,New Mexico Lobos,-11.5,-105.0,2026,2026-09-26T16:31:43Z,1070,-0.10536221384379449,11.409551316427715,-9.014913530271508,b4347a6d6451334b228bf748d98cbd30b34b222852b6631cc98ff41b5e407018,timestamped_live_quote,FBS vs FBS
2026-09-26T16:31:43Z,9fe2a7b54748dc10ff57743cdd1b041c,2026-09-26T19:30:00Z,New Mexico State Aggies,New Mexico Lobos,betonlineag,BetOnline.ag,2026-09-26T16:30:54Z,2026-09-26T16:30:49Z,New Mexico State Aggies,11.5,-115.0,2026,2026-09-26T16:31:43Z,1070,-0.10536221384379449,11.409551316427715,-9.014913530271508,b4347a6d6451334b228bf748d98cbd30b34b222852b6631cc98ff41b5e407018,timestamped_live_quote,FBS vs FBS
2026-09-26T16:31:43Z,9fe2a7b54748dc10ff57743cdd1b041c,2026-09-26T19:30:00Z,New Mexico State Aggies,New Mexico Lobos,betmgm,BetMGM,2026-09-26T16:31:08Z,2026-09-26T16:31:08Z,New Mexico Lobos,-11.0,-110.0,2026,2026-09-26T16:31:43Z,1070,-0.10536221384379449,11.409551316427715,-9.014913530271508,b4347a6d6451334b228bf748d98cbd30b34b222852b6631cc98ff41b5e407018,timestamped_live_quote,FBS vs FBS
2026-09-26T16:31:43Z,9fe2a7b54748dc10ff57743cdd1b041c,2026-09-26T19:30:00Z,New Mexico State Aggies,New Mexico Lobos,betmgm,BetMGM,2026-09-26T16:31:08Z,2026-09-26T16:31:08Z,New Mexico State Aggies,11.0,-108.0,2026,2026-09-26T16:31:43Z,1070,-0.10536221384379449,11.409551316427715,-9.014913530271508,b4347a6d6451334b228bf748d98cbd30b34b222852b6631cc98ff41b5e407018,timestamped_live_quote,FBS vs FBS
2026-09-26T16:31:43Z,9fe2a7b54748dc10ff57743cdd1b041c,2026-09-26T19:30:00Z,New Mexico State Aggies,New Mexico Lobos,betus,BetUS,2026-09-26T16:31:42Z,2026-09-26T16:31:42Z,New Mexico Lobos,-11.5,-110.0,2026,2026-09-26T16:31:43Z,1070,-0.10536221384379449,11.409551316427715,-9.014913530271508,b4347a6d6451334b228bf748d98cbd30b34b222852b6631cc98ff41b5e407018,timestamped_live_quote,FBS vs FBS
2026-09-26T16:31:43Z,9fe2a7b54748dc10ff57743cdd1b041c,2026-09-26T19:30:00Z,New Mexico State Aggies,New Mexico Lobos,betus,BetUS,2026-09-26T16:31:42Z,2026-09-26T16:31:42Z,New Mexico State Aggies,11.5,-110.0,2026,2026-09-26T16:31:43Z,1070,-0.10536221384379449,11.409551316427715,-9.014913530271508,b4347a6d6451334b228bf748d98cbd30b34b222852b6631cc98ff41b5e407018,timestamped_live_quote,FBS vs FBS
2026-09-26T16:31:43Z,9fe2a7b54748dc10ff57743cdd1b041c,2026-09-26T19:30:00Z,New Mexico State Aggies,New Mexico Lobos,bovada,Bovada,2026-09-26T16:30:53Z,2026-09-26T16:30:53Z,New Mexico Lobos,-11.0,-110.0,2026,2026-09-26T16:31:43Z,1070,-0.10536221384379449,11.409551316427715,-9.014913530271508,b4347a6d6451334b228bf748d98cbd30b34b222852b6631cc98ff41b5e407018,timestamped_live_quote,FBS vs FBS
2026-09-26T16:31:43Z,9fe2a7b54748dc10ff57743cdd1b041c,2026-09-26T19:30:00Z,New Mexico State Aggies,New Mexico Lobos,bovada,Bovada,2026-09-26T16:30:53Z,2026-09-26T16:30:53Z,New Mexico State Aggies,11.0,-110.0,2026,2026-09-26T16:31:43Z,1070,-0.10536221384379449,11.409551316427715,-9.014913530271508,b4347a6d6451334b228bf748d98cbd30b34b222852b6631cc98ff41b5e407018,timestamped_live_quote,FBS vs FBS
2026-09-26T16:31:43Z,de2c67844370661f124fd07aef585366,2026-09-26T19:30:00Z,Ohio Bobcats,Stonehill Skyhawks,fanduel,FanDuel,2026-09-26T16:31:24Z,2026-09-26T16:31:24Z,Ohio Bobcats,-32.5,-110.0,2026,2026-09-26T16:31:43Z,1070,,,,b4347a6d6451334b228bf748d98cbd30b34b222852b6631cc98ff41b5e407018,division_safety_suppressed,Unverified division / FCS: model suppressed
2026-09-26T16:31:43Z,de2c67844370661f124fd07aef585366,2026-09-26T19:30:00Z,Ohio Bobcats,Stonehill Skyhawks,fanduel,FanDuel,2026-09-26T16:31:24Z,2026-09-26T16:31:24Z,Stonehill Skyhawks,32.5,-110.0,2026,2026-09-26T16:31:43Z,1070,,,,b4347a6d6451334b228bf748d98cbd30b34b222852b6631cc98ff41b5e407018,division_safety_suppressed,Unverified division / FCS: model suppressed
2026-09-26T16:31:43Z,de2c67844370661f124fd07aef585366,2026-09-26T19:30:00Z,Ohio Bobcats,Stonehill Skyhawks,betrivers,BetRivers,2026-09-26T16:30:52Z,2026-09-26T16:30:52Z,Ohio Bobcats,-34.0,-122.0,2026,2026-09-26T16:31:43Z,1070,,,,b4347a6d6451334b228bf748d98cbd30b34b222852b6631cc98ff41b5e407018,division_safety_suppressed,Unverified division / FCS: model suppressed
2026-09-26T16:31:43Z,de2c67844370661f124fd07aef585366,2026-09-26T19:30:00Z,Ohio Bobcats,Stonehill Skyhawks,betrivers,BetRivers,2026-09-26T16:30:52Z,2026-09-26T16:30:52Z,Stonehill Skyhawks,34.0,-118.0,2026,2026-09-26T16:31:43Z,1070,,,,b4347a6d6451334b228bf748d98cbd30b34b222852b6631cc98ff41b5e407018,division_safety_suppressed,Unverified division / FCS: model suppressed
2026-09-26T16:31:43Z,de2c67844370661f124fd07aef585366,2026-09-26T19:30:00Z,Ohio Bobcats,Stonehill Skyhawks,draftkings,DraftKings,2026-09-26T16:31:43Z,2026-09-26T16:31:43Z,Ohio Bobcats,-32.5,-112.0,2026,2026-09-26T16:31:43Z,1070,,,,b4347a6d6451334b228bf748d98cbd30b34b222852b6631cc98ff41b5e407018,division_safety_suppressed,Unverified division / FCS: model suppressed
2026-09-26T16:31:43Z,de2c67844370661f124fd07aef585366,2026-09-26T19:30:00Z,Ohio Bobcats,Stonehill Skyhawks,draftkings,DraftKings,2026-09-26T16:31:43Z,2026-09-26T16:31:43Z,Stonehill Skyhawks,32.5,-108.0,2026,2026-09-26T16:31:43Z,1070,,,,b4347a6d6451334b228bf748d98cbd30b34b222852b6631cc98ff41b5e407018,division_safety_suppressed,Unverified division / FCS: model suppressed
2026-09-26T16:31:43Z,de2c67844370661f124fd07aef585366,2026-09-26T19:30:00Z,Ohio Bobcats,Stonehill Skyhawks,lowvig,LowVig.ag,2026-09-26T16:31:23Z,2026-09-26T16:31:22Z,Ohio Bobcats,-32.0,-105.0,2026,2026-09-26T16:31:43Z,1070,,,,b4347a6d6451334b228bf748d98cbd30b34b222852b6631cc98ff41b5e407018,division_safety_suppressed,Unverified division / FCS: model suppressed
2026-09-26T16:31:43Z,de2c67844370661f124fd07aef585366,2026-09-26T19:30:00Z,Ohio Bobcats,Stonehill Skyhawks,lowvig,LowVig.ag,2026-09-26T16:31:23Z,2026-09-26T16:31:22Z,Stonehill Skyhawks,32.0,-115.0,2026,2026-09-26T16:31:43Z,1070,,,,b4347a6d6451334b228bf748d98cbd30b34b222852b6631cc98ff41b5e407018,division_safety_suppressed,Unverified division / FCS: model suppressed
2026-09-26T16:31:43Z,de2c67844370661f124fd07aef585366,2026-09-26T19:30:00Z,Ohio Bobcats,Stonehill Skyhawks,betonlineag,BetOnline.ag,2026-09-26T16:30:54Z,2026-09-26T16:30:52Z,Ohio Bobcats,-32.0,-105.0,2026,2026-09-26T16:31:43Z,1070,,,,b4347a6d6451334b228bf748d98cbd30b34b222852b6631cc98ff41b5e407018,division_safety_suppressed,Unverified division / FCS: model suppressed
2026-09-26T16:31:43Z,de2c67844370661f124fd07aef585366,2026-09-26T19:30:00Z,Ohio Bobcats,Stonehill Skyhawks,betonlineag,BetOnline.ag,2026-09-26T16:30:54Z,2026-09-26T16:30:52Z,Stonehill Skyhawks,32.0,-115.0,2026,2026-09-26T16:31:43Z,1070,,,,b4347a6d6451334b228bf748d98cbd30b34b222852b6631cc98ff41b5e407018,division_safety_suppressed,Unverified division / FCS: model suppressed
2026-09-26T16:31:43Z,de2c67844370661f124fd07aef585366,2026-09-26T19:30:00Z,Ohio Bobcats,Stonehill Skyhawks,bovada,Bovada,2026-09-26T16:30:53Z,2026-09-26T16:30:53Z,Ohio Bobcats,-32.5,-110.0,2026,2026-09-26T16:31:43Z,1070,,,,b4347a6d6451334b228bf748d98cbd30b34b222852b6631cc98ff41b5e407018,division_safety_suppressed,Unverified division / FCS: model suppressed
2026-09-26T16:31:43Z,de2c67844370661f124fd07aef585366,2026-09-26T19:30:00Z,Ohio Bobcats,Stonehill Skyhawks,bovada,Bovada,2026-09-26T16:30:53Z,2026-09-26T16:30:53Z,Stonehill Skyhawks,32.5,-110.0,2026,2026-09-26T16:31:43Z,1070,,,,b4347a6d6451334b228bf748d98cbd30b34b222852b6631cc98ff41b5e407018,division_safety_suppressed,Unverified division / FCS: model suppressed
2026-09-26T16:31:43Z,de2c67844370661f124fd07aef585366,2026-09-26T19:30:00Z,Ohio Bobcats,Stonehill Skyhawks,betmgm,BetMGM,2026-09-26T16:31:08Z,2026-09-26T16:31:08Z,Ohio Bobcats,-32.5,-108.0,2026,2026-09-26T16:31:43Z,1070,,,,b4347a6d6451334b228bf748d98cbd30b34b222852b6631cc98ff41b5e407018,division_safety_suppressed,Unverified division / FCS: model suppressed
2026-09-26T16:31:43Z,de2c67844370661f124fd07aef585366,2026-09-26T19:30:00Z,Ohio Bobcats,Stonehill Skyhawks,betmgm,BetMGM,2026-09-26T16:31:08Z,2026-09-26T16:31:08Z,Stonehill Skyhawks,32.5,-110.0,2026,2026-09-26T16:31:43Z,1070,,,,b4347a6d6451334b228bf748d98cbd30b34b222852b6631cc98ff41b5e407018,division_safety_suppressed,Unverified division / FCS: model suppressed
2026-09-26T16:31:43Z,32171e03f5df71b5c9057bcba40030a7,2026-09-26T19:30:00Z,UCF Knights,TCU Horned Frogs,fanduel,FanDuel,2026-09-26T16:31:24Z,2026-09-26T16:31:24Z,TCU Horned Frogs,-3.5,-102.0,2026,2026-09-26T16:31:43Z,1070,,,,b4347a6d6451334b228bf748d98cbd30b34b222852b6631cc98ff41b5e407018,division_safety_suppressed,Unverified division / FCS: model suppressed
2026-09-26T16:31:43Z,32171e03f5df71b5c9057bcba40030a7,2026-09-26T19:30:00Z,UCF Knights,TCU Horned Frogs,fanduel,FanDuel,2026-09-26T16:31:24Z,2026-09-26T16:31:24Z,UCF Knights,3.5,-120.0,2026,2026-09-26T16:31:43Z,1070,,,,b4347a6d6451334b228bf748d98cbd30b34b222852b6631cc98ff41b5e407018,division_safety_suppressed,Unverified division / FCS: model suppressed
2026-09-26T16:31:43Z,32171e03f5df71b5c9057bcba40030a7,2026-09-26T19:30:00Z,UCF Knights,TCU Horned Frogs,mybookieag,MyBookie.ag,2026-09-26T16:31:15Z,2026-09-26T16:31:15Z,TCU Horned Frogs,-3.0,-110.0,2026,2026-09-26T16:31:43Z,1070,,,,b4347a6d6451334b228bf748d98cbd30b34b222852b6631cc98ff41b5e407018,division_safety_suppressed,Unverified division / FCS: model suppressed
2026-09-26T16:31:43Z,32171e03f5df71b5c9057bcba40030a7,2026-09-26T19:30:00Z,UCF Knights,TCU Horned Frogs,mybookieag,MyBookie.ag,2026-09-26T16:31:15Z,2026-09-26T16:31:15Z,UCF Knights,3.0,-110.0,2026,2026-09-26T16:31:43Z,1070,,,,b4347a6d6451334b228bf748d98cbd30b34b222852b6631cc98ff41b5e407018,division_safety_suppressed,Unverified division / FCS: model suppressed
2026-09-26T16:31:43Z,32171e03f5df71b5c9057bcba40030a7,2026-09-26T19:30:00Z,UCF Knights,TCU Horned Frogs,betrivers,BetRivers,2026-09-26T16:30:52Z,2026-09-26T16:30:52Z,TCU Horned Frogs,-3.0,-117.0,2026,2026-09-26T16:31:43Z,1070,,,,b4347a6d6451334b228bf748d98cbd30b34b222852b6631cc98ff41b5e407018,division_safety_suppressed,Unverified division / FCS: model suppressed
2026-09-26T16:31:43Z,32171e03f5df71b5c9057bcba40030a7,2026-09-26T19:30:00Z,UCF Knights,TCU Horned Frogs,betrivers,BetRivers,2026-09-26T16:30:52Z,2026-09-26T16:30:52Z,UCF Knights,3.0,-107.0,2026,2026-09-26T16:31:43Z,1070,,,,b4347a6d6451334b228bf748d98cbd30b34b222852b6631cc98ff41b5e407018,division_safety_suppressed,Unverified division / FCS: model suppressed
2026-09-26T16:31:43Z,32171e03f5df71b5c9057bcba40030a7,2026-09-26T19:30:00Z,UCF Knights,TCU Horned Frogs,draftkings,DraftKings,2026-09-26T16:31:43Z,2026-09-26T16:31:43Z,TCU Horned Frogs,-3.0,-112.0,2026,2026-09-26T16:31:43Z,1070,,,,b4347a6d6451334b228bf748d98cbd30b34b222852b6631cc98ff41b5e407018,division_safety_suppressed,Unverified division / FCS: model suppressed
2026-09-26T16:31:43Z,32171e03f5df71b5c9057bcba40030a7,2026-09-26T19:30:00Z,UCF Knights,TCU Horned Frogs,draftkings,DraftKings,2026-09-26T16:31:43Z,2026-09-26T16:31:43Z,UCF Knights,3.0,-108.0,2026,2026-09-26T16:31:43Z,1070,,,,b4347a6d6451334b228bf748d98cbd30b34b222852b6631cc98ff41b5e407018,division_safety_suppressed,Unverified division / FCS: model suppressed
2026-09-26T16:31:43Z,32171e03f5df71b5c9057bcba40030a7,2026-09-26T19:30:00Z,UCF Knights,TCU Horned Frogs,betonlineag,BetOnline.ag,2026-09-26T16:30:54Z,2026-09-26T16:30:49Z,TCU Horned Frogs,-3.0,-114.0,2026,2026-09-26T16:31:43Z,1070,,,,b4347a6d6451334b228bf748d98cbd30b34b222852b6631cc98ff41b5e407018,division_safety_suppressed,Unverified division / FCS: model suppressed
2026-09-26T16:31:43Z,32171e03f5df71b5c9057bcba40030a7,2026-09-26T19:30:00Z,UCF Knights,TCU Horned Frogs,betonlineag,BetOnline.ag,2026-09-26T16:30:54Z,2026-09-26T16:30:49Z,UCF Knights,3.0,-106.0,2026,2026-09-26T16:31:43Z,1070,,,,b4347a6d6451334b228bf748d98cbd30b34b222852b6631cc98ff41b5e407018,division_safety_suppressed,Unverified division / FCS: model suppressed
2026-09-26T16:31:43Z,32171e03f5df71b5c9057bcba40030a7,2026-09-26T19:30:00Z,UCF Knights,TCU Horned Frogs,lowvig,LowVig.ag,2026-09-26T16:31:23Z,2026-09-26T16:31:22Z,TCU Horned Frogs,-3.0,-110.0,2026,2026-09-26T16:31:43Z,1070,,,,b4347a6d6451334b228bf748d98cbd30b34b222852b6631cc98ff41b5e407018,division_safety_suppressed,Unverified division / FCS: model suppressed
2026-09-26T16:31:43Z,32171e03f5df71b5c9057bcba40030a7,2026-09-26T19:30:00Z,UCF Knights,TCU Horned Frogs,lowvig,LowVig.ag,2026-09-26T16:31:23Z,2026-09-26T16:31:22Z,UCF Knights,3.0,-102.0,2026,2026-09-26T16:31:43Z,1070,,,,b4347a6d6451334b228bf748d98cbd30b34b222852b6631cc98ff41b5e407018,division_safety_suppressed,Unverified division / FCS: model suppressed
2026-09-26T16:31:43Z,32171e03f5df71b5c9057bcba40030a7,2026-09-26T19:30:00Z,UCF Knights,TCU Horned Frogs,betus,BetUS,2026-09-26T16:31:42Z,2026-09-26T16:31:42Z,TCU Horned Frogs,-3.0,-115.0,2026,2026-09-26T16:31:43Z,1070,,,,b4347a6d6451334b228bf748d98cbd30b34b222852b6631cc98ff41b5e407018,division_safety_suppressed,Unverified division / FCS: model suppressed
2026-09-26T16:31:43Z,32171e03f5df71b5c9057bcba40030a7,2026-09-26T19:30:00Z,UCF Knights,TCU Horned Frogs,betus,BetUS,2026-09-26T16:31:42Z,2026-09-26T16:31:42Z,UCF Knights,3.0,-105.0,2026,2026-09-26T16:31:43Z,1070,,,,b4347a6d6451334b228bf748d98cbd30b34b222852b6631cc98ff41b5e407018,division_safety_suppressed,Unverified division / FCS: model suppressed
2026-09-26T16:31:43Z,32171e03f5df71b5c9057bcba40030a7,2026-09-26T19:30:00Z,UCF Knights,TCU Horned Frogs,betmgm,BetMGM,2026-09-26T16:31:08Z,2026-09-26T16:31:08Z,TCU Horned Frogs,-3.0,-115.0,2026,2026-09-26T16:31:43Z,1070,,,,b4347a6d6451334b228bf748d98cbd30b34b222852b6631cc98ff41b5e407018,division_safety_suppressed,Unverified division / FCS: model suppressed
2026-09-26T16:31:43Z,32171e03f5df71b5c9057bcba40030a7,2026-09-26T19:30:00Z,UCF Knights,TCU Horned Frogs,betmgm,BetMGM,2026-09-26T16:31:08Z,2026-09-26T16:31:08Z,UCF Knights,3.0,-105.0,2026,2026-09-26T16:31:43Z,1070,,,,b4347a6d6451334b228bf748d98cbd30b34b222852b6631cc98ff41b5e407018,division_safety_suppressed,Unverified division / FCS: model suppressed
2026-09-26T16:31:43Z,32171e03f5df71b5c9057bcba40030a7,2026-09-26T19:30:00Z,UCF Knights,TCU Horned Frogs,bovada,Bovada,2026-09-26T16:30:53Z,2026-09-26T16:30:53Z,TCU Horned Frogs,-3.0,-110.0,2026,2026-09-26T16:31:43Z,1070,,,,b4347a6d6451334b228bf748d98cbd30b34b222852b6631cc98ff41b5e407018,division_safety_suppressed,Unverified division / FCS: model suppressed
2026-09-26T16:31:43Z,32171e03f5df71b5c9057bcba40030a7,2026-09-26T19:30:00Z,UCF Knights,TCU Horned Frogs,bovada,Bovada,2026-09-26T16:30:53Z,2026-09-26T16:30:53Z,UCF Knights,3.0,-110.0,2026,2026-09-26T16:31:43Z,1070,,,,b4347a6d6451334b228bf748d98cbd30b34b222852b6631cc98ff41b5e407018,division_safety_suppressed,Unverified division / FCS: model suppressed
2026-09-26T16:31:43Z,e3228af38572d15da53fab3ec97742a2,2026-09-26T20:00:00Z,East Carolina Pirates,North Carolina Central Eagles,fanduel,FanDuel,2026-09-26T16:31:24Z,2026-09-26T16:31:24Z,East Carolina Pirates,-37.5,-110.0,2026,2026-09-26T16:31:43Z,1070,-2.465507842654805,-4.242362003608753,4.276854160953948,b4347a6d6451334b228bf748d98cbd30b34b222852b6631cc98ff41b5e407018,timestamped_live_quote,FBS vs FBS
2026-09-26T16:31:43Z,e3228af38572d15da53fab3ec97742a2,2026-09-26T20:00:00Z,East Carolina Pirates,North Carolina Central Eagles,fanduel,FanDuel,2026-09-26T16:31:24Z,2026-09-26T16:31:24Z,North Carolina Central Eagles,37.5,-110.0,2026,2026-09-26T16:31:43Z,1070,-2.465507842654805,-4.242362003608753,4.276854160953948,b4347a6d6451334b228bf748d98cbd30b34b222852b6631cc98ff41b5e407018,timestamped_live_quote,FBS vs FBS
2026-09-26T16:31:43Z,e3228af38572d15da53fab3ec97742a2,2026-09-26T20:00:00Z,East Carolina Pirates,North Carolina Central Eagles,betrivers,BetRivers,2026-09-26T16:30:52Z,2026-09-26T16:30:52Z,East Carolina Pirates,-37.5,-118.0,2026,2026-09-26T16:31:43Z,1070,-2.465507842654805,-4.242362003608753,4.276854160953948,b4347a6d6451334b228bf748d98cbd30b34b222852b6631cc98ff41b5e407018,timestamped_live_quote,FBS vs FBS
2026-09-26T16:31:43Z,e3228af38572d15da53fab3ec97742a2,2026-09-26T20:00:00Z,East Carolina Pirates,North Carolina Central Eagles,betrivers,BetRivers,2026-09-26T16:30:52Z,2026-09-26T16:30:52Z,North Carolina Central Eagles,37.5,-105.0,2026,2026-09-26T16:31:43Z,1070,-2.465507842654805,-4.242362003608753,4.276854160953948,b4347a6d6451334b228bf748d98cbd30b34b222852b6631cc98ff41b5e407018,timestamped_live_quote,FBS vs FBS
2026-09-26T16:31:43Z,e3228af38572d15da53fab3ec97742a2,2026-09-26T20:00:00Z,East Carolina Pirates,North Carolina Central Eagles,draftkings,DraftKings,2026-09-26T16:31:43Z,2026-09-26T16:31:43Z,East Carolina Pirates,-37.5,-110.0,2026,2026-09-26T16:31:43Z,1070,-2.465507842654805,-4.242362003608753,4.276854160953948,b4347a6d6451334b228bf748d98cbd30b34b222852b6631cc98ff41b5e407018,timestamped_live_quote,FBS vs FBS
2026-09-26T16:31:43Z,e3228af38572d15da53fab3ec97742a2,2026-09-26T20:00:00Z,East Carolina Pirates,North Carolina Central Eagles,draftkings,DraftKings,2026-09-26T16:31:43Z,2026-09-26T16:31:43Z,North Carolina Central Eagles,37.5,-110.0,2026,2026-09-26T16:31:43Z,1070,-2.465507842654805,-4.242362003608753,4.276854160953948,b4347a6d6451334b228bf748d98cbd30b34b222852b6631cc98ff41b5e407018,timestamped_live_quote,FBS vs FBS
2026-09-26T16:31:43Z,e3228af38572d15da53fab3ec97742a2,2026-09-26T20:00:00Z,East Carolina Pirates,North Carolina Central Eagles,lowvig,LowVig.ag,2026-09-26T16:31:23Z,2026-09-26T16:31:22Z,East Carolina Pirates,-37.5,-110.0,2026,2026-09-26T16:31:43Z,1070,-2.465507842654805,-4.242362003608753,4.276854160953948,b4347a6d6451334b228bf748d98cbd30b34b222852b6631cc98ff41b5e407018,timestamped_live_quote,FBS vs FBS
2026-09-26T16:31:43Z,e3228af38572d15da53fab3ec97742a2,2026-09-26T20:00:00Z,East Carolina Pirates,North Carolina Central Eagles,lowvig,LowVig.ag,2026-09-26T16:31:23Z,2026-09-26T16:31:22Z,North Carolina Central Eagles,37.5,-110.0,2026,2026-09-26T16:31:43Z,1070,-2.465507842654805,-4.242362003608753,4.276854160953948,b4347a6d6451334b228bf748d98cbd30b34b222852b6631cc98ff41b5e407018,timestamped_live_quote,FBS vs FBS
2026-09-26T16:31:43Z,e3228af38572d15da53fab3ec97742a2,2026-09-26T20:00:00Z,East Carolina Pirates,North Carolina Central Eagles,betonlineag,BetOnline.ag,2026-09-26T16:30:54Z,2026-09-26T16:30:52Z,East Carolina Pirates,-37.5,-110.0,2026,2026-09-26T16:31:43Z,1070,-2.465507842654805,-4.242362003608753,4.276854160953948,b4347a6d6451334b228bf748d98cbd30b34b222852b6631cc98ff41b5e407018,timestamped_live_quote,FBS vs FBS
2026-09-26T16:31:43Z,e3228af38572d15da53fab3ec97742a2,2026-09-26T20:00:00Z,East Carolina Pirates,North Carolina Central Eagles,betonlineag,BetOnline.ag,2026-09-26T16:30:54Z,2026-09-26T16:30:52Z,North Carolina Central Eagles,37.5,-110.0,2026,2026-09-26T16:31:43Z,1070,-2.465507842654805,-4.242362003608753,4.276854160953948,b4347a6d6451334b228bf748d98cbd30b34b222852b6631cc98ff41b5e407018,timestamped_live_quote,FBS vs FBS
2026-09-26T16:31:43Z,e3228af38572d15da53fab3ec97742a2,2026-09-26T20:00:00Z,East Carolina Pirates,North Carolina Central Eagles,bovada,Bovada,2026-09-26T16:30:53Z,2026-09-26T16:30:53Z,East Carolina Pirates,-37.5,-115.0,2026,2026-09-26T16:31:43Z,1070,-2.465507842654805,-4.242362003608753,4.276854160953948,b4347a6d6451334b228bf748d98cbd30b34b222852b6631cc98ff41b5e407018,timestamped_live_quote,FBS vs FBS
2026-09-26T16:31:43Z,e3228af38572d15da53fab3ec97742a2,2026-09-26T20:00:00Z,East Carolina Pirates,North Carolina Central Eagles,bovada,Bovada,2026-09-26T16:30:53Z,2026-09-26T16:30:53Z,North Carolina Central Eagles,37.5,-105.0,2026,2026-09-26T16:31:43Z,1070,-2.465507842654805,-4.242362003608753,4.276854160953948,b4347a6d6451334b228bf748d98cbd30b34b222852b6631cc98ff41b5e407018,timestamped_live_quote,FBS vs FBS
2026-09-26T16:31:43Z,e3228af38572d15da53fab3ec97742a2,2026-09-26T20:00:00Z,East Carolina Pirates,North Carolina Central Eagles,betmgm,BetMGM,2026-09-26T16:31:08Z,2026-09-26T16:31:08Z,East Carolina Pirates,-37.5,-110.0,2026,2026-09-26T16:31:43Z,1070,-2.465507842654805,-4.242362003608753,4.276854160953948,b4347a6d6451334b228bf748d98cbd30b34b222852b6631cc98ff41b5e407018,timestamped_live_quote,FBS vs FBS
2026-09-26T16:31:43Z,e3228af38572d15da53fab3ec97742a2,2026-09-26T20:00:00Z,East Carolina Pirates,North Carolina Central Eagles,betmgm,BetMGM,2026-09-26T16:31:08Z,2026-09-26T16:31:08Z,North Carolina Central Eagles,37.5,-108.0,2026,2026-09-26T16:31:43Z,1070,-2.465507842654805,-4.242362003608753,4.276854160953948,b4347a6d6451334b228bf748d98cbd30b34b222852b6631cc98ff41b5e407018,timestamped_live_quote,FBS vs FBS
2026-09-26T16:31:43Z,b1cdf3ac97be67ee00a53e437e4bfa78,2026-09-26T20:00:00Z,Georgia Southern Eagles,Houston Cougars,fanduel,FanDuel,2026-09-26T16:31:24Z,2026-09-26T16:31:23Z,Georgia Southern Eagles,17.5,-110.0,2026,2026-09-26T16:31:43Z,1070,3.187119100794013,12.221023554579338,-6.5339044537853255,b4347a6d6451334b228bf748d98cbd30b34b222852b6631cc98ff41b5e407018,timestamped_live_quote,FBS vs FBS
2026-09-26T16:31:43Z,b1cdf3ac97be67ee00a53e437e4bfa78,2026-09-26T20:00:00Z,Georgia Southern Eagles,Houston Cougars,fanduel,FanDuel,2026-09-26T16:31:24Z,2026-09-26T16:31:23Z,Houston Cougars,-17.5,-110.0,2026,2026-09-26T16:31:43Z,1070,3.187119100794013,12.221023554579338,-6.5339044537853255,b4347a6d6451334b228bf748d98cbd30b34b222852b6631cc98ff41b5e407018,timestamped_live_quote,FBS vs FBS
2026-09-26T16:31:43Z,b1cdf3ac97be67ee00a53e437e4bfa78,2026-09-26T20:00:00Z,Georgia Southern Eagles,Houston Cougars,mybookieag,MyBookie.ag,2026-09-26T16:31:15Z,2026-09-26T16:31:15Z,Georgia Southern Eagles,17.5,-110.0,2026,2026-09-26T16:31:43Z,1070,3.187119100794013,12.221023554579338,-6.5339044537853255,b4347a6d6451334b228bf748d98cbd30b34b222852b6631cc98ff41b5e407018,timestamped_live_quote,FBS vs FBS
2026-09-26T16:31:43Z,b1cdf3ac97be67ee00a53e437e4bfa78,2026-09-26T20:00:00Z,Georgia Southern Eagles,Houston Cougars,mybookieag,MyBookie.ag,2026-09-26T16:31:15Z,2026-09-26T16:31:15Z,Houston Cougars,-17.5,-110.0,2026,2026-09-26T16:31:43Z,1070,3.187119100794013,12.221023554579338,-6.5339044537853255,b4347a6d6451334b228bf748d98cbd30b34b222852b6631cc98ff41b5e407018,timestamped_live_quote,FBS vs FBS
2026-09-26T16:31:43Z,b1cdf3ac97be67ee00a53e437e4bfa78,2026-09-26T20:00:00Z,Georgia Southern Eagles,Houston Cougars,draftkings,DraftKings,2026-09-26T16:31:43Z,2026-09-26T16:31:43Z,Georgia Southern Eagles,17.5,-112.0,2026,2026-09-26T16:31:43Z,1070,3.187119100794013,12.221023554579338,-6.5339044537853255,b4347a6d6451334b228bf748d98cbd30b34b222852b6631cc98ff41b5e407018,timestamped_live_quote,FBS vs FBS
2026-09-26T16:31:43Z,b1cdf3ac97be67ee00a53e437e4bfa78,2026-09-26T20:00:00Z,Georgia Southern Eagles,Houston Cougars,draftkings,DraftKings,2026-09-26T16:31:43Z,2026-09-26T16:31:43Z,Houston Cougars,-17.5,-108.0,2026,2026-09-26T16:31:43Z,1070,3.187119100794013,12.221023554579338,-6.5339044537853255,b4347a6d6451334b228bf748d98cbd30b34b222852b6631cc98ff41b5e407018,timestamped_live_quote,FBS vs FBS
2026-09-26T16:31:43Z,b1cdf3ac97be67ee00a53e437e4bfa78,2026-09-26T20:00:00Z,Georgia Southern Eagles,Houston Cougars,betrivers,BetRivers,2026-09-26T16:30:52Z,2026-09-26T16:30:52Z,Georgia Southern Eagles,17.5,-110.0,2026,2026-09-26T16:31:43Z,1070,3.187119100794013,12.221023554579338,-6.5339044537853255,b4347a6d6451334b228bf748d98cbd30b34b222852b6631cc98ff41b5e407018,timestamped_live_quote,FBS vs FBS
2026-09-26T16:31:43Z,b1cdf3ac97be67ee00a53e437e4bfa78,2026-09-26T20:00:00Z,Georgia Southern Eagles,Houston Cougars,betrivers,BetRivers,2026-09-26T16:30:52Z,2026-09-26T16:30:52Z,Houston Cougars,-17.5,-114.0,2026,2026-09-26T16:31:43Z,1070,3.187119100794013,12.221023554579338,-6.5339044537853255,b4347a6d6451334b228bf748d98cbd30b34b222852b6631cc98ff41b5e407018,timestamped_live_quote,FBS vs FBS
2026-09-26T16:31:43Z,b1cdf3ac97be67ee00a53e437e4bfa78,2026-09-26T20:00:00Z,Georgia Southern Eagles,Houston Cougars,betmgm,BetMGM,2026-09-26T16:29:59Z,2026-09-26T16:29:59Z,Georgia Southern Eagles,17.5,-110.0,2026,2026-09-26T16:31:43Z,1070,3.187119100794013,12.221023554579338,-6.5339044537853255,b4347a6d6451334b228bf748d98cbd30b34b222852b6631cc98ff41b5e407018,timestamped_live_quote,FBS vs FBS
2026-09-26T16:31:43Z,b1cdf3ac97be67ee00a53e437e4bfa78,2026-09-26T20:00:00Z,Georgia Southern Eagles,Houston Cougars,betmgm,BetMGM,2026-09-26T16:29:59Z,2026-09-26T16:29:59Z,Houston Cougars,-17.5,-108.0,2026,2026-09-26T16:31:43Z,1070,3.187119100794013,12.221023554579338,-6.5339044537853255,b4347a6d6451334b228bf748d98cbd30b34b222852b6631cc98ff41b5e407018,timestamped_live_quote,FBS vs FBS
2026-09-26T16:31:43Z,b1cdf3ac97be67ee00a53e437e4bfa78,2026-09-26T20:00:00Z,Georgia Southern Eagles,Houston Cougars,betus,BetUS,2026-09-26T16:31:42Z,2026-09-26T16:31:42Z,Georgia Southern Eagles,17.0,-110.0,2026,2026-09-26T16:31:43Z,1070,3.187119100794013,12.221023554579338,-6.5339044537853255,b4347a6d6451334b228bf748d98cbd30b34b222852b6631cc98ff41b5e407018,timestamped_live_quote,FBS vs FBS
2026-09-26T16:31:43Z,b1cdf3ac97be67ee00a53e437e4bfa78,2026-09-26T20:00:00Z,Georgia Southern Eagles,Houston Cougars,betus,BetUS,2026-09-26T16:31:42Z,2026-09-26T16:31:42Z,Houston Cougars,-17.0,-110.0,2026,2026-09-26T16:31:43Z,1070,3.187119100794013,12.221023554579338,-6.5339044537853255,b4347a6d6451334b228bf748d98cbd30b34b222852b6631cc98ff41b5e407018,timestamped_live_quote,FBS vs FBS
2026-09-26T16:31:43Z,b1cdf3ac97be67ee00a53e437e4bfa78,2026-09-26T20:00:00Z,Georgia Southern Eagles,Houston Cougars,bovada,Bovada,2026-09-26T16:30:53Z,2026-09-26T16:30:53Z,Georgia Southern Eagles,17.0,-105.0,2026,2026-09-26T16:31:43Z,1070,3.187119100794013,12.221023554579338,-6.5339044537853255,b4347a6d6451334b228bf748d98cbd30b34b222852b6631cc98ff41b5e407018,timestamped_live_quote,FBS vs FBS
2026-09-26T16:31:43Z,b1cdf3ac97be67ee00a53e437e4bfa78,2026-09-26T20:00:00Z,Georgia Southern Eagles,Houston Cougars,bovada,Bovada,2026-09-26T16:30:53Z,2026-09-26T16:30:53Z,Houston Cougars,-17.0,-115.0,2026,2026-09-26T16:31:43Z,1070,3.187119100794013,12.221023554579338,-6.5339044537853255,b4347a6d6451334b228bf748d98cbd30b34b222852b6631cc98ff41b5e407018,timestamped_live_quote,FBS vs FBS
2026-09-26T16:31:43Z,edf8d3e3699aa5cb34c50ac7de992d37,2026-09-26T20:15:00Z,Auburn Tigers,Vanderbilt Commodores,draftkings,DraftKings,2026-09-26T16:31:43Z,2026-09-26T16:31:43Z,Auburn Tigers,-10.0,-110.0,2026,2026-09-26T16:31:43Z,1070,6.490731928390927,6.713069356709611,2.277662571681316,b4347a6d6451334b228bf748d98cbd30b34b222852b6631cc98ff41b5e407018,timestamped_live_quote,FBS vs FBS
2026-09-26T16:31:43Z,edf8d3e3699aa5cb34c50ac7de992d37,2026-09-26T20:15:00Z,Auburn Tigers,Vanderbilt Commodores,draftkings,DraftKings,2026-09-26T16:31:43Z,2026-09-26T16:31:43Z,Vanderbilt Commodores,10.0,-110.0,2026,2026-09-26T16:31:43Z,1070,6.490731928390927,6.713069356709611,2.277662571681316,b4347a6d6451334b228bf748d98cbd30b34b222852b6631cc98ff41b5e407018,timestamped_live_quote,FBS vs FBS
2026-09-26T16:31:43Z,edf8d3e3699aa5cb34c50ac7de992d37,2026-09-26T20:15:00Z,Auburn Tigers,Vanderbilt Commodores,mybookieag,MyBookie.ag,2026-09-26T16:31:15Z,2026-09-26T16:31:15Z,Auburn Tigers,-10.0,-110.0,2026,2026-09-26T16:31:43Z,1070,6.490731928390927,6.713069356709611,2.277662571681316,b4347a6d6451334b228bf748d98cbd30b34b222852b6631cc98ff41b5e407018,timestamped_live_quote,FBS vs FBS
2026-09-26T16:31:43Z,edf8d3e3699aa5cb34c50ac7de992d37,2026-09-26T20:15:00Z,Auburn Tigers,Vanderbilt Commodores,mybookieag,MyBookie.ag,2026-09-26T16:31:15Z,2026-09-26T16:31:15Z,Vanderbilt Commodores,10.0,-110.0,2026,2026-09-26T16:31:43Z,1070,6.490731928390927,6.713069356709611,2.277662571681316,b4347a6d6451334b228bf748d98cbd30b34b222852b6631cc98ff41b5e407018,timestamped_live_quote,FBS vs FBS
2026-09-26T16:31:43Z,edf8d3e3699aa5cb34c50ac7de992d37,2026-09-26T20:15:00Z,Auburn Tigers,Vanderbilt Commodores,fanduel,FanDuel,2026-09-26T16:31:24Z,2026-09-26T16:31:23Z,Auburn Tigers,-9.5,-124.0,2026,2026-09-26T16:31:43Z,1070,6.490731928390927,6.713069356709611,2.277662571681316,b4347a6d6451334b228bf748d98cbd30b34b222852b6631cc98ff41b5e407018,timestamped_live_quote,FBS vs FBS
2026-09-26T16:31:43Z,edf8d3e3699aa5cb34c50ac7de992d37,2026-09-26T20:15:00Z,Auburn Tigers,Vanderbilt Commodores,fanduel,FanDuel,2026-09-26T16:31:24Z,2026-09-26T16:31:23Z,Vanderbilt Commodores,9.5,102.0,2026,2026-09-26T16:31:43Z,1070,6.490731928390927,6.713069356709611,2.277662571681316,b4347a6d6451334b228bf748d98cbd30b34b222852b6631cc98ff41b5e407018,timestamped_live_quote,FBS vs FBS
2026-09-26T16:31:43Z,edf8d3e3699aa5cb34c50ac7de992d37,2026-09-26T20:15:00Z,Auburn Tigers,Vanderbilt Commodores,betrivers,BetRivers,2026-09-26T16:30:52Z,2026-09-26T16:30:52Z,Auburn Tigers,-10.0,-112.0,2026,2026-09-26T16:31:43Z,1070,6.490731928390927,6.713069356709611,2.277662571681316,b4347a6d6451334b228bf748d98cbd30b34b222852b6631cc98ff41b5e407018,timestamped_live_quote,FBS vs FBS
2026-09-26T16:31:43Z,edf8d3e3699aa5cb34c50ac7de992d37,2026-09-26T20:15:00Z,Auburn Tigers,Vanderbilt Commodores,betrivers,BetRivers,2026-09-26T16:30:52Z,2026-09-26T16:30:52Z,Vanderbilt Commodores,10.0,-112.0,2026,2026-09-26T16:31:43Z,1070,6.490731928390927,6.713069356709611,2.277662571681316,b4347a6d6451334b228bf748d98cbd30b34b222852b6631cc98ff41b5e407018,timestamped_live_quote,FBS vs FBS
2026-09-26T16:31:43Z,edf8d3e3699aa5cb34c50ac7de992d37,2026-09-26T20:15:00Z,Auburn Tigers,Vanderbilt Commodores,lowvig,LowVig.ag,2026-09-26T16:31:23Z,2026-09-26T16:31:22Z,Auburn Tigers,-10.0,-106.0,2026,2026-09-26T16:31:43Z,1070,6.490731928390927,6.713069356709611,2.277662571681316,b4347a6d6451334b228bf748d98cbd30b34b222852b6631cc98ff41b5e407018,timestamped_live_quote,FBS vs FBS
2026-09-26T16:31:43Z,edf8d3e3699aa5cb34c50ac7de992d37,2026-09-26T20:15:00Z,Auburn Tigers,Vanderbilt Commodores,lowvig,LowVig.ag,2026-09-26T16:31:23Z,2026-09-26T16:31:22Z,Vanderbilt Commodores,10.0,-106.0,2026,2026-09-26T16:31:43Z,1070,6.490731928390927,6.713069356709611,2.277662571681316,b4347a6d6451334b228bf748d98cbd30b34b222852b6631cc98ff41b5e407018,timestamped_live_quote,FBS vs FBS
2026-09-26T16:31:43Z,edf8d3e3699aa5cb34c50ac7de992d37,2026-09-26T20:15:00Z,Auburn Tigers,Vanderbilt Commodores,betonlineag,BetOnline.ag,2026-09-26T16:30:54Z,2026-09-26T16:30:49Z,Auburn Tigers,-10.0,-110.0,2026,2026-09-26T16:31:43Z,1070,6.490731928390927,6.713069356709611,2.277662571681316,b4347a6d6451334b228bf748d98cbd30b34b222852b6631cc98ff41b5e407018,timestamped_live_quote,FBS vs FBS
2026-09-26T16:31:43Z,edf8d3e3699aa5cb34c50ac7de992d37,2026-09-26T20:15:00Z,Auburn Tigers,Vanderbilt Commodores,betonlineag,BetOnline.ag,2026-09-26T16:30:54Z,2026-09-26T16:30:49Z,Vanderbilt Commodores,10.0,-110.0,2026,2026-09-26T16:31:43Z,1070,6.490731928390927,6.713069356709611,2.277662571681316,b4347a6d6451334b228bf748d98cbd30b34b222852b6631cc98ff41b5e407018,timestamped_live_quote,FBS vs FBS
2026-09-26T16:31:43Z,edf8d3e3699aa5cb34c50ac7de992d37,2026-09-26T20:15:00Z,Auburn Tigers,Vanderbilt Commodores,betus,BetUS,2026-09-26T16:31:42Z,2026-09-26T16:31:42Z,Auburn Tigers,-10.0,-110.0,2026,2026-09-26T16:31:43Z,1070,6.490731928390927,6.713069356709611,2.277662571681316,b4347a6d6451334b228bf748d98cbd30b34b222852b6631cc98ff41b5e407018,timestamped_live_quote,FBS vs FBS
2026-09-26T16:31:43Z,edf8d3e3699aa5cb34c50ac7de992d37,2026-09-26T20:15:00Z,Auburn Tigers,Vanderbilt Commodores,betus,BetUS,2026-09-26T16:31:42Z,2026-09-26T16:31:42Z,Vanderbilt Commodores,10.0,-110.0,2026,2026-09-26T16:31:43Z,1070,6.490731928390927,6.713069356709611,2.277662571681316,b4347a6d6451334b228bf748d98cbd30b34b222852b6631cc98ff41b5e407018,timestamped_live_quote,FBS vs FBS
2026-09-26T16:31:43Z,edf8d3e3699aa5cb34c50ac7de992d37,2026-09-26T20:15:00Z,Auburn Tigers,Vanderbilt Commodores,betmgm,BetMGM,2026-09-26T16:31:08Z,2026-09-26T16:31:08Z,Auburn Tigers,-10.0,-110.0,2026,2026-09-26T16:31:43Z,1070,6.490731928390927,6.713069356709611,2.277662571681316,b4347a6d6451334b228bf748d98cbd30b34b222852b6631cc98ff41b5e407018,timestamped_live_quote,FBS vs FBS
2026-09-26T16:31:43Z,edf8d3e3699aa5cb34c50ac7de992d37,2026-09-26T20:15:00Z,Auburn Tigers,Vanderbilt Commodores,betmgm,BetMGM,2026-09-26T16:31:08Z,2026-09-26T16:31:08Z,Vanderbilt Commodores,10.0,-108.0,2026,2026-09-26T16:31:43Z,1070,6.490731928390927,6.713069356709611,2.277662571681316,b4347a6d6451334b228bf748d98cbd30b34b222852b6631cc98ff41b5e407018,timestamped_live_quote,FBS vs FBS
2026-09-26T16:31:43Z,edf8d3e3699aa5cb34c50ac7de992d37,2026-09-26T20:15:00Z,Auburn Tigers,Vanderbilt Commodores,bovada,Bovada,2026-09-26T16:30:53Z,2026-09-26T16:30:53Z,Auburn Tigers,-10.0,-110.0,2026,2026-09-26T16:31:43Z,1070,6.490731928390927,6.713069356709611,2.277662571681316,b4347a6d6451334b228bf748d98cbd30b34b222852b6631cc98ff41b5e407018,timestamped_live_quote,FBS vs FBS
2026-09-26T16:31:43Z,edf8d3e3699aa5cb34c50ac7de992d37,2026-09-26T20:15:00Z,Auburn Tigers,Vanderbilt Commodores,bovada,Bovada,2026-09-26T16:30:53Z,2026-09-26T16:30:53Z,Vanderbilt Commodores,10.0,-110.0,2026,2026-09-26T16:31:43Z,1070,6.490731928390927,6.713069356709611,2.277662571681316,b4347a6d6451334b228bf748d98cbd30b34b222852b6631cc98ff41b5e407018,timestamped_live_quote,FBS vs FBS
2026-09-26T16:31:43Z,10078e86207d952986707c1ad7dc9331,2026-09-26T21:00:00Z,Bowling Green Falcons,South Florida Bulls,fanduel,FanDuel,2026-09-26T16:31:24Z,2026-09-26T16:31:24Z,Bowling Green Falcons,18.5,-114.0,2026,2026-09-26T16:31:43Z,1070,-10.63080172388028,8.284909391713748,-16.41571111559403,b4347a6d6451334b228bf748d98cbd30b34b222852b6631cc98ff41b5e407018,timestamped_live_quote,FBS vs FBS
2026-09-26T16:31:43Z,10078e86207d952986707c1ad7dc9331,2026-09-26T21:00:00Z,Bowling Green Falcons,South Florida Bulls,fanduel,FanDuel,2026-09-26T16:31:24Z,2026-09-26T16:31:24Z,South Florida Bulls,-18.5,-106.0,2026,2026-09-26T16:31:43Z,1070,-10.63080172388028,8.284909391713748,-16.41571111559403,b4347a6d6451334b228bf748d98cbd30b34b222852b6631cc98ff41b5e407018,timestamped_live_quote,FBS vs FBS
2026-09-26T16:31:43Z,10078e86207d952986707c1ad7dc9331,2026-09-26T21:00:00Z,Bowling Green Falcons,South Florida Bulls,mybookieag,MyBookie.ag,2026-09-26T16:31:15Z,2026-09-26T16:31:15Z,Bowling Green Falcons,18.5,-110.0,2026,2026-09-26T16:31:43Z,1070,-10.63080172388028,8.284909391713748,-16.41571111559403,b4347a6d6451334b228bf748d98cbd30b34b222852b6631cc98ff41b5e407018,timestamped_live_quote,FBS vs FBS
2026-09-26T16:31:43Z,10078e86207d952986707c1ad7dc9331,2026-09-26T21:00:00Z,Bowling Green Falcons,South Florida Bulls,mybookieag,MyBookie.ag,2026-09-26T16:31:15Z,2026-09-26T16:31:15Z,South Florida Bulls,-18.5,-110.0,2026,2026-09-26T16:31:43Z,1070,-10.63080172388028,8.284909391713748,-16.41571111559403,b4347a6d6451334b228bf748d98cbd30b34b222852b6631cc98ff41b5e407018,timestamped_live_quote,FBS vs FBS
2026-09-26T16:31:43Z,10078e86207d952986707c1ad7dc9331,2026-09-26T21:00:00Z,Bowling Green Falcons,South Florida Bulls,betrivers,BetRivers,2026-09-26T16:30:52Z,2026-09-26T16:30:52Z,Bowling Green Falcons,18.5,-110.0,2026,2026-09-26T16:31:43Z,1070,-10.63080172388028,8.284909391713748,-16.41571111559403,b4347a6d6451334b228bf748d98cbd30b34b222852b6631cc98ff41b5e407018,timestamped_live_quote,FBS vs FBS
2026-09-26T16:31:43Z,10078e86207d952986707c1ad7dc9331,2026-09-26T21:00:00Z,Bowling Green Falcons,South Florida Bulls,betrivers,BetRivers,2026-09-26T16:30:52Z,2026-09-26T16:30:52Z,South Florida Bulls,-18.5,-112.0,2026,2026-09-26T16:31:43Z,1070,-10.63080172388028,8.284909391713748,-16.41571111559403,b4347a6d6451334b228bf748d98cbd30b34b222852b6631cc98ff41b5e407018,timestamped_live_quote,FBS vs FBS
2026-09-26T16:31:43Z,10078e86207d952986707c1ad7dc9331,2026-09-26T21:00:00Z,Bowling Green Falcons,South Florida Bulls,draftkings,DraftKings,2026-09-26T16:31:43Z,2026-09-26T16:31:43Z,Bowling Green Falcons,18.5,-115.0,2026,2026-09-26T16:31:43Z,1070,-10.63080172388028,8.284909391713748,-16.41571111559403,b4347a6d6451334b228bf748d98cbd30b34b222852b6631cc98ff41b5e407018,timestamped_live_quote,FBS vs FBS
2026-09-26T16:31:43Z,10078e86207d952986707c1ad7dc9331,2026-09-26T21:00:00Z,Bowling Green Falcons,South Florida Bulls,draftkings,DraftKings,2026-09-26T16:31:43Z,2026-09-26T16:31:43Z,South Florida Bulls,-18.5,-105.0,2026,2026-09-26T16:31:43Z,1070,-10.63080172388028,8.284909391713748,-16.41571111559403,b4347a6d6451334b228bf748d98cbd30b34b222852b6631cc98ff41b5e407018,timestamped_live_quote,FBS vs FBS
2026-09-26T16:31:43Z,10078e86207d952986707c1ad7dc9331,2026-09-26T21:00:00Z,Bowling Green Falcons,South Florida Bulls,lowvig,LowVig.ag,2026-09-26T16:31:23Z,2026-09-26T16:31:22Z,Bowling Green Falcons,18.5,-110.0,2026,2026-09-26T16:31:43Z,1070,-10.63080172388028,8.284909391713748,-16.41571111559403,b4347a6d6451334b228bf748d98cbd30b34b222852b6631cc98ff41b5e407018,timestamped_live_quote,FBS vs FBS
2026-09-26T16:31:43Z,10078e86207d952986707c1ad7dc9331,2026-09-26T21:00:00Z,Bowling Green Falcons,South Florida Bulls,lowvig,LowVig.ag,2026-09-26T16:31:23Z,2026-09-26T16:31:22Z,South Florida Bulls,-18.5,-102.0,2026,2026-09-26T16:31:43Z,1070,-10.63080172388028,8.284909391713748,-16.41571111559403,b4347a6d6451334b228bf748d98cbd30b34b222852b6631cc98ff41b5e407018,timestamped_live_quote,FBS vs FBS
2026-09-26T16:31:43Z,10078e86207d952986707c1ad7dc9331,2026-09-26T21:00:00Z,Bowling Green Falcons,South Florida Bulls,betonlineag,BetOnline.ag,2026-09-26T16:30:54Z,2026-09-26T16:30:50Z,Bowling Green Falcons,18.5,-114.0,2026,2026-09-26T16:31:43Z,1070,-10.63080172388028,8.284909391713748,-16.41571111559403,b4347a6d6451334b228bf748d98cbd30b34b222852b6631cc98ff41b5e407018,timestamped_live_quote,FBS vs FBS
2026-09-26T16:31:43Z,10078e86207d952986707c1ad7dc9331,2026-09-26T21:00:00Z,Bowling Green Falcons,South Florida Bulls,betonlineag,BetOnline.ag,2026-09-26T16:30:54Z,2026-09-26T16:30:50Z,South Florida Bulls,-18.5,-106.0,2026,2026-09-26T16:31:43Z,1070,-10.63080172388028,8.284909391713748,-16.41571111559403,b4347a6d6451334b228bf748d98cbd30b34b222852b6631cc98ff41b5e407018,timestamped_live_quote,FBS vs FBS
2026-09-26T16:31:43Z,10078e86207d952986707c1ad7dc9331,2026-09-26T21:00:00Z,Bowling Green Falcons,South Florida Bulls,betus,BetUS,2026-09-26T16:31:42Z,2026-09-26T16:31:42Z,Bowling Green Falcons,18.5,-110.0,2026,2026-09-26T16:31:43Z,1070,-10.63080172388028,8.284909391713748,-16.41571111559403,b4347a6d6451334b228bf748d98cbd30b34b222852b6631cc98ff41b5e407018,timestamped_live_quote,FBS vs FBS
2026-09-26T16:31:43Z,10078e86207d952986707c1ad7dc9331,2026-09-26T21:00:00Z,Bowling Green Falcons,South Florida Bulls,betus,BetUS,2026-09-26T16:31:42Z,2026-09-26T16:31:42Z,South Florida Bulls,-18.5,-110.0,2026,2026-09-26T16:31:43Z,1070,-10.63080172388028,8.284909391713748,-16.41571111559403,b4347a6d6451334b228bf748d98cbd30b34b222852b6631cc98ff41b5e407018,timestamped_live_quote,FBS vs FBS
2026-09-26T16:31:43Z,10078e86207d952986707c1ad7dc9331,2026-09-26T21:00:00Z,Bowling Green Falcons,South Florida Bulls,betmgm,BetMGM,2026-09-26T16:31:08Z,2026-09-26T16:31:08Z,Bowling Green Falcons,18.0,-108.0,2026,2026-09-26T16:31:43Z,1070,-10.63080172388028,8.284909391713748,-16.41571111559403,b4347a6d6451334b228bf748d98cbd30b34b222852b6631cc98ff41b5e407018,timestamped_live_quote,FBS vs FBS
2026-09-26T16:31:43Z,10078e86207d952986707c1ad7dc9331,2026-09-26T21:00:00Z,Bowling Green Falcons,South Florida Bulls,betmgm,BetMGM,2026-09-26T16:31:08Z,2026-09-26T16:31:08Z,South Florida Bulls,-18.0,-110.0,2026,2026-09-26T16:31:43Z,1070,-10.63080172388028,8.284909391713748,-16.41571111559403,b4347a6d6451334b228bf748d98cbd30b34b222852b6631cc98ff41b5e407018,timestamped_live_quote,FBS vs FBS
2026-09-26T16:31:43Z,10078e86207d952986707c1ad7dc9331,2026-09-26T21:00:00Z,Bowling Green Falcons,South Florida Bulls,bovada,Bovada,2026-09-26T16:30:53Z,2026-09-26T16:30:53Z,Bowling Green Falcons,18.0,-110.0,2026,2026-09-26T16:31:43Z,1070,-10.63080172388028,8.284909391713748,-16.41571111559403,b4347a6d6451334b228bf748d98cbd30b34b222852b6631cc98ff41b5e407018,timestamped_live_quote,FBS vs FBS
2026-09-26T16:31:43Z,10078e86207d952986707c1ad7dc9331,2026-09-26T21:00:00Z,Bowling Green Falcons,South Florida Bulls,bovada,Bovada,2026-09-26T16:30:53Z,2026-09-26T16:30:53Z,South Florida Bulls,-18.0,-110.0,2026,2026-09-26T16:31:43Z,1070,-10.63080172388028,8.284909391713748,-16.41571111559403,b4347a6d6451334b228bf748d98cbd30b34b222852b6631cc98ff41b5e407018,timestamped_live_quote,FBS vs FBS
2026-09-26T16:31:43Z,023386f1b92db2259c7d52b2f244182f,2026-09-26T21:00:00Z,Michigan State Spartans,Nebraska Cornhuskers,draftkings,DraftKings,2026-09-26T16:31:43Z,2026-09-26T16:31:43Z,Michigan State Spartans,5.5,-108.0,2026,2026-09-26T16:31:43Z,1070,4.417467265358497,12.751325661831922,-5.833858396473424,b4347a6d6451334b228bf748d98cbd30b34b222852b6631cc98ff41b5e407018,timestamped_live_quote,FBS vs FBS
2026-09-26T16:31:43Z,023386f1b92db2259c7d52b2f244182f,2026-09-26T21:00:00Z,Michigan State Spartans,Nebraska Cornhuskers,draftkings,DraftKings,2026-09-26T16:31:43Z,2026-09-26T16:31:43Z,Nebraska Cornhuskers,-5.5,-112.0,2026,2026-09-26T16:31:43Z,1070,4.417467265358497,12.751325661831922,-5.833858396473424,b4347a6d6451334b228bf748d98cbd30b34b222852b6631cc98ff41b5e407018,timestamped_live_quote,FBS vs FBS
2026-09-26T16:31:43Z,023386f1b92db2259c7d52b2f244182f,2026-09-26T21:00:00Z,Michigan State Spartans,Nebraska Cornhuskers,mybookieag,MyBookie.ag,2026-09-26T16:31:15Z,2026-09-26T16:31:15Z,Michigan State Spartans,6.0,-110.0,2026,2026-09-26T16:31:43Z,1070,4.417467265358497,12.751325661831922,-5.833858396473424,b4347a6d6451334b228bf748d98cbd30b34b222852b6631cc98ff41b5e407018,timestamped_live_quote,FBS vs FBS
2026-09-26T16:31:43Z,023386f1b92db2259c7d52b2f244182f,2026-09-26T21:00:00Z,Michigan State Spartans,Nebraska Cornhuskers,mybookieag,MyBookie.ag,2026-09-26T16:31:15Z,2026-09-26T16:31:15Z,Nebraska Cornhuskers,-6.0,-110.0,2026,2026-09-26T16:31:43Z,1070,4.417467265358497,12.751325661831922,-5.833858396473424,b4347a6d6451334b228bf748d98cbd30b34b222852b6631cc98ff41b5e407018,timestamped_live_quote,FBS vs FBS
2026-09-26T16:31:43Z,023386f1b92db2259c7d52b2f244182f,2026-09-26T21:00:00Z,Michigan State Spartans,Nebraska Cornhuskers,fanduel,FanDuel,2026-09-26T16:31:24Z,2026-09-26T16:31:24Z,Michigan State Spartans,5.5,-102.0,2026,2026-09-26T16:31:43Z,1070,4.417467265358497,12.751325661831922,-5.833858396473424,b4347a6d6451334b228bf748d98cbd30b34b222852b6631cc98ff41b5e407018,timestamped_live_quote,FBS vs FBS
2026-09-26T16:31:43Z,023386f1b92db2259c7d52b2f244182f,2026-09-26T21:00:00Z,Michigan State Spartans,Nebraska Cornhuskers,fanduel,FanDuel,2026-09-26T16:31:24Z,2026-09-26T16:31:24Z,Nebraska Cornhuskers,-5.5,-120.0,2026,2026-09-26T16:31:43Z,1070,4.417467265358497,12.751325661831922,-5.833858396473424,b4347a6d6451334b228bf748d98cbd30b34b222852b6631cc98ff41b5e407018,timestamped_live_quote,FBS vs FBS
2026-09-26T16:31:43Z,023386f1b92db2259c7d52b2f244182f,2026-09-26T21:00:00Z,Michigan State Spartans,Nebraska Cornhuskers,betrivers,BetRivers,2026-09-26T16:30:52Z,2026-09-26T16:30:52Z,Michigan State Spartans,6.0,-113.0,2026,2026-09-26T16:31:43Z,1070,4.417467265358497,12.751325661831922,-5.833858396473424,b4347a6d6451334b228bf748d98cbd30b34b222852b6631cc98ff41b5e407018,timestamped_live_quote,FBS vs FBS
2026-09-26T16:31:43Z,023386f1b92db2259c7d52b2f244182f,2026-09-26T21:00:00Z,Michigan State Spartans,Nebraska Cornhuskers,betrivers,BetRivers,2026-09-26T16:30:52Z,2026-09-26T16:30:52Z,Nebraska Cornhuskers,-6.0,-110.0,2026,2026-09-26T16:31:43Z,1070,4.417467265358497,12.751325661831922,-5.833858396473424,b4347a6d6451334b228bf748d98cbd30b34b222852b6631cc98ff41b5e407018,timestamped_live_quote,FBS vs FBS
2026-09-26T16:31:43Z,023386f1b92db2259c7d52b2f244182f,2026-09-26T21:00:00Z,Michigan State Spartans,Nebraska Cornhuskers,betonlineag,BetOnline.ag,2026-09-26T16:30:54Z,2026-09-26T16:30:49Z,Michigan State Spartans,5.5,-105.0,2026,2026-09-26T16:31:43Z,1070,4.417467265358497,12.751325661831922,-5.833858396473424,b4347a6d6451334b228bf748d98cbd30b34b222852b6631cc98ff41b5e407018,timestamped_live_quote,FBS vs FBS
2026-09-26T16:31:43Z,023386f1b92db2259c7d52b2f244182f,2026-09-26T21:00:00Z,Michigan State Spartans,Nebraska Cornhuskers,betonlineag,BetOnline.ag,2026-09-26T16:30:54Z,2026-09-26T16:30:49Z,Nebraska Cornhuskers,-5.5,-115.0,2026,2026-09-26T16:31:43Z,1070,4.417467265358497,12.751325661831922,-5.833858396473424,b4347a6d6451334b228bf748d98cbd30b34b222852b6631cc98ff41b5e407018,timestamped_live_quote,FBS vs FBS
2026-09-26T16:31:43Z,023386f1b92db2259c7d52b2f244182f,2026-09-26T21:00:00Z,Michigan State Spartans,Nebraska Cornhuskers,lowvig,LowVig.ag,2026-09-26T16:31:23Z,2026-09-26T16:31:22Z,Michigan State Spartans,5.5,-101.0,2026,2026-09-26T16:31:43Z,1070,4.417467265358497,12.751325661831922,-5.833858396473424,b4347a6d6451334b228bf748d98cbd30b34b222852b6631cc98ff41b5e407018,timestamped_live_quote,FBS vs FBS
2026-09-26T16:31:43Z,023386f1b92db2259c7d52b2f244182f,2026-09-26T21:00:00Z,Michigan State Spartans,Nebraska Cornhuskers,lowvig,LowVig.ag,2026-09-26T16:31:23Z,2026-09-26T16:31:22Z,Nebraska Cornhuskers,-5.5,-111.0,2026,2026-09-26T16:31:43Z,1070,4.417467265358497,12.751325661831922,-5.833858396473424,b4347a6d6451334b228bf748d98cbd30b34b222852b6631cc98ff41b5e407018,timestamped_live_quote,FBS vs FBS
2026-09-26T16:31:43Z,023386f1b92db2259c7d52b2f244182f,2026-09-26T21:00:00Z,Michigan State Spartans,Nebraska Cornhuskers,betmgm,BetMGM,2026-09-26T16:31:08Z,2026-09-26T16:31:08Z,Michigan State Spartans,6.0,-110.0,2026,2026-09-26T16:31:43Z,1070,4.417467265358497,12.751325661831922,-5.833858396473424,b4347a6d6451334b228bf748d98cbd30b34b222852b6631cc98ff41b5e407018,timestamped_live_quote,FBS vs FBS
2026-09-26T16:31:43Z,023386f1b92db2259c7d52b2f244182f,2026-09-26T21:00:00Z,Michigan State Spartans,Nebraska Cornhuskers,betmgm,BetMGM,2026-09-26T16:31:08Z,2026-09-26T16:31:08Z,Nebraska Cornhuskers,-6.0,-108.0,2026,2026-09-26T16:31:43Z,1070,4.417467265358497,12.751325661831922,-5.833858396473424,b4347a6d6451334b228bf748d98cbd30b34b222852b6631cc98ff41b5e407018,timestamped_live_quote,FBS vs FBS
2026-09-26T16:31:43Z,023386f1b92db2259c7d52b2f244182f,2026-09-26T21:00:00Z,Michigan State Spartans,Nebraska Cornhuskers,betus,BetUS,2026-09-26T16:31:42Z,2026-09-26T16:31:42Z,Michigan State Spartans,5.5,-105.0,2026,2026-09-26T16:31:43Z,1070,4.417467265358497,12.751325661831922,-5.833858396473424,b4347a6d6451334b228bf748d98cbd30b34b222852b6631cc98ff41b5e407018,timestamped_live_quote,FBS vs FBS
2026-09-26T16:31:43Z,023386f1b92db2259c7d52b2f244182f,2026-09-26T21:00:00Z,Michigan State Spartans,Nebraska Cornhuskers,betus,BetUS,2026-09-26T16:31:42Z,2026-09-26T16:31:42Z,Nebraska Cornhuskers,-5.5,-115.0,2026,2026-09-26T16:31:43Z,1070,4.417467265358497,12.751325661831922,-5.833858396473424,b4347a6d6451334b228bf748d98cbd30b34b222852b6631cc98ff41b5e407018,timestamped_live_quote,FBS vs FBS
2026-09-26T16:31:43Z,023386f1b92db2259c7d52b2f244182f,2026-09-26T21:00:00Z,Michigan State Spartans,Nebraska Cornhuskers,bovada,Bovada,2026-09-26T16:30:53Z,2026-09-26T16:30:53Z,Michigan State Spartans,6.0,-115.0,2026,2026-09-26T16:31:43Z,1070,4.417467265358497,12.751325661831922,-5.833858396473424,b4347a6d6451334b228bf748d98cbd30b34b222852b6631cc98ff41b5e407018,timestamped_live_quote,FBS vs FBS
2026-09-26T16:31:43Z,023386f1b92db2259c7d52b2f244182f,2026-09-26T21:00:00Z,Michigan State Spartans,Nebraska Cornhuskers,bovada,Bovada,2026-09-26T16:30:53Z,2026-09-26T16:30:53Z,Nebraska Cornhuskers,-6.0,-105.0,2026,2026-09-26T16:31:43Z,1070,4.417467265358497,12.751325661831922,-5.833858396473424,b4347a6d6451334b228bf748d98cbd30b34b222852b6631cc98ff41b5e407018,timestamped_live_quote,FBS vs FBS
2026-09-26T16:31:43Z,9c5cf55e5371dd6178da97dcaef2bff5,2026-09-26T21:00:00Z,Penn State Nittany Lions,Wisconsin Badgers,draftkings,DraftKings,2026-09-26T16:31:43Z,2026-09-26T16:31:43Z,Penn State Nittany Lions,-10.0,-112.0,2026,2026-09-26T16:31:43Z,1070,13.901348228097232,7.686567545230594,8.714780682866639,b4347a6d6451334b228bf748d98cbd30b34b222852b6631cc98ff41b5e407018,timestamped_live_quote,FBS vs FBS
2026-09-26T16:31:43Z,9c5cf55e5371dd6178da97dcaef2bff5,2026-09-26T21:00:00Z,Penn State Nittany Lions,Wisconsin Badgers,draftkings,DraftKings,2026-09-26T16:31:43Z,2026-09-26T16:31:43Z,Wisconsin Badgers,10.0,-108.0,2026,2026-09-26T16:31:43Z,1070,13.901348228097232,7.686567545230594,8.714780682866639,b4347a6d6451334b228bf748d98cbd30b34b222852b6631cc98ff41b5e407018,timestamped_live_quote,FBS vs FBS
2026-09-26T16:31:43Z,9c5cf55e5371dd6178da97dcaef2bff5,2026-09-26T21:00:00Z,Penn State Nittany Lions,Wisconsin Badgers,fanduel,FanDuel,2026-09-26T16:31:24Z,2026-09-26T16:31:23Z,Penn State Nittany Lions,-9.5,-120.0,2026,2026-09-26T16:31:43Z,1070,13.901348228097232,7.686567545230594,8.714780682866639,b4347a6d6451334b228bf748d98cbd30b34b222852b6631cc98ff41b5e407018,timestamped_live_quote,FBS vs FBS
2026-09-26T16:31:43Z,9c5cf55e5371dd6178da97dcaef2bff5,2026-09-26T21:00:00Z,Penn State Nittany Lions,Wisconsin Badgers,fanduel,FanDuel,2026-09-26T16:31:24Z,2026-09-26T16:31:23Z,Wisconsin Badgers,9.5,-102.0,2026,2026-09-26T16:31:43Z,1070,13.901348228097232,7.686567545230594,8.714780682866639,b4347a6d6451334b228bf748d98cbd30b34b222852b6631cc98ff41b5e407018,timestamped_live_quote,FBS vs FBS
2026-09-26T16:31:43Z,9c5cf55e5371dd6178da97dcaef2bff5,2026-09-26T21:00:00Z,Penn State Nittany Lions,Wisconsin Badgers,betrivers,BetRivers,2026-09-26T16:30:52Z,2026-09-26T16:30:52Z,Penn State Nittany Lions,-10.0,-114.0,2026,2026-09-26T16:31:43Z,1070,13.901348228097232,7.686567545230594,8.714780682866639,b4347a6d6451334b228bf748d98cbd30b34b222852b6631cc98ff41b5e407018,timestamped_live_quote,FBS vs FBS
2026-09-26T16:31:43Z,9c5cf55e5371dd6178da97dcaef2bff5,2026-09-26T21:00:00Z,Penn State Nittany Lions,Wisconsin Badgers,betrivers,BetRivers,2026-09-26T16:30:52Z,2026-09-26T16:30:52Z,Wisconsin Badgers,10.0,-109.0,2026,2026-09-26T16:31:43Z,1070,13.901348228097232,7.686567545230594,8.714780682866639,b4347a6d6451334b228bf748d98cbd30b34b222852b6631cc98ff41b5e407018,timestamped_live_quote,FBS vs FBS
2026-09-26T16:31:43Z,9c5cf55e5371dd6178da97dcaef2bff5,2026-09-26T21:00:00Z,Penn State Nittany Lions,Wisconsin Badgers,mybookieag,MyBookie.ag,2026-09-26T16:31:15Z,2026-09-26T16:31:15Z,Penn State Nittany Lions,-10.0,-110.0,2026,2026-09-26T16:31:43Z,1070,13.901348228097232,7.686567545230594,8.714780682866639,b4347a6d6451334b228bf748d98cbd30b34b222852b6631cc98ff41b5e407018,timestamped_live_quote,FBS vs FBS
2026-09-26T16:31:43Z,9c5cf55e5371dd6178da97dcaef2bff5,2026-09-26T21:00:00Z,Penn State Nittany Lions,Wisconsin Badgers,mybookieag,MyBookie.ag,2026-09-26T16:31:15Z,2026-09-26T16:31:15Z,Wisconsin Badgers,10.0,-110.0,2026,2026-09-26T16:31:43Z,1070,13.901348228097232,7.686567545230594,8.714780682866639,b4347a6d6451334b228bf748d98cbd30b34b222852b6631cc98ff41b5e407018,timestamped_live_quote,FBS vs FBS
2026-09-26T16:31:43Z,9c5cf55e5371dd6178da97dcaef2bff5,2026-09-26T21:00:00Z,Penn State Nittany Lions,Wisconsin Badgers,betmgm,BetMGM,2026-09-26T16:31:08Z,2026-09-26T16:31:08Z,Penn State Nittany Lions,-10.0,-110.0,2026,2026-09-26T16:31:43Z,1070,13.901348228097232,7.686567545230594,8.714780682866639,b4347a6d6451334b228bf748d98cbd30b34b222852b6631cc98ff41b5e407018,timestamped_live_quote,FBS vs FBS
2026-09-26T16:31:43Z,9c5cf55e5371dd6178da97dcaef2bff5,2026-09-26T21:00:00Z,Penn State Nittany Lions,Wisconsin Badgers,betmgm,BetMGM,2026-09-26T16:31:08Z,2026-09-26T16:31:08Z,Wisconsin Badgers,10.0,-108.0,2026,2026-09-26T16:31:43Z,1070,13.901348228097232,7.686567545230594,8.714780682866639,b4347a6d6451334b228bf748d98cbd30b34b222852b6631cc98ff41b5e407018,timestamped_live_quote,FBS vs FBS
2026-09-26T16:31:43Z,9c5cf55e5371dd6178da97dcaef2bff5,2026-09-26T21:00:00Z,Penn State Nittany Lions,Wisconsin Badgers,lowvig,LowVig.ag,2026-09-26T16:31:23Z,2026-09-26T16:31:22Z,Penn State Nittany Lions,-10.0,-111.0,2026,2026-09-26T16:31:43Z,1070,13.901348228097232,7.686567545230594,8.714780682866639,b4347a6d6451334b228bf748d98cbd30b34b222852b6631cc98ff41b5e407018,timestamped_live_quote,FBS vs FBS
2026-09-26T16:31:43Z,9c5cf55e5371dd6178da97dcaef2bff5,2026-09-26T21:00:00Z,Penn State Nittany Lions,Wisconsin Badgers,lowvig,LowVig.ag,2026-09-26T16:31:23Z,2026-09-26T16:31:22Z,Wisconsin Badgers,10.0,-101.0,2026,2026-09-26T16:31:43Z,1070,13.901348228097232,7.686567545230594,8.714780682866639,b4347a6d6451334b228bf748d98cbd30b34b222852b6631cc98ff41b5e407018,timestamped_live_quote,FBS vs FBS
2026-09-26T16:31:43Z,9c5cf55e5371dd6178da97dcaef2bff5,2026-09-26T21:00:00Z,Penn State Nittany Lions,Wisconsin Badgers,betonlineag,BetOnline.ag,2026-09-26T16:30:54Z,2026-09-26T16:30:50Z,Penn State Nittany Lions,-10.0,-118.0,2026,2026-09-26T16:31:43Z,1070,13.901348228097232,7.686567545230594,8.714780682866639,b4347a6d6451334b228bf748d98cbd30b34b222852b6631cc98ff41b5e407018,timestamped_live_quote,FBS vs FBS
2026-09-26T16:31:43Z,9c5cf55e5371dd6178da97dcaef2bff5,2026-09-26T21:00:00Z,Penn State Nittany Lions,Wisconsin Badgers,betonlineag,BetOnline.ag,2026-09-26T16:30:54Z,2026-09-26T16:30:50Z,Wisconsin Badgers,10.0,-102.0,2026,2026-09-26T16:31:43Z,1070,13.901348228097232,7.686567545230594,8.714780682866639,b4347a6d6451334b228bf748d98cbd30b34b222852b6631cc98ff41b5e407018,timestamped_live_quote,FBS vs FBS
2026-09-26T16:31:43Z,9c5cf55e5371dd6178da97dcaef2bff5,2026-09-26T21:00:00Z,Penn State Nittany Lions,Wisconsin Badgers,betus,BetUS,2026-09-26T16:31:42Z,2026-09-26T16:31:42Z,Penn State Nittany Lions,-10.0,-110.0,2026,2026-09-26T16:31:43Z,1070,13.901348228097232,7.686567545230594,8.714780682866639,b4347a6d6451334b228bf748d98cbd30b34b222852b6631cc98ff41b5e407018,timestamped_live_quote,FBS vs FBS
2026-09-26T16:31:43Z,9c5cf55e5371dd6178da97dcaef2bff5,2026-09-26T21:00:00Z,Penn State Nittany Lions,Wisconsin Badgers,betus,BetUS,2026-09-26T16:31:42Z,2026-09-26T16:31:42Z,Wisconsin Badgers,10.0,-110.0,2026,2026-09-26T16:31:43Z,1070,13.901348228097232,7.686567545230594,8.714780682866639,b4347a6d6451334b228bf748d98cbd30b34b222852b6631cc98ff41b5e407018,timestamped_live_quote,FBS vs FBS
2026-09-26T16:31:43Z,9c5cf55e5371dd6178da97dcaef2bff5,2026-09-26T21:00:00Z,Penn State Nittany Lions,Wisconsin Badgers,bovada,Bovada,2026-09-26T16:30:53Z,2026-09-26T16:30:53Z,Penn State Nittany Lions,-10.0,-110.0,2026,2026-09-26T16:31:43Z,1070,13.901348228097232,7.686567545230594,8.714780682866639,b4347a6d6451334b228bf748d98cbd30b34b222852b6631cc98ff41b5e407018,timestamped_live_quote,FBS vs FBS
2026-09-26T16:31:43Z,9c5cf55e5371dd6178da97dcaef2bff5,2026-09-26T21:00:00Z,Penn State Nittany Lions,Wisconsin Badgers,bovada,Bovada,2026-09-26T16:30:53Z,2026-09-26T16:30:53Z,Wisconsin Badgers,10.0,-110.0,2026,2026-09-26T16:31:43Z,1070,13.901348228097232,7.686567545230594,8.714780682866639,b4347a6d6451334b228bf748d98cbd30b34b222852b6631cc98ff41b5e407018,timestamped_live_quote,FBS vs FBS
2026-09-26T16:31:43Z,ce4578738432ad6327f4e3a4909ddcb5,2026-09-26T22:00:00Z,Virginia Cavaliers,Delaware Blue Hens,fanduel,FanDuel,2026-09-26T16:31:24Z,2026-09-26T16:31:24Z,Delaware Blue Hens,20.5,-110.0,2026,2026-09-26T16:31:43Z,1070,11.461059602243823,4.530055806521395,9.431003795722429,b4347a6d6451334b228bf748d98cbd30b34b222852b6631cc98ff41b5e407018,timestamped_live_quote,FBS vs FBS
2026-09-26T16:31:43Z,ce4578738432ad6327f4e3a4909ddcb5,2026-09-26T22:00:00Z,Virginia Cavaliers,Delaware Blue Hens,fanduel,FanDuel,2026-09-26T16:31:24Z,2026-09-26T16:31:24Z,Virginia Cavaliers,-20.5,-110.0,2026,2026-09-26T16:31:43Z,1070,11.461059602243823,4.530055806521395,9.431003795722429,b4347a6d6451334b228bf748d98cbd30b34b222852b6631cc98ff41b5e407018,timestamped_live_quote,FBS vs FBS
2026-09-26T16:31:43Z,ce4578738432ad6327f4e3a4909ddcb5,2026-09-26T22:00:00Z,Virginia Cavaliers,Delaware Blue Hens,mybookieag,MyBookie.ag,2026-09-26T16:31:15Z,2026-09-26T16:31:15Z,Delaware Blue Hens,20.5,-110.0,2026,2026-09-26T16:31:43Z,1070,11.461059602243823,4.530055806521395,9.431003795722429,b4347a6d6451334b228bf748d98cbd30b34b222852b6631cc98ff41b5e407018,timestamped_live_quote,FBS vs FBS
2026-09-26T16:31:43Z,ce4578738432ad6327f4e3a4909ddcb5,2026-09-26T22:00:00Z,Virginia Cavaliers,Delaware Blue Hens,mybookieag,MyBookie.ag,2026-09-26T16:31:15Z,2026-09-26T16:31:15Z,Virginia Cavaliers,-20.5,-110.0,2026,2026-09-26T16:31:43Z,1070,11.461059602243823,4.530055806521395,9.431003795722429,b4347a6d6451334b228bf748d98cbd30b34b222852b6631cc98ff41b5e407018,timestamped_live_quote,FBS vs FBS
2026-09-26T16:31:43Z,ce4578738432ad6327f4e3a4909ddcb5,2026-09-26T22:00:00Z,Virginia Cavaliers,Delaware Blue Hens,draftkings,DraftKings,2026-09-26T16:31:43Z,2026-09-26T16:31:43Z,Delaware Blue Hens,19.5,-105.0,2026,2026-09-26T16:31:43Z,1070,11.461059602243823,4.530055806521395,9.431003795722429,b4347a6d6451334b228bf748d98cbd30b34b222852b6631cc98ff41b5e407018,timestamped_live_quote,FBS vs FBS
2026-09-26T16:31:43Z,ce4578738432ad6327f4e3a4909ddcb5,2026-09-26T22:00:00Z,Virginia Cavaliers,Delaware Blue Hens,draftkings,DraftKings,2026-09-26T16:31:43Z,2026-09-26T16:31:43Z,Virginia Cavaliers,-19.5,-115.0,2026,2026-09-26T16:31:43Z,1070,11.461059602243823,4.530055806521395,9.431003795722429,b4347a6d6451334b228bf748d98cbd30b34b222852b6631cc98ff41b5e407018,timestamped_live_quote,FBS vs FBS
2026-09-26T16:31:43Z,ce4578738432ad6327f4e3a4909ddcb5,2026-09-26T22:00:00Z,Virginia Cavaliers,Delaware Blue Hens,betrivers,BetRivers,2026-09-26T16:30:52Z,2026-09-26T16:30:52Z,Delaware Blue Hens,19.5,-110.0,2026,2026-09-26T16:31:43Z,1070,11.461059602243823,4.530055806521395,9.431003795722429,b4347a6d6451334b228bf748d98cbd30b34b222852b6631cc98ff41b5e407018,timestamped_live_quote,FBS vs FBS
2026-09-26T16:31:43Z,ce4578738432ad6327f4e3a4909ddcb5,2026-09-26T22:00:00Z,Virginia Cavaliers,Delaware Blue Hens,betrivers,BetRivers,2026-09-26T16:30:52Z,2026-09-26T16:30:52Z,Virginia Cavaliers,-19.5,-113.0,2026,2026-09-26T16:31:43Z,1070,11.461059602243823,4.530055806521395,9.431003795722429,b4347a6d6451334b228bf748d98cbd30b34b222852b6631cc98ff41b5e407018,timestamped_live_quote,FBS vs FBS
2026-09-26T16:31:43Z,ce4578738432ad6327f4e3a4909ddcb5,2026-09-26T22:00:00Z,Virginia Cavaliers,Delaware Blue Hens,lowvig,LowVig.ag,2026-09-26T16:31:23Z,2026-09-26T16:31:22Z,Delaware Blue Hens,20.0,-106.0,2026,2026-09-26T16:31:43Z,1070,11.461059602243823,4.530055806521395,9.431003795722429,b4347a6d6451334b228bf748d98cbd30b34b222852b6631cc98ff41b5e407018,timestamped_live_quote,FBS vs FBS
2026-09-26T16:31:43Z,ce4578738432ad6327f4e3a4909ddcb5,2026-09-26T22:00:00Z,Virginia Cavaliers,Delaware Blue Hens,lowvig,LowVig.ag,2026-09-26T16:31:23Z,2026-09-26T16:31:22Z,Virginia Cavaliers,-20.0,-106.0,2026,2026-09-26T16:31:43Z,1070,11.461059602243823,4.530055806521395,9.431003795722429,b4347a6d6451334b228bf748d98cbd30b34b222852b6631cc98ff41b5e407018,timestamped_live_quote,FBS vs FBS
2026-09-26T16:31:43Z,ce4578738432ad6327f4e3a4909ddcb5,2026-09-26T22:00:00Z,Virginia Cavaliers,Delaware Blue Hens,betonlineag,BetOnline.ag,2026-09-26T16:30:54Z,2026-09-26T16:30:50Z,Delaware Blue Hens,20.0,-110.0,2026,2026-09-26T16:31:43Z,1070,11.461059602243823,4.530055806521395,9.431003795722429,b4347a6d6451334b228bf748d98cbd30b34b222852b6631cc98ff41b5e407018,timestamped_live_quote,FBS vs FBS
2026-09-26T16:31:43Z,ce4578738432ad6327f4e3a4909ddcb5,2026-09-26T22:00:00Z,Virginia Cavaliers,Delaware Blue Hens,betonlineag,BetOnline.ag,2026-09-26T16:30:54Z,2026-09-26T16:30:50Z,Virginia Cavaliers,-20.0,-110.0,2026,2026-09-26T16:31:43Z,1070,11.461059602243823,4.530055806521395,9.431003795722429,b4347a6d6451334b228bf748d98cbd30b34b222852b6631cc98ff41b5e407018,timestamped_live_quote,FBS vs FBS
2026-09-26T16:31:43Z,ce4578738432ad6327f4e3a4909ddcb5,2026-09-26T22:00:00Z,Virginia Cavaliers,Delaware Blue Hens,betmgm,BetMGM,2026-09-26T16:31:08Z,2026-09-26T16:31:08Z,Delaware Blue Hens,20.0,-108.0,2026,2026-09-26T16:31:43Z,1070,11.461059602243823,4.530055806521395,9.431003795722429,b4347a6d6451334b228bf748d98cbd30b34b222852b6631cc98ff41b5e407018,timestamped_live_quote,FBS vs FBS
2026-09-26T16:31:43Z,ce4578738432ad6327f4e3a4909ddcb5,2026-09-26T22:00:00Z,Virginia Cavaliers,Delaware Blue Hens,betmgm,BetMGM,2026-09-26T16:31:08Z,2026-09-26T16:31:08Z,Virginia Cavaliers,-20.0,-110.0,2026,2026-09-26T16:31:43Z,1070,11.461059602243823,4.530055806521395,9.431003795722429,b4347a6d6451334b228bf748d98cbd30b34b222852b6631cc98ff41b5e407018,timestamped_live_quote,FBS vs FBS
2026-09-26T16:31:43Z,ce4578738432ad6327f4e3a4909ddcb5,2026-09-26T22:00:00Z,Virginia Cavaliers,Delaware Blue Hens,betus,BetUS,2026-09-26T16:31:42Z,2026-09-26T16:31:42Z,Delaware Blue Hens,20.0,-110.0,2026,2026-09-26T16:31:43Z,1070,11.461059602243823,4.530055806521395,9.431003795722429,b4347a6d6451334b228bf748d98cbd30b34b222852b6631cc98ff41b5e407018,timestamped_live_quote,FBS vs FBS
2026-09-26T16:31:43Z,ce4578738432ad6327f4e3a4909ddcb5,2026-09-26T22:00:00Z,Virginia Cavaliers,Delaware Blue Hens,betus,BetUS,2026-09-26T16:31:42Z,2026-09-26T16:31:42Z,Virginia Cavaliers,-20.0,-110.0,2026,2026-09-26T16:31:43Z,1070,11.461059602243823,4.530055806521395,9.431003795722429,b4347a6d6451334b228bf748d98cbd30b34b222852b6631cc98ff41b5e407018,timestamped_live_quote,FBS vs FBS
2026-09-26T16:31:43Z,ce4578738432ad6327f4e3a4909ddcb5,2026-09-26T22:00:00Z,Virginia Cavaliers,Delaware Blue Hens,bovada,Bovada,2026-09-26T16:30:53Z,2026-09-26T16:30:53Z,Delaware Blue Hens,20.0,-110.0,2026,2026-09-26T16:31:43Z,1070,11.461059602243823,4.530055806521395,9.431003795722429,b4347a6d6451334b228bf748d98cbd30b34b222852b6631cc98ff41b5e407018,timestamped_live_quote,FBS vs FBS
2026-09-26T16:31:43Z,ce4578738432ad6327f4e3a4909ddcb5,2026-09-26T22:00:00Z,Virginia Cavaliers,Delaware Blue Hens,bovada,Bovada,2026-09-26T16:30:53Z,2026-09-26T16:30:53Z,Virginia Cavaliers,-20.0,-110.0,2026,2026-09-26T16:31:43Z,1070,11.461059602243823,4.530055806521395,9.431003795722429,b4347a6d6451334b228bf748d98cbd30b34b222852b6631cc98ff41b5e407018,timestamped_live_quote,FBS vs FBS
2026-09-26T16:31:43Z,520a355fd43b2cfb7aed527eee4345e0,2026-09-26T22:00:00Z,Florida International Panthers,LIU Sharks,fanduel,FanDuel,2026-09-26T16:31:24Z,2026-09-26T16:31:24Z,Florida International Panthers,-37.5,-110.0,2026,2026-09-26T16:31:43Z,1070,,,,b4347a6d6451334b228bf748d98cbd30b34b222852b6631cc98ff41b5e407018,division_safety_suppressed,Unverified division / FCS: model suppressed
2026-09-26T16:31:43Z,520a355fd43b2cfb7aed527eee4345e0,2026-09-26T22:00:00Z,Florida International Panthers,LIU Sharks,fanduel,FanDuel,2026-09-26T16:31:24Z,2026-09-26T16:31:24Z,LIU Sharks,37.5,-110.0,2026,2026-09-26T16:31:43Z,1070,,,,b4347a6d6451334b228bf748d98cbd30b34b222852b6631cc98ff41b5e407018,division_safety_suppressed,Unverified division / FCS: model suppressed
2026-09-26T16:31:43Z,520a355fd43b2cfb7aed527eee4345e0,2026-09-26T22:00:00Z,Florida International Panthers,LIU Sharks,draftkings,DraftKings,2026-09-26T16:31:43Z,2026-09-26T16:31:43Z,Florida International Panthers,-37.5,-108.0,2026,2026-09-26T16:31:43Z,1070,,,,b4347a6d6451334b228bf748d98cbd30b34b222852b6631cc98ff41b5e407018,division_safety_suppressed,Unverified division / FCS: model suppressed
2026-09-26T16:31:43Z,520a355fd43b2cfb7aed527eee4345e0,2026-09-26T22:00:00Z,Florida International Panthers,LIU Sharks,draftkings,DraftKings,2026-09-26T16:31:43Z,2026-09-26T16:31:43Z,LIU Sharks,37.5,-112.0,2026,2026-09-26T16:31:43Z,1070,,,,b4347a6d6451334b228bf748d98cbd30b34b222852b6631cc98ff41b5e407018,division_safety_suppressed,Unverified division / FCS: model suppressed
2026-09-26T16:31:43Z,520a355fd43b2cfb7aed527eee4345e0,2026-09-26T22:00:00Z,Florida International Panthers,LIU Sharks,betrivers,BetRivers,2026-09-26T16:30:52Z,2026-09-26T16:30:52Z,Florida International Panthers,-37.5,-112.0,2026,2026-09-26T16:31:43Z,1070,,,,b4347a6d6451334b228bf748d98cbd30b34b222852b6631cc98ff41b5e407018,division_safety_suppressed,Unverified division / FCS: model suppressed
2026-09-26T16:31:43Z,520a355fd43b2cfb7aed527eee4345e0,2026-09-26T22:00:00Z,Florida International Panthers,LIU Sharks,betrivers,BetRivers,2026-09-26T16:30:52Z,2026-09-26T16:30:52Z,LIU Sharks,37.5,-110.0,2026,2026-09-26T16:31:43Z,1070,,,,b4347a6d6451334b228bf748d98cbd30b34b222852b6631cc98ff41b5e407018,division_safety_suppressed,Unverified division / FCS: model suppressed
2026-09-26T16:31:43Z,520a355fd43b2cfb7aed527eee4345e0,2026-09-26T22:00:00Z,Florida International Panthers,LIU Sharks,lowvig,LowVig.ag,2026-09-26T16:31:23Z,2026-09-26T16:31:22Z,Florida International Panthers,-37.0,-105.0,2026,2026-09-26T16:31:43Z,1070,,,,b4347a6d6451334b228bf748d98cbd30b34b222852b6631cc98ff41b5e407018,division_safety_suppressed,Unverified division / FCS: model suppressed
2026-09-26T16:31:43Z,520a355fd43b2cfb7aed527eee4345e0,2026-09-26T22:00:00Z,Florida International Panthers,LIU Sharks,lowvig,LowVig.ag,2026-09-26T16:31:23Z,2026-09-26T16:31:22Z,LIU Sharks,37.0,-115.0,2026,2026-09-26T16:31:43Z,1070,,,,b4347a6d6451334b228bf748d98cbd30b34b222852b6631cc98ff41b5e407018,division_safety_suppressed,Unverified division / FCS: model suppressed
2026-09-26T16:31:43Z,520a355fd43b2cfb7aed527eee4345e0,2026-09-26T22:00:00Z,Florida International Panthers,LIU Sharks,betonlineag,BetOnline.ag,2026-09-26T16:30:54Z,2026-09-26T16:30:52Z,Florida International Panthers,-37.0,-105.0,2026,2026-09-26T16:31:43Z,1070,,,,b4347a6d6451334b228bf748d98cbd30b34b222852b6631cc98ff41b5e407018,division_safety_suppressed,Unverified division / FCS: model suppressed
2026-09-26T16:31:43Z,520a355fd43b2cfb7aed527eee4345e0,2026-09-26T22:00:00Z,Florida International Panthers,LIU Sharks,betonlineag,BetOnline.ag,2026-09-26T16:30:54Z,2026-09-26T16:30:52Z,LIU Sharks,37.0,-115.0,2026,2026-09-26T16:31:43Z,1070,,,,b4347a6d6451334b228bf748d98cbd30b34b222852b6631cc98ff41b5e407018,division_safety_suppressed,Unverified division / FCS: model suppressed
2026-09-26T16:31:43Z,520a355fd43b2cfb7aed527eee4345e0,2026-09-26T22:00:00Z,Florida International Panthers,LIU Sharks,bovada,Bovada,2026-09-26T16:30:53Z,2026-09-26T16:30:53Z,Florida International Panthers,-37.5,-115.0,2026,2026-09-26T16:31:43Z,1070,,,,b4347a6d6451334b228bf748d98cbd30b34b222852b6631cc98ff41b5e407018,division_safety_suppressed,Unverified division / FCS: model suppressed
2026-09-26T16:31:43Z,520a355fd43b2cfb7aed527eee4345e0,2026-09-26T22:00:00Z,Florida International Panthers,LIU Sharks,bovada,Bovada,2026-09-26T16:30:53Z,2026-09-26T16:30:53Z,LIU Sharks,37.5,-105.0,2026,2026-09-26T16:31:43Z,1070,,,,b4347a6d6451334b228bf748d98cbd30b34b222852b6631cc98ff41b5e407018,division_safety_suppressed,Unverified division / FCS: model suppressed
2026-09-26T16:31:43Z,520a355fd43b2cfb7aed527eee4345e0,2026-09-26T22:00:00Z,Florida International Panthers,LIU Sharks,betmgm,BetMGM,2026-09-26T16:31:08Z,2026-09-26T16:31:08Z,Florida International Panthers,-37.0,-110.0,2026,2026-09-26T16:31:43Z,1070,,,,b4347a6d6451334b228bf748d98cbd30b34b222852b6631cc98ff41b5e407018,division_safety_suppressed,Unverified division / FCS: model suppressed
2026-09-26T16:31:43Z,520a355fd43b2cfb7aed527eee4345e0,2026-09-26T22:00:00Z,Florida International Panthers,LIU Sharks,betmgm,BetMGM,2026-09-26T16:31:08Z,2026-09-26T16:31:08Z,LIU Sharks,37.0,-108.0,2026,2026-09-26T16:31:43Z,1070,,,,b4347a6d6451334b228bf748d98cbd30b34b222852b6631cc98ff41b5e407018,division_safety_suppressed,Unverified division / FCS: model suppressed
2026-09-26T16:31:43Z,ed1c259773ba7494570a1611b44adb30,2026-09-26T22:00:00Z,Texas State Bobcats,Incarnate Word Cardinals,fanduel,FanDuel,2026-09-26T16:31:24Z,2026-09-26T16:31:24Z,Incarnate Word Cardinals,30.5,-115.0,2026,2026-09-26T16:31:43Z,1070,,,,b4347a6d6451334b228bf748d98cbd30b34b222852b6631cc98ff41b5e407018,division_safety_suppressed,Unverified division / FCS: model suppressed
2026-09-26T16:31:43Z,ed1c259773ba7494570a1611b44adb30,2026-09-26T22:00:00Z,Texas State Bobcats,Incarnate Word Cardinals,fanduel,FanDuel,2026-09-26T16:31:24Z,2026-09-26T16:31:24Z,Texas State Bobcats,-30.5,-105.0,2026,2026-09-26T16:31:43Z,1070,,,,b4347a6d6451334b228bf748d98cbd30b34b222852b6631cc98ff41b5e407018,division_safety_suppressed,Unverified division / FCS: model suppressed
2026-09-26T16:31:43Z,ed1c259773ba7494570a1611b44adb30,2026-09-26T22:00:00Z,Texas State Bobcats,Incarnate Word Cardinals,draftkings,DraftKings,2026-09-26T16:31:43Z,2026-09-26T16:31:43Z,Incarnate Word Cardinals,30.5,-102.0,2026,2026-09-26T16:31:43Z,1070,,,,b4347a6d6451334b228bf748d98cbd30b34b222852b6631cc98ff41b5e407018,division_safety_suppressed,Unverified division / FCS: model suppressed
2026-09-26T16:31:43Z,ed1c259773ba7494570a1611b44adb30,2026-09-26T22:00:00Z,Texas State Bobcats,Incarnate Word Cardinals,draftkings,DraftKings,2026-09-26T16:31:43Z,2026-09-26T16:31:43Z,Texas State Bobcats,-30.5,-118.0,2026,2026-09-26T16:31:43Z,1070,,,,b4347a6d6451334b228bf748d98cbd30b34b222852b6631cc98ff41b5e407018,division_safety_suppressed,Unverified division / FCS: model suppressed
2026-09-26T16:31:43Z,ed1c259773ba7494570a1611b44adb30,2026-09-26T22:00:00Z,Texas State Bobcats,Incarnate Word Cardinals,betrivers,BetRivers,2026-09-26T16:30:52Z,2026-09-26T16:30:52Z,Incarnate Word Cardinals,32.0,-127.0,2026,2026-09-26T16:31:43Z,1070,,,,b4347a6d6451334b228bf748d98cbd30b34b222852b6631cc98ff41b5e407018,division_safety_suppressed,Unverified division / FCS: model suppressed
2026-09-26T16:31:43Z,ed1c259773ba7494570a1611b44adb30,2026-09-26T22:00:00Z,Texas State Bobcats,Incarnate Word Cardinals,betrivers,BetRivers,2026-09-26T16:30:52Z,2026-09-26T16:30:52Z,Texas State Bobcats,-32.0,-114.0,2026,2026-09-26T16:31:43Z,1070,,,,b4347a6d6451334b228bf748d98cbd30b34b222852b6631cc98ff41b5e407018,division_safety_suppressed,Unverified division / FCS: model suppressed
2026-09-26T16:31:43Z,ed1c259773ba7494570a1611b44adb30,2026-09-26T22:00:00Z,Texas State Bobcats,Incarnate Word Cardinals,lowvig,LowVig.ag,2026-09-26T16:31:23Z,2026-09-26T16:31:22Z,Incarnate Word Cardinals,30.0,-110.0,2026,2026-09-26T16:31:43Z,1070,,,,b4347a6d6451334b228bf748d98cbd30b34b222852b6631cc98ff41b5e407018,division_safety_suppressed,Unverified division / FCS: model suppressed
2026-09-26T16:31:43Z,ed1c259773ba7494570a1611b44adb30,2026-09-26T22:00:00Z,Texas State Bobcats,Incarnate Word Cardinals,lowvig,LowVig.ag,2026-09-26T16:31:23Z,2026-09-26T16:31:22Z,Texas State Bobcats,-30.0,-110.0,2026,2026-09-26T16:31:43Z,1070,,,,b4347a6d6451334b228bf748d98cbd30b34b222852b6631cc98ff41b5e407018,division_safety_suppressed,Unverified division / FCS: model suppressed
2026-09-26T16:31:43Z,ed1c259773ba7494570a1611b44adb30,2026-09-26T22:00:00Z,Texas State Bobcats,Incarnate Word Cardinals,betonlineag,BetOnline.ag,2026-09-26T16:30:54Z,2026-09-26T16:30:52Z,Incarnate Word Cardinals,30.0,-110.0,2026,2026-09-26T16:31:43Z,1070,,,,b4347a6d6451334b228bf748d98cbd30b34b222852b6631cc98ff41b5e407018,division_safety_suppressed,Unverified division / FCS: model suppressed
2026-09-26T16:31:43Z,ed1c259773ba7494570a1611b44adb30,2026-09-26T22:00:00Z,Texas State Bobcats,Incarnate Word Cardinals,betonlineag,BetOnline.ag,2026-09-26T16:30:54Z,2026-09-26T16:30:52Z,Texas State Bobcats,-30.0,-110.0,2026,2026-09-26T16:31:43Z,1070,,,,b4347a6d6451334b228bf748d98cbd30b34b222852b6631cc98ff41b5e407018,division_safety_suppressed,Unverified division / FCS: model suppressed
2026-09-26T16:31:43Z,ed1c259773ba7494570a1611b44adb30,2026-09-26T22:00:00Z,Texas State Bobcats,Incarnate Word Cardinals,bovada,Bovada,2026-09-26T16:30:53Z,2026-09-26T16:30:53Z,Incarnate Word Cardinals,31.0,-110.0,2026,2026-09-26T16:31:43Z,1070,,,,b4347a6d6451334b228bf748d98cbd30b34b222852b6631cc98ff41b5e407018,division_safety_suppressed,Unverified division / FCS: model suppressed
2026-09-26T16:31:43Z,ed1c259773ba7494570a1611b44adb30,2026-09-26T22:00:00Z,Texas State Bobcats,Incarnate Word Cardinals,bovada,Bovada,2026-09-26T16:30:53Z,2026-09-26T16:30:53Z,Texas State Bobcats,-31.0,-110.0,2026,2026-09-26T16:31:43Z,1070,,,,b4347a6d6451334b228bf748d98cbd30b34b222852b6631cc98ff41b5e407018,division_safety_suppressed,Unverified division / FCS: model suppressed
2026-09-26T16:31:43Z,ed1c259773ba7494570a1611b44adb30,2026-09-26T22:00:00Z,Texas State Bobcats,Incarnate Word Cardinals,betmgm,BetMGM,2026-09-26T16:31:08Z,2026-09-26T16:31:08Z,Incarnate Word Cardinals,30.5,-108.0,2026,2026-09-26T16:31:43Z,1070,,,,b4347a6d6451334b228bf748d98cbd30b34b222852b6631cc98ff41b5e407018,division_safety_suppressed,Unverified division / FCS: model suppressed
2026-09-26T16:31:43Z,ed1c259773ba7494570a1611b44adb30,2026-09-26T22:00:00Z,Texas State Bobcats,Incarnate Word Cardinals,betmgm,BetMGM,2026-09-26T16:31:08Z,2026-09-26T16:31:08Z,Texas State Bobcats,-30.5,-110.0,2026,2026-09-26T16:31:43Z,1070,,,,b4347a6d6451334b228bf748d98cbd30b34b222852b6631cc98ff41b5e407018,division_safety_suppressed,Unverified division / FCS: model suppressed
2026-09-26T16:31:43Z,008dd61e19c2456760593773da6a88ef,2026-09-26T22:00:00Z,Old Dominion Monarchs,James Madison Dukes,fanduel,FanDuel,2026-09-26T16:31:24Z,2026-09-26T16:31:24Z,James Madison Dukes,-6.5,-110.0,2026,2026-09-26T16:31:43Z,1070,0.41976391568511934,13.61108661544438,-10.691322699759262,b4347a6d6451334b228bf748d98cbd30b34b222852b6631cc98ff41b5e407018,timestamped_live_quote,FBS vs FBS
2026-09-26T16:31:43Z,008dd61e19c2456760593773da6a88ef,2026-09-26T22:00:00Z,Old Dominion Monarchs,James Madison Dukes,fanduel,FanDuel,2026-09-26T16:31:24Z,2026-09-26T16:31:24Z,Old Dominion Monarchs,6.5,-110.0,2026,2026-09-26T16:31:43Z,1070,0.41976391568511934,13.61108661544438,-10.691322699759262,b4347a6d6451334b228bf748d98cbd30b34b222852b6631cc98ff41b5e407018,timestamped_live_quote,FBS vs FBS
2026-09-26T16:31:43Z,008dd61e19c2456760593773da6a88ef,2026-09-26T22:00:00Z,Old Dominion Monarchs,James Madison Dukes,mybookieag,MyBookie.ag,2026-09-26T16:31:15Z,2026-09-26T16:31:15Z,James Madison Dukes,-7.0,-110.0,2026,2026-09-26T16:31:43Z,1070,0.41976391568511934,13.61108661544438,-10.691322699759262,b4347a6d6451334b228bf748d98cbd30b34b222852b6631cc98ff41b5e407018,timestamped_live_quote,FBS vs FBS
2026-09-26T16:31:43Z,008dd61e19c2456760593773da6a88ef,2026-09-26T22:00:00Z,Old Dominion Monarchs,James Madison Dukes,mybookieag,MyBookie.ag,2026-09-26T16:31:15Z,2026-09-26T16:31:15Z,Old Dominion Monarchs,7.0,-110.0,2026,2026-09-26T16:31:43Z,1070,0.41976391568511934,13.61108661544438,-10.691322699759262,b4347a6d6451334b228bf748d98cbd30b34b222852b6631cc98ff41b5e407018,timestamped_live_quote,FBS vs FBS
2026-09-26T16:31:43Z,008dd61e19c2456760593773da6a88ef,2026-09-26T22:00:00Z,Old Dominion Monarchs,James Madison Dukes,betrivers,BetRivers,2026-09-26T16:30:52Z,2026-09-26T16:30:52Z,James Madison Dukes,-6.5,-113.0,2026,2026-09-26T16:31:43Z,1070,0.41976391568511934,13.61108661544438,-10.691322699759262,b4347a6d6451334b228bf748d98cbd30b34b222852b6631cc98ff41b5e407018,timestamped_live_quote,FBS vs FBS
2026-09-26T16:31:43Z,008dd61e19c2456760593773da6a88ef,2026-09-26T22:00:00Z,Old Dominion Monarchs,James Madison Dukes,betrivers,BetRivers,2026-09-26T16:30:52Z,2026-09-26T16:30:52Z,Old Dominion Monarchs,6.5,-110.0,2026,2026-09-26T16:31:43Z,1070,0.41976391568511934,13.61108661544438,-10.691322699759262,b4347a6d6451334b228bf748d98cbd30b34b222852b6631cc98ff41b5e407018,timestamped_live_quote,FBS vs FBS
2026-09-26T16:31:43Z,008dd61e19c2456760593773da6a88ef,2026-09-26T22:00:00Z,Old Dominion Monarchs,James Madison Dukes,draftkings,DraftKings,2026-09-26T16:31:43Z,2026-09-26T16:31:43Z,James Madison Dukes,-7.0,-105.0,2026,2026-09-26T16:31:43Z,1070,0.41976391568511934,13.61108661544438,-10.691322699759262,b4347a6d6451334b228bf748d98cbd30b34b222852b6631cc98ff41b5e407018,timestamped_live_quote,FBS vs FBS
2026-09-26T16:31:43Z,008dd61e19c2456760593773da6a88ef,2026-09-26T22:00:00Z,Old Dominion Monarchs,James Madison Dukes,draftkings,DraftKings,2026-09-26T16:31:43Z,2026-09-26T16:31:43Z,Old Dominion Monarchs,7.0,-115.0,2026,2026-09-26T16:31:43Z,1070,0.41976391568511934,13.61108661544438,-10.691322699759262,b4347a6d6451334b228bf748d98cbd30b34b222852b6631cc98ff41b5e407018,timestamped_live_quote,FBS vs FBS
2026-09-26T16:31:43Z,008dd61e19c2456760593773da6a88ef,2026-09-26T22:00:00Z,Old Dominion Monarchs,James Madison Dukes,lowvig,LowVig.ag,2026-09-26T16:31:23Z,2026-09-26T16:31:22Z,James Madison Dukes,-6.5,-116.0,2026,2026-09-26T16:31:43Z,1070,0.41976391568511934,13.61108661544438,-10.691322699759262,b4347a6d6451334b228bf748d98cbd30b34b222852b6631cc98ff41b5e407018,timestamped_live_quote,FBS vs FBS
2026-09-26T16:31:43Z,008dd61e19c2456760593773da6a88ef,2026-09-26T22:00:00Z,Old Dominion Monarchs,James Madison Dukes,lowvig,LowVig.ag,2026-09-26T16:31:23Z,2026-09-26T16:31:22Z,Old Dominion Monarchs,6.5,104.0,2026,2026-09-26T16:31:43Z,1070,0.41976391568511934,13.61108661544438,-10.691322699759262,b4347a6d6451334b228bf748d98cbd30b34b222852b6631cc98ff41b5e407018,timestamped_live_quote,FBS vs FBS
2026-09-26T16:31:43Z,008dd61e19c2456760593773da6a88ef,2026-09-26T22:00:00Z,Old Dominion Monarchs,James Madison Dukes,betonlineag,BetOnline.ag,2026-09-26T16:30:54Z,2026-09-26T16:30:50Z,James Madison Dukes,-6.5,-120.0,2026,2026-09-26T16:31:43Z,1070,0.41976391568511934,13.61108661544438,-10.691322699759262,b4347a6d6451334b228bf748d98cbd30b34b222852b6631cc98ff41b5e407018,timestamped_live_quote,FBS vs FBS
2026-09-26T16:31:43Z,008dd61e19c2456760593773da6a88ef,2026-09-26T22:00:00Z,Old Dominion Monarchs,James Madison Dukes,betonlineag,BetOnline.ag,2026-09-26T16:30:54Z,2026-09-26T16:30:50Z,Old Dominion Monarchs,6.5,100.0,2026,2026-09-26T16:31:43Z,1070,0.41976391568511934,13.61108661544438,-10.691322699759262,b4347a6d6451334b228bf748d98cbd30b34b222852b6631cc98ff41b5e407018,timestamped_live_quote,FBS vs FBS
2026-09-26T16:31:43Z,008dd61e19c2456760593773da6a88ef,2026-09-26T22:00:00Z,Old Dominion Monarchs,James Madison Dukes,betmgm,BetMGM,2026-09-26T16:31:08Z,2026-09-26T16:31:08Z,James Madison Dukes,-6.5,-112.0,2026,2026-09-26T16:31:43Z,1070,0.41976391568511934,13.61108661544438,-10.691322699759262,b4347a6d6451334b228bf748d98cbd30b34b222852b6631cc98ff41b5e407018,timestamped_live_quote,FBS vs FBS
2026-09-26T16:31:43Z,008dd61e19c2456760593773da6a88ef,2026-09-26T22:00:00Z,Old Dominion Monarchs,James Madison Dukes,betmgm,BetMGM,2026-09-26T16:31:08Z,2026-09-26T16:31:08Z,Old Dominion Monarchs,6.5,-105.0,2026,2026-09-26T16:31:43Z,1070,0.41976391568511934,13.61108661544438,-10.691322699759262,b4347a6d6451334b228bf748d98cbd30b34b222852b6631cc98ff41b5e407018,timestamped_live_quote,FBS vs FBS
2026-09-26T16:31:43Z,008dd61e19c2456760593773da6a88ef,2026-09-26T22:00:00Z,Old Dominion Monarchs,James Madison Dukes,betus,BetUS,2026-09-26T16:31:42Z,2026-09-26T16:31:42Z,James Madison Dukes,-7.0,-110.0,2026,2026-09-26T16:31:43Z,1070,0.41976391568511934,13.61108661544438,-10.691322699759262,b4347a6d6451334b228bf748d98cbd30b34b222852b6631cc98ff41b5e407018,timestamped_live_quote,FBS vs FBS
2026-09-26T16:31:43Z,008dd61e19c2456760593773da6a88ef,2026-09-26T22:00:00Z,Old Dominion Monarchs,James Madison Dukes,betus,BetUS,2026-09-26T16:31:42Z,2026-09-26T16:31:42Z,Old Dominion Monarchs,7.0,-110.0,2026,2026-09-26T16:31:43Z,1070,0.41976391568511934,13.61108661544438,-10.691322699759262,b4347a6d6451334b228bf748d98cbd30b34b222852b6631cc98ff41b5e407018,timestamped_live_quote,FBS vs FBS
2026-09-26T16:31:43Z,008dd61e19c2456760593773da6a88ef,2026-09-26T22:00:00Z,Old Dominion Monarchs,James Madison Dukes,bovada,Bovada,2026-09-26T16:30:53Z,2026-09-26T16:30:53Z,James Madison Dukes,-7.0,-105.0,2026,2026-09-26T16:31:43Z,1070,0.41976391568511934,13.61108661544438,-10.691322699759262,b4347a6d6451334b228bf748d98cbd30b34b222852b6631cc98ff41b5e407018,timestamped_live_quote,FBS vs FBS
2026-09-26T16:31:43Z,008dd61e19c2456760593773da6a88ef,2026-09-26T22:00:00Z,Old Dominion Monarchs,James Madison Dukes,bovada,Bovada,2026-09-26T16:30:53Z,2026-09-26T16:30:53Z,Old Dominion Monarchs,7.0,-115.0,2026,2026-09-26T16:31:43Z,1070,0.41976391568511934,13.61108661544438,-10.691322699759262,b4347a6d6451334b228bf748d98cbd30b34b222852b6631cc98ff41b5e407018,timestamped_live_quote,FBS vs FBS
2026-09-26T16:31:43Z,1f0c9cd1941cbfe5c5ca28fa42e387d8,2026-09-26T22:30:00Z,Miami Hurricanes,Central Michigan Chippewas,draftkings,DraftKings,2026-09-26T16:31:43Z,2026-09-26T16:31:43Z,Central Michigan Chippewas,41.5,-108.0,2026,2026-09-26T16:31:43Z,1070,16.505092169007764,-0.7321732091434684,19.737265378151232,b4347a6d6451334b228bf748d98cbd30b34b222852b6631cc98ff41b5e407018,timestamped_live_quote,FBS vs FBS
2026-09-26T16:31:43Z,1f0c9cd1941cbfe5c5ca28fa42e387d8,2026-09-26T22:30:00Z,Miami Hurricanes,Central Michigan Chippewas,draftkings,DraftKings,2026-09-26T16:31:43Z,2026-09-26T16:31:43Z,Miami Hurricanes,-41.5,-112.0,2026,2026-09-26T16:31:43Z,1070,16.505092169007764,-0.7321732091434684,19.737265378151232,b4347a6d6451334b228bf748d98cbd30b34b222852b6631cc98ff41b5e407018,timestamped_live_quote,FBS vs FBS
2026-09-26T16:31:43Z,1f0c9cd1941cbfe5c5ca28fa42e387d8,2026-09-26T22:30:00Z,Miami Hurricanes,Central Michigan Chippewas,fanduel,FanDuel,2026-09-26T16:31:24Z,2026-09-26T16:31:24Z,Central Michigan Chippewas,41.5,-106.0,2026,2026-09-26T16:31:43Z,1070,16.505092169007764,-0.7321732091434684,19.737265378151232,b4347a6d6451334b228bf748d98cbd30b34b222852b6631cc98ff41b5e407018,timestamped_live_quote,FBS vs FBS
2026-09-26T16:31:43Z,1f0c9cd1941cbfe5c5ca28fa42e387d8,2026-09-26T22:30:00Z,Miami Hurricanes,Central Michigan Chippewas,fanduel,FanDuel,2026-09-26T16:31:24Z,2026-09-26T16:31:24Z,Miami Hurricanes,-41.5,-114.0,2026,2026-09-26T16:31:43Z,1070,16.505092169007764,-0.7321732091434684,19.737265378151232,b4347a6d6451334b228bf748d98cbd30b34b222852b6631cc98ff41b5e407018,timestamped_live_quote,FBS vs FBS
2026-09-26T16:31:43Z,1f0c9cd1941cbfe5c5ca28fa42e387d8,2026-09-26T22:30:00Z,Miami Hurricanes,Central Michigan Chippewas,betrivers,BetRivers,2026-09-26T16:30:52Z,2026-09-26T16:30:52Z,Central Michigan Chippewas,41.5,-112.0,2026,2026-09-26T16:31:43Z,1070,16.505092169007764,-0.7321732091434684,19.737265378151232,b4347a6d6451334b228bf748d98cbd30b34b222852b6631cc98ff41b5e407018,timestamped_live_quote,FBS vs FBS
2026-09-26T16:31:43Z,1f0c9cd1941cbfe5c5ca28fa42e387d8,2026-09-26T22:30:00Z,Miami Hurricanes,Central Michigan Chippewas,betrivers,BetRivers,2026-09-26T16:30:52Z,2026-09-26T16:30:52Z,Miami Hurricanes,-41.5,-112.0,2026,2026-09-26T16:31:43Z,1070,16.505092169007764,-0.7321732091434684,19.737265378151232,b4347a6d6451334b228bf748d98cbd30b34b222852b6631cc98ff41b5e407018,timestamped_live_quote,FBS vs FBS
2026-09-26T16:31:43Z,1f0c9cd1941cbfe5c5ca28fa42e387d8,2026-09-26T22:30:00Z,Miami Hurricanes,Central Michigan Chippewas,lowvig,LowVig.ag,2026-09-26T16:31:23Z,2026-09-26T16:31:22Z,Central Michigan Chippewas,41.5,-101.0,2026,2026-09-26T16:31:43Z,1070,16.505092169007764,-0.7321732091434684,19.737265378151232,b4347a6d6451334b228bf748d98cbd30b34b222852b6631cc98ff41b5e407018,timestamped_live_quote,FBS vs FBS
2026-09-26T16:31:43Z,1f0c9cd1941cbfe5c5ca28fa42e387d8,2026-09-26T22:30:00Z,Miami Hurricanes,Central Michigan Chippewas,lowvig,LowVig.ag,2026-09-26T16:31:23Z,2026-09-26T16:31:22Z,Miami Hurricanes,-41.5,-111.0,2026,2026-09-26T16:31:43Z,1070,16.505092169007764,-0.7321732091434684,19.737265378151232,b4347a6d6451334b228bf748d98cbd30b34b222852b6631cc98ff41b5e407018,timestamped_live_quote,FBS vs FBS
2026-09-26T16:31:43Z,1f0c9cd1941cbfe5c5ca28fa42e387d8,2026-09-26T22:30:00Z,Miami Hurricanes,Central Michigan Chippewas,betonlineag,BetOnline.ag,2026-09-26T16:30:54Z,2026-09-26T16:30:50Z,Central Michigan Chippewas,41.5,-105.0,2026,2026-09-26T16:31:43Z,1070,16.505092169007764,-0.7321732091434684,19.737265378151232,b4347a6d6451334b228bf748d98cbd30b34b222852b6631cc98ff41b5e407018,timestamped_live_quote,FBS vs FBS
2026-09-26T16:31:43Z,1f0c9cd1941cbfe5c5ca28fa42e387d8,2026-09-26T22:30:00Z,Miami Hurricanes,Central Michigan Chippewas,betonlineag,BetOnline.ag,2026-09-26T16:30:54Z,2026-09-26T16:30:50Z,Miami Hurricanes,-41.5,-115.0,2026,2026-09-26T16:31:43Z,1070,16.505092169007764,-0.7321732091434684,19.737265378151232,b4347a6d6451334b228bf748d98cbd30b34b222852b6631cc98ff41b5e407018,timestamped_live_quote,FBS vs FBS
2026-09-26T16:31:43Z,1f0c9cd1941cbfe5c5ca28fa42e387d8,2026-09-26T22:30:00Z,Miami Hurricanes,Central Michigan Chippewas,betmgm,BetMGM,2026-09-26T16:31:08Z,2026-09-26T16:31:08Z,Central Michigan Chippewas,41.5,-105.0,2026,2026-09-26T16:31:43Z,1070,16.505092169007764,-0.7321732091434684,19.737265378151232,b4347a6d6451334b228bf748d98cbd30b34b222852b6631cc98ff41b5e407018,timestamped_live_quote,FBS vs FBS
2026-09-26T16:31:43Z,1f0c9cd1941cbfe5c5ca28fa42e387d8,2026-09-26T22:30:00Z,Miami Hurricanes,Central Michigan Chippewas,betmgm,BetMGM,2026-09-26T16:31:08Z,2026-09-26T16:31:08Z,Miami Hurricanes,-41.5,-112.0,2026,2026-09-26T16:31:43Z,1070,16.505092169007764,-0.7321732091434684,19.737265378151232,b4347a6d6451334b228bf748d98cbd30b34b222852b6631cc98ff41b5e407018,timestamped_live_quote,FBS vs FBS
2026-09-26T16:31:43Z,1f0c9cd1941cbfe5c5ca28fa42e387d8,2026-09-26T22:30:00Z,Miami Hurricanes,Central Michigan Chippewas,betus,BetUS,2026-09-26T16:31:42Z,2026-09-26T16:31:42Z,Central Michigan Chippewas,42.0,-110.0,2026,2026-09-26T16:31:43Z,1070,16.505092169007764,-0.7321732091434684,19.737265378151232,b4347a6d6451334b228bf748d98cbd30b34b222852b6631cc98ff41b5e407018,timestamped_live_quote,FBS vs FBS
2026-09-26T16:31:43Z,1f0c9cd1941cbfe5c5ca28fa42e387d8,2026-09-26T22:30:00Z,Miami Hurricanes,Central Michigan Chippewas,betus,BetUS,2026-09-26T16:31:42Z,2026-09-26T16:31:42Z,Miami Hurricanes,-42.0,-110.0,2026,2026-09-26T16:31:43Z,1070,16.505092169007764,-0.7321732091434684,19.737265378151232,b4347a6d6451334b228bf748d98cbd30b34b222852b6631cc98ff41b5e407018,timestamped_live_quote,FBS vs FBS
2026-09-26T16:31:43Z,1f0c9cd1941cbfe5c5ca28fa42e387d8,2026-09-26T22:30:00Z,Miami Hurricanes,Central Michigan Chippewas,bovada,Bovada,2026-09-26T16:30:53Z,2026-09-26T16:30:53Z,Central Michigan Chippewas,41.0,-105.0,2026,2026-09-26T16:31:43Z,1070,16.505092169007764,-0.7321732091434684,19.737265378151232,b4347a6d6451334b228bf748d98cbd30b34b222852b6631cc98ff41b5e407018,timestamped_live_quote,FBS vs FBS
2026-09-26T16:31:43Z,1f0c9cd1941cbfe5c5ca28fa42e387d8,2026-09-26T22:30:00Z,Miami Hurricanes,Central Michigan Chippewas,bovada,Bovada,2026-09-26T16:30:53Z,2026-09-26T16:30:53Z,Miami Hurricanes,-41.0,-115.0,2026,2026-09-26T16:31:43Z,1070,16.505092169007764,-0.7321732091434684,19.737265378151232,b4347a6d6451334b228bf748d98cbd30b34b222852b6631cc98ff41b5e407018,timestamped_live_quote,FBS vs FBS
2026-09-26T16:31:43Z,c80f5f34b99b9346f4e40cf5304d941d,2026-09-26T22:30:00Z,Charlotte 49ers,Louisiana Ragin Cajuns,fanduel,FanDuel,2026-09-26T16:31:24Z,2026-09-26T16:31:24Z,Charlotte 49ers,10.5,-122.0,2026,2026-09-26T16:31:43Z,1070,-4.045226463801441,3.155430940104634,-4.700657403906075,b4347a6d6451334b228bf748d98cbd30b34b222852b6631cc98ff41b5e407018,timestamped_live_quote,FBS vs FBS
2026-09-26T16:31:43Z,c80f5f34b99b9346f4e40cf5304d941d,2026-09-26T22:30:00Z,Charlotte 49ers,Louisiana Ragin Cajuns,fanduel,FanDuel,2026-09-26T16:31:24Z,2026-09-26T16:31:24Z,Louisiana Ragin Cajuns,-10.5,100.0,2026,2026-09-26T16:31:43Z,1070,-4.045226463801441,3.155430940104634,-4.700657403906075,b4347a6d6451334b228bf748d98cbd30b34b222852b6631cc98ff41b5e407018,timestamped_live_quote,FBS vs FBS
2026-09-26T16:31:43Z,c80f5f34b99b9346f4e40cf5304d941d,2026-09-26T22:30:00Z,Charlotte 49ers,Louisiana Ragin Cajuns,mybookieag,MyBookie.ag,2026-09-26T16:31:15Z,2026-09-26T16:31:15Z,Charlotte 49ers,10.0,-110.0,2026,2026-09-26T16:31:43Z,1070,-4.045226463801441,3.155430940104634,-4.700657403906075,b4347a6d6451334b228bf748d98cbd30b34b222852b6631cc98ff41b5e407018,timestamped_live_quote,FBS vs FBS
2026-09-26T16:31:43Z,c80f5f34b99b9346f4e40cf5304d941d,2026-09-26T22:30:00Z,Charlotte 49ers,Louisiana Ragin Cajuns,mybookieag,MyBookie.ag,2026-09-26T16:31:15Z,2026-09-26T16:31:15Z,Louisiana Ragin Cajuns,-10.0,-110.0,2026,2026-09-26T16:31:43Z,1070,-4.045226463801441,3.155430940104634,-4.700657403906075,b4347a6d6451334b228bf748d98cbd30b34b222852b6631cc98ff41b5e407018,timestamped_live_quote,FBS vs FBS
2026-09-26T16:31:43Z,c80f5f34b99b9346f4e40cf5304d941d,2026-09-26T22:30:00Z,Charlotte 49ers,Louisiana Ragin Cajuns,draftkings,DraftKings,2026-09-26T16:30:55Z,2026-09-26T16:30:52Z,Charlotte 49ers,10.0,-112.0,2026,2026-09-26T16:31:43Z,1070,-4.045226463801441,3.155430940104634,-4.700657403906075,b4347a6d6451334b228bf748d98cbd30b34b222852b6631cc98ff41b5e407018,timestamped_live_quote,FBS vs FBS
2026-09-26T16:31:43Z,c80f5f34b99b9346f4e40cf5304d941d,2026-09-26T22:30:00Z,Charlotte 49ers,Louisiana Ragin Cajuns,draftkings,DraftKings,2026-09-26T16:30:55Z,2026-09-26T16:30:52Z,Louisiana Ragin Cajuns,-10.0,-108.0,2026,2026-09-26T16:31:43Z,1070,-4.045226463801441,3.155430940104634,-4.700657403906075,b4347a6d6451334b228bf748d98cbd30b34b222852b6631cc98ff41b5e407018,timestamped_live_quote,FBS vs FBS
2026-09-26T16:31:43Z,c80f5f34b99b9346f4e40cf5304d941d,2026-09-26T22:30:00Z,Charlotte 49ers,Louisiana Ragin Cajuns,betrivers,BetRivers,2026-09-26T16:30:52Z,2026-09-26T16:30:52Z,Charlotte 49ers,10.0,-109.0,2026,2026-09-26T16:31:43Z,1070,-4.045226463801441,3.155430940104634,-4.700657403906075,b4347a6d6451334b228bf748d98cbd30b34b222852b6631cc98ff41b5e407018,timestamped_live_quote,FBS vs FBS
2026-09-26T16:31:43Z,c80f5f34b99b9346f4e40cf5304d941d,2026-09-26T22:30:00Z,Charlotte 49ers,Louisiana Ragin Cajuns,betrivers,BetRivers,2026-09-26T16:30:52Z,2026-09-26T16:30:52Z,Louisiana Ragin Cajuns,-10.0,-113.0,2026,2026-09-26T16:31:43Z,1070,-4.045226463801441,3.155430940104634,-4.700657403906075,b4347a6d6451334b228bf748d98cbd30b34b222852b6631cc98ff41b5e407018,timestamped_live_quote,FBS vs FBS
2026-09-26T16:31:43Z,c80f5f34b99b9346f4e40cf5304d941d,2026-09-26T22:30:00Z,Charlotte 49ers,Louisiana Ragin Cajuns,lowvig,LowVig.ag,2026-09-26T16:31:23Z,2026-09-26T16:31:22Z,Charlotte 49ers,10.0,-111.0,2026,2026-09-26T16:31:43Z,1070,-4.045226463801441,3.155430940104634,-4.700657403906075,b4347a6d6451334b228bf748d98cbd30b34b222852b6631cc98ff41b5e407018,timestamped_live_quote,FBS vs FBS
2026-09-26T16:31:43Z,c80f5f34b99b9346f4e40cf5304d941d,2026-09-26T22:30:00Z,Charlotte 49ers,Louisiana Ragin Cajuns,lowvig,LowVig.ag,2026-09-26T16:31:23Z,2026-09-26T16:31:22Z,Louisiana Ragin Cajuns,-10.0,-101.0,2026,2026-09-26T16:31:43Z,1070,-4.045226463801441,3.155430940104634,-4.700657403906075,b4347a6d6451334b228bf748d98cbd30b34b222852b6631cc98ff41b5e407018,timestamped_live_quote,FBS vs FBS
2026-09-26T16:31:43Z,c80f5f34b99b9346f4e40cf5304d941d,2026-09-26T22:30:00Z,Charlotte 49ers,Louisiana Ragin Cajuns,betonlineag,BetOnline.ag,2026-09-26T16:30:54Z,2026-09-26T16:30:50Z,Charlotte 49ers,10.0,-115.0,2026,2026-09-26T16:31:43Z,1070,-4.045226463801441,3.155430940104634,-4.700657403906075,b4347a6d6451334b228bf748d98cbd30b34b222852b6631cc98ff41b5e407018,timestamped_live_quote,FBS vs FBS
2026-09-26T16:31:43Z,c80f5f34b99b9346f4e40cf5304d941d,2026-09-26T22:30:00Z,Charlotte 49ers,Louisiana Ragin Cajuns,betonlineag,BetOnline.ag,2026-09-26T16:30:54Z,2026-09-26T16:30:50Z,Louisiana Ragin Cajuns,-10.0,-105.0,2026,2026-09-26T16:31:43Z,1070,-4.045226463801441,3.155430940104634,-4.700657403906075,b4347a6d6451334b228bf748d98cbd30b34b222852b6631cc98ff41b5e407018,timestamped_live_quote,FBS vs FBS
2026-09-26T16:31:43Z,c80f5f34b99b9346f4e40cf5304d941d,2026-09-26T22:30:00Z,Charlotte 49ers,Louisiana Ragin Cajuns,betmgm,BetMGM,2026-09-26T16:31:08Z,2026-09-26T16:31:08Z,Charlotte 49ers,10.0,-110.0,2026,2026-09-26T16:31:43Z,1070,-4.045226463801441,3.155430940104634,-4.700657403906075,b4347a6d6451334b228bf748d98cbd30b34b222852b6631cc98ff41b5e407018,timestamped_live_quote,FBS vs FBS
2026-09-26T16:31:43Z,c80f5f34b99b9346f4e40cf5304d941d,2026-09-26T22:30:00Z,Charlotte 49ers,Louisiana Ragin Cajuns,betmgm,BetMGM,2026-09-26T16:31:08Z,2026-09-26T16:31:08Z,Louisiana Ragin Cajuns,-10.0,-108.0,2026,2026-09-26T16:31:43Z,1070,-4.045226463801441,3.155430940104634,-4.700657403906075,b4347a6d6451334b228bf748d98cbd30b34b222852b6631cc98ff41b5e407018,timestamped_live_quote,FBS vs FBS
2026-09-26T16:31:43Z,c80f5f34b99b9346f4e40cf5304d941d,2026-09-26T22:30:00Z,Charlotte 49ers,Louisiana Ragin Cajuns,betus,BetUS,2026-09-26T16:31:42Z,2026-09-26T16:31:42Z,Charlotte 49ers,10.0,-110.0,2026,2026-09-26T16:31:43Z,1070,-4.045226463801441,3.155430940104634,-4.700657403906075,b4347a6d6451334b228bf748d98cbd30b34b222852b6631cc98ff41b5e407018,timestamped_live_quote,FBS vs FBS
2026-09-26T16:31:43Z,c80f5f34b99b9346f4e40cf5304d941d,2026-09-26T22:30:00Z,Charlotte 49ers,Louisiana Ragin Cajuns,betus,BetUS,2026-09-26T16:31:42Z,2026-09-26T16:31:42Z,Louisiana Ragin Cajuns,-10.0,-110.0,2026,2026-09-26T16:31:43Z,1070,-4.045226463801441,3.155430940104634,-4.700657403906075,b4347a6d6451334b228bf748d98cbd30b34b222852b6631cc98ff41b5e407018,timestamped_live_quote,FBS vs FBS
2026-09-26T16:31:43Z,c80f5f34b99b9346f4e40cf5304d941d,2026-09-26T22:30:00Z,Charlotte 49ers,Louisiana Ragin Cajuns,bovada,Bovada,2026-09-26T16:30:53Z,2026-09-26T16:30:53Z,Charlotte 49ers,10.0,-110.0,2026,2026-09-26T16:31:43Z,1070,-4.045226463801441,3.155430940104634,-4.700657403906075,b4347a6d6451334b228bf748d98cbd30b34b222852b6631cc98ff41b5e407018,timestamped_live_quote,FBS vs FBS
2026-09-26T16:31:43Z,c80f5f34b99b9346f4e40cf5304d941d,2026-09-26T22:30:00Z,Charlotte 49ers,Louisiana Ragin Cajuns,bovada,Bovada,2026-09-26T16:30:53Z,2026-09-26T16:30:53Z,Louisiana Ragin Cajuns,-10.0,-110.0,2026,2026-09-26T16:31:43Z,1070,-4.045226463801441,3.155430940104634,-4.700657403906075,b4347a6d6451334b228bf748d98cbd30b34b222852b6631cc98ff41b5e407018,timestamped_live_quote,FBS vs FBS
2026-09-26T16:31:43Z,c843a3f97a410eedafcfbad440774ad2,2026-09-26T23:00:00Z,Alabama Crimson Tide,South Carolina Gamecocks,draftkings,DraftKings,2026-09-26T16:30:55Z,2026-09-26T16:30:52Z,Alabama Crimson Tide,-12.5,-110.0,2026,2026-09-26T16:31:43Z,1070,11.845429851263555,10.305284793355574,4.040145057907981,b4347a6d6451334b228bf748d98cbd30b34b222852b6631cc98ff41b5e407018,timestamped_live_quote,FBS vs FBS
2026-09-26T16:31:43Z,c843a3f97a410eedafcfbad440774ad2,2026-09-26T23:00:00Z,Alabama Crimson Tide,South Carolina Gamecocks,draftkings,DraftKings,2026-09-26T16:30:55Z,2026-09-26T16:30:52Z,South Carolina Gamecocks,12.5,-110.0,2026,2026-09-26T16:31:43Z,1070,11.845429851263555,10.305284793355574,4.040145057907981,b4347a6d6451334b228bf748d98cbd30b34b222852b6631cc98ff41b5e407018,timestamped_live_quote,FBS vs FBS
2026-09-26T16:31:43Z,c843a3f97a410eedafcfbad440774ad2,2026-09-26T23:00:00Z,Alabama Crimson Tide,South Carolina Gamecocks,fanduel,FanDuel,2026-09-26T16:31:24Z,2026-09-26T16:31:24Z,Alabama Crimson Tide,-12.5,-110.0,2026,2026-09-26T16:31:43Z,1070,11.845429851263555,10.305284793355574,4.040145057907981,b4347a6d6451334b228bf748d98cbd30b34b222852b6631cc98ff41b5e407018,timestamped_live_quote,FBS vs FBS
2026-09-26T16:31:43Z,c843a3f97a410eedafcfbad440774ad2,2026-09-26T23:00:00Z,Alabama Crimson Tide,South Carolina Gamecocks,fanduel,FanDuel,2026-09-26T16:31:24Z,2026-09-26T16:31:24Z,South Carolina Gamecocks,12.5,-110.0,2026,2026-09-26T16:31:43Z,1070,11.845429851263555,10.305284793355574,4.040145057907981,b4347a6d6451334b228bf748d98cbd30b34b222852b6631cc98ff41b5e407018,timestamped_live_quote,FBS vs FBS
2026-09-26T16:31:43Z,c843a3f97a410eedafcfbad440774ad2,2026-09-26T23:00:00Z,Alabama Crimson Tide,South Carolina Gamecocks,mybookieag,MyBookie.ag,2026-09-26T16:31:15Z,2026-09-26T16:31:15Z,Alabama Crimson Tide,-12.5,-110.0,2026,2026-09-26T16:31:43Z,1070,11.845429851263555,10.305284793355574,4.040145057907981,b4347a6d6451334b228bf748d98cbd30b34b222852b6631cc98ff41b5e407018,timestamped_live_quote,FBS vs FBS
2026-09-26T16:31:43Z,c843a3f97a410eedafcfbad440774ad2,2026-09-26T23:00:00Z,Alabama Crimson Tide,South Carolina Gamecocks,mybookieag,MyBookie.ag,2026-09-26T16:31:15Z,2026-09-26T16:31:15Z,South Carolina Gamecocks,12.5,-110.0,2026,2026-09-26T16:31:43Z,1070,11.845429851263555,10.305284793355574,4.040145057907981,b4347a6d6451334b228bf748d98cbd30b34b222852b6631cc98ff41b5e407018,timestamped_live_quote,FBS vs FBS
2026-09-26T16:31:43Z,c843a3f97a410eedafcfbad440774ad2,2026-09-26T23:00:00Z,Alabama Crimson Tide,South Carolina Gamecocks,betrivers,BetRivers,2026-09-26T16:30:52Z,2026-09-26T16:30:52Z,Alabama Crimson Tide,-12.0,-113.0,2026,2026-09-26T16:31:43Z,1070,11.845429851263555,10.305284793355574,4.040145057907981,b4347a6d6451334b228bf748d98cbd30b34b222852b6631cc98ff41b5e407018,timestamped_live_quote,FBS vs FBS
2026-09-26T16:31:43Z,c843a3f97a410eedafcfbad440774ad2,2026-09-26T23:00:00Z,Alabama Crimson Tide,South Carolina Gamecocks,betrivers,BetRivers,2026-09-26T16:30:52Z,2026-09-26T16:30:52Z,South Carolina Gamecocks,12.0,-110.0,2026,2026-09-26T16:31:43Z,1070,11.845429851263555,10.305284793355574,4.040145057907981,b4347a6d6451334b228bf748d98cbd30b34b222852b6631cc98ff41b5e407018,timestamped_live_quote,FBS vs FBS
2026-09-26T16:31:43Z,c843a3f97a410eedafcfbad440774ad2,2026-09-26T23:00:00Z,Alabama Crimson Tide,South Carolina Gamecocks,lowvig,LowVig.ag,2026-09-26T16:31:23Z,2026-09-26T16:31:22Z,Alabama Crimson Tide,-12.5,-106.0,2026,2026-09-26T16:31:43Z,1070,11.845429851263555,10.305284793355574,4.040145057907981,b4347a6d6451334b228bf748d98cbd30b34b222852b6631cc98ff41b5e407018,timestamped_live_quote,FBS vs FBS
2026-09-26T16:31:43Z,c843a3f97a410eedafcfbad440774ad2,2026-09-26T23:00:00Z,Alabama Crimson Tide,South Carolina Gamecocks,lowvig,LowVig.ag,2026-09-26T16:31:23Z,2026-09-26T16:31:22Z,South Carolina Gamecocks,12.5,-106.0,2026,2026-09-26T16:31:43Z,1070,11.845429851263555,10.305284793355574,4.040145057907981,b4347a6d6451334b228bf748d98cbd30b34b222852b6631cc98ff41b5e407018,timestamped_live_quote,FBS vs FBS
2026-09-26T16:31:43Z,c843a3f97a410eedafcfbad440774ad2,2026-09-26T23:00:00Z,Alabama Crimson Tide,South Carolina Gamecocks,betonlineag,BetOnline.ag,2026-09-26T16:30:54Z,2026-09-26T16:30:50Z,Alabama Crimson Tide,-12.5,-110.0,2026,2026-09-26T16:31:43Z,1070,11.845429851263555,10.305284793355574,4.040145057907981,b4347a6d6451334b228bf748d98cbd30b34b222852b6631cc98ff41b5e407018,timestamped_live_quote,FBS vs FBS
2026-09-26T16:31:43Z,c843a3f97a410eedafcfbad440774ad2,2026-09-26T23:00:00Z,Alabama Crimson Tide,South Carolina Gamecocks,betonlineag,BetOnline.ag,2026-09-26T16:30:54Z,2026-09-26T16:30:50Z,South Carolina Gamecocks,12.5,-110.0,2026,2026-09-26T16:31:43Z,1070,11.845429851263555,10.305284793355574,4.040145057907981,b4347a6d6451334b228bf748d98cbd30b34b222852b6631cc98ff41b5e407018,timestamped_live_quote,FBS vs FBS
2026-09-26T16:31:43Z,c843a3f97a410eedafcfbad440774ad2,2026-09-26T23:00:00Z,Alabama Crimson Tide,South Carolina Gamecocks,betus,BetUS,2026-09-26T16:31:42Z,2026-09-26T16:31:42Z,Alabama Crimson Tide,-12.5,-110.0,2026,2026-09-26T16:31:43Z,1070,11.845429851263555,10.305284793355574,4.040145057907981,b4347a6d6451334b228bf748d98cbd30b34b222852b6631cc98ff41b5e407018,timestamped_live_quote,FBS vs FBS
2026-09-26T16:31:43Z,c843a3f97a410eedafcfbad440774ad2,2026-09-26T23:00:00Z,Alabama Crimson Tide,South Carolina Gamecocks,betus,BetUS,2026-09-26T16:31:42Z,2026-09-26T16:31:42Z,South Carolina Gamecocks,12.5,-110.0,2026,2026-09-26T16:31:43Z,1070,11.845429851263555,10.305284793355574,4.040145057907981,b4347a6d6451334b228bf748d98cbd30b34b222852b6631cc98ff41b5e407018,timestamped_live_quote,FBS vs FBS
2026-09-26T16:31:43Z,c843a3f97a410eedafcfbad440774ad2,2026-09-26T23:00:00Z,Alabama Crimson Tide,South Carolina Gamecocks,betmgm,BetMGM,2026-09-26T16:31:08Z,2026-09-26T16:31:08Z,Alabama Crimson Tide,-13.0,-112.0,2026,2026-09-26T16:31:43Z,1070,11.845429851263555,10.305284793355574,4.040145057907981,b4347a6d6451334b228bf748d98cbd30b34b222852b6631cc98ff41b5e407018,timestamped_live_quote,FBS vs FBS
2026-09-26T16:31:43Z,c843a3f97a410eedafcfbad440774ad2,2026-09-26T23:00:00Z,Alabama Crimson Tide,South Carolina Gamecocks,betmgm,BetMGM,2026-09-26T16:31:08Z,2026-09-26T16:31:08Z,South Carolina Gamecocks,13.0,-118.0,2026,2026-09-26T16:31:43Z,1070,11.845429851263555,10.305284793355574,4.040145057907981,b4347a6d6451334b228bf748d98cbd30b34b222852b6631cc98ff41b5e407018,timestamped_live_quote,FBS vs FBS
2026-09-26T16:31:43Z,c843a3f97a410eedafcfbad440774ad2,2026-09-26T23:00:00Z,Alabama Crimson Tide,South Carolina Gamecocks,bovada,Bovada,2026-09-26T16:30:53Z,2026-09-26T16:30:53Z,Alabama Crimson Tide,-12.5,-110.0,2026,2026-09-26T16:31:43Z,1070,11.845429851263555,10.305284793355574,4.040145057907981,b4347a6d6451334b228bf748d98cbd30b34b222852b6631cc98ff41b5e407018,timestamped_live_quote,FBS vs FBS
2026-09-26T16:31:43Z,c843a3f97a410eedafcfbad440774ad2,2026-09-26T23:00:00Z,Alabama Crimson Tide,South Carolina Gamecocks,bovada,Bovada,2026-09-26T16:30:53Z,2026-09-26T16:30:53Z,South Carolina Gamecocks,12.5,-110.0,2026,2026-09-26T16:31:43Z,1070,11.845429851263555,10.305284793355574,4.040145057907981,b4347a6d6451334b228bf748d98cbd30b34b222852b6631cc98ff41b5e407018,timestamped_live_quote,FBS vs FBS
2026-09-26T16:31:43Z,77c3435e651e2d615870c2c25c8dbf71,2026-09-26T23:00:00Z,Arkansas State Red Wolves,Kennesaw State Owls,fanduel,FanDuel,2026-09-26T16:31:24Z,2026-09-26T16:31:24Z,Arkansas State Red Wolves,-6.5,-110.0,2026,2026-09-26T16:31:43Z,1070,0.9039045232442763,0.9407001215105584,2.463204401733718,b4347a6d6451334b228bf748d98cbd30b34b222852b6631cc98ff41b5e407018,timestamped_live_quote,FBS vs FBS
2026-09-26T16:31:43Z,77c3435e651e2d615870c2c25c8dbf71,2026-09-26T23:00:00Z,Arkansas State Red Wolves,Kennesaw State Owls,fanduel,FanDuel,2026-09-26T16:31:24Z,2026-09-26T16:31:24Z,Kennesaw State Owls,6.5,-110.0,2026,2026-09-26T16:31:43Z,1070,0.9039045232442763,0.9407001215105584,2.463204401733718,b4347a6d6451334b228bf748d98cbd30b34b222852b6631cc98ff41b5e407018,timestamped_live_quote,FBS vs FBS
2026-09-26T16:31:43Z,77c3435e651e2d615870c2c25c8dbf71,2026-09-26T23:00:00Z,Arkansas State Red Wolves,Kennesaw State Owls,mybookieag,MyBookie.ag,2026-09-26T16:31:15Z,2026-09-26T16:31:15Z,Arkansas State Red Wolves,-6.5,-110.0,2026,2026-09-26T16:31:43Z,1070,0.9039045232442763,0.9407001215105584,2.463204401733718,b4347a6d6451334b228bf748d98cbd30b34b222852b6631cc98ff41b5e407018,timestamped_live_quote,FBS vs FBS
2026-09-26T16:31:43Z,77c3435e651e2d615870c2c25c8dbf71,2026-09-26T23:00:00Z,Arkansas State Red Wolves,Kennesaw State Owls,mybookieag,MyBookie.ag,2026-09-26T16:31:15Z,2026-09-26T16:31:15Z,Kennesaw State Owls,6.5,-110.0,2026,2026-09-26T16:31:43Z,1070,0.9039045232442763,0.9407001215105584,2.463204401733718,b4347a6d6451334b228bf748d98cbd30b34b222852b6631cc98ff41b5e407018,timestamped_live_quote,FBS vs FBS
2026-09-26T16:31:43Z,77c3435e651e2d615870c2c25c8dbf71,2026-09-26T23:00:00Z,Arkansas State Red Wolves,Kennesaw State Owls,betrivers,BetRivers,2026-09-26T16:30:52Z,2026-09-26T16:30:52Z,Arkansas State Red Wolves,-6.5,-114.0,2026,2026-09-26T16:31:43Z,1070,0.9039045232442763,0.9407001215105584,2.463204401733718,b4347a6d6451334b228bf748d98cbd30b34b222852b6631cc98ff41b5e407018,timestamped_live_quote,FBS vs FBS
2026-09-26T16:31:43Z,77c3435e651e2d615870c2c25c8dbf71,2026-09-26T23:00:00Z,Arkansas State Red Wolves,Kennesaw State Owls,betrivers,BetRivers,2026-09-26T16:30:52Z,2026-09-26T16:30:52Z,Kennesaw State Owls,6.5,-108.0,2026,2026-09-26T16:31:43Z,1070,0.9039045232442763,0.9407001215105584,2.463204401733718,b4347a6d6451334b228bf748d98cbd30b34b222852b6631cc98ff41b5e407018,timestamped_live_quote,FBS vs FBS
2026-09-26T16:31:43Z,77c3435e651e2d615870c2c25c8dbf71,2026-09-26T23:00:00Z,Arkansas State Red Wolves,Kennesaw State Owls,draftkings,DraftKings,2026-09-26T16:30:55Z,2026-09-26T16:30:52Z,Arkansas State Red Wolves,-6.5,-108.0,2026,2026-09-26T16:31:43Z,1070,0.9039045232442763,0.9407001215105584,2.463204401733718,b4347a6d6451334b228bf748d98cbd30b34b222852b6631cc98ff41b5e407018,timestamped_live_quote,FBS vs FBS
2026-09-26T16:31:43Z,77c3435e651e2d615870c2c25c8dbf71,2026-09-26T23:00:00Z,Arkansas State Red Wolves,Kennesaw State Owls,draftkings,DraftKings,2026-09-26T16:30:55Z,2026-09-26T16:30:52Z,Kennesaw State Owls,6.5,-112.0,2026,2026-09-26T16:31:43Z,1070,0.9039045232442763,0.9407001215105584,2.463204401733718,b4347a6d6451334b228bf748d98cbd30b34b222852b6631cc98ff41b5e407018,timestamped_live_quote,FBS vs FBS
2026-09-26T16:31:43Z,77c3435e651e2d615870c2c25c8dbf71,2026-09-26T23:00:00Z,Arkansas State Red Wolves,Kennesaw State Owls,lowvig,LowVig.ag,2026-09-26T16:31:23Z,2026-09-26T16:31:22Z,Arkansas State Red Wolves,-6.5,-106.0,2026,2026-09-26T16:31:43Z,1070,0.9039045232442763,0.9407001215105584,2.463204401733718,b4347a6d6451334b228bf748d98cbd30b34b222852b6631cc98ff41b5e407018,timestamped_live_quote,FBS vs FBS
2026-09-26T16:31:43Z,77c3435e651e2d615870c2c25c8dbf71,2026-09-26T23:00:00Z,Arkansas State Red Wolves,Kennesaw State Owls,lowvig,LowVig.ag,2026-09-26T16:31:23Z,2026-09-26T16:31:22Z,Kennesaw State Owls,6.5,-106.0,2026,2026-09-26T16:31:43Z,1070,0.9039045232442763,0.9407001215105584,2.463204401733718,b4347a6d6451334b228bf748d98cbd30b34b222852b6631cc98ff41b5e407018,timestamped_live_quote,FBS vs FBS
2026-09-26T16:31:43Z,77c3435e651e2d615870c2c25c8dbf71,2026-09-26T23:00:00Z,Arkansas State Red Wolves,Kennesaw State Owls,betonlineag,BetOnline.ag,2026-09-26T16:30:54Z,2026-09-26T16:30:50Z,Arkansas State Red Wolves,-6.5,-110.0,2026,2026-09-26T16:31:43Z,1070,0.9039045232442763,0.9407001215105584,2.463204401733718,b4347a6d6451334b228bf748d98cbd30b34b222852b6631cc98ff41b5e407018,timestamped_live_quote,FBS vs FBS
2026-09-26T16:31:43Z,77c3435e651e2d615870c2c25c8dbf71,2026-09-26T23:00:00Z,Arkansas State Red Wolves,Kennesaw State Owls,betonlineag,BetOnline.ag,2026-09-26T16:30:54Z,2026-09-26T16:30:50Z,Kennesaw State Owls,6.5,-110.0,2026,2026-09-26T16:31:43Z,1070,0.9039045232442763,0.9407001215105584,2.463204401733718,b4347a6d6451334b228bf748d98cbd30b34b222852b6631cc98ff41b5e407018,timestamped_live_quote,FBS vs FBS
2026-09-26T16:31:43Z,77c3435e651e2d615870c2c25c8dbf71,2026-09-26T23:00:00Z,Arkansas State Red Wolves,Kennesaw State Owls,betmgm,BetMGM,2026-09-26T16:31:08Z,2026-09-26T16:31:08Z,Arkansas State Red Wolves,-6.0,-110.0,2026,2026-09-26T16:31:43Z,1070,0.9039045232442763,0.9407001215105584,2.463204401733718,b4347a6d6451334b228bf748d98cbd30b34b222852b6631cc98ff41b5e407018,timestamped_live_quote,FBS vs FBS
2026-09-26T16:31:43Z,77c3435e651e2d615870c2c25c8dbf71,2026-09-26T23:00:00Z,Arkansas State Red Wolves,Kennesaw State Owls,betmgm,BetMGM,2026-09-26T16:31:08Z,2026-09-26T16:31:08Z,Kennesaw State Owls,6.0,-108.0,2026,2026-09-26T16:31:43Z,1070,0.9039045232442763,0.9407001215105584,2.463204401733718,b4347a6d6451334b228bf748d98cbd30b34b222852b6631cc98ff41b5e407018,timestamped_live_quote,FBS vs FBS
2026-09-26T16:31:43Z,77c3435e651e2d615870c2c25c8dbf71,2026-09-26T23:00:00Z,Arkansas State Red Wolves,Kennesaw State Owls,betus,BetUS,2026-09-26T16:31:42Z,2026-09-26T16:31:42Z,Arkansas State Red Wolves,-6.5,-110.0,2026,2026-09-26T16:31:43Z,1070,0.9039045232442763,0.9407001215105584,2.463204401733718,b4347a6d6451334b228bf748d98cbd30b34b222852b6631cc98ff41b5e407018,timestamped_live_quote,FBS vs FBS
2026-09-26T16:31:43Z,77c3435e651e2d615870c2c25c8dbf71,2026-09-26T23:00:00Z,Arkansas State Red Wolves,Kennesaw State Owls,betus,BetUS,2026-09-26T16:31:42Z,2026-09-26T16:31:42Z,Kennesaw State Owls,6.5,-110.0,2026,2026-09-26T16:31:43Z,1070,0.9039045232442763,0.9407001215105584,2.463204401733718,b4347a6d6451334b228bf748d98cbd30b34b222852b6631cc98ff41b5e407018,timestamped_live_quote,FBS vs FBS
2026-09-26T16:31:43Z,77c3435e651e2d615870c2c25c8dbf71,2026-09-26T23:00:00Z,Arkansas State Red Wolves,Kennesaw State Owls,bovada,Bovada,2026-09-26T16:30:53Z,2026-09-26T16:30:53Z,Arkansas State Red Wolves,-6.5,-105.0,2026,2026-09-26T16:31:43Z,1070,0.9039045232442763,0.9407001215105584,2.463204401733718,b4347a6d6451334b228bf748d98cbd30b34b222852b6631cc98ff41b5e407018,timestamped_live_quote,FBS vs FBS
2026-09-26T16:31:43Z,77c3435e651e2d615870c2c25c8dbf71,2026-09-26T23:00:00Z,Arkansas State Red Wolves,Kennesaw State Owls,bovada,Bovada,2026-09-26T16:30:53Z,2026-09-26T16:30:53Z,Kennesaw State Owls,6.5,-115.0,2026,2026-09-26T16:31:43Z,1070,0.9039045232442763,0.9407001215105584,2.463204401733718,b4347a6d6451334b228bf748d98cbd30b34b222852b6631cc98ff41b5e407018,timestamped_live_quote,FBS vs FBS
2026-09-26T16:31:43Z,058628758b85b178ffc5fa09416f3991,2026-09-26T23:00:00Z,Cincinnati Bearcats,Kansas State Wildcats,fanduel,FanDuel,2026-09-26T16:31:24Z,2026-09-26T16:31:23Z,Cincinnati Bearcats,5.5,-102.0,2026,2026-09-26T16:31:43Z,1070,9.467549223410646,12.760184285480161,-0.7926350620695146,b4347a6d6451334b228bf748d98cbd30b34b222852b6631cc98ff41b5e407018,timestamped_live_quote,FBS vs FBS
2026-09-26T16:31:43Z,058628758b85b178ffc5fa09416f3991,2026-09-26T23:00:00Z,Cincinnati Bearcats,Kansas State Wildcats,fanduel,FanDuel,2026-09-26T16:31:24Z,2026-09-26T16:31:23Z,Kansas State Wildcats,-5.5,-120.0,2026,2026-09-26T16:31:43Z,1070,9.467549223410646,12.760184285480161,-0.7926350620695146,b4347a6d6451334b228bf748d98cbd30b34b222852b6631cc98ff41b5e407018,timestamped_live_quote,FBS vs FBS
2026-09-26T16:31:43Z,058628758b85b178ffc5fa09416f3991,2026-09-26T23:00:00Z,Cincinnati Bearcats,Kansas State Wildcats,mybookieag,MyBookie.ag,2026-09-26T16:31:15Z,2026-09-26T16:31:15Z,Cincinnati Bearcats,6.0,-110.0,2026,2026-09-26T16:31:43Z,1070,9.467549223410646,12.760184285480161,-0.7926350620695146,b4347a6d6451334b228bf748d98cbd30b34b222852b6631cc98ff41b5e407018,timestamped_live_quote,FBS vs FBS
2026-09-26T16:31:43Z,058628758b85b178ffc5fa09416f3991,2026-09-26T23:00:00Z,Cincinnati Bearcats,Kansas State Wildcats,mybookieag,MyBookie.ag,2026-09-26T16:31:15Z,2026-09-26T16:31:15Z,Kansas State Wildcats,-6.0,-110.0,2026,2026-09-26T16:31:43Z,1070,9.467549223410646,12.760184285480161,-0.7926350620695146,b4347a6d6451334b228bf748d98cbd30b34b222852b6631cc98ff41b5e407018,timestamped_live_quote,FBS vs FBS
2026-09-26T16:31:43Z,058628758b85b178ffc5fa09416f3991,2026-09-26T23:00:00Z,Cincinnati Bearcats,Kansas State Wildcats,betrivers,BetRivers,2026-09-26T16:30:52Z,2026-09-26T16:30:52Z,Cincinnati Bearcats,6.0,-113.0,2026,2026-09-26T16:31:43Z,1070,9.467549223410646,12.760184285480161,-0.7926350620695146,b4347a6d6451334b228bf748d98cbd30b34b222852b6631cc98ff41b5e407018,timestamped_live_quote,FBS vs FBS
2026-09-26T16:31:43Z,058628758b85b178ffc5fa09416f3991,2026-09-26T23:00:00Z,Cincinnati Bearcats,Kansas State Wildcats,betrivers,BetRivers,2026-09-26T16:30:52Z,2026-09-26T16:30:52Z,Kansas State Wildcats,-6.0,-109.0,2026,2026-09-26T16:31:43Z,1070,9.467549223410646,12.760184285480161,-0.7926350620695146,b4347a6d6451334b228bf748d98cbd30b34b222852b6631cc98ff41b5e407018,timestamped_live_quote,FBS vs FBS
2026-09-26T16:31:43Z,058628758b85b178ffc5fa09416f3991,2026-09-26T23:00:00Z,Cincinnati Bearcats,Kansas State Wildcats,draftkings,DraftKings,2026-09-26T16:30:55Z,2026-09-26T16:30:52Z,Cincinnati Bearcats,6.0,-112.0,2026,2026-09-26T16:31:43Z,1070,9.467549223410646,12.760184285480161,-0.7926350620695146,b4347a6d6451334b228bf748d98cbd30b34b222852b6631cc98ff41b5e407018,timestamped_live_quote,FBS vs FBS
2026-09-26T16:31:43Z,058628758b85b178ffc5fa09416f3991,2026-09-26T23:00:00Z,Cincinnati Bearcats,Kansas State Wildcats,draftkings,DraftKings,2026-09-26T16:30:55Z,2026-09-26T16:30:52Z,Kansas State Wildcats,-6.0,-108.0,2026,2026-09-26T16:31:43Z,1070,9.467549223410646,12.760184285480161,-0.7926350620695146,b4347a6d6451334b228bf748d98cbd30b34b222852b6631cc98ff41b5e407018,timestamped_live_quote,FBS vs FBS
2026-09-26T16:31:43Z,058628758b85b178ffc5fa09416f3991,2026-09-26T23:00:00Z,Cincinnati Bearcats,Kansas State Wildcats,lowvig,LowVig.ag,2026-09-26T16:31:23Z,2026-09-26T16:31:22Z,Cincinnati Bearcats,6.5,-112.0,2026,2026-09-26T16:31:43Z,1070,9.467549223410646,12.760184285480161,-0.7926350620695146,b4347a6d6451334b228bf748d98cbd30b34b222852b6631cc98ff41b5e407018,timestamped_live_quote,FBS vs FBS
2026-09-26T16:31:43Z,058628758b85b178ffc5fa09416f3991,2026-09-26T23:00:00Z,Cincinnati Bearcats,Kansas State Wildcats,lowvig,LowVig.ag,2026-09-26T16:31:23Z,2026-09-26T16:31:22Z,Kansas State Wildcats,-6.5,100.0,2026,2026-09-26T16:31:43Z,1070,9.467549223410646,12.760184285480161,-0.7926350620695146,b4347a6d6451334b228bf748d98cbd30b34b222852b6631cc98ff41b5e407018,timestamped_live_quote,FBS vs FBS
2026-09-26T16:31:43Z,058628758b85b178ffc5fa09416f3991,2026-09-26T23:00:00Z,Cincinnati Bearcats,Kansas State Wildcats,betonlineag,BetOnline.ag,2026-09-26T16:30:54Z,2026-09-26T16:30:50Z,Cincinnati Bearcats,6.5,-116.0,2026,2026-09-26T16:31:43Z,1070,9.467549223410646,12.760184285480161,-0.7926350620695146,b4347a6d6451334b228bf748d98cbd30b34b222852b6631cc98ff41b5e407018,timestamped_live_quote,FBS vs FBS
2026-09-26T16:31:43Z,058628758b85b178ffc5fa09416f3991,2026-09-26T23:00:00Z,Cincinnati Bearcats,Kansas State Wildcats,betonlineag,BetOnline.ag,2026-09-26T16:30:54Z,2026-09-26T16:30:50Z,Kansas State Wildcats,-6.5,-104.0,2026,2026-09-26T16:31:43Z,1070,9.467549223410646,12.760184285480161,-0.7926350620695146,b4347a6d6451334b228bf748d98cbd30b34b222852b6631cc98ff41b5e407018,timestamped_live_quote,FBS vs FBS
2026-09-26T16:31:43Z,058628758b85b178ffc5fa09416f3991,2026-09-26T23:00:00Z,Cincinnati Bearcats,Kansas State Wildcats,betmgm,BetMGM,2026-09-26T16:31:08Z,2026-09-26T16:31:08Z,Cincinnati Bearcats,6.0,-112.0,2026,2026-09-26T16:31:43Z,1070,9.467549223410646,12.760184285480161,-0.7926350620695146,b4347a6d6451334b228bf748d98cbd30b34b222852b6631cc98ff41b5e407018,timestamped_live_quote,FBS vs FBS
2026-09-26T16:31:43Z,058628758b85b178ffc5fa09416f3991,2026-09-26T23:00:00Z,Cincinnati Bearcats,Kansas State Wildcats,betmgm,BetMGM,2026-09-26T16:31:08Z,2026-09-26T16:31:08Z,Kansas State Wildcats,-6.0,-115.0,2026,2026-09-26T16:31:43Z,1070,9.467549223410646,12.760184285480161,-0.7926350620695146,b4347a6d6451334b228bf748d98cbd30b34b222852b6631cc98ff41b5e407018,timestamped_live_quote,FBS vs FBS
2026-09-26T16:31:43Z,058628758b85b178ffc5fa09416f3991,2026-09-26T23:00:00Z,Cincinnati Bearcats,Kansas State Wildcats,betus,BetUS,2026-09-26T16:31:42Z,2026-09-26T16:31:42Z,Cincinnati Bearcats,6.0,-110.0,2026,2026-09-26T16:31:43Z,1070,9.467549223410646,12.760184285480161,-0.7926350620695146,b4347a6d6451334b228bf748d98cbd30b34b222852b6631cc98ff41b5e407018,timestamped_live_quote,FBS vs FBS
2026-09-26T16:31:43Z,058628758b85b178ffc5fa09416f3991,2026-09-26T23:00:00Z,Cincinnati Bearcats,Kansas State Wildcats,betus,BetUS,2026-09-26T16:31:42Z,2026-09-26T16:31:42Z,Kansas State Wildcats,-6.0,-110.0,2026,2026-09-26T16:31:43Z,1070,9.467549223410646,12.760184285480161,-0.7926350620695146,b4347a6d6451334b228bf748d98cbd30b34b222852b6631cc98ff41b5e407018,timestamped_live_quote,FBS vs FBS
2026-09-26T16:31:43Z,058628758b85b178ffc5fa09416f3991,2026-09-26T23:00:00Z,Cincinnati Bearcats,Kansas State Wildcats,bovada,Bovada,2026-09-26T16:30:53Z,2026-09-26T16:30:53Z,Cincinnati Bearcats,6.0,-110.0,2026,2026-09-26T16:31:43Z,1070,9.467549223410646,12.760184285480161,-0.7926350620695146,b4347a6d6451334b228bf748d98cbd30b34b222852b6631cc98ff41b5e407018,timestamped_live_quote,FBS vs FBS
2026-09-26T16:31:43Z,058628758b85b178ffc5fa09416f3991,2026-09-26T23:00:00Z,Cincinnati Bearcats,Kansas State Wildcats,bovada,Bovada,2026-09-26T16:30:53Z,2026-09-26T16:30:53Z,Kansas State Wildcats,-6.0,-110.0,2026,2026-09-26T16:31:43Z,1070,9.467549223410646,12.760184285480161,-0.7926350620695146,b4347a6d6451334b228bf748d98cbd30b34b222852b6631cc98ff41b5e407018,timestamped_live_quote,FBS vs FBS
2026-09-26T16:31:43Z,fe0fb2e29062d93898ebdd583329194d,2026-09-26T23:00:00Z,Jacksonville State Gamecocks,Middle Tennessee Blue Raiders,fanduel,FanDuel,2026-09-26T16:31:24Z,2026-09-26T16:31:24Z,Jacksonville State Gamecocks,-7.5,-104.0,2026,2026-09-26T16:31:43Z,1070,2.947292147240586,2.0782947510940297,3.3689973961465562,b4347a6d6451334b228bf748d98cbd30b34b222852b6631cc98ff41b5e407018,timestamped_live_quote,FBS vs FBS
2026-09-26T16:31:43Z,fe0fb2e29062d93898ebdd583329194d,2026-09-26T23:00:00Z,Jacksonville State Gamecocks,Middle Tennessee Blue Raiders,fanduel,FanDuel,2026-09-26T16:31:24Z,2026-09-26T16:31:24Z,Middle Tennessee Blue Raiders,7.5,-118.0,2026,2026-09-26T16:31:43Z,1070,2.947292147240586,2.0782947510940297,3.3689973961465562,b4347a6d6451334b228bf748d98cbd30b34b222852b6631cc98ff41b5e407018,timestamped_live_quote,FBS vs FBS
2026-09-26T16:31:43Z,fe0fb2e29062d93898ebdd583329194d,2026-09-26T23:00:00Z,Jacksonville State Gamecocks,Middle Tennessee Blue Raiders,mybookieag,MyBookie.ag,2026-09-26T16:31:15Z,2026-09-26T16:31:15Z,Jacksonville State Gamecocks,-7.5,-110.0,2026,2026-09-26T16:31:43Z,1070,2.947292147240586,2.0782947510940297,3.3689973961465562,b4347a6d6451334b228bf748d98cbd30b34b222852b6631cc98ff41b5e407018,timestamped_live_quote,FBS vs FBS
2026-09-26T16:31:43Z,fe0fb2e29062d93898ebdd583329194d,2026-09-26T23:00:00Z,Jacksonville State Gamecocks,Middle Tennessee Blue Raiders,mybookieag,MyBookie.ag,2026-09-26T16:31:15Z,2026-09-26T16:31:15Z,Middle Tennessee Blue Raiders,7.5,-110.0,2026,2026-09-26T16:31:43Z,1070,2.947292147240586,2.0782947510940297,3.3689973961465562,b4347a6d6451334b228bf748d98cbd30b34b222852b6631cc98ff41b5e407018,timestamped_live_quote,FBS vs FBS
2026-09-26T16:31:43Z,fe0fb2e29062d93898ebdd583329194d,2026-09-26T23:00:00Z,Jacksonville State Gamecocks,Middle Tennessee Blue Raiders,betrivers,BetRivers,2026-09-26T16:30:52Z,2026-09-26T16:30:52Z,Jacksonville State Gamecocks,-7.0,-113.0,2026,2026-09-26T16:31:43Z,1070,2.947292147240586,2.0782947510940297,3.3689973961465562,b4347a6d6451334b228bf748d98cbd30b34b222852b6631cc98ff41b5e407018,timestamped_live_quote,FBS vs FBS
2026-09-26T16:31:43Z,fe0fb2e29062d93898ebdd583329194d,2026-09-26T23:00:00Z,Jacksonville State Gamecocks,Middle Tennessee Blue Raiders,betrivers,BetRivers,2026-09-26T16:30:52Z,2026-09-26T16:30:52Z,Middle Tennessee Blue Raiders,7.0,-109.0,2026,2026-09-26T16:31:43Z,1070,2.947292147240586,2.0782947510940297,3.3689973961465562,b4347a6d6451334b228bf748d98cbd30b34b222852b6631cc98ff41b5e407018,timestamped_live_quote,FBS vs FBS
2026-09-26T16:31:43Z,fe0fb2e29062d93898ebdd583329194d,2026-09-26T23:00:00Z,Jacksonville State Gamecocks,Middle Tennessee Blue Raiders,draftkings,DraftKings,2026-09-26T16:30:56Z,2026-09-26T16:30:52Z,Jacksonville State Gamecocks,-7.5,-102.0,2026,2026-09-26T16:31:43Z,1070,2.947292147240586,2.0782947510940297,3.3689973961465562,b4347a6d6451334b228bf748d98cbd30b34b222852b6631cc98ff41b5e407018,timestamped_live_quote,FBS vs FBS
2026-09-26T16:31:43Z,fe0fb2e29062d93898ebdd583329194d,2026-09-26T23:00:00Z,Jacksonville State Gamecocks,Middle Tennessee Blue Raiders,draftkings,DraftKings,2026-09-26T16:30:56Z,2026-09-26T16:30:52Z,Middle Tennessee Blue Raiders,7.5,-118.0,2026,2026-09-26T16:31:43Z,1070,2.947292147240586,2.0782947510940297,3.3689973961465562,b4347a6d6451334b228bf748d98cbd30b34b222852b6631cc98ff41b5e407018,timestamped_live_quote,FBS vs FBS
2026-09-26T16:31:43Z,fe0fb2e29062d93898ebdd583329194d,2026-09-26T23:00:00Z,Jacksonville State Gamecocks,Middle Tennessee Blue Raiders,lowvig,LowVig.ag,2026-09-26T16:31:23Z,2026-09-26T16:31:22Z,Jacksonville State Gamecocks,-7.0,-112.0,2026,2026-09-26T16:31:43Z,1070,2.947292147240586,2.0782947510940297,3.3689973961465562,b4347a6d6451334b228bf748d98cbd30b34b222852b6631cc98ff41b5e407018,timestamped_live_quote,FBS vs FBS
2026-09-26T16:31:43Z,fe0fb2e29062d93898ebdd583329194d,2026-09-26T23:00:00Z,Jacksonville State Gamecocks,Middle Tennessee Blue Raiders,lowvig,LowVig.ag,2026-09-26T16:31:23Z,2026-09-26T16:31:22Z,Middle Tennessee Blue Raiders,7.0,100.0,2026,2026-09-26T16:31:43Z,1070,2.947292147240586,2.0782947510940297,3.3689973961465562,b4347a6d6451334b228bf748d98cbd30b34b222852b6631cc98ff41b5e407018,timestamped_live_quote,FBS vs FBS
2026-09-26T16:31:43Z,fe0fb2e29062d93898ebdd583329194d,2026-09-26T23:00:00Z,Jacksonville State Gamecocks,Middle Tennessee Blue Raiders,betonlineag,BetOnline.ag,2026-09-26T16:30:54Z,2026-09-26T16:30:50Z,Jacksonville State Gamecocks,-7.0,-116.0,2026,2026-09-26T16:31:43Z,1070,2.947292147240586,2.0782947510940297,3.3689973961465562,b4347a6d6451334b228bf748d98cbd30b34b222852b6631cc98ff41b5e407018,timestamped_live_quote,FBS vs FBS
2026-09-26T16:31:43Z,fe0fb2e29062d93898ebdd583329194d,2026-09-26T23:00:00Z,Jacksonville State Gamecocks,Middle Tennessee Blue Raiders,betonlineag,BetOnline.ag,2026-09-26T16:30:54Z,2026-09-26T16:30:50Z,Middle Tennessee Blue Raiders,7.0,-104.0,2026,2026-09-26T16:31:43Z,1070,2.947292147240586,2.0782947510940297,3.3689973961465562,b4347a6d6451334b228bf748d98cbd30b34b222852b6631cc98ff41b5e407018,timestamped_live_quote,FBS vs FBS
2026-09-26T16:31:43Z,fe0fb2e29062d93898ebdd583329194d,2026-09-26T23:00:00Z,Jacksonville State Gamecocks,Middle Tennessee Blue Raiders,betmgm,BetMGM,2026-09-26T16:31:08Z,2026-09-26T16:31:08Z,Jacksonville State Gamecocks,-7.5,-108.0,2026,2026-09-26T16:31:43Z,1070,2.947292147240586,2.0782947510940297,3.3689973961465562,b4347a6d6451334b228bf748d98cbd30b34b222852b6631cc98ff41b5e407018,timestamped_live_quote,FBS vs FBS
2026-09-26T16:31:43Z,fe0fb2e29062d93898ebdd583329194d,2026-09-26T23:00:00Z,Jacksonville State Gamecocks,Middle Tennessee Blue Raiders,betmgm,BetMGM,2026-09-26T16:31:08Z,2026-09-26T16:31:08Z,Middle Tennessee Blue Raiders,7.5,-120.0,2026,2026-09-26T16:31:43Z,1070,2.947292147240586,2.0782947510940297,3.3689973961465562,b4347a6d6451334b228bf748d98cbd30b34b222852b6631cc98ff41b5e407018,timestamped_live_quote,FBS vs FBS
2026-09-26T16:31:43Z,fe0fb2e29062d93898ebdd583329194d,2026-09-26T23:00:00Z,Jacksonville State Gamecocks,Middle Tennessee Blue Raiders,betus,BetUS,2026-09-26T16:31:42Z,2026-09-26T16:31:42Z,Jacksonville State Gamecocks,-7.0,-115.0,2026,2026-09-26T16:31:43Z,1070,2.947292147240586,2.0782947510940297,3.3689973961465562,b4347a6d6451334b228bf748d98cbd30b34b222852b6631cc98ff41b5e407018,timestamped_live_quote,FBS vs FBS
2026-09-26T16:31:43Z,fe0fb2e29062d93898ebdd583329194d,2026-09-26T23:00:00Z,Jacksonville State Gamecocks,Middle Tennessee Blue Raiders,betus,BetUS,2026-09-26T16:31:42Z,2026-09-26T16:31:42Z,Middle Tennessee Blue Raiders,7.0,-105.0,2026,2026-09-26T16:31:43Z,1070,2.947292147240586,2.0782947510940297,3.3689973961465562,b4347a6d6451334b228bf748d98cbd30b34b222852b6631cc98ff41b5e407018,timestamped_live_quote,FBS vs FBS
2026-09-26T16:31:43Z,fe0fb2e29062d93898ebdd583329194d,2026-09-26T23:00:00Z,Jacksonville State Gamecocks,Middle Tennessee Blue Raiders,bovada,Bovada,2026-09-26T16:30:53Z,2026-09-26T16:30:53Z,Jacksonville State Gamecocks,-7.5,-105.0,2026,2026-09-26T16:31:43Z,1070,2.947292147240586,2.0782947510940297,3.3689973961465562,b4347a6d6451334b228bf748d98cbd30b34b222852b6631cc98ff41b5e407018,timestamped_live_quote,FBS vs FBS
2026-09-26T16:31:43Z,fe0fb2e29062d93898ebdd583329194d,2026-09-26T23:00:00Z,Jacksonville State Gamecocks,Middle Tennessee Blue Raiders,bovada,Bovada,2026-09-26T16:30:53Z,2026-09-26T16:30:53Z,Middle Tennessee Blue Raiders,7.5,-115.0,2026,2026-09-26T16:31:43Z,1070,2.947292147240586,2.0782947510940297,3.3689973961465562,b4347a6d6451334b228bf748d98cbd30b34b222852b6631cc98ff41b5e407018,timestamped_live_quote,FBS vs FBS
2026-09-26T16:31:43Z,4d7e7ede70991b52414228a5fd0b303d,2026-09-26T23:00:00Z,Western Kentucky Hilltoppers,Mercyhurst Lakers,fanduel,FanDuel,2026-09-26T16:31:24Z,2026-09-26T16:31:24Z,Mercyhurst Lakers,40.5,-110.0,2026,2026-09-26T16:31:43Z,1070,,,,b4347a6d6451334b228bf748d98cbd30b34b222852b6631cc98ff41b5e407018,division_safety_suppressed,Unverified division / FCS: model suppressed
2026-09-26T16:31:43Z,4d7e7ede70991b52414228a5fd0b303d,2026-09-26T23:00:00Z,Western Kentucky Hilltoppers,Mercyhurst Lakers,fanduel,FanDuel,2026-09-26T16:31:24Z,2026-09-26T16:31:24Z,Western Kentucky Hilltoppers,-40.5,-110.0,2026,2026-09-26T16:31:43Z,1070,,,,b4347a6d6451334b228bf748d98cbd30b34b222852b6631cc98ff41b5e407018,division_safety_suppressed,Unverified division / FCS: model suppressed
2026-09-26T16:31:43Z,4d7e7ede70991b52414228a5fd0b303d,2026-09-26T23:00:00Z,Western Kentucky Hilltoppers,Mercyhurst Lakers,draftkings,DraftKings,2026-09-26T16:30:56Z,2026-09-26T16:30:53Z,Mercyhurst Lakers,40.5,-110.0,2026,2026-09-26T16:31:43Z,1070,,,,b4347a6d6451334b228bf748d98cbd30b34b222852b6631cc98ff41b5e407018,division_safety_suppressed,Unverified division / FCS: model suppressed
2026-09-26T16:31:43Z,4d7e7ede70991b52414228a5fd0b303d,2026-09-26T23:00:00Z,Western Kentucky Hilltoppers,Mercyhurst Lakers,draftkings,DraftKings,2026-09-26T16:30:56Z,2026-09-26T16:30:53Z,Western Kentucky Hilltoppers,-40.5,-110.0,2026,2026-09-26T16:31:43Z,1070,,,,b4347a6d6451334b228bf748d98cbd30b34b222852b6631cc98ff41b5e407018,division_safety_suppressed,Unverified division / FCS: model suppressed
2026-09-26T16:31:43Z,4d7e7ede70991b52414228a5fd0b303d,2026-09-26T23:00:00Z,Western Kentucky Hilltoppers,Mercyhurst Lakers,betrivers,BetRivers,2026-09-26T16:30:52Z,2026-09-26T16:30:52Z,Mercyhurst Lakers,42.0,-121.0,2026,2026-09-26T16:31:43Z,1070,,,,b4347a6d6451334b228bf748d98cbd30b34b222852b6631cc98ff41b5e407018,division_safety_suppressed,Unverified division / FCS: model suppressed
2026-09-26T16:31:43Z,4d7e7ede70991b52414228a5fd0b303d,2026-09-26T23:00:00Z,Western Kentucky Hilltoppers,Mercyhurst Lakers,betrivers,BetRivers,2026-09-26T16:30:52Z,2026-09-26T16:30:52Z,Western Kentucky Hilltoppers,-42.0,-120.0,2026,2026-09-26T16:31:43Z,1070,,,,b4347a6d6451334b228bf748d98cbd30b34b222852b6631cc98ff41b5e407018,division_safety_suppressed,Unverified division / FCS: model suppressed
2026-09-26T16:31:43Z,4d7e7ede70991b52414228a5fd0b303d,2026-09-26T23:00:00Z,Western Kentucky Hilltoppers,Mercyhurst Lakers,lowvig,LowVig.ag,2026-09-26T16:31:23Z,2026-09-26T16:31:22Z,Mercyhurst Lakers,40.0,-115.0,2026,2026-09-26T16:31:43Z,1070,,,,b4347a6d6451334b228bf748d98cbd30b34b222852b6631cc98ff41b5e407018,division_safety_suppressed,Unverified division / FCS: model suppressed
2026-09-26T16:31:43Z,4d7e7ede70991b52414228a5fd0b303d,2026-09-26T23:00:00Z,Western Kentucky Hilltoppers,Mercyhurst Lakers,lowvig,LowVig.ag,2026-09-26T16:31:23Z,2026-09-26T16:31:22Z,Western Kentucky Hilltoppers,-40.0,-105.0,2026,2026-09-26T16:31:43Z,1070,,,,b4347a6d6451334b228bf748d98cbd30b34b222852b6631cc98ff41b5e407018,division_safety_suppressed,Unverified division / FCS: model suppressed
2026-09-26T16:31:43Z,4d7e7ede70991b52414228a5fd0b303d,2026-09-26T23:00:00Z,Western Kentucky Hilltoppers,Mercyhurst Lakers,betonlineag,BetOnline.ag,2026-09-26T16:30:54Z,2026-09-26T16:30:52Z,Mercyhurst Lakers,40.0,-115.0,2026,2026-09-26T16:31:43Z,1070,,,,b4347a6d6451334b228bf748d98cbd30b34b222852b6631cc98ff41b5e407018,division_safety_suppressed,Unverified division / FCS: model suppressed
2026-09-26T16:31:43Z,4d7e7ede70991b52414228a5fd0b303d,2026-09-26T23:00:00Z,Western Kentucky Hilltoppers,Mercyhurst Lakers,betonlineag,BetOnline.ag,2026-09-26T16:30:54Z,2026-09-26T16:30:52Z,Western Kentucky Hilltoppers,-40.0,-105.0,2026,2026-09-26T16:31:43Z,1070,,,,b4347a6d6451334b228bf748d98cbd30b34b222852b6631cc98ff41b5e407018,division_safety_suppressed,Unverified division / FCS: model suppressed
2026-09-26T16:31:43Z,4d7e7ede70991b52414228a5fd0b303d,2026-09-26T23:00:00Z,Western Kentucky Hilltoppers,Mercyhurst Lakers,bovada,Bovada,2026-09-26T16:30:53Z,2026-09-26T16:30:53Z,Mercyhurst Lakers,40.5,100.0,2026,2026-09-26T16:31:43Z,1070,,,,b4347a6d6451334b228bf748d98cbd30b34b222852b6631cc98ff41b5e407018,division_safety_suppressed,Unverified division / FCS: model suppressed
2026-09-26T16:31:43Z,4d7e7ede70991b52414228a5fd0b303d,2026-09-26T23:00:00Z,Western Kentucky Hilltoppers,Mercyhurst Lakers,bovada,Bovada,2026-09-26T16:30:53Z,2026-09-26T16:30:53Z,Western Kentucky Hilltoppers,-40.5,-120.0,2026,2026-09-26T16:31:43Z,1070,,,,b4347a6d6451334b228bf748d98cbd30b34b222852b6631cc98ff41b5e407018,division_safety_suppressed,Unverified division / FCS: model suppressed
2026-09-26T16:31:43Z,4d7e7ede70991b52414228a5fd0b303d,2026-09-26T23:00:00Z,Western Kentucky Hilltoppers,Mercyhurst Lakers,betmgm,BetMGM,2026-09-26T16:31:08Z,2026-09-26T16:31:08Z,Mercyhurst Lakers,40.5,-110.0,2026,2026-09-26T16:31:43Z,1070,,,,b4347a6d6451334b228bf748d98cbd30b34b222852b6631cc98ff41b5e407018,division_safety_suppressed,Unverified division / FCS: model suppressed
2026-09-26T16:31:43Z,4d7e7ede70991b52414228a5fd0b303d,2026-09-26T23:00:00Z,Western Kentucky Hilltoppers,Mercyhurst Lakers,betmgm,BetMGM,2026-09-26T16:31:08Z,2026-09-26T16:31:08Z,Western Kentucky Hilltoppers,-40.5,-108.0,2026,2026-09-26T16:31:43Z,1070,,,,b4347a6d6451334b228bf748d98cbd30b34b222852b6631cc98ff41b5e407018,division_safety_suppressed,Unverified division / FCS: model suppressed
2026-09-26T16:31:43Z,6c95114d806556a04a0d719e62c042d7,2026-09-26T23:00:00Z,West Virginia Mountaineers,Oklahoma State Cowboys,draftkings,DraftKings,2026-09-26T16:30:55Z,2026-09-26T16:30:52Z,Oklahoma State Cowboys,1.5,-108.0,2026,2026-09-26T16:31:43Z,1070,10.071739601725094,8.70190650399083,3.869833097734263,b4347a6d6451334b228bf748d98cbd30b34b222852b6631cc98ff41b5e407018,timestamped_live_quote,FBS vs FBS
2026-09-26T16:31:43Z,6c95114d806556a04a0d719e62c042d7,2026-09-26T23:00:00Z,West Virginia Mountaineers,Oklahoma State Cowboys,draftkings,DraftKings,2026-09-26T16:30:55Z,2026-09-26T16:30:52Z,West Virginia Mountaineers,-1.5,-112.0,2026,2026-09-26T16:31:43Z,1070,10.071739601725094,8.70190650399083,3.869833097734263,b4347a6d6451334b228bf748d98cbd30b34b222852b6631cc98ff41b5e407018,timestamped_live_quote,FBS vs FBS
2026-09-26T16:31:43Z,6c95114d806556a04a0d719e62c042d7,2026-09-26T23:00:00Z,West Virginia Mountaineers,Oklahoma State Cowboys,mybookieag,MyBookie.ag,2026-09-26T16:31:15Z,2026-09-26T16:31:15Z,Oklahoma State Cowboys,2.0,-110.0,2026,2026-09-26T16:31:43Z,1070,10.071739601725094,8.70190650399083,3.869833097734263,b4347a6d6451334b228bf748d98cbd30b34b222852b6631cc98ff41b5e407018,timestamped_live_quote,FBS vs FBS
2026-09-26T16:31:43Z,6c95114d806556a04a0d719e62c042d7,2026-09-26T23:00:00Z,West Virginia Mountaineers,Oklahoma State Cowboys,mybookieag,MyBookie.ag,2026-09-26T16:31:15Z,2026-09-26T16:31:15Z,West Virginia Mountaineers,-2.0,-110.0,2026,2026-09-26T16:31:43Z,1070,10.071739601725094,8.70190650399083,3.869833097734263,b4347a6d6451334b228bf748d98cbd30b34b222852b6631cc98ff41b5e407018,timestamped_live_quote,FBS vs FBS
2026-09-26T16:31:43Z,6c95114d806556a04a0d719e62c042d7,2026-09-26T23:00:00Z,West Virginia Mountaineers,Oklahoma State Cowboys,fanduel,FanDuel,2026-09-26T16:31:24Z,2026-09-26T16:31:24Z,Oklahoma State Cowboys,1.5,-105.0,2026,2026-09-26T16:31:43Z,1070,10.071739601725094,8.70190650399083,3.869833097734263,b4347a6d6451334b228bf748d98cbd30b34b222852b6631cc98ff41b5e407018,timestamped_live_quote,FBS vs FBS
2026-09-26T16:31:43Z,6c95114d806556a04a0d719e62c042d7,2026-09-26T23:00:00Z,West Virginia Mountaineers,Oklahoma State Cowboys,fanduel,FanDuel,2026-09-26T16:31:24Z,2026-09-26T16:31:24Z,West Virginia Mountaineers,-1.5,-115.0,2026,2026-09-26T16:31:43Z,1070,10.071739601725094,8.70190650399083,3.869833097734263,b4347a6d6451334b228bf748d98cbd30b34b222852b6631cc98ff41b5e407018,timestamped_live_quote,FBS vs FBS
2026-09-26T16:31:43Z,6c95114d806556a04a0d719e62c042d7,2026-09-26T23:00:00Z,West Virginia Mountaineers,Oklahoma State Cowboys,betrivers,BetRivers,2026-09-26T16:30:52Z,2026-09-26T16:30:52Z,Oklahoma State Cowboys,2.0,-113.0,2026,2026-09-26T16:31:43Z,1070,10.071739601725094,8.70190650399083,3.869833097734263,b4347a6d6451334b228bf748d98cbd30b34b222852b6631cc98ff41b5e407018,timestamped_live_quote,FBS vs FBS
2026-09-26T16:31:43Z,6c95114d806556a04a0d719e62c042d7,2026-09-26T23:00:00Z,West Virginia Mountaineers,Oklahoma State Cowboys,betrivers,BetRivers,2026-09-26T16:30:52Z,2026-09-26T16:30:52Z,West Virginia Mountaineers,-2.0,-110.0,2026,2026-09-26T16:31:43Z,1070,10.071739601725094,8.70190650399083,3.869833097734263,b4347a6d6451334b228bf748d98cbd30b34b222852b6631cc98ff41b5e407018,timestamped_live_quote,FBS vs FBS
2026-09-26T16:31:43Z,6c95114d806556a04a0d719e62c042d7,2026-09-26T23:00:00Z,West Virginia Mountaineers,Oklahoma State Cowboys,lowvig,LowVig.ag,2026-09-26T16:31:23Z,2026-09-26T16:31:22Z,Oklahoma State Cowboys,2.0,-106.0,2026,2026-09-26T16:31:43Z,1070,10.071739601725094,8.70190650399083,3.869833097734263,b4347a6d6451334b228bf748d98cbd30b34b222852b6631cc98ff41b5e407018,timestamped_live_quote,FBS vs FBS
2026-09-26T16:31:43Z,6c95114d806556a04a0d719e62c042d7,2026-09-26T23:00:00Z,West Virginia Mountaineers,Oklahoma State Cowboys,lowvig,LowVig.ag,2026-09-26T16:31:23Z,2026-09-26T16:31:22Z,West Virginia Mountaineers,-2.0,-106.0,2026,2026-09-26T16:31:43Z,1070,10.071739601725094,8.70190650399083,3.869833097734263,b4347a6d6451334b228bf748d98cbd30b34b222852b6631cc98ff41b5e407018,timestamped_live_quote,FBS vs FBS
2026-09-26T16:31:43Z,6c95114d806556a04a0d719e62c042d7,2026-09-26T23:00:00Z,West Virginia Mountaineers,Oklahoma State Cowboys,betonlineag,BetOnline.ag,2026-09-26T16:30:54Z,2026-09-26T16:30:50Z,Oklahoma State Cowboys,2.0,-110.0,2026,2026-09-26T16:31:43Z,1070,10.071739601725094,8.70190650399083,3.869833097734263,b4347a6d6451334b228bf748d98cbd30b34b222852b6631cc98ff41b5e407018,timestamped_live_quote,FBS vs FBS
2026-09-26T16:31:43Z,6c95114d806556a04a0d719e62c042d7,2026-09-26T23:00:00Z,West Virginia Mountaineers,Oklahoma State Cowboys,betonlineag,BetOnline.ag,2026-09-26T16:30:54Z,2026-09-26T16:30:50Z,West Virginia Mountaineers,-2.0,-110.0,2026,2026-09-26T16:31:43Z,1070,10.071739601725094,8.70190650399083,3.869833097734263,b4347a6d6451334b228bf748d98cbd30b34b222852b6631cc98ff41b5e407018,timestamped_live_quote,FBS vs FBS
2026-09-26T16:31:43Z,6c95114d806556a04a0d719e62c042d7,2026-09-26T23:00:00Z,West Virginia Mountaineers,Oklahoma State Cowboys,betus,BetUS,2026-09-26T16:31:42Z,2026-09-26T16:31:42Z,Oklahoma State Cowboys,2.0,-110.0,2026,2026-09-26T16:31:43Z,1070,10.071739601725094,8.70190650399083,3.869833097734263,b4347a6d6451334b228bf748d98cbd30b34b222852b6631cc98ff41b5e407018,timestamped_live_quote,FBS vs FBS
2026-09-26T16:31:43Z,6c95114d806556a04a0d719e62c042d7,2026-09-26T23:00:00Z,West Virginia Mountaineers,Oklahoma State Cowboys,betus,BetUS,2026-09-26T16:31:42Z,2026-09-26T16:31:42Z,West Virginia Mountaineers,-2.0,-110.0,2026,2026-09-26T16:31:43Z,1070,10.071739601725094,8.70190650399083,3.869833097734263,b4347a6d6451334b228bf748d98cbd30b34b222852b6631cc98ff41b5e407018,timestamped_live_quote,FBS vs FBS
2026-09-26T16:31:43Z,6c95114d806556a04a0d719e62c042d7,2026-09-26T23:00:00Z,West Virginia Mountaineers,Oklahoma State Cowboys,betmgm,BetMGM,2026-09-26T16:31:08Z,2026-09-26T16:31:08Z,Oklahoma State Cowboys,2.0,-108.0,2026,2026-09-26T16:31:43Z,1070,10.071739601725094,8.70190650399083,3.869833097734263,b4347a6d6451334b228bf748d98cbd30b34b222852b6631cc98ff41b5e407018,timestamped_live_quote,FBS vs FBS
2026-09-26T16:31:43Z,6c95114d806556a04a0d719e62c042d7,2026-09-26T23:00:00Z,West Virginia Mountaineers,Oklahoma State Cowboys,betmgm,BetMGM,2026-09-26T16:31:08Z,2026-09-26T16:31:08Z,West Virginia Mountaineers,-2.0,-110.0,2026,2026-09-26T16:31:43Z,1070,10.071739601725094,8.70190650399083,3.869833097734263,b4347a6d6451334b228bf748d98cbd30b34b222852b6631cc98ff41b5e407018,timestamped_live_quote,FBS vs FBS
2026-09-26T16:31:43Z,6c95114d806556a04a0d719e62c042d7,2026-09-26T23:00:00Z,West Virginia Mountaineers,Oklahoma State Cowboys,bovada,Bovada,2026-09-26T16:30:53Z,2026-09-26T16:30:53Z,Oklahoma State Cowboys,2.0,-110.0,2026,2026-09-26T16:31:43Z,1070,10.071739601725094,8.70190650399083,3.869833097734263,b4347a6d6451334b228bf748d98cbd30b34b222852b6631cc98ff41b5e407018,timestamped_live_quote,FBS vs FBS
2026-09-26T16:31:43Z,6c95114d806556a04a0d719e62c042d7,2026-09-26T23:00:00Z,West Virginia Mountaineers,Oklahoma State Cowboys,bovada,Bovada,2026-09-26T16:30:53Z,2026-09-26T16:30:53Z,West Virginia Mountaineers,-2.0,-110.0,2026,2026-09-26T16:31:43Z,1070,10.071739601725094,8.70190650399083,3.869833097734263,b4347a6d6451334b228bf748d98cbd30b34b222852b6631cc98ff41b5e407018,timestamped_live_quote,FBS vs FBS
2026-09-26T16:31:43Z,3281b4e05dfe8a0a41afe9868a9094fa,2026-09-26T23:00:00Z,Tulane Green Wave,Southern Mississippi Golden Eagles,fanduel,FanDuel,2026-09-26T16:31:24Z,2026-09-26T16:31:24Z,Southern Mississippi Golden Eagles,18.5,-112.0,2026,2026-09-26T16:31:43Z,1070,,,,b4347a6d6451334b228bf748d98cbd30b34b222852b6631cc98ff41b5e407018,division_safety_suppressed,Unverified division / FCS: model suppressed
2026-09-26T16:31:43Z,3281b4e05dfe8a0a41afe9868a9094fa,2026-09-26T23:00:00Z,Tulane Green Wave,Southern Mississippi Golden Eagles,fanduel,FanDuel,2026-09-26T16:31:24Z,2026-09-26T16:31:24Z,Tulane Green Wave,-18.5,-108.0,2026,2026-09-26T16:31:43Z,1070,,,,b4347a6d6451334b228bf748d98cbd30b34b222852b6631cc98ff41b5e407018,division_safety_suppressed,Unverified division / FCS: model suppressed
2026-09-26T16:31:43Z,3281b4e05dfe8a0a41afe9868a9094fa,2026-09-26T23:00:00Z,Tulane Green Wave,Southern Mississippi Golden Eagles,mybookieag,MyBookie.ag,2026-09-26T16:31:15Z,2026-09-26T16:31:15Z,Southern Mississippi Golden Eagles,18.0,-110.0,2026,2026-09-26T16:31:43Z,1070,,,,b4347a6d6451334b228bf748d98cbd30b34b222852b6631cc98ff41b5e407018,division_safety_suppressed,Unverified division / FCS: model suppressed
2026-09-26T16:31:43Z,3281b4e05dfe8a0a41afe9868a9094fa,2026-09-26T23:00:00Z,Tulane Green Wave,Southern Mississippi Golden Eagles,mybookieag,MyBookie.ag,2026-09-26T16:31:15Z,2026-09-26T16:31:15Z,Tulane Green Wave,-18.0,-110.0,2026,2026-09-26T16:31:43Z,1070,,,,b4347a6d6451334b228bf748d98cbd30b34b222852b6631cc98ff41b5e407018,division_safety_suppressed,Unverified division / FCS: model suppressed
2026-09-26T16:31:43Z,3281b4e05dfe8a0a41afe9868a9094fa,2026-09-26T23:00:00Z,Tulane Green Wave,Southern Mississippi Golden Eagles,betrivers,BetRivers,2026-09-26T16:30:52Z,2026-09-26T16:30:52Z,Southern Mississippi Golden Eagles,18.0,-112.0,2026,2026-09-26T16:31:43Z,1070,,,,b4347a6d6451334b228bf748d98cbd30b34b222852b6631cc98ff41b5e407018,division_safety_suppressed,Unverified division / FCS: model suppressed
2026-09-26T16:31:43Z,3281b4e05dfe8a0a41afe9868a9094fa,2026-09-26T23:00:00Z,Tulane Green Wave,Southern Mississippi Golden Eagles,betrivers,BetRivers,2026-09-26T16:30:52Z,2026-09-26T16:30:52Z,Tulane Green Wave,-18.0,-110.0,2026,2026-09-26T16:31:43Z,1070,,,,b4347a6d6451334b228bf748d98cbd30b34b222852b6631cc98ff41b5e407018,division_safety_suppressed,Unverified division / FCS: model suppressed
2026-09-26T16:31:43Z,3281b4e05dfe8a0a41afe9868a9094fa,2026-09-26T23:00:00Z,Tulane Green Wave,Southern Mississippi Golden Eagles,draftkings,DraftKings,2026-09-26T16:30:55Z,2026-09-26T16:30:52Z,Southern Mississippi Golden Eagles,17.5,-105.0,2026,2026-09-26T16:31:43Z,1070,,,,b4347a6d6451334b228bf748d98cbd30b34b222852b6631cc98ff41b5e407018,division_safety_suppressed,Unverified division / FCS: model suppressed
2026-09-26T16:31:43Z,3281b4e05dfe8a0a41afe9868a9094fa,2026-09-26T23:00:00Z,Tulane Green Wave,Southern Mississippi Golden Eagles,draftkings,DraftKings,2026-09-26T16:30:55Z,2026-09-26T16:30:52Z,Tulane Green Wave,-17.5,-115.0,2026,2026-09-26T16:31:43Z,1070,,,,b4347a6d6451334b228bf748d98cbd30b34b222852b6631cc98ff41b5e407018,division_safety_suppressed,Unverified division / FCS: model suppressed
2026-09-26T16:31:43Z,3281b4e05dfe8a0a41afe9868a9094fa,2026-09-26T23:00:00Z,Tulane Green Wave,Southern Mississippi Golden Eagles,lowvig,LowVig.ag,2026-09-26T16:31:23Z,2026-09-26T16:31:22Z,Southern Mississippi Golden Eagles,18.0,-106.0,2026,2026-09-26T16:31:43Z,1070,,,,b4347a6d6451334b228bf748d98cbd30b34b222852b6631cc98ff41b5e407018,division_safety_suppressed,Unverified division / FCS: model suppressed
2026-09-26T16:31:43Z,3281b4e05dfe8a0a41afe9868a9094fa,2026-09-26T23:00:00Z,Tulane Green Wave,Southern Mississippi Golden Eagles,lowvig,LowVig.ag,2026-09-26T16:31:23Z,2026-09-26T16:31:22Z,Tulane Green Wave,-18.0,-106.0,2026,2026-09-26T16:31:43Z,1070,,,,b4347a6d6451334b228bf748d98cbd30b34b222852b6631cc98ff41b5e407018,division_safety_suppressed,Unverified division / FCS: model suppressed
2026-09-26T16:31:43Z,3281b4e05dfe8a0a41afe9868a9094fa,2026-09-26T23:00:00Z,Tulane Green Wave,Southern Mississippi Golden Eagles,betonlineag,BetOnline.ag,2026-09-26T16:30:54Z,2026-09-26T16:30:50Z,Southern Mississippi Golden Eagles,18.0,-110.0,2026,2026-09-26T16:31:43Z,1070,,,,b4347a6d6451334b228bf748d98cbd30b34b222852b6631cc98ff41b5e407018,division_safety_suppressed,Unverified division / FCS: model suppressed
2026-09-26T16:31:43Z,3281b4e05dfe8a0a41afe9868a9094fa,2026-09-26T23:00:00Z,Tulane Green Wave,Southern Mississippi Golden Eagles,betonlineag,BetOnline.ag,2026-09-26T16:30:54Z,2026-09-26T16:30:50Z,Tulane Green Wave,-18.0,-110.0,2026,2026-09-26T16:31:43Z,1070,,,,b4347a6d6451334b228bf748d98cbd30b34b222852b6631cc98ff41b5e407018,division_safety_suppressed,Unverified division / FCS: model suppressed
2026-09-26T16:31:43Z,3281b4e05dfe8a0a41afe9868a9094fa,2026-09-26T23:00:00Z,Tulane Green Wave,Southern Mississippi Golden Eagles,betus,BetUS,2026-09-26T16:31:42Z,2026-09-26T16:31:42Z,Southern Mississippi Golden Eagles,18.0,-110.0,2026,2026-09-26T16:31:43Z,1070,,,,b4347a6d6451334b228bf748d98cbd30b34b222852b6631cc98ff41b5e407018,division_safety_suppressed,Unverified division / FCS: model suppressed
2026-09-26T16:31:43Z,3281b4e05dfe8a0a41afe9868a9094fa,2026-09-26T23:00:00Z,Tulane Green Wave,Southern Mississippi Golden Eagles,betus,BetUS,2026-09-26T16:31:42Z,2026-09-26T16:31:42Z,Tulane Green Wave,-18.0,-110.0,2026,2026-09-26T16:31:43Z,1070,,,,b4347a6d6451334b228bf748d98cbd30b34b222852b6631cc98ff41b5e407018,division_safety_suppressed,Unverified division / FCS: model suppressed
2026-09-26T16:31:43Z,3281b4e05dfe8a0a41afe9868a9094fa,2026-09-26T23:00:00Z,Tulane Green Wave,Southern Mississippi Golden Eagles,betmgm,BetMGM,2026-09-26T16:31:08Z,2026-09-26T16:31:08Z,Southern Mississippi Golden Eagles,18.0,-110.0,2026,2026-09-26T16:31:43Z,1070,,,,b4347a6d6451334b228bf748d98cbd30b34b222852b6631cc98ff41b5e407018,division_safety_suppressed,Unverified division / FCS: model suppressed
2026-09-26T16:31:43Z,3281b4e05dfe8a0a41afe9868a9094fa,2026-09-26T23:00:00Z,Tulane Green Wave,Southern Mississippi Golden Eagles,betmgm,BetMGM,2026-09-26T16:31:08Z,2026-09-26T16:31:08Z,Tulane Green Wave,-18.0,-108.0,2026,2026-09-26T16:31:43Z,1070,,,,b4347a6d6451334b228bf748d98cbd30b34b222852b6631cc98ff41b5e407018,division_safety_suppressed,Unverified division / FCS: model suppressed
2026-09-26T16:31:43Z,3281b4e05dfe8a0a41afe9868a9094fa,2026-09-26T23:00:00Z,Tulane Green Wave,Southern Mississippi Golden Eagles,bovada,Bovada,2026-09-26T16:30:53Z,2026-09-26T16:30:53Z,Southern Mississippi Golden Eagles,17.5,-110.0,2026,2026-09-26T16:31:43Z,1070,,,,b4347a6d6451334b228bf748d98cbd30b34b222852b6631cc98ff41b5e407018,division_safety_suppressed,Unverified division / FCS: model suppressed
2026-09-26T16:31:43Z,3281b4e05dfe8a0a41afe9868a9094fa,2026-09-26T23:00:00Z,Tulane Green Wave,Southern Mississippi Golden Eagles,bovada,Bovada,2026-09-26T16:30:53Z,2026-09-26T16:30:53Z,Tulane Green Wave,-17.5,-110.0,2026,2026-09-26T16:31:43Z,1070,,,,b4347a6d6451334b228bf748d98cbd30b34b222852b6631cc98ff41b5e407018,division_safety_suppressed,Unverified division / FCS: model suppressed
2026-09-26T16:31:43Z,d4cee1a13bc1d87828ec7809d56b9496,2026-09-26T23:30:00Z,NC State Wolfpack,Appalachian State Mountaineers,fanduel,FanDuel,2026-09-26T16:31:24Z,2026-09-26T16:31:24Z,Appalachian State Mountaineers,13.5,-112.0,2026,2026-09-26T16:31:43Z,1070,8.07808862721012,5.976251334467698,4.601837292742421,b4347a6d6451334b228bf748d98cbd30b34b222852b6631cc98ff41b5e407018,timestamped_live_quote,FBS vs FBS
2026-09-26T16:31:43Z,d4cee1a13bc1d87828ec7809d56b9496,2026-09-26T23:30:00Z,NC State Wolfpack,Appalachian State Mountaineers,fanduel,FanDuel,2026-09-26T16:31:24Z,2026-09-26T16:31:24Z,NC State Wolfpack,-13.5,-108.0,2026,2026-09-26T16:31:43Z,1070,8.07808862721012,5.976251334467698,4.601837292742421,b4347a6d6451334b228bf748d98cbd30b34b222852b6631cc98ff41b5e407018,timestamped_live_quote,FBS vs FBS
2026-09-26T16:31:43Z,d4cee1a13bc1d87828ec7809d56b9496,2026-09-26T23:30:00Z,NC State Wolfpack,Appalachian State Mountaineers,mybookieag,MyBookie.ag,2026-09-26T16:31:15Z,2026-09-26T16:31:15Z,Appalachian State Mountaineers,14.0,-110.0,2026,2026-09-26T16:31:43Z,1070,8.07808862721012,5.976251334467698,4.601837292742421,b4347a6d6451334b228bf748d98cbd30b34b222852b6631cc98ff41b5e407018,timestamped_live_quote,FBS vs FBS
2026-09-26T16:31:43Z,d4cee1a13bc1d87828ec7809d56b9496,2026-09-26T23:30:00Z,NC State Wolfpack,Appalachian State Mountaineers,mybookieag,MyBookie.ag,2026-09-26T16:31:15Z,2026-09-26T16:31:15Z,NC State Wolfpack,-14.0,-110.0,2026,2026-09-26T16:31:43Z,1070,8.07808862721012,5.976251334467698,4.601837292742421,b4347a6d6451334b228bf748d98cbd30b34b222852b6631cc98ff41b5e407018,timestamped_live_quote,FBS vs FBS
2026-09-26T16:31:43Z,d4cee1a13bc1d87828ec7809d56b9496,2026-09-26T23:30:00Z,NC State Wolfpack,Appalachian State Mountaineers,betrivers,BetRivers,2026-09-26T16:30:52Z,2026-09-26T16:30:52Z,Appalachian State Mountaineers,14.0,-113.0,2026,2026-09-26T16:31:43Z,1070,8.07808862721012,5.976251334467698,4.601837292742421,b4347a6d6451334b228bf748d98cbd30b34b222852b6631cc98ff41b5e407018,timestamped_live_quote,FBS vs FBS
2026-09-26T16:31:43Z,d4cee1a13bc1d87828ec7809d56b9496,2026-09-26T23:30:00Z,NC State Wolfpack,Appalachian State Mountaineers,betrivers,BetRivers,2026-09-26T16:30:52Z,2026-09-26T16:30:52Z,NC State Wolfpack,-14.0,-110.0,2026,2026-09-26T16:31:43Z,1070,8.07808862721012,5.976251334467698,4.601837292742421,b4347a6d6451334b228bf748d98cbd30b34b222852b6631cc98ff41b5e407018,timestamped_live_quote,FBS vs FBS
2026-09-26T16:31:43Z,d4cee1a13bc1d87828ec7809d56b9496,2026-09-26T23:30:00Z,NC State Wolfpack,Appalachian State Mountaineers,draftkings,DraftKings,2026-09-26T16:30:56Z,2026-09-26T16:30:53Z,Appalachian State Mountaineers,13.5,-108.0,2026,2026-09-26T16:31:43Z,1070,8.07808862721012,5.976251334467698,4.601837292742421,b4347a6d6451334b228bf748d98cbd30b34b222852b6631cc98ff41b5e407018,timestamped_live_quote,FBS vs FBS
2026-09-26T16:31:43Z,d4cee1a13bc1d87828ec7809d56b9496,2026-09-26T23:30:00Z,NC State Wolfpack,Appalachian State Mountaineers,draftkings,DraftKings,2026-09-26T16:30:56Z,2026-09-26T16:30:53Z,NC State Wolfpack,-13.5,-112.0,2026,2026-09-26T16:31:43Z,1070,8.07808862721012,5.976251334467698,4.601837292742421,b4347a6d6451334b228bf748d98cbd30b34b222852b6631cc98ff41b5e407018,timestamped_live_quote,FBS vs FBS
2026-09-26T16:31:43Z,d4cee1a13bc1d87828ec7809d56b9496,2026-09-26T23:30:00Z,NC State Wolfpack,Appalachian State Mountaineers,betonlineag,BetOnline.ag,2026-09-26T16:30:54Z,2026-09-26T16:30:50Z,Appalachian State Mountaineers,13.0,-108.0,2026,2026-09-26T16:31:43Z,1070,8.07808862721012,5.976251334467698,4.601837292742421,b4347a6d6451334b228bf748d98cbd30b34b222852b6631cc98ff41b5e407018,timestamped_live_quote,FBS vs FBS
2026-09-26T16:31:43Z,d4cee1a13bc1d87828ec7809d56b9496,2026-09-26T23:30:00Z,NC State Wolfpack,Appalachian State Mountaineers,betonlineag,BetOnline.ag,2026-09-26T16:30:54Z,2026-09-26T16:30:50Z,NC State Wolfpack,-13.0,-112.0,2026,2026-09-26T16:31:43Z,1070,8.07808862721012,5.976251334467698,4.601837292742421,b4347a6d6451334b228bf748d98cbd30b34b222852b6631cc98ff41b5e407018,timestamped_live_quote,FBS vs FBS
2026-09-26T16:31:43Z,d4cee1a13bc1d87828ec7809d56b9496,2026-09-26T23:30:00Z,NC State Wolfpack,Appalachian State Mountaineers,lowvig,LowVig.ag,2026-09-26T16:31:23Z,2026-09-26T16:31:22Z,Appalachian State Mountaineers,13.0,100.0,2026,2026-09-26T16:31:43Z,1070,8.07808862721012,5.976251334467698,4.601837292742421,b4347a6d6451334b228bf748d98cbd30b34b222852b6631cc98ff41b5e407018,timestamped_live_quote,FBS vs FBS
2026-09-26T16:31:43Z,d4cee1a13bc1d87828ec7809d56b9496,2026-09-26T23:30:00Z,NC State Wolfpack,Appalachian State Mountaineers,lowvig,LowVig.ag,2026-09-26T16:31:23Z,2026-09-26T16:31:22Z,NC State Wolfpack,-13.0,-112.0,2026,2026-09-26T16:31:43Z,1070,8.07808862721012,5.976251334467698,4.601837292742421,b4347a6d6451334b228bf748d98cbd30b34b222852b6631cc98ff41b5e407018,timestamped_live_quote,FBS vs FBS
2026-09-26T16:31:43Z,d4cee1a13bc1d87828ec7809d56b9496,2026-09-26T23:30:00Z,NC State Wolfpack,Appalachian State Mountaineers,betmgm,BetMGM,2026-09-26T16:31:08Z,2026-09-26T16:31:08Z,Appalachian State Mountaineers,13.5,-110.0,2026,2026-09-26T16:31:43Z,1070,8.07808862721012,5.976251334467698,4.601837292742421,b4347a6d6451334b228bf748d98cbd30b34b222852b6631cc98ff41b5e407018,timestamped_live_quote,FBS vs FBS
2026-09-26T16:31:43Z,d4cee1a13bc1d87828ec7809d56b9496,2026-09-26T23:30:00Z,NC State Wolfpack,Appalachian State Mountaineers,betmgm,BetMGM,2026-09-26T16:31:08Z,2026-09-26T16:31:08Z,NC State Wolfpack,-13.5,-108.0,2026,2026-09-26T16:31:43Z,1070,8.07808862721012,5.976251334467698,4.601837292742421,b4347a6d6451334b228bf748d98cbd30b34b222852b6631cc98ff41b5e407018,timestamped_live_quote,FBS vs FBS
2026-09-26T16:31:43Z,d4cee1a13bc1d87828ec7809d56b9496,2026-09-26T23:30:00Z,NC State Wolfpack,Appalachian State Mountaineers,betus,BetUS,2026-09-26T16:31:42Z,2026-09-26T16:31:42Z,Appalachian State Mountaineers,13.5,-110.0,2026,2026-09-26T16:31:43Z,1070,8.07808862721012,5.976251334467698,4.601837292742421,b4347a6d6451334b228bf748d98cbd30b34b222852b6631cc98ff41b5e407018,timestamped_live_quote,FBS vs FBS
2026-09-26T16:31:43Z,d4cee1a13bc1d87828ec7809d56b9496,2026-09-26T23:30:00Z,NC State Wolfpack,Appalachian State Mountaineers,betus,BetUS,2026-09-26T16:31:42Z,2026-09-26T16:31:42Z,NC State Wolfpack,-13.5,-110.0,2026,2026-09-26T16:31:43Z,1070,8.07808862721012,5.976251334467698,4.601837292742421,b4347a6d6451334b228bf748d98cbd30b34b222852b6631cc98ff41b5e407018,timestamped_live_quote,FBS vs FBS
2026-09-26T16:31:43Z,d4cee1a13bc1d87828ec7809d56b9496,2026-09-26T23:30:00Z,NC State Wolfpack,Appalachian State Mountaineers,bovada,Bovada,2026-09-26T16:30:53Z,2026-09-26T16:30:53Z,Appalachian State Mountaineers,13.5,-110.0,2026,2026-09-26T16:31:43Z,1070,8.07808862721012,5.976251334467698,4.601837292742421,b4347a6d6451334b228bf748d98cbd30b34b222852b6631cc98ff41b5e407018,timestamped_live_quote,FBS vs FBS
2026-09-26T16:31:43Z,d4cee1a13bc1d87828ec7809d56b9496,2026-09-26T23:30:00Z,NC State Wolfpack,Appalachian State Mountaineers,bovada,Bovada,2026-09-26T16:30:53Z,2026-09-26T16:30:53Z,NC State Wolfpack,-13.5,-110.0,2026,2026-09-26T16:31:43Z,1070,8.07808862721012,5.976251334467698,4.601837292742421,b4347a6d6451334b228bf748d98cbd30b34b222852b6631cc98ff41b5e407018,timestamped_live_quote,FBS vs FBS
2026-09-26T16:31:43Z,b8ee197b0b6ebb070f0f4b4a94a31bae,2026-09-26T23:30:00Z,Washington State Cougars,Arizona Wildcats,fanduel,FanDuel,2026-09-26T16:31:24Z,2026-09-26T16:31:24Z,Arizona Wildcats,-10.5,-110.0,2026,2026-09-26T16:31:43Z,1070,0.5044212476433665,6.554299331549903,-3.5498780839065365,b4347a6d6451334b228bf748d98cbd30b34b222852b6631cc98ff41b5e407018,timestamped_live_quote,FBS vs FBS
2026-09-26T16:31:43Z,b8ee197b0b6ebb070f0f4b4a94a31bae,2026-09-26T23:30:00Z,Washington State Cougars,Arizona Wildcats,fanduel,FanDuel,2026-09-26T16:31:24Z,2026-09-26T16:31:24Z,Washington State Cougars,10.5,-110.0,2026,2026-09-26T16:31:43Z,1070,0.5044212476433665,6.554299331549903,-3.5498780839065365,b4347a6d6451334b228bf748d98cbd30b34b222852b6631cc98ff41b5e407018,timestamped_live_quote,FBS vs FBS
2026-09-26T16:31:43Z,b8ee197b0b6ebb070f0f4b4a94a31bae,2026-09-26T23:30:00Z,Washington State Cougars,Arizona Wildcats,mybookieag,MyBookie.ag,2026-09-26T16:31:15Z,2026-09-26T16:31:15Z,Arizona Wildcats,-11.0,-110.0,2026,2026-09-26T16:31:43Z,1070,0.5044212476433665,6.554299331549903,-3.5498780839065365,b4347a6d6451334b228bf748d98cbd30b34b222852b6631cc98ff41b5e407018,timestamped_live_quote,FBS vs FBS
2026-09-26T16:31:43Z,b8ee197b0b6ebb070f0f4b4a94a31bae,2026-09-26T23:30:00Z,Washington State Cougars,Arizona Wildcats,mybookieag,MyBookie.ag,2026-09-26T16:31:15Z,2026-09-26T16:31:15Z,Washington State Cougars,11.0,-110.0,2026,2026-09-26T16:31:43Z,1070,0.5044212476433665,6.554299331549903,-3.5498780839065365,b4347a6d6451334b228bf748d98cbd30b34b222852b6631cc98ff41b5e407018,timestamped_live_quote,FBS vs FBS
2026-09-26T16:31:43Z,b8ee197b0b6ebb070f0f4b4a94a31bae,2026-09-26T23:30:00Z,Washington State Cougars,Arizona Wildcats,betrivers,BetRivers,2026-09-26T16:30:52Z,2026-09-26T16:30:52Z,Arizona Wildcats,-10.5,-112.0,2026,2026-09-26T16:31:43Z,1070,0.5044212476433665,6.554299331549903,-3.5498780839065365,b4347a6d6451334b228bf748d98cbd30b34b222852b6631cc98ff41b5e407018,timestamped_live_quote,FBS vs FBS
2026-09-26T16:31:43Z,b8ee197b0b6ebb070f0f4b4a94a31bae,2026-09-26T23:30:00Z,Washington State Cougars,Arizona Wildcats,betrivers,BetRivers,2026-09-26T16:30:52Z,2026-09-26T16:30:52Z,Washington State Cougars,10.5,-112.0,2026,2026-09-26T16:31:43Z,1070,0.5044212476433665,6.554299331549903,-3.5498780839065365,b4347a6d6451334b228bf748d98cbd30b34b222852b6631cc98ff41b5e407018,timestamped_live_quote,FBS vs FBS
2026-09-26T16:31:43Z,b8ee197b0b6ebb070f0f4b4a94a31bae,2026-09-26T23:30:00Z,Washington State Cougars,Arizona Wildcats,draftkings,DraftKings,2026-09-26T16:30:56Z,2026-09-26T16:30:53Z,Arizona Wildcats,-10.5,-110.0,2026,2026-09-26T16:31:43Z,1070,0.5044212476433665,6.554299331549903,-3.5498780839065365,b4347a6d6451334b228bf748d98cbd30b34b222852b6631cc98ff41b5e407018,timestamped_live_quote,FBS vs FBS
2026-09-26T16:31:43Z,b8ee197b0b6ebb070f0f4b4a94a31bae,2026-09-26T23:30:00Z,Washington State Cougars,Arizona Wildcats,draftkings,DraftKings,2026-09-26T16:30:56Z,2026-09-26T16:30:53Z,Washington State Cougars,10.5,-110.0,2026,2026-09-26T16:31:43Z,1070,0.5044212476433665,6.554299331549903,-3.5498780839065365,b4347a6d6451334b228bf748d98cbd30b34b222852b6631cc98ff41b5e407018,timestamped_live_quote,FBS vs FBS
2026-09-26T16:31:43Z,b8ee197b0b6ebb070f0f4b4a94a31bae,2026-09-26T23:30:00Z,Washington State Cougars,Arizona Wildcats,lowvig,LowVig.ag,2026-09-26T16:31:23Z,2026-09-26T16:31:22Z,Arizona Wildcats,-10.5,-111.0,2026,2026-09-26T16:31:43Z,1070,0.5044212476433665,6.554299331549903,-3.5498780839065365,b4347a6d6451334b228bf748d98cbd30b34b222852b6631cc98ff41b5e407018,timestamped_live_quote,FBS vs FBS
2026-09-26T16:31:43Z,b8ee197b0b6ebb070f0f4b4a94a31bae,2026-09-26T23:30:00Z,Washington State Cougars,Arizona Wildcats,lowvig,LowVig.ag,2026-09-26T16:31:23Z,2026-09-26T16:31:22Z,Washington State Cougars,10.5,-101.0,2026,2026-09-26T16:31:43Z,1070,0.5044212476433665,6.554299331549903,-3.5498780839065365,b4347a6d6451334b228bf748d98cbd30b34b222852b6631cc98ff41b5e407018,timestamped_live_quote,FBS vs FBS
2026-09-26T16:31:43Z,b8ee197b0b6ebb070f0f4b4a94a31bae,2026-09-26T23:30:00Z,Washington State Cougars,Arizona Wildcats,betonlineag,BetOnline.ag,2026-09-26T16:30:54Z,2026-09-26T16:30:51Z,Arizona Wildcats,-10.5,-115.0,2026,2026-09-26T16:31:43Z,1070,0.5044212476433665,6.554299331549903,-3.5498780839065365,b4347a6d6451334b228bf748d98cbd30b34b222852b6631cc98ff41b5e407018,timestamped_live_quote,FBS vs FBS
2026-09-26T16:31:43Z,b8ee197b0b6ebb070f0f4b4a94a31bae,2026-09-26T23:30:00Z,Washington State Cougars,Arizona Wildcats,betonlineag,BetOnline.ag,2026-09-26T16:30:54Z,2026-09-26T16:30:51Z,Washington State Cougars,10.5,-105.0,2026,2026-09-26T16:31:43Z,1070,0.5044212476433665,6.554299331549903,-3.5498780839065365,b4347a6d6451334b228bf748d98cbd30b34b222852b6631cc98ff41b5e407018,timestamped_live_quote,FBS vs FBS
2026-09-26T16:31:43Z,b8ee197b0b6ebb070f0f4b4a94a31bae,2026-09-26T23:30:00Z,Washington State Cougars,Arizona Wildcats,betmgm,BetMGM,2026-09-26T16:31:08Z,2026-09-26T16:31:08Z,Arizona Wildcats,-11.0,-112.0,2026,2026-09-26T16:31:43Z,1070,0.5044212476433665,6.554299331549903,-3.5498780839065365,b4347a6d6451334b228bf748d98cbd30b34b222852b6631cc98ff41b5e407018,timestamped_live_quote,FBS vs FBS
2026-09-26T16:31:43Z,b8ee197b0b6ebb070f0f4b4a94a31bae,2026-09-26T23:30:00Z,Washington State Cougars,Arizona Wildcats,betmgm,BetMGM,2026-09-26T16:31:08Z,2026-09-26T16:31:08Z,Washington State Cougars,11.0,-118.0,2026,2026-09-26T16:31:43Z,1070,0.5044212476433665,6.554299331549903,-3.5498780839065365,b4347a6d6451334b228bf748d98cbd30b34b222852b6631cc98ff41b5e407018,timestamped_live_quote,FBS vs FBS
2026-09-26T16:31:43Z,b8ee197b0b6ebb070f0f4b4a94a31bae,2026-09-26T23:30:00Z,Washington State Cougars,Arizona Wildcats,betus,BetUS,2026-09-26T16:31:42Z,2026-09-26T16:31:42Z,Arizona Wildcats,-10.5,-110.0,2026,2026-09-26T16:31:43Z,1070,0.5044212476433665,6.554299331549903,-3.5498780839065365,b4347a6d6451334b228bf748d98cbd30b34b222852b6631cc98ff41b5e407018,timestamped_live_quote,FBS vs FBS
2026-09-26T16:31:43Z,b8ee197b0b6ebb070f0f4b4a94a31bae,2026-09-26T23:30:00Z,Washington State Cougars,Arizona Wildcats,betus,BetUS,2026-09-26T16:31:42Z,2026-09-26T16:31:42Z,Washington State Cougars,10.5,-110.0,2026,2026-09-26T16:31:43Z,1070,0.5044212476433665,6.554299331549903,-3.5498780839065365,b4347a6d6451334b228bf748d98cbd30b34b222852b6631cc98ff41b5e407018,timestamped_live_quote,FBS vs FBS
2026-09-26T16:31:43Z,b8ee197b0b6ebb070f0f4b4a94a31bae,2026-09-26T23:30:00Z,Washington State Cougars,Arizona Wildcats,bovada,Bovada,2026-09-26T16:30:53Z,2026-09-26T16:30:53Z,Arizona Wildcats,-11.0,-110.0,2026,2026-09-26T16:31:43Z,1070,0.5044212476433665,6.554299331549903,-3.5498780839065365,b4347a6d6451334b228bf748d98cbd30b34b222852b6631cc98ff41b5e407018,timestamped_live_quote,FBS vs FBS
2026-09-26T16:31:43Z,b8ee197b0b6ebb070f0f4b4a94a31bae,2026-09-26T23:30:00Z,Washington State Cougars,Arizona Wildcats,bovada,Bovada,2026-09-26T16:30:53Z,2026-09-26T16:30:53Z,Washington State Cougars,11.0,-110.0,2026,2026-09-26T16:31:43Z,1070,0.5044212476433665,6.554299331549903,-3.5498780839065365,b4347a6d6451334b228bf748d98cbd30b34b222852b6631cc98ff41b5e407018,timestamped_live_quote,FBS vs FBS
2026-09-26T16:31:43Z,bbaf150e48844a489d679cb09de02aa9,2026-09-26T23:30:00Z,North Texas Mean Green,Houston Baptist Huskies,fanduel,FanDuel,2026-09-26T16:31:24Z,2026-09-26T16:31:24Z,Houston Baptist Huskies,38.5,-110.0,2026,2026-09-26T16:31:43Z,1070,-0.5680452975452404,12.221023554579338,-10.289068852124577,b4347a6d6451334b228bf748d98cbd30b34b222852b6631cc98ff41b5e407018,timestamped_live_quote,FBS vs FBS
2026-09-26T16:31:43Z,bbaf150e48844a489d679cb09de02aa9,2026-09-26T23:30:00Z,North Texas Mean Green,Houston Baptist Huskies,fanduel,FanDuel,2026-09-26T16:31:24Z,2026-09-26T16:31:24Z,North Texas Mean Green,-38.5,-110.0,2026,2026-09-26T16:31:43Z,1070,-0.5680452975452404,12.221023554579338,-10.289068852124577,b4347a6d6451334b228bf748d98cbd30b34b222852b6631cc98ff41b5e407018,timestamped_live_quote,FBS vs FBS
2026-09-26T16:31:43Z,bbaf150e48844a489d679cb09de02aa9,2026-09-26T23:30:00Z,North Texas Mean Green,Houston Baptist Huskies,draftkings,DraftKings,2026-09-26T16:30:56Z,2026-09-26T16:30:53Z,Houston Baptist Huskies,38.5,-115.0,2026,2026-09-26T16:31:43Z,1070,-0.5680452975452404,12.221023554579338,-10.289068852124577,b4347a6d6451334b228bf748d98cbd30b34b222852b6631cc98ff41b5e407018,timestamped_live_quote,FBS vs FBS
2026-09-26T16:31:43Z,bbaf150e48844a489d679cb09de02aa9,2026-09-26T23:30:00Z,North Texas Mean Green,Houston Baptist Huskies,draftkings,DraftKings,2026-09-26T16:30:56Z,2026-09-26T16:30:53Z,North Texas Mean Green,-38.5,-105.0,2026,2026-09-26T16:31:43Z,1070,-0.5680452975452404,12.221023554579338,-10.289068852124577,b4347a6d6451334b228bf748d98cbd30b34b222852b6631cc98ff41b5e407018,timestamped_live_quote,FBS vs FBS
2026-09-26T16:31:43Z,bbaf150e48844a489d679cb09de02aa9,2026-09-26T23:30:00Z,North Texas Mean Green,Houston Baptist Huskies,betrivers,BetRivers,2026-09-26T16:30:52Z,2026-09-26T16:30:52Z,Houston Baptist Huskies,40.0,-120.0,2026,2026-09-26T16:31:43Z,1070,-0.5680452975452404,12.221023554579338,-10.289068852124577,b4347a6d6451334b228bf748d98cbd30b34b222852b6631cc98ff41b5e407018,timestamped_live_quote,FBS vs FBS
2026-09-26T16:31:43Z,bbaf150e48844a489d679cb09de02aa9,2026-09-26T23:30:00Z,North Texas Mean Green,Houston Baptist Huskies,betrivers,BetRivers,2026-09-26T16:30:52Z,2026-09-26T16:30:52Z,North Texas Mean Green,-40.0,-121.0,2026,2026-09-26T16:31:43Z,1070,-0.5680452975452404,12.221023554579338,-10.289068852124577,b4347a6d6451334b228bf748d98cbd30b34b222852b6631cc98ff41b5e407018,timestamped_live_quote,FBS vs FBS
2026-09-26T16:31:43Z,bbaf150e48844a489d679cb09de02aa9,2026-09-26T23:30:00Z,North Texas Mean Green,Houston Baptist Huskies,lowvig,LowVig.ag,2026-09-26T16:31:23Z,2026-09-26T16:31:22Z,Houston Baptist Huskies,39.0,-115.0,2026,2026-09-26T16:31:43Z,1070,-0.5680452975452404,12.221023554579338,-10.289068852124577,b4347a6d6451334b228bf748d98cbd30b34b222852b6631cc98ff41b5e407018,timestamped_live_quote,FBS vs FBS
2026-09-26T16:31:43Z,bbaf150e48844a489d679cb09de02aa9,2026-09-26T23:30:00Z,North Texas Mean Green,Houston Baptist Huskies,lowvig,LowVig.ag,2026-09-26T16:31:23Z,2026-09-26T16:31:22Z,North Texas Mean Green,-39.0,-105.0,2026,2026-09-26T16:31:43Z,1070,-0.5680452975452404,12.221023554579338,-10.289068852124577,b4347a6d6451334b228bf748d98cbd30b34b222852b6631cc98ff41b5e407018,timestamped_live_quote,FBS vs FBS
2026-09-26T16:31:43Z,bbaf150e48844a489d679cb09de02aa9,2026-09-26T23:30:00Z,North Texas Mean Green,Houston Baptist Huskies,betonlineag,BetOnline.ag,2026-09-26T16:30:54Z,2026-09-26T16:30:52Z,Houston Baptist Huskies,39.0,-115.0,2026,2026-09-26T16:31:43Z,1070,-0.5680452975452404,12.221023554579338,-10.289068852124577,b4347a6d6451334b228bf748d98cbd30b34b222852b6631cc98ff41b5e407018,timestamped_live_quote,FBS vs FBS
2026-09-26T16:31:43Z,bbaf150e48844a489d679cb09de02aa9,2026-09-26T23:30:00Z,North Texas Mean Green,Houston Baptist Huskies,betonlineag,BetOnline.ag,2026-09-26T16:30:54Z,2026-09-26T16:30:52Z,North Texas Mean Green,-39.0,-105.0,2026,2026-09-26T16:31:43Z,1070,-0.5680452975452404,12.221023554579338,-10.289068852124577,b4347a6d6451334b228bf748d98cbd30b34b222852b6631cc98ff41b5e407018,timestamped_live_quote,FBS vs FBS
2026-09-26T16:31:43Z,bbaf150e48844a489d679cb09de02aa9,2026-09-26T23:30:00Z,North Texas Mean Green,Houston Baptist Huskies,bovada,Bovada,2026-09-26T16:30:53Z,2026-09-26T16:30:53Z,Houston Baptist Huskies,38.0,-105.0,2026,2026-09-26T16:31:43Z,1070,-0.5680452975452404,12.221023554579338,-10.289068852124577,b4347a6d6451334b228bf748d98cbd30b34b222852b6631cc98ff41b5e407018,timestamped_live_quote,FBS vs FBS
2026-09-26T16:31:43Z,bbaf150e48844a489d679cb09de02aa9,2026-09-26T23:30:00Z,North Texas Mean Green,Houston Baptist Huskies,bovada,Bovada,2026-09-26T16:30:53Z,2026-09-26T16:30:53Z,North Texas Mean Green,-38.0,-115.0,2026,2026-09-26T16:31:43Z,1070,-0.5680452975452404,12.221023554579338,-10.289068852124577,b4347a6d6451334b228bf748d98cbd30b34b222852b6631cc98ff41b5e407018,timestamped_live_quote,FBS vs FBS
2026-09-26T16:31:43Z,bbaf150e48844a489d679cb09de02aa9,2026-09-26T23:30:00Z,North Texas Mean Green,Houston Baptist Huskies,betmgm,BetMGM,2026-09-26T16:31:08Z,2026-09-26T16:31:08Z,Houston Baptist Huskies,38.5,-110.0,2026,2026-09-26T16:31:43Z,1070,-0.5680452975452404,12.221023554579338,-10.289068852124577,b4347a6d6451334b228bf748d98cbd30b34b222852b6631cc98ff41b5e407018,timestamped_live_quote,FBS vs FBS
2026-09-26T16:31:43Z,bbaf150e48844a489d679cb09de02aa9,2026-09-26T23:30:00Z,North Texas Mean Green,Houston Baptist Huskies,betmgm,BetMGM,2026-09-26T16:31:08Z,2026-09-26T16:31:08Z,North Texas Mean Green,-38.5,-108.0,2026,2026-09-26T16:31:43Z,1070,-0.5680452975452404,12.221023554579338,-10.289068852124577,b4347a6d6451334b228bf748d98cbd30b34b222852b6631cc98ff41b5e407018,timestamped_live_quote,FBS vs FBS
2026-09-26T16:31:43Z,0c71c3230f930f30ac34160b38dbbaf0,2026-09-26T23:30:00Z,LSU Tigers,Texas A&M Aggies,draftkings,DraftKings,2026-09-26T16:30:56Z,2026-09-26T16:30:53Z,LSU Tigers,-8.5,-108.0,2026,2026-09-26T16:31:43Z,1070,10.748156979498107,10.102319112991164,3.145837866506943,b4347a6d6451334b228bf748d98cbd30b34b222852b6631cc98ff41b5e407018,timestamped_live_quote,FBS vs FBS
2026-09-26T16:31:43Z,0c71c3230f930f30ac34160b38dbbaf0,2026-09-26T23:30:00Z,LSU Tigers,Texas A&M Aggies,draftkings,DraftKings,2026-09-26T16:30:56Z,2026-09-26T16:30:53Z,Texas A&M Aggies,8.5,-112.0,2026,2026-09-26T16:31:43Z,1070,10.748156979498107,10.102319112991164,3.145837866506943,b4347a6d6451334b228bf748d98cbd30b34b222852b6631cc98ff41b5e407018,timestamped_live_quote,FBS vs FBS
2026-09-26T16:31:43Z,0c71c3230f930f30ac34160b38dbbaf0,2026-09-26T23:30:00Z,LSU Tigers,Texas A&M Aggies,mybookieag,MyBookie.ag,2026-09-26T16:31:15Z,2026-09-26T16:31:14Z,LSU Tigers,-8.5,-110.0,2026,2026-09-26T16:31:43Z,1070,10.748156979498107,10.102319112991164,3.145837866506943,b4347a6d6451334b228bf748d98cbd30b34b222852b6631cc98ff41b5e407018,timestamped_live_quote,FBS vs FBS
2026-09-26T16:31:43Z,0c71c3230f930f30ac34160b38dbbaf0,2026-09-26T23:30:00Z,LSU Tigers,Texas A&M Aggies,mybookieag,MyBookie.ag,2026-09-26T16:31:15Z,2026-09-26T16:31:14Z,Texas A&M Aggies,8.5,-110.0,2026,2026-09-26T16:31:43Z,1070,10.748156979498107,10.102319112991164,3.145837866506943,b4347a6d6451334b228bf748d98cbd30b34b222852b6631cc98ff41b5e407018,timestamped_live_quote,FBS vs FBS
2026-09-26T16:31:43Z,0c71c3230f930f30ac34160b38dbbaf0,2026-09-26T23:30:00Z,LSU Tigers,Texas A&M Aggies,fanduel,FanDuel,2026-09-26T16:31:24Z,2026-09-26T16:31:24Z,LSU Tigers,-8.5,-105.0,2026,2026-09-26T16:31:43Z,1070,10.748156979498107,10.102319112991164,3.145837866506943,b4347a6d6451334b228bf748d98cbd30b34b222852b6631cc98ff41b5e407018,timestamped_live_quote,FBS vs FBS
2026-09-26T16:31:43Z,0c71c3230f930f30ac34160b38dbbaf0,2026-09-26T23:30:00Z,LSU Tigers,Texas A&M Aggies,fanduel,FanDuel,2026-09-26T16:31:24Z,2026-09-26T16:31:24Z,Texas A&M Aggies,8.5,-115.0,2026,2026-09-26T16:31:43Z,1070,10.748156979498107,10.102319112991164,3.145837866506943,b4347a6d6451334b228bf748d98cbd30b34b222852b6631cc98ff41b5e407018,timestamped_live_quote,FBS vs FBS
2026-09-26T16:31:43Z,0c71c3230f930f30ac34160b38dbbaf0,2026-09-26T23:30:00Z,LSU Tigers,Texas A&M Aggies,betmgm,BetMGM,2026-09-26T16:31:08Z,2026-09-26T16:31:08Z,LSU Tigers,-8.0,-110.0,2026,2026-09-26T16:31:43Z,1070,10.748156979498107,10.102319112991164,3.145837866506943,b4347a6d6451334b228bf748d98cbd30b34b222852b6631cc98ff41b5e407018,timestamped_live_quote,FBS vs FBS
2026-09-26T16:31:43Z,0c71c3230f930f30ac34160b38dbbaf0,2026-09-26T23:30:00Z,LSU Tigers,Texas A&M Aggies,betmgm,BetMGM,2026-09-26T16:31:08Z,2026-09-26T16:31:08Z,Texas A&M Aggies,8.0,-108.0,2026,2026-09-26T16:31:43Z,1070,10.748156979498107,10.102319112991164,3.145837866506943,b4347a6d6451334b228bf748d98cbd30b34b222852b6631cc98ff41b5e407018,timestamped_live_quote,FBS vs FBS
2026-09-26T16:31:43Z,0c71c3230f930f30ac34160b38dbbaf0,2026-09-26T23:30:00Z,LSU Tigers,Texas A&M Aggies,betrivers,BetRivers,2026-09-26T16:30:52Z,2026-09-26T16:30:52Z,LSU Tigers,-8.5,-112.0,2026,2026-09-26T16:31:43Z,1070,10.748156979498107,10.102319112991164,3.145837866506943,b4347a6d6451334b228bf748d98cbd30b34b222852b6631cc98ff41b5e407018,timestamped_live_quote,FBS vs FBS
2026-09-26T16:31:43Z,0c71c3230f930f30ac34160b38dbbaf0,2026-09-26T23:30:00Z,LSU Tigers,Texas A&M Aggies,betrivers,BetRivers,2026-09-26T16:30:52Z,2026-09-26T16:30:52Z,Texas A&M Aggies,8.5,-112.0,2026,2026-09-26T16:31:43Z,1070,10.748156979498107,10.102319112991164,3.145837866506943,b4347a6d6451334b228bf748d98cbd30b34b222852b6631cc98ff41b5e407018,timestamped_live_quote,FBS vs FBS
2026-09-26T16:31:43Z,0c71c3230f930f30ac34160b38dbbaf0,2026-09-26T23:30:00Z,LSU Tigers,Texas A&M Aggies,betonlineag,BetOnline.ag,2026-09-26T16:30:54Z,2026-09-26T16:30:51Z,LSU Tigers,-8.0,-110.0,2026,2026-09-26T16:31:43Z,1070,10.748156979498107,10.102319112991164,3.145837866506943,b4347a6d6451334b228bf748d98cbd30b34b222852b6631cc98ff41b5e407018,timestamped_live_quote,FBS vs FBS
2026-09-26T16:31:43Z,0c71c3230f930f30ac34160b38dbbaf0,2026-09-26T23:30:00Z,LSU Tigers,Texas A&M Aggies,betonlineag,BetOnline.ag,2026-09-26T16:30:54Z,2026-09-26T16:30:51Z,Texas A&M Aggies,8.0,-110.0,2026,2026-09-26T16:31:43Z,1070,10.748156979498107,10.102319112991164,3.145837866506943,b4347a6d6451334b228bf748d98cbd30b34b222852b6631cc98ff41b5e407018,timestamped_live_quote,FBS vs FBS
2026-09-26T16:31:43Z,0c71c3230f930f30ac34160b38dbbaf0,2026-09-26T23:30:00Z,LSU Tigers,Texas A&M Aggies,lowvig,LowVig.ag,2026-09-26T16:31:23Z,2026-09-26T16:31:22Z,LSU Tigers,-8.0,-106.0,2026,2026-09-26T16:31:43Z,1070,10.748156979498107,10.102319112991164,3.145837866506943,b4347a6d6451334b228bf748d98cbd30b34b222852b6631cc98ff41b5e407018,timestamped_live_quote,FBS vs FBS
2026-09-26T16:31:43Z,0c71c3230f930f30ac34160b38dbbaf0,2026-09-26T23:30:00Z,LSU Tigers,Texas A&M Aggies,lowvig,LowVig.ag,2026-09-26T16:31:23Z,2026-09-26T16:31:22Z,Texas A&M Aggies,8.0,-106.0,2026,2026-09-26T16:31:43Z,1070,10.748156979498107,10.102319112991164,3.145837866506943,b4347a6d6451334b228bf748d98cbd30b34b222852b6631cc98ff41b5e407018,timestamped_live_quote,FBS vs FBS
2026-09-26T16:31:43Z,0c71c3230f930f30ac34160b38dbbaf0,2026-09-26T23:30:00Z,LSU Tigers,Texas A&M Aggies,betus,BetUS,2026-09-26T16:31:42Z,2026-09-26T16:31:42Z,LSU Tigers,-8.0,-110.0,2026,2026-09-26T16:31:43Z,1070,10.748156979498107,10.102319112991164,3.145837866506943,b4347a6d6451334b228bf748d98cbd30b34b222852b6631cc98ff41b5e407018,timestamped_live_quote,FBS vs FBS
2026-09-26T16:31:43Z,0c71c3230f930f30ac34160b38dbbaf0,2026-09-26T23:30:00Z,LSU Tigers,Texas A&M Aggies,betus,BetUS,2026-09-26T16:31:42Z,2026-09-26T16:31:42Z,Texas A&M Aggies,8.0,-110.0,2026,2026-09-26T16:31:43Z,1070,10.748156979498107,10.102319112991164,3.145837866506943,b4347a6d6451334b228bf748d98cbd30b34b222852b6631cc98ff41b5e407018,timestamped_live_quote,FBS vs FBS
2026-09-26T16:31:43Z,0c71c3230f930f30ac34160b38dbbaf0,2026-09-26T23:30:00Z,LSU Tigers,Texas A&M Aggies,bovada,Bovada,2026-09-26T16:30:53Z,2026-09-26T16:30:53Z,LSU Tigers,-7.5,-110.0,2026,2026-09-26T16:31:43Z,1070,10.748156979498107,10.102319112991164,3.145837866506943,b4347a6d6451334b228bf748d98cbd30b34b222852b6631cc98ff41b5e407018,timestamped_live_quote,FBS vs FBS
2026-09-26T16:31:43Z,0c71c3230f930f30ac34160b38dbbaf0,2026-09-26T23:30:00Z,LSU Tigers,Texas A&M Aggies,bovada,Bovada,2026-09-26T16:30:53Z,2026-09-26T16:30:53Z,Texas A&M Aggies,7.5,-110.0,2026,2026-09-26T16:31:43Z,1070,10.748156979498107,10.102319112991164,3.145837866506943,b4347a6d6451334b228bf748d98cbd30b34b222852b6631cc98ff41b5e407018,timestamped_live_quote,FBS vs FBS
2026-09-26T16:31:43Z,83516ad7ba3e8ef9f90498cfcaf10eb5,2026-09-26T23:30:00Z,USC Trojans,Oregon Ducks,draftkings,DraftKings,2026-09-26T16:30:56Z,2026-09-26T16:30:53Z,Oregon Ducks,-3.5,-105.0,2026,2026-09-26T16:31:43Z,1070,10.60507523529341,11.304119014194269,1.8009562210991419,b4347a6d6451334b228bf748d98cbd30b34b222852b6631cc98ff41b5e407018,timestamped_live_quote,FBS vs FBS
2026-09-26T16:31:43Z,83516ad7ba3e8ef9f90498cfcaf10eb5,2026-09-26T23:30:00Z,USC Trojans,Oregon Ducks,draftkings,DraftKings,2026-09-26T16:30:56Z,2026-09-26T16:30:53Z,USC Trojans,3.5,-115.0,2026,2026-09-26T16:31:43Z,1070,10.60507523529341,11.304119014194269,1.8009562210991419,b4347a6d6451334b228bf748d98cbd30b34b222852b6631cc98ff41b5e407018,timestamped_live_quote,FBS vs FBS
2026-09-26T16:31:43Z,83516ad7ba3e8ef9f90498cfcaf10eb5,2026-09-26T23:30:00Z,USC Trojans,Oregon Ducks,mybookieag,MyBookie.ag,2026-09-26T16:31:15Z,2026-09-26T16:31:14Z,Oregon Ducks,-3.5,-110.0,2026,2026-09-26T16:31:43Z,1070,10.60507523529341,11.304119014194269,1.8009562210991419,b4347a6d6451334b228bf748d98cbd30b34b222852b6631cc98ff41b5e407018,timestamped_live_quote,FBS vs FBS
2026-09-26T16:31:43Z,83516ad7ba3e8ef9f90498cfcaf10eb5,2026-09-26T23:30:00Z,USC Trojans,Oregon Ducks,mybookieag,MyBookie.ag,2026-09-26T16:31:15Z,2026-09-26T16:31:14Z,USC Trojans,3.5,-110.0,2026,2026-09-26T16:31:43Z,1070,10.60507523529341,11.304119014194269,1.8009562210991419,b4347a6d6451334b228bf748d98cbd30b34b222852b6631cc98ff41b5e407018,timestamped_live_quote,FBS vs FBS
2026-09-26T16:31:43Z,83516ad7ba3e8ef9f90498cfcaf10eb5,2026-09-26T23:30:00Z,USC Trojans,Oregon Ducks,fanduel,FanDuel,2026-09-26T16:31:24Z,2026-09-26T16:31:23Z,Oregon Ducks,-3.5,-106.0,2026,2026-09-26T16:31:43Z,1070,10.60507523529341,11.304119014194269,1.8009562210991419,b4347a6d6451334b228bf748d98cbd30b34b222852b6631cc98ff41b5e407018,timestamped_live_quote,FBS vs FBS
2026-09-26T16:31:43Z,83516ad7ba3e8ef9f90498cfcaf10eb5,2026-09-26T23:30:00Z,USC Trojans,Oregon Ducks,fanduel,FanDuel,2026-09-26T16:31:24Z,2026-09-26T16:31:23Z,USC Trojans,3.5,-114.0,2026,2026-09-26T16:31:43Z,1070,10.60507523529341,11.304119014194269,1.8009562210991419,b4347a6d6451334b228bf748d98cbd30b34b222852b6631cc98ff41b5e407018,timestamped_live_quote,FBS vs FBS
2026-09-26T16:31:43Z,83516ad7ba3e8ef9f90498cfcaf10eb5,2026-09-26T23:30:00Z,USC Trojans,Oregon Ducks,betrivers,BetRivers,2026-09-26T16:30:52Z,2026-09-26T16:30:52Z,Oregon Ducks,-3.5,-113.0,2026,2026-09-26T16:31:43Z,1070,10.60507523529341,11.304119014194269,1.8009562210991419,b4347a6d6451334b228bf748d98cbd30b34b222852b6631cc98ff41b5e407018,timestamped_live_quote,FBS vs FBS
2026-09-26T16:31:43Z,83516ad7ba3e8ef9f90498cfcaf10eb5,2026-09-26T23:30:00Z,USC Trojans,Oregon Ducks,betrivers,BetRivers,2026-09-26T16:30:52Z,2026-09-26T16:30:52Z,USC Trojans,3.5,-110.0,2026,2026-09-26T16:31:43Z,1070,10.60507523529341,11.304119014194269,1.8009562210991419,b4347a6d6451334b228bf748d98cbd30b34b222852b6631cc98ff41b5e407018,timestamped_live_quote,FBS vs FBS
2026-09-26T16:31:43Z,83516ad7ba3e8ef9f90498cfcaf10eb5,2026-09-26T23:30:00Z,USC Trojans,Oregon Ducks,betmgm,BetMGM,2026-09-26T16:31:08Z,2026-09-26T16:31:08Z,Oregon Ducks,-3.5,-108.0,2026,2026-09-26T16:31:43Z,1070,10.60507523529341,11.304119014194269,1.8009562210991419,b4347a6d6451334b228bf748d98cbd30b34b222852b6631cc98ff41b5e407018,timestamped_live_quote,FBS vs FBS
2026-09-26T16:31:43Z,83516ad7ba3e8ef9f90498cfcaf10eb5,2026-09-26T23:30:00Z,USC Trojans,Oregon Ducks,betmgm,BetMGM,2026-09-26T16:31:08Z,2026-09-26T16:31:08Z,USC Trojans,3.5,-110.0,2026,2026-09-26T16:31:43Z,1070,10.60507523529341,11.304119014194269,1.8009562210991419,b4347a6d6451334b228bf748d98cbd30b34b222852b6631cc98ff41b5e407018,timestamped_live_quote,FBS vs FBS
2026-09-26T16:31:43Z,83516ad7ba3e8ef9f90498cfcaf10eb5,2026-09-26T23:30:00Z,USC Trojans,Oregon Ducks,lowvig,LowVig.ag,2026-09-26T16:31:23Z,2026-09-26T16:31:22Z,Oregon Ducks,-3.5,-102.0,2026,2026-09-26T16:31:43Z,1070,10.60507523529341,11.304119014194269,1.8009562210991419,b4347a6d6451334b228bf748d98cbd30b34b222852b6631cc98ff41b5e407018,timestamped_live_quote,FBS vs FBS
2026-09-26T16:31:43Z,83516ad7ba3e8ef9f90498cfcaf10eb5,2026-09-26T23:30:00Z,USC Trojans,Oregon Ducks,lowvig,LowVig.ag,2026-09-26T16:31:23Z,2026-09-26T16:31:22Z,USC Trojans,3.5,-110.0,2026,2026-09-26T16:31:43Z,1070,10.60507523529341,11.304119014194269,1.8009562210991419,b4347a6d6451334b228bf748d98cbd30b34b222852b6631cc98ff41b5e407018,timestamped_live_quote,FBS vs FBS
2026-09-26T16:31:43Z,83516ad7ba3e8ef9f90498cfcaf10eb5,2026-09-26T23:30:00Z,USC Trojans,Oregon Ducks,betonlineag,BetOnline.ag,2026-09-26T16:30:54Z,2026-09-26T16:30:51Z,Oregon Ducks,-3.5,-110.0,2026,2026-09-26T16:31:43Z,1070,10.60507523529341,11.304119014194269,1.8009562210991419,b4347a6d6451334b228bf748d98cbd30b34b222852b6631cc98ff41b5e407018,timestamped_live_quote,FBS vs FBS
2026-09-26T16:31:43Z,83516ad7ba3e8ef9f90498cfcaf10eb5,2026-09-26T23:30:00Z,USC Trojans,Oregon Ducks,betonlineag,BetOnline.ag,2026-09-26T16:30:54Z,2026-09-26T16:30:51Z,USC Trojans,3.5,-110.0,2026,2026-09-26T16:31:43Z,1070,10.60507523529341,11.304119014194269,1.8009562210991419,b4347a6d6451334b228bf748d98cbd30b34b222852b6631cc98ff41b5e407018,timestamped_live_quote,FBS vs FBS
2026-09-26T16:31:43Z,83516ad7ba3e8ef9f90498cfcaf10eb5,2026-09-26T23:30:00Z,USC Trojans,Oregon Ducks,betus,BetUS,2026-09-26T16:31:42Z,2026-09-26T16:31:42Z,Oregon Ducks,-3.5,-110.0,2026,2026-09-26T16:31:43Z,1070,10.60507523529341,11.304119014194269,1.8009562210991419,b4347a6d6451334b228bf748d98cbd30b34b222852b6631cc98ff41b5e407018,timestamped_live_quote,FBS vs FBS
2026-09-26T16:31:43Z,83516ad7ba3e8ef9f90498cfcaf10eb5,2026-09-26T23:30:00Z,USC Trojans,Oregon Ducks,betus,BetUS,2026-09-26T16:31:42Z,2026-09-26T16:31:42Z,USC Trojans,3.5,-110.0,2026,2026-09-26T16:31:43Z,1070,10.60507523529341,11.304119014194269,1.8009562210991419,b4347a6d6451334b228bf748d98cbd30b34b222852b6631cc98ff41b5e407018,timestamped_live_quote,FBS vs FBS
2026-09-26T16:31:43Z,83516ad7ba3e8ef9f90498cfcaf10eb5,2026-09-26T23:30:00Z,USC Trojans,Oregon Ducks,bovada,Bovada,2026-09-26T16:30:53Z,2026-09-26T16:30:53Z,Oregon Ducks,-3.5,-110.0,2026,2026-09-26T16:31:43Z,1070,10.60507523529341,11.304119014194269,1.8009562210991419,b4347a6d6451334b228bf748d98cbd30b34b222852b6631cc98ff41b5e407018,timestamped_live_quote,FBS vs FBS
2026-09-26T16:31:43Z,83516ad7ba3e8ef9f90498cfcaf10eb5,2026-09-26T23:30:00Z,USC Trojans,Oregon Ducks,bovada,Bovada,2026-09-26T16:30:53Z,2026-09-26T16:30:53Z,USC Trojans,3.5,-110.0,2026,2026-09-26T16:31:43Z,1070,10.60507523529341,11.304119014194269,1.8009562210991419,b4347a6d6451334b228bf748d98cbd30b34b222852b6631cc98ff41b5e407018,timestamped_live_quote,FBS vs FBS
2026-09-26T16:31:43Z,dbc89703b51acf3b8818134a1a2a0dc2,2026-09-26T23:30:00Z,Utah State Aggies,Troy Trojans,fanduel,FanDuel,2026-09-26T16:31:24Z,2026-09-26T16:31:24Z,Troy Trojans,2.5,100.0,2026,2026-09-26T16:31:43Z,1070,-2.5203909536104683,3.7338241856008225,-3.754215139211291,b4347a6d6451334b228bf748d98cbd30b34b222852b6631cc98ff41b5e407018,timestamped_live_quote,FBS vs FBS
2026-09-26T16:31:43Z,dbc89703b51acf3b8818134a1a2a0dc2,2026-09-26T23:30:00Z,Utah State Aggies,Troy Trojans,fanduel,FanDuel,2026-09-26T16:31:24Z,2026-09-26T16:31:24Z,Utah State Aggies,-2.5,-122.0,2026,2026-09-26T16:31:43Z,1070,-2.5203909536104683,3.7338241856008225,-3.754215139211291,b4347a6d6451334b228bf748d98cbd30b34b222852b6631cc98ff41b5e407018,timestamped_live_quote,FBS vs FBS
2026-09-26T16:31:43Z,dbc89703b51acf3b8818134a1a2a0dc2,2026-09-26T23:30:00Z,Utah State Aggies,Troy Trojans,mybookieag,MyBookie.ag,2026-09-26T16:31:15Z,2026-09-26T16:31:15Z,Troy Trojans,3.0,-110.0,2026,2026-09-26T16:31:43Z,1070,-2.5203909536104683,3.7338241856008225,-3.754215139211291,b4347a6d6451334b228bf748d98cbd30b34b222852b6631cc98ff41b5e407018,timestamped_live_quote,FBS vs FBS
2026-09-26T16:31:43Z,dbc89703b51acf3b8818134a1a2a0dc2,2026-09-26T23:30:00Z,Utah State Aggies,Troy Trojans,mybookieag,MyBookie.ag,2026-09-26T16:31:15Z,2026-09-26T16:31:15Z,Utah State Aggies,-3.0,-110.0,2026,2026-09-26T16:31:43Z,1070,-2.5203909536104683,3.7338241856008225,-3.754215139211291,b4347a6d6451334b228bf748d98cbd30b34b222852b6631cc98ff41b5e407018,timestamped_live_quote,FBS vs FBS
2026-09-26T16:31:43Z,dbc89703b51acf3b8818134a1a2a0dc2,2026-09-26T23:30:00Z,Utah State Aggies,Troy Trojans,betrivers,BetRivers,2026-09-26T16:30:52Z,2026-09-26T16:30:52Z,Troy Trojans,2.5,-110.0,2026,2026-09-26T16:31:43Z,1070,-2.5203909536104683,3.7338241856008225,-3.754215139211291,b4347a6d6451334b228bf748d98cbd30b34b222852b6631cc98ff41b5e407018,timestamped_live_quote,FBS vs FBS
2026-09-26T16:31:43Z,dbc89703b51acf3b8818134a1a2a0dc2,2026-09-26T23:30:00Z,Utah State Aggies,Troy Trojans,betrivers,BetRivers,2026-09-26T16:30:52Z,2026-09-26T16:30:52Z,Utah State Aggies,-2.5,-112.0,2026,2026-09-26T16:31:43Z,1070,-2.5203909536104683,3.7338241856008225,-3.754215139211291,b4347a6d6451334b228bf748d98cbd30b34b222852b6631cc98ff41b5e407018,timestamped_live_quote,FBS vs FBS
2026-09-26T16:31:43Z,dbc89703b51acf3b8818134a1a2a0dc2,2026-09-26T23:30:00Z,Utah State Aggies,Troy Trojans,draftkings,DraftKings,2026-09-26T16:30:56Z,2026-09-26T16:30:53Z,Troy Trojans,3.0,-112.0,2026,2026-09-26T16:31:43Z,1070,-2.5203909536104683,3.7338241856008225,-3.754215139211291,b4347a6d6451334b228bf748d98cbd30b34b222852b6631cc98ff41b5e407018,timestamped_live_quote,FBS vs FBS
2026-09-26T16:31:43Z,dbc89703b51acf3b8818134a1a2a0dc2,2026-09-26T23:30:00Z,Utah State Aggies,Troy Trojans,draftkings,DraftKings,2026-09-26T16:30:56Z,2026-09-26T16:30:53Z,Utah State Aggies,-3.0,-108.0,2026,2026-09-26T16:31:43Z,1070,-2.5203909536104683,3.7338241856008225,-3.754215139211291,b4347a6d6451334b228bf748d98cbd30b34b222852b6631cc98ff41b5e407018,timestamped_live_quote,FBS vs FBS
2026-09-26T16:31:43Z,dbc89703b51acf3b8818134a1a2a0dc2,2026-09-26T23:30:00Z,Utah State Aggies,Troy Trojans,lowvig,LowVig.ag,2026-09-26T16:31:23Z,2026-09-26T16:31:22Z,Troy Trojans,3.0,-110.0,2026,2026-09-26T16:31:43Z,1070,-2.5203909536104683,3.7338241856008225,-3.754215139211291,b4347a6d6451334b228bf748d98cbd30b34b222852b6631cc98ff41b5e407018,timestamped_live_quote,FBS vs FBS
2026-09-26T16:31:43Z,dbc89703b51acf3b8818134a1a2a0dc2,2026-09-26T23:30:00Z,Utah State Aggies,Troy Trojans,lowvig,LowVig.ag,2026-09-26T16:31:23Z,2026-09-26T16:31:22Z,Utah State Aggies,-3.0,-102.0,2026,2026-09-26T16:31:43Z,1070,-2.5203909536104683,3.7338241856008225,-3.754215139211291,b4347a6d6451334b228bf748d98cbd30b34b222852b6631cc98ff41b5e407018,timestamped_live_quote,FBS vs FBS
2026-09-26T16:31:43Z,dbc89703b51acf3b8818134a1a2a0dc2,2026-09-26T23:30:00Z,Utah State Aggies,Troy Trojans,betonlineag,BetOnline.ag,2026-09-26T16:30:54Z,2026-09-26T16:30:51Z,Troy Trojans,3.0,-114.0,2026,2026-09-26T16:31:43Z,1070,-2.5203909536104683,3.7338241856008225,-3.754215139211291,b4347a6d6451334b228bf748d98cbd30b34b222852b6631cc98ff41b5e407018,timestamped_live_quote,FBS vs FBS
2026-09-26T16:31:43Z,dbc89703b51acf3b8818134a1a2a0dc2,2026-09-26T23:30:00Z,Utah State Aggies,Troy Trojans,betonlineag,BetOnline.ag,2026-09-26T16:30:54Z,2026-09-26T16:30:51Z,Utah State Aggies,-3.0,-106.0,2026,2026-09-26T16:31:43Z,1070,-2.5203909536104683,3.7338241856008225,-3.754215139211291,b4347a6d6451334b228bf748d98cbd30b34b222852b6631cc98ff41b5e407018,timestamped_live_quote,FBS vs FBS
2026-09-26T16:31:43Z,dbc89703b51acf3b8818134a1a2a0dc2,2026-09-26T23:30:00Z,Utah State Aggies,Troy Trojans,betus,BetUS,2026-09-26T16:31:42Z,2026-09-26T16:31:42Z,Troy Trojans,3.0,-115.0,2026,2026-09-26T16:31:43Z,1070,-2.5203909536104683,3.7338241856008225,-3.754215139211291,b4347a6d6451334b228bf748d98cbd30b34b222852b6631cc98ff41b5e407018,timestamped_live_quote,FBS vs FBS
2026-09-26T16:31:43Z,dbc89703b51acf3b8818134a1a2a0dc2,2026-09-26T23:30:00Z,Utah State Aggies,Troy Trojans,betus,BetUS,2026-09-26T16:31:42Z,2026-09-26T16:31:42Z,Utah State Aggies,-3.0,-105.0,2026,2026-09-26T16:31:43Z,1070,-2.5203909536104683,3.7338241856008225,-3.754215139211291,b4347a6d6451334b228bf748d98cbd30b34b222852b6631cc98ff41b5e407018,timestamped_live_quote,FBS vs FBS
2026-09-26T16:31:43Z,dbc89703b51acf3b8818134a1a2a0dc2,2026-09-26T23:30:00Z,Utah State Aggies,Troy Trojans,betmgm,BetMGM,2026-09-26T16:31:08Z,2026-09-26T16:31:08Z,Troy Trojans,3.0,-110.0,2026,2026-09-26T16:31:43Z,1070,-2.5203909536104683,3.7338241856008225,-3.754215139211291,b4347a6d6451334b228bf748d98cbd30b34b222852b6631cc98ff41b5e407018,timestamped_live_quote,FBS vs FBS
2026-09-26T16:31:43Z,dbc89703b51acf3b8818134a1a2a0dc2,2026-09-26T23:30:00Z,Utah State Aggies,Troy Trojans,betmgm,BetMGM,2026-09-26T16:31:08Z,2026-09-26T16:31:08Z,Utah State Aggies,-3.0,-108.0,2026,2026-09-26T16:31:43Z,1070,-2.5203909536104683,3.7338241856008225,-3.754215139211291,b4347a6d6451334b228bf748d98cbd30b34b222852b6631cc98ff41b5e407018,timestamped_live_quote,FBS vs FBS
2026-09-26T16:31:43Z,dbc89703b51acf3b8818134a1a2a0dc2,2026-09-26T23:30:00Z,Utah State Aggies,Troy Trojans,bovada,Bovada,2026-09-26T16:30:53Z,2026-09-26T16:30:53Z,Troy Trojans,3.0,-110.0,2026,2026-09-26T16:31:43Z,1070,-2.5203909536104683,3.7338241856008225,-3.754215139211291,b4347a6d6451334b228bf748d98cbd30b34b222852b6631cc98ff41b5e407018,timestamped_live_quote,FBS vs FBS
2026-09-26T16:31:43Z,dbc89703b51acf3b8818134a1a2a0dc2,2026-09-26T23:30:00Z,Utah State Aggies,Troy Trojans,bovada,Bovada,2026-09-26T16:30:53Z,2026-09-26T16:30:53Z,Utah State Aggies,-3.0,-110.0,2026,2026-09-26T16:31:43Z,1070,-2.5203909536104683,3.7338241856008225,-3.754215139211291,b4347a6d6451334b228bf748d98cbd30b34b222852b6631cc98ff41b5e407018,timestamped_live_quote,FBS vs FBS
2026-09-26T16:31:43Z,f154381c89953d3b0bd409a6bc4e28a6,2026-09-26T23:45:00Z,Mississippi State Bulldogs,Missouri Tigers,draftkings,DraftKings,2026-09-26T16:30:56Z,2026-09-26T16:30:53Z,Mississippi State Bulldogs,-5.5,-110.0,2026,2026-09-26T16:31:43Z,1070,13.652116851985856,9.821229023982998,6.330887828002858,b4347a6d6451334b228bf748d98cbd30b34b222852b6631cc98ff41b5e407018,timestamped_live_quote,FBS vs FBS
2026-09-26T16:31:43Z,f154381c89953d3b0bd409a6bc4e28a6,2026-09-26T23:45:00Z,Mississippi State Bulldogs,Missouri Tigers,draftkings,DraftKings,2026-09-26T16:30:56Z,2026-09-26T16:30:53Z,Missouri Tigers,5.5,-110.0,2026,2026-09-26T16:31:43Z,1070,13.652116851985856,9.821229023982998,6.330887828002858,b4347a6d6451334b228bf748d98cbd30b34b222852b6631cc98ff41b5e407018,timestamped_live_quote,FBS vs FBS
2026-09-26T16:31:43Z,f154381c89953d3b0bd409a6bc4e28a6,2026-09-26T23:45:00Z,Mississippi State Bulldogs,Missouri Tigers,fanduel,FanDuel,2026-09-26T16:31:24Z,2026-09-26T16:31:23Z,Mississippi State Bulldogs,-4.5,-110.0,2026,2026-09-26T16:31:43Z,1070,13.652116851985856,9.821229023982998,6.330887828002858,b4347a6d6451334b228bf748d98cbd30b34b222852b6631cc98ff41b5e407018,timestamped_live_quote,FBS vs FBS
2026-09-26T16:31:43Z,f154381c89953d3b0bd409a6bc4e28a6,2026-09-26T23:45:00Z,Mississippi State Bulldogs,Missouri Tigers,fanduel,FanDuel,2026-09-26T16:31:24Z,2026-09-26T16:31:23Z,Missouri Tigers,4.5,-110.0,2026,2026-09-26T16:31:43Z,1070,13.652116851985856,9.821229023982998,6.330887828002858,b4347a6d6451334b228bf748d98cbd30b34b222852b6631cc98ff41b5e407018,timestamped_live_quote,FBS vs FBS
2026-09-26T16:31:43Z,f154381c89953d3b0bd409a6bc4e28a6,2026-09-26T23:45:00Z,Mississippi State Bulldogs,Missouri Tigers,mybookieag,MyBookie.ag,2026-09-26T16:31:15Z,2026-09-26T16:31:15Z,Mississippi State Bulldogs,-5.0,-110.0,2026,2026-09-26T16:31:43Z,1070,13.652116851985856,9.821229023982998,6.330887828002858,b4347a6d6451334b228bf748d98cbd30b34b222852b6631cc98ff41b5e407018,timestamped_live_quote,FBS vs FBS
2026-09-26T16:31:43Z,f154381c89953d3b0bd409a6bc4e28a6,2026-09-26T23:45:00Z,Mississippi State Bulldogs,Missouri Tigers,mybookieag,MyBookie.ag,2026-09-26T16:31:15Z,2026-09-26T16:31:15Z,Missouri Tigers,5.0,-110.0,2026,2026-09-26T16:31:43Z,1070,13.652116851985856,9.821229023982998,6.330887828002858,b4347a6d6451334b228bf748d98cbd30b34b222852b6631cc98ff41b5e407018,timestamped_live_quote,FBS vs FBS
2026-09-26T16:31:43Z,f154381c89953d3b0bd409a6bc4e28a6,2026-09-26T23:45:00Z,Mississippi State Bulldogs,Missouri Tigers,betrivers,BetRivers,2026-09-26T16:30:52Z,2026-09-26T16:30:52Z,Mississippi State Bulldogs,-6.0,-109.0,2026,2026-09-26T16:31:43Z,1070,13.652116851985856,9.821229023982998,6.330887828002858,b4347a6d6451334b228bf748d98cbd30b34b222852b6631cc98ff41b5e407018,timestamped_live_quote,FBS vs FBS
2026-09-26T16:31:43Z,f154381c89953d3b0bd409a6bc4e28a6,2026-09-26T23:45:00Z,Mississippi State Bulldogs,Missouri Tigers,betrivers,BetRivers,2026-09-26T16:30:52Z,2026-09-26T16:30:52Z,Missouri Tigers,6.0,-114.0,2026,2026-09-26T16:31:43Z,1070,13.652116851985856,9.821229023982998,6.330887828002858,b4347a6d6451334b228bf748d98cbd30b34b222852b6631cc98ff41b5e407018,timestamped_live_quote,FBS vs FBS
2026-09-26T16:31:43Z,f154381c89953d3b0bd409a6bc4e28a6,2026-09-26T23:45:00Z,Mississippi State Bulldogs,Missouri Tigers,lowvig,LowVig.ag,2026-09-26T16:31:23Z,2026-09-26T16:31:22Z,Mississippi State Bulldogs,-5.5,-106.0,2026,2026-09-26T16:31:43Z,1070,13.652116851985856,9.821229023982998,6.330887828002858,b4347a6d6451334b228bf748d98cbd30b34b222852b6631cc98ff41b5e407018,timestamped_live_quote,FBS vs FBS
2026-09-26T16:31:43Z,f154381c89953d3b0bd409a6bc4e28a6,2026-09-26T23:45:00Z,Mississippi State Bulldogs,Missouri Tigers,lowvig,LowVig.ag,2026-09-26T16:31:23Z,2026-09-26T16:31:22Z,Missouri Tigers,5.5,-106.0,2026,2026-09-26T16:31:43Z,1070,13.652116851985856,9.821229023982998,6.330887828002858,b4347a6d6451334b228bf748d98cbd30b34b222852b6631cc98ff41b5e407018,timestamped_live_quote,FBS vs FBS
2026-09-26T16:31:43Z,f154381c89953d3b0bd409a6bc4e28a6,2026-09-26T23:45:00Z,Mississippi State Bulldogs,Missouri Tigers,betonlineag,BetOnline.ag,2026-09-26T16:30:54Z,2026-09-26T16:30:51Z,Mississippi State Bulldogs,-5.5,-105.0,2026,2026-09-26T16:31:43Z,1070,13.652116851985856,9.821229023982998,6.330887828002858,b4347a6d6451334b228bf748d98cbd30b34b222852b6631cc98ff41b5e407018,timestamped_live_quote,FBS vs FBS
2026-09-26T16:31:43Z,f154381c89953d3b0bd409a6bc4e28a6,2026-09-26T23:45:00Z,Mississippi State Bulldogs,Missouri Tigers,betonlineag,BetOnline.ag,2026-09-26T16:30:54Z,2026-09-26T16:30:51Z,Missouri Tigers,5.5,-115.0,2026,2026-09-26T16:31:43Z,1070,13.652116851985856,9.821229023982998,6.330887828002858,b4347a6d6451334b228bf748d98cbd30b34b222852b6631cc98ff41b5e407018,timestamped_live_quote,FBS vs FBS
2026-09-26T16:31:43Z,f154381c89953d3b0bd409a6bc4e28a6,2026-09-26T23:45:00Z,Mississippi State Bulldogs,Missouri Tigers,betmgm,BetMGM,2026-09-26T16:31:08Z,2026-09-26T16:31:08Z,Mississippi State Bulldogs,-5.0,-108.0,2026,2026-09-26T16:31:43Z,1070,13.652116851985856,9.821229023982998,6.330887828002858,b4347a6d6451334b228bf748d98cbd30b34b222852b6631cc98ff41b5e407018,timestamped_live_quote,FBS vs FBS
2026-09-26T16:31:43Z,f154381c89953d3b0bd409a6bc4e28a6,2026-09-26T23:45:00Z,Mississippi State Bulldogs,Missouri Tigers,betmgm,BetMGM,2026-09-26T16:31:08Z,2026-09-26T16:31:08Z,Missouri Tigers,5.0,-110.0,2026,2026-09-26T16:31:43Z,1070,13.652116851985856,9.821229023982998,6.330887828002858,b4347a6d6451334b228bf748d98cbd30b34b222852b6631cc98ff41b5e407018,timestamped_live_quote,FBS vs FBS
2026-09-26T16:31:43Z,f154381c89953d3b0bd409a6bc4e28a6,2026-09-26T23:45:00Z,Mississippi State Bulldogs,Missouri Tigers,betus,BetUS,2026-09-26T16:31:42Z,2026-09-26T16:31:42Z,Mississippi State Bulldogs,-4.5,-110.0,2026,2026-09-26T16:31:43Z,1070,13.652116851985856,9.821229023982998,6.330887828002858,b4347a6d6451334b228bf748d98cbd30b34b222852b6631cc98ff41b5e407018,timestamped_live_quote,FBS vs FBS
2026-09-26T16:31:43Z,f154381c89953d3b0bd409a6bc4e28a6,2026-09-26T23:45:00Z,Mississippi State Bulldogs,Missouri Tigers,betus,BetUS,2026-09-26T16:31:42Z,2026-09-26T16:31:42Z,Missouri Tigers,4.5,-110.0,2026,2026-09-26T16:31:43Z,1070,13.652116851985856,9.821229023982998,6.330887828002858,b4347a6d6451334b228bf748d98cbd30b34b222852b6631cc98ff41b5e407018,timestamped_live_quote,FBS vs FBS
2026-09-26T16:31:43Z,f154381c89953d3b0bd409a6bc4e28a6,2026-09-26T23:45:00Z,Mississippi State Bulldogs,Missouri Tigers,bovada,Bovada,2026-09-26T16:30:53Z,2026-09-26T16:30:53Z,Mississippi State Bulldogs,-5.5,-110.0,2026,2026-09-26T16:31:43Z,1070,13.652116851985856,9.821229023982998,6.330887828002858,b4347a6d6451334b228bf748d98cbd30b34b222852b6631cc98ff41b5e407018,timestamped_live_quote,FBS vs FBS
2026-09-26T16:31:43Z,f154381c89953d3b0bd409a6bc4e28a6,2026-09-26T23:45:00Z,Mississippi State Bulldogs,Missouri Tigers,bovada,Bovada,2026-09-26T16:30:53Z,2026-09-26T16:30:53Z,Missouri Tigers,5.5,-110.0,2026,2026-09-26T16:31:43Z,1070,13.652116851985856,9.821229023982998,6.330887828002858,b4347a6d6451334b228bf748d98cbd30b34b222852b6631cc98ff41b5e407018,timestamped_live_quote,FBS vs FBS
2026-09-26T16:31:43Z,891673ae39457f51a701ca482c2f7280,2026-09-27T00:00:00Z,Arkansas Razorbacks,Tulsa Golden Hurricane,fanduel,FanDuel,2026-09-26T16:31:24Z,2026-09-26T16:31:24Z,Arkansas Razorbacks,-7.5,100.0,2026,2026-09-26T16:31:43Z,1070,-2.410466499011662,9.802408639225485,-9.712875138237147,b4347a6d6451334b228bf748d98cbd30b34b222852b6631cc98ff41b5e407018,timestamped_live_quote,FBS vs FBS
2026-09-26T16:31:43Z,891673ae39457f51a701ca482c2f7280,2026-09-27T00:00:00Z,Arkansas Razorbacks,Tulsa Golden Hurricane,fanduel,FanDuel,2026-09-26T16:31:24Z,2026-09-26T16:31:24Z,Tulsa Golden Hurricane,7.5,-122.0,2026,2026-09-26T16:31:43Z,1070,-2.410466499011662,9.802408639225485,-9.712875138237147,b4347a6d6451334b228bf748d98cbd30b34b222852b6631cc98ff41b5e407018,timestamped_live_quote,FBS vs FBS
2026-09-26T16:31:43Z,891673ae39457f51a701ca482c2f7280,2026-09-27T00:00:00Z,Arkansas Razorbacks,Tulsa Golden Hurricane,mybookieag,MyBookie.ag,2026-09-26T16:31:15Z,2026-09-26T16:31:15Z,Arkansas Razorbacks,-7.0,-110.0,2026,2026-09-26T16:31:43Z,1070,-2.410466499011662,9.802408639225485,-9.712875138237147,b4347a6d6451334b228bf748d98cbd30b34b222852b6631cc98ff41b5e407018,timestamped_live_quote,FBS vs FBS
2026-09-26T16:31:43Z,891673ae39457f51a701ca482c2f7280,2026-09-27T00:00:00Z,Arkansas Razorbacks,Tulsa Golden Hurricane,mybookieag,MyBookie.ag,2026-09-26T16:31:15Z,2026-09-26T16:31:15Z,Tulsa Golden Hurricane,7.0,-110.0,2026,2026-09-26T16:31:43Z,1070,-2.410466499011662,9.802408639225485,-9.712875138237147,b4347a6d6451334b228bf748d98cbd30b34b222852b6631cc98ff41b5e407018,timestamped_live_quote,FBS vs FBS
2026-09-26T16:31:43Z,891673ae39457f51a701ca482c2f7280,2026-09-27T00:00:00Z,Arkansas Razorbacks,Tulsa Golden Hurricane,betrivers,BetRivers,2026-09-26T16:30:52Z,2026-09-26T16:30:52Z,Arkansas Razorbacks,-7.0,-112.0,2026,2026-09-26T16:31:43Z,1070,-2.410466499011662,9.802408639225485,-9.712875138237147,b4347a6d6451334b228bf748d98cbd30b34b222852b6631cc98ff41b5e407018,timestamped_live_quote,FBS vs FBS
2026-09-26T16:31:43Z,891673ae39457f51a701ca482c2f7280,2026-09-27T00:00:00Z,Arkansas Razorbacks,Tulsa Golden Hurricane,betrivers,BetRivers,2026-09-26T16:30:52Z,2026-09-26T16:30:52Z,Tulsa Golden Hurricane,7.0,-112.0,2026,2026-09-26T16:31:43Z,1070,-2.410466499011662,9.802408639225485,-9.712875138237147,b4347a6d6451334b228bf748d98cbd30b34b222852b6631cc98ff41b5e407018,timestamped_live_quote,FBS vs FBS
2026-09-26T16:31:43Z,891673ae39457f51a701ca482c2f7280,2026-09-27T00:00:00Z,Arkansas Razorbacks,Tulsa Golden Hurricane,draftkings,DraftKings,2026-09-26T16:30:56Z,2026-09-26T16:30:53Z,Arkansas Razorbacks,-7.0,-110.0,2026,2026-09-26T16:31:43Z,1070,-2.410466499011662,9.802408639225485,-9.712875138237147,b4347a6d6451334b228bf748d98cbd30b34b222852b6631cc98ff41b5e407018,timestamped_live_quote,FBS vs FBS
2026-09-26T16:31:43Z,891673ae39457f51a701ca482c2f7280,2026-09-27T00:00:00Z,Arkansas Razorbacks,Tulsa Golden Hurricane,draftkings,DraftKings,2026-09-26T16:30:56Z,2026-09-26T16:30:53Z,Tulsa Golden Hurricane,7.0,-110.0,2026,2026-09-26T16:31:43Z,1070,-2.410466499011662,9.802408639225485,-9.712875138237147,b4347a6d6451334b228bf748d98cbd30b34b222852b6631cc98ff41b5e407018,timestamped_live_quote,FBS vs FBS
2026-09-26T16:31:43Z,891673ae39457f51a701ca482c2f7280,2026-09-27T00:00:00Z,Arkansas Razorbacks,Tulsa Golden Hurricane,betonlineag,BetOnline.ag,2026-09-26T16:30:54Z,2026-09-26T16:30:51Z,Arkansas Razorbacks,-7.0,-112.0,2026,2026-09-26T16:31:43Z,1070,-2.410466499011662,9.802408639225485,-9.712875138237147,b4347a6d6451334b228bf748d98cbd30b34b222852b6631cc98ff41b5e407018,timestamped_live_quote,FBS vs FBS
2026-09-26T16:31:43Z,891673ae39457f51a701ca482c2f7280,2026-09-27T00:00:00Z,Arkansas Razorbacks,Tulsa Golden Hurricane,betonlineag,BetOnline.ag,2026-09-26T16:30:54Z,2026-09-26T16:30:51Z,Tulsa Golden Hurricane,7.0,-108.0,2026,2026-09-26T16:31:43Z,1070,-2.410466499011662,9.802408639225485,-9.712875138237147,b4347a6d6451334b228bf748d98cbd30b34b222852b6631cc98ff41b5e407018,timestamped_live_quote,FBS vs FBS
2026-09-26T16:31:43Z,891673ae39457f51a701ca482c2f7280,2026-09-27T00:00:00Z,Arkansas Razorbacks,Tulsa Golden Hurricane,lowvig,LowVig.ag,2026-09-26T16:31:23Z,2026-09-26T16:31:22Z,Arkansas Razorbacks,-7.0,-108.0,2026,2026-09-26T16:31:43Z,1070,-2.410466499011662,9.802408639225485,-9.712875138237147,b4347a6d6451334b228bf748d98cbd30b34b222852b6631cc98ff41b5e407018,timestamped_live_quote,FBS vs FBS
2026-09-26T16:31:43Z,891673ae39457f51a701ca482c2f7280,2026-09-27T00:00:00Z,Arkansas Razorbacks,Tulsa Golden Hurricane,lowvig,LowVig.ag,2026-09-26T16:31:23Z,2026-09-26T16:31:22Z,Tulsa Golden Hurricane,7.0,-104.0,2026,2026-09-26T16:31:43Z,1070,-2.410466499011662,9.802408639225485,-9.712875138237147,b4347a6d6451334b228bf748d98cbd30b34b222852b6631cc98ff41b5e407018,timestamped_live_quote,FBS vs FBS
2026-09-26T16:31:43Z,891673ae39457f51a701ca482c2f7280,2026-09-27T00:00:00Z,Arkansas Razorbacks,Tulsa Golden Hurricane,betus,BetUS,2026-09-26T16:31:42Z,2026-09-26T16:31:42Z,Arkansas Razorbacks,-7.0,-105.0,2026,2026-09-26T16:31:43Z,1070,-2.410466499011662,9.802408639225485,-9.712875138237147,b4347a6d6451334b228bf748d98cbd30b34b222852b6631cc98ff41b5e407018,timestamped_live_quote,FBS vs FBS
2026-09-26T16:31:43Z,891673ae39457f51a701ca482c2f7280,2026-09-27T00:00:00Z,Arkansas Razorbacks,Tulsa Golden Hurricane,betus,BetUS,2026-09-26T16:31:42Z,2026-09-26T16:31:42Z,Tulsa Golden Hurricane,7.0,-115.0,2026,2026-09-26T16:31:43Z,1070,-2.410466499011662,9.802408639225485,-9.712875138237147,b4347a6d6451334b228bf748d98cbd30b34b222852b6631cc98ff41b5e407018,timestamped_live_quote,FBS vs FBS
2026-09-26T16:31:43Z,891673ae39457f51a701ca482c2f7280,2026-09-27T00:00:00Z,Arkansas Razorbacks,Tulsa Golden Hurricane,betmgm,BetMGM,2026-09-26T16:31:08Z,2026-09-26T16:31:08Z,Arkansas Razorbacks,-7.0,-112.0,2026,2026-09-26T16:31:43Z,1070,-2.410466499011662,9.802408639225485,-9.712875138237147,b4347a6d6451334b228bf748d98cbd30b34b222852b6631cc98ff41b5e407018,timestamped_live_quote,FBS vs FBS
2026-09-26T16:31:43Z,891673ae39457f51a701ca482c2f7280,2026-09-27T00:00:00Z,Arkansas Razorbacks,Tulsa Golden Hurricane,betmgm,BetMGM,2026-09-26T16:31:08Z,2026-09-26T16:31:08Z,Tulsa Golden Hurricane,7.0,-108.0,2026,2026-09-26T16:31:43Z,1070,-2.410466499011662,9.802408639225485,-9.712875138237147,b4347a6d6451334b228bf748d98cbd30b34b222852b6631cc98ff41b5e407018,timestamped_live_quote,FBS vs FBS
2026-09-26T16:31:43Z,8fd491e65439f5d6b6a1edc9da7f036b,2026-09-27T00:00:00Z,UL Monroe Warhawks,Florida Atlantic Owls,fanduel,FanDuel,2026-09-26T16:31:24Z,2026-09-26T16:31:24Z,Florida Atlantic Owls,-11.5,-114.0,2026,2026-09-26T16:31:43Z,1070,-6.563471030106081,-2.671103092249966,-1.3923679378561151,b4347a6d6451334b228bf748d98cbd30b34b222852b6631cc98ff41b5e407018,timestamped_live_quote,FBS vs FBS
2026-09-26T16:31:43Z,8fd491e65439f5d6b6a1edc9da7f036b,2026-09-27T00:00:00Z,UL Monroe Warhawks,Florida Atlantic Owls,fanduel,FanDuel,2026-09-26T16:31:24Z,2026-09-26T16:31:24Z,UL Monroe Warhawks,11.5,-106.0,2026,2026-09-26T16:31:43Z,1070,-6.563471030106081,-2.671103092249966,-1.3923679378561151,b4347a6d6451334b228bf748d98cbd30b34b222852b6631cc98ff41b5e407018,timestamped_live_quote,FBS vs FBS
2026-09-26T16:31:43Z,8fd491e65439f5d6b6a1edc9da7f036b,2026-09-27T00:00:00Z,UL Monroe Warhawks,Florida Atlantic Owls,mybookieag,MyBookie.ag,2026-09-26T16:31:15Z,2026-09-26T16:31:15Z,Florida Atlantic Owls,-12.0,-110.0,2026,2026-09-26T16:31:43Z,1070,-6.563471030106081,-2.671103092249966,-1.3923679378561151,b4347a6d6451334b228bf748d98cbd30b34b222852b6631cc98ff41b5e407018,timestamped_live_quote,FBS vs FBS
2026-09-26T16:31:43Z,8fd491e65439f5d6b6a1edc9da7f036b,2026-09-27T00:00:00Z,UL Monroe Warhawks,Florida Atlantic Owls,mybookieag,MyBookie.ag,2026-09-26T16:31:15Z,2026-09-26T16:31:15Z,UL Monroe Warhawks,12.0,-110.0,2026,2026-09-26T16:31:43Z,1070,-6.563471030106081,-2.671103092249966,-1.3923679378561151,b4347a6d6451334b228bf748d98cbd30b34b222852b6631cc98ff41b5e407018,timestamped_live_quote,FBS vs FBS
2026-09-26T16:31:43Z,8fd491e65439f5d6b6a1edc9da7f036b,2026-09-27T00:00:00Z,UL Monroe Warhawks,Florida Atlantic Owls,betrivers,BetRivers,2026-09-26T16:30:52Z,2026-09-26T16:30:52Z,Florida Atlantic Owls,-11.5,-110.0,2026,2026-09-26T16:31:43Z,1070,-6.563471030106081,-2.671103092249966,-1.3923679378561151,b4347a6d6451334b228bf748d98cbd30b34b222852b6631cc98ff41b5e407018,timestamped_live_quote,FBS vs FBS
2026-09-26T16:31:43Z,8fd491e65439f5d6b6a1edc9da7f036b,2026-09-27T00:00:00Z,UL Monroe Warhawks,Florida Atlantic Owls,betrivers,BetRivers,2026-09-26T16:30:52Z,2026-09-26T16:30:52Z,UL Monroe Warhawks,11.5,-112.0,2026,2026-09-26T16:31:43Z,1070,-6.563471030106081,-2.671103092249966,-1.3923679378561151,b4347a6d6451334b228bf748d98cbd30b34b222852b6631cc98ff41b5e407018,timestamped_live_quote,FBS vs FBS
2026-09-26T16:31:43Z,8fd491e65439f5d6b6a1edc9da7f036b,2026-09-27T00:00:00Z,UL Monroe Warhawks,Florida Atlantic Owls,draftkings,DraftKings,2026-09-26T16:30:56Z,2026-09-26T16:30:53Z,Florida Atlantic Owls,-11.5,-112.0,2026,2026-09-26T16:31:43Z,1070,-6.563471030106081,-2.671103092249966,-1.3923679378561151,b4347a6d6451334b228bf748d98cbd30b34b222852b6631cc98ff41b5e407018,timestamped_live_quote,FBS vs FBS
2026-09-26T16:31:43Z,8fd491e65439f5d6b6a1edc9da7f036b,2026-09-27T00:00:00Z,UL Monroe Warhawks,Florida Atlantic Owls,draftkings,DraftKings,2026-09-26T16:30:56Z,2026-09-26T16:30:53Z,UL Monroe Warhawks,11.5,-108.0,2026,2026-09-26T16:31:43Z,1070,-6.563471030106081,-2.671103092249966,-1.3923679378561151,b4347a6d6451334b228bf748d98cbd30b34b222852b6631cc98ff41b5e407018,timestamped_live_quote,FBS vs FBS
2026-09-26T16:31:43Z,8fd491e65439f5d6b6a1edc9da7f036b,2026-09-27T00:00:00Z,UL Monroe Warhawks,Florida Atlantic Owls,lowvig,LowVig.ag,2026-09-26T16:31:23Z,2026-09-26T16:31:22Z,Florida Atlantic Owls,-11.5,-109.0,2026,2026-09-26T16:31:43Z,1070,-6.563471030106081,-2.671103092249966,-1.3923679378561151,b4347a6d6451334b228bf748d98cbd30b34b222852b6631cc98ff41b5e407018,timestamped_live_quote,FBS vs FBS
2026-09-26T16:31:43Z,8fd491e65439f5d6b6a1edc9da7f036b,2026-09-27T00:00:00Z,UL Monroe Warhawks,Florida Atlantic Owls,lowvig,LowVig.ag,2026-09-26T16:31:23Z,2026-09-26T16:31:22Z,UL Monroe Warhawks,11.5,-103.0,2026,2026-09-26T16:31:43Z,1070,-6.563471030106081,-2.671103092249966,-1.3923679378561151,b4347a6d6451334b228bf748d98cbd30b34b222852b6631cc98ff41b5e407018,timestamped_live_quote,FBS vs FBS
2026-09-26T16:31:43Z,8fd491e65439f5d6b6a1edc9da7f036b,2026-09-27T00:00:00Z,UL Monroe Warhawks,Florida Atlantic Owls,betonlineag,BetOnline.ag,2026-09-26T16:30:54Z,2026-09-26T16:30:51Z,Florida Atlantic Owls,-11.5,-113.0,2026,2026-09-26T16:31:43Z,1070,-6.563471030106081,-2.671103092249966,-1.3923679378561151,b4347a6d6451334b228bf748d98cbd30b34b222852b6631cc98ff41b5e407018,timestamped_live_quote,FBS vs FBS
2026-09-26T16:31:43Z,8fd491e65439f5d6b6a1edc9da7f036b,2026-09-27T00:00:00Z,UL Monroe Warhawks,Florida Atlantic Owls,betonlineag,BetOnline.ag,2026-09-26T16:30:54Z,2026-09-26T16:30:51Z,UL Monroe Warhawks,11.5,-107.0,2026,2026-09-26T16:31:43Z,1070,-6.563471030106081,-2.671103092249966,-1.3923679378561151,b4347a6d6451334b228bf748d98cbd30b34b222852b6631cc98ff41b5e407018,timestamped_live_quote,FBS vs FBS
2026-09-26T16:31:43Z,8fd491e65439f5d6b6a1edc9da7f036b,2026-09-27T00:00:00Z,UL Monroe Warhawks,Florida Atlantic Owls,betmgm,BetMGM,2026-09-26T16:31:08Z,2026-09-26T16:31:08Z,Florida Atlantic Owls,-12.0,-108.0,2026,2026-09-26T16:31:43Z,1070,-6.563471030106081,-2.671103092249966,-1.3923679378561151,b4347a6d6451334b228bf748d98cbd30b34b222852b6631cc98ff41b5e407018,timestamped_live_quote,FBS vs FBS
2026-09-26T16:31:43Z,8fd491e65439f5d6b6a1edc9da7f036b,2026-09-27T00:00:00Z,UL Monroe Warhawks,Florida Atlantic Owls,betmgm,BetMGM,2026-09-26T16:31:08Z,2026-09-26T16:31:08Z,UL Monroe Warhawks,12.0,-110.0,2026,2026-09-26T16:31:43Z,1070,-6.563471030106081,-2.671103092249966,-1.3923679378561151,b4347a6d6451334b228bf748d98cbd30b34b222852b6631cc98ff41b5e407018,timestamped_live_quote,FBS vs FBS
2026-09-26T16:31:43Z,8fd491e65439f5d6b6a1edc9da7f036b,2026-09-27T00:00:00Z,UL Monroe Warhawks,Florida Atlantic Owls,betus,BetUS,2026-09-26T16:31:42Z,2026-09-26T16:31:42Z,Florida Atlantic Owls,-11.5,-110.0,2026,2026-09-26T16:31:43Z,1070,-6.563471030106081,-2.671103092249966,-1.3923679378561151,b4347a6d6451334b228bf748d98cbd30b34b222852b6631cc98ff41b5e407018,timestamped_live_quote,FBS vs FBS
2026-09-26T16:31:43Z,8fd491e65439f5d6b6a1edc9da7f036b,2026-09-27T00:00:00Z,UL Monroe Warhawks,Florida Atlantic Owls,betus,BetUS,2026-09-26T16:31:42Z,2026-09-26T16:31:42Z,UL Monroe Warhawks,11.5,-110.0,2026,2026-09-26T16:31:43Z,1070,-6.563471030106081,-2.671103092249966,-1.3923679378561151,b4347a6d6451334b228bf748d98cbd30b34b222852b6631cc98ff41b5e407018,timestamped_live_quote,FBS vs FBS
2026-09-26T16:31:43Z,8fd491e65439f5d6b6a1edc9da7f036b,2026-09-27T00:00:00Z,UL Monroe Warhawks,Florida Atlantic Owls,bovada,Bovada,2026-09-26T16:30:53Z,2026-09-26T16:30:53Z,Florida Atlantic Owls,-11.5,-110.0,2026,2026-09-26T16:31:43Z,1070,-6.563471030106081,-2.671103092249966,-1.3923679378561151,b4347a6d6451334b228bf748d98cbd30b34b222852b6631cc98ff41b5e407018,timestamped_live_quote,FBS vs FBS
2026-09-26T16:31:43Z,8fd491e65439f5d6b6a1edc9da7f036b,2026-09-27T00:00:00Z,UL Monroe Warhawks,Florida Atlantic Owls,bovada,Bovada,2026-09-26T16:30:53Z,2026-09-26T16:30:53Z,UL Monroe Warhawks,11.5,-110.0,2026,2026-09-26T16:31:43Z,1070,-6.563471030106081,-2.671103092249966,-1.3923679378561151,b4347a6d6451334b228bf748d98cbd30b34b222852b6631cc98ff41b5e407018,timestamped_live_quote,FBS vs FBS
2026-09-26T16:31:43Z,4d76388c84fc859e6bae8ff267266872,2026-09-27T01:00:00Z,SMU Mustangs,Missouri State Bears,fanduel,FanDuel,2026-09-26T16:31:24Z,2026-09-26T16:31:24Z,Missouri State Bears,32.5,-115.0,2026,2026-09-26T16:31:43Z,1070,7.609203834447439,-3.201521730675857,13.310725565123295,b4347a6d6451334b228bf748d98cbd30b34b222852b6631cc98ff41b5e407018,timestamped_live_quote,FBS vs FBS
2026-09-26T16:31:43Z,4d76388c84fc859e6bae8ff267266872,2026-09-27T01:00:00Z,SMU Mustangs,Missouri State Bears,fanduel,FanDuel,2026-09-26T16:31:24Z,2026-09-26T16:31:24Z,SMU Mustangs,-32.5,-105.0,2026,2026-09-26T16:31:43Z,1070,7.609203834447439,-3.201521730675857,13.310725565123295,b4347a6d6451334b228bf748d98cbd30b34b222852b6631cc98ff41b5e407018,timestamped_live_quote,FBS vs FBS
2026-09-26T16:31:43Z,4d76388c84fc859e6bae8ff267266872,2026-09-27T01:00:00Z,SMU Mustangs,Missouri State Bears,betrivers,BetRivers,2026-09-26T16:30:52Z,2026-09-26T16:30:52Z,Missouri State Bears,33.0,-112.0,2026,2026-09-26T16:31:43Z,1070,7.609203834447439,-3.201521730675857,13.310725565123295,b4347a6d6451334b228bf748d98cbd30b34b222852b6631cc98ff41b5e407018,timestamped_live_quote,FBS vs FBS
2026-09-26T16:31:43Z,4d76388c84fc859e6bae8ff267266872,2026-09-27T01:00:00Z,SMU Mustangs,Missouri State Bears,betrivers,BetRivers,2026-09-26T16:30:52Z,2026-09-26T16:30:52Z,SMU Mustangs,-33.0,-112.0,2026,2026-09-26T16:31:43Z,1070,7.609203834447439,-3.201521730675857,13.310725565123295,b4347a6d6451334b228bf748d98cbd30b34b222852b6631cc98ff41b5e407018,timestamped_live_quote,FBS vs FBS
2026-09-26T16:31:43Z,4d76388c84fc859e6bae8ff267266872,2026-09-27T01:00:00Z,SMU Mustangs,Missouri State Bears,draftkings,DraftKings,2026-09-26T16:30:56Z,2026-09-26T16:30:53Z,Missouri State Bears,32.5,-112.0,2026,2026-09-26T16:31:43Z,1070,7.609203834447439,-3.201521730675857,13.310725565123295,b4347a6d6451334b228bf748d98cbd30b34b222852b6631cc98ff41b5e407018,timestamped_live_quote,FBS vs FBS
2026-09-26T16:31:43Z,4d76388c84fc859e6bae8ff267266872,2026-09-27T01:00:00Z,SMU Mustangs,Missouri State Bears,draftkings,DraftKings,2026-09-26T16:30:56Z,2026-09-26T16:30:53Z,SMU Mustangs,-32.5,-108.0,2026,2026-09-26T16:31:43Z,1070,7.609203834447439,-3.201521730675857,13.310725565123295,b4347a6d6451334b228bf748d98cbd30b34b222852b6631cc98ff41b5e407018,timestamped_live_quote,FBS vs FBS
2026-09-26T16:31:43Z,4d76388c84fc859e6bae8ff267266872,2026-09-27T01:00:00Z,SMU Mustangs,Missouri State Bears,lowvig,LowVig.ag,2026-09-26T16:31:23Z,2026-09-26T16:31:22Z,Missouri State Bears,32.0,-101.0,2026,2026-09-26T16:31:43Z,1070,7.609203834447439,-3.201521730675857,13.310725565123295,b4347a6d6451334b228bf748d98cbd30b34b222852b6631cc98ff41b5e407018,timestamped_live_quote,FBS vs FBS
2026-09-26T16:31:43Z,4d76388c84fc859e6bae8ff267266872,2026-09-27T01:00:00Z,SMU Mustangs,Missouri State Bears,lowvig,LowVig.ag,2026-09-26T16:31:23Z,2026-09-26T16:31:22Z,SMU Mustangs,-32.0,-111.0,2026,2026-09-26T16:31:43Z,1070,7.609203834447439,-3.201521730675857,13.310725565123295,b4347a6d6451334b228bf748d98cbd30b34b222852b6631cc98ff41b5e407018,timestamped_live_quote,FBS vs FBS
2026-09-26T16:31:43Z,4d76388c84fc859e6bae8ff267266872,2026-09-27T01:00:00Z,SMU Mustangs,Missouri State Bears,betonlineag,BetOnline.ag,2026-09-26T16:30:54Z,2026-09-26T16:30:51Z,Missouri State Bears,32.0,-105.0,2026,2026-09-26T16:31:43Z,1070,7.609203834447439,-3.201521730675857,13.310725565123295,b4347a6d6451334b228bf748d98cbd30b34b222852b6631cc98ff41b5e407018,timestamped_live_quote,FBS vs FBS
2026-09-26T16:31:43Z,4d76388c84fc859e6bae8ff267266872,2026-09-27T01:00:00Z,SMU Mustangs,Missouri State Bears,betonlineag,BetOnline.ag,2026-09-26T16:30:54Z,2026-09-26T16:30:51Z,SMU Mustangs,-32.0,-115.0,2026,2026-09-26T16:31:43Z,1070,7.609203834447439,-3.201521730675857,13.310725565123295,b4347a6d6451334b228bf748d98cbd30b34b222852b6631cc98ff41b5e407018,timestamped_live_quote,FBS vs FBS
2026-09-26T16:31:43Z,4d76388c84fc859e6bae8ff267266872,2026-09-27T01:00:00Z,SMU Mustangs,Missouri State Bears,betmgm,BetMGM,2026-09-26T16:31:08Z,2026-09-26T16:31:08Z,Missouri State Bears,32.0,-108.0,2026,2026-09-26T16:31:43Z,1070,7.609203834447439,-3.201521730675857,13.310725565123295,b4347a6d6451334b228bf748d98cbd30b34b222852b6631cc98ff41b5e407018,timestamped_live_quote,FBS vs FBS
2026-09-26T16:31:43Z,4d76388c84fc859e6bae8ff267266872,2026-09-27T01:00:00Z,SMU Mustangs,Missouri State Bears,betmgm,BetMGM,2026-09-26T16:31:08Z,2026-09-26T16:31:08Z,SMU Mustangs,-32.0,-110.0,2026,2026-09-26T16:31:43Z,1070,7.609203834447439,-3.201521730675857,13.310725565123295,b4347a6d6451334b228bf748d98cbd30b34b222852b6631cc98ff41b5e407018,timestamped_live_quote,FBS vs FBS
2026-09-26T16:31:43Z,4d76388c84fc859e6bae8ff267266872,2026-09-27T01:00:00Z,SMU Mustangs,Missouri State Bears,betus,BetUS,2026-09-26T16:31:42Z,2026-09-26T16:31:42Z,Missouri State Bears,32.5,-110.0,2026,2026-09-26T16:31:43Z,1070,7.609203834447439,-3.201521730675857,13.310725565123295,b4347a6d6451334b228bf748d98cbd30b34b222852b6631cc98ff41b5e407018,timestamped_live_quote,FBS vs FBS
2026-09-26T16:31:43Z,4d76388c84fc859e6bae8ff267266872,2026-09-27T01:00:00Z,SMU Mustangs,Missouri State Bears,betus,BetUS,2026-09-26T16:31:42Z,2026-09-26T16:31:42Z,SMU Mustangs,-32.5,-110.0,2026,2026-09-26T16:31:43Z,1070,7.609203834447439,-3.201521730675857,13.310725565123295,b4347a6d6451334b228bf748d98cbd30b34b222852b6631cc98ff41b5e407018,timestamped_live_quote,FBS vs FBS
2026-09-26T16:31:43Z,4d76388c84fc859e6bae8ff267266872,2026-09-27T01:00:00Z,SMU Mustangs,Missouri State Bears,bovada,Bovada,2026-09-26T16:30:53Z,2026-09-26T16:30:53Z,Missouri State Bears,33.5,-115.0,2026,2026-09-26T16:31:43Z,1070,7.609203834447439,-3.201521730675857,13.310725565123295,b4347a6d6451334b228bf748d98cbd30b34b222852b6631cc98ff41b5e407018,timestamped_live_quote,FBS vs FBS
2026-09-26T16:31:43Z,4d76388c84fc859e6bae8ff267266872,2026-09-27T01:00:00Z,SMU Mustangs,Missouri State Bears,bovada,Bovada,2026-09-26T16:30:53Z,2026-09-26T16:30:53Z,SMU Mustangs,-33.5,-105.0,2026,2026-09-26T16:31:43Z,1070,7.609203834447439,-3.201521730675857,13.310725565123295,b4347a6d6451334b228bf748d98cbd30b34b222852b6631cc98ff41b5e407018,timestamped_live_quote,FBS vs FBS
2026-09-26T16:31:43Z,4d76388c84fc859e6bae8ff267266872,2026-09-27T01:00:00Z,SMU Mustangs,Missouri State Bears,mybookieag,MyBookie.ag,2026-09-26T16:31:15Z,2026-09-26T16:31:15Z,Missouri State Bears,32.5,-110.0,2026,2026-09-26T16:31:43Z,1070,7.609203834447439,-3.201521730675857,13.310725565123295,b4347a6d6451334b228bf748d98cbd30b34b222852b6631cc98ff41b5e407018,timestamped_live_quote,FBS vs FBS
2026-09-26T16:31:43Z,4d76388c84fc859e6bae8ff267266872,2026-09-27T01:00:00Z,SMU Mustangs,Missouri State Bears,mybookieag,MyBookie.ag,2026-09-26T16:31:15Z,2026-09-26T16:31:15Z,SMU Mustangs,-32.5,-110.0,2026,2026-09-26T16:31:43Z,1070,7.609203834447439,-3.201521730675857,13.310725565123295,b4347a6d6451334b228bf748d98cbd30b34b222852b6631cc98ff41b5e407018,timestamped_live_quote,FBS vs FBS
2026-09-26T16:31:43Z,a48c4a759a03a93bf42e23d2f8bf769e,2026-09-27T01:00:00Z,UTEP Miners,Oregon State Beavers,fanduel,FanDuel,2026-09-26T16:31:24Z,2026-09-26T16:31:24Z,Oregon State Beavers,-11.5,-110.0,2026,2026-09-26T16:31:43Z,1070,-5.476437945472012,3.81192432213797,-6.7883622676099815,b4347a6d6451334b228bf748d98cbd30b34b222852b6631cc98ff41b5e407018,timestamped_live_quote,FBS vs FBS
2026-09-26T16:31:43Z,a48c4a759a03a93bf42e23d2f8bf769e,2026-09-27T01:00:00Z,UTEP Miners,Oregon State Beavers,fanduel,FanDuel,2026-09-26T16:31:24Z,2026-09-26T16:31:24Z,UTEP Miners,11.5,-110.0,2026,2026-09-26T16:31:43Z,1070,-5.476437945472012,3.81192432213797,-6.7883622676099815,b4347a6d6451334b228bf748d98cbd30b34b222852b6631cc98ff41b5e407018,timestamped_live_quote,FBS vs FBS
2026-09-26T16:31:43Z,a48c4a759a03a93bf42e23d2f8bf769e,2026-09-27T01:00:00Z,UTEP Miners,Oregon State Beavers,mybookieag,MyBookie.ag,2026-09-26T16:31:15Z,2026-09-26T16:31:15Z,Oregon State Beavers,-11.0,-110.0,2026,2026-09-26T16:31:43Z,1070,-5.476437945472012,3.81192432213797,-6.7883622676099815,b4347a6d6451334b228bf748d98cbd30b34b222852b6631cc98ff41b5e407018,timestamped_live_quote,FBS vs FBS
2026-09-26T16:31:43Z,a48c4a759a03a93bf42e23d2f8bf769e,2026-09-27T01:00:00Z,UTEP Miners,Oregon State Beavers,mybookieag,MyBookie.ag,2026-09-26T16:31:15Z,2026-09-26T16:31:15Z,UTEP Miners,11.0,-110.0,2026,2026-09-26T16:31:43Z,1070,-5.476437945472012,3.81192432213797,-6.7883622676099815,b4347a6d6451334b228bf748d98cbd30b34b222852b6631cc98ff41b5e407018,timestamped_live_quote,FBS vs FBS
2026-09-26T16:31:43Z,a48c4a759a03a93bf42e23d2f8bf769e,2026-09-27T01:00:00Z,UTEP Miners,Oregon State Beavers,betrivers,BetRivers,2026-09-26T16:30:52Z,2026-09-26T16:30:52Z,Oregon State Beavers,-11.0,-114.0,2026,2026-09-26T16:31:43Z,1070,-5.476437945472012,3.81192432213797,-6.7883622676099815,b4347a6d6451334b228bf748d98cbd30b34b222852b6631cc98ff41b5e407018,timestamped_live_quote,FBS vs FBS
2026-09-26T16:31:43Z,a48c4a759a03a93bf42e23d2f8bf769e,2026-09-27T01:00:00Z,UTEP Miners,Oregon State Beavers,betrivers,BetRivers,2026-09-26T16:30:52Z,2026-09-26T16:30:52Z,UTEP Miners,11.0,-109.0,2026,2026-09-26T16:31:43Z,1070,-5.476437945472012,3.81192432213797,-6.7883622676099815,b4347a6d6451334b228bf748d98cbd30b34b222852b6631cc98ff41b5e407018,timestamped_live_quote,FBS vs FBS
2026-09-26T16:31:43Z,a48c4a759a03a93bf42e23d2f8bf769e,2026-09-27T01:00:00Z,UTEP Miners,Oregon State Beavers,draftkings,DraftKings,2026-09-26T16:30:56Z,2026-09-26T16:30:53Z,Oregon State Beavers,-11.5,-108.0,2026,2026-09-26T16:31:43Z,1070,-5.476437945472012,3.81192432213797,-6.7883622676099815,b4347a6d6451334b228bf748d98cbd30b34b222852b6631cc98ff41b5e407018,timestamped_live_quote,FBS vs FBS
2026-09-26T16:31:43Z,a48c4a759a03a93bf42e23d2f8bf769e,2026-09-27T01:00:00Z,UTEP Miners,Oregon State Beavers,draftkings,DraftKings,2026-09-26T16:30:56Z,2026-09-26T16:30:53Z,UTEP Miners,11.5,-112.0,2026,2026-09-26T16:31:43Z,1070,-5.476437945472012,3.81192432213797,-6.7883622676099815,b4347a6d6451334b228bf748d98cbd30b34b222852b6631cc98ff41b5e407018,timestamped_live_quote,FBS vs FBS
2026-09-26T16:31:43Z,a48c4a759a03a93bf42e23d2f8bf769e,2026-09-27T01:00:00Z,UTEP Miners,Oregon State Beavers,lowvig,LowVig.ag,2026-09-26T16:31:23Z,2026-09-26T16:31:22Z,Oregon State Beavers,-11.0,-106.0,2026,2026-09-26T16:31:43Z,1070,-5.476437945472012,3.81192432213797,-6.7883622676099815,b4347a6d6451334b228bf748d98cbd30b34b222852b6631cc98ff41b5e407018,timestamped_live_quote,FBS vs FBS
2026-09-26T16:31:43Z,a48c4a759a03a93bf42e23d2f8bf769e,2026-09-27T01:00:00Z,UTEP Miners,Oregon State Beavers,lowvig,LowVig.ag,2026-09-26T16:31:23Z,2026-09-26T16:31:22Z,UTEP Miners,11.0,-106.0,2026,2026-09-26T16:31:43Z,1070,-5.476437945472012,3.81192432213797,-6.7883622676099815,b4347a6d6451334b228bf748d98cbd30b34b222852b6631cc98ff41b5e407018,timestamped_live_quote,FBS vs FBS
2026-09-26T16:31:43Z,a48c4a759a03a93bf42e23d2f8bf769e,2026-09-27T01:00:00Z,UTEP Miners,Oregon State Beavers,betonlineag,BetOnline.ag,2026-09-26T16:30:54Z,2026-09-26T16:30:51Z,Oregon State Beavers,-11.0,-110.0,2026,2026-09-26T16:31:43Z,1070,-5.476437945472012,3.81192432213797,-6.7883622676099815,b4347a6d6451334b228bf748d98cbd30b34b222852b6631cc98ff41b5e407018,timestamped_live_quote,FBS vs FBS
2026-09-26T16:31:43Z,a48c4a759a03a93bf42e23d2f8bf769e,2026-09-27T01:00:00Z,UTEP Miners,Oregon State Beavers,betonlineag,BetOnline.ag,2026-09-26T16:30:54Z,2026-09-26T16:30:51Z,UTEP Miners,11.0,-110.0,2026,2026-09-26T16:31:43Z,1070,-5.476437945472012,3.81192432213797,-6.7883622676099815,b4347a6d6451334b228bf748d98cbd30b34b222852b6631cc98ff41b5e407018,timestamped_live_quote,FBS vs FBS
2026-09-26T16:31:43Z,a48c4a759a03a93bf42e23d2f8bf769e,2026-09-27T01:00:00Z,UTEP Miners,Oregon State Beavers,betus,BetUS,2026-09-26T16:31:42Z,2026-09-26T16:31:42Z,Oregon State Beavers,-11.5,-110.0,2026,2026-09-26T16:31:43Z,1070,-5.476437945472012,3.81192432213797,-6.7883622676099815,b4347a6d6451334b228bf748d98cbd30b34b222852b6631cc98ff41b5e407018,timestamped_live_quote,FBS vs FBS
2026-09-26T16:31:43Z,a48c4a759a03a93bf42e23d2f8bf769e,2026-09-27T01:00:00Z,UTEP Miners,Oregon State Beavers,betus,BetUS,2026-09-26T16:31:42Z,2026-09-26T16:31:42Z,UTEP Miners,11.5,-110.0,2026,2026-09-26T16:31:43Z,1070,-5.476437945472012,3.81192432213797,-6.7883622676099815,b4347a6d6451334b228bf748d98cbd30b34b222852b6631cc98ff41b5e407018,timestamped_live_quote,FBS vs FBS
2026-09-26T16:31:43Z,a48c4a759a03a93bf42e23d2f8bf769e,2026-09-27T01:00:00Z,UTEP Miners,Oregon State Beavers,betmgm,BetMGM,2026-09-26T16:31:08Z,2026-09-26T16:31:08Z,Oregon State Beavers,-11.5,-108.0,2026,2026-09-26T16:31:43Z,1070,-5.476437945472012,3.81192432213797,-6.7883622676099815,b4347a6d6451334b228bf748d98cbd30b34b222852b6631cc98ff41b5e407018,timestamped_live_quote,FBS vs FBS
2026-09-26T16:31:43Z,a48c4a759a03a93bf42e23d2f8bf769e,2026-09-27T01:00:00Z,UTEP Miners,Oregon State Beavers,betmgm,BetMGM,2026-09-26T16:31:08Z,2026-09-26T16:31:08Z,UTEP Miners,11.5,-110.0,2026,2026-09-26T16:31:43Z,1070,-5.476437945472012,3.81192432213797,-6.7883622676099815,b4347a6d6451334b228bf748d98cbd30b34b222852b6631cc98ff41b5e407018,timestamped_live_quote,FBS vs FBS
2026-09-26T16:31:43Z,a48c4a759a03a93bf42e23d2f8bf769e,2026-09-27T01:00:00Z,UTEP Miners,Oregon State Beavers,bovada,Bovada,2026-09-26T16:30:53Z,2026-09-26T16:30:53Z,Oregon State Beavers,-11.5,-110.0,2026,2026-09-26T16:31:43Z,1070,-5.476437945472012,3.81192432213797,-6.7883622676099815,b4347a6d6451334b228bf748d98cbd30b34b222852b6631cc98ff41b5e407018,timestamped_live_quote,FBS vs FBS
2026-09-26T16:31:43Z,a48c4a759a03a93bf42e23d2f8bf769e,2026-09-27T01:00:00Z,UTEP Miners,Oregon State Beavers,bovada,Bovada,2026-09-26T16:30:53Z,2026-09-26T16:30:53Z,UTEP Miners,11.5,-110.0,2026,2026-09-26T16:31:43Z,1070,-5.476437945472012,3.81192432213797,-6.7883622676099815,b4347a6d6451334b228bf748d98cbd30b34b222852b6631cc98ff41b5e407018,timestamped_live_quote,FBS vs FBS
2026-09-26T16:31:43Z,dc2fd7526ea0bba9adc09a5627b637bf,2026-09-27T01:00:00Z,Sacramento State Hornets,UMass Minutemen,fanduel,FanDuel,2026-09-26T16:31:24Z,2026-09-26T16:31:24Z,Sacramento State Hornets,4.5,-110.0,2026,2026-09-26T16:31:43Z,1070,,,,b4347a6d6451334b228bf748d98cbd30b34b222852b6631cc98ff41b5e407018,division_safety_suppressed,Unverified division / FCS: model suppressed
2026-09-26T16:31:43Z,dc2fd7526ea0bba9adc09a5627b637bf,2026-09-27T01:00:00Z,Sacramento State Hornets,UMass Minutemen,fanduel,FanDuel,2026-09-26T16:31:24Z,2026-09-26T16:31:24Z,UMass Minutemen,-4.5,-110.0,2026,2026-09-26T16:31:43Z,1070,,,,b4347a6d6451334b228bf748d98cbd30b34b222852b6631cc98ff41b5e407018,division_safety_suppressed,Unverified division / FCS: model suppressed
2026-09-26T16:31:43Z,dc2fd7526ea0bba9adc09a5627b637bf,2026-09-27T01:00:00Z,Sacramento State Hornets,UMass Minutemen,draftkings,DraftKings,2026-09-26T16:30:56Z,2026-09-26T16:30:53Z,Sacramento State Hornets,4.5,-110.0,2026,2026-09-26T16:31:43Z,1070,,,,b4347a6d6451334b228bf748d98cbd30b34b222852b6631cc98ff41b5e407018,division_safety_suppressed,Unverified division / FCS: model suppressed
2026-09-26T16:31:43Z,dc2fd7526ea0bba9adc09a5627b637bf,2026-09-27T01:00:00Z,Sacramento State Hornets,UMass Minutemen,draftkings,DraftKings,2026-09-26T16:30:56Z,2026-09-26T16:30:53Z,UMass Minutemen,-4.5,-110.0,2026,2026-09-26T16:31:43Z,1070,,,,b4347a6d6451334b228bf748d98cbd30b34b222852b6631cc98ff41b5e407018,division_safety_suppressed,Unverified division / FCS: model suppressed
2026-09-26T16:31:43Z,dc2fd7526ea0bba9adc09a5627b637bf,2026-09-27T01:00:00Z,Sacramento State Hornets,UMass Minutemen,betonlineag,BetOnline.ag,2026-09-26T16:30:54Z,2026-09-26T16:30:51Z,Sacramento State Hornets,4.5,-108.0,2026,2026-09-26T16:31:43Z,1070,,,,b4347a6d6451334b228bf748d98cbd30b34b222852b6631cc98ff41b5e407018,division_safety_suppressed,Unverified division / FCS: model suppressed
2026-09-26T16:31:43Z,dc2fd7526ea0bba9adc09a5627b637bf,2026-09-27T01:00:00Z,Sacramento State Hornets,UMass Minutemen,betonlineag,BetOnline.ag,2026-09-26T16:30:54Z,2026-09-26T16:30:51Z,UMass Minutemen,-4.5,-112.0,2026,2026-09-26T16:31:43Z,1070,,,,b4347a6d6451334b228bf748d98cbd30b34b222852b6631cc98ff41b5e407018,division_safety_suppressed,Unverified division / FCS: model suppressed
2026-09-26T16:31:43Z,dc2fd7526ea0bba9adc09a5627b637bf,2026-09-27T01:00:00Z,Sacramento State Hornets,UMass Minutemen,lowvig,LowVig.ag,2026-09-26T16:31:23Z,2026-09-26T16:31:22Z,Sacramento State Hornets,4.5,-104.0,2026,2026-09-26T16:31:43Z,1070,,,,b4347a6d6451334b228bf748d98cbd30b34b222852b6631cc98ff41b5e407018,division_safety_suppressed,Unverified division / FCS: model suppressed
2026-09-26T16:31:43Z,dc2fd7526ea0bba9adc09a5627b637bf,2026-09-27T01:00:00Z,Sacramento State Hornets,UMass Minutemen,lowvig,LowVig.ag,2026-09-26T16:31:23Z,2026-09-26T16:31:22Z,UMass Minutemen,-4.5,-108.0,2026,2026-09-26T16:31:43Z,1070,,,,b4347a6d6451334b228bf748d98cbd30b34b222852b6631cc98ff41b5e407018,division_safety_suppressed,Unverified division / FCS: model suppressed
2026-09-26T16:31:43Z,dc2fd7526ea0bba9adc09a5627b637bf,2026-09-27T01:00:00Z,Sacramento State Hornets,UMass Minutemen,betus,BetUS,2026-09-26T16:31:42Z,2026-09-26T16:31:42Z,Sacramento State Hornets,4.5,-110.0,2026,2026-09-26T16:31:43Z,1070,,,,b4347a6d6451334b228bf748d98cbd30b34b222852b6631cc98ff41b5e407018,division_safety_suppressed,Unverified division / FCS: model suppressed
2026-09-26T16:31:43Z,dc2fd7526ea0bba9adc09a5627b637bf,2026-09-27T01:00:00Z,Sacramento State Hornets,UMass Minutemen,betus,BetUS,2026-09-26T16:31:42Z,2026-09-26T16:31:42Z,UMass Minutemen,-4.5,-110.0,2026,2026-09-26T16:31:43Z,1070,,,,b4347a6d6451334b228bf748d98cbd30b34b222852b6631cc98ff41b5e407018,division_safety_suppressed,Unverified division / FCS: model suppressed
2026-09-26T16:31:43Z,dc2fd7526ea0bba9adc09a5627b637bf,2026-09-27T01:00:00Z,Sacramento State Hornets,UMass Minutemen,betmgm,BetMGM,2026-09-26T16:31:08Z,2026-09-26T16:31:08Z,Sacramento State Hornets,4.5,-110.0,2026,2026-09-26T16:31:43Z,1070,,,,b4347a6d6451334b228bf748d98cbd30b34b222852b6631cc98ff41b5e407018,division_safety_suppressed,Unverified division / FCS: model suppressed
2026-09-26T16:31:43Z,dc2fd7526ea0bba9adc09a5627b637bf,2026-09-27T01:00:00Z,Sacramento State Hornets,UMass Minutemen,betmgm,BetMGM,2026-09-26T16:31:08Z,2026-09-26T16:31:08Z,UMass Minutemen,-4.5,-108.0,2026,2026-09-26T16:31:43Z,1070,,,,b4347a6d6451334b228bf748d98cbd30b34b222852b6631cc98ff41b5e407018,division_safety_suppressed,Unverified division / FCS: model suppressed
2026-09-26T16:31:43Z,dc2fd7526ea0bba9adc09a5627b637bf,2026-09-27T01:00:00Z,Sacramento State Hornets,UMass Minutemen,betrivers,BetRivers,2026-09-26T16:30:52Z,2026-09-26T16:30:52Z,Sacramento State Hornets,5.0,-109.0,2026,2026-09-26T16:31:43Z,1070,,,,b4347a6d6451334b228bf748d98cbd30b34b222852b6631cc98ff41b5e407018,division_safety_suppressed,Unverified division / FCS: model suppressed
2026-09-26T16:31:43Z,dc2fd7526ea0bba9adc09a5627b637bf,2026-09-27T01:00:00Z,Sacramento State Hornets,UMass Minutemen,betrivers,BetRivers,2026-09-26T16:30:52Z,2026-09-26T16:30:52Z,UMass Minutemen,-5.0,-113.0,2026,2026-09-26T16:31:43Z,1070,,,,b4347a6d6451334b228bf748d98cbd30b34b222852b6631cc98ff41b5e407018,division_safety_suppressed,Unverified division / FCS: model suppressed
2026-09-26T16:31:43Z,dc2fd7526ea0bba9adc09a5627b637bf,2026-09-27T01:00:00Z,Sacramento State Hornets,UMass Minutemen,bovada,Bovada,2026-09-26T16:30:53Z,2026-09-26T16:30:53Z,Sacramento State Hornets,4.5,-115.0,2026,2026-09-26T16:31:43Z,1070,,,,b4347a6d6451334b228bf748d98cbd30b34b222852b6631cc98ff41b5e407018,division_safety_suppressed,Unverified division / FCS: model suppressed
2026-09-26T16:31:43Z,dc2fd7526ea0bba9adc09a5627b637bf,2026-09-27T01:00:00Z,Sacramento State Hornets,UMass Minutemen,bovada,Bovada,2026-09-26T16:30:53Z,2026-09-26T16:30:53Z,UMass Minutemen,-4.5,-105.0,2026,2026-09-26T16:31:43Z,1070,,,,b4347a6d6451334b228bf748d98cbd30b34b222852b6631cc98ff41b5e407018,division_safety_suppressed,Unverified division / FCS: model suppressed
2026-09-26T16:31:43Z,271438149d3f0afb2ff01736101b5e20,2026-09-27T02:00:00Z,Fresno State Bulldogs,Rice Owls,fanduel,FanDuel,2026-09-26T16:31:24Z,2026-09-26T16:31:24Z,Fresno State Bulldogs,-13.5,100.0,2026,2026-09-26T16:31:43Z,1070,4.341357142320407,-0.8574583241742502,7.698815466494658,b4347a6d6451334b228bf748d98cbd30b34b222852b6631cc98ff41b5e407018,timestamped_live_quote,FBS vs FBS
2026-09-26T16:31:43Z,271438149d3f0afb2ff01736101b5e20,2026-09-27T02:00:00Z,Fresno State Bulldogs,Rice Owls,fanduel,FanDuel,2026-09-26T16:31:24Z,2026-09-26T16:31:24Z,Rice Owls,13.5,-122.0,2026,2026-09-26T16:31:43Z,1070,4.341357142320407,-0.8574583241742502,7.698815466494658,b4347a6d6451334b228bf748d98cbd30b34b222852b6631cc98ff41b5e407018,timestamped_live_quote,FBS vs FBS
2026-09-26T16:31:43Z,271438149d3f0afb2ff01736101b5e20,2026-09-27T02:00:00Z,Fresno State Bulldogs,Rice Owls,mybookieag,MyBookie.ag,2026-09-26T16:31:15Z,2026-09-26T16:31:15Z,Fresno State Bulldogs,-13.0,-110.0,2026,2026-09-26T16:31:43Z,1070,4.341357142320407,-0.8574583241742502,7.698815466494658,b4347a6d6451334b228bf748d98cbd30b34b222852b6631cc98ff41b5e407018,timestamped_live_quote,FBS vs FBS
2026-09-26T16:31:43Z,271438149d3f0afb2ff01736101b5e20,2026-09-27T02:00:00Z,Fresno State Bulldogs,Rice Owls,mybookieag,MyBookie.ag,2026-09-26T16:31:15Z,2026-09-26T16:31:15Z,Rice Owls,13.0,-110.0,2026,2026-09-26T16:31:43Z,1070,4.341357142320407,-0.8574583241742502,7.698815466494658,b4347a6d6451334b228bf748d98cbd30b34b222852b6631cc98ff41b5e407018,timestamped_live_quote,FBS vs FBS
2026-09-26T16:31:43Z,271438149d3f0afb2ff01736101b5e20,2026-09-27T02:00:00Z,Fresno State Bulldogs,Rice Owls,draftkings,DraftKings,2026-09-26T16:30:56Z,2026-09-26T16:30:53Z,Fresno State Bulldogs,-13.5,-105.0,2026,2026-09-26T16:31:43Z,1070,4.341357142320407,-0.8574583241742502,7.698815466494658,b4347a6d6451334b228bf748d98cbd30b34b222852b6631cc98ff41b5e407018,timestamped_live_quote,FBS vs FBS
2026-09-26T16:31:43Z,271438149d3f0afb2ff01736101b5e20,2026-09-27T02:00:00Z,Fresno State Bulldogs,Rice Owls,draftkings,DraftKings,2026-09-26T16:30:56Z,2026-09-26T16:30:53Z,Rice Owls,13.5,-115.0,2026,2026-09-26T16:31:43Z,1070,4.341357142320407,-0.8574583241742502,7.698815466494658,b4347a6d6451334b228bf748d98cbd30b34b222852b6631cc98ff41b5e407018,timestamped_live_quote,FBS vs FBS
2026-09-26T16:31:43Z,271438149d3f0afb2ff01736101b5e20,2026-09-27T02:00:00Z,Fresno State Bulldogs,Rice Owls,betonlineag,BetOnline.ag,2026-09-26T16:30:54Z,2026-09-26T16:30:51Z,Fresno State Bulldogs,-13.5,-105.0,2026,2026-09-26T16:31:43Z,1070,4.341357142320407,-0.8574583241742502,7.698815466494658,b4347a6d6451334b228bf748d98cbd30b34b222852b6631cc98ff41b5e407018,timestamped_live_quote,FBS vs FBS
2026-09-26T16:31:43Z,271438149d3f0afb2ff01736101b5e20,2026-09-27T02:00:00Z,Fresno State Bulldogs,Rice Owls,betonlineag,BetOnline.ag,2026-09-26T16:30:54Z,2026-09-26T16:30:51Z,Rice Owls,13.5,-115.0,2026,2026-09-26T16:31:43Z,1070,4.341357142320407,-0.8574583241742502,7.698815466494658,b4347a6d6451334b228bf748d98cbd30b34b222852b6631cc98ff41b5e407018,timestamped_live_quote,FBS vs FBS
2026-09-26T16:31:43Z,271438149d3f0afb2ff01736101b5e20,2026-09-27T02:00:00Z,Fresno State Bulldogs,Rice Owls,lowvig,LowVig.ag,2026-09-26T16:31:23Z,2026-09-26T16:31:22Z,Fresno State Bulldogs,-13.5,-101.0,2026,2026-09-26T16:31:43Z,1070,4.341357142320407,-0.8574583241742502,7.698815466494658,b4347a6d6451334b228bf748d98cbd30b34b222852b6631cc98ff41b5e407018,timestamped_live_quote,FBS vs FBS
2026-09-26T16:31:43Z,271438149d3f0afb2ff01736101b5e20,2026-09-27T02:00:00Z,Fresno State Bulldogs,Rice Owls,lowvig,LowVig.ag,2026-09-26T16:31:23Z,2026-09-26T16:31:22Z,Rice Owls,13.5,-111.0,2026,2026-09-26T16:31:43Z,1070,4.341357142320407,-0.8574583241742502,7.698815466494658,b4347a6d6451334b228bf748d98cbd30b34b222852b6631cc98ff41b5e407018,timestamped_live_quote,FBS vs FBS
2026-09-26T16:31:43Z,271438149d3f0afb2ff01736101b5e20,2026-09-27T02:00:00Z,Fresno State Bulldogs,Rice Owls,betus,BetUS,2026-09-26T16:31:42Z,2026-09-26T16:31:42Z,Fresno State Bulldogs,-13.5,-105.0,2026,2026-09-26T16:31:43Z,1070,4.341357142320407,-0.8574583241742502,7.698815466494658,b4347a6d6451334b228bf748d98cbd30b34b222852b6631cc98ff41b5e407018,timestamped_live_quote,FBS vs FBS
2026-09-26T16:31:43Z,271438149d3f0afb2ff01736101b5e20,2026-09-27T02:00:00Z,Fresno State Bulldogs,Rice Owls,betus,BetUS,2026-09-26T16:31:42Z,2026-09-26T16:31:42Z,Rice Owls,13.5,-115.0,2026,2026-09-26T16:31:43Z,1070,4.341357142320407,-0.8574583241742502,7.698815466494658,b4347a6d6451334b228bf748d98cbd30b34b222852b6631cc98ff41b5e407018,timestamped_live_quote,FBS vs FBS
2026-09-26T16:31:43Z,271438149d3f0afb2ff01736101b5e20,2026-09-27T02:00:00Z,Fresno State Bulldogs,Rice Owls,betmgm,BetMGM,2026-09-26T16:31:08Z,2026-09-26T16:31:08Z,Fresno State Bulldogs,-12.5,-110.0,2026,2026-09-26T16:31:43Z,1070,4.341357142320407,-0.8574583241742502,7.698815466494658,b4347a6d6451334b228bf748d98cbd30b34b222852b6631cc98ff41b5e407018,timestamped_live_quote,FBS vs FBS
2026-09-26T16:31:43Z,271438149d3f0afb2ff01736101b5e20,2026-09-27T02:00:00Z,Fresno State Bulldogs,Rice Owls,betmgm,BetMGM,2026-09-26T16:31:08Z,2026-09-26T16:31:08Z,Rice Owls,12.5,-110.0,2026,2026-09-26T16:31:43Z,1070,4.341357142320407,-0.8574583241742502,7.698815466494658,b4347a6d6451334b228bf748d98cbd30b34b222852b6631cc98ff41b5e407018,timestamped_live_quote,FBS vs FBS
2026-09-26T16:31:43Z,271438149d3f0afb2ff01736101b5e20,2026-09-27T02:00:00Z,Fresno State Bulldogs,Rice Owls,betrivers,BetRivers,2026-09-26T16:30:52Z,2026-09-26T16:30:52Z,Fresno State Bulldogs,-12.0,-112.0,2026,2026-09-26T16:31:43Z,1070,4.341357142320407,-0.8574583241742502,7.698815466494658,b4347a6d6451334b228bf748d98cbd30b34b222852b6631cc98ff41b5e407018,timestamped_live_quote,FBS vs FBS
2026-09-26T16:31:43Z,271438149d3f0afb2ff01736101b5e20,2026-09-27T02:00:00Z,Fresno State Bulldogs,Rice Owls,betrivers,BetRivers,2026-09-26T16:30:52Z,2026-09-26T16:30:52Z,Rice Owls,12.0,-110.0,2026,2026-09-26T16:31:43Z,1070,4.341357142320407,-0.8574583241742502,7.698815466494658,b4347a6d6451334b228bf748d98cbd30b34b222852b6631cc98ff41b5e407018,timestamped_live_quote,FBS vs FBS
2026-09-26T16:31:43Z,271438149d3f0afb2ff01736101b5e20,2026-09-27T02:00:00Z,Fresno State Bulldogs,Rice Owls,bovada,Bovada,2026-09-26T16:30:53Z,2026-09-26T16:30:53Z,Fresno State Bulldogs,-13.0,-110.0,2026,2026-09-26T16:31:43Z,1070,4.341357142320407,-0.8574583241742502,7.698815466494658,b4347a6d6451334b228bf748d98cbd30b34b222852b6631cc98ff41b5e407018,timestamped_live_quote,FBS vs FBS
2026-09-26T16:31:43Z,271438149d3f0afb2ff01736101b5e20,2026-09-27T02:00:00Z,Fresno State Bulldogs,Rice Owls,bovada,Bovada,2026-09-26T16:30:53Z,2026-09-26T16:30:53Z,Rice Owls,13.0,-110.0,2026,2026-09-26T16:31:43Z,1070,4.341357142320407,-0.8574583241742502,7.698815466494658,b4347a6d6451334b228bf748d98cbd30b34b222852b6631cc98ff41b5e407018,timestamped_live_quote,FBS vs FBS
2026-09-26T16:31:43Z,e972bb2c0291b991de32cc0188c9d338,2026-09-27T02:30:00Z,Nevada Wolf Pack,Air Force Falcons,fanduel,FanDuel,2026-09-26T16:31:24Z,2026-09-26T16:31:24Z,Air Force Falcons,-5.5,-114.0,2026,2026-09-26T16:31:43Z,1070,1.8443709190685578,2.877466169785261,1.4669047492832967,b4347a6d6451334b228bf748d98cbd30b34b222852b6631cc98ff41b5e407018,timestamped_live_quote,FBS vs FBS
2026-09-26T16:31:43Z,e972bb2c0291b991de32cc0188c9d338,2026-09-27T02:30:00Z,Nevada Wolf Pack,Air Force Falcons,fanduel,FanDuel,2026-09-26T16:31:24Z,2026-09-26T16:31:24Z,Nevada Wolf Pack,5.5,-106.0,2026,2026-09-26T16:31:43Z,1070,1.8443709190685578,2.877466169785261,1.4669047492832967,b4347a6d6451334b228bf748d98cbd30b34b222852b6631cc98ff41b5e407018,timestamped_live_quote,FBS vs FBS
2026-09-26T16:31:43Z,e972bb2c0291b991de32cc0188c9d338,2026-09-27T02:30:00Z,Nevada Wolf Pack,Air Force Falcons,mybookieag,MyBookie.ag,2026-09-26T16:31:15Z,2026-09-26T16:31:15Z,Air Force Falcons,-6.0,-110.0,2026,2026-09-26T16:31:43Z,1070,1.8443709190685578,2.877466169785261,1.4669047492832967,b4347a6d6451334b228bf748d98cbd30b34b222852b6631cc98ff41b5e407018,timestamped_live_quote,FBS vs FBS
2026-09-26T16:31:43Z,e972bb2c0291b991de32cc0188c9d338,2026-09-27T02:30:00Z,Nevada Wolf Pack,Air Force Falcons,mybookieag,MyBookie.ag,2026-09-26T16:31:15Z,2026-09-26T16:31:15Z,Nevada Wolf Pack,6.0,-110.0,2026,2026-09-26T16:31:43Z,1070,1.8443709190685578,2.877466169785261,1.4669047492832967,b4347a6d6451334b228bf748d98cbd30b34b222852b6631cc98ff41b5e407018,timestamped_live_quote,FBS vs FBS
2026-09-26T16:31:43Z,e972bb2c0291b991de32cc0188c9d338,2026-09-27T02:30:00Z,Nevada Wolf Pack,Air Force Falcons,draftkings,DraftKings,2026-09-26T16:30:56Z,2026-09-26T16:30:53Z,Air Force Falcons,-5.5,-112.0,2026,2026-09-26T16:31:43Z,1070,1.8443709190685578,2.877466169785261,1.4669047492832967,b4347a6d6451334b228bf748d98cbd30b34b222852b6631cc98ff41b5e407018,timestamped_live_quote,FBS vs FBS
2026-09-26T16:31:43Z,e972bb2c0291b991de32cc0188c9d338,2026-09-27T02:30:00Z,Nevada Wolf Pack,Air Force Falcons,draftkings,DraftKings,2026-09-26T16:30:56Z,2026-09-26T16:30:53Z,Nevada Wolf Pack,5.5,-108.0,2026,2026-09-26T16:31:43Z,1070,1.8443709190685578,2.877466169785261,1.4669047492832967,b4347a6d6451334b228bf748d98cbd30b34b222852b6631cc98ff41b5e407018,timestamped_live_quote,FBS vs FBS
2026-09-26T16:31:43Z,e972bb2c0291b991de32cc0188c9d338,2026-09-27T02:30:00Z,Nevada Wolf Pack,Air Force Falcons,betonlineag,BetOnline.ag,2026-09-26T16:30:54Z,2026-09-26T16:30:51Z,Air Force Falcons,-6.0,-105.0,2026,2026-09-26T16:31:43Z,1070,1.8443709190685578,2.877466169785261,1.4669047492832967,b4347a6d6451334b228bf748d98cbd30b34b222852b6631cc98ff41b5e407018,timestamped_live_quote,FBS vs FBS
2026-09-26T16:31:43Z,e972bb2c0291b991de32cc0188c9d338,2026-09-27T02:30:00Z,Nevada Wolf Pack,Air Force Falcons,betonlineag,BetOnline.ag,2026-09-26T16:30:54Z,2026-09-26T16:30:51Z,Nevada Wolf Pack,6.0,-115.0,2026,2026-09-26T16:31:43Z,1070,1.8443709190685578,2.877466169785261,1.4669047492832967,b4347a6d6451334b228bf748d98cbd30b34b222852b6631cc98ff41b5e407018,timestamped_live_quote,FBS vs FBS
2026-09-26T16:31:43Z,e972bb2c0291b991de32cc0188c9d338,2026-09-27T02:30:00Z,Nevada Wolf Pack,Air Force Falcons,lowvig,LowVig.ag,2026-09-26T16:31:23Z,2026-09-26T16:31:22Z,Air Force Falcons,-6.0,-101.0,2026,2026-09-26T16:31:43Z,1070,1.8443709190685578,2.877466169785261,1.4669047492832967,b4347a6d6451334b228bf748d98cbd30b34b222852b6631cc98ff41b5e407018,timestamped_live_quote,FBS vs FBS
2026-09-26T16:31:43Z,e972bb2c0291b991de32cc0188c9d338,2026-09-27T02:30:00Z,Nevada Wolf Pack,Air Force Falcons,lowvig,LowVig.ag,2026-09-26T16:31:23Z,2026-09-26T16:31:22Z,Nevada Wolf Pack,6.0,-111.0,2026,2026-09-26T16:31:43Z,1070,1.8443709190685578,2.877466169785261,1.4669047492832967,b4347a6d6451334b228bf748d98cbd30b34b222852b6631cc98ff41b5e407018,timestamped_live_quote,FBS vs FBS
2026-09-26T16:31:43Z,e972bb2c0291b991de32cc0188c9d338,2026-09-27T02:30:00Z,Nevada Wolf Pack,Air Force Falcons,betmgm,BetMGM,2026-09-26T16:31:08Z,2026-09-26T16:31:08Z,Air Force Falcons,-5.5,-110.0,2026,2026-09-26T16:31:43Z,1070,1.8443709190685578,2.877466169785261,1.4669047492832967,b4347a6d6451334b228bf748d98cbd30b34b222852b6631cc98ff41b5e407018,timestamped_live_quote,FBS vs FBS
2026-09-26T16:31:43Z,e972bb2c0291b991de32cc0188c9d338,2026-09-27T02:30:00Z,Nevada Wolf Pack,Air Force Falcons,betmgm,BetMGM,2026-09-26T16:31:08Z,2026-09-26T16:31:08Z,Nevada Wolf Pack,5.5,-108.0,2026,2026-09-26T16:31:43Z,1070,1.8443709190685578,2.877466169785261,1.4669047492832967,b4347a6d6451334b228bf748d98cbd30b34b222852b6631cc98ff41b5e407018,timestamped_live_quote,FBS vs FBS
2026-09-26T16:31:43Z,e972bb2c0291b991de32cc0188c9d338,2026-09-27T02:30:00Z,Nevada Wolf Pack,Air Force Falcons,betus,BetUS,2026-09-26T16:31:42Z,2026-09-26T16:31:42Z,Air Force Falcons,-6.0,-105.0,2026,2026-09-26T16:31:43Z,1070,1.8443709190685578,2.877466169785261,1.4669047492832967,b4347a6d6451334b228bf748d98cbd30b34b222852b6631cc98ff41b5e407018,timestamped_live_quote,FBS vs FBS
2026-09-26T16:31:43Z,e972bb2c0291b991de32cc0188c9d338,2026-09-27T02:30:00Z,Nevada Wolf Pack,Air Force Falcons,betus,BetUS,2026-09-26T16:31:42Z,2026-09-26T16:31:42Z,Nevada Wolf Pack,6.0,-115.0,2026,2026-09-26T16:31:43Z,1070,1.8443709190685578,2.877466169785261,1.4669047492832967,b4347a6d6451334b228bf748d98cbd30b34b222852b6631cc98ff41b5e407018,timestamped_live_quote,FBS vs FBS
2026-09-26T16:31:43Z,e972bb2c0291b991de32cc0188c9d338,2026-09-27T02:30:00Z,Nevada Wolf Pack,Air Force Falcons,betrivers,BetRivers,2026-09-26T16:30:52Z,2026-09-26T16:30:52Z,Air Force Falcons,-6.5,-109.0,2026,2026-09-26T16:31:43Z,1070,1.8443709190685578,2.877466169785261,1.4669047492832967,b4347a6d6451334b228bf748d98cbd30b34b222852b6631cc98ff41b5e407018,timestamped_live_quote,FBS vs FBS
2026-09-26T16:31:43Z,e972bb2c0291b991de32cc0188c9d338,2026-09-27T02:30:00Z,Nevada Wolf Pack,Air Force Falcons,betrivers,BetRivers,2026-09-26T16:30:52Z,2026-09-26T16:30:52Z,Nevada Wolf Pack,6.5,-113.0,2026,2026-09-26T16:31:43Z,1070,1.8443709190685578,2.877466169785261,1.4669047492832967,b4347a6d6451334b228bf748d98cbd30b34b222852b6631cc98ff41b5e407018,timestamped_live_quote,FBS vs FBS
2026-09-26T16:31:43Z,e972bb2c0291b991de32cc0188c9d338,2026-09-27T02:30:00Z,Nevada Wolf Pack,Air Force Falcons,bovada,Bovada,2026-09-26T16:30:53Z,2026-09-26T16:30:53Z,Air Force Falcons,-5.5,-115.0,2026,2026-09-26T16:31:43Z,1070,1.8443709190685578,2.877466169785261,1.4669047492832967,b4347a6d6451334b228bf748d98cbd30b34b222852b6631cc98ff41b5e407018,timestamped_live_quote,FBS vs FBS
2026-09-26T16:31:43Z,e972bb2c0291b991de32cc0188c9d338,2026-09-27T02:30:00Z,Nevada Wolf Pack,Air Force Falcons,bovada,Bovada,2026-09-26T16:30:53Z,2026-09-26T16:30:53Z,Nevada Wolf Pack,5.5,-105.0,2026,2026-09-26T16:31:43Z,1070,1.8443709190685578,2.877466169785261,1.4669047492832967,b4347a6d6451334b228bf748d98cbd30b34b222852b6631cc98ff41b5e407018,timestamped_live_quote,FBS vs FBS
2026-09-26T16:31:43Z,0c86537a10b805d25a4ab4f4efdd4c30,2026-09-27T02:30:00Z,Stanford Cardinal,Georgia Tech Yellow Jackets,fanduel,FanDuel,2026-09-26T16:31:24Z,2026-09-26T16:31:24Z,Georgia Tech Yellow Jackets,-2.5,-124.0,2026,2026-09-26T16:31:43Z,1070,-5.777139541186646,2.9081633054388285,-6.185302846625474,b4347a6d6451334b228bf748d98cbd30b34b222852b6631cc98ff41b5e407018,timestamped_live_quote,FBS vs FBS
2026-09-26T16:31:43Z,0c86537a10b805d25a4ab4f4efdd4c30,2026-09-27T02:30:00Z,Stanford Cardinal,Georgia Tech Yellow Jackets,fanduel,FanDuel,2026-09-26T16:31:24Z,2026-09-26T16:31:24Z,Stanford Cardinal,2.5,102.0,2026,2026-09-26T16:31:43Z,1070,-5.777139541186646,2.9081633054388285,-6.185302846625474,b4347a6d6451334b228bf748d98cbd30b34b222852b6631cc98ff41b5e407018,timestamped_live_quote,FBS vs FBS
2026-09-26T16:31:43Z,0c86537a10b805d25a4ab4f4efdd4c30,2026-09-27T02:30:00Z,Stanford Cardinal,Georgia Tech Yellow Jackets,mybookieag,MyBookie.ag,2026-09-26T16:31:15Z,2026-09-26T16:31:15Z,Georgia Tech Yellow Jackets,-3.0,-110.0,2026,2026-09-26T16:31:43Z,1070,-5.777139541186646,2.9081633054388285,-6.185302846625474,b4347a6d6451334b228bf748d98cbd30b34b222852b6631cc98ff41b5e407018,timestamped_live_quote,FBS vs FBS
2026-09-26T16:31:43Z,0c86537a10b805d25a4ab4f4efdd4c30,2026-09-27T02:30:00Z,Stanford Cardinal,Georgia Tech Yellow Jackets,mybookieag,MyBookie.ag,2026-09-26T16:31:15Z,2026-09-26T16:31:15Z,Stanford Cardinal,3.0,-110.0,2026,2026-09-26T16:31:43Z,1070,-5.777139541186646,2.9081633054388285,-6.185302846625474,b4347a6d6451334b228bf748d98cbd30b34b222852b6631cc98ff41b5e407018,timestamped_live_quote,FBS vs FBS
2026-09-26T16:31:43Z,0c86537a10b805d25a4ab4f4efdd4c30,2026-09-27T02:30:00Z,Stanford Cardinal,Georgia Tech Yellow Jackets,draftkings,DraftKings,2026-09-26T16:30:56Z,2026-09-26T16:30:53Z,Georgia Tech Yellow Jackets,-3.0,-110.0,2026,2026-09-26T16:31:43Z,1070,-5.777139541186646,2.9081633054388285,-6.185302846625474,b4347a6d6451334b228bf748d98cbd30b34b222852b6631cc98ff41b5e407018,timestamped_live_quote,FBS vs FBS
2026-09-26T16:31:43Z,0c86537a10b805d25a4ab4f4efdd4c30,2026-09-27T02:30:00Z,Stanford Cardinal,Georgia Tech Yellow Jackets,draftkings,DraftKings,2026-09-26T16:30:56Z,2026-09-26T16:30:53Z,Stanford Cardinal,3.0,-110.0,2026,2026-09-26T16:31:43Z,1070,-5.777139541186646,2.9081633054388285,-6.185302846625474,b4347a6d6451334b228bf748d98cbd30b34b222852b6631cc98ff41b5e407018,timestamped_live_quote,FBS vs FBS
2026-09-26T16:31:43Z,0c86537a10b805d25a4ab4f4efdd4c30,2026-09-27T02:30:00Z,Stanford Cardinal,Georgia Tech Yellow Jackets,betonlineag,BetOnline.ag,2026-09-26T16:30:54Z,2026-09-26T16:30:51Z,Georgia Tech Yellow Jackets,-3.0,-108.0,2026,2026-09-26T16:31:43Z,1070,-5.777139541186646,2.9081633054388285,-6.185302846625474,b4347a6d6451334b228bf748d98cbd30b34b222852b6631cc98ff41b5e407018,timestamped_live_quote,FBS vs FBS
2026-09-26T16:31:43Z,0c86537a10b805d25a4ab4f4efdd4c30,2026-09-27T02:30:00Z,Stanford Cardinal,Georgia Tech Yellow Jackets,betonlineag,BetOnline.ag,2026-09-26T16:30:54Z,2026-09-26T16:30:51Z,Stanford Cardinal,3.0,-112.0,2026,2026-09-26T16:31:43Z,1070,-5.777139541186646,2.9081633054388285,-6.185302846625474,b4347a6d6451334b228bf748d98cbd30b34b222852b6631cc98ff41b5e407018,timestamped_live_quote,FBS vs FBS
2026-09-26T16:31:43Z,0c86537a10b805d25a4ab4f4efdd4c30,2026-09-27T02:30:00Z,Stanford Cardinal,Georgia Tech Yellow Jackets,lowvig,LowVig.ag,2026-09-26T16:31:23Z,2026-09-26T16:31:22Z,Georgia Tech Yellow Jackets,-3.0,-104.0,2026,2026-09-26T16:31:43Z,1070,-5.777139541186646,2.9081633054388285,-6.185302846625474,b4347a6d6451334b228bf748d98cbd30b34b222852b6631cc98ff41b5e407018,timestamped_live_quote,FBS vs FBS
2026-09-26T16:31:43Z,0c86537a10b805d25a4ab4f4efdd4c30,2026-09-27T02:30:00Z,Stanford Cardinal,Georgia Tech Yellow Jackets,lowvig,LowVig.ag,2026-09-26T16:31:23Z,2026-09-26T16:31:22Z,Stanford Cardinal,3.0,-108.0,2026,2026-09-26T16:31:43Z,1070,-5.777139541186646,2.9081633054388285,-6.185302846625474,b4347a6d6451334b228bf748d98cbd30b34b222852b6631cc98ff41b5e407018,timestamped_live_quote,FBS vs FBS
2026-09-26T16:31:43Z,0c86537a10b805d25a4ab4f4efdd4c30,2026-09-27T02:30:00Z,Stanford Cardinal,Georgia Tech Yellow Jackets,betmgm,BetMGM,2026-09-26T16:31:08Z,2026-09-26T16:31:08Z,Georgia Tech Yellow Jackets,-3.0,-108.0,2026,2026-09-26T16:31:43Z,1070,-5.777139541186646,2.9081633054388285,-6.185302846625474,b4347a6d6451334b228bf748d98cbd30b34b222852b6631cc98ff41b5e407018,timestamped_live_quote,FBS vs FBS
2026-09-26T16:31:43Z,0c86537a10b805d25a4ab4f4efdd4c30,2026-09-27T02:30:00Z,Stanford Cardinal,Georgia Tech Yellow Jackets,betmgm,BetMGM,2026-09-26T16:31:08Z,2026-09-26T16:31:08Z,Stanford Cardinal,3.0,-110.0,2026,2026-09-26T16:31:43Z,1070,-5.777139541186646,2.9081633054388285,-6.185302846625474,b4347a6d6451334b228bf748d98cbd30b34b222852b6631cc98ff41b5e407018,timestamped_live_quote,FBS vs FBS
2026-09-26T16:31:43Z,0c86537a10b805d25a4ab4f4efdd4c30,2026-09-27T02:30:00Z,Stanford Cardinal,Georgia Tech Yellow Jackets,betus,BetUS,2026-09-26T16:31:42Z,2026-09-26T16:31:42Z,Georgia Tech Yellow Jackets,-3.0,-110.0,2026,2026-09-26T16:31:43Z,1070,-5.777139541186646,2.9081633054388285,-6.185302846625474,b4347a6d6451334b228bf748d98cbd30b34b222852b6631cc98ff41b5e407018,timestamped_live_quote,FBS vs FBS
2026-09-26T16:31:43Z,0c86537a10b805d25a4ab4f4efdd4c30,2026-09-27T02:30:00Z,Stanford Cardinal,Georgia Tech Yellow Jackets,betus,BetUS,2026-09-26T16:31:42Z,2026-09-26T16:31:42Z,Stanford Cardinal,3.0,-110.0,2026,2026-09-26T16:31:43Z,1070,-5.777139541186646,2.9081633054388285,-6.185302846625474,b4347a6d6451334b228bf748d98cbd30b34b222852b6631cc98ff41b5e407018,timestamped_live_quote,FBS vs FBS
2026-09-26T16:31:43Z,0c86537a10b805d25a4ab4f4efdd4c30,2026-09-27T02:30:00Z,Stanford Cardinal,Georgia Tech Yellow Jackets,betrivers,BetRivers,2026-09-26T16:30:52Z,2026-09-26T16:30:52Z,Georgia Tech Yellow Jackets,-3.0,-110.0,2026,2026-09-26T16:31:43Z,1070,-5.777139541186646,2.9081633054388285,-6.185302846625474,b4347a6d6451334b228bf748d98cbd30b34b222852b6631cc98ff41b5e407018,timestamped_live_quote,FBS vs FBS
2026-09-26T16:31:43Z,0c86537a10b805d25a4ab4f4efdd4c30,2026-09-27T02:30:00Z,Stanford Cardinal,Georgia Tech Yellow Jackets,betrivers,BetRivers,2026-09-26T16:30:52Z,2026-09-26T16:30:52Z,Stanford Cardinal,3.0,-113.0,2026,2026-09-26T16:31:43Z,1070,-5.777139541186646,2.9081633054388285,-6.185302846625474,b4347a6d6451334b228bf748d98cbd30b34b222852b6631cc98ff41b5e407018,timestamped_live_quote,FBS vs FBS
2026-09-26T16:31:43Z,0c86537a10b805d25a4ab4f4efdd4c30,2026-09-27T02:30:00Z,Stanford Cardinal,Georgia Tech Yellow Jackets,bovada,Bovada,2026-09-26T16:30:53Z,2026-09-26T16:30:53Z,Georgia Tech Yellow Jackets,-3.0,-105.0,2026,2026-09-26T16:31:43Z,1070,-5.777139541186646,2.9081633054388285,-6.185302846625474,b4347a6d6451334b228bf748d98cbd30b34b222852b6631cc98ff41b5e407018,timestamped_live_quote,FBS vs FBS
2026-09-26T16:31:43Z,0c86537a10b805d25a4ab4f4efdd4c30,2026-09-27T02:30:00Z,Stanford Cardinal,Georgia Tech Yellow Jackets,bovada,Bovada,2026-09-26T16:30:53Z,2026-09-26T16:30:53Z,Stanford Cardinal,3.0,-115.0,2026,2026-09-26T16:31:43Z,1070,-5.777139541186646,2.9081633054388285,-6.185302846625474,b4347a6d6451334b228bf748d98cbd30b34b222852b6631cc98ff41b5e407018,timestamped_live_quote,FBS vs FBS
2026-09-26T16:31:43Z,e497e36c59bded468da11878568e7c80,2026-09-27T03:00:00Z,Washington Huskies,Minnesota Golden Gophers,fanduel,FanDuel,2026-09-26T16:31:24Z,2026-09-26T16:31:24Z,Minnesota Golden Gophers,10.5,-115.0,2026,2026-09-26T16:31:43Z,1070,4.875123792051334,8.323004200651608,-0.9478804086002741,b4347a6d6451334b228bf748d98cbd30b34b222852b6631cc98ff41b5e407018,timestamped_live_quote,FBS vs FBS
2026-09-26T16:31:43Z,e497e36c59bded468da11878568e7c80,2026-09-27T03:00:00Z,Washington Huskies,Minnesota Golden Gophers,fanduel,FanDuel,2026-09-26T16:31:24Z,2026-09-26T16:31:24Z,Washington Huskies,-10.5,-105.0,2026,2026-09-26T16:31:43Z,1070,4.875123792051334,8.323004200651608,-0.9478804086002741,b4347a6d6451334b228bf748d98cbd30b34b222852b6631cc98ff41b5e407018,timestamped_live_quote,FBS vs FBS
2026-09-26T16:31:43Z,e497e36c59bded468da11878568e7c80,2026-09-27T03:00:00Z,Washington Huskies,Minnesota Golden Gophers,draftkings,DraftKings,2026-09-26T16:30:56Z,2026-09-26T16:30:54Z,Minnesota Golden Gophers,10.5,-112.0,2026,2026-09-26T16:31:43Z,1070,4.875123792051334,8.323004200651608,-0.9478804086002741,b4347a6d6451334b228bf748d98cbd30b34b222852b6631cc98ff41b5e407018,timestamped_live_quote,FBS vs FBS
2026-09-26T16:31:43Z,e497e36c59bded468da11878568e7c80,2026-09-27T03:00:00Z,Washington Huskies,Minnesota Golden Gophers,draftkings,DraftKings,2026-09-26T16:30:56Z,2026-09-26T16:30:54Z,Washington Huskies,-10.5,-108.0,2026,2026-09-26T16:31:43Z,1070,4.875123792051334,8.323004200651608,-0.9478804086002741,b4347a6d6451334b228bf748d98cbd30b34b222852b6631cc98ff41b5e407018,timestamped_live_quote,FBS vs FBS
2026-09-26T16:31:43Z,e497e36c59bded468da11878568e7c80,2026-09-27T03:00:00Z,Washington Huskies,Minnesota Golden Gophers,mybookieag,MyBookie.ag,2026-09-26T16:31:15Z,2026-09-26T16:31:15Z,Minnesota Golden Gophers,10.5,-110.0,2026,2026-09-26T16:31:43Z,1070,4.875123792051334,8.323004200651608,-0.9478804086002741,b4347a6d6451334b228bf748d98cbd30b34b222852b6631cc98ff41b5e407018,timestamped_live_quote,FBS vs FBS
2026-09-26T16:31:43Z,e497e36c59bded468da11878568e7c80,2026-09-27T03:00:00Z,Washington Huskies,Minnesota Golden Gophers,mybookieag,MyBookie.ag,2026-09-26T16:31:15Z,2026-09-26T16:31:15Z,Washington Huskies,-10.5,-110.0,2026,2026-09-26T16:31:43Z,1070,4.875123792051334,8.323004200651608,-0.9478804086002741,b4347a6d6451334b228bf748d98cbd30b34b222852b6631cc98ff41b5e407018,timestamped_live_quote,FBS vs FBS
2026-09-26T16:31:43Z,e497e36c59bded468da11878568e7c80,2026-09-27T03:00:00Z,Washington Huskies,Minnesota Golden Gophers,betonlineag,BetOnline.ag,2026-09-26T16:30:54Z,2026-09-26T16:30:51Z,Minnesota Golden Gophers,10.5,-112.0,2026,2026-09-26T16:31:43Z,1070,4.875123792051334,8.323004200651608,-0.9478804086002741,b4347a6d6451334b228bf748d98cbd30b34b222852b6631cc98ff41b5e407018,timestamped_live_quote,FBS vs FBS
2026-09-26T16:31:43Z,e497e36c59bded468da11878568e7c80,2026-09-27T03:00:00Z,Washington Huskies,Minnesota Golden Gophers,betonlineag,BetOnline.ag,2026-09-26T16:30:54Z,2026-09-26T16:30:51Z,Washington Huskies,-10.5,-108.0,2026,2026-09-26T16:31:43Z,1070,4.875123792051334,8.323004200651608,-0.9478804086002741,b4347a6d6451334b228bf748d98cbd30b34b222852b6631cc98ff41b5e407018,timestamped_live_quote,FBS vs FBS
2026-09-26T16:31:43Z,e497e36c59bded468da11878568e7c80,2026-09-27T03:00:00Z,Washington Huskies,Minnesota Golden Gophers,lowvig,LowVig.ag,2026-09-26T16:31:23Z,2026-09-26T16:31:22Z,Minnesota Golden Gophers,10.5,-111.0,2026,2026-09-26T16:31:43Z,1070,4.875123792051334,8.323004200651608,-0.9478804086002741,b4347a6d6451334b228bf748d98cbd30b34b222852b6631cc98ff41b5e407018,timestamped_live_quote,FBS vs FBS
2026-09-26T16:31:43Z,e497e36c59bded468da11878568e7c80,2026-09-27T03:00:00Z,Washington Huskies,Minnesota Golden Gophers,lowvig,LowVig.ag,2026-09-26T16:31:23Z,2026-09-26T16:31:22Z,Washington Huskies,-10.5,-101.0,2026,2026-09-26T16:31:43Z,1070,4.875123792051334,8.323004200651608,-0.9478804086002741,b4347a6d6451334b228bf748d98cbd30b34b222852b6631cc98ff41b5e407018,timestamped_live_quote,FBS vs FBS
2026-09-26T16:31:43Z,e497e36c59bded468da11878568e7c80,2026-09-27T03:00:00Z,Washington Huskies,Minnesota Golden Gophers,betmgm,BetMGM,2026-09-26T16:31:08Z,2026-09-26T16:31:08Z,Minnesota Golden Gophers,10.5,-110.0,2026,2026-09-26T16:31:43Z,1070,4.875123792051334,8.323004200651608,-0.9478804086002741,b4347a6d6451334b228bf748d98cbd30b34b222852b6631cc98ff41b5e407018,timestamped_live_quote,FBS vs FBS
2026-09-26T16:31:43Z,e497e36c59bded468da11878568e7c80,2026-09-27T03:00:00Z,Washington Huskies,Minnesota Golden Gophers,betmgm,BetMGM,2026-09-26T16:31:08Z,2026-09-26T16:31:08Z,Washington Huskies,-10.5,-108.0,2026,2026-09-26T16:31:43Z,1070,4.875123792051334,8.323004200651608,-0.9478804086002741,b4347a6d6451334b228bf748d98cbd30b34b222852b6631cc98ff41b5e407018,timestamped_live_quote,FBS vs FBS
2026-09-26T16:31:43Z,e497e36c59bded468da11878568e7c80,2026-09-27T03:00:00Z,Washington Huskies,Minnesota Golden Gophers,betus,BetUS,2026-09-26T16:31:42Z,2026-09-26T16:31:42Z,Minnesota Golden Gophers,10.5,-110.0,2026,2026-09-26T16:31:43Z,1070,4.875123792051334,8.323004200651608,-0.9478804086002741,b4347a6d6451334b228bf748d98cbd30b34b222852b6631cc98ff41b5e407018,timestamped_live_quote,FBS vs FBS
2026-09-26T16:31:43Z,e497e36c59bded468da11878568e7c80,2026-09-27T03:00:00Z,Washington Huskies,Minnesota Golden Gophers,betus,BetUS,2026-09-26T16:31:42Z,2026-09-26T16:31:42Z,Washington Huskies,-10.5,-110.0,2026,2026-09-26T16:31:43Z,1070,4.875123792051334,8.323004200651608,-0.9478804086002741,b4347a6d6451334b228bf748d98cbd30b34b222852b6631cc98ff41b5e407018,timestamped_live_quote,FBS vs FBS
2026-09-26T16:31:43Z,e497e36c59bded468da11878568e7c80,2026-09-27T03:00:00Z,Washington Huskies,Minnesota Golden Gophers,betrivers,BetRivers,2026-09-26T16:30:52Z,2026-09-26T16:30:52Z,Minnesota Golden Gophers,10.0,-110.0,2026,2026-09-26T16:31:43Z,1070,4.875123792051334,8.323004200651608,-0.9478804086002741,b4347a6d6451334b228bf748d98cbd30b34b222852b6631cc98ff41b5e407018,timestamped_live_quote,FBS vs FBS
2026-09-26T16:31:43Z,e497e36c59bded468da11878568e7c80,2026-09-27T03:00:00Z,Washington Huskies,Minnesota Golden Gophers,betrivers,BetRivers,2026-09-26T16:30:52Z,2026-09-26T16:30:52Z,Washington Huskies,-10.0,-113.0,2026,2026-09-26T16:31:43Z,1070,4.875123792051334,8.323004200651608,-0.9478804086002741,b4347a6d6451334b228bf748d98cbd30b34b222852b6631cc98ff41b5e407018,timestamped_live_quote,FBS vs FBS
2026-09-26T16:31:43Z,e497e36c59bded468da11878568e7c80,2026-09-27T03:00:00Z,Washington Huskies,Minnesota Golden Gophers,bovada,Bovada,2026-09-26T16:30:53Z,2026-09-26T16:30:53Z,Minnesota Golden Gophers,10.5,-115.0,2026,2026-09-26T16:31:43Z,1070,4.875123792051334,8.323004200651608,-0.9478804086002741,b4347a6d6451334b228bf748d98cbd30b34b222852b6631cc98ff41b5e407018,timestamped_live_quote,FBS vs FBS
2026-09-26T16:31:43Z,e497e36c59bded468da11878568e7c80,2026-09-27T03:00:00Z,Washington Huskies,Minnesota Golden Gophers,bovada,Bovada,2026-09-26T16:30:53Z,2026-09-26T16:30:53Z,Washington Huskies,-10.5,-105.0,2026,2026-09-26T16:31:43Z,1070,4.875123792051334,8.323004200651608,-0.9478804086002741,b4347a6d6451334b228bf748d98cbd30b34b222852b6631cc98ff41b5e407018,timestamped_live_quote,FBS vs FBS
2026-09-26T16:31:43Z,e61c74f0e28b46ad83270a6234b425f4,2026-10-02T23:00:00Z,Virginia Tech Hokies,Pittsburgh Panthers,fanduel,FanDuel,2026-09-26T16:19:24Z,2026-09-26T16:19:24Z,Pittsburgh Panthers,6.5,-104.0,2026,2026-09-26T16:31:43Z,1070,14.3262662656791,10.852552111976115,5.973714153702986,b4347a6d6451334b228bf748d98cbd30b34b222852b6631cc98ff41b5e407018,timestamped_live_quote,FBS vs FBS
2026-09-26T16:31:43Z,e61c74f0e28b46ad83270a6234b425f4,2026-10-02T23:00:00Z,Virginia Tech Hokies,Pittsburgh Panthers,fanduel,FanDuel,2026-09-26T16:19:24Z,2026-09-26T16:19:24Z,Virginia Tech Hokies,-6.5,-118.0,2026,2026-09-26T16:31:43Z,1070,14.3262662656791,10.852552111976115,5.973714153702986,b4347a6d6451334b228bf748d98cbd30b34b222852b6631cc98ff41b5e407018,timestamped_live_quote,FBS vs FBS
2026-09-26T16:31:43Z,6b22daf46195be6b3748584efe89dac1,2026-10-03T16:00:00Z,Mississippi State Bulldogs,Alabama Crimson Tide,fanduel,FanDuel,2026-09-26T16:19:24Z,2026-09-26T16:19:24Z,Alabama Crimson Tide,-3.5,-114.0,2026,2026-09-26T16:31:43Z,1070,13.652116851985856,11.845429851263555,4.306687000722301,b4347a6d6451334b228bf748d98cbd30b34b222852b6631cc98ff41b5e407018,timestamped_live_quote,FBS vs FBS
2026-09-26T16:31:43Z,6b22daf46195be6b3748584efe89dac1,2026-10-03T16:00:00Z,Mississippi State Bulldogs,Alabama Crimson Tide,fanduel,FanDuel,2026-09-26T16:19:24Z,2026-09-26T16:19:24Z,Mississippi State Bulldogs,3.5,-106.0,2026,2026-09-26T16:31:43Z,1070,13.652116851985856,11.845429851263555,4.306687000722301,b4347a6d6451334b228bf748d98cbd30b34b222852b6631cc98ff41b5e407018,timestamped_live_quote,FBS vs FBS
2026-09-26T16:31:43Z,932c7f6dfe06be77192fe000e9f3ac9d,2026-10-03T16:00:00Z,Clemson Tigers,Miami Hurricanes,fanduel,FanDuel,2026-09-26T16:19:24Z,2026-09-26T16:19:24Z,Clemson Tigers,17.5,-115.0,2026,2026-09-26T16:31:43Z,1070,2.1038977763797018,16.505092169007764,-11.901194392628062,b4347a6d6451334b228bf748d98cbd30b34b222852b6631cc98ff41b5e407018,timestamped_live_quote,FBS vs FBS
2026-09-26T16:31:43Z,932c7f6dfe06be77192fe000e9f3ac9d,2026-10-03T16:00:00Z,Clemson Tigers,Miami Hurricanes,fanduel,FanDuel,2026-09-26T16:19:24Z,2026-09-26T16:19:24Z,Miami Hurricanes,-17.5,-105.0,2026,2026-09-26T16:31:43Z,1070,2.1038977763797018,16.505092169007764,-11.901194392628062,b4347a6d6451334b228bf748d98cbd30b34b222852b6631cc98ff41b5e407018,timestamped_live_quote,FBS vs FBS
2026-09-26T16:31:43Z,a2f01448219e39fd44e3d98ea5c7f482,2026-10-03T16:00:00Z,Minnesota Golden Gophers,Michigan Wolverines,fanduel,FanDuel,2026-09-26T16:19:24Z,2026-09-26T16:19:24Z,Michigan Wolverines,-7.5,100.0,2026,2026-09-26T16:31:43Z,1070,8.323004200651608,6.48276047467471,4.340243725976898,b4347a6d6451334b228bf748d98cbd30b34b222852b6631cc98ff41b5e407018,timestamped_live_quote,FBS vs FBS
2026-09-26T16:31:43Z,a2f01448219e39fd44e3d98ea5c7f482,2026-10-03T16:00:00Z,Minnesota Golden Gophers,Michigan Wolverines,fanduel,FanDuel,2026-09-26T16:19:24Z,2026-09-26T16:19:24Z,Minnesota Golden Gophers,7.5,-122.0,2026,2026-09-26T16:31:43Z,1070,8.323004200651608,6.48276047467471,4.340243725976898,b4347a6d6451334b228bf748d98cbd30b34b222852b6631cc98ff41b5e407018,timestamped_live_quote,FBS vs FBS
2026-09-26T16:31:43Z,f2defdeeb6cb3aa4a86b01a7a5b1ece4,2026-10-03T19:30:00Z,Tennessee Volunteers,Auburn Tigers,fanduel,FanDuel,2026-09-26T16:19:24Z,2026-09-26T16:19:24Z,Auburn Tigers,8.5,-110.0,2026,2026-09-26T16:31:43Z,1070,14.78537578672897,6.490731928390927,10.794643858338043,b4347a6d6451334b228bf748d98cbd30b34b222852b6631cc98ff41b5e407018,timestamped_live_quote,FBS vs FBS
2026-09-26T16:31:43Z,f2defdeeb6cb3aa4a86b01a7a5b1ece4,2026-10-03T19:30:00Z,Tennessee Volunteers,Auburn Tigers,fanduel,FanDuel,2026-09-26T16:19:24Z,2026-09-26T16:19:24Z,Tennessee Volunteers,-8.5,-110.0,2026,2026-09-26T16:31:43Z,1070,14.78537578672897,6.490731928390927,10.794643858338043,b4347a6d6451334b228bf748d98cbd30b34b222852b6631cc98ff41b5e407018,timestamped_live_quote,FBS vs FBS
2026-09-26T16:31:43Z,6d39ea01c532535edf756b8086656518,2026-10-03T19:30:00Z,Missouri Tigers,Florida Gators,fanduel,FanDuel,2026-09-26T16:19:24Z,2026-09-26T16:19:24Z,Florida Gators,-2.5,-122.0,2026,2026-09-26T16:31:43Z,1070,9.821229023982998,14.343077193837598,-2.0218481698546,b4347a6d6451334b228bf748d98cbd30b34b222852b6631cc98ff41b5e407018,timestamped_live_quote,FBS vs FBS
2026-09-26T16:31:43Z,6d39ea01c532535edf756b8086656518,2026-10-03T19:30:00Z,Missouri Tigers,Florida Gators,fanduel,FanDuel,2026-09-26T16:19:24Z,2026-09-26T16:19:24Z,Missouri Tigers,2.5,100.0,2026,2026-09-26T16:31:43Z,1070,9.821229023982998,14.343077193837598,-2.0218481698546,b4347a6d6451334b228bf748d98cbd30b34b222852b6631cc98ff41b5e407018,timestamped_live_quote,FBS vs FBS
2026-09-26T16:31:43Z,b163da8a283ade5bd6428a3ca01da8b8,2026-10-03T19:30:00Z,Iowa Hawkeyes,Ohio State Buckeyes,fanduel,FanDuel,2026-09-26T16:19:24Z,2026-09-26T16:19:24Z,Iowa Hawkeyes,14.5,-122.0,2026,2026-09-26T16:31:43Z,1070,13.315751121651198,14.49943099798863,1.3163201236625675,b4347a6d6451334b228bf748d98cbd30b34b222852b6631cc98ff41b5e407018,timestamped_live_quote,FBS vs FBS
2026-09-26T16:31:43Z,b163da8a283ade5bd6428a3ca01da8b8,2026-10-03T19:30:00Z,Iowa Hawkeyes,Ohio State Buckeyes,fanduel,FanDuel,2026-09-26T16:19:24Z,2026-09-26T16:19:24Z,Ohio State Buckeyes,-14.5,100.0,2026,2026-09-26T16:31:43Z,1070,13.315751121651198,14.49943099798863,1.3163201236625675,b4347a6d6451334b228bf748d98cbd30b34b222852b6631cc98ff41b5e407018,timestamped_live_quote,FBS vs FBS
