captured_at_utc,game_id,kickoff_utc,home_team,away_team,sportsbook_key,sportsbook,bookmaker_last_update_utc,market_last_update_utc,selection,spread,american_odds,season,ratings_asof_utc,ratings_training_games,home_rating,away_rating,projected_home_margin,ratings_input_sha256,capture_status,division_status
2026-10-08T12:44:59Z,b274da111dc9826f36e5fa238998dd69,2026-10-08T23:00:00Z,Liberty Flames,Sam Houston State Bearkats,fanduel,FanDuel,2026-10-08T12:44:34Z,2026-10-08T12:44:31Z,Liberty Flames,-13.5,-110.0,2026,2026-10-08T12:44:59Z,1650,8.36927439539677,2.963546384439801,7.905728010956969,174be7f32dd5bd9e364a40660c78a69311d1e3c8399b5fdb673b903230d43721,timestamped_live_quote,FBS vs FBS
2026-10-08T12:44:59Z,b274da111dc9826f36e5fa238998dd69,2026-10-08T23:00:00Z,Liberty Flames,Sam Houston State Bearkats,fanduel,FanDuel,2026-10-08T12:44:34Z,2026-10-08T12:44:31Z,Sam Houston State Bearkats,13.5,-110.0,2026,2026-10-08T12:44:59Z,1650,8.36927439539677,2.963546384439801,7.905728010956969,174be7f32dd5bd9e364a40660c78a69311d1e3c8399b5fdb673b903230d43721,timestamped_live_quote,FBS vs FBS
2026-10-08T12:44:59Z,b274da111dc9826f36e5fa238998dd69,2026-10-08T23:00:00Z,Liberty Flames,Sam Houston State Bearkats,betrivers,BetRivers,2026-10-08T12:44:44Z,2026-10-08T12:44:44Z,Liberty Flames,-13.5,-112.0,2026,2026-10-08T12:44:59Z,1650,8.36927439539677,2.963546384439801,7.905728010956969,174be7f32dd5bd9e364a40660c78a69311d1e3c8399b5fdb673b903230d43721,timestamped_live_quote,FBS vs FBS
2026-10-08T12:44:59Z,b274da111dc9826f36e5fa238998dd69,2026-10-08T23:00:00Z,Liberty Flames,Sam Houston State Bearkats,betrivers,BetRivers,2026-10-08T12:44:44Z,2026-10-08T12:44:44Z,Sam Houston State Bearkats,13.5,-112.0,2026,2026-10-08T12:44:59Z,1650,8.36927439539677,2.963546384439801,7.905728010956969,174be7f32dd5bd9e364a40660c78a69311d1e3c8399b5fdb673b903230d43721,timestamped_live_quote,FBS vs FBS
2026-10-08T12:44:59Z,b274da111dc9826f36e5fa238998dd69,2026-10-08T23:00:00Z,Liberty Flames,Sam Houston State Bearkats,draftkings,DraftKings,2026-10-08T12:44:42Z,2026-10-08T12:44:41Z,Liberty Flames,-13.5,-110.0,2026,2026-10-08T12:44:59Z,1650,8.36927439539677,2.963546384439801,7.905728010956969,174be7f32dd5bd9e364a40660c78a69311d1e3c8399b5fdb673b903230d43721,timestamped_live_quote,FBS vs FBS
2026-10-08T12:44:59Z,b274da111dc9826f36e5fa238998dd69,2026-10-08T23:00:00Z,Liberty Flames,Sam Houston State Bearkats,draftkings,DraftKings,2026-10-08T12:44:42Z,2026-10-08T12:44:41Z,Sam Houston State Bearkats,13.5,-110.0,2026,2026-10-08T12:44:59Z,1650,8.36927439539677,2.963546384439801,7.905728010956969,174be7f32dd5bd9e364a40660c78a69311d1e3c8399b5fdb673b903230d43721,timestamped_live_quote,FBS vs FBS
2026-10-08T12:44:59Z,b274da111dc9826f36e5fa238998dd69,2026-10-08T23:00:00Z,Liberty Flames,Sam Houston State Bearkats,betmgm,BetMGM,2026-10-08T12:44:43Z,2026-10-08T12:44:43Z,Liberty Flames,-14.0,-108.0,2026,2026-10-08T12:44:59Z,1650,8.36927439539677,2.963546384439801,7.905728010956969,174be7f32dd5bd9e364a40660c78a69311d1e3c8399b5fdb673b903230d43721,timestamped_live_quote,FBS vs FBS
2026-10-08T12:44:59Z,b274da111dc9826f36e5fa238998dd69,2026-10-08T23:00:00Z,Liberty Flames,Sam Houston State Bearkats,betmgm,BetMGM,2026-10-08T12:44:43Z,2026-10-08T12:44:43Z,Sam Houston State Bearkats,14.0,-110.0,2026,2026-10-08T12:44:59Z,1650,8.36927439539677,2.963546384439801,7.905728010956969,174be7f32dd5bd9e364a40660c78a69311d1e3c8399b5fdb673b903230d43721,timestamped_live_quote,FBS vs FBS
2026-10-08T12:44:59Z,b274da111dc9826f36e5fa238998dd69,2026-10-08T23:00:00Z,Liberty Flames,Sam Houston State Bearkats,betonlineag,BetOnline.ag,2026-10-08T12:44:24Z,2026-10-08T12:44:24Z,Liberty Flames,-13.5,-113.0,2026,2026-10-08T12:44:59Z,1650,8.36927439539677,2.963546384439801,7.905728010956969,174be7f32dd5bd9e364a40660c78a69311d1e3c8399b5fdb673b903230d43721,timestamped_live_quote,FBS vs FBS
2026-10-08T12:44:59Z,b274da111dc9826f36e5fa238998dd69,2026-10-08T23:00:00Z,Liberty Flames,Sam Houston State Bearkats,betonlineag,BetOnline.ag,2026-10-08T12:44:24Z,2026-10-08T12:44:24Z,Sam Houston State Bearkats,13.5,-107.0,2026,2026-10-08T12:44:59Z,1650,8.36927439539677,2.963546384439801,7.905728010956969,174be7f32dd5bd9e364a40660c78a69311d1e3c8399b5fdb673b903230d43721,timestamped_live_quote,FBS vs FBS
2026-10-08T12:44:59Z,b274da111dc9826f36e5fa238998dd69,2026-10-08T23:00:00Z,Liberty Flames,Sam Houston State Bearkats,lowvig,LowVig.ag,2026-10-08T12:44:10Z,2026-10-08T12:44:10Z,Liberty Flames,-13.5,-109.0,2026,2026-10-08T12:44:59Z,1650,8.36927439539677,2.963546384439801,7.905728010956969,174be7f32dd5bd9e364a40660c78a69311d1e3c8399b5fdb673b903230d43721,timestamped_live_quote,FBS vs FBS
2026-10-08T12:44:59Z,b274da111dc9826f36e5fa238998dd69,2026-10-08T23:00:00Z,Liberty Flames,Sam Houston State Bearkats,lowvig,LowVig.ag,2026-10-08T12:44:10Z,2026-10-08T12:44:10Z,Sam Houston State Bearkats,13.5,-103.0,2026,2026-10-08T12:44:59Z,1650,8.36927439539677,2.963546384439801,7.905728010956969,174be7f32dd5bd9e364a40660c78a69311d1e3c8399b5fdb673b903230d43721,timestamped_live_quote,FBS vs FBS
2026-10-08T12:44:59Z,b274da111dc9826f36e5fa238998dd69,2026-10-08T23:00:00Z,Liberty Flames,Sam Houston State Bearkats,mybookieag,MyBookie.ag,2026-10-08T12:44:42Z,2026-10-08T12:44:42Z,Liberty Flames,-13.5,-110.0,2026,2026-10-08T12:44:59Z,1650,8.36927439539677,2.963546384439801,7.905728010956969,174be7f32dd5bd9e364a40660c78a69311d1e3c8399b5fdb673b903230d43721,timestamped_live_quote,FBS vs FBS
2026-10-08T12:44:59Z,b274da111dc9826f36e5fa238998dd69,2026-10-08T23:00:00Z,Liberty Flames,Sam Houston State Bearkats,mybookieag,MyBookie.ag,2026-10-08T12:44:42Z,2026-10-08T12:44:42Z,Sam Houston State Bearkats,13.5,-110.0,2026,2026-10-08T12:44:59Z,1650,8.36927439539677,2.963546384439801,7.905728010956969,174be7f32dd5bd9e364a40660c78a69311d1e3c8399b5fdb673b903230d43721,timestamped_live_quote,FBS vs FBS
2026-10-08T12:44:59Z,b274da111dc9826f36e5fa238998dd69,2026-10-08T23:00:00Z,Liberty Flames,Sam Houston State Bearkats,bovada,Bovada,2026-10-08T12:44:12Z,2026-10-08T12:44:12Z,Liberty Flames,-13.5,-110.0,2026,2026-10-08T12:44:59Z,1650,8.36927439539677,2.963546384439801,7.905728010956969,174be7f32dd5bd9e364a40660c78a69311d1e3c8399b5fdb673b903230d43721,timestamped_live_quote,FBS vs FBS
2026-10-08T12:44:59Z,b274da111dc9826f36e5fa238998dd69,2026-10-08T23:00:00Z,Liberty Flames,Sam Houston State Bearkats,bovada,Bovada,2026-10-08T12:44:12Z,2026-10-08T12:44:12Z,Sam Houston State Bearkats,13.5,-110.0,2026,2026-10-08T12:44:59Z,1650,8.36927439539677,2.963546384439801,7.905728010956969,174be7f32dd5bd9e364a40660c78a69311d1e3c8399b5fdb673b903230d43721,timestamped_live_quote,FBS vs FBS
2026-10-08T12:44:59Z,b274da111dc9826f36e5fa238998dd69,2026-10-08T23:00:00Z,Liberty Flames,Sam Houston State Bearkats,betus,BetUS,2026-10-08T12:44:13Z,2026-10-08T12:44:13Z,Liberty Flames,-13.5,-110.0,2026,2026-10-08T12:44:59Z,1650,8.36927439539677,2.963546384439801,7.905728010956969,174be7f32dd5bd9e364a40660c78a69311d1e3c8399b5fdb673b903230d43721,timestamped_live_quote,FBS vs FBS
2026-10-08T12:44:59Z,b274da111dc9826f36e5fa238998dd69,2026-10-08T23:00:00Z,Liberty Flames,Sam Houston State Bearkats,betus,BetUS,2026-10-08T12:44:13Z,2026-10-08T12:44:13Z,Sam Houston State Bearkats,13.5,-110.0,2026,2026-10-08T12:44:59Z,1650,8.36927439539677,2.963546384439801,7.905728010956969,174be7f32dd5bd9e364a40660c78a69311d1e3c8399b5fdb673b903230d43721,timestamped_live_quote,FBS vs FBS
2026-10-08T12:44:59Z,561884d0d63e91b022e96bc6c415accd,2026-10-08T23:00:00Z,Western Kentucky Hilltoppers,Missouri State Bears,fanduel,FanDuel,2026-10-08T12:44:34Z,2026-10-08T12:44:31Z,Missouri State Bears,1.5,-110.0,2026,2026-10-08T12:44:59Z,1650,-7.586345863457809,-3.3808055413562568,-1.7055403221015517,174be7f32dd5bd9e364a40660c78a69311d1e3c8399b5fdb673b903230d43721,timestamped_live_quote,FBS vs FBS
2026-10-08T12:44:59Z,561884d0d63e91b022e96bc6c415accd,2026-10-08T23:00:00Z,Western Kentucky Hilltoppers,Missouri State Bears,fanduel,FanDuel,2026-10-08T12:44:34Z,2026-10-08T12:44:31Z,Western Kentucky Hilltoppers,-1.5,-110.0,2026,2026-10-08T12:44:59Z,1650,-7.586345863457809,-3.3808055413562568,-1.7055403221015517,174be7f32dd5bd9e364a40660c78a69311d1e3c8399b5fdb673b903230d43721,timestamped_live_quote,FBS vs FBS
2026-10-08T12:44:59Z,561884d0d63e91b022e96bc6c415accd,2026-10-08T23:00:00Z,Western Kentucky Hilltoppers,Missouri State Bears,betrivers,BetRivers,2026-10-08T12:44:44Z,2026-10-08T12:44:44Z,Missouri State Bears,1.5,-112.0,2026,2026-10-08T12:44:59Z,1650,-7.586345863457809,-3.3808055413562568,-1.7055403221015517,174be7f32dd5bd9e364a40660c78a69311d1e3c8399b5fdb673b903230d43721,timestamped_live_quote,FBS vs FBS
2026-10-08T12:44:59Z,561884d0d63e91b022e96bc6c415accd,2026-10-08T23:00:00Z,Western Kentucky Hilltoppers,Missouri State Bears,betrivers,BetRivers,2026-10-08T12:44:44Z,2026-10-08T12:44:44Z,Western Kentucky Hilltoppers,-1.5,-112.0,2026,2026-10-08T12:44:59Z,1650,-7.586345863457809,-3.3808055413562568,-1.7055403221015517,174be7f32dd5bd9e364a40660c78a69311d1e3c8399b5fdb673b903230d43721,timestamped_live_quote,FBS vs FBS
2026-10-08T12:44:59Z,561884d0d63e91b022e96bc6c415accd,2026-10-08T23:00:00Z,Western Kentucky Hilltoppers,Missouri State Bears,draftkings,DraftKings,2026-10-08T12:44:42Z,2026-10-08T12:44:41Z,Missouri State Bears,1.5,-108.0,2026,2026-10-08T12:44:59Z,1650,-7.586345863457809,-3.3808055413562568,-1.7055403221015517,174be7f32dd5bd9e364a40660c78a69311d1e3c8399b5fdb673b903230d43721,timestamped_live_quote,FBS vs FBS
2026-10-08T12:44:59Z,561884d0d63e91b022e96bc6c415accd,2026-10-08T23:00:00Z,Western Kentucky Hilltoppers,Missouri State Bears,draftkings,DraftKings,2026-10-08T12:44:42Z,2026-10-08T12:44:41Z,Western Kentucky Hilltoppers,-1.5,-112.0,2026,2026-10-08T12:44:59Z,1650,-7.586345863457809,-3.3808055413562568,-1.7055403221015517,174be7f32dd5bd9e364a40660c78a69311d1e3c8399b5fdb673b903230d43721,timestamped_live_quote,FBS vs FBS
2026-10-08T12:44:59Z,561884d0d63e91b022e96bc6c415accd,2026-10-08T23:00:00Z,Western Kentucky Hilltoppers,Missouri State Bears,betonlineag,BetOnline.ag,2026-10-08T12:44:24Z,2026-10-08T12:44:24Z,Missouri State Bears,1.0,-112.0,2026,2026-10-08T12:44:59Z,1650,-7.586345863457809,-3.3808055413562568,-1.7055403221015517,174be7f32dd5bd9e364a40660c78a69311d1e3c8399b5fdb673b903230d43721,timestamped_live_quote,FBS vs FBS
2026-10-08T12:44:59Z,561884d0d63e91b022e96bc6c415accd,2026-10-08T23:00:00Z,Western Kentucky Hilltoppers,Missouri State Bears,betonlineag,BetOnline.ag,2026-10-08T12:44:24Z,2026-10-08T12:44:24Z,Western Kentucky Hilltoppers,-1.0,-108.0,2026,2026-10-08T12:44:59Z,1650,-7.586345863457809,-3.3808055413562568,-1.7055403221015517,174be7f32dd5bd9e364a40660c78a69311d1e3c8399b5fdb673b903230d43721,timestamped_live_quote,FBS vs FBS
2026-10-08T12:44:59Z,561884d0d63e91b022e96bc6c415accd,2026-10-08T23:00:00Z,Western Kentucky Hilltoppers,Missouri State Bears,lowvig,LowVig.ag,2026-10-08T12:44:10Z,2026-10-08T12:44:10Z,Missouri State Bears,1.0,-108.0,2026,2026-10-08T12:44:59Z,1650,-7.586345863457809,-3.3808055413562568,-1.7055403221015517,174be7f32dd5bd9e364a40660c78a69311d1e3c8399b5fdb673b903230d43721,timestamped_live_quote,FBS vs FBS
2026-10-08T12:44:59Z,561884d0d63e91b022e96bc6c415accd,2026-10-08T23:00:00Z,Western Kentucky Hilltoppers,Missouri State Bears,lowvig,LowVig.ag,2026-10-08T12:44:10Z,2026-10-08T12:44:10Z,Western Kentucky Hilltoppers,-1.0,-104.0,2026,2026-10-08T12:44:59Z,1650,-7.586345863457809,-3.3808055413562568,-1.7055403221015517,174be7f32dd5bd9e364a40660c78a69311d1e3c8399b5fdb673b903230d43721,timestamped_live_quote,FBS vs FBS
2026-10-08T12:44:59Z,561884d0d63e91b022e96bc6c415accd,2026-10-08T23:00:00Z,Western Kentucky Hilltoppers,Missouri State Bears,mybookieag,MyBookie.ag,2026-10-08T12:44:42Z,2026-10-08T12:44:42Z,Missouri State Bears,1.5,-110.0,2026,2026-10-08T12:44:59Z,1650,-7.586345863457809,-3.3808055413562568,-1.7055403221015517,174be7f32dd5bd9e364a40660c78a69311d1e3c8399b5fdb673b903230d43721,timestamped_live_quote,FBS vs FBS
2026-10-08T12:44:59Z,561884d0d63e91b022e96bc6c415accd,2026-10-08T23:00:00Z,Western Kentucky Hilltoppers,Missouri State Bears,mybookieag,MyBookie.ag,2026-10-08T12:44:42Z,2026-10-08T12:44:42Z,Western Kentucky Hilltoppers,-1.5,-110.0,2026,2026-10-08T12:44:59Z,1650,-7.586345863457809,-3.3808055413562568,-1.7055403221015517,174be7f32dd5bd9e364a40660c78a69311d1e3c8399b5fdb673b903230d43721,timestamped_live_quote,FBS vs FBS
2026-10-08T12:44:59Z,561884d0d63e91b022e96bc6c415accd,2026-10-08T23:00:00Z,Western Kentucky Hilltoppers,Missouri State Bears,bovada,Bovada,2026-10-08T12:44:12Z,2026-10-08T12:44:12Z,Missouri State Bears,1.5,-110.0,2026,2026-10-08T12:44:59Z,1650,-7.586345863457809,-3.3808055413562568,-1.7055403221015517,174be7f32dd5bd9e364a40660c78a69311d1e3c8399b5fdb673b903230d43721,timestamped_live_quote,FBS vs FBS
2026-10-08T12:44:59Z,561884d0d63e91b022e96bc6c415accd,2026-10-08T23:00:00Z,Western Kentucky Hilltoppers,Missouri State Bears,bovada,Bovada,2026-10-08T12:44:12Z,2026-10-08T12:44:12Z,Western Kentucky Hilltoppers,-1.5,-110.0,2026,2026-10-08T12:44:59Z,1650,-7.586345863457809,-3.3808055413562568,-1.7055403221015517,174be7f32dd5bd9e364a40660c78a69311d1e3c8399b5fdb673b903230d43721,timestamped_live_quote,FBS vs FBS
2026-10-08T12:44:59Z,561884d0d63e91b022e96bc6c415accd,2026-10-08T23:00:00Z,Western Kentucky Hilltoppers,Missouri State Bears,betus,BetUS,2026-10-08T12:44:13Z,2026-10-08T12:44:13Z,Missouri State Bears,1.5,-110.0,2026,2026-10-08T12:44:59Z,1650,-7.586345863457809,-3.3808055413562568,-1.7055403221015517,174be7f32dd5bd9e364a40660c78a69311d1e3c8399b5fdb673b903230d43721,timestamped_live_quote,FBS vs FBS
2026-10-08T12:44:59Z,561884d0d63e91b022e96bc6c415accd,2026-10-08T23:00:00Z,Western Kentucky Hilltoppers,Missouri State Bears,betus,BetUS,2026-10-08T12:44:13Z,2026-10-08T12:44:13Z,Western Kentucky Hilltoppers,-1.5,-110.0,2026,2026-10-08T12:44:59Z,1650,-7.586345863457809,-3.3808055413562568,-1.7055403221015517,174be7f32dd5bd9e364a40660c78a69311d1e3c8399b5fdb673b903230d43721,timestamped_live_quote,FBS vs FBS
2026-10-08T12:44:59Z,561884d0d63e91b022e96bc6c415accd,2026-10-08T23:00:00Z,Western Kentucky Hilltoppers,Missouri State Bears,betmgm,BetMGM,2026-10-08T12:44:43Z,2026-10-08T12:44:43Z,Missouri State Bears,1.0,-108.0,2026,2026-10-08T12:44:59Z,1650,-7.586345863457809,-3.3808055413562568,-1.7055403221015517,174be7f32dd5bd9e364a40660c78a69311d1e3c8399b5fdb673b903230d43721,timestamped_live_quote,FBS vs FBS
2026-10-08T12:44:59Z,561884d0d63e91b022e96bc6c415accd,2026-10-08T23:00:00Z,Western Kentucky Hilltoppers,Missouri State Bears,betmgm,BetMGM,2026-10-08T12:44:43Z,2026-10-08T12:44:43Z,Western Kentucky Hilltoppers,-1.0,-110.0,2026,2026-10-08T12:44:59Z,1650,-7.586345863457809,-3.3808055413562568,-1.7055403221015517,174be7f32dd5bd9e364a40660c78a69311d1e3c8399b5fdb673b903230d43721,timestamped_live_quote,FBS vs FBS
2026-10-08T12:44:59Z,52f2d012fe3e686087077b0d7083159a,2026-10-08T23:30:00Z,Arkansas State Red Wolves,South Alabama Jaguars,fanduel,FanDuel,2026-10-08T12:44:34Z,2026-10-08T12:44:31Z,Arkansas State Red Wolves,-2.5,-118.0,2026,2026-10-08T12:44:59Z,1650,2.666581085039406,1.768212005736828,3.398369079302578,174be7f32dd5bd9e364a40660c78a69311d1e3c8399b5fdb673b903230d43721,timestamped_live_quote,FBS vs FBS
2026-10-08T12:44:59Z,52f2d012fe3e686087077b0d7083159a,2026-10-08T23:30:00Z,Arkansas State Red Wolves,South Alabama Jaguars,fanduel,FanDuel,2026-10-08T12:44:34Z,2026-10-08T12:44:31Z,South Alabama Jaguars,2.5,-104.0,2026,2026-10-08T12:44:59Z,1650,2.666581085039406,1.768212005736828,3.398369079302578,174be7f32dd5bd9e364a40660c78a69311d1e3c8399b5fdb673b903230d43721,timestamped_live_quote,FBS vs FBS
2026-10-08T12:44:59Z,52f2d012fe3e686087077b0d7083159a,2026-10-08T23:30:00Z,Arkansas State Red Wolves,South Alabama Jaguars,betrivers,BetRivers,2026-10-08T12:44:44Z,2026-10-08T12:44:44Z,Arkansas State Red Wolves,-2.5,-115.0,2026,2026-10-08T12:44:59Z,1650,2.666581085039406,1.768212005736828,3.398369079302578,174be7f32dd5bd9e364a40660c78a69311d1e3c8399b5fdb673b903230d43721,timestamped_live_quote,FBS vs FBS
2026-10-08T12:44:59Z,52f2d012fe3e686087077b0d7083159a,2026-10-08T23:30:00Z,Arkansas State Red Wolves,South Alabama Jaguars,betrivers,BetRivers,2026-10-08T12:44:44Z,2026-10-08T12:44:44Z,South Alabama Jaguars,2.5,-108.0,2026,2026-10-08T12:44:59Z,1650,2.666581085039406,1.768212005736828,3.398369079302578,174be7f32dd5bd9e364a40660c78a69311d1e3c8399b5fdb673b903230d43721,timestamped_live_quote,FBS vs FBS
2026-10-08T12:44:59Z,52f2d012fe3e686087077b0d7083159a,2026-10-08T23:30:00Z,Arkansas State Red Wolves,South Alabama Jaguars,draftkings,DraftKings,2026-10-08T12:44:42Z,2026-10-08T12:44:41Z,Arkansas State Red Wolves,-3.0,-102.0,2026,2026-10-08T12:44:59Z,1650,2.666581085039406,1.768212005736828,3.398369079302578,174be7f32dd5bd9e364a40660c78a69311d1e3c8399b5fdb673b903230d43721,timestamped_live_quote,FBS vs FBS
2026-10-08T12:44:59Z,52f2d012fe3e686087077b0d7083159a,2026-10-08T23:30:00Z,Arkansas State Red Wolves,South Alabama Jaguars,draftkings,DraftKings,2026-10-08T12:44:42Z,2026-10-08T12:44:41Z,South Alabama Jaguars,3.0,-118.0,2026,2026-10-08T12:44:59Z,1650,2.666581085039406,1.768212005736828,3.398369079302578,174be7f32dd5bd9e364a40660c78a69311d1e3c8399b5fdb673b903230d43721,timestamped_live_quote,FBS vs FBS
2026-10-08T12:44:59Z,52f2d012fe3e686087077b0d7083159a,2026-10-08T23:30:00Z,Arkansas State Red Wolves,South Alabama Jaguars,lowvig,LowVig.ag,2026-10-08T12:44:10Z,2026-10-08T12:44:10Z,Arkansas State Red Wolves,-3.0,100.0,2026,2026-10-08T12:44:59Z,1650,2.666581085039406,1.768212005736828,3.398369079302578,174be7f32dd5bd9e364a40660c78a69311d1e3c8399b5fdb673b903230d43721,timestamped_live_quote,FBS vs FBS
2026-10-08T12:44:59Z,52f2d012fe3e686087077b0d7083159a,2026-10-08T23:30:00Z,Arkansas State Red Wolves,South Alabama Jaguars,lowvig,LowVig.ag,2026-10-08T12:44:10Z,2026-10-08T12:44:10Z,South Alabama Jaguars,3.0,-112.0,2026,2026-10-08T12:44:59Z,1650,2.666581085039406,1.768212005736828,3.398369079302578,174be7f32dd5bd9e364a40660c78a69311d1e3c8399b5fdb673b903230d43721,timestamped_live_quote,FBS vs FBS
2026-10-08T12:44:59Z,52f2d012fe3e686087077b0d7083159a,2026-10-08T23:30:00Z,Arkansas State Red Wolves,South Alabama Jaguars,betonlineag,BetOnline.ag,2026-10-08T12:44:24Z,2026-10-08T12:44:24Z,Arkansas State Red Wolves,-3.0,-104.0,2026,2026-10-08T12:44:59Z,1650,2.666581085039406,1.768212005736828,3.398369079302578,174be7f32dd5bd9e364a40660c78a69311d1e3c8399b5fdb673b903230d43721,timestamped_live_quote,FBS vs FBS
2026-10-08T12:44:59Z,52f2d012fe3e686087077b0d7083159a,2026-10-08T23:30:00Z,Arkansas State Red Wolves,South Alabama Jaguars,betonlineag,BetOnline.ag,2026-10-08T12:44:24Z,2026-10-08T12:44:24Z,South Alabama Jaguars,3.0,-116.0,2026,2026-10-08T12:44:59Z,1650,2.666581085039406,1.768212005736828,3.398369079302578,174be7f32dd5bd9e364a40660c78a69311d1e3c8399b5fdb673b903230d43721,timestamped_live_quote,FBS vs FBS
2026-10-08T12:44:59Z,52f2d012fe3e686087077b0d7083159a,2026-10-08T23:30:00Z,Arkansas State Red Wolves,South Alabama Jaguars,betmgm,BetMGM,2026-10-08T12:44:43Z,2026-10-08T12:44:43Z,Arkansas State Red Wolves,-3.0,-108.0,2026,2026-10-08T12:44:59Z,1650,2.666581085039406,1.768212005736828,3.398369079302578,174be7f32dd5bd9e364a40660c78a69311d1e3c8399b5fdb673b903230d43721,timestamped_live_quote,FBS vs FBS
2026-10-08T12:44:59Z,52f2d012fe3e686087077b0d7083159a,2026-10-08T23:30:00Z,Arkansas State Red Wolves,South Alabama Jaguars,betmgm,BetMGM,2026-10-08T12:44:43Z,2026-10-08T12:44:43Z,South Alabama Jaguars,3.0,-120.0,2026,2026-10-08T12:44:59Z,1650,2.666581085039406,1.768212005736828,3.398369079302578,174be7f32dd5bd9e364a40660c78a69311d1e3c8399b5fdb673b903230d43721,timestamped_live_quote,FBS vs FBS
2026-10-08T12:44:59Z,52f2d012fe3e686087077b0d7083159a,2026-10-08T23:30:00Z,Arkansas State Red Wolves,South Alabama Jaguars,mybookieag,MyBookie.ag,2026-10-08T12:44:42Z,2026-10-08T12:44:41Z,Arkansas State Red Wolves,-3.0,-110.0,2026,2026-10-08T12:44:59Z,1650,2.666581085039406,1.768212005736828,3.398369079302578,174be7f32dd5bd9e364a40660c78a69311d1e3c8399b5fdb673b903230d43721,timestamped_live_quote,FBS vs FBS
2026-10-08T12:44:59Z,52f2d012fe3e686087077b0d7083159a,2026-10-08T23:30:00Z,Arkansas State Red Wolves,South Alabama Jaguars,mybookieag,MyBookie.ag,2026-10-08T12:44:42Z,2026-10-08T12:44:41Z,South Alabama Jaguars,3.0,-110.0,2026,2026-10-08T12:44:59Z,1650,2.666581085039406,1.768212005736828,3.398369079302578,174be7f32dd5bd9e364a40660c78a69311d1e3c8399b5fdb673b903230d43721,timestamped_live_quote,FBS vs FBS
2026-10-08T12:44:59Z,52f2d012fe3e686087077b0d7083159a,2026-10-08T23:30:00Z,Arkansas State Red Wolves,South Alabama Jaguars,bovada,Bovada,2026-10-08T12:44:12Z,2026-10-08T12:44:12Z,Arkansas State Red Wolves,-2.5,-115.0,2026,2026-10-08T12:44:59Z,1650,2.666581085039406,1.768212005736828,3.398369079302578,174be7f32dd5bd9e364a40660c78a69311d1e3c8399b5fdb673b903230d43721,timestamped_live_quote,FBS vs FBS
2026-10-08T12:44:59Z,52f2d012fe3e686087077b0d7083159a,2026-10-08T23:30:00Z,Arkansas State Red Wolves,South Alabama Jaguars,bovada,Bovada,2026-10-08T12:44:12Z,2026-10-08T12:44:12Z,South Alabama Jaguars,2.5,-105.0,2026,2026-10-08T12:44:59Z,1650,2.666581085039406,1.768212005736828,3.398369079302578,174be7f32dd5bd9e364a40660c78a69311d1e3c8399b5fdb673b903230d43721,timestamped_live_quote,FBS vs FBS
2026-10-08T12:44:59Z,52f2d012fe3e686087077b0d7083159a,2026-10-08T23:30:00Z,Arkansas State Red Wolves,South Alabama Jaguars,betus,BetUS,2026-10-08T12:44:13Z,2026-10-08T12:44:13Z,Arkansas State Red Wolves,-3.0,-105.0,2026,2026-10-08T12:44:59Z,1650,2.666581085039406,1.768212005736828,3.398369079302578,174be7f32dd5bd9e364a40660c78a69311d1e3c8399b5fdb673b903230d43721,timestamped_live_quote,FBS vs FBS
2026-10-08T12:44:59Z,52f2d012fe3e686087077b0d7083159a,2026-10-08T23:30:00Z,Arkansas State Red Wolves,South Alabama Jaguars,betus,BetUS,2026-10-08T12:44:13Z,2026-10-08T12:44:13Z,South Alabama Jaguars,3.0,-115.0,2026,2026-10-08T12:44:59Z,1650,2.666581085039406,1.768212005736828,3.398369079302578,174be7f32dd5bd9e364a40660c78a69311d1e3c8399b5fdb673b903230d43721,timestamped_live_quote,FBS vs FBS
2026-10-08T12:44:59Z,2a637494f07611db6ba822fb84218d58,2026-10-08T23:30:00Z,UTSA Roadrunners,South Florida Bulls,fanduel,FanDuel,2026-10-08T12:44:34Z,2026-10-08T12:44:31Z,South Florida Bulls,6.5,-104.0,2026,2026-10-08T12:44:59Z,1650,5.431887770552905,6.424445402084007,1.5074423684688973,174be7f32dd5bd9e364a40660c78a69311d1e3c8399b5fdb673b903230d43721,timestamped_live_quote,FBS vs FBS
2026-10-08T12:44:59Z,2a637494f07611db6ba822fb84218d58,2026-10-08T23:30:00Z,UTSA Roadrunners,South Florida Bulls,fanduel,FanDuel,2026-10-08T12:44:34Z,2026-10-08T12:44:31Z,UTSA Roadrunners,-6.5,-118.0,2026,2026-10-08T12:44:59Z,1650,5.431887770552905,6.424445402084007,1.5074423684688973,174be7f32dd5bd9e364a40660c78a69311d1e3c8399b5fdb673b903230d43721,timestamped_live_quote,FBS vs FBS
2026-10-08T12:44:59Z,2a637494f07611db6ba822fb84218d58,2026-10-08T23:30:00Z,UTSA Roadrunners,South Florida Bulls,betrivers,BetRivers,2026-10-08T12:44:44Z,2026-10-08T12:44:44Z,South Florida Bulls,7.0,-118.0,2026,2026-10-08T12:44:59Z,1650,5.431887770552905,6.424445402084007,1.5074423684688973,174be7f32dd5bd9e364a40660c78a69311d1e3c8399b5fdb673b903230d43721,timestamped_live_quote,FBS vs FBS
2026-10-08T12:44:59Z,2a637494f07611db6ba822fb84218d58,2026-10-08T23:30:00Z,UTSA Roadrunners,South Florida Bulls,betrivers,BetRivers,2026-10-08T12:44:44Z,2026-10-08T12:44:44Z,UTSA Roadrunners,-7.0,-106.0,2026,2026-10-08T12:44:59Z,1650,5.431887770552905,6.424445402084007,1.5074423684688973,174be7f32dd5bd9e364a40660c78a69311d1e3c8399b5fdb673b903230d43721,timestamped_live_quote,FBS vs FBS
2026-10-08T12:44:59Z,2a637494f07611db6ba822fb84218d58,2026-10-08T23:30:00Z,UTSA Roadrunners,South Florida Bulls,betmgm,BetMGM,2026-10-08T12:44:43Z,2026-10-08T12:44:43Z,South Florida Bulls,6.5,-105.0,2026,2026-10-08T12:44:59Z,1650,5.431887770552905,6.424445402084007,1.5074423684688973,174be7f32dd5bd9e364a40660c78a69311d1e3c8399b5fdb673b903230d43721,timestamped_live_quote,FBS vs FBS
2026-10-08T12:44:59Z,2a637494f07611db6ba822fb84218d58,2026-10-08T23:30:00Z,UTSA Roadrunners,South Florida Bulls,betmgm,BetMGM,2026-10-08T12:44:43Z,2026-10-08T12:44:43Z,UTSA Roadrunners,-6.5,-115.0,2026,2026-10-08T12:44:59Z,1650,5.431887770552905,6.424445402084007,1.5074423684688973,174be7f32dd5bd9e364a40660c78a69311d1e3c8399b5fdb673b903230d43721,timestamped_live_quote,FBS vs FBS
2026-10-08T12:44:59Z,2a637494f07611db6ba822fb84218d58,2026-10-08T23:30:00Z,UTSA Roadrunners,South Florida Bulls,draftkings,DraftKings,2026-10-08T12:44:42Z,2026-10-08T12:44:41Z,South Florida Bulls,7.0,-118.0,2026,2026-10-08T12:44:59Z,1650,5.431887770552905,6.424445402084007,1.5074423684688973,174be7f32dd5bd9e364a40660c78a69311d1e3c8399b5fdb673b903230d43721,timestamped_live_quote,FBS vs FBS
2026-10-08T12:44:59Z,2a637494f07611db6ba822fb84218d58,2026-10-08T23:30:00Z,UTSA Roadrunners,South Florida Bulls,draftkings,DraftKings,2026-10-08T12:44:42Z,2026-10-08T12:44:41Z,UTSA Roadrunners,-7.0,-102.0,2026,2026-10-08T12:44:59Z,1650,5.431887770552905,6.424445402084007,1.5074423684688973,174be7f32dd5bd9e364a40660c78a69311d1e3c8399b5fdb673b903230d43721,timestamped_live_quote,FBS vs FBS
2026-10-08T12:44:59Z,2a637494f07611db6ba822fb84218d58,2026-10-08T23:30:00Z,UTSA Roadrunners,South Florida Bulls,lowvig,LowVig.ag,2026-10-08T12:44:10Z,2026-10-08T12:44:10Z,South Florida Bulls,7.0,-112.0,2026,2026-10-08T12:44:59Z,1650,5.431887770552905,6.424445402084007,1.5074423684688973,174be7f32dd5bd9e364a40660c78a69311d1e3c8399b5fdb673b903230d43721,timestamped_live_quote,FBS vs FBS
2026-10-08T12:44:59Z,2a637494f07611db6ba822fb84218d58,2026-10-08T23:30:00Z,UTSA Roadrunners,South Florida Bulls,lowvig,LowVig.ag,2026-10-08T12:44:10Z,2026-10-08T12:44:10Z,UTSA Roadrunners,-7.0,100.0,2026,2026-10-08T12:44:59Z,1650,5.431887770552905,6.424445402084007,1.5074423684688973,174be7f32dd5bd9e364a40660c78a69311d1e3c8399b5fdb673b903230d43721,timestamped_live_quote,FBS vs FBS
2026-10-08T12:44:59Z,2a637494f07611db6ba822fb84218d58,2026-10-08T23:30:00Z,UTSA Roadrunners,South Florida Bulls,betonlineag,BetOnline.ag,2026-10-08T12:44:24Z,2026-10-08T12:44:24Z,South Florida Bulls,7.0,-116.0,2026,2026-10-08T12:44:59Z,1650,5.431887770552905,6.424445402084007,1.5074423684688973,174be7f32dd5bd9e364a40660c78a69311d1e3c8399b5fdb673b903230d43721,timestamped_live_quote,FBS vs FBS
2026-10-08T12:44:59Z,2a637494f07611db6ba822fb84218d58,2026-10-08T23:30:00Z,UTSA Roadrunners,South Florida Bulls,betonlineag,BetOnline.ag,2026-10-08T12:44:24Z,2026-10-08T12:44:24Z,UTSA Roadrunners,-7.0,-104.0,2026,2026-10-08T12:44:59Z,1650,5.431887770552905,6.424445402084007,1.5074423684688973,174be7f32dd5bd9e364a40660c78a69311d1e3c8399b5fdb673b903230d43721,timestamped_live_quote,FBS vs FBS
2026-10-08T12:44:59Z,2a637494f07611db6ba822fb84218d58,2026-10-08T23:30:00Z,UTSA Roadrunners,South Florida Bulls,mybookieag,MyBookie.ag,2026-10-08T12:44:42Z,2026-10-08T12:44:41Z,South Florida Bulls,7.0,-110.0,2026,2026-10-08T12:44:59Z,1650,5.431887770552905,6.424445402084007,1.5074423684688973,174be7f32dd5bd9e364a40660c78a69311d1e3c8399b5fdb673b903230d43721,timestamped_live_quote,FBS vs FBS
2026-10-08T12:44:59Z,2a637494f07611db6ba822fb84218d58,2026-10-08T23:30:00Z,UTSA Roadrunners,South Florida Bulls,mybookieag,MyBookie.ag,2026-10-08T12:44:42Z,2026-10-08T12:44:41Z,UTSA Roadrunners,-7.0,-110.0,2026,2026-10-08T12:44:59Z,1650,5.431887770552905,6.424445402084007,1.5074423684688973,174be7f32dd5bd9e364a40660c78a69311d1e3c8399b5fdb673b903230d43721,timestamped_live_quote,FBS vs FBS
2026-10-08T12:44:59Z,2a637494f07611db6ba822fb84218d58,2026-10-08T23:30:00Z,UTSA Roadrunners,South Florida Bulls,bovada,Bovada,2026-10-08T12:44:12Z,2026-10-08T12:44:12Z,South Florida Bulls,6.5,-105.0,2026,2026-10-08T12:44:59Z,1650,5.431887770552905,6.424445402084007,1.5074423684688973,174be7f32dd5bd9e364a40660c78a69311d1e3c8399b5fdb673b903230d43721,timestamped_live_quote,FBS vs FBS
2026-10-08T12:44:59Z,2a637494f07611db6ba822fb84218d58,2026-10-08T23:30:00Z,UTSA Roadrunners,South Florida Bulls,bovada,Bovada,2026-10-08T12:44:12Z,2026-10-08T12:44:12Z,UTSA Roadrunners,-6.5,-115.0,2026,2026-10-08T12:44:59Z,1650,5.431887770552905,6.424445402084007,1.5074423684688973,174be7f32dd5bd9e364a40660c78a69311d1e3c8399b5fdb673b903230d43721,timestamped_live_quote,FBS vs FBS
2026-10-08T12:44:59Z,2a637494f07611db6ba822fb84218d58,2026-10-08T23:30:00Z,UTSA Roadrunners,South Florida Bulls,betus,BetUS,2026-10-08T12:44:13Z,2026-10-08T12:44:13Z,South Florida Bulls,7.0,-110.0,2026,2026-10-08T12:44:59Z,1650,5.431887770552905,6.424445402084007,1.5074423684688973,174be7f32dd5bd9e364a40660c78a69311d1e3c8399b5fdb673b903230d43721,timestamped_live_quote,FBS vs FBS
2026-10-08T12:44:59Z,2a637494f07611db6ba822fb84218d58,2026-10-08T23:30:00Z,UTSA Roadrunners,South Florida Bulls,betus,BetUS,2026-10-08T12:44:13Z,2026-10-08T12:44:13Z,UTSA Roadrunners,-7.0,-110.0,2026,2026-10-08T12:44:59Z,1650,5.431887770552905,6.424445402084007,1.5074423684688973,174be7f32dd5bd9e364a40660c78a69311d1e3c8399b5fdb673b903230d43721,timestamped_live_quote,FBS vs FBS
2026-10-08T12:44:59Z,7556739cc30a38511b7f631581a416e4,2026-10-09T23:00:00Z,Louisville Cardinals,Florida State Seminoles,draftkings,DraftKings,2026-10-08T12:44:42Z,2026-10-08T12:44:41Z,Florida State Seminoles,3.5,-108.0,2026,2026-10-08T12:44:59Z,1650,7.3848533853237335,9.484814799476709,0.40003858584702456,174be7f32dd5bd9e364a40660c78a69311d1e3c8399b5fdb673b903230d43721,timestamped_live_quote,FBS vs FBS
2026-10-08T12:44:59Z,7556739cc30a38511b7f631581a416e4,2026-10-09T23:00:00Z,Louisville Cardinals,Florida State Seminoles,draftkings,DraftKings,2026-10-08T12:44:42Z,2026-10-08T12:44:41Z,Louisville Cardinals,-3.5,-112.0,2026,2026-10-08T12:44:59Z,1650,7.3848533853237335,9.484814799476709,0.40003858584702456,174be7f32dd5bd9e364a40660c78a69311d1e3c8399b5fdb673b903230d43721,timestamped_live_quote,FBS vs FBS
2026-10-08T12:44:59Z,7556739cc30a38511b7f631581a416e4,2026-10-09T23:00:00Z,Louisville Cardinals,Florida State Seminoles,fanduel,FanDuel,2026-10-08T12:44:34Z,2026-10-08T12:44:31Z,Florida State Seminoles,3.5,-105.0,2026,2026-10-08T12:44:59Z,1650,7.3848533853237335,9.484814799476709,0.40003858584702456,174be7f32dd5bd9e364a40660c78a69311d1e3c8399b5fdb673b903230d43721,timestamped_live_quote,FBS vs FBS
2026-10-08T12:44:59Z,7556739cc30a38511b7f631581a416e4,2026-10-09T23:00:00Z,Louisville Cardinals,Florida State Seminoles,fanduel,FanDuel,2026-10-08T12:44:34Z,2026-10-08T12:44:31Z,Louisville Cardinals,-3.5,-115.0,2026,2026-10-08T12:44:59Z,1650,7.3848533853237335,9.484814799476709,0.40003858584702456,174be7f32dd5bd9e364a40660c78a69311d1e3c8399b5fdb673b903230d43721,timestamped_live_quote,FBS vs FBS
2026-10-08T12:44:59Z,7556739cc30a38511b7f631581a416e4,2026-10-09T23:00:00Z,Louisville Cardinals,Florida State Seminoles,betrivers,BetRivers,2026-10-08T12:44:44Z,2026-10-08T12:44:44Z,Florida State Seminoles,3.5,-112.0,2026,2026-10-08T12:44:59Z,1650,7.3848533853237335,9.484814799476709,0.40003858584702456,174be7f32dd5bd9e364a40660c78a69311d1e3c8399b5fdb673b903230d43721,timestamped_live_quote,FBS vs FBS
2026-10-08T12:44:59Z,7556739cc30a38511b7f631581a416e4,2026-10-09T23:00:00Z,Louisville Cardinals,Florida State Seminoles,betrivers,BetRivers,2026-10-08T12:44:44Z,2026-10-08T12:44:44Z,Louisville Cardinals,-3.5,-112.0,2026,2026-10-08T12:44:59Z,1650,7.3848533853237335,9.484814799476709,0.40003858584702456,174be7f32dd5bd9e364a40660c78a69311d1e3c8399b5fdb673b903230d43721,timestamped_live_quote,FBS vs FBS
2026-10-08T12:44:59Z,7556739cc30a38511b7f631581a416e4,2026-10-09T23:00:00Z,Louisville Cardinals,Florida State Seminoles,betmgm,BetMGM,2026-10-08T12:44:43Z,2026-10-08T12:44:43Z,Florida State Seminoles,3.5,-108.0,2026,2026-10-08T12:44:59Z,1650,7.3848533853237335,9.484814799476709,0.40003858584702456,174be7f32dd5bd9e364a40660c78a69311d1e3c8399b5fdb673b903230d43721,timestamped_live_quote,FBS vs FBS
2026-10-08T12:44:59Z,7556739cc30a38511b7f631581a416e4,2026-10-09T23:00:00Z,Louisville Cardinals,Florida State Seminoles,betmgm,BetMGM,2026-10-08T12:44:43Z,2026-10-08T12:44:43Z,Louisville Cardinals,-3.5,-110.0,2026,2026-10-08T12:44:59Z,1650,7.3848533853237335,9.484814799476709,0.40003858584702456,174be7f32dd5bd9e364a40660c78a69311d1e3c8399b5fdb673b903230d43721,timestamped_live_quote,FBS vs FBS
2026-10-08T12:44:59Z,7556739cc30a38511b7f631581a416e4,2026-10-09T23:00:00Z,Louisville Cardinals,Florida State Seminoles,betonlineag,BetOnline.ag,2026-10-08T12:44:24Z,2026-10-08T12:44:24Z,Florida State Seminoles,3.5,-110.0,2026,2026-10-08T12:44:59Z,1650,7.3848533853237335,9.484814799476709,0.40003858584702456,174be7f32dd5bd9e364a40660c78a69311d1e3c8399b5fdb673b903230d43721,timestamped_live_quote,FBS vs FBS
2026-10-08T12:44:59Z,7556739cc30a38511b7f631581a416e4,2026-10-09T23:00:00Z,Louisville Cardinals,Florida State Seminoles,betonlineag,BetOnline.ag,2026-10-08T12:44:24Z,2026-10-08T12:44:24Z,Louisville Cardinals,-3.5,-110.0,2026,2026-10-08T12:44:59Z,1650,7.3848533853237335,9.484814799476709,0.40003858584702456,174be7f32dd5bd9e364a40660c78a69311d1e3c8399b5fdb673b903230d43721,timestamped_live_quote,FBS vs FBS
2026-10-08T12:44:59Z,7556739cc30a38511b7f631581a416e4,2026-10-09T23:00:00Z,Louisville Cardinals,Florida State Seminoles,lowvig,LowVig.ag,2026-10-08T12:44:10Z,2026-10-08T12:44:10Z,Florida State Seminoles,3.5,-106.0,2026,2026-10-08T12:44:59Z,1650,7.3848533853237335,9.484814799476709,0.40003858584702456,174be7f32dd5bd9e364a40660c78a69311d1e3c8399b5fdb673b903230d43721,timestamped_live_quote,FBS vs FBS
2026-10-08T12:44:59Z,7556739cc30a38511b7f631581a416e4,2026-10-09T23:00:00Z,Louisville Cardinals,Florida State Seminoles,lowvig,LowVig.ag,2026-10-08T12:44:10Z,2026-10-08T12:44:10Z,Louisville Cardinals,-3.5,-106.0,2026,2026-10-08T12:44:59Z,1650,7.3848533853237335,9.484814799476709,0.40003858584702456,174be7f32dd5bd9e364a40660c78a69311d1e3c8399b5fdb673b903230d43721,timestamped_live_quote,FBS vs FBS
2026-10-08T12:44:59Z,7556739cc30a38511b7f631581a416e4,2026-10-09T23:00:00Z,Louisville Cardinals,Florida State Seminoles,mybookieag,MyBookie.ag,2026-10-08T12:44:42Z,2026-10-08T12:44:42Z,Florida State Seminoles,3.5,-110.0,2026,2026-10-08T12:44:59Z,1650,7.3848533853237335,9.484814799476709,0.40003858584702456,174be7f32dd5bd9e364a40660c78a69311d1e3c8399b5fdb673b903230d43721,timestamped_live_quote,FBS vs FBS
2026-10-08T12:44:59Z,7556739cc30a38511b7f631581a416e4,2026-10-09T23:00:00Z,Louisville Cardinals,Florida State Seminoles,mybookieag,MyBookie.ag,2026-10-08T12:44:42Z,2026-10-08T12:44:42Z,Louisville Cardinals,-3.5,-110.0,2026,2026-10-08T12:44:59Z,1650,7.3848533853237335,9.484814799476709,0.40003858584702456,174be7f32dd5bd9e364a40660c78a69311d1e3c8399b5fdb673b903230d43721,timestamped_live_quote,FBS vs FBS
2026-10-08T12:44:59Z,7556739cc30a38511b7f631581a416e4,2026-10-09T23:00:00Z,Louisville Cardinals,Florida State Seminoles,bovada,Bovada,2026-10-08T12:44:12Z,2026-10-08T12:44:12Z,Florida State Seminoles,3.5,-110.0,2026,2026-10-08T12:44:59Z,1650,7.3848533853237335,9.484814799476709,0.40003858584702456,174be7f32dd5bd9e364a40660c78a69311d1e3c8399b5fdb673b903230d43721,timestamped_live_quote,FBS vs FBS
2026-10-08T12:44:59Z,7556739cc30a38511b7f631581a416e4,2026-10-09T23:00:00Z,Louisville Cardinals,Florida State Seminoles,bovada,Bovada,2026-10-08T12:44:12Z,2026-10-08T12:44:12Z,Louisville Cardinals,-3.5,-110.0,2026,2026-10-08T12:44:59Z,1650,7.3848533853237335,9.484814799476709,0.40003858584702456,174be7f32dd5bd9e364a40660c78a69311d1e3c8399b5fdb673b903230d43721,timestamped_live_quote,FBS vs FBS
2026-10-08T12:44:59Z,7556739cc30a38511b7f631581a416e4,2026-10-09T23:00:00Z,Louisville Cardinals,Florida State Seminoles,betus,BetUS,2026-10-08T12:44:13Z,2026-10-08T12:44:13Z,Florida State Seminoles,3.5,-110.0,2026,2026-10-08T12:44:59Z,1650,7.3848533853237335,9.484814799476709,0.40003858584702456,174be7f32dd5bd9e364a40660c78a69311d1e3c8399b5fdb673b903230d43721,timestamped_live_quote,FBS vs FBS
2026-10-08T12:44:59Z,7556739cc30a38511b7f631581a416e4,2026-10-09T23:00:00Z,Louisville Cardinals,Florida State Seminoles,betus,BetUS,2026-10-08T12:44:13Z,2026-10-08T12:44:13Z,Louisville Cardinals,-3.5,-110.0,2026,2026-10-08T12:44:59Z,1650,7.3848533853237335,9.484814799476709,0.40003858584702456,174be7f32dd5bd9e364a40660c78a69311d1e3c8399b5fdb673b903230d43721,timestamped_live_quote,FBS vs FBS
2026-10-08T12:44:59Z,a168f1bed30ce7d56dc2b77dbfe37705,2026-10-10T01:00:00Z,Washington Huskies,Iowa Hawkeyes,draftkings,DraftKings,2026-10-08T12:44:42Z,2026-10-08T12:44:41Z,Iowa Hawkeyes,3.0,-105.0,2026,2026-10-08T12:44:59Z,1650,4.741552506526173,11.183874315513217,-3.9423218089870433,174be7f32dd5bd9e364a40660c78a69311d1e3c8399b5fdb673b903230d43721,timestamped_live_quote,FBS vs FBS
2026-10-08T12:44:59Z,a168f1bed30ce7d56dc2b77dbfe37705,2026-10-10T01:00:00Z,Washington Huskies,Iowa Hawkeyes,draftkings,DraftKings,2026-10-08T12:44:42Z,2026-10-08T12:44:41Z,Washington Huskies,-3.0,-115.0,2026,2026-10-08T12:44:59Z,1650,4.741552506526173,11.183874315513217,-3.9423218089870433,174be7f32dd5bd9e364a40660c78a69311d1e3c8399b5fdb673b903230d43721,timestamped_live_quote,FBS vs FBS
2026-10-08T12:44:59Z,a168f1bed30ce7d56dc2b77dbfe37705,2026-10-10T01:00:00Z,Washington Huskies,Iowa Hawkeyes,betrivers,BetRivers,2026-10-08T12:44:44Z,2026-10-08T12:44:44Z,Iowa Hawkeyes,3.5,-113.0,2026,2026-10-08T12:44:59Z,1650,4.741552506526173,11.183874315513217,-3.9423218089870433,174be7f32dd5bd9e364a40660c78a69311d1e3c8399b5fdb673b903230d43721,timestamped_live_quote,FBS vs FBS
2026-10-08T12:44:59Z,a168f1bed30ce7d56dc2b77dbfe37705,2026-10-10T01:00:00Z,Washington Huskies,Iowa Hawkeyes,betrivers,BetRivers,2026-10-08T12:44:44Z,2026-10-08T12:44:44Z,Washington Huskies,-3.5,-110.0,2026,2026-10-08T12:44:59Z,1650,4.741552506526173,11.183874315513217,-3.9423218089870433,174be7f32dd5bd9e364a40660c78a69311d1e3c8399b5fdb673b903230d43721,timestamped_live_quote,FBS vs FBS
2026-10-08T12:44:59Z,a168f1bed30ce7d56dc2b77dbfe37705,2026-10-10T01:00:00Z,Washington Huskies,Iowa Hawkeyes,mybookieag,MyBookie.ag,2026-10-08T12:44:42Z,2026-10-08T12:44:41Z,Iowa Hawkeyes,3.0,-110.0,2026,2026-10-08T12:44:59Z,1650,4.741552506526173,11.183874315513217,-3.9423218089870433,174be7f32dd5bd9e364a40660c78a69311d1e3c8399b5fdb673b903230d43721,timestamped_live_quote,FBS vs FBS
2026-10-08T12:44:59Z,a168f1bed30ce7d56dc2b77dbfe37705,2026-10-10T01:00:00Z,Washington Huskies,Iowa Hawkeyes,mybookieag,MyBookie.ag,2026-10-08T12:44:42Z,2026-10-08T12:44:41Z,Washington Huskies,-3.0,-110.0,2026,2026-10-08T12:44:59Z,1650,4.741552506526173,11.183874315513217,-3.9423218089870433,174be7f32dd5bd9e364a40660c78a69311d1e3c8399b5fdb673b903230d43721,timestamped_live_quote,FBS vs FBS
2026-10-08T12:44:59Z,a168f1bed30ce7d56dc2b77dbfe37705,2026-10-10T01:00:00Z,Washington Huskies,Iowa Hawkeyes,fanduel,FanDuel,2026-10-08T12:44:34Z,2026-10-08T12:44:31Z,Iowa Hawkeyes,3.5,-120.0,2026,2026-10-08T12:44:59Z,1650,4.741552506526173,11.183874315513217,-3.9423218089870433,174be7f32dd5bd9e364a40660c78a69311d1e3c8399b5fdb673b903230d43721,timestamped_live_quote,FBS vs FBS
2026-10-08T12:44:59Z,a168f1bed30ce7d56dc2b77dbfe37705,2026-10-10T01:00:00Z,Washington Huskies,Iowa Hawkeyes,fanduel,FanDuel,2026-10-08T12:44:34Z,2026-10-08T12:44:31Z,Washington Huskies,-3.5,-102.0,2026,2026-10-08T12:44:59Z,1650,4.741552506526173,11.183874315513217,-3.9423218089870433,174be7f32dd5bd9e364a40660c78a69311d1e3c8399b5fdb673b903230d43721,timestamped_live_quote,FBS vs FBS
2026-10-08T12:44:59Z,a168f1bed30ce7d56dc2b77dbfe37705,2026-10-10T01:00:00Z,Washington Huskies,Iowa Hawkeyes,betmgm,BetMGM,2026-10-08T12:44:43Z,2026-10-08T12:44:43Z,Iowa Hawkeyes,3.5,-118.0,2026,2026-10-08T12:44:59Z,1650,4.741552506526173,11.183874315513217,-3.9423218089870433,174be7f32dd5bd9e364a40660c78a69311d1e3c8399b5fdb673b903230d43721,timestamped_live_quote,FBS vs FBS
2026-10-08T12:44:59Z,a168f1bed30ce7d56dc2b77dbfe37705,2026-10-10T01:00:00Z,Washington Huskies,Iowa Hawkeyes,betmgm,BetMGM,2026-10-08T12:44:43Z,2026-10-08T12:44:43Z,Washington Huskies,-3.5,-102.0,2026,2026-10-08T12:44:59Z,1650,4.741552506526173,11.183874315513217,-3.9423218089870433,174be7f32dd5bd9e364a40660c78a69311d1e3c8399b5fdb673b903230d43721,timestamped_live_quote,FBS vs FBS
2026-10-08T12:44:59Z,a168f1bed30ce7d56dc2b77dbfe37705,2026-10-10T01:00:00Z,Washington Huskies,Iowa Hawkeyes,lowvig,LowVig.ag,2026-10-08T12:44:10Z,2026-10-08T12:44:10Z,Iowa Hawkeyes,3.0,-104.0,2026,2026-10-08T12:44:59Z,1650,4.741552506526173,11.183874315513217,-3.9423218089870433,174be7f32dd5bd9e364a40660c78a69311d1e3c8399b5fdb673b903230d43721,timestamped_live_quote,FBS vs FBS
2026-10-08T12:44:59Z,a168f1bed30ce7d56dc2b77dbfe37705,2026-10-10T01:00:00Z,Washington Huskies,Iowa Hawkeyes,lowvig,LowVig.ag,2026-10-08T12:44:10Z,2026-10-08T12:44:10Z,Washington Huskies,-3.0,-108.0,2026,2026-10-08T12:44:59Z,1650,4.741552506526173,11.183874315513217,-3.9423218089870433,174be7f32dd5bd9e364a40660c78a69311d1e3c8399b5fdb673b903230d43721,timestamped_live_quote,FBS vs FBS
2026-10-08T12:44:59Z,a168f1bed30ce7d56dc2b77dbfe37705,2026-10-10T01:00:00Z,Washington Huskies,Iowa Hawkeyes,betonlineag,BetOnline.ag,2026-10-08T12:44:24Z,2026-10-08T12:44:24Z,Iowa Hawkeyes,3.5,-116.0,2026,2026-10-08T12:44:59Z,1650,4.741552506526173,11.183874315513217,-3.9423218089870433,174be7f32dd5bd9e364a40660c78a69311d1e3c8399b5fdb673b903230d43721,timestamped_live_quote,FBS vs FBS
2026-10-08T12:44:59Z,a168f1bed30ce7d56dc2b77dbfe37705,2026-10-10T01:00:00Z,Washington Huskies,Iowa Hawkeyes,betonlineag,BetOnline.ag,2026-10-08T12:44:24Z,2026-10-08T12:44:24Z,Washington Huskies,-3.5,-104.0,2026,2026-10-08T12:44:59Z,1650,4.741552506526173,11.183874315513217,-3.9423218089870433,174be7f32dd5bd9e364a40660c78a69311d1e3c8399b5fdb673b903230d43721,timestamped_live_quote,FBS vs FBS
2026-10-08T12:44:59Z,a168f1bed30ce7d56dc2b77dbfe37705,2026-10-10T01:00:00Z,Washington Huskies,Iowa Hawkeyes,bovada,Bovada,2026-10-08T12:44:12Z,2026-10-08T12:44:12Z,Iowa Hawkeyes,3.0,-105.0,2026,2026-10-08T12:44:59Z,1650,4.741552506526173,11.183874315513217,-3.9423218089870433,174be7f32dd5bd9e364a40660c78a69311d1e3c8399b5fdb673b903230d43721,timestamped_live_quote,FBS vs FBS
2026-10-08T12:44:59Z,a168f1bed30ce7d56dc2b77dbfe37705,2026-10-10T01:00:00Z,Washington Huskies,Iowa Hawkeyes,bovada,Bovada,2026-10-08T12:44:12Z,2026-10-08T12:44:12Z,Washington Huskies,-3.0,-115.0,2026,2026-10-08T12:44:59Z,1650,4.741552506526173,11.183874315513217,-3.9423218089870433,174be7f32dd5bd9e364a40660c78a69311d1e3c8399b5fdb673b903230d43721,timestamped_live_quote,FBS vs FBS
2026-10-08T12:44:59Z,a168f1bed30ce7d56dc2b77dbfe37705,2026-10-10T01:00:00Z,Washington Huskies,Iowa Hawkeyes,betus,BetUS,2026-10-08T12:44:13Z,2026-10-08T12:44:13Z,Iowa Hawkeyes,3.0,-105.0,2026,2026-10-08T12:44:59Z,1650,4.741552506526173,11.183874315513217,-3.9423218089870433,174be7f32dd5bd9e364a40660c78a69311d1e3c8399b5fdb673b903230d43721,timestamped_live_quote,FBS vs FBS
2026-10-08T12:44:59Z,a168f1bed30ce7d56dc2b77dbfe37705,2026-10-10T01:00:00Z,Washington Huskies,Iowa Hawkeyes,betus,BetUS,2026-10-08T12:44:13Z,2026-10-08T12:44:13Z,Washington Huskies,-3.0,-115.0,2026,2026-10-08T12:44:59Z,1650,4.741552506526173,11.183874315513217,-3.9423218089870433,174be7f32dd5bd9e364a40660c78a69311d1e3c8399b5fdb673b903230d43721,timestamped_live_quote,FBS vs FBS
2026-10-08T12:44:59Z,23614f055733537fb79ab73e68040eca,2026-10-10T01:00:00Z,San Jose State Spartans,Wyoming Cowboys,fanduel,FanDuel,2026-10-08T12:44:34Z,2026-10-08T12:44:31Z,San Jose State Spartans,-5.5,-120.0,2026,2026-10-08T12:44:59Z,1650,-0.3077863629789808,-3.7133052676314064,5.905518904652426,174be7f32dd5bd9e364a40660c78a69311d1e3c8399b5fdb673b903230d43721,timestamped_live_quote,FBS vs FBS
2026-10-08T12:44:59Z,23614f055733537fb79ab73e68040eca,2026-10-10T01:00:00Z,San Jose State Spartans,Wyoming Cowboys,fanduel,FanDuel,2026-10-08T12:44:34Z,2026-10-08T12:44:31Z,Wyoming Cowboys,5.5,-102.0,2026,2026-10-08T12:44:59Z,1650,-0.3077863629789808,-3.7133052676314064,5.905518904652426,174be7f32dd5bd9e364a40660c78a69311d1e3c8399b5fdb673b903230d43721,timestamped_live_quote,FBS vs FBS
2026-10-08T12:44:59Z,23614f055733537fb79ab73e68040eca,2026-10-10T01:00:00Z,San Jose State Spartans,Wyoming Cowboys,draftkings,DraftKings,2026-10-08T12:44:42Z,2026-10-08T12:44:41Z,San Jose State Spartans,-6.0,-110.0,2026,2026-10-08T12:44:59Z,1650,-0.3077863629789808,-3.7133052676314064,5.905518904652426,174be7f32dd5bd9e364a40660c78a69311d1e3c8399b5fdb673b903230d43721,timestamped_live_quote,FBS vs FBS
2026-10-08T12:44:59Z,23614f055733537fb79ab73e68040eca,2026-10-10T01:00:00Z,San Jose State Spartans,Wyoming Cowboys,draftkings,DraftKings,2026-10-08T12:44:42Z,2026-10-08T12:44:41Z,Wyoming Cowboys,6.0,-110.0,2026,2026-10-08T12:44:59Z,1650,-0.3077863629789808,-3.7133052676314064,5.905518904652426,174be7f32dd5bd9e364a40660c78a69311d1e3c8399b5fdb673b903230d43721,timestamped_live_quote,FBS vs FBS
2026-10-08T12:44:59Z,23614f055733537fb79ab73e68040eca,2026-10-10T01:00:00Z,San Jose State Spartans,Wyoming Cowboys,betrivers,BetRivers,2026-10-08T12:44:44Z,2026-10-08T12:44:44Z,San Jose State Spartans,-6.5,-108.0,2026,2026-10-08T12:44:59Z,1650,-0.3077863629789808,-3.7133052676314064,5.905518904652426,174be7f32dd5bd9e364a40660c78a69311d1e3c8399b5fdb673b903230d43721,timestamped_live_quote,FBS vs FBS
2026-10-08T12:44:59Z,23614f055733537fb79ab73e68040eca,2026-10-10T01:00:00Z,San Jose State Spartans,Wyoming Cowboys,betrivers,BetRivers,2026-10-08T12:44:44Z,2026-10-08T12:44:44Z,Wyoming Cowboys,6.5,-115.0,2026,2026-10-08T12:44:59Z,1650,-0.3077863629789808,-3.7133052676314064,5.905518904652426,174be7f32dd5bd9e364a40660c78a69311d1e3c8399b5fdb673b903230d43721,timestamped_live_quote,FBS vs FBS
2026-10-08T12:44:59Z,23614f055733537fb79ab73e68040eca,2026-10-10T01:00:00Z,San Jose State Spartans,Wyoming Cowboys,lowvig,LowVig.ag,2026-10-08T12:44:10Z,2026-10-08T12:44:10Z,San Jose State Spartans,-6.5,103.0,2026,2026-10-08T12:44:59Z,1650,-0.3077863629789808,-3.7133052676314064,5.905518904652426,174be7f32dd5bd9e364a40660c78a69311d1e3c8399b5fdb673b903230d43721,timestamped_live_quote,FBS vs FBS
2026-10-08T12:44:59Z,23614f055733537fb79ab73e68040eca,2026-10-10T01:00:00Z,San Jose State Spartans,Wyoming Cowboys,lowvig,LowVig.ag,2026-10-08T12:44:10Z,2026-10-08T12:44:10Z,Wyoming Cowboys,6.5,-115.0,2026,2026-10-08T12:44:59Z,1650,-0.3077863629789808,-3.7133052676314064,5.905518904652426,174be7f32dd5bd9e364a40660c78a69311d1e3c8399b5fdb673b903230d43721,timestamped_live_quote,FBS vs FBS
2026-10-08T12:44:59Z,23614f055733537fb79ab73e68040eca,2026-10-10T01:00:00Z,San Jose State Spartans,Wyoming Cowboys,betonlineag,BetOnline.ag,2026-10-08T12:44:24Z,2026-10-08T12:44:24Z,San Jose State Spartans,-6.5,-103.0,2026,2026-10-08T12:44:59Z,1650,-0.3077863629789808,-3.7133052676314064,5.905518904652426,174be7f32dd5bd9e364a40660c78a69311d1e3c8399b5fdb673b903230d43721,timestamped_live_quote,FBS vs FBS
2026-10-08T12:44:59Z,23614f055733537fb79ab73e68040eca,2026-10-10T01:00:00Z,San Jose State Spartans,Wyoming Cowboys,betonlineag,BetOnline.ag,2026-10-08T12:44:24Z,2026-10-08T12:44:24Z,Wyoming Cowboys,6.5,-117.0,2026,2026-10-08T12:44:59Z,1650,-0.3077863629789808,-3.7133052676314064,5.905518904652426,174be7f32dd5bd9e364a40660c78a69311d1e3c8399b5fdb673b903230d43721,timestamped_live_quote,FBS vs FBS
2026-10-08T12:44:59Z,23614f055733537fb79ab73e68040eca,2026-10-10T01:00:00Z,San Jose State Spartans,Wyoming Cowboys,betmgm,BetMGM,2026-10-08T12:44:43Z,2026-10-08T12:44:43Z,San Jose State Spartans,-6.0,-115.0,2026,2026-10-08T12:44:59Z,1650,-0.3077863629789808,-3.7133052676314064,5.905518904652426,174be7f32dd5bd9e364a40660c78a69311d1e3c8399b5fdb673b903230d43721,timestamped_live_quote,FBS vs FBS
2026-10-08T12:44:59Z,23614f055733537fb79ab73e68040eca,2026-10-10T01:00:00Z,San Jose State Spartans,Wyoming Cowboys,betmgm,BetMGM,2026-10-08T12:44:43Z,2026-10-08T12:44:43Z,Wyoming Cowboys,6.0,-105.0,2026,2026-10-08T12:44:59Z,1650,-0.3077863629789808,-3.7133052676314064,5.905518904652426,174be7f32dd5bd9e364a40660c78a69311d1e3c8399b5fdb673b903230d43721,timestamped_live_quote,FBS vs FBS
2026-10-08T12:44:59Z,23614f055733537fb79ab73e68040eca,2026-10-10T01:00:00Z,San Jose State Spartans,Wyoming Cowboys,mybookieag,MyBookie.ag,2026-10-08T12:44:42Z,2026-10-08T12:44:42Z,San Jose State Spartans,-6.0,-110.0,2026,2026-10-08T12:44:59Z,1650,-0.3077863629789808,-3.7133052676314064,5.905518904652426,174be7f32dd5bd9e364a40660c78a69311d1e3c8399b5fdb673b903230d43721,timestamped_live_quote,FBS vs FBS
2026-10-08T12:44:59Z,23614f055733537fb79ab73e68040eca,2026-10-10T01:00:00Z,San Jose State Spartans,Wyoming Cowboys,mybookieag,MyBookie.ag,2026-10-08T12:44:42Z,2026-10-08T12:44:42Z,Wyoming Cowboys,6.0,-110.0,2026,2026-10-08T12:44:59Z,1650,-0.3077863629789808,-3.7133052676314064,5.905518904652426,174be7f32dd5bd9e364a40660c78a69311d1e3c8399b5fdb673b903230d43721,timestamped_live_quote,FBS vs FBS
2026-10-08T12:44:59Z,23614f055733537fb79ab73e68040eca,2026-10-10T01:00:00Z,San Jose State Spartans,Wyoming Cowboys,bovada,Bovada,2026-10-08T12:44:12Z,2026-10-08T12:44:12Z,San Jose State Spartans,-6.0,-110.0,2026,2026-10-08T12:44:59Z,1650,-0.3077863629789808,-3.7133052676314064,5.905518904652426,174be7f32dd5bd9e364a40660c78a69311d1e3c8399b5fdb673b903230d43721,timestamped_live_quote,FBS vs FBS
2026-10-08T12:44:59Z,23614f055733537fb79ab73e68040eca,2026-10-10T01:00:00Z,San Jose State Spartans,Wyoming Cowboys,bovada,Bovada,2026-10-08T12:44:12Z,2026-10-08T12:44:12Z,Wyoming Cowboys,6.0,-110.0,2026,2026-10-08T12:44:59Z,1650,-0.3077863629789808,-3.7133052676314064,5.905518904652426,174be7f32dd5bd9e364a40660c78a69311d1e3c8399b5fdb673b903230d43721,timestamped_live_quote,FBS vs FBS
2026-10-08T12:44:59Z,23614f055733537fb79ab73e68040eca,2026-10-10T01:00:00Z,San Jose State Spartans,Wyoming Cowboys,betus,BetUS,2026-10-08T12:44:13Z,2026-10-08T12:44:13Z,San Jose State Spartans,-6.0,-110.0,2026,2026-10-08T12:44:59Z,1650,-0.3077863629789808,-3.7133052676314064,5.905518904652426,174be7f32dd5bd9e364a40660c78a69311d1e3c8399b5fdb673b903230d43721,timestamped_live_quote,FBS vs FBS
2026-10-08T12:44:59Z,23614f055733537fb79ab73e68040eca,2026-10-10T01:00:00Z,San Jose State Spartans,Wyoming Cowboys,betus,BetUS,2026-10-08T12:44:13Z,2026-10-08T12:44:13Z,Wyoming Cowboys,6.0,-110.0,2026,2026-10-08T12:44:59Z,1650,-0.3077863629789808,-3.7133052676314064,5.905518904652426,174be7f32dd5bd9e364a40660c78a69311d1e3c8399b5fdb673b903230d43721,timestamped_live_quote,FBS vs FBS
2026-10-08T12:44:59Z,2ec27bbe3b14c521ba8a3f3f6e46f4ac,2026-10-10T01:00:00Z,Utah State Aggies,Washington State Cougars,fanduel,FanDuel,2026-10-08T12:44:34Z,2026-10-08T12:44:31Z,Utah State Aggies,-5.5,-112.0,2026,2026-10-08T12:44:59Z,1650,-1.3460133725716692,-1.007285082972015,2.161271710400346,174be7f32dd5bd9e364a40660c78a69311d1e3c8399b5fdb673b903230d43721,timestamped_live_quote,FBS vs FBS
2026-10-08T12:44:59Z,2ec27bbe3b14c521ba8a3f3f6e46f4ac,2026-10-10T01:00:00Z,Utah State Aggies,Washington State Cougars,fanduel,FanDuel,2026-10-08T12:44:34Z,2026-10-08T12:44:31Z,Washington State Cougars,5.5,-108.0,2026,2026-10-08T12:44:59Z,1650,-1.3460133725716692,-1.007285082972015,2.161271710400346,174be7f32dd5bd9e364a40660c78a69311d1e3c8399b5fdb673b903230d43721,timestamped_live_quote,FBS vs FBS
2026-10-08T12:44:59Z,2ec27bbe3b14c521ba8a3f3f6e46f4ac,2026-10-10T01:00:00Z,Utah State Aggies,Washington State Cougars,betrivers,BetRivers,2026-10-08T12:44:44Z,2026-10-08T12:44:44Z,Utah State Aggies,-5.5,-115.0,2026,2026-10-08T12:44:59Z,1650,-1.3460133725716692,-1.007285082972015,2.161271710400346,174be7f32dd5bd9e364a40660c78a69311d1e3c8399b5fdb673b903230d43721,timestamped_live_quote,FBS vs FBS
2026-10-08T12:44:59Z,2ec27bbe3b14c521ba8a3f3f6e46f4ac,2026-10-10T01:00:00Z,Utah State Aggies,Washington State Cougars,betrivers,BetRivers,2026-10-08T12:44:44Z,2026-10-08T12:44:44Z,Washington State Cougars,5.5,-108.0,2026,2026-10-08T12:44:59Z,1650,-1.3460133725716692,-1.007285082972015,2.161271710400346,174be7f32dd5bd9e364a40660c78a69311d1e3c8399b5fdb673b903230d43721,timestamped_live_quote,FBS vs FBS
2026-10-08T12:44:59Z,2ec27bbe3b14c521ba8a3f3f6e46f4ac,2026-10-10T01:00:00Z,Utah State Aggies,Washington State Cougars,betmgm,BetMGM,2026-10-08T12:44:43Z,2026-10-08T12:44:43Z,Utah State Aggies,-5.5,-110.0,2026,2026-10-08T12:44:59Z,1650,-1.3460133725716692,-1.007285082972015,2.161271710400346,174be7f32dd5bd9e364a40660c78a69311d1e3c8399b5fdb673b903230d43721,timestamped_live_quote,FBS vs FBS
2026-10-08T12:44:59Z,2ec27bbe3b14c521ba8a3f3f6e46f4ac,2026-10-10T01:00:00Z,Utah State Aggies,Washington State Cougars,betmgm,BetMGM,2026-10-08T12:44:43Z,2026-10-08T12:44:43Z,Washington State Cougars,5.5,-108.0,2026,2026-10-08T12:44:59Z,1650,-1.3460133725716692,-1.007285082972015,2.161271710400346,174be7f32dd5bd9e364a40660c78a69311d1e3c8399b5fdb673b903230d43721,timestamped_live_quote,FBS vs FBS
2026-10-08T12:44:59Z,2ec27bbe3b14c521ba8a3f3f6e46f4ac,2026-10-10T01:00:00Z,Utah State Aggies,Washington State Cougars,draftkings,DraftKings,2026-10-08T12:44:42Z,2026-10-08T12:44:41Z,Utah State Aggies,-5.5,-108.0,2026,2026-10-08T12:44:59Z,1650,-1.3460133725716692,-1.007285082972015,2.161271710400346,174be7f32dd5bd9e364a40660c78a69311d1e3c8399b5fdb673b903230d43721,timestamped_live_quote,FBS vs FBS
2026-10-08T12:44:59Z,2ec27bbe3b14c521ba8a3f3f6e46f4ac,2026-10-10T01:00:00Z,Utah State Aggies,Washington State Cougars,draftkings,DraftKings,2026-10-08T12:44:42Z,2026-10-08T12:44:41Z,Washington State Cougars,5.5,-112.0,2026,2026-10-08T12:44:59Z,1650,-1.3460133725716692,-1.007285082972015,2.161271710400346,174be7f32dd5bd9e364a40660c78a69311d1e3c8399b5fdb673b903230d43721,timestamped_live_quote,FBS vs FBS
2026-10-08T12:44:59Z,2ec27bbe3b14c521ba8a3f3f6e46f4ac,2026-10-10T01:00:00Z,Utah State Aggies,Washington State Cougars,betonlineag,BetOnline.ag,2026-10-08T12:44:24Z,2026-10-08T12:44:24Z,Utah State Aggies,-5.5,-110.0,2026,2026-10-08T12:44:59Z,1650,-1.3460133725716692,-1.007285082972015,2.161271710400346,174be7f32dd5bd9e364a40660c78a69311d1e3c8399b5fdb673b903230d43721,timestamped_live_quote,FBS vs FBS
2026-10-08T12:44:59Z,2ec27bbe3b14c521ba8a3f3f6e46f4ac,2026-10-10T01:00:00Z,Utah State Aggies,Washington State Cougars,betonlineag,BetOnline.ag,2026-10-08T12:44:24Z,2026-10-08T12:44:24Z,Washington State Cougars,5.5,-110.0,2026,2026-10-08T12:44:59Z,1650,-1.3460133725716692,-1.007285082972015,2.161271710400346,174be7f32dd5bd9e364a40660c78a69311d1e3c8399b5fdb673b903230d43721,timestamped_live_quote,FBS vs FBS
2026-10-08T12:44:59Z,2ec27bbe3b14c521ba8a3f3f6e46f4ac,2026-10-10T01:00:00Z,Utah State Aggies,Washington State Cougars,lowvig,LowVig.ag,2026-10-08T12:44:10Z,2026-10-08T12:44:10Z,Utah State Aggies,-5.5,-106.0,2026,2026-10-08T12:44:59Z,1650,-1.3460133725716692,-1.007285082972015,2.161271710400346,174be7f32dd5bd9e364a40660c78a69311d1e3c8399b5fdb673b903230d43721,timestamped_live_quote,FBS vs FBS
2026-10-08T12:44:59Z,2ec27bbe3b14c521ba8a3f3f6e46f4ac,2026-10-10T01:00:00Z,Utah State Aggies,Washington State Cougars,lowvig,LowVig.ag,2026-10-08T12:44:10Z,2026-10-08T12:44:10Z,Washington State Cougars,5.5,-106.0,2026,2026-10-08T12:44:59Z,1650,-1.3460133725716692,-1.007285082972015,2.161271710400346,174be7f32dd5bd9e364a40660c78a69311d1e3c8399b5fdb673b903230d43721,timestamped_live_quote,FBS vs FBS
2026-10-08T12:44:59Z,2ec27bbe3b14c521ba8a3f3f6e46f4ac,2026-10-10T01:00:00Z,Utah State Aggies,Washington State Cougars,mybookieag,MyBookie.ag,2026-10-08T12:44:42Z,2026-10-08T12:44:42Z,Utah State Aggies,-5.5,-110.0,2026,2026-10-08T12:44:59Z,1650,-1.3460133725716692,-1.007285082972015,2.161271710400346,174be7f32dd5bd9e364a40660c78a69311d1e3c8399b5fdb673b903230d43721,timestamped_live_quote,FBS vs FBS
2026-10-08T12:44:59Z,2ec27bbe3b14c521ba8a3f3f6e46f4ac,2026-10-10T01:00:00Z,Utah State Aggies,Washington State Cougars,mybookieag,MyBookie.ag,2026-10-08T12:44:42Z,2026-10-08T12:44:42Z,Washington State Cougars,5.5,-110.0,2026,2026-10-08T12:44:59Z,1650,-1.3460133725716692,-1.007285082972015,2.161271710400346,174be7f32dd5bd9e364a40660c78a69311d1e3c8399b5fdb673b903230d43721,timestamped_live_quote,FBS vs FBS
2026-10-08T12:44:59Z,2ec27bbe3b14c521ba8a3f3f6e46f4ac,2026-10-10T01:00:00Z,Utah State Aggies,Washington State Cougars,bovada,Bovada,2026-10-08T12:44:12Z,2026-10-08T12:44:12Z,Utah State Aggies,-5.5,-110.0,2026,2026-10-08T12:44:59Z,1650,-1.3460133725716692,-1.007285082972015,2.161271710400346,174be7f32dd5bd9e364a40660c78a69311d1e3c8399b5fdb673b903230d43721,timestamped_live_quote,FBS vs FBS
2026-10-08T12:44:59Z,2ec27bbe3b14c521ba8a3f3f6e46f4ac,2026-10-10T01:00:00Z,Utah State Aggies,Washington State Cougars,bovada,Bovada,2026-10-08T12:44:12Z,2026-10-08T12:44:12Z,Washington State Cougars,5.5,-110.0,2026,2026-10-08T12:44:59Z,1650,-1.3460133725716692,-1.007285082972015,2.161271710400346,174be7f32dd5bd9e364a40660c78a69311d1e3c8399b5fdb673b903230d43721,timestamped_live_quote,FBS vs FBS
2026-10-08T12:44:59Z,2ec27bbe3b14c521ba8a3f3f6e46f4ac,2026-10-10T01:00:00Z,Utah State Aggies,Washington State Cougars,betus,BetUS,2026-10-08T12:44:13Z,2026-10-08T12:44:13Z,Utah State Aggies,-5.5,-110.0,2026,2026-10-08T12:44:59Z,1650,-1.3460133725716692,-1.007285082972015,2.161271710400346,174be7f32dd5bd9e364a40660c78a69311d1e3c8399b5fdb673b903230d43721,timestamped_live_quote,FBS vs FBS
2026-10-08T12:44:59Z,2ec27bbe3b14c521ba8a3f3f6e46f4ac,2026-10-10T01:00:00Z,Utah State Aggies,Washington State Cougars,betus,BetUS,2026-10-08T12:44:13Z,2026-10-08T12:44:13Z,Washington State Cougars,5.5,-110.0,2026,2026-10-08T12:44:59Z,1650,-1.3460133725716692,-1.007285082972015,2.161271710400346,174be7f32dd5bd9e364a40660c78a69311d1e3c8399b5fdb673b903230d43721,timestamped_live_quote,FBS vs FBS
2026-10-08T12:44:59Z,55d9636153ca5741d460ef2f78b663d9,2026-10-10T02:15:00Z,BYU Cougars,Iowa State Cyclones,draftkings,DraftKings,2026-10-08T12:44:42Z,2026-10-08T12:44:41Z,BYU Cougars,-10.0,-115.0,2026,2026-10-08T12:44:59Z,1650,12.070011363307659,8.83982780888654,5.730183554421119,174be7f32dd5bd9e364a40660c78a69311d1e3c8399b5fdb673b903230d43721,timestamped_live_quote,FBS vs FBS
2026-10-08T12:44:59Z,55d9636153ca5741d460ef2f78b663d9,2026-10-10T02:15:00Z,BYU Cougars,Iowa State Cyclones,draftkings,DraftKings,2026-10-08T12:44:42Z,2026-10-08T12:44:41Z,Iowa State Cyclones,10.0,-105.0,2026,2026-10-08T12:44:59Z,1650,12.070011363307659,8.83982780888654,5.730183554421119,174be7f32dd5bd9e364a40660c78a69311d1e3c8399b5fdb673b903230d43721,timestamped_live_quote,FBS vs FBS
2026-10-08T12:44:59Z,55d9636153ca5741d460ef2f78b663d9,2026-10-10T02:15:00Z,BYU Cougars,Iowa State Cyclones,betrivers,BetRivers,2026-10-08T12:44:44Z,2026-10-08T12:44:44Z,BYU Cougars,-10.5,-112.0,2026,2026-10-08T12:44:59Z,1650,12.070011363307659,8.83982780888654,5.730183554421119,174be7f32dd5bd9e364a40660c78a69311d1e3c8399b5fdb673b903230d43721,timestamped_live_quote,FBS vs FBS
2026-10-08T12:44:59Z,55d9636153ca5741d460ef2f78b663d9,2026-10-10T02:15:00Z,BYU Cougars,Iowa State Cyclones,betrivers,BetRivers,2026-10-08T12:44:44Z,2026-10-08T12:44:44Z,Iowa State Cyclones,10.5,-112.0,2026,2026-10-08T12:44:59Z,1650,12.070011363307659,8.83982780888654,5.730183554421119,174be7f32dd5bd9e364a40660c78a69311d1e3c8399b5fdb673b903230d43721,timestamped_live_quote,FBS vs FBS
2026-10-08T12:44:59Z,55d9636153ca5741d460ef2f78b663d9,2026-10-10T02:15:00Z,BYU Cougars,Iowa State Cyclones,mybookieag,MyBookie.ag,2026-10-08T12:44:42Z,2026-10-08T12:44:41Z,BYU Cougars,-10.0,-110.0,2026,2026-10-08T12:44:59Z,1650,12.070011363307659,8.83982780888654,5.730183554421119,174be7f32dd5bd9e364a40660c78a69311d1e3c8399b5fdb673b903230d43721,timestamped_live_quote,FBS vs FBS
2026-10-08T12:44:59Z,55d9636153ca5741d460ef2f78b663d9,2026-10-10T02:15:00Z,BYU Cougars,Iowa State Cyclones,mybookieag,MyBookie.ag,2026-10-08T12:44:42Z,2026-10-08T12:44:41Z,Iowa State Cyclones,10.0,-110.0,2026,2026-10-08T12:44:59Z,1650,12.070011363307659,8.83982780888654,5.730183554421119,174be7f32dd5bd9e364a40660c78a69311d1e3c8399b5fdb673b903230d43721,timestamped_live_quote,FBS vs FBS
2026-10-08T12:44:59Z,55d9636153ca5741d460ef2f78b663d9,2026-10-10T02:15:00Z,BYU Cougars,Iowa State Cyclones,fanduel,FanDuel,2026-10-08T12:44:34Z,2026-10-08T12:44:31Z,BYU Cougars,-9.5,-120.0,2026,2026-10-08T12:44:59Z,1650,12.070011363307659,8.83982780888654,5.730183554421119,174be7f32dd5bd9e364a40660c78a69311d1e3c8399b5fdb673b903230d43721,timestamped_live_quote,FBS vs FBS
2026-10-08T12:44:59Z,55d9636153ca5741d460ef2f78b663d9,2026-10-10T02:15:00Z,BYU Cougars,Iowa State Cyclones,fanduel,FanDuel,2026-10-08T12:44:34Z,2026-10-08T12:44:31Z,Iowa State Cyclones,9.5,-102.0,2026,2026-10-08T12:44:59Z,1650,12.070011363307659,8.83982780888654,5.730183554421119,174be7f32dd5bd9e364a40660c78a69311d1e3c8399b5fdb673b903230d43721,timestamped_live_quote,FBS vs FBS
2026-10-08T12:44:59Z,55d9636153ca5741d460ef2f78b663d9,2026-10-10T02:15:00Z,BYU Cougars,Iowa State Cyclones,betmgm,BetMGM,2026-10-08T12:44:43Z,2026-10-08T12:44:43Z,BYU Cougars,-10.0,-108.0,2026,2026-10-08T12:44:59Z,1650,12.070011363307659,8.83982780888654,5.730183554421119,174be7f32dd5bd9e364a40660c78a69311d1e3c8399b5fdb673b903230d43721,timestamped_live_quote,FBS vs FBS
2026-10-08T12:44:59Z,55d9636153ca5741d460ef2f78b663d9,2026-10-10T02:15:00Z,BYU Cougars,Iowa State Cyclones,betmgm,BetMGM,2026-10-08T12:44:43Z,2026-10-08T12:44:43Z,Iowa State Cyclones,10.0,-110.0,2026,2026-10-08T12:44:59Z,1650,12.070011363307659,8.83982780888654,5.730183554421119,174be7f32dd5bd9e364a40660c78a69311d1e3c8399b5fdb673b903230d43721,timestamped_live_quote,FBS vs FBS
2026-10-08T12:44:59Z,55d9636153ca5741d460ef2f78b663d9,2026-10-10T02:15:00Z,BYU Cougars,Iowa State Cyclones,lowvig,LowVig.ag,2026-10-08T12:44:10Z,2026-10-08T12:44:10Z,BYU Cougars,-10.0,-111.0,2026,2026-10-08T12:44:59Z,1650,12.070011363307659,8.83982780888654,5.730183554421119,174be7f32dd5bd9e364a40660c78a69311d1e3c8399b5fdb673b903230d43721,timestamped_live_quote,FBS vs FBS
2026-10-08T12:44:59Z,55d9636153ca5741d460ef2f78b663d9,2026-10-10T02:15:00Z,BYU Cougars,Iowa State Cyclones,lowvig,LowVig.ag,2026-10-08T12:44:10Z,2026-10-08T12:44:10Z,Iowa State Cyclones,10.0,-101.0,2026,2026-10-08T12:44:59Z,1650,12.070011363307659,8.83982780888654,5.730183554421119,174be7f32dd5bd9e364a40660c78a69311d1e3c8399b5fdb673b903230d43721,timestamped_live_quote,FBS vs FBS
2026-10-08T12:44:59Z,55d9636153ca5741d460ef2f78b663d9,2026-10-10T02:15:00Z,BYU Cougars,Iowa State Cyclones,betonlineag,BetOnline.ag,2026-10-08T12:44:24Z,2026-10-08T12:44:24Z,BYU Cougars,-10.0,-118.0,2026,2026-10-08T12:44:59Z,1650,12.070011363307659,8.83982780888654,5.730183554421119,174be7f32dd5bd9e364a40660c78a69311d1e3c8399b5fdb673b903230d43721,timestamped_live_quote,FBS vs FBS
2026-10-08T12:44:59Z,55d9636153ca5741d460ef2f78b663d9,2026-10-10T02:15:00Z,BYU Cougars,Iowa State Cyclones,betonlineag,BetOnline.ag,2026-10-08T12:44:24Z,2026-10-08T12:44:24Z,Iowa State Cyclones,10.0,-102.0,2026,2026-10-08T12:44:59Z,1650,12.070011363307659,8.83982780888654,5.730183554421119,174be7f32dd5bd9e364a40660c78a69311d1e3c8399b5fdb673b903230d43721,timestamped_live_quote,FBS vs FBS
2026-10-08T12:44:59Z,55d9636153ca5741d460ef2f78b663d9,2026-10-10T02:15:00Z,BYU Cougars,Iowa State Cyclones,bovada,Bovada,2026-10-08T12:44:12Z,2026-10-08T12:44:12Z,BYU Cougars,-10.0,-110.0,2026,2026-10-08T12:44:59Z,1650,12.070011363307659,8.83982780888654,5.730183554421119,174be7f32dd5bd9e364a40660c78a69311d1e3c8399b5fdb673b903230d43721,timestamped_live_quote,FBS vs FBS
2026-10-08T12:44:59Z,55d9636153ca5741d460ef2f78b663d9,2026-10-10T02:15:00Z,BYU Cougars,Iowa State Cyclones,bovada,Bovada,2026-10-08T12:44:12Z,2026-10-08T12:44:12Z,Iowa State Cyclones,10.0,-110.0,2026,2026-10-08T12:44:59Z,1650,12.070011363307659,8.83982780888654,5.730183554421119,174be7f32dd5bd9e364a40660c78a69311d1e3c8399b5fdb673b903230d43721,timestamped_live_quote,FBS vs FBS
2026-10-08T12:44:59Z,55d9636153ca5741d460ef2f78b663d9,2026-10-10T02:15:00Z,BYU Cougars,Iowa State Cyclones,betus,BetUS,2026-10-08T12:44:13Z,2026-10-08T12:44:13Z,BYU Cougars,-10.0,-110.0,2026,2026-10-08T12:44:59Z,1650,12.070011363307659,8.83982780888654,5.730183554421119,174be7f32dd5bd9e364a40660c78a69311d1e3c8399b5fdb673b903230d43721,timestamped_live_quote,FBS vs FBS
2026-10-08T12:44:59Z,55d9636153ca5741d460ef2f78b663d9,2026-10-10T02:15:00Z,BYU Cougars,Iowa State Cyclones,betus,BetUS,2026-10-08T12:44:13Z,2026-10-08T12:44:13Z,Iowa State Cyclones,10.0,-110.0,2026,2026-10-08T12:44:59Z,1650,12.070011363307659,8.83982780888654,5.730183554421119,174be7f32dd5bd9e364a40660c78a69311d1e3c8399b5fdb673b903230d43721,timestamped_live_quote,FBS vs FBS
2026-10-08T12:44:59Z,5d7901b0ad44ffe1b92e18fc8d511a7e,2026-10-10T16:00:00Z,West Virginia Mountaineers,Arizona Wildcats,fanduel,FanDuel,2026-10-08T12:44:35Z,2026-10-08T12:44:32Z,Arizona Wildcats,-3.5,100.0,2026,2026-10-08T12:44:59Z,1650,7.231872097433518,10.014174871580076,-0.282302774146558,174be7f32dd5bd9e364a40660c78a69311d1e3c8399b5fdb673b903230d43721,timestamped_live_quote,FBS vs FBS
2026-10-08T12:44:59Z,5d7901b0ad44ffe1b92e18fc8d511a7e,2026-10-10T16:00:00Z,West Virginia Mountaineers,Arizona Wildcats,fanduel,FanDuel,2026-10-08T12:44:35Z,2026-10-08T12:44:32Z,West Virginia Mountaineers,3.5,-122.0,2026,2026-10-08T12:44:59Z,1650,7.231872097433518,10.014174871580076,-0.282302774146558,174be7f32dd5bd9e364a40660c78a69311d1e3c8399b5fdb673b903230d43721,timestamped_live_quote,FBS vs FBS
2026-10-08T12:44:59Z,5d7901b0ad44ffe1b92e18fc8d511a7e,2026-10-10T16:00:00Z,West Virginia Mountaineers,Arizona Wildcats,betrivers,BetRivers,2026-10-08T12:44:44Z,2026-10-08T12:44:44Z,Arizona Wildcats,-3.0,-117.0,2026,2026-10-08T12:44:59Z,1650,7.231872097433518,10.014174871580076,-0.282302774146558,174be7f32dd5bd9e364a40660c78a69311d1e3c8399b5fdb673b903230d43721,timestamped_live_quote,FBS vs FBS
2026-10-08T12:44:59Z,5d7901b0ad44ffe1b92e18fc8d511a7e,2026-10-10T16:00:00Z,West Virginia Mountaineers,Arizona Wildcats,betrivers,BetRivers,2026-10-08T12:44:44Z,2026-10-08T12:44:44Z,West Virginia Mountaineers,3.0,-108.0,2026,2026-10-08T12:44:59Z,1650,7.231872097433518,10.014174871580076,-0.282302774146558,174be7f32dd5bd9e364a40660c78a69311d1e3c8399b5fdb673b903230d43721,timestamped_live_quote,FBS vs FBS
2026-10-08T12:44:59Z,5d7901b0ad44ffe1b92e18fc8d511a7e,2026-10-10T16:00:00Z,West Virginia Mountaineers,Arizona Wildcats,betmgm,BetMGM,2026-10-08T12:44:43Z,2026-10-08T12:44:43Z,Arizona Wildcats,-3.0,-112.0,2026,2026-10-08T12:44:59Z,1650,7.231872097433518,10.014174871580076,-0.282302774146558,174be7f32dd5bd9e364a40660c78a69311d1e3c8399b5fdb673b903230d43721,timestamped_live_quote,FBS vs FBS
2026-10-08T12:44:59Z,5d7901b0ad44ffe1b92e18fc8d511a7e,2026-10-10T16:00:00Z,West Virginia Mountaineers,Arizona Wildcats,betmgm,BetMGM,2026-10-08T12:44:43Z,2026-10-08T12:44:43Z,West Virginia Mountaineers,3.0,-105.0,2026,2026-10-08T12:44:59Z,1650,7.231872097433518,10.014174871580076,-0.282302774146558,174be7f32dd5bd9e364a40660c78a69311d1e3c8399b5fdb673b903230d43721,timestamped_live_quote,FBS vs FBS
2026-10-08T12:44:59Z,5d7901b0ad44ffe1b92e18fc8d511a7e,2026-10-10T16:00:00Z,West Virginia Mountaineers,Arizona Wildcats,draftkings,DraftKings,2026-10-08T12:44:42Z,2026-10-08T12:44:41Z,Arizona Wildcats,-3.0,-118.0,2026,2026-10-08T12:44:59Z,1650,7.231872097433518,10.014174871580076,-0.282302774146558,174be7f32dd5bd9e364a40660c78a69311d1e3c8399b5fdb673b903230d43721,timestamped_live_quote,FBS vs FBS
2026-10-08T12:44:59Z,5d7901b0ad44ffe1b92e18fc8d511a7e,2026-10-10T16:00:00Z,West Virginia Mountaineers,Arizona Wildcats,draftkings,DraftKings,2026-10-08T12:44:42Z,2026-10-08T12:44:41Z,West Virginia Mountaineers,3.0,-102.0,2026,2026-10-08T12:44:59Z,1650,7.231872097433518,10.014174871580076,-0.282302774146558,174be7f32dd5bd9e364a40660c78a69311d1e3c8399b5fdb673b903230d43721,timestamped_live_quote,FBS vs FBS
2026-10-08T12:44:59Z,5d7901b0ad44ffe1b92e18fc8d511a7e,2026-10-10T16:00:00Z,West Virginia Mountaineers,Arizona Wildcats,lowvig,LowVig.ag,2026-10-08T12:44:10Z,2026-10-08T12:44:10Z,Arizona Wildcats,-3.0,-111.0,2026,2026-10-08T12:44:59Z,1650,7.231872097433518,10.014174871580076,-0.282302774146558,174be7f32dd5bd9e364a40660c78a69311d1e3c8399b5fdb673b903230d43721,timestamped_live_quote,FBS vs FBS
2026-10-08T12:44:59Z,5d7901b0ad44ffe1b92e18fc8d511a7e,2026-10-10T16:00:00Z,West Virginia Mountaineers,Arizona Wildcats,lowvig,LowVig.ag,2026-10-08T12:44:10Z,2026-10-08T12:44:10Z,West Virginia Mountaineers,3.0,-101.0,2026,2026-10-08T12:44:59Z,1650,7.231872097433518,10.014174871580076,-0.282302774146558,174be7f32dd5bd9e364a40660c78a69311d1e3c8399b5fdb673b903230d43721,timestamped_live_quote,FBS vs FBS
2026-10-08T12:44:59Z,5d7901b0ad44ffe1b92e18fc8d511a7e,2026-10-10T16:00:00Z,West Virginia Mountaineers,Arizona Wildcats,betonlineag,BetOnline.ag,2026-10-08T12:44:24Z,2026-10-08T12:44:24Z,Arizona Wildcats,-3.0,-119.0,2026,2026-10-08T12:44:59Z,1650,7.231872097433518,10.014174871580076,-0.282302774146558,174be7f32dd5bd9e364a40660c78a69311d1e3c8399b5fdb673b903230d43721,timestamped_live_quote,FBS vs FBS
2026-10-08T12:44:59Z,5d7901b0ad44ffe1b92e18fc8d511a7e,2026-10-10T16:00:00Z,West Virginia Mountaineers,Arizona Wildcats,betonlineag,BetOnline.ag,2026-10-08T12:44:24Z,2026-10-08T12:44:24Z,West Virginia Mountaineers,3.0,-101.0,2026,2026-10-08T12:44:59Z,1650,7.231872097433518,10.014174871580076,-0.282302774146558,174be7f32dd5bd9e364a40660c78a69311d1e3c8399b5fdb673b903230d43721,timestamped_live_quote,FBS vs FBS
2026-10-08T12:44:59Z,5d7901b0ad44ffe1b92e18fc8d511a7e,2026-10-10T16:00:00Z,West Virginia Mountaineers,Arizona Wildcats,mybookieag,MyBookie.ag,2026-10-08T12:44:42Z,2026-10-08T12:44:42Z,Arizona Wildcats,-3.0,-110.0,2026,2026-10-08T12:44:59Z,1650,7.231872097433518,10.014174871580076,-0.282302774146558,174be7f32dd5bd9e364a40660c78a69311d1e3c8399b5fdb673b903230d43721,timestamped_live_quote,FBS vs FBS
2026-10-08T12:44:59Z,5d7901b0ad44ffe1b92e18fc8d511a7e,2026-10-10T16:00:00Z,West Virginia Mountaineers,Arizona Wildcats,mybookieag,MyBookie.ag,2026-10-08T12:44:42Z,2026-10-08T12:44:42Z,West Virginia Mountaineers,3.0,-110.0,2026,2026-10-08T12:44:59Z,1650,7.231872097433518,10.014174871580076,-0.282302774146558,174be7f32dd5bd9e364a40660c78a69311d1e3c8399b5fdb673b903230d43721,timestamped_live_quote,FBS vs FBS
2026-10-08T12:44:59Z,5d7901b0ad44ffe1b92e18fc8d511a7e,2026-10-10T16:00:00Z,West Virginia Mountaineers,Arizona Wildcats,bovada,Bovada,2026-10-08T12:44:12Z,2026-10-08T12:44:12Z,Arizona Wildcats,-3.0,-115.0,2026,2026-10-08T12:44:59Z,1650,7.231872097433518,10.014174871580076,-0.282302774146558,174be7f32dd5bd9e364a40660c78a69311d1e3c8399b5fdb673b903230d43721,timestamped_live_quote,FBS vs FBS
2026-10-08T12:44:59Z,5d7901b0ad44ffe1b92e18fc8d511a7e,2026-10-10T16:00:00Z,West Virginia Mountaineers,Arizona Wildcats,bovada,Bovada,2026-10-08T12:44:12Z,2026-10-08T12:44:12Z,West Virginia Mountaineers,3.0,-105.0,2026,2026-10-08T12:44:59Z,1650,7.231872097433518,10.014174871580076,-0.282302774146558,174be7f32dd5bd9e364a40660c78a69311d1e3c8399b5fdb673b903230d43721,timestamped_live_quote,FBS vs FBS
2026-10-08T12:44:59Z,5d7901b0ad44ffe1b92e18fc8d511a7e,2026-10-10T16:00:00Z,West Virginia Mountaineers,Arizona Wildcats,betus,BetUS,2026-10-08T12:44:13Z,2026-10-08T12:44:13Z,Arizona Wildcats,-3.5,100.0,2026,2026-10-08T12:44:59Z,1650,7.231872097433518,10.014174871580076,-0.282302774146558,174be7f32dd5bd9e364a40660c78a69311d1e3c8399b5fdb673b903230d43721,timestamped_live_quote,FBS vs FBS
2026-10-08T12:44:59Z,5d7901b0ad44ffe1b92e18fc8d511a7e,2026-10-10T16:00:00Z,West Virginia Mountaineers,Arizona Wildcats,betus,BetUS,2026-10-08T12:44:13Z,2026-10-08T12:44:13Z,West Virginia Mountaineers,3.5,-120.0,2026,2026-10-08T12:44:59Z,1650,7.231872097433518,10.014174871580076,-0.282302774146558,174be7f32dd5bd9e364a40660c78a69311d1e3c8399b5fdb673b903230d43721,timestamped_live_quote,FBS vs FBS
2026-10-08T12:44:59Z,3350fb5023fd4b47b86d34fcc5f47c17,2026-10-10T16:00:00Z,Army Black Knights,Tulane Green Wave,draftkings,DraftKings,2026-10-08T12:44:42Z,2026-10-08T12:44:41Z,Army Black Knights,-3.0,-118.0,2026,2026-10-08T12:44:59Z,1650,8.565735702921932,0.24558061171210002,10.820155091209832,174be7f32dd5bd9e364a40660c78a69311d1e3c8399b5fdb673b903230d43721,timestamped_live_quote,FBS vs FBS
2026-10-08T12:44:59Z,3350fb5023fd4b47b86d34fcc5f47c17,2026-10-10T16:00:00Z,Army Black Knights,Tulane Green Wave,draftkings,DraftKings,2026-10-08T12:44:42Z,2026-10-08T12:44:41Z,Tulane Green Wave,3.0,-102.0,2026,2026-10-08T12:44:59Z,1650,8.565735702921932,0.24558061171210002,10.820155091209832,174be7f32dd5bd9e364a40660c78a69311d1e3c8399b5fdb673b903230d43721,timestamped_live_quote,FBS vs FBS
2026-10-08T12:44:59Z,3350fb5023fd4b47b86d34fcc5f47c17,2026-10-10T16:00:00Z,Army Black Knights,Tulane Green Wave,betonlineag,BetOnline.ag,2026-10-08T12:44:24Z,2026-10-08T12:44:24Z,Army Black Knights,-3.0,-115.0,2026,2026-10-08T12:44:59Z,1650,8.565735702921932,0.24558061171210002,10.820155091209832,174be7f32dd5bd9e364a40660c78a69311d1e3c8399b5fdb673b903230d43721,timestamped_live_quote,FBS vs FBS
2026-10-08T12:44:59Z,3350fb5023fd4b47b86d34fcc5f47c17,2026-10-10T16:00:00Z,Army Black Knights,Tulane Green Wave,betonlineag,BetOnline.ag,2026-10-08T12:44:24Z,2026-10-08T12:44:24Z,Tulane Green Wave,3.0,-105.0,2026,2026-10-08T12:44:59Z,1650,8.565735702921932,0.24558061171210002,10.820155091209832,174be7f32dd5bd9e364a40660c78a69311d1e3c8399b5fdb673b903230d43721,timestamped_live_quote,FBS vs FBS
2026-10-08T12:44:59Z,3350fb5023fd4b47b86d34fcc5f47c17,2026-10-10T16:00:00Z,Army Black Knights,Tulane Green Wave,lowvig,LowVig.ag,2026-10-08T12:44:10Z,2026-10-08T12:44:10Z,Army Black Knights,-3.0,-111.0,2026,2026-10-08T12:44:59Z,1650,8.565735702921932,0.24558061171210002,10.820155091209832,174be7f32dd5bd9e364a40660c78a69311d1e3c8399b5fdb673b903230d43721,timestamped_live_quote,FBS vs FBS
2026-10-08T12:44:59Z,3350fb5023fd4b47b86d34fcc5f47c17,2026-10-10T16:00:00Z,Army Black Knights,Tulane Green Wave,lowvig,LowVig.ag,2026-10-08T12:44:10Z,2026-10-08T12:44:10Z,Tulane Green Wave,3.0,-101.0,2026,2026-10-08T12:44:59Z,1650,8.565735702921932,0.24558061171210002,10.820155091209832,174be7f32dd5bd9e364a40660c78a69311d1e3c8399b5fdb673b903230d43721,timestamped_live_quote,FBS vs FBS
2026-10-08T12:44:59Z,3350fb5023fd4b47b86d34fcc5f47c17,2026-10-10T16:00:00Z,Army Black Knights,Tulane Green Wave,fanduel,FanDuel,2026-10-08T12:44:35Z,2026-10-08T12:44:32Z,Army Black Knights,-3.5,-105.0,2026,2026-10-08T12:44:59Z,1650,8.565735702921932,0.24558061171210002,10.820155091209832,174be7f32dd5bd9e364a40660c78a69311d1e3c8399b5fdb673b903230d43721,timestamped_live_quote,FBS vs FBS
2026-10-08T12:44:59Z,3350fb5023fd4b47b86d34fcc5f47c17,2026-10-10T16:00:00Z,Army Black Knights,Tulane Green Wave,fanduel,FanDuel,2026-10-08T12:44:35Z,2026-10-08T12:44:32Z,Tulane Green Wave,3.5,-115.0,2026,2026-10-08T12:44:59Z,1650,8.565735702921932,0.24558061171210002,10.820155091209832,174be7f32dd5bd9e364a40660c78a69311d1e3c8399b5fdb673b903230d43721,timestamped_live_quote,FBS vs FBS
2026-10-08T12:44:59Z,3350fb5023fd4b47b86d34fcc5f47c17,2026-10-10T16:00:00Z,Army Black Knights,Tulane Green Wave,betrivers,BetRivers,2026-10-08T12:44:44Z,2026-10-08T12:44:44Z,Army Black Knights,-3.5,-110.0,2026,2026-10-08T12:44:59Z,1650,8.565735702921932,0.24558061171210002,10.820155091209832,174be7f32dd5bd9e364a40660c78a69311d1e3c8399b5fdb673b903230d43721,timestamped_live_quote,FBS vs FBS
2026-10-08T12:44:59Z,3350fb5023fd4b47b86d34fcc5f47c17,2026-10-10T16:00:00Z,Army Black Knights,Tulane Green Wave,betrivers,BetRivers,2026-10-08T12:44:44Z,2026-10-08T12:44:44Z,Tulane Green Wave,3.5,-113.0,2026,2026-10-08T12:44:59Z,1650,8.565735702921932,0.24558061171210002,10.820155091209832,174be7f32dd5bd9e364a40660c78a69311d1e3c8399b5fdb673b903230d43721,timestamped_live_quote,FBS vs FBS
2026-10-08T12:44:59Z,3350fb5023fd4b47b86d34fcc5f47c17,2026-10-10T16:00:00Z,Army Black Knights,Tulane Green Wave,betmgm,BetMGM,2026-10-08T12:44:43Z,2026-10-08T12:44:43Z,Army Black Knights,-3.0,-115.0,2026,2026-10-08T12:44:59Z,1650,8.565735702921932,0.24558061171210002,10.820155091209832,174be7f32dd5bd9e364a40660c78a69311d1e3c8399b5fdb673b903230d43721,timestamped_live_quote,FBS vs FBS
2026-10-08T12:44:59Z,3350fb5023fd4b47b86d34fcc5f47c17,2026-10-10T16:00:00Z,Army Black Knights,Tulane Green Wave,betmgm,BetMGM,2026-10-08T12:44:43Z,2026-10-08T12:44:43Z,Tulane Green Wave,3.0,-102.0,2026,2026-10-08T12:44:59Z,1650,8.565735702921932,0.24558061171210002,10.820155091209832,174be7f32dd5bd9e364a40660c78a69311d1e3c8399b5fdb673b903230d43721,timestamped_live_quote,FBS vs FBS
2026-10-08T12:44:59Z,3350fb5023fd4b47b86d34fcc5f47c17,2026-10-10T16:00:00Z,Army Black Knights,Tulane Green Wave,mybookieag,MyBookie.ag,2026-10-08T12:44:42Z,2026-10-08T12:44:42Z,Army Black Knights,-3.5,-110.0,2026,2026-10-08T12:44:59Z,1650,8.565735702921932,0.24558061171210002,10.820155091209832,174be7f32dd5bd9e364a40660c78a69311d1e3c8399b5fdb673b903230d43721,timestamped_live_quote,FBS vs FBS
2026-10-08T12:44:59Z,3350fb5023fd4b47b86d34fcc5f47c17,2026-10-10T16:00:00Z,Army Black Knights,Tulane Green Wave,mybookieag,MyBookie.ag,2026-10-08T12:44:42Z,2026-10-08T12:44:42Z,Tulane Green Wave,3.5,-110.0,2026,2026-10-08T12:44:59Z,1650,8.565735702921932,0.24558061171210002,10.820155091209832,174be7f32dd5bd9e364a40660c78a69311d1e3c8399b5fdb673b903230d43721,timestamped_live_quote,FBS vs FBS
2026-10-08T12:44:59Z,3350fb5023fd4b47b86d34fcc5f47c17,2026-10-10T16:00:00Z,Army Black Knights,Tulane Green Wave,bovada,Bovada,2026-10-08T12:44:12Z,2026-10-08T12:44:12Z,Army Black Knights,-3.0,-115.0,2026,2026-10-08T12:44:59Z,1650,8.565735702921932,0.24558061171210002,10.820155091209832,174be7f32dd5bd9e364a40660c78a69311d1e3c8399b5fdb673b903230d43721,timestamped_live_quote,FBS vs FBS
2026-10-08T12:44:59Z,3350fb5023fd4b47b86d34fcc5f47c17,2026-10-10T16:00:00Z,Army Black Knights,Tulane Green Wave,bovada,Bovada,2026-10-08T12:44:12Z,2026-10-08T12:44:12Z,Tulane Green Wave,3.0,-105.0,2026,2026-10-08T12:44:59Z,1650,8.565735702921932,0.24558061171210002,10.820155091209832,174be7f32dd5bd9e364a40660c78a69311d1e3c8399b5fdb673b903230d43721,timestamped_live_quote,FBS vs FBS
2026-10-08T12:44:59Z,3350fb5023fd4b47b86d34fcc5f47c17,2026-10-10T16:00:00Z,Army Black Knights,Tulane Green Wave,betus,BetUS,2026-10-08T12:44:13Z,2026-10-08T12:44:13Z,Army Black Knights,-3.0,-115.0,2026,2026-10-08T12:44:59Z,1650,8.565735702921932,0.24558061171210002,10.820155091209832,174be7f32dd5bd9e364a40660c78a69311d1e3c8399b5fdb673b903230d43721,timestamped_live_quote,FBS vs FBS
2026-10-08T12:44:59Z,3350fb5023fd4b47b86d34fcc5f47c17,2026-10-10T16:00:00Z,Army Black Knights,Tulane Green Wave,betus,BetUS,2026-10-08T12:44:13Z,2026-10-08T12:44:13Z,Tulane Green Wave,3.0,-105.0,2026,2026-10-08T12:44:59Z,1650,8.565735702921932,0.24558061171210002,10.820155091209832,174be7f32dd5bd9e364a40660c78a69311d1e3c8399b5fdb673b903230d43721,timestamped_live_quote,FBS vs FBS
2026-10-08T12:44:59Z,5a88faaeb5fcbb11e975498eca213c27,2026-10-10T16:00:00Z,Bowling Green Falcons,Sacramento State Hornets,draftkings,DraftKings,2026-10-08T12:44:42Z,2026-10-08T12:44:41Z,Bowling Green Falcons,-7.5,-110.0,2026,2026-10-08T12:44:59Z,1650,-7.547165605854932,-5.5140237808513,0.46685817499636784,174be7f32dd5bd9e364a40660c78a69311d1e3c8399b5fdb673b903230d43721,timestamped_live_quote,FBS vs FBS
2026-10-08T12:44:59Z,5a88faaeb5fcbb11e975498eca213c27,2026-10-10T16:00:00Z,Bowling Green Falcons,Sacramento State Hornets,draftkings,DraftKings,2026-10-08T12:44:42Z,2026-10-08T12:44:41Z,Sacramento State Hornets,7.5,-110.0,2026,2026-10-08T12:44:59Z,1650,-7.547165605854932,-5.5140237808513,0.46685817499636784,174be7f32dd5bd9e364a40660c78a69311d1e3c8399b5fdb673b903230d43721,timestamped_live_quote,FBS vs FBS
2026-10-08T12:44:59Z,5a88faaeb5fcbb11e975498eca213c27,2026-10-10T16:00:00Z,Bowling Green Falcons,Sacramento State Hornets,fanduel,FanDuel,2026-10-08T12:44:35Z,2026-10-08T12:44:32Z,Bowling Green Falcons,-7.5,-110.0,2026,2026-10-08T12:44:59Z,1650,-7.547165605854932,-5.5140237808513,0.46685817499636784,174be7f32dd5bd9e364a40660c78a69311d1e3c8399b5fdb673b903230d43721,timestamped_live_quote,FBS vs FBS
2026-10-08T12:44:59Z,5a88faaeb5fcbb11e975498eca213c27,2026-10-10T16:00:00Z,Bowling Green Falcons,Sacramento State Hornets,fanduel,FanDuel,2026-10-08T12:44:35Z,2026-10-08T12:44:32Z,Sacramento State Hornets,7.5,-110.0,2026,2026-10-08T12:44:59Z,1650,-7.547165605854932,-5.5140237808513,0.46685817499636784,174be7f32dd5bd9e364a40660c78a69311d1e3c8399b5fdb673b903230d43721,timestamped_live_quote,FBS vs FBS
2026-10-08T12:44:59Z,5a88faaeb5fcbb11e975498eca213c27,2026-10-10T16:00:00Z,Bowling Green Falcons,Sacramento State Hornets,betrivers,BetRivers,2026-10-08T12:44:44Z,2026-10-08T12:44:44Z,Bowling Green Falcons,-7.5,-112.0,2026,2026-10-08T12:44:59Z,1650,-7.547165605854932,-5.5140237808513,0.46685817499636784,174be7f32dd5bd9e364a40660c78a69311d1e3c8399b5fdb673b903230d43721,timestamped_live_quote,FBS vs FBS
2026-10-08T12:44:59Z,5a88faaeb5fcbb11e975498eca213c27,2026-10-10T16:00:00Z,Bowling Green Falcons,Sacramento State Hornets,betrivers,BetRivers,2026-10-08T12:44:44Z,2026-10-08T12:44:44Z,Sacramento State Hornets,7.5,-112.0,2026,2026-10-08T12:44:59Z,1650,-7.547165605854932,-5.5140237808513,0.46685817499636784,174be7f32dd5bd9e364a40660c78a69311d1e3c8399b5fdb673b903230d43721,timestamped_live_quote,FBS vs FBS
2026-10-08T12:44:59Z,5a88faaeb5fcbb11e975498eca213c27,2026-10-10T16:00:00Z,Bowling Green Falcons,Sacramento State Hornets,lowvig,LowVig.ag,2026-10-08T12:44:10Z,2026-10-08T12:44:10Z,Bowling Green Falcons,-7.0,-116.0,2026,2026-10-08T12:44:59Z,1650,-7.547165605854932,-5.5140237808513,0.46685817499636784,174be7f32dd5bd9e364a40660c78a69311d1e3c8399b5fdb673b903230d43721,timestamped_live_quote,FBS vs FBS
2026-10-08T12:44:59Z,5a88faaeb5fcbb11e975498eca213c27,2026-10-10T16:00:00Z,Bowling Green Falcons,Sacramento State Hornets,lowvig,LowVig.ag,2026-10-08T12:44:10Z,2026-10-08T12:44:10Z,Sacramento State Hornets,7.0,104.0,2026,2026-10-08T12:44:59Z,1650,-7.547165605854932,-5.5140237808513,0.46685817499636784,174be7f32dd5bd9e364a40660c78a69311d1e3c8399b5fdb673b903230d43721,timestamped_live_quote,FBS vs FBS
2026-10-08T12:44:59Z,5a88faaeb5fcbb11e975498eca213c27,2026-10-10T16:00:00Z,Bowling Green Falcons,Sacramento State Hornets,betonlineag,BetOnline.ag,2026-10-08T12:44:24Z,2026-10-08T12:44:24Z,Bowling Green Falcons,-7.0,-120.0,2026,2026-10-08T12:44:59Z,1650,-7.547165605854932,-5.5140237808513,0.46685817499636784,174be7f32dd5bd9e364a40660c78a69311d1e3c8399b5fdb673b903230d43721,timestamped_live_quote,FBS vs FBS
2026-10-08T12:44:59Z,5a88faaeb5fcbb11e975498eca213c27,2026-10-10T16:00:00Z,Bowling Green Falcons,Sacramento State Hornets,betonlineag,BetOnline.ag,2026-10-08T12:44:24Z,2026-10-08T12:44:24Z,Sacramento State Hornets,7.0,100.0,2026,2026-10-08T12:44:59Z,1650,-7.547165605854932,-5.5140237808513,0.46685817499636784,174be7f32dd5bd9e364a40660c78a69311d1e3c8399b5fdb673b903230d43721,timestamped_live_quote,FBS vs FBS
2026-10-08T12:44:59Z,5a88faaeb5fcbb11e975498eca213c27,2026-10-10T16:00:00Z,Bowling Green Falcons,Sacramento State Hornets,betmgm,BetMGM,2026-10-08T12:44:43Z,2026-10-08T12:44:43Z,Bowling Green Falcons,-7.5,-110.0,2026,2026-10-08T12:44:59Z,1650,-7.547165605854932,-5.5140237808513,0.46685817499636784,174be7f32dd5bd9e364a40660c78a69311d1e3c8399b5fdb673b903230d43721,timestamped_live_quote,FBS vs FBS
2026-10-08T12:44:59Z,5a88faaeb5fcbb11e975498eca213c27,2026-10-10T16:00:00Z,Bowling Green Falcons,Sacramento State Hornets,betmgm,BetMGM,2026-10-08T12:44:43Z,2026-10-08T12:44:43Z,Sacramento State Hornets,7.5,-108.0,2026,2026-10-08T12:44:59Z,1650,-7.547165605854932,-5.5140237808513,0.46685817499636784,174be7f32dd5bd9e364a40660c78a69311d1e3c8399b5fdb673b903230d43721,timestamped_live_quote,FBS vs FBS
2026-10-08T12:44:59Z,5a88faaeb5fcbb11e975498eca213c27,2026-10-10T16:00:00Z,Bowling Green Falcons,Sacramento State Hornets,mybookieag,MyBookie.ag,2026-10-08T12:44:42Z,2026-10-08T12:44:42Z,Bowling Green Falcons,-7.5,-110.0,2026,2026-10-08T12:44:59Z,1650,-7.547165605854932,-5.5140237808513,0.46685817499636784,174be7f32dd5bd9e364a40660c78a69311d1e3c8399b5fdb673b903230d43721,timestamped_live_quote,FBS vs FBS
2026-10-08T12:44:59Z,5a88faaeb5fcbb11e975498eca213c27,2026-10-10T16:00:00Z,Bowling Green Falcons,Sacramento State Hornets,mybookieag,MyBookie.ag,2026-10-08T12:44:42Z,2026-10-08T12:44:42Z,Sacramento State Hornets,7.5,-110.0,2026,2026-10-08T12:44:59Z,1650,-7.547165605854932,-5.5140237808513,0.46685817499636784,174be7f32dd5bd9e364a40660c78a69311d1e3c8399b5fdb673b903230d43721,timestamped_live_quote,FBS vs FBS
2026-10-08T12:44:59Z,5a88faaeb5fcbb11e975498eca213c27,2026-10-10T16:00:00Z,Bowling Green Falcons,Sacramento State Hornets,bovada,Bovada,2026-10-08T12:44:12Z,2026-10-08T12:44:12Z,Bowling Green Falcons,-7.5,-110.0,2026,2026-10-08T12:44:59Z,1650,-7.547165605854932,-5.5140237808513,0.46685817499636784,174be7f32dd5bd9e364a40660c78a69311d1e3c8399b5fdb673b903230d43721,timestamped_live_quote,FBS vs FBS
2026-10-08T12:44:59Z,5a88faaeb5fcbb11e975498eca213c27,2026-10-10T16:00:00Z,Bowling Green Falcons,Sacramento State Hornets,bovada,Bovada,2026-10-08T12:44:12Z,2026-10-08T12:44:12Z,Sacramento State Hornets,7.5,-110.0,2026,2026-10-08T12:44:59Z,1650,-7.547165605854932,-5.5140237808513,0.46685817499636784,174be7f32dd5bd9e364a40660c78a69311d1e3c8399b5fdb673b903230d43721,timestamped_live_quote,FBS vs FBS
2026-10-08T12:44:59Z,5a88faaeb5fcbb11e975498eca213c27,2026-10-10T16:00:00Z,Bowling Green Falcons,Sacramento State Hornets,betus,BetUS,2026-10-08T12:44:13Z,2026-10-08T12:44:13Z,Bowling Green Falcons,-8.5,-110.0,2026,2026-10-08T12:44:59Z,1650,-7.547165605854932,-5.5140237808513,0.46685817499636784,174be7f32dd5bd9e364a40660c78a69311d1e3c8399b5fdb673b903230d43721,timestamped_live_quote,FBS vs FBS
2026-10-08T12:44:59Z,5a88faaeb5fcbb11e975498eca213c27,2026-10-10T16:00:00Z,Bowling Green Falcons,Sacramento State Hornets,betus,BetUS,2026-10-08T12:44:13Z,2026-10-08T12:44:13Z,Sacramento State Hornets,8.5,-110.0,2026,2026-10-08T12:44:59Z,1650,-7.547165605854932,-5.5140237808513,0.46685817499636784,174be7f32dd5bd9e364a40660c78a69311d1e3c8399b5fdb673b903230d43721,timestamped_live_quote,FBS vs FBS
2026-10-08T12:44:59Z,3e691b53c660a64495a44816768176e8,2026-10-10T16:00:00Z,Nebraska Cornhuskers,Indiana Hoosiers,fanduel,FanDuel,2026-10-08T12:44:34Z,2026-10-08T12:44:31Z,Indiana Hoosiers,-7.5,-110.0,2026,2026-10-08T12:44:59Z,1650,16.132019539766183,18.20526063256071,0.4267589072054747,174be7f32dd5bd9e364a40660c78a69311d1e3c8399b5fdb673b903230d43721,timestamped_live_quote,FBS vs FBS
2026-10-08T12:44:59Z,3e691b53c660a64495a44816768176e8,2026-10-10T16:00:00Z,Nebraska Cornhuskers,Indiana Hoosiers,fanduel,FanDuel,2026-10-08T12:44:34Z,2026-10-08T12:44:31Z,Nebraska Cornhuskers,7.5,-110.0,2026,2026-10-08T12:44:59Z,1650,16.132019539766183,18.20526063256071,0.4267589072054747,174be7f32dd5bd9e364a40660c78a69311d1e3c8399b5fdb673b903230d43721,timestamped_live_quote,FBS vs FBS
2026-10-08T12:44:59Z,3e691b53c660a64495a44816768176e8,2026-10-10T16:00:00Z,Nebraska Cornhuskers,Indiana Hoosiers,draftkings,DraftKings,2026-10-08T12:44:42Z,2026-10-08T12:44:41Z,Indiana Hoosiers,-7.5,-105.0,2026,2026-10-08T12:44:59Z,1650,16.132019539766183,18.20526063256071,0.4267589072054747,174be7f32dd5bd9e364a40660c78a69311d1e3c8399b5fdb673b903230d43721,timestamped_live_quote,FBS vs FBS
2026-10-08T12:44:59Z,3e691b53c660a64495a44816768176e8,2026-10-10T16:00:00Z,Nebraska Cornhuskers,Indiana Hoosiers,draftkings,DraftKings,2026-10-08T12:44:42Z,2026-10-08T12:44:41Z,Nebraska Cornhuskers,7.5,-115.0,2026,2026-10-08T12:44:59Z,1650,16.132019539766183,18.20526063256071,0.4267589072054747,174be7f32dd5bd9e364a40660c78a69311d1e3c8399b5fdb673b903230d43721,timestamped_live_quote,FBS vs FBS
2026-10-08T12:44:59Z,3e691b53c660a64495a44816768176e8,2026-10-10T16:00:00Z,Nebraska Cornhuskers,Indiana Hoosiers,betrivers,BetRivers,2026-10-08T12:44:44Z,2026-10-08T12:44:44Z,Indiana Hoosiers,-7.5,-109.0,2026,2026-10-08T12:44:59Z,1650,16.132019539766183,18.20526063256071,0.4267589072054747,174be7f32dd5bd9e364a40660c78a69311d1e3c8399b5fdb673b903230d43721,timestamped_live_quote,FBS vs FBS
2026-10-08T12:44:59Z,3e691b53c660a64495a44816768176e8,2026-10-10T16:00:00Z,Nebraska Cornhuskers,Indiana Hoosiers,betrivers,BetRivers,2026-10-08T12:44:44Z,2026-10-08T12:44:44Z,Nebraska Cornhuskers,7.5,-113.0,2026,2026-10-08T12:44:59Z,1650,16.132019539766183,18.20526063256071,0.4267589072054747,174be7f32dd5bd9e364a40660c78a69311d1e3c8399b5fdb673b903230d43721,timestamped_live_quote,FBS vs FBS
2026-10-08T12:44:59Z,3e691b53c660a64495a44816768176e8,2026-10-10T16:00:00Z,Nebraska Cornhuskers,Indiana Hoosiers,mybookieag,MyBookie.ag,2026-10-08T12:44:42Z,2026-10-08T12:44:41Z,Indiana Hoosiers,-7.5,-110.0,2026,2026-10-08T12:44:59Z,1650,16.132019539766183,18.20526063256071,0.4267589072054747,174be7f32dd5bd9e364a40660c78a69311d1e3c8399b5fdb673b903230d43721,timestamped_live_quote,FBS vs FBS
2026-10-08T12:44:59Z,3e691b53c660a64495a44816768176e8,2026-10-10T16:00:00Z,Nebraska Cornhuskers,Indiana Hoosiers,mybookieag,MyBookie.ag,2026-10-08T12:44:42Z,2026-10-08T12:44:41Z,Nebraska Cornhuskers,7.5,-110.0,2026,2026-10-08T12:44:59Z,1650,16.132019539766183,18.20526063256071,0.4267589072054747,174be7f32dd5bd9e364a40660c78a69311d1e3c8399b5fdb673b903230d43721,timestamped_live_quote,FBS vs FBS
2026-10-08T12:44:59Z,3e691b53c660a64495a44816768176e8,2026-10-10T16:00:00Z,Nebraska Cornhuskers,Indiana Hoosiers,betmgm,BetMGM,2026-10-08T12:44:43Z,2026-10-08T12:44:43Z,Indiana Hoosiers,-7.5,-110.0,2026,2026-10-08T12:44:59Z,1650,16.132019539766183,18.20526063256071,0.4267589072054747,174be7f32dd5bd9e364a40660c78a69311d1e3c8399b5fdb673b903230d43721,timestamped_live_quote,FBS vs FBS
2026-10-08T12:44:59Z,3e691b53c660a64495a44816768176e8,2026-10-10T16:00:00Z,Nebraska Cornhuskers,Indiana Hoosiers,betmgm,BetMGM,2026-10-08T12:44:43Z,2026-10-08T12:44:43Z,Nebraska Cornhuskers,7.5,-108.0,2026,2026-10-08T12:44:59Z,1650,16.132019539766183,18.20526063256071,0.4267589072054747,174be7f32dd5bd9e364a40660c78a69311d1e3c8399b5fdb673b903230d43721,timestamped_live_quote,FBS vs FBS
2026-10-08T12:44:59Z,3e691b53c660a64495a44816768176e8,2026-10-10T16:00:00Z,Nebraska Cornhuskers,Indiana Hoosiers,lowvig,LowVig.ag,2026-10-08T12:44:10Z,2026-10-08T12:44:10Z,Indiana Hoosiers,-7.0,-117.0,2026,2026-10-08T12:44:59Z,1650,16.132019539766183,18.20526063256071,0.4267589072054747,174be7f32dd5bd9e364a40660c78a69311d1e3c8399b5fdb673b903230d43721,timestamped_live_quote,FBS vs FBS
2026-10-08T12:44:59Z,3e691b53c660a64495a44816768176e8,2026-10-10T16:00:00Z,Nebraska Cornhuskers,Indiana Hoosiers,lowvig,LowVig.ag,2026-10-08T12:44:10Z,2026-10-08T12:44:10Z,Nebraska Cornhuskers,7.0,105.0,2026,2026-10-08T12:44:59Z,1650,16.132019539766183,18.20526063256071,0.4267589072054747,174be7f32dd5bd9e364a40660c78a69311d1e3c8399b5fdb673b903230d43721,timestamped_live_quote,FBS vs FBS
2026-10-08T12:44:59Z,3e691b53c660a64495a44816768176e8,2026-10-10T16:00:00Z,Nebraska Cornhuskers,Indiana Hoosiers,betonlineag,BetOnline.ag,2026-10-08T12:44:24Z,2026-10-08T12:44:24Z,Indiana Hoosiers,-7.0,-121.0,2026,2026-10-08T12:44:59Z,1650,16.132019539766183,18.20526063256071,0.4267589072054747,174be7f32dd5bd9e364a40660c78a69311d1e3c8399b5fdb673b903230d43721,timestamped_live_quote,FBS vs FBS
2026-10-08T12:44:59Z,3e691b53c660a64495a44816768176e8,2026-10-10T16:00:00Z,Nebraska Cornhuskers,Indiana Hoosiers,betonlineag,BetOnline.ag,2026-10-08T12:44:24Z,2026-10-08T12:44:24Z,Nebraska Cornhuskers,7.0,101.0,2026,2026-10-08T12:44:59Z,1650,16.132019539766183,18.20526063256071,0.4267589072054747,174be7f32dd5bd9e364a40660c78a69311d1e3c8399b5fdb673b903230d43721,timestamped_live_quote,FBS vs FBS
2026-10-08T12:44:59Z,3e691b53c660a64495a44816768176e8,2026-10-10T16:00:00Z,Nebraska Cornhuskers,Indiana Hoosiers,bovada,Bovada,2026-10-08T12:44:12Z,2026-10-08T12:44:12Z,Indiana Hoosiers,-7.5,-105.0,2026,2026-10-08T12:44:59Z,1650,16.132019539766183,18.20526063256071,0.4267589072054747,174be7f32dd5bd9e364a40660c78a69311d1e3c8399b5fdb673b903230d43721,timestamped_live_quote,FBS vs FBS
2026-10-08T12:44:59Z,3e691b53c660a64495a44816768176e8,2026-10-10T16:00:00Z,Nebraska Cornhuskers,Indiana Hoosiers,bovada,Bovada,2026-10-08T12:44:12Z,2026-10-08T12:44:12Z,Nebraska Cornhuskers,7.5,-115.0,2026,2026-10-08T12:44:59Z,1650,16.132019539766183,18.20526063256071,0.4267589072054747,174be7f32dd5bd9e364a40660c78a69311d1e3c8399b5fdb673b903230d43721,timestamped_live_quote,FBS vs FBS
2026-10-08T12:44:59Z,3e691b53c660a64495a44816768176e8,2026-10-10T16:00:00Z,Nebraska Cornhuskers,Indiana Hoosiers,betus,BetUS,2026-10-08T12:44:13Z,2026-10-08T12:44:13Z,Indiana Hoosiers,-7.5,-110.0,2026,2026-10-08T12:44:59Z,1650,16.132019539766183,18.20526063256071,0.4267589072054747,174be7f32dd5bd9e364a40660c78a69311d1e3c8399b5fdb673b903230d43721,timestamped_live_quote,FBS vs FBS
2026-10-08T12:44:59Z,3e691b53c660a64495a44816768176e8,2026-10-10T16:00:00Z,Nebraska Cornhuskers,Indiana Hoosiers,betus,BetUS,2026-10-08T12:44:13Z,2026-10-08T12:44:13Z,Nebraska Cornhuskers,7.5,-110.0,2026,2026-10-08T12:44:59Z,1650,16.132019539766183,18.20526063256071,0.4267589072054747,174be7f32dd5bd9e364a40660c78a69311d1e3c8399b5fdb673b903230d43721,timestamped_live_quote,FBS vs FBS
2026-10-08T12:44:59Z,9e243e91f8f94e6431da5cc5c3cc8fda,2026-10-10T16:00:00Z,Missouri Tigers,Texas A&M Aggies,draftkings,DraftKings,2026-10-08T12:44:42Z,2026-10-08T12:44:41Z,Missouri Tigers,-3.5,-105.0,2026,2026-10-08T12:44:59Z,1650,13.676948938805353,9.649678393339991,6.5272705454653615,174be7f32dd5bd9e364a40660c78a69311d1e3c8399b5fdb673b903230d43721,timestamped_live_quote,FBS vs FBS
2026-10-08T12:44:59Z,9e243e91f8f94e6431da5cc5c3cc8fda,2026-10-10T16:00:00Z,Missouri Tigers,Texas A&M Aggies,draftkings,DraftKings,2026-10-08T12:44:42Z,2026-10-08T12:44:41Z,Texas A&M Aggies,3.5,-115.0,2026,2026-10-08T12:44:59Z,1650,13.676948938805353,9.649678393339991,6.5272705454653615,174be7f32dd5bd9e364a40660c78a69311d1e3c8399b5fdb673b903230d43721,timestamped_live_quote,FBS vs FBS
2026-10-08T12:44:59Z,9e243e91f8f94e6431da5cc5c3cc8fda,2026-10-10T16:00:00Z,Missouri Tigers,Texas A&M Aggies,betrivers,BetRivers,2026-10-08T12:44:44Z,2026-10-08T12:44:44Z,Missouri Tigers,-3.0,-120.0,2026,2026-10-08T12:44:59Z,1650,13.676948938805353,9.649678393339991,6.5272705454653615,174be7f32dd5bd9e364a40660c78a69311d1e3c8399b5fdb673b903230d43721,timestamped_live_quote,FBS vs FBS
2026-10-08T12:44:59Z,9e243e91f8f94e6431da5cc5c3cc8fda,2026-10-10T16:00:00Z,Missouri Tigers,Texas A&M Aggies,betrivers,BetRivers,2026-10-08T12:44:44Z,2026-10-08T12:44:44Z,Texas A&M Aggies,3.0,-106.0,2026,2026-10-08T12:44:59Z,1650,13.676948938805353,9.649678393339991,6.5272705454653615,174be7f32dd5bd9e364a40660c78a69311d1e3c8399b5fdb673b903230d43721,timestamped_live_quote,FBS vs FBS
2026-10-08T12:44:59Z,9e243e91f8f94e6431da5cc5c3cc8fda,2026-10-10T16:00:00Z,Missouri Tigers,Texas A&M Aggies,mybookieag,MyBookie.ag,2026-10-08T12:44:42Z,2026-10-08T12:44:41Z,Missouri Tigers,-3.5,-110.0,2026,2026-10-08T12:44:59Z,1650,13.676948938805353,9.649678393339991,6.5272705454653615,174be7f32dd5bd9e364a40660c78a69311d1e3c8399b5fdb673b903230d43721,timestamped_live_quote,FBS vs FBS
2026-10-08T12:44:59Z,9e243e91f8f94e6431da5cc5c3cc8fda,2026-10-10T16:00:00Z,Missouri Tigers,Texas A&M Aggies,mybookieag,MyBookie.ag,2026-10-08T12:44:42Z,2026-10-08T12:44:41Z,Texas A&M Aggies,3.5,-110.0,2026,2026-10-08T12:44:59Z,1650,13.676948938805353,9.649678393339991,6.5272705454653615,174be7f32dd5bd9e364a40660c78a69311d1e3c8399b5fdb673b903230d43721,timestamped_live_quote,FBS vs FBS
2026-10-08T12:44:59Z,9e243e91f8f94e6431da5cc5c3cc8fda,2026-10-10T16:00:00Z,Missouri Tigers,Texas A&M Aggies,fanduel,FanDuel,2026-10-08T12:44:34Z,2026-10-08T12:44:31Z,Missouri Tigers,-3.5,-104.0,2026,2026-10-08T12:44:59Z,1650,13.676948938805353,9.649678393339991,6.5272705454653615,174be7f32dd5bd9e364a40660c78a69311d1e3c8399b5fdb673b903230d43721,timestamped_live_quote,FBS vs FBS
2026-10-08T12:44:59Z,9e243e91f8f94e6431da5cc5c3cc8fda,2026-10-10T16:00:00Z,Missouri Tigers,Texas A&M Aggies,fanduel,FanDuel,2026-10-08T12:44:34Z,2026-10-08T12:44:31Z,Texas A&M Aggies,3.5,-118.0,2026,2026-10-08T12:44:59Z,1650,13.676948938805353,9.649678393339991,6.5272705454653615,174be7f32dd5bd9e364a40660c78a69311d1e3c8399b5fdb673b903230d43721,timestamped_live_quote,FBS vs FBS
2026-10-08T12:44:59Z,9e243e91f8f94e6431da5cc5c3cc8fda,2026-10-10T16:00:00Z,Missouri Tigers,Texas A&M Aggies,betmgm,BetMGM,2026-10-08T12:44:43Z,2026-10-08T12:44:43Z,Missouri Tigers,-3.5,-105.0,2026,2026-10-08T12:44:59Z,1650,13.676948938805353,9.649678393339991,6.5272705454653615,174be7f32dd5bd9e364a40660c78a69311d1e3c8399b5fdb673b903230d43721,timestamped_live_quote,FBS vs FBS
2026-10-08T12:44:59Z,9e243e91f8f94e6431da5cc5c3cc8fda,2026-10-10T16:00:00Z,Missouri Tigers,Texas A&M Aggies,betmgm,BetMGM,2026-10-08T12:44:43Z,2026-10-08T12:44:43Z,Texas A&M Aggies,3.5,-115.0,2026,2026-10-08T12:44:59Z,1650,13.676948938805353,9.649678393339991,6.5272705454653615,174be7f32dd5bd9e364a40660c78a69311d1e3c8399b5fdb673b903230d43721,timestamped_live_quote,FBS vs FBS
2026-10-08T12:44:59Z,9e243e91f8f94e6431da5cc5c3cc8fda,2026-10-10T16:00:00Z,Missouri Tigers,Texas A&M Aggies,betonlineag,BetOnline.ag,2026-10-08T12:44:24Z,2026-10-08T12:44:24Z,Missouri Tigers,-3.5,-105.0,2026,2026-10-08T12:44:59Z,1650,13.676948938805353,9.649678393339991,6.5272705454653615,174be7f32dd5bd9e364a40660c78a69311d1e3c8399b5fdb673b903230d43721,timestamped_live_quote,FBS vs FBS
2026-10-08T12:44:59Z,9e243e91f8f94e6431da5cc5c3cc8fda,2026-10-10T16:00:00Z,Missouri Tigers,Texas A&M Aggies,betonlineag,BetOnline.ag,2026-10-08T12:44:24Z,2026-10-08T12:44:24Z,Texas A&M Aggies,3.5,-115.0,2026,2026-10-08T12:44:59Z,1650,13.676948938805353,9.649678393339991,6.5272705454653615,174be7f32dd5bd9e364a40660c78a69311d1e3c8399b5fdb673b903230d43721,timestamped_live_quote,FBS vs FBS
2026-10-08T12:44:59Z,9e243e91f8f94e6431da5cc5c3cc8fda,2026-10-10T16:00:00Z,Missouri Tigers,Texas A&M Aggies,lowvig,LowVig.ag,2026-10-08T12:44:10Z,2026-10-08T12:44:10Z,Missouri Tigers,-3.5,100.0,2026,2026-10-08T12:44:59Z,1650,13.676948938805353,9.649678393339991,6.5272705454653615,174be7f32dd5bd9e364a40660c78a69311d1e3c8399b5fdb673b903230d43721,timestamped_live_quote,FBS vs FBS
2026-10-08T12:44:59Z,9e243e91f8f94e6431da5cc5c3cc8fda,2026-10-10T16:00:00Z,Missouri Tigers,Texas A&M Aggies,lowvig,LowVig.ag,2026-10-08T12:44:10Z,2026-10-08T12:44:10Z,Texas A&M Aggies,3.5,-112.0,2026,2026-10-08T12:44:59Z,1650,13.676948938805353,9.649678393339991,6.5272705454653615,174be7f32dd5bd9e364a40660c78a69311d1e3c8399b5fdb673b903230d43721,timestamped_live_quote,FBS vs FBS
2026-10-08T12:44:59Z,9e243e91f8f94e6431da5cc5c3cc8fda,2026-10-10T16:00:00Z,Missouri Tigers,Texas A&M Aggies,betus,BetUS,2026-10-08T12:44:13Z,2026-10-08T12:44:13Z,Missouri Tigers,-3.5,-105.0,2026,2026-10-08T12:44:59Z,1650,13.676948938805353,9.649678393339991,6.5272705454653615,174be7f32dd5bd9e364a40660c78a69311d1e3c8399b5fdb673b903230d43721,timestamped_live_quote,FBS vs FBS
2026-10-08T12:44:59Z,9e243e91f8f94e6431da5cc5c3cc8fda,2026-10-10T16:00:00Z,Missouri Tigers,Texas A&M Aggies,betus,BetUS,2026-10-08T12:44:13Z,2026-10-08T12:44:13Z,Texas A&M Aggies,3.5,-115.0,2026,2026-10-08T12:44:59Z,1650,13.676948938805353,9.649678393339991,6.5272705454653615,174be7f32dd5bd9e364a40660c78a69311d1e3c8399b5fdb673b903230d43721,timestamped_live_quote,FBS vs FBS
2026-10-08T12:44:59Z,9e243e91f8f94e6431da5cc5c3cc8fda,2026-10-10T16:00:00Z,Missouri Tigers,Texas A&M Aggies,bovada,Bovada,2026-10-08T12:44:12Z,2026-10-08T12:44:12Z,Missouri Tigers,-3.5,100.0,2026,2026-10-08T12:44:59Z,1650,13.676948938805353,9.649678393339991,6.5272705454653615,174be7f32dd5bd9e364a40660c78a69311d1e3c8399b5fdb673b903230d43721,timestamped_live_quote,FBS vs FBS
2026-10-08T12:44:59Z,9e243e91f8f94e6431da5cc5c3cc8fda,2026-10-10T16:00:00Z,Missouri Tigers,Texas A&M Aggies,bovada,Bovada,2026-10-08T12:44:12Z,2026-10-08T12:44:12Z,Texas A&M Aggies,3.5,-120.0,2026,2026-10-08T12:44:59Z,1650,13.676948938805353,9.649678393339991,6.5272705454653615,174be7f32dd5bd9e364a40660c78a69311d1e3c8399b5fdb673b903230d43721,timestamped_live_quote,FBS vs FBS
2026-10-08T12:44:59Z,416ce0307b7b9d97f5365a29c1729339,2026-10-10T16:00:00Z,NC State Wolfpack,Wake Forest Demon Deacons,fanduel,FanDuel,2026-10-08T12:44:35Z,2026-10-08T12:44:32Z,NC State Wolfpack,3.5,-120.0,2026,2026-10-08T12:44:59Z,1650,8.348207933688066,9.187572939461244,1.6606349942268217,174be7f32dd5bd9e364a40660c78a69311d1e3c8399b5fdb673b903230d43721,timestamped_live_quote,FBS vs FBS
2026-10-08T12:44:59Z,416ce0307b7b9d97f5365a29c1729339,2026-10-10T16:00:00Z,NC State Wolfpack,Wake Forest Demon Deacons,fanduel,FanDuel,2026-10-08T12:44:35Z,2026-10-08T12:44:32Z,Wake Forest Demon Deacons,-3.5,-102.0,2026,2026-10-08T12:44:59Z,1650,8.348207933688066,9.187572939461244,1.6606349942268217,174be7f32dd5bd9e364a40660c78a69311d1e3c8399b5fdb673b903230d43721,timestamped_live_quote,FBS vs FBS
2026-10-08T12:44:59Z,416ce0307b7b9d97f5365a29c1729339,2026-10-10T16:00:00Z,NC State Wolfpack,Wake Forest Demon Deacons,betrivers,BetRivers,2026-10-08T12:44:44Z,2026-10-08T12:44:44Z,NC State Wolfpack,3.5,-110.0,2026,2026-10-08T12:44:59Z,1650,8.348207933688066,9.187572939461244,1.6606349942268217,174be7f32dd5bd9e364a40660c78a69311d1e3c8399b5fdb673b903230d43721,timestamped_live_quote,FBS vs FBS
2026-10-08T12:44:59Z,416ce0307b7b9d97f5365a29c1729339,2026-10-10T16:00:00Z,NC State Wolfpack,Wake Forest Demon Deacons,betrivers,BetRivers,2026-10-08T12:44:44Z,2026-10-08T12:44:44Z,Wake Forest Demon Deacons,-3.5,-112.0,2026,2026-10-08T12:44:59Z,1650,8.348207933688066,9.187572939461244,1.6606349942268217,174be7f32dd5bd9e364a40660c78a69311d1e3c8399b5fdb673b903230d43721,timestamped_live_quote,FBS vs FBS
2026-10-08T12:44:59Z,416ce0307b7b9d97f5365a29c1729339,2026-10-10T16:00:00Z,NC State Wolfpack,Wake Forest Demon Deacons,betmgm,BetMGM,2026-10-08T12:44:43Z,2026-10-08T12:44:43Z,NC State Wolfpack,3.5,-115.0,2026,2026-10-08T12:44:59Z,1650,8.348207933688066,9.187572939461244,1.6606349942268217,174be7f32dd5bd9e364a40660c78a69311d1e3c8399b5fdb673b903230d43721,timestamped_live_quote,FBS vs FBS
2026-10-08T12:44:59Z,416ce0307b7b9d97f5365a29c1729339,2026-10-10T16:00:00Z,NC State Wolfpack,Wake Forest Demon Deacons,betmgm,BetMGM,2026-10-08T12:44:43Z,2026-10-08T12:44:43Z,Wake Forest Demon Deacons,-3.5,-102.0,2026,2026-10-08T12:44:59Z,1650,8.348207933688066,9.187572939461244,1.6606349942268217,174be7f32dd5bd9e364a40660c78a69311d1e3c8399b5fdb673b903230d43721,timestamped_live_quote,FBS vs FBS
2026-10-08T12:44:59Z,416ce0307b7b9d97f5365a29c1729339,2026-10-10T16:00:00Z,NC State Wolfpack,Wake Forest Demon Deacons,draftkings,DraftKings,2026-10-08T12:44:42Z,2026-10-08T12:44:41Z,NC State Wolfpack,3.5,-115.0,2026,2026-10-08T12:44:59Z,1650,8.348207933688066,9.187572939461244,1.6606349942268217,174be7f32dd5bd9e364a40660c78a69311d1e3c8399b5fdb673b903230d43721,timestamped_live_quote,FBS vs FBS
2026-10-08T12:44:59Z,416ce0307b7b9d97f5365a29c1729339,2026-10-10T16:00:00Z,NC State Wolfpack,Wake Forest Demon Deacons,draftkings,DraftKings,2026-10-08T12:44:42Z,2026-10-08T12:44:41Z,Wake Forest Demon Deacons,-3.5,-105.0,2026,2026-10-08T12:44:59Z,1650,8.348207933688066,9.187572939461244,1.6606349942268217,174be7f32dd5bd9e364a40660c78a69311d1e3c8399b5fdb673b903230d43721,timestamped_live_quote,FBS vs FBS
2026-10-08T12:44:59Z,416ce0307b7b9d97f5365a29c1729339,2026-10-10T16:00:00Z,NC State Wolfpack,Wake Forest Demon Deacons,lowvig,LowVig.ag,2026-10-08T12:44:10Z,2026-10-08T12:44:10Z,NC State Wolfpack,3.5,-111.0,2026,2026-10-08T12:44:59Z,1650,8.348207933688066,9.187572939461244,1.6606349942268217,174be7f32dd5bd9e364a40660c78a69311d1e3c8399b5fdb673b903230d43721,timestamped_live_quote,FBS vs FBS
2026-10-08T12:44:59Z,416ce0307b7b9d97f5365a29c1729339,2026-10-10T16:00:00Z,NC State Wolfpack,Wake Forest Demon Deacons,lowvig,LowVig.ag,2026-10-08T12:44:10Z,2026-10-08T12:44:10Z,Wake Forest Demon Deacons,-3.5,-101.0,2026,2026-10-08T12:44:59Z,1650,8.348207933688066,9.187572939461244,1.6606349942268217,174be7f32dd5bd9e364a40660c78a69311d1e3c8399b5fdb673b903230d43721,timestamped_live_quote,FBS vs FBS
2026-10-08T12:44:59Z,416ce0307b7b9d97f5365a29c1729339,2026-10-10T16:00:00Z,NC State Wolfpack,Wake Forest Demon Deacons,betonlineag,BetOnline.ag,2026-10-08T12:44:24Z,2026-10-08T12:44:24Z,NC State Wolfpack,3.5,-115.0,2026,2026-10-08T12:44:59Z,1650,8.348207933688066,9.187572939461244,1.6606349942268217,174be7f32dd5bd9e364a40660c78a69311d1e3c8399b5fdb673b903230d43721,timestamped_live_quote,FBS vs FBS
2026-10-08T12:44:59Z,416ce0307b7b9d97f5365a29c1729339,2026-10-10T16:00:00Z,NC State Wolfpack,Wake Forest Demon Deacons,betonlineag,BetOnline.ag,2026-10-08T12:44:24Z,2026-10-08T12:44:24Z,Wake Forest Demon Deacons,-3.5,-105.0,2026,2026-10-08T12:44:59Z,1650,8.348207933688066,9.187572939461244,1.6606349942268217,174be7f32dd5bd9e364a40660c78a69311d1e3c8399b5fdb673b903230d43721,timestamped_live_quote,FBS vs FBS
2026-10-08T12:44:59Z,416ce0307b7b9d97f5365a29c1729339,2026-10-10T16:00:00Z,NC State Wolfpack,Wake Forest Demon Deacons,mybookieag,MyBookie.ag,2026-10-08T12:44:42Z,2026-10-08T12:44:42Z,NC State Wolfpack,3.5,-110.0,2026,2026-10-08T12:44:59Z,1650,8.348207933688066,9.187572939461244,1.6606349942268217,174be7f32dd5bd9e364a40660c78a69311d1e3c8399b5fdb673b903230d43721,timestamped_live_quote,FBS vs FBS
2026-10-08T12:44:59Z,416ce0307b7b9d97f5365a29c1729339,2026-10-10T16:00:00Z,NC State Wolfpack,Wake Forest Demon Deacons,mybookieag,MyBookie.ag,2026-10-08T12:44:42Z,2026-10-08T12:44:42Z,Wake Forest Demon Deacons,-3.5,-110.0,2026,2026-10-08T12:44:59Z,1650,8.348207933688066,9.187572939461244,1.6606349942268217,174be7f32dd5bd9e364a40660c78a69311d1e3c8399b5fdb673b903230d43721,timestamped_live_quote,FBS vs FBS
2026-10-08T12:44:59Z,416ce0307b7b9d97f5365a29c1729339,2026-10-10T16:00:00Z,NC State Wolfpack,Wake Forest Demon Deacons,bovada,Bovada,2026-10-08T12:44:12Z,2026-10-08T12:44:12Z,NC State Wolfpack,3.5,-115.0,2026,2026-10-08T12:44:59Z,1650,8.348207933688066,9.187572939461244,1.6606349942268217,174be7f32dd5bd9e364a40660c78a69311d1e3c8399b5fdb673b903230d43721,timestamped_live_quote,FBS vs FBS
2026-10-08T12:44:59Z,416ce0307b7b9d97f5365a29c1729339,2026-10-10T16:00:00Z,NC State Wolfpack,Wake Forest Demon Deacons,bovada,Bovada,2026-10-08T12:44:12Z,2026-10-08T12:44:12Z,Wake Forest Demon Deacons,-3.5,-105.0,2026,2026-10-08T12:44:59Z,1650,8.348207933688066,9.187572939461244,1.6606349942268217,174be7f32dd5bd9e364a40660c78a69311d1e3c8399b5fdb673b903230d43721,timestamped_live_quote,FBS vs FBS
2026-10-08T12:44:59Z,416ce0307b7b9d97f5365a29c1729339,2026-10-10T16:00:00Z,NC State Wolfpack,Wake Forest Demon Deacons,betus,BetUS,2026-10-08T12:44:13Z,2026-10-08T12:44:13Z,NC State Wolfpack,3.5,-115.0,2026,2026-10-08T12:44:59Z,1650,8.348207933688066,9.187572939461244,1.6606349942268217,174be7f32dd5bd9e364a40660c78a69311d1e3c8399b5fdb673b903230d43721,timestamped_live_quote,FBS vs FBS
2026-10-08T12:44:59Z,416ce0307b7b9d97f5365a29c1729339,2026-10-10T16:00:00Z,NC State Wolfpack,Wake Forest Demon Deacons,betus,BetUS,2026-10-08T12:44:13Z,2026-10-08T12:44:13Z,Wake Forest Demon Deacons,-3.5,-105.0,2026,2026-10-08T12:44:59Z,1650,8.348207933688066,9.187572939461244,1.6606349942268217,174be7f32dd5bd9e364a40660c78a69311d1e3c8399b5fdb673b903230d43721,timestamped_live_quote,FBS vs FBS
2026-10-08T12:44:59Z,b067027cbaeaf86e6c9bb26becb97c94,2026-10-10T16:00:00Z,Pittsburgh Panthers,North Carolina Tar Heels,fanduel,FanDuel,2026-10-08T12:44:35Z,2026-10-08T12:44:32Z,North Carolina Tar Heels,3.5,-106.0,2026,2026-10-08T12:44:59Z,1650,15.367707748504056,6.33143936810352,11.536268380400536,174be7f32dd5bd9e364a40660c78a69311d1e3c8399b5fdb673b903230d43721,timestamped_live_quote,FBS vs FBS
2026-10-08T12:44:59Z,b067027cbaeaf86e6c9bb26becb97c94,2026-10-10T16:00:00Z,Pittsburgh Panthers,North Carolina Tar Heels,fanduel,FanDuel,2026-10-08T12:44:35Z,2026-10-08T12:44:32Z,Pittsburgh Panthers,-3.5,-114.0,2026,2026-10-08T12:44:59Z,1650,15.367707748504056,6.33143936810352,11.536268380400536,174be7f32dd5bd9e364a40660c78a69311d1e3c8399b5fdb673b903230d43721,timestamped_live_quote,FBS vs FBS
2026-10-08T12:44:59Z,b067027cbaeaf86e6c9bb26becb97c94,2026-10-10T16:00:00Z,Pittsburgh Panthers,North Carolina Tar Heels,betrivers,BetRivers,2026-10-08T12:44:44Z,2026-10-08T12:44:44Z,North Carolina Tar Heels,4.0,-113.0,2026,2026-10-08T12:44:59Z,1650,15.367707748504056,6.33143936810352,11.536268380400536,174be7f32dd5bd9e364a40660c78a69311d1e3c8399b5fdb673b903230d43721,timestamped_live_quote,FBS vs FBS
2026-10-08T12:44:59Z,b067027cbaeaf86e6c9bb26becb97c94,2026-10-10T16:00:00Z,Pittsburgh Panthers,North Carolina Tar Heels,betrivers,BetRivers,2026-10-08T12:44:44Z,2026-10-08T12:44:44Z,Pittsburgh Panthers,-4.0,-110.0,2026,2026-10-08T12:44:59Z,1650,15.367707748504056,6.33143936810352,11.536268380400536,174be7f32dd5bd9e364a40660c78a69311d1e3c8399b5fdb673b903230d43721,timestamped_live_quote,FBS vs FBS
2026-10-08T12:44:59Z,b067027cbaeaf86e6c9bb26becb97c94,2026-10-10T16:00:00Z,Pittsburgh Panthers,North Carolina Tar Heels,betmgm,BetMGM,2026-10-08T12:44:43Z,2026-10-08T12:44:43Z,North Carolina Tar Heels,4.0,-110.0,2026,2026-10-08T12:44:59Z,1650,15.367707748504056,6.33143936810352,11.536268380400536,174be7f32dd5bd9e364a40660c78a69311d1e3c8399b5fdb673b903230d43721,timestamped_live_quote,FBS vs FBS
2026-10-08T12:44:59Z,b067027cbaeaf86e6c9bb26becb97c94,2026-10-10T16:00:00Z,Pittsburgh Panthers,North Carolina Tar Heels,betmgm,BetMGM,2026-10-08T12:44:43Z,2026-10-08T12:44:43Z,Pittsburgh Panthers,-4.0,-108.0,2026,2026-10-08T12:44:59Z,1650,15.367707748504056,6.33143936810352,11.536268380400536,174be7f32dd5bd9e364a40660c78a69311d1e3c8399b5fdb673b903230d43721,timestamped_live_quote,FBS vs FBS
2026-10-08T12:44:59Z,b067027cbaeaf86e6c9bb26becb97c94,2026-10-10T16:00:00Z,Pittsburgh Panthers,North Carolina Tar Heels,betonlineag,BetOnline.ag,2026-10-08T12:44:24Z,2026-10-08T12:44:24Z,North Carolina Tar Heels,4.0,-110.0,2026,2026-10-08T12:44:59Z,1650,15.367707748504056,6.33143936810352,11.536268380400536,174be7f32dd5bd9e364a40660c78a69311d1e3c8399b5fdb673b903230d43721,timestamped_live_quote,FBS vs FBS
2026-10-08T12:44:59Z,b067027cbaeaf86e6c9bb26becb97c94,2026-10-10T16:00:00Z,Pittsburgh Panthers,North Carolina Tar Heels,betonlineag,BetOnline.ag,2026-10-08T12:44:24Z,2026-10-08T12:44:24Z,Pittsburgh Panthers,-4.0,-110.0,2026,2026-10-08T12:44:59Z,1650,15.367707748504056,6.33143936810352,11.536268380400536,174be7f32dd5bd9e364a40660c78a69311d1e3c8399b5fdb673b903230d43721,timestamped_live_quote,FBS vs FBS
2026-10-08T12:44:59Z,b067027cbaeaf86e6c9bb26becb97c94,2026-10-10T16:00:00Z,Pittsburgh Panthers,North Carolina Tar Heels,lowvig,LowVig.ag,2026-10-08T12:44:10Z,2026-10-08T12:44:10Z,North Carolina Tar Heels,3.5,-101.0,2026,2026-10-08T12:44:59Z,1650,15.367707748504056,6.33143936810352,11.536268380400536,174be7f32dd5bd9e364a40660c78a69311d1e3c8399b5fdb673b903230d43721,timestamped_live_quote,FBS vs FBS
2026-10-08T12:44:59Z,b067027cbaeaf86e6c9bb26becb97c94,2026-10-10T16:00:00Z,Pittsburgh Panthers,North Carolina Tar Heels,lowvig,LowVig.ag,2026-10-08T12:44:10Z,2026-10-08T12:44:10Z,Pittsburgh Panthers,-3.5,-111.0,2026,2026-10-08T12:44:59Z,1650,15.367707748504056,6.33143936810352,11.536268380400536,174be7f32dd5bd9e364a40660c78a69311d1e3c8399b5fdb673b903230d43721,timestamped_live_quote,FBS vs FBS
2026-10-08T12:44:59Z,b067027cbaeaf86e6c9bb26becb97c94,2026-10-10T16:00:00Z,Pittsburgh Panthers,North Carolina Tar Heels,draftkings,DraftKings,2026-10-08T12:44:42Z,2026-10-08T12:44:41Z,North Carolina Tar Heels,4.0,-110.0,2026,2026-10-08T12:44:59Z,1650,15.367707748504056,6.33143936810352,11.536268380400536,174be7f32dd5bd9e364a40660c78a69311d1e3c8399b5fdb673b903230d43721,timestamped_live_quote,FBS vs FBS
2026-10-08T12:44:59Z,b067027cbaeaf86e6c9bb26becb97c94,2026-10-10T16:00:00Z,Pittsburgh Panthers,North Carolina Tar Heels,draftkings,DraftKings,2026-10-08T12:44:42Z,2026-10-08T12:44:41Z,Pittsburgh Panthers,-4.0,-110.0,2026,2026-10-08T12:44:59Z,1650,15.367707748504056,6.33143936810352,11.536268380400536,174be7f32dd5bd9e364a40660c78a69311d1e3c8399b5fdb673b903230d43721,timestamped_live_quote,FBS vs FBS
2026-10-08T12:44:59Z,b067027cbaeaf86e6c9bb26becb97c94,2026-10-10T16:00:00Z,Pittsburgh Panthers,North Carolina Tar Heels,mybookieag,MyBookie.ag,2026-10-08T12:44:42Z,2026-10-08T12:44:41Z,North Carolina Tar Heels,4.0,-110.0,2026,2026-10-08T12:44:59Z,1650,15.367707748504056,6.33143936810352,11.536268380400536,174be7f32dd5bd9e364a40660c78a69311d1e3c8399b5fdb673b903230d43721,timestamped_live_quote,FBS vs FBS
2026-10-08T12:44:59Z,b067027cbaeaf86e6c9bb26becb97c94,2026-10-10T16:00:00Z,Pittsburgh Panthers,North Carolina Tar Heels,mybookieag,MyBookie.ag,2026-10-08T12:44:42Z,2026-10-08T12:44:41Z,Pittsburgh Panthers,-4.0,-110.0,2026,2026-10-08T12:44:59Z,1650,15.367707748504056,6.33143936810352,11.536268380400536,174be7f32dd5bd9e364a40660c78a69311d1e3c8399b5fdb673b903230d43721,timestamped_live_quote,FBS vs FBS
2026-10-08T12:44:59Z,b067027cbaeaf86e6c9bb26becb97c94,2026-10-10T16:00:00Z,Pittsburgh Panthers,North Carolina Tar Heels,bovada,Bovada,2026-10-08T12:44:12Z,2026-10-08T12:44:12Z,North Carolina Tar Heels,4.0,-110.0,2026,2026-10-08T12:44:59Z,1650,15.367707748504056,6.33143936810352,11.536268380400536,174be7f32dd5bd9e364a40660c78a69311d1e3c8399b5fdb673b903230d43721,timestamped_live_quote,FBS vs FBS
2026-10-08T12:44:59Z,b067027cbaeaf86e6c9bb26becb97c94,2026-10-10T16:00:00Z,Pittsburgh Panthers,North Carolina Tar Heels,bovada,Bovada,2026-10-08T12:44:12Z,2026-10-08T12:44:12Z,Pittsburgh Panthers,-4.0,-110.0,2026,2026-10-08T12:44:59Z,1650,15.367707748504056,6.33143936810352,11.536268380400536,174be7f32dd5bd9e364a40660c78a69311d1e3c8399b5fdb673b903230d43721,timestamped_live_quote,FBS vs FBS
2026-10-08T12:44:59Z,b067027cbaeaf86e6c9bb26becb97c94,2026-10-10T16:00:00Z,Pittsburgh Panthers,North Carolina Tar Heels,betus,BetUS,2026-10-08T12:44:13Z,2026-10-08T12:44:13Z,North Carolina Tar Heels,4.0,-110.0,2026,2026-10-08T12:44:59Z,1650,15.367707748504056,6.33143936810352,11.536268380400536,174be7f32dd5bd9e364a40660c78a69311d1e3c8399b5fdb673b903230d43721,timestamped_live_quote,FBS vs FBS
2026-10-08T12:44:59Z,b067027cbaeaf86e6c9bb26becb97c94,2026-10-10T16:00:00Z,Pittsburgh Panthers,North Carolina Tar Heels,betus,BetUS,2026-10-08T12:44:13Z,2026-10-08T12:44:13Z,Pittsburgh Panthers,-4.0,-110.0,2026,2026-10-08T12:44:59Z,1650,15.367707748504056,6.33143936810352,11.536268380400536,174be7f32dd5bd9e364a40660c78a69311d1e3c8399b5fdb673b903230d43721,timestamped_live_quote,FBS vs FBS
2026-10-08T12:44:59Z,690e2edaba34c383d2ebfa8f8394f973,2026-10-10T16:00:00Z,Oklahoma State Cowboys,UCF Knights,fanduel,FanDuel,2026-10-08T12:44:35Z,2026-10-08T12:44:32Z,Oklahoma State Cowboys,-10.5,-105.0,2026,2026-10-08T12:44:59Z,1650,10.169649422881742,13.625410964495053,-0.9557615416133114,174be7f32dd5bd9e364a40660c78a69311d1e3c8399b5fdb673b903230d43721,timestamped_live_quote,FBS vs FBS
2026-10-08T12:44:59Z,690e2edaba34c383d2ebfa8f8394f973,2026-10-10T16:00:00Z,Oklahoma State Cowboys,UCF Knights,fanduel,FanDuel,2026-10-08T12:44:35Z,2026-10-08T12:44:32Z,UCF Knights,10.5,-115.0,2026,2026-10-08T12:44:59Z,1650,10.169649422881742,13.625410964495053,-0.9557615416133114,174be7f32dd5bd9e364a40660c78a69311d1e3c8399b5fdb673b903230d43721,timestamped_live_quote,FBS vs FBS
2026-10-08T12:44:59Z,690e2edaba34c383d2ebfa8f8394f973,2026-10-10T16:00:00Z,Oklahoma State Cowboys,UCF Knights,betrivers,BetRivers,2026-10-08T12:44:44Z,2026-10-08T12:44:44Z,Oklahoma State Cowboys,-10.5,-114.0,2026,2026-10-08T12:44:59Z,1650,10.169649422881742,13.625410964495053,-0.9557615416133114,174be7f32dd5bd9e364a40660c78a69311d1e3c8399b5fdb673b903230d43721,timestamped_live_quote,FBS vs FBS
2026-10-08T12:44:59Z,690e2edaba34c383d2ebfa8f8394f973,2026-10-10T16:00:00Z,Oklahoma State Cowboys,UCF Knights,betrivers,BetRivers,2026-10-08T12:44:44Z,2026-10-08T12:44:44Z,UCF Knights,10.5,-109.0,2026,2026-10-08T12:44:59Z,1650,10.169649422881742,13.625410964495053,-0.9557615416133114,174be7f32dd5bd9e364a40660c78a69311d1e3c8399b5fdb673b903230d43721,timestamped_live_quote,FBS vs FBS
2026-10-08T12:44:59Z,690e2edaba34c383d2ebfa8f8394f973,2026-10-10T16:00:00Z,Oklahoma State Cowboys,UCF Knights,betmgm,BetMGM,2026-10-08T12:44:43Z,2026-10-08T12:44:43Z,Oklahoma State Cowboys,-11.5,-112.0,2026,2026-10-08T12:44:59Z,1650,10.169649422881742,13.625410964495053,-0.9557615416133114,174be7f32dd5bd9e364a40660c78a69311d1e3c8399b5fdb673b903230d43721,timestamped_live_quote,FBS vs FBS
2026-10-08T12:44:59Z,690e2edaba34c383d2ebfa8f8394f973,2026-10-10T16:00:00Z,Oklahoma State Cowboys,UCF Knights,betmgm,BetMGM,2026-10-08T12:44:43Z,2026-10-08T12:44:43Z,UCF Knights,11.5,-118.0,2026,2026-10-08T12:44:59Z,1650,10.169649422881742,13.625410964495053,-0.9557615416133114,174be7f32dd5bd9e364a40660c78a69311d1e3c8399b5fdb673b903230d43721,timestamped_live_quote,FBS vs FBS
2026-10-08T12:44:59Z,690e2edaba34c383d2ebfa8f8394f973,2026-10-10T16:00:00Z,Oklahoma State Cowboys,UCF Knights,draftkings,DraftKings,2026-10-08T12:44:42Z,2026-10-08T12:44:41Z,Oklahoma State Cowboys,-10.5,-112.0,2026,2026-10-08T12:44:59Z,1650,10.169649422881742,13.625410964495053,-0.9557615416133114,174be7f32dd5bd9e364a40660c78a69311d1e3c8399b5fdb673b903230d43721,timestamped_live_quote,FBS vs FBS
2026-10-08T12:44:59Z,690e2edaba34c383d2ebfa8f8394f973,2026-10-10T16:00:00Z,Oklahoma State Cowboys,UCF Knights,draftkings,DraftKings,2026-10-08T12:44:42Z,2026-10-08T12:44:41Z,UCF Knights,10.5,-108.0,2026,2026-10-08T12:44:59Z,1650,10.169649422881742,13.625410964495053,-0.9557615416133114,174be7f32dd5bd9e364a40660c78a69311d1e3c8399b5fdb673b903230d43721,timestamped_live_quote,FBS vs FBS
2026-10-08T12:44:59Z,690e2edaba34c383d2ebfa8f8394f973,2026-10-10T16:00:00Z,Oklahoma State Cowboys,UCF Knights,lowvig,LowVig.ag,2026-10-08T12:44:10Z,2026-10-08T12:44:10Z,Oklahoma State Cowboys,-10.5,-114.0,2026,2026-10-08T12:44:59Z,1650,10.169649422881742,13.625410964495053,-0.9557615416133114,174be7f32dd5bd9e364a40660c78a69311d1e3c8399b5fdb673b903230d43721,timestamped_live_quote,FBS vs FBS
2026-10-08T12:44:59Z,690e2edaba34c383d2ebfa8f8394f973,2026-10-10T16:00:00Z,Oklahoma State Cowboys,UCF Knights,lowvig,LowVig.ag,2026-10-08T12:44:10Z,2026-10-08T12:44:10Z,UCF Knights,10.5,102.0,2026,2026-10-08T12:44:59Z,1650,10.169649422881742,13.625410964495053,-0.9557615416133114,174be7f32dd5bd9e364a40660c78a69311d1e3c8399b5fdb673b903230d43721,timestamped_live_quote,FBS vs FBS
2026-10-08T12:44:59Z,690e2edaba34c383d2ebfa8f8394f973,2026-10-10T16:00:00Z,Oklahoma State Cowboys,UCF Knights,betonlineag,BetOnline.ag,2026-10-08T12:44:24Z,2026-10-08T12:44:24Z,Oklahoma State Cowboys,-10.5,-118.0,2026,2026-10-08T12:44:59Z,1650,10.169649422881742,13.625410964495053,-0.9557615416133114,174be7f32dd5bd9e364a40660c78a69311d1e3c8399b5fdb673b903230d43721,timestamped_live_quote,FBS vs FBS
2026-10-08T12:44:59Z,690e2edaba34c383d2ebfa8f8394f973,2026-10-10T16:00:00Z,Oklahoma State Cowboys,UCF Knights,betonlineag,BetOnline.ag,2026-10-08T12:44:24Z,2026-10-08T12:44:24Z,UCF Knights,10.5,-102.0,2026,2026-10-08T12:44:59Z,1650,10.169649422881742,13.625410964495053,-0.9557615416133114,174be7f32dd5bd9e364a40660c78a69311d1e3c8399b5fdb673b903230d43721,timestamped_live_quote,FBS vs FBS
2026-10-08T12:44:59Z,690e2edaba34c383d2ebfa8f8394f973,2026-10-10T16:00:00Z,Oklahoma State Cowboys,UCF Knights,mybookieag,MyBookie.ag,2026-10-08T12:44:42Z,2026-10-08T12:44:42Z,Oklahoma State Cowboys,-11.5,-110.0,2026,2026-10-08T12:44:59Z,1650,10.169649422881742,13.625410964495053,-0.9557615416133114,174be7f32dd5bd9e364a40660c78a69311d1e3c8399b5fdb673b903230d43721,timestamped_live_quote,FBS vs FBS
2026-10-08T12:44:59Z,690e2edaba34c383d2ebfa8f8394f973,2026-10-10T16:00:00Z,Oklahoma State Cowboys,UCF Knights,mybookieag,MyBookie.ag,2026-10-08T12:44:42Z,2026-10-08T12:44:42Z,UCF Knights,11.5,-110.0,2026,2026-10-08T12:44:59Z,1650,10.169649422881742,13.625410964495053,-0.9557615416133114,174be7f32dd5bd9e364a40660c78a69311d1e3c8399b5fdb673b903230d43721,timestamped_live_quote,FBS vs FBS
2026-10-08T12:44:59Z,690e2edaba34c383d2ebfa8f8394f973,2026-10-10T16:00:00Z,Oklahoma State Cowboys,UCF Knights,bovada,Bovada,2026-10-08T12:44:12Z,2026-10-08T12:44:12Z,Oklahoma State Cowboys,-11.0,-105.0,2026,2026-10-08T12:44:59Z,1650,10.169649422881742,13.625410964495053,-0.9557615416133114,174be7f32dd5bd9e364a40660c78a69311d1e3c8399b5fdb673b903230d43721,timestamped_live_quote,FBS vs FBS
2026-10-08T12:44:59Z,690e2edaba34c383d2ebfa8f8394f973,2026-10-10T16:00:00Z,Oklahoma State Cowboys,UCF Knights,bovada,Bovada,2026-10-08T12:44:12Z,2026-10-08T12:44:12Z,UCF Knights,11.0,-115.0,2026,2026-10-08T12:44:59Z,1650,10.169649422881742,13.625410964495053,-0.9557615416133114,174be7f32dd5bd9e364a40660c78a69311d1e3c8399b5fdb673b903230d43721,timestamped_live_quote,FBS vs FBS
2026-10-08T12:44:59Z,690e2edaba34c383d2ebfa8f8394f973,2026-10-10T16:00:00Z,Oklahoma State Cowboys,UCF Knights,betus,BetUS,2026-10-08T12:44:13Z,2026-10-08T12:44:13Z,Oklahoma State Cowboys,-11.0,-110.0,2026,2026-10-08T12:44:59Z,1650,10.169649422881742,13.625410964495053,-0.9557615416133114,174be7f32dd5bd9e364a40660c78a69311d1e3c8399b5fdb673b903230d43721,timestamped_live_quote,FBS vs FBS
2026-10-08T12:44:59Z,690e2edaba34c383d2ebfa8f8394f973,2026-10-10T16:00:00Z,Oklahoma State Cowboys,UCF Knights,betus,BetUS,2026-10-08T12:44:13Z,2026-10-08T12:44:13Z,UCF Knights,11.0,-110.0,2026,2026-10-08T12:44:59Z,1650,10.169649422881742,13.625410964495053,-0.9557615416133114,174be7f32dd5bd9e364a40660c78a69311d1e3c8399b5fdb673b903230d43721,timestamped_live_quote,FBS vs FBS
2026-10-08T12:44:59Z,71ed0e11bb0f2e5149ac4821fcde4599,2026-10-10T16:30:00Z,Northwestern Wildcats,Ball State Cardinals,fanduel,FanDuel,2026-10-08T12:44:35Z,2026-10-08T12:44:32Z,Ball State Cardinals,36.5,-106.0,2026,2026-10-08T12:44:59Z,1650,13.042707552482852,-7.16699742747313,22.709704979955983,174be7f32dd5bd9e364a40660c78a69311d1e3c8399b5fdb673b903230d43721,timestamped_live_quote,FBS vs FBS
2026-10-08T12:44:59Z,71ed0e11bb0f2e5149ac4821fcde4599,2026-10-10T16:30:00Z,Northwestern Wildcats,Ball State Cardinals,fanduel,FanDuel,2026-10-08T12:44:35Z,2026-10-08T12:44:32Z,Northwestern Wildcats,-36.5,-114.0,2026,2026-10-08T12:44:59Z,1650,13.042707552482852,-7.16699742747313,22.709704979955983,174be7f32dd5bd9e364a40660c78a69311d1e3c8399b5fdb673b903230d43721,timestamped_live_quote,FBS vs FBS
2026-10-08T12:44:59Z,71ed0e11bb0f2e5149ac4821fcde4599,2026-10-10T16:30:00Z,Northwestern Wildcats,Ball State Cardinals,betrivers,BetRivers,2026-10-08T12:44:44Z,2026-10-08T12:44:44Z,Ball State Cardinals,37.5,-109.0,2026,2026-10-08T12:44:59Z,1650,13.042707552482852,-7.16699742747313,22.709704979955983,174be7f32dd5bd9e364a40660c78a69311d1e3c8399b5fdb673b903230d43721,timestamped_live_quote,FBS vs FBS
2026-10-08T12:44:59Z,71ed0e11bb0f2e5149ac4821fcde4599,2026-10-10T16:30:00Z,Northwestern Wildcats,Ball State Cardinals,betrivers,BetRivers,2026-10-08T12:44:44Z,2026-10-08T12:44:44Z,Northwestern Wildcats,-37.5,-114.0,2026,2026-10-08T12:44:59Z,1650,13.042707552482852,-7.16699742747313,22.709704979955983,174be7f32dd5bd9e364a40660c78a69311d1e3c8399b5fdb673b903230d43721,timestamped_live_quote,FBS vs FBS
2026-10-08T12:44:59Z,71ed0e11bb0f2e5149ac4821fcde4599,2026-10-10T16:30:00Z,Northwestern Wildcats,Ball State Cardinals,betmgm,BetMGM,2026-10-08T12:44:43Z,2026-10-08T12:44:43Z,Ball State Cardinals,37.5,-108.0,2026,2026-10-08T12:44:59Z,1650,13.042707552482852,-7.16699742747313,22.709704979955983,174be7f32dd5bd9e364a40660c78a69311d1e3c8399b5fdb673b903230d43721,timestamped_live_quote,FBS vs FBS
2026-10-08T12:44:59Z,71ed0e11bb0f2e5149ac4821fcde4599,2026-10-10T16:30:00Z,Northwestern Wildcats,Ball State Cardinals,betmgm,BetMGM,2026-10-08T12:44:43Z,2026-10-08T12:44:43Z,Northwestern Wildcats,-37.5,-110.0,2026,2026-10-08T12:44:59Z,1650,13.042707552482852,-7.16699742747313,22.709704979955983,174be7f32dd5bd9e364a40660c78a69311d1e3c8399b5fdb673b903230d43721,timestamped_live_quote,FBS vs FBS
2026-10-08T12:44:59Z,71ed0e11bb0f2e5149ac4821fcde4599,2026-10-10T16:30:00Z,Northwestern Wildcats,Ball State Cardinals,draftkings,DraftKings,2026-10-08T12:44:42Z,2026-10-08T12:44:41Z,Ball State Cardinals,37.5,-115.0,2026,2026-10-08T12:44:59Z,1650,13.042707552482852,-7.16699742747313,22.709704979955983,174be7f32dd5bd9e364a40660c78a69311d1e3c8399b5fdb673b903230d43721,timestamped_live_quote,FBS vs FBS
2026-10-08T12:44:59Z,71ed0e11bb0f2e5149ac4821fcde4599,2026-10-10T16:30:00Z,Northwestern Wildcats,Ball State Cardinals,draftkings,DraftKings,2026-10-08T12:44:42Z,2026-10-08T12:44:41Z,Northwestern Wildcats,-37.5,-105.0,2026,2026-10-08T12:44:59Z,1650,13.042707552482852,-7.16699742747313,22.709704979955983,174be7f32dd5bd9e364a40660c78a69311d1e3c8399b5fdb673b903230d43721,timestamped_live_quote,FBS vs FBS
2026-10-08T12:44:59Z,71ed0e11bb0f2e5149ac4821fcde4599,2026-10-10T16:30:00Z,Northwestern Wildcats,Ball State Cardinals,betonlineag,BetOnline.ag,2026-10-08T12:44:24Z,2026-10-08T12:44:24Z,Ball State Cardinals,37.0,-110.0,2026,2026-10-08T12:44:59Z,1650,13.042707552482852,-7.16699742747313,22.709704979955983,174be7f32dd5bd9e364a40660c78a69311d1e3c8399b5fdb673b903230d43721,timestamped_live_quote,FBS vs FBS
2026-10-08T12:44:59Z,71ed0e11bb0f2e5149ac4821fcde4599,2026-10-10T16:30:00Z,Northwestern Wildcats,Ball State Cardinals,betonlineag,BetOnline.ag,2026-10-08T12:44:24Z,2026-10-08T12:44:24Z,Northwestern Wildcats,-37.0,-110.0,2026,2026-10-08T12:44:59Z,1650,13.042707552482852,-7.16699742747313,22.709704979955983,174be7f32dd5bd9e364a40660c78a69311d1e3c8399b5fdb673b903230d43721,timestamped_live_quote,FBS vs FBS
2026-10-08T12:44:59Z,71ed0e11bb0f2e5149ac4821fcde4599,2026-10-10T16:30:00Z,Northwestern Wildcats,Ball State Cardinals,lowvig,LowVig.ag,2026-10-08T12:44:10Z,2026-10-08T12:44:10Z,Ball State Cardinals,37.0,-106.0,2026,2026-10-08T12:44:59Z,1650,13.042707552482852,-7.16699742747313,22.709704979955983,174be7f32dd5bd9e364a40660c78a69311d1e3c8399b5fdb673b903230d43721,timestamped_live_quote,FBS vs FBS
2026-10-08T12:44:59Z,71ed0e11bb0f2e5149ac4821fcde4599,2026-10-10T16:30:00Z,Northwestern Wildcats,Ball State Cardinals,lowvig,LowVig.ag,2026-10-08T12:44:10Z,2026-10-08T12:44:10Z,Northwestern Wildcats,-37.0,-106.0,2026,2026-10-08T12:44:59Z,1650,13.042707552482852,-7.16699742747313,22.709704979955983,174be7f32dd5bd9e364a40660c78a69311d1e3c8399b5fdb673b903230d43721,timestamped_live_quote,FBS vs FBS
2026-10-08T12:44:59Z,71ed0e11bb0f2e5149ac4821fcde4599,2026-10-10T16:30:00Z,Northwestern Wildcats,Ball State Cardinals,betus,BetUS,2026-10-08T12:44:13Z,2026-10-08T12:44:13Z,Ball State Cardinals,37.0,-110.0,2026,2026-10-08T12:44:59Z,1650,13.042707552482852,-7.16699742747313,22.709704979955983,174be7f32dd5bd9e364a40660c78a69311d1e3c8399b5fdb673b903230d43721,timestamped_live_quote,FBS vs FBS
2026-10-08T12:44:59Z,71ed0e11bb0f2e5149ac4821fcde4599,2026-10-10T16:30:00Z,Northwestern Wildcats,Ball State Cardinals,betus,BetUS,2026-10-08T12:44:13Z,2026-10-08T12:44:13Z,Northwestern Wildcats,-37.0,-110.0,2026,2026-10-08T12:44:59Z,1650,13.042707552482852,-7.16699742747313,22.709704979955983,174be7f32dd5bd9e364a40660c78a69311d1e3c8399b5fdb673b903230d43721,timestamped_live_quote,FBS vs FBS
2026-10-08T12:44:59Z,71ed0e11bb0f2e5149ac4821fcde4599,2026-10-10T16:30:00Z,Northwestern Wildcats,Ball State Cardinals,bovada,Bovada,2026-10-08T12:44:12Z,2026-10-08T12:44:12Z,Ball State Cardinals,37.0,-110.0,2026,2026-10-08T12:44:59Z,1650,13.042707552482852,-7.16699742747313,22.709704979955983,174be7f32dd5bd9e364a40660c78a69311d1e3c8399b5fdb673b903230d43721,timestamped_live_quote,FBS vs FBS
2026-10-08T12:44:59Z,71ed0e11bb0f2e5149ac4821fcde4599,2026-10-10T16:30:00Z,Northwestern Wildcats,Ball State Cardinals,bovada,Bovada,2026-10-08T12:44:12Z,2026-10-08T12:44:12Z,Northwestern Wildcats,-37.0,-110.0,2026,2026-10-08T12:44:59Z,1650,13.042707552482852,-7.16699742747313,22.709704979955983,174be7f32dd5bd9e364a40660c78a69311d1e3c8399b5fdb673b903230d43721,timestamped_live_quote,FBS vs FBS
2026-10-08T12:44:59Z,9383cbbbb905d9ee50a3341f6945eae7,2026-10-10T16:45:00Z,Florida Gators,South Carolina Gamecocks,draftkings,DraftKings,2026-10-08T12:44:42Z,2026-10-08T12:44:41Z,Florida Gators,-11.5,-108.0,2026,2026-10-08T12:44:59Z,1650,13.94117727598006,7.643057453315783,8.798119822664276,174be7f32dd5bd9e364a40660c78a69311d1e3c8399b5fdb673b903230d43721,timestamped_live_quote,FBS vs FBS
2026-10-08T12:44:59Z,9383cbbbb905d9ee50a3341f6945eae7,2026-10-10T16:45:00Z,Florida Gators,South Carolina Gamecocks,draftkings,DraftKings,2026-10-08T12:44:42Z,2026-10-08T12:44:41Z,South Carolina Gamecocks,11.5,-112.0,2026,2026-10-08T12:44:59Z,1650,13.94117727598006,7.643057453315783,8.798119822664276,174be7f32dd5bd9e364a40660c78a69311d1e3c8399b5fdb673b903230d43721,timestamped_live_quote,FBS vs FBS
2026-10-08T12:44:59Z,9383cbbbb905d9ee50a3341f6945eae7,2026-10-10T16:45:00Z,Florida Gators,South Carolina Gamecocks,betrivers,BetRivers,2026-10-08T12:44:44Z,2026-10-08T12:44:44Z,Florida Gators,-12.5,-110.0,2026,2026-10-08T12:44:59Z,1650,13.94117727598006,7.643057453315783,8.798119822664276,174be7f32dd5bd9e364a40660c78a69311d1e3c8399b5fdb673b903230d43721,timestamped_live_quote,FBS vs FBS
2026-10-08T12:44:59Z,9383cbbbb905d9ee50a3341f6945eae7,2026-10-10T16:45:00Z,Florida Gators,South Carolina Gamecocks,betrivers,BetRivers,2026-10-08T12:44:44Z,2026-10-08T12:44:44Z,South Carolina Gamecocks,12.5,-113.0,2026,2026-10-08T12:44:59Z,1650,13.94117727598006,7.643057453315783,8.798119822664276,174be7f32dd5bd9e364a40660c78a69311d1e3c8399b5fdb673b903230d43721,timestamped_live_quote,FBS vs FBS
2026-10-08T12:44:59Z,9383cbbbb905d9ee50a3341f6945eae7,2026-10-10T16:45:00Z,Florida Gators,South Carolina Gamecocks,mybookieag,MyBookie.ag,2026-10-08T12:44:42Z,2026-10-08T12:44:41Z,Florida Gators,-11.5,-110.0,2026,2026-10-08T12:44:59Z,1650,13.94117727598006,7.643057453315783,8.798119822664276,174be7f32dd5bd9e364a40660c78a69311d1e3c8399b5fdb673b903230d43721,timestamped_live_quote,FBS vs FBS
2026-10-08T12:44:59Z,9383cbbbb905d9ee50a3341f6945eae7,2026-10-10T16:45:00Z,Florida Gators,South Carolina Gamecocks,mybookieag,MyBookie.ag,2026-10-08T12:44:42Z,2026-10-08T12:44:41Z,South Carolina Gamecocks,11.5,-110.0,2026,2026-10-08T12:44:59Z,1650,13.94117727598006,7.643057453315783,8.798119822664276,174be7f32dd5bd9e364a40660c78a69311d1e3c8399b5fdb673b903230d43721,timestamped_live_quote,FBS vs FBS
2026-10-08T12:44:59Z,9383cbbbb905d9ee50a3341f6945eae7,2026-10-10T16:45:00Z,Florida Gators,South Carolina Gamecocks,fanduel,FanDuel,2026-10-08T12:44:34Z,2026-10-08T12:44:31Z,Florida Gators,-12.5,-110.0,2026,2026-10-08T12:44:59Z,1650,13.94117727598006,7.643057453315783,8.798119822664276,174be7f32dd5bd9e364a40660c78a69311d1e3c8399b5fdb673b903230d43721,timestamped_live_quote,FBS vs FBS
2026-10-08T12:44:59Z,9383cbbbb905d9ee50a3341f6945eae7,2026-10-10T16:45:00Z,Florida Gators,South Carolina Gamecocks,fanduel,FanDuel,2026-10-08T12:44:34Z,2026-10-08T12:44:31Z,South Carolina Gamecocks,12.5,-110.0,2026,2026-10-08T12:44:59Z,1650,13.94117727598006,7.643057453315783,8.798119822664276,174be7f32dd5bd9e364a40660c78a69311d1e3c8399b5fdb673b903230d43721,timestamped_live_quote,FBS vs FBS
2026-10-08T12:44:59Z,9383cbbbb905d9ee50a3341f6945eae7,2026-10-10T16:45:00Z,Florida Gators,South Carolina Gamecocks,betmgm,BetMGM,2026-10-08T12:44:43Z,2026-10-08T12:44:43Z,Florida Gators,-11.5,-110.0,2026,2026-10-08T12:44:59Z,1650,13.94117727598006,7.643057453315783,8.798119822664276,174be7f32dd5bd9e364a40660c78a69311d1e3c8399b5fdb673b903230d43721,timestamped_live_quote,FBS vs FBS
2026-10-08T12:44:59Z,9383cbbbb905d9ee50a3341f6945eae7,2026-10-10T16:45:00Z,Florida Gators,South Carolina Gamecocks,betmgm,BetMGM,2026-10-08T12:44:43Z,2026-10-08T12:44:43Z,South Carolina Gamecocks,11.5,-108.0,2026,2026-10-08T12:44:59Z,1650,13.94117727598006,7.643057453315783,8.798119822664276,174be7f32dd5bd9e364a40660c78a69311d1e3c8399b5fdb673b903230d43721,timestamped_live_quote,FBS vs FBS
2026-10-08T12:44:59Z,9383cbbbb905d9ee50a3341f6945eae7,2026-10-10T16:45:00Z,Florida Gators,South Carolina Gamecocks,lowvig,LowVig.ag,2026-10-08T12:44:10Z,2026-10-08T12:44:10Z,Florida Gators,-11.5,-106.0,2026,2026-10-08T12:44:59Z,1650,13.94117727598006,7.643057453315783,8.798119822664276,174be7f32dd5bd9e364a40660c78a69311d1e3c8399b5fdb673b903230d43721,timestamped_live_quote,FBS vs FBS
2026-10-08T12:44:59Z,9383cbbbb905d9ee50a3341f6945eae7,2026-10-10T16:45:00Z,Florida Gators,South Carolina Gamecocks,lowvig,LowVig.ag,2026-10-08T12:44:10Z,2026-10-08T12:44:10Z,South Carolina Gamecocks,11.5,-106.0,2026,2026-10-08T12:44:59Z,1650,13.94117727598006,7.643057453315783,8.798119822664276,174be7f32dd5bd9e364a40660c78a69311d1e3c8399b5fdb673b903230d43721,timestamped_live_quote,FBS vs FBS
2026-10-08T12:44:59Z,9383cbbbb905d9ee50a3341f6945eae7,2026-10-10T16:45:00Z,Florida Gators,South Carolina Gamecocks,betonlineag,BetOnline.ag,2026-10-08T12:44:24Z,2026-10-08T12:44:24Z,Florida Gators,-11.5,-110.0,2026,2026-10-08T12:44:59Z,1650,13.94117727598006,7.643057453315783,8.798119822664276,174be7f32dd5bd9e364a40660c78a69311d1e3c8399b5fdb673b903230d43721,timestamped_live_quote,FBS vs FBS
2026-10-08T12:44:59Z,9383cbbbb905d9ee50a3341f6945eae7,2026-10-10T16:45:00Z,Florida Gators,South Carolina Gamecocks,betonlineag,BetOnline.ag,2026-10-08T12:44:24Z,2026-10-08T12:44:24Z,South Carolina Gamecocks,11.5,-110.0,2026,2026-10-08T12:44:59Z,1650,13.94117727598006,7.643057453315783,8.798119822664276,174be7f32dd5bd9e364a40660c78a69311d1e3c8399b5fdb673b903230d43721,timestamped_live_quote,FBS vs FBS
2026-10-08T12:44:59Z,9383cbbbb905d9ee50a3341f6945eae7,2026-10-10T16:45:00Z,Florida Gators,South Carolina Gamecocks,bovada,Bovada,2026-10-08T12:44:12Z,2026-10-08T12:44:12Z,Florida Gators,-11.0,-110.0,2026,2026-10-08T12:44:59Z,1650,13.94117727598006,7.643057453315783,8.798119822664276,174be7f32dd5bd9e364a40660c78a69311d1e3c8399b5fdb673b903230d43721,timestamped_live_quote,FBS vs FBS
2026-10-08T12:44:59Z,9383cbbbb905d9ee50a3341f6945eae7,2026-10-10T16:45:00Z,Florida Gators,South Carolina Gamecocks,bovada,Bovada,2026-10-08T12:44:12Z,2026-10-08T12:44:12Z,South Carolina Gamecocks,11.0,-110.0,2026,2026-10-08T12:44:59Z,1650,13.94117727598006,7.643057453315783,8.798119822664276,174be7f32dd5bd9e364a40660c78a69311d1e3c8399b5fdb673b903230d43721,timestamped_live_quote,FBS vs FBS
2026-10-08T12:44:59Z,9383cbbbb905d9ee50a3341f6945eae7,2026-10-10T16:45:00Z,Florida Gators,South Carolina Gamecocks,betus,BetUS,2026-10-08T12:44:13Z,2026-10-08T12:44:13Z,Florida Gators,-11.5,-110.0,2026,2026-10-08T12:44:59Z,1650,13.94117727598006,7.643057453315783,8.798119822664276,174be7f32dd5bd9e364a40660c78a69311d1e3c8399b5fdb673b903230d43721,timestamped_live_quote,FBS vs FBS
2026-10-08T12:44:59Z,9383cbbbb905d9ee50a3341f6945eae7,2026-10-10T16:45:00Z,Florida Gators,South Carolina Gamecocks,betus,BetUS,2026-10-08T12:44:13Z,2026-10-08T12:44:13Z,South Carolina Gamecocks,11.5,-110.0,2026,2026-10-08T12:44:59Z,1650,13.94117727598006,7.643057453315783,8.798119822664276,174be7f32dd5bd9e364a40660c78a69311d1e3c8399b5fdb673b903230d43721,timestamped_live_quote,FBS vs FBS
2026-10-08T12:44:59Z,310dd8851a99203930a45881b0156d36,2026-10-10T17:00:00Z,Appalachian State Mountaineers,Old Dominion Monarchs,draftkings,DraftKings,2026-10-08T12:44:42Z,2026-10-08T12:44:41Z,Appalachian State Mountaineers,-9.5,-115.0,2026,2026-10-08T12:44:59Z,1650,4.677196904070745,-3.039634328377393,10.216831232448138,174be7f32dd5bd9e364a40660c78a69311d1e3c8399b5fdb673b903230d43721,timestamped_live_quote,FBS vs FBS
2026-10-08T12:44:59Z,310dd8851a99203930a45881b0156d36,2026-10-10T17:00:00Z,Appalachian State Mountaineers,Old Dominion Monarchs,draftkings,DraftKings,2026-10-08T12:44:42Z,2026-10-08T12:44:41Z,Old Dominion Monarchs,9.5,-105.0,2026,2026-10-08T12:44:59Z,1650,4.677196904070745,-3.039634328377393,10.216831232448138,174be7f32dd5bd9e364a40660c78a69311d1e3c8399b5fdb673b903230d43721,timestamped_live_quote,FBS vs FBS
2026-10-08T12:44:59Z,310dd8851a99203930a45881b0156d36,2026-10-10T17:00:00Z,Appalachian State Mountaineers,Old Dominion Monarchs,fanduel,FanDuel,2026-10-08T12:44:35Z,2026-10-08T12:44:32Z,Appalachian State Mountaineers,-9.5,-115.0,2026,2026-10-08T12:44:59Z,1650,4.677196904070745,-3.039634328377393,10.216831232448138,174be7f32dd5bd9e364a40660c78a69311d1e3c8399b5fdb673b903230d43721,timestamped_live_quote,FBS vs FBS
2026-10-08T12:44:59Z,310dd8851a99203930a45881b0156d36,2026-10-10T17:00:00Z,Appalachian State Mountaineers,Old Dominion Monarchs,fanduel,FanDuel,2026-10-08T12:44:35Z,2026-10-08T12:44:32Z,Old Dominion Monarchs,9.5,-105.0,2026,2026-10-08T12:44:59Z,1650,4.677196904070745,-3.039634328377393,10.216831232448138,174be7f32dd5bd9e364a40660c78a69311d1e3c8399b5fdb673b903230d43721,timestamped_live_quote,FBS vs FBS
2026-10-08T12:44:59Z,310dd8851a99203930a45881b0156d36,2026-10-10T17:00:00Z,Appalachian State Mountaineers,Old Dominion Monarchs,lowvig,LowVig.ag,2026-10-08T12:44:10Z,2026-10-08T12:44:10Z,Appalachian State Mountaineers,-9.5,-111.0,2026,2026-10-08T12:44:59Z,1650,4.677196904070745,-3.039634328377393,10.216831232448138,174be7f32dd5bd9e364a40660c78a69311d1e3c8399b5fdb673b903230d43721,timestamped_live_quote,FBS vs FBS
2026-10-08T12:44:59Z,310dd8851a99203930a45881b0156d36,2026-10-10T17:00:00Z,Appalachian State Mountaineers,Old Dominion Monarchs,lowvig,LowVig.ag,2026-10-08T12:44:10Z,2026-10-08T12:44:10Z,Old Dominion Monarchs,9.5,-101.0,2026,2026-10-08T12:44:59Z,1650,4.677196904070745,-3.039634328377393,10.216831232448138,174be7f32dd5bd9e364a40660c78a69311d1e3c8399b5fdb673b903230d43721,timestamped_live_quote,FBS vs FBS
2026-10-08T12:44:59Z,310dd8851a99203930a45881b0156d36,2026-10-10T17:00:00Z,Appalachian State Mountaineers,Old Dominion Monarchs,betonlineag,BetOnline.ag,2026-10-08T12:44:24Z,2026-10-08T12:44:24Z,Appalachian State Mountaineers,-9.5,-115.0,2026,2026-10-08T12:44:59Z,1650,4.677196904070745,-3.039634328377393,10.216831232448138,174be7f32dd5bd9e364a40660c78a69311d1e3c8399b5fdb673b903230d43721,timestamped_live_quote,FBS vs FBS
2026-10-08T12:44:59Z,310dd8851a99203930a45881b0156d36,2026-10-10T17:00:00Z,Appalachian State Mountaineers,Old Dominion Monarchs,betonlineag,BetOnline.ag,2026-10-08T12:44:24Z,2026-10-08T12:44:24Z,Old Dominion Monarchs,9.5,-105.0,2026,2026-10-08T12:44:59Z,1650,4.677196904070745,-3.039634328377393,10.216831232448138,174be7f32dd5bd9e364a40660c78a69311d1e3c8399b5fdb673b903230d43721,timestamped_live_quote,FBS vs FBS
2026-10-08T12:44:59Z,310dd8851a99203930a45881b0156d36,2026-10-10T17:00:00Z,Appalachian State Mountaineers,Old Dominion Monarchs,betrivers,BetRivers,2026-10-08T12:44:44Z,2026-10-08T12:44:44Z,Appalachian State Mountaineers,-9.5,-114.0,2026,2026-10-08T12:44:59Z,1650,4.677196904070745,-3.039634328377393,10.216831232448138,174be7f32dd5bd9e364a40660c78a69311d1e3c8399b5fdb673b903230d43721,timestamped_live_quote,FBS vs FBS
2026-10-08T12:44:59Z,310dd8851a99203930a45881b0156d36,2026-10-10T17:00:00Z,Appalachian State Mountaineers,Old Dominion Monarchs,betrivers,BetRivers,2026-10-08T12:44:44Z,2026-10-08T12:44:44Z,Old Dominion Monarchs,9.5,-109.0,2026,2026-10-08T12:44:59Z,1650,4.677196904070745,-3.039634328377393,10.216831232448138,174be7f32dd5bd9e364a40660c78a69311d1e3c8399b5fdb673b903230d43721,timestamped_live_quote,FBS vs FBS
2026-10-08T12:44:59Z,310dd8851a99203930a45881b0156d36,2026-10-10T17:00:00Z,Appalachian State Mountaineers,Old Dominion Monarchs,betmgm,BetMGM,2026-10-08T12:44:43Z,2026-10-08T12:44:43Z,Appalachian State Mountaineers,-10.0,-108.0,2026,2026-10-08T12:44:59Z,1650,4.677196904070745,-3.039634328377393,10.216831232448138,174be7f32dd5bd9e364a40660c78a69311d1e3c8399b5fdb673b903230d43721,timestamped_live_quote,FBS vs FBS
2026-10-08T12:44:59Z,310dd8851a99203930a45881b0156d36,2026-10-10T17:00:00Z,Appalachian State Mountaineers,Old Dominion Monarchs,betmgm,BetMGM,2026-10-08T12:44:43Z,2026-10-08T12:44:43Z,Old Dominion Monarchs,10.0,-110.0,2026,2026-10-08T12:44:59Z,1650,4.677196904070745,-3.039634328377393,10.216831232448138,174be7f32dd5bd9e364a40660c78a69311d1e3c8399b5fdb673b903230d43721,timestamped_live_quote,FBS vs FBS
2026-10-08T12:44:59Z,310dd8851a99203930a45881b0156d36,2026-10-10T17:00:00Z,Appalachian State Mountaineers,Old Dominion Monarchs,mybookieag,MyBookie.ag,2026-10-08T12:44:42Z,2026-10-08T12:44:42Z,Appalachian State Mountaineers,-9.5,-110.0,2026,2026-10-08T12:44:59Z,1650,4.677196904070745,-3.039634328377393,10.216831232448138,174be7f32dd5bd9e364a40660c78a69311d1e3c8399b5fdb673b903230d43721,timestamped_live_quote,FBS vs FBS
2026-10-08T12:44:59Z,310dd8851a99203930a45881b0156d36,2026-10-10T17:00:00Z,Appalachian State Mountaineers,Old Dominion Monarchs,mybookieag,MyBookie.ag,2026-10-08T12:44:42Z,2026-10-08T12:44:42Z,Old Dominion Monarchs,9.5,-110.0,2026,2026-10-08T12:44:59Z,1650,4.677196904070745,-3.039634328377393,10.216831232448138,174be7f32dd5bd9e364a40660c78a69311d1e3c8399b5fdb673b903230d43721,timestamped_live_quote,FBS vs FBS
2026-10-08T12:44:59Z,310dd8851a99203930a45881b0156d36,2026-10-10T17:00:00Z,Appalachian State Mountaineers,Old Dominion Monarchs,bovada,Bovada,2026-10-08T12:44:12Z,2026-10-08T12:44:12Z,Appalachian State Mountaineers,-9.0,-110.0,2026,2026-10-08T12:44:59Z,1650,4.677196904070745,-3.039634328377393,10.216831232448138,174be7f32dd5bd9e364a40660c78a69311d1e3c8399b5fdb673b903230d43721,timestamped_live_quote,FBS vs FBS
2026-10-08T12:44:59Z,310dd8851a99203930a45881b0156d36,2026-10-10T17:00:00Z,Appalachian State Mountaineers,Old Dominion Monarchs,bovada,Bovada,2026-10-08T12:44:12Z,2026-10-08T12:44:12Z,Old Dominion Monarchs,9.0,-110.0,2026,2026-10-08T12:44:59Z,1650,4.677196904070745,-3.039634328377393,10.216831232448138,174be7f32dd5bd9e364a40660c78a69311d1e3c8399b5fdb673b903230d43721,timestamped_live_quote,FBS vs FBS
2026-10-08T12:44:59Z,310dd8851a99203930a45881b0156d36,2026-10-10T17:00:00Z,Appalachian State Mountaineers,Old Dominion Monarchs,betus,BetUS,2026-10-08T12:44:13Z,2026-10-08T12:44:13Z,Appalachian State Mountaineers,-10.0,-110.0,2026,2026-10-08T12:44:59Z,1650,4.677196904070745,-3.039634328377393,10.216831232448138,174be7f32dd5bd9e364a40660c78a69311d1e3c8399b5fdb673b903230d43721,timestamped_live_quote,FBS vs FBS
2026-10-08T12:44:59Z,310dd8851a99203930a45881b0156d36,2026-10-10T17:00:00Z,Appalachian State Mountaineers,Old Dominion Monarchs,betus,BetUS,2026-10-08T12:44:13Z,2026-10-08T12:44:13Z,Old Dominion Monarchs,10.0,-110.0,2026,2026-10-08T12:44:59Z,1650,4.677196904070745,-3.039634328377393,10.216831232448138,174be7f32dd5bd9e364a40660c78a69311d1e3c8399b5fdb673b903230d43721,timestamped_live_quote,FBS vs FBS
2026-10-08T12:44:59Z,43dda5e509a9619bee41f752a2c25fa7,2026-10-10T18:00:00Z,UMass Minutemen,Miami (OH) RedHawks,draftkings,DraftKings,2026-10-08T12:44:42Z,2026-10-08T12:44:41Z,Miami (OH) RedHawks,-2.5,-108.0,2026,2026-10-08T12:44:59Z,1650,5.680653989997399,-0.11553656644315283,8.296190556440552,174be7f32dd5bd9e364a40660c78a69311d1e3c8399b5fdb673b903230d43721,timestamped_live_quote,FBS vs FBS
2026-10-08T12:44:59Z,43dda5e509a9619bee41f752a2c25fa7,2026-10-10T18:00:00Z,UMass Minutemen,Miami (OH) RedHawks,draftkings,DraftKings,2026-10-08T12:44:42Z,2026-10-08T12:44:41Z,UMass Minutemen,2.5,-112.0,2026,2026-10-08T12:44:59Z,1650,5.680653989997399,-0.11553656644315283,8.296190556440552,174be7f32dd5bd9e364a40660c78a69311d1e3c8399b5fdb673b903230d43721,timestamped_live_quote,FBS vs FBS
2026-10-08T12:44:59Z,43dda5e509a9619bee41f752a2c25fa7,2026-10-10T18:00:00Z,UMass Minutemen,Miami (OH) RedHawks,lowvig,LowVig.ag,2026-10-08T12:44:10Z,2026-10-08T12:44:10Z,Miami (OH) RedHawks,-2.0,-108.0,2026,2026-10-08T12:44:59Z,1650,5.680653989997399,-0.11553656644315283,8.296190556440552,174be7f32dd5bd9e364a40660c78a69311d1e3c8399b5fdb673b903230d43721,timestamped_live_quote,FBS vs FBS
2026-10-08T12:44:59Z,43dda5e509a9619bee41f752a2c25fa7,2026-10-10T18:00:00Z,UMass Minutemen,Miami (OH) RedHawks,lowvig,LowVig.ag,2026-10-08T12:44:10Z,2026-10-08T12:44:10Z,UMass Minutemen,2.0,-104.0,2026,2026-10-08T12:44:59Z,1650,5.680653989997399,-0.11553656644315283,8.296190556440552,174be7f32dd5bd9e364a40660c78a69311d1e3c8399b5fdb673b903230d43721,timestamped_live_quote,FBS vs FBS
2026-10-08T12:44:59Z,43dda5e509a9619bee41f752a2c25fa7,2026-10-10T18:00:00Z,UMass Minutemen,Miami (OH) RedHawks,betonlineag,BetOnline.ag,2026-10-08T12:44:24Z,2026-10-08T12:44:24Z,Miami (OH) RedHawks,-2.0,-112.0,2026,2026-10-08T12:44:59Z,1650,5.680653989997399,-0.11553656644315283,8.296190556440552,174be7f32dd5bd9e364a40660c78a69311d1e3c8399b5fdb673b903230d43721,timestamped_live_quote,FBS vs FBS
2026-10-08T12:44:59Z,43dda5e509a9619bee41f752a2c25fa7,2026-10-10T18:00:00Z,UMass Minutemen,Miami (OH) RedHawks,betonlineag,BetOnline.ag,2026-10-08T12:44:24Z,2026-10-08T12:44:24Z,UMass Minutemen,2.0,-108.0,2026,2026-10-08T12:44:59Z,1650,5.680653989997399,-0.11553656644315283,8.296190556440552,174be7f32dd5bd9e364a40660c78a69311d1e3c8399b5fdb673b903230d43721,timestamped_live_quote,FBS vs FBS
2026-10-08T12:44:59Z,43dda5e509a9619bee41f752a2c25fa7,2026-10-10T18:00:00Z,UMass Minutemen,Miami (OH) RedHawks,fanduel,FanDuel,2026-10-08T12:44:35Z,2026-10-08T12:44:32Z,Miami (OH) RedHawks,-2.5,-108.0,2026,2026-10-08T12:44:59Z,1650,5.680653989997399,-0.11553656644315283,8.296190556440552,174be7f32dd5bd9e364a40660c78a69311d1e3c8399b5fdb673b903230d43721,timestamped_live_quote,FBS vs FBS
2026-10-08T12:44:59Z,43dda5e509a9619bee41f752a2c25fa7,2026-10-10T18:00:00Z,UMass Minutemen,Miami (OH) RedHawks,fanduel,FanDuel,2026-10-08T12:44:35Z,2026-10-08T12:44:32Z,UMass Minutemen,2.5,-112.0,2026,2026-10-08T12:44:59Z,1650,5.680653989997399,-0.11553656644315283,8.296190556440552,174be7f32dd5bd9e364a40660c78a69311d1e3c8399b5fdb673b903230d43721,timestamped_live_quote,FBS vs FBS
2026-10-08T12:44:59Z,43dda5e509a9619bee41f752a2c25fa7,2026-10-10T18:00:00Z,UMass Minutemen,Miami (OH) RedHawks,betmgm,BetMGM,2026-10-08T12:44:43Z,2026-10-08T12:44:43Z,Miami (OH) RedHawks,-2.5,-110.0,2026,2026-10-08T12:44:59Z,1650,5.680653989997399,-0.11553656644315283,8.296190556440552,174be7f32dd5bd9e364a40660c78a69311d1e3c8399b5fdb673b903230d43721,timestamped_live_quote,FBS vs FBS
2026-10-08T12:44:59Z,43dda5e509a9619bee41f752a2c25fa7,2026-10-10T18:00:00Z,UMass Minutemen,Miami (OH) RedHawks,betmgm,BetMGM,2026-10-08T12:44:43Z,2026-10-08T12:44:43Z,UMass Minutemen,2.5,-108.0,2026,2026-10-08T12:44:59Z,1650,5.680653989997399,-0.11553656644315283,8.296190556440552,174be7f32dd5bd9e364a40660c78a69311d1e3c8399b5fdb673b903230d43721,timestamped_live_quote,FBS vs FBS
2026-10-08T12:44:59Z,43dda5e509a9619bee41f752a2c25fa7,2026-10-10T18:00:00Z,UMass Minutemen,Miami (OH) RedHawks,bovada,Bovada,2026-10-08T12:44:12Z,2026-10-08T12:44:12Z,Miami (OH) RedHawks,-2.5,-110.0,2026,2026-10-08T12:44:59Z,1650,5.680653989997399,-0.11553656644315283,8.296190556440552,174be7f32dd5bd9e364a40660c78a69311d1e3c8399b5fdb673b903230d43721,timestamped_live_quote,FBS vs FBS
2026-10-08T12:44:59Z,43dda5e509a9619bee41f752a2c25fa7,2026-10-10T18:00:00Z,UMass Minutemen,Miami (OH) RedHawks,bovada,Bovada,2026-10-08T12:44:12Z,2026-10-08T12:44:12Z,UMass Minutemen,2.5,-110.0,2026,2026-10-08T12:44:59Z,1650,5.680653989997399,-0.11553656644315283,8.296190556440552,174be7f32dd5bd9e364a40660c78a69311d1e3c8399b5fdb673b903230d43721,timestamped_live_quote,FBS vs FBS
2026-10-08T12:44:59Z,43dda5e509a9619bee41f752a2c25fa7,2026-10-10T18:00:00Z,UMass Minutemen,Miami (OH) RedHawks,betus,BetUS,2026-10-08T12:44:13Z,2026-10-08T12:44:13Z,Miami (OH) RedHawks,-2.5,-110.0,2026,2026-10-08T12:44:59Z,1650,5.680653989997399,-0.11553656644315283,8.296190556440552,174be7f32dd5bd9e364a40660c78a69311d1e3c8399b5fdb673b903230d43721,timestamped_live_quote,FBS vs FBS
2026-10-08T12:44:59Z,43dda5e509a9619bee41f752a2c25fa7,2026-10-10T18:00:00Z,UMass Minutemen,Miami (OH) RedHawks,betus,BetUS,2026-10-08T12:44:13Z,2026-10-08T12:44:13Z,UMass Minutemen,2.5,-110.0,2026,2026-10-08T12:44:59Z,1650,5.680653989997399,-0.11553656644315283,8.296190556440552,174be7f32dd5bd9e364a40660c78a69311d1e3c8399b5fdb673b903230d43721,timestamped_live_quote,FBS vs FBS
2026-10-08T12:44:59Z,43dda5e509a9619bee41f752a2c25fa7,2026-10-10T18:00:00Z,UMass Minutemen,Miami (OH) RedHawks,betrivers,BetRivers,2026-10-08T12:44:44Z,2026-10-08T12:44:44Z,Miami (OH) RedHawks,-2.0,-108.0,2026,2026-10-08T12:44:59Z,1650,5.680653989997399,-0.11553656644315283,8.296190556440552,174be7f32dd5bd9e364a40660c78a69311d1e3c8399b5fdb673b903230d43721,timestamped_live_quote,FBS vs FBS
2026-10-08T12:44:59Z,43dda5e509a9619bee41f752a2c25fa7,2026-10-10T18:00:00Z,UMass Minutemen,Miami (OH) RedHawks,betrivers,BetRivers,2026-10-08T12:44:44Z,2026-10-08T12:44:44Z,UMass Minutemen,2.0,-115.0,2026,2026-10-08T12:44:59Z,1650,5.680653989997399,-0.11553656644315283,8.296190556440552,174be7f32dd5bd9e364a40660c78a69311d1e3c8399b5fdb673b903230d43721,timestamped_live_quote,FBS vs FBS
2026-10-08T12:44:59Z,d5c5d566d388f445ead9c2dc63caaed1,2026-10-10T19:30:00Z,Akron Zips,Eastern Michigan Eagles,draftkings,DraftKings,2026-10-08T12:44:42Z,2026-10-08T12:44:41Z,Akron Zips,7.0,-115.0,2026,2026-10-08T12:44:59Z,1650,-6.231714124447511,-0.9600591526120134,-2.771654971835498,174be7f32dd5bd9e364a40660c78a69311d1e3c8399b5fdb673b903230d43721,timestamped_live_quote,FBS vs FBS
2026-10-08T12:44:59Z,d5c5d566d388f445ead9c2dc63caaed1,2026-10-10T19:30:00Z,Akron Zips,Eastern Michigan Eagles,draftkings,DraftKings,2026-10-08T12:44:42Z,2026-10-08T12:44:41Z,Eastern Michigan Eagles,-7.0,-105.0,2026,2026-10-08T12:44:59Z,1650,-6.231714124447511,-0.9600591526120134,-2.771654971835498,174be7f32dd5bd9e364a40660c78a69311d1e3c8399b5fdb673b903230d43721,timestamped_live_quote,FBS vs FBS
2026-10-08T12:44:59Z,d5c5d566d388f445ead9c2dc63caaed1,2026-10-10T19:30:00Z,Akron Zips,Eastern Michigan Eagles,fanduel,FanDuel,2026-10-08T12:44:35Z,2026-10-08T12:44:33Z,Akron Zips,6.5,100.0,2026,2026-10-08T12:44:59Z,1650,-6.231714124447511,-0.9600591526120134,-2.771654971835498,174be7f32dd5bd9e364a40660c78a69311d1e3c8399b5fdb673b903230d43721,timestamped_live_quote,FBS vs FBS
2026-10-08T12:44:59Z,d5c5d566d388f445ead9c2dc63caaed1,2026-10-10T19:30:00Z,Akron Zips,Eastern Michigan Eagles,fanduel,FanDuel,2026-10-08T12:44:35Z,2026-10-08T12:44:33Z,Eastern Michigan Eagles,-6.5,-122.0,2026,2026-10-08T12:44:59Z,1650,-6.231714124447511,-0.9600591526120134,-2.771654971835498,174be7f32dd5bd9e364a40660c78a69311d1e3c8399b5fdb673b903230d43721,timestamped_live_quote,FBS vs FBS
2026-10-08T12:44:59Z,d5c5d566d388f445ead9c2dc63caaed1,2026-10-10T19:30:00Z,Akron Zips,Eastern Michigan Eagles,lowvig,LowVig.ag,2026-10-08T12:44:10Z,2026-10-08T12:44:10Z,Akron Zips,7.0,-111.0,2026,2026-10-08T12:44:59Z,1650,-6.231714124447511,-0.9600591526120134,-2.771654971835498,174be7f32dd5bd9e364a40660c78a69311d1e3c8399b5fdb673b903230d43721,timestamped_live_quote,FBS vs FBS
2026-10-08T12:44:59Z,d5c5d566d388f445ead9c2dc63caaed1,2026-10-10T19:30:00Z,Akron Zips,Eastern Michigan Eagles,lowvig,LowVig.ag,2026-10-08T12:44:10Z,2026-10-08T12:44:10Z,Eastern Michigan Eagles,-7.0,-101.0,2026,2026-10-08T12:44:59Z,1650,-6.231714124447511,-0.9600591526120134,-2.771654971835498,174be7f32dd5bd9e364a40660c78a69311d1e3c8399b5fdb673b903230d43721,timestamped_live_quote,FBS vs FBS
2026-10-08T12:44:59Z,d5c5d566d388f445ead9c2dc63caaed1,2026-10-10T19:30:00Z,Akron Zips,Eastern Michigan Eagles,betonlineag,BetOnline.ag,2026-10-08T12:44:24Z,2026-10-08T12:44:24Z,Akron Zips,7.0,-115.0,2026,2026-10-08T12:44:59Z,1650,-6.231714124447511,-0.9600591526120134,-2.771654971835498,174be7f32dd5bd9e364a40660c78a69311d1e3c8399b5fdb673b903230d43721,timestamped_live_quote,FBS vs FBS
2026-10-08T12:44:59Z,d5c5d566d388f445ead9c2dc63caaed1,2026-10-10T19:30:00Z,Akron Zips,Eastern Michigan Eagles,betonlineag,BetOnline.ag,2026-10-08T12:44:24Z,2026-10-08T12:44:24Z,Eastern Michigan Eagles,-7.0,-105.0,2026,2026-10-08T12:44:59Z,1650,-6.231714124447511,-0.9600591526120134,-2.771654971835498,174be7f32dd5bd9e364a40660c78a69311d1e3c8399b5fdb673b903230d43721,timestamped_live_quote,FBS vs FBS
2026-10-08T12:44:59Z,d5c5d566d388f445ead9c2dc63caaed1,2026-10-10T19:30:00Z,Akron Zips,Eastern Michigan Eagles,betrivers,BetRivers,2026-10-08T12:44:44Z,2026-10-08T12:44:44Z,Akron Zips,7.0,-115.0,2026,2026-10-08T12:44:59Z,1650,-6.231714124447511,-0.9600591526120134,-2.771654971835498,174be7f32dd5bd9e364a40660c78a69311d1e3c8399b5fdb673b903230d43721,timestamped_live_quote,FBS vs FBS
2026-10-08T12:44:59Z,d5c5d566d388f445ead9c2dc63caaed1,2026-10-10T19:30:00Z,Akron Zips,Eastern Michigan Eagles,betrivers,BetRivers,2026-10-08T12:44:44Z,2026-10-08T12:44:44Z,Eastern Michigan Eagles,-7.0,-108.0,2026,2026-10-08T12:44:59Z,1650,-6.231714124447511,-0.9600591526120134,-2.771654971835498,174be7f32dd5bd9e364a40660c78a69311d1e3c8399b5fdb673b903230d43721,timestamped_live_quote,FBS vs FBS
2026-10-08T12:44:59Z,d5c5d566d388f445ead9c2dc63caaed1,2026-10-10T19:30:00Z,Akron Zips,Eastern Michigan Eagles,betmgm,BetMGM,2026-10-08T12:44:43Z,2026-10-08T12:44:43Z,Akron Zips,7.0,-110.0,2026,2026-10-08T12:44:59Z,1650,-6.231714124447511,-0.9600591526120134,-2.771654971835498,174be7f32dd5bd9e364a40660c78a69311d1e3c8399b5fdb673b903230d43721,timestamped_live_quote,FBS vs FBS
2026-10-08T12:44:59Z,d5c5d566d388f445ead9c2dc63caaed1,2026-10-10T19:30:00Z,Akron Zips,Eastern Michigan Eagles,betmgm,BetMGM,2026-10-08T12:44:43Z,2026-10-08T12:44:43Z,Eastern Michigan Eagles,-7.0,-108.0,2026,2026-10-08T12:44:59Z,1650,-6.231714124447511,-0.9600591526120134,-2.771654971835498,174be7f32dd5bd9e364a40660c78a69311d1e3c8399b5fdb673b903230d43721,timestamped_live_quote,FBS vs FBS
2026-10-08T12:44:59Z,d5c5d566d388f445ead9c2dc63caaed1,2026-10-10T19:30:00Z,Akron Zips,Eastern Michigan Eagles,mybookieag,MyBookie.ag,2026-10-08T12:44:42Z,2026-10-08T12:44:42Z,Akron Zips,7.0,-110.0,2026,2026-10-08T12:44:59Z,1650,-6.231714124447511,-0.9600591526120134,-2.771654971835498,174be7f32dd5bd9e364a40660c78a69311d1e3c8399b5fdb673b903230d43721,timestamped_live_quote,FBS vs FBS
2026-10-08T12:44:59Z,d5c5d566d388f445ead9c2dc63caaed1,2026-10-10T19:30:00Z,Akron Zips,Eastern Michigan Eagles,mybookieag,MyBookie.ag,2026-10-08T12:44:42Z,2026-10-08T12:44:42Z,Eastern Michigan Eagles,-7.0,-110.0,2026,2026-10-08T12:44:59Z,1650,-6.231714124447511,-0.9600591526120134,-2.771654971835498,174be7f32dd5bd9e364a40660c78a69311d1e3c8399b5fdb673b903230d43721,timestamped_live_quote,FBS vs FBS
2026-10-08T12:44:59Z,d5c5d566d388f445ead9c2dc63caaed1,2026-10-10T19:30:00Z,Akron Zips,Eastern Michigan Eagles,bovada,Bovada,2026-10-08T12:44:12Z,2026-10-08T12:44:12Z,Akron Zips,6.5,-105.0,2026,2026-10-08T12:44:59Z,1650,-6.231714124447511,-0.9600591526120134,-2.771654971835498,174be7f32dd5bd9e364a40660c78a69311d1e3c8399b5fdb673b903230d43721,timestamped_live_quote,FBS vs FBS
2026-10-08T12:44:59Z,d5c5d566d388f445ead9c2dc63caaed1,2026-10-10T19:30:00Z,Akron Zips,Eastern Michigan Eagles,bovada,Bovada,2026-10-08T12:44:12Z,2026-10-08T12:44:12Z,Eastern Michigan Eagles,-6.5,-115.0,2026,2026-10-08T12:44:59Z,1650,-6.231714124447511,-0.9600591526120134,-2.771654971835498,174be7f32dd5bd9e364a40660c78a69311d1e3c8399b5fdb673b903230d43721,timestamped_live_quote,FBS vs FBS
2026-10-08T12:44:59Z,d5c5d566d388f445ead9c2dc63caaed1,2026-10-10T19:30:00Z,Akron Zips,Eastern Michigan Eagles,betus,BetUS,2026-10-08T12:44:13Z,2026-10-08T12:44:13Z,Akron Zips,7.0,-115.0,2026,2026-10-08T12:44:59Z,1650,-6.231714124447511,-0.9600591526120134,-2.771654971835498,174be7f32dd5bd9e364a40660c78a69311d1e3c8399b5fdb673b903230d43721,timestamped_live_quote,FBS vs FBS
2026-10-08T12:44:59Z,d5c5d566d388f445ead9c2dc63caaed1,2026-10-10T19:30:00Z,Akron Zips,Eastern Michigan Eagles,betus,BetUS,2026-10-08T12:44:13Z,2026-10-08T12:44:13Z,Eastern Michigan Eagles,-7.0,-105.0,2026,2026-10-08T12:44:59Z,1650,-6.231714124447511,-0.9600591526120134,-2.771654971835498,174be7f32dd5bd9e364a40660c78a69311d1e3c8399b5fdb673b903230d43721,timestamped_live_quote,FBS vs FBS
2026-10-08T12:44:59Z,e2a6fcdae461277e7cc041ff631d1b0c,2026-10-10T19:30:00Z,Toledo Rockets,Buffalo Bulls,draftkings,DraftKings,2026-10-08T12:44:42Z,2026-10-08T12:44:41Z,Buffalo Bulls,21.0,-112.0,2026,2026-10-08T12:44:59Z,1650,8.343611158608786,-4.4317369037011325,15.275348062309918,174be7f32dd5bd9e364a40660c78a69311d1e3c8399b5fdb673b903230d43721,timestamped_live_quote,FBS vs FBS
2026-10-08T12:44:59Z,e2a6fcdae461277e7cc041ff631d1b0c,2026-10-10T19:30:00Z,Toledo Rockets,Buffalo Bulls,draftkings,DraftKings,2026-10-08T12:44:42Z,2026-10-08T12:44:41Z,Toledo Rockets,-21.0,-108.0,2026,2026-10-08T12:44:59Z,1650,8.343611158608786,-4.4317369037011325,15.275348062309918,174be7f32dd5bd9e364a40660c78a69311d1e3c8399b5fdb673b903230d43721,timestamped_live_quote,FBS vs FBS
2026-10-08T12:44:59Z,e2a6fcdae461277e7cc041ff631d1b0c,2026-10-10T19:30:00Z,Toledo Rockets,Buffalo Bulls,fanduel,FanDuel,2026-10-08T12:44:35Z,2026-10-08T12:44:33Z,Buffalo Bulls,20.5,100.0,2026,2026-10-08T12:44:59Z,1650,8.343611158608786,-4.4317369037011325,15.275348062309918,174be7f32dd5bd9e364a40660c78a69311d1e3c8399b5fdb673b903230d43721,timestamped_live_quote,FBS vs FBS
2026-10-08T12:44:59Z,e2a6fcdae461277e7cc041ff631d1b0c,2026-10-10T19:30:00Z,Toledo Rockets,Buffalo Bulls,fanduel,FanDuel,2026-10-08T12:44:35Z,2026-10-08T12:44:33Z,Toledo Rockets,-20.5,-122.0,2026,2026-10-08T12:44:59Z,1650,8.343611158608786,-4.4317369037011325,15.275348062309918,174be7f32dd5bd9e364a40660c78a69311d1e3c8399b5fdb673b903230d43721,timestamped_live_quote,FBS vs FBS
2026-10-08T12:44:59Z,e2a6fcdae461277e7cc041ff631d1b0c,2026-10-10T19:30:00Z,Toledo Rockets,Buffalo Bulls,lowvig,LowVig.ag,2026-10-08T12:44:10Z,2026-10-08T12:44:10Z,Buffalo Bulls,20.5,101.0,2026,2026-10-08T12:44:59Z,1650,8.343611158608786,-4.4317369037011325,15.275348062309918,174be7f32dd5bd9e364a40660c78a69311d1e3c8399b5fdb673b903230d43721,timestamped_live_quote,FBS vs FBS
2026-10-08T12:44:59Z,e2a6fcdae461277e7cc041ff631d1b0c,2026-10-10T19:30:00Z,Toledo Rockets,Buffalo Bulls,lowvig,LowVig.ag,2026-10-08T12:44:10Z,2026-10-08T12:44:10Z,Toledo Rockets,-20.5,-113.0,2026,2026-10-08T12:44:59Z,1650,8.343611158608786,-4.4317369037011325,15.275348062309918,174be7f32dd5bd9e364a40660c78a69311d1e3c8399b5fdb673b903230d43721,timestamped_live_quote,FBS vs FBS
2026-10-08T12:44:59Z,e2a6fcdae461277e7cc041ff631d1b0c,2026-10-10T19:30:00Z,Toledo Rockets,Buffalo Bulls,betonlineag,BetOnline.ag,2026-10-08T12:44:24Z,2026-10-08T12:44:24Z,Buffalo Bulls,20.5,-103.0,2026,2026-10-08T12:44:59Z,1650,8.343611158608786,-4.4317369037011325,15.275348062309918,174be7f32dd5bd9e364a40660c78a69311d1e3c8399b5fdb673b903230d43721,timestamped_live_quote,FBS vs FBS
2026-10-08T12:44:59Z,e2a6fcdae461277e7cc041ff631d1b0c,2026-10-10T19:30:00Z,Toledo Rockets,Buffalo Bulls,betonlineag,BetOnline.ag,2026-10-08T12:44:24Z,2026-10-08T12:44:24Z,Toledo Rockets,-20.5,-117.0,2026,2026-10-08T12:44:59Z,1650,8.343611158608786,-4.4317369037011325,15.275348062309918,174be7f32dd5bd9e364a40660c78a69311d1e3c8399b5fdb673b903230d43721,timestamped_live_quote,FBS vs FBS
2026-10-08T12:44:59Z,e2a6fcdae461277e7cc041ff631d1b0c,2026-10-10T19:30:00Z,Toledo Rockets,Buffalo Bulls,betrivers,BetRivers,2026-10-08T12:44:44Z,2026-10-08T12:44:44Z,Buffalo Bulls,21.0,-114.0,2026,2026-10-08T12:44:59Z,1650,8.343611158608786,-4.4317369037011325,15.275348062309918,174be7f32dd5bd9e364a40660c78a69311d1e3c8399b5fdb673b903230d43721,timestamped_live_quote,FBS vs FBS
2026-10-08T12:44:59Z,e2a6fcdae461277e7cc041ff631d1b0c,2026-10-10T19:30:00Z,Toledo Rockets,Buffalo Bulls,betrivers,BetRivers,2026-10-08T12:44:44Z,2026-10-08T12:44:44Z,Toledo Rockets,-21.0,-109.0,2026,2026-10-08T12:44:59Z,1650,8.343611158608786,-4.4317369037011325,15.275348062309918,174be7f32dd5bd9e364a40660c78a69311d1e3c8399b5fdb673b903230d43721,timestamped_live_quote,FBS vs FBS
2026-10-08T12:44:59Z,e2a6fcdae461277e7cc041ff631d1b0c,2026-10-10T19:30:00Z,Toledo Rockets,Buffalo Bulls,betmgm,BetMGM,2026-10-08T12:44:43Z,2026-10-08T12:44:43Z,Buffalo Bulls,21.5,-110.0,2026,2026-10-08T12:44:59Z,1650,8.343611158608786,-4.4317369037011325,15.275348062309918,174be7f32dd5bd9e364a40660c78a69311d1e3c8399b5fdb673b903230d43721,timestamped_live_quote,FBS vs FBS
2026-10-08T12:44:59Z,e2a6fcdae461277e7cc041ff631d1b0c,2026-10-10T19:30:00Z,Toledo Rockets,Buffalo Bulls,betmgm,BetMGM,2026-10-08T12:44:43Z,2026-10-08T12:44:43Z,Toledo Rockets,-21.5,-108.0,2026,2026-10-08T12:44:59Z,1650,8.343611158608786,-4.4317369037011325,15.275348062309918,174be7f32dd5bd9e364a40660c78a69311d1e3c8399b5fdb673b903230d43721,timestamped_live_quote,FBS vs FBS
2026-10-08T12:44:59Z,e2a6fcdae461277e7cc041ff631d1b0c,2026-10-10T19:30:00Z,Toledo Rockets,Buffalo Bulls,mybookieag,MyBookie.ag,2026-10-08T12:44:42Z,2026-10-08T12:44:42Z,Buffalo Bulls,21.0,-110.0,2026,2026-10-08T12:44:59Z,1650,8.343611158608786,-4.4317369037011325,15.275348062309918,174be7f32dd5bd9e364a40660c78a69311d1e3c8399b5fdb673b903230d43721,timestamped_live_quote,FBS vs FBS
2026-10-08T12:44:59Z,e2a6fcdae461277e7cc041ff631d1b0c,2026-10-10T19:30:00Z,Toledo Rockets,Buffalo Bulls,mybookieag,MyBookie.ag,2026-10-08T12:44:42Z,2026-10-08T12:44:42Z,Toledo Rockets,-21.0,-110.0,2026,2026-10-08T12:44:59Z,1650,8.343611158608786,-4.4317369037011325,15.275348062309918,174be7f32dd5bd9e364a40660c78a69311d1e3c8399b5fdb673b903230d43721,timestamped_live_quote,FBS vs FBS
2026-10-08T12:44:59Z,e2a6fcdae461277e7cc041ff631d1b0c,2026-10-10T19:30:00Z,Toledo Rockets,Buffalo Bulls,bovada,Bovada,2026-10-08T12:44:12Z,2026-10-08T12:44:12Z,Buffalo Bulls,21.0,-110.0,2026,2026-10-08T12:44:59Z,1650,8.343611158608786,-4.4317369037011325,15.275348062309918,174be7f32dd5bd9e364a40660c78a69311d1e3c8399b5fdb673b903230d43721,timestamped_live_quote,FBS vs FBS
2026-10-08T12:44:59Z,e2a6fcdae461277e7cc041ff631d1b0c,2026-10-10T19:30:00Z,Toledo Rockets,Buffalo Bulls,bovada,Bovada,2026-10-08T12:44:12Z,2026-10-08T12:44:12Z,Toledo Rockets,-21.0,-110.0,2026,2026-10-08T12:44:59Z,1650,8.343611158608786,-4.4317369037011325,15.275348062309918,174be7f32dd5bd9e364a40660c78a69311d1e3c8399b5fdb673b903230d43721,timestamped_live_quote,FBS vs FBS
2026-10-08T12:44:59Z,e2a6fcdae461277e7cc041ff631d1b0c,2026-10-10T19:30:00Z,Toledo Rockets,Buffalo Bulls,betus,BetUS,2026-10-08T12:44:13Z,2026-10-08T12:44:13Z,Buffalo Bulls,21.0,-110.0,2026,2026-10-08T12:44:59Z,1650,8.343611158608786,-4.4317369037011325,15.275348062309918,174be7f32dd5bd9e364a40660c78a69311d1e3c8399b5fdb673b903230d43721,timestamped_live_quote,FBS vs FBS
2026-10-08T12:44:59Z,e2a6fcdae461277e7cc041ff631d1b0c,2026-10-10T19:30:00Z,Toledo Rockets,Buffalo Bulls,betus,BetUS,2026-10-08T12:44:13Z,2026-10-08T12:44:13Z,Toledo Rockets,-21.0,-110.0,2026,2026-10-08T12:44:59Z,1650,8.343611158608786,-4.4317369037011325,15.275348062309918,174be7f32dd5bd9e364a40660c78a69311d1e3c8399b5fdb673b903230d43721,timestamped_live_quote,FBS vs FBS
2026-10-08T12:44:59Z,9f633922d2cc5fa338aa22d1fcb83099,2026-10-10T19:30:00Z,California Golden Bears,Virginia Tech Hokies,fanduel,FanDuel,2026-10-08T12:44:35Z,2026-10-08T12:44:33Z,California Golden Bears,9.5,-105.0,2026,2026-10-08T12:44:59Z,1650,0.9290080699567085,10.989441439351777,-7.560433369395069,174be7f32dd5bd9e364a40660c78a69311d1e3c8399b5fdb673b903230d43721,timestamped_live_quote,FBS vs FBS
2026-10-08T12:44:59Z,9f633922d2cc5fa338aa22d1fcb83099,2026-10-10T19:30:00Z,California Golden Bears,Virginia Tech Hokies,fanduel,FanDuel,2026-10-08T12:44:35Z,2026-10-08T12:44:33Z,Virginia Tech Hokies,-9.5,-115.0,2026,2026-10-08T12:44:59Z,1650,0.9290080699567085,10.989441439351777,-7.560433369395069,174be7f32dd5bd9e364a40660c78a69311d1e3c8399b5fdb673b903230d43721,timestamped_live_quote,FBS vs FBS
2026-10-08T12:44:59Z,9f633922d2cc5fa338aa22d1fcb83099,2026-10-10T19:30:00Z,California Golden Bears,Virginia Tech Hokies,betrivers,BetRivers,2026-10-08T12:44:44Z,2026-10-08T12:44:44Z,California Golden Bears,10.0,-113.0,2026,2026-10-08T12:44:59Z,1650,0.9290080699567085,10.989441439351777,-7.560433369395069,174be7f32dd5bd9e364a40660c78a69311d1e3c8399b5fdb673b903230d43721,timestamped_live_quote,FBS vs FBS
2026-10-08T12:44:59Z,9f633922d2cc5fa338aa22d1fcb83099,2026-10-10T19:30:00Z,California Golden Bears,Virginia Tech Hokies,betrivers,BetRivers,2026-10-08T12:44:44Z,2026-10-08T12:44:44Z,Virginia Tech Hokies,-10.0,-110.0,2026,2026-10-08T12:44:59Z,1650,0.9290080699567085,10.989441439351777,-7.560433369395069,174be7f32dd5bd9e364a40660c78a69311d1e3c8399b5fdb673b903230d43721,timestamped_live_quote,FBS vs FBS
2026-10-08T12:44:59Z,9f633922d2cc5fa338aa22d1fcb83099,2026-10-10T19:30:00Z,California Golden Bears,Virginia Tech Hokies,betmgm,BetMGM,2026-10-08T12:44:43Z,2026-10-08T12:44:43Z,California Golden Bears,10.0,-108.0,2026,2026-10-08T12:44:59Z,1650,0.9290080699567085,10.989441439351777,-7.560433369395069,174be7f32dd5bd9e364a40660c78a69311d1e3c8399b5fdb673b903230d43721,timestamped_live_quote,FBS vs FBS
2026-10-08T12:44:59Z,9f633922d2cc5fa338aa22d1fcb83099,2026-10-10T19:30:00Z,California Golden Bears,Virginia Tech Hokies,betmgm,BetMGM,2026-10-08T12:44:43Z,2026-10-08T12:44:43Z,Virginia Tech Hokies,-10.0,-110.0,2026,2026-10-08T12:44:59Z,1650,0.9290080699567085,10.989441439351777,-7.560433369395069,174be7f32dd5bd9e364a40660c78a69311d1e3c8399b5fdb673b903230d43721,timestamped_live_quote,FBS vs FBS
2026-10-08T12:44:59Z,9f633922d2cc5fa338aa22d1fcb83099,2026-10-10T19:30:00Z,California Golden Bears,Virginia Tech Hokies,draftkings,DraftKings,2026-10-08T12:44:42Z,2026-10-08T12:44:41Z,California Golden Bears,10.0,-110.0,2026,2026-10-08T12:44:59Z,1650,0.9290080699567085,10.989441439351777,-7.560433369395069,174be7f32dd5bd9e364a40660c78a69311d1e3c8399b5fdb673b903230d43721,timestamped_live_quote,FBS vs FBS
2026-10-08T12:44:59Z,9f633922d2cc5fa338aa22d1fcb83099,2026-10-10T19:30:00Z,California Golden Bears,Virginia Tech Hokies,draftkings,DraftKings,2026-10-08T12:44:42Z,2026-10-08T12:44:41Z,Virginia Tech Hokies,-10.0,-110.0,2026,2026-10-08T12:44:59Z,1650,0.9290080699567085,10.989441439351777,-7.560433369395069,174be7f32dd5bd9e364a40660c78a69311d1e3c8399b5fdb673b903230d43721,timestamped_live_quote,FBS vs FBS
2026-10-08T12:44:59Z,9f633922d2cc5fa338aa22d1fcb83099,2026-10-10T19:30:00Z,California Golden Bears,Virginia Tech Hokies,lowvig,LowVig.ag,2026-10-08T12:44:10Z,2026-10-08T12:44:10Z,California Golden Bears,9.5,106.0,2026,2026-10-08T12:44:59Z,1650,0.9290080699567085,10.989441439351777,-7.560433369395069,174be7f32dd5bd9e364a40660c78a69311d1e3c8399b5fdb673b903230d43721,timestamped_live_quote,FBS vs FBS
2026-10-08T12:44:59Z,9f633922d2cc5fa338aa22d1fcb83099,2026-10-10T19:30:00Z,California Golden Bears,Virginia Tech Hokies,lowvig,LowVig.ag,2026-10-08T12:44:10Z,2026-10-08T12:44:10Z,Virginia Tech Hokies,-9.5,-118.0,2026,2026-10-08T12:44:59Z,1650,0.9290080699567085,10.989441439351777,-7.560433369395069,174be7f32dd5bd9e364a40660c78a69311d1e3c8399b5fdb673b903230d43721,timestamped_live_quote,FBS vs FBS
2026-10-08T12:44:59Z,9f633922d2cc5fa338aa22d1fcb83099,2026-10-10T19:30:00Z,California Golden Bears,Virginia Tech Hokies,betonlineag,BetOnline.ag,2026-10-08T12:44:24Z,2026-10-08T12:44:24Z,California Golden Bears,9.5,102.0,2026,2026-10-08T12:44:59Z,1650,0.9290080699567085,10.989441439351777,-7.560433369395069,174be7f32dd5bd9e364a40660c78a69311d1e3c8399b5fdb673b903230d43721,timestamped_live_quote,FBS vs FBS
2026-10-08T12:44:59Z,9f633922d2cc5fa338aa22d1fcb83099,2026-10-10T19:30:00Z,California Golden Bears,Virginia Tech Hokies,betonlineag,BetOnline.ag,2026-10-08T12:44:24Z,2026-10-08T12:44:24Z,Virginia Tech Hokies,-9.5,-122.0,2026,2026-10-08T12:44:59Z,1650,0.9290080699567085,10.989441439351777,-7.560433369395069,174be7f32dd5bd9e364a40660c78a69311d1e3c8399b5fdb673b903230d43721,timestamped_live_quote,FBS vs FBS
2026-10-08T12:44:59Z,9f633922d2cc5fa338aa22d1fcb83099,2026-10-10T19:30:00Z,California Golden Bears,Virginia Tech Hokies,mybookieag,MyBookie.ag,2026-10-08T12:44:42Z,2026-10-08T12:44:42Z,California Golden Bears,10.0,-110.0,2026,2026-10-08T12:44:59Z,1650,0.9290080699567085,10.989441439351777,-7.560433369395069,174be7f32dd5bd9e364a40660c78a69311d1e3c8399b5fdb673b903230d43721,timestamped_live_quote,FBS vs FBS
2026-10-08T12:44:59Z,9f633922d2cc5fa338aa22d1fcb83099,2026-10-10T19:30:00Z,California Golden Bears,Virginia Tech Hokies,mybookieag,MyBookie.ag,2026-10-08T12:44:42Z,2026-10-08T12:44:42Z,Virginia Tech Hokies,-10.0,-110.0,2026,2026-10-08T12:44:59Z,1650,0.9290080699567085,10.989441439351777,-7.560433369395069,174be7f32dd5bd9e364a40660c78a69311d1e3c8399b5fdb673b903230d43721,timestamped_live_quote,FBS vs FBS
2026-10-08T12:44:59Z,9f633922d2cc5fa338aa22d1fcb83099,2026-10-10T19:30:00Z,California Golden Bears,Virginia Tech Hokies,betus,BetUS,2026-10-08T12:44:13Z,2026-10-08T12:44:13Z,California Golden Bears,9.5,100.0,2026,2026-10-08T12:44:59Z,1650,0.9290080699567085,10.989441439351777,-7.560433369395069,174be7f32dd5bd9e364a40660c78a69311d1e3c8399b5fdb673b903230d43721,timestamped_live_quote,FBS vs FBS
2026-10-08T12:44:59Z,9f633922d2cc5fa338aa22d1fcb83099,2026-10-10T19:30:00Z,California Golden Bears,Virginia Tech Hokies,betus,BetUS,2026-10-08T12:44:13Z,2026-10-08T12:44:13Z,Virginia Tech Hokies,-9.5,-120.0,2026,2026-10-08T12:44:59Z,1650,0.9290080699567085,10.989441439351777,-7.560433369395069,174be7f32dd5bd9e364a40660c78a69311d1e3c8399b5fdb673b903230d43721,timestamped_live_quote,FBS vs FBS
2026-10-08T12:44:59Z,9f633922d2cc5fa338aa22d1fcb83099,2026-10-10T19:30:00Z,California Golden Bears,Virginia Tech Hokies,bovada,Bovada,2026-10-08T12:44:12Z,2026-10-08T12:44:12Z,California Golden Bears,10.0,-110.0,2026,2026-10-08T12:44:59Z,1650,0.9290080699567085,10.989441439351777,-7.560433369395069,174be7f32dd5bd9e364a40660c78a69311d1e3c8399b5fdb673b903230d43721,timestamped_live_quote,FBS vs FBS
2026-10-08T12:44:59Z,9f633922d2cc5fa338aa22d1fcb83099,2026-10-10T19:30:00Z,California Golden Bears,Virginia Tech Hokies,bovada,Bovada,2026-10-08T12:44:12Z,2026-10-08T12:44:12Z,Virginia Tech Hokies,-10.0,-110.0,2026,2026-10-08T12:44:59Z,1650,0.9290080699567085,10.989441439351777,-7.560433369395069,174be7f32dd5bd9e364a40660c78a69311d1e3c8399b5fdb673b903230d43721,timestamped_live_quote,FBS vs FBS
2026-10-08T12:44:59Z,6c0ea3fe653989dd0d695482738232c3,2026-10-10T19:30:00Z,Ohio Bobcats,Central Michigan Chippewas,draftkings,DraftKings,2026-10-08T12:44:42Z,2026-10-08T12:44:41Z,Central Michigan Chippewas,3.0,-112.0,2026,2026-10-08T12:44:59Z,1650,1.0622815870389013,-1.1816035088751053,4.743885095914006,174be7f32dd5bd9e364a40660c78a69311d1e3c8399b5fdb673b903230d43721,timestamped_live_quote,FBS vs FBS
2026-10-08T12:44:59Z,6c0ea3fe653989dd0d695482738232c3,2026-10-10T19:30:00Z,Ohio Bobcats,Central Michigan Chippewas,draftkings,DraftKings,2026-10-08T12:44:42Z,2026-10-08T12:44:41Z,Ohio Bobcats,-3.0,-108.0,2026,2026-10-08T12:44:59Z,1650,1.0622815870389013,-1.1816035088751053,4.743885095914006,174be7f32dd5bd9e364a40660c78a69311d1e3c8399b5fdb673b903230d43721,timestamped_live_quote,FBS vs FBS
2026-10-08T12:44:59Z,6c0ea3fe653989dd0d695482738232c3,2026-10-10T19:30:00Z,Ohio Bobcats,Central Michigan Chippewas,fanduel,FanDuel,2026-10-08T12:44:35Z,2026-10-08T12:44:33Z,Central Michigan Chippewas,2.5,100.0,2026,2026-10-08T12:44:59Z,1650,1.0622815870389013,-1.1816035088751053,4.743885095914006,174be7f32dd5bd9e364a40660c78a69311d1e3c8399b5fdb673b903230d43721,timestamped_live_quote,FBS vs FBS
2026-10-08T12:44:59Z,6c0ea3fe653989dd0d695482738232c3,2026-10-10T19:30:00Z,Ohio Bobcats,Central Michigan Chippewas,fanduel,FanDuel,2026-10-08T12:44:35Z,2026-10-08T12:44:33Z,Ohio Bobcats,-2.5,-122.0,2026,2026-10-08T12:44:59Z,1650,1.0622815870389013,-1.1816035088751053,4.743885095914006,174be7f32dd5bd9e364a40660c78a69311d1e3c8399b5fdb673b903230d43721,timestamped_live_quote,FBS vs FBS
2026-10-08T12:44:59Z,6c0ea3fe653989dd0d695482738232c3,2026-10-10T19:30:00Z,Ohio Bobcats,Central Michigan Chippewas,lowvig,LowVig.ag,2026-10-08T12:44:10Z,2026-10-08T12:44:10Z,Central Michigan Chippewas,3.0,-108.0,2026,2026-10-08T12:44:59Z,1650,1.0622815870389013,-1.1816035088751053,4.743885095914006,174be7f32dd5bd9e364a40660c78a69311d1e3c8399b5fdb673b903230d43721,timestamped_live_quote,FBS vs FBS
2026-10-08T12:44:59Z,6c0ea3fe653989dd0d695482738232c3,2026-10-10T19:30:00Z,Ohio Bobcats,Central Michigan Chippewas,lowvig,LowVig.ag,2026-10-08T12:44:10Z,2026-10-08T12:44:10Z,Ohio Bobcats,-3.0,-104.0,2026,2026-10-08T12:44:59Z,1650,1.0622815870389013,-1.1816035088751053,4.743885095914006,174be7f32dd5bd9e364a40660c78a69311d1e3c8399b5fdb673b903230d43721,timestamped_live_quote,FBS vs FBS
2026-10-08T12:44:59Z,6c0ea3fe653989dd0d695482738232c3,2026-10-10T19:30:00Z,Ohio Bobcats,Central Michigan Chippewas,betonlineag,BetOnline.ag,2026-10-08T12:44:24Z,2026-10-08T12:44:24Z,Central Michigan Chippewas,3.0,-110.0,2026,2026-10-08T12:44:59Z,1650,1.0622815870389013,-1.1816035088751053,4.743885095914006,174be7f32dd5bd9e364a40660c78a69311d1e3c8399b5fdb673b903230d43721,timestamped_live_quote,FBS vs FBS
2026-10-08T12:44:59Z,6c0ea3fe653989dd0d695482738232c3,2026-10-10T19:30:00Z,Ohio Bobcats,Central Michigan Chippewas,betonlineag,BetOnline.ag,2026-10-08T12:44:24Z,2026-10-08T12:44:24Z,Ohio Bobcats,-3.0,-110.0,2026,2026-10-08T12:44:59Z,1650,1.0622815870389013,-1.1816035088751053,4.743885095914006,174be7f32dd5bd9e364a40660c78a69311d1e3c8399b5fdb673b903230d43721,timestamped_live_quote,FBS vs FBS
2026-10-08T12:44:59Z,6c0ea3fe653989dd0d695482738232c3,2026-10-10T19:30:00Z,Ohio Bobcats,Central Michigan Chippewas,betrivers,BetRivers,2026-10-08T12:44:44Z,2026-10-08T12:44:44Z,Central Michigan Chippewas,3.0,-115.0,2026,2026-10-08T12:44:59Z,1650,1.0622815870389013,-1.1816035088751053,4.743885095914006,174be7f32dd5bd9e364a40660c78a69311d1e3c8399b5fdb673b903230d43721,timestamped_live_quote,FBS vs FBS
2026-10-08T12:44:59Z,6c0ea3fe653989dd0d695482738232c3,2026-10-10T19:30:00Z,Ohio Bobcats,Central Michigan Chippewas,betrivers,BetRivers,2026-10-08T12:44:44Z,2026-10-08T12:44:44Z,Ohio Bobcats,-3.0,-108.0,2026,2026-10-08T12:44:59Z,1650,1.0622815870389013,-1.1816035088751053,4.743885095914006,174be7f32dd5bd9e364a40660c78a69311d1e3c8399b5fdb673b903230d43721,timestamped_live_quote,FBS vs FBS
2026-10-08T12:44:59Z,6c0ea3fe653989dd0d695482738232c3,2026-10-10T19:30:00Z,Ohio Bobcats,Central Michigan Chippewas,betmgm,BetMGM,2026-10-08T12:44:43Z,2026-10-08T12:44:43Z,Central Michigan Chippewas,2.5,-105.0,2026,2026-10-08T12:44:59Z,1650,1.0622815870389013,-1.1816035088751053,4.743885095914006,174be7f32dd5bd9e364a40660c78a69311d1e3c8399b5fdb673b903230d43721,timestamped_live_quote,FBS vs FBS
2026-10-08T12:44:59Z,6c0ea3fe653989dd0d695482738232c3,2026-10-10T19:30:00Z,Ohio Bobcats,Central Michigan Chippewas,betmgm,BetMGM,2026-10-08T12:44:43Z,2026-10-08T12:44:43Z,Ohio Bobcats,-2.5,-115.0,2026,2026-10-08T12:44:59Z,1650,1.0622815870389013,-1.1816035088751053,4.743885095914006,174be7f32dd5bd9e364a40660c78a69311d1e3c8399b5fdb673b903230d43721,timestamped_live_quote,FBS vs FBS
2026-10-08T12:44:59Z,6c0ea3fe653989dd0d695482738232c3,2026-10-10T19:30:00Z,Ohio Bobcats,Central Michigan Chippewas,mybookieag,MyBookie.ag,2026-10-08T12:44:42Z,2026-10-08T12:44:42Z,Central Michigan Chippewas,3.0,-110.0,2026,2026-10-08T12:44:59Z,1650,1.0622815870389013,-1.1816035088751053,4.743885095914006,174be7f32dd5bd9e364a40660c78a69311d1e3c8399b5fdb673b903230d43721,timestamped_live_quote,FBS vs FBS
2026-10-08T12:44:59Z,6c0ea3fe653989dd0d695482738232c3,2026-10-10T19:30:00Z,Ohio Bobcats,Central Michigan Chippewas,mybookieag,MyBookie.ag,2026-10-08T12:44:42Z,2026-10-08T12:44:42Z,Ohio Bobcats,-3.0,-110.0,2026,2026-10-08T12:44:59Z,1650,1.0622815870389013,-1.1816035088751053,4.743885095914006,174be7f32dd5bd9e364a40660c78a69311d1e3c8399b5fdb673b903230d43721,timestamped_live_quote,FBS vs FBS
2026-10-08T12:44:59Z,6c0ea3fe653989dd0d695482738232c3,2026-10-10T19:30:00Z,Ohio Bobcats,Central Michigan Chippewas,bovada,Bovada,2026-10-08T12:44:12Z,2026-10-08T12:44:12Z,Central Michigan Chippewas,3.0,-115.0,2026,2026-10-08T12:44:59Z,1650,1.0622815870389013,-1.1816035088751053,4.743885095914006,174be7f32dd5bd9e364a40660c78a69311d1e3c8399b5fdb673b903230d43721,timestamped_live_quote,FBS vs FBS
2026-10-08T12:44:59Z,6c0ea3fe653989dd0d695482738232c3,2026-10-10T19:30:00Z,Ohio Bobcats,Central Michigan Chippewas,bovada,Bovada,2026-10-08T12:44:12Z,2026-10-08T12:44:12Z,Ohio Bobcats,-3.0,-105.0,2026,2026-10-08T12:44:59Z,1650,1.0622815870389013,-1.1816035088751053,4.743885095914006,174be7f32dd5bd9e364a40660c78a69311d1e3c8399b5fdb673b903230d43721,timestamped_live_quote,FBS vs FBS
2026-10-08T12:44:59Z,6c0ea3fe653989dd0d695482738232c3,2026-10-10T19:30:00Z,Ohio Bobcats,Central Michigan Chippewas,betus,BetUS,2026-10-08T12:44:13Z,2026-10-08T12:44:13Z,Central Michigan Chippewas,3.0,-110.0,2026,2026-10-08T12:44:59Z,1650,1.0622815870389013,-1.1816035088751053,4.743885095914006,174be7f32dd5bd9e364a40660c78a69311d1e3c8399b5fdb673b903230d43721,timestamped_live_quote,FBS vs FBS
2026-10-08T12:44:59Z,6c0ea3fe653989dd0d695482738232c3,2026-10-10T19:30:00Z,Ohio Bobcats,Central Michigan Chippewas,betus,BetUS,2026-10-08T12:44:13Z,2026-10-08T12:44:13Z,Ohio Bobcats,-3.0,-110.0,2026,2026-10-08T12:44:59Z,1650,1.0622815870389013,-1.1816035088751053,4.743885095914006,174be7f32dd5bd9e364a40660c78a69311d1e3c8399b5fdb673b903230d43721,timestamped_live_quote,FBS vs FBS
2026-10-08T12:44:59Z,2168132b20b82bf78e08f1787b6f83cc,2026-10-10T19:30:00Z,North Texas Mean Green,Charlotte 49ers,draftkings,DraftKings,2026-10-08T12:44:42Z,2026-10-08T12:44:41Z,Charlotte 49ers,28.5,-108.0,2026,2026-10-08T12:44:59Z,1650,7.790316183627287,-11.046544555841582,21.336860739468868,174be7f32dd5bd9e364a40660c78a69311d1e3c8399b5fdb673b903230d43721,timestamped_live_quote,FBS vs FBS
2026-10-08T12:44:59Z,2168132b20b82bf78e08f1787b6f83cc,2026-10-10T19:30:00Z,North Texas Mean Green,Charlotte 49ers,draftkings,DraftKings,2026-10-08T12:44:42Z,2026-10-08T12:44:41Z,North Texas Mean Green,-28.5,-112.0,2026,2026-10-08T12:44:59Z,1650,7.790316183627287,-11.046544555841582,21.336860739468868,174be7f32dd5bd9e364a40660c78a69311d1e3c8399b5fdb673b903230d43721,timestamped_live_quote,FBS vs FBS
2026-10-08T12:44:59Z,2168132b20b82bf78e08f1787b6f83cc,2026-10-10T19:30:00Z,North Texas Mean Green,Charlotte 49ers,fanduel,FanDuel,2026-10-08T12:44:35Z,2026-10-08T12:44:33Z,Charlotte 49ers,28.5,-114.0,2026,2026-10-08T12:44:59Z,1650,7.790316183627287,-11.046544555841582,21.336860739468868,174be7f32dd5bd9e364a40660c78a69311d1e3c8399b5fdb673b903230d43721,timestamped_live_quote,FBS vs FBS
2026-10-08T12:44:59Z,2168132b20b82bf78e08f1787b6f83cc,2026-10-10T19:30:00Z,North Texas Mean Green,Charlotte 49ers,fanduel,FanDuel,2026-10-08T12:44:35Z,2026-10-08T12:44:33Z,North Texas Mean Green,-28.5,-106.0,2026,2026-10-08T12:44:59Z,1650,7.790316183627287,-11.046544555841582,21.336860739468868,174be7f32dd5bd9e364a40660c78a69311d1e3c8399b5fdb673b903230d43721,timestamped_live_quote,FBS vs FBS
2026-10-08T12:44:59Z,2168132b20b82bf78e08f1787b6f83cc,2026-10-10T19:30:00Z,North Texas Mean Green,Charlotte 49ers,betonlineag,BetOnline.ag,2026-10-08T12:44:24Z,2026-10-08T12:44:24Z,Charlotte 49ers,28.5,-105.0,2026,2026-10-08T12:44:59Z,1650,7.790316183627287,-11.046544555841582,21.336860739468868,174be7f32dd5bd9e364a40660c78a69311d1e3c8399b5fdb673b903230d43721,timestamped_live_quote,FBS vs FBS
2026-10-08T12:44:59Z,2168132b20b82bf78e08f1787b6f83cc,2026-10-10T19:30:00Z,North Texas Mean Green,Charlotte 49ers,betonlineag,BetOnline.ag,2026-10-08T12:44:24Z,2026-10-08T12:44:24Z,North Texas Mean Green,-28.5,-115.0,2026,2026-10-08T12:44:59Z,1650,7.790316183627287,-11.046544555841582,21.336860739468868,174be7f32dd5bd9e364a40660c78a69311d1e3c8399b5fdb673b903230d43721,timestamped_live_quote,FBS vs FBS
2026-10-08T12:44:59Z,2168132b20b82bf78e08f1787b6f83cc,2026-10-10T19:30:00Z,North Texas Mean Green,Charlotte 49ers,lowvig,LowVig.ag,2026-10-08T12:44:10Z,2026-10-08T12:44:10Z,Charlotte 49ers,28.5,-101.0,2026,2026-10-08T12:44:59Z,1650,7.790316183627287,-11.046544555841582,21.336860739468868,174be7f32dd5bd9e364a40660c78a69311d1e3c8399b5fdb673b903230d43721,timestamped_live_quote,FBS vs FBS
2026-10-08T12:44:59Z,2168132b20b82bf78e08f1787b6f83cc,2026-10-10T19:30:00Z,North Texas Mean Green,Charlotte 49ers,lowvig,LowVig.ag,2026-10-08T12:44:10Z,2026-10-08T12:44:10Z,North Texas Mean Green,-28.5,-111.0,2026,2026-10-08T12:44:59Z,1650,7.790316183627287,-11.046544555841582,21.336860739468868,174be7f32dd5bd9e364a40660c78a69311d1e3c8399b5fdb673b903230d43721,timestamped_live_quote,FBS vs FBS
2026-10-08T12:44:59Z,2168132b20b82bf78e08f1787b6f83cc,2026-10-10T19:30:00Z,North Texas Mean Green,Charlotte 49ers,betrivers,BetRivers,2026-10-08T12:44:44Z,2026-10-08T12:44:44Z,Charlotte 49ers,28.5,-115.0,2026,2026-10-08T12:44:59Z,1650,7.790316183627287,-11.046544555841582,21.336860739468868,174be7f32dd5bd9e364a40660c78a69311d1e3c8399b5fdb673b903230d43721,timestamped_live_quote,FBS vs FBS
2026-10-08T12:44:59Z,2168132b20b82bf78e08f1787b6f83cc,2026-10-10T19:30:00Z,North Texas Mean Green,Charlotte 49ers,betrivers,BetRivers,2026-10-08T12:44:44Z,2026-10-08T12:44:44Z,North Texas Mean Green,-28.5,-108.0,2026,2026-10-08T12:44:59Z,1650,7.790316183627287,-11.046544555841582,21.336860739468868,174be7f32dd5bd9e364a40660c78a69311d1e3c8399b5fdb673b903230d43721,timestamped_live_quote,FBS vs FBS
2026-10-08T12:44:59Z,2168132b20b82bf78e08f1787b6f83cc,2026-10-10T19:30:00Z,North Texas Mean Green,Charlotte 49ers,betmgm,BetMGM,2026-10-08T12:44:43Z,2026-10-08T12:44:43Z,Charlotte 49ers,29.0,-110.0,2026,2026-10-08T12:44:59Z,1650,7.790316183627287,-11.046544555841582,21.336860739468868,174be7f32dd5bd9e364a40660c78a69311d1e3c8399b5fdb673b903230d43721,timestamped_live_quote,FBS vs FBS
2026-10-08T12:44:59Z,2168132b20b82bf78e08f1787b6f83cc,2026-10-10T19:30:00Z,North Texas Mean Green,Charlotte 49ers,betmgm,BetMGM,2026-10-08T12:44:43Z,2026-10-08T12:44:43Z,North Texas Mean Green,-29.0,-108.0,2026,2026-10-08T12:44:59Z,1650,7.790316183627287,-11.046544555841582,21.336860739468868,174be7f32dd5bd9e364a40660c78a69311d1e3c8399b5fdb673b903230d43721,timestamped_live_quote,FBS vs FBS
2026-10-08T12:44:59Z,2168132b20b82bf78e08f1787b6f83cc,2026-10-10T19:30:00Z,North Texas Mean Green,Charlotte 49ers,mybookieag,MyBookie.ag,2026-10-08T12:44:42Z,2026-10-08T12:44:42Z,Charlotte 49ers,28.5,-110.0,2026,2026-10-08T12:44:59Z,1650,7.790316183627287,-11.046544555841582,21.336860739468868,174be7f32dd5bd9e364a40660c78a69311d1e3c8399b5fdb673b903230d43721,timestamped_live_quote,FBS vs FBS
2026-10-08T12:44:59Z,2168132b20b82bf78e08f1787b6f83cc,2026-10-10T19:30:00Z,North Texas Mean Green,Charlotte 49ers,mybookieag,MyBookie.ag,2026-10-08T12:44:42Z,2026-10-08T12:44:42Z,North Texas Mean Green,-28.5,-110.0,2026,2026-10-08T12:44:59Z,1650,7.790316183627287,-11.046544555841582,21.336860739468868,174be7f32dd5bd9e364a40660c78a69311d1e3c8399b5fdb673b903230d43721,timestamped_live_quote,FBS vs FBS
2026-10-08T12:44:59Z,2168132b20b82bf78e08f1787b6f83cc,2026-10-10T19:30:00Z,North Texas Mean Green,Charlotte 49ers,betus,BetUS,2026-10-08T12:44:13Z,2026-10-08T12:44:13Z,Charlotte 49ers,28.5,-105.0,2026,2026-10-08T12:44:59Z,1650,7.790316183627287,-11.046544555841582,21.336860739468868,174be7f32dd5bd9e364a40660c78a69311d1e3c8399b5fdb673b903230d43721,timestamped_live_quote,FBS vs FBS
2026-10-08T12:44:59Z,2168132b20b82bf78e08f1787b6f83cc,2026-10-10T19:30:00Z,North Texas Mean Green,Charlotte 49ers,betus,BetUS,2026-10-08T12:44:13Z,2026-10-08T12:44:13Z,North Texas Mean Green,-28.5,-115.0,2026,2026-10-08T12:44:59Z,1650,7.790316183627287,-11.046544555841582,21.336860739468868,174be7f32dd5bd9e364a40660c78a69311d1e3c8399b5fdb673b903230d43721,timestamped_live_quote,FBS vs FBS
2026-10-08T12:44:59Z,2168132b20b82bf78e08f1787b6f83cc,2026-10-10T19:30:00Z,North Texas Mean Green,Charlotte 49ers,bovada,Bovada,2026-10-08T12:44:12Z,2026-10-08T12:44:12Z,Charlotte 49ers,28.0,100.0,2026,2026-10-08T12:44:59Z,1650,7.790316183627287,-11.046544555841582,21.336860739468868,174be7f32dd5bd9e364a40660c78a69311d1e3c8399b5fdb673b903230d43721,timestamped_live_quote,FBS vs FBS
2026-10-08T12:44:59Z,2168132b20b82bf78e08f1787b6f83cc,2026-10-10T19:30:00Z,North Texas Mean Green,Charlotte 49ers,bovada,Bovada,2026-10-08T12:44:12Z,2026-10-08T12:44:12Z,North Texas Mean Green,-28.0,-120.0,2026,2026-10-08T12:44:59Z,1650,7.790316183627287,-11.046544555841582,21.336860739468868,174be7f32dd5bd9e364a40660c78a69311d1e3c8399b5fdb673b903230d43721,timestamped_live_quote,FBS vs FBS
2026-10-08T12:44:59Z,43457c08aa50a7e0038aa06eb3437680,2026-10-10T19:30:00Z,Georgia Tech Yellow Jackets,Duke Blue Devils,fanduel,FanDuel,2026-10-08T12:44:35Z,2026-10-08T12:44:32Z,Duke Blue Devils,-6.5,-122.0,2026,2026-10-08T12:44:59Z,1650,1.450123288695333,10.032325094419045,-6.082201805723713,174be7f32dd5bd9e364a40660c78a69311d1e3c8399b5fdb673b903230d43721,timestamped_live_quote,FBS vs FBS
2026-10-08T12:44:59Z,43457c08aa50a7e0038aa06eb3437680,2026-10-10T19:30:00Z,Georgia Tech Yellow Jackets,Duke Blue Devils,fanduel,FanDuel,2026-10-08T12:44:35Z,2026-10-08T12:44:32Z,Georgia Tech Yellow Jackets,6.5,100.0,2026,2026-10-08T12:44:59Z,1650,1.450123288695333,10.032325094419045,-6.082201805723713,174be7f32dd5bd9e364a40660c78a69311d1e3c8399b5fdb673b903230d43721,timestamped_live_quote,FBS vs FBS
2026-10-08T12:44:59Z,43457c08aa50a7e0038aa06eb3437680,2026-10-10T19:30:00Z,Georgia Tech Yellow Jackets,Duke Blue Devils,betrivers,BetRivers,2026-10-08T12:44:44Z,2026-10-08T12:44:44Z,Duke Blue Devils,-6.5,-117.0,2026,2026-10-08T12:44:59Z,1650,1.450123288695333,10.032325094419045,-6.082201805723713,174be7f32dd5bd9e364a40660c78a69311d1e3c8399b5fdb673b903230d43721,timestamped_live_quote,FBS vs FBS
2026-10-08T12:44:59Z,43457c08aa50a7e0038aa06eb3437680,2026-10-10T19:30:00Z,Georgia Tech Yellow Jackets,Duke Blue Devils,betrivers,BetRivers,2026-10-08T12:44:44Z,2026-10-08T12:44:44Z,Georgia Tech Yellow Jackets,6.5,-107.0,2026,2026-10-08T12:44:59Z,1650,1.450123288695333,10.032325094419045,-6.082201805723713,174be7f32dd5bd9e364a40660c78a69311d1e3c8399b5fdb673b903230d43721,timestamped_live_quote,FBS vs FBS
2026-10-08T12:44:59Z,43457c08aa50a7e0038aa06eb3437680,2026-10-10T19:30:00Z,Georgia Tech Yellow Jackets,Duke Blue Devils,betmgm,BetMGM,2026-10-08T12:44:43Z,2026-10-08T12:44:43Z,Duke Blue Devils,-6.5,-115.0,2026,2026-10-08T12:44:59Z,1650,1.450123288695333,10.032325094419045,-6.082201805723713,174be7f32dd5bd9e364a40660c78a69311d1e3c8399b5fdb673b903230d43721,timestamped_live_quote,FBS vs FBS
2026-10-08T12:44:59Z,43457c08aa50a7e0038aa06eb3437680,2026-10-10T19:30:00Z,Georgia Tech Yellow Jackets,Duke Blue Devils,betmgm,BetMGM,2026-10-08T12:44:43Z,2026-10-08T12:44:43Z,Georgia Tech Yellow Jackets,6.5,-105.0,2026,2026-10-08T12:44:59Z,1650,1.450123288695333,10.032325094419045,-6.082201805723713,174be7f32dd5bd9e364a40660c78a69311d1e3c8399b5fdb673b903230d43721,timestamped_live_quote,FBS vs FBS
2026-10-08T12:44:59Z,43457c08aa50a7e0038aa06eb3437680,2026-10-10T19:30:00Z,Georgia Tech Yellow Jackets,Duke Blue Devils,draftkings,DraftKings,2026-10-08T12:44:42Z,2026-10-08T12:44:41Z,Duke Blue Devils,-6.5,-115.0,2026,2026-10-08T12:44:59Z,1650,1.450123288695333,10.032325094419045,-6.082201805723713,174be7f32dd5bd9e364a40660c78a69311d1e3c8399b5fdb673b903230d43721,timestamped_live_quote,FBS vs FBS
2026-10-08T12:44:59Z,43457c08aa50a7e0038aa06eb3437680,2026-10-10T19:30:00Z,Georgia Tech Yellow Jackets,Duke Blue Devils,draftkings,DraftKings,2026-10-08T12:44:42Z,2026-10-08T12:44:41Z,Georgia Tech Yellow Jackets,6.5,-105.0,2026,2026-10-08T12:44:59Z,1650,1.450123288695333,10.032325094419045,-6.082201805723713,174be7f32dd5bd9e364a40660c78a69311d1e3c8399b5fdb673b903230d43721,timestamped_live_quote,FBS vs FBS
2026-10-08T12:44:59Z,43457c08aa50a7e0038aa06eb3437680,2026-10-10T19:30:00Z,Georgia Tech Yellow Jackets,Duke Blue Devils,betonlineag,BetOnline.ag,2026-10-08T12:44:24Z,2026-10-08T12:44:24Z,Duke Blue Devils,-6.5,-116.0,2026,2026-10-08T12:44:59Z,1650,1.450123288695333,10.032325094419045,-6.082201805723713,174be7f32dd5bd9e364a40660c78a69311d1e3c8399b5fdb673b903230d43721,timestamped_live_quote,FBS vs FBS
2026-10-08T12:44:59Z,43457c08aa50a7e0038aa06eb3437680,2026-10-10T19:30:00Z,Georgia Tech Yellow Jackets,Duke Blue Devils,betonlineag,BetOnline.ag,2026-10-08T12:44:24Z,2026-10-08T12:44:24Z,Georgia Tech Yellow Jackets,6.5,-104.0,2026,2026-10-08T12:44:59Z,1650,1.450123288695333,10.032325094419045,-6.082201805723713,174be7f32dd5bd9e364a40660c78a69311d1e3c8399b5fdb673b903230d43721,timestamped_live_quote,FBS vs FBS
2026-10-08T12:44:59Z,43457c08aa50a7e0038aa06eb3437680,2026-10-10T19:30:00Z,Georgia Tech Yellow Jackets,Duke Blue Devils,lowvig,LowVig.ag,2026-10-08T12:44:10Z,2026-10-08T12:44:10Z,Duke Blue Devils,-6.5,-112.0,2026,2026-10-08T12:44:59Z,1650,1.450123288695333,10.032325094419045,-6.082201805723713,174be7f32dd5bd9e364a40660c78a69311d1e3c8399b5fdb673b903230d43721,timestamped_live_quote,FBS vs FBS
2026-10-08T12:44:59Z,43457c08aa50a7e0038aa06eb3437680,2026-10-10T19:30:00Z,Georgia Tech Yellow Jackets,Duke Blue Devils,lowvig,LowVig.ag,2026-10-08T12:44:10Z,2026-10-08T12:44:10Z,Georgia Tech Yellow Jackets,6.5,100.0,2026,2026-10-08T12:44:59Z,1650,1.450123288695333,10.032325094419045,-6.082201805723713,174be7f32dd5bd9e364a40660c78a69311d1e3c8399b5fdb673b903230d43721,timestamped_live_quote,FBS vs FBS
2026-10-08T12:44:59Z,43457c08aa50a7e0038aa06eb3437680,2026-10-10T19:30:00Z,Georgia Tech Yellow Jackets,Duke Blue Devils,mybookieag,MyBookie.ag,2026-10-08T12:44:42Z,2026-10-08T12:44:42Z,Duke Blue Devils,-7.0,-110.0,2026,2026-10-08T12:44:59Z,1650,1.450123288695333,10.032325094419045,-6.082201805723713,174be7f32dd5bd9e364a40660c78a69311d1e3c8399b5fdb673b903230d43721,timestamped_live_quote,FBS vs FBS
2026-10-08T12:44:59Z,43457c08aa50a7e0038aa06eb3437680,2026-10-10T19:30:00Z,Georgia Tech Yellow Jackets,Duke Blue Devils,mybookieag,MyBookie.ag,2026-10-08T12:44:42Z,2026-10-08T12:44:42Z,Georgia Tech Yellow Jackets,7.0,-110.0,2026,2026-10-08T12:44:59Z,1650,1.450123288695333,10.032325094419045,-6.082201805723713,174be7f32dd5bd9e364a40660c78a69311d1e3c8399b5fdb673b903230d43721,timestamped_live_quote,FBS vs FBS
2026-10-08T12:44:59Z,43457c08aa50a7e0038aa06eb3437680,2026-10-10T19:30:00Z,Georgia Tech Yellow Jackets,Duke Blue Devils,bovada,Bovada,2026-10-08T12:44:12Z,2026-10-08T12:44:12Z,Duke Blue Devils,-6.5,-115.0,2026,2026-10-08T12:44:59Z,1650,1.450123288695333,10.032325094419045,-6.082201805723713,174be7f32dd5bd9e364a40660c78a69311d1e3c8399b5fdb673b903230d43721,timestamped_live_quote,FBS vs FBS
2026-10-08T12:44:59Z,43457c08aa50a7e0038aa06eb3437680,2026-10-10T19:30:00Z,Georgia Tech Yellow Jackets,Duke Blue Devils,bovada,Bovada,2026-10-08T12:44:12Z,2026-10-08T12:44:12Z,Georgia Tech Yellow Jackets,6.5,-105.0,2026,2026-10-08T12:44:59Z,1650,1.450123288695333,10.032325094419045,-6.082201805723713,174be7f32dd5bd9e364a40660c78a69311d1e3c8399b5fdb673b903230d43721,timestamped_live_quote,FBS vs FBS
2026-10-08T12:44:59Z,43457c08aa50a7e0038aa06eb3437680,2026-10-10T19:30:00Z,Georgia Tech Yellow Jackets,Duke Blue Devils,betus,BetUS,2026-10-08T12:44:13Z,2026-10-08T12:44:13Z,Duke Blue Devils,-7.0,-110.0,2026,2026-10-08T12:44:59Z,1650,1.450123288695333,10.032325094419045,-6.082201805723713,174be7f32dd5bd9e364a40660c78a69311d1e3c8399b5fdb673b903230d43721,timestamped_live_quote,FBS vs FBS
2026-10-08T12:44:59Z,43457c08aa50a7e0038aa06eb3437680,2026-10-10T19:30:00Z,Georgia Tech Yellow Jackets,Duke Blue Devils,betus,BetUS,2026-10-08T12:44:13Z,2026-10-08T12:44:13Z,Georgia Tech Yellow Jackets,7.0,-110.0,2026,2026-10-08T12:44:59Z,1650,1.450123288695333,10.032325094419045,-6.082201805723713,174be7f32dd5bd9e364a40660c78a69311d1e3c8399b5fdb673b903230d43721,timestamped_live_quote,FBS vs FBS
2026-10-08T12:44:59Z,373204ebaf557738961c85f37a72fe10,2026-10-10T19:30:00Z,Kansas State Wildcats,Houston Cougars,fanduel,FanDuel,2026-10-08T12:44:35Z,2026-10-08T12:44:32Z,Houston Cougars,2.5,-110.0,2026,2026-10-08T12:44:59Z,1650,11.174484890199324,15.236320489197597,-1.5618355989982735,174be7f32dd5bd9e364a40660c78a69311d1e3c8399b5fdb673b903230d43721,timestamped_live_quote,FBS vs FBS
2026-10-08T12:44:59Z,373204ebaf557738961c85f37a72fe10,2026-10-10T19:30:00Z,Kansas State Wildcats,Houston Cougars,fanduel,FanDuel,2026-10-08T12:44:35Z,2026-10-08T12:44:32Z,Kansas State Wildcats,-2.5,-110.0,2026,2026-10-08T12:44:59Z,1650,11.174484890199324,15.236320489197597,-1.5618355989982735,174be7f32dd5bd9e364a40660c78a69311d1e3c8399b5fdb673b903230d43721,timestamped_live_quote,FBS vs FBS
2026-10-08T12:44:59Z,373204ebaf557738961c85f37a72fe10,2026-10-10T19:30:00Z,Kansas State Wildcats,Houston Cougars,betrivers,BetRivers,2026-10-08T12:44:44Z,2026-10-08T12:44:44Z,Houston Cougars,2.5,-110.0,2026,2026-10-08T12:44:59Z,1650,11.174484890199324,15.236320489197597,-1.5618355989982735,174be7f32dd5bd9e364a40660c78a69311d1e3c8399b5fdb673b903230d43721,timestamped_live_quote,FBS vs FBS
2026-10-08T12:44:59Z,373204ebaf557738961c85f37a72fe10,2026-10-10T19:30:00Z,Kansas State Wildcats,Houston Cougars,betrivers,BetRivers,2026-10-08T12:44:44Z,2026-10-08T12:44:44Z,Kansas State Wildcats,-2.5,-112.0,2026,2026-10-08T12:44:59Z,1650,11.174484890199324,15.236320489197597,-1.5618355989982735,174be7f32dd5bd9e364a40660c78a69311d1e3c8399b5fdb673b903230d43721,timestamped_live_quote,FBS vs FBS
2026-10-08T12:44:59Z,373204ebaf557738961c85f37a72fe10,2026-10-10T19:30:00Z,Kansas State Wildcats,Houston Cougars,betmgm,BetMGM,2026-10-08T12:44:43Z,2026-10-08T12:44:43Z,Houston Cougars,2.5,-108.0,2026,2026-10-08T12:44:59Z,1650,11.174484890199324,15.236320489197597,-1.5618355989982735,174be7f32dd5bd9e364a40660c78a69311d1e3c8399b5fdb673b903230d43721,timestamped_live_quote,FBS vs FBS
2026-10-08T12:44:59Z,373204ebaf557738961c85f37a72fe10,2026-10-10T19:30:00Z,Kansas State Wildcats,Houston Cougars,betmgm,BetMGM,2026-10-08T12:44:43Z,2026-10-08T12:44:43Z,Kansas State Wildcats,-2.5,-110.0,2026,2026-10-08T12:44:59Z,1650,11.174484890199324,15.236320489197597,-1.5618355989982735,174be7f32dd5bd9e364a40660c78a69311d1e3c8399b5fdb673b903230d43721,timestamped_live_quote,FBS vs FBS
2026-10-08T12:44:59Z,373204ebaf557738961c85f37a72fe10,2026-10-10T19:30:00Z,Kansas State Wildcats,Houston Cougars,draftkings,DraftKings,2026-10-08T12:44:42Z,2026-10-08T12:44:41Z,Houston Cougars,2.5,-105.0,2026,2026-10-08T12:44:59Z,1650,11.174484890199324,15.236320489197597,-1.5618355989982735,174be7f32dd5bd9e364a40660c78a69311d1e3c8399b5fdb673b903230d43721,timestamped_live_quote,FBS vs FBS
2026-10-08T12:44:59Z,373204ebaf557738961c85f37a72fe10,2026-10-10T19:30:00Z,Kansas State Wildcats,Houston Cougars,draftkings,DraftKings,2026-10-08T12:44:42Z,2026-10-08T12:44:41Z,Kansas State Wildcats,-2.5,-115.0,2026,2026-10-08T12:44:59Z,1650,11.174484890199324,15.236320489197597,-1.5618355989982735,174be7f32dd5bd9e364a40660c78a69311d1e3c8399b5fdb673b903230d43721,timestamped_live_quote,FBS vs FBS
2026-10-08T12:44:59Z,373204ebaf557738961c85f37a72fe10,2026-10-10T19:30:00Z,Kansas State Wildcats,Houston Cougars,lowvig,LowVig.ag,2026-10-08T12:44:10Z,2026-10-08T12:44:10Z,Houston Cougars,2.5,-101.0,2026,2026-10-08T12:44:59Z,1650,11.174484890199324,15.236320489197597,-1.5618355989982735,174be7f32dd5bd9e364a40660c78a69311d1e3c8399b5fdb673b903230d43721,timestamped_live_quote,FBS vs FBS
2026-10-08T12:44:59Z,373204ebaf557738961c85f37a72fe10,2026-10-10T19:30:00Z,Kansas State Wildcats,Houston Cougars,lowvig,LowVig.ag,2026-10-08T12:44:10Z,2026-10-08T12:44:10Z,Kansas State Wildcats,-2.5,-111.0,2026,2026-10-08T12:44:59Z,1650,11.174484890199324,15.236320489197597,-1.5618355989982735,174be7f32dd5bd9e364a40660c78a69311d1e3c8399b5fdb673b903230d43721,timestamped_live_quote,FBS vs FBS
2026-10-08T12:44:59Z,373204ebaf557738961c85f37a72fe10,2026-10-10T19:30:00Z,Kansas State Wildcats,Houston Cougars,betonlineag,BetOnline.ag,2026-10-08T12:44:24Z,2026-10-08T12:44:24Z,Houston Cougars,2.5,-105.0,2026,2026-10-08T12:44:59Z,1650,11.174484890199324,15.236320489197597,-1.5618355989982735,174be7f32dd5bd9e364a40660c78a69311d1e3c8399b5fdb673b903230d43721,timestamped_live_quote,FBS vs FBS
2026-10-08T12:44:59Z,373204ebaf557738961c85f37a72fe10,2026-10-10T19:30:00Z,Kansas State Wildcats,Houston Cougars,betonlineag,BetOnline.ag,2026-10-08T12:44:24Z,2026-10-08T12:44:24Z,Kansas State Wildcats,-2.5,-115.0,2026,2026-10-08T12:44:59Z,1650,11.174484890199324,15.236320489197597,-1.5618355989982735,174be7f32dd5bd9e364a40660c78a69311d1e3c8399b5fdb673b903230d43721,timestamped_live_quote,FBS vs FBS
2026-10-08T12:44:59Z,373204ebaf557738961c85f37a72fe10,2026-10-10T19:30:00Z,Kansas State Wildcats,Houston Cougars,mybookieag,MyBookie.ag,2026-10-08T12:44:42Z,2026-10-08T12:44:42Z,Houston Cougars,2.5,-105.0,2026,2026-10-08T12:44:59Z,1650,11.174484890199324,15.236320489197597,-1.5618355989982735,174be7f32dd5bd9e364a40660c78a69311d1e3c8399b5fdb673b903230d43721,timestamped_live_quote,FBS vs FBS
2026-10-08T12:44:59Z,373204ebaf557738961c85f37a72fe10,2026-10-10T19:30:00Z,Kansas State Wildcats,Houston Cougars,mybookieag,MyBookie.ag,2026-10-08T12:44:42Z,2026-10-08T12:44:42Z,Kansas State Wildcats,-2.5,-115.0,2026,2026-10-08T12:44:59Z,1650,11.174484890199324,15.236320489197597,-1.5618355989982735,174be7f32dd5bd9e364a40660c78a69311d1e3c8399b5fdb673b903230d43721,timestamped_live_quote,FBS vs FBS
2026-10-08T12:44:59Z,373204ebaf557738961c85f37a72fe10,2026-10-10T19:30:00Z,Kansas State Wildcats,Houston Cougars,betus,BetUS,2026-10-08T12:44:13Z,2026-10-08T12:44:13Z,Houston Cougars,2.5,-110.0,2026,2026-10-08T12:44:59Z,1650,11.174484890199324,15.236320489197597,-1.5618355989982735,174be7f32dd5bd9e364a40660c78a69311d1e3c8399b5fdb673b903230d43721,timestamped_live_quote,FBS vs FBS
2026-10-08T12:44:59Z,373204ebaf557738961c85f37a72fe10,2026-10-10T19:30:00Z,Kansas State Wildcats,Houston Cougars,betus,BetUS,2026-10-08T12:44:13Z,2026-10-08T12:44:13Z,Kansas State Wildcats,-2.5,-110.0,2026,2026-10-08T12:44:59Z,1650,11.174484890199324,15.236320489197597,-1.5618355989982735,174be7f32dd5bd9e364a40660c78a69311d1e3c8399b5fdb673b903230d43721,timestamped_live_quote,FBS vs FBS
2026-10-08T12:44:59Z,373204ebaf557738961c85f37a72fe10,2026-10-10T19:30:00Z,Kansas State Wildcats,Houston Cougars,bovada,Bovada,2026-10-08T12:44:12Z,2026-10-08T12:44:12Z,Houston Cougars,2.5,-105.0,2026,2026-10-08T12:44:59Z,1650,11.174484890199324,15.236320489197597,-1.5618355989982735,174be7f32dd5bd9e364a40660c78a69311d1e3c8399b5fdb673b903230d43721,timestamped_live_quote,FBS vs FBS
2026-10-08T12:44:59Z,373204ebaf557738961c85f37a72fe10,2026-10-10T19:30:00Z,Kansas State Wildcats,Houston Cougars,bovada,Bovada,2026-10-08T12:44:12Z,2026-10-08T12:44:12Z,Kansas State Wildcats,-2.5,-115.0,2026,2026-10-08T12:44:59Z,1650,11.174484890199324,15.236320489197597,-1.5618355989982735,174be7f32dd5bd9e364a40660c78a69311d1e3c8399b5fdb673b903230d43721,timestamped_live_quote,FBS vs FBS
2026-10-08T12:44:59Z,92f26a40bba178c47bbade8c9af0ada3,2026-10-10T19:30:00Z,Michigan State Spartans,Illinois Fighting Illini,fanduel,FanDuel,2026-10-08T12:44:35Z,2026-10-08T12:44:33Z,Illinois Fighting Illini,-2.5,-114.0,2026,2026-10-08T12:44:59Z,1650,2.9454402589875235,5.065837782772048,0.37960247621547527,174be7f32dd5bd9e364a40660c78a69311d1e3c8399b5fdb673b903230d43721,timestamped_live_quote,FBS vs FBS
2026-10-08T12:44:59Z,92f26a40bba178c47bbade8c9af0ada3,2026-10-10T19:30:00Z,Michigan State Spartans,Illinois Fighting Illini,fanduel,FanDuel,2026-10-08T12:44:35Z,2026-10-08T12:44:33Z,Michigan State Spartans,2.5,-106.0,2026,2026-10-08T12:44:59Z,1650,2.9454402589875235,5.065837782772048,0.37960247621547527,174be7f32dd5bd9e364a40660c78a69311d1e3c8399b5fdb673b903230d43721,timestamped_live_quote,FBS vs FBS
2026-10-08T12:44:59Z,92f26a40bba178c47bbade8c9af0ada3,2026-10-10T19:30:00Z,Michigan State Spartans,Illinois Fighting Illini,betrivers,BetRivers,2026-10-08T12:44:44Z,2026-10-08T12:44:44Z,Illinois Fighting Illini,-2.5,-114.0,2026,2026-10-08T12:44:59Z,1650,2.9454402589875235,5.065837782772048,0.37960247621547527,174be7f32dd5bd9e364a40660c78a69311d1e3c8399b5fdb673b903230d43721,timestamped_live_quote,FBS vs FBS
2026-10-08T12:44:59Z,92f26a40bba178c47bbade8c9af0ada3,2026-10-10T19:30:00Z,Michigan State Spartans,Illinois Fighting Illini,betrivers,BetRivers,2026-10-08T12:44:44Z,2026-10-08T12:44:44Z,Michigan State Spartans,2.5,-109.0,2026,2026-10-08T12:44:59Z,1650,2.9454402589875235,5.065837782772048,0.37960247621547527,174be7f32dd5bd9e364a40660c78a69311d1e3c8399b5fdb673b903230d43721,timestamped_live_quote,FBS vs FBS
2026-10-08T12:44:59Z,92f26a40bba178c47bbade8c9af0ada3,2026-10-10T19:30:00Z,Michigan State Spartans,Illinois Fighting Illini,betmgm,BetMGM,2026-10-08T12:44:43Z,2026-10-08T12:44:43Z,Illinois Fighting Illini,-2.5,-115.0,2026,2026-10-08T12:44:59Z,1650,2.9454402589875235,5.065837782772048,0.37960247621547527,174be7f32dd5bd9e364a40660c78a69311d1e3c8399b5fdb673b903230d43721,timestamped_live_quote,FBS vs FBS
2026-10-08T12:44:59Z,92f26a40bba178c47bbade8c9af0ada3,2026-10-10T19:30:00Z,Michigan State Spartans,Illinois Fighting Illini,betmgm,BetMGM,2026-10-08T12:44:43Z,2026-10-08T12:44:43Z,Michigan State Spartans,2.5,-102.0,2026,2026-10-08T12:44:59Z,1650,2.9454402589875235,5.065837782772048,0.37960247621547527,174be7f32dd5bd9e364a40660c78a69311d1e3c8399b5fdb673b903230d43721,timestamped_live_quote,FBS vs FBS
2026-10-08T12:44:59Z,92f26a40bba178c47bbade8c9af0ada3,2026-10-10T19:30:00Z,Michigan State Spartans,Illinois Fighting Illini,draftkings,DraftKings,2026-10-08T12:44:42Z,2026-10-08T12:44:41Z,Illinois Fighting Illini,-2.5,-112.0,2026,2026-10-08T12:44:59Z,1650,2.9454402589875235,5.065837782772048,0.37960247621547527,174be7f32dd5bd9e364a40660c78a69311d1e3c8399b5fdb673b903230d43721,timestamped_live_quote,FBS vs FBS
2026-10-08T12:44:59Z,92f26a40bba178c47bbade8c9af0ada3,2026-10-10T19:30:00Z,Michigan State Spartans,Illinois Fighting Illini,draftkings,DraftKings,2026-10-08T12:44:42Z,2026-10-08T12:44:41Z,Michigan State Spartans,2.5,-108.0,2026,2026-10-08T12:44:59Z,1650,2.9454402589875235,5.065837782772048,0.37960247621547527,174be7f32dd5bd9e364a40660c78a69311d1e3c8399b5fdb673b903230d43721,timestamped_live_quote,FBS vs FBS
2026-10-08T12:44:59Z,92f26a40bba178c47bbade8c9af0ada3,2026-10-10T19:30:00Z,Michigan State Spartans,Illinois Fighting Illini,betonlineag,BetOnline.ag,2026-10-08T12:44:24Z,2026-10-08T12:44:24Z,Illinois Fighting Illini,-2.5,-112.0,2026,2026-10-08T12:44:59Z,1650,2.9454402589875235,5.065837782772048,0.37960247621547527,174be7f32dd5bd9e364a40660c78a69311d1e3c8399b5fdb673b903230d43721,timestamped_live_quote,FBS vs FBS
2026-10-08T12:44:59Z,92f26a40bba178c47bbade8c9af0ada3,2026-10-10T19:30:00Z,Michigan State Spartans,Illinois Fighting Illini,betonlineag,BetOnline.ag,2026-10-08T12:44:24Z,2026-10-08T12:44:24Z,Michigan State Spartans,2.5,-108.0,2026,2026-10-08T12:44:59Z,1650,2.9454402589875235,5.065837782772048,0.37960247621547527,174be7f32dd5bd9e364a40660c78a69311d1e3c8399b5fdb673b903230d43721,timestamped_live_quote,FBS vs FBS
2026-10-08T12:44:59Z,92f26a40bba178c47bbade8c9af0ada3,2026-10-10T19:30:00Z,Michigan State Spartans,Illinois Fighting Illini,lowvig,LowVig.ag,2026-10-08T12:44:10Z,2026-10-08T12:44:10Z,Illinois Fighting Illini,-2.5,-108.0,2026,2026-10-08T12:44:59Z,1650,2.9454402589875235,5.065837782772048,0.37960247621547527,174be7f32dd5bd9e364a40660c78a69311d1e3c8399b5fdb673b903230d43721,timestamped_live_quote,FBS vs FBS
2026-10-08T12:44:59Z,92f26a40bba178c47bbade8c9af0ada3,2026-10-10T19:30:00Z,Michigan State Spartans,Illinois Fighting Illini,lowvig,LowVig.ag,2026-10-08T12:44:10Z,2026-10-08T12:44:10Z,Michigan State Spartans,2.5,-104.0,2026,2026-10-08T12:44:59Z,1650,2.9454402589875235,5.065837782772048,0.37960247621547527,174be7f32dd5bd9e364a40660c78a69311d1e3c8399b5fdb673b903230d43721,timestamped_live_quote,FBS vs FBS
2026-10-08T12:44:59Z,92f26a40bba178c47bbade8c9af0ada3,2026-10-10T19:30:00Z,Michigan State Spartans,Illinois Fighting Illini,mybookieag,MyBookie.ag,2026-10-08T12:44:42Z,2026-10-08T12:44:42Z,Illinois Fighting Illini,-2.5,-110.0,2026,2026-10-08T12:44:59Z,1650,2.9454402589875235,5.065837782772048,0.37960247621547527,174be7f32dd5bd9e364a40660c78a69311d1e3c8399b5fdb673b903230d43721,timestamped_live_quote,FBS vs FBS
2026-10-08T12:44:59Z,92f26a40bba178c47bbade8c9af0ada3,2026-10-10T19:30:00Z,Michigan State Spartans,Illinois Fighting Illini,mybookieag,MyBookie.ag,2026-10-08T12:44:42Z,2026-10-08T12:44:42Z,Michigan State Spartans,2.5,-110.0,2026,2026-10-08T12:44:59Z,1650,2.9454402589875235,5.065837782772048,0.37960247621547527,174be7f32dd5bd9e364a40660c78a69311d1e3c8399b5fdb673b903230d43721,timestamped_live_quote,FBS vs FBS
2026-10-08T12:44:59Z,92f26a40bba178c47bbade8c9af0ada3,2026-10-10T19:30:00Z,Michigan State Spartans,Illinois Fighting Illini,bovada,Bovada,2026-10-08T12:44:12Z,2026-10-08T12:44:12Z,Illinois Fighting Illini,-2.5,-115.0,2026,2026-10-08T12:44:59Z,1650,2.9454402589875235,5.065837782772048,0.37960247621547527,174be7f32dd5bd9e364a40660c78a69311d1e3c8399b5fdb673b903230d43721,timestamped_live_quote,FBS vs FBS
2026-10-08T12:44:59Z,92f26a40bba178c47bbade8c9af0ada3,2026-10-10T19:30:00Z,Michigan State Spartans,Illinois Fighting Illini,bovada,Bovada,2026-10-08T12:44:12Z,2026-10-08T12:44:12Z,Michigan State Spartans,2.5,-105.0,2026,2026-10-08T12:44:59Z,1650,2.9454402589875235,5.065837782772048,0.37960247621547527,174be7f32dd5bd9e364a40660c78a69311d1e3c8399b5fdb673b903230d43721,timestamped_live_quote,FBS vs FBS
2026-10-08T12:44:59Z,92f26a40bba178c47bbade8c9af0ada3,2026-10-10T19:30:00Z,Michigan State Spartans,Illinois Fighting Illini,betus,BetUS,2026-10-08T12:44:13Z,2026-10-08T12:44:13Z,Illinois Fighting Illini,-2.5,-110.0,2026,2026-10-08T12:44:59Z,1650,2.9454402589875235,5.065837782772048,0.37960247621547527,174be7f32dd5bd9e364a40660c78a69311d1e3c8399b5fdb673b903230d43721,timestamped_live_quote,FBS vs FBS
2026-10-08T12:44:59Z,92f26a40bba178c47bbade8c9af0ada3,2026-10-10T19:30:00Z,Michigan State Spartans,Illinois Fighting Illini,betus,BetUS,2026-10-08T12:44:13Z,2026-10-08T12:44:13Z,Michigan State Spartans,2.5,-110.0,2026,2026-10-08T12:44:59Z,1650,2.9454402589875235,5.065837782772048,0.37960247621547527,174be7f32dd5bd9e364a40660c78a69311d1e3c8399b5fdb673b903230d43721,timestamped_live_quote,FBS vs FBS
2026-10-08T12:44:59Z,6050a18b694eb1d661ee7fa571b7ddbb,2026-10-10T19:30:00Z,Western Michigan Broncos,Kent State Golden Flashes,draftkings,DraftKings,2026-10-08T12:44:42Z,2026-10-08T12:44:41Z,Kent State Golden Flashes,13.5,-102.0,2026,2026-10-08T12:44:59Z,1650,3.030104905757297,-7.484235468300986,13.014340374058284,174be7f32dd5bd9e364a40660c78a69311d1e3c8399b5fdb673b903230d43721,timestamped_live_quote,FBS vs FBS
2026-10-08T12:44:59Z,6050a18b694eb1d661ee7fa571b7ddbb,2026-10-10T19:30:00Z,Western Michigan Broncos,Kent State Golden Flashes,draftkings,DraftKings,2026-10-08T12:44:42Z,2026-10-08T12:44:41Z,Western Michigan Broncos,-13.5,-118.0,2026,2026-10-08T12:44:59Z,1650,3.030104905757297,-7.484235468300986,13.014340374058284,174be7f32dd5bd9e364a40660c78a69311d1e3c8399b5fdb673b903230d43721,timestamped_live_quote,FBS vs FBS
2026-10-08T12:44:59Z,6050a18b694eb1d661ee7fa571b7ddbb,2026-10-10T19:30:00Z,Western Michigan Broncos,Kent State Golden Flashes,lowvig,LowVig.ag,2026-10-08T12:44:10Z,2026-10-08T12:44:10Z,Kent State Golden Flashes,13.5,-101.0,2026,2026-10-08T12:44:59Z,1650,3.030104905757297,-7.484235468300986,13.014340374058284,174be7f32dd5bd9e364a40660c78a69311d1e3c8399b5fdb673b903230d43721,timestamped_live_quote,FBS vs FBS
2026-10-08T12:44:59Z,6050a18b694eb1d661ee7fa571b7ddbb,2026-10-10T19:30:00Z,Western Michigan Broncos,Kent State Golden Flashes,lowvig,LowVig.ag,2026-10-08T12:44:10Z,2026-10-08T12:44:10Z,Western Michigan Broncos,-13.5,-111.0,2026,2026-10-08T12:44:59Z,1650,3.030104905757297,-7.484235468300986,13.014340374058284,174be7f32dd5bd9e364a40660c78a69311d1e3c8399b5fdb673b903230d43721,timestamped_live_quote,FBS vs FBS
2026-10-08T12:44:59Z,6050a18b694eb1d661ee7fa571b7ddbb,2026-10-10T19:30:00Z,Western Michigan Broncos,Kent State Golden Flashes,betonlineag,BetOnline.ag,2026-10-08T12:44:24Z,2026-10-08T12:44:24Z,Kent State Golden Flashes,13.5,-105.0,2026,2026-10-08T12:44:59Z,1650,3.030104905757297,-7.484235468300986,13.014340374058284,174be7f32dd5bd9e364a40660c78a69311d1e3c8399b5fdb673b903230d43721,timestamped_live_quote,FBS vs FBS
2026-10-08T12:44:59Z,6050a18b694eb1d661ee7fa571b7ddbb,2026-10-10T19:30:00Z,Western Michigan Broncos,Kent State Golden Flashes,betonlineag,BetOnline.ag,2026-10-08T12:44:24Z,2026-10-08T12:44:24Z,Western Michigan Broncos,-13.5,-115.0,2026,2026-10-08T12:44:59Z,1650,3.030104905757297,-7.484235468300986,13.014340374058284,174be7f32dd5bd9e364a40660c78a69311d1e3c8399b5fdb673b903230d43721,timestamped_live_quote,FBS vs FBS
2026-10-08T12:44:59Z,6050a18b694eb1d661ee7fa571b7ddbb,2026-10-10T19:30:00Z,Western Michigan Broncos,Kent State Golden Flashes,fanduel,FanDuel,2026-10-08T12:44:35Z,2026-10-08T12:44:33Z,Kent State Golden Flashes,13.5,-106.0,2026,2026-10-08T12:44:59Z,1650,3.030104905757297,-7.484235468300986,13.014340374058284,174be7f32dd5bd9e364a40660c78a69311d1e3c8399b5fdb673b903230d43721,timestamped_live_quote,FBS vs FBS
2026-10-08T12:44:59Z,6050a18b694eb1d661ee7fa571b7ddbb,2026-10-10T19:30:00Z,Western Michigan Broncos,Kent State Golden Flashes,fanduel,FanDuel,2026-10-08T12:44:35Z,2026-10-08T12:44:33Z,Western Michigan Broncos,-13.5,-114.0,2026,2026-10-08T12:44:59Z,1650,3.030104905757297,-7.484235468300986,13.014340374058284,174be7f32dd5bd9e364a40660c78a69311d1e3c8399b5fdb673b903230d43721,timestamped_live_quote,FBS vs FBS
2026-10-08T12:44:59Z,6050a18b694eb1d661ee7fa571b7ddbb,2026-10-10T19:30:00Z,Western Michigan Broncos,Kent State Golden Flashes,betmgm,BetMGM,2026-10-08T12:44:43Z,2026-10-08T12:44:43Z,Kent State Golden Flashes,13.5,-108.0,2026,2026-10-08T12:44:59Z,1650,3.030104905757297,-7.484235468300986,13.014340374058284,174be7f32dd5bd9e364a40660c78a69311d1e3c8399b5fdb673b903230d43721,timestamped_live_quote,FBS vs FBS
2026-10-08T12:44:59Z,6050a18b694eb1d661ee7fa571b7ddbb,2026-10-10T19:30:00Z,Western Michigan Broncos,Kent State Golden Flashes,betmgm,BetMGM,2026-10-08T12:44:43Z,2026-10-08T12:44:43Z,Western Michigan Broncos,-13.5,-110.0,2026,2026-10-08T12:44:59Z,1650,3.030104905757297,-7.484235468300986,13.014340374058284,174be7f32dd5bd9e364a40660c78a69311d1e3c8399b5fdb673b903230d43721,timestamped_live_quote,FBS vs FBS
2026-10-08T12:44:59Z,6050a18b694eb1d661ee7fa571b7ddbb,2026-10-10T19:30:00Z,Western Michigan Broncos,Kent State Golden Flashes,mybookieag,MyBookie.ag,2026-10-08T12:44:42Z,2026-10-08T12:44:42Z,Kent State Golden Flashes,14.0,-110.0,2026,2026-10-08T12:44:59Z,1650,3.030104905757297,-7.484235468300986,13.014340374058284,174be7f32dd5bd9e364a40660c78a69311d1e3c8399b5fdb673b903230d43721,timestamped_live_quote,FBS vs FBS
2026-10-08T12:44:59Z,6050a18b694eb1d661ee7fa571b7ddbb,2026-10-10T19:30:00Z,Western Michigan Broncos,Kent State Golden Flashes,mybookieag,MyBookie.ag,2026-10-08T12:44:42Z,2026-10-08T12:44:42Z,Western Michigan Broncos,-14.0,-110.0,2026,2026-10-08T12:44:59Z,1650,3.030104905757297,-7.484235468300986,13.014340374058284,174be7f32dd5bd9e364a40660c78a69311d1e3c8399b5fdb673b903230d43721,timestamped_live_quote,FBS vs FBS
2026-10-08T12:44:59Z,6050a18b694eb1d661ee7fa571b7ddbb,2026-10-10T19:30:00Z,Western Michigan Broncos,Kent State Golden Flashes,bovada,Bovada,2026-10-08T12:44:12Z,2026-10-08T12:44:12Z,Kent State Golden Flashes,13.5,-105.0,2026,2026-10-08T12:44:59Z,1650,3.030104905757297,-7.484235468300986,13.014340374058284,174be7f32dd5bd9e364a40660c78a69311d1e3c8399b5fdb673b903230d43721,timestamped_live_quote,FBS vs FBS
2026-10-08T12:44:59Z,6050a18b694eb1d661ee7fa571b7ddbb,2026-10-10T19:30:00Z,Western Michigan Broncos,Kent State Golden Flashes,bovada,Bovada,2026-10-08T12:44:12Z,2026-10-08T12:44:12Z,Western Michigan Broncos,-13.5,-115.0,2026,2026-10-08T12:44:59Z,1650,3.030104905757297,-7.484235468300986,13.014340374058284,174be7f32dd5bd9e364a40660c78a69311d1e3c8399b5fdb673b903230d43721,timestamped_live_quote,FBS vs FBS
2026-10-08T12:44:59Z,6050a18b694eb1d661ee7fa571b7ddbb,2026-10-10T19:30:00Z,Western Michigan Broncos,Kent State Golden Flashes,betus,BetUS,2026-10-08T12:44:13Z,2026-10-08T12:44:13Z,Kent State Golden Flashes,13.5,-105.0,2026,2026-10-08T12:44:59Z,1650,3.030104905757297,-7.484235468300986,13.014340374058284,174be7f32dd5bd9e364a40660c78a69311d1e3c8399b5fdb673b903230d43721,timestamped_live_quote,FBS vs FBS
2026-10-08T12:44:59Z,6050a18b694eb1d661ee7fa571b7ddbb,2026-10-10T19:30:00Z,Western Michigan Broncos,Kent State Golden Flashes,betus,BetUS,2026-10-08T12:44:13Z,2026-10-08T12:44:13Z,Western Michigan Broncos,-13.5,-115.0,2026,2026-10-08T12:44:59Z,1650,3.030104905757297,-7.484235468300986,13.014340374058284,174be7f32dd5bd9e364a40660c78a69311d1e3c8399b5fdb673b903230d43721,timestamped_live_quote,FBS vs FBS
2026-10-08T12:44:59Z,6050a18b694eb1d661ee7fa571b7ddbb,2026-10-10T19:30:00Z,Western Michigan Broncos,Kent State Golden Flashes,betrivers,BetRivers,2026-10-08T12:44:44Z,2026-10-08T12:44:44Z,Kent State Golden Flashes,14.0,-109.0,2026,2026-10-08T12:44:59Z,1650,3.030104905757297,-7.484235468300986,13.014340374058284,174be7f32dd5bd9e364a40660c78a69311d1e3c8399b5fdb673b903230d43721,timestamped_live_quote,FBS vs FBS
2026-10-08T12:44:59Z,6050a18b694eb1d661ee7fa571b7ddbb,2026-10-10T19:30:00Z,Western Michigan Broncos,Kent State Golden Flashes,betrivers,BetRivers,2026-10-08T12:44:44Z,2026-10-08T12:44:44Z,Western Michigan Broncos,-14.0,-114.0,2026,2026-10-08T12:44:59Z,1650,3.030104905757297,-7.484235468300986,13.014340374058284,174be7f32dd5bd9e364a40660c78a69311d1e3c8399b5fdb673b903230d43721,timestamped_live_quote,FBS vs FBS
2026-10-08T12:44:59Z,979fefd620ed804180ef3fed873d61c2,2026-10-10T19:30:00Z,Navy Midshipmen,Tulsa Golden Hurricane,fanduel,FanDuel,2026-10-08T12:44:35Z,2026-10-08T12:44:33Z,Navy Midshipmen,-2.5,-114.0,2026,2026-10-08T12:44:59Z,1650,1.8343777855708543,5.2170559843419975,-0.882678198771143,174be7f32dd5bd9e364a40660c78a69311d1e3c8399b5fdb673b903230d43721,timestamped_live_quote,FBS vs FBS
2026-10-08T12:44:59Z,979fefd620ed804180ef3fed873d61c2,2026-10-10T19:30:00Z,Navy Midshipmen,Tulsa Golden Hurricane,fanduel,FanDuel,2026-10-08T12:44:35Z,2026-10-08T12:44:33Z,Tulsa Golden Hurricane,2.5,-106.0,2026,2026-10-08T12:44:59Z,1650,1.8343777855708543,5.2170559843419975,-0.882678198771143,174be7f32dd5bd9e364a40660c78a69311d1e3c8399b5fdb673b903230d43721,timestamped_live_quote,FBS vs FBS
2026-10-08T12:44:59Z,979fefd620ed804180ef3fed873d61c2,2026-10-10T19:30:00Z,Navy Midshipmen,Tulsa Golden Hurricane,betrivers,BetRivers,2026-10-08T12:44:44Z,2026-10-08T12:44:44Z,Navy Midshipmen,-2.5,-115.0,2026,2026-10-08T12:44:59Z,1650,1.8343777855708543,5.2170559843419975,-0.882678198771143,174be7f32dd5bd9e364a40660c78a69311d1e3c8399b5fdb673b903230d43721,timestamped_live_quote,FBS vs FBS
2026-10-08T12:44:59Z,979fefd620ed804180ef3fed873d61c2,2026-10-10T19:30:00Z,Navy Midshipmen,Tulsa Golden Hurricane,betrivers,BetRivers,2026-10-08T12:44:44Z,2026-10-08T12:44:44Z,Tulsa Golden Hurricane,2.5,-108.0,2026,2026-10-08T12:44:59Z,1650,1.8343777855708543,5.2170559843419975,-0.882678198771143,174be7f32dd5bd9e364a40660c78a69311d1e3c8399b5fdb673b903230d43721,timestamped_live_quote,FBS vs FBS
2026-10-08T12:44:59Z,979fefd620ed804180ef3fed873d61c2,2026-10-10T19:30:00Z,Navy Midshipmen,Tulsa Golden Hurricane,betmgm,BetMGM,2026-10-08T12:44:43Z,2026-10-08T12:44:43Z,Navy Midshipmen,-2.5,-110.0,2026,2026-10-08T12:44:59Z,1650,1.8343777855708543,5.2170559843419975,-0.882678198771143,174be7f32dd5bd9e364a40660c78a69311d1e3c8399b5fdb673b903230d43721,timestamped_live_quote,FBS vs FBS
2026-10-08T12:44:59Z,979fefd620ed804180ef3fed873d61c2,2026-10-10T19:30:00Z,Navy Midshipmen,Tulsa Golden Hurricane,betmgm,BetMGM,2026-10-08T12:44:43Z,2026-10-08T12:44:43Z,Tulsa Golden Hurricane,2.5,-108.0,2026,2026-10-08T12:44:59Z,1650,1.8343777855708543,5.2170559843419975,-0.882678198771143,174be7f32dd5bd9e364a40660c78a69311d1e3c8399b5fdb673b903230d43721,timestamped_live_quote,FBS vs FBS
2026-10-08T12:44:59Z,979fefd620ed804180ef3fed873d61c2,2026-10-10T19:30:00Z,Navy Midshipmen,Tulsa Golden Hurricane,draftkings,DraftKings,2026-10-08T12:44:42Z,2026-10-08T12:44:41Z,Navy Midshipmen,-2.5,-110.0,2026,2026-10-08T12:44:59Z,1650,1.8343777855708543,5.2170559843419975,-0.882678198771143,174be7f32dd5bd9e364a40660c78a69311d1e3c8399b5fdb673b903230d43721,timestamped_live_quote,FBS vs FBS
2026-10-08T12:44:59Z,979fefd620ed804180ef3fed873d61c2,2026-10-10T19:30:00Z,Navy Midshipmen,Tulsa Golden Hurricane,draftkings,DraftKings,2026-10-08T12:44:42Z,2026-10-08T12:44:41Z,Tulsa Golden Hurricane,2.5,-110.0,2026,2026-10-08T12:44:59Z,1650,1.8343777855708543,5.2170559843419975,-0.882678198771143,174be7f32dd5bd9e364a40660c78a69311d1e3c8399b5fdb673b903230d43721,timestamped_live_quote,FBS vs FBS
2026-10-08T12:44:59Z,979fefd620ed804180ef3fed873d61c2,2026-10-10T19:30:00Z,Navy Midshipmen,Tulsa Golden Hurricane,lowvig,LowVig.ag,2026-10-08T12:44:10Z,2026-10-08T12:44:10Z,Navy Midshipmen,-2.5,-108.0,2026,2026-10-08T12:44:59Z,1650,1.8343777855708543,5.2170559843419975,-0.882678198771143,174be7f32dd5bd9e364a40660c78a69311d1e3c8399b5fdb673b903230d43721,timestamped_live_quote,FBS vs FBS
2026-10-08T12:44:59Z,979fefd620ed804180ef3fed873d61c2,2026-10-10T19:30:00Z,Navy Midshipmen,Tulsa Golden Hurricane,lowvig,LowVig.ag,2026-10-08T12:44:10Z,2026-10-08T12:44:10Z,Tulsa Golden Hurricane,2.5,-104.0,2026,2026-10-08T12:44:59Z,1650,1.8343777855708543,5.2170559843419975,-0.882678198771143,174be7f32dd5bd9e364a40660c78a69311d1e3c8399b5fdb673b903230d43721,timestamped_live_quote,FBS vs FBS
2026-10-08T12:44:59Z,979fefd620ed804180ef3fed873d61c2,2026-10-10T19:30:00Z,Navy Midshipmen,Tulsa Golden Hurricane,betonlineag,BetOnline.ag,2026-10-08T12:44:24Z,2026-10-08T12:44:24Z,Navy Midshipmen,-2.5,-112.0,2026,2026-10-08T12:44:59Z,1650,1.8343777855708543,5.2170559843419975,-0.882678198771143,174be7f32dd5bd9e364a40660c78a69311d1e3c8399b5fdb673b903230d43721,timestamped_live_quote,FBS vs FBS
2026-10-08T12:44:59Z,979fefd620ed804180ef3fed873d61c2,2026-10-10T19:30:00Z,Navy Midshipmen,Tulsa Golden Hurricane,betonlineag,BetOnline.ag,2026-10-08T12:44:24Z,2026-10-08T12:44:24Z,Tulsa Golden Hurricane,2.5,-108.0,2026,2026-10-08T12:44:59Z,1650,1.8343777855708543,5.2170559843419975,-0.882678198771143,174be7f32dd5bd9e364a40660c78a69311d1e3c8399b5fdb673b903230d43721,timestamped_live_quote,FBS vs FBS
2026-10-08T12:44:59Z,979fefd620ed804180ef3fed873d61c2,2026-10-10T19:30:00Z,Navy Midshipmen,Tulsa Golden Hurricane,mybookieag,MyBookie.ag,2026-10-08T12:44:42Z,2026-10-08T12:44:42Z,Navy Midshipmen,-2.5,-110.0,2026,2026-10-08T12:44:59Z,1650,1.8343777855708543,5.2170559843419975,-0.882678198771143,174be7f32dd5bd9e364a40660c78a69311d1e3c8399b5fdb673b903230d43721,timestamped_live_quote,FBS vs FBS
2026-10-08T12:44:59Z,979fefd620ed804180ef3fed873d61c2,2026-10-10T19:30:00Z,Navy Midshipmen,Tulsa Golden Hurricane,mybookieag,MyBookie.ag,2026-10-08T12:44:42Z,2026-10-08T12:44:42Z,Tulsa Golden Hurricane,2.5,-110.0,2026,2026-10-08T12:44:59Z,1650,1.8343777855708543,5.2170559843419975,-0.882678198771143,174be7f32dd5bd9e364a40660c78a69311d1e3c8399b5fdb673b903230d43721,timestamped_live_quote,FBS vs FBS
2026-10-08T12:44:59Z,979fefd620ed804180ef3fed873d61c2,2026-10-10T19:30:00Z,Navy Midshipmen,Tulsa Golden Hurricane,betus,BetUS,2026-10-08T12:44:13Z,2026-10-08T12:44:13Z,Navy Midshipmen,-2.5,-110.0,2026,2026-10-08T12:44:59Z,1650,1.8343777855708543,5.2170559843419975,-0.882678198771143,174be7f32dd5bd9e364a40660c78a69311d1e3c8399b5fdb673b903230d43721,timestamped_live_quote,FBS vs FBS
2026-10-08T12:44:59Z,979fefd620ed804180ef3fed873d61c2,2026-10-10T19:30:00Z,Navy Midshipmen,Tulsa Golden Hurricane,betus,BetUS,2026-10-08T12:44:13Z,2026-10-08T12:44:13Z,Tulsa Golden Hurricane,2.5,-110.0,2026,2026-10-08T12:44:59Z,1650,1.8343777855708543,5.2170559843419975,-0.882678198771143,174be7f32dd5bd9e364a40660c78a69311d1e3c8399b5fdb673b903230d43721,timestamped_live_quote,FBS vs FBS
2026-10-08T12:44:59Z,979fefd620ed804180ef3fed873d61c2,2026-10-10T19:30:00Z,Navy Midshipmen,Tulsa Golden Hurricane,bovada,Bovada,2026-10-08T12:44:12Z,2026-10-08T12:44:12Z,Navy Midshipmen,-2.5,-115.0,2026,2026-10-08T12:44:59Z,1650,1.8343777855708543,5.2170559843419975,-0.882678198771143,174be7f32dd5bd9e364a40660c78a69311d1e3c8399b5fdb673b903230d43721,timestamped_live_quote,FBS vs FBS
2026-10-08T12:44:59Z,979fefd620ed804180ef3fed873d61c2,2026-10-10T19:30:00Z,Navy Midshipmen,Tulsa Golden Hurricane,bovada,Bovada,2026-10-08T12:44:12Z,2026-10-08T12:44:12Z,Tulsa Golden Hurricane,2.5,-105.0,2026,2026-10-08T12:44:59Z,1650,1.8343777855708543,5.2170559843419975,-0.882678198771143,174be7f32dd5bd9e364a40660c78a69311d1e3c8399b5fdb673b903230d43721,timestamped_live_quote,FBS vs FBS
2026-10-08T12:44:59Z,496f20b5a45e727fdc2d07915ab0f865,2026-10-10T19:30:00Z,Notre Dame Fighting Irish,Stanford Cardinal,draftkings,DraftKings,2026-10-08T12:44:42Z,2026-10-08T12:44:41Z,Notre Dame Fighting Irish,-38.5,-108.0,2026,2026-10-08T12:44:59Z,1650,18.45646787596262,-7.7328004703277,28.68926834629032,174be7f32dd5bd9e364a40660c78a69311d1e3c8399b5fdb673b903230d43721,timestamped_live_quote,FBS vs FBS
2026-10-08T12:44:59Z,496f20b5a45e727fdc2d07915ab0f865,2026-10-10T19:30:00Z,Notre Dame Fighting Irish,Stanford Cardinal,draftkings,DraftKings,2026-10-08T12:44:42Z,2026-10-08T12:44:41Z,Stanford Cardinal,38.5,-112.0,2026,2026-10-08T12:44:59Z,1650,18.45646787596262,-7.7328004703277,28.68926834629032,174be7f32dd5bd9e364a40660c78a69311d1e3c8399b5fdb673b903230d43721,timestamped_live_quote,FBS vs FBS
2026-10-08T12:44:59Z,496f20b5a45e727fdc2d07915ab0f865,2026-10-10T19:30:00Z,Notre Dame Fighting Irish,Stanford Cardinal,fanduel,FanDuel,2026-10-08T12:44:35Z,2026-10-08T12:44:32Z,Notre Dame Fighting Irish,-37.5,-118.0,2026,2026-10-08T12:44:59Z,1650,18.45646787596262,-7.7328004703277,28.68926834629032,174be7f32dd5bd9e364a40660c78a69311d1e3c8399b5fdb673b903230d43721,timestamped_live_quote,FBS vs FBS
2026-10-08T12:44:59Z,496f20b5a45e727fdc2d07915ab0f865,2026-10-10T19:30:00Z,Notre Dame Fighting Irish,Stanford Cardinal,fanduel,FanDuel,2026-10-08T12:44:35Z,2026-10-08T12:44:32Z,Stanford Cardinal,37.5,-104.0,2026,2026-10-08T12:44:59Z,1650,18.45646787596262,-7.7328004703277,28.68926834629032,174be7f32dd5bd9e364a40660c78a69311d1e3c8399b5fdb673b903230d43721,timestamped_live_quote,FBS vs FBS
2026-10-08T12:44:59Z,496f20b5a45e727fdc2d07915ab0f865,2026-10-10T19:30:00Z,Notre Dame Fighting Irish,Stanford Cardinal,betrivers,BetRivers,2026-10-08T12:44:44Z,2026-10-08T12:44:44Z,Notre Dame Fighting Irish,-38.5,-109.0,2026,2026-10-08T12:44:59Z,1650,18.45646787596262,-7.7328004703277,28.68926834629032,174be7f32dd5bd9e364a40660c78a69311d1e3c8399b5fdb673b903230d43721,timestamped_live_quote,FBS vs FBS
2026-10-08T12:44:59Z,496f20b5a45e727fdc2d07915ab0f865,2026-10-10T19:30:00Z,Notre Dame Fighting Irish,Stanford Cardinal,betrivers,BetRivers,2026-10-08T12:44:44Z,2026-10-08T12:44:44Z,Stanford Cardinal,38.5,-114.0,2026,2026-10-08T12:44:59Z,1650,18.45646787596262,-7.7328004703277,28.68926834629032,174be7f32dd5bd9e364a40660c78a69311d1e3c8399b5fdb673b903230d43721,timestamped_live_quote,FBS vs FBS
2026-10-08T12:44:59Z,496f20b5a45e727fdc2d07915ab0f865,2026-10-10T19:30:00Z,Notre Dame Fighting Irish,Stanford Cardinal,betmgm,BetMGM,2026-10-08T12:44:43Z,2026-10-08T12:44:43Z,Notre Dame Fighting Irish,-38.5,-110.0,2026,2026-10-08T12:44:59Z,1650,18.45646787596262,-7.7328004703277,28.68926834629032,174be7f32dd5bd9e364a40660c78a69311d1e3c8399b5fdb673b903230d43721,timestamped_live_quote,FBS vs FBS
2026-10-08T12:44:59Z,496f20b5a45e727fdc2d07915ab0f865,2026-10-10T19:30:00Z,Notre Dame Fighting Irish,Stanford Cardinal,betmgm,BetMGM,2026-10-08T12:44:43Z,2026-10-08T12:44:43Z,Stanford Cardinal,38.5,-108.0,2026,2026-10-08T12:44:59Z,1650,18.45646787596262,-7.7328004703277,28.68926834629032,174be7f32dd5bd9e364a40660c78a69311d1e3c8399b5fdb673b903230d43721,timestamped_live_quote,FBS vs FBS
2026-10-08T12:44:59Z,496f20b5a45e727fdc2d07915ab0f865,2026-10-10T19:30:00Z,Notre Dame Fighting Irish,Stanford Cardinal,betonlineag,BetOnline.ag,2026-10-08T12:44:24Z,2026-10-08T12:44:24Z,Notre Dame Fighting Irish,-38.5,-110.0,2026,2026-10-08T12:44:59Z,1650,18.45646787596262,-7.7328004703277,28.68926834629032,174be7f32dd5bd9e364a40660c78a69311d1e3c8399b5fdb673b903230d43721,timestamped_live_quote,FBS vs FBS
2026-10-08T12:44:59Z,496f20b5a45e727fdc2d07915ab0f865,2026-10-10T19:30:00Z,Notre Dame Fighting Irish,Stanford Cardinal,betonlineag,BetOnline.ag,2026-10-08T12:44:24Z,2026-10-08T12:44:24Z,Stanford Cardinal,38.5,-110.0,2026,2026-10-08T12:44:59Z,1650,18.45646787596262,-7.7328004703277,28.68926834629032,174be7f32dd5bd9e364a40660c78a69311d1e3c8399b5fdb673b903230d43721,timestamped_live_quote,FBS vs FBS
2026-10-08T12:44:59Z,496f20b5a45e727fdc2d07915ab0f865,2026-10-10T19:30:00Z,Notre Dame Fighting Irish,Stanford Cardinal,lowvig,LowVig.ag,2026-10-08T12:44:10Z,2026-10-08T12:44:10Z,Notre Dame Fighting Irish,-38.5,-106.0,2026,2026-10-08T12:44:59Z,1650,18.45646787596262,-7.7328004703277,28.68926834629032,174be7f32dd5bd9e364a40660c78a69311d1e3c8399b5fdb673b903230d43721,timestamped_live_quote,FBS vs FBS
2026-10-08T12:44:59Z,496f20b5a45e727fdc2d07915ab0f865,2026-10-10T19:30:00Z,Notre Dame Fighting Irish,Stanford Cardinal,lowvig,LowVig.ag,2026-10-08T12:44:10Z,2026-10-08T12:44:10Z,Stanford Cardinal,38.5,-106.0,2026,2026-10-08T12:44:59Z,1650,18.45646787596262,-7.7328004703277,28.68926834629032,174be7f32dd5bd9e364a40660c78a69311d1e3c8399b5fdb673b903230d43721,timestamped_live_quote,FBS vs FBS
2026-10-08T12:44:59Z,496f20b5a45e727fdc2d07915ab0f865,2026-10-10T19:30:00Z,Notre Dame Fighting Irish,Stanford Cardinal,betus,BetUS,2026-10-08T12:44:13Z,2026-10-08T12:44:13Z,Notre Dame Fighting Irish,-38.5,-110.0,2026,2026-10-08T12:44:59Z,1650,18.45646787596262,-7.7328004703277,28.68926834629032,174be7f32dd5bd9e364a40660c78a69311d1e3c8399b5fdb673b903230d43721,timestamped_live_quote,FBS vs FBS
2026-10-08T12:44:59Z,496f20b5a45e727fdc2d07915ab0f865,2026-10-10T19:30:00Z,Notre Dame Fighting Irish,Stanford Cardinal,betus,BetUS,2026-10-08T12:44:13Z,2026-10-08T12:44:13Z,Stanford Cardinal,38.5,-110.0,2026,2026-10-08T12:44:59Z,1650,18.45646787596262,-7.7328004703277,28.68926834629032,174be7f32dd5bd9e364a40660c78a69311d1e3c8399b5fdb673b903230d43721,timestamped_live_quote,FBS vs FBS
2026-10-08T12:44:59Z,496f20b5a45e727fdc2d07915ab0f865,2026-10-10T19:30:00Z,Notre Dame Fighting Irish,Stanford Cardinal,bovada,Bovada,2026-10-08T12:44:12Z,2026-10-08T12:44:12Z,Notre Dame Fighting Irish,-38.0,-115.0,2026,2026-10-08T12:44:59Z,1650,18.45646787596262,-7.7328004703277,28.68926834629032,174be7f32dd5bd9e364a40660c78a69311d1e3c8399b5fdb673b903230d43721,timestamped_live_quote,FBS vs FBS
2026-10-08T12:44:59Z,496f20b5a45e727fdc2d07915ab0f865,2026-10-10T19:30:00Z,Notre Dame Fighting Irish,Stanford Cardinal,bovada,Bovada,2026-10-08T12:44:12Z,2026-10-08T12:44:12Z,Stanford Cardinal,38.0,-105.0,2026,2026-10-08T12:44:59Z,1650,18.45646787596262,-7.7328004703277,28.68926834629032,174be7f32dd5bd9e364a40660c78a69311d1e3c8399b5fdb673b903230d43721,timestamped_live_quote,FBS vs FBS
2026-10-08T12:44:59Z,82b83ec87fc2be5faa2e9f26ac50edef,2026-10-10T19:30:00Z,Oklahoma Sooners,Texas Longhorns,fanduel,FanDuel,2026-10-08T12:44:34Z,2026-10-08T12:44:31Z,Oklahoma Sooners,7.5,-110.0,2026,2026-10-08T12:44:59Z,1650,6.699405794931695,14.522124235207292,-5.3227184402755965,174be7f32dd5bd9e364a40660c78a69311d1e3c8399b5fdb673b903230d43721,timestamped_live_quote,FBS vs FBS
2026-10-08T12:44:59Z,82b83ec87fc2be5faa2e9f26ac50edef,2026-10-10T19:30:00Z,Oklahoma Sooners,Texas Longhorns,fanduel,FanDuel,2026-10-08T12:44:34Z,2026-10-08T12:44:31Z,Texas Longhorns,-7.5,-110.0,2026,2026-10-08T12:44:59Z,1650,6.699405794931695,14.522124235207292,-5.3227184402755965,174be7f32dd5bd9e364a40660c78a69311d1e3c8399b5fdb673b903230d43721,timestamped_live_quote,FBS vs FBS
2026-10-08T12:44:59Z,82b83ec87fc2be5faa2e9f26ac50edef,2026-10-10T19:30:00Z,Oklahoma Sooners,Texas Longhorns,betmgm,BetMGM,2026-10-08T12:44:43Z,2026-10-08T12:44:43Z,Oklahoma Sooners,7.5,-110.0,2026,2026-10-08T12:44:59Z,1650,6.699405794931695,14.522124235207292,-5.3227184402755965,174be7f32dd5bd9e364a40660c78a69311d1e3c8399b5fdb673b903230d43721,timestamped_live_quote,FBS vs FBS
2026-10-08T12:44:59Z,82b83ec87fc2be5faa2e9f26ac50edef,2026-10-10T19:30:00Z,Oklahoma Sooners,Texas Longhorns,betmgm,BetMGM,2026-10-08T12:44:43Z,2026-10-08T12:44:43Z,Texas Longhorns,-7.5,-108.0,2026,2026-10-08T12:44:59Z,1650,6.699405794931695,14.522124235207292,-5.3227184402755965,174be7f32dd5bd9e364a40660c78a69311d1e3c8399b5fdb673b903230d43721,timestamped_live_quote,FBS vs FBS
2026-10-08T12:44:59Z,82b83ec87fc2be5faa2e9f26ac50edef,2026-10-10T19:30:00Z,Oklahoma Sooners,Texas Longhorns,draftkings,DraftKings,2026-10-08T12:44:42Z,2026-10-08T12:44:41Z,Oklahoma Sooners,7.5,-110.0,2026,2026-10-08T12:44:59Z,1650,6.699405794931695,14.522124235207292,-5.3227184402755965,174be7f32dd5bd9e364a40660c78a69311d1e3c8399b5fdb673b903230d43721,timestamped_live_quote,FBS vs FBS
2026-10-08T12:44:59Z,82b83ec87fc2be5faa2e9f26ac50edef,2026-10-10T19:30:00Z,Oklahoma Sooners,Texas Longhorns,draftkings,DraftKings,2026-10-08T12:44:42Z,2026-10-08T12:44:41Z,Texas Longhorns,-7.5,-110.0,2026,2026-10-08T12:44:59Z,1650,6.699405794931695,14.522124235207292,-5.3227184402755965,174be7f32dd5bd9e364a40660c78a69311d1e3c8399b5fdb673b903230d43721,timestamped_live_quote,FBS vs FBS
2026-10-08T12:44:59Z,82b83ec87fc2be5faa2e9f26ac50edef,2026-10-10T19:30:00Z,Oklahoma Sooners,Texas Longhorns,betrivers,BetRivers,2026-10-08T12:44:44Z,2026-10-08T12:44:44Z,Oklahoma Sooners,7.5,-112.0,2026,2026-10-08T12:44:59Z,1650,6.699405794931695,14.522124235207292,-5.3227184402755965,174be7f32dd5bd9e364a40660c78a69311d1e3c8399b5fdb673b903230d43721,timestamped_live_quote,FBS vs FBS
2026-10-08T12:44:59Z,82b83ec87fc2be5faa2e9f26ac50edef,2026-10-10T19:30:00Z,Oklahoma Sooners,Texas Longhorns,betrivers,BetRivers,2026-10-08T12:44:44Z,2026-10-08T12:44:44Z,Texas Longhorns,-7.5,-112.0,2026,2026-10-08T12:44:59Z,1650,6.699405794931695,14.522124235207292,-5.3227184402755965,174be7f32dd5bd9e364a40660c78a69311d1e3c8399b5fdb673b903230d43721,timestamped_live_quote,FBS vs FBS
2026-10-08T12:44:59Z,82b83ec87fc2be5faa2e9f26ac50edef,2026-10-10T19:30:00Z,Oklahoma Sooners,Texas Longhorns,mybookieag,MyBookie.ag,2026-10-08T12:44:42Z,2026-10-08T12:44:41Z,Oklahoma Sooners,7.5,-110.0,2026,2026-10-08T12:44:59Z,1650,6.699405794931695,14.522124235207292,-5.3227184402755965,174be7f32dd5bd9e364a40660c78a69311d1e3c8399b5fdb673b903230d43721,timestamped_live_quote,FBS vs FBS
2026-10-08T12:44:59Z,82b83ec87fc2be5faa2e9f26ac50edef,2026-10-10T19:30:00Z,Oklahoma Sooners,Texas Longhorns,mybookieag,MyBookie.ag,2026-10-08T12:44:42Z,2026-10-08T12:44:41Z,Texas Longhorns,-7.5,-110.0,2026,2026-10-08T12:44:59Z,1650,6.699405794931695,14.522124235207292,-5.3227184402755965,174be7f32dd5bd9e364a40660c78a69311d1e3c8399b5fdb673b903230d43721,timestamped_live_quote,FBS vs FBS
2026-10-08T12:44:59Z,82b83ec87fc2be5faa2e9f26ac50edef,2026-10-10T19:30:00Z,Oklahoma Sooners,Texas Longhorns,betonlineag,BetOnline.ag,2026-10-08T12:44:24Z,2026-10-08T12:44:24Z,Oklahoma Sooners,7.5,-113.0,2026,2026-10-08T12:44:59Z,1650,6.699405794931695,14.522124235207292,-5.3227184402755965,174be7f32dd5bd9e364a40660c78a69311d1e3c8399b5fdb673b903230d43721,timestamped_live_quote,FBS vs FBS
2026-10-08T12:44:59Z,82b83ec87fc2be5faa2e9f26ac50edef,2026-10-10T19:30:00Z,Oklahoma Sooners,Texas Longhorns,betonlineag,BetOnline.ag,2026-10-08T12:44:24Z,2026-10-08T12:44:24Z,Texas Longhorns,-7.5,-107.0,2026,2026-10-08T12:44:59Z,1650,6.699405794931695,14.522124235207292,-5.3227184402755965,174be7f32dd5bd9e364a40660c78a69311d1e3c8399b5fdb673b903230d43721,timestamped_live_quote,FBS vs FBS
2026-10-08T12:44:59Z,82b83ec87fc2be5faa2e9f26ac50edef,2026-10-10T19:30:00Z,Oklahoma Sooners,Texas Longhorns,lowvig,LowVig.ag,2026-10-08T12:44:10Z,2026-10-08T12:44:10Z,Oklahoma Sooners,7.5,-109.0,2026,2026-10-08T12:44:59Z,1650,6.699405794931695,14.522124235207292,-5.3227184402755965,174be7f32dd5bd9e364a40660c78a69311d1e3c8399b5fdb673b903230d43721,timestamped_live_quote,FBS vs FBS
2026-10-08T12:44:59Z,82b83ec87fc2be5faa2e9f26ac50edef,2026-10-10T19:30:00Z,Oklahoma Sooners,Texas Longhorns,lowvig,LowVig.ag,2026-10-08T12:44:10Z,2026-10-08T12:44:10Z,Texas Longhorns,-7.5,-103.0,2026,2026-10-08T12:44:59Z,1650,6.699405794931695,14.522124235207292,-5.3227184402755965,174be7f32dd5bd9e364a40660c78a69311d1e3c8399b5fdb673b903230d43721,timestamped_live_quote,FBS vs FBS
2026-10-08T12:44:59Z,82b83ec87fc2be5faa2e9f26ac50edef,2026-10-10T19:30:00Z,Oklahoma Sooners,Texas Longhorns,betus,BetUS,2026-10-08T12:44:13Z,2026-10-08T12:44:13Z,Oklahoma Sooners,7.5,-115.0,2026,2026-10-08T12:44:59Z,1650,6.699405794931695,14.522124235207292,-5.3227184402755965,174be7f32dd5bd9e364a40660c78a69311d1e3c8399b5fdb673b903230d43721,timestamped_live_quote,FBS vs FBS
2026-10-08T12:44:59Z,82b83ec87fc2be5faa2e9f26ac50edef,2026-10-10T19:30:00Z,Oklahoma Sooners,Texas Longhorns,betus,BetUS,2026-10-08T12:44:13Z,2026-10-08T12:44:13Z,Texas Longhorns,-7.5,-105.0,2026,2026-10-08T12:44:59Z,1650,6.699405794931695,14.522124235207292,-5.3227184402755965,174be7f32dd5bd9e364a40660c78a69311d1e3c8399b5fdb673b903230d43721,timestamped_live_quote,FBS vs FBS
2026-10-08T12:44:59Z,82b83ec87fc2be5faa2e9f26ac50edef,2026-10-10T19:30:00Z,Oklahoma Sooners,Texas Longhorns,bovada,Bovada,2026-10-08T12:44:12Z,2026-10-08T12:44:12Z,Oklahoma Sooners,7.5,-110.0,2026,2026-10-08T12:44:59Z,1650,6.699405794931695,14.522124235207292,-5.3227184402755965,174be7f32dd5bd9e364a40660c78a69311d1e3c8399b5fdb673b903230d43721,timestamped_live_quote,FBS vs FBS
2026-10-08T12:44:59Z,82b83ec87fc2be5faa2e9f26ac50edef,2026-10-10T19:30:00Z,Oklahoma Sooners,Texas Longhorns,bovada,Bovada,2026-10-08T12:44:12Z,2026-10-08T12:44:12Z,Texas Longhorns,-7.5,-110.0,2026,2026-10-08T12:44:59Z,1650,6.699405794931695,14.522124235207292,-5.3227184402755965,174be7f32dd5bd9e364a40660c78a69311d1e3c8399b5fdb673b903230d43721,timestamped_live_quote,FBS vs FBS
2026-10-08T12:44:59Z,d9b77825d169fdd683f8efa7c1948a8e,2026-10-10T19:30:00Z,Vanderbilt Commodores,Ole Miss Rebels,fanduel,FanDuel,2026-10-08T12:44:35Z,2026-10-08T12:44:32Z,Ole Miss Rebels,-10.5,100.0,2026,2026-10-08T12:44:59Z,1650,4.859768167938738,5.1971187590227865,2.162649408915952,174be7f32dd5bd9e364a40660c78a69311d1e3c8399b5fdb673b903230d43721,timestamped_live_quote,FBS vs FBS
2026-10-08T12:44:59Z,d9b77825d169fdd683f8efa7c1948a8e,2026-10-10T19:30:00Z,Vanderbilt Commodores,Ole Miss Rebels,fanduel,FanDuel,2026-10-08T12:44:35Z,2026-10-08T12:44:32Z,Vanderbilt Commodores,10.5,-122.0,2026,2026-10-08T12:44:59Z,1650,4.859768167938738,5.1971187590227865,2.162649408915952,174be7f32dd5bd9e364a40660c78a69311d1e3c8399b5fdb673b903230d43721,timestamped_live_quote,FBS vs FBS
2026-10-08T12:44:59Z,d9b77825d169fdd683f8efa7c1948a8e,2026-10-10T19:30:00Z,Vanderbilt Commodores,Ole Miss Rebels,draftkings,DraftKings,2026-10-08T12:44:42Z,2026-10-08T12:44:41Z,Ole Miss Rebels,-9.5,-112.0,2026,2026-10-08T12:44:59Z,1650,4.859768167938738,5.1971187590227865,2.162649408915952,174be7f32dd5bd9e364a40660c78a69311d1e3c8399b5fdb673b903230d43721,timestamped_live_quote,FBS vs FBS
2026-10-08T12:44:59Z,d9b77825d169fdd683f8efa7c1948a8e,2026-10-10T19:30:00Z,Vanderbilt Commodores,Ole Miss Rebels,draftkings,DraftKings,2026-10-08T12:44:42Z,2026-10-08T12:44:41Z,Vanderbilt Commodores,9.5,-108.0,2026,2026-10-08T12:44:59Z,1650,4.859768167938738,5.1971187590227865,2.162649408915952,174be7f32dd5bd9e364a40660c78a69311d1e3c8399b5fdb673b903230d43721,timestamped_live_quote,FBS vs FBS
2026-10-08T12:44:59Z,d9b77825d169fdd683f8efa7c1948a8e,2026-10-10T19:30:00Z,Vanderbilt Commodores,Ole Miss Rebels,betrivers,BetRivers,2026-10-08T12:44:44Z,2026-10-08T12:44:44Z,Ole Miss Rebels,-10.0,-109.0,2026,2026-10-08T12:44:59Z,1650,4.859768167938738,5.1971187590227865,2.162649408915952,174be7f32dd5bd9e364a40660c78a69311d1e3c8399b5fdb673b903230d43721,timestamped_live_quote,FBS vs FBS
2026-10-08T12:44:59Z,d9b77825d169fdd683f8efa7c1948a8e,2026-10-10T19:30:00Z,Vanderbilt Commodores,Ole Miss Rebels,betrivers,BetRivers,2026-10-08T12:44:44Z,2026-10-08T12:44:44Z,Vanderbilt Commodores,10.0,-114.0,2026,2026-10-08T12:44:59Z,1650,4.859768167938738,5.1971187590227865,2.162649408915952,174be7f32dd5bd9e364a40660c78a69311d1e3c8399b5fdb673b903230d43721,timestamped_live_quote,FBS vs FBS
2026-10-08T12:44:59Z,d9b77825d169fdd683f8efa7c1948a8e,2026-10-10T19:30:00Z,Vanderbilt Commodores,Ole Miss Rebels,betonlineag,BetOnline.ag,2026-10-08T12:44:24Z,2026-10-08T12:44:24Z,Ole Miss Rebels,-9.5,-110.0,2026,2026-10-08T12:44:59Z,1650,4.859768167938738,5.1971187590227865,2.162649408915952,174be7f32dd5bd9e364a40660c78a69311d1e3c8399b5fdb673b903230d43721,timestamped_live_quote,FBS vs FBS
2026-10-08T12:44:59Z,d9b77825d169fdd683f8efa7c1948a8e,2026-10-10T19:30:00Z,Vanderbilt Commodores,Ole Miss Rebels,betonlineag,BetOnline.ag,2026-10-08T12:44:24Z,2026-10-08T12:44:24Z,Vanderbilt Commodores,9.5,-110.0,2026,2026-10-08T12:44:59Z,1650,4.859768167938738,5.1971187590227865,2.162649408915952,174be7f32dd5bd9e364a40660c78a69311d1e3c8399b5fdb673b903230d43721,timestamped_live_quote,FBS vs FBS
2026-10-08T12:44:59Z,d9b77825d169fdd683f8efa7c1948a8e,2026-10-10T19:30:00Z,Vanderbilt Commodores,Ole Miss Rebels,betmgm,BetMGM,2026-10-08T12:44:43Z,2026-10-08T12:44:43Z,Ole Miss Rebels,-9.5,-110.0,2026,2026-10-08T12:44:59Z,1650,4.859768167938738,5.1971187590227865,2.162649408915952,174be7f32dd5bd9e364a40660c78a69311d1e3c8399b5fdb673b903230d43721,timestamped_live_quote,FBS vs FBS
2026-10-08T12:44:59Z,d9b77825d169fdd683f8efa7c1948a8e,2026-10-10T19:30:00Z,Vanderbilt Commodores,Ole Miss Rebels,betmgm,BetMGM,2026-10-08T12:44:43Z,2026-10-08T12:44:43Z,Vanderbilt Commodores,9.5,-108.0,2026,2026-10-08T12:44:59Z,1650,4.859768167938738,5.1971187590227865,2.162649408915952,174be7f32dd5bd9e364a40660c78a69311d1e3c8399b5fdb673b903230d43721,timestamped_live_quote,FBS vs FBS
2026-10-08T12:44:59Z,d9b77825d169fdd683f8efa7c1948a8e,2026-10-10T19:30:00Z,Vanderbilt Commodores,Ole Miss Rebels,mybookieag,MyBookie.ag,2026-10-08T12:44:42Z,2026-10-08T12:44:42Z,Ole Miss Rebels,-9.5,-110.0,2026,2026-10-08T12:44:59Z,1650,4.859768167938738,5.1971187590227865,2.162649408915952,174be7f32dd5bd9e364a40660c78a69311d1e3c8399b5fdb673b903230d43721,timestamped_live_quote,FBS vs FBS
2026-10-08T12:44:59Z,d9b77825d169fdd683f8efa7c1948a8e,2026-10-10T19:30:00Z,Vanderbilt Commodores,Ole Miss Rebels,mybookieag,MyBookie.ag,2026-10-08T12:44:42Z,2026-10-08T12:44:42Z,Vanderbilt Commodores,9.5,-110.0,2026,2026-10-08T12:44:59Z,1650,4.859768167938738,5.1971187590227865,2.162649408915952,174be7f32dd5bd9e364a40660c78a69311d1e3c8399b5fdb673b903230d43721,timestamped_live_quote,FBS vs FBS
2026-10-08T12:44:59Z,d9b77825d169fdd683f8efa7c1948a8e,2026-10-10T19:30:00Z,Vanderbilt Commodores,Ole Miss Rebels,betus,BetUS,2026-10-08T12:44:13Z,2026-10-08T12:44:13Z,Ole Miss Rebels,-9.5,-110.0,2026,2026-10-08T12:44:59Z,1650,4.859768167938738,5.1971187590227865,2.162649408915952,174be7f32dd5bd9e364a40660c78a69311d1e3c8399b5fdb673b903230d43721,timestamped_live_quote,FBS vs FBS
2026-10-08T12:44:59Z,d9b77825d169fdd683f8efa7c1948a8e,2026-10-10T19:30:00Z,Vanderbilt Commodores,Ole Miss Rebels,betus,BetUS,2026-10-08T12:44:13Z,2026-10-08T12:44:13Z,Vanderbilt Commodores,9.5,-110.0,2026,2026-10-08T12:44:59Z,1650,4.859768167938738,5.1971187590227865,2.162649408915952,174be7f32dd5bd9e364a40660c78a69311d1e3c8399b5fdb673b903230d43721,timestamped_live_quote,FBS vs FBS
2026-10-08T12:44:59Z,d9b77825d169fdd683f8efa7c1948a8e,2026-10-10T19:30:00Z,Vanderbilt Commodores,Ole Miss Rebels,bovada,Bovada,2026-10-08T12:44:12Z,2026-10-08T12:44:12Z,Ole Miss Rebels,-9.0,-110.0,2026,2026-10-08T12:44:59Z,1650,4.859768167938738,5.1971187590227865,2.162649408915952,174be7f32dd5bd9e364a40660c78a69311d1e3c8399b5fdb673b903230d43721,timestamped_live_quote,FBS vs FBS
2026-10-08T12:44:59Z,d9b77825d169fdd683f8efa7c1948a8e,2026-10-10T19:30:00Z,Vanderbilt Commodores,Ole Miss Rebels,bovada,Bovada,2026-10-08T12:44:12Z,2026-10-08T12:44:12Z,Vanderbilt Commodores,9.0,-110.0,2026,2026-10-08T12:44:59Z,1650,4.859768167938738,5.1971187590227865,2.162649408915952,174be7f32dd5bd9e364a40660c78a69311d1e3c8399b5fdb673b903230d43721,timestamped_live_quote,FBS vs FBS
2026-10-08T12:44:59Z,3ad908e99942c191b72d855b6f1b508f,2026-10-10T19:30:00Z,Oregon Ducks,UCLA Bruins,fanduel,FanDuel,2026-10-08T12:44:34Z,2026-10-08T12:44:31Z,Oregon Ducks,-11.5,-110.0,2026,2026-10-08T12:44:59Z,1650,14.13874413842672,13.84864777100308,2.79009636742364,174be7f32dd5bd9e364a40660c78a69311d1e3c8399b5fdb673b903230d43721,timestamped_live_quote,FBS vs FBS
2026-10-08T12:44:59Z,3ad908e99942c191b72d855b6f1b508f,2026-10-10T19:30:00Z,Oregon Ducks,UCLA Bruins,fanduel,FanDuel,2026-10-08T12:44:34Z,2026-10-08T12:44:31Z,UCLA Bruins,11.5,-110.0,2026,2026-10-08T12:44:59Z,1650,14.13874413842672,13.84864777100308,2.79009636742364,174be7f32dd5bd9e364a40660c78a69311d1e3c8399b5fdb673b903230d43721,timestamped_live_quote,FBS vs FBS
2026-10-08T12:44:59Z,3ad908e99942c191b72d855b6f1b508f,2026-10-10T19:30:00Z,Oregon Ducks,UCLA Bruins,draftkings,DraftKings,2026-10-08T12:44:42Z,2026-10-08T12:44:41Z,Oregon Ducks,-11.5,-110.0,2026,2026-10-08T12:44:59Z,1650,14.13874413842672,13.84864777100308,2.79009636742364,174be7f32dd5bd9e364a40660c78a69311d1e3c8399b5fdb673b903230d43721,timestamped_live_quote,FBS vs FBS
2026-10-08T12:44:59Z,3ad908e99942c191b72d855b6f1b508f,2026-10-10T19:30:00Z,Oregon Ducks,UCLA Bruins,draftkings,DraftKings,2026-10-08T12:44:42Z,2026-10-08T12:44:41Z,UCLA Bruins,11.5,-110.0,2026,2026-10-08T12:44:59Z,1650,14.13874413842672,13.84864777100308,2.79009636742364,174be7f32dd5bd9e364a40660c78a69311d1e3c8399b5fdb673b903230d43721,timestamped_live_quote,FBS vs FBS
2026-10-08T12:44:59Z,3ad908e99942c191b72d855b6f1b508f,2026-10-10T19:30:00Z,Oregon Ducks,UCLA Bruins,betrivers,BetRivers,2026-10-08T12:44:44Z,2026-10-08T12:44:44Z,Oregon Ducks,-11.5,-112.0,2026,2026-10-08T12:44:59Z,1650,14.13874413842672,13.84864777100308,2.79009636742364,174be7f32dd5bd9e364a40660c78a69311d1e3c8399b5fdb673b903230d43721,timestamped_live_quote,FBS vs FBS
2026-10-08T12:44:59Z,3ad908e99942c191b72d855b6f1b508f,2026-10-10T19:30:00Z,Oregon Ducks,UCLA Bruins,betrivers,BetRivers,2026-10-08T12:44:44Z,2026-10-08T12:44:44Z,UCLA Bruins,11.5,-112.0,2026,2026-10-08T12:44:59Z,1650,14.13874413842672,13.84864777100308,2.79009636742364,174be7f32dd5bd9e364a40660c78a69311d1e3c8399b5fdb673b903230d43721,timestamped_live_quote,FBS vs FBS
2026-10-08T12:44:59Z,3ad908e99942c191b72d855b6f1b508f,2026-10-10T19:30:00Z,Oregon Ducks,UCLA Bruins,mybookieag,MyBookie.ag,2026-10-08T12:44:42Z,2026-10-08T12:44:41Z,Oregon Ducks,-11.5,-110.0,2026,2026-10-08T12:44:59Z,1650,14.13874413842672,13.84864777100308,2.79009636742364,174be7f32dd5bd9e364a40660c78a69311d1e3c8399b5fdb673b903230d43721,timestamped_live_quote,FBS vs FBS
2026-10-08T12:44:59Z,3ad908e99942c191b72d855b6f1b508f,2026-10-10T19:30:00Z,Oregon Ducks,UCLA Bruins,mybookieag,MyBookie.ag,2026-10-08T12:44:42Z,2026-10-08T12:44:41Z,UCLA Bruins,11.5,-110.0,2026,2026-10-08T12:44:59Z,1650,14.13874413842672,13.84864777100308,2.79009636742364,174be7f32dd5bd9e364a40660c78a69311d1e3c8399b5fdb673b903230d43721,timestamped_live_quote,FBS vs FBS
2026-10-08T12:44:59Z,3ad908e99942c191b72d855b6f1b508f,2026-10-10T19:30:00Z,Oregon Ducks,UCLA Bruins,betmgm,BetMGM,2026-10-08T12:44:43Z,2026-10-08T12:44:43Z,Oregon Ducks,-12.5,-108.0,2026,2026-10-08T12:44:59Z,1650,14.13874413842672,13.84864777100308,2.79009636742364,174be7f32dd5bd9e364a40660c78a69311d1e3c8399b5fdb673b903230d43721,timestamped_live_quote,FBS vs FBS
2026-10-08T12:44:59Z,3ad908e99942c191b72d855b6f1b508f,2026-10-10T19:30:00Z,Oregon Ducks,UCLA Bruins,betmgm,BetMGM,2026-10-08T12:44:43Z,2026-10-08T12:44:43Z,UCLA Bruins,12.5,-110.0,2026,2026-10-08T12:44:59Z,1650,14.13874413842672,13.84864777100308,2.79009636742364,174be7f32dd5bd9e364a40660c78a69311d1e3c8399b5fdb673b903230d43721,timestamped_live_quote,FBS vs FBS
2026-10-08T12:44:59Z,3ad908e99942c191b72d855b6f1b508f,2026-10-10T19:30:00Z,Oregon Ducks,UCLA Bruins,betonlineag,BetOnline.ag,2026-10-08T12:44:24Z,2026-10-08T12:44:24Z,Oregon Ducks,-11.0,-110.0,2026,2026-10-08T12:44:59Z,1650,14.13874413842672,13.84864777100308,2.79009636742364,174be7f32dd5bd9e364a40660c78a69311d1e3c8399b5fdb673b903230d43721,timestamped_live_quote,FBS vs FBS
2026-10-08T12:44:59Z,3ad908e99942c191b72d855b6f1b508f,2026-10-10T19:30:00Z,Oregon Ducks,UCLA Bruins,betonlineag,BetOnline.ag,2026-10-08T12:44:24Z,2026-10-08T12:44:24Z,UCLA Bruins,11.0,-110.0,2026,2026-10-08T12:44:59Z,1650,14.13874413842672,13.84864777100308,2.79009636742364,174be7f32dd5bd9e364a40660c78a69311d1e3c8399b5fdb673b903230d43721,timestamped_live_quote,FBS vs FBS
2026-10-08T12:44:59Z,3ad908e99942c191b72d855b6f1b508f,2026-10-10T19:30:00Z,Oregon Ducks,UCLA Bruins,lowvig,LowVig.ag,2026-10-08T12:44:10Z,2026-10-08T12:44:10Z,Oregon Ducks,-11.0,-106.0,2026,2026-10-08T12:44:59Z,1650,14.13874413842672,13.84864777100308,2.79009636742364,174be7f32dd5bd9e364a40660c78a69311d1e3c8399b5fdb673b903230d43721,timestamped_live_quote,FBS vs FBS
2026-10-08T12:44:59Z,3ad908e99942c191b72d855b6f1b508f,2026-10-10T19:30:00Z,Oregon Ducks,UCLA Bruins,lowvig,LowVig.ag,2026-10-08T12:44:10Z,2026-10-08T12:44:10Z,UCLA Bruins,11.0,-106.0,2026,2026-10-08T12:44:59Z,1650,14.13874413842672,13.84864777100308,2.79009636742364,174be7f32dd5bd9e364a40660c78a69311d1e3c8399b5fdb673b903230d43721,timestamped_live_quote,FBS vs FBS
2026-10-08T12:44:59Z,3ad908e99942c191b72d855b6f1b508f,2026-10-10T19:30:00Z,Oregon Ducks,UCLA Bruins,betus,BetUS,2026-10-08T12:44:13Z,2026-10-08T12:44:13Z,Oregon Ducks,-11.5,-110.0,2026,2026-10-08T12:44:59Z,1650,14.13874413842672,13.84864777100308,2.79009636742364,174be7f32dd5bd9e364a40660c78a69311d1e3c8399b5fdb673b903230d43721,timestamped_live_quote,FBS vs FBS
2026-10-08T12:44:59Z,3ad908e99942c191b72d855b6f1b508f,2026-10-10T19:30:00Z,Oregon Ducks,UCLA Bruins,betus,BetUS,2026-10-08T12:44:13Z,2026-10-08T12:44:13Z,UCLA Bruins,11.5,-110.0,2026,2026-10-08T12:44:59Z,1650,14.13874413842672,13.84864777100308,2.79009636742364,174be7f32dd5bd9e364a40660c78a69311d1e3c8399b5fdb673b903230d43721,timestamped_live_quote,FBS vs FBS
2026-10-08T12:44:59Z,3ad908e99942c191b72d855b6f1b508f,2026-10-10T19:30:00Z,Oregon Ducks,UCLA Bruins,bovada,Bovada,2026-10-08T12:44:12Z,2026-10-08T12:44:12Z,Oregon Ducks,-11.5,-110.0,2026,2026-10-08T12:44:59Z,1650,14.13874413842672,13.84864777100308,2.79009636742364,174be7f32dd5bd9e364a40660c78a69311d1e3c8399b5fdb673b903230d43721,timestamped_live_quote,FBS vs FBS
2026-10-08T12:44:59Z,3ad908e99942c191b72d855b6f1b508f,2026-10-10T19:30:00Z,Oregon Ducks,UCLA Bruins,bovada,Bovada,2026-10-08T12:44:12Z,2026-10-08T12:44:12Z,UCLA Bruins,11.5,-110.0,2026,2026-10-08T12:44:59Z,1650,14.13874413842672,13.84864777100308,2.79009636742364,174be7f32dd5bd9e364a40660c78a69311d1e3c8399b5fdb673b903230d43721,timestamped_live_quote,FBS vs FBS
2026-10-08T12:44:59Z,80fbdc19285ed9bab284269273562eb9,2026-10-10T19:45:00Z,Temple Owls,UConn Huskies,fanduel,FanDuel,2026-10-08T12:44:35Z,2026-10-08T12:44:33Z,Temple Owls,-3.5,-110.0,2026,2026-10-08T12:44:59Z,1650,3.8705186130910056,5.026488377639148,1.3440302354518576,174be7f32dd5bd9e364a40660c78a69311d1e3c8399b5fdb673b903230d43721,timestamped_live_quote,FBS vs FBS
2026-10-08T12:44:59Z,80fbdc19285ed9bab284269273562eb9,2026-10-10T19:45:00Z,Temple Owls,UConn Huskies,fanduel,FanDuel,2026-10-08T12:44:35Z,2026-10-08T12:44:33Z,UConn Huskies,3.5,-110.0,2026,2026-10-08T12:44:59Z,1650,3.8705186130910056,5.026488377639148,1.3440302354518576,174be7f32dd5bd9e364a40660c78a69311d1e3c8399b5fdb673b903230d43721,timestamped_live_quote,FBS vs FBS
2026-10-08T12:44:59Z,80fbdc19285ed9bab284269273562eb9,2026-10-10T19:45:00Z,Temple Owls,UConn Huskies,lowvig,LowVig.ag,2026-10-08T12:44:10Z,2026-10-08T12:44:10Z,Temple Owls,-4.0,-101.0,2026,2026-10-08T12:44:59Z,1650,3.8705186130910056,5.026488377639148,1.3440302354518576,174be7f32dd5bd9e364a40660c78a69311d1e3c8399b5fdb673b903230d43721,timestamped_live_quote,FBS vs FBS
2026-10-08T12:44:59Z,80fbdc19285ed9bab284269273562eb9,2026-10-10T19:45:00Z,Temple Owls,UConn Huskies,lowvig,LowVig.ag,2026-10-08T12:44:10Z,2026-10-08T12:44:10Z,UConn Huskies,4.0,-111.0,2026,2026-10-08T12:44:59Z,1650,3.8705186130910056,5.026488377639148,1.3440302354518576,174be7f32dd5bd9e364a40660c78a69311d1e3c8399b5fdb673b903230d43721,timestamped_live_quote,FBS vs FBS
2026-10-08T12:44:59Z,80fbdc19285ed9bab284269273562eb9,2026-10-10T19:45:00Z,Temple Owls,UConn Huskies,betonlineag,BetOnline.ag,2026-10-08T12:44:24Z,2026-10-08T12:44:24Z,Temple Owls,-3.5,-108.0,2026,2026-10-08T12:44:59Z,1650,3.8705186130910056,5.026488377639148,1.3440302354518576,174be7f32dd5bd9e364a40660c78a69311d1e3c8399b5fdb673b903230d43721,timestamped_live_quote,FBS vs FBS
2026-10-08T12:44:59Z,80fbdc19285ed9bab284269273562eb9,2026-10-10T19:45:00Z,Temple Owls,UConn Huskies,betonlineag,BetOnline.ag,2026-10-08T12:44:24Z,2026-10-08T12:44:24Z,UConn Huskies,3.5,-112.0,2026,2026-10-08T12:44:59Z,1650,3.8705186130910056,5.026488377639148,1.3440302354518576,174be7f32dd5bd9e364a40660c78a69311d1e3c8399b5fdb673b903230d43721,timestamped_live_quote,FBS vs FBS
2026-10-08T12:44:59Z,80fbdc19285ed9bab284269273562eb9,2026-10-10T19:45:00Z,Temple Owls,UConn Huskies,draftkings,DraftKings,2026-10-08T12:44:42Z,2026-10-08T12:44:41Z,Temple Owls,-3.5,-112.0,2026,2026-10-08T12:44:59Z,1650,3.8705186130910056,5.026488377639148,1.3440302354518576,174be7f32dd5bd9e364a40660c78a69311d1e3c8399b5fdb673b903230d43721,timestamped_live_quote,FBS vs FBS
2026-10-08T12:44:59Z,80fbdc19285ed9bab284269273562eb9,2026-10-10T19:45:00Z,Temple Owls,UConn Huskies,draftkings,DraftKings,2026-10-08T12:44:42Z,2026-10-08T12:44:41Z,UConn Huskies,3.5,-108.0,2026,2026-10-08T12:44:59Z,1650,3.8705186130910056,5.026488377639148,1.3440302354518576,174be7f32dd5bd9e364a40660c78a69311d1e3c8399b5fdb673b903230d43721,timestamped_live_quote,FBS vs FBS
2026-10-08T12:44:59Z,80fbdc19285ed9bab284269273562eb9,2026-10-10T19:45:00Z,Temple Owls,UConn Huskies,betmgm,BetMGM,2026-10-08T12:44:43Z,2026-10-08T12:44:43Z,Temple Owls,-3.5,-108.0,2026,2026-10-08T12:44:59Z,1650,3.8705186130910056,5.026488377639148,1.3440302354518576,174be7f32dd5bd9e364a40660c78a69311d1e3c8399b5fdb673b903230d43721,timestamped_live_quote,FBS vs FBS
2026-10-08T12:44:59Z,80fbdc19285ed9bab284269273562eb9,2026-10-10T19:45:00Z,Temple Owls,UConn Huskies,betmgm,BetMGM,2026-10-08T12:44:43Z,2026-10-08T12:44:43Z,UConn Huskies,3.5,-110.0,2026,2026-10-08T12:44:59Z,1650,3.8705186130910056,5.026488377639148,1.3440302354518576,174be7f32dd5bd9e364a40660c78a69311d1e3c8399b5fdb673b903230d43721,timestamped_live_quote,FBS vs FBS
2026-10-08T12:44:59Z,80fbdc19285ed9bab284269273562eb9,2026-10-10T19:45:00Z,Temple Owls,UConn Huskies,mybookieag,MyBookie.ag,2026-10-08T12:44:42Z,2026-10-08T12:44:42Z,Temple Owls,-3.5,-110.0,2026,2026-10-08T12:44:59Z,1650,3.8705186130910056,5.026488377639148,1.3440302354518576,174be7f32dd5bd9e364a40660c78a69311d1e3c8399b5fdb673b903230d43721,timestamped_live_quote,FBS vs FBS
2026-10-08T12:44:59Z,80fbdc19285ed9bab284269273562eb9,2026-10-10T19:45:00Z,Temple Owls,UConn Huskies,mybookieag,MyBookie.ag,2026-10-08T12:44:42Z,2026-10-08T12:44:42Z,UConn Huskies,3.5,-110.0,2026,2026-10-08T12:44:59Z,1650,3.8705186130910056,5.026488377639148,1.3440302354518576,174be7f32dd5bd9e364a40660c78a69311d1e3c8399b5fdb673b903230d43721,timestamped_live_quote,FBS vs FBS
2026-10-08T12:44:59Z,80fbdc19285ed9bab284269273562eb9,2026-10-10T19:45:00Z,Temple Owls,UConn Huskies,bovada,Bovada,2026-10-08T12:44:12Z,2026-10-08T12:44:12Z,Temple Owls,-3.5,-110.0,2026,2026-10-08T12:44:59Z,1650,3.8705186130910056,5.026488377639148,1.3440302354518576,174be7f32dd5bd9e364a40660c78a69311d1e3c8399b5fdb673b903230d43721,timestamped_live_quote,FBS vs FBS
2026-10-08T12:44:59Z,80fbdc19285ed9bab284269273562eb9,2026-10-10T19:45:00Z,Temple Owls,UConn Huskies,bovada,Bovada,2026-10-08T12:44:12Z,2026-10-08T12:44:12Z,UConn Huskies,3.5,-110.0,2026,2026-10-08T12:44:59Z,1650,3.8705186130910056,5.026488377639148,1.3440302354518576,174be7f32dd5bd9e364a40660c78a69311d1e3c8399b5fdb673b903230d43721,timestamped_live_quote,FBS vs FBS
2026-10-08T12:44:59Z,80fbdc19285ed9bab284269273562eb9,2026-10-10T19:45:00Z,Temple Owls,UConn Huskies,betus,BetUS,2026-10-08T12:44:13Z,2026-10-08T12:44:13Z,Temple Owls,-3.5,-110.0,2026,2026-10-08T12:44:59Z,1650,3.8705186130910056,5.026488377639148,1.3440302354518576,174be7f32dd5bd9e364a40660c78a69311d1e3c8399b5fdb673b903230d43721,timestamped_live_quote,FBS vs FBS
2026-10-08T12:44:59Z,80fbdc19285ed9bab284269273562eb9,2026-10-10T19:45:00Z,Temple Owls,UConn Huskies,betus,BetUS,2026-10-08T12:44:13Z,2026-10-08T12:44:13Z,UConn Huskies,3.5,-110.0,2026,2026-10-08T12:44:59Z,1650,3.8705186130910056,5.026488377639148,1.3440302354518576,174be7f32dd5bd9e364a40660c78a69311d1e3c8399b5fdb673b903230d43721,timestamped_live_quote,FBS vs FBS
2026-10-08T12:44:59Z,80fbdc19285ed9bab284269273562eb9,2026-10-10T19:45:00Z,Temple Owls,UConn Huskies,betrivers,BetRivers,2026-10-08T12:44:44Z,2026-10-08T12:44:44Z,Temple Owls,-4.5,-109.0,2026,2026-10-08T12:44:59Z,1650,3.8705186130910056,5.026488377639148,1.3440302354518576,174be7f32dd5bd9e364a40660c78a69311d1e3c8399b5fdb673b903230d43721,timestamped_live_quote,FBS vs FBS
2026-10-08T12:44:59Z,80fbdc19285ed9bab284269273562eb9,2026-10-10T19:45:00Z,Temple Owls,UConn Huskies,betrivers,BetRivers,2026-10-08T12:44:44Z,2026-10-08T12:44:44Z,UConn Huskies,4.5,-113.0,2026,2026-10-08T12:44:59Z,1650,3.8705186130910056,5.026488377639148,1.3440302354518576,174be7f32dd5bd9e364a40660c78a69311d1e3c8399b5fdb673b903230d43721,timestamped_live_quote,FBS vs FBS
2026-10-08T12:44:59Z,f513c11a62ce92d74d70cf446e92e197,2026-10-10T20:00:00Z,East Carolina Pirates,Rice Owls,draftkings,DraftKings,2026-10-08T12:44:42Z,2026-10-08T12:44:41Z,East Carolina Pirates,-10.0,-110.0,2026,2026-10-08T12:44:59Z,1650,1.129940739783971,-1.7103097078763245,5.340250447660296,174be7f32dd5bd9e364a40660c78a69311d1e3c8399b5fdb673b903230d43721,timestamped_live_quote,FBS vs FBS
2026-10-08T12:44:59Z,f513c11a62ce92d74d70cf446e92e197,2026-10-10T20:00:00Z,East Carolina Pirates,Rice Owls,draftkings,DraftKings,2026-10-08T12:44:42Z,2026-10-08T12:44:41Z,Rice Owls,10.0,-110.0,2026,2026-10-08T12:44:59Z,1650,1.129940739783971,-1.7103097078763245,5.340250447660296,174be7f32dd5bd9e364a40660c78a69311d1e3c8399b5fdb673b903230d43721,timestamped_live_quote,FBS vs FBS
2026-10-08T12:44:59Z,f513c11a62ce92d74d70cf446e92e197,2026-10-10T20:00:00Z,East Carolina Pirates,Rice Owls,lowvig,LowVig.ag,2026-10-08T12:44:10Z,2026-10-08T12:44:10Z,East Carolina Pirates,-10.0,-106.0,2026,2026-10-08T12:44:59Z,1650,1.129940739783971,-1.7103097078763245,5.340250447660296,174be7f32dd5bd9e364a40660c78a69311d1e3c8399b5fdb673b903230d43721,timestamped_live_quote,FBS vs FBS
2026-10-08T12:44:59Z,f513c11a62ce92d74d70cf446e92e197,2026-10-10T20:00:00Z,East Carolina Pirates,Rice Owls,lowvig,LowVig.ag,2026-10-08T12:44:10Z,2026-10-08T12:44:10Z,Rice Owls,10.0,-106.0,2026,2026-10-08T12:44:59Z,1650,1.129940739783971,-1.7103097078763245,5.340250447660296,174be7f32dd5bd9e364a40660c78a69311d1e3c8399b5fdb673b903230d43721,timestamped_live_quote,FBS vs FBS
2026-10-08T12:44:59Z,f513c11a62ce92d74d70cf446e92e197,2026-10-10T20:00:00Z,East Carolina Pirates,Rice Owls,betonlineag,BetOnline.ag,2026-10-08T12:44:24Z,2026-10-08T12:44:24Z,East Carolina Pirates,-10.0,-110.0,2026,2026-10-08T12:44:59Z,1650,1.129940739783971,-1.7103097078763245,5.340250447660296,174be7f32dd5bd9e364a40660c78a69311d1e3c8399b5fdb673b903230d43721,timestamped_live_quote,FBS vs FBS
2026-10-08T12:44:59Z,f513c11a62ce92d74d70cf446e92e197,2026-10-10T20:00:00Z,East Carolina Pirates,Rice Owls,betonlineag,BetOnline.ag,2026-10-08T12:44:24Z,2026-10-08T12:44:24Z,Rice Owls,10.0,-110.0,2026,2026-10-08T12:44:59Z,1650,1.129940739783971,-1.7103097078763245,5.340250447660296,174be7f32dd5bd9e364a40660c78a69311d1e3c8399b5fdb673b903230d43721,timestamped_live_quote,FBS vs FBS
2026-10-08T12:44:59Z,f513c11a62ce92d74d70cf446e92e197,2026-10-10T20:00:00Z,East Carolina Pirates,Rice Owls,fanduel,FanDuel,2026-10-08T12:44:36Z,2026-10-08T12:44:33Z,East Carolina Pirates,-9.5,-115.0,2026,2026-10-08T12:44:59Z,1650,1.129940739783971,-1.7103097078763245,5.340250447660296,174be7f32dd5bd9e364a40660c78a69311d1e3c8399b5fdb673b903230d43721,timestamped_live_quote,FBS vs FBS
2026-10-08T12:44:59Z,f513c11a62ce92d74d70cf446e92e197,2026-10-10T20:00:00Z,East Carolina Pirates,Rice Owls,fanduel,FanDuel,2026-10-08T12:44:36Z,2026-10-08T12:44:33Z,Rice Owls,9.5,-105.0,2026,2026-10-08T12:44:59Z,1650,1.129940739783971,-1.7103097078763245,5.340250447660296,174be7f32dd5bd9e364a40660c78a69311d1e3c8399b5fdb673b903230d43721,timestamped_live_quote,FBS vs FBS
2026-10-08T12:44:59Z,f513c11a62ce92d74d70cf446e92e197,2026-10-10T20:00:00Z,East Carolina Pirates,Rice Owls,betmgm,BetMGM,2026-10-08T12:44:43Z,2026-10-08T12:44:43Z,East Carolina Pirates,-9.5,-110.0,2026,2026-10-08T12:44:59Z,1650,1.129940739783971,-1.7103097078763245,5.340250447660296,174be7f32dd5bd9e364a40660c78a69311d1e3c8399b5fdb673b903230d43721,timestamped_live_quote,FBS vs FBS
2026-10-08T12:44:59Z,f513c11a62ce92d74d70cf446e92e197,2026-10-10T20:00:00Z,East Carolina Pirates,Rice Owls,betmgm,BetMGM,2026-10-08T12:44:43Z,2026-10-08T12:44:43Z,Rice Owls,9.5,-108.0,2026,2026-10-08T12:44:59Z,1650,1.129940739783971,-1.7103097078763245,5.340250447660296,174be7f32dd5bd9e364a40660c78a69311d1e3c8399b5fdb673b903230d43721,timestamped_live_quote,FBS vs FBS
2026-10-08T12:44:59Z,f513c11a62ce92d74d70cf446e92e197,2026-10-10T20:00:00Z,East Carolina Pirates,Rice Owls,mybookieag,MyBookie.ag,2026-10-08T12:44:42Z,2026-10-08T12:44:42Z,East Carolina Pirates,-10.0,-110.0,2026,2026-10-08T12:44:59Z,1650,1.129940739783971,-1.7103097078763245,5.340250447660296,174be7f32dd5bd9e364a40660c78a69311d1e3c8399b5fdb673b903230d43721,timestamped_live_quote,FBS vs FBS
2026-10-08T12:44:59Z,f513c11a62ce92d74d70cf446e92e197,2026-10-10T20:00:00Z,East Carolina Pirates,Rice Owls,mybookieag,MyBookie.ag,2026-10-08T12:44:42Z,2026-10-08T12:44:42Z,Rice Owls,10.0,-110.0,2026,2026-10-08T12:44:59Z,1650,1.129940739783971,-1.7103097078763245,5.340250447660296,174be7f32dd5bd9e364a40660c78a69311d1e3c8399b5fdb673b903230d43721,timestamped_live_quote,FBS vs FBS
2026-10-08T12:44:59Z,f513c11a62ce92d74d70cf446e92e197,2026-10-10T20:00:00Z,East Carolina Pirates,Rice Owls,bovada,Bovada,2026-10-08T12:44:12Z,2026-10-08T12:44:12Z,East Carolina Pirates,-10.0,-110.0,2026,2026-10-08T12:44:59Z,1650,1.129940739783971,-1.7103097078763245,5.340250447660296,174be7f32dd5bd9e364a40660c78a69311d1e3c8399b5fdb673b903230d43721,timestamped_live_quote,FBS vs FBS
2026-10-08T12:44:59Z,f513c11a62ce92d74d70cf446e92e197,2026-10-10T20:00:00Z,East Carolina Pirates,Rice Owls,bovada,Bovada,2026-10-08T12:44:12Z,2026-10-08T12:44:12Z,Rice Owls,10.0,-110.0,2026,2026-10-08T12:44:59Z,1650,1.129940739783971,-1.7103097078763245,5.340250447660296,174be7f32dd5bd9e364a40660c78a69311d1e3c8399b5fdb673b903230d43721,timestamped_live_quote,FBS vs FBS
2026-10-08T12:44:59Z,f513c11a62ce92d74d70cf446e92e197,2026-10-10T20:00:00Z,East Carolina Pirates,Rice Owls,betus,BetUS,2026-10-08T12:44:13Z,2026-10-08T12:44:13Z,East Carolina Pirates,-10.0,-110.0,2026,2026-10-08T12:44:59Z,1650,1.129940739783971,-1.7103097078763245,5.340250447660296,174be7f32dd5bd9e364a40660c78a69311d1e3c8399b5fdb673b903230d43721,timestamped_live_quote,FBS vs FBS
2026-10-08T12:44:59Z,f513c11a62ce92d74d70cf446e92e197,2026-10-10T20:00:00Z,East Carolina Pirates,Rice Owls,betus,BetUS,2026-10-08T12:44:13Z,2026-10-08T12:44:13Z,Rice Owls,10.0,-110.0,2026,2026-10-08T12:44:59Z,1650,1.129940739783971,-1.7103097078763245,5.340250447660296,174be7f32dd5bd9e364a40660c78a69311d1e3c8399b5fdb673b903230d43721,timestamped_live_quote,FBS vs FBS
2026-10-08T12:44:59Z,f513c11a62ce92d74d70cf446e92e197,2026-10-10T20:00:00Z,East Carolina Pirates,Rice Owls,betrivers,BetRivers,2026-10-08T12:44:44Z,2026-10-08T12:44:44Z,East Carolina Pirates,-10.5,-109.0,2026,2026-10-08T12:44:59Z,1650,1.129940739783971,-1.7103097078763245,5.340250447660296,174be7f32dd5bd9e364a40660c78a69311d1e3c8399b5fdb673b903230d43721,timestamped_live_quote,FBS vs FBS
2026-10-08T12:44:59Z,f513c11a62ce92d74d70cf446e92e197,2026-10-10T20:00:00Z,East Carolina Pirates,Rice Owls,betrivers,BetRivers,2026-10-08T12:44:44Z,2026-10-08T12:44:44Z,Rice Owls,10.5,-114.0,2026,2026-10-08T12:44:59Z,1650,1.129940739783971,-1.7103097078763245,5.340250447660296,174be7f32dd5bd9e364a40660c78a69311d1e3c8399b5fdb673b903230d43721,timestamped_live_quote,FBS vs FBS
2026-10-08T12:44:59Z,0dd06b09349f56ce8dfc2d61d5fcd042,2026-10-10T20:15:00Z,Arkansas Razorbacks,Tennessee Volunteers,fanduel,FanDuel,2026-10-08T12:44:36Z,2026-10-08T12:44:33Z,Arkansas Razorbacks,13.5,-110.0,2026,2026-10-08T12:44:59Z,1650,0.6870188189834519,13.833156766099652,-10.6461379471162,174be7f32dd5bd9e364a40660c78a69311d1e3c8399b5fdb673b903230d43721,timestamped_live_quote,FBS vs FBS
2026-10-08T12:44:59Z,0dd06b09349f56ce8dfc2d61d5fcd042,2026-10-10T20:15:00Z,Arkansas Razorbacks,Tennessee Volunteers,fanduel,FanDuel,2026-10-08T12:44:36Z,2026-10-08T12:44:33Z,Tennessee Volunteers,-13.5,-110.0,2026,2026-10-08T12:44:59Z,1650,0.6870188189834519,13.833156766099652,-10.6461379471162,174be7f32dd5bd9e364a40660c78a69311d1e3c8399b5fdb673b903230d43721,timestamped_live_quote,FBS vs FBS
2026-10-08T12:44:59Z,0dd06b09349f56ce8dfc2d61d5fcd042,2026-10-10T20:15:00Z,Arkansas Razorbacks,Tennessee Volunteers,betrivers,BetRivers,2026-10-08T12:44:44Z,2026-10-08T12:44:44Z,Arkansas Razorbacks,13.5,-112.0,2026,2026-10-08T12:44:59Z,1650,0.6870188189834519,13.833156766099652,-10.6461379471162,174be7f32dd5bd9e364a40660c78a69311d1e3c8399b5fdb673b903230d43721,timestamped_live_quote,FBS vs FBS
2026-10-08T12:44:59Z,0dd06b09349f56ce8dfc2d61d5fcd042,2026-10-10T20:15:00Z,Arkansas Razorbacks,Tennessee Volunteers,betrivers,BetRivers,2026-10-08T12:44:44Z,2026-10-08T12:44:44Z,Tennessee Volunteers,-13.5,-112.0,2026,2026-10-08T12:44:59Z,1650,0.6870188189834519,13.833156766099652,-10.6461379471162,174be7f32dd5bd9e364a40660c78a69311d1e3c8399b5fdb673b903230d43721,timestamped_live_quote,FBS vs FBS
2026-10-08T12:44:59Z,0dd06b09349f56ce8dfc2d61d5fcd042,2026-10-10T20:15:00Z,Arkansas Razorbacks,Tennessee Volunteers,betmgm,BetMGM,2026-10-08T12:44:43Z,2026-10-08T12:44:43Z,Arkansas Razorbacks,13.5,-105.0,2026,2026-10-08T12:44:59Z,1650,0.6870188189834519,13.833156766099652,-10.6461379471162,174be7f32dd5bd9e364a40660c78a69311d1e3c8399b5fdb673b903230d43721,timestamped_live_quote,FBS vs FBS
2026-10-08T12:44:59Z,0dd06b09349f56ce8dfc2d61d5fcd042,2026-10-10T20:15:00Z,Arkansas Razorbacks,Tennessee Volunteers,betmgm,BetMGM,2026-10-08T12:44:43Z,2026-10-08T12:44:43Z,Tennessee Volunteers,-13.5,-112.0,2026,2026-10-08T12:44:59Z,1650,0.6870188189834519,13.833156766099652,-10.6461379471162,174be7f32dd5bd9e364a40660c78a69311d1e3c8399b5fdb673b903230d43721,timestamped_live_quote,FBS vs FBS
2026-10-08T12:44:59Z,0dd06b09349f56ce8dfc2d61d5fcd042,2026-10-10T20:15:00Z,Arkansas Razorbacks,Tennessee Volunteers,draftkings,DraftKings,2026-10-08T12:44:42Z,2026-10-08T12:44:41Z,Arkansas Razorbacks,13.5,-110.0,2026,2026-10-08T12:44:59Z,1650,0.6870188189834519,13.833156766099652,-10.6461379471162,174be7f32dd5bd9e364a40660c78a69311d1e3c8399b5fdb673b903230d43721,timestamped_live_quote,FBS vs FBS
2026-10-08T12:44:59Z,0dd06b09349f56ce8dfc2d61d5fcd042,2026-10-10T20:15:00Z,Arkansas Razorbacks,Tennessee Volunteers,draftkings,DraftKings,2026-10-08T12:44:42Z,2026-10-08T12:44:41Z,Tennessee Volunteers,-13.5,-110.0,2026,2026-10-08T12:44:59Z,1650,0.6870188189834519,13.833156766099652,-10.6461379471162,174be7f32dd5bd9e364a40660c78a69311d1e3c8399b5fdb673b903230d43721,timestamped_live_quote,FBS vs FBS
2026-10-08T12:44:59Z,0dd06b09349f56ce8dfc2d61d5fcd042,2026-10-10T20:15:00Z,Arkansas Razorbacks,Tennessee Volunteers,lowvig,LowVig.ag,2026-10-08T12:44:10Z,2026-10-08T12:44:10Z,Arkansas Razorbacks,13.5,-103.0,2026,2026-10-08T12:44:59Z,1650,0.6870188189834519,13.833156766099652,-10.6461379471162,174be7f32dd5bd9e364a40660c78a69311d1e3c8399b5fdb673b903230d43721,timestamped_live_quote,FBS vs FBS
2026-10-08T12:44:59Z,0dd06b09349f56ce8dfc2d61d5fcd042,2026-10-10T20:15:00Z,Arkansas Razorbacks,Tennessee Volunteers,lowvig,LowVig.ag,2026-10-08T12:44:10Z,2026-10-08T12:44:10Z,Tennessee Volunteers,-13.5,-109.0,2026,2026-10-08T12:44:59Z,1650,0.6870188189834519,13.833156766099652,-10.6461379471162,174be7f32dd5bd9e364a40660c78a69311d1e3c8399b5fdb673b903230d43721,timestamped_live_quote,FBS vs FBS
2026-10-08T12:44:59Z,0dd06b09349f56ce8dfc2d61d5fcd042,2026-10-10T20:15:00Z,Arkansas Razorbacks,Tennessee Volunteers,betonlineag,BetOnline.ag,2026-10-08T12:44:24Z,2026-10-08T12:44:24Z,Arkansas Razorbacks,13.5,-107.0,2026,2026-10-08T12:44:59Z,1650,0.6870188189834519,13.833156766099652,-10.6461379471162,174be7f32dd5bd9e364a40660c78a69311d1e3c8399b5fdb673b903230d43721,timestamped_live_quote,FBS vs FBS
2026-10-08T12:44:59Z,0dd06b09349f56ce8dfc2d61d5fcd042,2026-10-10T20:15:00Z,Arkansas Razorbacks,Tennessee Volunteers,betonlineag,BetOnline.ag,2026-10-08T12:44:24Z,2026-10-08T12:44:24Z,Tennessee Volunteers,-13.5,-113.0,2026,2026-10-08T12:44:59Z,1650,0.6870188189834519,13.833156766099652,-10.6461379471162,174be7f32dd5bd9e364a40660c78a69311d1e3c8399b5fdb673b903230d43721,timestamped_live_quote,FBS vs FBS
2026-10-08T12:44:59Z,0dd06b09349f56ce8dfc2d61d5fcd042,2026-10-10T20:15:00Z,Arkansas Razorbacks,Tennessee Volunteers,mybookieag,MyBookie.ag,2026-10-08T12:44:42Z,2026-10-08T12:44:42Z,Arkansas Razorbacks,13.5,-110.0,2026,2026-10-08T12:44:59Z,1650,0.6870188189834519,13.833156766099652,-10.6461379471162,174be7f32dd5bd9e364a40660c78a69311d1e3c8399b5fdb673b903230d43721,timestamped_live_quote,FBS vs FBS
2026-10-08T12:44:59Z,0dd06b09349f56ce8dfc2d61d5fcd042,2026-10-10T20:15:00Z,Arkansas Razorbacks,Tennessee Volunteers,mybookieag,MyBookie.ag,2026-10-08T12:44:42Z,2026-10-08T12:44:42Z,Tennessee Volunteers,-13.5,-110.0,2026,2026-10-08T12:44:59Z,1650,0.6870188189834519,13.833156766099652,-10.6461379471162,174be7f32dd5bd9e364a40660c78a69311d1e3c8399b5fdb673b903230d43721,timestamped_live_quote,FBS vs FBS
2026-10-08T12:44:59Z,0dd06b09349f56ce8dfc2d61d5fcd042,2026-10-10T20:15:00Z,Arkansas Razorbacks,Tennessee Volunteers,betus,BetUS,2026-10-08T12:44:13Z,2026-10-08T12:44:13Z,Arkansas Razorbacks,13.5,-110.0,2026,2026-10-08T12:44:59Z,1650,0.6870188189834519,13.833156766099652,-10.6461379471162,174be7f32dd5bd9e364a40660c78a69311d1e3c8399b5fdb673b903230d43721,timestamped_live_quote,FBS vs FBS
2026-10-08T12:44:59Z,0dd06b09349f56ce8dfc2d61d5fcd042,2026-10-10T20:15:00Z,Arkansas Razorbacks,Tennessee Volunteers,betus,BetUS,2026-10-08T12:44:13Z,2026-10-08T12:44:13Z,Tennessee Volunteers,-13.5,-110.0,2026,2026-10-08T12:44:59Z,1650,0.6870188189834519,13.833156766099652,-10.6461379471162,174be7f32dd5bd9e364a40660c78a69311d1e3c8399b5fdb673b903230d43721,timestamped_live_quote,FBS vs FBS
2026-10-08T12:44:59Z,0dd06b09349f56ce8dfc2d61d5fcd042,2026-10-10T20:15:00Z,Arkansas Razorbacks,Tennessee Volunteers,bovada,Bovada,2026-10-08T12:44:12Z,2026-10-08T12:44:12Z,Arkansas Razorbacks,13.5,-110.0,2026,2026-10-08T12:44:59Z,1650,0.6870188189834519,13.833156766099652,-10.6461379471162,174be7f32dd5bd9e364a40660c78a69311d1e3c8399b5fdb673b903230d43721,timestamped_live_quote,FBS vs FBS
2026-10-08T12:44:59Z,0dd06b09349f56ce8dfc2d61d5fcd042,2026-10-10T20:15:00Z,Arkansas Razorbacks,Tennessee Volunteers,bovada,Bovada,2026-10-08T12:44:12Z,2026-10-08T12:44:12Z,Tennessee Volunteers,-13.5,-110.0,2026,2026-10-08T12:44:59Z,1650,0.6870188189834519,13.833156766099652,-10.6461379471162,174be7f32dd5bd9e364a40660c78a69311d1e3c8399b5fdb673b903230d43721,timestamped_live_quote,FBS vs FBS
2026-10-08T12:44:59Z,031164b8d704599d8023a3e104f9a6c0,2026-10-10T20:15:00Z,Ohio State Buckeyes,Maryland Terrapins,draftkings,DraftKings,2026-10-08T12:44:42Z,2026-10-08T12:44:41Z,Maryland Terrapins,34.5,-108.0,2026,2026-10-08T12:44:59Z,1650,17.957844826413176,3.402692706222994,17.055152120190183,174be7f32dd5bd9e364a40660c78a69311d1e3c8399b5fdb673b903230d43721,timestamped_live_quote,FBS vs FBS
2026-10-08T12:44:59Z,031164b8d704599d8023a3e104f9a6c0,2026-10-10T20:15:00Z,Ohio State Buckeyes,Maryland Terrapins,draftkings,DraftKings,2026-10-08T12:44:42Z,2026-10-08T12:44:41Z,Ohio State Buckeyes,-34.5,-112.0,2026,2026-10-08T12:44:59Z,1650,17.957844826413176,3.402692706222994,17.055152120190183,174be7f32dd5bd9e364a40660c78a69311d1e3c8399b5fdb673b903230d43721,timestamped_live_quote,FBS vs FBS
2026-10-08T12:44:59Z,031164b8d704599d8023a3e104f9a6c0,2026-10-10T20:15:00Z,Ohio State Buckeyes,Maryland Terrapins,fanduel,FanDuel,2026-10-08T12:44:36Z,2026-10-08T12:44:34Z,Maryland Terrapins,34.5,-110.0,2026,2026-10-08T12:44:59Z,1650,17.957844826413176,3.402692706222994,17.055152120190183,174be7f32dd5bd9e364a40660c78a69311d1e3c8399b5fdb673b903230d43721,timestamped_live_quote,FBS vs FBS
2026-10-08T12:44:59Z,031164b8d704599d8023a3e104f9a6c0,2026-10-10T20:15:00Z,Ohio State Buckeyes,Maryland Terrapins,fanduel,FanDuel,2026-10-08T12:44:36Z,2026-10-08T12:44:34Z,Ohio State Buckeyes,-34.5,-110.0,2026,2026-10-08T12:44:59Z,1650,17.957844826413176,3.402692706222994,17.055152120190183,174be7f32dd5bd9e364a40660c78a69311d1e3c8399b5fdb673b903230d43721,timestamped_live_quote,FBS vs FBS
2026-10-08T12:44:59Z,031164b8d704599d8023a3e104f9a6c0,2026-10-10T20:15:00Z,Ohio State Buckeyes,Maryland Terrapins,betrivers,BetRivers,2026-10-08T12:44:44Z,2026-10-08T12:44:44Z,Maryland Terrapins,34.5,-109.0,2026,2026-10-08T12:44:59Z,1650,17.957844826413176,3.402692706222994,17.055152120190183,174be7f32dd5bd9e364a40660c78a69311d1e3c8399b5fdb673b903230d43721,timestamped_live_quote,FBS vs FBS
2026-10-08T12:44:59Z,031164b8d704599d8023a3e104f9a6c0,2026-10-10T20:15:00Z,Ohio State Buckeyes,Maryland Terrapins,betrivers,BetRivers,2026-10-08T12:44:44Z,2026-10-08T12:44:44Z,Ohio State Buckeyes,-34.5,-114.0,2026,2026-10-08T12:44:59Z,1650,17.957844826413176,3.402692706222994,17.055152120190183,174be7f32dd5bd9e364a40660c78a69311d1e3c8399b5fdb673b903230d43721,timestamped_live_quote,FBS vs FBS
2026-10-08T12:44:59Z,031164b8d704599d8023a3e104f9a6c0,2026-10-10T20:15:00Z,Ohio State Buckeyes,Maryland Terrapins,betmgm,BetMGM,2026-10-08T12:44:43Z,2026-10-08T12:44:43Z,Maryland Terrapins,34.5,-110.0,2026,2026-10-08T12:44:59Z,1650,17.957844826413176,3.402692706222994,17.055152120190183,174be7f32dd5bd9e364a40660c78a69311d1e3c8399b5fdb673b903230d43721,timestamped_live_quote,FBS vs FBS
2026-10-08T12:44:59Z,031164b8d704599d8023a3e104f9a6c0,2026-10-10T20:15:00Z,Ohio State Buckeyes,Maryland Terrapins,betmgm,BetMGM,2026-10-08T12:44:43Z,2026-10-08T12:44:43Z,Ohio State Buckeyes,-34.5,-108.0,2026,2026-10-08T12:44:59Z,1650,17.957844826413176,3.402692706222994,17.055152120190183,174be7f32dd5bd9e364a40660c78a69311d1e3c8399b5fdb673b903230d43721,timestamped_live_quote,FBS vs FBS
2026-10-08T12:44:59Z,031164b8d704599d8023a3e104f9a6c0,2026-10-10T20:15:00Z,Ohio State Buckeyes,Maryland Terrapins,lowvig,LowVig.ag,2026-10-08T12:44:10Z,2026-10-08T12:44:10Z,Maryland Terrapins,34.0,-106.0,2026,2026-10-08T12:44:59Z,1650,17.957844826413176,3.402692706222994,17.055152120190183,174be7f32dd5bd9e364a40660c78a69311d1e3c8399b5fdb673b903230d43721,timestamped_live_quote,FBS vs FBS
2026-10-08T12:44:59Z,031164b8d704599d8023a3e104f9a6c0,2026-10-10T20:15:00Z,Ohio State Buckeyes,Maryland Terrapins,lowvig,LowVig.ag,2026-10-08T12:44:10Z,2026-10-08T12:44:10Z,Ohio State Buckeyes,-34.0,-106.0,2026,2026-10-08T12:44:59Z,1650,17.957844826413176,3.402692706222994,17.055152120190183,174be7f32dd5bd9e364a40660c78a69311d1e3c8399b5fdb673b903230d43721,timestamped_live_quote,FBS vs FBS
2026-10-08T12:44:59Z,031164b8d704599d8023a3e104f9a6c0,2026-10-10T20:15:00Z,Ohio State Buckeyes,Maryland Terrapins,betonlineag,BetOnline.ag,2026-10-08T12:44:24Z,2026-10-08T12:44:24Z,Maryland Terrapins,34.0,-110.0,2026,2026-10-08T12:44:59Z,1650,17.957844826413176,3.402692706222994,17.055152120190183,174be7f32dd5bd9e364a40660c78a69311d1e3c8399b5fdb673b903230d43721,timestamped_live_quote,FBS vs FBS
2026-10-08T12:44:59Z,031164b8d704599d8023a3e104f9a6c0,2026-10-10T20:15:00Z,Ohio State Buckeyes,Maryland Terrapins,betonlineag,BetOnline.ag,2026-10-08T12:44:24Z,2026-10-08T12:44:24Z,Ohio State Buckeyes,-34.0,-110.0,2026,2026-10-08T12:44:59Z,1650,17.957844826413176,3.402692706222994,17.055152120190183,174be7f32dd5bd9e364a40660c78a69311d1e3c8399b5fdb673b903230d43721,timestamped_live_quote,FBS vs FBS
2026-10-08T12:44:59Z,031164b8d704599d8023a3e104f9a6c0,2026-10-10T20:15:00Z,Ohio State Buckeyes,Maryland Terrapins,bovada,Bovada,2026-10-08T12:44:12Z,2026-10-08T12:44:12Z,Maryland Terrapins,34.5,-110.0,2026,2026-10-08T12:44:59Z,1650,17.957844826413176,3.402692706222994,17.055152120190183,174be7f32dd5bd9e364a40660c78a69311d1e3c8399b5fdb673b903230d43721,timestamped_live_quote,FBS vs FBS
2026-10-08T12:44:59Z,031164b8d704599d8023a3e104f9a6c0,2026-10-10T20:15:00Z,Ohio State Buckeyes,Maryland Terrapins,bovada,Bovada,2026-10-08T12:44:12Z,2026-10-08T12:44:12Z,Ohio State Buckeyes,-34.5,-110.0,2026,2026-10-08T12:44:59Z,1650,17.957844826413176,3.402692706222994,17.055152120190183,174be7f32dd5bd9e364a40660c78a69311d1e3c8399b5fdb673b903230d43721,timestamped_live_quote,FBS vs FBS
2026-10-08T12:44:59Z,031164b8d704599d8023a3e104f9a6c0,2026-10-10T20:15:00Z,Ohio State Buckeyes,Maryland Terrapins,betus,BetUS,2026-10-08T12:44:13Z,2026-10-08T12:44:13Z,Maryland Terrapins,34.0,-110.0,2026,2026-10-08T12:44:59Z,1650,17.957844826413176,3.402692706222994,17.055152120190183,174be7f32dd5bd9e364a40660c78a69311d1e3c8399b5fdb673b903230d43721,timestamped_live_quote,FBS vs FBS
2026-10-08T12:44:59Z,031164b8d704599d8023a3e104f9a6c0,2026-10-10T20:15:00Z,Ohio State Buckeyes,Maryland Terrapins,betus,BetUS,2026-10-08T12:44:13Z,2026-10-08T12:44:13Z,Ohio State Buckeyes,-34.0,-110.0,2026,2026-10-08T12:44:59Z,1650,17.957844826413176,3.402692706222994,17.055152120190183,174be7f32dd5bd9e364a40660c78a69311d1e3c8399b5fdb673b903230d43721,timestamped_live_quote,FBS vs FBS
2026-10-08T12:44:59Z,6e4d435e9afc8a6db1162d2057d74acb,2026-10-10T22:00:00Z,Oregon State Beavers,San Diego State Aztecs,fanduel,FanDuel,2026-10-08T12:44:36Z,2026-10-08T12:44:33Z,Oregon State Beavers,-14.5,-115.0,2026,2026-10-08T12:44:59Z,1650,10.466719783649067,0.45276333655823925,12.513956447090827,174be7f32dd5bd9e364a40660c78a69311d1e3c8399b5fdb673b903230d43721,timestamped_live_quote,FBS vs FBS
2026-10-08T12:44:59Z,6e4d435e9afc8a6db1162d2057d74acb,2026-10-10T22:00:00Z,Oregon State Beavers,San Diego State Aztecs,fanduel,FanDuel,2026-10-08T12:44:36Z,2026-10-08T12:44:33Z,San Diego State Aztecs,14.5,-105.0,2026,2026-10-08T12:44:59Z,1650,10.466719783649067,0.45276333655823925,12.513956447090827,174be7f32dd5bd9e364a40660c78a69311d1e3c8399b5fdb673b903230d43721,timestamped_live_quote,FBS vs FBS
2026-10-08T12:44:59Z,6e4d435e9afc8a6db1162d2057d74acb,2026-10-10T22:00:00Z,Oregon State Beavers,San Diego State Aztecs,betrivers,BetRivers,2026-10-08T12:44:44Z,2026-10-08T12:44:44Z,Oregon State Beavers,-15.0,-110.0,2026,2026-10-08T12:44:59Z,1650,10.466719783649067,0.45276333655823925,12.513956447090827,174be7f32dd5bd9e364a40660c78a69311d1e3c8399b5fdb673b903230d43721,timestamped_live_quote,FBS vs FBS
2026-10-08T12:44:59Z,6e4d435e9afc8a6db1162d2057d74acb,2026-10-10T22:00:00Z,Oregon State Beavers,San Diego State Aztecs,betrivers,BetRivers,2026-10-08T12:44:44Z,2026-10-08T12:44:44Z,San Diego State Aztecs,15.0,-113.0,2026,2026-10-08T12:44:59Z,1650,10.466719783649067,0.45276333655823925,12.513956447090827,174be7f32dd5bd9e364a40660c78a69311d1e3c8399b5fdb673b903230d43721,timestamped_live_quote,FBS vs FBS
2026-10-08T12:44:59Z,6e4d435e9afc8a6db1162d2057d74acb,2026-10-10T22:00:00Z,Oregon State Beavers,San Diego State Aztecs,betmgm,BetMGM,2026-10-08T12:44:43Z,2026-10-08T12:44:43Z,Oregon State Beavers,-16.5,-108.0,2026,2026-10-08T12:44:59Z,1650,10.466719783649067,0.45276333655823925,12.513956447090827,174be7f32dd5bd9e364a40660c78a69311d1e3c8399b5fdb673b903230d43721,timestamped_live_quote,FBS vs FBS
2026-10-08T12:44:59Z,6e4d435e9afc8a6db1162d2057d74acb,2026-10-10T22:00:00Z,Oregon State Beavers,San Diego State Aztecs,betmgm,BetMGM,2026-10-08T12:44:43Z,2026-10-08T12:44:43Z,San Diego State Aztecs,16.5,-110.0,2026,2026-10-08T12:44:59Z,1650,10.466719783649067,0.45276333655823925,12.513956447090827,174be7f32dd5bd9e364a40660c78a69311d1e3c8399b5fdb673b903230d43721,timestamped_live_quote,FBS vs FBS
2026-10-08T12:44:59Z,6e4d435e9afc8a6db1162d2057d74acb,2026-10-10T22:00:00Z,Oregon State Beavers,San Diego State Aztecs,lowvig,LowVig.ag,2026-10-08T12:44:10Z,2026-10-08T12:44:10Z,Oregon State Beavers,-14.5,-116.0,2026,2026-10-08T12:44:59Z,1650,10.466719783649067,0.45276333655823925,12.513956447090827,174be7f32dd5bd9e364a40660c78a69311d1e3c8399b5fdb673b903230d43721,timestamped_live_quote,FBS vs FBS
2026-10-08T12:44:59Z,6e4d435e9afc8a6db1162d2057d74acb,2026-10-10T22:00:00Z,Oregon State Beavers,San Diego State Aztecs,lowvig,LowVig.ag,2026-10-08T12:44:10Z,2026-10-08T12:44:10Z,San Diego State Aztecs,14.5,104.0,2026,2026-10-08T12:44:59Z,1650,10.466719783649067,0.45276333655823925,12.513956447090827,174be7f32dd5bd9e364a40660c78a69311d1e3c8399b5fdb673b903230d43721,timestamped_live_quote,FBS vs FBS
2026-10-08T12:44:59Z,6e4d435e9afc8a6db1162d2057d74acb,2026-10-10T22:00:00Z,Oregon State Beavers,San Diego State Aztecs,betonlineag,BetOnline.ag,2026-10-08T12:44:24Z,2026-10-08T12:44:24Z,Oregon State Beavers,-14.5,-120.0,2026,2026-10-08T12:44:59Z,1650,10.466719783649067,0.45276333655823925,12.513956447090827,174be7f32dd5bd9e364a40660c78a69311d1e3c8399b5fdb673b903230d43721,timestamped_live_quote,FBS vs FBS
2026-10-08T12:44:59Z,6e4d435e9afc8a6db1162d2057d74acb,2026-10-10T22:00:00Z,Oregon State Beavers,San Diego State Aztecs,betonlineag,BetOnline.ag,2026-10-08T12:44:24Z,2026-10-08T12:44:24Z,San Diego State Aztecs,14.5,100.0,2026,2026-10-08T12:44:59Z,1650,10.466719783649067,0.45276333655823925,12.513956447090827,174be7f32dd5bd9e364a40660c78a69311d1e3c8399b5fdb673b903230d43721,timestamped_live_quote,FBS vs FBS
2026-10-08T12:44:59Z,6e4d435e9afc8a6db1162d2057d74acb,2026-10-10T22:00:00Z,Oregon State Beavers,San Diego State Aztecs,draftkings,DraftKings,2026-10-08T12:44:42Z,2026-10-08T12:44:41Z,Oregon State Beavers,-15.5,-108.0,2026,2026-10-08T12:44:59Z,1650,10.466719783649067,0.45276333655823925,12.513956447090827,174be7f32dd5bd9e364a40660c78a69311d1e3c8399b5fdb673b903230d43721,timestamped_live_quote,FBS vs FBS
2026-10-08T12:44:59Z,6e4d435e9afc8a6db1162d2057d74acb,2026-10-10T22:00:00Z,Oregon State Beavers,San Diego State Aztecs,draftkings,DraftKings,2026-10-08T12:44:42Z,2026-10-08T12:44:41Z,San Diego State Aztecs,15.5,-112.0,2026,2026-10-08T12:44:59Z,1650,10.466719783649067,0.45276333655823925,12.513956447090827,174be7f32dd5bd9e364a40660c78a69311d1e3c8399b5fdb673b903230d43721,timestamped_live_quote,FBS vs FBS
2026-10-08T12:44:59Z,6e4d435e9afc8a6db1162d2057d74acb,2026-10-10T22:00:00Z,Oregon State Beavers,San Diego State Aztecs,mybookieag,MyBookie.ag,2026-10-08T12:44:42Z,2026-10-08T12:44:41Z,Oregon State Beavers,-15.5,-110.0,2026,2026-10-08T12:44:59Z,1650,10.466719783649067,0.45276333655823925,12.513956447090827,174be7f32dd5bd9e364a40660c78a69311d1e3c8399b5fdb673b903230d43721,timestamped_live_quote,FBS vs FBS
2026-10-08T12:44:59Z,6e4d435e9afc8a6db1162d2057d74acb,2026-10-10T22:00:00Z,Oregon State Beavers,San Diego State Aztecs,mybookieag,MyBookie.ag,2026-10-08T12:44:42Z,2026-10-08T12:44:41Z,San Diego State Aztecs,15.5,-110.0,2026,2026-10-08T12:44:59Z,1650,10.466719783649067,0.45276333655823925,12.513956447090827,174be7f32dd5bd9e364a40660c78a69311d1e3c8399b5fdb673b903230d43721,timestamped_live_quote,FBS vs FBS
2026-10-08T12:44:59Z,6e4d435e9afc8a6db1162d2057d74acb,2026-10-10T22:00:00Z,Oregon State Beavers,San Diego State Aztecs,betus,BetUS,2026-10-08T12:44:13Z,2026-10-08T12:44:13Z,Oregon State Beavers,-15.0,-110.0,2026,2026-10-08T12:44:59Z,1650,10.466719783649067,0.45276333655823925,12.513956447090827,174be7f32dd5bd9e364a40660c78a69311d1e3c8399b5fdb673b903230d43721,timestamped_live_quote,FBS vs FBS
2026-10-08T12:44:59Z,6e4d435e9afc8a6db1162d2057d74acb,2026-10-10T22:00:00Z,Oregon State Beavers,San Diego State Aztecs,betus,BetUS,2026-10-08T12:44:13Z,2026-10-08T12:44:13Z,San Diego State Aztecs,15.0,-110.0,2026,2026-10-08T12:44:59Z,1650,10.466719783649067,0.45276333655823925,12.513956447090827,174be7f32dd5bd9e364a40660c78a69311d1e3c8399b5fdb673b903230d43721,timestamped_live_quote,FBS vs FBS
2026-10-08T12:44:59Z,6e4d435e9afc8a6db1162d2057d74acb,2026-10-10T22:00:00Z,Oregon State Beavers,San Diego State Aztecs,bovada,Bovada,2026-10-08T12:44:12Z,2026-10-08T12:44:12Z,Oregon State Beavers,-15.5,-110.0,2026,2026-10-08T12:44:59Z,1650,10.466719783649067,0.45276333655823925,12.513956447090827,174be7f32dd5bd9e364a40660c78a69311d1e3c8399b5fdb673b903230d43721,timestamped_live_quote,FBS vs FBS
2026-10-08T12:44:59Z,6e4d435e9afc8a6db1162d2057d74acb,2026-10-10T22:00:00Z,Oregon State Beavers,San Diego State Aztecs,bovada,Bovada,2026-10-08T12:44:12Z,2026-10-08T12:44:12Z,San Diego State Aztecs,15.5,-110.0,2026,2026-10-08T12:44:59Z,1650,10.466719783649067,0.45276333655823925,12.513956447090827,174be7f32dd5bd9e364a40660c78a69311d1e3c8399b5fdb673b903230d43721,timestamped_live_quote,FBS vs FBS
2026-10-08T12:44:59Z,21a7dc0df1a77eb87cc985e844095cf0,2026-10-10T23:00:00Z,Marshall Thundering Herd,Coastal Carolina Chanticleers,draftkings,DraftKings,2026-10-08T12:44:42Z,2026-10-08T12:44:41Z,Coastal Carolina Chanticleers,4.0,-112.0,2026,2026-10-08T12:44:59Z,1650,-4.5631898975619,0.5622261985942115,-2.625416096156111,174be7f32dd5bd9e364a40660c78a69311d1e3c8399b5fdb673b903230d43721,timestamped_live_quote,FBS vs FBS
2026-10-08T12:44:59Z,21a7dc0df1a77eb87cc985e844095cf0,2026-10-10T23:00:00Z,Marshall Thundering Herd,Coastal Carolina Chanticleers,draftkings,DraftKings,2026-10-08T12:44:42Z,2026-10-08T12:44:41Z,Marshall Thundering Herd,-4.0,-108.0,2026,2026-10-08T12:44:59Z,1650,-4.5631898975619,0.5622261985942115,-2.625416096156111,174be7f32dd5bd9e364a40660c78a69311d1e3c8399b5fdb673b903230d43721,timestamped_live_quote,FBS vs FBS
2026-10-08T12:44:59Z,21a7dc0df1a77eb87cc985e844095cf0,2026-10-10T23:00:00Z,Marshall Thundering Herd,Coastal Carolina Chanticleers,fanduel,FanDuel,2026-10-08T12:44:36Z,2026-10-08T12:44:33Z,Coastal Carolina Chanticleers,3.5,-114.0,2026,2026-10-08T12:44:59Z,1650,-4.5631898975619,0.5622261985942115,-2.625416096156111,174be7f32dd5bd9e364a40660c78a69311d1e3c8399b5fdb673b903230d43721,timestamped_live_quote,FBS vs FBS
2026-10-08T12:44:59Z,21a7dc0df1a77eb87cc985e844095cf0,2026-10-10T23:00:00Z,Marshall Thundering Herd,Coastal Carolina Chanticleers,fanduel,FanDuel,2026-10-08T12:44:36Z,2026-10-08T12:44:33Z,Marshall Thundering Herd,-3.5,-106.0,2026,2026-10-08T12:44:59Z,1650,-4.5631898975619,0.5622261985942115,-2.625416096156111,174be7f32dd5bd9e364a40660c78a69311d1e3c8399b5fdb673b903230d43721,timestamped_live_quote,FBS vs FBS
2026-10-08T12:44:59Z,21a7dc0df1a77eb87cc985e844095cf0,2026-10-10T23:00:00Z,Marshall Thundering Herd,Coastal Carolina Chanticleers,lowvig,LowVig.ag,2026-10-08T12:44:10Z,2026-10-08T12:44:10Z,Coastal Carolina Chanticleers,4.0,-106.0,2026,2026-10-08T12:44:59Z,1650,-4.5631898975619,0.5622261985942115,-2.625416096156111,174be7f32dd5bd9e364a40660c78a69311d1e3c8399b5fdb673b903230d43721,timestamped_live_quote,FBS vs FBS
2026-10-08T12:44:59Z,21a7dc0df1a77eb87cc985e844095cf0,2026-10-10T23:00:00Z,Marshall Thundering Herd,Coastal Carolina Chanticleers,lowvig,LowVig.ag,2026-10-08T12:44:10Z,2026-10-08T12:44:10Z,Marshall Thundering Herd,-4.0,-106.0,2026,2026-10-08T12:44:59Z,1650,-4.5631898975619,0.5622261985942115,-2.625416096156111,174be7f32dd5bd9e364a40660c78a69311d1e3c8399b5fdb673b903230d43721,timestamped_live_quote,FBS vs FBS
2026-10-08T12:44:59Z,21a7dc0df1a77eb87cc985e844095cf0,2026-10-10T23:00:00Z,Marshall Thundering Herd,Coastal Carolina Chanticleers,betonlineag,BetOnline.ag,2026-10-08T12:44:24Z,2026-10-08T12:44:24Z,Coastal Carolina Chanticleers,4.0,-110.0,2026,2026-10-08T12:44:59Z,1650,-4.5631898975619,0.5622261985942115,-2.625416096156111,174be7f32dd5bd9e364a40660c78a69311d1e3c8399b5fdb673b903230d43721,timestamped_live_quote,FBS vs FBS
2026-10-08T12:44:59Z,21a7dc0df1a77eb87cc985e844095cf0,2026-10-10T23:00:00Z,Marshall Thundering Herd,Coastal Carolina Chanticleers,betonlineag,BetOnline.ag,2026-10-08T12:44:24Z,2026-10-08T12:44:24Z,Marshall Thundering Herd,-4.0,-110.0,2026,2026-10-08T12:44:59Z,1650,-4.5631898975619,0.5622261985942115,-2.625416096156111,174be7f32dd5bd9e364a40660c78a69311d1e3c8399b5fdb673b903230d43721,timestamped_live_quote,FBS vs FBS
2026-10-08T12:44:59Z,21a7dc0df1a77eb87cc985e844095cf0,2026-10-10T23:00:00Z,Marshall Thundering Herd,Coastal Carolina Chanticleers,betrivers,BetRivers,2026-10-08T12:44:44Z,2026-10-08T12:44:44Z,Coastal Carolina Chanticleers,3.5,-114.0,2026,2026-10-08T12:44:59Z,1650,-4.5631898975619,0.5622261985942115,-2.625416096156111,174be7f32dd5bd9e364a40660c78a69311d1e3c8399b5fdb673b903230d43721,timestamped_live_quote,FBS vs FBS
2026-10-08T12:44:59Z,21a7dc0df1a77eb87cc985e844095cf0,2026-10-10T23:00:00Z,Marshall Thundering Herd,Coastal Carolina Chanticleers,betrivers,BetRivers,2026-10-08T12:44:44Z,2026-10-08T12:44:44Z,Marshall Thundering Herd,-3.5,-109.0,2026,2026-10-08T12:44:59Z,1650,-4.5631898975619,0.5622261985942115,-2.625416096156111,174be7f32dd5bd9e364a40660c78a69311d1e3c8399b5fdb673b903230d43721,timestamped_live_quote,FBS vs FBS
2026-10-08T12:44:59Z,21a7dc0df1a77eb87cc985e844095cf0,2026-10-10T23:00:00Z,Marshall Thundering Herd,Coastal Carolina Chanticleers,betmgm,BetMGM,2026-10-08T12:44:43Z,2026-10-08T12:44:43Z,Coastal Carolina Chanticleers,3.5,-108.0,2026,2026-10-08T12:44:59Z,1650,-4.5631898975619,0.5622261985942115,-2.625416096156111,174be7f32dd5bd9e364a40660c78a69311d1e3c8399b5fdb673b903230d43721,timestamped_live_quote,FBS vs FBS
2026-10-08T12:44:59Z,21a7dc0df1a77eb87cc985e844095cf0,2026-10-10T23:00:00Z,Marshall Thundering Herd,Coastal Carolina Chanticleers,betmgm,BetMGM,2026-10-08T12:44:43Z,2026-10-08T12:44:43Z,Marshall Thundering Herd,-3.5,-110.0,2026,2026-10-08T12:44:59Z,1650,-4.5631898975619,0.5622261985942115,-2.625416096156111,174be7f32dd5bd9e364a40660c78a69311d1e3c8399b5fdb673b903230d43721,timestamped_live_quote,FBS vs FBS
2026-10-08T12:44:59Z,21a7dc0df1a77eb87cc985e844095cf0,2026-10-10T23:00:00Z,Marshall Thundering Herd,Coastal Carolina Chanticleers,mybookieag,MyBookie.ag,2026-10-08T12:44:42Z,2026-10-08T12:44:41Z,Coastal Carolina Chanticleers,3.5,-110.0,2026,2026-10-08T12:44:59Z,1650,-4.5631898975619,0.5622261985942115,-2.625416096156111,174be7f32dd5bd9e364a40660c78a69311d1e3c8399b5fdb673b903230d43721,timestamped_live_quote,FBS vs FBS
2026-10-08T12:44:59Z,21a7dc0df1a77eb87cc985e844095cf0,2026-10-10T23:00:00Z,Marshall Thundering Herd,Coastal Carolina Chanticleers,mybookieag,MyBookie.ag,2026-10-08T12:44:42Z,2026-10-08T12:44:41Z,Marshall Thundering Herd,-3.5,-110.0,2026,2026-10-08T12:44:59Z,1650,-4.5631898975619,0.5622261985942115,-2.625416096156111,174be7f32dd5bd9e364a40660c78a69311d1e3c8399b5fdb673b903230d43721,timestamped_live_quote,FBS vs FBS
2026-10-08T12:44:59Z,21a7dc0df1a77eb87cc985e844095cf0,2026-10-10T23:00:00Z,Marshall Thundering Herd,Coastal Carolina Chanticleers,betus,BetUS,2026-10-08T12:44:13Z,2026-10-08T12:44:13Z,Coastal Carolina Chanticleers,4.0,-110.0,2026,2026-10-08T12:44:59Z,1650,-4.5631898975619,0.5622261985942115,-2.625416096156111,174be7f32dd5bd9e364a40660c78a69311d1e3c8399b5fdb673b903230d43721,timestamped_live_quote,FBS vs FBS
2026-10-08T12:44:59Z,21a7dc0df1a77eb87cc985e844095cf0,2026-10-10T23:00:00Z,Marshall Thundering Herd,Coastal Carolina Chanticleers,betus,BetUS,2026-10-08T12:44:13Z,2026-10-08T12:44:13Z,Marshall Thundering Herd,-4.0,-110.0,2026,2026-10-08T12:44:59Z,1650,-4.5631898975619,0.5622261985942115,-2.625416096156111,174be7f32dd5bd9e364a40660c78a69311d1e3c8399b5fdb673b903230d43721,timestamped_live_quote,FBS vs FBS
2026-10-08T12:44:59Z,21a7dc0df1a77eb87cc985e844095cf0,2026-10-10T23:00:00Z,Marshall Thundering Herd,Coastal Carolina Chanticleers,bovada,Bovada,2026-10-08T12:44:12Z,2026-10-08T12:44:12Z,Coastal Carolina Chanticleers,3.5,-115.0,2026,2026-10-08T12:44:59Z,1650,-4.5631898975619,0.5622261985942115,-2.625416096156111,174be7f32dd5bd9e364a40660c78a69311d1e3c8399b5fdb673b903230d43721,timestamped_live_quote,FBS vs FBS
2026-10-08T12:44:59Z,21a7dc0df1a77eb87cc985e844095cf0,2026-10-10T23:00:00Z,Marshall Thundering Herd,Coastal Carolina Chanticleers,bovada,Bovada,2026-10-08T12:44:12Z,2026-10-08T12:44:12Z,Marshall Thundering Herd,-3.5,-105.0,2026,2026-10-08T12:44:59Z,1650,-4.5631898975619,0.5622261985942115,-2.625416096156111,174be7f32dd5bd9e364a40660c78a69311d1e3c8399b5fdb673b903230d43721,timestamped_live_quote,FBS vs FBS
2026-10-08T12:44:59Z,bdfaffbf5873812f3e04de2cbd273aa6,2026-10-10T23:00:00Z,Kentucky Wildcats,LSU Tigers,draftkings,DraftKings,2026-10-08T12:44:42Z,2026-10-08T12:44:41Z,Kentucky Wildcats,8.5,-108.0,2026,2026-10-08T12:44:59Z,1650,9.378939148782745,17.297463966720123,-5.418524817937378,174be7f32dd5bd9e364a40660c78a69311d1e3c8399b5fdb673b903230d43721,timestamped_live_quote,FBS vs FBS
2026-10-08T12:44:59Z,bdfaffbf5873812f3e04de2cbd273aa6,2026-10-10T23:00:00Z,Kentucky Wildcats,LSU Tigers,draftkings,DraftKings,2026-10-08T12:44:42Z,2026-10-08T12:44:41Z,LSU Tigers,-8.5,-112.0,2026,2026-10-08T12:44:59Z,1650,9.378939148782745,17.297463966720123,-5.418524817937378,174be7f32dd5bd9e364a40660c78a69311d1e3c8399b5fdb673b903230d43721,timestamped_live_quote,FBS vs FBS
2026-10-08T12:44:59Z,bdfaffbf5873812f3e04de2cbd273aa6,2026-10-10T23:00:00Z,Kentucky Wildcats,LSU Tigers,betrivers,BetRivers,2026-10-08T12:44:44Z,2026-10-08T12:44:44Z,Kentucky Wildcats,9.0,-113.0,2026,2026-10-08T12:44:59Z,1650,9.378939148782745,17.297463966720123,-5.418524817937378,174be7f32dd5bd9e364a40660c78a69311d1e3c8399b5fdb673b903230d43721,timestamped_live_quote,FBS vs FBS
2026-10-08T12:44:59Z,bdfaffbf5873812f3e04de2cbd273aa6,2026-10-10T23:00:00Z,Kentucky Wildcats,LSU Tigers,betrivers,BetRivers,2026-10-08T12:44:44Z,2026-10-08T12:44:44Z,LSU Tigers,-9.0,-110.0,2026,2026-10-08T12:44:59Z,1650,9.378939148782745,17.297463966720123,-5.418524817937378,174be7f32dd5bd9e364a40660c78a69311d1e3c8399b5fdb673b903230d43721,timestamped_live_quote,FBS vs FBS
2026-10-08T12:44:59Z,bdfaffbf5873812f3e04de2cbd273aa6,2026-10-10T23:00:00Z,Kentucky Wildcats,LSU Tigers,mybookieag,MyBookie.ag,2026-10-08T12:44:42Z,2026-10-08T12:44:41Z,Kentucky Wildcats,8.5,-110.0,2026,2026-10-08T12:44:59Z,1650,9.378939148782745,17.297463966720123,-5.418524817937378,174be7f32dd5bd9e364a40660c78a69311d1e3c8399b5fdb673b903230d43721,timestamped_live_quote,FBS vs FBS
2026-10-08T12:44:59Z,bdfaffbf5873812f3e04de2cbd273aa6,2026-10-10T23:00:00Z,Kentucky Wildcats,LSU Tigers,mybookieag,MyBookie.ag,2026-10-08T12:44:42Z,2026-10-08T12:44:41Z,LSU Tigers,-8.5,-110.0,2026,2026-10-08T12:44:59Z,1650,9.378939148782745,17.297463966720123,-5.418524817937378,174be7f32dd5bd9e364a40660c78a69311d1e3c8399b5fdb673b903230d43721,timestamped_live_quote,FBS vs FBS
2026-10-08T12:44:59Z,bdfaffbf5873812f3e04de2cbd273aa6,2026-10-10T23:00:00Z,Kentucky Wildcats,LSU Tigers,fanduel,FanDuel,2026-10-08T12:44:36Z,2026-10-08T12:44:33Z,Kentucky Wildcats,8.5,-110.0,2026,2026-10-08T12:44:59Z,1650,9.378939148782745,17.297463966720123,-5.418524817937378,174be7f32dd5bd9e364a40660c78a69311d1e3c8399b5fdb673b903230d43721,timestamped_live_quote,FBS vs FBS
2026-10-08T12:44:59Z,bdfaffbf5873812f3e04de2cbd273aa6,2026-10-10T23:00:00Z,Kentucky Wildcats,LSU Tigers,fanduel,FanDuel,2026-10-08T12:44:36Z,2026-10-08T12:44:33Z,LSU Tigers,-8.5,-110.0,2026,2026-10-08T12:44:59Z,1650,9.378939148782745,17.297463966720123,-5.418524817937378,174be7f32dd5bd9e364a40660c78a69311d1e3c8399b5fdb673b903230d43721,timestamped_live_quote,FBS vs FBS
2026-10-08T12:44:59Z,bdfaffbf5873812f3e04de2cbd273aa6,2026-10-10T23:00:00Z,Kentucky Wildcats,LSU Tigers,betonlineag,BetOnline.ag,2026-10-08T12:44:24Z,2026-10-08T12:44:24Z,Kentucky Wildcats,8.0,-110.0,2026,2026-10-08T12:44:59Z,1650,9.378939148782745,17.297463966720123,-5.418524817937378,174be7f32dd5bd9e364a40660c78a69311d1e3c8399b5fdb673b903230d43721,timestamped_live_quote,FBS vs FBS
2026-10-08T12:44:59Z,bdfaffbf5873812f3e04de2cbd273aa6,2026-10-10T23:00:00Z,Kentucky Wildcats,LSU Tigers,betonlineag,BetOnline.ag,2026-10-08T12:44:24Z,2026-10-08T12:44:24Z,LSU Tigers,-8.0,-110.0,2026,2026-10-08T12:44:59Z,1650,9.378939148782745,17.297463966720123,-5.418524817937378,174be7f32dd5bd9e364a40660c78a69311d1e3c8399b5fdb673b903230d43721,timestamped_live_quote,FBS vs FBS
2026-10-08T12:44:59Z,bdfaffbf5873812f3e04de2cbd273aa6,2026-10-10T23:00:00Z,Kentucky Wildcats,LSU Tigers,lowvig,LowVig.ag,2026-10-08T12:44:10Z,2026-10-08T12:44:10Z,Kentucky Wildcats,8.0,-106.0,2026,2026-10-08T12:44:59Z,1650,9.378939148782745,17.297463966720123,-5.418524817937378,174be7f32dd5bd9e364a40660c78a69311d1e3c8399b5fdb673b903230d43721,timestamped_live_quote,FBS vs FBS
2026-10-08T12:44:59Z,bdfaffbf5873812f3e04de2cbd273aa6,2026-10-10T23:00:00Z,Kentucky Wildcats,LSU Tigers,lowvig,LowVig.ag,2026-10-08T12:44:10Z,2026-10-08T12:44:10Z,LSU Tigers,-8.0,-106.0,2026,2026-10-08T12:44:59Z,1650,9.378939148782745,17.297463966720123,-5.418524817937378,174be7f32dd5bd9e364a40660c78a69311d1e3c8399b5fdb673b903230d43721,timestamped_live_quote,FBS vs FBS
2026-10-08T12:44:59Z,bdfaffbf5873812f3e04de2cbd273aa6,2026-10-10T23:00:00Z,Kentucky Wildcats,LSU Tigers,betmgm,BetMGM,2026-10-08T12:44:43Z,2026-10-08T12:44:43Z,Kentucky Wildcats,8.5,-110.0,2026,2026-10-08T12:44:59Z,1650,9.378939148782745,17.297463966720123,-5.418524817937378,174be7f32dd5bd9e364a40660c78a69311d1e3c8399b5fdb673b903230d43721,timestamped_live_quote,FBS vs FBS
2026-10-08T12:44:59Z,bdfaffbf5873812f3e04de2cbd273aa6,2026-10-10T23:00:00Z,Kentucky Wildcats,LSU Tigers,betmgm,BetMGM,2026-10-08T12:44:43Z,2026-10-08T12:44:43Z,LSU Tigers,-8.5,-108.0,2026,2026-10-08T12:44:59Z,1650,9.378939148782745,17.297463966720123,-5.418524817937378,174be7f32dd5bd9e364a40660c78a69311d1e3c8399b5fdb673b903230d43721,timestamped_live_quote,FBS vs FBS
2026-10-08T12:44:59Z,bdfaffbf5873812f3e04de2cbd273aa6,2026-10-10T23:00:00Z,Kentucky Wildcats,LSU Tigers,bovada,Bovada,2026-10-08T12:44:12Z,2026-10-08T12:44:12Z,Kentucky Wildcats,8.5,-110.0,2026,2026-10-08T12:44:59Z,1650,9.378939148782745,17.297463966720123,-5.418524817937378,174be7f32dd5bd9e364a40660c78a69311d1e3c8399b5fdb673b903230d43721,timestamped_live_quote,FBS vs FBS
2026-10-08T12:44:59Z,bdfaffbf5873812f3e04de2cbd273aa6,2026-10-10T23:00:00Z,Kentucky Wildcats,LSU Tigers,bovada,Bovada,2026-10-08T12:44:12Z,2026-10-08T12:44:12Z,LSU Tigers,-8.5,-110.0,2026,2026-10-08T12:44:59Z,1650,9.378939148782745,17.297463966720123,-5.418524817937378,174be7f32dd5bd9e364a40660c78a69311d1e3c8399b5fdb673b903230d43721,timestamped_live_quote,FBS vs FBS
2026-10-08T12:44:59Z,bdfaffbf5873812f3e04de2cbd273aa6,2026-10-10T23:00:00Z,Kentucky Wildcats,LSU Tigers,betus,BetUS,2026-10-08T12:44:13Z,2026-10-08T12:44:13Z,Kentucky Wildcats,8.5,-110.0,2026,2026-10-08T12:44:59Z,1650,9.378939148782745,17.297463966720123,-5.418524817937378,174be7f32dd5bd9e364a40660c78a69311d1e3c8399b5fdb673b903230d43721,timestamped_live_quote,FBS vs FBS
2026-10-08T12:44:59Z,bdfaffbf5873812f3e04de2cbd273aa6,2026-10-10T23:00:00Z,Kentucky Wildcats,LSU Tigers,betus,BetUS,2026-10-08T12:44:13Z,2026-10-08T12:44:13Z,LSU Tigers,-8.5,-110.0,2026,2026-10-08T12:44:59Z,1650,9.378939148782745,17.297463966720123,-5.418524817937378,174be7f32dd5bd9e364a40660c78a69311d1e3c8399b5fdb673b903230d43721,timestamped_live_quote,FBS vs FBS
2026-10-08T12:44:59Z,7cc5cec6dac13487c15b70d0f4411ca6,2026-10-10T23:00:00Z,Memphis Tigers,UAB Blazers,draftkings,DraftKings,2026-10-08T12:44:42Z,2026-10-08T12:44:41Z,Memphis Tigers,-14.0,-108.0,2026,2026-10-08T12:44:59Z,1650,9.140869840684816,-0.07825445285141727,11.719124293536234,174be7f32dd5bd9e364a40660c78a69311d1e3c8399b5fdb673b903230d43721,timestamped_live_quote,FBS vs FBS
2026-10-08T12:44:59Z,7cc5cec6dac13487c15b70d0f4411ca6,2026-10-10T23:00:00Z,Memphis Tigers,UAB Blazers,draftkings,DraftKings,2026-10-08T12:44:42Z,2026-10-08T12:44:41Z,UAB Blazers,14.0,-112.0,2026,2026-10-08T12:44:59Z,1650,9.140869840684816,-0.07825445285141727,11.719124293536234,174be7f32dd5bd9e364a40660c78a69311d1e3c8399b5fdb673b903230d43721,timestamped_live_quote,FBS vs FBS
2026-10-08T12:44:59Z,7cc5cec6dac13487c15b70d0f4411ca6,2026-10-10T23:00:00Z,Memphis Tigers,UAB Blazers,fanduel,FanDuel,2026-10-08T12:44:34Z,2026-10-08T12:44:32Z,Memphis Tigers,-14.5,100.0,2026,2026-10-08T12:44:59Z,1650,9.140869840684816,-0.07825445285141727,11.719124293536234,174be7f32dd5bd9e364a40660c78a69311d1e3c8399b5fdb673b903230d43721,timestamped_live_quote,FBS vs FBS
2026-10-08T12:44:59Z,7cc5cec6dac13487c15b70d0f4411ca6,2026-10-10T23:00:00Z,Memphis Tigers,UAB Blazers,fanduel,FanDuel,2026-10-08T12:44:34Z,2026-10-08T12:44:32Z,UAB Blazers,14.5,-122.0,2026,2026-10-08T12:44:59Z,1650,9.140869840684816,-0.07825445285141727,11.719124293536234,174be7f32dd5bd9e364a40660c78a69311d1e3c8399b5fdb673b903230d43721,timestamped_live_quote,FBS vs FBS
2026-10-08T12:44:59Z,7cc5cec6dac13487c15b70d0f4411ca6,2026-10-10T23:00:00Z,Memphis Tigers,UAB Blazers,betrivers,BetRivers,2026-10-08T12:44:44Z,2026-10-08T12:44:44Z,Memphis Tigers,-13.5,-112.0,2026,2026-10-08T12:44:59Z,1650,9.140869840684816,-0.07825445285141727,11.719124293536234,174be7f32dd5bd9e364a40660c78a69311d1e3c8399b5fdb673b903230d43721,timestamped_live_quote,FBS vs FBS
2026-10-08T12:44:59Z,7cc5cec6dac13487c15b70d0f4411ca6,2026-10-10T23:00:00Z,Memphis Tigers,UAB Blazers,betrivers,BetRivers,2026-10-08T12:44:44Z,2026-10-08T12:44:44Z,UAB Blazers,13.5,-112.0,2026,2026-10-08T12:44:59Z,1650,9.140869840684816,-0.07825445285141727,11.719124293536234,174be7f32dd5bd9e364a40660c78a69311d1e3c8399b5fdb673b903230d43721,timestamped_live_quote,FBS vs FBS
2026-10-08T12:44:59Z,7cc5cec6dac13487c15b70d0f4411ca6,2026-10-10T23:00:00Z,Memphis Tigers,UAB Blazers,lowvig,LowVig.ag,2026-10-08T12:44:10Z,2026-10-08T12:44:10Z,Memphis Tigers,-14.0,-106.0,2026,2026-10-08T12:44:59Z,1650,9.140869840684816,-0.07825445285141727,11.719124293536234,174be7f32dd5bd9e364a40660c78a69311d1e3c8399b5fdb673b903230d43721,timestamped_live_quote,FBS vs FBS
2026-10-08T12:44:59Z,7cc5cec6dac13487c15b70d0f4411ca6,2026-10-10T23:00:00Z,Memphis Tigers,UAB Blazers,lowvig,LowVig.ag,2026-10-08T12:44:10Z,2026-10-08T12:44:10Z,UAB Blazers,14.0,-106.0,2026,2026-10-08T12:44:59Z,1650,9.140869840684816,-0.07825445285141727,11.719124293536234,174be7f32dd5bd9e364a40660c78a69311d1e3c8399b5fdb673b903230d43721,timestamped_live_quote,FBS vs FBS
2026-10-08T12:44:59Z,7cc5cec6dac13487c15b70d0f4411ca6,2026-10-10T23:00:00Z,Memphis Tigers,UAB Blazers,betonlineag,BetOnline.ag,2026-10-08T12:44:24Z,2026-10-08T12:44:24Z,Memphis Tigers,-14.0,-110.0,2026,2026-10-08T12:44:59Z,1650,9.140869840684816,-0.07825445285141727,11.719124293536234,174be7f32dd5bd9e364a40660c78a69311d1e3c8399b5fdb673b903230d43721,timestamped_live_quote,FBS vs FBS
2026-10-08T12:44:59Z,7cc5cec6dac13487c15b70d0f4411ca6,2026-10-10T23:00:00Z,Memphis Tigers,UAB Blazers,betonlineag,BetOnline.ag,2026-10-08T12:44:24Z,2026-10-08T12:44:24Z,UAB Blazers,14.0,-110.0,2026,2026-10-08T12:44:59Z,1650,9.140869840684816,-0.07825445285141727,11.719124293536234,174be7f32dd5bd9e364a40660c78a69311d1e3c8399b5fdb673b903230d43721,timestamped_live_quote,FBS vs FBS
2026-10-08T12:44:59Z,7cc5cec6dac13487c15b70d0f4411ca6,2026-10-10T23:00:00Z,Memphis Tigers,UAB Blazers,betmgm,BetMGM,2026-10-08T12:44:43Z,2026-10-08T12:44:43Z,Memphis Tigers,-14.0,-120.0,2026,2026-10-08T12:44:59Z,1650,9.140869840684816,-0.07825445285141727,11.719124293536234,174be7f32dd5bd9e364a40660c78a69311d1e3c8399b5fdb673b903230d43721,timestamped_live_quote,FBS vs FBS
2026-10-08T12:44:59Z,7cc5cec6dac13487c15b70d0f4411ca6,2026-10-10T23:00:00Z,Memphis Tigers,UAB Blazers,betmgm,BetMGM,2026-10-08T12:44:43Z,2026-10-08T12:44:43Z,UAB Blazers,14.0,-110.0,2026,2026-10-08T12:44:59Z,1650,9.140869840684816,-0.07825445285141727,11.719124293536234,174be7f32dd5bd9e364a40660c78a69311d1e3c8399b5fdb673b903230d43721,timestamped_live_quote,FBS vs FBS
2026-10-08T12:44:59Z,7cc5cec6dac13487c15b70d0f4411ca6,2026-10-10T23:00:00Z,Memphis Tigers,UAB Blazers,mybookieag,MyBookie.ag,2026-10-08T12:44:42Z,2026-10-08T12:44:42Z,Memphis Tigers,-14.0,-110.0,2026,2026-10-08T12:44:59Z,1650,9.140869840684816,-0.07825445285141727,11.719124293536234,174be7f32dd5bd9e364a40660c78a69311d1e3c8399b5fdb673b903230d43721,timestamped_live_quote,FBS vs FBS
2026-10-08T12:44:59Z,7cc5cec6dac13487c15b70d0f4411ca6,2026-10-10T23:00:00Z,Memphis Tigers,UAB Blazers,mybookieag,MyBookie.ag,2026-10-08T12:44:42Z,2026-10-08T12:44:42Z,UAB Blazers,14.0,-110.0,2026,2026-10-08T12:44:59Z,1650,9.140869840684816,-0.07825445285141727,11.719124293536234,174be7f32dd5bd9e364a40660c78a69311d1e3c8399b5fdb673b903230d43721,timestamped_live_quote,FBS vs FBS
2026-10-08T12:44:59Z,7cc5cec6dac13487c15b70d0f4411ca6,2026-10-10T23:00:00Z,Memphis Tigers,UAB Blazers,betus,BetUS,2026-10-08T12:44:13Z,2026-10-08T12:44:13Z,Memphis Tigers,-14.0,-110.0,2026,2026-10-08T12:44:59Z,1650,9.140869840684816,-0.07825445285141727,11.719124293536234,174be7f32dd5bd9e364a40660c78a69311d1e3c8399b5fdb673b903230d43721,timestamped_live_quote,FBS vs FBS
2026-10-08T12:44:59Z,7cc5cec6dac13487c15b70d0f4411ca6,2026-10-10T23:00:00Z,Memphis Tigers,UAB Blazers,betus,BetUS,2026-10-08T12:44:13Z,2026-10-08T12:44:13Z,UAB Blazers,14.0,-110.0,2026,2026-10-08T12:44:59Z,1650,9.140869840684816,-0.07825445285141727,11.719124293536234,174be7f32dd5bd9e364a40660c78a69311d1e3c8399b5fdb673b903230d43721,timestamped_live_quote,FBS vs FBS
2026-10-08T12:44:59Z,7cc5cec6dac13487c15b70d0f4411ca6,2026-10-10T23:00:00Z,Memphis Tigers,UAB Blazers,bovada,Bovada,2026-10-08T12:44:12Z,2026-10-08T12:44:12Z,Memphis Tigers,-13.5,-115.0,2026,2026-10-08T12:44:59Z,1650,9.140869840684816,-0.07825445285141727,11.719124293536234,174be7f32dd5bd9e364a40660c78a69311d1e3c8399b5fdb673b903230d43721,timestamped_live_quote,FBS vs FBS
2026-10-08T12:44:59Z,7cc5cec6dac13487c15b70d0f4411ca6,2026-10-10T23:00:00Z,Memphis Tigers,UAB Blazers,bovada,Bovada,2026-10-08T12:44:12Z,2026-10-08T12:44:12Z,UAB Blazers,13.5,-105.0,2026,2026-10-08T12:44:59Z,1650,9.140869840684816,-0.07825445285141727,11.719124293536234,174be7f32dd5bd9e364a40660c78a69311d1e3c8399b5fdb673b903230d43721,timestamped_live_quote,FBS vs FBS
2026-10-08T12:44:59Z,a3ce49a66d513b6bd1772b8696863ee1,2026-10-10T23:00:00Z,UTEP Miners,Nevada Wolf Pack,draftkings,DraftKings,2026-10-08T12:44:42Z,2026-10-08T12:44:41Z,Nevada Wolf Pack,-9.5,-118.0,2026,2026-10-08T12:44:59Z,1650,-11.141183680780061,1.0960785089050216,-9.737262189685083,174be7f32dd5bd9e364a40660c78a69311d1e3c8399b5fdb673b903230d43721,timestamped_live_quote,FBS vs FBS
2026-10-08T12:44:59Z,a3ce49a66d513b6bd1772b8696863ee1,2026-10-10T23:00:00Z,UTEP Miners,Nevada Wolf Pack,draftkings,DraftKings,2026-10-08T12:44:42Z,2026-10-08T12:44:41Z,UTEP Miners,9.5,-102.0,2026,2026-10-08T12:44:59Z,1650,-11.141183680780061,1.0960785089050216,-9.737262189685083,174be7f32dd5bd9e364a40660c78a69311d1e3c8399b5fdb673b903230d43721,timestamped_live_quote,FBS vs FBS
2026-10-08T12:44:59Z,a3ce49a66d513b6bd1772b8696863ee1,2026-10-10T23:00:00Z,UTEP Miners,Nevada Wolf Pack,lowvig,LowVig.ag,2026-10-08T12:44:10Z,2026-10-08T12:44:10Z,Nevada Wolf Pack,-10.0,-106.0,2026,2026-10-08T12:44:59Z,1650,-11.141183680780061,1.0960785089050216,-9.737262189685083,174be7f32dd5bd9e364a40660c78a69311d1e3c8399b5fdb673b903230d43721,timestamped_live_quote,FBS vs FBS
2026-10-08T12:44:59Z,a3ce49a66d513b6bd1772b8696863ee1,2026-10-10T23:00:00Z,UTEP Miners,Nevada Wolf Pack,lowvig,LowVig.ag,2026-10-08T12:44:10Z,2026-10-08T12:44:10Z,UTEP Miners,10.0,-106.0,2026,2026-10-08T12:44:59Z,1650,-11.141183680780061,1.0960785089050216,-9.737262189685083,174be7f32dd5bd9e364a40660c78a69311d1e3c8399b5fdb673b903230d43721,timestamped_live_quote,FBS vs FBS
2026-10-08T12:44:59Z,a3ce49a66d513b6bd1772b8696863ee1,2026-10-10T23:00:00Z,UTEP Miners,Nevada Wolf Pack,betonlineag,BetOnline.ag,2026-10-08T12:44:24Z,2026-10-08T12:44:24Z,Nevada Wolf Pack,-10.0,-110.0,2026,2026-10-08T12:44:59Z,1650,-11.141183680780061,1.0960785089050216,-9.737262189685083,174be7f32dd5bd9e364a40660c78a69311d1e3c8399b5fdb673b903230d43721,timestamped_live_quote,FBS vs FBS
2026-10-08T12:44:59Z,a3ce49a66d513b6bd1772b8696863ee1,2026-10-10T23:00:00Z,UTEP Miners,Nevada Wolf Pack,betonlineag,BetOnline.ag,2026-10-08T12:44:24Z,2026-10-08T12:44:24Z,UTEP Miners,10.0,-110.0,2026,2026-10-08T12:44:59Z,1650,-11.141183680780061,1.0960785089050216,-9.737262189685083,174be7f32dd5bd9e364a40660c78a69311d1e3c8399b5fdb673b903230d43721,timestamped_live_quote,FBS vs FBS
2026-10-08T12:44:59Z,a3ce49a66d513b6bd1772b8696863ee1,2026-10-10T23:00:00Z,UTEP Miners,Nevada Wolf Pack,fanduel,FanDuel,2026-10-08T12:44:36Z,2026-10-08T12:44:33Z,Nevada Wolf Pack,-8.5,-114.0,2026,2026-10-08T12:44:59Z,1650,-11.141183680780061,1.0960785089050216,-9.737262189685083,174be7f32dd5bd9e364a40660c78a69311d1e3c8399b5fdb673b903230d43721,timestamped_live_quote,FBS vs FBS
2026-10-08T12:44:59Z,a3ce49a66d513b6bd1772b8696863ee1,2026-10-10T23:00:00Z,UTEP Miners,Nevada Wolf Pack,fanduel,FanDuel,2026-10-08T12:44:36Z,2026-10-08T12:44:33Z,UTEP Miners,8.5,-106.0,2026,2026-10-08T12:44:59Z,1650,-11.141183680780061,1.0960785089050216,-9.737262189685083,174be7f32dd5bd9e364a40660c78a69311d1e3c8399b5fdb673b903230d43721,timestamped_live_quote,FBS vs FBS
2026-10-08T12:44:59Z,a3ce49a66d513b6bd1772b8696863ee1,2026-10-10T23:00:00Z,UTEP Miners,Nevada Wolf Pack,betmgm,BetMGM,2026-10-08T12:44:43Z,2026-10-08T12:44:43Z,Nevada Wolf Pack,-9.0,-112.0,2026,2026-10-08T12:44:59Z,1650,-11.141183680780061,1.0960785089050216,-9.737262189685083,174be7f32dd5bd9e364a40660c78a69311d1e3c8399b5fdb673b903230d43721,timestamped_live_quote,FBS vs FBS
2026-10-08T12:44:59Z,a3ce49a66d513b6bd1772b8696863ee1,2026-10-10T23:00:00Z,UTEP Miners,Nevada Wolf Pack,betmgm,BetMGM,2026-10-08T12:44:43Z,2026-10-08T12:44:43Z,UTEP Miners,9.0,-118.0,2026,2026-10-08T12:44:59Z,1650,-11.141183680780061,1.0960785089050216,-9.737262189685083,174be7f32dd5bd9e364a40660c78a69311d1e3c8399b5fdb673b903230d43721,timestamped_live_quote,FBS vs FBS
2026-10-08T12:44:59Z,a3ce49a66d513b6bd1772b8696863ee1,2026-10-10T23:00:00Z,UTEP Miners,Nevada Wolf Pack,mybookieag,MyBookie.ag,2026-10-08T12:44:42Z,2026-10-08T12:44:42Z,Nevada Wolf Pack,-10.0,-110.0,2026,2026-10-08T12:44:59Z,1650,-11.141183680780061,1.0960785089050216,-9.737262189685083,174be7f32dd5bd9e364a40660c78a69311d1e3c8399b5fdb673b903230d43721,timestamped_live_quote,FBS vs FBS
2026-10-08T12:44:59Z,a3ce49a66d513b6bd1772b8696863ee1,2026-10-10T23:00:00Z,UTEP Miners,Nevada Wolf Pack,mybookieag,MyBookie.ag,2026-10-08T12:44:42Z,2026-10-08T12:44:42Z,UTEP Miners,10.0,-110.0,2026,2026-10-08T12:44:59Z,1650,-11.141183680780061,1.0960785089050216,-9.737262189685083,174be7f32dd5bd9e364a40660c78a69311d1e3c8399b5fdb673b903230d43721,timestamped_live_quote,FBS vs FBS
2026-10-08T12:44:59Z,a3ce49a66d513b6bd1772b8696863ee1,2026-10-10T23:00:00Z,UTEP Miners,Nevada Wolf Pack,betus,BetUS,2026-10-08T12:44:13Z,2026-10-08T12:44:13Z,Nevada Wolf Pack,-10.0,-110.0,2026,2026-10-08T12:44:59Z,1650,-11.141183680780061,1.0960785089050216,-9.737262189685083,174be7f32dd5bd9e364a40660c78a69311d1e3c8399b5fdb673b903230d43721,timestamped_live_quote,FBS vs FBS
2026-10-08T12:44:59Z,a3ce49a66d513b6bd1772b8696863ee1,2026-10-10T23:00:00Z,UTEP Miners,Nevada Wolf Pack,betus,BetUS,2026-10-08T12:44:13Z,2026-10-08T12:44:13Z,UTEP Miners,10.0,-110.0,2026,2026-10-08T12:44:59Z,1650,-11.141183680780061,1.0960785089050216,-9.737262189685083,174be7f32dd5bd9e364a40660c78a69311d1e3c8399b5fdb673b903230d43721,timestamped_live_quote,FBS vs FBS
2026-10-08T12:44:59Z,a3ce49a66d513b6bd1772b8696863ee1,2026-10-10T23:00:00Z,UTEP Miners,Nevada Wolf Pack,bovada,Bovada,2026-10-08T12:44:12Z,2026-10-08T12:44:12Z,Nevada Wolf Pack,-10.0,-105.0,2026,2026-10-08T12:44:59Z,1650,-11.141183680780061,1.0960785089050216,-9.737262189685083,174be7f32dd5bd9e364a40660c78a69311d1e3c8399b5fdb673b903230d43721,timestamped_live_quote,FBS vs FBS
2026-10-08T12:44:59Z,a3ce49a66d513b6bd1772b8696863ee1,2026-10-10T23:00:00Z,UTEP Miners,Nevada Wolf Pack,bovada,Bovada,2026-10-08T12:44:12Z,2026-10-08T12:44:12Z,UTEP Miners,10.0,-115.0,2026,2026-10-08T12:44:59Z,1650,-11.141183680780061,1.0960785089050216,-9.737262189685083,174be7f32dd5bd9e364a40660c78a69311d1e3c8399b5fdb673b903230d43721,timestamped_live_quote,FBS vs FBS
2026-10-08T12:44:59Z,a3ce49a66d513b6bd1772b8696863ee1,2026-10-10T23:00:00Z,UTEP Miners,Nevada Wolf Pack,betrivers,BetRivers,2026-10-08T12:44:44Z,2026-10-08T12:44:44Z,Nevada Wolf Pack,-9.5,-115.0,2026,2026-10-08T12:44:59Z,1650,-11.141183680780061,1.0960785089050216,-9.737262189685083,174be7f32dd5bd9e364a40660c78a69311d1e3c8399b5fdb673b903230d43721,timestamped_live_quote,FBS vs FBS
2026-10-08T12:44:59Z,a3ce49a66d513b6bd1772b8696863ee1,2026-10-10T23:00:00Z,UTEP Miners,Nevada Wolf Pack,betrivers,BetRivers,2026-10-08T12:44:44Z,2026-10-08T12:44:44Z,UTEP Miners,9.5,-108.0,2026,2026-10-08T12:44:59Z,1650,-11.141183680780061,1.0960785089050216,-9.737262189685083,174be7f32dd5bd9e364a40660c78a69311d1e3c8399b5fdb673b903230d43721,timestamped_live_quote,FBS vs FBS
2026-10-08T12:44:59Z,4f3a6620c44a51f7b649892be381e0eb,2026-10-10T23:00:00Z,UNLV Rebels,North Dakota State Bison,fanduel,FanDuel,2026-10-08T12:44:36Z,2026-10-08T12:44:33Z,North Dakota State Bison,-3.5,-102.0,2026,2026-10-08T12:44:59Z,1650,1.7333505338867075,11.777291944344633,-7.543941410457926,174be7f32dd5bd9e364a40660c78a69311d1e3c8399b5fdb673b903230d43721,timestamped_live_quote,FBS vs FBS
2026-10-08T12:44:59Z,4f3a6620c44a51f7b649892be381e0eb,2026-10-10T23:00:00Z,UNLV Rebels,North Dakota State Bison,fanduel,FanDuel,2026-10-08T12:44:36Z,2026-10-08T12:44:33Z,UNLV Rebels,3.5,-120.0,2026,2026-10-08T12:44:59Z,1650,1.7333505338867075,11.777291944344633,-7.543941410457926,174be7f32dd5bd9e364a40660c78a69311d1e3c8399b5fdb673b903230d43721,timestamped_live_quote,FBS vs FBS
2026-10-08T12:44:59Z,4f3a6620c44a51f7b649892be381e0eb,2026-10-10T23:00:00Z,UNLV Rebels,North Dakota State Bison,lowvig,LowVig.ag,2026-10-08T12:44:10Z,2026-10-08T12:44:10Z,North Dakota State Bison,-3.0,-115.0,2026,2026-10-08T12:44:59Z,1650,1.7333505338867075,11.777291944344633,-7.543941410457926,174be7f32dd5bd9e364a40660c78a69311d1e3c8399b5fdb673b903230d43721,timestamped_live_quote,FBS vs FBS
2026-10-08T12:44:59Z,4f3a6620c44a51f7b649892be381e0eb,2026-10-10T23:00:00Z,UNLV Rebels,North Dakota State Bison,lowvig,LowVig.ag,2026-10-08T12:44:10Z,2026-10-08T12:44:10Z,UNLV Rebels,3.0,103.0,2026,2026-10-08T12:44:59Z,1650,1.7333505338867075,11.777291944344633,-7.543941410457926,174be7f32dd5bd9e364a40660c78a69311d1e3c8399b5fdb673b903230d43721,timestamped_live_quote,FBS vs FBS
2026-10-08T12:44:59Z,4f3a6620c44a51f7b649892be381e0eb,2026-10-10T23:00:00Z,UNLV Rebels,North Dakota State Bison,betonlineag,BetOnline.ag,2026-10-08T12:44:24Z,2026-10-08T12:44:24Z,North Dakota State Bison,-3.0,-115.0,2026,2026-10-08T12:44:59Z,1650,1.7333505338867075,11.777291944344633,-7.543941410457926,174be7f32dd5bd9e364a40660c78a69311d1e3c8399b5fdb673b903230d43721,timestamped_live_quote,FBS vs FBS
2026-10-08T12:44:59Z,4f3a6620c44a51f7b649892be381e0eb,2026-10-10T23:00:00Z,UNLV Rebels,North Dakota State Bison,betonlineag,BetOnline.ag,2026-10-08T12:44:24Z,2026-10-08T12:44:24Z,UNLV Rebels,3.0,-105.0,2026,2026-10-08T12:44:59Z,1650,1.7333505338867075,11.777291944344633,-7.543941410457926,174be7f32dd5bd9e364a40660c78a69311d1e3c8399b5fdb673b903230d43721,timestamped_live_quote,FBS vs FBS
2026-10-08T12:44:59Z,4f3a6620c44a51f7b649892be381e0eb,2026-10-10T23:00:00Z,UNLV Rebels,North Dakota State Bison,draftkings,DraftKings,2026-10-08T12:44:42Z,2026-10-08T12:44:41Z,North Dakota State Bison,-3.0,-115.0,2026,2026-10-08T12:44:59Z,1650,1.7333505338867075,11.777291944344633,-7.543941410457926,174be7f32dd5bd9e364a40660c78a69311d1e3c8399b5fdb673b903230d43721,timestamped_live_quote,FBS vs FBS
2026-10-08T12:44:59Z,4f3a6620c44a51f7b649892be381e0eb,2026-10-10T23:00:00Z,UNLV Rebels,North Dakota State Bison,draftkings,DraftKings,2026-10-08T12:44:42Z,2026-10-08T12:44:41Z,UNLV Rebels,3.0,-105.0,2026,2026-10-08T12:44:59Z,1650,1.7333505338867075,11.777291944344633,-7.543941410457926,174be7f32dd5bd9e364a40660c78a69311d1e3c8399b5fdb673b903230d43721,timestamped_live_quote,FBS vs FBS
2026-10-08T12:44:59Z,4f3a6620c44a51f7b649892be381e0eb,2026-10-10T23:00:00Z,UNLV Rebels,North Dakota State Bison,betmgm,BetMGM,2026-10-08T12:44:43Z,2026-10-08T12:44:43Z,North Dakota State Bison,-3.5,-108.0,2026,2026-10-08T12:44:59Z,1650,1.7333505338867075,11.777291944344633,-7.543941410457926,174be7f32dd5bd9e364a40660c78a69311d1e3c8399b5fdb673b903230d43721,timestamped_live_quote,FBS vs FBS
2026-10-08T12:44:59Z,4f3a6620c44a51f7b649892be381e0eb,2026-10-10T23:00:00Z,UNLV Rebels,North Dakota State Bison,betmgm,BetMGM,2026-10-08T12:44:43Z,2026-10-08T12:44:43Z,UNLV Rebels,3.5,-120.0,2026,2026-10-08T12:44:59Z,1650,1.7333505338867075,11.777291944344633,-7.543941410457926,174be7f32dd5bd9e364a40660c78a69311d1e3c8399b5fdb673b903230d43721,timestamped_live_quote,FBS vs FBS
2026-10-08T12:44:59Z,4f3a6620c44a51f7b649892be381e0eb,2026-10-10T23:00:00Z,UNLV Rebels,North Dakota State Bison,mybookieag,MyBookie.ag,2026-10-08T12:44:42Z,2026-10-08T12:44:41Z,North Dakota State Bison,-3.5,-110.0,2026,2026-10-08T12:44:59Z,1650,1.7333505338867075,11.777291944344633,-7.543941410457926,174be7f32dd5bd9e364a40660c78a69311d1e3c8399b5fdb673b903230d43721,timestamped_live_quote,FBS vs FBS
2026-10-08T12:44:59Z,4f3a6620c44a51f7b649892be381e0eb,2026-10-10T23:00:00Z,UNLV Rebels,North Dakota State Bison,mybookieag,MyBookie.ag,2026-10-08T12:44:42Z,2026-10-08T12:44:41Z,UNLV Rebels,3.5,-110.0,2026,2026-10-08T12:44:59Z,1650,1.7333505338867075,11.777291944344633,-7.543941410457926,174be7f32dd5bd9e364a40660c78a69311d1e3c8399b5fdb673b903230d43721,timestamped_live_quote,FBS vs FBS
2026-10-08T12:44:59Z,4f3a6620c44a51f7b649892be381e0eb,2026-10-10T23:00:00Z,UNLV Rebels,North Dakota State Bison,betus,BetUS,2026-10-08T12:44:13Z,2026-10-08T12:44:13Z,North Dakota State Bison,-3.0,-110.0,2026,2026-10-08T12:44:59Z,1650,1.7333505338867075,11.777291944344633,-7.543941410457926,174be7f32dd5bd9e364a40660c78a69311d1e3c8399b5fdb673b903230d43721,timestamped_live_quote,FBS vs FBS
2026-10-08T12:44:59Z,4f3a6620c44a51f7b649892be381e0eb,2026-10-10T23:00:00Z,UNLV Rebels,North Dakota State Bison,betus,BetUS,2026-10-08T12:44:13Z,2026-10-08T12:44:13Z,UNLV Rebels,3.0,-110.0,2026,2026-10-08T12:44:59Z,1650,1.7333505338867075,11.777291944344633,-7.543941410457926,174be7f32dd5bd9e364a40660c78a69311d1e3c8399b5fdb673b903230d43721,timestamped_live_quote,FBS vs FBS
2026-10-08T12:44:59Z,4f3a6620c44a51f7b649892be381e0eb,2026-10-10T23:00:00Z,UNLV Rebels,North Dakota State Bison,bovada,Bovada,2026-10-08T12:44:12Z,2026-10-08T12:44:12Z,North Dakota State Bison,-3.0,-110.0,2026,2026-10-08T12:44:59Z,1650,1.7333505338867075,11.777291944344633,-7.543941410457926,174be7f32dd5bd9e364a40660c78a69311d1e3c8399b5fdb673b903230d43721,timestamped_live_quote,FBS vs FBS
2026-10-08T12:44:59Z,4f3a6620c44a51f7b649892be381e0eb,2026-10-10T23:00:00Z,UNLV Rebels,North Dakota State Bison,bovada,Bovada,2026-10-08T12:44:12Z,2026-10-08T12:44:12Z,UNLV Rebels,3.0,-110.0,2026,2026-10-08T12:44:59Z,1650,1.7333505338867075,11.777291944344633,-7.543941410457926,174be7f32dd5bd9e364a40660c78a69311d1e3c8399b5fdb673b903230d43721,timestamped_live_quote,FBS vs FBS
2026-10-08T12:44:59Z,4f3a6620c44a51f7b649892be381e0eb,2026-10-10T23:00:00Z,UNLV Rebels,North Dakota State Bison,betrivers,BetRivers,2026-10-08T12:44:44Z,2026-10-08T12:44:44Z,North Dakota State Bison,-3.5,-112.0,2026,2026-10-08T12:44:59Z,1650,1.7333505338867075,11.777291944344633,-7.543941410457926,174be7f32dd5bd9e364a40660c78a69311d1e3c8399b5fdb673b903230d43721,timestamped_live_quote,FBS vs FBS
2026-10-08T12:44:59Z,4f3a6620c44a51f7b649892be381e0eb,2026-10-10T23:00:00Z,UNLV Rebels,North Dakota State Bison,betrivers,BetRivers,2026-10-08T12:44:44Z,2026-10-08T12:44:44Z,UNLV Rebels,3.5,-112.0,2026,2026-10-08T12:44:59Z,1650,1.7333505338867075,11.777291944344633,-7.543941410457926,174be7f32dd5bd9e364a40660c78a69311d1e3c8399b5fdb673b903230d43721,timestamped_live_quote,FBS vs FBS
2026-10-08T12:44:59Z,b009edde78bdd184c039f774c1795f95,2026-10-10T23:30:00Z,Northern Illinois Huskies,Air Force Falcons,fanduel,FanDuel,2026-10-08T12:44:36Z,2026-10-08T12:44:33Z,Air Force Falcons,-7.5,-102.0,2026,2026-10-08T12:44:59Z,1650,-5.190212108404284,4.56578651627376,-7.255998624678043,174be7f32dd5bd9e364a40660c78a69311d1e3c8399b5fdb673b903230d43721,timestamped_live_quote,FBS vs FBS
2026-10-08T12:44:59Z,b009edde78bdd184c039f774c1795f95,2026-10-10T23:30:00Z,Northern Illinois Huskies,Air Force Falcons,fanduel,FanDuel,2026-10-08T12:44:36Z,2026-10-08T12:44:33Z,Northern Illinois Huskies,7.5,-120.0,2026,2026-10-08T12:44:59Z,1650,-5.190212108404284,4.56578651627376,-7.255998624678043,174be7f32dd5bd9e364a40660c78a69311d1e3c8399b5fdb673b903230d43721,timestamped_live_quote,FBS vs FBS
2026-10-08T12:44:59Z,b009edde78bdd184c039f774c1795f95,2026-10-10T23:30:00Z,Northern Illinois Huskies,Air Force Falcons,lowvig,LowVig.ag,2026-10-08T12:44:10Z,2026-10-08T12:44:10Z,Air Force Falcons,-7.5,-103.0,2026,2026-10-08T12:44:59Z,1650,-5.190212108404284,4.56578651627376,-7.255998624678043,174be7f32dd5bd9e364a40660c78a69311d1e3c8399b5fdb673b903230d43721,timestamped_live_quote,FBS vs FBS
2026-10-08T12:44:59Z,b009edde78bdd184c039f774c1795f95,2026-10-10T23:30:00Z,Northern Illinois Huskies,Air Force Falcons,lowvig,LowVig.ag,2026-10-08T12:44:10Z,2026-10-08T12:44:10Z,Northern Illinois Huskies,7.5,-109.0,2026,2026-10-08T12:44:59Z,1650,-5.190212108404284,4.56578651627376,-7.255998624678043,174be7f32dd5bd9e364a40660c78a69311d1e3c8399b5fdb673b903230d43721,timestamped_live_quote,FBS vs FBS
2026-10-08T12:44:59Z,b009edde78bdd184c039f774c1795f95,2026-10-10T23:30:00Z,Northern Illinois Huskies,Air Force Falcons,draftkings,DraftKings,2026-10-08T12:44:42Z,2026-10-08T12:44:41Z,Air Force Falcons,-7.5,-108.0,2026,2026-10-08T12:44:59Z,1650,-5.190212108404284,4.56578651627376,-7.255998624678043,174be7f32dd5bd9e364a40660c78a69311d1e3c8399b5fdb673b903230d43721,timestamped_live_quote,FBS vs FBS
2026-10-08T12:44:59Z,b009edde78bdd184c039f774c1795f95,2026-10-10T23:30:00Z,Northern Illinois Huskies,Air Force Falcons,draftkings,DraftKings,2026-10-08T12:44:42Z,2026-10-08T12:44:41Z,Northern Illinois Huskies,7.5,-112.0,2026,2026-10-08T12:44:59Z,1650,-5.190212108404284,4.56578651627376,-7.255998624678043,174be7f32dd5bd9e364a40660c78a69311d1e3c8399b5fdb673b903230d43721,timestamped_live_quote,FBS vs FBS
2026-10-08T12:44:59Z,b009edde78bdd184c039f774c1795f95,2026-10-10T23:30:00Z,Northern Illinois Huskies,Air Force Falcons,betonlineag,BetOnline.ag,2026-10-08T12:44:24Z,2026-10-08T12:44:24Z,Air Force Falcons,-7.5,-107.0,2026,2026-10-08T12:44:59Z,1650,-5.190212108404284,4.56578651627376,-7.255998624678043,174be7f32dd5bd9e364a40660c78a69311d1e3c8399b5fdb673b903230d43721,timestamped_live_quote,FBS vs FBS
2026-10-08T12:44:59Z,b009edde78bdd184c039f774c1795f95,2026-10-10T23:30:00Z,Northern Illinois Huskies,Air Force Falcons,betonlineag,BetOnline.ag,2026-10-08T12:44:24Z,2026-10-08T12:44:24Z,Northern Illinois Huskies,7.5,-113.0,2026,2026-10-08T12:44:59Z,1650,-5.190212108404284,4.56578651627376,-7.255998624678043,174be7f32dd5bd9e364a40660c78a69311d1e3c8399b5fdb673b903230d43721,timestamped_live_quote,FBS vs FBS
2026-10-08T12:44:59Z,b009edde78bdd184c039f774c1795f95,2026-10-10T23:30:00Z,Northern Illinois Huskies,Air Force Falcons,betmgm,BetMGM,2026-10-08T12:44:43Z,2026-10-08T12:44:43Z,Air Force Falcons,-7.5,-108.0,2026,2026-10-08T12:44:59Z,1650,-5.190212108404284,4.56578651627376,-7.255998624678043,174be7f32dd5bd9e364a40660c78a69311d1e3c8399b5fdb673b903230d43721,timestamped_live_quote,FBS vs FBS
2026-10-08T12:44:59Z,b009edde78bdd184c039f774c1795f95,2026-10-10T23:30:00Z,Northern Illinois Huskies,Air Force Falcons,betmgm,BetMGM,2026-10-08T12:44:43Z,2026-10-08T12:44:43Z,Northern Illinois Huskies,7.5,-110.0,2026,2026-10-08T12:44:59Z,1650,-5.190212108404284,4.56578651627376,-7.255998624678043,174be7f32dd5bd9e364a40660c78a69311d1e3c8399b5fdb673b903230d43721,timestamped_live_quote,FBS vs FBS
2026-10-08T12:44:59Z,b009edde78bdd184c039f774c1795f95,2026-10-10T23:30:00Z,Northern Illinois Huskies,Air Force Falcons,mybookieag,MyBookie.ag,2026-10-08T12:44:42Z,2026-10-08T12:44:42Z,Air Force Falcons,-7.5,-110.0,2026,2026-10-08T12:44:59Z,1650,-5.190212108404284,4.56578651627376,-7.255998624678043,174be7f32dd5bd9e364a40660c78a69311d1e3c8399b5fdb673b903230d43721,timestamped_live_quote,FBS vs FBS
2026-10-08T12:44:59Z,b009edde78bdd184c039f774c1795f95,2026-10-10T23:30:00Z,Northern Illinois Huskies,Air Force Falcons,mybookieag,MyBookie.ag,2026-10-08T12:44:42Z,2026-10-08T12:44:42Z,Northern Illinois Huskies,7.5,-110.0,2026,2026-10-08T12:44:59Z,1650,-5.190212108404284,4.56578651627376,-7.255998624678043,174be7f32dd5bd9e364a40660c78a69311d1e3c8399b5fdb673b903230d43721,timestamped_live_quote,FBS vs FBS
2026-10-08T12:44:59Z,b009edde78bdd184c039f774c1795f95,2026-10-10T23:30:00Z,Northern Illinois Huskies,Air Force Falcons,betus,BetUS,2026-10-08T12:44:13Z,2026-10-08T12:44:13Z,Air Force Falcons,-7.5,-105.0,2026,2026-10-08T12:44:59Z,1650,-5.190212108404284,4.56578651627376,-7.255998624678043,174be7f32dd5bd9e364a40660c78a69311d1e3c8399b5fdb673b903230d43721,timestamped_live_quote,FBS vs FBS
2026-10-08T12:44:59Z,b009edde78bdd184c039f774c1795f95,2026-10-10T23:30:00Z,Northern Illinois Huskies,Air Force Falcons,betus,BetUS,2026-10-08T12:44:13Z,2026-10-08T12:44:13Z,Northern Illinois Huskies,7.5,-115.0,2026,2026-10-08T12:44:59Z,1650,-5.190212108404284,4.56578651627376,-7.255998624678043,174be7f32dd5bd9e364a40660c78a69311d1e3c8399b5fdb673b903230d43721,timestamped_live_quote,FBS vs FBS
2026-10-08T12:44:59Z,b009edde78bdd184c039f774c1795f95,2026-10-10T23:30:00Z,Northern Illinois Huskies,Air Force Falcons,bovada,Bovada,2026-10-08T12:44:12Z,2026-10-08T12:44:12Z,Air Force Falcons,-7.5,-105.0,2026,2026-10-08T12:44:59Z,1650,-5.190212108404284,4.56578651627376,-7.255998624678043,174be7f32dd5bd9e364a40660c78a69311d1e3c8399b5fdb673b903230d43721,timestamped_live_quote,FBS vs FBS
2026-10-08T12:44:59Z,b009edde78bdd184c039f774c1795f95,2026-10-10T23:30:00Z,Northern Illinois Huskies,Air Force Falcons,bovada,Bovada,2026-10-08T12:44:12Z,2026-10-08T12:44:12Z,Northern Illinois Huskies,7.5,-115.0,2026,2026-10-08T12:44:59Z,1650,-5.190212108404284,4.56578651627376,-7.255998624678043,174be7f32dd5bd9e364a40660c78a69311d1e3c8399b5fdb673b903230d43721,timestamped_live_quote,FBS vs FBS
2026-10-08T12:44:59Z,b009edde78bdd184c039f774c1795f95,2026-10-10T23:30:00Z,Northern Illinois Huskies,Air Force Falcons,betrivers,BetRivers,2026-10-08T12:44:44Z,2026-10-08T12:44:44Z,Air Force Falcons,-7.5,-114.0,2026,2026-10-08T12:44:59Z,1650,-5.190212108404284,4.56578651627376,-7.255998624678043,174be7f32dd5bd9e364a40660c78a69311d1e3c8399b5fdb673b903230d43721,timestamped_live_quote,FBS vs FBS
2026-10-08T12:44:59Z,b009edde78bdd184c039f774c1795f95,2026-10-10T23:30:00Z,Northern Illinois Huskies,Air Force Falcons,betrivers,BetRivers,2026-10-08T12:44:44Z,2026-10-08T12:44:44Z,Northern Illinois Huskies,7.5,-109.0,2026,2026-10-08T12:44:59Z,1650,-5.190212108404284,4.56578651627376,-7.255998624678043,174be7f32dd5bd9e364a40660c78a69311d1e3c8399b5fdb673b903230d43721,timestamped_live_quote,FBS vs FBS
2026-10-08T12:44:59Z,59f8c98dee8ce77cc17c5b4958e4f325,2026-10-10T23:30:00Z,Alabama Crimson Tide,Georgia Bulldogs,fanduel,FanDuel,2026-10-08T12:44:34Z,2026-10-08T12:44:31Z,Alabama Crimson Tide,-1.5,-110.0,2026,2026-10-08T12:44:59Z,1650,19.923363567271082,20.154675884259827,2.2686876830112546,174be7f32dd5bd9e364a40660c78a69311d1e3c8399b5fdb673b903230d43721,timestamped_live_quote,FBS vs FBS
2026-10-08T12:44:59Z,59f8c98dee8ce77cc17c5b4958e4f325,2026-10-10T23:30:00Z,Alabama Crimson Tide,Georgia Bulldogs,fanduel,FanDuel,2026-10-08T12:44:34Z,2026-10-08T12:44:31Z,Georgia Bulldogs,1.5,-110.0,2026,2026-10-08T12:44:59Z,1650,19.923363567271082,20.154675884259827,2.2686876830112546,174be7f32dd5bd9e364a40660c78a69311d1e3c8399b5fdb673b903230d43721,timestamped_live_quote,FBS vs FBS
2026-10-08T12:44:59Z,59f8c98dee8ce77cc17c5b4958e4f325,2026-10-10T23:30:00Z,Alabama Crimson Tide,Georgia Bulldogs,betmgm,BetMGM,2026-10-08T12:44:43Z,2026-10-08T12:44:43Z,Alabama Crimson Tide,-1.5,-110.0,2026,2026-10-08T12:44:59Z,1650,19.923363567271082,20.154675884259827,2.2686876830112546,174be7f32dd5bd9e364a40660c78a69311d1e3c8399b5fdb673b903230d43721,timestamped_live_quote,FBS vs FBS
2026-10-08T12:44:59Z,59f8c98dee8ce77cc17c5b4958e4f325,2026-10-10T23:30:00Z,Alabama Crimson Tide,Georgia Bulldogs,betmgm,BetMGM,2026-10-08T12:44:43Z,2026-10-08T12:44:43Z,Georgia Bulldogs,1.5,-110.0,2026,2026-10-08T12:44:59Z,1650,19.923363567271082,20.154675884259827,2.2686876830112546,174be7f32dd5bd9e364a40660c78a69311d1e3c8399b5fdb673b903230d43721,timestamped_live_quote,FBS vs FBS
2026-10-08T12:44:59Z,59f8c98dee8ce77cc17c5b4958e4f325,2026-10-10T23:30:00Z,Alabama Crimson Tide,Georgia Bulldogs,draftkings,DraftKings,2026-10-08T12:44:42Z,2026-10-08T12:44:41Z,Alabama Crimson Tide,-1.5,-112.0,2026,2026-10-08T12:44:59Z,1650,19.923363567271082,20.154675884259827,2.2686876830112546,174be7f32dd5bd9e364a40660c78a69311d1e3c8399b5fdb673b903230d43721,timestamped_live_quote,FBS vs FBS
2026-10-08T12:44:59Z,59f8c98dee8ce77cc17c5b4958e4f325,2026-10-10T23:30:00Z,Alabama Crimson Tide,Georgia Bulldogs,draftkings,DraftKings,2026-10-08T12:44:42Z,2026-10-08T12:44:41Z,Georgia Bulldogs,1.5,-108.0,2026,2026-10-08T12:44:59Z,1650,19.923363567271082,20.154675884259827,2.2686876830112546,174be7f32dd5bd9e364a40660c78a69311d1e3c8399b5fdb673b903230d43721,timestamped_live_quote,FBS vs FBS
2026-10-08T12:44:59Z,59f8c98dee8ce77cc17c5b4958e4f325,2026-10-10T23:30:00Z,Alabama Crimson Tide,Georgia Bulldogs,betrivers,BetRivers,2026-10-08T12:44:44Z,2026-10-08T12:44:44Z,Alabama Crimson Tide,-2.0,-109.0,2026,2026-10-08T12:44:59Z,1650,19.923363567271082,20.154675884259827,2.2686876830112546,174be7f32dd5bd9e364a40660c78a69311d1e3c8399b5fdb673b903230d43721,timestamped_live_quote,FBS vs FBS
2026-10-08T12:44:59Z,59f8c98dee8ce77cc17c5b4958e4f325,2026-10-10T23:30:00Z,Alabama Crimson Tide,Georgia Bulldogs,betrivers,BetRivers,2026-10-08T12:44:44Z,2026-10-08T12:44:44Z,Georgia Bulldogs,2.0,-114.0,2026,2026-10-08T12:44:59Z,1650,19.923363567271082,20.154675884259827,2.2686876830112546,174be7f32dd5bd9e364a40660c78a69311d1e3c8399b5fdb673b903230d43721,timestamped_live_quote,FBS vs FBS
2026-10-08T12:44:59Z,59f8c98dee8ce77cc17c5b4958e4f325,2026-10-10T23:30:00Z,Alabama Crimson Tide,Georgia Bulldogs,mybookieag,MyBookie.ag,2026-10-08T12:44:42Z,2026-10-08T12:44:41Z,Alabama Crimson Tide,-1.5,-110.0,2026,2026-10-08T12:44:59Z,1650,19.923363567271082,20.154675884259827,2.2686876830112546,174be7f32dd5bd9e364a40660c78a69311d1e3c8399b5fdb673b903230d43721,timestamped_live_quote,FBS vs FBS
2026-10-08T12:44:59Z,59f8c98dee8ce77cc17c5b4958e4f325,2026-10-10T23:30:00Z,Alabama Crimson Tide,Georgia Bulldogs,mybookieag,MyBookie.ag,2026-10-08T12:44:42Z,2026-10-08T12:44:41Z,Georgia Bulldogs,1.5,-110.0,2026,2026-10-08T12:44:59Z,1650,19.923363567271082,20.154675884259827,2.2686876830112546,174be7f32dd5bd9e364a40660c78a69311d1e3c8399b5fdb673b903230d43721,timestamped_live_quote,FBS vs FBS
2026-10-08T12:44:59Z,59f8c98dee8ce77cc17c5b4958e4f325,2026-10-10T23:30:00Z,Alabama Crimson Tide,Georgia Bulldogs,betonlineag,BetOnline.ag,2026-10-08T12:44:24Z,2026-10-08T12:44:24Z,Alabama Crimson Tide,-2.0,-105.0,2026,2026-10-08T12:44:59Z,1650,19.923363567271082,20.154675884259827,2.2686876830112546,174be7f32dd5bd9e364a40660c78a69311d1e3c8399b5fdb673b903230d43721,timestamped_live_quote,FBS vs FBS
2026-10-08T12:44:59Z,59f8c98dee8ce77cc17c5b4958e4f325,2026-10-10T23:30:00Z,Alabama Crimson Tide,Georgia Bulldogs,betonlineag,BetOnline.ag,2026-10-08T12:44:24Z,2026-10-08T12:44:24Z,Georgia Bulldogs,2.0,-115.0,2026,2026-10-08T12:44:59Z,1650,19.923363567271082,20.154675884259827,2.2686876830112546,174be7f32dd5bd9e364a40660c78a69311d1e3c8399b5fdb673b903230d43721,timestamped_live_quote,FBS vs FBS
2026-10-08T12:44:59Z,59f8c98dee8ce77cc17c5b4958e4f325,2026-10-10T23:30:00Z,Alabama Crimson Tide,Georgia Bulldogs,lowvig,LowVig.ag,2026-10-08T12:44:10Z,2026-10-08T12:44:10Z,Alabama Crimson Tide,-2.0,-101.0,2026,2026-10-08T12:44:59Z,1650,19.923363567271082,20.154675884259827,2.2686876830112546,174be7f32dd5bd9e364a40660c78a69311d1e3c8399b5fdb673b903230d43721,timestamped_live_quote,FBS vs FBS
2026-10-08T12:44:59Z,59f8c98dee8ce77cc17c5b4958e4f325,2026-10-10T23:30:00Z,Alabama Crimson Tide,Georgia Bulldogs,lowvig,LowVig.ag,2026-10-08T12:44:10Z,2026-10-08T12:44:10Z,Georgia Bulldogs,2.0,-111.0,2026,2026-10-08T12:44:59Z,1650,19.923363567271082,20.154675884259827,2.2686876830112546,174be7f32dd5bd9e364a40660c78a69311d1e3c8399b5fdb673b903230d43721,timestamped_live_quote,FBS vs FBS
2026-10-08T12:44:59Z,59f8c98dee8ce77cc17c5b4958e4f325,2026-10-10T23:30:00Z,Alabama Crimson Tide,Georgia Bulldogs,betus,BetUS,2026-10-08T12:44:13Z,2026-10-08T12:44:13Z,Alabama Crimson Tide,-2.0,-105.0,2026,2026-10-08T12:44:59Z,1650,19.923363567271082,20.154675884259827,2.2686876830112546,174be7f32dd5bd9e364a40660c78a69311d1e3c8399b5fdb673b903230d43721,timestamped_live_quote,FBS vs FBS
2026-10-08T12:44:59Z,59f8c98dee8ce77cc17c5b4958e4f325,2026-10-10T23:30:00Z,Alabama Crimson Tide,Georgia Bulldogs,betus,BetUS,2026-10-08T12:44:13Z,2026-10-08T12:44:13Z,Georgia Bulldogs,2.0,-115.0,2026,2026-10-08T12:44:59Z,1650,19.923363567271082,20.154675884259827,2.2686876830112546,174be7f32dd5bd9e364a40660c78a69311d1e3c8399b5fdb673b903230d43721,timestamped_live_quote,FBS vs FBS
2026-10-08T12:44:59Z,59f8c98dee8ce77cc17c5b4958e4f325,2026-10-10T23:30:00Z,Alabama Crimson Tide,Georgia Bulldogs,bovada,Bovada,2026-10-08T12:44:12Z,2026-10-08T12:44:12Z,Alabama Crimson Tide,-2.0,-110.0,2026,2026-10-08T12:44:59Z,1650,19.923363567271082,20.154675884259827,2.2686876830112546,174be7f32dd5bd9e364a40660c78a69311d1e3c8399b5fdb673b903230d43721,timestamped_live_quote,FBS vs FBS
2026-10-08T12:44:59Z,59f8c98dee8ce77cc17c5b4958e4f325,2026-10-10T23:30:00Z,Alabama Crimson Tide,Georgia Bulldogs,bovada,Bovada,2026-10-08T12:44:12Z,2026-10-08T12:44:12Z,Georgia Bulldogs,2.0,-110.0,2026,2026-10-08T12:44:59Z,1650,19.923363567271082,20.154675884259827,2.2686876830112546,174be7f32dd5bd9e364a40660c78a69311d1e3c8399b5fdb673b903230d43721,timestamped_live_quote,FBS vs FBS
2026-10-08T12:44:59Z,2876b41c9c5327639fda141d7027eadb,2026-10-10T23:30:00Z,Georgia Southern Eagles,James Madison Dukes,draftkings,DraftKings,2026-10-08T12:44:42Z,2026-10-08T12:44:41Z,Georgia Southern Eagles,7.5,-112.0,2026,2026-10-08T12:44:59Z,1650,3.397071486965543,15.656284311182969,-9.759212824217425,174be7f32dd5bd9e364a40660c78a69311d1e3c8399b5fdb673b903230d43721,timestamped_live_quote,FBS vs FBS
2026-10-08T12:44:59Z,2876b41c9c5327639fda141d7027eadb,2026-10-10T23:30:00Z,Georgia Southern Eagles,James Madison Dukes,draftkings,DraftKings,2026-10-08T12:44:42Z,2026-10-08T12:44:41Z,James Madison Dukes,-7.5,-108.0,2026,2026-10-08T12:44:59Z,1650,3.397071486965543,15.656284311182969,-9.759212824217425,174be7f32dd5bd9e364a40660c78a69311d1e3c8399b5fdb673b903230d43721,timestamped_live_quote,FBS vs FBS
2026-10-08T12:44:59Z,2876b41c9c5327639fda141d7027eadb,2026-10-10T23:30:00Z,Georgia Southern Eagles,James Madison Dukes,fanduel,FanDuel,2026-10-08T12:44:34Z,2026-10-08T12:44:32Z,Georgia Southern Eagles,7.5,-115.0,2026,2026-10-08T12:44:59Z,1650,3.397071486965543,15.656284311182969,-9.759212824217425,174be7f32dd5bd9e364a40660c78a69311d1e3c8399b5fdb673b903230d43721,timestamped_live_quote,FBS vs FBS
2026-10-08T12:44:59Z,2876b41c9c5327639fda141d7027eadb,2026-10-10T23:30:00Z,Georgia Southern Eagles,James Madison Dukes,fanduel,FanDuel,2026-10-08T12:44:34Z,2026-10-08T12:44:32Z,James Madison Dukes,-7.5,-105.0,2026,2026-10-08T12:44:59Z,1650,3.397071486965543,15.656284311182969,-9.759212824217425,174be7f32dd5bd9e364a40660c78a69311d1e3c8399b5fdb673b903230d43721,timestamped_live_quote,FBS vs FBS
2026-10-08T12:44:59Z,2876b41c9c5327639fda141d7027eadb,2026-10-10T23:30:00Z,Georgia Southern Eagles,James Madison Dukes,lowvig,LowVig.ag,2026-10-08T12:44:10Z,2026-10-08T12:44:10Z,Georgia Southern Eagles,7.5,-111.0,2026,2026-10-08T12:44:59Z,1650,3.397071486965543,15.656284311182969,-9.759212824217425,174be7f32dd5bd9e364a40660c78a69311d1e3c8399b5fdb673b903230d43721,timestamped_live_quote,FBS vs FBS
2026-10-08T12:44:59Z,2876b41c9c5327639fda141d7027eadb,2026-10-10T23:30:00Z,Georgia Southern Eagles,James Madison Dukes,lowvig,LowVig.ag,2026-10-08T12:44:10Z,2026-10-08T12:44:10Z,James Madison Dukes,-7.5,-101.0,2026,2026-10-08T12:44:59Z,1650,3.397071486965543,15.656284311182969,-9.759212824217425,174be7f32dd5bd9e364a40660c78a69311d1e3c8399b5fdb673b903230d43721,timestamped_live_quote,FBS vs FBS
2026-10-08T12:44:59Z,2876b41c9c5327639fda141d7027eadb,2026-10-10T23:30:00Z,Georgia Southern Eagles,James Madison Dukes,betonlineag,BetOnline.ag,2026-10-08T12:44:24Z,2026-10-08T12:44:24Z,Georgia Southern Eagles,7.5,-115.0,2026,2026-10-08T12:44:59Z,1650,3.397071486965543,15.656284311182969,-9.759212824217425,174be7f32dd5bd9e364a40660c78a69311d1e3c8399b5fdb673b903230d43721,timestamped_live_quote,FBS vs FBS
2026-10-08T12:44:59Z,2876b41c9c5327639fda141d7027eadb,2026-10-10T23:30:00Z,Georgia Southern Eagles,James Madison Dukes,betonlineag,BetOnline.ag,2026-10-08T12:44:24Z,2026-10-08T12:44:24Z,James Madison Dukes,-7.5,-105.0,2026,2026-10-08T12:44:59Z,1650,3.397071486965543,15.656284311182969,-9.759212824217425,174be7f32dd5bd9e364a40660c78a69311d1e3c8399b5fdb673b903230d43721,timestamped_live_quote,FBS vs FBS
2026-10-08T12:44:59Z,2876b41c9c5327639fda141d7027eadb,2026-10-10T23:30:00Z,Georgia Southern Eagles,James Madison Dukes,betmgm,BetMGM,2026-10-08T12:44:43Z,2026-10-08T12:44:43Z,Georgia Southern Eagles,7.5,-110.0,2026,2026-10-08T12:44:59Z,1650,3.397071486965543,15.656284311182969,-9.759212824217425,174be7f32dd5bd9e364a40660c78a69311d1e3c8399b5fdb673b903230d43721,timestamped_live_quote,FBS vs FBS
2026-10-08T12:44:59Z,2876b41c9c5327639fda141d7027eadb,2026-10-10T23:30:00Z,Georgia Southern Eagles,James Madison Dukes,betmgm,BetMGM,2026-10-08T12:44:43Z,2026-10-08T12:44:43Z,James Madison Dukes,-7.5,-108.0,2026,2026-10-08T12:44:59Z,1650,3.397071486965543,15.656284311182969,-9.759212824217425,174be7f32dd5bd9e364a40660c78a69311d1e3c8399b5fdb673b903230d43721,timestamped_live_quote,FBS vs FBS
2026-10-08T12:44:59Z,2876b41c9c5327639fda141d7027eadb,2026-10-10T23:30:00Z,Georgia Southern Eagles,James Madison Dukes,mybookieag,MyBookie.ag,2026-10-08T12:44:42Z,2026-10-08T12:44:42Z,Georgia Southern Eagles,7.5,-110.0,2026,2026-10-08T12:44:59Z,1650,3.397071486965543,15.656284311182969,-9.759212824217425,174be7f32dd5bd9e364a40660c78a69311d1e3c8399b5fdb673b903230d43721,timestamped_live_quote,FBS vs FBS
2026-10-08T12:44:59Z,2876b41c9c5327639fda141d7027eadb,2026-10-10T23:30:00Z,Georgia Southern Eagles,James Madison Dukes,mybookieag,MyBookie.ag,2026-10-08T12:44:42Z,2026-10-08T12:44:42Z,James Madison Dukes,-7.5,-110.0,2026,2026-10-08T12:44:59Z,1650,3.397071486965543,15.656284311182969,-9.759212824217425,174be7f32dd5bd9e364a40660c78a69311d1e3c8399b5fdb673b903230d43721,timestamped_live_quote,FBS vs FBS
2026-10-08T12:44:59Z,2876b41c9c5327639fda141d7027eadb,2026-10-10T23:30:00Z,Georgia Southern Eagles,James Madison Dukes,betus,BetUS,2026-10-08T12:44:13Z,2026-10-08T12:44:13Z,Georgia Southern Eagles,7.5,-115.0,2026,2026-10-08T12:44:59Z,1650,3.397071486965543,15.656284311182969,-9.759212824217425,174be7f32dd5bd9e364a40660c78a69311d1e3c8399b5fdb673b903230d43721,timestamped_live_quote,FBS vs FBS
2026-10-08T12:44:59Z,2876b41c9c5327639fda141d7027eadb,2026-10-10T23:30:00Z,Georgia Southern Eagles,James Madison Dukes,betus,BetUS,2026-10-08T12:44:13Z,2026-10-08T12:44:13Z,James Madison Dukes,-7.5,-105.0,2026,2026-10-08T12:44:59Z,1650,3.397071486965543,15.656284311182969,-9.759212824217425,174be7f32dd5bd9e364a40660c78a69311d1e3c8399b5fdb673b903230d43721,timestamped_live_quote,FBS vs FBS
2026-10-08T12:44:59Z,2876b41c9c5327639fda141d7027eadb,2026-10-10T23:30:00Z,Georgia Southern Eagles,James Madison Dukes,bovada,Bovada,2026-10-08T12:44:12Z,2026-10-08T12:44:12Z,Georgia Southern Eagles,7.5,-120.0,2026,2026-10-08T12:44:59Z,1650,3.397071486965543,15.656284311182969,-9.759212824217425,174be7f32dd5bd9e364a40660c78a69311d1e3c8399b5fdb673b903230d43721,timestamped_live_quote,FBS vs FBS
2026-10-08T12:44:59Z,2876b41c9c5327639fda141d7027eadb,2026-10-10T23:30:00Z,Georgia Southern Eagles,James Madison Dukes,bovada,Bovada,2026-10-08T12:44:12Z,2026-10-08T12:44:12Z,James Madison Dukes,-7.5,100.0,2026,2026-10-08T12:44:59Z,1650,3.397071486965543,15.656284311182969,-9.759212824217425,174be7f32dd5bd9e364a40660c78a69311d1e3c8399b5fdb673b903230d43721,timestamped_live_quote,FBS vs FBS
2026-10-08T12:44:59Z,2876b41c9c5327639fda141d7027eadb,2026-10-10T23:30:00Z,Georgia Southern Eagles,James Madison Dukes,betrivers,BetRivers,2026-10-08T12:44:44Z,2026-10-08T12:44:44Z,Georgia Southern Eagles,7.5,-110.0,2026,2026-10-08T12:44:59Z,1650,3.397071486965543,15.656284311182969,-9.759212824217425,174be7f32dd5bd9e364a40660c78a69311d1e3c8399b5fdb673b903230d43721,timestamped_live_quote,FBS vs FBS
2026-10-08T12:44:59Z,2876b41c9c5327639fda141d7027eadb,2026-10-10T23:30:00Z,Georgia Southern Eagles,James Madison Dukes,betrivers,BetRivers,2026-10-08T12:44:44Z,2026-10-08T12:44:44Z,James Madison Dukes,-7.5,-113.0,2026,2026-10-08T12:44:59Z,1650,3.397071486965543,15.656284311182969,-9.759212824217425,174be7f32dd5bd9e364a40660c78a69311d1e3c8399b5fdb673b903230d43721,timestamped_live_quote,FBS vs FBS
2026-10-08T12:44:59Z,837b4ddbdcd5e8e3a68a7c954208ff40,2026-10-10T23:30:00Z,Louisiana Tech Bulldogs,Louisiana Ragin Cajuns,draftkings,DraftKings,2026-10-08T12:44:42Z,2026-10-08T12:44:41Z,Louisiana Ragin Cajuns,3.0,-112.0,2026,2026-10-08T12:44:59Z,1650,5.885011837698203,5.381897295754449,3.003114541943754,174be7f32dd5bd9e364a40660c78a69311d1e3c8399b5fdb673b903230d43721,timestamped_live_quote,FBS vs FBS
2026-10-08T12:44:59Z,837b4ddbdcd5e8e3a68a7c954208ff40,2026-10-10T23:30:00Z,Louisiana Tech Bulldogs,Louisiana Ragin Cajuns,draftkings,DraftKings,2026-10-08T12:44:42Z,2026-10-08T12:44:41Z,Louisiana Tech Bulldogs,-3.0,-108.0,2026,2026-10-08T12:44:59Z,1650,5.885011837698203,5.381897295754449,3.003114541943754,174be7f32dd5bd9e364a40660c78a69311d1e3c8399b5fdb673b903230d43721,timestamped_live_quote,FBS vs FBS
2026-10-08T12:44:59Z,837b4ddbdcd5e8e3a68a7c954208ff40,2026-10-10T23:30:00Z,Louisiana Tech Bulldogs,Louisiana Ragin Cajuns,betonlineag,BetOnline.ag,2026-10-08T12:44:24Z,2026-10-08T12:44:24Z,Louisiana Ragin Cajuns,2.5,105.0,2026,2026-10-08T12:44:59Z,1650,5.885011837698203,5.381897295754449,3.003114541943754,174be7f32dd5bd9e364a40660c78a69311d1e3c8399b5fdb673b903230d43721,timestamped_live_quote,FBS vs FBS
2026-10-08T12:44:59Z,837b4ddbdcd5e8e3a68a7c954208ff40,2026-10-10T23:30:00Z,Louisiana Tech Bulldogs,Louisiana Ragin Cajuns,betonlineag,BetOnline.ag,2026-10-08T12:44:24Z,2026-10-08T12:44:24Z,Louisiana Tech Bulldogs,-2.5,-125.0,2026,2026-10-08T12:44:59Z,1650,5.885011837698203,5.381897295754449,3.003114541943754,174be7f32dd5bd9e364a40660c78a69311d1e3c8399b5fdb673b903230d43721,timestamped_live_quote,FBS vs FBS
2026-10-08T12:44:59Z,837b4ddbdcd5e8e3a68a7c954208ff40,2026-10-10T23:30:00Z,Louisiana Tech Bulldogs,Louisiana Ragin Cajuns,lowvig,LowVig.ag,2026-10-08T12:44:10Z,2026-10-08T12:44:10Z,Louisiana Ragin Cajuns,2.5,109.0,2026,2026-10-08T12:44:59Z,1650,5.885011837698203,5.381897295754449,3.003114541943754,174be7f32dd5bd9e364a40660c78a69311d1e3c8399b5fdb673b903230d43721,timestamped_live_quote,FBS vs FBS
2026-10-08T12:44:59Z,837b4ddbdcd5e8e3a68a7c954208ff40,2026-10-10T23:30:00Z,Louisiana Tech Bulldogs,Louisiana Ragin Cajuns,lowvig,LowVig.ag,2026-10-08T12:44:10Z,2026-10-08T12:44:10Z,Louisiana Tech Bulldogs,-2.5,-122.0,2026,2026-10-08T12:44:59Z,1650,5.885011837698203,5.381897295754449,3.003114541943754,174be7f32dd5bd9e364a40660c78a69311d1e3c8399b5fdb673b903230d43721,timestamped_live_quote,FBS vs FBS
2026-10-08T12:44:59Z,837b4ddbdcd5e8e3a68a7c954208ff40,2026-10-10T23:30:00Z,Louisiana Tech Bulldogs,Louisiana Ragin Cajuns,fanduel,FanDuel,2026-10-08T12:44:36Z,2026-10-08T12:44:33Z,Louisiana Ragin Cajuns,2.5,100.0,2026,2026-10-08T12:44:59Z,1650,5.885011837698203,5.381897295754449,3.003114541943754,174be7f32dd5bd9e364a40660c78a69311d1e3c8399b5fdb673b903230d43721,timestamped_live_quote,FBS vs FBS
2026-10-08T12:44:59Z,837b4ddbdcd5e8e3a68a7c954208ff40,2026-10-10T23:30:00Z,Louisiana Tech Bulldogs,Louisiana Ragin Cajuns,fanduel,FanDuel,2026-10-08T12:44:36Z,2026-10-08T12:44:33Z,Louisiana Tech Bulldogs,-2.5,-122.0,2026,2026-10-08T12:44:59Z,1650,5.885011837698203,5.381897295754449,3.003114541943754,174be7f32dd5bd9e364a40660c78a69311d1e3c8399b5fdb673b903230d43721,timestamped_live_quote,FBS vs FBS
2026-10-08T12:44:59Z,837b4ddbdcd5e8e3a68a7c954208ff40,2026-10-10T23:30:00Z,Louisiana Tech Bulldogs,Louisiana Ragin Cajuns,betmgm,BetMGM,2026-10-08T12:44:43Z,2026-10-08T12:44:43Z,Louisiana Ragin Cajuns,3.0,-110.0,2026,2026-10-08T12:44:59Z,1650,5.885011837698203,5.381897295754449,3.003114541943754,174be7f32dd5bd9e364a40660c78a69311d1e3c8399b5fdb673b903230d43721,timestamped_live_quote,FBS vs FBS
2026-10-08T12:44:59Z,837b4ddbdcd5e8e3a68a7c954208ff40,2026-10-10T23:30:00Z,Louisiana Tech Bulldogs,Louisiana Ragin Cajuns,betmgm,BetMGM,2026-10-08T12:44:43Z,2026-10-08T12:44:43Z,Louisiana Tech Bulldogs,-3.0,-108.0,2026,2026-10-08T12:44:59Z,1650,5.885011837698203,5.381897295754449,3.003114541943754,174be7f32dd5bd9e364a40660c78a69311d1e3c8399b5fdb673b903230d43721,timestamped_live_quote,FBS vs FBS
2026-10-08T12:44:59Z,837b4ddbdcd5e8e3a68a7c954208ff40,2026-10-10T23:30:00Z,Louisiana Tech Bulldogs,Louisiana Ragin Cajuns,mybookieag,MyBookie.ag,2026-10-08T12:44:42Z,2026-10-08T12:44:42Z,Louisiana Ragin Cajuns,3.0,-110.0,2026,2026-10-08T12:44:59Z,1650,5.885011837698203,5.381897295754449,3.003114541943754,174be7f32dd5bd9e364a40660c78a69311d1e3c8399b5fdb673b903230d43721,timestamped_live_quote,FBS vs FBS
2026-10-08T12:44:59Z,837b4ddbdcd5e8e3a68a7c954208ff40,2026-10-10T23:30:00Z,Louisiana Tech Bulldogs,Louisiana Ragin Cajuns,mybookieag,MyBookie.ag,2026-10-08T12:44:42Z,2026-10-08T12:44:42Z,Louisiana Tech Bulldogs,-3.0,-110.0,2026,2026-10-08T12:44:59Z,1650,5.885011837698203,5.381897295754449,3.003114541943754,174be7f32dd5bd9e364a40660c78a69311d1e3c8399b5fdb673b903230d43721,timestamped_live_quote,FBS vs FBS
2026-10-08T12:44:59Z,837b4ddbdcd5e8e3a68a7c954208ff40,2026-10-10T23:30:00Z,Louisiana Tech Bulldogs,Louisiana Ragin Cajuns,bovada,Bovada,2026-10-08T12:44:12Z,2026-10-08T12:44:12Z,Louisiana Ragin Cajuns,3.0,-110.0,2026,2026-10-08T12:44:59Z,1650,5.885011837698203,5.381897295754449,3.003114541943754,174be7f32dd5bd9e364a40660c78a69311d1e3c8399b5fdb673b903230d43721,timestamped_live_quote,FBS vs FBS
2026-10-08T12:44:59Z,837b4ddbdcd5e8e3a68a7c954208ff40,2026-10-10T23:30:00Z,Louisiana Tech Bulldogs,Louisiana Ragin Cajuns,bovada,Bovada,2026-10-08T12:44:12Z,2026-10-08T12:44:12Z,Louisiana Tech Bulldogs,-3.0,-110.0,2026,2026-10-08T12:44:59Z,1650,5.885011837698203,5.381897295754449,3.003114541943754,174be7f32dd5bd9e364a40660c78a69311d1e3c8399b5fdb673b903230d43721,timestamped_live_quote,FBS vs FBS
2026-10-08T12:44:59Z,837b4ddbdcd5e8e3a68a7c954208ff40,2026-10-10T23:30:00Z,Louisiana Tech Bulldogs,Louisiana Ragin Cajuns,betus,BetUS,2026-10-08T12:44:13Z,2026-10-08T12:44:13Z,Louisiana Ragin Cajuns,3.0,-105.0,2026,2026-10-08T12:44:59Z,1650,5.885011837698203,5.381897295754449,3.003114541943754,174be7f32dd5bd9e364a40660c78a69311d1e3c8399b5fdb673b903230d43721,timestamped_live_quote,FBS vs FBS
2026-10-08T12:44:59Z,837b4ddbdcd5e8e3a68a7c954208ff40,2026-10-10T23:30:00Z,Louisiana Tech Bulldogs,Louisiana Ragin Cajuns,betus,BetUS,2026-10-08T12:44:13Z,2026-10-08T12:44:13Z,Louisiana Tech Bulldogs,-3.0,-115.0,2026,2026-10-08T12:44:59Z,1650,5.885011837698203,5.381897295754449,3.003114541943754,174be7f32dd5bd9e364a40660c78a69311d1e3c8399b5fdb673b903230d43721,timestamped_live_quote,FBS vs FBS
2026-10-08T12:44:59Z,837b4ddbdcd5e8e3a68a7c954208ff40,2026-10-10T23:30:00Z,Louisiana Tech Bulldogs,Louisiana Ragin Cajuns,betrivers,BetRivers,2026-10-08T12:44:44Z,2026-10-08T12:44:44Z,Louisiana Ragin Cajuns,3.0,-112.0,2026,2026-10-08T12:44:59Z,1650,5.885011837698203,5.381897295754449,3.003114541943754,174be7f32dd5bd9e364a40660c78a69311d1e3c8399b5fdb673b903230d43721,timestamped_live_quote,FBS vs FBS
2026-10-08T12:44:59Z,837b4ddbdcd5e8e3a68a7c954208ff40,2026-10-10T23:30:00Z,Louisiana Tech Bulldogs,Louisiana Ragin Cajuns,betrivers,BetRivers,2026-10-08T12:44:44Z,2026-10-08T12:44:44Z,Louisiana Tech Bulldogs,-3.0,-110.0,2026,2026-10-08T12:44:59Z,1650,5.885011837698203,5.381897295754449,3.003114541943754,174be7f32dd5bd9e364a40660c78a69311d1e3c8399b5fdb673b903230d43721,timestamped_live_quote,FBS vs FBS
2026-10-08T12:44:59Z,4462f1fa168ab2a5a25fe2807ebec8ac,2026-10-10T23:30:00Z,Penn State Nittany Lions,USC Trojans,draftkings,DraftKings,2026-10-08T12:44:42Z,2026-10-08T12:44:41Z,Penn State Nittany Lions,-1.5,-108.0,2026,2026-10-08T12:44:59Z,1650,10.828358030385873,9.210507776868907,4.117850253516966,174be7f32dd5bd9e364a40660c78a69311d1e3c8399b5fdb673b903230d43721,timestamped_live_quote,FBS vs FBS
2026-10-08T12:44:59Z,4462f1fa168ab2a5a25fe2807ebec8ac,2026-10-10T23:30:00Z,Penn State Nittany Lions,USC Trojans,draftkings,DraftKings,2026-10-08T12:44:42Z,2026-10-08T12:44:41Z,USC Trojans,1.5,-112.0,2026,2026-10-08T12:44:59Z,1650,10.828358030385873,9.210507776868907,4.117850253516966,174be7f32dd5bd9e364a40660c78a69311d1e3c8399b5fdb673b903230d43721,timestamped_live_quote,FBS vs FBS
2026-10-08T12:44:59Z,4462f1fa168ab2a5a25fe2807ebec8ac,2026-10-10T23:30:00Z,Penn State Nittany Lions,USC Trojans,mybookieag,MyBookie.ag,2026-10-08T12:44:42Z,2026-10-08T12:44:41Z,Penn State Nittany Lions,-1.5,-110.0,2026,2026-10-08T12:44:59Z,1650,10.828358030385873,9.210507776868907,4.117850253516966,174be7f32dd5bd9e364a40660c78a69311d1e3c8399b5fdb673b903230d43721,timestamped_live_quote,FBS vs FBS
2026-10-08T12:44:59Z,4462f1fa168ab2a5a25fe2807ebec8ac,2026-10-10T23:30:00Z,Penn State Nittany Lions,USC Trojans,mybookieag,MyBookie.ag,2026-10-08T12:44:42Z,2026-10-08T12:44:41Z,USC Trojans,1.5,-110.0,2026,2026-10-08T12:44:59Z,1650,10.828358030385873,9.210507776868907,4.117850253516966,174be7f32dd5bd9e364a40660c78a69311d1e3c8399b5fdb673b903230d43721,timestamped_live_quote,FBS vs FBS
2026-10-08T12:44:59Z,4462f1fa168ab2a5a25fe2807ebec8ac,2026-10-10T23:30:00Z,Penn State Nittany Lions,USC Trojans,betrivers,BetRivers,2026-10-08T12:44:44Z,2026-10-08T12:44:44Z,Penn State Nittany Lions,-1.5,-110.0,2026,2026-10-08T12:44:59Z,1650,10.828358030385873,9.210507776868907,4.117850253516966,174be7f32dd5bd9e364a40660c78a69311d1e3c8399b5fdb673b903230d43721,timestamped_live_quote,FBS vs FBS
2026-10-08T12:44:59Z,4462f1fa168ab2a5a25fe2807ebec8ac,2026-10-10T23:30:00Z,Penn State Nittany Lions,USC Trojans,betrivers,BetRivers,2026-10-08T12:44:44Z,2026-10-08T12:44:44Z,USC Trojans,1.5,-113.0,2026,2026-10-08T12:44:59Z,1650,10.828358030385873,9.210507776868907,4.117850253516966,174be7f32dd5bd9e364a40660c78a69311d1e3c8399b5fdb673b903230d43721,timestamped_live_quote,FBS vs FBS
2026-10-08T12:44:59Z,4462f1fa168ab2a5a25fe2807ebec8ac,2026-10-10T23:30:00Z,Penn State Nittany Lions,USC Trojans,fanduel,FanDuel,2026-10-08T12:44:36Z,2026-10-08T12:44:33Z,Penn State Nittany Lions,-1.5,-106.0,2026,2026-10-08T12:44:59Z,1650,10.828358030385873,9.210507776868907,4.117850253516966,174be7f32dd5bd9e364a40660c78a69311d1e3c8399b5fdb673b903230d43721,timestamped_live_quote,FBS vs FBS
2026-10-08T12:44:59Z,4462f1fa168ab2a5a25fe2807ebec8ac,2026-10-10T23:30:00Z,Penn State Nittany Lions,USC Trojans,fanduel,FanDuel,2026-10-08T12:44:36Z,2026-10-08T12:44:33Z,USC Trojans,1.5,-114.0,2026,2026-10-08T12:44:59Z,1650,10.828358030385873,9.210507776868907,4.117850253516966,174be7f32dd5bd9e364a40660c78a69311d1e3c8399b5fdb673b903230d43721,timestamped_live_quote,FBS vs FBS
2026-10-08T12:44:59Z,4462f1fa168ab2a5a25fe2807ebec8ac,2026-10-10T23:30:00Z,Penn State Nittany Lions,USC Trojans,lowvig,LowVig.ag,2026-10-08T12:44:10Z,2026-10-08T12:44:10Z,Penn State Nittany Lions,-1.5,-107.0,2026,2026-10-08T12:44:59Z,1650,10.828358030385873,9.210507776868907,4.117850253516966,174be7f32dd5bd9e364a40660c78a69311d1e3c8399b5fdb673b903230d43721,timestamped_live_quote,FBS vs FBS
2026-10-08T12:44:59Z,4462f1fa168ab2a5a25fe2807ebec8ac,2026-10-10T23:30:00Z,Penn State Nittany Lions,USC Trojans,lowvig,LowVig.ag,2026-10-08T12:44:10Z,2026-10-08T12:44:10Z,USC Trojans,1.5,-105.0,2026,2026-10-08T12:44:59Z,1650,10.828358030385873,9.210507776868907,4.117850253516966,174be7f32dd5bd9e364a40660c78a69311d1e3c8399b5fdb673b903230d43721,timestamped_live_quote,FBS vs FBS
2026-10-08T12:44:59Z,4462f1fa168ab2a5a25fe2807ebec8ac,2026-10-10T23:30:00Z,Penn State Nittany Lions,USC Trojans,betonlineag,BetOnline.ag,2026-10-08T12:44:24Z,2026-10-08T12:44:24Z,Penn State Nittany Lions,-1.5,-111.0,2026,2026-10-08T12:44:59Z,1650,10.828358030385873,9.210507776868907,4.117850253516966,174be7f32dd5bd9e364a40660c78a69311d1e3c8399b5fdb673b903230d43721,timestamped_live_quote,FBS vs FBS
2026-10-08T12:44:59Z,4462f1fa168ab2a5a25fe2807ebec8ac,2026-10-10T23:30:00Z,Penn State Nittany Lions,USC Trojans,betonlineag,BetOnline.ag,2026-10-08T12:44:24Z,2026-10-08T12:44:24Z,USC Trojans,1.5,-109.0,2026,2026-10-08T12:44:59Z,1650,10.828358030385873,9.210507776868907,4.117850253516966,174be7f32dd5bd9e364a40660c78a69311d1e3c8399b5fdb673b903230d43721,timestamped_live_quote,FBS vs FBS
2026-10-08T12:44:59Z,4462f1fa168ab2a5a25fe2807ebec8ac,2026-10-10T23:30:00Z,Penn State Nittany Lions,USC Trojans,betmgm,BetMGM,2026-10-08T12:44:43Z,2026-10-08T12:44:43Z,Penn State Nittany Lions,-1.5,-108.0,2026,2026-10-08T12:44:59Z,1650,10.828358030385873,9.210507776868907,4.117850253516966,174be7f32dd5bd9e364a40660c78a69311d1e3c8399b5fdb673b903230d43721,timestamped_live_quote,FBS vs FBS
2026-10-08T12:44:59Z,4462f1fa168ab2a5a25fe2807ebec8ac,2026-10-10T23:30:00Z,Penn State Nittany Lions,USC Trojans,betmgm,BetMGM,2026-10-08T12:44:43Z,2026-10-08T12:44:43Z,USC Trojans,1.5,-110.0,2026,2026-10-08T12:44:59Z,1650,10.828358030385873,9.210507776868907,4.117850253516966,174be7f32dd5bd9e364a40660c78a69311d1e3c8399b5fdb673b903230d43721,timestamped_live_quote,FBS vs FBS
2026-10-08T12:44:59Z,4462f1fa168ab2a5a25fe2807ebec8ac,2026-10-10T23:30:00Z,Penn State Nittany Lions,USC Trojans,bovada,Bovada,2026-10-08T12:44:12Z,2026-10-08T12:44:12Z,Penn State Nittany Lions,-1.5,-110.0,2026,2026-10-08T12:44:59Z,1650,10.828358030385873,9.210507776868907,4.117850253516966,174be7f32dd5bd9e364a40660c78a69311d1e3c8399b5fdb673b903230d43721,timestamped_live_quote,FBS vs FBS
2026-10-08T12:44:59Z,4462f1fa168ab2a5a25fe2807ebec8ac,2026-10-10T23:30:00Z,Penn State Nittany Lions,USC Trojans,bovada,Bovada,2026-10-08T12:44:12Z,2026-10-08T12:44:12Z,USC Trojans,1.5,-110.0,2026,2026-10-08T12:44:59Z,1650,10.828358030385873,9.210507776868907,4.117850253516966,174be7f32dd5bd9e364a40660c78a69311d1e3c8399b5fdb673b903230d43721,timestamped_live_quote,FBS vs FBS
2026-10-08T12:44:59Z,4462f1fa168ab2a5a25fe2807ebec8ac,2026-10-10T23:30:00Z,Penn State Nittany Lions,USC Trojans,betus,BetUS,2026-10-08T12:44:13Z,2026-10-08T12:44:13Z,Penn State Nittany Lions,-1.5,-110.0,2026,2026-10-08T12:44:59Z,1650,10.828358030385873,9.210507776868907,4.117850253516966,174be7f32dd5bd9e364a40660c78a69311d1e3c8399b5fdb673b903230d43721,timestamped_live_quote,FBS vs FBS
2026-10-08T12:44:59Z,4462f1fa168ab2a5a25fe2807ebec8ac,2026-10-10T23:30:00Z,Penn State Nittany Lions,USC Trojans,betus,BetUS,2026-10-08T12:44:13Z,2026-10-08T12:44:13Z,USC Trojans,1.5,-110.0,2026,2026-10-08T12:44:59Z,1650,10.828358030385873,9.210507776868907,4.117850253516966,174be7f32dd5bd9e364a40660c78a69311d1e3c8399b5fdb673b903230d43721,timestamped_live_quote,FBS vs FBS
2026-10-08T12:44:59Z,f7b49f43b10f581d991954dae86b9aa5,2026-10-10T23:30:00Z,Virginia Cavaliers,Syracuse Orange,fanduel,FanDuel,2026-10-08T12:44:36Z,2026-10-08T12:44:33Z,Syracuse Orange,9.5,-114.0,2026,2026-10-08T12:44:59Z,1650,10.558277581486896,7.400830974416121,5.657446607070775,174be7f32dd5bd9e364a40660c78a69311d1e3c8399b5fdb673b903230d43721,timestamped_live_quote,FBS vs FBS
2026-10-08T12:44:59Z,f7b49f43b10f581d991954dae86b9aa5,2026-10-10T23:30:00Z,Virginia Cavaliers,Syracuse Orange,fanduel,FanDuel,2026-10-08T12:44:36Z,2026-10-08T12:44:33Z,Virginia Cavaliers,-9.5,-106.0,2026,2026-10-08T12:44:59Z,1650,10.558277581486896,7.400830974416121,5.657446607070775,174be7f32dd5bd9e364a40660c78a69311d1e3c8399b5fdb673b903230d43721,timestamped_live_quote,FBS vs FBS
2026-10-08T12:44:59Z,f7b49f43b10f581d991954dae86b9aa5,2026-10-10T23:30:00Z,Virginia Cavaliers,Syracuse Orange,betrivers,BetRivers,2026-10-08T12:44:44Z,2026-10-08T12:44:44Z,Syracuse Orange,9.5,-112.0,2026,2026-10-08T12:44:59Z,1650,10.558277581486896,7.400830974416121,5.657446607070775,174be7f32dd5bd9e364a40660c78a69311d1e3c8399b5fdb673b903230d43721,timestamped_live_quote,FBS vs FBS
2026-10-08T12:44:59Z,f7b49f43b10f581d991954dae86b9aa5,2026-10-10T23:30:00Z,Virginia Cavaliers,Syracuse Orange,betrivers,BetRivers,2026-10-08T12:44:44Z,2026-10-08T12:44:44Z,Virginia Cavaliers,-9.5,-112.0,2026,2026-10-08T12:44:59Z,1650,10.558277581486896,7.400830974416121,5.657446607070775,174be7f32dd5bd9e364a40660c78a69311d1e3c8399b5fdb673b903230d43721,timestamped_live_quote,FBS vs FBS
2026-10-08T12:44:59Z,f7b49f43b10f581d991954dae86b9aa5,2026-10-10T23:30:00Z,Virginia Cavaliers,Syracuse Orange,betmgm,BetMGM,2026-10-08T12:44:43Z,2026-10-08T12:44:43Z,Syracuse Orange,9.0,-108.0,2026,2026-10-08T12:44:59Z,1650,10.558277581486896,7.400830974416121,5.657446607070775,174be7f32dd5bd9e364a40660c78a69311d1e3c8399b5fdb673b903230d43721,timestamped_live_quote,FBS vs FBS
2026-10-08T12:44:59Z,f7b49f43b10f581d991954dae86b9aa5,2026-10-10T23:30:00Z,Virginia Cavaliers,Syracuse Orange,betmgm,BetMGM,2026-10-08T12:44:43Z,2026-10-08T12:44:43Z,Virginia Cavaliers,-9.0,-110.0,2026,2026-10-08T12:44:59Z,1650,10.558277581486896,7.400830974416121,5.657446607070775,174be7f32dd5bd9e364a40660c78a69311d1e3c8399b5fdb673b903230d43721,timestamped_live_quote,FBS vs FBS
2026-10-08T12:44:59Z,f7b49f43b10f581d991954dae86b9aa5,2026-10-10T23:30:00Z,Virginia Cavaliers,Syracuse Orange,draftkings,DraftKings,2026-10-08T12:44:42Z,2026-10-08T12:44:41Z,Syracuse Orange,9.5,-110.0,2026,2026-10-08T12:44:59Z,1650,10.558277581486896,7.400830974416121,5.657446607070775,174be7f32dd5bd9e364a40660c78a69311d1e3c8399b5fdb673b903230d43721,timestamped_live_quote,FBS vs FBS
2026-10-08T12:44:59Z,f7b49f43b10f581d991954dae86b9aa5,2026-10-10T23:30:00Z,Virginia Cavaliers,Syracuse Orange,draftkings,DraftKings,2026-10-08T12:44:42Z,2026-10-08T12:44:41Z,Virginia Cavaliers,-9.5,-110.0,2026,2026-10-08T12:44:59Z,1650,10.558277581486896,7.400830974416121,5.657446607070775,174be7f32dd5bd9e364a40660c78a69311d1e3c8399b5fdb673b903230d43721,timestamped_live_quote,FBS vs FBS
2026-10-08T12:44:59Z,f7b49f43b10f581d991954dae86b9aa5,2026-10-10T23:30:00Z,Virginia Cavaliers,Syracuse Orange,lowvig,LowVig.ag,2026-10-08T12:44:10Z,2026-10-08T12:44:10Z,Syracuse Orange,9.0,-106.0,2026,2026-10-08T12:44:59Z,1650,10.558277581486896,7.400830974416121,5.657446607070775,174be7f32dd5bd9e364a40660c78a69311d1e3c8399b5fdb673b903230d43721,timestamped_live_quote,FBS vs FBS
2026-10-08T12:44:59Z,f7b49f43b10f581d991954dae86b9aa5,2026-10-10T23:30:00Z,Virginia Cavaliers,Syracuse Orange,lowvig,LowVig.ag,2026-10-08T12:44:10Z,2026-10-08T12:44:10Z,Virginia Cavaliers,-9.0,-106.0,2026,2026-10-08T12:44:59Z,1650,10.558277581486896,7.400830974416121,5.657446607070775,174be7f32dd5bd9e364a40660c78a69311d1e3c8399b5fdb673b903230d43721,timestamped_live_quote,FBS vs FBS
2026-10-08T12:44:59Z,f7b49f43b10f581d991954dae86b9aa5,2026-10-10T23:30:00Z,Virginia Cavaliers,Syracuse Orange,betonlineag,BetOnline.ag,2026-10-08T12:44:24Z,2026-10-08T12:44:24Z,Syracuse Orange,9.0,-110.0,2026,2026-10-08T12:44:59Z,1650,10.558277581486896,7.400830974416121,5.657446607070775,174be7f32dd5bd9e364a40660c78a69311d1e3c8399b5fdb673b903230d43721,timestamped_live_quote,FBS vs FBS
2026-10-08T12:44:59Z,f7b49f43b10f581d991954dae86b9aa5,2026-10-10T23:30:00Z,Virginia Cavaliers,Syracuse Orange,betonlineag,BetOnline.ag,2026-10-08T12:44:24Z,2026-10-08T12:44:24Z,Virginia Cavaliers,-9.0,-110.0,2026,2026-10-08T12:44:59Z,1650,10.558277581486896,7.400830974416121,5.657446607070775,174be7f32dd5bd9e364a40660c78a69311d1e3c8399b5fdb673b903230d43721,timestamped_live_quote,FBS vs FBS
2026-10-08T12:44:59Z,f7b49f43b10f581d991954dae86b9aa5,2026-10-10T23:30:00Z,Virginia Cavaliers,Syracuse Orange,mybookieag,MyBookie.ag,2026-10-08T12:44:42Z,2026-10-08T12:44:42Z,Syracuse Orange,9.0,-110.0,2026,2026-10-08T12:44:59Z,1650,10.558277581486896,7.400830974416121,5.657446607070775,174be7f32dd5bd9e364a40660c78a69311d1e3c8399b5fdb673b903230d43721,timestamped_live_quote,FBS vs FBS
2026-10-08T12:44:59Z,f7b49f43b10f581d991954dae86b9aa5,2026-10-10T23:30:00Z,Virginia Cavaliers,Syracuse Orange,mybookieag,MyBookie.ag,2026-10-08T12:44:42Z,2026-10-08T12:44:42Z,Virginia Cavaliers,-9.0,-110.0,2026,2026-10-08T12:44:59Z,1650,10.558277581486896,7.400830974416121,5.657446607070775,174be7f32dd5bd9e364a40660c78a69311d1e3c8399b5fdb673b903230d43721,timestamped_live_quote,FBS vs FBS
2026-10-08T12:44:59Z,f7b49f43b10f581d991954dae86b9aa5,2026-10-10T23:30:00Z,Virginia Cavaliers,Syracuse Orange,bovada,Bovada,2026-10-08T12:44:12Z,2026-10-08T12:44:12Z,Syracuse Orange,9.5,-110.0,2026,2026-10-08T12:44:59Z,1650,10.558277581486896,7.400830974416121,5.657446607070775,174be7f32dd5bd9e364a40660c78a69311d1e3c8399b5fdb673b903230d43721,timestamped_live_quote,FBS vs FBS
2026-10-08T12:44:59Z,f7b49f43b10f581d991954dae86b9aa5,2026-10-10T23:30:00Z,Virginia Cavaliers,Syracuse Orange,bovada,Bovada,2026-10-08T12:44:12Z,2026-10-08T12:44:12Z,Virginia Cavaliers,-9.5,-110.0,2026,2026-10-08T12:44:59Z,1650,10.558277581486896,7.400830974416121,5.657446607070775,174be7f32dd5bd9e364a40660c78a69311d1e3c8399b5fdb673b903230d43721,timestamped_live_quote,FBS vs FBS
2026-10-08T12:44:59Z,f7b49f43b10f581d991954dae86b9aa5,2026-10-10T23:30:00Z,Virginia Cavaliers,Syracuse Orange,betus,BetUS,2026-10-08T12:44:13Z,2026-10-08T12:44:13Z,Syracuse Orange,9.0,-110.0,2026,2026-10-08T12:44:59Z,1650,10.558277581486896,7.400830974416121,5.657446607070775,174be7f32dd5bd9e364a40660c78a69311d1e3c8399b5fdb673b903230d43721,timestamped_live_quote,FBS vs FBS
2026-10-08T12:44:59Z,f7b49f43b10f581d991954dae86b9aa5,2026-10-10T23:30:00Z,Virginia Cavaliers,Syracuse Orange,betus,BetUS,2026-10-08T12:44:13Z,2026-10-08T12:44:13Z,Virginia Cavaliers,-9.0,-110.0,2026,2026-10-08T12:44:59Z,1650,10.558277581486896,7.400830974416121,5.657446607070775,174be7f32dd5bd9e364a40660c78a69311d1e3c8399b5fdb673b903230d43721,timestamped_live_quote,FBS vs FBS
2026-10-08T12:44:59Z,234d9123fdc010716a5a844efaf7ab43,2026-10-11T00:00:00Z,Purdue Boilermakers,Minnesota Golden Gophers,fanduel,FanDuel,2026-10-08T12:44:36Z,2026-10-08T12:44:33Z,Minnesota Golden Gophers,-2.5,-114.0,2026,2026-10-08T12:44:59Z,1650,2.0047180552867516,7.320095259911492,-2.81537720462474,174be7f32dd5bd9e364a40660c78a69311d1e3c8399b5fdb673b903230d43721,timestamped_live_quote,FBS vs FBS
2026-10-08T12:44:59Z,234d9123fdc010716a5a844efaf7ab43,2026-10-11T00:00:00Z,Purdue Boilermakers,Minnesota Golden Gophers,fanduel,FanDuel,2026-10-08T12:44:36Z,2026-10-08T12:44:33Z,Purdue Boilermakers,2.5,-106.0,2026,2026-10-08T12:44:59Z,1650,2.0047180552867516,7.320095259911492,-2.81537720462474,174be7f32dd5bd9e364a40660c78a69311d1e3c8399b5fdb673b903230d43721,timestamped_live_quote,FBS vs FBS
2026-10-08T12:44:59Z,234d9123fdc010716a5a844efaf7ab43,2026-10-11T00:00:00Z,Purdue Boilermakers,Minnesota Golden Gophers,betrivers,BetRivers,2026-10-08T12:44:44Z,2026-10-08T12:44:44Z,Minnesota Golden Gophers,-2.5,-114.0,2026,2026-10-08T12:44:59Z,1650,2.0047180552867516,7.320095259911492,-2.81537720462474,174be7f32dd5bd9e364a40660c78a69311d1e3c8399b5fdb673b903230d43721,timestamped_live_quote,FBS vs FBS
2026-10-08T12:44:59Z,234d9123fdc010716a5a844efaf7ab43,2026-10-11T00:00:00Z,Purdue Boilermakers,Minnesota Golden Gophers,betrivers,BetRivers,2026-10-08T12:44:44Z,2026-10-08T12:44:44Z,Purdue Boilermakers,2.5,-109.0,2026,2026-10-08T12:44:59Z,1650,2.0047180552867516,7.320095259911492,-2.81537720462474,174be7f32dd5bd9e364a40660c78a69311d1e3c8399b5fdb673b903230d43721,timestamped_live_quote,FBS vs FBS
2026-10-08T12:44:59Z,234d9123fdc010716a5a844efaf7ab43,2026-10-11T00:00:00Z,Purdue Boilermakers,Minnesota Golden Gophers,betmgm,BetMGM,2026-10-08T12:44:43Z,2026-10-08T12:44:43Z,Minnesota Golden Gophers,-2.5,-108.0,2026,2026-10-08T12:44:59Z,1650,2.0047180552867516,7.320095259911492,-2.81537720462474,174be7f32dd5bd9e364a40660c78a69311d1e3c8399b5fdb673b903230d43721,timestamped_live_quote,FBS vs FBS
2026-10-08T12:44:59Z,234d9123fdc010716a5a844efaf7ab43,2026-10-11T00:00:00Z,Purdue Boilermakers,Minnesota Golden Gophers,betmgm,BetMGM,2026-10-08T12:44:43Z,2026-10-08T12:44:43Z,Purdue Boilermakers,2.5,-110.0,2026,2026-10-08T12:44:59Z,1650,2.0047180552867516,7.320095259911492,-2.81537720462474,174be7f32dd5bd9e364a40660c78a69311d1e3c8399b5fdb673b903230d43721,timestamped_live_quote,FBS vs FBS
2026-10-08T12:44:59Z,234d9123fdc010716a5a844efaf7ab43,2026-10-11T00:00:00Z,Purdue Boilermakers,Minnesota Golden Gophers,draftkings,DraftKings,2026-10-08T12:44:42Z,2026-10-08T12:44:41Z,Minnesota Golden Gophers,-2.5,-110.0,2026,2026-10-08T12:44:59Z,1650,2.0047180552867516,7.320095259911492,-2.81537720462474,174be7f32dd5bd9e364a40660c78a69311d1e3c8399b5fdb673b903230d43721,timestamped_live_quote,FBS vs FBS
2026-10-08T12:44:59Z,234d9123fdc010716a5a844efaf7ab43,2026-10-11T00:00:00Z,Purdue Boilermakers,Minnesota Golden Gophers,draftkings,DraftKings,2026-10-08T12:44:42Z,2026-10-08T12:44:41Z,Purdue Boilermakers,2.5,-110.0,2026,2026-10-08T12:44:59Z,1650,2.0047180552867516,7.320095259911492,-2.81537720462474,174be7f32dd5bd9e364a40660c78a69311d1e3c8399b5fdb673b903230d43721,timestamped_live_quote,FBS vs FBS
2026-10-08T12:44:59Z,234d9123fdc010716a5a844efaf7ab43,2026-10-11T00:00:00Z,Purdue Boilermakers,Minnesota Golden Gophers,betonlineag,BetOnline.ag,2026-10-08T12:44:24Z,2026-10-08T12:44:24Z,Minnesota Golden Gophers,-2.0,-112.0,2026,2026-10-08T12:44:59Z,1650,2.0047180552867516,7.320095259911492,-2.81537720462474,174be7f32dd5bd9e364a40660c78a69311d1e3c8399b5fdb673b903230d43721,timestamped_live_quote,FBS vs FBS
2026-10-08T12:44:59Z,234d9123fdc010716a5a844efaf7ab43,2026-10-11T00:00:00Z,Purdue Boilermakers,Minnesota Golden Gophers,betonlineag,BetOnline.ag,2026-10-08T12:44:24Z,2026-10-08T12:44:24Z,Purdue Boilermakers,2.0,-108.0,2026,2026-10-08T12:44:59Z,1650,2.0047180552867516,7.320095259911492,-2.81537720462474,174be7f32dd5bd9e364a40660c78a69311d1e3c8399b5fdb673b903230d43721,timestamped_live_quote,FBS vs FBS
2026-10-08T12:44:59Z,234d9123fdc010716a5a844efaf7ab43,2026-10-11T00:00:00Z,Purdue Boilermakers,Minnesota Golden Gophers,lowvig,LowVig.ag,2026-10-08T12:44:10Z,2026-10-08T12:44:10Z,Minnesota Golden Gophers,-2.0,-108.0,2026,2026-10-08T12:44:59Z,1650,2.0047180552867516,7.320095259911492,-2.81537720462474,174be7f32dd5bd9e364a40660c78a69311d1e3c8399b5fdb673b903230d43721,timestamped_live_quote,FBS vs FBS
2026-10-08T12:44:59Z,234d9123fdc010716a5a844efaf7ab43,2026-10-11T00:00:00Z,Purdue Boilermakers,Minnesota Golden Gophers,lowvig,LowVig.ag,2026-10-08T12:44:10Z,2026-10-08T12:44:10Z,Purdue Boilermakers,2.0,-104.0,2026,2026-10-08T12:44:59Z,1650,2.0047180552867516,7.320095259911492,-2.81537720462474,174be7f32dd5bd9e364a40660c78a69311d1e3c8399b5fdb673b903230d43721,timestamped_live_quote,FBS vs FBS
2026-10-08T12:44:59Z,234d9123fdc010716a5a844efaf7ab43,2026-10-11T00:00:00Z,Purdue Boilermakers,Minnesota Golden Gophers,mybookieag,MyBookie.ag,2026-10-08T12:44:42Z,2026-10-08T12:44:42Z,Minnesota Golden Gophers,-2.5,-110.0,2026,2026-10-08T12:44:59Z,1650,2.0047180552867516,7.320095259911492,-2.81537720462474,174be7f32dd5bd9e364a40660c78a69311d1e3c8399b5fdb673b903230d43721,timestamped_live_quote,FBS vs FBS
2026-10-08T12:44:59Z,234d9123fdc010716a5a844efaf7ab43,2026-10-11T00:00:00Z,Purdue Boilermakers,Minnesota Golden Gophers,mybookieag,MyBookie.ag,2026-10-08T12:44:42Z,2026-10-08T12:44:42Z,Purdue Boilermakers,2.5,-110.0,2026,2026-10-08T12:44:59Z,1650,2.0047180552867516,7.320095259911492,-2.81537720462474,174be7f32dd5bd9e364a40660c78a69311d1e3c8399b5fdb673b903230d43721,timestamped_live_quote,FBS vs FBS
2026-10-08T12:44:59Z,234d9123fdc010716a5a844efaf7ab43,2026-10-11T00:00:00Z,Purdue Boilermakers,Minnesota Golden Gophers,bovada,Bovada,2026-10-08T12:44:12Z,2026-10-08T12:44:12Z,Minnesota Golden Gophers,-2.5,-110.0,2026,2026-10-08T12:44:59Z,1650,2.0047180552867516,7.320095259911492,-2.81537720462474,174be7f32dd5bd9e364a40660c78a69311d1e3c8399b5fdb673b903230d43721,timestamped_live_quote,FBS vs FBS
2026-10-08T12:44:59Z,234d9123fdc010716a5a844efaf7ab43,2026-10-11T00:00:00Z,Purdue Boilermakers,Minnesota Golden Gophers,bovada,Bovada,2026-10-08T12:44:12Z,2026-10-08T12:44:12Z,Purdue Boilermakers,2.5,-110.0,2026,2026-10-08T12:44:59Z,1650,2.0047180552867516,7.320095259911492,-2.81537720462474,174be7f32dd5bd9e364a40660c78a69311d1e3c8399b5fdb673b903230d43721,timestamped_live_quote,FBS vs FBS
2026-10-08T12:44:59Z,234d9123fdc010716a5a844efaf7ab43,2026-10-11T00:00:00Z,Purdue Boilermakers,Minnesota Golden Gophers,betus,BetUS,2026-10-08T12:44:13Z,2026-10-08T12:44:13Z,Minnesota Golden Gophers,-2.5,-115.0,2026,2026-10-08T12:44:59Z,1650,2.0047180552867516,7.320095259911492,-2.81537720462474,174be7f32dd5bd9e364a40660c78a69311d1e3c8399b5fdb673b903230d43721,timestamped_live_quote,FBS vs FBS
2026-10-08T12:44:59Z,234d9123fdc010716a5a844efaf7ab43,2026-10-11T00:00:00Z,Purdue Boilermakers,Minnesota Golden Gophers,betus,BetUS,2026-10-08T12:44:13Z,2026-10-08T12:44:13Z,Purdue Boilermakers,2.5,-105.0,2026,2026-10-08T12:44:59Z,1650,2.0047180552867516,7.320095259911492,-2.81537720462474,174be7f32dd5bd9e364a40660c78a69311d1e3c8399b5fdb673b903230d43721,timestamped_live_quote,FBS vs FBS
2026-10-08T12:44:59Z,616eba68e65fe65023aa2335e81096c8,2026-10-11T02:15:00Z,Utah Utes,Kansas Jayhawks,fanduel,FanDuel,2026-10-08T12:44:36Z,2026-10-08T12:44:34Z,Kansas Jayhawks,15.5,-110.0,2026,2026-10-08T12:44:59Z,1650,16.310963227169726,8.544901096154701,10.266062131015024,174be7f32dd5bd9e364a40660c78a69311d1e3c8399b5fdb673b903230d43721,timestamped_live_quote,FBS vs FBS
2026-10-08T12:44:59Z,616eba68e65fe65023aa2335e81096c8,2026-10-11T02:15:00Z,Utah Utes,Kansas Jayhawks,fanduel,FanDuel,2026-10-08T12:44:36Z,2026-10-08T12:44:34Z,Utah Utes,-15.5,-110.0,2026,2026-10-08T12:44:59Z,1650,16.310963227169726,8.544901096154701,10.266062131015024,174be7f32dd5bd9e364a40660c78a69311d1e3c8399b5fdb673b903230d43721,timestamped_live_quote,FBS vs FBS
2026-10-08T12:44:59Z,616eba68e65fe65023aa2335e81096c8,2026-10-11T02:15:00Z,Utah Utes,Kansas Jayhawks,betrivers,BetRivers,2026-10-08T12:44:44Z,2026-10-08T12:44:44Z,Kansas Jayhawks,15.5,-110.0,2026,2026-10-08T12:44:59Z,1650,16.310963227169726,8.544901096154701,10.266062131015024,174be7f32dd5bd9e364a40660c78a69311d1e3c8399b5fdb673b903230d43721,timestamped_live_quote,FBS vs FBS
2026-10-08T12:44:59Z,616eba68e65fe65023aa2335e81096c8,2026-10-11T02:15:00Z,Utah Utes,Kansas Jayhawks,betrivers,BetRivers,2026-10-08T12:44:44Z,2026-10-08T12:44:44Z,Utah Utes,-15.5,-113.0,2026,2026-10-08T12:44:59Z,1650,16.310963227169726,8.544901096154701,10.266062131015024,174be7f32dd5bd9e364a40660c78a69311d1e3c8399b5fdb673b903230d43721,timestamped_live_quote,FBS vs FBS
2026-10-08T12:44:59Z,616eba68e65fe65023aa2335e81096c8,2026-10-11T02:15:00Z,Utah Utes,Kansas Jayhawks,betmgm,BetMGM,2026-10-08T12:44:43Z,2026-10-08T12:44:43Z,Kansas Jayhawks,16.0,-108.0,2026,2026-10-08T12:44:59Z,1650,16.310963227169726,8.544901096154701,10.266062131015024,174be7f32dd5bd9e364a40660c78a69311d1e3c8399b5fdb673b903230d43721,timestamped_live_quote,FBS vs FBS
2026-10-08T12:44:59Z,616eba68e65fe65023aa2335e81096c8,2026-10-11T02:15:00Z,Utah Utes,Kansas Jayhawks,betmgm,BetMGM,2026-10-08T12:44:43Z,2026-10-08T12:44:43Z,Utah Utes,-16.0,-110.0,2026,2026-10-08T12:44:59Z,1650,16.310963227169726,8.544901096154701,10.266062131015024,174be7f32dd5bd9e364a40660c78a69311d1e3c8399b5fdb673b903230d43721,timestamped_live_quote,FBS vs FBS
2026-10-08T12:44:59Z,616eba68e65fe65023aa2335e81096c8,2026-10-11T02:15:00Z,Utah Utes,Kansas Jayhawks,draftkings,DraftKings,2026-10-08T12:44:42Z,2026-10-08T12:44:41Z,Kansas Jayhawks,15.5,-110.0,2026,2026-10-08T12:44:59Z,1650,16.310963227169726,8.544901096154701,10.266062131015024,174be7f32dd5bd9e364a40660c78a69311d1e3c8399b5fdb673b903230d43721,timestamped_live_quote,FBS vs FBS
2026-10-08T12:44:59Z,616eba68e65fe65023aa2335e81096c8,2026-10-11T02:15:00Z,Utah Utes,Kansas Jayhawks,draftkings,DraftKings,2026-10-08T12:44:42Z,2026-10-08T12:44:41Z,Utah Utes,-15.5,-110.0,2026,2026-10-08T12:44:59Z,1650,16.310963227169726,8.544901096154701,10.266062131015024,174be7f32dd5bd9e364a40660c78a69311d1e3c8399b5fdb673b903230d43721,timestamped_live_quote,FBS vs FBS
2026-10-08T12:44:59Z,616eba68e65fe65023aa2335e81096c8,2026-10-11T02:15:00Z,Utah Utes,Kansas Jayhawks,betonlineag,BetOnline.ag,2026-10-08T12:44:24Z,2026-10-08T12:44:24Z,Kansas Jayhawks,15.5,-113.0,2026,2026-10-08T12:44:59Z,1650,16.310963227169726,8.544901096154701,10.266062131015024,174be7f32dd5bd9e364a40660c78a69311d1e3c8399b5fdb673b903230d43721,timestamped_live_quote,FBS vs FBS
2026-10-08T12:44:59Z,616eba68e65fe65023aa2335e81096c8,2026-10-11T02:15:00Z,Utah Utes,Kansas Jayhawks,betonlineag,BetOnline.ag,2026-10-08T12:44:24Z,2026-10-08T12:44:24Z,Utah Utes,-15.5,-107.0,2026,2026-10-08T12:44:59Z,1650,16.310963227169726,8.544901096154701,10.266062131015024,174be7f32dd5bd9e364a40660c78a69311d1e3c8399b5fdb673b903230d43721,timestamped_live_quote,FBS vs FBS
2026-10-08T12:44:59Z,616eba68e65fe65023aa2335e81096c8,2026-10-11T02:15:00Z,Utah Utes,Kansas Jayhawks,mybookieag,MyBookie.ag,2026-10-08T12:44:42Z,2026-10-08T12:44:41Z,Kansas Jayhawks,15.5,-110.0,2026,2026-10-08T12:44:59Z,1650,16.310963227169726,8.544901096154701,10.266062131015024,174be7f32dd5bd9e364a40660c78a69311d1e3c8399b5fdb673b903230d43721,timestamped_live_quote,FBS vs FBS
2026-10-08T12:44:59Z,616eba68e65fe65023aa2335e81096c8,2026-10-11T02:15:00Z,Utah Utes,Kansas Jayhawks,mybookieag,MyBookie.ag,2026-10-08T12:44:42Z,2026-10-08T12:44:41Z,Utah Utes,-15.5,-110.0,2026,2026-10-08T12:44:59Z,1650,16.310963227169726,8.544901096154701,10.266062131015024,174be7f32dd5bd9e364a40660c78a69311d1e3c8399b5fdb673b903230d43721,timestamped_live_quote,FBS vs FBS
2026-10-08T12:44:59Z,616eba68e65fe65023aa2335e81096c8,2026-10-11T02:15:00Z,Utah Utes,Kansas Jayhawks,betus,BetUS,2026-10-08T12:44:13Z,2026-10-08T12:44:13Z,Kansas Jayhawks,15.5,-110.0,2026,2026-10-08T12:44:59Z,1650,16.310963227169726,8.544901096154701,10.266062131015024,174be7f32dd5bd9e364a40660c78a69311d1e3c8399b5fdb673b903230d43721,timestamped_live_quote,FBS vs FBS
2026-10-08T12:44:59Z,616eba68e65fe65023aa2335e81096c8,2026-10-11T02:15:00Z,Utah Utes,Kansas Jayhawks,betus,BetUS,2026-10-08T12:44:13Z,2026-10-08T12:44:13Z,Utah Utes,-15.5,-110.0,2026,2026-10-08T12:44:59Z,1650,16.310963227169726,8.544901096154701,10.266062131015024,174be7f32dd5bd9e364a40660c78a69311d1e3c8399b5fdb673b903230d43721,timestamped_live_quote,FBS vs FBS
2026-10-08T12:44:59Z,616eba68e65fe65023aa2335e81096c8,2026-10-11T02:15:00Z,Utah Utes,Kansas Jayhawks,bovada,Bovada,2026-10-08T12:44:12Z,2026-10-08T12:44:12Z,Kansas Jayhawks,16.0,-110.0,2026,2026-10-08T12:44:59Z,1650,16.310963227169726,8.544901096154701,10.266062131015024,174be7f32dd5bd9e364a40660c78a69311d1e3c8399b5fdb673b903230d43721,timestamped_live_quote,FBS vs FBS
2026-10-08T12:44:59Z,616eba68e65fe65023aa2335e81096c8,2026-10-11T02:15:00Z,Utah Utes,Kansas Jayhawks,bovada,Bovada,2026-10-08T12:44:12Z,2026-10-08T12:44:12Z,Utah Utes,-16.0,-110.0,2026,2026-10-08T12:44:59Z,1650,16.310963227169726,8.544901096154701,10.266062131015024,174be7f32dd5bd9e364a40660c78a69311d1e3c8399b5fdb673b903230d43721,timestamped_live_quote,FBS vs FBS
2026-10-08T12:44:59Z,7dd6e0d9f2657c834974c28b286ff58d,2026-10-11T02:30:00Z,Arizona State Sun Devils,Hawaii Rainbow Warriors,fanduel,FanDuel,2026-10-08T12:44:36Z,2026-10-08T12:44:34Z,Arizona State Sun Devils,-20.5,-115.0,2026,2026-10-08T12:44:59Z,1650,4.364489146929905,-5.528325164840907,12.392814311770813,174be7f32dd5bd9e364a40660c78a69311d1e3c8399b5fdb673b903230d43721,timestamped_live_quote,FBS vs FBS
2026-10-08T12:44:59Z,7dd6e0d9f2657c834974c28b286ff58d,2026-10-11T02:30:00Z,Arizona State Sun Devils,Hawaii Rainbow Warriors,fanduel,FanDuel,2026-10-08T12:44:36Z,2026-10-08T12:44:34Z,Hawaii Rainbow Warriors,20.5,-105.0,2026,2026-10-08T12:44:59Z,1650,4.364489146929905,-5.528325164840907,12.392814311770813,174be7f32dd5bd9e364a40660c78a69311d1e3c8399b5fdb673b903230d43721,timestamped_live_quote,FBS vs FBS
2026-10-08T12:44:59Z,7dd6e0d9f2657c834974c28b286ff58d,2026-10-11T02:30:00Z,Arizona State Sun Devils,Hawaii Rainbow Warriors,betrivers,BetRivers,2026-10-08T12:44:44Z,2026-10-08T12:44:44Z,Arizona State Sun Devils,-21.0,-114.0,2026,2026-10-08T12:44:59Z,1650,4.364489146929905,-5.528325164840907,12.392814311770813,174be7f32dd5bd9e364a40660c78a69311d1e3c8399b5fdb673b903230d43721,timestamped_live_quote,FBS vs FBS
2026-10-08T12:44:59Z,7dd6e0d9f2657c834974c28b286ff58d,2026-10-11T02:30:00Z,Arizona State Sun Devils,Hawaii Rainbow Warriors,betrivers,BetRivers,2026-10-08T12:44:44Z,2026-10-08T12:44:44Z,Hawaii Rainbow Warriors,21.0,-109.0,2026,2026-10-08T12:44:59Z,1650,4.364489146929905,-5.528325164840907,12.392814311770813,174be7f32dd5bd9e364a40660c78a69311d1e3c8399b5fdb673b903230d43721,timestamped_live_quote,FBS vs FBS
2026-10-08T12:44:59Z,7dd6e0d9f2657c834974c28b286ff58d,2026-10-11T02:30:00Z,Arizona State Sun Devils,Hawaii Rainbow Warriors,betmgm,BetMGM,2026-10-08T12:44:43Z,2026-10-08T12:44:43Z,Arizona State Sun Devils,-21.0,-108.0,2026,2026-10-08T12:44:59Z,1650,4.364489146929905,-5.528325164840907,12.392814311770813,174be7f32dd5bd9e364a40660c78a69311d1e3c8399b5fdb673b903230d43721,timestamped_live_quote,FBS vs FBS
2026-10-08T12:44:59Z,7dd6e0d9f2657c834974c28b286ff58d,2026-10-11T02:30:00Z,Arizona State Sun Devils,Hawaii Rainbow Warriors,betmgm,BetMGM,2026-10-08T12:44:43Z,2026-10-08T12:44:43Z,Hawaii Rainbow Warriors,21.0,-110.0,2026,2026-10-08T12:44:59Z,1650,4.364489146929905,-5.528325164840907,12.392814311770813,174be7f32dd5bd9e364a40660c78a69311d1e3c8399b5fdb673b903230d43721,timestamped_live_quote,FBS vs FBS
2026-10-08T12:44:59Z,7dd6e0d9f2657c834974c28b286ff58d,2026-10-11T02:30:00Z,Arizona State Sun Devils,Hawaii Rainbow Warriors,lowvig,LowVig.ag,2026-10-08T12:44:10Z,2026-10-08T12:44:10Z,Arizona State Sun Devils,-20.5,-109.0,2026,2026-10-08T12:44:59Z,1650,4.364489146929905,-5.528325164840907,12.392814311770813,174be7f32dd5bd9e364a40660c78a69311d1e3c8399b5fdb673b903230d43721,timestamped_live_quote,FBS vs FBS
2026-10-08T12:44:59Z,7dd6e0d9f2657c834974c28b286ff58d,2026-10-11T02:30:00Z,Arizona State Sun Devils,Hawaii Rainbow Warriors,lowvig,LowVig.ag,2026-10-08T12:44:10Z,2026-10-08T12:44:10Z,Hawaii Rainbow Warriors,20.5,-103.0,2026,2026-10-08T12:44:59Z,1650,4.364489146929905,-5.528325164840907,12.392814311770813,174be7f32dd5bd9e364a40660c78a69311d1e3c8399b5fdb673b903230d43721,timestamped_live_quote,FBS vs FBS
2026-10-08T12:44:59Z,7dd6e0d9f2657c834974c28b286ff58d,2026-10-11T02:30:00Z,Arizona State Sun Devils,Hawaii Rainbow Warriors,betonlineag,BetOnline.ag,2026-10-08T12:44:24Z,2026-10-08T12:44:24Z,Arizona State Sun Devils,-20.5,-113.0,2026,2026-10-08T12:44:59Z,1650,4.364489146929905,-5.528325164840907,12.392814311770813,174be7f32dd5bd9e364a40660c78a69311d1e3c8399b5fdb673b903230d43721,timestamped_live_quote,FBS vs FBS
2026-10-08T12:44:59Z,7dd6e0d9f2657c834974c28b286ff58d,2026-10-11T02:30:00Z,Arizona State Sun Devils,Hawaii Rainbow Warriors,betonlineag,BetOnline.ag,2026-10-08T12:44:24Z,2026-10-08T12:44:24Z,Hawaii Rainbow Warriors,20.5,-107.0,2026,2026-10-08T12:44:59Z,1650,4.364489146929905,-5.528325164840907,12.392814311770813,174be7f32dd5bd9e364a40660c78a69311d1e3c8399b5fdb673b903230d43721,timestamped_live_quote,FBS vs FBS
2026-10-08T12:44:59Z,7dd6e0d9f2657c834974c28b286ff58d,2026-10-11T02:30:00Z,Arizona State Sun Devils,Hawaii Rainbow Warriors,draftkings,DraftKings,2026-10-08T12:44:42Z,2026-10-08T12:44:41Z,Arizona State Sun Devils,-20.5,-115.0,2026,2026-10-08T12:44:59Z,1650,4.364489146929905,-5.528325164840907,12.392814311770813,174be7f32dd5bd9e364a40660c78a69311d1e3c8399b5fdb673b903230d43721,timestamped_live_quote,FBS vs FBS
2026-10-08T12:44:59Z,7dd6e0d9f2657c834974c28b286ff58d,2026-10-11T02:30:00Z,Arizona State Sun Devils,Hawaii Rainbow Warriors,draftkings,DraftKings,2026-10-08T12:44:42Z,2026-10-08T12:44:41Z,Hawaii Rainbow Warriors,20.5,-105.0,2026,2026-10-08T12:44:59Z,1650,4.364489146929905,-5.528325164840907,12.392814311770813,174be7f32dd5bd9e364a40660c78a69311d1e3c8399b5fdb673b903230d43721,timestamped_live_quote,FBS vs FBS
2026-10-08T12:44:59Z,7dd6e0d9f2657c834974c28b286ff58d,2026-10-11T02:30:00Z,Arizona State Sun Devils,Hawaii Rainbow Warriors,mybookieag,MyBookie.ag,2026-10-08T12:44:42Z,2026-10-08T12:44:41Z,Arizona State Sun Devils,-21.0,-110.0,2026,2026-10-08T12:44:59Z,1650,4.364489146929905,-5.528325164840907,12.392814311770813,174be7f32dd5bd9e364a40660c78a69311d1e3c8399b5fdb673b903230d43721,timestamped_live_quote,FBS vs FBS
2026-10-08T12:44:59Z,7dd6e0d9f2657c834974c28b286ff58d,2026-10-11T02:30:00Z,Arizona State Sun Devils,Hawaii Rainbow Warriors,mybookieag,MyBookie.ag,2026-10-08T12:44:42Z,2026-10-08T12:44:41Z,Hawaii Rainbow Warriors,21.0,-110.0,2026,2026-10-08T12:44:59Z,1650,4.364489146929905,-5.528325164840907,12.392814311770813,174be7f32dd5bd9e364a40660c78a69311d1e3c8399b5fdb673b903230d43721,timestamped_live_quote,FBS vs FBS
2026-10-08T12:44:59Z,7dd6e0d9f2657c834974c28b286ff58d,2026-10-11T02:30:00Z,Arizona State Sun Devils,Hawaii Rainbow Warriors,betus,BetUS,2026-10-08T12:44:13Z,2026-10-08T12:44:13Z,Arizona State Sun Devils,-20.5,-115.0,2026,2026-10-08T12:44:59Z,1650,4.364489146929905,-5.528325164840907,12.392814311770813,174be7f32dd5bd9e364a40660c78a69311d1e3c8399b5fdb673b903230d43721,timestamped_live_quote,FBS vs FBS
2026-10-08T12:44:59Z,7dd6e0d9f2657c834974c28b286ff58d,2026-10-11T02:30:00Z,Arizona State Sun Devils,Hawaii Rainbow Warriors,betus,BetUS,2026-10-08T12:44:13Z,2026-10-08T12:44:13Z,Hawaii Rainbow Warriors,20.5,-105.0,2026,2026-10-08T12:44:59Z,1650,4.364489146929905,-5.528325164840907,12.392814311770813,174be7f32dd5bd9e364a40660c78a69311d1e3c8399b5fdb673b903230d43721,timestamped_live_quote,FBS vs FBS
2026-10-08T12:44:59Z,7dd6e0d9f2657c834974c28b286ff58d,2026-10-11T02:30:00Z,Arizona State Sun Devils,Hawaii Rainbow Warriors,bovada,Bovada,2026-10-08T12:44:12Z,2026-10-08T12:44:12Z,Arizona State Sun Devils,-21.0,-105.0,2026,2026-10-08T12:44:59Z,1650,4.364489146929905,-5.528325164840907,12.392814311770813,174be7f32dd5bd9e364a40660c78a69311d1e3c8399b5fdb673b903230d43721,timestamped_live_quote,FBS vs FBS
2026-10-08T12:44:59Z,7dd6e0d9f2657c834974c28b286ff58d,2026-10-11T02:30:00Z,Arizona State Sun Devils,Hawaii Rainbow Warriors,bovada,Bovada,2026-10-08T12:44:12Z,2026-10-08T12:44:12Z,Hawaii Rainbow Warriors,21.0,-115.0,2026,2026-10-08T12:44:59Z,1650,4.364489146929905,-5.528325164840907,12.392814311770813,174be7f32dd5bd9e364a40660c78a69311d1e3c8399b5fdb673b903230d43721,timestamped_live_quote,FBS vs FBS
2026-10-08T12:44:59Z,c4db3412210ed8e1045807c73f69b377,2026-10-11T02:30:00Z,Fresno State Bulldogs,Boise State Broncos,fanduel,FanDuel,2026-10-08T12:44:36Z,2026-10-08T12:44:34Z,Boise State Broncos,-6.5,-110.0,2026,2026-10-08T12:44:59Z,1650,6.685678093576687,10.957573638026318,-1.771895544449631,174be7f32dd5bd9e364a40660c78a69311d1e3c8399b5fdb673b903230d43721,timestamped_live_quote,FBS vs FBS
2026-10-08T12:44:59Z,c4db3412210ed8e1045807c73f69b377,2026-10-11T02:30:00Z,Fresno State Bulldogs,Boise State Broncos,fanduel,FanDuel,2026-10-08T12:44:36Z,2026-10-08T12:44:34Z,Fresno State Bulldogs,6.5,-110.0,2026,2026-10-08T12:44:59Z,1650,6.685678093576687,10.957573638026318,-1.771895544449631,174be7f32dd5bd9e364a40660c78a69311d1e3c8399b5fdb673b903230d43721,timestamped_live_quote,FBS vs FBS
2026-10-08T12:44:59Z,c4db3412210ed8e1045807c73f69b377,2026-10-11T02:30:00Z,Fresno State Bulldogs,Boise State Broncos,betrivers,BetRivers,2026-10-08T12:44:44Z,2026-10-08T12:44:44Z,Boise State Broncos,-6.0,-114.0,2026,2026-10-08T12:44:59Z,1650,6.685678093576687,10.957573638026318,-1.771895544449631,174be7f32dd5bd9e364a40660c78a69311d1e3c8399b5fdb673b903230d43721,timestamped_live_quote,FBS vs FBS
2026-10-08T12:44:59Z,c4db3412210ed8e1045807c73f69b377,2026-10-11T02:30:00Z,Fresno State Bulldogs,Boise State Broncos,betrivers,BetRivers,2026-10-08T12:44:44Z,2026-10-08T12:44:44Z,Fresno State Bulldogs,6.0,-109.0,2026,2026-10-08T12:44:59Z,1650,6.685678093576687,10.957573638026318,-1.771895544449631,174be7f32dd5bd9e364a40660c78a69311d1e3c8399b5fdb673b903230d43721,timestamped_live_quote,FBS vs FBS
2026-10-08T12:44:59Z,c4db3412210ed8e1045807c73f69b377,2026-10-11T02:30:00Z,Fresno State Bulldogs,Boise State Broncos,betmgm,BetMGM,2026-10-08T12:44:43Z,2026-10-08T12:44:43Z,Boise State Broncos,-6.5,-112.0,2026,2026-10-08T12:44:59Z,1650,6.685678093576687,10.957573638026318,-1.771895544449631,174be7f32dd5bd9e364a40660c78a69311d1e3c8399b5fdb673b903230d43721,timestamped_live_quote,FBS vs FBS
2026-10-08T12:44:59Z,c4db3412210ed8e1045807c73f69b377,2026-10-11T02:30:00Z,Fresno State Bulldogs,Boise State Broncos,betmgm,BetMGM,2026-10-08T12:44:43Z,2026-10-08T12:44:43Z,Fresno State Bulldogs,6.5,-105.0,2026,2026-10-08T12:44:59Z,1650,6.685678093576687,10.957573638026318,-1.771895544449631,174be7f32dd5bd9e364a40660c78a69311d1e3c8399b5fdb673b903230d43721,timestamped_live_quote,FBS vs FBS
2026-10-08T12:44:59Z,c4db3412210ed8e1045807c73f69b377,2026-10-11T02:30:00Z,Fresno State Bulldogs,Boise State Broncos,lowvig,LowVig.ag,2026-10-08T12:44:10Z,2026-10-08T12:44:10Z,Boise State Broncos,-6.5,-107.0,2026,2026-10-08T12:44:59Z,1650,6.685678093576687,10.957573638026318,-1.771895544449631,174be7f32dd5bd9e364a40660c78a69311d1e3c8399b5fdb673b903230d43721,timestamped_live_quote,FBS vs FBS
2026-10-08T12:44:59Z,c4db3412210ed8e1045807c73f69b377,2026-10-11T02:30:00Z,Fresno State Bulldogs,Boise State Broncos,lowvig,LowVig.ag,2026-10-08T12:44:10Z,2026-10-08T12:44:10Z,Fresno State Bulldogs,6.5,-105.0,2026,2026-10-08T12:44:59Z,1650,6.685678093576687,10.957573638026318,-1.771895544449631,174be7f32dd5bd9e364a40660c78a69311d1e3c8399b5fdb673b903230d43721,timestamped_live_quote,FBS vs FBS
2026-10-08T12:44:59Z,c4db3412210ed8e1045807c73f69b377,2026-10-11T02:30:00Z,Fresno State Bulldogs,Boise State Broncos,betonlineag,BetOnline.ag,2026-10-08T12:44:24Z,2026-10-08T12:44:24Z,Boise State Broncos,-6.5,-111.0,2026,2026-10-08T12:44:59Z,1650,6.685678093576687,10.957573638026318,-1.771895544449631,174be7f32dd5bd9e364a40660c78a69311d1e3c8399b5fdb673b903230d43721,timestamped_live_quote,FBS vs FBS
2026-10-08T12:44:59Z,c4db3412210ed8e1045807c73f69b377,2026-10-11T02:30:00Z,Fresno State Bulldogs,Boise State Broncos,betonlineag,BetOnline.ag,2026-10-08T12:44:24Z,2026-10-08T12:44:24Z,Fresno State Bulldogs,6.5,-109.0,2026,2026-10-08T12:44:59Z,1650,6.685678093576687,10.957573638026318,-1.771895544449631,174be7f32dd5bd9e364a40660c78a69311d1e3c8399b5fdb673b903230d43721,timestamped_live_quote,FBS vs FBS
2026-10-08T12:44:59Z,c4db3412210ed8e1045807c73f69b377,2026-10-11T02:30:00Z,Fresno State Bulldogs,Boise State Broncos,draftkings,DraftKings,2026-10-08T12:44:42Z,2026-10-08T12:44:41Z,Boise State Broncos,-6.5,-110.0,2026,2026-10-08T12:44:59Z,1650,6.685678093576687,10.957573638026318,-1.771895544449631,174be7f32dd5bd9e364a40660c78a69311d1e3c8399b5fdb673b903230d43721,timestamped_live_quote,FBS vs FBS
2026-10-08T12:44:59Z,c4db3412210ed8e1045807c73f69b377,2026-10-11T02:30:00Z,Fresno State Bulldogs,Boise State Broncos,draftkings,DraftKings,2026-10-08T12:44:42Z,2026-10-08T12:44:41Z,Fresno State Bulldogs,6.5,-110.0,2026,2026-10-08T12:44:59Z,1650,6.685678093576687,10.957573638026318,-1.771895544449631,174be7f32dd5bd9e364a40660c78a69311d1e3c8399b5fdb673b903230d43721,timestamped_live_quote,FBS vs FBS
2026-10-08T12:44:59Z,c4db3412210ed8e1045807c73f69b377,2026-10-11T02:30:00Z,Fresno State Bulldogs,Boise State Broncos,mybookieag,MyBookie.ag,2026-10-08T12:44:42Z,2026-10-08T12:44:41Z,Boise State Broncos,-6.5,-110.0,2026,2026-10-08T12:44:59Z,1650,6.685678093576687,10.957573638026318,-1.771895544449631,174be7f32dd5bd9e364a40660c78a69311d1e3c8399b5fdb673b903230d43721,timestamped_live_quote,FBS vs FBS
2026-10-08T12:44:59Z,c4db3412210ed8e1045807c73f69b377,2026-10-11T02:30:00Z,Fresno State Bulldogs,Boise State Broncos,mybookieag,MyBookie.ag,2026-10-08T12:44:42Z,2026-10-08T12:44:41Z,Fresno State Bulldogs,6.5,-110.0,2026,2026-10-08T12:44:59Z,1650,6.685678093576687,10.957573638026318,-1.771895544449631,174be7f32dd5bd9e364a40660c78a69311d1e3c8399b5fdb673b903230d43721,timestamped_live_quote,FBS vs FBS
2026-10-08T12:44:59Z,c4db3412210ed8e1045807c73f69b377,2026-10-11T02:30:00Z,Fresno State Bulldogs,Boise State Broncos,betus,BetUS,2026-10-08T12:44:13Z,2026-10-08T12:44:13Z,Boise State Broncos,-6.5,-110.0,2026,2026-10-08T12:44:59Z,1650,6.685678093576687,10.957573638026318,-1.771895544449631,174be7f32dd5bd9e364a40660c78a69311d1e3c8399b5fdb673b903230d43721,timestamped_live_quote,FBS vs FBS
2026-10-08T12:44:59Z,c4db3412210ed8e1045807c73f69b377,2026-10-11T02:30:00Z,Fresno State Bulldogs,Boise State Broncos,betus,BetUS,2026-10-08T12:44:13Z,2026-10-08T12:44:13Z,Fresno State Bulldogs,6.5,-110.0,2026,2026-10-08T12:44:59Z,1650,6.685678093576687,10.957573638026318,-1.771895544449631,174be7f32dd5bd9e364a40660c78a69311d1e3c8399b5fdb673b903230d43721,timestamped_live_quote,FBS vs FBS
2026-10-08T12:44:59Z,c4db3412210ed8e1045807c73f69b377,2026-10-11T02:30:00Z,Fresno State Bulldogs,Boise State Broncos,bovada,Bovada,2026-10-08T12:44:12Z,2026-10-08T12:44:12Z,Boise State Broncos,-6.5,-110.0,2026,2026-10-08T12:44:59Z,1650,6.685678093576687,10.957573638026318,-1.771895544449631,174be7f32dd5bd9e364a40660c78a69311d1e3c8399b5fdb673b903230d43721,timestamped_live_quote,FBS vs FBS
2026-10-08T12:44:59Z,c4db3412210ed8e1045807c73f69b377,2026-10-11T02:30:00Z,Fresno State Bulldogs,Boise State Broncos,bovada,Bovada,2026-10-08T12:44:12Z,2026-10-08T12:44:12Z,Fresno State Bulldogs,6.5,-110.0,2026,2026-10-08T12:44:59Z,1650,6.685678093576687,10.957573638026318,-1.771895544449631,174be7f32dd5bd9e364a40660c78a69311d1e3c8399b5fdb673b903230d43721,timestamped_live_quote,FBS vs FBS
2026-10-08T12:44:59Z,490b66058b6c826a08589c471698ce50,2026-10-17T16:00:00Z,Texas Longhorns,Florida Gators,fanduel,FanDuel,2026-10-08T12:44:36Z,2026-10-08T12:44:34Z,Florida Gators,9.5,-106.0,2026,2026-10-08T12:44:59Z,1650,14.522124235207292,13.94117727598006,3.080946959227232,174be7f32dd5bd9e364a40660c78a69311d1e3c8399b5fdb673b903230d43721,timestamped_live_quote,FBS vs FBS
2026-10-08T12:44:59Z,490b66058b6c826a08589c471698ce50,2026-10-17T16:00:00Z,Texas Longhorns,Florida Gators,fanduel,FanDuel,2026-10-08T12:44:36Z,2026-10-08T12:44:34Z,Texas Longhorns,-9.5,-114.0,2026,2026-10-08T12:44:59Z,1650,14.522124235207292,13.94117727598006,3.080946959227232,174be7f32dd5bd9e364a40660c78a69311d1e3c8399b5fdb673b903230d43721,timestamped_live_quote,FBS vs FBS
2026-10-08T12:44:59Z,490b66058b6c826a08589c471698ce50,2026-10-17T16:00:00Z,Texas Longhorns,Florida Gators,draftkings,DraftKings,2026-10-08T12:44:42Z,2026-10-08T12:44:41Z,Florida Gators,9.5,-110.0,2026,2026-10-08T12:44:59Z,1650,14.522124235207292,13.94117727598006,3.080946959227232,174be7f32dd5bd9e364a40660c78a69311d1e3c8399b5fdb673b903230d43721,timestamped_live_quote,FBS vs FBS
2026-10-08T12:44:59Z,490b66058b6c826a08589c471698ce50,2026-10-17T16:00:00Z,Texas Longhorns,Florida Gators,draftkings,DraftKings,2026-10-08T12:44:42Z,2026-10-08T12:44:41Z,Texas Longhorns,-9.5,-110.0,2026,2026-10-08T12:44:59Z,1650,14.522124235207292,13.94117727598006,3.080946959227232,174be7f32dd5bd9e364a40660c78a69311d1e3c8399b5fdb673b903230d43721,timestamped_live_quote,FBS vs FBS
2026-10-08T12:44:59Z,685a8722f297502fa85e4cd8c7e54b1c,2026-10-17T16:00:00Z,Indiana Hoosiers,Ohio State Buckeyes,fanduel,FanDuel,2026-10-08T12:44:34Z,2026-10-08T12:44:31Z,Indiana Hoosiers,3.5,-134.0,2026,2026-10-08T12:44:59Z,1650,18.20526063256071,17.957844826413176,2.747415806147533,174be7f32dd5bd9e364a40660c78a69311d1e3c8399b5fdb673b903230d43721,timestamped_live_quote,FBS vs FBS
2026-10-08T12:44:59Z,685a8722f297502fa85e4cd8c7e54b1c,2026-10-17T16:00:00Z,Indiana Hoosiers,Ohio State Buckeyes,fanduel,FanDuel,2026-10-08T12:44:34Z,2026-10-08T12:44:31Z,Ohio State Buckeyes,-3.5,112.0,2026,2026-10-08T12:44:59Z,1650,18.20526063256071,17.957844826413176,2.747415806147533,174be7f32dd5bd9e364a40660c78a69311d1e3c8399b5fdb673b903230d43721,timestamped_live_quote,FBS vs FBS
2026-10-08T12:44:59Z,685a8722f297502fa85e4cd8c7e54b1c,2026-10-17T16:00:00Z,Indiana Hoosiers,Ohio State Buckeyes,draftkings,DraftKings,2026-10-08T12:44:42Z,2026-10-08T12:44:41Z,Indiana Hoosiers,2.5,-105.0,2026,2026-10-08T12:44:59Z,1650,18.20526063256071,17.957844826413176,2.747415806147533,174be7f32dd5bd9e364a40660c78a69311d1e3c8399b5fdb673b903230d43721,timestamped_live_quote,FBS vs FBS
2026-10-08T12:44:59Z,685a8722f297502fa85e4cd8c7e54b1c,2026-10-17T16:00:00Z,Indiana Hoosiers,Ohio State Buckeyes,draftkings,DraftKings,2026-10-08T12:44:42Z,2026-10-08T12:44:41Z,Ohio State Buckeyes,-2.5,-115.0,2026,2026-10-08T12:44:59Z,1650,18.20526063256071,17.957844826413176,2.747415806147533,174be7f32dd5bd9e364a40660c78a69311d1e3c8399b5fdb673b903230d43721,timestamped_live_quote,FBS vs FBS
2026-10-08T12:44:59Z,9e8578b415e664eea71185131401e537,2026-10-17T16:00:00Z,Kansas State Wildcats,Kansas Jayhawks,draftkings,DraftKings,2026-10-08T12:44:42Z,2026-10-08T12:44:41Z,Kansas Jayhawks,9.5,-110.0,2026,2026-10-08T12:44:59Z,1650,11.174484890199324,8.544901096154701,5.129583794044622,174be7f32dd5bd9e364a40660c78a69311d1e3c8399b5fdb673b903230d43721,timestamped_live_quote,FBS vs FBS
2026-10-08T12:44:59Z,9e8578b415e664eea71185131401e537,2026-10-17T16:00:00Z,Kansas State Wildcats,Kansas Jayhawks,draftkings,DraftKings,2026-10-08T12:44:42Z,2026-10-08T12:44:41Z,Kansas State Wildcats,-9.5,-110.0,2026,2026-10-08T12:44:59Z,1650,11.174484890199324,8.544901096154701,5.129583794044622,174be7f32dd5bd9e364a40660c78a69311d1e3c8399b5fdb673b903230d43721,timestamped_live_quote,FBS vs FBS
2026-10-08T12:44:59Z,04c740fce71d3f3b8a4bdc4ea69f1281,2026-10-17T16:00:00Z,LSU Tigers,Mississippi State Bulldogs,fanduel,FanDuel,2026-10-08T12:44:36Z,2026-10-08T12:44:34Z,LSU Tigers,-11.5,-115.0,2026,2026-10-08T12:44:59Z,1650,17.297463966720123,10.173519964080397,9.623944002639726,174be7f32dd5bd9e364a40660c78a69311d1e3c8399b5fdb673b903230d43721,timestamped_live_quote,FBS vs FBS
2026-10-08T12:44:59Z,04c740fce71d3f3b8a4bdc4ea69f1281,2026-10-17T16:00:00Z,LSU Tigers,Mississippi State Bulldogs,fanduel,FanDuel,2026-10-08T12:44:36Z,2026-10-08T12:44:34Z,Mississippi State Bulldogs,11.5,-105.0,2026,2026-10-08T12:44:59Z,1650,17.297463966720123,10.173519964080397,9.623944002639726,174be7f32dd5bd9e364a40660c78a69311d1e3c8399b5fdb673b903230d43721,timestamped_live_quote,FBS vs FBS
2026-10-08T12:44:59Z,04c740fce71d3f3b8a4bdc4ea69f1281,2026-10-17T16:00:00Z,LSU Tigers,Mississippi State Bulldogs,draftkings,DraftKings,2026-10-08T12:44:42Z,2026-10-08T12:44:41Z,LSU Tigers,-12.5,-105.0,2026,2026-10-08T12:44:59Z,1650,17.297463966720123,10.173519964080397,9.623944002639726,174be7f32dd5bd9e364a40660c78a69311d1e3c8399b5fdb673b903230d43721,timestamped_live_quote,FBS vs FBS
2026-10-08T12:44:59Z,04c740fce71d3f3b8a4bdc4ea69f1281,2026-10-17T16:00:00Z,LSU Tigers,Mississippi State Bulldogs,draftkings,DraftKings,2026-10-08T12:44:42Z,2026-10-08T12:44:41Z,Mississippi State Bulldogs,12.5,-115.0,2026,2026-10-08T12:44:59Z,1650,17.297463966720123,10.173519964080397,9.623944002639726,174be7f32dd5bd9e364a40660c78a69311d1e3c8399b5fdb673b903230d43721,timestamped_live_quote,FBS vs FBS
2026-10-08T12:44:59Z,f8b421c996286807b6e7b8e4d5631f80,2026-10-17T16:00:00Z,Michigan Wolverines,Penn State Nittany Lions,draftkings,DraftKings,2026-10-08T12:44:42Z,2026-10-08T12:44:41Z,Michigan Wolverines,-5.5,-110.0,2026,2026-10-08T12:44:59Z,1650,5.0658107328148505,10.828358030385873,-3.2625472975710226,174be7f32dd5bd9e364a40660c78a69311d1e3c8399b5fdb673b903230d43721,timestamped_live_quote,FBS vs FBS
2026-10-08T12:44:59Z,f8b421c996286807b6e7b8e4d5631f80,2026-10-17T16:00:00Z,Michigan Wolverines,Penn State Nittany Lions,draftkings,DraftKings,2026-10-08T12:44:42Z,2026-10-08T12:44:41Z,Penn State Nittany Lions,5.5,-110.0,2026,2026-10-08T12:44:59Z,1650,5.0658107328148505,10.828358030385873,-3.2625472975710226,174be7f32dd5bd9e364a40660c78a69311d1e3c8399b5fdb673b903230d43721,timestamped_live_quote,FBS vs FBS
2026-10-08T12:44:59Z,5d147fefd2182aa2f5573ac03700a775,2026-10-17T16:00:00Z,Oregon Ducks,Nebraska Cornhuskers,draftkings,DraftKings,2026-10-08T12:44:42Z,2026-10-08T12:44:41Z,Nebraska Cornhuskers,12.5,-110.0,2026,2026-10-08T12:44:59Z,1650,14.13874413842672,16.132019539766183,0.5067245986605364,174be7f32dd5bd9e364a40660c78a69311d1e3c8399b5fdb673b903230d43721,timestamped_live_quote,FBS vs FBS
2026-10-08T12:44:59Z,5d147fefd2182aa2f5573ac03700a775,2026-10-17T16:00:00Z,Oregon Ducks,Nebraska Cornhuskers,draftkings,DraftKings,2026-10-08T12:44:42Z,2026-10-08T12:44:41Z,Oregon Ducks,-12.5,-110.0,2026,2026-10-08T12:44:59Z,1650,14.13874413842672,16.132019539766183,0.5067245986605364,174be7f32dd5bd9e364a40660c78a69311d1e3c8399b5fdb673b903230d43721,timestamped_live_quote,FBS vs FBS
2026-10-08T12:44:59Z,05280844ab84b8ce5e50305f7cd195d9,2026-10-17T16:00:00Z,UCLA Bruins,Wisconsin Badgers,draftkings,DraftKings,2026-10-08T12:44:42Z,2026-10-08T12:44:41Z,UCLA Bruins,-3.0,-115.0,2026,2026-10-08T12:44:59Z,1650,13.84864777100308,12.03692290916214,4.31172486184094,174be7f32dd5bd9e364a40660c78a69311d1e3c8399b5fdb673b903230d43721,timestamped_live_quote,FBS vs FBS
2026-10-08T12:44:59Z,05280844ab84b8ce5e50305f7cd195d9,2026-10-17T16:00:00Z,UCLA Bruins,Wisconsin Badgers,draftkings,DraftKings,2026-10-08T12:44:42Z,2026-10-08T12:44:41Z,Wisconsin Badgers,3.0,-105.0,2026,2026-10-08T12:44:59Z,1650,13.84864777100308,12.03692290916214,4.31172486184094,174be7f32dd5bd9e364a40660c78a69311d1e3c8399b5fdb673b903230d43721,timestamped_live_quote,FBS vs FBS
2026-10-08T12:44:59Z,9ed02ffe3e126a8ec8846278bf18d393,2026-10-17T19:30:00Z,Tennessee Volunteers,Alabama Crimson Tide,draftkings,DraftKings,2026-10-08T12:44:43Z,2026-10-08T12:44:42Z,Alabama Crimson Tide,-4.5,-115.0,2026,2026-10-08T12:44:59Z,1650,13.833156766099652,19.923363567271082,-3.59020680117143,174be7f32dd5bd9e364a40660c78a69311d1e3c8399b5fdb673b903230d43721,timestamped_live_quote,FBS vs FBS
2026-10-08T12:44:59Z,9ed02ffe3e126a8ec8846278bf18d393,2026-10-17T19:30:00Z,Tennessee Volunteers,Alabama Crimson Tide,draftkings,DraftKings,2026-10-08T12:44:43Z,2026-10-08T12:44:42Z,Tennessee Volunteers,4.5,-105.0,2026,2026-10-08T12:44:59Z,1650,13.833156766099652,19.923363567271082,-3.59020680117143,174be7f32dd5bd9e364a40660c78a69311d1e3c8399b5fdb673b903230d43721,timestamped_live_quote,FBS vs FBS
2026-10-08T12:44:59Z,9ed02ffe3e126a8ec8846278bf18d393,2026-10-17T19:30:00Z,Tennessee Volunteers,Alabama Crimson Tide,fanduel,FanDuel,2026-10-08T12:44:36Z,2026-10-08T12:44:34Z,Alabama Crimson Tide,-5.5,-115.0,2026,2026-10-08T12:44:59Z,1650,13.833156766099652,19.923363567271082,-3.59020680117143,174be7f32dd5bd9e364a40660c78a69311d1e3c8399b5fdb673b903230d43721,timestamped_live_quote,FBS vs FBS
2026-10-08T12:44:59Z,9ed02ffe3e126a8ec8846278bf18d393,2026-10-17T19:30:00Z,Tennessee Volunteers,Alabama Crimson Tide,fanduel,FanDuel,2026-10-08T12:44:36Z,2026-10-08T12:44:34Z,Tennessee Volunteers,5.5,-105.0,2026,2026-10-08T12:44:59Z,1650,13.833156766099652,19.923363567271082,-3.59020680117143,174be7f32dd5bd9e364a40660c78a69311d1e3c8399b5fdb673b903230d43721,timestamped_live_quote,FBS vs FBS
2026-10-08T12:44:59Z,2851c11a3831feac527b6df0b34b2a2a,2026-10-17T19:30:00Z,Georgia Bulldogs,Auburn Tigers,draftkings,DraftKings,2026-10-08T12:44:43Z,2026-10-08T12:44:41Z,Auburn Tigers,18.5,-110.0,2026,2026-10-08T12:44:59Z,1650,20.154675884259827,6.8778762503737125,15.776799633886114,174be7f32dd5bd9e364a40660c78a69311d1e3c8399b5fdb673b903230d43721,timestamped_live_quote,FBS vs FBS
2026-10-08T12:44:59Z,2851c11a3831feac527b6df0b34b2a2a,2026-10-17T19:30:00Z,Georgia Bulldogs,Auburn Tigers,draftkings,DraftKings,2026-10-08T12:44:43Z,2026-10-08T12:44:41Z,Georgia Bulldogs,-18.5,-110.0,2026,2026-10-08T12:44:59Z,1650,20.154675884259827,6.8778762503737125,15.776799633886114,174be7f32dd5bd9e364a40660c78a69311d1e3c8399b5fdb673b903230d43721,timestamped_live_quote,FBS vs FBS
2026-10-08T12:44:59Z,2851c11a3831feac527b6df0b34b2a2a,2026-10-17T19:30:00Z,Georgia Bulldogs,Auburn Tigers,fanduel,FanDuel,2026-10-08T12:44:36Z,2026-10-08T12:44:34Z,Auburn Tigers,18.5,-110.0,2026,2026-10-08T12:44:59Z,1650,20.154675884259827,6.8778762503737125,15.776799633886114,174be7f32dd5bd9e364a40660c78a69311d1e3c8399b5fdb673b903230d43721,timestamped_live_quote,FBS vs FBS
2026-10-08T12:44:59Z,2851c11a3831feac527b6df0b34b2a2a,2026-10-17T19:30:00Z,Georgia Bulldogs,Auburn Tigers,fanduel,FanDuel,2026-10-08T12:44:36Z,2026-10-08T12:44:34Z,Georgia Bulldogs,-18.5,-110.0,2026,2026-10-08T12:44:59Z,1650,20.154675884259827,6.8778762503737125,15.776799633886114,174be7f32dd5bd9e364a40660c78a69311d1e3c8399b5fdb673b903230d43721,timestamped_live_quote,FBS vs FBS
2026-10-08T12:44:59Z,9e7a1e65bd6ffb3ff108db2a5e125170,2026-10-17T19:30:00Z,Duke Blue Devils,North Carolina Tar Heels,draftkings,DraftKings,2026-10-08T12:44:43Z,2026-10-08T12:44:42Z,Duke Blue Devils,-4.5,-110.0,2026,2026-10-08T12:44:59Z,1650,10.032325094419045,6.33143936810352,6.2008857263155255,174be7f32dd5bd9e364a40660c78a69311d1e3c8399b5fdb673b903230d43721,timestamped_live_quote,FBS vs FBS
2026-10-08T12:44:59Z,9e7a1e65bd6ffb3ff108db2a5e125170,2026-10-17T19:30:00Z,Duke Blue Devils,North Carolina Tar Heels,draftkings,DraftKings,2026-10-08T12:44:43Z,2026-10-08T12:44:42Z,North Carolina Tar Heels,4.5,-110.0,2026,2026-10-08T12:44:59Z,1650,10.032325094419045,6.33143936810352,6.2008857263155255,174be7f32dd5bd9e364a40660c78a69311d1e3c8399b5fdb673b903230d43721,timestamped_live_quote,FBS vs FBS
2026-10-08T12:44:59Z,5d09c85c1d67e8f9db8db560cb038027,2026-10-17T19:30:00Z,Ole Miss Rebels,Missouri Tigers,fanduel,FanDuel,2026-10-08T12:44:36Z,2026-10-08T12:44:34Z,Missouri Tigers,7.5,-134.0,2026,2026-10-08T12:44:59Z,1650,5.1971187590227865,13.676948938805353,-5.979830179782567,174be7f32dd5bd9e364a40660c78a69311d1e3c8399b5fdb673b903230d43721,timestamped_live_quote,FBS vs FBS
2026-10-08T12:44:59Z,5d09c85c1d67e8f9db8db560cb038027,2026-10-17T19:30:00Z,Ole Miss Rebels,Missouri Tigers,fanduel,FanDuel,2026-10-08T12:44:36Z,2026-10-08T12:44:34Z,Ole Miss Rebels,-7.5,112.0,2026,2026-10-08T12:44:59Z,1650,5.1971187590227865,13.676948938805353,-5.979830179782567,174be7f32dd5bd9e364a40660c78a69311d1e3c8399b5fdb673b903230d43721,timestamped_live_quote,FBS vs FBS
2026-10-08T12:44:59Z,5d09c85c1d67e8f9db8db560cb038027,2026-10-17T19:30:00Z,Ole Miss Rebels,Missouri Tigers,draftkings,DraftKings,2026-10-08T12:44:42Z,2026-10-08T12:44:41Z,Missouri Tigers,6.0,-105.0,2026,2026-10-08T12:44:59Z,1650,5.1971187590227865,13.676948938805353,-5.979830179782567,174be7f32dd5bd9e364a40660c78a69311d1e3c8399b5fdb673b903230d43721,timestamped_live_quote,FBS vs FBS
2026-10-08T12:44:59Z,5d09c85c1d67e8f9db8db560cb038027,2026-10-17T19:30:00Z,Ole Miss Rebels,Missouri Tigers,draftkings,DraftKings,2026-10-08T12:44:42Z,2026-10-08T12:44:41Z,Ole Miss Rebels,-6.0,-115.0,2026,2026-10-08T12:44:59Z,1650,5.1971187590227865,13.676948938805353,-5.979830179782567,174be7f32dd5bd9e364a40660c78a69311d1e3c8399b5fdb673b903230d43721,timestamped_live_quote,FBS vs FBS
2026-10-08T12:44:59Z,33f259d8951535f271a8df5c790a832e,2026-10-17T23:00:00Z,Miami Hurricanes,Florida State Seminoles,draftkings,DraftKings,2026-10-08T12:44:43Z,2026-10-08T12:44:42Z,Florida State Seminoles,19.5,-110.0,2026,2026-10-08T12:44:59Z,1650,21.763099609315923,9.484814799476709,14.778284809839214,174be7f32dd5bd9e364a40660c78a69311d1e3c8399b5fdb673b903230d43721,timestamped_live_quote,FBS vs FBS
2026-10-08T12:44:59Z,33f259d8951535f271a8df5c790a832e,2026-10-17T23:00:00Z,Miami Hurricanes,Florida State Seminoles,draftkings,DraftKings,2026-10-08T12:44:43Z,2026-10-08T12:44:42Z,Miami Hurricanes,-19.5,-110.0,2026,2026-10-08T12:44:59Z,1650,21.763099609315923,9.484814799476709,14.778284809839214,174be7f32dd5bd9e364a40660c78a69311d1e3c8399b5fdb673b903230d43721,timestamped_live_quote,FBS vs FBS
2026-10-08T12:44:59Z,33f259d8951535f271a8df5c790a832e,2026-10-17T23:00:00Z,Miami Hurricanes,Florida State Seminoles,fanduel,FanDuel,2026-10-08T12:44:36Z,2026-10-08T12:44:34Z,Florida State Seminoles,19.5,-102.0,2026,2026-10-08T12:44:59Z,1650,21.763099609315923,9.484814799476709,14.778284809839214,174be7f32dd5bd9e364a40660c78a69311d1e3c8399b5fdb673b903230d43721,timestamped_live_quote,FBS vs FBS
2026-10-08T12:44:59Z,33f259d8951535f271a8df5c790a832e,2026-10-17T23:00:00Z,Miami Hurricanes,Florida State Seminoles,fanduel,FanDuel,2026-10-08T12:44:36Z,2026-10-08T12:44:34Z,Miami Hurricanes,-19.5,-120.0,2026,2026-10-08T12:44:59Z,1650,21.763099609315923,9.484814799476709,14.778284809839214,174be7f32dd5bd9e364a40660c78a69311d1e3c8399b5fdb673b903230d43721,timestamped_live_quote,FBS vs FBS
2026-10-08T12:44:59Z,bd2d52fadefed8a6174e73c84cca9ce3,2026-10-17T23:30:00Z,BYU Cougars,Notre Dame Fighting Irish,draftkings,DraftKings,2026-10-08T12:44:43Z,2026-10-08T12:44:42Z,BYU Cougars,12.5,-105.0,2026,2026-10-08T12:44:59Z,1650,12.070011363307659,18.45646787596262,-3.886456512654961,174be7f32dd5bd9e364a40660c78a69311d1e3c8399b5fdb673b903230d43721,timestamped_live_quote,FBS vs FBS
2026-10-08T12:44:59Z,bd2d52fadefed8a6174e73c84cca9ce3,2026-10-17T23:30:00Z,BYU Cougars,Notre Dame Fighting Irish,draftkings,DraftKings,2026-10-08T12:44:43Z,2026-10-08T12:44:42Z,Notre Dame Fighting Irish,-12.5,-115.0,2026,2026-10-08T12:44:59Z,1650,12.070011363307659,18.45646787596262,-3.886456512654961,174be7f32dd5bd9e364a40660c78a69311d1e3c8399b5fdb673b903230d43721,timestamped_live_quote,FBS vs FBS
2026-10-08T12:44:59Z,bd2d52fadefed8a6174e73c84cca9ce3,2026-10-17T23:30:00Z,BYU Cougars,Notre Dame Fighting Irish,fanduel,FanDuel,2026-10-08T12:44:36Z,2026-10-08T12:44:34Z,BYU Cougars,12.5,-112.0,2026,2026-10-08T12:44:59Z,1650,12.070011363307659,18.45646787596262,-3.886456512654961,174be7f32dd5bd9e364a40660c78a69311d1e3c8399b5fdb673b903230d43721,timestamped_live_quote,FBS vs FBS
2026-10-08T12:44:59Z,bd2d52fadefed8a6174e73c84cca9ce3,2026-10-17T23:30:00Z,BYU Cougars,Notre Dame Fighting Irish,fanduel,FanDuel,2026-10-08T12:44:36Z,2026-10-08T12:44:34Z,Notre Dame Fighting Irish,-12.5,-108.0,2026,2026-10-08T12:44:59Z,1650,12.070011363307659,18.45646787596262,-3.886456512654961,174be7f32dd5bd9e364a40660c78a69311d1e3c8399b5fdb673b903230d43721,timestamped_live_quote,FBS vs FBS
2026-10-08T12:44:59Z,7830c18dc7e87ebf087ddded14c50de4,2026-10-17T23:30:00Z,Houston Cougars,Oklahoma State Cowboys,fanduel,FanDuel,2026-10-08T12:44:36Z,2026-10-08T12:44:34Z,Houston Cougars,-2.5,-142.0,2026,2026-10-08T12:44:59Z,1650,15.236320489197597,10.169649422881742,7.566671066315855,174be7f32dd5bd9e364a40660c78a69311d1e3c8399b5fdb673b903230d43721,timestamped_live_quote,FBS vs FBS
2026-10-08T12:44:59Z,7830c18dc7e87ebf087ddded14c50de4,2026-10-17T23:30:00Z,Houston Cougars,Oklahoma State Cowboys,fanduel,FanDuel,2026-10-08T12:44:36Z,2026-10-08T12:44:34Z,Oklahoma State Cowboys,2.5,116.0,2026,2026-10-08T12:44:59Z,1650,15.236320489197597,10.169649422881742,7.566671066315855,174be7f32dd5bd9e364a40660c78a69311d1e3c8399b5fdb673b903230d43721,timestamped_live_quote,FBS vs FBS
2026-10-08T12:44:59Z,7830c18dc7e87ebf087ddded14c50de4,2026-10-17T23:30:00Z,Houston Cougars,Oklahoma State Cowboys,draftkings,DraftKings,2026-10-08T12:44:43Z,2026-10-08T12:44:42Z,Houston Cougars,-3.5,-110.0,2026,2026-10-08T12:44:59Z,1650,15.236320489197597,10.169649422881742,7.566671066315855,174be7f32dd5bd9e364a40660c78a69311d1e3c8399b5fdb673b903230d43721,timestamped_live_quote,FBS vs FBS
2026-10-08T12:44:59Z,7830c18dc7e87ebf087ddded14c50de4,2026-10-17T23:30:00Z,Houston Cougars,Oklahoma State Cowboys,draftkings,DraftKings,2026-10-08T12:44:43Z,2026-10-08T12:44:42Z,Oklahoma State Cowboys,3.5,-110.0,2026,2026-10-08T12:44:59Z,1650,15.236320489197597,10.169649422881742,7.566671066315855,174be7f32dd5bd9e364a40660c78a69311d1e3c8399b5fdb673b903230d43721,timestamped_live_quote,FBS vs FBS
2026-10-08T12:44:59Z,0728226f9c1e3aace0f64536109f4d05,2026-10-17T23:30:00Z,Oklahoma Sooners,Kentucky Wildcats,draftkings,DraftKings,2026-10-08T12:44:43Z,2026-10-08T12:44:42Z,Kentucky Wildcats,6.5,-110.0,2026,2026-10-08T12:44:59Z,1650,6.699405794931695,9.378939148782745,-0.17953335385104996,174be7f32dd5bd9e364a40660c78a69311d1e3c8399b5fdb673b903230d43721,timestamped_live_quote,FBS vs FBS
2026-10-08T12:44:59Z,0728226f9c1e3aace0f64536109f4d05,2026-10-17T23:30:00Z,Oklahoma Sooners,Kentucky Wildcats,draftkings,DraftKings,2026-10-08T12:44:43Z,2026-10-08T12:44:42Z,Oklahoma Sooners,-6.5,-110.0,2026,2026-10-08T12:44:59Z,1650,6.699405794931695,9.378939148782745,-0.17953335385104996,174be7f32dd5bd9e364a40660c78a69311d1e3c8399b5fdb673b903230d43721,timestamped_live_quote,FBS vs FBS
