captured_at_utc,game_id,kickoff_utc,home_team,away_team,sportsbook_key,sportsbook,bookmaker_last_update_utc,market_last_update_utc,selection,spread,american_odds,season,ratings_asof_utc,ratings_training_games,home_rating,away_rating,projected_home_margin,ratings_input_sha256,capture_status,division_status
2026-10-06T20:35:54Z,57ad14afc7db1843fd56f5971dadb058,2026-10-07T00:00:00Z,Troy Trojans,Southern Mississippi Golden Eagles,fanduel,FanDuel,2026-10-06T20:35:39Z,2026-10-06T20:35:38Z,Southern Mississippi Golden Eagles,10.5,-120.0,2026,2026-10-06T20:35:54Z,1647,1.841390326812116,-1.4113192283701632,5.752709555182279,9091a0b7e14eff9f94f7c6bbd29b6e9d5a25a74a6e5a4c99a99d5af04e10935e,timestamped_live_quote,FBS vs FBS
2026-10-06T20:35:54Z,57ad14afc7db1843fd56f5971dadb058,2026-10-07T00:00:00Z,Troy Trojans,Southern Mississippi Golden Eagles,fanduel,FanDuel,2026-10-06T20:35:39Z,2026-10-06T20:35:38Z,Troy Trojans,-10.5,-102.0,2026,2026-10-06T20:35:54Z,1647,1.841390326812116,-1.4113192283701632,5.752709555182279,9091a0b7e14eff9f94f7c6bbd29b6e9d5a25a74a6e5a4c99a99d5af04e10935e,timestamped_live_quote,FBS vs FBS
2026-10-06T20:35:54Z,57ad14afc7db1843fd56f5971dadb058,2026-10-07T00:00:00Z,Troy Trojans,Southern Mississippi Golden Eagles,mybookieag,MyBookie.ag,2026-10-06T20:35:08Z,2026-10-06T20:35:08Z,Southern Mississippi Golden Eagles,10.0,-110.0,2026,2026-10-06T20:35:54Z,1647,1.841390326812116,-1.4113192283701632,5.752709555182279,9091a0b7e14eff9f94f7c6bbd29b6e9d5a25a74a6e5a4c99a99d5af04e10935e,timestamped_live_quote,FBS vs FBS
2026-10-06T20:35:54Z,57ad14afc7db1843fd56f5971dadb058,2026-10-07T00:00:00Z,Troy Trojans,Southern Mississippi Golden Eagles,mybookieag,MyBookie.ag,2026-10-06T20:35:08Z,2026-10-06T20:35:08Z,Troy Trojans,-10.0,-110.0,2026,2026-10-06T20:35:54Z,1647,1.841390326812116,-1.4113192283701632,5.752709555182279,9091a0b7e14eff9f94f7c6bbd29b6e9d5a25a74a6e5a4c99a99d5af04e10935e,timestamped_live_quote,FBS vs FBS
2026-10-06T20:35:54Z,57ad14afc7db1843fd56f5971dadb058,2026-10-07T00:00:00Z,Troy Trojans,Southern Mississippi Golden Eagles,draftkings,DraftKings,2026-10-06T20:35:37Z,2026-10-06T20:35:37Z,Southern Mississippi Golden Eagles,10.0,-112.0,2026,2026-10-06T20:35:54Z,1647,1.841390326812116,-1.4113192283701632,5.752709555182279,9091a0b7e14eff9f94f7c6bbd29b6e9d5a25a74a6e5a4c99a99d5af04e10935e,timestamped_live_quote,FBS vs FBS
2026-10-06T20:35:54Z,57ad14afc7db1843fd56f5971dadb058,2026-10-07T00:00:00Z,Troy Trojans,Southern Mississippi Golden Eagles,draftkings,DraftKings,2026-10-06T20:35:37Z,2026-10-06T20:35:37Z,Troy Trojans,-10.0,-108.0,2026,2026-10-06T20:35:54Z,1647,1.841390326812116,-1.4113192283701632,5.752709555182279,9091a0b7e14eff9f94f7c6bbd29b6e9d5a25a74a6e5a4c99a99d5af04e10935e,timestamped_live_quote,FBS vs FBS
2026-10-06T20:35:54Z,57ad14afc7db1843fd56f5971dadb058,2026-10-07T00:00:00Z,Troy Trojans,Southern Mississippi Golden Eagles,betrivers,BetRivers,2026-10-06T20:35:40Z,2026-10-06T20:35:40Z,Southern Mississippi Golden Eagles,10.5,-115.0,2026,2026-10-06T20:35:54Z,1647,1.841390326812116,-1.4113192283701632,5.752709555182279,9091a0b7e14eff9f94f7c6bbd29b6e9d5a25a74a6e5a4c99a99d5af04e10935e,timestamped_live_quote,FBS vs FBS
2026-10-06T20:35:54Z,57ad14afc7db1843fd56f5971dadb058,2026-10-07T00:00:00Z,Troy Trojans,Southern Mississippi Golden Eagles,betrivers,BetRivers,2026-10-06T20:35:40Z,2026-10-06T20:35:40Z,Troy Trojans,-10.5,-108.0,2026,2026-10-06T20:35:54Z,1647,1.841390326812116,-1.4113192283701632,5.752709555182279,9091a0b7e14eff9f94f7c6bbd29b6e9d5a25a74a6e5a4c99a99d5af04e10935e,timestamped_live_quote,FBS vs FBS
2026-10-06T20:35:54Z,57ad14afc7db1843fd56f5971dadb058,2026-10-07T00:00:00Z,Troy Trojans,Southern Mississippi Golden Eagles,betmgm,BetMGM,2026-10-06T20:35:16Z,2026-10-06T20:35:16Z,Southern Mississippi Golden Eagles,10.0,-110.0,2026,2026-10-06T20:35:54Z,1647,1.841390326812116,-1.4113192283701632,5.752709555182279,9091a0b7e14eff9f94f7c6bbd29b6e9d5a25a74a6e5a4c99a99d5af04e10935e,timestamped_live_quote,FBS vs FBS
2026-10-06T20:35:54Z,57ad14afc7db1843fd56f5971dadb058,2026-10-07T00:00:00Z,Troy Trojans,Southern Mississippi Golden Eagles,betmgm,BetMGM,2026-10-06T20:35:16Z,2026-10-06T20:35:16Z,Troy Trojans,-10.0,-108.0,2026,2026-10-06T20:35:54Z,1647,1.841390326812116,-1.4113192283701632,5.752709555182279,9091a0b7e14eff9f94f7c6bbd29b6e9d5a25a74a6e5a4c99a99d5af04e10935e,timestamped_live_quote,FBS vs FBS
2026-10-06T20:35:54Z,57ad14afc7db1843fd56f5971dadb058,2026-10-07T00:00:00Z,Troy Trojans,Southern Mississippi Golden Eagles,lowvig,LowVig.ag,2026-10-06T20:35:12Z,2026-10-06T20:35:12Z,Southern Mississippi Golden Eagles,10.0,-106.0,2026,2026-10-06T20:35:54Z,1647,1.841390326812116,-1.4113192283701632,5.752709555182279,9091a0b7e14eff9f94f7c6bbd29b6e9d5a25a74a6e5a4c99a99d5af04e10935e,timestamped_live_quote,FBS vs FBS
2026-10-06T20:35:54Z,57ad14afc7db1843fd56f5971dadb058,2026-10-07T00:00:00Z,Troy Trojans,Southern Mississippi Golden Eagles,lowvig,LowVig.ag,2026-10-06T20:35:12Z,2026-10-06T20:35:12Z,Troy Trojans,-10.0,-106.0,2026,2026-10-06T20:35:54Z,1647,1.841390326812116,-1.4113192283701632,5.752709555182279,9091a0b7e14eff9f94f7c6bbd29b6e9d5a25a74a6e5a4c99a99d5af04e10935e,timestamped_live_quote,FBS vs FBS
2026-10-06T20:35:54Z,57ad14afc7db1843fd56f5971dadb058,2026-10-07T00:00:00Z,Troy Trojans,Southern Mississippi Golden Eagles,betonlineag,BetOnline.ag,2026-10-06T20:35:36Z,2026-10-06T20:35:36Z,Southern Mississippi Golden Eagles,10.0,-110.0,2026,2026-10-06T20:35:54Z,1647,1.841390326812116,-1.4113192283701632,5.752709555182279,9091a0b7e14eff9f94f7c6bbd29b6e9d5a25a74a6e5a4c99a99d5af04e10935e,timestamped_live_quote,FBS vs FBS
2026-10-06T20:35:54Z,57ad14afc7db1843fd56f5971dadb058,2026-10-07T00:00:00Z,Troy Trojans,Southern Mississippi Golden Eagles,betonlineag,BetOnline.ag,2026-10-06T20:35:36Z,2026-10-06T20:35:36Z,Troy Trojans,-10.0,-110.0,2026,2026-10-06T20:35:54Z,1647,1.841390326812116,-1.4113192283701632,5.752709555182279,9091a0b7e14eff9f94f7c6bbd29b6e9d5a25a74a6e5a4c99a99d5af04e10935e,timestamped_live_quote,FBS vs FBS
2026-10-06T20:35:54Z,57ad14afc7db1843fd56f5971dadb058,2026-10-07T00:00:00Z,Troy Trojans,Southern Mississippi Golden Eagles,bovada,Bovada,2026-10-06T20:34:42Z,2026-10-06T20:34:42Z,Southern Mississippi Golden Eagles,10.0,-110.0,2026,2026-10-06T20:35:54Z,1647,1.841390326812116,-1.4113192283701632,5.752709555182279,9091a0b7e14eff9f94f7c6bbd29b6e9d5a25a74a6e5a4c99a99d5af04e10935e,timestamped_live_quote,FBS vs FBS
2026-10-06T20:35:54Z,57ad14afc7db1843fd56f5971dadb058,2026-10-07T00:00:00Z,Troy Trojans,Southern Mississippi Golden Eagles,bovada,Bovada,2026-10-06T20:34:42Z,2026-10-06T20:34:42Z,Troy Trojans,-10.0,-110.0,2026,2026-10-06T20:35:54Z,1647,1.841390326812116,-1.4113192283701632,5.752709555182279,9091a0b7e14eff9f94f7c6bbd29b6e9d5a25a74a6e5a4c99a99d5af04e10935e,timestamped_live_quote,FBS vs FBS
2026-10-06T20:35:54Z,57ad14afc7db1843fd56f5971dadb058,2026-10-07T00:00:00Z,Troy Trojans,Southern Mississippi Golden Eagles,betus,BetUS,2026-10-06T20:35:09Z,2026-10-06T20:35:09Z,Southern Mississippi Golden Eagles,10.0,-110.0,2026,2026-10-06T20:35:54Z,1647,1.841390326812116,-1.4113192283701632,5.752709555182279,9091a0b7e14eff9f94f7c6bbd29b6e9d5a25a74a6e5a4c99a99d5af04e10935e,timestamped_live_quote,FBS vs FBS
2026-10-06T20:35:54Z,57ad14afc7db1843fd56f5971dadb058,2026-10-07T00:00:00Z,Troy Trojans,Southern Mississippi Golden Eagles,betus,BetUS,2026-10-06T20:35:09Z,2026-10-06T20:35:09Z,Troy Trojans,-10.0,-110.0,2026,2026-10-06T20:35:54Z,1647,1.841390326812116,-1.4113192283701632,5.752709555182279,9091a0b7e14eff9f94f7c6bbd29b6e9d5a25a74a6e5a4c99a99d5af04e10935e,timestamped_live_quote,FBS vs FBS
2026-10-06T20:35:54Z,c89488b9c83038e85e02e92481d093fe,2026-10-07T23:00:00Z,Kennesaw State Owls,Jacksonville State Gamecocks,fanduel,FanDuel,2026-10-06T20:35:39Z,2026-10-06T20:35:38Z,Jacksonville State Gamecocks,-2.5,-122.0,2026,2026-10-06T20:35:54Z,1647,2.1394559832938684,3.373888034240766,1.2655679490531022,9091a0b7e14eff9f94f7c6bbd29b6e9d5a25a74a6e5a4c99a99d5af04e10935e,timestamped_live_quote,FBS vs FBS
2026-10-06T20:35:54Z,c89488b9c83038e85e02e92481d093fe,2026-10-07T23:00:00Z,Kennesaw State Owls,Jacksonville State Gamecocks,fanduel,FanDuel,2026-10-06T20:35:39Z,2026-10-06T20:35:38Z,Kennesaw State Owls,2.5,100.0,2026,2026-10-06T20:35:54Z,1647,2.1394559832938684,3.373888034240766,1.2655679490531022,9091a0b7e14eff9f94f7c6bbd29b6e9d5a25a74a6e5a4c99a99d5af04e10935e,timestamped_live_quote,FBS vs FBS
2026-10-06T20:35:54Z,c89488b9c83038e85e02e92481d093fe,2026-10-07T23:00:00Z,Kennesaw State Owls,Jacksonville State Gamecocks,mybookieag,MyBookie.ag,2026-10-06T20:35:08Z,2026-10-06T20:35:08Z,Jacksonville State Gamecocks,-3.0,-110.0,2026,2026-10-06T20:35:54Z,1647,2.1394559832938684,3.373888034240766,1.2655679490531022,9091a0b7e14eff9f94f7c6bbd29b6e9d5a25a74a6e5a4c99a99d5af04e10935e,timestamped_live_quote,FBS vs FBS
2026-10-06T20:35:54Z,c89488b9c83038e85e02e92481d093fe,2026-10-07T23:00:00Z,Kennesaw State Owls,Jacksonville State Gamecocks,mybookieag,MyBookie.ag,2026-10-06T20:35:08Z,2026-10-06T20:35:08Z,Kennesaw State Owls,3.0,-110.0,2026,2026-10-06T20:35:54Z,1647,2.1394559832938684,3.373888034240766,1.2655679490531022,9091a0b7e14eff9f94f7c6bbd29b6e9d5a25a74a6e5a4c99a99d5af04e10935e,timestamped_live_quote,FBS vs FBS
2026-10-06T20:35:54Z,c89488b9c83038e85e02e92481d093fe,2026-10-07T23:00:00Z,Kennesaw State Owls,Jacksonville State Gamecocks,draftkings,DraftKings,2026-10-06T20:35:37Z,2026-10-06T20:35:37Z,Jacksonville State Gamecocks,-3.0,-105.0,2026,2026-10-06T20:35:54Z,1647,2.1394559832938684,3.373888034240766,1.2655679490531022,9091a0b7e14eff9f94f7c6bbd29b6e9d5a25a74a6e5a4c99a99d5af04e10935e,timestamped_live_quote,FBS vs FBS
2026-10-06T20:35:54Z,c89488b9c83038e85e02e92481d093fe,2026-10-07T23:00:00Z,Kennesaw State Owls,Jacksonville State Gamecocks,draftkings,DraftKings,2026-10-06T20:35:37Z,2026-10-06T20:35:37Z,Kennesaw State Owls,3.0,-115.0,2026,2026-10-06T20:35:54Z,1647,2.1394559832938684,3.373888034240766,1.2655679490531022,9091a0b7e14eff9f94f7c6bbd29b6e9d5a25a74a6e5a4c99a99d5af04e10935e,timestamped_live_quote,FBS vs FBS
2026-10-06T20:35:54Z,c89488b9c83038e85e02e92481d093fe,2026-10-07T23:00:00Z,Kennesaw State Owls,Jacksonville State Gamecocks,betrivers,BetRivers,2026-10-06T20:35:40Z,2026-10-06T20:35:40Z,Jacksonville State Gamecocks,-3.0,-112.0,2026,2026-10-06T20:35:54Z,1647,2.1394559832938684,3.373888034240766,1.2655679490531022,9091a0b7e14eff9f94f7c6bbd29b6e9d5a25a74a6e5a4c99a99d5af04e10935e,timestamped_live_quote,FBS vs FBS
2026-10-06T20:35:54Z,c89488b9c83038e85e02e92481d093fe,2026-10-07T23:00:00Z,Kennesaw State Owls,Jacksonville State Gamecocks,betrivers,BetRivers,2026-10-06T20:35:40Z,2026-10-06T20:35:40Z,Kennesaw State Owls,3.0,-112.0,2026,2026-10-06T20:35:54Z,1647,2.1394559832938684,3.373888034240766,1.2655679490531022,9091a0b7e14eff9f94f7c6bbd29b6e9d5a25a74a6e5a4c99a99d5af04e10935e,timestamped_live_quote,FBS vs FBS
2026-10-06T20:35:54Z,c89488b9c83038e85e02e92481d093fe,2026-10-07T23:00:00Z,Kennesaw State Owls,Jacksonville State Gamecocks,betmgm,BetMGM,2026-10-06T20:35:16Z,2026-10-06T20:35:16Z,Jacksonville State Gamecocks,-3.0,-105.0,2026,2026-10-06T20:35:54Z,1647,2.1394559832938684,3.373888034240766,1.2655679490531022,9091a0b7e14eff9f94f7c6bbd29b6e9d5a25a74a6e5a4c99a99d5af04e10935e,timestamped_live_quote,FBS vs FBS
2026-10-06T20:35:54Z,c89488b9c83038e85e02e92481d093fe,2026-10-07T23:00:00Z,Kennesaw State Owls,Jacksonville State Gamecocks,betmgm,BetMGM,2026-10-06T20:35:16Z,2026-10-06T20:35:16Z,Kennesaw State Owls,3.0,-115.0,2026,2026-10-06T20:35:54Z,1647,2.1394559832938684,3.373888034240766,1.2655679490531022,9091a0b7e14eff9f94f7c6bbd29b6e9d5a25a74a6e5a4c99a99d5af04e10935e,timestamped_live_quote,FBS vs FBS
2026-10-06T20:35:54Z,c89488b9c83038e85e02e92481d093fe,2026-10-07T23:00:00Z,Kennesaw State Owls,Jacksonville State Gamecocks,betonlineag,BetOnline.ag,2026-10-06T20:35:36Z,2026-10-06T20:35:36Z,Jacksonville State Gamecocks,-3.0,-105.0,2026,2026-10-06T20:35:54Z,1647,2.1394559832938684,3.373888034240766,1.2655679490531022,9091a0b7e14eff9f94f7c6bbd29b6e9d5a25a74a6e5a4c99a99d5af04e10935e,timestamped_live_quote,FBS vs FBS
2026-10-06T20:35:54Z,c89488b9c83038e85e02e92481d093fe,2026-10-07T23:00:00Z,Kennesaw State Owls,Jacksonville State Gamecocks,betonlineag,BetOnline.ag,2026-10-06T20:35:36Z,2026-10-06T20:35:36Z,Kennesaw State Owls,3.0,-115.0,2026,2026-10-06T20:35:54Z,1647,2.1394559832938684,3.373888034240766,1.2655679490531022,9091a0b7e14eff9f94f7c6bbd29b6e9d5a25a74a6e5a4c99a99d5af04e10935e,timestamped_live_quote,FBS vs FBS
2026-10-06T20:35:54Z,c89488b9c83038e85e02e92481d093fe,2026-10-07T23:00:00Z,Kennesaw State Owls,Jacksonville State Gamecocks,lowvig,LowVig.ag,2026-10-06T20:35:12Z,2026-10-06T20:35:12Z,Jacksonville State Gamecocks,-3.0,-101.0,2026,2026-10-06T20:35:54Z,1647,2.1394559832938684,3.373888034240766,1.2655679490531022,9091a0b7e14eff9f94f7c6bbd29b6e9d5a25a74a6e5a4c99a99d5af04e10935e,timestamped_live_quote,FBS vs FBS
2026-10-06T20:35:54Z,c89488b9c83038e85e02e92481d093fe,2026-10-07T23:00:00Z,Kennesaw State Owls,Jacksonville State Gamecocks,lowvig,LowVig.ag,2026-10-06T20:35:12Z,2026-10-06T20:35:12Z,Kennesaw State Owls,3.0,-111.0,2026,2026-10-06T20:35:54Z,1647,2.1394559832938684,3.373888034240766,1.2655679490531022,9091a0b7e14eff9f94f7c6bbd29b6e9d5a25a74a6e5a4c99a99d5af04e10935e,timestamped_live_quote,FBS vs FBS
2026-10-06T20:35:54Z,c89488b9c83038e85e02e92481d093fe,2026-10-07T23:00:00Z,Kennesaw State Owls,Jacksonville State Gamecocks,bovada,Bovada,2026-10-06T20:34:42Z,2026-10-06T20:34:42Z,Jacksonville State Gamecocks,-3.0,100.0,2026,2026-10-06T20:35:54Z,1647,2.1394559832938684,3.373888034240766,1.2655679490531022,9091a0b7e14eff9f94f7c6bbd29b6e9d5a25a74a6e5a4c99a99d5af04e10935e,timestamped_live_quote,FBS vs FBS
2026-10-06T20:35:54Z,c89488b9c83038e85e02e92481d093fe,2026-10-07T23:00:00Z,Kennesaw State Owls,Jacksonville State Gamecocks,bovada,Bovada,2026-10-06T20:34:42Z,2026-10-06T20:34:42Z,Kennesaw State Owls,3.0,-120.0,2026,2026-10-06T20:35:54Z,1647,2.1394559832938684,3.373888034240766,1.2655679490531022,9091a0b7e14eff9f94f7c6bbd29b6e9d5a25a74a6e5a4c99a99d5af04e10935e,timestamped_live_quote,FBS vs FBS
2026-10-06T20:35:54Z,c89488b9c83038e85e02e92481d093fe,2026-10-07T23:00:00Z,Kennesaw State Owls,Jacksonville State Gamecocks,betus,BetUS,2026-10-06T20:35:09Z,2026-10-06T20:35:09Z,Jacksonville State Gamecocks,-3.0,-105.0,2026,2026-10-06T20:35:54Z,1647,2.1394559832938684,3.373888034240766,1.2655679490531022,9091a0b7e14eff9f94f7c6bbd29b6e9d5a25a74a6e5a4c99a99d5af04e10935e,timestamped_live_quote,FBS vs FBS
2026-10-06T20:35:54Z,c89488b9c83038e85e02e92481d093fe,2026-10-07T23:00:00Z,Kennesaw State Owls,Jacksonville State Gamecocks,betus,BetUS,2026-10-06T20:35:09Z,2026-10-06T20:35:09Z,Kennesaw State Owls,3.0,-115.0,2026,2026-10-06T20:35:54Z,1647,2.1394559832938684,3.373888034240766,1.2655679490531022,9091a0b7e14eff9f94f7c6bbd29b6e9d5a25a74a6e5a4c99a99d5af04e10935e,timestamped_live_quote,FBS vs FBS
2026-10-06T20:35:54Z,9aa0a267b153a6cc0d6c3e5746e78213,2026-10-07T23:30:00Z,Florida International Panthers,New Mexico State Aggies,fanduel,FanDuel,2026-10-06T20:35:39Z,2026-10-06T20:35:38Z,Florida International Panthers,-6.5,-105.0,2026,2026-10-06T20:35:54Z,1647,1.1137758673518316,0.2554901597302639,3.358285707621568,9091a0b7e14eff9f94f7c6bbd29b6e9d5a25a74a6e5a4c99a99d5af04e10935e,timestamped_live_quote,FBS vs FBS
2026-10-06T20:35:54Z,9aa0a267b153a6cc0d6c3e5746e78213,2026-10-07T23:30:00Z,Florida International Panthers,New Mexico State Aggies,fanduel,FanDuel,2026-10-06T20:35:39Z,2026-10-06T20:35:38Z,New Mexico State Aggies,6.5,-115.0,2026,2026-10-06T20:35:54Z,1647,1.1137758673518316,0.2554901597302639,3.358285707621568,9091a0b7e14eff9f94f7c6bbd29b6e9d5a25a74a6e5a4c99a99d5af04e10935e,timestamped_live_quote,FBS vs FBS
2026-10-06T20:35:54Z,9aa0a267b153a6cc0d6c3e5746e78213,2026-10-07T23:30:00Z,Florida International Panthers,New Mexico State Aggies,mybookieag,MyBookie.ag,2026-10-06T20:35:08Z,2026-10-06T20:35:08Z,Florida International Panthers,-6.5,-110.0,2026,2026-10-06T20:35:54Z,1647,1.1137758673518316,0.2554901597302639,3.358285707621568,9091a0b7e14eff9f94f7c6bbd29b6e9d5a25a74a6e5a4c99a99d5af04e10935e,timestamped_live_quote,FBS vs FBS
2026-10-06T20:35:54Z,9aa0a267b153a6cc0d6c3e5746e78213,2026-10-07T23:30:00Z,Florida International Panthers,New Mexico State Aggies,mybookieag,MyBookie.ag,2026-10-06T20:35:08Z,2026-10-06T20:35:08Z,New Mexico State Aggies,6.5,-110.0,2026,2026-10-06T20:35:54Z,1647,1.1137758673518316,0.2554901597302639,3.358285707621568,9091a0b7e14eff9f94f7c6bbd29b6e9d5a25a74a6e5a4c99a99d5af04e10935e,timestamped_live_quote,FBS vs FBS
2026-10-06T20:35:54Z,9aa0a267b153a6cc0d6c3e5746e78213,2026-10-07T23:30:00Z,Florida International Panthers,New Mexico State Aggies,draftkings,DraftKings,2026-10-06T20:35:37Z,2026-10-06T20:35:37Z,Florida International Panthers,-6.5,-108.0,2026,2026-10-06T20:35:54Z,1647,1.1137758673518316,0.2554901597302639,3.358285707621568,9091a0b7e14eff9f94f7c6bbd29b6e9d5a25a74a6e5a4c99a99d5af04e10935e,timestamped_live_quote,FBS vs FBS
2026-10-06T20:35:54Z,9aa0a267b153a6cc0d6c3e5746e78213,2026-10-07T23:30:00Z,Florida International Panthers,New Mexico State Aggies,draftkings,DraftKings,2026-10-06T20:35:37Z,2026-10-06T20:35:37Z,New Mexico State Aggies,6.5,-112.0,2026,2026-10-06T20:35:54Z,1647,1.1137758673518316,0.2554901597302639,3.358285707621568,9091a0b7e14eff9f94f7c6bbd29b6e9d5a25a74a6e5a4c99a99d5af04e10935e,timestamped_live_quote,FBS vs FBS
2026-10-06T20:35:54Z,9aa0a267b153a6cc0d6c3e5746e78213,2026-10-07T23:30:00Z,Florida International Panthers,New Mexico State Aggies,betrivers,BetRivers,2026-10-06T20:35:40Z,2026-10-06T20:35:40Z,Florida International Panthers,-6.5,-109.0,2026,2026-10-06T20:35:54Z,1647,1.1137758673518316,0.2554901597302639,3.358285707621568,9091a0b7e14eff9f94f7c6bbd29b6e9d5a25a74a6e5a4c99a99d5af04e10935e,timestamped_live_quote,FBS vs FBS
2026-10-06T20:35:54Z,9aa0a267b153a6cc0d6c3e5746e78213,2026-10-07T23:30:00Z,Florida International Panthers,New Mexico State Aggies,betrivers,BetRivers,2026-10-06T20:35:40Z,2026-10-06T20:35:40Z,New Mexico State Aggies,6.5,-114.0,2026,2026-10-06T20:35:54Z,1647,1.1137758673518316,0.2554901597302639,3.358285707621568,9091a0b7e14eff9f94f7c6bbd29b6e9d5a25a74a6e5a4c99a99d5af04e10935e,timestamped_live_quote,FBS vs FBS
2026-10-06T20:35:54Z,9aa0a267b153a6cc0d6c3e5746e78213,2026-10-07T23:30:00Z,Florida International Panthers,New Mexico State Aggies,betmgm,BetMGM,2026-10-06T20:35:16Z,2026-10-06T20:35:16Z,Florida International Panthers,-6.5,-108.0,2026,2026-10-06T20:35:54Z,1647,1.1137758673518316,0.2554901597302639,3.358285707621568,9091a0b7e14eff9f94f7c6bbd29b6e9d5a25a74a6e5a4c99a99d5af04e10935e,timestamped_live_quote,FBS vs FBS
2026-10-06T20:35:54Z,9aa0a267b153a6cc0d6c3e5746e78213,2026-10-07T23:30:00Z,Florida International Panthers,New Mexico State Aggies,betmgm,BetMGM,2026-10-06T20:35:16Z,2026-10-06T20:35:16Z,New Mexico State Aggies,6.5,-110.0,2026,2026-10-06T20:35:54Z,1647,1.1137758673518316,0.2554901597302639,3.358285707621568,9091a0b7e14eff9f94f7c6bbd29b6e9d5a25a74a6e5a4c99a99d5af04e10935e,timestamped_live_quote,FBS vs FBS
2026-10-06T20:35:54Z,9aa0a267b153a6cc0d6c3e5746e78213,2026-10-07T23:30:00Z,Florida International Panthers,New Mexico State Aggies,lowvig,LowVig.ag,2026-10-06T20:35:12Z,2026-10-06T20:35:12Z,Florida International Panthers,-6.5,-107.0,2026,2026-10-06T20:35:54Z,1647,1.1137758673518316,0.2554901597302639,3.358285707621568,9091a0b7e14eff9f94f7c6bbd29b6e9d5a25a74a6e5a4c99a99d5af04e10935e,timestamped_live_quote,FBS vs FBS
2026-10-06T20:35:54Z,9aa0a267b153a6cc0d6c3e5746e78213,2026-10-07T23:30:00Z,Florida International Panthers,New Mexico State Aggies,lowvig,LowVig.ag,2026-10-06T20:35:12Z,2026-10-06T20:35:12Z,New Mexico State Aggies,6.5,-105.0,2026,2026-10-06T20:35:54Z,1647,1.1137758673518316,0.2554901597302639,3.358285707621568,9091a0b7e14eff9f94f7c6bbd29b6e9d5a25a74a6e5a4c99a99d5af04e10935e,timestamped_live_quote,FBS vs FBS
2026-10-06T20:35:54Z,9aa0a267b153a6cc0d6c3e5746e78213,2026-10-07T23:30:00Z,Florida International Panthers,New Mexico State Aggies,betonlineag,BetOnline.ag,2026-10-06T20:35:36Z,2026-10-06T20:35:36Z,Florida International Panthers,-6.5,-111.0,2026,2026-10-06T20:35:54Z,1647,1.1137758673518316,0.2554901597302639,3.358285707621568,9091a0b7e14eff9f94f7c6bbd29b6e9d5a25a74a6e5a4c99a99d5af04e10935e,timestamped_live_quote,FBS vs FBS
2026-10-06T20:35:54Z,9aa0a267b153a6cc0d6c3e5746e78213,2026-10-07T23:30:00Z,Florida International Panthers,New Mexico State Aggies,betonlineag,BetOnline.ag,2026-10-06T20:35:36Z,2026-10-06T20:35:36Z,New Mexico State Aggies,6.5,-109.0,2026,2026-10-06T20:35:54Z,1647,1.1137758673518316,0.2554901597302639,3.358285707621568,9091a0b7e14eff9f94f7c6bbd29b6e9d5a25a74a6e5a4c99a99d5af04e10935e,timestamped_live_quote,FBS vs FBS
2026-10-06T20:35:54Z,9aa0a267b153a6cc0d6c3e5746e78213,2026-10-07T23:30:00Z,Florida International Panthers,New Mexico State Aggies,bovada,Bovada,2026-10-06T20:34:42Z,2026-10-06T20:34:42Z,Florida International Panthers,-6.5,-110.0,2026,2026-10-06T20:35:54Z,1647,1.1137758673518316,0.2554901597302639,3.358285707621568,9091a0b7e14eff9f94f7c6bbd29b6e9d5a25a74a6e5a4c99a99d5af04e10935e,timestamped_live_quote,FBS vs FBS
2026-10-06T20:35:54Z,9aa0a267b153a6cc0d6c3e5746e78213,2026-10-07T23:30:00Z,Florida International Panthers,New Mexico State Aggies,bovada,Bovada,2026-10-06T20:34:42Z,2026-10-06T20:34:42Z,New Mexico State Aggies,6.5,-110.0,2026,2026-10-06T20:35:54Z,1647,1.1137758673518316,0.2554901597302639,3.358285707621568,9091a0b7e14eff9f94f7c6bbd29b6e9d5a25a74a6e5a4c99a99d5af04e10935e,timestamped_live_quote,FBS vs FBS
2026-10-06T20:35:54Z,9aa0a267b153a6cc0d6c3e5746e78213,2026-10-07T23:30:00Z,Florida International Panthers,New Mexico State Aggies,betus,BetUS,2026-10-06T20:35:09Z,2026-10-06T20:35:09Z,Florida International Panthers,-6.5,-110.0,2026,2026-10-06T20:35:54Z,1647,1.1137758673518316,0.2554901597302639,3.358285707621568,9091a0b7e14eff9f94f7c6bbd29b6e9d5a25a74a6e5a4c99a99d5af04e10935e,timestamped_live_quote,FBS vs FBS
2026-10-06T20:35:54Z,9aa0a267b153a6cc0d6c3e5746e78213,2026-10-07T23:30:00Z,Florida International Panthers,New Mexico State Aggies,betus,BetUS,2026-10-06T20:35:09Z,2026-10-06T20:35:09Z,New Mexico State Aggies,6.5,-110.0,2026,2026-10-06T20:35:54Z,1647,1.1137758673518316,0.2554901597302639,3.358285707621568,9091a0b7e14eff9f94f7c6bbd29b6e9d5a25a74a6e5a4c99a99d5af04e10935e,timestamped_live_quote,FBS vs FBS
2026-10-06T20:35:54Z,b274da111dc9826f36e5fa238998dd69,2026-10-08T23:00:00Z,Liberty Flames,Sam Houston State Bearkats,fanduel,FanDuel,2026-10-06T20:35:39Z,2026-10-06T20:35:38Z,Liberty Flames,-13.5,-110.0,2026,2026-10-06T20:35:54Z,1647,8.369321555342395,2.75454608036161,8.114775474980785,9091a0b7e14eff9f94f7c6bbd29b6e9d5a25a74a6e5a4c99a99d5af04e10935e,timestamped_live_quote,FBS vs FBS
2026-10-06T20:35:54Z,b274da111dc9826f36e5fa238998dd69,2026-10-08T23:00:00Z,Liberty Flames,Sam Houston State Bearkats,fanduel,FanDuel,2026-10-06T20:35:39Z,2026-10-06T20:35:38Z,Sam Houston State Bearkats,13.5,-110.0,2026,2026-10-06T20:35:54Z,1647,8.369321555342395,2.75454608036161,8.114775474980785,9091a0b7e14eff9f94f7c6bbd29b6e9d5a25a74a6e5a4c99a99d5af04e10935e,timestamped_live_quote,FBS vs FBS
2026-10-06T20:35:54Z,b274da111dc9826f36e5fa238998dd69,2026-10-08T23:00:00Z,Liberty Flames,Sam Houston State Bearkats,betrivers,BetRivers,2026-10-06T20:35:40Z,2026-10-06T20:35:40Z,Liberty Flames,-13.5,-110.0,2026,2026-10-06T20:35:54Z,1647,8.369321555342395,2.75454608036161,8.114775474980785,9091a0b7e14eff9f94f7c6bbd29b6e9d5a25a74a6e5a4c99a99d5af04e10935e,timestamped_live_quote,FBS vs FBS
2026-10-06T20:35:54Z,b274da111dc9826f36e5fa238998dd69,2026-10-08T23:00:00Z,Liberty Flames,Sam Houston State Bearkats,betrivers,BetRivers,2026-10-06T20:35:40Z,2026-10-06T20:35:40Z,Sam Houston State Bearkats,13.5,-113.0,2026,2026-10-06T20:35:54Z,1647,8.369321555342395,2.75454608036161,8.114775474980785,9091a0b7e14eff9f94f7c6bbd29b6e9d5a25a74a6e5a4c99a99d5af04e10935e,timestamped_live_quote,FBS vs FBS
2026-10-06T20:35:54Z,b274da111dc9826f36e5fa238998dd69,2026-10-08T23:00:00Z,Liberty Flames,Sam Houston State Bearkats,draftkings,DraftKings,2026-10-06T20:35:37Z,2026-10-06T20:35:37Z,Liberty Flames,-13.5,-110.0,2026,2026-10-06T20:35:54Z,1647,8.369321555342395,2.75454608036161,8.114775474980785,9091a0b7e14eff9f94f7c6bbd29b6e9d5a25a74a6e5a4c99a99d5af04e10935e,timestamped_live_quote,FBS vs FBS
2026-10-06T20:35:54Z,b274da111dc9826f36e5fa238998dd69,2026-10-08T23:00:00Z,Liberty Flames,Sam Houston State Bearkats,draftkings,DraftKings,2026-10-06T20:35:37Z,2026-10-06T20:35:37Z,Sam Houston State Bearkats,13.5,-110.0,2026,2026-10-06T20:35:54Z,1647,8.369321555342395,2.75454608036161,8.114775474980785,9091a0b7e14eff9f94f7c6bbd29b6e9d5a25a74a6e5a4c99a99d5af04e10935e,timestamped_live_quote,FBS vs FBS
2026-10-06T20:35:54Z,b274da111dc9826f36e5fa238998dd69,2026-10-08T23:00:00Z,Liberty Flames,Sam Houston State Bearkats,betmgm,BetMGM,2026-10-06T20:35:16Z,2026-10-06T20:35:16Z,Liberty Flames,-13.5,-108.0,2026,2026-10-06T20:35:54Z,1647,8.369321555342395,2.75454608036161,8.114775474980785,9091a0b7e14eff9f94f7c6bbd29b6e9d5a25a74a6e5a4c99a99d5af04e10935e,timestamped_live_quote,FBS vs FBS
2026-10-06T20:35:54Z,b274da111dc9826f36e5fa238998dd69,2026-10-08T23:00:00Z,Liberty Flames,Sam Houston State Bearkats,betmgm,BetMGM,2026-10-06T20:35:16Z,2026-10-06T20:35:16Z,Sam Houston State Bearkats,13.5,-110.0,2026,2026-10-06T20:35:54Z,1647,8.369321555342395,2.75454608036161,8.114775474980785,9091a0b7e14eff9f94f7c6bbd29b6e9d5a25a74a6e5a4c99a99d5af04e10935e,timestamped_live_quote,FBS vs FBS
2026-10-06T20:35:54Z,b274da111dc9826f36e5fa238998dd69,2026-10-08T23:00:00Z,Liberty Flames,Sam Houston State Bearkats,betonlineag,BetOnline.ag,2026-10-06T20:35:36Z,2026-10-06T20:35:36Z,Liberty Flames,-13.5,-110.0,2026,2026-10-06T20:35:54Z,1647,8.369321555342395,2.75454608036161,8.114775474980785,9091a0b7e14eff9f94f7c6bbd29b6e9d5a25a74a6e5a4c99a99d5af04e10935e,timestamped_live_quote,FBS vs FBS
2026-10-06T20:35:54Z,b274da111dc9826f36e5fa238998dd69,2026-10-08T23:00:00Z,Liberty Flames,Sam Houston State Bearkats,betonlineag,BetOnline.ag,2026-10-06T20:35:36Z,2026-10-06T20:35:36Z,Sam Houston State Bearkats,13.5,-110.0,2026,2026-10-06T20:35:54Z,1647,8.369321555342395,2.75454608036161,8.114775474980785,9091a0b7e14eff9f94f7c6bbd29b6e9d5a25a74a6e5a4c99a99d5af04e10935e,timestamped_live_quote,FBS vs FBS
2026-10-06T20:35:54Z,b274da111dc9826f36e5fa238998dd69,2026-10-08T23:00:00Z,Liberty Flames,Sam Houston State Bearkats,lowvig,LowVig.ag,2026-10-06T20:35:12Z,2026-10-06T20:35:12Z,Liberty Flames,-13.5,-106.0,2026,2026-10-06T20:35:54Z,1647,8.369321555342395,2.75454608036161,8.114775474980785,9091a0b7e14eff9f94f7c6bbd29b6e9d5a25a74a6e5a4c99a99d5af04e10935e,timestamped_live_quote,FBS vs FBS
2026-10-06T20:35:54Z,b274da111dc9826f36e5fa238998dd69,2026-10-08T23:00:00Z,Liberty Flames,Sam Houston State Bearkats,lowvig,LowVig.ag,2026-10-06T20:35:12Z,2026-10-06T20:35:12Z,Sam Houston State Bearkats,13.5,-106.0,2026,2026-10-06T20:35:54Z,1647,8.369321555342395,2.75454608036161,8.114775474980785,9091a0b7e14eff9f94f7c6bbd29b6e9d5a25a74a6e5a4c99a99d5af04e10935e,timestamped_live_quote,FBS vs FBS
2026-10-06T20:35:54Z,b274da111dc9826f36e5fa238998dd69,2026-10-08T23:00:00Z,Liberty Flames,Sam Houston State Bearkats,mybookieag,MyBookie.ag,2026-10-06T20:35:08Z,2026-10-06T20:35:08Z,Liberty Flames,-13.5,-110.0,2026,2026-10-06T20:35:54Z,1647,8.369321555342395,2.75454608036161,8.114775474980785,9091a0b7e14eff9f94f7c6bbd29b6e9d5a25a74a6e5a4c99a99d5af04e10935e,timestamped_live_quote,FBS vs FBS
2026-10-06T20:35:54Z,b274da111dc9826f36e5fa238998dd69,2026-10-08T23:00:00Z,Liberty Flames,Sam Houston State Bearkats,mybookieag,MyBookie.ag,2026-10-06T20:35:08Z,2026-10-06T20:35:08Z,Sam Houston State Bearkats,13.5,-110.0,2026,2026-10-06T20:35:54Z,1647,8.369321555342395,2.75454608036161,8.114775474980785,9091a0b7e14eff9f94f7c6bbd29b6e9d5a25a74a6e5a4c99a99d5af04e10935e,timestamped_live_quote,FBS vs FBS
2026-10-06T20:35:54Z,b274da111dc9826f36e5fa238998dd69,2026-10-08T23:00:00Z,Liberty Flames,Sam Houston State Bearkats,bovada,Bovada,2026-10-06T20:34:42Z,2026-10-06T20:34:42Z,Liberty Flames,-14.0,-105.0,2026,2026-10-06T20:35:54Z,1647,8.369321555342395,2.75454608036161,8.114775474980785,9091a0b7e14eff9f94f7c6bbd29b6e9d5a25a74a6e5a4c99a99d5af04e10935e,timestamped_live_quote,FBS vs FBS
2026-10-06T20:35:54Z,b274da111dc9826f36e5fa238998dd69,2026-10-08T23:00:00Z,Liberty Flames,Sam Houston State Bearkats,bovada,Bovada,2026-10-06T20:34:42Z,2026-10-06T20:34:42Z,Sam Houston State Bearkats,14.0,-115.0,2026,2026-10-06T20:35:54Z,1647,8.369321555342395,2.75454608036161,8.114775474980785,9091a0b7e14eff9f94f7c6bbd29b6e9d5a25a74a6e5a4c99a99d5af04e10935e,timestamped_live_quote,FBS vs FBS
2026-10-06T20:35:54Z,b274da111dc9826f36e5fa238998dd69,2026-10-08T23:00:00Z,Liberty Flames,Sam Houston State Bearkats,betus,BetUS,2026-10-06T20:35:09Z,2026-10-06T20:35:09Z,Liberty Flames,-13.5,-110.0,2026,2026-10-06T20:35:54Z,1647,8.369321555342395,2.75454608036161,8.114775474980785,9091a0b7e14eff9f94f7c6bbd29b6e9d5a25a74a6e5a4c99a99d5af04e10935e,timestamped_live_quote,FBS vs FBS
2026-10-06T20:35:54Z,b274da111dc9826f36e5fa238998dd69,2026-10-08T23:00:00Z,Liberty Flames,Sam Houston State Bearkats,betus,BetUS,2026-10-06T20:35:09Z,2026-10-06T20:35:09Z,Sam Houston State Bearkats,13.5,-110.0,2026,2026-10-06T20:35:54Z,1647,8.369321555342395,2.75454608036161,8.114775474980785,9091a0b7e14eff9f94f7c6bbd29b6e9d5a25a74a6e5a4c99a99d5af04e10935e,timestamped_live_quote,FBS vs FBS
2026-10-06T20:35:54Z,561884d0d63e91b022e96bc6c415accd,2026-10-08T23:00:00Z,Western Kentucky Hilltoppers,Missouri State Bears,fanduel,FanDuel,2026-10-06T20:35:39Z,2026-10-06T20:35:38Z,Missouri State Bears,2.5,-105.0,2026,2026-10-06T20:35:54Z,1647,-7.393422447540278,-3.379035846942744,-1.5143866005975344,9091a0b7e14eff9f94f7c6bbd29b6e9d5a25a74a6e5a4c99a99d5af04e10935e,timestamped_live_quote,FBS vs FBS
2026-10-06T20:35:54Z,561884d0d63e91b022e96bc6c415accd,2026-10-08T23:00:00Z,Western Kentucky Hilltoppers,Missouri State Bears,fanduel,FanDuel,2026-10-06T20:35:39Z,2026-10-06T20:35:38Z,Western Kentucky Hilltoppers,-2.5,-115.0,2026,2026-10-06T20:35:54Z,1647,-7.393422447540278,-3.379035846942744,-1.5143866005975344,9091a0b7e14eff9f94f7c6bbd29b6e9d5a25a74a6e5a4c99a99d5af04e10935e,timestamped_live_quote,FBS vs FBS
2026-10-06T20:35:54Z,561884d0d63e91b022e96bc6c415accd,2026-10-08T23:00:00Z,Western Kentucky Hilltoppers,Missouri State Bears,betrivers,BetRivers,2026-10-06T20:35:40Z,2026-10-06T20:35:40Z,Missouri State Bears,3.0,-117.0,2026,2026-10-06T20:35:54Z,1647,-7.393422447540278,-3.379035846942744,-1.5143866005975344,9091a0b7e14eff9f94f7c6bbd29b6e9d5a25a74a6e5a4c99a99d5af04e10935e,timestamped_live_quote,FBS vs FBS
2026-10-06T20:35:54Z,561884d0d63e91b022e96bc6c415accd,2026-10-08T23:00:00Z,Western Kentucky Hilltoppers,Missouri State Bears,betrivers,BetRivers,2026-10-06T20:35:40Z,2026-10-06T20:35:40Z,Western Kentucky Hilltoppers,-3.0,-106.0,2026,2026-10-06T20:35:54Z,1647,-7.393422447540278,-3.379035846942744,-1.5143866005975344,9091a0b7e14eff9f94f7c6bbd29b6e9d5a25a74a6e5a4c99a99d5af04e10935e,timestamped_live_quote,FBS vs FBS
2026-10-06T20:35:54Z,561884d0d63e91b022e96bc6c415accd,2026-10-08T23:00:00Z,Western Kentucky Hilltoppers,Missouri State Bears,draftkings,DraftKings,2026-10-06T20:35:37Z,2026-10-06T20:35:37Z,Missouri State Bears,2.5,-105.0,2026,2026-10-06T20:35:54Z,1647,-7.393422447540278,-3.379035846942744,-1.5143866005975344,9091a0b7e14eff9f94f7c6bbd29b6e9d5a25a74a6e5a4c99a99d5af04e10935e,timestamped_live_quote,FBS vs FBS
2026-10-06T20:35:54Z,561884d0d63e91b022e96bc6c415accd,2026-10-08T23:00:00Z,Western Kentucky Hilltoppers,Missouri State Bears,draftkings,DraftKings,2026-10-06T20:35:37Z,2026-10-06T20:35:37Z,Western Kentucky Hilltoppers,-2.5,-115.0,2026,2026-10-06T20:35:54Z,1647,-7.393422447540278,-3.379035846942744,-1.5143866005975344,9091a0b7e14eff9f94f7c6bbd29b6e9d5a25a74a6e5a4c99a99d5af04e10935e,timestamped_live_quote,FBS vs FBS
2026-10-06T20:35:54Z,561884d0d63e91b022e96bc6c415accd,2026-10-08T23:00:00Z,Western Kentucky Hilltoppers,Missouri State Bears,betonlineag,BetOnline.ag,2026-10-06T20:35:36Z,2026-10-06T20:35:36Z,Missouri State Bears,2.5,-109.0,2026,2026-10-06T20:35:54Z,1647,-7.393422447540278,-3.379035846942744,-1.5143866005975344,9091a0b7e14eff9f94f7c6bbd29b6e9d5a25a74a6e5a4c99a99d5af04e10935e,timestamped_live_quote,FBS vs FBS
2026-10-06T20:35:54Z,561884d0d63e91b022e96bc6c415accd,2026-10-08T23:00:00Z,Western Kentucky Hilltoppers,Missouri State Bears,betonlineag,BetOnline.ag,2026-10-06T20:35:36Z,2026-10-06T20:35:36Z,Western Kentucky Hilltoppers,-2.5,-111.0,2026,2026-10-06T20:35:54Z,1647,-7.393422447540278,-3.379035846942744,-1.5143866005975344,9091a0b7e14eff9f94f7c6bbd29b6e9d5a25a74a6e5a4c99a99d5af04e10935e,timestamped_live_quote,FBS vs FBS
2026-10-06T20:35:54Z,561884d0d63e91b022e96bc6c415accd,2026-10-08T23:00:00Z,Western Kentucky Hilltoppers,Missouri State Bears,lowvig,LowVig.ag,2026-10-06T20:35:12Z,2026-10-06T20:35:12Z,Missouri State Bears,2.5,-105.0,2026,2026-10-06T20:35:54Z,1647,-7.393422447540278,-3.379035846942744,-1.5143866005975344,9091a0b7e14eff9f94f7c6bbd29b6e9d5a25a74a6e5a4c99a99d5af04e10935e,timestamped_live_quote,FBS vs FBS
2026-10-06T20:35:54Z,561884d0d63e91b022e96bc6c415accd,2026-10-08T23:00:00Z,Western Kentucky Hilltoppers,Missouri State Bears,lowvig,LowVig.ag,2026-10-06T20:35:12Z,2026-10-06T20:35:12Z,Western Kentucky Hilltoppers,-2.5,-107.0,2026,2026-10-06T20:35:54Z,1647,-7.393422447540278,-3.379035846942744,-1.5143866005975344,9091a0b7e14eff9f94f7c6bbd29b6e9d5a25a74a6e5a4c99a99d5af04e10935e,timestamped_live_quote,FBS vs FBS
2026-10-06T20:35:54Z,561884d0d63e91b022e96bc6c415accd,2026-10-08T23:00:00Z,Western Kentucky Hilltoppers,Missouri State Bears,mybookieag,MyBookie.ag,2026-10-06T20:35:08Z,2026-10-06T20:35:08Z,Missouri State Bears,2.5,-110.0,2026,2026-10-06T20:35:54Z,1647,-7.393422447540278,-3.379035846942744,-1.5143866005975344,9091a0b7e14eff9f94f7c6bbd29b6e9d5a25a74a6e5a4c99a99d5af04e10935e,timestamped_live_quote,FBS vs FBS
2026-10-06T20:35:54Z,561884d0d63e91b022e96bc6c415accd,2026-10-08T23:00:00Z,Western Kentucky Hilltoppers,Missouri State Bears,mybookieag,MyBookie.ag,2026-10-06T20:35:08Z,2026-10-06T20:35:08Z,Western Kentucky Hilltoppers,-2.5,-110.0,2026,2026-10-06T20:35:54Z,1647,-7.393422447540278,-3.379035846942744,-1.5143866005975344,9091a0b7e14eff9f94f7c6bbd29b6e9d5a25a74a6e5a4c99a99d5af04e10935e,timestamped_live_quote,FBS vs FBS
2026-10-06T20:35:54Z,561884d0d63e91b022e96bc6c415accd,2026-10-08T23:00:00Z,Western Kentucky Hilltoppers,Missouri State Bears,bovada,Bovada,2026-10-06T20:34:42Z,2026-10-06T20:34:42Z,Missouri State Bears,2.5,-110.0,2026,2026-10-06T20:35:54Z,1647,-7.393422447540278,-3.379035846942744,-1.5143866005975344,9091a0b7e14eff9f94f7c6bbd29b6e9d5a25a74a6e5a4c99a99d5af04e10935e,timestamped_live_quote,FBS vs FBS
2026-10-06T20:35:54Z,561884d0d63e91b022e96bc6c415accd,2026-10-08T23:00:00Z,Western Kentucky Hilltoppers,Missouri State Bears,bovada,Bovada,2026-10-06T20:34:42Z,2026-10-06T20:34:42Z,Western Kentucky Hilltoppers,-2.5,-110.0,2026,2026-10-06T20:35:54Z,1647,-7.393422447540278,-3.379035846942744,-1.5143866005975344,9091a0b7e14eff9f94f7c6bbd29b6e9d5a25a74a6e5a4c99a99d5af04e10935e,timestamped_live_quote,FBS vs FBS
2026-10-06T20:35:54Z,561884d0d63e91b022e96bc6c415accd,2026-10-08T23:00:00Z,Western Kentucky Hilltoppers,Missouri State Bears,betus,BetUS,2026-10-06T20:35:09Z,2026-10-06T20:35:09Z,Missouri State Bears,2.5,-110.0,2026,2026-10-06T20:35:54Z,1647,-7.393422447540278,-3.379035846942744,-1.5143866005975344,9091a0b7e14eff9f94f7c6bbd29b6e9d5a25a74a6e5a4c99a99d5af04e10935e,timestamped_live_quote,FBS vs FBS
2026-10-06T20:35:54Z,561884d0d63e91b022e96bc6c415accd,2026-10-08T23:00:00Z,Western Kentucky Hilltoppers,Missouri State Bears,betus,BetUS,2026-10-06T20:35:09Z,2026-10-06T20:35:09Z,Western Kentucky Hilltoppers,-2.5,-110.0,2026,2026-10-06T20:35:54Z,1647,-7.393422447540278,-3.379035846942744,-1.5143866005975344,9091a0b7e14eff9f94f7c6bbd29b6e9d5a25a74a6e5a4c99a99d5af04e10935e,timestamped_live_quote,FBS vs FBS
2026-10-06T20:35:54Z,561884d0d63e91b022e96bc6c415accd,2026-10-08T23:00:00Z,Western Kentucky Hilltoppers,Missouri State Bears,betmgm,BetMGM,2026-10-06T20:35:16Z,2026-10-06T20:35:16Z,Missouri State Bears,2.5,-108.0,2026,2026-10-06T20:35:54Z,1647,-7.393422447540278,-3.379035846942744,-1.5143866005975344,9091a0b7e14eff9f94f7c6bbd29b6e9d5a25a74a6e5a4c99a99d5af04e10935e,timestamped_live_quote,FBS vs FBS
2026-10-06T20:35:54Z,561884d0d63e91b022e96bc6c415accd,2026-10-08T23:00:00Z,Western Kentucky Hilltoppers,Missouri State Bears,betmgm,BetMGM,2026-10-06T20:35:16Z,2026-10-06T20:35:16Z,Western Kentucky Hilltoppers,-2.5,-110.0,2026,2026-10-06T20:35:54Z,1647,-7.393422447540278,-3.379035846942744,-1.5143866005975344,9091a0b7e14eff9f94f7c6bbd29b6e9d5a25a74a6e5a4c99a99d5af04e10935e,timestamped_live_quote,FBS vs FBS
2026-10-06T20:35:54Z,52f2d012fe3e686087077b0d7083159a,2026-10-08T23:30:00Z,Arkansas State Red Wolves,South Alabama Jaguars,fanduel,FanDuel,2026-10-06T20:35:39Z,2026-10-06T20:35:38Z,Arkansas State Red Wolves,-1.5,-105.0,2026,2026-10-06T20:35:54Z,1647,2.6985452574632878,1.7872264226760581,3.4113188347872296,9091a0b7e14eff9f94f7c6bbd29b6e9d5a25a74a6e5a4c99a99d5af04e10935e,timestamped_live_quote,FBS vs FBS
2026-10-06T20:35:54Z,52f2d012fe3e686087077b0d7083159a,2026-10-08T23:30:00Z,Arkansas State Red Wolves,South Alabama Jaguars,fanduel,FanDuel,2026-10-06T20:35:39Z,2026-10-06T20:35:38Z,South Alabama Jaguars,1.5,-115.0,2026,2026-10-06T20:35:54Z,1647,2.6985452574632878,1.7872264226760581,3.4113188347872296,9091a0b7e14eff9f94f7c6bbd29b6e9d5a25a74a6e5a4c99a99d5af04e10935e,timestamped_live_quote,FBS vs FBS
2026-10-06T20:35:54Z,52f2d012fe3e686087077b0d7083159a,2026-10-08T23:30:00Z,Arkansas State Red Wolves,South Alabama Jaguars,betrivers,BetRivers,2026-10-06T20:35:40Z,2026-10-06T20:35:40Z,Arkansas State Red Wolves,0.5,-113.0,2026,2026-10-06T20:35:54Z,1647,2.6985452574632878,1.7872264226760581,3.4113188347872296,9091a0b7e14eff9f94f7c6bbd29b6e9d5a25a74a6e5a4c99a99d5af04e10935e,timestamped_live_quote,FBS vs FBS
2026-10-06T20:35:54Z,52f2d012fe3e686087077b0d7083159a,2026-10-08T23:30:00Z,Arkansas State Red Wolves,South Alabama Jaguars,betrivers,BetRivers,2026-10-06T20:35:40Z,2026-10-06T20:35:40Z,South Alabama Jaguars,-0.5,-110.0,2026,2026-10-06T20:35:54Z,1647,2.6985452574632878,1.7872264226760581,3.4113188347872296,9091a0b7e14eff9f94f7c6bbd29b6e9d5a25a74a6e5a4c99a99d5af04e10935e,timestamped_live_quote,FBS vs FBS
2026-10-06T20:35:54Z,52f2d012fe3e686087077b0d7083159a,2026-10-08T23:30:00Z,Arkansas State Red Wolves,South Alabama Jaguars,draftkings,DraftKings,2026-10-06T20:35:37Z,2026-10-06T20:35:37Z,Arkansas State Red Wolves,-1.5,-105.0,2026,2026-10-06T20:35:54Z,1647,2.6985452574632878,1.7872264226760581,3.4113188347872296,9091a0b7e14eff9f94f7c6bbd29b6e9d5a25a74a6e5a4c99a99d5af04e10935e,timestamped_live_quote,FBS vs FBS
2026-10-06T20:35:54Z,52f2d012fe3e686087077b0d7083159a,2026-10-08T23:30:00Z,Arkansas State Red Wolves,South Alabama Jaguars,draftkings,DraftKings,2026-10-06T20:35:37Z,2026-10-06T20:35:37Z,South Alabama Jaguars,1.5,-115.0,2026,2026-10-06T20:35:54Z,1647,2.6985452574632878,1.7872264226760581,3.4113188347872296,9091a0b7e14eff9f94f7c6bbd29b6e9d5a25a74a6e5a4c99a99d5af04e10935e,timestamped_live_quote,FBS vs FBS
2026-10-06T20:35:54Z,52f2d012fe3e686087077b0d7083159a,2026-10-08T23:30:00Z,Arkansas State Red Wolves,South Alabama Jaguars,lowvig,LowVig.ag,2026-10-06T20:35:12Z,2026-10-06T20:35:12Z,Arkansas State Red Wolves,-1.5,-101.0,2026,2026-10-06T20:35:54Z,1647,2.6985452574632878,1.7872264226760581,3.4113188347872296,9091a0b7e14eff9f94f7c6bbd29b6e9d5a25a74a6e5a4c99a99d5af04e10935e,timestamped_live_quote,FBS vs FBS
2026-10-06T20:35:54Z,52f2d012fe3e686087077b0d7083159a,2026-10-08T23:30:00Z,Arkansas State Red Wolves,South Alabama Jaguars,lowvig,LowVig.ag,2026-10-06T20:35:12Z,2026-10-06T20:35:12Z,South Alabama Jaguars,1.5,-111.0,2026,2026-10-06T20:35:54Z,1647,2.6985452574632878,1.7872264226760581,3.4113188347872296,9091a0b7e14eff9f94f7c6bbd29b6e9d5a25a74a6e5a4c99a99d5af04e10935e,timestamped_live_quote,FBS vs FBS
2026-10-06T20:35:54Z,52f2d012fe3e686087077b0d7083159a,2026-10-08T23:30:00Z,Arkansas State Red Wolves,South Alabama Jaguars,betonlineag,BetOnline.ag,2026-10-06T20:35:36Z,2026-10-06T20:35:36Z,Arkansas State Red Wolves,-1.5,-105.0,2026,2026-10-06T20:35:54Z,1647,2.6985452574632878,1.7872264226760581,3.4113188347872296,9091a0b7e14eff9f94f7c6bbd29b6e9d5a25a74a6e5a4c99a99d5af04e10935e,timestamped_live_quote,FBS vs FBS
2026-10-06T20:35:54Z,52f2d012fe3e686087077b0d7083159a,2026-10-08T23:30:00Z,Arkansas State Red Wolves,South Alabama Jaguars,betonlineag,BetOnline.ag,2026-10-06T20:35:36Z,2026-10-06T20:35:36Z,South Alabama Jaguars,1.5,-115.0,2026,2026-10-06T20:35:54Z,1647,2.6985452574632878,1.7872264226760581,3.4113188347872296,9091a0b7e14eff9f94f7c6bbd29b6e9d5a25a74a6e5a4c99a99d5af04e10935e,timestamped_live_quote,FBS vs FBS
2026-10-06T20:35:54Z,52f2d012fe3e686087077b0d7083159a,2026-10-08T23:30:00Z,Arkansas State Red Wolves,South Alabama Jaguars,betmgm,BetMGM,2026-10-06T20:35:16Z,2026-10-06T20:35:16Z,Arkansas State Red Wolves,-1.5,-108.0,2026,2026-10-06T20:35:54Z,1647,2.6985452574632878,1.7872264226760581,3.4113188347872296,9091a0b7e14eff9f94f7c6bbd29b6e9d5a25a74a6e5a4c99a99d5af04e10935e,timestamped_live_quote,FBS vs FBS
2026-10-06T20:35:54Z,52f2d012fe3e686087077b0d7083159a,2026-10-08T23:30:00Z,Arkansas State Red Wolves,South Alabama Jaguars,betmgm,BetMGM,2026-10-06T20:35:16Z,2026-10-06T20:35:16Z,South Alabama Jaguars,1.5,-110.0,2026,2026-10-06T20:35:54Z,1647,2.6985452574632878,1.7872264226760581,3.4113188347872296,9091a0b7e14eff9f94f7c6bbd29b6e9d5a25a74a6e5a4c99a99d5af04e10935e,timestamped_live_quote,FBS vs FBS
2026-10-06T20:35:54Z,52f2d012fe3e686087077b0d7083159a,2026-10-08T23:30:00Z,Arkansas State Red Wolves,South Alabama Jaguars,mybookieag,MyBookie.ag,2026-10-06T20:35:08Z,2026-10-06T20:35:08Z,Arkansas State Red Wolves,-1.0,-110.0,2026,2026-10-06T20:35:54Z,1647,2.6985452574632878,1.7872264226760581,3.4113188347872296,9091a0b7e14eff9f94f7c6bbd29b6e9d5a25a74a6e5a4c99a99d5af04e10935e,timestamped_live_quote,FBS vs FBS
2026-10-06T20:35:54Z,52f2d012fe3e686087077b0d7083159a,2026-10-08T23:30:00Z,Arkansas State Red Wolves,South Alabama Jaguars,mybookieag,MyBookie.ag,2026-10-06T20:35:08Z,2026-10-06T20:35:08Z,South Alabama Jaguars,1.0,-110.0,2026,2026-10-06T20:35:54Z,1647,2.6985452574632878,1.7872264226760581,3.4113188347872296,9091a0b7e14eff9f94f7c6bbd29b6e9d5a25a74a6e5a4c99a99d5af04e10935e,timestamped_live_quote,FBS vs FBS
2026-10-06T20:35:54Z,52f2d012fe3e686087077b0d7083159a,2026-10-08T23:30:00Z,Arkansas State Red Wolves,South Alabama Jaguars,bovada,Bovada,2026-10-06T20:34:42Z,2026-10-06T20:34:42Z,Arkansas State Red Wolves,-1.0,-110.0,2026,2026-10-06T20:35:54Z,1647,2.6985452574632878,1.7872264226760581,3.4113188347872296,9091a0b7e14eff9f94f7c6bbd29b6e9d5a25a74a6e5a4c99a99d5af04e10935e,timestamped_live_quote,FBS vs FBS
2026-10-06T20:35:54Z,52f2d012fe3e686087077b0d7083159a,2026-10-08T23:30:00Z,Arkansas State Red Wolves,South Alabama Jaguars,bovada,Bovada,2026-10-06T20:34:42Z,2026-10-06T20:34:42Z,South Alabama Jaguars,1.0,-110.0,2026,2026-10-06T20:35:54Z,1647,2.6985452574632878,1.7872264226760581,3.4113188347872296,9091a0b7e14eff9f94f7c6bbd29b6e9d5a25a74a6e5a4c99a99d5af04e10935e,timestamped_live_quote,FBS vs FBS
2026-10-06T20:35:54Z,52f2d012fe3e686087077b0d7083159a,2026-10-08T23:30:00Z,Arkansas State Red Wolves,South Alabama Jaguars,betus,BetUS,2026-10-06T20:35:09Z,2026-10-06T20:35:09Z,Arkansas State Red Wolves,-1.0,-110.0,2026,2026-10-06T20:35:54Z,1647,2.6985452574632878,1.7872264226760581,3.4113188347872296,9091a0b7e14eff9f94f7c6bbd29b6e9d5a25a74a6e5a4c99a99d5af04e10935e,timestamped_live_quote,FBS vs FBS
2026-10-06T20:35:54Z,52f2d012fe3e686087077b0d7083159a,2026-10-08T23:30:00Z,Arkansas State Red Wolves,South Alabama Jaguars,betus,BetUS,2026-10-06T20:35:09Z,2026-10-06T20:35:09Z,South Alabama Jaguars,1.0,-110.0,2026,2026-10-06T20:35:54Z,1647,2.6985452574632878,1.7872264226760581,3.4113188347872296,9091a0b7e14eff9f94f7c6bbd29b6e9d5a25a74a6e5a4c99a99d5af04e10935e,timestamped_live_quote,FBS vs FBS
2026-10-06T20:35:54Z,2a637494f07611db6ba822fb84218d58,2026-10-08T23:30:00Z,UTSA Roadrunners,South Florida Bulls,fanduel,FanDuel,2026-10-06T20:35:39Z,2026-10-06T20:35:38Z,South Florida Bulls,7.5,-122.0,2026,2026-10-06T20:35:54Z,1647,5.432316612392845,6.2291489927299235,1.7031676196629215,9091a0b7e14eff9f94f7c6bbd29b6e9d5a25a74a6e5a4c99a99d5af04e10935e,timestamped_live_quote,FBS vs FBS
2026-10-06T20:35:54Z,2a637494f07611db6ba822fb84218d58,2026-10-08T23:30:00Z,UTSA Roadrunners,South Florida Bulls,fanduel,FanDuel,2026-10-06T20:35:39Z,2026-10-06T20:35:38Z,UTSA Roadrunners,-7.5,100.0,2026,2026-10-06T20:35:54Z,1647,5.432316612392845,6.2291489927299235,1.7031676196629215,9091a0b7e14eff9f94f7c6bbd29b6e9d5a25a74a6e5a4c99a99d5af04e10935e,timestamped_live_quote,FBS vs FBS
2026-10-06T20:35:54Z,2a637494f07611db6ba822fb84218d58,2026-10-08T23:30:00Z,UTSA Roadrunners,South Florida Bulls,betrivers,BetRivers,2026-10-06T20:35:40Z,2026-10-06T20:35:40Z,South Florida Bulls,7.5,-113.0,2026,2026-10-06T20:35:54Z,1647,5.432316612392845,6.2291489927299235,1.7031676196629215,9091a0b7e14eff9f94f7c6bbd29b6e9d5a25a74a6e5a4c99a99d5af04e10935e,timestamped_live_quote,FBS vs FBS
2026-10-06T20:35:54Z,2a637494f07611db6ba822fb84218d58,2026-10-08T23:30:00Z,UTSA Roadrunners,South Florida Bulls,betrivers,BetRivers,2026-10-06T20:35:40Z,2026-10-06T20:35:40Z,UTSA Roadrunners,-7.5,-110.0,2026,2026-10-06T20:35:54Z,1647,5.432316612392845,6.2291489927299235,1.7031676196629215,9091a0b7e14eff9f94f7c6bbd29b6e9d5a25a74a6e5a4c99a99d5af04e10935e,timestamped_live_quote,FBS vs FBS
2026-10-06T20:35:54Z,2a637494f07611db6ba822fb84218d58,2026-10-08T23:30:00Z,UTSA Roadrunners,South Florida Bulls,betmgm,BetMGM,2026-10-06T20:35:16Z,2026-10-06T20:35:16Z,South Florida Bulls,7.0,-105.0,2026,2026-10-06T20:35:54Z,1647,5.432316612392845,6.2291489927299235,1.7031676196629215,9091a0b7e14eff9f94f7c6bbd29b6e9d5a25a74a6e5a4c99a99d5af04e10935e,timestamped_live_quote,FBS vs FBS
2026-10-06T20:35:54Z,2a637494f07611db6ba822fb84218d58,2026-10-08T23:30:00Z,UTSA Roadrunners,South Florida Bulls,betmgm,BetMGM,2026-10-06T20:35:16Z,2026-10-06T20:35:16Z,UTSA Roadrunners,-7.0,-115.0,2026,2026-10-06T20:35:54Z,1647,5.432316612392845,6.2291489927299235,1.7031676196629215,9091a0b7e14eff9f94f7c6bbd29b6e9d5a25a74a6e5a4c99a99d5af04e10935e,timestamped_live_quote,FBS vs FBS
2026-10-06T20:35:54Z,2a637494f07611db6ba822fb84218d58,2026-10-08T23:30:00Z,UTSA Roadrunners,South Florida Bulls,draftkings,DraftKings,2026-10-06T20:35:37Z,2026-10-06T20:35:37Z,South Florida Bulls,7.0,-105.0,2026,2026-10-06T20:35:54Z,1647,5.432316612392845,6.2291489927299235,1.7031676196629215,9091a0b7e14eff9f94f7c6bbd29b6e9d5a25a74a6e5a4c99a99d5af04e10935e,timestamped_live_quote,FBS vs FBS
2026-10-06T20:35:54Z,2a637494f07611db6ba822fb84218d58,2026-10-08T23:30:00Z,UTSA Roadrunners,South Florida Bulls,draftkings,DraftKings,2026-10-06T20:35:37Z,2026-10-06T20:35:37Z,UTSA Roadrunners,-7.0,-115.0,2026,2026-10-06T20:35:54Z,1647,5.432316612392845,6.2291489927299235,1.7031676196629215,9091a0b7e14eff9f94f7c6bbd29b6e9d5a25a74a6e5a4c99a99d5af04e10935e,timestamped_live_quote,FBS vs FBS
2026-10-06T20:35:54Z,2a637494f07611db6ba822fb84218d58,2026-10-08T23:30:00Z,UTSA Roadrunners,South Florida Bulls,lowvig,LowVig.ag,2026-10-06T20:35:12Z,2026-10-06T20:35:12Z,South Florida Bulls,7.0,-104.0,2026,2026-10-06T20:35:54Z,1647,5.432316612392845,6.2291489927299235,1.7031676196629215,9091a0b7e14eff9f94f7c6bbd29b6e9d5a25a74a6e5a4c99a99d5af04e10935e,timestamped_live_quote,FBS vs FBS
2026-10-06T20:35:54Z,2a637494f07611db6ba822fb84218d58,2026-10-08T23:30:00Z,UTSA Roadrunners,South Florida Bulls,lowvig,LowVig.ag,2026-10-06T20:35:12Z,2026-10-06T20:35:12Z,UTSA Roadrunners,-7.0,-108.0,2026,2026-10-06T20:35:54Z,1647,5.432316612392845,6.2291489927299235,1.7031676196629215,9091a0b7e14eff9f94f7c6bbd29b6e9d5a25a74a6e5a4c99a99d5af04e10935e,timestamped_live_quote,FBS vs FBS
2026-10-06T20:35:54Z,2a637494f07611db6ba822fb84218d58,2026-10-08T23:30:00Z,UTSA Roadrunners,South Florida Bulls,betonlineag,BetOnline.ag,2026-10-06T20:35:36Z,2026-10-06T20:35:36Z,South Florida Bulls,7.0,-108.0,2026,2026-10-06T20:35:54Z,1647,5.432316612392845,6.2291489927299235,1.7031676196629215,9091a0b7e14eff9f94f7c6bbd29b6e9d5a25a74a6e5a4c99a99d5af04e10935e,timestamped_live_quote,FBS vs FBS
2026-10-06T20:35:54Z,2a637494f07611db6ba822fb84218d58,2026-10-08T23:30:00Z,UTSA Roadrunners,South Florida Bulls,betonlineag,BetOnline.ag,2026-10-06T20:35:36Z,2026-10-06T20:35:36Z,UTSA Roadrunners,-7.0,-112.0,2026,2026-10-06T20:35:54Z,1647,5.432316612392845,6.2291489927299235,1.7031676196629215,9091a0b7e14eff9f94f7c6bbd29b6e9d5a25a74a6e5a4c99a99d5af04e10935e,timestamped_live_quote,FBS vs FBS
2026-10-06T20:35:54Z,2a637494f07611db6ba822fb84218d58,2026-10-08T23:30:00Z,UTSA Roadrunners,South Florida Bulls,mybookieag,MyBookie.ag,2026-10-06T20:35:08Z,2026-10-06T20:35:08Z,South Florida Bulls,7.0,-110.0,2026,2026-10-06T20:35:54Z,1647,5.432316612392845,6.2291489927299235,1.7031676196629215,9091a0b7e14eff9f94f7c6bbd29b6e9d5a25a74a6e5a4c99a99d5af04e10935e,timestamped_live_quote,FBS vs FBS
2026-10-06T20:35:54Z,2a637494f07611db6ba822fb84218d58,2026-10-08T23:30:00Z,UTSA Roadrunners,South Florida Bulls,mybookieag,MyBookie.ag,2026-10-06T20:35:08Z,2026-10-06T20:35:08Z,UTSA Roadrunners,-7.0,-110.0,2026,2026-10-06T20:35:54Z,1647,5.432316612392845,6.2291489927299235,1.7031676196629215,9091a0b7e14eff9f94f7c6bbd29b6e9d5a25a74a6e5a4c99a99d5af04e10935e,timestamped_live_quote,FBS vs FBS
2026-10-06T20:35:54Z,2a637494f07611db6ba822fb84218d58,2026-10-08T23:30:00Z,UTSA Roadrunners,South Florida Bulls,bovada,Bovada,2026-10-06T20:34:42Z,2026-10-06T20:34:42Z,South Florida Bulls,7.5,-115.0,2026,2026-10-06T20:35:54Z,1647,5.432316612392845,6.2291489927299235,1.7031676196629215,9091a0b7e14eff9f94f7c6bbd29b6e9d5a25a74a6e5a4c99a99d5af04e10935e,timestamped_live_quote,FBS vs FBS
2026-10-06T20:35:54Z,2a637494f07611db6ba822fb84218d58,2026-10-08T23:30:00Z,UTSA Roadrunners,South Florida Bulls,bovada,Bovada,2026-10-06T20:34:42Z,2026-10-06T20:34:42Z,UTSA Roadrunners,-7.5,-105.0,2026,2026-10-06T20:35:54Z,1647,5.432316612392845,6.2291489927299235,1.7031676196629215,9091a0b7e14eff9f94f7c6bbd29b6e9d5a25a74a6e5a4c99a99d5af04e10935e,timestamped_live_quote,FBS vs FBS
2026-10-06T20:35:54Z,2a637494f07611db6ba822fb84218d58,2026-10-08T23:30:00Z,UTSA Roadrunners,South Florida Bulls,betus,BetUS,2026-10-06T20:35:09Z,2026-10-06T20:35:09Z,South Florida Bulls,7.0,-110.0,2026,2026-10-06T20:35:54Z,1647,5.432316612392845,6.2291489927299235,1.7031676196629215,9091a0b7e14eff9f94f7c6bbd29b6e9d5a25a74a6e5a4c99a99d5af04e10935e,timestamped_live_quote,FBS vs FBS
2026-10-06T20:35:54Z,2a637494f07611db6ba822fb84218d58,2026-10-08T23:30:00Z,UTSA Roadrunners,South Florida Bulls,betus,BetUS,2026-10-06T20:35:09Z,2026-10-06T20:35:09Z,UTSA Roadrunners,-7.0,-110.0,2026,2026-10-06T20:35:54Z,1647,5.432316612392845,6.2291489927299235,1.7031676196629215,9091a0b7e14eff9f94f7c6bbd29b6e9d5a25a74a6e5a4c99a99d5af04e10935e,timestamped_live_quote,FBS vs FBS
2026-10-06T20:35:54Z,7556739cc30a38511b7f631581a416e4,2026-10-09T23:00:00Z,Louisville Cardinals,Florida State Seminoles,draftkings,DraftKings,2026-10-06T20:35:37Z,2026-10-06T20:35:37Z,Florida State Seminoles,3.5,-108.0,2026,2026-10-06T20:35:54Z,1647,7.386081120870053,9.659178037243878,0.2269030836261754,9091a0b7e14eff9f94f7c6bbd29b6e9d5a25a74a6e5a4c99a99d5af04e10935e,timestamped_live_quote,FBS vs FBS
2026-10-06T20:35:54Z,7556739cc30a38511b7f631581a416e4,2026-10-09T23:00:00Z,Louisville Cardinals,Florida State Seminoles,draftkings,DraftKings,2026-10-06T20:35:37Z,2026-10-06T20:35:37Z,Louisville Cardinals,-3.5,-112.0,2026,2026-10-06T20:35:54Z,1647,7.386081120870053,9.659178037243878,0.2269030836261754,9091a0b7e14eff9f94f7c6bbd29b6e9d5a25a74a6e5a4c99a99d5af04e10935e,timestamped_live_quote,FBS vs FBS
2026-10-06T20:35:54Z,7556739cc30a38511b7f631581a416e4,2026-10-09T23:00:00Z,Louisville Cardinals,Florida State Seminoles,fanduel,FanDuel,2026-10-06T20:35:39Z,2026-10-06T20:35:38Z,Florida State Seminoles,3.5,-105.0,2026,2026-10-06T20:35:54Z,1647,7.386081120870053,9.659178037243878,0.2269030836261754,9091a0b7e14eff9f94f7c6bbd29b6e9d5a25a74a6e5a4c99a99d5af04e10935e,timestamped_live_quote,FBS vs FBS
2026-10-06T20:35:54Z,7556739cc30a38511b7f631581a416e4,2026-10-09T23:00:00Z,Louisville Cardinals,Florida State Seminoles,fanduel,FanDuel,2026-10-06T20:35:39Z,2026-10-06T20:35:38Z,Louisville Cardinals,-3.5,-115.0,2026,2026-10-06T20:35:54Z,1647,7.386081120870053,9.659178037243878,0.2269030836261754,9091a0b7e14eff9f94f7c6bbd29b6e9d5a25a74a6e5a4c99a99d5af04e10935e,timestamped_live_quote,FBS vs FBS
2026-10-06T20:35:54Z,7556739cc30a38511b7f631581a416e4,2026-10-09T23:00:00Z,Louisville Cardinals,Florida State Seminoles,betrivers,BetRivers,2026-10-06T20:35:40Z,2026-10-06T20:35:40Z,Florida State Seminoles,4.5,-114.0,2026,2026-10-06T20:35:54Z,1647,7.386081120870053,9.659178037243878,0.2269030836261754,9091a0b7e14eff9f94f7c6bbd29b6e9d5a25a74a6e5a4c99a99d5af04e10935e,timestamped_live_quote,FBS vs FBS
2026-10-06T20:35:54Z,7556739cc30a38511b7f631581a416e4,2026-10-09T23:00:00Z,Louisville Cardinals,Florida State Seminoles,betrivers,BetRivers,2026-10-06T20:35:40Z,2026-10-06T20:35:40Z,Louisville Cardinals,-4.5,-110.0,2026,2026-10-06T20:35:54Z,1647,7.386081120870053,9.659178037243878,0.2269030836261754,9091a0b7e14eff9f94f7c6bbd29b6e9d5a25a74a6e5a4c99a99d5af04e10935e,timestamped_live_quote,FBS vs FBS
2026-10-06T20:35:54Z,7556739cc30a38511b7f631581a416e4,2026-10-09T23:00:00Z,Louisville Cardinals,Florida State Seminoles,betmgm,BetMGM,2026-10-06T20:35:16Z,2026-10-06T20:35:16Z,Florida State Seminoles,3.5,-108.0,2026,2026-10-06T20:35:54Z,1647,7.386081120870053,9.659178037243878,0.2269030836261754,9091a0b7e14eff9f94f7c6bbd29b6e9d5a25a74a6e5a4c99a99d5af04e10935e,timestamped_live_quote,FBS vs FBS
2026-10-06T20:35:54Z,7556739cc30a38511b7f631581a416e4,2026-10-09T23:00:00Z,Louisville Cardinals,Florida State Seminoles,betmgm,BetMGM,2026-10-06T20:35:16Z,2026-10-06T20:35:16Z,Louisville Cardinals,-3.5,-110.0,2026,2026-10-06T20:35:54Z,1647,7.386081120870053,9.659178037243878,0.2269030836261754,9091a0b7e14eff9f94f7c6bbd29b6e9d5a25a74a6e5a4c99a99d5af04e10935e,timestamped_live_quote,FBS vs FBS
2026-10-06T20:35:54Z,7556739cc30a38511b7f631581a416e4,2026-10-09T23:00:00Z,Louisville Cardinals,Florida State Seminoles,betonlineag,BetOnline.ag,2026-10-06T20:35:36Z,2026-10-06T20:35:36Z,Florida State Seminoles,3.5,-110.0,2026,2026-10-06T20:35:54Z,1647,7.386081120870053,9.659178037243878,0.2269030836261754,9091a0b7e14eff9f94f7c6bbd29b6e9d5a25a74a6e5a4c99a99d5af04e10935e,timestamped_live_quote,FBS vs FBS
2026-10-06T20:35:54Z,7556739cc30a38511b7f631581a416e4,2026-10-09T23:00:00Z,Louisville Cardinals,Florida State Seminoles,betonlineag,BetOnline.ag,2026-10-06T20:35:36Z,2026-10-06T20:35:36Z,Louisville Cardinals,-3.5,-110.0,2026,2026-10-06T20:35:54Z,1647,7.386081120870053,9.659178037243878,0.2269030836261754,9091a0b7e14eff9f94f7c6bbd29b6e9d5a25a74a6e5a4c99a99d5af04e10935e,timestamped_live_quote,FBS vs FBS
2026-10-06T20:35:54Z,7556739cc30a38511b7f631581a416e4,2026-10-09T23:00:00Z,Louisville Cardinals,Florida State Seminoles,lowvig,LowVig.ag,2026-10-06T20:35:12Z,2026-10-06T20:35:12Z,Florida State Seminoles,3.5,-106.0,2026,2026-10-06T20:35:54Z,1647,7.386081120870053,9.659178037243878,0.2269030836261754,9091a0b7e14eff9f94f7c6bbd29b6e9d5a25a74a6e5a4c99a99d5af04e10935e,timestamped_live_quote,FBS vs FBS
2026-10-06T20:35:54Z,7556739cc30a38511b7f631581a416e4,2026-10-09T23:00:00Z,Louisville Cardinals,Florida State Seminoles,lowvig,LowVig.ag,2026-10-06T20:35:12Z,2026-10-06T20:35:12Z,Louisville Cardinals,-3.5,-106.0,2026,2026-10-06T20:35:54Z,1647,7.386081120870053,9.659178037243878,0.2269030836261754,9091a0b7e14eff9f94f7c6bbd29b6e9d5a25a74a6e5a4c99a99d5af04e10935e,timestamped_live_quote,FBS vs FBS
2026-10-06T20:35:54Z,7556739cc30a38511b7f631581a416e4,2026-10-09T23:00:00Z,Louisville Cardinals,Florida State Seminoles,mybookieag,MyBookie.ag,2026-10-06T20:35:08Z,2026-10-06T20:35:08Z,Florida State Seminoles,4.0,-110.0,2026,2026-10-06T20:35:54Z,1647,7.386081120870053,9.659178037243878,0.2269030836261754,9091a0b7e14eff9f94f7c6bbd29b6e9d5a25a74a6e5a4c99a99d5af04e10935e,timestamped_live_quote,FBS vs FBS
2026-10-06T20:35:54Z,7556739cc30a38511b7f631581a416e4,2026-10-09T23:00:00Z,Louisville Cardinals,Florida State Seminoles,mybookieag,MyBookie.ag,2026-10-06T20:35:08Z,2026-10-06T20:35:08Z,Louisville Cardinals,-4.0,-110.0,2026,2026-10-06T20:35:54Z,1647,7.386081120870053,9.659178037243878,0.2269030836261754,9091a0b7e14eff9f94f7c6bbd29b6e9d5a25a74a6e5a4c99a99d5af04e10935e,timestamped_live_quote,FBS vs FBS
2026-10-06T20:35:54Z,7556739cc30a38511b7f631581a416e4,2026-10-09T23:00:00Z,Louisville Cardinals,Florida State Seminoles,bovada,Bovada,2026-10-06T20:34:42Z,2026-10-06T20:34:42Z,Florida State Seminoles,3.5,-110.0,2026,2026-10-06T20:35:54Z,1647,7.386081120870053,9.659178037243878,0.2269030836261754,9091a0b7e14eff9f94f7c6bbd29b6e9d5a25a74a6e5a4c99a99d5af04e10935e,timestamped_live_quote,FBS vs FBS
2026-10-06T20:35:54Z,7556739cc30a38511b7f631581a416e4,2026-10-09T23:00:00Z,Louisville Cardinals,Florida State Seminoles,bovada,Bovada,2026-10-06T20:34:42Z,2026-10-06T20:34:42Z,Louisville Cardinals,-3.5,-110.0,2026,2026-10-06T20:35:54Z,1647,7.386081120870053,9.659178037243878,0.2269030836261754,9091a0b7e14eff9f94f7c6bbd29b6e9d5a25a74a6e5a4c99a99d5af04e10935e,timestamped_live_quote,FBS vs FBS
2026-10-06T20:35:54Z,7556739cc30a38511b7f631581a416e4,2026-10-09T23:00:00Z,Louisville Cardinals,Florida State Seminoles,betus,BetUS,2026-10-06T20:35:09Z,2026-10-06T20:35:09Z,Florida State Seminoles,3.5,-110.0,2026,2026-10-06T20:35:54Z,1647,7.386081120870053,9.659178037243878,0.2269030836261754,9091a0b7e14eff9f94f7c6bbd29b6e9d5a25a74a6e5a4c99a99d5af04e10935e,timestamped_live_quote,FBS vs FBS
2026-10-06T20:35:54Z,7556739cc30a38511b7f631581a416e4,2026-10-09T23:00:00Z,Louisville Cardinals,Florida State Seminoles,betus,BetUS,2026-10-06T20:35:09Z,2026-10-06T20:35:09Z,Louisville Cardinals,-3.5,-110.0,2026,2026-10-06T20:35:54Z,1647,7.386081120870053,9.659178037243878,0.2269030836261754,9091a0b7e14eff9f94f7c6bbd29b6e9d5a25a74a6e5a4c99a99d5af04e10935e,timestamped_live_quote,FBS vs FBS
2026-10-06T20:35:54Z,a168f1bed30ce7d56dc2b77dbfe37705,2026-10-10T01:00:00Z,Washington Huskies,Iowa Hawkeyes,draftkings,DraftKings,2026-10-06T20:35:37Z,2026-10-06T20:35:37Z,Iowa Hawkeyes,3.0,-110.0,2026,2026-10-06T20:35:54Z,1647,4.720021800931372,11.184175035344497,-3.964153234413125,9091a0b7e14eff9f94f7c6bbd29b6e9d5a25a74a6e5a4c99a99d5af04e10935e,timestamped_live_quote,FBS vs FBS
2026-10-06T20:35:54Z,a168f1bed30ce7d56dc2b77dbfe37705,2026-10-10T01:00:00Z,Washington Huskies,Iowa Hawkeyes,draftkings,DraftKings,2026-10-06T20:35:37Z,2026-10-06T20:35:37Z,Washington Huskies,-3.0,-110.0,2026,2026-10-06T20:35:54Z,1647,4.720021800931372,11.184175035344497,-3.964153234413125,9091a0b7e14eff9f94f7c6bbd29b6e9d5a25a74a6e5a4c99a99d5af04e10935e,timestamped_live_quote,FBS vs FBS
2026-10-06T20:35:54Z,a168f1bed30ce7d56dc2b77dbfe37705,2026-10-10T01:00:00Z,Washington Huskies,Iowa Hawkeyes,betrivers,BetRivers,2026-10-06T20:35:40Z,2026-10-06T20:35:40Z,Iowa Hawkeyes,3.0,-112.0,2026,2026-10-06T20:35:54Z,1647,4.720021800931372,11.184175035344497,-3.964153234413125,9091a0b7e14eff9f94f7c6bbd29b6e9d5a25a74a6e5a4c99a99d5af04e10935e,timestamped_live_quote,FBS vs FBS
2026-10-06T20:35:54Z,a168f1bed30ce7d56dc2b77dbfe37705,2026-10-10T01:00:00Z,Washington Huskies,Iowa Hawkeyes,betrivers,BetRivers,2026-10-06T20:35:40Z,2026-10-06T20:35:40Z,Washington Huskies,-3.0,-112.0,2026,2026-10-06T20:35:54Z,1647,4.720021800931372,11.184175035344497,-3.964153234413125,9091a0b7e14eff9f94f7c6bbd29b6e9d5a25a74a6e5a4c99a99d5af04e10935e,timestamped_live_quote,FBS vs FBS
2026-10-06T20:35:54Z,a168f1bed30ce7d56dc2b77dbfe37705,2026-10-10T01:00:00Z,Washington Huskies,Iowa Hawkeyes,mybookieag,MyBookie.ag,2026-10-06T20:35:08Z,2026-10-06T20:35:08Z,Iowa Hawkeyes,3.0,-110.0,2026,2026-10-06T20:35:54Z,1647,4.720021800931372,11.184175035344497,-3.964153234413125,9091a0b7e14eff9f94f7c6bbd29b6e9d5a25a74a6e5a4c99a99d5af04e10935e,timestamped_live_quote,FBS vs FBS
2026-10-06T20:35:54Z,a168f1bed30ce7d56dc2b77dbfe37705,2026-10-10T01:00:00Z,Washington Huskies,Iowa Hawkeyes,mybookieag,MyBookie.ag,2026-10-06T20:35:08Z,2026-10-06T20:35:08Z,Washington Huskies,-3.0,-110.0,2026,2026-10-06T20:35:54Z,1647,4.720021800931372,11.184175035344497,-3.964153234413125,9091a0b7e14eff9f94f7c6bbd29b6e9d5a25a74a6e5a4c99a99d5af04e10935e,timestamped_live_quote,FBS vs FBS
2026-10-06T20:35:54Z,a168f1bed30ce7d56dc2b77dbfe37705,2026-10-10T01:00:00Z,Washington Huskies,Iowa Hawkeyes,fanduel,FanDuel,2026-10-06T20:35:39Z,2026-10-06T20:35:38Z,Iowa Hawkeyes,2.5,102.0,2026,2026-10-06T20:35:54Z,1647,4.720021800931372,11.184175035344497,-3.964153234413125,9091a0b7e14eff9f94f7c6bbd29b6e9d5a25a74a6e5a4c99a99d5af04e10935e,timestamped_live_quote,FBS vs FBS
2026-10-06T20:35:54Z,a168f1bed30ce7d56dc2b77dbfe37705,2026-10-10T01:00:00Z,Washington Huskies,Iowa Hawkeyes,fanduel,FanDuel,2026-10-06T20:35:39Z,2026-10-06T20:35:38Z,Washington Huskies,-2.5,-124.0,2026,2026-10-06T20:35:54Z,1647,4.720021800931372,11.184175035344497,-3.964153234413125,9091a0b7e14eff9f94f7c6bbd29b6e9d5a25a74a6e5a4c99a99d5af04e10935e,timestamped_live_quote,FBS vs FBS
2026-10-06T20:35:54Z,a168f1bed30ce7d56dc2b77dbfe37705,2026-10-10T01:00:00Z,Washington Huskies,Iowa Hawkeyes,betmgm,BetMGM,2026-10-06T20:35:16Z,2026-10-06T20:35:16Z,Iowa Hawkeyes,3.0,-108.0,2026,2026-10-06T20:35:54Z,1647,4.720021800931372,11.184175035344497,-3.964153234413125,9091a0b7e14eff9f94f7c6bbd29b6e9d5a25a74a6e5a4c99a99d5af04e10935e,timestamped_live_quote,FBS vs FBS
2026-10-06T20:35:54Z,a168f1bed30ce7d56dc2b77dbfe37705,2026-10-10T01:00:00Z,Washington Huskies,Iowa Hawkeyes,betmgm,BetMGM,2026-10-06T20:35:16Z,2026-10-06T20:35:16Z,Washington Huskies,-3.0,-110.0,2026,2026-10-06T20:35:54Z,1647,4.720021800931372,11.184175035344497,-3.964153234413125,9091a0b7e14eff9f94f7c6bbd29b6e9d5a25a74a6e5a4c99a99d5af04e10935e,timestamped_live_quote,FBS vs FBS
2026-10-06T20:35:54Z,a168f1bed30ce7d56dc2b77dbfe37705,2026-10-10T01:00:00Z,Washington Huskies,Iowa Hawkeyes,lowvig,LowVig.ag,2026-10-06T20:35:12Z,2026-10-06T20:35:12Z,Iowa Hawkeyes,3.0,-104.0,2026,2026-10-06T20:35:54Z,1647,4.720021800931372,11.184175035344497,-3.964153234413125,9091a0b7e14eff9f94f7c6bbd29b6e9d5a25a74a6e5a4c99a99d5af04e10935e,timestamped_live_quote,FBS vs FBS
2026-10-06T20:35:54Z,a168f1bed30ce7d56dc2b77dbfe37705,2026-10-10T01:00:00Z,Washington Huskies,Iowa Hawkeyes,lowvig,LowVig.ag,2026-10-06T20:35:12Z,2026-10-06T20:35:12Z,Washington Huskies,-3.0,-108.0,2026,2026-10-06T20:35:54Z,1647,4.720021800931372,11.184175035344497,-3.964153234413125,9091a0b7e14eff9f94f7c6bbd29b6e9d5a25a74a6e5a4c99a99d5af04e10935e,timestamped_live_quote,FBS vs FBS
2026-10-06T20:35:54Z,a168f1bed30ce7d56dc2b77dbfe37705,2026-10-10T01:00:00Z,Washington Huskies,Iowa Hawkeyes,betonlineag,BetOnline.ag,2026-10-06T20:35:36Z,2026-10-06T20:35:36Z,Iowa Hawkeyes,3.0,-108.0,2026,2026-10-06T20:35:54Z,1647,4.720021800931372,11.184175035344497,-3.964153234413125,9091a0b7e14eff9f94f7c6bbd29b6e9d5a25a74a6e5a4c99a99d5af04e10935e,timestamped_live_quote,FBS vs FBS
2026-10-06T20:35:54Z,a168f1bed30ce7d56dc2b77dbfe37705,2026-10-10T01:00:00Z,Washington Huskies,Iowa Hawkeyes,betonlineag,BetOnline.ag,2026-10-06T20:35:36Z,2026-10-06T20:35:36Z,Washington Huskies,-3.0,-112.0,2026,2026-10-06T20:35:54Z,1647,4.720021800931372,11.184175035344497,-3.964153234413125,9091a0b7e14eff9f94f7c6bbd29b6e9d5a25a74a6e5a4c99a99d5af04e10935e,timestamped_live_quote,FBS vs FBS
2026-10-06T20:35:54Z,a168f1bed30ce7d56dc2b77dbfe37705,2026-10-10T01:00:00Z,Washington Huskies,Iowa Hawkeyes,bovada,Bovada,2026-10-06T20:34:42Z,2026-10-06T20:34:42Z,Iowa Hawkeyes,3.0,-110.0,2026,2026-10-06T20:35:54Z,1647,4.720021800931372,11.184175035344497,-3.964153234413125,9091a0b7e14eff9f94f7c6bbd29b6e9d5a25a74a6e5a4c99a99d5af04e10935e,timestamped_live_quote,FBS vs FBS
2026-10-06T20:35:54Z,a168f1bed30ce7d56dc2b77dbfe37705,2026-10-10T01:00:00Z,Washington Huskies,Iowa Hawkeyes,bovada,Bovada,2026-10-06T20:34:42Z,2026-10-06T20:34:42Z,Washington Huskies,-3.0,-110.0,2026,2026-10-06T20:35:54Z,1647,4.720021800931372,11.184175035344497,-3.964153234413125,9091a0b7e14eff9f94f7c6bbd29b6e9d5a25a74a6e5a4c99a99d5af04e10935e,timestamped_live_quote,FBS vs FBS
2026-10-06T20:35:54Z,a168f1bed30ce7d56dc2b77dbfe37705,2026-10-10T01:00:00Z,Washington Huskies,Iowa Hawkeyes,betus,BetUS,2026-10-06T20:35:09Z,2026-10-06T20:35:09Z,Iowa Hawkeyes,3.0,-110.0,2026,2026-10-06T20:35:54Z,1647,4.720021800931372,11.184175035344497,-3.964153234413125,9091a0b7e14eff9f94f7c6bbd29b6e9d5a25a74a6e5a4c99a99d5af04e10935e,timestamped_live_quote,FBS vs FBS
2026-10-06T20:35:54Z,a168f1bed30ce7d56dc2b77dbfe37705,2026-10-10T01:00:00Z,Washington Huskies,Iowa Hawkeyes,betus,BetUS,2026-10-06T20:35:09Z,2026-10-06T20:35:09Z,Washington Huskies,-3.0,-110.0,2026,2026-10-06T20:35:54Z,1647,4.720021800931372,11.184175035344497,-3.964153234413125,9091a0b7e14eff9f94f7c6bbd29b6e9d5a25a74a6e5a4c99a99d5af04e10935e,timestamped_live_quote,FBS vs FBS
2026-10-06T20:35:54Z,23614f055733537fb79ab73e68040eca,2026-10-10T01:00:00Z,San Jose State Spartans,Wyoming Cowboys,fanduel,FanDuel,2026-10-06T20:35:39Z,2026-10-06T20:35:38Z,San Jose State Spartans,-6.5,-106.0,2026,2026-10-06T20:35:54Z,1647,-0.28789615925631123,-3.693175927209435,5.9052797679531235,9091a0b7e14eff9f94f7c6bbd29b6e9d5a25a74a6e5a4c99a99d5af04e10935e,timestamped_live_quote,FBS vs FBS
2026-10-06T20:35:54Z,23614f055733537fb79ab73e68040eca,2026-10-10T01:00:00Z,San Jose State Spartans,Wyoming Cowboys,fanduel,FanDuel,2026-10-06T20:35:39Z,2026-10-06T20:35:38Z,Wyoming Cowboys,6.5,-114.0,2026,2026-10-06T20:35:54Z,1647,-0.28789615925631123,-3.693175927209435,5.9052797679531235,9091a0b7e14eff9f94f7c6bbd29b6e9d5a25a74a6e5a4c99a99d5af04e10935e,timestamped_live_quote,FBS vs FBS
2026-10-06T20:35:54Z,23614f055733537fb79ab73e68040eca,2026-10-10T01:00:00Z,San Jose State Spartans,Wyoming Cowboys,draftkings,DraftKings,2026-10-06T20:35:37Z,2026-10-06T20:35:37Z,San Jose State Spartans,-6.0,-110.0,2026,2026-10-06T20:35:54Z,1647,-0.28789615925631123,-3.693175927209435,5.9052797679531235,9091a0b7e14eff9f94f7c6bbd29b6e9d5a25a74a6e5a4c99a99d5af04e10935e,timestamped_live_quote,FBS vs FBS
2026-10-06T20:35:54Z,23614f055733537fb79ab73e68040eca,2026-10-10T01:00:00Z,San Jose State Spartans,Wyoming Cowboys,draftkings,DraftKings,2026-10-06T20:35:37Z,2026-10-06T20:35:37Z,Wyoming Cowboys,6.0,-110.0,2026,2026-10-06T20:35:54Z,1647,-0.28789615925631123,-3.693175927209435,5.9052797679531235,9091a0b7e14eff9f94f7c6bbd29b6e9d5a25a74a6e5a4c99a99d5af04e10935e,timestamped_live_quote,FBS vs FBS
2026-10-06T20:35:54Z,23614f055733537fb79ab73e68040eca,2026-10-10T01:00:00Z,San Jose State Spartans,Wyoming Cowboys,betrivers,BetRivers,2026-10-06T20:35:40Z,2026-10-06T20:35:40Z,San Jose State Spartans,-6.5,-118.0,2026,2026-10-06T20:35:54Z,1647,-0.28789615925631123,-3.693175927209435,5.9052797679531235,9091a0b7e14eff9f94f7c6bbd29b6e9d5a25a74a6e5a4c99a99d5af04e10935e,timestamped_live_quote,FBS vs FBS
2026-10-06T20:35:54Z,23614f055733537fb79ab73e68040eca,2026-10-10T01:00:00Z,San Jose State Spartans,Wyoming Cowboys,betrivers,BetRivers,2026-10-06T20:35:40Z,2026-10-06T20:35:40Z,Wyoming Cowboys,6.5,-106.0,2026,2026-10-06T20:35:54Z,1647,-0.28789615925631123,-3.693175927209435,5.9052797679531235,9091a0b7e14eff9f94f7c6bbd29b6e9d5a25a74a6e5a4c99a99d5af04e10935e,timestamped_live_quote,FBS vs FBS
2026-10-06T20:35:54Z,23614f055733537fb79ab73e68040eca,2026-10-10T01:00:00Z,San Jose State Spartans,Wyoming Cowboys,lowvig,LowVig.ag,2026-10-06T20:35:12Z,2026-10-06T20:35:12Z,San Jose State Spartans,-6.5,-101.0,2026,2026-10-06T20:35:54Z,1647,-0.28789615925631123,-3.693175927209435,5.9052797679531235,9091a0b7e14eff9f94f7c6bbd29b6e9d5a25a74a6e5a4c99a99d5af04e10935e,timestamped_live_quote,FBS vs FBS
2026-10-06T20:35:54Z,23614f055733537fb79ab73e68040eca,2026-10-10T01:00:00Z,San Jose State Spartans,Wyoming Cowboys,lowvig,LowVig.ag,2026-10-06T20:35:12Z,2026-10-06T20:35:12Z,Wyoming Cowboys,6.5,-111.0,2026,2026-10-06T20:35:54Z,1647,-0.28789615925631123,-3.693175927209435,5.9052797679531235,9091a0b7e14eff9f94f7c6bbd29b6e9d5a25a74a6e5a4c99a99d5af04e10935e,timestamped_live_quote,FBS vs FBS
2026-10-06T20:35:54Z,23614f055733537fb79ab73e68040eca,2026-10-10T01:00:00Z,San Jose State Spartans,Wyoming Cowboys,betonlineag,BetOnline.ag,2026-10-06T20:35:36Z,2026-10-06T20:35:36Z,San Jose State Spartans,-6.5,-105.0,2026,2026-10-06T20:35:54Z,1647,-0.28789615925631123,-3.693175927209435,5.9052797679531235,9091a0b7e14eff9f94f7c6bbd29b6e9d5a25a74a6e5a4c99a99d5af04e10935e,timestamped_live_quote,FBS vs FBS
2026-10-06T20:35:54Z,23614f055733537fb79ab73e68040eca,2026-10-10T01:00:00Z,San Jose State Spartans,Wyoming Cowboys,betonlineag,BetOnline.ag,2026-10-06T20:35:36Z,2026-10-06T20:35:36Z,Wyoming Cowboys,6.5,-115.0,2026,2026-10-06T20:35:54Z,1647,-0.28789615925631123,-3.693175927209435,5.9052797679531235,9091a0b7e14eff9f94f7c6bbd29b6e9d5a25a74a6e5a4c99a99d5af04e10935e,timestamped_live_quote,FBS vs FBS
2026-10-06T20:35:54Z,23614f055733537fb79ab73e68040eca,2026-10-10T01:00:00Z,San Jose State Spartans,Wyoming Cowboys,betmgm,BetMGM,2026-10-06T20:35:16Z,2026-10-06T20:35:16Z,San Jose State Spartans,-6.0,-108.0,2026,2026-10-06T20:35:54Z,1647,-0.28789615925631123,-3.693175927209435,5.9052797679531235,9091a0b7e14eff9f94f7c6bbd29b6e9d5a25a74a6e5a4c99a99d5af04e10935e,timestamped_live_quote,FBS vs FBS
2026-10-06T20:35:54Z,23614f055733537fb79ab73e68040eca,2026-10-10T01:00:00Z,San Jose State Spartans,Wyoming Cowboys,betmgm,BetMGM,2026-10-06T20:35:16Z,2026-10-06T20:35:16Z,Wyoming Cowboys,6.0,-110.0,2026,2026-10-06T20:35:54Z,1647,-0.28789615925631123,-3.693175927209435,5.9052797679531235,9091a0b7e14eff9f94f7c6bbd29b6e9d5a25a74a6e5a4c99a99d5af04e10935e,timestamped_live_quote,FBS vs FBS
2026-10-06T20:35:54Z,23614f055733537fb79ab73e68040eca,2026-10-10T01:00:00Z,San Jose State Spartans,Wyoming Cowboys,mybookieag,MyBookie.ag,2026-10-06T20:35:08Z,2026-10-06T20:35:08Z,San Jose State Spartans,-6.5,-110.0,2026,2026-10-06T20:35:54Z,1647,-0.28789615925631123,-3.693175927209435,5.9052797679531235,9091a0b7e14eff9f94f7c6bbd29b6e9d5a25a74a6e5a4c99a99d5af04e10935e,timestamped_live_quote,FBS vs FBS
2026-10-06T20:35:54Z,23614f055733537fb79ab73e68040eca,2026-10-10T01:00:00Z,San Jose State Spartans,Wyoming Cowboys,mybookieag,MyBookie.ag,2026-10-06T20:35:08Z,2026-10-06T20:35:08Z,Wyoming Cowboys,6.5,-110.0,2026,2026-10-06T20:35:54Z,1647,-0.28789615925631123,-3.693175927209435,5.9052797679531235,9091a0b7e14eff9f94f7c6bbd29b6e9d5a25a74a6e5a4c99a99d5af04e10935e,timestamped_live_quote,FBS vs FBS
2026-10-06T20:35:54Z,23614f055733537fb79ab73e68040eca,2026-10-10T01:00:00Z,San Jose State Spartans,Wyoming Cowboys,bovada,Bovada,2026-10-06T20:34:42Z,2026-10-06T20:34:42Z,San Jose State Spartans,-6.5,-105.0,2026,2026-10-06T20:35:54Z,1647,-0.28789615925631123,-3.693175927209435,5.9052797679531235,9091a0b7e14eff9f94f7c6bbd29b6e9d5a25a74a6e5a4c99a99d5af04e10935e,timestamped_live_quote,FBS vs FBS
2026-10-06T20:35:54Z,23614f055733537fb79ab73e68040eca,2026-10-10T01:00:00Z,San Jose State Spartans,Wyoming Cowboys,bovada,Bovada,2026-10-06T20:34:42Z,2026-10-06T20:34:42Z,Wyoming Cowboys,6.5,-115.0,2026,2026-10-06T20:35:54Z,1647,-0.28789615925631123,-3.693175927209435,5.9052797679531235,9091a0b7e14eff9f94f7c6bbd29b6e9d5a25a74a6e5a4c99a99d5af04e10935e,timestamped_live_quote,FBS vs FBS
2026-10-06T20:35:54Z,23614f055733537fb79ab73e68040eca,2026-10-10T01:00:00Z,San Jose State Spartans,Wyoming Cowboys,betus,BetUS,2026-10-06T20:35:09Z,2026-10-06T20:35:09Z,San Jose State Spartans,-6.5,-105.0,2026,2026-10-06T20:35:54Z,1647,-0.28789615925631123,-3.693175927209435,5.9052797679531235,9091a0b7e14eff9f94f7c6bbd29b6e9d5a25a74a6e5a4c99a99d5af04e10935e,timestamped_live_quote,FBS vs FBS
2026-10-06T20:35:54Z,23614f055733537fb79ab73e68040eca,2026-10-10T01:00:00Z,San Jose State Spartans,Wyoming Cowboys,betus,BetUS,2026-10-06T20:35:09Z,2026-10-06T20:35:09Z,Wyoming Cowboys,6.5,-115.0,2026,2026-10-06T20:35:54Z,1647,-0.28789615925631123,-3.693175927209435,5.9052797679531235,9091a0b7e14eff9f94f7c6bbd29b6e9d5a25a74a6e5a4c99a99d5af04e10935e,timestamped_live_quote,FBS vs FBS
2026-10-06T20:35:54Z,2ec27bbe3b14c521ba8a3f3f6e46f4ac,2026-10-10T01:00:00Z,Utah State Aggies,Washington State Cougars,fanduel,FanDuel,2026-10-06T20:35:39Z,2026-10-06T20:35:38Z,Utah State Aggies,-5.5,-110.0,2026,2026-10-06T20:35:54Z,1647,-1.5342545529735336,-1.006485181766891,1.9722306287933573,9091a0b7e14eff9f94f7c6bbd29b6e9d5a25a74a6e5a4c99a99d5af04e10935e,timestamped_live_quote,FBS vs FBS
2026-10-06T20:35:54Z,2ec27bbe3b14c521ba8a3f3f6e46f4ac,2026-10-10T01:00:00Z,Utah State Aggies,Washington State Cougars,fanduel,FanDuel,2026-10-06T20:35:39Z,2026-10-06T20:35:38Z,Washington State Cougars,5.5,-110.0,2026,2026-10-06T20:35:54Z,1647,-1.5342545529735336,-1.006485181766891,1.9722306287933573,9091a0b7e14eff9f94f7c6bbd29b6e9d5a25a74a6e5a4c99a99d5af04e10935e,timestamped_live_quote,FBS vs FBS
2026-10-06T20:35:54Z,2ec27bbe3b14c521ba8a3f3f6e46f4ac,2026-10-10T01:00:00Z,Utah State Aggies,Washington State Cougars,betrivers,BetRivers,2026-10-06T20:35:40Z,2026-10-06T20:35:40Z,Utah State Aggies,-5.5,-115.0,2026,2026-10-06T20:35:54Z,1647,-1.5342545529735336,-1.006485181766891,1.9722306287933573,9091a0b7e14eff9f94f7c6bbd29b6e9d5a25a74a6e5a4c99a99d5af04e10935e,timestamped_live_quote,FBS vs FBS
2026-10-06T20:35:54Z,2ec27bbe3b14c521ba8a3f3f6e46f4ac,2026-10-10T01:00:00Z,Utah State Aggies,Washington State Cougars,betrivers,BetRivers,2026-10-06T20:35:40Z,2026-10-06T20:35:40Z,Washington State Cougars,5.5,-108.0,2026,2026-10-06T20:35:54Z,1647,-1.5342545529735336,-1.006485181766891,1.9722306287933573,9091a0b7e14eff9f94f7c6bbd29b6e9d5a25a74a6e5a4c99a99d5af04e10935e,timestamped_live_quote,FBS vs FBS
2026-10-06T20:35:54Z,2ec27bbe3b14c521ba8a3f3f6e46f4ac,2026-10-10T01:00:00Z,Utah State Aggies,Washington State Cougars,betmgm,BetMGM,2026-10-06T20:35:16Z,2026-10-06T20:35:16Z,Utah State Aggies,-5.5,-110.0,2026,2026-10-06T20:35:54Z,1647,-1.5342545529735336,-1.006485181766891,1.9722306287933573,9091a0b7e14eff9f94f7c6bbd29b6e9d5a25a74a6e5a4c99a99d5af04e10935e,timestamped_live_quote,FBS vs FBS
2026-10-06T20:35:54Z,2ec27bbe3b14c521ba8a3f3f6e46f4ac,2026-10-10T01:00:00Z,Utah State Aggies,Washington State Cougars,betmgm,BetMGM,2026-10-06T20:35:16Z,2026-10-06T20:35:16Z,Washington State Cougars,5.5,-110.0,2026,2026-10-06T20:35:54Z,1647,-1.5342545529735336,-1.006485181766891,1.9722306287933573,9091a0b7e14eff9f94f7c6bbd29b6e9d5a25a74a6e5a4c99a99d5af04e10935e,timestamped_live_quote,FBS vs FBS
2026-10-06T20:35:54Z,2ec27bbe3b14c521ba8a3f3f6e46f4ac,2026-10-10T01:00:00Z,Utah State Aggies,Washington State Cougars,draftkings,DraftKings,2026-10-06T20:35:37Z,2026-10-06T20:35:37Z,Utah State Aggies,-5.5,-112.0,2026,2026-10-06T20:35:54Z,1647,-1.5342545529735336,-1.006485181766891,1.9722306287933573,9091a0b7e14eff9f94f7c6bbd29b6e9d5a25a74a6e5a4c99a99d5af04e10935e,timestamped_live_quote,FBS vs FBS
2026-10-06T20:35:54Z,2ec27bbe3b14c521ba8a3f3f6e46f4ac,2026-10-10T01:00:00Z,Utah State Aggies,Washington State Cougars,draftkings,DraftKings,2026-10-06T20:35:37Z,2026-10-06T20:35:37Z,Washington State Cougars,5.5,-108.0,2026,2026-10-06T20:35:54Z,1647,-1.5342545529735336,-1.006485181766891,1.9722306287933573,9091a0b7e14eff9f94f7c6bbd29b6e9d5a25a74a6e5a4c99a99d5af04e10935e,timestamped_live_quote,FBS vs FBS
2026-10-06T20:35:54Z,2ec27bbe3b14c521ba8a3f3f6e46f4ac,2026-10-10T01:00:00Z,Utah State Aggies,Washington State Cougars,betonlineag,BetOnline.ag,2026-10-06T20:35:36Z,2026-10-06T20:35:36Z,Utah State Aggies,-6.0,-106.0,2026,2026-10-06T20:35:54Z,1647,-1.5342545529735336,-1.006485181766891,1.9722306287933573,9091a0b7e14eff9f94f7c6bbd29b6e9d5a25a74a6e5a4c99a99d5af04e10935e,timestamped_live_quote,FBS vs FBS
2026-10-06T20:35:54Z,2ec27bbe3b14c521ba8a3f3f6e46f4ac,2026-10-10T01:00:00Z,Utah State Aggies,Washington State Cougars,betonlineag,BetOnline.ag,2026-10-06T20:35:36Z,2026-10-06T20:35:36Z,Washington State Cougars,6.0,-114.0,2026,2026-10-06T20:35:54Z,1647,-1.5342545529735336,-1.006485181766891,1.9722306287933573,9091a0b7e14eff9f94f7c6bbd29b6e9d5a25a74a6e5a4c99a99d5af04e10935e,timestamped_live_quote,FBS vs FBS
2026-10-06T20:35:54Z,2ec27bbe3b14c521ba8a3f3f6e46f4ac,2026-10-10T01:00:00Z,Utah State Aggies,Washington State Cougars,lowvig,LowVig.ag,2026-10-06T20:35:12Z,2026-10-06T20:35:12Z,Utah State Aggies,-6.0,-102.0,2026,2026-10-06T20:35:54Z,1647,-1.5342545529735336,-1.006485181766891,1.9722306287933573,9091a0b7e14eff9f94f7c6bbd29b6e9d5a25a74a6e5a4c99a99d5af04e10935e,timestamped_live_quote,FBS vs FBS
2026-10-06T20:35:54Z,2ec27bbe3b14c521ba8a3f3f6e46f4ac,2026-10-10T01:00:00Z,Utah State Aggies,Washington State Cougars,lowvig,LowVig.ag,2026-10-06T20:35:12Z,2026-10-06T20:35:12Z,Washington State Cougars,6.0,-110.0,2026,2026-10-06T20:35:54Z,1647,-1.5342545529735336,-1.006485181766891,1.9722306287933573,9091a0b7e14eff9f94f7c6bbd29b6e9d5a25a74a6e5a4c99a99d5af04e10935e,timestamped_live_quote,FBS vs FBS
2026-10-06T20:35:54Z,2ec27bbe3b14c521ba8a3f3f6e46f4ac,2026-10-10T01:00:00Z,Utah State Aggies,Washington State Cougars,mybookieag,MyBookie.ag,2026-10-06T20:35:08Z,2026-10-06T20:35:08Z,Utah State Aggies,-5.5,-110.0,2026,2026-10-06T20:35:54Z,1647,-1.5342545529735336,-1.006485181766891,1.9722306287933573,9091a0b7e14eff9f94f7c6bbd29b6e9d5a25a74a6e5a4c99a99d5af04e10935e,timestamped_live_quote,FBS vs FBS
2026-10-06T20:35:54Z,2ec27bbe3b14c521ba8a3f3f6e46f4ac,2026-10-10T01:00:00Z,Utah State Aggies,Washington State Cougars,mybookieag,MyBookie.ag,2026-10-06T20:35:08Z,2026-10-06T20:35:08Z,Washington State Cougars,5.5,-110.0,2026,2026-10-06T20:35:54Z,1647,-1.5342545529735336,-1.006485181766891,1.9722306287933573,9091a0b7e14eff9f94f7c6bbd29b6e9d5a25a74a6e5a4c99a99d5af04e10935e,timestamped_live_quote,FBS vs FBS
2026-10-06T20:35:54Z,2ec27bbe3b14c521ba8a3f3f6e46f4ac,2026-10-10T01:00:00Z,Utah State Aggies,Washington State Cougars,bovada,Bovada,2026-10-06T20:34:42Z,2026-10-06T20:34:42Z,Utah State Aggies,-5.0,-110.0,2026,2026-10-06T20:35:54Z,1647,-1.5342545529735336,-1.006485181766891,1.9722306287933573,9091a0b7e14eff9f94f7c6bbd29b6e9d5a25a74a6e5a4c99a99d5af04e10935e,timestamped_live_quote,FBS vs FBS
2026-10-06T20:35:54Z,2ec27bbe3b14c521ba8a3f3f6e46f4ac,2026-10-10T01:00:00Z,Utah State Aggies,Washington State Cougars,bovada,Bovada,2026-10-06T20:34:42Z,2026-10-06T20:34:42Z,Washington State Cougars,5.0,-110.0,2026,2026-10-06T20:35:54Z,1647,-1.5342545529735336,-1.006485181766891,1.9722306287933573,9091a0b7e14eff9f94f7c6bbd29b6e9d5a25a74a6e5a4c99a99d5af04e10935e,timestamped_live_quote,FBS vs FBS
2026-10-06T20:35:54Z,2ec27bbe3b14c521ba8a3f3f6e46f4ac,2026-10-10T01:00:00Z,Utah State Aggies,Washington State Cougars,betus,BetUS,2026-10-06T20:35:09Z,2026-10-06T20:35:09Z,Utah State Aggies,-6.0,-105.0,2026,2026-10-06T20:35:54Z,1647,-1.5342545529735336,-1.006485181766891,1.9722306287933573,9091a0b7e14eff9f94f7c6bbd29b6e9d5a25a74a6e5a4c99a99d5af04e10935e,timestamped_live_quote,FBS vs FBS
2026-10-06T20:35:54Z,2ec27bbe3b14c521ba8a3f3f6e46f4ac,2026-10-10T01:00:00Z,Utah State Aggies,Washington State Cougars,betus,BetUS,2026-10-06T20:35:09Z,2026-10-06T20:35:09Z,Washington State Cougars,6.0,-115.0,2026,2026-10-06T20:35:54Z,1647,-1.5342545529735336,-1.006485181766891,1.9722306287933573,9091a0b7e14eff9f94f7c6bbd29b6e9d5a25a74a6e5a4c99a99d5af04e10935e,timestamped_live_quote,FBS vs FBS
2026-10-06T20:35:54Z,55d9636153ca5741d460ef2f78b663d9,2026-10-10T02:15:00Z,BYU Cougars,Iowa State Cyclones,draftkings,DraftKings,2026-10-06T20:35:37Z,2026-10-06T20:35:37Z,BYU Cougars,-10.5,-108.0,2026,2026-10-06T20:35:54Z,1647,12.071154706962277,8.835231002246628,5.735923704715649,9091a0b7e14eff9f94f7c6bbd29b6e9d5a25a74a6e5a4c99a99d5af04e10935e,timestamped_live_quote,FBS vs FBS
2026-10-06T20:35:54Z,55d9636153ca5741d460ef2f78b663d9,2026-10-10T02:15:00Z,BYU Cougars,Iowa State Cyclones,draftkings,DraftKings,2026-10-06T20:35:37Z,2026-10-06T20:35:37Z,Iowa State Cyclones,10.5,-112.0,2026,2026-10-06T20:35:54Z,1647,12.071154706962277,8.835231002246628,5.735923704715649,9091a0b7e14eff9f94f7c6bbd29b6e9d5a25a74a6e5a4c99a99d5af04e10935e,timestamped_live_quote,FBS vs FBS
2026-10-06T20:35:54Z,55d9636153ca5741d460ef2f78b663d9,2026-10-10T02:15:00Z,BYU Cougars,Iowa State Cyclones,betrivers,BetRivers,2026-10-06T20:35:40Z,2026-10-06T20:35:40Z,BYU Cougars,-10.5,-112.0,2026,2026-10-06T20:35:54Z,1647,12.071154706962277,8.835231002246628,5.735923704715649,9091a0b7e14eff9f94f7c6bbd29b6e9d5a25a74a6e5a4c99a99d5af04e10935e,timestamped_live_quote,FBS vs FBS
2026-10-06T20:35:54Z,55d9636153ca5741d460ef2f78b663d9,2026-10-10T02:15:00Z,BYU Cougars,Iowa State Cyclones,betrivers,BetRivers,2026-10-06T20:35:40Z,2026-10-06T20:35:40Z,Iowa State Cyclones,10.5,-112.0,2026,2026-10-06T20:35:54Z,1647,12.071154706962277,8.835231002246628,5.735923704715649,9091a0b7e14eff9f94f7c6bbd29b6e9d5a25a74a6e5a4c99a99d5af04e10935e,timestamped_live_quote,FBS vs FBS
2026-10-06T20:35:54Z,55d9636153ca5741d460ef2f78b663d9,2026-10-10T02:15:00Z,BYU Cougars,Iowa State Cyclones,mybookieag,MyBookie.ag,2026-10-06T20:35:08Z,2026-10-06T20:35:08Z,BYU Cougars,-10.5,-110.0,2026,2026-10-06T20:35:54Z,1647,12.071154706962277,8.835231002246628,5.735923704715649,9091a0b7e14eff9f94f7c6bbd29b6e9d5a25a74a6e5a4c99a99d5af04e10935e,timestamped_live_quote,FBS vs FBS
2026-10-06T20:35:54Z,55d9636153ca5741d460ef2f78b663d9,2026-10-10T02:15:00Z,BYU Cougars,Iowa State Cyclones,mybookieag,MyBookie.ag,2026-10-06T20:35:08Z,2026-10-06T20:35:08Z,Iowa State Cyclones,10.5,-110.0,2026,2026-10-06T20:35:54Z,1647,12.071154706962277,8.835231002246628,5.735923704715649,9091a0b7e14eff9f94f7c6bbd29b6e9d5a25a74a6e5a4c99a99d5af04e10935e,timestamped_live_quote,FBS vs FBS
2026-10-06T20:35:54Z,55d9636153ca5741d460ef2f78b663d9,2026-10-10T02:15:00Z,BYU Cougars,Iowa State Cyclones,fanduel,FanDuel,2026-10-06T20:35:39Z,2026-10-06T20:35:38Z,BYU Cougars,-10.5,-105.0,2026,2026-10-06T20:35:54Z,1647,12.071154706962277,8.835231002246628,5.735923704715649,9091a0b7e14eff9f94f7c6bbd29b6e9d5a25a74a6e5a4c99a99d5af04e10935e,timestamped_live_quote,FBS vs FBS
2026-10-06T20:35:54Z,55d9636153ca5741d460ef2f78b663d9,2026-10-10T02:15:00Z,BYU Cougars,Iowa State Cyclones,fanduel,FanDuel,2026-10-06T20:35:39Z,2026-10-06T20:35:38Z,Iowa State Cyclones,10.5,-115.0,2026,2026-10-06T20:35:54Z,1647,12.071154706962277,8.835231002246628,5.735923704715649,9091a0b7e14eff9f94f7c6bbd29b6e9d5a25a74a6e5a4c99a99d5af04e10935e,timestamped_live_quote,FBS vs FBS
2026-10-06T20:35:54Z,55d9636153ca5741d460ef2f78b663d9,2026-10-10T02:15:00Z,BYU Cougars,Iowa State Cyclones,betmgm,BetMGM,2026-10-06T20:35:16Z,2026-10-06T20:35:16Z,BYU Cougars,-10.0,-120.0,2026,2026-10-06T20:35:54Z,1647,12.071154706962277,8.835231002246628,5.735923704715649,9091a0b7e14eff9f94f7c6bbd29b6e9d5a25a74a6e5a4c99a99d5af04e10935e,timestamped_live_quote,FBS vs FBS
2026-10-06T20:35:54Z,55d9636153ca5741d460ef2f78b663d9,2026-10-10T02:15:00Z,BYU Cougars,Iowa State Cyclones,betmgm,BetMGM,2026-10-06T20:35:16Z,2026-10-06T20:35:16Z,Iowa State Cyclones,10.0,-110.0,2026,2026-10-06T20:35:54Z,1647,12.071154706962277,8.835231002246628,5.735923704715649,9091a0b7e14eff9f94f7c6bbd29b6e9d5a25a74a6e5a4c99a99d5af04e10935e,timestamped_live_quote,FBS vs FBS
2026-10-06T20:35:54Z,55d9636153ca5741d460ef2f78b663d9,2026-10-10T02:15:00Z,BYU Cougars,Iowa State Cyclones,lowvig,LowVig.ag,2026-10-06T20:35:12Z,2026-10-06T20:35:12Z,BYU Cougars,-10.5,-108.0,2026,2026-10-06T20:35:54Z,1647,12.071154706962277,8.835231002246628,5.735923704715649,9091a0b7e14eff9f94f7c6bbd29b6e9d5a25a74a6e5a4c99a99d5af04e10935e,timestamped_live_quote,FBS vs FBS
2026-10-06T20:35:54Z,55d9636153ca5741d460ef2f78b663d9,2026-10-10T02:15:00Z,BYU Cougars,Iowa State Cyclones,lowvig,LowVig.ag,2026-10-06T20:35:12Z,2026-10-06T20:35:12Z,Iowa State Cyclones,10.5,-104.0,2026,2026-10-06T20:35:54Z,1647,12.071154706962277,8.835231002246628,5.735923704715649,9091a0b7e14eff9f94f7c6bbd29b6e9d5a25a74a6e5a4c99a99d5af04e10935e,timestamped_live_quote,FBS vs FBS
2026-10-06T20:35:54Z,55d9636153ca5741d460ef2f78b663d9,2026-10-10T02:15:00Z,BYU Cougars,Iowa State Cyclones,betonlineag,BetOnline.ag,2026-10-06T20:35:36Z,2026-10-06T20:35:36Z,BYU Cougars,-10.5,-112.0,2026,2026-10-06T20:35:54Z,1647,12.071154706962277,8.835231002246628,5.735923704715649,9091a0b7e14eff9f94f7c6bbd29b6e9d5a25a74a6e5a4c99a99d5af04e10935e,timestamped_live_quote,FBS vs FBS
2026-10-06T20:35:54Z,55d9636153ca5741d460ef2f78b663d9,2026-10-10T02:15:00Z,BYU Cougars,Iowa State Cyclones,betonlineag,BetOnline.ag,2026-10-06T20:35:36Z,2026-10-06T20:35:36Z,Iowa State Cyclones,10.5,-108.0,2026,2026-10-06T20:35:54Z,1647,12.071154706962277,8.835231002246628,5.735923704715649,9091a0b7e14eff9f94f7c6bbd29b6e9d5a25a74a6e5a4c99a99d5af04e10935e,timestamped_live_quote,FBS vs FBS
2026-10-06T20:35:54Z,55d9636153ca5741d460ef2f78b663d9,2026-10-10T02:15:00Z,BYU Cougars,Iowa State Cyclones,bovada,Bovada,2026-10-06T20:34:42Z,2026-10-06T20:34:42Z,BYU Cougars,-10.0,-110.0,2026,2026-10-06T20:35:54Z,1647,12.071154706962277,8.835231002246628,5.735923704715649,9091a0b7e14eff9f94f7c6bbd29b6e9d5a25a74a6e5a4c99a99d5af04e10935e,timestamped_live_quote,FBS vs FBS
2026-10-06T20:35:54Z,55d9636153ca5741d460ef2f78b663d9,2026-10-10T02:15:00Z,BYU Cougars,Iowa State Cyclones,bovada,Bovada,2026-10-06T20:34:42Z,2026-10-06T20:34:42Z,Iowa State Cyclones,10.0,-110.0,2026,2026-10-06T20:35:54Z,1647,12.071154706962277,8.835231002246628,5.735923704715649,9091a0b7e14eff9f94f7c6bbd29b6e9d5a25a74a6e5a4c99a99d5af04e10935e,timestamped_live_quote,FBS vs FBS
2026-10-06T20:35:54Z,55d9636153ca5741d460ef2f78b663d9,2026-10-10T02:15:00Z,BYU Cougars,Iowa State Cyclones,betus,BetUS,2026-10-06T20:35:09Z,2026-10-06T20:35:09Z,BYU Cougars,-10.5,-110.0,2026,2026-10-06T20:35:54Z,1647,12.071154706962277,8.835231002246628,5.735923704715649,9091a0b7e14eff9f94f7c6bbd29b6e9d5a25a74a6e5a4c99a99d5af04e10935e,timestamped_live_quote,FBS vs FBS
2026-10-06T20:35:54Z,55d9636153ca5741d460ef2f78b663d9,2026-10-10T02:15:00Z,BYU Cougars,Iowa State Cyclones,betus,BetUS,2026-10-06T20:35:09Z,2026-10-06T20:35:09Z,Iowa State Cyclones,10.5,-110.0,2026,2026-10-06T20:35:54Z,1647,12.071154706962277,8.835231002246628,5.735923704715649,9091a0b7e14eff9f94f7c6bbd29b6e9d5a25a74a6e5a4c99a99d5af04e10935e,timestamped_live_quote,FBS vs FBS
2026-10-06T20:35:54Z,5d7901b0ad44ffe1b92e18fc8d511a7e,2026-10-10T16:00:00Z,West Virginia Mountaineers,Arizona Wildcats,fanduel,FanDuel,2026-10-06T20:35:39Z,2026-10-06T20:35:38Z,Arizona Wildcats,-3.5,100.0,2026,2026-10-06T20:35:54Z,1647,7.233325304836652,10.01514654365114,-0.28182123881448806,9091a0b7e14eff9f94f7c6bbd29b6e9d5a25a74a6e5a4c99a99d5af04e10935e,timestamped_live_quote,FBS vs FBS
2026-10-06T20:35:54Z,5d7901b0ad44ffe1b92e18fc8d511a7e,2026-10-10T16:00:00Z,West Virginia Mountaineers,Arizona Wildcats,fanduel,FanDuel,2026-10-06T20:35:39Z,2026-10-06T20:35:38Z,West Virginia Mountaineers,3.5,-122.0,2026,2026-10-06T20:35:54Z,1647,7.233325304836652,10.01514654365114,-0.28182123881448806,9091a0b7e14eff9f94f7c6bbd29b6e9d5a25a74a6e5a4c99a99d5af04e10935e,timestamped_live_quote,FBS vs FBS
2026-10-06T20:35:54Z,5d7901b0ad44ffe1b92e18fc8d511a7e,2026-10-10T16:00:00Z,West Virginia Mountaineers,Arizona Wildcats,betrivers,BetRivers,2026-10-06T20:35:40Z,2026-10-06T20:35:40Z,Arizona Wildcats,-3.0,-117.0,2026,2026-10-06T20:35:54Z,1647,7.233325304836652,10.01514654365114,-0.28182123881448806,9091a0b7e14eff9f94f7c6bbd29b6e9d5a25a74a6e5a4c99a99d5af04e10935e,timestamped_live_quote,FBS vs FBS
2026-10-06T20:35:54Z,5d7901b0ad44ffe1b92e18fc8d511a7e,2026-10-10T16:00:00Z,West Virginia Mountaineers,Arizona Wildcats,betrivers,BetRivers,2026-10-06T20:35:40Z,2026-10-06T20:35:40Z,West Virginia Mountaineers,3.0,-108.0,2026,2026-10-06T20:35:54Z,1647,7.233325304836652,10.01514654365114,-0.28182123881448806,9091a0b7e14eff9f94f7c6bbd29b6e9d5a25a74a6e5a4c99a99d5af04e10935e,timestamped_live_quote,FBS vs FBS
2026-10-06T20:35:54Z,5d7901b0ad44ffe1b92e18fc8d511a7e,2026-10-10T16:00:00Z,West Virginia Mountaineers,Arizona Wildcats,betmgm,BetMGM,2026-10-06T20:35:16Z,2026-10-06T20:35:16Z,Arizona Wildcats,-3.0,-115.0,2026,2026-10-06T20:35:54Z,1647,7.233325304836652,10.01514654365114,-0.28182123881448806,9091a0b7e14eff9f94f7c6bbd29b6e9d5a25a74a6e5a4c99a99d5af04e10935e,timestamped_live_quote,FBS vs FBS
2026-10-06T20:35:54Z,5d7901b0ad44ffe1b92e18fc8d511a7e,2026-10-10T16:00:00Z,West Virginia Mountaineers,Arizona Wildcats,betmgm,BetMGM,2026-10-06T20:35:16Z,2026-10-06T20:35:16Z,West Virginia Mountaineers,3.0,-102.0,2026,2026-10-06T20:35:54Z,1647,7.233325304836652,10.01514654365114,-0.28182123881448806,9091a0b7e14eff9f94f7c6bbd29b6e9d5a25a74a6e5a4c99a99d5af04e10935e,timestamped_live_quote,FBS vs FBS
2026-10-06T20:35:54Z,5d7901b0ad44ffe1b92e18fc8d511a7e,2026-10-10T16:00:00Z,West Virginia Mountaineers,Arizona Wildcats,draftkings,DraftKings,2026-10-06T20:35:37Z,2026-10-06T20:35:37Z,Arizona Wildcats,-3.0,-115.0,2026,2026-10-06T20:35:54Z,1647,7.233325304836652,10.01514654365114,-0.28182123881448806,9091a0b7e14eff9f94f7c6bbd29b6e9d5a25a74a6e5a4c99a99d5af04e10935e,timestamped_live_quote,FBS vs FBS
2026-10-06T20:35:54Z,5d7901b0ad44ffe1b92e18fc8d511a7e,2026-10-10T16:00:00Z,West Virginia Mountaineers,Arizona Wildcats,draftkings,DraftKings,2026-10-06T20:35:37Z,2026-10-06T20:35:37Z,West Virginia Mountaineers,3.0,-105.0,2026,2026-10-06T20:35:54Z,1647,7.233325304836652,10.01514654365114,-0.28182123881448806,9091a0b7e14eff9f94f7c6bbd29b6e9d5a25a74a6e5a4c99a99d5af04e10935e,timestamped_live_quote,FBS vs FBS
2026-10-06T20:35:54Z,5d7901b0ad44ffe1b92e18fc8d511a7e,2026-10-10T16:00:00Z,West Virginia Mountaineers,Arizona Wildcats,lowvig,LowVig.ag,2026-10-06T20:35:12Z,2026-10-06T20:35:12Z,Arizona Wildcats,-3.5,100.0,2026,2026-10-06T20:35:54Z,1647,7.233325304836652,10.01514654365114,-0.28182123881448806,9091a0b7e14eff9f94f7c6bbd29b6e9d5a25a74a6e5a4c99a99d5af04e10935e,timestamped_live_quote,FBS vs FBS
2026-10-06T20:35:54Z,5d7901b0ad44ffe1b92e18fc8d511a7e,2026-10-10T16:00:00Z,West Virginia Mountaineers,Arizona Wildcats,lowvig,LowVig.ag,2026-10-06T20:35:12Z,2026-10-06T20:35:12Z,West Virginia Mountaineers,3.5,-112.0,2026,2026-10-06T20:35:54Z,1647,7.233325304836652,10.01514654365114,-0.28182123881448806,9091a0b7e14eff9f94f7c6bbd29b6e9d5a25a74a6e5a4c99a99d5af04e10935e,timestamped_live_quote,FBS vs FBS
2026-10-06T20:35:54Z,5d7901b0ad44ffe1b92e18fc8d511a7e,2026-10-10T16:00:00Z,West Virginia Mountaineers,Arizona Wildcats,betonlineag,BetOnline.ag,2026-10-06T20:35:36Z,2026-10-06T20:35:36Z,Arizona Wildcats,-3.5,-104.0,2026,2026-10-06T20:35:54Z,1647,7.233325304836652,10.01514654365114,-0.28182123881448806,9091a0b7e14eff9f94f7c6bbd29b6e9d5a25a74a6e5a4c99a99d5af04e10935e,timestamped_live_quote,FBS vs FBS
2026-10-06T20:35:54Z,5d7901b0ad44ffe1b92e18fc8d511a7e,2026-10-10T16:00:00Z,West Virginia Mountaineers,Arizona Wildcats,betonlineag,BetOnline.ag,2026-10-06T20:35:36Z,2026-10-06T20:35:36Z,West Virginia Mountaineers,3.5,-116.0,2026,2026-10-06T20:35:54Z,1647,7.233325304836652,10.01514654365114,-0.28182123881448806,9091a0b7e14eff9f94f7c6bbd29b6e9d5a25a74a6e5a4c99a99d5af04e10935e,timestamped_live_quote,FBS vs FBS
2026-10-06T20:35:54Z,5d7901b0ad44ffe1b92e18fc8d511a7e,2026-10-10T16:00:00Z,West Virginia Mountaineers,Arizona Wildcats,mybookieag,MyBookie.ag,2026-10-06T20:35:08Z,2026-10-06T20:35:08Z,Arizona Wildcats,-3.5,-105.0,2026,2026-10-06T20:35:54Z,1647,7.233325304836652,10.01514654365114,-0.28182123881448806,9091a0b7e14eff9f94f7c6bbd29b6e9d5a25a74a6e5a4c99a99d5af04e10935e,timestamped_live_quote,FBS vs FBS
2026-10-06T20:35:54Z,5d7901b0ad44ffe1b92e18fc8d511a7e,2026-10-10T16:00:00Z,West Virginia Mountaineers,Arizona Wildcats,mybookieag,MyBookie.ag,2026-10-06T20:35:08Z,2026-10-06T20:35:08Z,West Virginia Mountaineers,3.5,-115.0,2026,2026-10-06T20:35:54Z,1647,7.233325304836652,10.01514654365114,-0.28182123881448806,9091a0b7e14eff9f94f7c6bbd29b6e9d5a25a74a6e5a4c99a99d5af04e10935e,timestamped_live_quote,FBS vs FBS
2026-10-06T20:35:54Z,5d7901b0ad44ffe1b92e18fc8d511a7e,2026-10-10T16:00:00Z,West Virginia Mountaineers,Arizona Wildcats,bovada,Bovada,2026-10-06T20:34:42Z,2026-10-06T20:34:42Z,Arizona Wildcats,-3.0,-115.0,2026,2026-10-06T20:35:54Z,1647,7.233325304836652,10.01514654365114,-0.28182123881448806,9091a0b7e14eff9f94f7c6bbd29b6e9d5a25a74a6e5a4c99a99d5af04e10935e,timestamped_live_quote,FBS vs FBS
2026-10-06T20:35:54Z,5d7901b0ad44ffe1b92e18fc8d511a7e,2026-10-10T16:00:00Z,West Virginia Mountaineers,Arizona Wildcats,bovada,Bovada,2026-10-06T20:34:42Z,2026-10-06T20:34:42Z,West Virginia Mountaineers,3.0,-105.0,2026,2026-10-06T20:35:54Z,1647,7.233325304836652,10.01514654365114,-0.28182123881448806,9091a0b7e14eff9f94f7c6bbd29b6e9d5a25a74a6e5a4c99a99d5af04e10935e,timestamped_live_quote,FBS vs FBS
2026-10-06T20:35:54Z,5d7901b0ad44ffe1b92e18fc8d511a7e,2026-10-10T16:00:00Z,West Virginia Mountaineers,Arizona Wildcats,betus,BetUS,2026-10-06T20:35:09Z,2026-10-06T20:35:09Z,Arizona Wildcats,-3.5,100.0,2026,2026-10-06T20:35:54Z,1647,7.233325304836652,10.01514654365114,-0.28182123881448806,9091a0b7e14eff9f94f7c6bbd29b6e9d5a25a74a6e5a4c99a99d5af04e10935e,timestamped_live_quote,FBS vs FBS
2026-10-06T20:35:54Z,5d7901b0ad44ffe1b92e18fc8d511a7e,2026-10-10T16:00:00Z,West Virginia Mountaineers,Arizona Wildcats,betus,BetUS,2026-10-06T20:35:09Z,2026-10-06T20:35:09Z,West Virginia Mountaineers,3.5,-120.0,2026,2026-10-06T20:35:54Z,1647,7.233325304836652,10.01514654365114,-0.28182123881448806,9091a0b7e14eff9f94f7c6bbd29b6e9d5a25a74a6e5a4c99a99d5af04e10935e,timestamped_live_quote,FBS vs FBS
2026-10-06T20:35:54Z,3350fb5023fd4b47b86d34fcc5f47c17,2026-10-10T16:00:00Z,Army Black Knights,Tulane Green Wave,draftkings,DraftKings,2026-10-06T20:35:37Z,2026-10-06T20:35:37Z,Army Black Knights,-3.0,-118.0,2026,2026-10-06T20:35:54Z,1647,8.537132942519673,0.45455285235808846,10.582580090161585,9091a0b7e14eff9f94f7c6bbd29b6e9d5a25a74a6e5a4c99a99d5af04e10935e,timestamped_live_quote,FBS vs FBS
2026-10-06T20:35:54Z,3350fb5023fd4b47b86d34fcc5f47c17,2026-10-10T16:00:00Z,Army Black Knights,Tulane Green Wave,draftkings,DraftKings,2026-10-06T20:35:37Z,2026-10-06T20:35:37Z,Tulane Green Wave,3.0,-102.0,2026,2026-10-06T20:35:54Z,1647,8.537132942519673,0.45455285235808846,10.582580090161585,9091a0b7e14eff9f94f7c6bbd29b6e9d5a25a74a6e5a4c99a99d5af04e10935e,timestamped_live_quote,FBS vs FBS
2026-10-06T20:35:54Z,3350fb5023fd4b47b86d34fcc5f47c17,2026-10-10T16:00:00Z,Army Black Knights,Tulane Green Wave,betonlineag,BetOnline.ag,2026-10-06T20:35:36Z,2026-10-06T20:35:36Z,Army Black Knights,-3.0,-115.0,2026,2026-10-06T20:35:54Z,1647,8.537132942519673,0.45455285235808846,10.582580090161585,9091a0b7e14eff9f94f7c6bbd29b6e9d5a25a74a6e5a4c99a99d5af04e10935e,timestamped_live_quote,FBS vs FBS
2026-10-06T20:35:54Z,3350fb5023fd4b47b86d34fcc5f47c17,2026-10-10T16:00:00Z,Army Black Knights,Tulane Green Wave,betonlineag,BetOnline.ag,2026-10-06T20:35:36Z,2026-10-06T20:35:36Z,Tulane Green Wave,3.0,-105.0,2026,2026-10-06T20:35:54Z,1647,8.537132942519673,0.45455285235808846,10.582580090161585,9091a0b7e14eff9f94f7c6bbd29b6e9d5a25a74a6e5a4c99a99d5af04e10935e,timestamped_live_quote,FBS vs FBS
2026-10-06T20:35:54Z,3350fb5023fd4b47b86d34fcc5f47c17,2026-10-10T16:00:00Z,Army Black Knights,Tulane Green Wave,lowvig,LowVig.ag,2026-10-06T20:35:12Z,2026-10-06T20:35:12Z,Army Black Knights,-3.0,-111.0,2026,2026-10-06T20:35:54Z,1647,8.537132942519673,0.45455285235808846,10.582580090161585,9091a0b7e14eff9f94f7c6bbd29b6e9d5a25a74a6e5a4c99a99d5af04e10935e,timestamped_live_quote,FBS vs FBS
2026-10-06T20:35:54Z,3350fb5023fd4b47b86d34fcc5f47c17,2026-10-10T16:00:00Z,Army Black Knights,Tulane Green Wave,lowvig,LowVig.ag,2026-10-06T20:35:12Z,2026-10-06T20:35:12Z,Tulane Green Wave,3.0,-101.0,2026,2026-10-06T20:35:54Z,1647,8.537132942519673,0.45455285235808846,10.582580090161585,9091a0b7e14eff9f94f7c6bbd29b6e9d5a25a74a6e5a4c99a99d5af04e10935e,timestamped_live_quote,FBS vs FBS
2026-10-06T20:35:54Z,3350fb5023fd4b47b86d34fcc5f47c17,2026-10-10T16:00:00Z,Army Black Knights,Tulane Green Wave,fanduel,FanDuel,2026-10-06T20:35:39Z,2026-10-06T20:35:38Z,Army Black Knights,-3.5,-105.0,2026,2026-10-06T20:35:54Z,1647,8.537132942519673,0.45455285235808846,10.582580090161585,9091a0b7e14eff9f94f7c6bbd29b6e9d5a25a74a6e5a4c99a99d5af04e10935e,timestamped_live_quote,FBS vs FBS
2026-10-06T20:35:54Z,3350fb5023fd4b47b86d34fcc5f47c17,2026-10-10T16:00:00Z,Army Black Knights,Tulane Green Wave,fanduel,FanDuel,2026-10-06T20:35:39Z,2026-10-06T20:35:38Z,Tulane Green Wave,3.5,-115.0,2026,2026-10-06T20:35:54Z,1647,8.537132942519673,0.45455285235808846,10.582580090161585,9091a0b7e14eff9f94f7c6bbd29b6e9d5a25a74a6e5a4c99a99d5af04e10935e,timestamped_live_quote,FBS vs FBS
2026-10-06T20:35:54Z,3350fb5023fd4b47b86d34fcc5f47c17,2026-10-10T16:00:00Z,Army Black Knights,Tulane Green Wave,betrivers,BetRivers,2026-10-06T20:35:40Z,2026-10-06T20:35:40Z,Army Black Knights,-3.5,-110.0,2026,2026-10-06T20:35:54Z,1647,8.537132942519673,0.45455285235808846,10.582580090161585,9091a0b7e14eff9f94f7c6bbd29b6e9d5a25a74a6e5a4c99a99d5af04e10935e,timestamped_live_quote,FBS vs FBS
2026-10-06T20:35:54Z,3350fb5023fd4b47b86d34fcc5f47c17,2026-10-10T16:00:00Z,Army Black Knights,Tulane Green Wave,betrivers,BetRivers,2026-10-06T20:35:40Z,2026-10-06T20:35:40Z,Tulane Green Wave,3.5,-113.0,2026,2026-10-06T20:35:54Z,1647,8.537132942519673,0.45455285235808846,10.582580090161585,9091a0b7e14eff9f94f7c6bbd29b6e9d5a25a74a6e5a4c99a99d5af04e10935e,timestamped_live_quote,FBS vs FBS
2026-10-06T20:35:54Z,3350fb5023fd4b47b86d34fcc5f47c17,2026-10-10T16:00:00Z,Army Black Knights,Tulane Green Wave,betmgm,BetMGM,2026-10-06T20:35:16Z,2026-10-06T20:35:16Z,Army Black Knights,-3.5,-108.0,2026,2026-10-06T20:35:54Z,1647,8.537132942519673,0.45455285235808846,10.582580090161585,9091a0b7e14eff9f94f7c6bbd29b6e9d5a25a74a6e5a4c99a99d5af04e10935e,timestamped_live_quote,FBS vs FBS
2026-10-06T20:35:54Z,3350fb5023fd4b47b86d34fcc5f47c17,2026-10-10T16:00:00Z,Army Black Knights,Tulane Green Wave,betmgm,BetMGM,2026-10-06T20:35:16Z,2026-10-06T20:35:16Z,Tulane Green Wave,3.5,-110.0,2026,2026-10-06T20:35:54Z,1647,8.537132942519673,0.45455285235808846,10.582580090161585,9091a0b7e14eff9f94f7c6bbd29b6e9d5a25a74a6e5a4c99a99d5af04e10935e,timestamped_live_quote,FBS vs FBS
2026-10-06T20:35:54Z,3350fb5023fd4b47b86d34fcc5f47c17,2026-10-10T16:00:00Z,Army Black Knights,Tulane Green Wave,mybookieag,MyBookie.ag,2026-10-06T20:35:08Z,2026-10-06T20:35:08Z,Army Black Knights,-3.0,-110.0,2026,2026-10-06T20:35:54Z,1647,8.537132942519673,0.45455285235808846,10.582580090161585,9091a0b7e14eff9f94f7c6bbd29b6e9d5a25a74a6e5a4c99a99d5af04e10935e,timestamped_live_quote,FBS vs FBS
2026-10-06T20:35:54Z,3350fb5023fd4b47b86d34fcc5f47c17,2026-10-10T16:00:00Z,Army Black Knights,Tulane Green Wave,mybookieag,MyBookie.ag,2026-10-06T20:35:08Z,2026-10-06T20:35:08Z,Tulane Green Wave,3.0,-110.0,2026,2026-10-06T20:35:54Z,1647,8.537132942519673,0.45455285235808846,10.582580090161585,9091a0b7e14eff9f94f7c6bbd29b6e9d5a25a74a6e5a4c99a99d5af04e10935e,timestamped_live_quote,FBS vs FBS
2026-10-06T20:35:54Z,3350fb5023fd4b47b86d34fcc5f47c17,2026-10-10T16:00:00Z,Army Black Knights,Tulane Green Wave,bovada,Bovada,2026-10-06T20:34:42Z,2026-10-06T20:34:42Z,Army Black Knights,-3.0,-115.0,2026,2026-10-06T20:35:54Z,1647,8.537132942519673,0.45455285235808846,10.582580090161585,9091a0b7e14eff9f94f7c6bbd29b6e9d5a25a74a6e5a4c99a99d5af04e10935e,timestamped_live_quote,FBS vs FBS
2026-10-06T20:35:54Z,3350fb5023fd4b47b86d34fcc5f47c17,2026-10-10T16:00:00Z,Army Black Knights,Tulane Green Wave,bovada,Bovada,2026-10-06T20:34:42Z,2026-10-06T20:34:42Z,Tulane Green Wave,3.0,-105.0,2026,2026-10-06T20:35:54Z,1647,8.537132942519673,0.45455285235808846,10.582580090161585,9091a0b7e14eff9f94f7c6bbd29b6e9d5a25a74a6e5a4c99a99d5af04e10935e,timestamped_live_quote,FBS vs FBS
2026-10-06T20:35:54Z,3350fb5023fd4b47b86d34fcc5f47c17,2026-10-10T16:00:00Z,Army Black Knights,Tulane Green Wave,betus,BetUS,2026-10-06T20:35:09Z,2026-10-06T20:35:09Z,Army Black Knights,-3.0,-115.0,2026,2026-10-06T20:35:54Z,1647,8.537132942519673,0.45455285235808846,10.582580090161585,9091a0b7e14eff9f94f7c6bbd29b6e9d5a25a74a6e5a4c99a99d5af04e10935e,timestamped_live_quote,FBS vs FBS
2026-10-06T20:35:54Z,3350fb5023fd4b47b86d34fcc5f47c17,2026-10-10T16:00:00Z,Army Black Knights,Tulane Green Wave,betus,BetUS,2026-10-06T20:35:09Z,2026-10-06T20:35:09Z,Tulane Green Wave,3.0,-105.0,2026,2026-10-06T20:35:54Z,1647,8.537132942519673,0.45455285235808846,10.582580090161585,9091a0b7e14eff9f94f7c6bbd29b6e9d5a25a74a6e5a4c99a99d5af04e10935e,timestamped_live_quote,FBS vs FBS
2026-10-06T20:35:54Z,5a88faaeb5fcbb11e975498eca213c27,2026-10-10T16:00:00Z,Bowling Green Falcons,Sacramento State Hornets,draftkings,DraftKings,2026-10-06T20:35:37Z,2026-10-06T20:35:37Z,Bowling Green Falcons,-7.5,-105.0,2026,2026-10-06T20:35:54Z,1647,-7.567884009790715,-5.518742496901905,0.4508584871111898,9091a0b7e14eff9f94f7c6bbd29b6e9d5a25a74a6e5a4c99a99d5af04e10935e,timestamped_live_quote,FBS vs FBS
2026-10-06T20:35:54Z,5a88faaeb5fcbb11e975498eca213c27,2026-10-10T16:00:00Z,Bowling Green Falcons,Sacramento State Hornets,draftkings,DraftKings,2026-10-06T20:35:37Z,2026-10-06T20:35:37Z,Sacramento State Hornets,7.5,-115.0,2026,2026-10-06T20:35:54Z,1647,-7.567884009790715,-5.518742496901905,0.4508584871111898,9091a0b7e14eff9f94f7c6bbd29b6e9d5a25a74a6e5a4c99a99d5af04e10935e,timestamped_live_quote,FBS vs FBS
2026-10-06T20:35:54Z,5a88faaeb5fcbb11e975498eca213c27,2026-10-10T16:00:00Z,Bowling Green Falcons,Sacramento State Hornets,fanduel,FanDuel,2026-10-06T20:35:39Z,2026-10-06T20:35:38Z,Bowling Green Falcons,-7.5,-110.0,2026,2026-10-06T20:35:54Z,1647,-7.567884009790715,-5.518742496901905,0.4508584871111898,9091a0b7e14eff9f94f7c6bbd29b6e9d5a25a74a6e5a4c99a99d5af04e10935e,timestamped_live_quote,FBS vs FBS
2026-10-06T20:35:54Z,5a88faaeb5fcbb11e975498eca213c27,2026-10-10T16:00:00Z,Bowling Green Falcons,Sacramento State Hornets,fanduel,FanDuel,2026-10-06T20:35:39Z,2026-10-06T20:35:38Z,Sacramento State Hornets,7.5,-110.0,2026,2026-10-06T20:35:54Z,1647,-7.567884009790715,-5.518742496901905,0.4508584871111898,9091a0b7e14eff9f94f7c6bbd29b6e9d5a25a74a6e5a4c99a99d5af04e10935e,timestamped_live_quote,FBS vs FBS
2026-10-06T20:35:54Z,5a88faaeb5fcbb11e975498eca213c27,2026-10-10T16:00:00Z,Bowling Green Falcons,Sacramento State Hornets,betrivers,BetRivers,2026-10-06T20:35:40Z,2026-10-06T20:35:40Z,Bowling Green Falcons,-7.5,-112.0,2026,2026-10-06T20:35:54Z,1647,-7.567884009790715,-5.518742496901905,0.4508584871111898,9091a0b7e14eff9f94f7c6bbd29b6e9d5a25a74a6e5a4c99a99d5af04e10935e,timestamped_live_quote,FBS vs FBS
2026-10-06T20:35:54Z,5a88faaeb5fcbb11e975498eca213c27,2026-10-10T16:00:00Z,Bowling Green Falcons,Sacramento State Hornets,betrivers,BetRivers,2026-10-06T20:35:40Z,2026-10-06T20:35:40Z,Sacramento State Hornets,7.5,-112.0,2026,2026-10-06T20:35:54Z,1647,-7.567884009790715,-5.518742496901905,0.4508584871111898,9091a0b7e14eff9f94f7c6bbd29b6e9d5a25a74a6e5a4c99a99d5af04e10935e,timestamped_live_quote,FBS vs FBS
2026-10-06T20:35:54Z,5a88faaeb5fcbb11e975498eca213c27,2026-10-10T16:00:00Z,Bowling Green Falcons,Sacramento State Hornets,lowvig,LowVig.ag,2026-10-06T20:35:12Z,2026-10-06T20:35:12Z,Bowling Green Falcons,-7.0,-116.0,2026,2026-10-06T20:35:54Z,1647,-7.567884009790715,-5.518742496901905,0.4508584871111898,9091a0b7e14eff9f94f7c6bbd29b6e9d5a25a74a6e5a4c99a99d5af04e10935e,timestamped_live_quote,FBS vs FBS
2026-10-06T20:35:54Z,5a88faaeb5fcbb11e975498eca213c27,2026-10-10T16:00:00Z,Bowling Green Falcons,Sacramento State Hornets,lowvig,LowVig.ag,2026-10-06T20:35:12Z,2026-10-06T20:35:12Z,Sacramento State Hornets,7.0,104.0,2026,2026-10-06T20:35:54Z,1647,-7.567884009790715,-5.518742496901905,0.4508584871111898,9091a0b7e14eff9f94f7c6bbd29b6e9d5a25a74a6e5a4c99a99d5af04e10935e,timestamped_live_quote,FBS vs FBS
2026-10-06T20:35:54Z,5a88faaeb5fcbb11e975498eca213c27,2026-10-10T16:00:00Z,Bowling Green Falcons,Sacramento State Hornets,betonlineag,BetOnline.ag,2026-10-06T20:35:36Z,2026-10-06T20:35:36Z,Bowling Green Falcons,-7.0,-120.0,2026,2026-10-06T20:35:54Z,1647,-7.567884009790715,-5.518742496901905,0.4508584871111898,9091a0b7e14eff9f94f7c6bbd29b6e9d5a25a74a6e5a4c99a99d5af04e10935e,timestamped_live_quote,FBS vs FBS
2026-10-06T20:35:54Z,5a88faaeb5fcbb11e975498eca213c27,2026-10-10T16:00:00Z,Bowling Green Falcons,Sacramento State Hornets,betonlineag,BetOnline.ag,2026-10-06T20:35:36Z,2026-10-06T20:35:36Z,Sacramento State Hornets,7.0,100.0,2026,2026-10-06T20:35:54Z,1647,-7.567884009790715,-5.518742496901905,0.4508584871111898,9091a0b7e14eff9f94f7c6bbd29b6e9d5a25a74a6e5a4c99a99d5af04e10935e,timestamped_live_quote,FBS vs FBS
2026-10-06T20:35:54Z,5a88faaeb5fcbb11e975498eca213c27,2026-10-10T16:00:00Z,Bowling Green Falcons,Sacramento State Hornets,betmgm,BetMGM,2026-10-06T20:35:16Z,2026-10-06T20:35:16Z,Bowling Green Falcons,-7.5,-108.0,2026,2026-10-06T20:35:54Z,1647,-7.567884009790715,-5.518742496901905,0.4508584871111898,9091a0b7e14eff9f94f7c6bbd29b6e9d5a25a74a6e5a4c99a99d5af04e10935e,timestamped_live_quote,FBS vs FBS
2026-10-06T20:35:54Z,5a88faaeb5fcbb11e975498eca213c27,2026-10-10T16:00:00Z,Bowling Green Falcons,Sacramento State Hornets,betmgm,BetMGM,2026-10-06T20:35:16Z,2026-10-06T20:35:16Z,Sacramento State Hornets,7.5,-110.0,2026,2026-10-06T20:35:54Z,1647,-7.567884009790715,-5.518742496901905,0.4508584871111898,9091a0b7e14eff9f94f7c6bbd29b6e9d5a25a74a6e5a4c99a99d5af04e10935e,timestamped_live_quote,FBS vs FBS
2026-10-06T20:35:54Z,5a88faaeb5fcbb11e975498eca213c27,2026-10-10T16:00:00Z,Bowling Green Falcons,Sacramento State Hornets,mybookieag,MyBookie.ag,2026-10-06T20:35:08Z,2026-10-06T20:35:08Z,Bowling Green Falcons,-7.5,-110.0,2026,2026-10-06T20:35:54Z,1647,-7.567884009790715,-5.518742496901905,0.4508584871111898,9091a0b7e14eff9f94f7c6bbd29b6e9d5a25a74a6e5a4c99a99d5af04e10935e,timestamped_live_quote,FBS vs FBS
2026-10-06T20:35:54Z,5a88faaeb5fcbb11e975498eca213c27,2026-10-10T16:00:00Z,Bowling Green Falcons,Sacramento State Hornets,mybookieag,MyBookie.ag,2026-10-06T20:35:08Z,2026-10-06T20:35:08Z,Sacramento State Hornets,7.5,-110.0,2026,2026-10-06T20:35:54Z,1647,-7.567884009790715,-5.518742496901905,0.4508584871111898,9091a0b7e14eff9f94f7c6bbd29b6e9d5a25a74a6e5a4c99a99d5af04e10935e,timestamped_live_quote,FBS vs FBS
2026-10-06T20:35:54Z,5a88faaeb5fcbb11e975498eca213c27,2026-10-10T16:00:00Z,Bowling Green Falcons,Sacramento State Hornets,bovada,Bovada,2026-10-06T20:34:42Z,2026-10-06T20:34:42Z,Bowling Green Falcons,-7.5,-105.0,2026,2026-10-06T20:35:54Z,1647,-7.567884009790715,-5.518742496901905,0.4508584871111898,9091a0b7e14eff9f94f7c6bbd29b6e9d5a25a74a6e5a4c99a99d5af04e10935e,timestamped_live_quote,FBS vs FBS
2026-10-06T20:35:54Z,5a88faaeb5fcbb11e975498eca213c27,2026-10-10T16:00:00Z,Bowling Green Falcons,Sacramento State Hornets,bovada,Bovada,2026-10-06T20:34:42Z,2026-10-06T20:34:42Z,Sacramento State Hornets,7.5,-115.0,2026,2026-10-06T20:35:54Z,1647,-7.567884009790715,-5.518742496901905,0.4508584871111898,9091a0b7e14eff9f94f7c6bbd29b6e9d5a25a74a6e5a4c99a99d5af04e10935e,timestamped_live_quote,FBS vs FBS
2026-10-06T20:35:54Z,5a88faaeb5fcbb11e975498eca213c27,2026-10-10T16:00:00Z,Bowling Green Falcons,Sacramento State Hornets,betus,BetUS,2026-10-06T20:35:09Z,2026-10-06T20:35:09Z,Bowling Green Falcons,-7.5,-110.0,2026,2026-10-06T20:35:54Z,1647,-7.567884009790715,-5.518742496901905,0.4508584871111898,9091a0b7e14eff9f94f7c6bbd29b6e9d5a25a74a6e5a4c99a99d5af04e10935e,timestamped_live_quote,FBS vs FBS
2026-10-06T20:35:54Z,5a88faaeb5fcbb11e975498eca213c27,2026-10-10T16:00:00Z,Bowling Green Falcons,Sacramento State Hornets,betus,BetUS,2026-10-06T20:35:09Z,2026-10-06T20:35:09Z,Sacramento State Hornets,7.5,-110.0,2026,2026-10-06T20:35:54Z,1647,-7.567884009790715,-5.518742496901905,0.4508584871111898,9091a0b7e14eff9f94f7c6bbd29b6e9d5a25a74a6e5a4c99a99d5af04e10935e,timestamped_live_quote,FBS vs FBS
2026-10-06T20:35:54Z,3e691b53c660a64495a44816768176e8,2026-10-10T16:00:00Z,Nebraska Cornhuskers,Indiana Hoosiers,fanduel,FanDuel,2026-10-06T20:35:39Z,2026-10-06T20:35:38Z,Indiana Hoosiers,-7.5,-112.0,2026,2026-10-06T20:35:54Z,1647,16.127461851135983,18.227672811637603,0.39978903949837985,9091a0b7e14eff9f94f7c6bbd29b6e9d5a25a74a6e5a4c99a99d5af04e10935e,timestamped_live_quote,FBS vs FBS
2026-10-06T20:35:54Z,3e691b53c660a64495a44816768176e8,2026-10-10T16:00:00Z,Nebraska Cornhuskers,Indiana Hoosiers,fanduel,FanDuel,2026-10-06T20:35:39Z,2026-10-06T20:35:38Z,Nebraska Cornhuskers,7.5,-108.0,2026,2026-10-06T20:35:54Z,1647,16.127461851135983,18.227672811637603,0.39978903949837985,9091a0b7e14eff9f94f7c6bbd29b6e9d5a25a74a6e5a4c99a99d5af04e10935e,timestamped_live_quote,FBS vs FBS
2026-10-06T20:35:54Z,3e691b53c660a64495a44816768176e8,2026-10-10T16:00:00Z,Nebraska Cornhuskers,Indiana Hoosiers,draftkings,DraftKings,2026-10-06T20:35:37Z,2026-10-06T20:35:37Z,Indiana Hoosiers,-7.5,-105.0,2026,2026-10-06T20:35:54Z,1647,16.127461851135983,18.227672811637603,0.39978903949837985,9091a0b7e14eff9f94f7c6bbd29b6e9d5a25a74a6e5a4c99a99d5af04e10935e,timestamped_live_quote,FBS vs FBS
2026-10-06T20:35:54Z,3e691b53c660a64495a44816768176e8,2026-10-10T16:00:00Z,Nebraska Cornhuskers,Indiana Hoosiers,draftkings,DraftKings,2026-10-06T20:35:37Z,2026-10-06T20:35:37Z,Nebraska Cornhuskers,7.5,-115.0,2026,2026-10-06T20:35:54Z,1647,16.127461851135983,18.227672811637603,0.39978903949837985,9091a0b7e14eff9f94f7c6bbd29b6e9d5a25a74a6e5a4c99a99d5af04e10935e,timestamped_live_quote,FBS vs FBS
2026-10-06T20:35:54Z,3e691b53c660a64495a44816768176e8,2026-10-10T16:00:00Z,Nebraska Cornhuskers,Indiana Hoosiers,betrivers,BetRivers,2026-10-06T20:35:40Z,2026-10-06T20:35:40Z,Indiana Hoosiers,-7.5,-112.0,2026,2026-10-06T20:35:54Z,1647,16.127461851135983,18.227672811637603,0.39978903949837985,9091a0b7e14eff9f94f7c6bbd29b6e9d5a25a74a6e5a4c99a99d5af04e10935e,timestamped_live_quote,FBS vs FBS
2026-10-06T20:35:54Z,3e691b53c660a64495a44816768176e8,2026-10-10T16:00:00Z,Nebraska Cornhuskers,Indiana Hoosiers,betrivers,BetRivers,2026-10-06T20:35:40Z,2026-10-06T20:35:40Z,Nebraska Cornhuskers,7.5,-112.0,2026,2026-10-06T20:35:54Z,1647,16.127461851135983,18.227672811637603,0.39978903949837985,9091a0b7e14eff9f94f7c6bbd29b6e9d5a25a74a6e5a4c99a99d5af04e10935e,timestamped_live_quote,FBS vs FBS
2026-10-06T20:35:54Z,3e691b53c660a64495a44816768176e8,2026-10-10T16:00:00Z,Nebraska Cornhuskers,Indiana Hoosiers,betmgm,BetMGM,2026-10-06T20:35:16Z,2026-10-06T20:35:16Z,Indiana Hoosiers,-7.5,-105.0,2026,2026-10-06T20:35:54Z,1647,16.127461851135983,18.227672811637603,0.39978903949837985,9091a0b7e14eff9f94f7c6bbd29b6e9d5a25a74a6e5a4c99a99d5af04e10935e,timestamped_live_quote,FBS vs FBS
2026-10-06T20:35:54Z,3e691b53c660a64495a44816768176e8,2026-10-10T16:00:00Z,Nebraska Cornhuskers,Indiana Hoosiers,betmgm,BetMGM,2026-10-06T20:35:16Z,2026-10-06T20:35:16Z,Nebraska Cornhuskers,7.5,-112.0,2026,2026-10-06T20:35:54Z,1647,16.127461851135983,18.227672811637603,0.39978903949837985,9091a0b7e14eff9f94f7c6bbd29b6e9d5a25a74a6e5a4c99a99d5af04e10935e,timestamped_live_quote,FBS vs FBS
2026-10-06T20:35:54Z,3e691b53c660a64495a44816768176e8,2026-10-10T16:00:00Z,Nebraska Cornhuskers,Indiana Hoosiers,lowvig,LowVig.ag,2026-10-06T20:35:12Z,2026-10-06T20:35:12Z,Indiana Hoosiers,-7.0,-114.0,2026,2026-10-06T20:35:54Z,1647,16.127461851135983,18.227672811637603,0.39978903949837985,9091a0b7e14eff9f94f7c6bbd29b6e9d5a25a74a6e5a4c99a99d5af04e10935e,timestamped_live_quote,FBS vs FBS
2026-10-06T20:35:54Z,3e691b53c660a64495a44816768176e8,2026-10-10T16:00:00Z,Nebraska Cornhuskers,Indiana Hoosiers,lowvig,LowVig.ag,2026-10-06T20:35:12Z,2026-10-06T20:35:12Z,Nebraska Cornhuskers,7.0,102.0,2026,2026-10-06T20:35:54Z,1647,16.127461851135983,18.227672811637603,0.39978903949837985,9091a0b7e14eff9f94f7c6bbd29b6e9d5a25a74a6e5a4c99a99d5af04e10935e,timestamped_live_quote,FBS vs FBS
2026-10-06T20:35:54Z,3e691b53c660a64495a44816768176e8,2026-10-10T16:00:00Z,Nebraska Cornhuskers,Indiana Hoosiers,betonlineag,BetOnline.ag,2026-10-06T20:35:36Z,2026-10-06T20:35:36Z,Indiana Hoosiers,-7.0,-118.0,2026,2026-10-06T20:35:54Z,1647,16.127461851135983,18.227672811637603,0.39978903949837985,9091a0b7e14eff9f94f7c6bbd29b6e9d5a25a74a6e5a4c99a99d5af04e10935e,timestamped_live_quote,FBS vs FBS
2026-10-06T20:35:54Z,3e691b53c660a64495a44816768176e8,2026-10-10T16:00:00Z,Nebraska Cornhuskers,Indiana Hoosiers,betonlineag,BetOnline.ag,2026-10-06T20:35:36Z,2026-10-06T20:35:36Z,Nebraska Cornhuskers,7.0,-102.0,2026,2026-10-06T20:35:54Z,1647,16.127461851135983,18.227672811637603,0.39978903949837985,9091a0b7e14eff9f94f7c6bbd29b6e9d5a25a74a6e5a4c99a99d5af04e10935e,timestamped_live_quote,FBS vs FBS
2026-10-06T20:35:54Z,3e691b53c660a64495a44816768176e8,2026-10-10T16:00:00Z,Nebraska Cornhuskers,Indiana Hoosiers,bovada,Bovada,2026-10-06T20:34:42Z,2026-10-06T20:34:42Z,Indiana Hoosiers,-7.0,-115.0,2026,2026-10-06T20:35:54Z,1647,16.127461851135983,18.227672811637603,0.39978903949837985,9091a0b7e14eff9f94f7c6bbd29b6e9d5a25a74a6e5a4c99a99d5af04e10935e,timestamped_live_quote,FBS vs FBS
2026-10-06T20:35:54Z,3e691b53c660a64495a44816768176e8,2026-10-10T16:00:00Z,Nebraska Cornhuskers,Indiana Hoosiers,bovada,Bovada,2026-10-06T20:34:42Z,2026-10-06T20:34:42Z,Nebraska Cornhuskers,7.0,-105.0,2026,2026-10-06T20:35:54Z,1647,16.127461851135983,18.227672811637603,0.39978903949837985,9091a0b7e14eff9f94f7c6bbd29b6e9d5a25a74a6e5a4c99a99d5af04e10935e,timestamped_live_quote,FBS vs FBS
2026-10-06T20:35:54Z,3e691b53c660a64495a44816768176e8,2026-10-10T16:00:00Z,Nebraska Cornhuskers,Indiana Hoosiers,betus,BetUS,2026-10-06T20:35:09Z,2026-10-06T20:35:09Z,Indiana Hoosiers,-7.0,-120.0,2026,2026-10-06T20:35:54Z,1647,16.127461851135983,18.227672811637603,0.39978903949837985,9091a0b7e14eff9f94f7c6bbd29b6e9d5a25a74a6e5a4c99a99d5af04e10935e,timestamped_live_quote,FBS vs FBS
2026-10-06T20:35:54Z,3e691b53c660a64495a44816768176e8,2026-10-10T16:00:00Z,Nebraska Cornhuskers,Indiana Hoosiers,betus,BetUS,2026-10-06T20:35:09Z,2026-10-06T20:35:09Z,Nebraska Cornhuskers,7.0,100.0,2026,2026-10-06T20:35:54Z,1647,16.127461851135983,18.227672811637603,0.39978903949837985,9091a0b7e14eff9f94f7c6bbd29b6e9d5a25a74a6e5a4c99a99d5af04e10935e,timestamped_live_quote,FBS vs FBS
2026-10-06T20:35:54Z,9e243e91f8f94e6431da5cc5c3cc8fda,2026-10-10T16:00:00Z,Missouri Tigers,Texas A&M Aggies,draftkings,DraftKings,2026-10-06T20:35:37Z,2026-10-06T20:35:37Z,Missouri Tigers,-3.5,-110.0,2026,2026-10-06T20:35:54Z,1647,13.488131479010185,9.649995781263453,6.338135697746733,9091a0b7e14eff9f94f7c6bbd29b6e9d5a25a74a6e5a4c99a99d5af04e10935e,timestamped_live_quote,FBS vs FBS
2026-10-06T20:35:54Z,9e243e91f8f94e6431da5cc5c3cc8fda,2026-10-10T16:00:00Z,Missouri Tigers,Texas A&M Aggies,draftkings,DraftKings,2026-10-06T20:35:37Z,2026-10-06T20:35:37Z,Texas A&M Aggies,3.5,-110.0,2026,2026-10-06T20:35:54Z,1647,13.488131479010185,9.649995781263453,6.338135697746733,9091a0b7e14eff9f94f7c6bbd29b6e9d5a25a74a6e5a4c99a99d5af04e10935e,timestamped_live_quote,FBS vs FBS
2026-10-06T20:35:54Z,9e243e91f8f94e6431da5cc5c3cc8fda,2026-10-10T16:00:00Z,Missouri Tigers,Texas A&M Aggies,betrivers,BetRivers,2026-10-06T20:35:40Z,2026-10-06T20:35:40Z,Missouri Tigers,-3.5,-109.0,2026,2026-10-06T20:35:54Z,1647,13.488131479010185,9.649995781263453,6.338135697746733,9091a0b7e14eff9f94f7c6bbd29b6e9d5a25a74a6e5a4c99a99d5af04e10935e,timestamped_live_quote,FBS vs FBS
2026-10-06T20:35:54Z,9e243e91f8f94e6431da5cc5c3cc8fda,2026-10-10T16:00:00Z,Missouri Tigers,Texas A&M Aggies,betrivers,BetRivers,2026-10-06T20:35:40Z,2026-10-06T20:35:40Z,Texas A&M Aggies,3.5,-114.0,2026,2026-10-06T20:35:54Z,1647,13.488131479010185,9.649995781263453,6.338135697746733,9091a0b7e14eff9f94f7c6bbd29b6e9d5a25a74a6e5a4c99a99d5af04e10935e,timestamped_live_quote,FBS vs FBS
2026-10-06T20:35:54Z,9e243e91f8f94e6431da5cc5c3cc8fda,2026-10-10T16:00:00Z,Missouri Tigers,Texas A&M Aggies,mybookieag,MyBookie.ag,2026-10-06T20:35:08Z,2026-10-06T20:35:08Z,Missouri Tigers,-3.5,-110.0,2026,2026-10-06T20:35:54Z,1647,13.488131479010185,9.649995781263453,6.338135697746733,9091a0b7e14eff9f94f7c6bbd29b6e9d5a25a74a6e5a4c99a99d5af04e10935e,timestamped_live_quote,FBS vs FBS
2026-10-06T20:35:54Z,9e243e91f8f94e6431da5cc5c3cc8fda,2026-10-10T16:00:00Z,Missouri Tigers,Texas A&M Aggies,mybookieag,MyBookie.ag,2026-10-06T20:35:08Z,2026-10-06T20:35:08Z,Texas A&M Aggies,3.5,-110.0,2026,2026-10-06T20:35:54Z,1647,13.488131479010185,9.649995781263453,6.338135697746733,9091a0b7e14eff9f94f7c6bbd29b6e9d5a25a74a6e5a4c99a99d5af04e10935e,timestamped_live_quote,FBS vs FBS
2026-10-06T20:35:54Z,9e243e91f8f94e6431da5cc5c3cc8fda,2026-10-10T16:00:00Z,Missouri Tigers,Texas A&M Aggies,fanduel,FanDuel,2026-10-06T20:35:39Z,2026-10-06T20:35:38Z,Missouri Tigers,-3.5,-110.0,2026,2026-10-06T20:35:54Z,1647,13.488131479010185,9.649995781263453,6.338135697746733,9091a0b7e14eff9f94f7c6bbd29b6e9d5a25a74a6e5a4c99a99d5af04e10935e,timestamped_live_quote,FBS vs FBS
2026-10-06T20:35:54Z,9e243e91f8f94e6431da5cc5c3cc8fda,2026-10-10T16:00:00Z,Missouri Tigers,Texas A&M Aggies,fanduel,FanDuel,2026-10-06T20:35:39Z,2026-10-06T20:35:38Z,Texas A&M Aggies,3.5,-110.0,2026,2026-10-06T20:35:54Z,1647,13.488131479010185,9.649995781263453,6.338135697746733,9091a0b7e14eff9f94f7c6bbd29b6e9d5a25a74a6e5a4c99a99d5af04e10935e,timestamped_live_quote,FBS vs FBS
2026-10-06T20:35:54Z,9e243e91f8f94e6431da5cc5c3cc8fda,2026-10-10T16:00:00Z,Missouri Tigers,Texas A&M Aggies,betmgm,BetMGM,2026-10-06T20:35:16Z,2026-10-06T20:35:16Z,Missouri Tigers,-3.5,-110.0,2026,2026-10-06T20:35:54Z,1647,13.488131479010185,9.649995781263453,6.338135697746733,9091a0b7e14eff9f94f7c6bbd29b6e9d5a25a74a6e5a4c99a99d5af04e10935e,timestamped_live_quote,FBS vs FBS
2026-10-06T20:35:54Z,9e243e91f8f94e6431da5cc5c3cc8fda,2026-10-10T16:00:00Z,Missouri Tigers,Texas A&M Aggies,betmgm,BetMGM,2026-10-06T20:35:16Z,2026-10-06T20:35:16Z,Texas A&M Aggies,3.5,-108.0,2026,2026-10-06T20:35:54Z,1647,13.488131479010185,9.649995781263453,6.338135697746733,9091a0b7e14eff9f94f7c6bbd29b6e9d5a25a74a6e5a4c99a99d5af04e10935e,timestamped_live_quote,FBS vs FBS
2026-10-06T20:35:54Z,9e243e91f8f94e6431da5cc5c3cc8fda,2026-10-10T16:00:00Z,Missouri Tigers,Texas A&M Aggies,betonlineag,BetOnline.ag,2026-10-06T20:35:36Z,2026-10-06T20:35:36Z,Missouri Tigers,-3.5,-112.0,2026,2026-10-06T20:35:54Z,1647,13.488131479010185,9.649995781263453,6.338135697746733,9091a0b7e14eff9f94f7c6bbd29b6e9d5a25a74a6e5a4c99a99d5af04e10935e,timestamped_live_quote,FBS vs FBS
2026-10-06T20:35:54Z,9e243e91f8f94e6431da5cc5c3cc8fda,2026-10-10T16:00:00Z,Missouri Tigers,Texas A&M Aggies,betonlineag,BetOnline.ag,2026-10-06T20:35:36Z,2026-10-06T20:35:36Z,Texas A&M Aggies,3.5,-108.0,2026,2026-10-06T20:35:54Z,1647,13.488131479010185,9.649995781263453,6.338135697746733,9091a0b7e14eff9f94f7c6bbd29b6e9d5a25a74a6e5a4c99a99d5af04e10935e,timestamped_live_quote,FBS vs FBS
2026-10-06T20:35:54Z,9e243e91f8f94e6431da5cc5c3cc8fda,2026-10-10T16:00:00Z,Missouri Tigers,Texas A&M Aggies,lowvig,LowVig.ag,2026-10-06T20:35:12Z,2026-10-06T20:35:12Z,Missouri Tigers,-3.5,-108.0,2026,2026-10-06T20:35:54Z,1647,13.488131479010185,9.649995781263453,6.338135697746733,9091a0b7e14eff9f94f7c6bbd29b6e9d5a25a74a6e5a4c99a99d5af04e10935e,timestamped_live_quote,FBS vs FBS
2026-10-06T20:35:54Z,9e243e91f8f94e6431da5cc5c3cc8fda,2026-10-10T16:00:00Z,Missouri Tigers,Texas A&M Aggies,lowvig,LowVig.ag,2026-10-06T20:35:12Z,2026-10-06T20:35:12Z,Texas A&M Aggies,3.5,-104.0,2026,2026-10-06T20:35:54Z,1647,13.488131479010185,9.649995781263453,6.338135697746733,9091a0b7e14eff9f94f7c6bbd29b6e9d5a25a74a6e5a4c99a99d5af04e10935e,timestamped_live_quote,FBS vs FBS
2026-10-06T20:35:54Z,9e243e91f8f94e6431da5cc5c3cc8fda,2026-10-10T16:00:00Z,Missouri Tigers,Texas A&M Aggies,betus,BetUS,2026-10-06T20:35:09Z,2026-10-06T20:35:09Z,Missouri Tigers,-3.5,-105.0,2026,2026-10-06T20:35:54Z,1647,13.488131479010185,9.649995781263453,6.338135697746733,9091a0b7e14eff9f94f7c6bbd29b6e9d5a25a74a6e5a4c99a99d5af04e10935e,timestamped_live_quote,FBS vs FBS
2026-10-06T20:35:54Z,9e243e91f8f94e6431da5cc5c3cc8fda,2026-10-10T16:00:00Z,Missouri Tigers,Texas A&M Aggies,betus,BetUS,2026-10-06T20:35:09Z,2026-10-06T20:35:09Z,Texas A&M Aggies,3.5,-115.0,2026,2026-10-06T20:35:54Z,1647,13.488131479010185,9.649995781263453,6.338135697746733,9091a0b7e14eff9f94f7c6bbd29b6e9d5a25a74a6e5a4c99a99d5af04e10935e,timestamped_live_quote,FBS vs FBS
2026-10-06T20:35:54Z,9e243e91f8f94e6431da5cc5c3cc8fda,2026-10-10T16:00:00Z,Missouri Tigers,Texas A&M Aggies,bovada,Bovada,2026-10-06T20:34:42Z,2026-10-06T20:34:42Z,Missouri Tigers,-3.5,-110.0,2026,2026-10-06T20:35:54Z,1647,13.488131479010185,9.649995781263453,6.338135697746733,9091a0b7e14eff9f94f7c6bbd29b6e9d5a25a74a6e5a4c99a99d5af04e10935e,timestamped_live_quote,FBS vs FBS
2026-10-06T20:35:54Z,9e243e91f8f94e6431da5cc5c3cc8fda,2026-10-10T16:00:00Z,Missouri Tigers,Texas A&M Aggies,bovada,Bovada,2026-10-06T20:34:42Z,2026-10-06T20:34:42Z,Texas A&M Aggies,3.5,-110.0,2026,2026-10-06T20:35:54Z,1647,13.488131479010185,9.649995781263453,6.338135697746733,9091a0b7e14eff9f94f7c6bbd29b6e9d5a25a74a6e5a4c99a99d5af04e10935e,timestamped_live_quote,FBS vs FBS
2026-10-06T20:35:54Z,416ce0307b7b9d97f5365a29c1729339,2026-10-10T16:00:00Z,NC State Wolfpack,Wake Forest Demon Deacons,fanduel,FanDuel,2026-10-06T20:35:39Z,2026-10-06T20:35:38Z,NC State Wolfpack,3.5,-106.0,2026,2026-10-06T20:35:54Z,1647,8.353999404044178,9.191523208525856,1.6624761955183214,9091a0b7e14eff9f94f7c6bbd29b6e9d5a25a74a6e5a4c99a99d5af04e10935e,timestamped_live_quote,FBS vs FBS
2026-10-06T20:35:54Z,416ce0307b7b9d97f5365a29c1729339,2026-10-10T16:00:00Z,NC State Wolfpack,Wake Forest Demon Deacons,fanduel,FanDuel,2026-10-06T20:35:39Z,2026-10-06T20:35:38Z,Wake Forest Demon Deacons,-3.5,-114.0,2026,2026-10-06T20:35:54Z,1647,8.353999404044178,9.191523208525856,1.6624761955183214,9091a0b7e14eff9f94f7c6bbd29b6e9d5a25a74a6e5a4c99a99d5af04e10935e,timestamped_live_quote,FBS vs FBS
2026-10-06T20:35:54Z,416ce0307b7b9d97f5365a29c1729339,2026-10-10T16:00:00Z,NC State Wolfpack,Wake Forest Demon Deacons,betrivers,BetRivers,2026-10-06T20:35:40Z,2026-10-06T20:35:40Z,NC State Wolfpack,3.5,-114.0,2026,2026-10-06T20:35:54Z,1647,8.353999404044178,9.191523208525856,1.6624761955183214,9091a0b7e14eff9f94f7c6bbd29b6e9d5a25a74a6e5a4c99a99d5af04e10935e,timestamped_live_quote,FBS vs FBS
2026-10-06T20:35:54Z,416ce0307b7b9d97f5365a29c1729339,2026-10-10T16:00:00Z,NC State Wolfpack,Wake Forest Demon Deacons,betrivers,BetRivers,2026-10-06T20:35:40Z,2026-10-06T20:35:40Z,Wake Forest Demon Deacons,-3.5,-109.0,2026,2026-10-06T20:35:54Z,1647,8.353999404044178,9.191523208525856,1.6624761955183214,9091a0b7e14eff9f94f7c6bbd29b6e9d5a25a74a6e5a4c99a99d5af04e10935e,timestamped_live_quote,FBS vs FBS
2026-10-06T20:35:54Z,416ce0307b7b9d97f5365a29c1729339,2026-10-10T16:00:00Z,NC State Wolfpack,Wake Forest Demon Deacons,betmgm,BetMGM,2026-10-06T20:35:16Z,2026-10-06T20:35:16Z,NC State Wolfpack,3.5,-108.0,2026,2026-10-06T20:35:54Z,1647,8.353999404044178,9.191523208525856,1.6624761955183214,9091a0b7e14eff9f94f7c6bbd29b6e9d5a25a74a6e5a4c99a99d5af04e10935e,timestamped_live_quote,FBS vs FBS
2026-10-06T20:35:54Z,416ce0307b7b9d97f5365a29c1729339,2026-10-10T16:00:00Z,NC State Wolfpack,Wake Forest Demon Deacons,betmgm,BetMGM,2026-10-06T20:35:16Z,2026-10-06T20:35:16Z,Wake Forest Demon Deacons,-3.5,-110.0,2026,2026-10-06T20:35:54Z,1647,8.353999404044178,9.191523208525856,1.6624761955183214,9091a0b7e14eff9f94f7c6bbd29b6e9d5a25a74a6e5a4c99a99d5af04e10935e,timestamped_live_quote,FBS vs FBS
2026-10-06T20:35:54Z,416ce0307b7b9d97f5365a29c1729339,2026-10-10T16:00:00Z,NC State Wolfpack,Wake Forest Demon Deacons,draftkings,DraftKings,2026-10-06T20:35:37Z,2026-10-06T20:35:37Z,NC State Wolfpack,4.0,-110.0,2026,2026-10-06T20:35:54Z,1647,8.353999404044178,9.191523208525856,1.6624761955183214,9091a0b7e14eff9f94f7c6bbd29b6e9d5a25a74a6e5a4c99a99d5af04e10935e,timestamped_live_quote,FBS vs FBS
2026-10-06T20:35:54Z,416ce0307b7b9d97f5365a29c1729339,2026-10-10T16:00:00Z,NC State Wolfpack,Wake Forest Demon Deacons,draftkings,DraftKings,2026-10-06T20:35:37Z,2026-10-06T20:35:37Z,Wake Forest Demon Deacons,-4.0,-110.0,2026,2026-10-06T20:35:54Z,1647,8.353999404044178,9.191523208525856,1.6624761955183214,9091a0b7e14eff9f94f7c6bbd29b6e9d5a25a74a6e5a4c99a99d5af04e10935e,timestamped_live_quote,FBS vs FBS
2026-10-06T20:35:54Z,416ce0307b7b9d97f5365a29c1729339,2026-10-10T16:00:00Z,NC State Wolfpack,Wake Forest Demon Deacons,lowvig,LowVig.ag,2026-10-06T20:35:12Z,2026-10-06T20:35:12Z,NC State Wolfpack,4.0,-106.0,2026,2026-10-06T20:35:54Z,1647,8.353999404044178,9.191523208525856,1.6624761955183214,9091a0b7e14eff9f94f7c6bbd29b6e9d5a25a74a6e5a4c99a99d5af04e10935e,timestamped_live_quote,FBS vs FBS
2026-10-06T20:35:54Z,416ce0307b7b9d97f5365a29c1729339,2026-10-10T16:00:00Z,NC State Wolfpack,Wake Forest Demon Deacons,lowvig,LowVig.ag,2026-10-06T20:35:12Z,2026-10-06T20:35:12Z,Wake Forest Demon Deacons,-4.0,-106.0,2026,2026-10-06T20:35:54Z,1647,8.353999404044178,9.191523208525856,1.6624761955183214,9091a0b7e14eff9f94f7c6bbd29b6e9d5a25a74a6e5a4c99a99d5af04e10935e,timestamped_live_quote,FBS vs FBS
2026-10-06T20:35:54Z,416ce0307b7b9d97f5365a29c1729339,2026-10-10T16:00:00Z,NC State Wolfpack,Wake Forest Demon Deacons,betonlineag,BetOnline.ag,2026-10-06T20:35:36Z,2026-10-06T20:35:36Z,NC State Wolfpack,4.0,-110.0,2026,2026-10-06T20:35:54Z,1647,8.353999404044178,9.191523208525856,1.6624761955183214,9091a0b7e14eff9f94f7c6bbd29b6e9d5a25a74a6e5a4c99a99d5af04e10935e,timestamped_live_quote,FBS vs FBS
2026-10-06T20:35:54Z,416ce0307b7b9d97f5365a29c1729339,2026-10-10T16:00:00Z,NC State Wolfpack,Wake Forest Demon Deacons,betonlineag,BetOnline.ag,2026-10-06T20:35:36Z,2026-10-06T20:35:36Z,Wake Forest Demon Deacons,-4.0,-110.0,2026,2026-10-06T20:35:54Z,1647,8.353999404044178,9.191523208525856,1.6624761955183214,9091a0b7e14eff9f94f7c6bbd29b6e9d5a25a74a6e5a4c99a99d5af04e10935e,timestamped_live_quote,FBS vs FBS
2026-10-06T20:35:54Z,416ce0307b7b9d97f5365a29c1729339,2026-10-10T16:00:00Z,NC State Wolfpack,Wake Forest Demon Deacons,mybookieag,MyBookie.ag,2026-10-06T20:35:08Z,2026-10-06T20:35:08Z,NC State Wolfpack,4.0,-110.0,2026,2026-10-06T20:35:54Z,1647,8.353999404044178,9.191523208525856,1.6624761955183214,9091a0b7e14eff9f94f7c6bbd29b6e9d5a25a74a6e5a4c99a99d5af04e10935e,timestamped_live_quote,FBS vs FBS
2026-10-06T20:35:54Z,416ce0307b7b9d97f5365a29c1729339,2026-10-10T16:00:00Z,NC State Wolfpack,Wake Forest Demon Deacons,mybookieag,MyBookie.ag,2026-10-06T20:35:08Z,2026-10-06T20:35:08Z,Wake Forest Demon Deacons,-4.0,-110.0,2026,2026-10-06T20:35:54Z,1647,8.353999404044178,9.191523208525856,1.6624761955183214,9091a0b7e14eff9f94f7c6bbd29b6e9d5a25a74a6e5a4c99a99d5af04e10935e,timestamped_live_quote,FBS vs FBS
2026-10-06T20:35:54Z,416ce0307b7b9d97f5365a29c1729339,2026-10-10T16:00:00Z,NC State Wolfpack,Wake Forest Demon Deacons,bovada,Bovada,2026-10-06T20:34:42Z,2026-10-06T20:34:42Z,NC State Wolfpack,3.5,-110.0,2026,2026-10-06T20:35:54Z,1647,8.353999404044178,9.191523208525856,1.6624761955183214,9091a0b7e14eff9f94f7c6bbd29b6e9d5a25a74a6e5a4c99a99d5af04e10935e,timestamped_live_quote,FBS vs FBS
2026-10-06T20:35:54Z,416ce0307b7b9d97f5365a29c1729339,2026-10-10T16:00:00Z,NC State Wolfpack,Wake Forest Demon Deacons,bovada,Bovada,2026-10-06T20:34:42Z,2026-10-06T20:34:42Z,Wake Forest Demon Deacons,-3.5,-110.0,2026,2026-10-06T20:35:54Z,1647,8.353999404044178,9.191523208525856,1.6624761955183214,9091a0b7e14eff9f94f7c6bbd29b6e9d5a25a74a6e5a4c99a99d5af04e10935e,timestamped_live_quote,FBS vs FBS
2026-10-06T20:35:54Z,416ce0307b7b9d97f5365a29c1729339,2026-10-10T16:00:00Z,NC State Wolfpack,Wake Forest Demon Deacons,betus,BetUS,2026-10-06T20:35:09Z,2026-10-06T20:35:09Z,NC State Wolfpack,4.0,-110.0,2026,2026-10-06T20:35:54Z,1647,8.353999404044178,9.191523208525856,1.6624761955183214,9091a0b7e14eff9f94f7c6bbd29b6e9d5a25a74a6e5a4c99a99d5af04e10935e,timestamped_live_quote,FBS vs FBS
2026-10-06T20:35:54Z,416ce0307b7b9d97f5365a29c1729339,2026-10-10T16:00:00Z,NC State Wolfpack,Wake Forest Demon Deacons,betus,BetUS,2026-10-06T20:35:09Z,2026-10-06T20:35:09Z,Wake Forest Demon Deacons,-4.0,-110.0,2026,2026-10-06T20:35:54Z,1647,8.353999404044178,9.191523208525856,1.6624761955183214,9091a0b7e14eff9f94f7c6bbd29b6e9d5a25a74a6e5a4c99a99d5af04e10935e,timestamped_live_quote,FBS vs FBS
2026-10-06T20:35:54Z,b067027cbaeaf86e6c9bb26becb97c94,2026-10-10T16:00:00Z,Pittsburgh Panthers,North Carolina Tar Heels,fanduel,FanDuel,2026-10-06T20:35:39Z,2026-10-06T20:35:38Z,North Carolina Tar Heels,4.5,-115.0,2026,2026-10-06T20:35:54Z,1647,15.37308829409611,6.332308367032802,11.540779927063308,9091a0b7e14eff9f94f7c6bbd29b6e9d5a25a74a6e5a4c99a99d5af04e10935e,timestamped_live_quote,FBS vs FBS
2026-10-06T20:35:54Z,b067027cbaeaf86e6c9bb26becb97c94,2026-10-10T16:00:00Z,Pittsburgh Panthers,North Carolina Tar Heels,fanduel,FanDuel,2026-10-06T20:35:39Z,2026-10-06T20:35:38Z,Pittsburgh Panthers,-4.5,-105.0,2026,2026-10-06T20:35:54Z,1647,15.37308829409611,6.332308367032802,11.540779927063308,9091a0b7e14eff9f94f7c6bbd29b6e9d5a25a74a6e5a4c99a99d5af04e10935e,timestamped_live_quote,FBS vs FBS
2026-10-06T20:35:54Z,b067027cbaeaf86e6c9bb26becb97c94,2026-10-10T16:00:00Z,Pittsburgh Panthers,North Carolina Tar Heels,betrivers,BetRivers,2026-10-06T20:35:40Z,2026-10-06T20:35:40Z,North Carolina Tar Heels,4.0,-113.0,2026,2026-10-06T20:35:54Z,1647,15.37308829409611,6.332308367032802,11.540779927063308,9091a0b7e14eff9f94f7c6bbd29b6e9d5a25a74a6e5a4c99a99d5af04e10935e,timestamped_live_quote,FBS vs FBS
2026-10-06T20:35:54Z,b067027cbaeaf86e6c9bb26becb97c94,2026-10-10T16:00:00Z,Pittsburgh Panthers,North Carolina Tar Heels,betrivers,BetRivers,2026-10-06T20:35:40Z,2026-10-06T20:35:40Z,Pittsburgh Panthers,-4.0,-110.0,2026,2026-10-06T20:35:54Z,1647,15.37308829409611,6.332308367032802,11.540779927063308,9091a0b7e14eff9f94f7c6bbd29b6e9d5a25a74a6e5a4c99a99d5af04e10935e,timestamped_live_quote,FBS vs FBS
2026-10-06T20:35:54Z,b067027cbaeaf86e6c9bb26becb97c94,2026-10-10T16:00:00Z,Pittsburgh Panthers,North Carolina Tar Heels,betmgm,BetMGM,2026-10-06T20:35:16Z,2026-10-06T20:35:16Z,North Carolina Tar Heels,3.5,-105.0,2026,2026-10-06T20:35:54Z,1647,15.37308829409611,6.332308367032802,11.540779927063308,9091a0b7e14eff9f94f7c6bbd29b6e9d5a25a74a6e5a4c99a99d5af04e10935e,timestamped_live_quote,FBS vs FBS
2026-10-06T20:35:54Z,b067027cbaeaf86e6c9bb26becb97c94,2026-10-10T16:00:00Z,Pittsburgh Panthers,North Carolina Tar Heels,betmgm,BetMGM,2026-10-06T20:35:16Z,2026-10-06T20:35:16Z,Pittsburgh Panthers,-3.5,-115.0,2026,2026-10-06T20:35:54Z,1647,15.37308829409611,6.332308367032802,11.540779927063308,9091a0b7e14eff9f94f7c6bbd29b6e9d5a25a74a6e5a4c99a99d5af04e10935e,timestamped_live_quote,FBS vs FBS
2026-10-06T20:35:54Z,b067027cbaeaf86e6c9bb26becb97c94,2026-10-10T16:00:00Z,Pittsburgh Panthers,North Carolina Tar Heels,betonlineag,BetOnline.ag,2026-10-06T20:35:36Z,2026-10-06T20:35:36Z,North Carolina Tar Heels,3.5,-105.0,2026,2026-10-06T20:35:54Z,1647,15.37308829409611,6.332308367032802,11.540779927063308,9091a0b7e14eff9f94f7c6bbd29b6e9d5a25a74a6e5a4c99a99d5af04e10935e,timestamped_live_quote,FBS vs FBS
2026-10-06T20:35:54Z,b067027cbaeaf86e6c9bb26becb97c94,2026-10-10T16:00:00Z,Pittsburgh Panthers,North Carolina Tar Heels,betonlineag,BetOnline.ag,2026-10-06T20:35:36Z,2026-10-06T20:35:36Z,Pittsburgh Panthers,-3.5,-115.0,2026,2026-10-06T20:35:54Z,1647,15.37308829409611,6.332308367032802,11.540779927063308,9091a0b7e14eff9f94f7c6bbd29b6e9d5a25a74a6e5a4c99a99d5af04e10935e,timestamped_live_quote,FBS vs FBS
2026-10-06T20:35:54Z,b067027cbaeaf86e6c9bb26becb97c94,2026-10-10T16:00:00Z,Pittsburgh Panthers,North Carolina Tar Heels,lowvig,LowVig.ag,2026-10-06T20:35:12Z,2026-10-06T20:35:12Z,North Carolina Tar Heels,3.5,-101.0,2026,2026-10-06T20:35:54Z,1647,15.37308829409611,6.332308367032802,11.540779927063308,9091a0b7e14eff9f94f7c6bbd29b6e9d5a25a74a6e5a4c99a99d5af04e10935e,timestamped_live_quote,FBS vs FBS
2026-10-06T20:35:54Z,b067027cbaeaf86e6c9bb26becb97c94,2026-10-10T16:00:00Z,Pittsburgh Panthers,North Carolina Tar Heels,lowvig,LowVig.ag,2026-10-06T20:35:12Z,2026-10-06T20:35:12Z,Pittsburgh Panthers,-3.5,-111.0,2026,2026-10-06T20:35:54Z,1647,15.37308829409611,6.332308367032802,11.540779927063308,9091a0b7e14eff9f94f7c6bbd29b6e9d5a25a74a6e5a4c99a99d5af04e10935e,timestamped_live_quote,FBS vs FBS
2026-10-06T20:35:54Z,b067027cbaeaf86e6c9bb26becb97c94,2026-10-10T16:00:00Z,Pittsburgh Panthers,North Carolina Tar Heels,draftkings,DraftKings,2026-10-06T20:35:37Z,2026-10-06T20:35:37Z,North Carolina Tar Heels,3.5,-108.0,2026,2026-10-06T20:35:54Z,1647,15.37308829409611,6.332308367032802,11.540779927063308,9091a0b7e14eff9f94f7c6bbd29b6e9d5a25a74a6e5a4c99a99d5af04e10935e,timestamped_live_quote,FBS vs FBS
2026-10-06T20:35:54Z,b067027cbaeaf86e6c9bb26becb97c94,2026-10-10T16:00:00Z,Pittsburgh Panthers,North Carolina Tar Heels,draftkings,DraftKings,2026-10-06T20:35:37Z,2026-10-06T20:35:37Z,Pittsburgh Panthers,-3.5,-112.0,2026,2026-10-06T20:35:54Z,1647,15.37308829409611,6.332308367032802,11.540779927063308,9091a0b7e14eff9f94f7c6bbd29b6e9d5a25a74a6e5a4c99a99d5af04e10935e,timestamped_live_quote,FBS vs FBS
2026-10-06T20:35:54Z,b067027cbaeaf86e6c9bb26becb97c94,2026-10-10T16:00:00Z,Pittsburgh Panthers,North Carolina Tar Heels,mybookieag,MyBookie.ag,2026-10-06T20:35:08Z,2026-10-06T20:35:08Z,North Carolina Tar Heels,4.0,-110.0,2026,2026-10-06T20:35:54Z,1647,15.37308829409611,6.332308367032802,11.540779927063308,9091a0b7e14eff9f94f7c6bbd29b6e9d5a25a74a6e5a4c99a99d5af04e10935e,timestamped_live_quote,FBS vs FBS
2026-10-06T20:35:54Z,b067027cbaeaf86e6c9bb26becb97c94,2026-10-10T16:00:00Z,Pittsburgh Panthers,North Carolina Tar Heels,mybookieag,MyBookie.ag,2026-10-06T20:35:08Z,2026-10-06T20:35:08Z,Pittsburgh Panthers,-4.0,-110.0,2026,2026-10-06T20:35:54Z,1647,15.37308829409611,6.332308367032802,11.540779927063308,9091a0b7e14eff9f94f7c6bbd29b6e9d5a25a74a6e5a4c99a99d5af04e10935e,timestamped_live_quote,FBS vs FBS
2026-10-06T20:35:54Z,b067027cbaeaf86e6c9bb26becb97c94,2026-10-10T16:00:00Z,Pittsburgh Panthers,North Carolina Tar Heels,bovada,Bovada,2026-10-06T20:34:42Z,2026-10-06T20:34:42Z,North Carolina Tar Heels,4.0,-110.0,2026,2026-10-06T20:35:54Z,1647,15.37308829409611,6.332308367032802,11.540779927063308,9091a0b7e14eff9f94f7c6bbd29b6e9d5a25a74a6e5a4c99a99d5af04e10935e,timestamped_live_quote,FBS vs FBS
2026-10-06T20:35:54Z,b067027cbaeaf86e6c9bb26becb97c94,2026-10-10T16:00:00Z,Pittsburgh Panthers,North Carolina Tar Heels,bovada,Bovada,2026-10-06T20:34:42Z,2026-10-06T20:34:42Z,Pittsburgh Panthers,-4.0,-110.0,2026,2026-10-06T20:35:54Z,1647,15.37308829409611,6.332308367032802,11.540779927063308,9091a0b7e14eff9f94f7c6bbd29b6e9d5a25a74a6e5a4c99a99d5af04e10935e,timestamped_live_quote,FBS vs FBS
2026-10-06T20:35:54Z,b067027cbaeaf86e6c9bb26becb97c94,2026-10-10T16:00:00Z,Pittsburgh Panthers,North Carolina Tar Heels,betus,BetUS,2026-10-06T20:35:09Z,2026-10-06T20:35:09Z,North Carolina Tar Heels,3.5,-105.0,2026,2026-10-06T20:35:54Z,1647,15.37308829409611,6.332308367032802,11.540779927063308,9091a0b7e14eff9f94f7c6bbd29b6e9d5a25a74a6e5a4c99a99d5af04e10935e,timestamped_live_quote,FBS vs FBS
2026-10-06T20:35:54Z,b067027cbaeaf86e6c9bb26becb97c94,2026-10-10T16:00:00Z,Pittsburgh Panthers,North Carolina Tar Heels,betus,BetUS,2026-10-06T20:35:09Z,2026-10-06T20:35:09Z,Pittsburgh Panthers,-3.5,-115.0,2026,2026-10-06T20:35:54Z,1647,15.37308829409611,6.332308367032802,11.540779927063308,9091a0b7e14eff9f94f7c6bbd29b6e9d5a25a74a6e5a4c99a99d5af04e10935e,timestamped_live_quote,FBS vs FBS
2026-10-06T20:35:54Z,690e2edaba34c383d2ebfa8f8394f973,2026-10-10T16:00:00Z,Oklahoma State Cowboys,UCF Knights,fanduel,FanDuel,2026-10-06T20:35:39Z,2026-10-06T20:35:38Z,Oklahoma State Cowboys,-7.5,-118.0,2026,2026-10-06T20:35:54Z,1647,10.165779900492343,13.62658041303289,-0.9608005125405477,9091a0b7e14eff9f94f7c6bbd29b6e9d5a25a74a6e5a4c99a99d5af04e10935e,timestamped_live_quote,FBS vs FBS
2026-10-06T20:35:54Z,690e2edaba34c383d2ebfa8f8394f973,2026-10-10T16:00:00Z,Oklahoma State Cowboys,UCF Knights,fanduel,FanDuel,2026-10-06T20:35:39Z,2026-10-06T20:35:38Z,UCF Knights,7.5,-104.0,2026,2026-10-06T20:35:54Z,1647,10.165779900492343,13.62658041303289,-0.9608005125405477,9091a0b7e14eff9f94f7c6bbd29b6e9d5a25a74a6e5a4c99a99d5af04e10935e,timestamped_live_quote,FBS vs FBS
2026-10-06T20:35:54Z,690e2edaba34c383d2ebfa8f8394f973,2026-10-10T16:00:00Z,Oklahoma State Cowboys,UCF Knights,betrivers,BetRivers,2026-10-06T20:35:40Z,2026-10-06T20:35:40Z,Oklahoma State Cowboys,-9.0,-112.0,2026,2026-10-06T20:35:54Z,1647,10.165779900492343,13.62658041303289,-0.9608005125405477,9091a0b7e14eff9f94f7c6bbd29b6e9d5a25a74a6e5a4c99a99d5af04e10935e,timestamped_live_quote,FBS vs FBS
2026-10-06T20:35:54Z,690e2edaba34c383d2ebfa8f8394f973,2026-10-10T16:00:00Z,Oklahoma State Cowboys,UCF Knights,betrivers,BetRivers,2026-10-06T20:35:40Z,2026-10-06T20:35:40Z,UCF Knights,9.0,-112.0,2026,2026-10-06T20:35:54Z,1647,10.165779900492343,13.62658041303289,-0.9608005125405477,9091a0b7e14eff9f94f7c6bbd29b6e9d5a25a74a6e5a4c99a99d5af04e10935e,timestamped_live_quote,FBS vs FBS
2026-10-06T20:35:54Z,690e2edaba34c383d2ebfa8f8394f973,2026-10-10T16:00:00Z,Oklahoma State Cowboys,UCF Knights,betmgm,BetMGM,2026-10-06T20:35:16Z,2026-10-06T20:35:16Z,Oklahoma State Cowboys,-9.5,-110.0,2026,2026-10-06T20:35:54Z,1647,10.165779900492343,13.62658041303289,-0.9608005125405477,9091a0b7e14eff9f94f7c6bbd29b6e9d5a25a74a6e5a4c99a99d5af04e10935e,timestamped_live_quote,FBS vs FBS
2026-10-06T20:35:54Z,690e2edaba34c383d2ebfa8f8394f973,2026-10-10T16:00:00Z,Oklahoma State Cowboys,UCF Knights,betmgm,BetMGM,2026-10-06T20:35:16Z,2026-10-06T20:35:16Z,UCF Knights,9.5,-118.0,2026,2026-10-06T20:35:54Z,1647,10.165779900492343,13.62658041303289,-0.9608005125405477,9091a0b7e14eff9f94f7c6bbd29b6e9d5a25a74a6e5a4c99a99d5af04e10935e,timestamped_live_quote,FBS vs FBS
2026-10-06T20:35:54Z,690e2edaba34c383d2ebfa8f8394f973,2026-10-10T16:00:00Z,Oklahoma State Cowboys,UCF Knights,draftkings,DraftKings,2026-10-06T20:35:37Z,2026-10-06T20:35:37Z,Oklahoma State Cowboys,-9.5,-105.0,2026,2026-10-06T20:35:54Z,1647,10.165779900492343,13.62658041303289,-0.9608005125405477,9091a0b7e14eff9f94f7c6bbd29b6e9d5a25a74a6e5a4c99a99d5af04e10935e,timestamped_live_quote,FBS vs FBS
2026-10-06T20:35:54Z,690e2edaba34c383d2ebfa8f8394f973,2026-10-10T16:00:00Z,Oklahoma State Cowboys,UCF Knights,draftkings,DraftKings,2026-10-06T20:35:37Z,2026-10-06T20:35:37Z,UCF Knights,9.5,-115.0,2026,2026-10-06T20:35:54Z,1647,10.165779900492343,13.62658041303289,-0.9608005125405477,9091a0b7e14eff9f94f7c6bbd29b6e9d5a25a74a6e5a4c99a99d5af04e10935e,timestamped_live_quote,FBS vs FBS
2026-10-06T20:35:54Z,690e2edaba34c383d2ebfa8f8394f973,2026-10-10T16:00:00Z,Oklahoma State Cowboys,UCF Knights,lowvig,LowVig.ag,2026-10-06T20:35:12Z,2026-10-06T20:35:12Z,Oklahoma State Cowboys,-8.5,-106.0,2026,2026-10-06T20:35:54Z,1647,10.165779900492343,13.62658041303289,-0.9608005125405477,9091a0b7e14eff9f94f7c6bbd29b6e9d5a25a74a6e5a4c99a99d5af04e10935e,timestamped_live_quote,FBS vs FBS
2026-10-06T20:35:54Z,690e2edaba34c383d2ebfa8f8394f973,2026-10-10T16:00:00Z,Oklahoma State Cowboys,UCF Knights,lowvig,LowVig.ag,2026-10-06T20:35:12Z,2026-10-06T20:35:12Z,UCF Knights,8.5,-106.0,2026,2026-10-06T20:35:54Z,1647,10.165779900492343,13.62658041303289,-0.9608005125405477,9091a0b7e14eff9f94f7c6bbd29b6e9d5a25a74a6e5a4c99a99d5af04e10935e,timestamped_live_quote,FBS vs FBS
2026-10-06T20:35:54Z,690e2edaba34c383d2ebfa8f8394f973,2026-10-10T16:00:00Z,Oklahoma State Cowboys,UCF Knights,betonlineag,BetOnline.ag,2026-10-06T20:35:36Z,2026-10-06T20:35:36Z,Oklahoma State Cowboys,-8.5,-110.0,2026,2026-10-06T20:35:54Z,1647,10.165779900492343,13.62658041303289,-0.9608005125405477,9091a0b7e14eff9f94f7c6bbd29b6e9d5a25a74a6e5a4c99a99d5af04e10935e,timestamped_live_quote,FBS vs FBS
2026-10-06T20:35:54Z,690e2edaba34c383d2ebfa8f8394f973,2026-10-10T16:00:00Z,Oklahoma State Cowboys,UCF Knights,betonlineag,BetOnline.ag,2026-10-06T20:35:36Z,2026-10-06T20:35:36Z,UCF Knights,8.5,-110.0,2026,2026-10-06T20:35:54Z,1647,10.165779900492343,13.62658041303289,-0.9608005125405477,9091a0b7e14eff9f94f7c6bbd29b6e9d5a25a74a6e5a4c99a99d5af04e10935e,timestamped_live_quote,FBS vs FBS
2026-10-06T20:35:54Z,690e2edaba34c383d2ebfa8f8394f973,2026-10-10T16:00:00Z,Oklahoma State Cowboys,UCF Knights,mybookieag,MyBookie.ag,2026-10-06T20:35:08Z,2026-10-06T20:35:08Z,Oklahoma State Cowboys,-8.5,-110.0,2026,2026-10-06T20:35:54Z,1647,10.165779900492343,13.62658041303289,-0.9608005125405477,9091a0b7e14eff9f94f7c6bbd29b6e9d5a25a74a6e5a4c99a99d5af04e10935e,timestamped_live_quote,FBS vs FBS
2026-10-06T20:35:54Z,690e2edaba34c383d2ebfa8f8394f973,2026-10-10T16:00:00Z,Oklahoma State Cowboys,UCF Knights,mybookieag,MyBookie.ag,2026-10-06T20:35:08Z,2026-10-06T20:35:08Z,UCF Knights,8.5,-110.0,2026,2026-10-06T20:35:54Z,1647,10.165779900492343,13.62658041303289,-0.9608005125405477,9091a0b7e14eff9f94f7c6bbd29b6e9d5a25a74a6e5a4c99a99d5af04e10935e,timestamped_live_quote,FBS vs FBS
2026-10-06T20:35:54Z,690e2edaba34c383d2ebfa8f8394f973,2026-10-10T16:00:00Z,Oklahoma State Cowboys,UCF Knights,bovada,Bovada,2026-10-06T20:34:42Z,2026-10-06T20:34:42Z,Oklahoma State Cowboys,-8.5,-110.0,2026,2026-10-06T20:35:54Z,1647,10.165779900492343,13.62658041303289,-0.9608005125405477,9091a0b7e14eff9f94f7c6bbd29b6e9d5a25a74a6e5a4c99a99d5af04e10935e,timestamped_live_quote,FBS vs FBS
2026-10-06T20:35:54Z,690e2edaba34c383d2ebfa8f8394f973,2026-10-10T16:00:00Z,Oklahoma State Cowboys,UCF Knights,bovada,Bovada,2026-10-06T20:34:42Z,2026-10-06T20:34:42Z,UCF Knights,8.5,-110.0,2026,2026-10-06T20:35:54Z,1647,10.165779900492343,13.62658041303289,-0.9608005125405477,9091a0b7e14eff9f94f7c6bbd29b6e9d5a25a74a6e5a4c99a99d5af04e10935e,timestamped_live_quote,FBS vs FBS
2026-10-06T20:35:54Z,690e2edaba34c383d2ebfa8f8394f973,2026-10-10T16:00:00Z,Oklahoma State Cowboys,UCF Knights,betus,BetUS,2026-10-06T20:35:09Z,2026-10-06T20:35:09Z,Oklahoma State Cowboys,-8.5,-110.0,2026,2026-10-06T20:35:54Z,1647,10.165779900492343,13.62658041303289,-0.9608005125405477,9091a0b7e14eff9f94f7c6bbd29b6e9d5a25a74a6e5a4c99a99d5af04e10935e,timestamped_live_quote,FBS vs FBS
2026-10-06T20:35:54Z,690e2edaba34c383d2ebfa8f8394f973,2026-10-10T16:00:00Z,Oklahoma State Cowboys,UCF Knights,betus,BetUS,2026-10-06T20:35:09Z,2026-10-06T20:35:09Z,UCF Knights,8.5,-110.0,2026,2026-10-06T20:35:54Z,1647,10.165779900492343,13.62658041303289,-0.9608005125405477,9091a0b7e14eff9f94f7c6bbd29b6e9d5a25a74a6e5a4c99a99d5af04e10935e,timestamped_live_quote,FBS vs FBS
2026-10-06T20:35:54Z,71ed0e11bb0f2e5149ac4821fcde4599,2026-10-10T16:30:00Z,Northwestern Wildcats,Ball State Cardinals,fanduel,FanDuel,2026-10-06T20:35:39Z,2026-10-06T20:35:38Z,Ball State Cardinals,36.5,-106.0,2026,2026-10-06T20:35:54Z,1647,13.042542485580716,-7.1679897767766025,22.71053226235732,9091a0b7e14eff9f94f7c6bbd29b6e9d5a25a74a6e5a4c99a99d5af04e10935e,timestamped_live_quote,FBS vs FBS
2026-10-06T20:35:54Z,71ed0e11bb0f2e5149ac4821fcde4599,2026-10-10T16:30:00Z,Northwestern Wildcats,Ball State Cardinals,fanduel,FanDuel,2026-10-06T20:35:39Z,2026-10-06T20:35:38Z,Northwestern Wildcats,-36.5,-114.0,2026,2026-10-06T20:35:54Z,1647,13.042542485580716,-7.1679897767766025,22.71053226235732,9091a0b7e14eff9f94f7c6bbd29b6e9d5a25a74a6e5a4c99a99d5af04e10935e,timestamped_live_quote,FBS vs FBS
2026-10-06T20:35:54Z,71ed0e11bb0f2e5149ac4821fcde4599,2026-10-10T16:30:00Z,Northwestern Wildcats,Ball State Cardinals,betrivers,BetRivers,2026-10-06T20:35:40Z,2026-10-06T20:35:40Z,Ball State Cardinals,37.0,-109.0,2026,2026-10-06T20:35:54Z,1647,13.042542485580716,-7.1679897767766025,22.71053226235732,9091a0b7e14eff9f94f7c6bbd29b6e9d5a25a74a6e5a4c99a99d5af04e10935e,timestamped_live_quote,FBS vs FBS
2026-10-06T20:35:54Z,71ed0e11bb0f2e5149ac4821fcde4599,2026-10-10T16:30:00Z,Northwestern Wildcats,Ball State Cardinals,betrivers,BetRivers,2026-10-06T20:35:40Z,2026-10-06T20:35:40Z,Northwestern Wildcats,-37.0,-113.0,2026,2026-10-06T20:35:54Z,1647,13.042542485580716,-7.1679897767766025,22.71053226235732,9091a0b7e14eff9f94f7c6bbd29b6e9d5a25a74a6e5a4c99a99d5af04e10935e,timestamped_live_quote,FBS vs FBS
2026-10-06T20:35:54Z,71ed0e11bb0f2e5149ac4821fcde4599,2026-10-10T16:30:00Z,Northwestern Wildcats,Ball State Cardinals,betmgm,BetMGM,2026-10-06T20:35:16Z,2026-10-06T20:35:16Z,Ball State Cardinals,36.5,-115.0,2026,2026-10-06T20:35:54Z,1647,13.042542485580716,-7.1679897767766025,22.71053226235732,9091a0b7e14eff9f94f7c6bbd29b6e9d5a25a74a6e5a4c99a99d5af04e10935e,timestamped_live_quote,FBS vs FBS
2026-10-06T20:35:54Z,71ed0e11bb0f2e5149ac4821fcde4599,2026-10-10T16:30:00Z,Northwestern Wildcats,Ball State Cardinals,betmgm,BetMGM,2026-10-06T20:35:16Z,2026-10-06T20:35:16Z,Northwestern Wildcats,-36.5,-115.0,2026,2026-10-06T20:35:54Z,1647,13.042542485580716,-7.1679897767766025,22.71053226235732,9091a0b7e14eff9f94f7c6bbd29b6e9d5a25a74a6e5a4c99a99d5af04e10935e,timestamped_live_quote,FBS vs FBS
2026-10-06T20:35:54Z,71ed0e11bb0f2e5149ac4821fcde4599,2026-10-10T16:30:00Z,Northwestern Wildcats,Ball State Cardinals,draftkings,DraftKings,2026-10-06T20:35:37Z,2026-10-06T20:35:37Z,Ball State Cardinals,36.5,-110.0,2026,2026-10-06T20:35:54Z,1647,13.042542485580716,-7.1679897767766025,22.71053226235732,9091a0b7e14eff9f94f7c6bbd29b6e9d5a25a74a6e5a4c99a99d5af04e10935e,timestamped_live_quote,FBS vs FBS
2026-10-06T20:35:54Z,71ed0e11bb0f2e5149ac4821fcde4599,2026-10-10T16:30:00Z,Northwestern Wildcats,Ball State Cardinals,draftkings,DraftKings,2026-10-06T20:35:37Z,2026-10-06T20:35:37Z,Northwestern Wildcats,-36.5,-110.0,2026,2026-10-06T20:35:54Z,1647,13.042542485580716,-7.1679897767766025,22.71053226235732,9091a0b7e14eff9f94f7c6bbd29b6e9d5a25a74a6e5a4c99a99d5af04e10935e,timestamped_live_quote,FBS vs FBS
2026-10-06T20:35:54Z,71ed0e11bb0f2e5149ac4821fcde4599,2026-10-10T16:30:00Z,Northwestern Wildcats,Ball State Cardinals,betonlineag,BetOnline.ag,2026-10-06T20:35:36Z,2026-10-06T20:35:36Z,Ball State Cardinals,37.0,-110.0,2026,2026-10-06T20:35:54Z,1647,13.042542485580716,-7.1679897767766025,22.71053226235732,9091a0b7e14eff9f94f7c6bbd29b6e9d5a25a74a6e5a4c99a99d5af04e10935e,timestamped_live_quote,FBS vs FBS
2026-10-06T20:35:54Z,71ed0e11bb0f2e5149ac4821fcde4599,2026-10-10T16:30:00Z,Northwestern Wildcats,Ball State Cardinals,betonlineag,BetOnline.ag,2026-10-06T20:35:36Z,2026-10-06T20:35:36Z,Northwestern Wildcats,-37.0,-110.0,2026,2026-10-06T20:35:54Z,1647,13.042542485580716,-7.1679897767766025,22.71053226235732,9091a0b7e14eff9f94f7c6bbd29b6e9d5a25a74a6e5a4c99a99d5af04e10935e,timestamped_live_quote,FBS vs FBS
2026-10-06T20:35:54Z,71ed0e11bb0f2e5149ac4821fcde4599,2026-10-10T16:30:00Z,Northwestern Wildcats,Ball State Cardinals,lowvig,LowVig.ag,2026-10-06T20:35:12Z,2026-10-06T20:35:12Z,Ball State Cardinals,37.0,-106.0,2026,2026-10-06T20:35:54Z,1647,13.042542485580716,-7.1679897767766025,22.71053226235732,9091a0b7e14eff9f94f7c6bbd29b6e9d5a25a74a6e5a4c99a99d5af04e10935e,timestamped_live_quote,FBS vs FBS
2026-10-06T20:35:54Z,71ed0e11bb0f2e5149ac4821fcde4599,2026-10-10T16:30:00Z,Northwestern Wildcats,Ball State Cardinals,lowvig,LowVig.ag,2026-10-06T20:35:12Z,2026-10-06T20:35:12Z,Northwestern Wildcats,-37.0,-106.0,2026,2026-10-06T20:35:54Z,1647,13.042542485580716,-7.1679897767766025,22.71053226235732,9091a0b7e14eff9f94f7c6bbd29b6e9d5a25a74a6e5a4c99a99d5af04e10935e,timestamped_live_quote,FBS vs FBS
2026-10-06T20:35:54Z,71ed0e11bb0f2e5149ac4821fcde4599,2026-10-10T16:30:00Z,Northwestern Wildcats,Ball State Cardinals,betus,BetUS,2026-10-06T20:35:09Z,2026-10-06T20:35:09Z,Ball State Cardinals,37.0,-110.0,2026,2026-10-06T20:35:54Z,1647,13.042542485580716,-7.1679897767766025,22.71053226235732,9091a0b7e14eff9f94f7c6bbd29b6e9d5a25a74a6e5a4c99a99d5af04e10935e,timestamped_live_quote,FBS vs FBS
2026-10-06T20:35:54Z,71ed0e11bb0f2e5149ac4821fcde4599,2026-10-10T16:30:00Z,Northwestern Wildcats,Ball State Cardinals,betus,BetUS,2026-10-06T20:35:09Z,2026-10-06T20:35:09Z,Northwestern Wildcats,-37.0,-110.0,2026,2026-10-06T20:35:54Z,1647,13.042542485580716,-7.1679897767766025,22.71053226235732,9091a0b7e14eff9f94f7c6bbd29b6e9d5a25a74a6e5a4c99a99d5af04e10935e,timestamped_live_quote,FBS vs FBS
2026-10-06T20:35:54Z,71ed0e11bb0f2e5149ac4821fcde4599,2026-10-10T16:30:00Z,Northwestern Wildcats,Ball State Cardinals,bovada,Bovada,2026-10-06T20:34:42Z,2026-10-06T20:34:42Z,Ball State Cardinals,37.0,-110.0,2026,2026-10-06T20:35:54Z,1647,13.042542485580716,-7.1679897767766025,22.71053226235732,9091a0b7e14eff9f94f7c6bbd29b6e9d5a25a74a6e5a4c99a99d5af04e10935e,timestamped_live_quote,FBS vs FBS
2026-10-06T20:35:54Z,71ed0e11bb0f2e5149ac4821fcde4599,2026-10-10T16:30:00Z,Northwestern Wildcats,Ball State Cardinals,bovada,Bovada,2026-10-06T20:34:42Z,2026-10-06T20:34:42Z,Northwestern Wildcats,-37.0,-110.0,2026,2026-10-06T20:35:54Z,1647,13.042542485580716,-7.1679897767766025,22.71053226235732,9091a0b7e14eff9f94f7c6bbd29b6e9d5a25a74a6e5a4c99a99d5af04e10935e,timestamped_live_quote,FBS vs FBS
2026-10-06T20:35:54Z,9383cbbbb905d9ee50a3341f6945eae7,2026-10-10T16:45:00Z,Florida Gators,South Carolina Gamecocks,draftkings,DraftKings,2026-10-06T20:35:37Z,2026-10-06T20:35:37Z,Florida Gators,-12.5,-110.0,2026,2026-10-06T20:35:54Z,1647,13.919070351909676,7.6422956174114125,8.776774734498265,9091a0b7e14eff9f94f7c6bbd29b6e9d5a25a74a6e5a4c99a99d5af04e10935e,timestamped_live_quote,FBS vs FBS
2026-10-06T20:35:54Z,9383cbbbb905d9ee50a3341f6945eae7,2026-10-10T16:45:00Z,Florida Gators,South Carolina Gamecocks,draftkings,DraftKings,2026-10-06T20:35:37Z,2026-10-06T20:35:37Z,South Carolina Gamecocks,12.5,-110.0,2026,2026-10-06T20:35:54Z,1647,13.919070351909676,7.6422956174114125,8.776774734498265,9091a0b7e14eff9f94f7c6bbd29b6e9d5a25a74a6e5a4c99a99d5af04e10935e,timestamped_live_quote,FBS vs FBS
2026-10-06T20:35:54Z,9383cbbbb905d9ee50a3341f6945eae7,2026-10-10T16:45:00Z,Florida Gators,South Carolina Gamecocks,betrivers,BetRivers,2026-10-06T20:35:40Z,2026-10-06T20:35:40Z,Florida Gators,-12.5,-112.0,2026,2026-10-06T20:35:54Z,1647,13.919070351909676,7.6422956174114125,8.776774734498265,9091a0b7e14eff9f94f7c6bbd29b6e9d5a25a74a6e5a4c99a99d5af04e10935e,timestamped_live_quote,FBS vs FBS
2026-10-06T20:35:54Z,9383cbbbb905d9ee50a3341f6945eae7,2026-10-10T16:45:00Z,Florida Gators,South Carolina Gamecocks,betrivers,BetRivers,2026-10-06T20:35:40Z,2026-10-06T20:35:40Z,South Carolina Gamecocks,12.5,-112.0,2026,2026-10-06T20:35:54Z,1647,13.919070351909676,7.6422956174114125,8.776774734498265,9091a0b7e14eff9f94f7c6bbd29b6e9d5a25a74a6e5a4c99a99d5af04e10935e,timestamped_live_quote,FBS vs FBS
2026-10-06T20:35:54Z,9383cbbbb905d9ee50a3341f6945eae7,2026-10-10T16:45:00Z,Florida Gators,South Carolina Gamecocks,mybookieag,MyBookie.ag,2026-10-06T20:35:08Z,2026-10-06T20:35:08Z,Florida Gators,-12.5,-110.0,2026,2026-10-06T20:35:54Z,1647,13.919070351909676,7.6422956174114125,8.776774734498265,9091a0b7e14eff9f94f7c6bbd29b6e9d5a25a74a6e5a4c99a99d5af04e10935e,timestamped_live_quote,FBS vs FBS
2026-10-06T20:35:54Z,9383cbbbb905d9ee50a3341f6945eae7,2026-10-10T16:45:00Z,Florida Gators,South Carolina Gamecocks,mybookieag,MyBookie.ag,2026-10-06T20:35:08Z,2026-10-06T20:35:08Z,South Carolina Gamecocks,12.5,-110.0,2026,2026-10-06T20:35:54Z,1647,13.919070351909676,7.6422956174114125,8.776774734498265,9091a0b7e14eff9f94f7c6bbd29b6e9d5a25a74a6e5a4c99a99d5af04e10935e,timestamped_live_quote,FBS vs FBS
2026-10-06T20:35:54Z,9383cbbbb905d9ee50a3341f6945eae7,2026-10-10T16:45:00Z,Florida Gators,South Carolina Gamecocks,fanduel,FanDuel,2026-10-06T20:35:39Z,2026-10-06T20:35:38Z,Florida Gators,-13.5,-106.0,2026,2026-10-06T20:35:54Z,1647,13.919070351909676,7.6422956174114125,8.776774734498265,9091a0b7e14eff9f94f7c6bbd29b6e9d5a25a74a6e5a4c99a99d5af04e10935e,timestamped_live_quote,FBS vs FBS
2026-10-06T20:35:54Z,9383cbbbb905d9ee50a3341f6945eae7,2026-10-10T16:45:00Z,Florida Gators,South Carolina Gamecocks,fanduel,FanDuel,2026-10-06T20:35:39Z,2026-10-06T20:35:38Z,South Carolina Gamecocks,13.5,-114.0,2026,2026-10-06T20:35:54Z,1647,13.919070351909676,7.6422956174114125,8.776774734498265,9091a0b7e14eff9f94f7c6bbd29b6e9d5a25a74a6e5a4c99a99d5af04e10935e,timestamped_live_quote,FBS vs FBS
2026-10-06T20:35:54Z,9383cbbbb905d9ee50a3341f6945eae7,2026-10-10T16:45:00Z,Florida Gators,South Carolina Gamecocks,betmgm,BetMGM,2026-10-06T20:35:16Z,2026-10-06T20:35:16Z,Florida Gators,-12.0,-110.0,2026,2026-10-06T20:35:54Z,1647,13.919070351909676,7.6422956174114125,8.776774734498265,9091a0b7e14eff9f94f7c6bbd29b6e9d5a25a74a6e5a4c99a99d5af04e10935e,timestamped_live_quote,FBS vs FBS
2026-10-06T20:35:54Z,9383cbbbb905d9ee50a3341f6945eae7,2026-10-10T16:45:00Z,Florida Gators,South Carolina Gamecocks,betmgm,BetMGM,2026-10-06T20:35:16Z,2026-10-06T20:35:16Z,South Carolina Gamecocks,12.0,-108.0,2026,2026-10-06T20:35:54Z,1647,13.919070351909676,7.6422956174114125,8.776774734498265,9091a0b7e14eff9f94f7c6bbd29b6e9d5a25a74a6e5a4c99a99d5af04e10935e,timestamped_live_quote,FBS vs FBS
2026-10-06T20:35:54Z,9383cbbbb905d9ee50a3341f6945eae7,2026-10-10T16:45:00Z,Florida Gators,South Carolina Gamecocks,lowvig,LowVig.ag,2026-10-06T20:35:12Z,2026-10-06T20:35:12Z,Florida Gators,-12.5,-103.0,2026,2026-10-06T20:35:54Z,1647,13.919070351909676,7.6422956174114125,8.776774734498265,9091a0b7e14eff9f94f7c6bbd29b6e9d5a25a74a6e5a4c99a99d5af04e10935e,timestamped_live_quote,FBS vs FBS
2026-10-06T20:35:54Z,9383cbbbb905d9ee50a3341f6945eae7,2026-10-10T16:45:00Z,Florida Gators,South Carolina Gamecocks,lowvig,LowVig.ag,2026-10-06T20:35:12Z,2026-10-06T20:35:12Z,South Carolina Gamecocks,12.5,-109.0,2026,2026-10-06T20:35:54Z,1647,13.919070351909676,7.6422956174114125,8.776774734498265,9091a0b7e14eff9f94f7c6bbd29b6e9d5a25a74a6e5a4c99a99d5af04e10935e,timestamped_live_quote,FBS vs FBS
2026-10-06T20:35:54Z,9383cbbbb905d9ee50a3341f6945eae7,2026-10-10T16:45:00Z,Florida Gators,South Carolina Gamecocks,betonlineag,BetOnline.ag,2026-10-06T20:35:36Z,2026-10-06T20:35:36Z,Florida Gators,-12.5,-107.0,2026,2026-10-06T20:35:54Z,1647,13.919070351909676,7.6422956174114125,8.776774734498265,9091a0b7e14eff9f94f7c6bbd29b6e9d5a25a74a6e5a4c99a99d5af04e10935e,timestamped_live_quote,FBS vs FBS
2026-10-06T20:35:54Z,9383cbbbb905d9ee50a3341f6945eae7,2026-10-10T16:45:00Z,Florida Gators,South Carolina Gamecocks,betonlineag,BetOnline.ag,2026-10-06T20:35:36Z,2026-10-06T20:35:36Z,South Carolina Gamecocks,12.5,-113.0,2026,2026-10-06T20:35:54Z,1647,13.919070351909676,7.6422956174114125,8.776774734498265,9091a0b7e14eff9f94f7c6bbd29b6e9d5a25a74a6e5a4c99a99d5af04e10935e,timestamped_live_quote,FBS vs FBS
2026-10-06T20:35:54Z,9383cbbbb905d9ee50a3341f6945eae7,2026-10-10T16:45:00Z,Florida Gators,South Carolina Gamecocks,bovada,Bovada,2026-10-06T20:34:42Z,2026-10-06T20:34:42Z,Florida Gators,-11.5,-110.0,2026,2026-10-06T20:35:54Z,1647,13.919070351909676,7.6422956174114125,8.776774734498265,9091a0b7e14eff9f94f7c6bbd29b6e9d5a25a74a6e5a4c99a99d5af04e10935e,timestamped_live_quote,FBS vs FBS
2026-10-06T20:35:54Z,9383cbbbb905d9ee50a3341f6945eae7,2026-10-10T16:45:00Z,Florida Gators,South Carolina Gamecocks,bovada,Bovada,2026-10-06T20:34:42Z,2026-10-06T20:34:42Z,South Carolina Gamecocks,11.5,-110.0,2026,2026-10-06T20:35:54Z,1647,13.919070351909676,7.6422956174114125,8.776774734498265,9091a0b7e14eff9f94f7c6bbd29b6e9d5a25a74a6e5a4c99a99d5af04e10935e,timestamped_live_quote,FBS vs FBS
2026-10-06T20:35:54Z,9383cbbbb905d9ee50a3341f6945eae7,2026-10-10T16:45:00Z,Florida Gators,South Carolina Gamecocks,betus,BetUS,2026-10-06T20:35:09Z,2026-10-06T20:35:09Z,Florida Gators,-12.0,-110.0,2026,2026-10-06T20:35:54Z,1647,13.919070351909676,7.6422956174114125,8.776774734498265,9091a0b7e14eff9f94f7c6bbd29b6e9d5a25a74a6e5a4c99a99d5af04e10935e,timestamped_live_quote,FBS vs FBS
2026-10-06T20:35:54Z,9383cbbbb905d9ee50a3341f6945eae7,2026-10-10T16:45:00Z,Florida Gators,South Carolina Gamecocks,betus,BetUS,2026-10-06T20:35:09Z,2026-10-06T20:35:09Z,South Carolina Gamecocks,12.0,-110.0,2026,2026-10-06T20:35:54Z,1647,13.919070351909676,7.6422956174114125,8.776774734498265,9091a0b7e14eff9f94f7c6bbd29b6e9d5a25a74a6e5a4c99a99d5af04e10935e,timestamped_live_quote,FBS vs FBS
2026-10-06T20:35:54Z,310dd8851a99203930a45881b0156d36,2026-10-10T17:00:00Z,Appalachian State Mountaineers,Old Dominion Monarchs,draftkings,DraftKings,2026-10-06T20:35:37Z,2026-10-06T20:35:37Z,Appalachian State Mountaineers,-9.5,-115.0,2026,2026-10-06T20:35:54Z,1647,4.678335300198735,-3.035780758466705,10.21411605866544,9091a0b7e14eff9f94f7c6bbd29b6e9d5a25a74a6e5a4c99a99d5af04e10935e,timestamped_live_quote,FBS vs FBS
2026-10-06T20:35:54Z,310dd8851a99203930a45881b0156d36,2026-10-10T17:00:00Z,Appalachian State Mountaineers,Old Dominion Monarchs,draftkings,DraftKings,2026-10-06T20:35:37Z,2026-10-06T20:35:37Z,Old Dominion Monarchs,9.5,-105.0,2026,2026-10-06T20:35:54Z,1647,4.678335300198735,-3.035780758466705,10.21411605866544,9091a0b7e14eff9f94f7c6bbd29b6e9d5a25a74a6e5a4c99a99d5af04e10935e,timestamped_live_quote,FBS vs FBS
2026-10-06T20:35:54Z,310dd8851a99203930a45881b0156d36,2026-10-10T17:00:00Z,Appalachian State Mountaineers,Old Dominion Monarchs,fanduel,FanDuel,2026-10-06T20:35:39Z,2026-10-06T20:35:39Z,Appalachian State Mountaineers,-9.5,-115.0,2026,2026-10-06T20:35:54Z,1647,4.678335300198735,-3.035780758466705,10.21411605866544,9091a0b7e14eff9f94f7c6bbd29b6e9d5a25a74a6e5a4c99a99d5af04e10935e,timestamped_live_quote,FBS vs FBS
2026-10-06T20:35:54Z,310dd8851a99203930a45881b0156d36,2026-10-10T17:00:00Z,Appalachian State Mountaineers,Old Dominion Monarchs,fanduel,FanDuel,2026-10-06T20:35:39Z,2026-10-06T20:35:39Z,Old Dominion Monarchs,9.5,-105.0,2026,2026-10-06T20:35:54Z,1647,4.678335300198735,-3.035780758466705,10.21411605866544,9091a0b7e14eff9f94f7c6bbd29b6e9d5a25a74a6e5a4c99a99d5af04e10935e,timestamped_live_quote,FBS vs FBS
2026-10-06T20:35:54Z,310dd8851a99203930a45881b0156d36,2026-10-10T17:00:00Z,Appalachian State Mountaineers,Old Dominion Monarchs,lowvig,LowVig.ag,2026-10-06T20:35:12Z,2026-10-06T20:35:12Z,Appalachian State Mountaineers,-9.5,-111.0,2026,2026-10-06T20:35:54Z,1647,4.678335300198735,-3.035780758466705,10.21411605866544,9091a0b7e14eff9f94f7c6bbd29b6e9d5a25a74a6e5a4c99a99d5af04e10935e,timestamped_live_quote,FBS vs FBS
2026-10-06T20:35:54Z,310dd8851a99203930a45881b0156d36,2026-10-10T17:00:00Z,Appalachian State Mountaineers,Old Dominion Monarchs,lowvig,LowVig.ag,2026-10-06T20:35:12Z,2026-10-06T20:35:12Z,Old Dominion Monarchs,9.5,-101.0,2026,2026-10-06T20:35:54Z,1647,4.678335300198735,-3.035780758466705,10.21411605866544,9091a0b7e14eff9f94f7c6bbd29b6e9d5a25a74a6e5a4c99a99d5af04e10935e,timestamped_live_quote,FBS vs FBS
2026-10-06T20:35:54Z,310dd8851a99203930a45881b0156d36,2026-10-10T17:00:00Z,Appalachian State Mountaineers,Old Dominion Monarchs,betonlineag,BetOnline.ag,2026-10-06T20:35:36Z,2026-10-06T20:35:36Z,Appalachian State Mountaineers,-9.5,-115.0,2026,2026-10-06T20:35:54Z,1647,4.678335300198735,-3.035780758466705,10.21411605866544,9091a0b7e14eff9f94f7c6bbd29b6e9d5a25a74a6e5a4c99a99d5af04e10935e,timestamped_live_quote,FBS vs FBS
2026-10-06T20:35:54Z,310dd8851a99203930a45881b0156d36,2026-10-10T17:00:00Z,Appalachian State Mountaineers,Old Dominion Monarchs,betonlineag,BetOnline.ag,2026-10-06T20:35:36Z,2026-10-06T20:35:36Z,Old Dominion Monarchs,9.5,-105.0,2026,2026-10-06T20:35:54Z,1647,4.678335300198735,-3.035780758466705,10.21411605866544,9091a0b7e14eff9f94f7c6bbd29b6e9d5a25a74a6e5a4c99a99d5af04e10935e,timestamped_live_quote,FBS vs FBS
2026-10-06T20:35:54Z,310dd8851a99203930a45881b0156d36,2026-10-10T17:00:00Z,Appalachian State Mountaineers,Old Dominion Monarchs,betrivers,BetRivers,2026-10-06T20:35:40Z,2026-10-06T20:35:40Z,Appalachian State Mountaineers,-9.5,-114.0,2026,2026-10-06T20:35:54Z,1647,4.678335300198735,-3.035780758466705,10.21411605866544,9091a0b7e14eff9f94f7c6bbd29b6e9d5a25a74a6e5a4c99a99d5af04e10935e,timestamped_live_quote,FBS vs FBS
2026-10-06T20:35:54Z,310dd8851a99203930a45881b0156d36,2026-10-10T17:00:00Z,Appalachian State Mountaineers,Old Dominion Monarchs,betrivers,BetRivers,2026-10-06T20:35:40Z,2026-10-06T20:35:40Z,Old Dominion Monarchs,9.5,-109.0,2026,2026-10-06T20:35:54Z,1647,4.678335300198735,-3.035780758466705,10.21411605866544,9091a0b7e14eff9f94f7c6bbd29b6e9d5a25a74a6e5a4c99a99d5af04e10935e,timestamped_live_quote,FBS vs FBS
2026-10-06T20:35:54Z,310dd8851a99203930a45881b0156d36,2026-10-10T17:00:00Z,Appalachian State Mountaineers,Old Dominion Monarchs,betmgm,BetMGM,2026-10-06T20:35:16Z,2026-10-06T20:35:16Z,Appalachian State Mountaineers,-10.0,-108.0,2026,2026-10-06T20:35:54Z,1647,4.678335300198735,-3.035780758466705,10.21411605866544,9091a0b7e14eff9f94f7c6bbd29b6e9d5a25a74a6e5a4c99a99d5af04e10935e,timestamped_live_quote,FBS vs FBS
2026-10-06T20:35:54Z,310dd8851a99203930a45881b0156d36,2026-10-10T17:00:00Z,Appalachian State Mountaineers,Old Dominion Monarchs,betmgm,BetMGM,2026-10-06T20:35:16Z,2026-10-06T20:35:16Z,Old Dominion Monarchs,10.0,-112.0,2026,2026-10-06T20:35:54Z,1647,4.678335300198735,-3.035780758466705,10.21411605866544,9091a0b7e14eff9f94f7c6bbd29b6e9d5a25a74a6e5a4c99a99d5af04e10935e,timestamped_live_quote,FBS vs FBS
2026-10-06T20:35:54Z,310dd8851a99203930a45881b0156d36,2026-10-10T17:00:00Z,Appalachian State Mountaineers,Old Dominion Monarchs,mybookieag,MyBookie.ag,2026-10-06T20:35:08Z,2026-10-06T20:35:08Z,Appalachian State Mountaineers,-10.0,-110.0,2026,2026-10-06T20:35:54Z,1647,4.678335300198735,-3.035780758466705,10.21411605866544,9091a0b7e14eff9f94f7c6bbd29b6e9d5a25a74a6e5a4c99a99d5af04e10935e,timestamped_live_quote,FBS vs FBS
2026-10-06T20:35:54Z,310dd8851a99203930a45881b0156d36,2026-10-10T17:00:00Z,Appalachian State Mountaineers,Old Dominion Monarchs,mybookieag,MyBookie.ag,2026-10-06T20:35:08Z,2026-10-06T20:35:08Z,Old Dominion Monarchs,10.0,-110.0,2026,2026-10-06T20:35:54Z,1647,4.678335300198735,-3.035780758466705,10.21411605866544,9091a0b7e14eff9f94f7c6bbd29b6e9d5a25a74a6e5a4c99a99d5af04e10935e,timestamped_live_quote,FBS vs FBS
2026-10-06T20:35:54Z,310dd8851a99203930a45881b0156d36,2026-10-10T17:00:00Z,Appalachian State Mountaineers,Old Dominion Monarchs,bovada,Bovada,2026-10-06T20:34:42Z,2026-10-06T20:34:42Z,Appalachian State Mountaineers,-9.5,-110.0,2026,2026-10-06T20:35:54Z,1647,4.678335300198735,-3.035780758466705,10.21411605866544,9091a0b7e14eff9f94f7c6bbd29b6e9d5a25a74a6e5a4c99a99d5af04e10935e,timestamped_live_quote,FBS vs FBS
2026-10-06T20:35:54Z,310dd8851a99203930a45881b0156d36,2026-10-10T17:00:00Z,Appalachian State Mountaineers,Old Dominion Monarchs,bovada,Bovada,2026-10-06T20:34:42Z,2026-10-06T20:34:42Z,Old Dominion Monarchs,9.5,-110.0,2026,2026-10-06T20:35:54Z,1647,4.678335300198735,-3.035780758466705,10.21411605866544,9091a0b7e14eff9f94f7c6bbd29b6e9d5a25a74a6e5a4c99a99d5af04e10935e,timestamped_live_quote,FBS vs FBS
2026-10-06T20:35:54Z,310dd8851a99203930a45881b0156d36,2026-10-10T17:00:00Z,Appalachian State Mountaineers,Old Dominion Monarchs,betus,BetUS,2026-10-06T20:35:09Z,2026-10-06T20:35:09Z,Appalachian State Mountaineers,-10.0,-110.0,2026,2026-10-06T20:35:54Z,1647,4.678335300198735,-3.035780758466705,10.21411605866544,9091a0b7e14eff9f94f7c6bbd29b6e9d5a25a74a6e5a4c99a99d5af04e10935e,timestamped_live_quote,FBS vs FBS
2026-10-06T20:35:54Z,310dd8851a99203930a45881b0156d36,2026-10-10T17:00:00Z,Appalachian State Mountaineers,Old Dominion Monarchs,betus,BetUS,2026-10-06T20:35:09Z,2026-10-06T20:35:09Z,Old Dominion Monarchs,10.0,-110.0,2026,2026-10-06T20:35:54Z,1647,4.678335300198735,-3.035780758466705,10.21411605866544,9091a0b7e14eff9f94f7c6bbd29b6e9d5a25a74a6e5a4c99a99d5af04e10935e,timestamped_live_quote,FBS vs FBS
2026-10-06T20:35:54Z,43dda5e509a9619bee41f752a2c25fa7,2026-10-10T18:00:00Z,UMass Minutemen,Miami (OH) RedHawks,draftkings,DraftKings,2026-10-06T20:35:37Z,2026-10-06T20:35:37Z,Miami (OH) RedHawks,-2.5,-108.0,2026,2026-10-06T20:35:54Z,1647,5.680150310917068,-0.09534774465671496,8.275498055573784,9091a0b7e14eff9f94f7c6bbd29b6e9d5a25a74a6e5a4c99a99d5af04e10935e,timestamped_live_quote,FBS vs FBS
2026-10-06T20:35:54Z,43dda5e509a9619bee41f752a2c25fa7,2026-10-10T18:00:00Z,UMass Minutemen,Miami (OH) RedHawks,draftkings,DraftKings,2026-10-06T20:35:37Z,2026-10-06T20:35:37Z,UMass Minutemen,2.5,-112.0,2026,2026-10-06T20:35:54Z,1647,5.680150310917068,-0.09534774465671496,8.275498055573784,9091a0b7e14eff9f94f7c6bbd29b6e9d5a25a74a6e5a4c99a99d5af04e10935e,timestamped_live_quote,FBS vs FBS
2026-10-06T20:35:54Z,43dda5e509a9619bee41f752a2c25fa7,2026-10-10T18:00:00Z,UMass Minutemen,Miami (OH) RedHawks,lowvig,LowVig.ag,2026-10-06T20:35:12Z,2026-10-06T20:35:12Z,Miami (OH) RedHawks,-2.0,-108.0,2026,2026-10-06T20:35:54Z,1647,5.680150310917068,-0.09534774465671496,8.275498055573784,9091a0b7e14eff9f94f7c6bbd29b6e9d5a25a74a6e5a4c99a99d5af04e10935e,timestamped_live_quote,FBS vs FBS
2026-10-06T20:35:54Z,43dda5e509a9619bee41f752a2c25fa7,2026-10-10T18:00:00Z,UMass Minutemen,Miami (OH) RedHawks,lowvig,LowVig.ag,2026-10-06T20:35:12Z,2026-10-06T20:35:12Z,UMass Minutemen,2.0,-104.0,2026,2026-10-06T20:35:54Z,1647,5.680150310917068,-0.09534774465671496,8.275498055573784,9091a0b7e14eff9f94f7c6bbd29b6e9d5a25a74a6e5a4c99a99d5af04e10935e,timestamped_live_quote,FBS vs FBS
2026-10-06T20:35:54Z,43dda5e509a9619bee41f752a2c25fa7,2026-10-10T18:00:00Z,UMass Minutemen,Miami (OH) RedHawks,betonlineag,BetOnline.ag,2026-10-06T20:35:36Z,2026-10-06T20:35:36Z,Miami (OH) RedHawks,-2.0,-112.0,2026,2026-10-06T20:35:54Z,1647,5.680150310917068,-0.09534774465671496,8.275498055573784,9091a0b7e14eff9f94f7c6bbd29b6e9d5a25a74a6e5a4c99a99d5af04e10935e,timestamped_live_quote,FBS vs FBS
2026-10-06T20:35:54Z,43dda5e509a9619bee41f752a2c25fa7,2026-10-10T18:00:00Z,UMass Minutemen,Miami (OH) RedHawks,betonlineag,BetOnline.ag,2026-10-06T20:35:36Z,2026-10-06T20:35:36Z,UMass Minutemen,2.0,-108.0,2026,2026-10-06T20:35:54Z,1647,5.680150310917068,-0.09534774465671496,8.275498055573784,9091a0b7e14eff9f94f7c6bbd29b6e9d5a25a74a6e5a4c99a99d5af04e10935e,timestamped_live_quote,FBS vs FBS
2026-10-06T20:35:54Z,43dda5e509a9619bee41f752a2c25fa7,2026-10-10T18:00:00Z,UMass Minutemen,Miami (OH) RedHawks,fanduel,FanDuel,2026-10-06T20:35:39Z,2026-10-06T20:35:39Z,Miami (OH) RedHawks,-2.5,-108.0,2026,2026-10-06T20:35:54Z,1647,5.680150310917068,-0.09534774465671496,8.275498055573784,9091a0b7e14eff9f94f7c6bbd29b6e9d5a25a74a6e5a4c99a99d5af04e10935e,timestamped_live_quote,FBS vs FBS
2026-10-06T20:35:54Z,43dda5e509a9619bee41f752a2c25fa7,2026-10-10T18:00:00Z,UMass Minutemen,Miami (OH) RedHawks,fanduel,FanDuel,2026-10-06T20:35:39Z,2026-10-06T20:35:39Z,UMass Minutemen,2.5,-112.0,2026,2026-10-06T20:35:54Z,1647,5.680150310917068,-0.09534774465671496,8.275498055573784,9091a0b7e14eff9f94f7c6bbd29b6e9d5a25a74a6e5a4c99a99d5af04e10935e,timestamped_live_quote,FBS vs FBS
2026-10-06T20:35:54Z,43dda5e509a9619bee41f752a2c25fa7,2026-10-10T18:00:00Z,UMass Minutemen,Miami (OH) RedHawks,betmgm,BetMGM,2026-10-06T20:35:16Z,2026-10-06T20:35:16Z,Miami (OH) RedHawks,-2.5,-108.0,2026,2026-10-06T20:35:54Z,1647,5.680150310917068,-0.09534774465671496,8.275498055573784,9091a0b7e14eff9f94f7c6bbd29b6e9d5a25a74a6e5a4c99a99d5af04e10935e,timestamped_live_quote,FBS vs FBS
2026-10-06T20:35:54Z,43dda5e509a9619bee41f752a2c25fa7,2026-10-10T18:00:00Z,UMass Minutemen,Miami (OH) RedHawks,betmgm,BetMGM,2026-10-06T20:35:16Z,2026-10-06T20:35:16Z,UMass Minutemen,2.5,-110.0,2026,2026-10-06T20:35:54Z,1647,5.680150310917068,-0.09534774465671496,8.275498055573784,9091a0b7e14eff9f94f7c6bbd29b6e9d5a25a74a6e5a4c99a99d5af04e10935e,timestamped_live_quote,FBS vs FBS
2026-10-06T20:35:54Z,43dda5e509a9619bee41f752a2c25fa7,2026-10-10T18:00:00Z,UMass Minutemen,Miami (OH) RedHawks,bovada,Bovada,2026-10-06T20:34:42Z,2026-10-06T20:34:42Z,Miami (OH) RedHawks,-2.5,-110.0,2026,2026-10-06T20:35:54Z,1647,5.680150310917068,-0.09534774465671496,8.275498055573784,9091a0b7e14eff9f94f7c6bbd29b6e9d5a25a74a6e5a4c99a99d5af04e10935e,timestamped_live_quote,FBS vs FBS
2026-10-06T20:35:54Z,43dda5e509a9619bee41f752a2c25fa7,2026-10-10T18:00:00Z,UMass Minutemen,Miami (OH) RedHawks,bovada,Bovada,2026-10-06T20:34:42Z,2026-10-06T20:34:42Z,UMass Minutemen,2.5,-110.0,2026,2026-10-06T20:35:54Z,1647,5.680150310917068,-0.09534774465671496,8.275498055573784,9091a0b7e14eff9f94f7c6bbd29b6e9d5a25a74a6e5a4c99a99d5af04e10935e,timestamped_live_quote,FBS vs FBS
2026-10-06T20:35:54Z,43dda5e509a9619bee41f752a2c25fa7,2026-10-10T18:00:00Z,UMass Minutemen,Miami (OH) RedHawks,betus,BetUS,2026-10-06T20:35:09Z,2026-10-06T20:35:09Z,Miami (OH) RedHawks,-2.5,-110.0,2026,2026-10-06T20:35:54Z,1647,5.680150310917068,-0.09534774465671496,8.275498055573784,9091a0b7e14eff9f94f7c6bbd29b6e9d5a25a74a6e5a4c99a99d5af04e10935e,timestamped_live_quote,FBS vs FBS
2026-10-06T20:35:54Z,43dda5e509a9619bee41f752a2c25fa7,2026-10-10T18:00:00Z,UMass Minutemen,Miami (OH) RedHawks,betus,BetUS,2026-10-06T20:35:09Z,2026-10-06T20:35:09Z,UMass Minutemen,2.5,-110.0,2026,2026-10-06T20:35:54Z,1647,5.680150310917068,-0.09534774465671496,8.275498055573784,9091a0b7e14eff9f94f7c6bbd29b6e9d5a25a74a6e5a4c99a99d5af04e10935e,timestamped_live_quote,FBS vs FBS
2026-10-06T20:35:54Z,43dda5e509a9619bee41f752a2c25fa7,2026-10-10T18:00:00Z,UMass Minutemen,Miami (OH) RedHawks,betrivers,BetRivers,2026-10-06T20:35:40Z,2026-10-06T20:35:40Z,Miami (OH) RedHawks,-2.5,-113.0,2026,2026-10-06T20:35:54Z,1647,5.680150310917068,-0.09534774465671496,8.275498055573784,9091a0b7e14eff9f94f7c6bbd29b6e9d5a25a74a6e5a4c99a99d5af04e10935e,timestamped_live_quote,FBS vs FBS
2026-10-06T20:35:54Z,43dda5e509a9619bee41f752a2c25fa7,2026-10-10T18:00:00Z,UMass Minutemen,Miami (OH) RedHawks,betrivers,BetRivers,2026-10-06T20:35:40Z,2026-10-06T20:35:40Z,UMass Minutemen,2.5,-110.0,2026,2026-10-06T20:35:54Z,1647,5.680150310917068,-0.09534774465671496,8.275498055573784,9091a0b7e14eff9f94f7c6bbd29b6e9d5a25a74a6e5a4c99a99d5af04e10935e,timestamped_live_quote,FBS vs FBS
2026-10-06T20:35:54Z,d5c5d566d388f445ead9c2dc63caaed1,2026-10-10T19:30:00Z,Akron Zips,Eastern Michigan Eagles,draftkings,DraftKings,2026-10-06T20:35:38Z,2026-10-06T20:35:37Z,Akron Zips,7.0,-115.0,2026,2026-10-06T20:35:54Z,1647,-6.229108141422603,-0.9590328627249272,-2.770075278697675,9091a0b7e14eff9f94f7c6bbd29b6e9d5a25a74a6e5a4c99a99d5af04e10935e,timestamped_live_quote,FBS vs FBS
2026-10-06T20:35:54Z,d5c5d566d388f445ead9c2dc63caaed1,2026-10-10T19:30:00Z,Akron Zips,Eastern Michigan Eagles,draftkings,DraftKings,2026-10-06T20:35:38Z,2026-10-06T20:35:37Z,Eastern Michigan Eagles,-7.0,-105.0,2026,2026-10-06T20:35:54Z,1647,-6.229108141422603,-0.9590328627249272,-2.770075278697675,9091a0b7e14eff9f94f7c6bbd29b6e9d5a25a74a6e5a4c99a99d5af04e10935e,timestamped_live_quote,FBS vs FBS
2026-10-06T20:35:54Z,d5c5d566d388f445ead9c2dc63caaed1,2026-10-10T19:30:00Z,Akron Zips,Eastern Michigan Eagles,fanduel,FanDuel,2026-10-06T20:35:39Z,2026-10-06T20:35:39Z,Akron Zips,6.5,100.0,2026,2026-10-06T20:35:54Z,1647,-6.229108141422603,-0.9590328627249272,-2.770075278697675,9091a0b7e14eff9f94f7c6bbd29b6e9d5a25a74a6e5a4c99a99d5af04e10935e,timestamped_live_quote,FBS vs FBS
2026-10-06T20:35:54Z,d5c5d566d388f445ead9c2dc63caaed1,2026-10-10T19:30:00Z,Akron Zips,Eastern Michigan Eagles,fanduel,FanDuel,2026-10-06T20:35:39Z,2026-10-06T20:35:39Z,Eastern Michigan Eagles,-6.5,-122.0,2026,2026-10-06T20:35:54Z,1647,-6.229108141422603,-0.9590328627249272,-2.770075278697675,9091a0b7e14eff9f94f7c6bbd29b6e9d5a25a74a6e5a4c99a99d5af04e10935e,timestamped_live_quote,FBS vs FBS
2026-10-06T20:35:54Z,d5c5d566d388f445ead9c2dc63caaed1,2026-10-10T19:30:00Z,Akron Zips,Eastern Michigan Eagles,lowvig,LowVig.ag,2026-10-06T20:35:12Z,2026-10-06T20:35:12Z,Akron Zips,7.0,-111.0,2026,2026-10-06T20:35:54Z,1647,-6.229108141422603,-0.9590328627249272,-2.770075278697675,9091a0b7e14eff9f94f7c6bbd29b6e9d5a25a74a6e5a4c99a99d5af04e10935e,timestamped_live_quote,FBS vs FBS
2026-10-06T20:35:54Z,d5c5d566d388f445ead9c2dc63caaed1,2026-10-10T19:30:00Z,Akron Zips,Eastern Michigan Eagles,lowvig,LowVig.ag,2026-10-06T20:35:12Z,2026-10-06T20:35:12Z,Eastern Michigan Eagles,-7.0,-101.0,2026,2026-10-06T20:35:54Z,1647,-6.229108141422603,-0.9590328627249272,-2.770075278697675,9091a0b7e14eff9f94f7c6bbd29b6e9d5a25a74a6e5a4c99a99d5af04e10935e,timestamped_live_quote,FBS vs FBS
2026-10-06T20:35:54Z,d5c5d566d388f445ead9c2dc63caaed1,2026-10-10T19:30:00Z,Akron Zips,Eastern Michigan Eagles,betonlineag,BetOnline.ag,2026-10-06T20:35:36Z,2026-10-06T20:35:36Z,Akron Zips,7.0,-115.0,2026,2026-10-06T20:35:54Z,1647,-6.229108141422603,-0.9590328627249272,-2.770075278697675,9091a0b7e14eff9f94f7c6bbd29b6e9d5a25a74a6e5a4c99a99d5af04e10935e,timestamped_live_quote,FBS vs FBS
2026-10-06T20:35:54Z,d5c5d566d388f445ead9c2dc63caaed1,2026-10-10T19:30:00Z,Akron Zips,Eastern Michigan Eagles,betonlineag,BetOnline.ag,2026-10-06T20:35:36Z,2026-10-06T20:35:36Z,Eastern Michigan Eagles,-7.0,-105.0,2026,2026-10-06T20:35:54Z,1647,-6.229108141422603,-0.9590328627249272,-2.770075278697675,9091a0b7e14eff9f94f7c6bbd29b6e9d5a25a74a6e5a4c99a99d5af04e10935e,timestamped_live_quote,FBS vs FBS
2026-10-06T20:35:54Z,d5c5d566d388f445ead9c2dc63caaed1,2026-10-10T19:30:00Z,Akron Zips,Eastern Michigan Eagles,betrivers,BetRivers,2026-10-06T20:35:40Z,2026-10-06T20:35:40Z,Akron Zips,7.0,-115.0,2026,2026-10-06T20:35:54Z,1647,-6.229108141422603,-0.9590328627249272,-2.770075278697675,9091a0b7e14eff9f94f7c6bbd29b6e9d5a25a74a6e5a4c99a99d5af04e10935e,timestamped_live_quote,FBS vs FBS
2026-10-06T20:35:54Z,d5c5d566d388f445ead9c2dc63caaed1,2026-10-10T19:30:00Z,Akron Zips,Eastern Michigan Eagles,betrivers,BetRivers,2026-10-06T20:35:40Z,2026-10-06T20:35:40Z,Eastern Michigan Eagles,-7.0,-108.0,2026,2026-10-06T20:35:54Z,1647,-6.229108141422603,-0.9590328627249272,-2.770075278697675,9091a0b7e14eff9f94f7c6bbd29b6e9d5a25a74a6e5a4c99a99d5af04e10935e,timestamped_live_quote,FBS vs FBS
2026-10-06T20:35:54Z,d5c5d566d388f445ead9c2dc63caaed1,2026-10-10T19:30:00Z,Akron Zips,Eastern Michigan Eagles,betmgm,BetMGM,2026-10-06T20:35:16Z,2026-10-06T20:35:16Z,Akron Zips,7.0,-115.0,2026,2026-10-06T20:35:54Z,1647,-6.229108141422603,-0.9590328627249272,-2.770075278697675,9091a0b7e14eff9f94f7c6bbd29b6e9d5a25a74a6e5a4c99a99d5af04e10935e,timestamped_live_quote,FBS vs FBS
2026-10-06T20:35:54Z,d5c5d566d388f445ead9c2dc63caaed1,2026-10-10T19:30:00Z,Akron Zips,Eastern Michigan Eagles,betmgm,BetMGM,2026-10-06T20:35:16Z,2026-10-06T20:35:16Z,Eastern Michigan Eagles,-7.0,-105.0,2026,2026-10-06T20:35:54Z,1647,-6.229108141422603,-0.9590328627249272,-2.770075278697675,9091a0b7e14eff9f94f7c6bbd29b6e9d5a25a74a6e5a4c99a99d5af04e10935e,timestamped_live_quote,FBS vs FBS
2026-10-06T20:35:54Z,d5c5d566d388f445ead9c2dc63caaed1,2026-10-10T19:30:00Z,Akron Zips,Eastern Michigan Eagles,mybookieag,MyBookie.ag,2026-10-06T20:35:08Z,2026-10-06T20:35:08Z,Akron Zips,7.0,-110.0,2026,2026-10-06T20:35:54Z,1647,-6.229108141422603,-0.9590328627249272,-2.770075278697675,9091a0b7e14eff9f94f7c6bbd29b6e9d5a25a74a6e5a4c99a99d5af04e10935e,timestamped_live_quote,FBS vs FBS
2026-10-06T20:35:54Z,d5c5d566d388f445ead9c2dc63caaed1,2026-10-10T19:30:00Z,Akron Zips,Eastern Michigan Eagles,mybookieag,MyBookie.ag,2026-10-06T20:35:08Z,2026-10-06T20:35:08Z,Eastern Michigan Eagles,-7.0,-110.0,2026,2026-10-06T20:35:54Z,1647,-6.229108141422603,-0.9590328627249272,-2.770075278697675,9091a0b7e14eff9f94f7c6bbd29b6e9d5a25a74a6e5a4c99a99d5af04e10935e,timestamped_live_quote,FBS vs FBS
2026-10-06T20:35:54Z,d5c5d566d388f445ead9c2dc63caaed1,2026-10-10T19:30:00Z,Akron Zips,Eastern Michigan Eagles,bovada,Bovada,2026-10-06T20:34:42Z,2026-10-06T20:34:42Z,Akron Zips,6.5,-105.0,2026,2026-10-06T20:35:54Z,1647,-6.229108141422603,-0.9590328627249272,-2.770075278697675,9091a0b7e14eff9f94f7c6bbd29b6e9d5a25a74a6e5a4c99a99d5af04e10935e,timestamped_live_quote,FBS vs FBS
2026-10-06T20:35:54Z,d5c5d566d388f445ead9c2dc63caaed1,2026-10-10T19:30:00Z,Akron Zips,Eastern Michigan Eagles,bovada,Bovada,2026-10-06T20:34:42Z,2026-10-06T20:34:42Z,Eastern Michigan Eagles,-6.5,-115.0,2026,2026-10-06T20:35:54Z,1647,-6.229108141422603,-0.9590328627249272,-2.770075278697675,9091a0b7e14eff9f94f7c6bbd29b6e9d5a25a74a6e5a4c99a99d5af04e10935e,timestamped_live_quote,FBS vs FBS
2026-10-06T20:35:54Z,d5c5d566d388f445ead9c2dc63caaed1,2026-10-10T19:30:00Z,Akron Zips,Eastern Michigan Eagles,betus,BetUS,2026-10-06T20:35:09Z,2026-10-06T20:35:09Z,Akron Zips,7.0,-115.0,2026,2026-10-06T20:35:54Z,1647,-6.229108141422603,-0.9590328627249272,-2.770075278697675,9091a0b7e14eff9f94f7c6bbd29b6e9d5a25a74a6e5a4c99a99d5af04e10935e,timestamped_live_quote,FBS vs FBS
2026-10-06T20:35:54Z,d5c5d566d388f445ead9c2dc63caaed1,2026-10-10T19:30:00Z,Akron Zips,Eastern Michigan Eagles,betus,BetUS,2026-10-06T20:35:09Z,2026-10-06T20:35:09Z,Eastern Michigan Eagles,-7.0,-105.0,2026,2026-10-06T20:35:54Z,1647,-6.229108141422603,-0.9590328627249272,-2.770075278697675,9091a0b7e14eff9f94f7c6bbd29b6e9d5a25a74a6e5a4c99a99d5af04e10935e,timestamped_live_quote,FBS vs FBS
2026-10-06T20:35:54Z,e2a6fcdae461277e7cc041ff631d1b0c,2026-10-10T19:30:00Z,Toledo Rockets,Buffalo Bulls,draftkings,DraftKings,2026-10-06T20:35:38Z,2026-10-06T20:35:37Z,Buffalo Bulls,20.5,-108.0,2026,2026-10-06T20:35:54Z,1647,8.34011757102282,-4.62816953562036,15.46828710664318,9091a0b7e14eff9f94f7c6bbd29b6e9d5a25a74a6e5a4c99a99d5af04e10935e,timestamped_live_quote,FBS vs FBS
2026-10-06T20:35:54Z,e2a6fcdae461277e7cc041ff631d1b0c,2026-10-10T19:30:00Z,Toledo Rockets,Buffalo Bulls,draftkings,DraftKings,2026-10-06T20:35:38Z,2026-10-06T20:35:37Z,Toledo Rockets,-20.5,-112.0,2026,2026-10-06T20:35:54Z,1647,8.34011757102282,-4.62816953562036,15.46828710664318,9091a0b7e14eff9f94f7c6bbd29b6e9d5a25a74a6e5a4c99a99d5af04e10935e,timestamped_live_quote,FBS vs FBS
2026-10-06T20:35:54Z,e2a6fcdae461277e7cc041ff631d1b0c,2026-10-10T19:30:00Z,Toledo Rockets,Buffalo Bulls,fanduel,FanDuel,2026-10-06T20:35:39Z,2026-10-06T20:35:39Z,Buffalo Bulls,20.5,-104.0,2026,2026-10-06T20:35:54Z,1647,8.34011757102282,-4.62816953562036,15.46828710664318,9091a0b7e14eff9f94f7c6bbd29b6e9d5a25a74a6e5a4c99a99d5af04e10935e,timestamped_live_quote,FBS vs FBS
2026-10-06T20:35:54Z,e2a6fcdae461277e7cc041ff631d1b0c,2026-10-10T19:30:00Z,Toledo Rockets,Buffalo Bulls,fanduel,FanDuel,2026-10-06T20:35:39Z,2026-10-06T20:35:39Z,Toledo Rockets,-20.5,-115.0,2026,2026-10-06T20:35:54Z,1647,8.34011757102282,-4.62816953562036,15.46828710664318,9091a0b7e14eff9f94f7c6bbd29b6e9d5a25a74a6e5a4c99a99d5af04e10935e,timestamped_live_quote,FBS vs FBS
2026-10-06T20:35:54Z,e2a6fcdae461277e7cc041ff631d1b0c,2026-10-10T19:30:00Z,Toledo Rockets,Buffalo Bulls,lowvig,LowVig.ag,2026-10-06T20:35:12Z,2026-10-06T20:35:12Z,Buffalo Bulls,20.5,101.0,2026,2026-10-06T20:35:54Z,1647,8.34011757102282,-4.62816953562036,15.46828710664318,9091a0b7e14eff9f94f7c6bbd29b6e9d5a25a74a6e5a4c99a99d5af04e10935e,timestamped_live_quote,FBS vs FBS
2026-10-06T20:35:54Z,e2a6fcdae461277e7cc041ff631d1b0c,2026-10-10T19:30:00Z,Toledo Rockets,Buffalo Bulls,lowvig,LowVig.ag,2026-10-06T20:35:12Z,2026-10-06T20:35:12Z,Toledo Rockets,-20.5,-113.0,2026,2026-10-06T20:35:54Z,1647,8.34011757102282,-4.62816953562036,15.46828710664318,9091a0b7e14eff9f94f7c6bbd29b6e9d5a25a74a6e5a4c99a99d5af04e10935e,timestamped_live_quote,FBS vs FBS
2026-10-06T20:35:54Z,e2a6fcdae461277e7cc041ff631d1b0c,2026-10-10T19:30:00Z,Toledo Rockets,Buffalo Bulls,betonlineag,BetOnline.ag,2026-10-06T20:35:36Z,2026-10-06T20:35:36Z,Buffalo Bulls,20.5,-103.0,2026,2026-10-06T20:35:54Z,1647,8.34011757102282,-4.62816953562036,15.46828710664318,9091a0b7e14eff9f94f7c6bbd29b6e9d5a25a74a6e5a4c99a99d5af04e10935e,timestamped_live_quote,FBS vs FBS
2026-10-06T20:35:54Z,e2a6fcdae461277e7cc041ff631d1b0c,2026-10-10T19:30:00Z,Toledo Rockets,Buffalo Bulls,betonlineag,BetOnline.ag,2026-10-06T20:35:36Z,2026-10-06T20:35:36Z,Toledo Rockets,-20.5,-117.0,2026,2026-10-06T20:35:54Z,1647,8.34011757102282,-4.62816953562036,15.46828710664318,9091a0b7e14eff9f94f7c6bbd29b6e9d5a25a74a6e5a4c99a99d5af04e10935e,timestamped_live_quote,FBS vs FBS
2026-10-06T20:35:54Z,e2a6fcdae461277e7cc041ff631d1b0c,2026-10-10T19:30:00Z,Toledo Rockets,Buffalo Bulls,betrivers,BetRivers,2026-10-06T20:35:40Z,2026-10-06T20:35:40Z,Buffalo Bulls,20.5,-110.0,2026,2026-10-06T20:35:54Z,1647,8.34011757102282,-4.62816953562036,15.46828710664318,9091a0b7e14eff9f94f7c6bbd29b6e9d5a25a74a6e5a4c99a99d5af04e10935e,timestamped_live_quote,FBS vs FBS
2026-10-06T20:35:54Z,e2a6fcdae461277e7cc041ff631d1b0c,2026-10-10T19:30:00Z,Toledo Rockets,Buffalo Bulls,betrivers,BetRivers,2026-10-06T20:35:40Z,2026-10-06T20:35:40Z,Toledo Rockets,-20.5,-112.0,2026,2026-10-06T20:35:54Z,1647,8.34011757102282,-4.62816953562036,15.46828710664318,9091a0b7e14eff9f94f7c6bbd29b6e9d5a25a74a6e5a4c99a99d5af04e10935e,timestamped_live_quote,FBS vs FBS
2026-10-06T20:35:54Z,e2a6fcdae461277e7cc041ff631d1b0c,2026-10-10T19:30:00Z,Toledo Rockets,Buffalo Bulls,betmgm,BetMGM,2026-10-06T20:35:16Z,2026-10-06T20:35:16Z,Buffalo Bulls,20.5,-105.0,2026,2026-10-06T20:35:54Z,1647,8.34011757102282,-4.62816953562036,15.46828710664318,9091a0b7e14eff9f94f7c6bbd29b6e9d5a25a74a6e5a4c99a99d5af04e10935e,timestamped_live_quote,FBS vs FBS
2026-10-06T20:35:54Z,e2a6fcdae461277e7cc041ff631d1b0c,2026-10-10T19:30:00Z,Toledo Rockets,Buffalo Bulls,betmgm,BetMGM,2026-10-06T20:35:16Z,2026-10-06T20:35:16Z,Toledo Rockets,-20.5,-112.0,2026,2026-10-06T20:35:54Z,1647,8.34011757102282,-4.62816953562036,15.46828710664318,9091a0b7e14eff9f94f7c6bbd29b6e9d5a25a74a6e5a4c99a99d5af04e10935e,timestamped_live_quote,FBS vs FBS
2026-10-06T20:35:54Z,e2a6fcdae461277e7cc041ff631d1b0c,2026-10-10T19:30:00Z,Toledo Rockets,Buffalo Bulls,mybookieag,MyBookie.ag,2026-10-06T20:35:08Z,2026-10-06T20:35:08Z,Buffalo Bulls,20.5,-110.0,2026,2026-10-06T20:35:54Z,1647,8.34011757102282,-4.62816953562036,15.46828710664318,9091a0b7e14eff9f94f7c6bbd29b6e9d5a25a74a6e5a4c99a99d5af04e10935e,timestamped_live_quote,FBS vs FBS
2026-10-06T20:35:54Z,e2a6fcdae461277e7cc041ff631d1b0c,2026-10-10T19:30:00Z,Toledo Rockets,Buffalo Bulls,mybookieag,MyBookie.ag,2026-10-06T20:35:08Z,2026-10-06T20:35:08Z,Toledo Rockets,-20.5,-110.0,2026,2026-10-06T20:35:54Z,1647,8.34011757102282,-4.62816953562036,15.46828710664318,9091a0b7e14eff9f94f7c6bbd29b6e9d5a25a74a6e5a4c99a99d5af04e10935e,timestamped_live_quote,FBS vs FBS
2026-10-06T20:35:54Z,e2a6fcdae461277e7cc041ff631d1b0c,2026-10-10T19:30:00Z,Toledo Rockets,Buffalo Bulls,bovada,Bovada,2026-10-06T20:34:42Z,2026-10-06T20:34:42Z,Buffalo Bulls,21.0,-115.0,2026,2026-10-06T20:35:54Z,1647,8.34011757102282,-4.62816953562036,15.46828710664318,9091a0b7e14eff9f94f7c6bbd29b6e9d5a25a74a6e5a4c99a99d5af04e10935e,timestamped_live_quote,FBS vs FBS
2026-10-06T20:35:54Z,e2a6fcdae461277e7cc041ff631d1b0c,2026-10-10T19:30:00Z,Toledo Rockets,Buffalo Bulls,bovada,Bovada,2026-10-06T20:34:42Z,2026-10-06T20:34:42Z,Toledo Rockets,-21.0,-105.0,2026,2026-10-06T20:35:54Z,1647,8.34011757102282,-4.62816953562036,15.46828710664318,9091a0b7e14eff9f94f7c6bbd29b6e9d5a25a74a6e5a4c99a99d5af04e10935e,timestamped_live_quote,FBS vs FBS
2026-10-06T20:35:54Z,e2a6fcdae461277e7cc041ff631d1b0c,2026-10-10T19:30:00Z,Toledo Rockets,Buffalo Bulls,betus,BetUS,2026-10-06T20:35:09Z,2026-10-06T20:35:09Z,Buffalo Bulls,21.0,-110.0,2026,2026-10-06T20:35:54Z,1647,8.34011757102282,-4.62816953562036,15.46828710664318,9091a0b7e14eff9f94f7c6bbd29b6e9d5a25a74a6e5a4c99a99d5af04e10935e,timestamped_live_quote,FBS vs FBS
2026-10-06T20:35:54Z,e2a6fcdae461277e7cc041ff631d1b0c,2026-10-10T19:30:00Z,Toledo Rockets,Buffalo Bulls,betus,BetUS,2026-10-06T20:35:09Z,2026-10-06T20:35:09Z,Toledo Rockets,-21.0,-110.0,2026,2026-10-06T20:35:54Z,1647,8.34011757102282,-4.62816953562036,15.46828710664318,9091a0b7e14eff9f94f7c6bbd29b6e9d5a25a74a6e5a4c99a99d5af04e10935e,timestamped_live_quote,FBS vs FBS
2026-10-06T20:35:54Z,9f633922d2cc5fa338aa22d1fcb83099,2026-10-10T19:30:00Z,California Golden Bears,Virginia Tech Hokies,fanduel,FanDuel,2026-10-06T20:35:39Z,2026-10-06T20:35:39Z,California Golden Bears,8.5,-110.0,2026,2026-10-06T20:35:54Z,1647,0.9340293963614588,10.993032694496188,-7.55900329813473,9091a0b7e14eff9f94f7c6bbd29b6e9d5a25a74a6e5a4c99a99d5af04e10935e,timestamped_live_quote,FBS vs FBS
2026-10-06T20:35:54Z,9f633922d2cc5fa338aa22d1fcb83099,2026-10-10T19:30:00Z,California Golden Bears,Virginia Tech Hokies,fanduel,FanDuel,2026-10-06T20:35:39Z,2026-10-06T20:35:39Z,Virginia Tech Hokies,-8.5,-110.0,2026,2026-10-06T20:35:54Z,1647,0.9340293963614588,10.993032694496188,-7.55900329813473,9091a0b7e14eff9f94f7c6bbd29b6e9d5a25a74a6e5a4c99a99d5af04e10935e,timestamped_live_quote,FBS vs FBS
2026-10-06T20:35:54Z,9f633922d2cc5fa338aa22d1fcb83099,2026-10-10T19:30:00Z,California Golden Bears,Virginia Tech Hokies,betrivers,BetRivers,2026-10-06T20:35:40Z,2026-10-06T20:35:40Z,California Golden Bears,9.0,-112.0,2026,2026-10-06T20:35:54Z,1647,0.9340293963614588,10.993032694496188,-7.55900329813473,9091a0b7e14eff9f94f7c6bbd29b6e9d5a25a74a6e5a4c99a99d5af04e10935e,timestamped_live_quote,FBS vs FBS
2026-10-06T20:35:54Z,9f633922d2cc5fa338aa22d1fcb83099,2026-10-10T19:30:00Z,California Golden Bears,Virginia Tech Hokies,betrivers,BetRivers,2026-10-06T20:35:40Z,2026-10-06T20:35:40Z,Virginia Tech Hokies,-9.0,-110.0,2026,2026-10-06T20:35:54Z,1647,0.9340293963614588,10.993032694496188,-7.55900329813473,9091a0b7e14eff9f94f7c6bbd29b6e9d5a25a74a6e5a4c99a99d5af04e10935e,timestamped_live_quote,FBS vs FBS
2026-10-06T20:35:54Z,9f633922d2cc5fa338aa22d1fcb83099,2026-10-10T19:30:00Z,California Golden Bears,Virginia Tech Hokies,betmgm,BetMGM,2026-10-06T20:35:16Z,2026-10-06T20:35:16Z,California Golden Bears,9.5,-108.0,2026,2026-10-06T20:35:54Z,1647,0.9340293963614588,10.993032694496188,-7.55900329813473,9091a0b7e14eff9f94f7c6bbd29b6e9d5a25a74a6e5a4c99a99d5af04e10935e,timestamped_live_quote,FBS vs FBS
2026-10-06T20:35:54Z,9f633922d2cc5fa338aa22d1fcb83099,2026-10-10T19:30:00Z,California Golden Bears,Virginia Tech Hokies,betmgm,BetMGM,2026-10-06T20:35:16Z,2026-10-06T20:35:16Z,Virginia Tech Hokies,-9.5,-110.0,2026,2026-10-06T20:35:54Z,1647,0.9340293963614588,10.993032694496188,-7.55900329813473,9091a0b7e14eff9f94f7c6bbd29b6e9d5a25a74a6e5a4c99a99d5af04e10935e,timestamped_live_quote,FBS vs FBS
2026-10-06T20:35:54Z,9f633922d2cc5fa338aa22d1fcb83099,2026-10-10T19:30:00Z,California Golden Bears,Virginia Tech Hokies,draftkings,DraftKings,2026-10-06T20:35:38Z,2026-10-06T20:35:37Z,California Golden Bears,9.5,-108.0,2026,2026-10-06T20:35:54Z,1647,0.9340293963614588,10.993032694496188,-7.55900329813473,9091a0b7e14eff9f94f7c6bbd29b6e9d5a25a74a6e5a4c99a99d5af04e10935e,timestamped_live_quote,FBS vs FBS
2026-10-06T20:35:54Z,9f633922d2cc5fa338aa22d1fcb83099,2026-10-10T19:30:00Z,California Golden Bears,Virginia Tech Hokies,draftkings,DraftKings,2026-10-06T20:35:38Z,2026-10-06T20:35:37Z,Virginia Tech Hokies,-9.5,-112.0,2026,2026-10-06T20:35:54Z,1647,0.9340293963614588,10.993032694496188,-7.55900329813473,9091a0b7e14eff9f94f7c6bbd29b6e9d5a25a74a6e5a4c99a99d5af04e10935e,timestamped_live_quote,FBS vs FBS
2026-10-06T20:35:54Z,9f633922d2cc5fa338aa22d1fcb83099,2026-10-10T19:30:00Z,California Golden Bears,Virginia Tech Hokies,lowvig,LowVig.ag,2026-10-06T20:35:12Z,2026-10-06T20:35:12Z,California Golden Bears,9.0,104.0,2026,2026-10-06T20:35:54Z,1647,0.9340293963614588,10.993032694496188,-7.55900329813473,9091a0b7e14eff9f94f7c6bbd29b6e9d5a25a74a6e5a4c99a99d5af04e10935e,timestamped_live_quote,FBS vs FBS
2026-10-06T20:35:54Z,9f633922d2cc5fa338aa22d1fcb83099,2026-10-10T19:30:00Z,California Golden Bears,Virginia Tech Hokies,lowvig,LowVig.ag,2026-10-06T20:35:12Z,2026-10-06T20:35:12Z,Virginia Tech Hokies,-9.0,-116.0,2026,2026-10-06T20:35:54Z,1647,0.9340293963614588,10.993032694496188,-7.55900329813473,9091a0b7e14eff9f94f7c6bbd29b6e9d5a25a74a6e5a4c99a99d5af04e10935e,timestamped_live_quote,FBS vs FBS
2026-10-06T20:35:54Z,9f633922d2cc5fa338aa22d1fcb83099,2026-10-10T19:30:00Z,California Golden Bears,Virginia Tech Hokies,betonlineag,BetOnline.ag,2026-10-06T20:35:36Z,2026-10-06T20:35:36Z,California Golden Bears,9.0,100.0,2026,2026-10-06T20:35:54Z,1647,0.9340293963614588,10.993032694496188,-7.55900329813473,9091a0b7e14eff9f94f7c6bbd29b6e9d5a25a74a6e5a4c99a99d5af04e10935e,timestamped_live_quote,FBS vs FBS
2026-10-06T20:35:54Z,9f633922d2cc5fa338aa22d1fcb83099,2026-10-10T19:30:00Z,California Golden Bears,Virginia Tech Hokies,betonlineag,BetOnline.ag,2026-10-06T20:35:36Z,2026-10-06T20:35:36Z,Virginia Tech Hokies,-9.0,-120.0,2026,2026-10-06T20:35:54Z,1647,0.9340293963614588,10.993032694496188,-7.55900329813473,9091a0b7e14eff9f94f7c6bbd29b6e9d5a25a74a6e5a4c99a99d5af04e10935e,timestamped_live_quote,FBS vs FBS
2026-10-06T20:35:54Z,9f633922d2cc5fa338aa22d1fcb83099,2026-10-10T19:30:00Z,California Golden Bears,Virginia Tech Hokies,mybookieag,MyBookie.ag,2026-10-06T20:35:08Z,2026-10-06T20:35:08Z,California Golden Bears,9.5,-110.0,2026,2026-10-06T20:35:54Z,1647,0.9340293963614588,10.993032694496188,-7.55900329813473,9091a0b7e14eff9f94f7c6bbd29b6e9d5a25a74a6e5a4c99a99d5af04e10935e,timestamped_live_quote,FBS vs FBS
2026-10-06T20:35:54Z,9f633922d2cc5fa338aa22d1fcb83099,2026-10-10T19:30:00Z,California Golden Bears,Virginia Tech Hokies,mybookieag,MyBookie.ag,2026-10-06T20:35:08Z,2026-10-06T20:35:08Z,Virginia Tech Hokies,-9.5,-110.0,2026,2026-10-06T20:35:54Z,1647,0.9340293963614588,10.993032694496188,-7.55900329813473,9091a0b7e14eff9f94f7c6bbd29b6e9d5a25a74a6e5a4c99a99d5af04e10935e,timestamped_live_quote,FBS vs FBS
2026-10-06T20:35:54Z,9f633922d2cc5fa338aa22d1fcb83099,2026-10-10T19:30:00Z,California Golden Bears,Virginia Tech Hokies,betus,BetUS,2026-10-06T20:35:09Z,2026-10-06T20:35:09Z,California Golden Bears,9.0,100.0,2026,2026-10-06T20:35:54Z,1647,0.9340293963614588,10.993032694496188,-7.55900329813473,9091a0b7e14eff9f94f7c6bbd29b6e9d5a25a74a6e5a4c99a99d5af04e10935e,timestamped_live_quote,FBS vs FBS
2026-10-06T20:35:54Z,9f633922d2cc5fa338aa22d1fcb83099,2026-10-10T19:30:00Z,California Golden Bears,Virginia Tech Hokies,betus,BetUS,2026-10-06T20:35:09Z,2026-10-06T20:35:09Z,Virginia Tech Hokies,-9.0,-120.0,2026,2026-10-06T20:35:54Z,1647,0.9340293963614588,10.993032694496188,-7.55900329813473,9091a0b7e14eff9f94f7c6bbd29b6e9d5a25a74a6e5a4c99a99d5af04e10935e,timestamped_live_quote,FBS vs FBS
2026-10-06T20:35:54Z,9f633922d2cc5fa338aa22d1fcb83099,2026-10-10T19:30:00Z,California Golden Bears,Virginia Tech Hokies,bovada,Bovada,2026-10-06T20:34:42Z,2026-10-06T20:34:42Z,California Golden Bears,9.5,-110.0,2026,2026-10-06T20:35:54Z,1647,0.9340293963614588,10.993032694496188,-7.55900329813473,9091a0b7e14eff9f94f7c6bbd29b6e9d5a25a74a6e5a4c99a99d5af04e10935e,timestamped_live_quote,FBS vs FBS
2026-10-06T20:35:54Z,9f633922d2cc5fa338aa22d1fcb83099,2026-10-10T19:30:00Z,California Golden Bears,Virginia Tech Hokies,bovada,Bovada,2026-10-06T20:34:42Z,2026-10-06T20:34:42Z,Virginia Tech Hokies,-9.5,-110.0,2026,2026-10-06T20:35:54Z,1647,0.9340293963614588,10.993032694496188,-7.55900329813473,9091a0b7e14eff9f94f7c6bbd29b6e9d5a25a74a6e5a4c99a99d5af04e10935e,timestamped_live_quote,FBS vs FBS
2026-10-06T20:35:54Z,6c0ea3fe653989dd0d695482738232c3,2026-10-10T19:30:00Z,Ohio Bobcats,Central Michigan Chippewas,draftkings,DraftKings,2026-10-06T20:35:38Z,2026-10-06T20:35:37Z,Central Michigan Chippewas,3.0,-110.0,2026,2026-10-06T20:35:54Z,1647,1.0394245934932989,-1.156739961930039,4.696164555423338,9091a0b7e14eff9f94f7c6bbd29b6e9d5a25a74a6e5a4c99a99d5af04e10935e,timestamped_live_quote,FBS vs FBS
2026-10-06T20:35:54Z,6c0ea3fe653989dd0d695482738232c3,2026-10-10T19:30:00Z,Ohio Bobcats,Central Michigan Chippewas,draftkings,DraftKings,2026-10-06T20:35:38Z,2026-10-06T20:35:37Z,Ohio Bobcats,-3.0,-110.0,2026,2026-10-06T20:35:54Z,1647,1.0394245934932989,-1.156739961930039,4.696164555423338,9091a0b7e14eff9f94f7c6bbd29b6e9d5a25a74a6e5a4c99a99d5af04e10935e,timestamped_live_quote,FBS vs FBS
2026-10-06T20:35:54Z,6c0ea3fe653989dd0d695482738232c3,2026-10-10T19:30:00Z,Ohio Bobcats,Central Michigan Chippewas,fanduel,FanDuel,2026-10-06T20:35:39Z,2026-10-06T20:35:39Z,Central Michigan Chippewas,2.5,100.0,2026,2026-10-06T20:35:54Z,1647,1.0394245934932989,-1.156739961930039,4.696164555423338,9091a0b7e14eff9f94f7c6bbd29b6e9d5a25a74a6e5a4c99a99d5af04e10935e,timestamped_live_quote,FBS vs FBS
2026-10-06T20:35:54Z,6c0ea3fe653989dd0d695482738232c3,2026-10-10T19:30:00Z,Ohio Bobcats,Central Michigan Chippewas,fanduel,FanDuel,2026-10-06T20:35:39Z,2026-10-06T20:35:39Z,Ohio Bobcats,-2.5,-122.0,2026,2026-10-06T20:35:54Z,1647,1.0394245934932989,-1.156739961930039,4.696164555423338,9091a0b7e14eff9f94f7c6bbd29b6e9d5a25a74a6e5a4c99a99d5af04e10935e,timestamped_live_quote,FBS vs FBS
2026-10-06T20:35:54Z,6c0ea3fe653989dd0d695482738232c3,2026-10-10T19:30:00Z,Ohio Bobcats,Central Michigan Chippewas,lowvig,LowVig.ag,2026-10-06T20:35:12Z,2026-10-06T20:35:12Z,Central Michigan Chippewas,3.0,-108.0,2026,2026-10-06T20:35:54Z,1647,1.0394245934932989,-1.156739961930039,4.696164555423338,9091a0b7e14eff9f94f7c6bbd29b6e9d5a25a74a6e5a4c99a99d5af04e10935e,timestamped_live_quote,FBS vs FBS
2026-10-06T20:35:54Z,6c0ea3fe653989dd0d695482738232c3,2026-10-10T19:30:00Z,Ohio Bobcats,Central Michigan Chippewas,lowvig,LowVig.ag,2026-10-06T20:35:12Z,2026-10-06T20:35:12Z,Ohio Bobcats,-3.0,-104.0,2026,2026-10-06T20:35:54Z,1647,1.0394245934932989,-1.156739961930039,4.696164555423338,9091a0b7e14eff9f94f7c6bbd29b6e9d5a25a74a6e5a4c99a99d5af04e10935e,timestamped_live_quote,FBS vs FBS
2026-10-06T20:35:54Z,6c0ea3fe653989dd0d695482738232c3,2026-10-10T19:30:00Z,Ohio Bobcats,Central Michigan Chippewas,betonlineag,BetOnline.ag,2026-10-06T20:35:36Z,2026-10-06T20:35:36Z,Central Michigan Chippewas,3.0,-110.0,2026,2026-10-06T20:35:54Z,1647,1.0394245934932989,-1.156739961930039,4.696164555423338,9091a0b7e14eff9f94f7c6bbd29b6e9d5a25a74a6e5a4c99a99d5af04e10935e,timestamped_live_quote,FBS vs FBS
2026-10-06T20:35:54Z,6c0ea3fe653989dd0d695482738232c3,2026-10-10T19:30:00Z,Ohio Bobcats,Central Michigan Chippewas,betonlineag,BetOnline.ag,2026-10-06T20:35:36Z,2026-10-06T20:35:36Z,Ohio Bobcats,-3.0,-110.0,2026,2026-10-06T20:35:54Z,1647,1.0394245934932989,-1.156739961930039,4.696164555423338,9091a0b7e14eff9f94f7c6bbd29b6e9d5a25a74a6e5a4c99a99d5af04e10935e,timestamped_live_quote,FBS vs FBS
2026-10-06T20:35:54Z,6c0ea3fe653989dd0d695482738232c3,2026-10-10T19:30:00Z,Ohio Bobcats,Central Michigan Chippewas,betrivers,BetRivers,2026-10-06T20:35:40Z,2026-10-06T20:35:40Z,Central Michigan Chippewas,3.0,-115.0,2026,2026-10-06T20:35:54Z,1647,1.0394245934932989,-1.156739961930039,4.696164555423338,9091a0b7e14eff9f94f7c6bbd29b6e9d5a25a74a6e5a4c99a99d5af04e10935e,timestamped_live_quote,FBS vs FBS
2026-10-06T20:35:54Z,6c0ea3fe653989dd0d695482738232c3,2026-10-10T19:30:00Z,Ohio Bobcats,Central Michigan Chippewas,betrivers,BetRivers,2026-10-06T20:35:40Z,2026-10-06T20:35:40Z,Ohio Bobcats,-3.0,-108.0,2026,2026-10-06T20:35:54Z,1647,1.0394245934932989,-1.156739961930039,4.696164555423338,9091a0b7e14eff9f94f7c6bbd29b6e9d5a25a74a6e5a4c99a99d5af04e10935e,timestamped_live_quote,FBS vs FBS
2026-10-06T20:35:54Z,6c0ea3fe653989dd0d695482738232c3,2026-10-10T19:30:00Z,Ohio Bobcats,Central Michigan Chippewas,betmgm,BetMGM,2026-10-06T20:35:16Z,2026-10-06T20:35:16Z,Central Michigan Chippewas,3.0,-110.0,2026,2026-10-06T20:35:54Z,1647,1.0394245934932989,-1.156739961930039,4.696164555423338,9091a0b7e14eff9f94f7c6bbd29b6e9d5a25a74a6e5a4c99a99d5af04e10935e,timestamped_live_quote,FBS vs FBS
2026-10-06T20:35:54Z,6c0ea3fe653989dd0d695482738232c3,2026-10-10T19:30:00Z,Ohio Bobcats,Central Michigan Chippewas,betmgm,BetMGM,2026-10-06T20:35:16Z,2026-10-06T20:35:16Z,Ohio Bobcats,-3.0,-110.0,2026,2026-10-06T20:35:54Z,1647,1.0394245934932989,-1.156739961930039,4.696164555423338,9091a0b7e14eff9f94f7c6bbd29b6e9d5a25a74a6e5a4c99a99d5af04e10935e,timestamped_live_quote,FBS vs FBS
2026-10-06T20:35:54Z,6c0ea3fe653989dd0d695482738232c3,2026-10-10T19:30:00Z,Ohio Bobcats,Central Michigan Chippewas,mybookieag,MyBookie.ag,2026-10-06T20:35:08Z,2026-10-06T20:35:08Z,Central Michigan Chippewas,3.0,-110.0,2026,2026-10-06T20:35:54Z,1647,1.0394245934932989,-1.156739961930039,4.696164555423338,9091a0b7e14eff9f94f7c6bbd29b6e9d5a25a74a6e5a4c99a99d5af04e10935e,timestamped_live_quote,FBS vs FBS
2026-10-06T20:35:54Z,6c0ea3fe653989dd0d695482738232c3,2026-10-10T19:30:00Z,Ohio Bobcats,Central Michigan Chippewas,mybookieag,MyBookie.ag,2026-10-06T20:35:08Z,2026-10-06T20:35:08Z,Ohio Bobcats,-3.0,-110.0,2026,2026-10-06T20:35:54Z,1647,1.0394245934932989,-1.156739961930039,4.696164555423338,9091a0b7e14eff9f94f7c6bbd29b6e9d5a25a74a6e5a4c99a99d5af04e10935e,timestamped_live_quote,FBS vs FBS
2026-10-06T20:35:54Z,6c0ea3fe653989dd0d695482738232c3,2026-10-10T19:30:00Z,Ohio Bobcats,Central Michigan Chippewas,bovada,Bovada,2026-10-06T20:34:42Z,2026-10-06T20:34:42Z,Central Michigan Chippewas,3.0,-115.0,2026,2026-10-06T20:35:54Z,1647,1.0394245934932989,-1.156739961930039,4.696164555423338,9091a0b7e14eff9f94f7c6bbd29b6e9d5a25a74a6e5a4c99a99d5af04e10935e,timestamped_live_quote,FBS vs FBS
2026-10-06T20:35:54Z,6c0ea3fe653989dd0d695482738232c3,2026-10-10T19:30:00Z,Ohio Bobcats,Central Michigan Chippewas,bovada,Bovada,2026-10-06T20:34:42Z,2026-10-06T20:34:42Z,Ohio Bobcats,-3.0,-105.0,2026,2026-10-06T20:35:54Z,1647,1.0394245934932989,-1.156739961930039,4.696164555423338,9091a0b7e14eff9f94f7c6bbd29b6e9d5a25a74a6e5a4c99a99d5af04e10935e,timestamped_live_quote,FBS vs FBS
2026-10-06T20:35:54Z,6c0ea3fe653989dd0d695482738232c3,2026-10-10T19:30:00Z,Ohio Bobcats,Central Michigan Chippewas,betus,BetUS,2026-10-06T20:35:09Z,2026-10-06T20:35:09Z,Central Michigan Chippewas,3.0,-110.0,2026,2026-10-06T20:35:54Z,1647,1.0394245934932989,-1.156739961930039,4.696164555423338,9091a0b7e14eff9f94f7c6bbd29b6e9d5a25a74a6e5a4c99a99d5af04e10935e,timestamped_live_quote,FBS vs FBS
2026-10-06T20:35:54Z,6c0ea3fe653989dd0d695482738232c3,2026-10-10T19:30:00Z,Ohio Bobcats,Central Michigan Chippewas,betus,BetUS,2026-10-06T20:35:09Z,2026-10-06T20:35:09Z,Ohio Bobcats,-3.0,-110.0,2026,2026-10-06T20:35:54Z,1647,1.0394245934932989,-1.156739961930039,4.696164555423338,9091a0b7e14eff9f94f7c6bbd29b6e9d5a25a74a6e5a4c99a99d5af04e10935e,timestamped_live_quote,FBS vs FBS
2026-10-06T20:35:54Z,2168132b20b82bf78e08f1787b6f83cc,2026-10-10T19:30:00Z,North Texas Mean Green,Charlotte 49ers,draftkings,DraftKings,2026-10-06T20:35:38Z,2026-10-06T20:35:37Z,Charlotte 49ers,28.5,-108.0,2026,2026-10-06T20:35:54Z,1647,7.792341221464138,-11.046023834817888,21.338365056282026,9091a0b7e14eff9f94f7c6bbd29b6e9d5a25a74a6e5a4c99a99d5af04e10935e,timestamped_live_quote,FBS vs FBS
2026-10-06T20:35:54Z,2168132b20b82bf78e08f1787b6f83cc,2026-10-10T19:30:00Z,North Texas Mean Green,Charlotte 49ers,draftkings,DraftKings,2026-10-06T20:35:38Z,2026-10-06T20:35:37Z,North Texas Mean Green,-28.5,-112.0,2026,2026-10-06T20:35:54Z,1647,7.792341221464138,-11.046023834817888,21.338365056282026,9091a0b7e14eff9f94f7c6bbd29b6e9d5a25a74a6e5a4c99a99d5af04e10935e,timestamped_live_quote,FBS vs FBS
2026-10-06T20:35:54Z,2168132b20b82bf78e08f1787b6f83cc,2026-10-10T19:30:00Z,North Texas Mean Green,Charlotte 49ers,fanduel,FanDuel,2026-10-06T20:35:39Z,2026-10-06T20:35:39Z,Charlotte 49ers,28.5,-114.0,2026,2026-10-06T20:35:54Z,1647,7.792341221464138,-11.046023834817888,21.338365056282026,9091a0b7e14eff9f94f7c6bbd29b6e9d5a25a74a6e5a4c99a99d5af04e10935e,timestamped_live_quote,FBS vs FBS
2026-10-06T20:35:54Z,2168132b20b82bf78e08f1787b6f83cc,2026-10-10T19:30:00Z,North Texas Mean Green,Charlotte 49ers,fanduel,FanDuel,2026-10-06T20:35:39Z,2026-10-06T20:35:39Z,North Texas Mean Green,-28.5,-106.0,2026,2026-10-06T20:35:54Z,1647,7.792341221464138,-11.046023834817888,21.338365056282026,9091a0b7e14eff9f94f7c6bbd29b6e9d5a25a74a6e5a4c99a99d5af04e10935e,timestamped_live_quote,FBS vs FBS
2026-10-06T20:35:54Z,2168132b20b82bf78e08f1787b6f83cc,2026-10-10T19:30:00Z,North Texas Mean Green,Charlotte 49ers,betonlineag,BetOnline.ag,2026-10-06T20:35:36Z,2026-10-06T20:35:36Z,Charlotte 49ers,28.5,-105.0,2026,2026-10-06T20:35:54Z,1647,7.792341221464138,-11.046023834817888,21.338365056282026,9091a0b7e14eff9f94f7c6bbd29b6e9d5a25a74a6e5a4c99a99d5af04e10935e,timestamped_live_quote,FBS vs FBS
2026-10-06T20:35:54Z,2168132b20b82bf78e08f1787b6f83cc,2026-10-10T19:30:00Z,North Texas Mean Green,Charlotte 49ers,betonlineag,BetOnline.ag,2026-10-06T20:35:36Z,2026-10-06T20:35:36Z,North Texas Mean Green,-28.5,-115.0,2026,2026-10-06T20:35:54Z,1647,7.792341221464138,-11.046023834817888,21.338365056282026,9091a0b7e14eff9f94f7c6bbd29b6e9d5a25a74a6e5a4c99a99d5af04e10935e,timestamped_live_quote,FBS vs FBS
2026-10-06T20:35:54Z,2168132b20b82bf78e08f1787b6f83cc,2026-10-10T19:30:00Z,North Texas Mean Green,Charlotte 49ers,lowvig,LowVig.ag,2026-10-06T20:35:12Z,2026-10-06T20:35:12Z,Charlotte 49ers,28.5,-101.0,2026,2026-10-06T20:35:54Z,1647,7.792341221464138,-11.046023834817888,21.338365056282026,9091a0b7e14eff9f94f7c6bbd29b6e9d5a25a74a6e5a4c99a99d5af04e10935e,timestamped_live_quote,FBS vs FBS
2026-10-06T20:35:54Z,2168132b20b82bf78e08f1787b6f83cc,2026-10-10T19:30:00Z,North Texas Mean Green,Charlotte 49ers,lowvig,LowVig.ag,2026-10-06T20:35:12Z,2026-10-06T20:35:12Z,North Texas Mean Green,-28.5,-111.0,2026,2026-10-06T20:35:54Z,1647,7.792341221464138,-11.046023834817888,21.338365056282026,9091a0b7e14eff9f94f7c6bbd29b6e9d5a25a74a6e5a4c99a99d5af04e10935e,timestamped_live_quote,FBS vs FBS
2026-10-06T20:35:54Z,2168132b20b82bf78e08f1787b6f83cc,2026-10-10T19:30:00Z,North Texas Mean Green,Charlotte 49ers,betrivers,BetRivers,2026-10-06T20:35:40Z,2026-10-06T20:35:40Z,Charlotte 49ers,28.0,-109.0,2026,2026-10-06T20:35:54Z,1647,7.792341221464138,-11.046023834817888,21.338365056282026,9091a0b7e14eff9f94f7c6bbd29b6e9d5a25a74a6e5a4c99a99d5af04e10935e,timestamped_live_quote,FBS vs FBS
2026-10-06T20:35:54Z,2168132b20b82bf78e08f1787b6f83cc,2026-10-10T19:30:00Z,North Texas Mean Green,Charlotte 49ers,betrivers,BetRivers,2026-10-06T20:35:40Z,2026-10-06T20:35:40Z,North Texas Mean Green,-28.0,-114.0,2026,2026-10-06T20:35:54Z,1647,7.792341221464138,-11.046023834817888,21.338365056282026,9091a0b7e14eff9f94f7c6bbd29b6e9d5a25a74a6e5a4c99a99d5af04e10935e,timestamped_live_quote,FBS vs FBS
2026-10-06T20:35:54Z,2168132b20b82bf78e08f1787b6f83cc,2026-10-10T19:30:00Z,North Texas Mean Green,Charlotte 49ers,betmgm,BetMGM,2026-10-06T20:35:16Z,2026-10-06T20:35:16Z,Charlotte 49ers,28.5,-110.0,2026,2026-10-06T20:35:54Z,1647,7.792341221464138,-11.046023834817888,21.338365056282026,9091a0b7e14eff9f94f7c6bbd29b6e9d5a25a74a6e5a4c99a99d5af04e10935e,timestamped_live_quote,FBS vs FBS
2026-10-06T20:35:54Z,2168132b20b82bf78e08f1787b6f83cc,2026-10-10T19:30:00Z,North Texas Mean Green,Charlotte 49ers,betmgm,BetMGM,2026-10-06T20:35:16Z,2026-10-06T20:35:16Z,North Texas Mean Green,-28.5,-108.0,2026,2026-10-06T20:35:54Z,1647,7.792341221464138,-11.046023834817888,21.338365056282026,9091a0b7e14eff9f94f7c6bbd29b6e9d5a25a74a6e5a4c99a99d5af04e10935e,timestamped_live_quote,FBS vs FBS
2026-10-06T20:35:54Z,2168132b20b82bf78e08f1787b6f83cc,2026-10-10T19:30:00Z,North Texas Mean Green,Charlotte 49ers,mybookieag,MyBookie.ag,2026-10-06T20:35:08Z,2026-10-06T20:35:08Z,Charlotte 49ers,28.5,-110.0,2026,2026-10-06T20:35:54Z,1647,7.792341221464138,-11.046023834817888,21.338365056282026,9091a0b7e14eff9f94f7c6bbd29b6e9d5a25a74a6e5a4c99a99d5af04e10935e,timestamped_live_quote,FBS vs FBS
2026-10-06T20:35:54Z,2168132b20b82bf78e08f1787b6f83cc,2026-10-10T19:30:00Z,North Texas Mean Green,Charlotte 49ers,mybookieag,MyBookie.ag,2026-10-06T20:35:08Z,2026-10-06T20:35:08Z,North Texas Mean Green,-28.5,-110.0,2026,2026-10-06T20:35:54Z,1647,7.792341221464138,-11.046023834817888,21.338365056282026,9091a0b7e14eff9f94f7c6bbd29b6e9d5a25a74a6e5a4c99a99d5af04e10935e,timestamped_live_quote,FBS vs FBS
2026-10-06T20:35:54Z,2168132b20b82bf78e08f1787b6f83cc,2026-10-10T19:30:00Z,North Texas Mean Green,Charlotte 49ers,betus,BetUS,2026-10-06T20:35:09Z,2026-10-06T20:35:09Z,Charlotte 49ers,28.5,-105.0,2026,2026-10-06T20:35:54Z,1647,7.792341221464138,-11.046023834817888,21.338365056282026,9091a0b7e14eff9f94f7c6bbd29b6e9d5a25a74a6e5a4c99a99d5af04e10935e,timestamped_live_quote,FBS vs FBS
2026-10-06T20:35:54Z,2168132b20b82bf78e08f1787b6f83cc,2026-10-10T19:30:00Z,North Texas Mean Green,Charlotte 49ers,betus,BetUS,2026-10-06T20:35:09Z,2026-10-06T20:35:09Z,North Texas Mean Green,-28.5,-115.0,2026,2026-10-06T20:35:54Z,1647,7.792341221464138,-11.046023834817888,21.338365056282026,9091a0b7e14eff9f94f7c6bbd29b6e9d5a25a74a6e5a4c99a99d5af04e10935e,timestamped_live_quote,FBS vs FBS
2026-10-06T20:35:54Z,2168132b20b82bf78e08f1787b6f83cc,2026-10-10T19:30:00Z,North Texas Mean Green,Charlotte 49ers,bovada,Bovada,2026-10-06T20:34:42Z,2026-10-06T20:34:42Z,Charlotte 49ers,28.0,100.0,2026,2026-10-06T20:35:54Z,1647,7.792341221464138,-11.046023834817888,21.338365056282026,9091a0b7e14eff9f94f7c6bbd29b6e9d5a25a74a6e5a4c99a99d5af04e10935e,timestamped_live_quote,FBS vs FBS
2026-10-06T20:35:54Z,2168132b20b82bf78e08f1787b6f83cc,2026-10-10T19:30:00Z,North Texas Mean Green,Charlotte 49ers,bovada,Bovada,2026-10-06T20:34:42Z,2026-10-06T20:34:42Z,North Texas Mean Green,-28.0,-120.0,2026,2026-10-06T20:35:54Z,1647,7.792341221464138,-11.046023834817888,21.338365056282026,9091a0b7e14eff9f94f7c6bbd29b6e9d5a25a74a6e5a4c99a99d5af04e10935e,timestamped_live_quote,FBS vs FBS
2026-10-06T20:35:54Z,43457c08aa50a7e0038aa06eb3437680,2026-10-10T19:30:00Z,Georgia Tech Yellow Jackets,Duke Blue Devils,fanduel,FanDuel,2026-10-06T20:35:39Z,2026-10-06T20:35:39Z,Duke Blue Devils,-6.5,-122.0,2026,2026-10-06T20:35:54Z,1647,1.4596630294642337,10.061831724555324,-6.102168695091091,9091a0b7e14eff9f94f7c6bbd29b6e9d5a25a74a6e5a4c99a99d5af04e10935e,timestamped_live_quote,FBS vs FBS
2026-10-06T20:35:54Z,43457c08aa50a7e0038aa06eb3437680,2026-10-10T19:30:00Z,Georgia Tech Yellow Jackets,Duke Blue Devils,fanduel,FanDuel,2026-10-06T20:35:39Z,2026-10-06T20:35:39Z,Georgia Tech Yellow Jackets,6.5,100.0,2026,2026-10-06T20:35:54Z,1647,1.4596630294642337,10.061831724555324,-6.102168695091091,9091a0b7e14eff9f94f7c6bbd29b6e9d5a25a74a6e5a4c99a99d5af04e10935e,timestamped_live_quote,FBS vs FBS
2026-10-06T20:35:54Z,43457c08aa50a7e0038aa06eb3437680,2026-10-10T19:30:00Z,Georgia Tech Yellow Jackets,Duke Blue Devils,betrivers,BetRivers,2026-10-06T20:35:40Z,2026-10-06T20:35:40Z,Duke Blue Devils,-7.0,-109.0,2026,2026-10-06T20:35:54Z,1647,1.4596630294642337,10.061831724555324,-6.102168695091091,9091a0b7e14eff9f94f7c6bbd29b6e9d5a25a74a6e5a4c99a99d5af04e10935e,timestamped_live_quote,FBS vs FBS
2026-10-06T20:35:54Z,43457c08aa50a7e0038aa06eb3437680,2026-10-10T19:30:00Z,Georgia Tech Yellow Jackets,Duke Blue Devils,betrivers,BetRivers,2026-10-06T20:35:40Z,2026-10-06T20:35:40Z,Georgia Tech Yellow Jackets,7.0,-114.0,2026,2026-10-06T20:35:54Z,1647,1.4596630294642337,10.061831724555324,-6.102168695091091,9091a0b7e14eff9f94f7c6bbd29b6e9d5a25a74a6e5a4c99a99d5af04e10935e,timestamped_live_quote,FBS vs FBS
2026-10-06T20:35:54Z,43457c08aa50a7e0038aa06eb3437680,2026-10-10T19:30:00Z,Georgia Tech Yellow Jackets,Duke Blue Devils,betmgm,BetMGM,2026-10-06T20:35:16Z,2026-10-06T20:35:16Z,Duke Blue Devils,-7.0,-108.0,2026,2026-10-06T20:35:54Z,1647,1.4596630294642337,10.061831724555324,-6.102168695091091,9091a0b7e14eff9f94f7c6bbd29b6e9d5a25a74a6e5a4c99a99d5af04e10935e,timestamped_live_quote,FBS vs FBS
2026-10-06T20:35:54Z,43457c08aa50a7e0038aa06eb3437680,2026-10-10T19:30:00Z,Georgia Tech Yellow Jackets,Duke Blue Devils,betmgm,BetMGM,2026-10-06T20:35:16Z,2026-10-06T20:35:16Z,Georgia Tech Yellow Jackets,7.0,-112.0,2026,2026-10-06T20:35:54Z,1647,1.4596630294642337,10.061831724555324,-6.102168695091091,9091a0b7e14eff9f94f7c6bbd29b6e9d5a25a74a6e5a4c99a99d5af04e10935e,timestamped_live_quote,FBS vs FBS
2026-10-06T20:35:54Z,43457c08aa50a7e0038aa06eb3437680,2026-10-10T19:30:00Z,Georgia Tech Yellow Jackets,Duke Blue Devils,draftkings,DraftKings,2026-10-06T20:35:38Z,2026-10-06T20:35:37Z,Duke Blue Devils,-7.0,-108.0,2026,2026-10-06T20:35:54Z,1647,1.4596630294642337,10.061831724555324,-6.102168695091091,9091a0b7e14eff9f94f7c6bbd29b6e9d5a25a74a6e5a4c99a99d5af04e10935e,timestamped_live_quote,FBS vs FBS
2026-10-06T20:35:54Z,43457c08aa50a7e0038aa06eb3437680,2026-10-10T19:30:00Z,Georgia Tech Yellow Jackets,Duke Blue Devils,draftkings,DraftKings,2026-10-06T20:35:38Z,2026-10-06T20:35:37Z,Georgia Tech Yellow Jackets,7.0,-112.0,2026,2026-10-06T20:35:54Z,1647,1.4596630294642337,10.061831724555324,-6.102168695091091,9091a0b7e14eff9f94f7c6bbd29b6e9d5a25a74a6e5a4c99a99d5af04e10935e,timestamped_live_quote,FBS vs FBS
2026-10-06T20:35:54Z,43457c08aa50a7e0038aa06eb3437680,2026-10-10T19:30:00Z,Georgia Tech Yellow Jackets,Duke Blue Devils,betonlineag,BetOnline.ag,2026-10-06T20:35:36Z,2026-10-06T20:35:36Z,Duke Blue Devils,-7.0,-108.0,2026,2026-10-06T20:35:54Z,1647,1.4596630294642337,10.061831724555324,-6.102168695091091,9091a0b7e14eff9f94f7c6bbd29b6e9d5a25a74a6e5a4c99a99d5af04e10935e,timestamped_live_quote,FBS vs FBS
2026-10-06T20:35:54Z,43457c08aa50a7e0038aa06eb3437680,2026-10-10T19:30:00Z,Georgia Tech Yellow Jackets,Duke Blue Devils,betonlineag,BetOnline.ag,2026-10-06T20:35:36Z,2026-10-06T20:35:36Z,Georgia Tech Yellow Jackets,7.0,-112.0,2026,2026-10-06T20:35:54Z,1647,1.4596630294642337,10.061831724555324,-6.102168695091091,9091a0b7e14eff9f94f7c6bbd29b6e9d5a25a74a6e5a4c99a99d5af04e10935e,timestamped_live_quote,FBS vs FBS
2026-10-06T20:35:54Z,43457c08aa50a7e0038aa06eb3437680,2026-10-10T19:30:00Z,Georgia Tech Yellow Jackets,Duke Blue Devils,lowvig,LowVig.ag,2026-10-06T20:35:12Z,2026-10-06T20:35:12Z,Duke Blue Devils,-7.0,-104.0,2026,2026-10-06T20:35:54Z,1647,1.4596630294642337,10.061831724555324,-6.102168695091091,9091a0b7e14eff9f94f7c6bbd29b6e9d5a25a74a6e5a4c99a99d5af04e10935e,timestamped_live_quote,FBS vs FBS
2026-10-06T20:35:54Z,43457c08aa50a7e0038aa06eb3437680,2026-10-10T19:30:00Z,Georgia Tech Yellow Jackets,Duke Blue Devils,lowvig,LowVig.ag,2026-10-06T20:35:12Z,2026-10-06T20:35:12Z,Georgia Tech Yellow Jackets,7.0,-108.0,2026,2026-10-06T20:35:54Z,1647,1.4596630294642337,10.061831724555324,-6.102168695091091,9091a0b7e14eff9f94f7c6bbd29b6e9d5a25a74a6e5a4c99a99d5af04e10935e,timestamped_live_quote,FBS vs FBS
2026-10-06T20:35:54Z,43457c08aa50a7e0038aa06eb3437680,2026-10-10T19:30:00Z,Georgia Tech Yellow Jackets,Duke Blue Devils,mybookieag,MyBookie.ag,2026-10-06T20:35:08Z,2026-10-06T20:35:08Z,Duke Blue Devils,-7.0,-110.0,2026,2026-10-06T20:35:54Z,1647,1.4596630294642337,10.061831724555324,-6.102168695091091,9091a0b7e14eff9f94f7c6bbd29b6e9d5a25a74a6e5a4c99a99d5af04e10935e,timestamped_live_quote,FBS vs FBS
2026-10-06T20:35:54Z,43457c08aa50a7e0038aa06eb3437680,2026-10-10T19:30:00Z,Georgia Tech Yellow Jackets,Duke Blue Devils,mybookieag,MyBookie.ag,2026-10-06T20:35:08Z,2026-10-06T20:35:08Z,Georgia Tech Yellow Jackets,7.0,-110.0,2026,2026-10-06T20:35:54Z,1647,1.4596630294642337,10.061831724555324,-6.102168695091091,9091a0b7e14eff9f94f7c6bbd29b6e9d5a25a74a6e5a4c99a99d5af04e10935e,timestamped_live_quote,FBS vs FBS
2026-10-06T20:35:54Z,43457c08aa50a7e0038aa06eb3437680,2026-10-10T19:30:00Z,Georgia Tech Yellow Jackets,Duke Blue Devils,bovada,Bovada,2026-10-06T20:34:42Z,2026-10-06T20:34:42Z,Duke Blue Devils,-6.5,-115.0,2026,2026-10-06T20:35:54Z,1647,1.4596630294642337,10.061831724555324,-6.102168695091091,9091a0b7e14eff9f94f7c6bbd29b6e9d5a25a74a6e5a4c99a99d5af04e10935e,timestamped_live_quote,FBS vs FBS
2026-10-06T20:35:54Z,43457c08aa50a7e0038aa06eb3437680,2026-10-10T19:30:00Z,Georgia Tech Yellow Jackets,Duke Blue Devils,bovada,Bovada,2026-10-06T20:34:42Z,2026-10-06T20:34:42Z,Georgia Tech Yellow Jackets,6.5,-105.0,2026,2026-10-06T20:35:54Z,1647,1.4596630294642337,10.061831724555324,-6.102168695091091,9091a0b7e14eff9f94f7c6bbd29b6e9d5a25a74a6e5a4c99a99d5af04e10935e,timestamped_live_quote,FBS vs FBS
2026-10-06T20:35:54Z,43457c08aa50a7e0038aa06eb3437680,2026-10-10T19:30:00Z,Georgia Tech Yellow Jackets,Duke Blue Devils,betus,BetUS,2026-10-06T20:35:09Z,2026-10-06T20:35:09Z,Duke Blue Devils,-7.0,-105.0,2026,2026-10-06T20:35:54Z,1647,1.4596630294642337,10.061831724555324,-6.102168695091091,9091a0b7e14eff9f94f7c6bbd29b6e9d5a25a74a6e5a4c99a99d5af04e10935e,timestamped_live_quote,FBS vs FBS
2026-10-06T20:35:54Z,43457c08aa50a7e0038aa06eb3437680,2026-10-10T19:30:00Z,Georgia Tech Yellow Jackets,Duke Blue Devils,betus,BetUS,2026-10-06T20:35:09Z,2026-10-06T20:35:09Z,Georgia Tech Yellow Jackets,7.0,-115.0,2026,2026-10-06T20:35:54Z,1647,1.4596630294642337,10.061831724555324,-6.102168695091091,9091a0b7e14eff9f94f7c6bbd29b6e9d5a25a74a6e5a4c99a99d5af04e10935e,timestamped_live_quote,FBS vs FBS
2026-10-06T20:35:54Z,373204ebaf557738961c85f37a72fe10,2026-10-10T19:30:00Z,Kansas State Wildcats,Houston Cougars,fanduel,FanDuel,2026-10-06T20:35:39Z,2026-10-06T20:35:39Z,Houston Cougars,2.5,-110.0,2026,2026-10-06T20:35:54Z,1647,11.198683900003482,15.228552810482586,-1.5298689104791041,9091a0b7e14eff9f94f7c6bbd29b6e9d5a25a74a6e5a4c99a99d5af04e10935e,timestamped_live_quote,FBS vs FBS
2026-10-06T20:35:54Z,373204ebaf557738961c85f37a72fe10,2026-10-10T19:30:00Z,Kansas State Wildcats,Houston Cougars,fanduel,FanDuel,2026-10-06T20:35:39Z,2026-10-06T20:35:39Z,Kansas State Wildcats,-2.5,-110.0,2026,2026-10-06T20:35:54Z,1647,11.198683900003482,15.228552810482586,-1.5298689104791041,9091a0b7e14eff9f94f7c6bbd29b6e9d5a25a74a6e5a4c99a99d5af04e10935e,timestamped_live_quote,FBS vs FBS
2026-10-06T20:35:54Z,373204ebaf557738961c85f37a72fe10,2026-10-10T19:30:00Z,Kansas State Wildcats,Houston Cougars,betrivers,BetRivers,2026-10-06T20:35:40Z,2026-10-06T20:35:40Z,Houston Cougars,2.5,-112.0,2026,2026-10-06T20:35:54Z,1647,11.198683900003482,15.228552810482586,-1.5298689104791041,9091a0b7e14eff9f94f7c6bbd29b6e9d5a25a74a6e5a4c99a99d5af04e10935e,timestamped_live_quote,FBS vs FBS
2026-10-06T20:35:54Z,373204ebaf557738961c85f37a72fe10,2026-10-10T19:30:00Z,Kansas State Wildcats,Houston Cougars,betrivers,BetRivers,2026-10-06T20:35:40Z,2026-10-06T20:35:40Z,Kansas State Wildcats,-2.5,-112.0,2026,2026-10-06T20:35:54Z,1647,11.198683900003482,15.228552810482586,-1.5298689104791041,9091a0b7e14eff9f94f7c6bbd29b6e9d5a25a74a6e5a4c99a99d5af04e10935e,timestamped_live_quote,FBS vs FBS
2026-10-06T20:35:54Z,373204ebaf557738961c85f37a72fe10,2026-10-10T19:30:00Z,Kansas State Wildcats,Houston Cougars,betmgm,BetMGM,2026-10-06T20:35:16Z,2026-10-06T20:35:16Z,Houston Cougars,2.5,-105.0,2026,2026-10-06T20:35:54Z,1647,11.198683900003482,15.228552810482586,-1.5298689104791041,9091a0b7e14eff9f94f7c6bbd29b6e9d5a25a74a6e5a4c99a99d5af04e10935e,timestamped_live_quote,FBS vs FBS
2026-10-06T20:35:54Z,373204ebaf557738961c85f37a72fe10,2026-10-10T19:30:00Z,Kansas State Wildcats,Houston Cougars,betmgm,BetMGM,2026-10-06T20:35:16Z,2026-10-06T20:35:16Z,Kansas State Wildcats,-2.5,-112.0,2026,2026-10-06T20:35:54Z,1647,11.198683900003482,15.228552810482586,-1.5298689104791041,9091a0b7e14eff9f94f7c6bbd29b6e9d5a25a74a6e5a4c99a99d5af04e10935e,timestamped_live_quote,FBS vs FBS
2026-10-06T20:35:54Z,373204ebaf557738961c85f37a72fe10,2026-10-10T19:30:00Z,Kansas State Wildcats,Houston Cougars,draftkings,DraftKings,2026-10-06T20:35:37Z,2026-10-06T20:35:37Z,Houston Cougars,2.5,-105.0,2026,2026-10-06T20:35:54Z,1647,11.198683900003482,15.228552810482586,-1.5298689104791041,9091a0b7e14eff9f94f7c6bbd29b6e9d5a25a74a6e5a4c99a99d5af04e10935e,timestamped_live_quote,FBS vs FBS
2026-10-06T20:35:54Z,373204ebaf557738961c85f37a72fe10,2026-10-10T19:30:00Z,Kansas State Wildcats,Houston Cougars,draftkings,DraftKings,2026-10-06T20:35:37Z,2026-10-06T20:35:37Z,Kansas State Wildcats,-2.5,-115.0,2026,2026-10-06T20:35:54Z,1647,11.198683900003482,15.228552810482586,-1.5298689104791041,9091a0b7e14eff9f94f7c6bbd29b6e9d5a25a74a6e5a4c99a99d5af04e10935e,timestamped_live_quote,FBS vs FBS
2026-10-06T20:35:54Z,373204ebaf557738961c85f37a72fe10,2026-10-10T19:30:00Z,Kansas State Wildcats,Houston Cougars,lowvig,LowVig.ag,2026-10-06T20:35:12Z,2026-10-06T20:35:12Z,Houston Cougars,2.5,-101.0,2026,2026-10-06T20:35:54Z,1647,11.198683900003482,15.228552810482586,-1.5298689104791041,9091a0b7e14eff9f94f7c6bbd29b6e9d5a25a74a6e5a4c99a99d5af04e10935e,timestamped_live_quote,FBS vs FBS
2026-10-06T20:35:54Z,373204ebaf557738961c85f37a72fe10,2026-10-10T19:30:00Z,Kansas State Wildcats,Houston Cougars,lowvig,LowVig.ag,2026-10-06T20:35:12Z,2026-10-06T20:35:12Z,Kansas State Wildcats,-2.5,-111.0,2026,2026-10-06T20:35:54Z,1647,11.198683900003482,15.228552810482586,-1.5298689104791041,9091a0b7e14eff9f94f7c6bbd29b6e9d5a25a74a6e5a4c99a99d5af04e10935e,timestamped_live_quote,FBS vs FBS
2026-10-06T20:35:54Z,373204ebaf557738961c85f37a72fe10,2026-10-10T19:30:00Z,Kansas State Wildcats,Houston Cougars,betonlineag,BetOnline.ag,2026-10-06T20:35:36Z,2026-10-06T20:35:36Z,Houston Cougars,2.5,-105.0,2026,2026-10-06T20:35:54Z,1647,11.198683900003482,15.228552810482586,-1.5298689104791041,9091a0b7e14eff9f94f7c6bbd29b6e9d5a25a74a6e5a4c99a99d5af04e10935e,timestamped_live_quote,FBS vs FBS
2026-10-06T20:35:54Z,373204ebaf557738961c85f37a72fe10,2026-10-10T19:30:00Z,Kansas State Wildcats,Houston Cougars,betonlineag,BetOnline.ag,2026-10-06T20:35:36Z,2026-10-06T20:35:36Z,Kansas State Wildcats,-2.5,-115.0,2026,2026-10-06T20:35:54Z,1647,11.198683900003482,15.228552810482586,-1.5298689104791041,9091a0b7e14eff9f94f7c6bbd29b6e9d5a25a74a6e5a4c99a99d5af04e10935e,timestamped_live_quote,FBS vs FBS
2026-10-06T20:35:54Z,373204ebaf557738961c85f37a72fe10,2026-10-10T19:30:00Z,Kansas State Wildcats,Houston Cougars,mybookieag,MyBookie.ag,2026-10-06T20:35:08Z,2026-10-06T20:35:08Z,Houston Cougars,2.5,-105.0,2026,2026-10-06T20:35:54Z,1647,11.198683900003482,15.228552810482586,-1.5298689104791041,9091a0b7e14eff9f94f7c6bbd29b6e9d5a25a74a6e5a4c99a99d5af04e10935e,timestamped_live_quote,FBS vs FBS
2026-10-06T20:35:54Z,373204ebaf557738961c85f37a72fe10,2026-10-10T19:30:00Z,Kansas State Wildcats,Houston Cougars,mybookieag,MyBookie.ag,2026-10-06T20:35:08Z,2026-10-06T20:35:08Z,Kansas State Wildcats,-2.5,-115.0,2026,2026-10-06T20:35:54Z,1647,11.198683900003482,15.228552810482586,-1.5298689104791041,9091a0b7e14eff9f94f7c6bbd29b6e9d5a25a74a6e5a4c99a99d5af04e10935e,timestamped_live_quote,FBS vs FBS
2026-10-06T20:35:54Z,373204ebaf557738961c85f37a72fe10,2026-10-10T19:30:00Z,Kansas State Wildcats,Houston Cougars,betus,BetUS,2026-10-06T20:35:09Z,2026-10-06T20:35:09Z,Houston Cougars,2.5,-105.0,2026,2026-10-06T20:35:54Z,1647,11.198683900003482,15.228552810482586,-1.5298689104791041,9091a0b7e14eff9f94f7c6bbd29b6e9d5a25a74a6e5a4c99a99d5af04e10935e,timestamped_live_quote,FBS vs FBS
2026-10-06T20:35:54Z,373204ebaf557738961c85f37a72fe10,2026-10-10T19:30:00Z,Kansas State Wildcats,Houston Cougars,betus,BetUS,2026-10-06T20:35:09Z,2026-10-06T20:35:09Z,Kansas State Wildcats,-2.5,-115.0,2026,2026-10-06T20:35:54Z,1647,11.198683900003482,15.228552810482586,-1.5298689104791041,9091a0b7e14eff9f94f7c6bbd29b6e9d5a25a74a6e5a4c99a99d5af04e10935e,timestamped_live_quote,FBS vs FBS
2026-10-06T20:35:54Z,373204ebaf557738961c85f37a72fe10,2026-10-10T19:30:00Z,Kansas State Wildcats,Houston Cougars,bovada,Bovada,2026-10-06T20:34:42Z,2026-10-06T20:34:42Z,Houston Cougars,2.5,-105.0,2026,2026-10-06T20:35:54Z,1647,11.198683900003482,15.228552810482586,-1.5298689104791041,9091a0b7e14eff9f94f7c6bbd29b6e9d5a25a74a6e5a4c99a99d5af04e10935e,timestamped_live_quote,FBS vs FBS
2026-10-06T20:35:54Z,373204ebaf557738961c85f37a72fe10,2026-10-10T19:30:00Z,Kansas State Wildcats,Houston Cougars,bovada,Bovada,2026-10-06T20:34:42Z,2026-10-06T20:34:42Z,Kansas State Wildcats,-2.5,-115.0,2026,2026-10-06T20:35:54Z,1647,11.198683900003482,15.228552810482586,-1.5298689104791041,9091a0b7e14eff9f94f7c6bbd29b6e9d5a25a74a6e5a4c99a99d5af04e10935e,timestamped_live_quote,FBS vs FBS
2026-10-06T20:35:54Z,92f26a40bba178c47bbade8c9af0ada3,2026-10-10T19:30:00Z,Michigan State Spartans,Illinois Fighting Illini,fanduel,FanDuel,2026-10-06T20:35:39Z,2026-10-06T20:35:39Z,Illinois Fighting Illini,-2.5,-114.0,2026,2026-10-06T20:35:54Z,1647,2.9442887265920987,5.06905322504995,0.37523550154214913,9091a0b7e14eff9f94f7c6bbd29b6e9d5a25a74a6e5a4c99a99d5af04e10935e,timestamped_live_quote,FBS vs FBS
2026-10-06T20:35:54Z,92f26a40bba178c47bbade8c9af0ada3,2026-10-10T19:30:00Z,Michigan State Spartans,Illinois Fighting Illini,fanduel,FanDuel,2026-10-06T20:35:39Z,2026-10-06T20:35:39Z,Michigan State Spartans,2.5,-106.0,2026,2026-10-06T20:35:54Z,1647,2.9442887265920987,5.06905322504995,0.37523550154214913,9091a0b7e14eff9f94f7c6bbd29b6e9d5a25a74a6e5a4c99a99d5af04e10935e,timestamped_live_quote,FBS vs FBS
2026-10-06T20:35:54Z,92f26a40bba178c47bbade8c9af0ada3,2026-10-10T19:30:00Z,Michigan State Spartans,Illinois Fighting Illini,betrivers,BetRivers,2026-10-06T20:35:40Z,2026-10-06T20:35:40Z,Illinois Fighting Illini,-2.5,-114.0,2026,2026-10-06T20:35:54Z,1647,2.9442887265920987,5.06905322504995,0.37523550154214913,9091a0b7e14eff9f94f7c6bbd29b6e9d5a25a74a6e5a4c99a99d5af04e10935e,timestamped_live_quote,FBS vs FBS
2026-10-06T20:35:54Z,92f26a40bba178c47bbade8c9af0ada3,2026-10-10T19:30:00Z,Michigan State Spartans,Illinois Fighting Illini,betrivers,BetRivers,2026-10-06T20:35:40Z,2026-10-06T20:35:40Z,Michigan State Spartans,2.5,-109.0,2026,2026-10-06T20:35:54Z,1647,2.9442887265920987,5.06905322504995,0.37523550154214913,9091a0b7e14eff9f94f7c6bbd29b6e9d5a25a74a6e5a4c99a99d5af04e10935e,timestamped_live_quote,FBS vs FBS
2026-10-06T20:35:54Z,92f26a40bba178c47bbade8c9af0ada3,2026-10-10T19:30:00Z,Michigan State Spartans,Illinois Fighting Illini,betmgm,BetMGM,2026-10-06T20:35:16Z,2026-10-06T20:35:16Z,Illinois Fighting Illini,-2.5,-110.0,2026,2026-10-06T20:35:54Z,1647,2.9442887265920987,5.06905322504995,0.37523550154214913,9091a0b7e14eff9f94f7c6bbd29b6e9d5a25a74a6e5a4c99a99d5af04e10935e,timestamped_live_quote,FBS vs FBS
2026-10-06T20:35:54Z,92f26a40bba178c47bbade8c9af0ada3,2026-10-10T19:30:00Z,Michigan State Spartans,Illinois Fighting Illini,betmgm,BetMGM,2026-10-06T20:35:16Z,2026-10-06T20:35:16Z,Michigan State Spartans,2.5,-108.0,2026,2026-10-06T20:35:54Z,1647,2.9442887265920987,5.06905322504995,0.37523550154214913,9091a0b7e14eff9f94f7c6bbd29b6e9d5a25a74a6e5a4c99a99d5af04e10935e,timestamped_live_quote,FBS vs FBS
2026-10-06T20:35:54Z,92f26a40bba178c47bbade8c9af0ada3,2026-10-10T19:30:00Z,Michigan State Spartans,Illinois Fighting Illini,draftkings,DraftKings,2026-10-06T20:35:38Z,2026-10-06T20:35:37Z,Illinois Fighting Illini,-2.5,-108.0,2026,2026-10-06T20:35:54Z,1647,2.9442887265920987,5.06905322504995,0.37523550154214913,9091a0b7e14eff9f94f7c6bbd29b6e9d5a25a74a6e5a4c99a99d5af04e10935e,timestamped_live_quote,FBS vs FBS
2026-10-06T20:35:54Z,92f26a40bba178c47bbade8c9af0ada3,2026-10-10T19:30:00Z,Michigan State Spartans,Illinois Fighting Illini,draftkings,DraftKings,2026-10-06T20:35:38Z,2026-10-06T20:35:37Z,Michigan State Spartans,2.5,-112.0,2026,2026-10-06T20:35:54Z,1647,2.9442887265920987,5.06905322504995,0.37523550154214913,9091a0b7e14eff9f94f7c6bbd29b6e9d5a25a74a6e5a4c99a99d5af04e10935e,timestamped_live_quote,FBS vs FBS
2026-10-06T20:35:54Z,92f26a40bba178c47bbade8c9af0ada3,2026-10-10T19:30:00Z,Michigan State Spartans,Illinois Fighting Illini,betonlineag,BetOnline.ag,2026-10-06T20:35:36Z,2026-10-06T20:35:36Z,Illinois Fighting Illini,-2.5,-110.0,2026,2026-10-06T20:35:54Z,1647,2.9442887265920987,5.06905322504995,0.37523550154214913,9091a0b7e14eff9f94f7c6bbd29b6e9d5a25a74a6e5a4c99a99d5af04e10935e,timestamped_live_quote,FBS vs FBS
2026-10-06T20:35:54Z,92f26a40bba178c47bbade8c9af0ada3,2026-10-10T19:30:00Z,Michigan State Spartans,Illinois Fighting Illini,betonlineag,BetOnline.ag,2026-10-06T20:35:36Z,2026-10-06T20:35:36Z,Michigan State Spartans,2.5,-110.0,2026,2026-10-06T20:35:54Z,1647,2.9442887265920987,5.06905322504995,0.37523550154214913,9091a0b7e14eff9f94f7c6bbd29b6e9d5a25a74a6e5a4c99a99d5af04e10935e,timestamped_live_quote,FBS vs FBS
2026-10-06T20:35:54Z,92f26a40bba178c47bbade8c9af0ada3,2026-10-10T19:30:00Z,Michigan State Spartans,Illinois Fighting Illini,lowvig,LowVig.ag,2026-10-06T20:35:12Z,2026-10-06T20:35:12Z,Illinois Fighting Illini,-2.5,-108.0,2026,2026-10-06T20:35:54Z,1647,2.9442887265920987,5.06905322504995,0.37523550154214913,9091a0b7e14eff9f94f7c6bbd29b6e9d5a25a74a6e5a4c99a99d5af04e10935e,timestamped_live_quote,FBS vs FBS
2026-10-06T20:35:54Z,92f26a40bba178c47bbade8c9af0ada3,2026-10-10T19:30:00Z,Michigan State Spartans,Illinois Fighting Illini,lowvig,LowVig.ag,2026-10-06T20:35:12Z,2026-10-06T20:35:12Z,Michigan State Spartans,2.5,-104.0,2026,2026-10-06T20:35:54Z,1647,2.9442887265920987,5.06905322504995,0.37523550154214913,9091a0b7e14eff9f94f7c6bbd29b6e9d5a25a74a6e5a4c99a99d5af04e10935e,timestamped_live_quote,FBS vs FBS
2026-10-06T20:35:54Z,92f26a40bba178c47bbade8c9af0ada3,2026-10-10T19:30:00Z,Michigan State Spartans,Illinois Fighting Illini,mybookieag,MyBookie.ag,2026-10-06T20:35:08Z,2026-10-06T20:35:08Z,Illinois Fighting Illini,-2.5,-110.0,2026,2026-10-06T20:35:54Z,1647,2.9442887265920987,5.06905322504995,0.37523550154214913,9091a0b7e14eff9f94f7c6bbd29b6e9d5a25a74a6e5a4c99a99d5af04e10935e,timestamped_live_quote,FBS vs FBS
2026-10-06T20:35:54Z,92f26a40bba178c47bbade8c9af0ada3,2026-10-10T19:30:00Z,Michigan State Spartans,Illinois Fighting Illini,mybookieag,MyBookie.ag,2026-10-06T20:35:08Z,2026-10-06T20:35:08Z,Michigan State Spartans,2.5,-110.0,2026,2026-10-06T20:35:54Z,1647,2.9442887265920987,5.06905322504995,0.37523550154214913,9091a0b7e14eff9f94f7c6bbd29b6e9d5a25a74a6e5a4c99a99d5af04e10935e,timestamped_live_quote,FBS vs FBS
2026-10-06T20:35:54Z,92f26a40bba178c47bbade8c9af0ada3,2026-10-10T19:30:00Z,Michigan State Spartans,Illinois Fighting Illini,bovada,Bovada,2026-10-06T20:34:42Z,2026-10-06T20:34:42Z,Illinois Fighting Illini,-2.5,-115.0,2026,2026-10-06T20:35:54Z,1647,2.9442887265920987,5.06905322504995,0.37523550154214913,9091a0b7e14eff9f94f7c6bbd29b6e9d5a25a74a6e5a4c99a99d5af04e10935e,timestamped_live_quote,FBS vs FBS
2026-10-06T20:35:54Z,92f26a40bba178c47bbade8c9af0ada3,2026-10-10T19:30:00Z,Michigan State Spartans,Illinois Fighting Illini,bovada,Bovada,2026-10-06T20:34:42Z,2026-10-06T20:34:42Z,Michigan State Spartans,2.5,-105.0,2026,2026-10-06T20:35:54Z,1647,2.9442887265920987,5.06905322504995,0.37523550154214913,9091a0b7e14eff9f94f7c6bbd29b6e9d5a25a74a6e5a4c99a99d5af04e10935e,timestamped_live_quote,FBS vs FBS
2026-10-06T20:35:54Z,92f26a40bba178c47bbade8c9af0ada3,2026-10-10T19:30:00Z,Michigan State Spartans,Illinois Fighting Illini,betus,BetUS,2026-10-06T20:35:09Z,2026-10-06T20:35:09Z,Illinois Fighting Illini,-2.0,-110.0,2026,2026-10-06T20:35:54Z,1647,2.9442887265920987,5.06905322504995,0.37523550154214913,9091a0b7e14eff9f94f7c6bbd29b6e9d5a25a74a6e5a4c99a99d5af04e10935e,timestamped_live_quote,FBS vs FBS
2026-10-06T20:35:54Z,92f26a40bba178c47bbade8c9af0ada3,2026-10-10T19:30:00Z,Michigan State Spartans,Illinois Fighting Illini,betus,BetUS,2026-10-06T20:35:09Z,2026-10-06T20:35:09Z,Michigan State Spartans,2.0,-110.0,2026,2026-10-06T20:35:54Z,1647,2.9442887265920987,5.06905322504995,0.37523550154214913,9091a0b7e14eff9f94f7c6bbd29b6e9d5a25a74a6e5a4c99a99d5af04e10935e,timestamped_live_quote,FBS vs FBS
2026-10-06T20:35:54Z,6050a18b694eb1d661ee7fa571b7ddbb,2026-10-10T19:30:00Z,Western Michigan Broncos,Kent State Golden Flashes,draftkings,DraftKings,2026-10-06T20:35:38Z,2026-10-06T20:35:37Z,Kent State Golden Flashes,13.5,-105.0,2026,2026-10-06T20:35:54Z,1647,3.0048263287368453,-7.486864983055852,12.991691311792696,9091a0b7e14eff9f94f7c6bbd29b6e9d5a25a74a6e5a4c99a99d5af04e10935e,timestamped_live_quote,FBS vs FBS
2026-10-06T20:35:54Z,6050a18b694eb1d661ee7fa571b7ddbb,2026-10-10T19:30:00Z,Western Michigan Broncos,Kent State Golden Flashes,draftkings,DraftKings,2026-10-06T20:35:38Z,2026-10-06T20:35:37Z,Western Michigan Broncos,-13.5,-115.0,2026,2026-10-06T20:35:54Z,1647,3.0048263287368453,-7.486864983055852,12.991691311792696,9091a0b7e14eff9f94f7c6bbd29b6e9d5a25a74a6e5a4c99a99d5af04e10935e,timestamped_live_quote,FBS vs FBS
2026-10-06T20:35:54Z,6050a18b694eb1d661ee7fa571b7ddbb,2026-10-10T19:30:00Z,Western Michigan Broncos,Kent State Golden Flashes,lowvig,LowVig.ag,2026-10-06T20:35:12Z,2026-10-06T20:35:12Z,Kent State Golden Flashes,13.5,-101.0,2026,2026-10-06T20:35:54Z,1647,3.0048263287368453,-7.486864983055852,12.991691311792696,9091a0b7e14eff9f94f7c6bbd29b6e9d5a25a74a6e5a4c99a99d5af04e10935e,timestamped_live_quote,FBS vs FBS
2026-10-06T20:35:54Z,6050a18b694eb1d661ee7fa571b7ddbb,2026-10-10T19:30:00Z,Western Michigan Broncos,Kent State Golden Flashes,lowvig,LowVig.ag,2026-10-06T20:35:12Z,2026-10-06T20:35:12Z,Western Michigan Broncos,-13.5,-111.0,2026,2026-10-06T20:35:54Z,1647,3.0048263287368453,-7.486864983055852,12.991691311792696,9091a0b7e14eff9f94f7c6bbd29b6e9d5a25a74a6e5a4c99a99d5af04e10935e,timestamped_live_quote,FBS vs FBS
2026-10-06T20:35:54Z,6050a18b694eb1d661ee7fa571b7ddbb,2026-10-10T19:30:00Z,Western Michigan Broncos,Kent State Golden Flashes,betonlineag,BetOnline.ag,2026-10-06T20:35:36Z,2026-10-06T20:35:36Z,Kent State Golden Flashes,13.5,-105.0,2026,2026-10-06T20:35:54Z,1647,3.0048263287368453,-7.486864983055852,12.991691311792696,9091a0b7e14eff9f94f7c6bbd29b6e9d5a25a74a6e5a4c99a99d5af04e10935e,timestamped_live_quote,FBS vs FBS
2026-10-06T20:35:54Z,6050a18b694eb1d661ee7fa571b7ddbb,2026-10-10T19:30:00Z,Western Michigan Broncos,Kent State Golden Flashes,betonlineag,BetOnline.ag,2026-10-06T20:35:36Z,2026-10-06T20:35:36Z,Western Michigan Broncos,-13.5,-115.0,2026,2026-10-06T20:35:54Z,1647,3.0048263287368453,-7.486864983055852,12.991691311792696,9091a0b7e14eff9f94f7c6bbd29b6e9d5a25a74a6e5a4c99a99d5af04e10935e,timestamped_live_quote,FBS vs FBS
2026-10-06T20:35:54Z,6050a18b694eb1d661ee7fa571b7ddbb,2026-10-10T19:30:00Z,Western Michigan Broncos,Kent State Golden Flashes,fanduel,FanDuel,2026-10-06T20:35:39Z,2026-10-06T20:35:39Z,Kent State Golden Flashes,13.5,-106.0,2026,2026-10-06T20:35:54Z,1647,3.0048263287368453,-7.486864983055852,12.991691311792696,9091a0b7e14eff9f94f7c6bbd29b6e9d5a25a74a6e5a4c99a99d5af04e10935e,timestamped_live_quote,FBS vs FBS
2026-10-06T20:35:54Z,6050a18b694eb1d661ee7fa571b7ddbb,2026-10-10T19:30:00Z,Western Michigan Broncos,Kent State Golden Flashes,fanduel,FanDuel,2026-10-06T20:35:39Z,2026-10-06T20:35:39Z,Western Michigan Broncos,-13.5,-114.0,2026,2026-10-06T20:35:54Z,1647,3.0048263287368453,-7.486864983055852,12.991691311792696,9091a0b7e14eff9f94f7c6bbd29b6e9d5a25a74a6e5a4c99a99d5af04e10935e,timestamped_live_quote,FBS vs FBS
2026-10-06T20:35:54Z,6050a18b694eb1d661ee7fa571b7ddbb,2026-10-10T19:30:00Z,Western Michigan Broncos,Kent State Golden Flashes,betmgm,BetMGM,2026-10-06T20:35:16Z,2026-10-06T20:35:16Z,Kent State Golden Flashes,13.5,-105.0,2026,2026-10-06T20:35:54Z,1647,3.0048263287368453,-7.486864983055852,12.991691311792696,9091a0b7e14eff9f94f7c6bbd29b6e9d5a25a74a6e5a4c99a99d5af04e10935e,timestamped_live_quote,FBS vs FBS
2026-10-06T20:35:54Z,6050a18b694eb1d661ee7fa571b7ddbb,2026-10-10T19:30:00Z,Western Michigan Broncos,Kent State Golden Flashes,betmgm,BetMGM,2026-10-06T20:35:16Z,2026-10-06T20:35:16Z,Western Michigan Broncos,-13.5,-112.0,2026,2026-10-06T20:35:54Z,1647,3.0048263287368453,-7.486864983055852,12.991691311792696,9091a0b7e14eff9f94f7c6bbd29b6e9d5a25a74a6e5a4c99a99d5af04e10935e,timestamped_live_quote,FBS vs FBS
2026-10-06T20:35:54Z,6050a18b694eb1d661ee7fa571b7ddbb,2026-10-10T19:30:00Z,Western Michigan Broncos,Kent State Golden Flashes,mybookieag,MyBookie.ag,2026-10-06T20:35:08Z,2026-10-06T20:35:08Z,Kent State Golden Flashes,13.5,-110.0,2026,2026-10-06T20:35:54Z,1647,3.0048263287368453,-7.486864983055852,12.991691311792696,9091a0b7e14eff9f94f7c6bbd29b6e9d5a25a74a6e5a4c99a99d5af04e10935e,timestamped_live_quote,FBS vs FBS
2026-10-06T20:35:54Z,6050a18b694eb1d661ee7fa571b7ddbb,2026-10-10T19:30:00Z,Western Michigan Broncos,Kent State Golden Flashes,mybookieag,MyBookie.ag,2026-10-06T20:35:08Z,2026-10-06T20:35:08Z,Western Michigan Broncos,-13.5,-110.0,2026,2026-10-06T20:35:54Z,1647,3.0048263287368453,-7.486864983055852,12.991691311792696,9091a0b7e14eff9f94f7c6bbd29b6e9d5a25a74a6e5a4c99a99d5af04e10935e,timestamped_live_quote,FBS vs FBS
2026-10-06T20:35:54Z,6050a18b694eb1d661ee7fa571b7ddbb,2026-10-10T19:30:00Z,Western Michigan Broncos,Kent State Golden Flashes,bovada,Bovada,2026-10-06T20:34:42Z,2026-10-06T20:34:42Z,Kent State Golden Flashes,14.0,-120.0,2026,2026-10-06T20:35:54Z,1647,3.0048263287368453,-7.486864983055852,12.991691311792696,9091a0b7e14eff9f94f7c6bbd29b6e9d5a25a74a6e5a4c99a99d5af04e10935e,timestamped_live_quote,FBS vs FBS
2026-10-06T20:35:54Z,6050a18b694eb1d661ee7fa571b7ddbb,2026-10-10T19:30:00Z,Western Michigan Broncos,Kent State Golden Flashes,bovada,Bovada,2026-10-06T20:34:42Z,2026-10-06T20:34:42Z,Western Michigan Broncos,-14.0,100.0,2026,2026-10-06T20:35:54Z,1647,3.0048263287368453,-7.486864983055852,12.991691311792696,9091a0b7e14eff9f94f7c6bbd29b6e9d5a25a74a6e5a4c99a99d5af04e10935e,timestamped_live_quote,FBS vs FBS
2026-10-06T20:35:54Z,6050a18b694eb1d661ee7fa571b7ddbb,2026-10-10T19:30:00Z,Western Michigan Broncos,Kent State Golden Flashes,betus,BetUS,2026-10-06T20:35:09Z,2026-10-06T20:35:09Z,Kent State Golden Flashes,14.0,-110.0,2026,2026-10-06T20:35:54Z,1647,3.0048263287368453,-7.486864983055852,12.991691311792696,9091a0b7e14eff9f94f7c6bbd29b6e9d5a25a74a6e5a4c99a99d5af04e10935e,timestamped_live_quote,FBS vs FBS
2026-10-06T20:35:54Z,6050a18b694eb1d661ee7fa571b7ddbb,2026-10-10T19:30:00Z,Western Michigan Broncos,Kent State Golden Flashes,betus,BetUS,2026-10-06T20:35:09Z,2026-10-06T20:35:09Z,Western Michigan Broncos,-14.0,-110.0,2026,2026-10-06T20:35:54Z,1647,3.0048263287368453,-7.486864983055852,12.991691311792696,9091a0b7e14eff9f94f7c6bbd29b6e9d5a25a74a6e5a4c99a99d5af04e10935e,timestamped_live_quote,FBS vs FBS
2026-10-06T20:35:54Z,6050a18b694eb1d661ee7fa571b7ddbb,2026-10-10T19:30:00Z,Western Michigan Broncos,Kent State Golden Flashes,betrivers,BetRivers,2026-10-06T20:35:40Z,2026-10-06T20:35:40Z,Kent State Golden Flashes,13.5,-109.0,2026,2026-10-06T20:35:54Z,1647,3.0048263287368453,-7.486864983055852,12.991691311792696,9091a0b7e14eff9f94f7c6bbd29b6e9d5a25a74a6e5a4c99a99d5af04e10935e,timestamped_live_quote,FBS vs FBS
2026-10-06T20:35:54Z,6050a18b694eb1d661ee7fa571b7ddbb,2026-10-10T19:30:00Z,Western Michigan Broncos,Kent State Golden Flashes,betrivers,BetRivers,2026-10-06T20:35:40Z,2026-10-06T20:35:40Z,Western Michigan Broncos,-13.5,-114.0,2026,2026-10-06T20:35:54Z,1647,3.0048263287368453,-7.486864983055852,12.991691311792696,9091a0b7e14eff9f94f7c6bbd29b6e9d5a25a74a6e5a4c99a99d5af04e10935e,timestamped_live_quote,FBS vs FBS
2026-10-06T20:35:54Z,979fefd620ed804180ef3fed873d61c2,2026-10-10T19:30:00Z,Navy Midshipmen,Tulsa Golden Hurricane,fanduel,FanDuel,2026-10-06T20:35:39Z,2026-10-06T20:35:39Z,Navy Midshipmen,-2.5,-110.0,2026,2026-10-06T20:35:54Z,1647,1.8086770473577949,5.193246635796744,-0.8845695884389495,9091a0b7e14eff9f94f7c6bbd29b6e9d5a25a74a6e5a4c99a99d5af04e10935e,timestamped_live_quote,FBS vs FBS
2026-10-06T20:35:54Z,979fefd620ed804180ef3fed873d61c2,2026-10-10T19:30:00Z,Navy Midshipmen,Tulsa Golden Hurricane,fanduel,FanDuel,2026-10-06T20:35:39Z,2026-10-06T20:35:39Z,Tulsa Golden Hurricane,2.5,-110.0,2026,2026-10-06T20:35:54Z,1647,1.8086770473577949,5.193246635796744,-0.8845695884389495,9091a0b7e14eff9f94f7c6bbd29b6e9d5a25a74a6e5a4c99a99d5af04e10935e,timestamped_live_quote,FBS vs FBS
2026-10-06T20:35:54Z,979fefd620ed804180ef3fed873d61c2,2026-10-10T19:30:00Z,Navy Midshipmen,Tulsa Golden Hurricane,betrivers,BetRivers,2026-10-06T20:35:40Z,2026-10-06T20:35:40Z,Navy Midshipmen,-2.5,-115.0,2026,2026-10-06T20:35:54Z,1647,1.8086770473577949,5.193246635796744,-0.8845695884389495,9091a0b7e14eff9f94f7c6bbd29b6e9d5a25a74a6e5a4c99a99d5af04e10935e,timestamped_live_quote,FBS vs FBS
2026-10-06T20:35:54Z,979fefd620ed804180ef3fed873d61c2,2026-10-10T19:30:00Z,Navy Midshipmen,Tulsa Golden Hurricane,betrivers,BetRivers,2026-10-06T20:35:40Z,2026-10-06T20:35:40Z,Tulsa Golden Hurricane,2.5,-108.0,2026,2026-10-06T20:35:54Z,1647,1.8086770473577949,5.193246635796744,-0.8845695884389495,9091a0b7e14eff9f94f7c6bbd29b6e9d5a25a74a6e5a4c99a99d5af04e10935e,timestamped_live_quote,FBS vs FBS
2026-10-06T20:35:54Z,979fefd620ed804180ef3fed873d61c2,2026-10-10T19:30:00Z,Navy Midshipmen,Tulsa Golden Hurricane,betmgm,BetMGM,2026-10-06T20:35:16Z,2026-10-06T20:35:16Z,Navy Midshipmen,-2.5,-112.0,2026,2026-10-06T20:35:54Z,1647,1.8086770473577949,5.193246635796744,-0.8845695884389495,9091a0b7e14eff9f94f7c6bbd29b6e9d5a25a74a6e5a4c99a99d5af04e10935e,timestamped_live_quote,FBS vs FBS
2026-10-06T20:35:54Z,979fefd620ed804180ef3fed873d61c2,2026-10-10T19:30:00Z,Navy Midshipmen,Tulsa Golden Hurricane,betmgm,BetMGM,2026-10-06T20:35:16Z,2026-10-06T20:35:16Z,Tulsa Golden Hurricane,2.5,-105.0,2026,2026-10-06T20:35:54Z,1647,1.8086770473577949,5.193246635796744,-0.8845695884389495,9091a0b7e14eff9f94f7c6bbd29b6e9d5a25a74a6e5a4c99a99d5af04e10935e,timestamped_live_quote,FBS vs FBS
2026-10-06T20:35:54Z,979fefd620ed804180ef3fed873d61c2,2026-10-10T19:30:00Z,Navy Midshipmen,Tulsa Golden Hurricane,draftkings,DraftKings,2026-10-06T20:35:38Z,2026-10-06T20:35:37Z,Navy Midshipmen,-2.5,-115.0,2026,2026-10-06T20:35:54Z,1647,1.8086770473577949,5.193246635796744,-0.8845695884389495,9091a0b7e14eff9f94f7c6bbd29b6e9d5a25a74a6e5a4c99a99d5af04e10935e,timestamped_live_quote,FBS vs FBS
2026-10-06T20:35:54Z,979fefd620ed804180ef3fed873d61c2,2026-10-10T19:30:00Z,Navy Midshipmen,Tulsa Golden Hurricane,draftkings,DraftKings,2026-10-06T20:35:38Z,2026-10-06T20:35:37Z,Tulsa Golden Hurricane,2.5,-105.0,2026,2026-10-06T20:35:54Z,1647,1.8086770473577949,5.193246635796744,-0.8845695884389495,9091a0b7e14eff9f94f7c6bbd29b6e9d5a25a74a6e5a4c99a99d5af04e10935e,timestamped_live_quote,FBS vs FBS
2026-10-06T20:35:54Z,979fefd620ed804180ef3fed873d61c2,2026-10-10T19:30:00Z,Navy Midshipmen,Tulsa Golden Hurricane,lowvig,LowVig.ag,2026-10-06T20:35:12Z,2026-10-06T20:35:12Z,Navy Midshipmen,-2.5,-108.0,2026,2026-10-06T20:35:54Z,1647,1.8086770473577949,5.193246635796744,-0.8845695884389495,9091a0b7e14eff9f94f7c6bbd29b6e9d5a25a74a6e5a4c99a99d5af04e10935e,timestamped_live_quote,FBS vs FBS
2026-10-06T20:35:54Z,979fefd620ed804180ef3fed873d61c2,2026-10-10T19:30:00Z,Navy Midshipmen,Tulsa Golden Hurricane,lowvig,LowVig.ag,2026-10-06T20:35:12Z,2026-10-06T20:35:12Z,Tulsa Golden Hurricane,2.5,-104.0,2026,2026-10-06T20:35:54Z,1647,1.8086770473577949,5.193246635796744,-0.8845695884389495,9091a0b7e14eff9f94f7c6bbd29b6e9d5a25a74a6e5a4c99a99d5af04e10935e,timestamped_live_quote,FBS vs FBS
2026-10-06T20:35:54Z,979fefd620ed804180ef3fed873d61c2,2026-10-10T19:30:00Z,Navy Midshipmen,Tulsa Golden Hurricane,betonlineag,BetOnline.ag,2026-10-06T20:35:36Z,2026-10-06T20:35:36Z,Navy Midshipmen,-2.5,-112.0,2026,2026-10-06T20:35:54Z,1647,1.8086770473577949,5.193246635796744,-0.8845695884389495,9091a0b7e14eff9f94f7c6bbd29b6e9d5a25a74a6e5a4c99a99d5af04e10935e,timestamped_live_quote,FBS vs FBS
2026-10-06T20:35:54Z,979fefd620ed804180ef3fed873d61c2,2026-10-10T19:30:00Z,Navy Midshipmen,Tulsa Golden Hurricane,betonlineag,BetOnline.ag,2026-10-06T20:35:36Z,2026-10-06T20:35:36Z,Tulsa Golden Hurricane,2.5,-108.0,2026,2026-10-06T20:35:54Z,1647,1.8086770473577949,5.193246635796744,-0.8845695884389495,9091a0b7e14eff9f94f7c6bbd29b6e9d5a25a74a6e5a4c99a99d5af04e10935e,timestamped_live_quote,FBS vs FBS
2026-10-06T20:35:54Z,979fefd620ed804180ef3fed873d61c2,2026-10-10T19:30:00Z,Navy Midshipmen,Tulsa Golden Hurricane,mybookieag,MyBookie.ag,2026-10-06T20:35:08Z,2026-10-06T20:35:08Z,Navy Midshipmen,-2.5,-110.0,2026,2026-10-06T20:35:54Z,1647,1.8086770473577949,5.193246635796744,-0.8845695884389495,9091a0b7e14eff9f94f7c6bbd29b6e9d5a25a74a6e5a4c99a99d5af04e10935e,timestamped_live_quote,FBS vs FBS
2026-10-06T20:35:54Z,979fefd620ed804180ef3fed873d61c2,2026-10-10T19:30:00Z,Navy Midshipmen,Tulsa Golden Hurricane,mybookieag,MyBookie.ag,2026-10-06T20:35:08Z,2026-10-06T20:35:08Z,Tulsa Golden Hurricane,2.5,-110.0,2026,2026-10-06T20:35:54Z,1647,1.8086770473577949,5.193246635796744,-0.8845695884389495,9091a0b7e14eff9f94f7c6bbd29b6e9d5a25a74a6e5a4c99a99d5af04e10935e,timestamped_live_quote,FBS vs FBS
2026-10-06T20:35:54Z,979fefd620ed804180ef3fed873d61c2,2026-10-10T19:30:00Z,Navy Midshipmen,Tulsa Golden Hurricane,betus,BetUS,2026-10-06T20:35:09Z,2026-10-06T20:35:09Z,Navy Midshipmen,-2.5,-110.0,2026,2026-10-06T20:35:54Z,1647,1.8086770473577949,5.193246635796744,-0.8845695884389495,9091a0b7e14eff9f94f7c6bbd29b6e9d5a25a74a6e5a4c99a99d5af04e10935e,timestamped_live_quote,FBS vs FBS
2026-10-06T20:35:54Z,979fefd620ed804180ef3fed873d61c2,2026-10-10T19:30:00Z,Navy Midshipmen,Tulsa Golden Hurricane,betus,BetUS,2026-10-06T20:35:09Z,2026-10-06T20:35:09Z,Tulsa Golden Hurricane,2.5,-110.0,2026,2026-10-06T20:35:54Z,1647,1.8086770473577949,5.193246635796744,-0.8845695884389495,9091a0b7e14eff9f94f7c6bbd29b6e9d5a25a74a6e5a4c99a99d5af04e10935e,timestamped_live_quote,FBS vs FBS
2026-10-06T20:35:54Z,979fefd620ed804180ef3fed873d61c2,2026-10-10T19:30:00Z,Navy Midshipmen,Tulsa Golden Hurricane,bovada,Bovada,2026-10-06T20:34:42Z,2026-10-06T20:34:42Z,Navy Midshipmen,-2.5,-115.0,2026,2026-10-06T20:35:54Z,1647,1.8086770473577949,5.193246635796744,-0.8845695884389495,9091a0b7e14eff9f94f7c6bbd29b6e9d5a25a74a6e5a4c99a99d5af04e10935e,timestamped_live_quote,FBS vs FBS
2026-10-06T20:35:54Z,979fefd620ed804180ef3fed873d61c2,2026-10-10T19:30:00Z,Navy Midshipmen,Tulsa Golden Hurricane,bovada,Bovada,2026-10-06T20:34:42Z,2026-10-06T20:34:42Z,Tulsa Golden Hurricane,2.5,-105.0,2026,2026-10-06T20:35:54Z,1647,1.8086770473577949,5.193246635796744,-0.8845695884389495,9091a0b7e14eff9f94f7c6bbd29b6e9d5a25a74a6e5a4c99a99d5af04e10935e,timestamped_live_quote,FBS vs FBS
2026-10-06T20:35:54Z,496f20b5a45e727fdc2d07915ab0f865,2026-10-10T19:30:00Z,Notre Dame Fighting Irish,Stanford Cardinal,draftkings,DraftKings,2026-10-06T20:35:37Z,2026-10-06T20:35:37Z,Notre Dame Fighting Irish,-38.5,-102.0,2026,2026-10-06T20:35:54Z,1647,18.455907133704386,-7.707913126459722,28.66382026016411,9091a0b7e14eff9f94f7c6bbd29b6e9d5a25a74a6e5a4c99a99d5af04e10935e,timestamped_live_quote,FBS vs FBS
2026-10-06T20:35:54Z,496f20b5a45e727fdc2d07915ab0f865,2026-10-10T19:30:00Z,Notre Dame Fighting Irish,Stanford Cardinal,draftkings,DraftKings,2026-10-06T20:35:37Z,2026-10-06T20:35:37Z,Stanford Cardinal,38.5,-118.0,2026,2026-10-06T20:35:54Z,1647,18.455907133704386,-7.707913126459722,28.66382026016411,9091a0b7e14eff9f94f7c6bbd29b6e9d5a25a74a6e5a4c99a99d5af04e10935e,timestamped_live_quote,FBS vs FBS
2026-10-06T20:35:54Z,496f20b5a45e727fdc2d07915ab0f865,2026-10-10T19:30:00Z,Notre Dame Fighting Irish,Stanford Cardinal,fanduel,FanDuel,2026-10-06T20:35:39Z,2026-10-06T20:35:39Z,Notre Dame Fighting Irish,-37.5,-118.0,2026,2026-10-06T20:35:54Z,1647,18.455907133704386,-7.707913126459722,28.66382026016411,9091a0b7e14eff9f94f7c6bbd29b6e9d5a25a74a6e5a4c99a99d5af04e10935e,timestamped_live_quote,FBS vs FBS
2026-10-06T20:35:54Z,496f20b5a45e727fdc2d07915ab0f865,2026-10-10T19:30:00Z,Notre Dame Fighting Irish,Stanford Cardinal,fanduel,FanDuel,2026-10-06T20:35:39Z,2026-10-06T20:35:39Z,Stanford Cardinal,37.5,-104.0,2026,2026-10-06T20:35:54Z,1647,18.455907133704386,-7.707913126459722,28.66382026016411,9091a0b7e14eff9f94f7c6bbd29b6e9d5a25a74a6e5a4c99a99d5af04e10935e,timestamped_live_quote,FBS vs FBS
2026-10-06T20:35:54Z,496f20b5a45e727fdc2d07915ab0f865,2026-10-10T19:30:00Z,Notre Dame Fighting Irish,Stanford Cardinal,betrivers,BetRivers,2026-10-06T20:35:40Z,2026-10-06T20:35:40Z,Notre Dame Fighting Irish,-37.5,-112.0,2026,2026-10-06T20:35:54Z,1647,18.455907133704386,-7.707913126459722,28.66382026016411,9091a0b7e14eff9f94f7c6bbd29b6e9d5a25a74a6e5a4c99a99d5af04e10935e,timestamped_live_quote,FBS vs FBS
2026-10-06T20:35:54Z,496f20b5a45e727fdc2d07915ab0f865,2026-10-10T19:30:00Z,Notre Dame Fighting Irish,Stanford Cardinal,betrivers,BetRivers,2026-10-06T20:35:40Z,2026-10-06T20:35:40Z,Stanford Cardinal,37.5,-112.0,2026,2026-10-06T20:35:54Z,1647,18.455907133704386,-7.707913126459722,28.66382026016411,9091a0b7e14eff9f94f7c6bbd29b6e9d5a25a74a6e5a4c99a99d5af04e10935e,timestamped_live_quote,FBS vs FBS
2026-10-06T20:35:54Z,496f20b5a45e727fdc2d07915ab0f865,2026-10-10T19:30:00Z,Notre Dame Fighting Irish,Stanford Cardinal,betmgm,BetMGM,2026-10-06T20:35:16Z,2026-10-06T20:35:16Z,Notre Dame Fighting Irish,-38.5,-108.0,2026,2026-10-06T20:35:54Z,1647,18.455907133704386,-7.707913126459722,28.66382026016411,9091a0b7e14eff9f94f7c6bbd29b6e9d5a25a74a6e5a4c99a99d5af04e10935e,timestamped_live_quote,FBS vs FBS
2026-10-06T20:35:54Z,496f20b5a45e727fdc2d07915ab0f865,2026-10-10T19:30:00Z,Notre Dame Fighting Irish,Stanford Cardinal,betmgm,BetMGM,2026-10-06T20:35:16Z,2026-10-06T20:35:16Z,Stanford Cardinal,38.5,-110.0,2026,2026-10-06T20:35:54Z,1647,18.455907133704386,-7.707913126459722,28.66382026016411,9091a0b7e14eff9f94f7c6bbd29b6e9d5a25a74a6e5a4c99a99d5af04e10935e,timestamped_live_quote,FBS vs FBS
2026-10-06T20:35:54Z,496f20b5a45e727fdc2d07915ab0f865,2026-10-10T19:30:00Z,Notre Dame Fighting Irish,Stanford Cardinal,betonlineag,BetOnline.ag,2026-10-06T20:35:36Z,2026-10-06T20:35:36Z,Notre Dame Fighting Irish,-38.5,-110.0,2026,2026-10-06T20:35:54Z,1647,18.455907133704386,-7.707913126459722,28.66382026016411,9091a0b7e14eff9f94f7c6bbd29b6e9d5a25a74a6e5a4c99a99d5af04e10935e,timestamped_live_quote,FBS vs FBS
2026-10-06T20:35:54Z,496f20b5a45e727fdc2d07915ab0f865,2026-10-10T19:30:00Z,Notre Dame Fighting Irish,Stanford Cardinal,betonlineag,BetOnline.ag,2026-10-06T20:35:36Z,2026-10-06T20:35:36Z,Stanford Cardinal,38.5,-110.0,2026,2026-10-06T20:35:54Z,1647,18.455907133704386,-7.707913126459722,28.66382026016411,9091a0b7e14eff9f94f7c6bbd29b6e9d5a25a74a6e5a4c99a99d5af04e10935e,timestamped_live_quote,FBS vs FBS
2026-10-06T20:35:54Z,496f20b5a45e727fdc2d07915ab0f865,2026-10-10T19:30:00Z,Notre Dame Fighting Irish,Stanford Cardinal,lowvig,LowVig.ag,2026-10-06T20:35:12Z,2026-10-06T20:35:12Z,Notre Dame Fighting Irish,-38.5,-106.0,2026,2026-10-06T20:35:54Z,1647,18.455907133704386,-7.707913126459722,28.66382026016411,9091a0b7e14eff9f94f7c6bbd29b6e9d5a25a74a6e5a4c99a99d5af04e10935e,timestamped_live_quote,FBS vs FBS
2026-10-06T20:35:54Z,496f20b5a45e727fdc2d07915ab0f865,2026-10-10T19:30:00Z,Notre Dame Fighting Irish,Stanford Cardinal,lowvig,LowVig.ag,2026-10-06T20:35:12Z,2026-10-06T20:35:12Z,Stanford Cardinal,38.5,-106.0,2026,2026-10-06T20:35:54Z,1647,18.455907133704386,-7.707913126459722,28.66382026016411,9091a0b7e14eff9f94f7c6bbd29b6e9d5a25a74a6e5a4c99a99d5af04e10935e,timestamped_live_quote,FBS vs FBS
2026-10-06T20:35:54Z,496f20b5a45e727fdc2d07915ab0f865,2026-10-10T19:30:00Z,Notre Dame Fighting Irish,Stanford Cardinal,betus,BetUS,2026-10-06T20:35:09Z,2026-10-06T20:35:09Z,Notre Dame Fighting Irish,-38.5,-110.0,2026,2026-10-06T20:35:54Z,1647,18.455907133704386,-7.707913126459722,28.66382026016411,9091a0b7e14eff9f94f7c6bbd29b6e9d5a25a74a6e5a4c99a99d5af04e10935e,timestamped_live_quote,FBS vs FBS
2026-10-06T20:35:54Z,496f20b5a45e727fdc2d07915ab0f865,2026-10-10T19:30:00Z,Notre Dame Fighting Irish,Stanford Cardinal,betus,BetUS,2026-10-06T20:35:09Z,2026-10-06T20:35:09Z,Stanford Cardinal,38.5,-110.0,2026,2026-10-06T20:35:54Z,1647,18.455907133704386,-7.707913126459722,28.66382026016411,9091a0b7e14eff9f94f7c6bbd29b6e9d5a25a74a6e5a4c99a99d5af04e10935e,timestamped_live_quote,FBS vs FBS
2026-10-06T20:35:54Z,496f20b5a45e727fdc2d07915ab0f865,2026-10-10T19:30:00Z,Notre Dame Fighting Irish,Stanford Cardinal,bovada,Bovada,2026-10-06T20:34:42Z,2026-10-06T20:34:42Z,Notre Dame Fighting Irish,-38.0,-115.0,2026,2026-10-06T20:35:54Z,1647,18.455907133704386,-7.707913126459722,28.66382026016411,9091a0b7e14eff9f94f7c6bbd29b6e9d5a25a74a6e5a4c99a99d5af04e10935e,timestamped_live_quote,FBS vs FBS
2026-10-06T20:35:54Z,496f20b5a45e727fdc2d07915ab0f865,2026-10-10T19:30:00Z,Notre Dame Fighting Irish,Stanford Cardinal,bovada,Bovada,2026-10-06T20:34:42Z,2026-10-06T20:34:42Z,Stanford Cardinal,38.0,-105.0,2026,2026-10-06T20:35:54Z,1647,18.455907133704386,-7.707913126459722,28.66382026016411,9091a0b7e14eff9f94f7c6bbd29b6e9d5a25a74a6e5a4c99a99d5af04e10935e,timestamped_live_quote,FBS vs FBS
2026-10-06T20:35:54Z,82b83ec87fc2be5faa2e9f26ac50edef,2026-10-10T19:30:00Z,Oklahoma Sooners,Texas Longhorns,fanduel,FanDuel,2026-10-06T20:35:39Z,2026-10-06T20:35:38Z,Oklahoma Sooners,8.5,-108.0,2026,2026-10-06T20:35:54Z,1647,6.730719717199112,14.528645745456593,-5.297926028257481,9091a0b7e14eff9f94f7c6bbd29b6e9d5a25a74a6e5a4c99a99d5af04e10935e,timestamped_live_quote,FBS vs FBS
2026-10-06T20:35:54Z,82b83ec87fc2be5faa2e9f26ac50edef,2026-10-10T19:30:00Z,Oklahoma Sooners,Texas Longhorns,fanduel,FanDuel,2026-10-06T20:35:39Z,2026-10-06T20:35:38Z,Texas Longhorns,-8.5,-112.0,2026,2026-10-06T20:35:54Z,1647,6.730719717199112,14.528645745456593,-5.297926028257481,9091a0b7e14eff9f94f7c6bbd29b6e9d5a25a74a6e5a4c99a99d5af04e10935e,timestamped_live_quote,FBS vs FBS
2026-10-06T20:35:54Z,82b83ec87fc2be5faa2e9f26ac50edef,2026-10-10T19:30:00Z,Oklahoma Sooners,Texas Longhorns,betmgm,BetMGM,2026-10-06T20:35:16Z,2026-10-06T20:35:16Z,Oklahoma Sooners,8.5,-112.0,2026,2026-10-06T20:35:54Z,1647,6.730719717199112,14.528645745456593,-5.297926028257481,9091a0b7e14eff9f94f7c6bbd29b6e9d5a25a74a6e5a4c99a99d5af04e10935e,timestamped_live_quote,FBS vs FBS
2026-10-06T20:35:54Z,82b83ec87fc2be5faa2e9f26ac50edef,2026-10-10T19:30:00Z,Oklahoma Sooners,Texas Longhorns,betmgm,BetMGM,2026-10-06T20:35:16Z,2026-10-06T20:35:16Z,Texas Longhorns,-8.5,-118.0,2026,2026-10-06T20:35:54Z,1647,6.730719717199112,14.528645745456593,-5.297926028257481,9091a0b7e14eff9f94f7c6bbd29b6e9d5a25a74a6e5a4c99a99d5af04e10935e,timestamped_live_quote,FBS vs FBS
2026-10-06T20:35:54Z,82b83ec87fc2be5faa2e9f26ac50edef,2026-10-10T19:30:00Z,Oklahoma Sooners,Texas Longhorns,draftkings,DraftKings,2026-10-06T20:35:37Z,2026-10-06T20:35:37Z,Oklahoma Sooners,8.5,-110.0,2026,2026-10-06T20:35:54Z,1647,6.730719717199112,14.528645745456593,-5.297926028257481,9091a0b7e14eff9f94f7c6bbd29b6e9d5a25a74a6e5a4c99a99d5af04e10935e,timestamped_live_quote,FBS vs FBS
2026-10-06T20:35:54Z,82b83ec87fc2be5faa2e9f26ac50edef,2026-10-10T19:30:00Z,Oklahoma Sooners,Texas Longhorns,draftkings,DraftKings,2026-10-06T20:35:37Z,2026-10-06T20:35:37Z,Texas Longhorns,-8.5,-110.0,2026,2026-10-06T20:35:54Z,1647,6.730719717199112,14.528645745456593,-5.297926028257481,9091a0b7e14eff9f94f7c6bbd29b6e9d5a25a74a6e5a4c99a99d5af04e10935e,timestamped_live_quote,FBS vs FBS
2026-10-06T20:35:54Z,82b83ec87fc2be5faa2e9f26ac50edef,2026-10-10T19:30:00Z,Oklahoma Sooners,Texas Longhorns,betrivers,BetRivers,2026-10-06T20:35:40Z,2026-10-06T20:35:40Z,Oklahoma Sooners,8.5,-112.0,2026,2026-10-06T20:35:54Z,1647,6.730719717199112,14.528645745456593,-5.297926028257481,9091a0b7e14eff9f94f7c6bbd29b6e9d5a25a74a6e5a4c99a99d5af04e10935e,timestamped_live_quote,FBS vs FBS
2026-10-06T20:35:54Z,82b83ec87fc2be5faa2e9f26ac50edef,2026-10-10T19:30:00Z,Oklahoma Sooners,Texas Longhorns,betrivers,BetRivers,2026-10-06T20:35:40Z,2026-10-06T20:35:40Z,Texas Longhorns,-8.5,-112.0,2026,2026-10-06T20:35:54Z,1647,6.730719717199112,14.528645745456593,-5.297926028257481,9091a0b7e14eff9f94f7c6bbd29b6e9d5a25a74a6e5a4c99a99d5af04e10935e,timestamped_live_quote,FBS vs FBS
2026-10-06T20:35:54Z,82b83ec87fc2be5faa2e9f26ac50edef,2026-10-10T19:30:00Z,Oklahoma Sooners,Texas Longhorns,mybookieag,MyBookie.ag,2026-10-06T20:35:08Z,2026-10-06T20:35:08Z,Oklahoma Sooners,8.5,-110.0,2026,2026-10-06T20:35:54Z,1647,6.730719717199112,14.528645745456593,-5.297926028257481,9091a0b7e14eff9f94f7c6bbd29b6e9d5a25a74a6e5a4c99a99d5af04e10935e,timestamped_live_quote,FBS vs FBS
2026-10-06T20:35:54Z,82b83ec87fc2be5faa2e9f26ac50edef,2026-10-10T19:30:00Z,Oklahoma Sooners,Texas Longhorns,mybookieag,MyBookie.ag,2026-10-06T20:35:08Z,2026-10-06T20:35:08Z,Texas Longhorns,-8.5,-110.0,2026,2026-10-06T20:35:54Z,1647,6.730719717199112,14.528645745456593,-5.297926028257481,9091a0b7e14eff9f94f7c6bbd29b6e9d5a25a74a6e5a4c99a99d5af04e10935e,timestamped_live_quote,FBS vs FBS
2026-10-06T20:35:54Z,82b83ec87fc2be5faa2e9f26ac50edef,2026-10-10T19:30:00Z,Oklahoma Sooners,Texas Longhorns,betonlineag,BetOnline.ag,2026-10-06T20:35:36Z,2026-10-06T20:35:36Z,Oklahoma Sooners,8.5,-107.0,2026,2026-10-06T20:35:54Z,1647,6.730719717199112,14.528645745456593,-5.297926028257481,9091a0b7e14eff9f94f7c6bbd29b6e9d5a25a74a6e5a4c99a99d5af04e10935e,timestamped_live_quote,FBS vs FBS
2026-10-06T20:35:54Z,82b83ec87fc2be5faa2e9f26ac50edef,2026-10-10T19:30:00Z,Oklahoma Sooners,Texas Longhorns,betonlineag,BetOnline.ag,2026-10-06T20:35:36Z,2026-10-06T20:35:36Z,Texas Longhorns,-8.5,-113.0,2026,2026-10-06T20:35:54Z,1647,6.730719717199112,14.528645745456593,-5.297926028257481,9091a0b7e14eff9f94f7c6bbd29b6e9d5a25a74a6e5a4c99a99d5af04e10935e,timestamped_live_quote,FBS vs FBS
2026-10-06T20:35:54Z,82b83ec87fc2be5faa2e9f26ac50edef,2026-10-10T19:30:00Z,Oklahoma Sooners,Texas Longhorns,lowvig,LowVig.ag,2026-10-06T20:35:12Z,2026-10-06T20:35:12Z,Oklahoma Sooners,8.5,-103.0,2026,2026-10-06T20:35:54Z,1647,6.730719717199112,14.528645745456593,-5.297926028257481,9091a0b7e14eff9f94f7c6bbd29b6e9d5a25a74a6e5a4c99a99d5af04e10935e,timestamped_live_quote,FBS vs FBS
2026-10-06T20:35:54Z,82b83ec87fc2be5faa2e9f26ac50edef,2026-10-10T19:30:00Z,Oklahoma Sooners,Texas Longhorns,lowvig,LowVig.ag,2026-10-06T20:35:12Z,2026-10-06T20:35:12Z,Texas Longhorns,-8.5,-109.0,2026,2026-10-06T20:35:54Z,1647,6.730719717199112,14.528645745456593,-5.297926028257481,9091a0b7e14eff9f94f7c6bbd29b6e9d5a25a74a6e5a4c99a99d5af04e10935e,timestamped_live_quote,FBS vs FBS
2026-10-06T20:35:54Z,82b83ec87fc2be5faa2e9f26ac50edef,2026-10-10T19:30:00Z,Oklahoma Sooners,Texas Longhorns,betus,BetUS,2026-10-06T20:35:09Z,2026-10-06T20:35:09Z,Oklahoma Sooners,8.5,-105.0,2026,2026-10-06T20:35:54Z,1647,6.730719717199112,14.528645745456593,-5.297926028257481,9091a0b7e14eff9f94f7c6bbd29b6e9d5a25a74a6e5a4c99a99d5af04e10935e,timestamped_live_quote,FBS vs FBS
2026-10-06T20:35:54Z,82b83ec87fc2be5faa2e9f26ac50edef,2026-10-10T19:30:00Z,Oklahoma Sooners,Texas Longhorns,betus,BetUS,2026-10-06T20:35:09Z,2026-10-06T20:35:09Z,Texas Longhorns,-8.5,-115.0,2026,2026-10-06T20:35:54Z,1647,6.730719717199112,14.528645745456593,-5.297926028257481,9091a0b7e14eff9f94f7c6bbd29b6e9d5a25a74a6e5a4c99a99d5af04e10935e,timestamped_live_quote,FBS vs FBS
2026-10-06T20:35:54Z,82b83ec87fc2be5faa2e9f26ac50edef,2026-10-10T19:30:00Z,Oklahoma Sooners,Texas Longhorns,bovada,Bovada,2026-10-06T20:34:42Z,2026-10-06T20:34:42Z,Oklahoma Sooners,9.5,-110.0,2026,2026-10-06T20:35:54Z,1647,6.730719717199112,14.528645745456593,-5.297926028257481,9091a0b7e14eff9f94f7c6bbd29b6e9d5a25a74a6e5a4c99a99d5af04e10935e,timestamped_live_quote,FBS vs FBS
2026-10-06T20:35:54Z,82b83ec87fc2be5faa2e9f26ac50edef,2026-10-10T19:30:00Z,Oklahoma Sooners,Texas Longhorns,bovada,Bovada,2026-10-06T20:34:42Z,2026-10-06T20:34:42Z,Texas Longhorns,-9.5,-110.0,2026,2026-10-06T20:35:54Z,1647,6.730719717199112,14.528645745456593,-5.297926028257481,9091a0b7e14eff9f94f7c6bbd29b6e9d5a25a74a6e5a4c99a99d5af04e10935e,timestamped_live_quote,FBS vs FBS
2026-10-06T20:35:54Z,d9b77825d169fdd683f8efa7c1948a8e,2026-10-10T19:30:00Z,Vanderbilt Commodores,Ole Miss Rebels,fanduel,FanDuel,2026-10-06T20:35:39Z,2026-10-06T20:35:39Z,Ole Miss Rebels,-10.5,100.0,2026,2026-10-06T20:35:54Z,1647,4.8850699731419684,5.194490318444788,2.1905796546971805,9091a0b7e14eff9f94f7c6bbd29b6e9d5a25a74a6e5a4c99a99d5af04e10935e,timestamped_live_quote,FBS vs FBS
2026-10-06T20:35:54Z,d9b77825d169fdd683f8efa7c1948a8e,2026-10-10T19:30:00Z,Vanderbilt Commodores,Ole Miss Rebels,fanduel,FanDuel,2026-10-06T20:35:39Z,2026-10-06T20:35:39Z,Vanderbilt Commodores,10.5,-122.0,2026,2026-10-06T20:35:54Z,1647,4.8850699731419684,5.194490318444788,2.1905796546971805,9091a0b7e14eff9f94f7c6bbd29b6e9d5a25a74a6e5a4c99a99d5af04e10935e,timestamped_live_quote,FBS vs FBS
2026-10-06T20:35:54Z,d9b77825d169fdd683f8efa7c1948a8e,2026-10-10T19:30:00Z,Vanderbilt Commodores,Ole Miss Rebels,draftkings,DraftKings,2026-10-06T20:35:37Z,2026-10-06T20:35:37Z,Ole Miss Rebels,-10.0,-105.0,2026,2026-10-06T20:35:54Z,1647,4.8850699731419684,5.194490318444788,2.1905796546971805,9091a0b7e14eff9f94f7c6bbd29b6e9d5a25a74a6e5a4c99a99d5af04e10935e,timestamped_live_quote,FBS vs FBS
2026-10-06T20:35:54Z,d9b77825d169fdd683f8efa7c1948a8e,2026-10-10T19:30:00Z,Vanderbilt Commodores,Ole Miss Rebels,draftkings,DraftKings,2026-10-06T20:35:37Z,2026-10-06T20:35:37Z,Vanderbilt Commodores,10.0,-115.0,2026,2026-10-06T20:35:54Z,1647,4.8850699731419684,5.194490318444788,2.1905796546971805,9091a0b7e14eff9f94f7c6bbd29b6e9d5a25a74a6e5a4c99a99d5af04e10935e,timestamped_live_quote,FBS vs FBS
2026-10-06T20:35:54Z,d9b77825d169fdd683f8efa7c1948a8e,2026-10-10T19:30:00Z,Vanderbilt Commodores,Ole Miss Rebels,betrivers,BetRivers,2026-10-06T20:35:40Z,2026-10-06T20:35:40Z,Ole Miss Rebels,-10.0,-108.0,2026,2026-10-06T20:35:54Z,1647,4.8850699731419684,5.194490318444788,2.1905796546971805,9091a0b7e14eff9f94f7c6bbd29b6e9d5a25a74a6e5a4c99a99d5af04e10935e,timestamped_live_quote,FBS vs FBS
2026-10-06T20:35:54Z,d9b77825d169fdd683f8efa7c1948a8e,2026-10-10T19:30:00Z,Vanderbilt Commodores,Ole Miss Rebels,betrivers,BetRivers,2026-10-06T20:35:40Z,2026-10-06T20:35:40Z,Vanderbilt Commodores,10.0,-115.0,2026,2026-10-06T20:35:54Z,1647,4.8850699731419684,5.194490318444788,2.1905796546971805,9091a0b7e14eff9f94f7c6bbd29b6e9d5a25a74a6e5a4c99a99d5af04e10935e,timestamped_live_quote,FBS vs FBS
2026-10-06T20:35:54Z,d9b77825d169fdd683f8efa7c1948a8e,2026-10-10T19:30:00Z,Vanderbilt Commodores,Ole Miss Rebels,betonlineag,BetOnline.ag,2026-10-06T20:35:36Z,2026-10-06T20:35:36Z,Ole Miss Rebels,-9.5,-110.0,2026,2026-10-06T20:35:54Z,1647,4.8850699731419684,5.194490318444788,2.1905796546971805,9091a0b7e14eff9f94f7c6bbd29b6e9d5a25a74a6e5a4c99a99d5af04e10935e,timestamped_live_quote,FBS vs FBS
2026-10-06T20:35:54Z,d9b77825d169fdd683f8efa7c1948a8e,2026-10-10T19:30:00Z,Vanderbilt Commodores,Ole Miss Rebels,betonlineag,BetOnline.ag,2026-10-06T20:35:36Z,2026-10-06T20:35:36Z,Vanderbilt Commodores,9.5,-110.0,2026,2026-10-06T20:35:54Z,1647,4.8850699731419684,5.194490318444788,2.1905796546971805,9091a0b7e14eff9f94f7c6bbd29b6e9d5a25a74a6e5a4c99a99d5af04e10935e,timestamped_live_quote,FBS vs FBS
2026-10-06T20:35:54Z,d9b77825d169fdd683f8efa7c1948a8e,2026-10-10T19:30:00Z,Vanderbilt Commodores,Ole Miss Rebels,betmgm,BetMGM,2026-10-06T20:35:16Z,2026-10-06T20:35:16Z,Ole Miss Rebels,-9.5,-108.0,2026,2026-10-06T20:35:54Z,1647,4.8850699731419684,5.194490318444788,2.1905796546971805,9091a0b7e14eff9f94f7c6bbd29b6e9d5a25a74a6e5a4c99a99d5af04e10935e,timestamped_live_quote,FBS vs FBS
2026-10-06T20:35:54Z,d9b77825d169fdd683f8efa7c1948a8e,2026-10-10T19:30:00Z,Vanderbilt Commodores,Ole Miss Rebels,betmgm,BetMGM,2026-10-06T20:35:16Z,2026-10-06T20:35:16Z,Vanderbilt Commodores,9.5,-110.0,2026,2026-10-06T20:35:54Z,1647,4.8850699731419684,5.194490318444788,2.1905796546971805,9091a0b7e14eff9f94f7c6bbd29b6e9d5a25a74a6e5a4c99a99d5af04e10935e,timestamped_live_quote,FBS vs FBS
2026-10-06T20:35:54Z,d9b77825d169fdd683f8efa7c1948a8e,2026-10-10T19:30:00Z,Vanderbilt Commodores,Ole Miss Rebels,mybookieag,MyBookie.ag,2026-10-06T20:35:08Z,2026-10-06T20:35:08Z,Ole Miss Rebels,-9.5,-110.0,2026,2026-10-06T20:35:54Z,1647,4.8850699731419684,5.194490318444788,2.1905796546971805,9091a0b7e14eff9f94f7c6bbd29b6e9d5a25a74a6e5a4c99a99d5af04e10935e,timestamped_live_quote,FBS vs FBS
2026-10-06T20:35:54Z,d9b77825d169fdd683f8efa7c1948a8e,2026-10-10T19:30:00Z,Vanderbilt Commodores,Ole Miss Rebels,mybookieag,MyBookie.ag,2026-10-06T20:35:08Z,2026-10-06T20:35:08Z,Vanderbilt Commodores,9.5,-110.0,2026,2026-10-06T20:35:54Z,1647,4.8850699731419684,5.194490318444788,2.1905796546971805,9091a0b7e14eff9f94f7c6bbd29b6e9d5a25a74a6e5a4c99a99d5af04e10935e,timestamped_live_quote,FBS vs FBS
2026-10-06T20:35:54Z,d9b77825d169fdd683f8efa7c1948a8e,2026-10-10T19:30:00Z,Vanderbilt Commodores,Ole Miss Rebels,betus,BetUS,2026-10-06T20:35:09Z,2026-10-06T20:35:09Z,Ole Miss Rebels,-10.0,-110.0,2026,2026-10-06T20:35:54Z,1647,4.8850699731419684,5.194490318444788,2.1905796546971805,9091a0b7e14eff9f94f7c6bbd29b6e9d5a25a74a6e5a4c99a99d5af04e10935e,timestamped_live_quote,FBS vs FBS
2026-10-06T20:35:54Z,d9b77825d169fdd683f8efa7c1948a8e,2026-10-10T19:30:00Z,Vanderbilt Commodores,Ole Miss Rebels,betus,BetUS,2026-10-06T20:35:09Z,2026-10-06T20:35:09Z,Vanderbilt Commodores,10.0,-110.0,2026,2026-10-06T20:35:54Z,1647,4.8850699731419684,5.194490318444788,2.1905796546971805,9091a0b7e14eff9f94f7c6bbd29b6e9d5a25a74a6e5a4c99a99d5af04e10935e,timestamped_live_quote,FBS vs FBS
2026-10-06T20:35:54Z,d9b77825d169fdd683f8efa7c1948a8e,2026-10-10T19:30:00Z,Vanderbilt Commodores,Ole Miss Rebels,bovada,Bovada,2026-10-06T20:34:42Z,2026-10-06T20:34:42Z,Ole Miss Rebels,-9.5,-110.0,2026,2026-10-06T20:35:54Z,1647,4.8850699731419684,5.194490318444788,2.1905796546971805,9091a0b7e14eff9f94f7c6bbd29b6e9d5a25a74a6e5a4c99a99d5af04e10935e,timestamped_live_quote,FBS vs FBS
2026-10-06T20:35:54Z,d9b77825d169fdd683f8efa7c1948a8e,2026-10-10T19:30:00Z,Vanderbilt Commodores,Ole Miss Rebels,bovada,Bovada,2026-10-06T20:34:42Z,2026-10-06T20:34:42Z,Vanderbilt Commodores,9.5,-110.0,2026,2026-10-06T20:35:54Z,1647,4.8850699731419684,5.194490318444788,2.1905796546971805,9091a0b7e14eff9f94f7c6bbd29b6e9d5a25a74a6e5a4c99a99d5af04e10935e,timestamped_live_quote,FBS vs FBS
2026-10-06T20:35:54Z,3ad908e99942c191b72d855b6f1b508f,2026-10-10T19:30:00Z,Oregon Ducks,UCLA Bruins,fanduel,FanDuel,2026-10-06T20:35:39Z,2026-10-06T20:35:38Z,Oregon Ducks,-11.5,-110.0,2026,2026-10-06T20:35:54Z,1647,14.135025192714526,13.852023822276644,2.7830013704378818,9091a0b7e14eff9f94f7c6bbd29b6e9d5a25a74a6e5a4c99a99d5af04e10935e,timestamped_live_quote,FBS vs FBS
2026-10-06T20:35:54Z,3ad908e99942c191b72d855b6f1b508f,2026-10-10T19:30:00Z,Oregon Ducks,UCLA Bruins,fanduel,FanDuel,2026-10-06T20:35:39Z,2026-10-06T20:35:38Z,UCLA Bruins,11.5,-110.0,2026,2026-10-06T20:35:54Z,1647,14.135025192714526,13.852023822276644,2.7830013704378818,9091a0b7e14eff9f94f7c6bbd29b6e9d5a25a74a6e5a4c99a99d5af04e10935e,timestamped_live_quote,FBS vs FBS
2026-10-06T20:35:54Z,3ad908e99942c191b72d855b6f1b508f,2026-10-10T19:30:00Z,Oregon Ducks,UCLA Bruins,draftkings,DraftKings,2026-10-06T20:35:37Z,2026-10-06T20:35:37Z,Oregon Ducks,-11.5,-110.0,2026,2026-10-06T20:35:54Z,1647,14.135025192714526,13.852023822276644,2.7830013704378818,9091a0b7e14eff9f94f7c6bbd29b6e9d5a25a74a6e5a4c99a99d5af04e10935e,timestamped_live_quote,FBS vs FBS
2026-10-06T20:35:54Z,3ad908e99942c191b72d855b6f1b508f,2026-10-10T19:30:00Z,Oregon Ducks,UCLA Bruins,draftkings,DraftKings,2026-10-06T20:35:37Z,2026-10-06T20:35:37Z,UCLA Bruins,11.5,-110.0,2026,2026-10-06T20:35:54Z,1647,14.135025192714526,13.852023822276644,2.7830013704378818,9091a0b7e14eff9f94f7c6bbd29b6e9d5a25a74a6e5a4c99a99d5af04e10935e,timestamped_live_quote,FBS vs FBS
2026-10-06T20:35:54Z,3ad908e99942c191b72d855b6f1b508f,2026-10-10T19:30:00Z,Oregon Ducks,UCLA Bruins,betrivers,BetRivers,2026-10-06T20:35:40Z,2026-10-06T20:35:40Z,Oregon Ducks,-12.5,-110.0,2026,2026-10-06T20:35:54Z,1647,14.135025192714526,13.852023822276644,2.7830013704378818,9091a0b7e14eff9f94f7c6bbd29b6e9d5a25a74a6e5a4c99a99d5af04e10935e,timestamped_live_quote,FBS vs FBS
2026-10-06T20:35:54Z,3ad908e99942c191b72d855b6f1b508f,2026-10-10T19:30:00Z,Oregon Ducks,UCLA Bruins,betrivers,BetRivers,2026-10-06T20:35:40Z,2026-10-06T20:35:40Z,UCLA Bruins,12.5,-113.0,2026,2026-10-06T20:35:54Z,1647,14.135025192714526,13.852023822276644,2.7830013704378818,9091a0b7e14eff9f94f7c6bbd29b6e9d5a25a74a6e5a4c99a99d5af04e10935e,timestamped_live_quote,FBS vs FBS
2026-10-06T20:35:54Z,3ad908e99942c191b72d855b6f1b508f,2026-10-10T19:30:00Z,Oregon Ducks,UCLA Bruins,mybookieag,MyBookie.ag,2026-10-06T20:35:08Z,2026-10-06T20:35:08Z,Oregon Ducks,-11.5,-110.0,2026,2026-10-06T20:35:54Z,1647,14.135025192714526,13.852023822276644,2.7830013704378818,9091a0b7e14eff9f94f7c6bbd29b6e9d5a25a74a6e5a4c99a99d5af04e10935e,timestamped_live_quote,FBS vs FBS
2026-10-06T20:35:54Z,3ad908e99942c191b72d855b6f1b508f,2026-10-10T19:30:00Z,Oregon Ducks,UCLA Bruins,mybookieag,MyBookie.ag,2026-10-06T20:35:08Z,2026-10-06T20:35:08Z,UCLA Bruins,11.5,-110.0,2026,2026-10-06T20:35:54Z,1647,14.135025192714526,13.852023822276644,2.7830013704378818,9091a0b7e14eff9f94f7c6bbd29b6e9d5a25a74a6e5a4c99a99d5af04e10935e,timestamped_live_quote,FBS vs FBS
2026-10-06T20:35:54Z,3ad908e99942c191b72d855b6f1b508f,2026-10-10T19:30:00Z,Oregon Ducks,UCLA Bruins,betmgm,BetMGM,2026-10-06T20:35:16Z,2026-10-06T20:35:16Z,Oregon Ducks,-11.0,-110.0,2026,2026-10-06T20:35:54Z,1647,14.135025192714526,13.852023822276644,2.7830013704378818,9091a0b7e14eff9f94f7c6bbd29b6e9d5a25a74a6e5a4c99a99d5af04e10935e,timestamped_live_quote,FBS vs FBS
2026-10-06T20:35:54Z,3ad908e99942c191b72d855b6f1b508f,2026-10-10T19:30:00Z,Oregon Ducks,UCLA Bruins,betmgm,BetMGM,2026-10-06T20:35:16Z,2026-10-06T20:35:16Z,UCLA Bruins,11.0,-108.0,2026,2026-10-06T20:35:54Z,1647,14.135025192714526,13.852023822276644,2.7830013704378818,9091a0b7e14eff9f94f7c6bbd29b6e9d5a25a74a6e5a4c99a99d5af04e10935e,timestamped_live_quote,FBS vs FBS
2026-10-06T20:35:54Z,3ad908e99942c191b72d855b6f1b508f,2026-10-10T19:30:00Z,Oregon Ducks,UCLA Bruins,betonlineag,BetOnline.ag,2026-10-06T20:35:36Z,2026-10-06T20:35:36Z,Oregon Ducks,-12.0,-105.0,2026,2026-10-06T20:35:54Z,1647,14.135025192714526,13.852023822276644,2.7830013704378818,9091a0b7e14eff9f94f7c6bbd29b6e9d5a25a74a6e5a4c99a99d5af04e10935e,timestamped_live_quote,FBS vs FBS
2026-10-06T20:35:54Z,3ad908e99942c191b72d855b6f1b508f,2026-10-10T19:30:00Z,Oregon Ducks,UCLA Bruins,betonlineag,BetOnline.ag,2026-10-06T20:35:36Z,2026-10-06T20:35:36Z,UCLA Bruins,12.0,-115.0,2026,2026-10-06T20:35:54Z,1647,14.135025192714526,13.852023822276644,2.7830013704378818,9091a0b7e14eff9f94f7c6bbd29b6e9d5a25a74a6e5a4c99a99d5af04e10935e,timestamped_live_quote,FBS vs FBS
2026-10-06T20:35:54Z,3ad908e99942c191b72d855b6f1b508f,2026-10-10T19:30:00Z,Oregon Ducks,UCLA Bruins,lowvig,LowVig.ag,2026-10-06T20:35:12Z,2026-10-06T20:35:12Z,Oregon Ducks,-12.0,-101.0,2026,2026-10-06T20:35:54Z,1647,14.135025192714526,13.852023822276644,2.7830013704378818,9091a0b7e14eff9f94f7c6bbd29b6e9d5a25a74a6e5a4c99a99d5af04e10935e,timestamped_live_quote,FBS vs FBS
2026-10-06T20:35:54Z,3ad908e99942c191b72d855b6f1b508f,2026-10-10T19:30:00Z,Oregon Ducks,UCLA Bruins,lowvig,LowVig.ag,2026-10-06T20:35:12Z,2026-10-06T20:35:12Z,UCLA Bruins,12.0,-111.0,2026,2026-10-06T20:35:54Z,1647,14.135025192714526,13.852023822276644,2.7830013704378818,9091a0b7e14eff9f94f7c6bbd29b6e9d5a25a74a6e5a4c99a99d5af04e10935e,timestamped_live_quote,FBS vs FBS
2026-10-06T20:35:54Z,3ad908e99942c191b72d855b6f1b508f,2026-10-10T19:30:00Z,Oregon Ducks,UCLA Bruins,betus,BetUS,2026-10-06T20:35:09Z,2026-10-06T20:35:09Z,Oregon Ducks,-11.5,-110.0,2026,2026-10-06T20:35:54Z,1647,14.135025192714526,13.852023822276644,2.7830013704378818,9091a0b7e14eff9f94f7c6bbd29b6e9d5a25a74a6e5a4c99a99d5af04e10935e,timestamped_live_quote,FBS vs FBS
2026-10-06T20:35:54Z,3ad908e99942c191b72d855b6f1b508f,2026-10-10T19:30:00Z,Oregon Ducks,UCLA Bruins,betus,BetUS,2026-10-06T20:35:09Z,2026-10-06T20:35:09Z,UCLA Bruins,11.5,-110.0,2026,2026-10-06T20:35:54Z,1647,14.135025192714526,13.852023822276644,2.7830013704378818,9091a0b7e14eff9f94f7c6bbd29b6e9d5a25a74a6e5a4c99a99d5af04e10935e,timestamped_live_quote,FBS vs FBS
2026-10-06T20:35:54Z,3ad908e99942c191b72d855b6f1b508f,2026-10-10T19:30:00Z,Oregon Ducks,UCLA Bruins,bovada,Bovada,2026-10-06T20:34:42Z,2026-10-06T20:34:42Z,Oregon Ducks,-11.0,-110.0,2026,2026-10-06T20:35:54Z,1647,14.135025192714526,13.852023822276644,2.7830013704378818,9091a0b7e14eff9f94f7c6bbd29b6e9d5a25a74a6e5a4c99a99d5af04e10935e,timestamped_live_quote,FBS vs FBS
2026-10-06T20:35:54Z,3ad908e99942c191b72d855b6f1b508f,2026-10-10T19:30:00Z,Oregon Ducks,UCLA Bruins,bovada,Bovada,2026-10-06T20:34:42Z,2026-10-06T20:34:42Z,UCLA Bruins,11.0,-110.0,2026,2026-10-06T20:35:54Z,1647,14.135025192714526,13.852023822276644,2.7830013704378818,9091a0b7e14eff9f94f7c6bbd29b6e9d5a25a74a6e5a4c99a99d5af04e10935e,timestamped_live_quote,FBS vs FBS
2026-10-06T20:35:54Z,80fbdc19285ed9bab284269273562eb9,2026-10-10T19:45:00Z,Temple Owls,UConn Huskies,fanduel,FanDuel,2026-10-06T20:35:39Z,2026-10-06T20:35:39Z,Temple Owls,-3.5,-110.0,2026,2026-10-06T20:35:54Z,1647,3.8420418619046544,5.213965182639065,1.1280766792655896,9091a0b7e14eff9f94f7c6bbd29b6e9d5a25a74a6e5a4c99a99d5af04e10935e,timestamped_live_quote,FBS vs FBS
2026-10-06T20:35:54Z,80fbdc19285ed9bab284269273562eb9,2026-10-10T19:45:00Z,Temple Owls,UConn Huskies,fanduel,FanDuel,2026-10-06T20:35:39Z,2026-10-06T20:35:39Z,UConn Huskies,3.5,-110.0,2026,2026-10-06T20:35:54Z,1647,3.8420418619046544,5.213965182639065,1.1280766792655896,9091a0b7e14eff9f94f7c6bbd29b6e9d5a25a74a6e5a4c99a99d5af04e10935e,timestamped_live_quote,FBS vs FBS
2026-10-06T20:35:54Z,80fbdc19285ed9bab284269273562eb9,2026-10-10T19:45:00Z,Temple Owls,UConn Huskies,lowvig,LowVig.ag,2026-10-06T20:35:12Z,2026-10-06T20:35:12Z,Temple Owls,-4.0,-101.0,2026,2026-10-06T20:35:54Z,1647,3.8420418619046544,5.213965182639065,1.1280766792655896,9091a0b7e14eff9f94f7c6bbd29b6e9d5a25a74a6e5a4c99a99d5af04e10935e,timestamped_live_quote,FBS vs FBS
2026-10-06T20:35:54Z,80fbdc19285ed9bab284269273562eb9,2026-10-10T19:45:00Z,Temple Owls,UConn Huskies,lowvig,LowVig.ag,2026-10-06T20:35:12Z,2026-10-06T20:35:12Z,UConn Huskies,4.0,-111.0,2026,2026-10-06T20:35:54Z,1647,3.8420418619046544,5.213965182639065,1.1280766792655896,9091a0b7e14eff9f94f7c6bbd29b6e9d5a25a74a6e5a4c99a99d5af04e10935e,timestamped_live_quote,FBS vs FBS
2026-10-06T20:35:54Z,80fbdc19285ed9bab284269273562eb9,2026-10-10T19:45:00Z,Temple Owls,UConn Huskies,betonlineag,BetOnline.ag,2026-10-06T20:35:36Z,2026-10-06T20:35:36Z,Temple Owls,-3.5,-105.0,2026,2026-10-06T20:35:54Z,1647,3.8420418619046544,5.213965182639065,1.1280766792655896,9091a0b7e14eff9f94f7c6bbd29b6e9d5a25a74a6e5a4c99a99d5af04e10935e,timestamped_live_quote,FBS vs FBS
2026-10-06T20:35:54Z,80fbdc19285ed9bab284269273562eb9,2026-10-10T19:45:00Z,Temple Owls,UConn Huskies,betonlineag,BetOnline.ag,2026-10-06T20:35:36Z,2026-10-06T20:35:36Z,UConn Huskies,3.5,-115.0,2026,2026-10-06T20:35:54Z,1647,3.8420418619046544,5.213965182639065,1.1280766792655896,9091a0b7e14eff9f94f7c6bbd29b6e9d5a25a74a6e5a4c99a99d5af04e10935e,timestamped_live_quote,FBS vs FBS
2026-10-06T20:35:54Z,80fbdc19285ed9bab284269273562eb9,2026-10-10T19:45:00Z,Temple Owls,UConn Huskies,draftkings,DraftKings,2026-10-06T20:35:38Z,2026-10-06T20:35:37Z,Temple Owls,-3.5,-112.0,2026,2026-10-06T20:35:54Z,1647,3.8420418619046544,5.213965182639065,1.1280766792655896,9091a0b7e14eff9f94f7c6bbd29b6e9d5a25a74a6e5a4c99a99d5af04e10935e,timestamped_live_quote,FBS vs FBS
2026-10-06T20:35:54Z,80fbdc19285ed9bab284269273562eb9,2026-10-10T19:45:00Z,Temple Owls,UConn Huskies,draftkings,DraftKings,2026-10-06T20:35:38Z,2026-10-06T20:35:37Z,UConn Huskies,3.5,-108.0,2026,2026-10-06T20:35:54Z,1647,3.8420418619046544,5.213965182639065,1.1280766792655896,9091a0b7e14eff9f94f7c6bbd29b6e9d5a25a74a6e5a4c99a99d5af04e10935e,timestamped_live_quote,FBS vs FBS
2026-10-06T20:35:54Z,80fbdc19285ed9bab284269273562eb9,2026-10-10T19:45:00Z,Temple Owls,UConn Huskies,betmgm,BetMGM,2026-10-06T20:35:16Z,2026-10-06T20:35:16Z,Temple Owls,-3.5,-108.0,2026,2026-10-06T20:35:54Z,1647,3.8420418619046544,5.213965182639065,1.1280766792655896,9091a0b7e14eff9f94f7c6bbd29b6e9d5a25a74a6e5a4c99a99d5af04e10935e,timestamped_live_quote,FBS vs FBS
2026-10-06T20:35:54Z,80fbdc19285ed9bab284269273562eb9,2026-10-10T19:45:00Z,Temple Owls,UConn Huskies,betmgm,BetMGM,2026-10-06T20:35:16Z,2026-10-06T20:35:16Z,UConn Huskies,3.5,-110.0,2026,2026-10-06T20:35:54Z,1647,3.8420418619046544,5.213965182639065,1.1280766792655896,9091a0b7e14eff9f94f7c6bbd29b6e9d5a25a74a6e5a4c99a99d5af04e10935e,timestamped_live_quote,FBS vs FBS
2026-10-06T20:35:54Z,80fbdc19285ed9bab284269273562eb9,2026-10-10T19:45:00Z,Temple Owls,UConn Huskies,mybookieag,MyBookie.ag,2026-10-06T20:35:08Z,2026-10-06T20:35:08Z,Temple Owls,-3.5,-110.0,2026,2026-10-06T20:35:54Z,1647,3.8420418619046544,5.213965182639065,1.1280766792655896,9091a0b7e14eff9f94f7c6bbd29b6e9d5a25a74a6e5a4c99a99d5af04e10935e,timestamped_live_quote,FBS vs FBS
2026-10-06T20:35:54Z,80fbdc19285ed9bab284269273562eb9,2026-10-10T19:45:00Z,Temple Owls,UConn Huskies,mybookieag,MyBookie.ag,2026-10-06T20:35:08Z,2026-10-06T20:35:08Z,UConn Huskies,3.5,-110.0,2026,2026-10-06T20:35:54Z,1647,3.8420418619046544,5.213965182639065,1.1280766792655896,9091a0b7e14eff9f94f7c6bbd29b6e9d5a25a74a6e5a4c99a99d5af04e10935e,timestamped_live_quote,FBS vs FBS
2026-10-06T20:35:54Z,80fbdc19285ed9bab284269273562eb9,2026-10-10T19:45:00Z,Temple Owls,UConn Huskies,bovada,Bovada,2026-10-06T20:34:42Z,2026-10-06T20:34:42Z,Temple Owls,-4.0,-110.0,2026,2026-10-06T20:35:54Z,1647,3.8420418619046544,5.213965182639065,1.1280766792655896,9091a0b7e14eff9f94f7c6bbd29b6e9d5a25a74a6e5a4c99a99d5af04e10935e,timestamped_live_quote,FBS vs FBS
2026-10-06T20:35:54Z,80fbdc19285ed9bab284269273562eb9,2026-10-10T19:45:00Z,Temple Owls,UConn Huskies,bovada,Bovada,2026-10-06T20:34:42Z,2026-10-06T20:34:42Z,UConn Huskies,4.0,-110.0,2026,2026-10-06T20:35:54Z,1647,3.8420418619046544,5.213965182639065,1.1280766792655896,9091a0b7e14eff9f94f7c6bbd29b6e9d5a25a74a6e5a4c99a99d5af04e10935e,timestamped_live_quote,FBS vs FBS
2026-10-06T20:35:54Z,80fbdc19285ed9bab284269273562eb9,2026-10-10T19:45:00Z,Temple Owls,UConn Huskies,betus,BetUS,2026-10-06T20:35:09Z,2026-10-06T20:35:09Z,Temple Owls,-3.5,-105.0,2026,2026-10-06T20:35:54Z,1647,3.8420418619046544,5.213965182639065,1.1280766792655896,9091a0b7e14eff9f94f7c6bbd29b6e9d5a25a74a6e5a4c99a99d5af04e10935e,timestamped_live_quote,FBS vs FBS
2026-10-06T20:35:54Z,80fbdc19285ed9bab284269273562eb9,2026-10-10T19:45:00Z,Temple Owls,UConn Huskies,betus,BetUS,2026-10-06T20:35:09Z,2026-10-06T20:35:09Z,UConn Huskies,3.5,-115.0,2026,2026-10-06T20:35:54Z,1647,3.8420418619046544,5.213965182639065,1.1280766792655896,9091a0b7e14eff9f94f7c6bbd29b6e9d5a25a74a6e5a4c99a99d5af04e10935e,timestamped_live_quote,FBS vs FBS
2026-10-06T20:35:54Z,80fbdc19285ed9bab284269273562eb9,2026-10-10T19:45:00Z,Temple Owls,UConn Huskies,betrivers,BetRivers,2026-10-06T20:35:40Z,2026-10-06T20:35:40Z,Temple Owls,-4.5,-109.0,2026,2026-10-06T20:35:54Z,1647,3.8420418619046544,5.213965182639065,1.1280766792655896,9091a0b7e14eff9f94f7c6bbd29b6e9d5a25a74a6e5a4c99a99d5af04e10935e,timestamped_live_quote,FBS vs FBS
2026-10-06T20:35:54Z,80fbdc19285ed9bab284269273562eb9,2026-10-10T19:45:00Z,Temple Owls,UConn Huskies,betrivers,BetRivers,2026-10-06T20:35:40Z,2026-10-06T20:35:40Z,UConn Huskies,4.5,-113.0,2026,2026-10-06T20:35:54Z,1647,3.8420418619046544,5.213965182639065,1.1280766792655896,9091a0b7e14eff9f94f7c6bbd29b6e9d5a25a74a6e5a4c99a99d5af04e10935e,timestamped_live_quote,FBS vs FBS
2026-10-06T20:35:54Z,f513c11a62ce92d74d70cf446e92e197,2026-10-10T20:00:00Z,East Carolina Pirates,Rice Owls,draftkings,DraftKings,2026-10-06T20:35:38Z,2026-10-06T20:35:37Z,East Carolina Pirates,-10.0,-110.0,2026,2026-10-06T20:35:54Z,1647,1.132824581965681,-1.7132169014516783,5.346041483417359,9091a0b7e14eff9f94f7c6bbd29b6e9d5a25a74a6e5a4c99a99d5af04e10935e,timestamped_live_quote,FBS vs FBS
2026-10-06T20:35:54Z,f513c11a62ce92d74d70cf446e92e197,2026-10-10T20:00:00Z,East Carolina Pirates,Rice Owls,draftkings,DraftKings,2026-10-06T20:35:38Z,2026-10-06T20:35:37Z,Rice Owls,10.0,-110.0,2026,2026-10-06T20:35:54Z,1647,1.132824581965681,-1.7132169014516783,5.346041483417359,9091a0b7e14eff9f94f7c6bbd29b6e9d5a25a74a6e5a4c99a99d5af04e10935e,timestamped_live_quote,FBS vs FBS
2026-10-06T20:35:54Z,f513c11a62ce92d74d70cf446e92e197,2026-10-10T20:00:00Z,East Carolina Pirates,Rice Owls,lowvig,LowVig.ag,2026-10-06T20:35:12Z,2026-10-06T20:35:12Z,East Carolina Pirates,-10.0,-106.0,2026,2026-10-06T20:35:54Z,1647,1.132824581965681,-1.7132169014516783,5.346041483417359,9091a0b7e14eff9f94f7c6bbd29b6e9d5a25a74a6e5a4c99a99d5af04e10935e,timestamped_live_quote,FBS vs FBS
2026-10-06T20:35:54Z,f513c11a62ce92d74d70cf446e92e197,2026-10-10T20:00:00Z,East Carolina Pirates,Rice Owls,lowvig,LowVig.ag,2026-10-06T20:35:12Z,2026-10-06T20:35:12Z,Rice Owls,10.0,-106.0,2026,2026-10-06T20:35:54Z,1647,1.132824581965681,-1.7132169014516783,5.346041483417359,9091a0b7e14eff9f94f7c6bbd29b6e9d5a25a74a6e5a4c99a99d5af04e10935e,timestamped_live_quote,FBS vs FBS
2026-10-06T20:35:54Z,f513c11a62ce92d74d70cf446e92e197,2026-10-10T20:00:00Z,East Carolina Pirates,Rice Owls,betonlineag,BetOnline.ag,2026-10-06T20:35:36Z,2026-10-06T20:35:36Z,East Carolina Pirates,-10.0,-110.0,2026,2026-10-06T20:35:54Z,1647,1.132824581965681,-1.7132169014516783,5.346041483417359,9091a0b7e14eff9f94f7c6bbd29b6e9d5a25a74a6e5a4c99a99d5af04e10935e,timestamped_live_quote,FBS vs FBS
2026-10-06T20:35:54Z,f513c11a62ce92d74d70cf446e92e197,2026-10-10T20:00:00Z,East Carolina Pirates,Rice Owls,betonlineag,BetOnline.ag,2026-10-06T20:35:36Z,2026-10-06T20:35:36Z,Rice Owls,10.0,-110.0,2026,2026-10-06T20:35:54Z,1647,1.132824581965681,-1.7132169014516783,5.346041483417359,9091a0b7e14eff9f94f7c6bbd29b6e9d5a25a74a6e5a4c99a99d5af04e10935e,timestamped_live_quote,FBS vs FBS
2026-10-06T20:35:54Z,f513c11a62ce92d74d70cf446e92e197,2026-10-10T20:00:00Z,East Carolina Pirates,Rice Owls,fanduel,FanDuel,2026-10-06T20:35:39Z,2026-10-06T20:35:39Z,East Carolina Pirates,-9.5,-115.0,2026,2026-10-06T20:35:54Z,1647,1.132824581965681,-1.7132169014516783,5.346041483417359,9091a0b7e14eff9f94f7c6bbd29b6e9d5a25a74a6e5a4c99a99d5af04e10935e,timestamped_live_quote,FBS vs FBS
2026-10-06T20:35:54Z,f513c11a62ce92d74d70cf446e92e197,2026-10-10T20:00:00Z,East Carolina Pirates,Rice Owls,fanduel,FanDuel,2026-10-06T20:35:39Z,2026-10-06T20:35:39Z,Rice Owls,9.5,-105.0,2026,2026-10-06T20:35:54Z,1647,1.132824581965681,-1.7132169014516783,5.346041483417359,9091a0b7e14eff9f94f7c6bbd29b6e9d5a25a74a6e5a4c99a99d5af04e10935e,timestamped_live_quote,FBS vs FBS
2026-10-06T20:35:54Z,f513c11a62ce92d74d70cf446e92e197,2026-10-10T20:00:00Z,East Carolina Pirates,Rice Owls,betmgm,BetMGM,2026-10-06T20:35:16Z,2026-10-06T20:35:16Z,East Carolina Pirates,-10.0,-108.0,2026,2026-10-06T20:35:54Z,1647,1.132824581965681,-1.7132169014516783,5.346041483417359,9091a0b7e14eff9f94f7c6bbd29b6e9d5a25a74a6e5a4c99a99d5af04e10935e,timestamped_live_quote,FBS vs FBS
2026-10-06T20:35:54Z,f513c11a62ce92d74d70cf446e92e197,2026-10-10T20:00:00Z,East Carolina Pirates,Rice Owls,betmgm,BetMGM,2026-10-06T20:35:16Z,2026-10-06T20:35:16Z,Rice Owls,10.0,-110.0,2026,2026-10-06T20:35:54Z,1647,1.132824581965681,-1.7132169014516783,5.346041483417359,9091a0b7e14eff9f94f7c6bbd29b6e9d5a25a74a6e5a4c99a99d5af04e10935e,timestamped_live_quote,FBS vs FBS
2026-10-06T20:35:54Z,f513c11a62ce92d74d70cf446e92e197,2026-10-10T20:00:00Z,East Carolina Pirates,Rice Owls,mybookieag,MyBookie.ag,2026-10-06T20:35:08Z,2026-10-06T20:35:08Z,East Carolina Pirates,-10.0,-110.0,2026,2026-10-06T20:35:54Z,1647,1.132824581965681,-1.7132169014516783,5.346041483417359,9091a0b7e14eff9f94f7c6bbd29b6e9d5a25a74a6e5a4c99a99d5af04e10935e,timestamped_live_quote,FBS vs FBS
2026-10-06T20:35:54Z,f513c11a62ce92d74d70cf446e92e197,2026-10-10T20:00:00Z,East Carolina Pirates,Rice Owls,mybookieag,MyBookie.ag,2026-10-06T20:35:08Z,2026-10-06T20:35:08Z,Rice Owls,10.0,-110.0,2026,2026-10-06T20:35:54Z,1647,1.132824581965681,-1.7132169014516783,5.346041483417359,9091a0b7e14eff9f94f7c6bbd29b6e9d5a25a74a6e5a4c99a99d5af04e10935e,timestamped_live_quote,FBS vs FBS
2026-10-06T20:35:54Z,f513c11a62ce92d74d70cf446e92e197,2026-10-10T20:00:00Z,East Carolina Pirates,Rice Owls,bovada,Bovada,2026-10-06T20:34:42Z,2026-10-06T20:34:42Z,East Carolina Pirates,-10.0,-110.0,2026,2026-10-06T20:35:54Z,1647,1.132824581965681,-1.7132169014516783,5.346041483417359,9091a0b7e14eff9f94f7c6bbd29b6e9d5a25a74a6e5a4c99a99d5af04e10935e,timestamped_live_quote,FBS vs FBS
2026-10-06T20:35:54Z,f513c11a62ce92d74d70cf446e92e197,2026-10-10T20:00:00Z,East Carolina Pirates,Rice Owls,bovada,Bovada,2026-10-06T20:34:42Z,2026-10-06T20:34:42Z,Rice Owls,10.0,-110.0,2026,2026-10-06T20:35:54Z,1647,1.132824581965681,-1.7132169014516783,5.346041483417359,9091a0b7e14eff9f94f7c6bbd29b6e9d5a25a74a6e5a4c99a99d5af04e10935e,timestamped_live_quote,FBS vs FBS
2026-10-06T20:35:54Z,f513c11a62ce92d74d70cf446e92e197,2026-10-10T20:00:00Z,East Carolina Pirates,Rice Owls,betus,BetUS,2026-10-06T20:35:09Z,2026-10-06T20:35:09Z,East Carolina Pirates,-10.0,-110.0,2026,2026-10-06T20:35:54Z,1647,1.132824581965681,-1.7132169014516783,5.346041483417359,9091a0b7e14eff9f94f7c6bbd29b6e9d5a25a74a6e5a4c99a99d5af04e10935e,timestamped_live_quote,FBS vs FBS
2026-10-06T20:35:54Z,f513c11a62ce92d74d70cf446e92e197,2026-10-10T20:00:00Z,East Carolina Pirates,Rice Owls,betus,BetUS,2026-10-06T20:35:09Z,2026-10-06T20:35:09Z,Rice Owls,10.0,-110.0,2026,2026-10-06T20:35:54Z,1647,1.132824581965681,-1.7132169014516783,5.346041483417359,9091a0b7e14eff9f94f7c6bbd29b6e9d5a25a74a6e5a4c99a99d5af04e10935e,timestamped_live_quote,FBS vs FBS
2026-10-06T20:35:54Z,f513c11a62ce92d74d70cf446e92e197,2026-10-10T20:00:00Z,East Carolina Pirates,Rice Owls,betrivers,BetRivers,2026-10-06T20:35:40Z,2026-10-06T20:35:40Z,East Carolina Pirates,-9.5,-115.0,2026,2026-10-06T20:35:54Z,1647,1.132824581965681,-1.7132169014516783,5.346041483417359,9091a0b7e14eff9f94f7c6bbd29b6e9d5a25a74a6e5a4c99a99d5af04e10935e,timestamped_live_quote,FBS vs FBS
2026-10-06T20:35:54Z,f513c11a62ce92d74d70cf446e92e197,2026-10-10T20:00:00Z,East Carolina Pirates,Rice Owls,betrivers,BetRivers,2026-10-06T20:35:40Z,2026-10-06T20:35:40Z,Rice Owls,9.5,-107.0,2026,2026-10-06T20:35:54Z,1647,1.132824581965681,-1.7132169014516783,5.346041483417359,9091a0b7e14eff9f94f7c6bbd29b6e9d5a25a74a6e5a4c99a99d5af04e10935e,timestamped_live_quote,FBS vs FBS
2026-10-06T20:35:54Z,0dd06b09349f56ce8dfc2d61d5fcd042,2026-10-10T20:15:00Z,Arkansas Razorbacks,Tennessee Volunteers,fanduel,FanDuel,2026-10-06T20:35:39Z,2026-10-06T20:35:39Z,Arkansas Razorbacks,13.5,-110.0,2026,2026-10-06T20:35:54Z,1647,0.6864039564591391,13.88326522808175,-10.69686127162261,9091a0b7e14eff9f94f7c6bbd29b6e9d5a25a74a6e5a4c99a99d5af04e10935e,timestamped_live_quote,FBS vs FBS
2026-10-06T20:35:54Z,0dd06b09349f56ce8dfc2d61d5fcd042,2026-10-10T20:15:00Z,Arkansas Razorbacks,Tennessee Volunteers,fanduel,FanDuel,2026-10-06T20:35:39Z,2026-10-06T20:35:39Z,Tennessee Volunteers,-13.5,-110.0,2026,2026-10-06T20:35:54Z,1647,0.6864039564591391,13.88326522808175,-10.69686127162261,9091a0b7e14eff9f94f7c6bbd29b6e9d5a25a74a6e5a4c99a99d5af04e10935e,timestamped_live_quote,FBS vs FBS
2026-10-06T20:35:54Z,0dd06b09349f56ce8dfc2d61d5fcd042,2026-10-10T20:15:00Z,Arkansas Razorbacks,Tennessee Volunteers,betrivers,BetRivers,2026-10-06T20:35:40Z,2026-10-06T20:35:40Z,Arkansas Razorbacks,13.5,-110.0,2026,2026-10-06T20:35:54Z,1647,0.6864039564591391,13.88326522808175,-10.69686127162261,9091a0b7e14eff9f94f7c6bbd29b6e9d5a25a74a6e5a4c99a99d5af04e10935e,timestamped_live_quote,FBS vs FBS
2026-10-06T20:35:54Z,0dd06b09349f56ce8dfc2d61d5fcd042,2026-10-10T20:15:00Z,Arkansas Razorbacks,Tennessee Volunteers,betrivers,BetRivers,2026-10-06T20:35:40Z,2026-10-06T20:35:40Z,Tennessee Volunteers,-13.5,-113.0,2026,2026-10-06T20:35:54Z,1647,0.6864039564591391,13.88326522808175,-10.69686127162261,9091a0b7e14eff9f94f7c6bbd29b6e9d5a25a74a6e5a4c99a99d5af04e10935e,timestamped_live_quote,FBS vs FBS
2026-10-06T20:35:54Z,0dd06b09349f56ce8dfc2d61d5fcd042,2026-10-10T20:15:00Z,Arkansas Razorbacks,Tennessee Volunteers,betmgm,BetMGM,2026-10-06T20:35:16Z,2026-10-06T20:35:16Z,Arkansas Razorbacks,13.5,-110.0,2026,2026-10-06T20:35:54Z,1647,0.6864039564591391,13.88326522808175,-10.69686127162261,9091a0b7e14eff9f94f7c6bbd29b6e9d5a25a74a6e5a4c99a99d5af04e10935e,timestamped_live_quote,FBS vs FBS
2026-10-06T20:35:54Z,0dd06b09349f56ce8dfc2d61d5fcd042,2026-10-10T20:15:00Z,Arkansas Razorbacks,Tennessee Volunteers,betmgm,BetMGM,2026-10-06T20:35:16Z,2026-10-06T20:35:16Z,Tennessee Volunteers,-13.5,-108.0,2026,2026-10-06T20:35:54Z,1647,0.6864039564591391,13.88326522808175,-10.69686127162261,9091a0b7e14eff9f94f7c6bbd29b6e9d5a25a74a6e5a4c99a99d5af04e10935e,timestamped_live_quote,FBS vs FBS
2026-10-06T20:35:54Z,0dd06b09349f56ce8dfc2d61d5fcd042,2026-10-10T20:15:00Z,Arkansas Razorbacks,Tennessee Volunteers,draftkings,DraftKings,2026-10-06T20:35:38Z,2026-10-06T20:35:37Z,Arkansas Razorbacks,13.5,-105.0,2026,2026-10-06T20:35:54Z,1647,0.6864039564591391,13.88326522808175,-10.69686127162261,9091a0b7e14eff9f94f7c6bbd29b6e9d5a25a74a6e5a4c99a99d5af04e10935e,timestamped_live_quote,FBS vs FBS
2026-10-06T20:35:54Z,0dd06b09349f56ce8dfc2d61d5fcd042,2026-10-10T20:15:00Z,Arkansas Razorbacks,Tennessee Volunteers,draftkings,DraftKings,2026-10-06T20:35:38Z,2026-10-06T20:35:37Z,Tennessee Volunteers,-13.5,-115.0,2026,2026-10-06T20:35:54Z,1647,0.6864039564591391,13.88326522808175,-10.69686127162261,9091a0b7e14eff9f94f7c6bbd29b6e9d5a25a74a6e5a4c99a99d5af04e10935e,timestamped_live_quote,FBS vs FBS
2026-10-06T20:35:54Z,0dd06b09349f56ce8dfc2d61d5fcd042,2026-10-10T20:15:00Z,Arkansas Razorbacks,Tennessee Volunteers,lowvig,LowVig.ag,2026-10-06T20:35:12Z,2026-10-06T20:35:12Z,Arkansas Razorbacks,13.5,-103.0,2026,2026-10-06T20:35:54Z,1647,0.6864039564591391,13.88326522808175,-10.69686127162261,9091a0b7e14eff9f94f7c6bbd29b6e9d5a25a74a6e5a4c99a99d5af04e10935e,timestamped_live_quote,FBS vs FBS
2026-10-06T20:35:54Z,0dd06b09349f56ce8dfc2d61d5fcd042,2026-10-10T20:15:00Z,Arkansas Razorbacks,Tennessee Volunteers,lowvig,LowVig.ag,2026-10-06T20:35:12Z,2026-10-06T20:35:12Z,Tennessee Volunteers,-13.5,-109.0,2026,2026-10-06T20:35:54Z,1647,0.6864039564591391,13.88326522808175,-10.69686127162261,9091a0b7e14eff9f94f7c6bbd29b6e9d5a25a74a6e5a4c99a99d5af04e10935e,timestamped_live_quote,FBS vs FBS
2026-10-06T20:35:54Z,0dd06b09349f56ce8dfc2d61d5fcd042,2026-10-10T20:15:00Z,Arkansas Razorbacks,Tennessee Volunteers,betonlineag,BetOnline.ag,2026-10-06T20:35:36Z,2026-10-06T20:35:36Z,Arkansas Razorbacks,13.5,-107.0,2026,2026-10-06T20:35:54Z,1647,0.6864039564591391,13.88326522808175,-10.69686127162261,9091a0b7e14eff9f94f7c6bbd29b6e9d5a25a74a6e5a4c99a99d5af04e10935e,timestamped_live_quote,FBS vs FBS
2026-10-06T20:35:54Z,0dd06b09349f56ce8dfc2d61d5fcd042,2026-10-10T20:15:00Z,Arkansas Razorbacks,Tennessee Volunteers,betonlineag,BetOnline.ag,2026-10-06T20:35:36Z,2026-10-06T20:35:36Z,Tennessee Volunteers,-13.5,-113.0,2026,2026-10-06T20:35:54Z,1647,0.6864039564591391,13.88326522808175,-10.69686127162261,9091a0b7e14eff9f94f7c6bbd29b6e9d5a25a74a6e5a4c99a99d5af04e10935e,timestamped_live_quote,FBS vs FBS
2026-10-06T20:35:54Z,0dd06b09349f56ce8dfc2d61d5fcd042,2026-10-10T20:15:00Z,Arkansas Razorbacks,Tennessee Volunteers,mybookieag,MyBookie.ag,2026-10-06T20:35:08Z,2026-10-06T20:35:08Z,Arkansas Razorbacks,13.5,-110.0,2026,2026-10-06T20:35:54Z,1647,0.6864039564591391,13.88326522808175,-10.69686127162261,9091a0b7e14eff9f94f7c6bbd29b6e9d5a25a74a6e5a4c99a99d5af04e10935e,timestamped_live_quote,FBS vs FBS
2026-10-06T20:35:54Z,0dd06b09349f56ce8dfc2d61d5fcd042,2026-10-10T20:15:00Z,Arkansas Razorbacks,Tennessee Volunteers,mybookieag,MyBookie.ag,2026-10-06T20:35:08Z,2026-10-06T20:35:08Z,Tennessee Volunteers,-13.5,-110.0,2026,2026-10-06T20:35:54Z,1647,0.6864039564591391,13.88326522808175,-10.69686127162261,9091a0b7e14eff9f94f7c6bbd29b6e9d5a25a74a6e5a4c99a99d5af04e10935e,timestamped_live_quote,FBS vs FBS
2026-10-06T20:35:54Z,0dd06b09349f56ce8dfc2d61d5fcd042,2026-10-10T20:15:00Z,Arkansas Razorbacks,Tennessee Volunteers,betus,BetUS,2026-10-06T20:35:09Z,2026-10-06T20:35:09Z,Arkansas Razorbacks,13.5,-110.0,2026,2026-10-06T20:35:54Z,1647,0.6864039564591391,13.88326522808175,-10.69686127162261,9091a0b7e14eff9f94f7c6bbd29b6e9d5a25a74a6e5a4c99a99d5af04e10935e,timestamped_live_quote,FBS vs FBS
2026-10-06T20:35:54Z,0dd06b09349f56ce8dfc2d61d5fcd042,2026-10-10T20:15:00Z,Arkansas Razorbacks,Tennessee Volunteers,betus,BetUS,2026-10-06T20:35:09Z,2026-10-06T20:35:09Z,Tennessee Volunteers,-13.5,-110.0,2026,2026-10-06T20:35:54Z,1647,0.6864039564591391,13.88326522808175,-10.69686127162261,9091a0b7e14eff9f94f7c6bbd29b6e9d5a25a74a6e5a4c99a99d5af04e10935e,timestamped_live_quote,FBS vs FBS
2026-10-06T20:35:54Z,0dd06b09349f56ce8dfc2d61d5fcd042,2026-10-10T20:15:00Z,Arkansas Razorbacks,Tennessee Volunteers,bovada,Bovada,2026-10-06T20:34:42Z,2026-10-06T20:34:42Z,Arkansas Razorbacks,13.5,-110.0,2026,2026-10-06T20:35:54Z,1647,0.6864039564591391,13.88326522808175,-10.69686127162261,9091a0b7e14eff9f94f7c6bbd29b6e9d5a25a74a6e5a4c99a99d5af04e10935e,timestamped_live_quote,FBS vs FBS
2026-10-06T20:35:54Z,0dd06b09349f56ce8dfc2d61d5fcd042,2026-10-10T20:15:00Z,Arkansas Razorbacks,Tennessee Volunteers,bovada,Bovada,2026-10-06T20:34:42Z,2026-10-06T20:34:42Z,Tennessee Volunteers,-13.5,-110.0,2026,2026-10-06T20:35:54Z,1647,0.6864039564591391,13.88326522808175,-10.69686127162261,9091a0b7e14eff9f94f7c6bbd29b6e9d5a25a74a6e5a4c99a99d5af04e10935e,timestamped_live_quote,FBS vs FBS
2026-10-06T20:35:54Z,031164b8d704599d8023a3e104f9a6c0,2026-10-10T20:15:00Z,Ohio State Buckeyes,Maryland Terrapins,draftkings,DraftKings,2026-10-06T20:35:38Z,2026-10-06T20:35:37Z,Maryland Terrapins,34.5,-108.0,2026,2026-10-06T20:35:54Z,1647,17.958557694002074,3.4239756750957024,17.03458201890637,9091a0b7e14eff9f94f7c6bbd29b6e9d5a25a74a6e5a4c99a99d5af04e10935e,timestamped_live_quote,FBS vs FBS
2026-10-06T20:35:54Z,031164b8d704599d8023a3e104f9a6c0,2026-10-10T20:15:00Z,Ohio State Buckeyes,Maryland Terrapins,draftkings,DraftKings,2026-10-06T20:35:38Z,2026-10-06T20:35:37Z,Ohio State Buckeyes,-34.5,-112.0,2026,2026-10-06T20:35:54Z,1647,17.958557694002074,3.4239756750957024,17.03458201890637,9091a0b7e14eff9f94f7c6bbd29b6e9d5a25a74a6e5a4c99a99d5af04e10935e,timestamped_live_quote,FBS vs FBS
2026-10-06T20:35:54Z,031164b8d704599d8023a3e104f9a6c0,2026-10-10T20:15:00Z,Ohio State Buckeyes,Maryland Terrapins,fanduel,FanDuel,2026-10-06T20:35:39Z,2026-10-06T20:35:39Z,Maryland Terrapins,34.5,-110.0,2026,2026-10-06T20:35:54Z,1647,17.958557694002074,3.4239756750957024,17.03458201890637,9091a0b7e14eff9f94f7c6bbd29b6e9d5a25a74a6e5a4c99a99d5af04e10935e,timestamped_live_quote,FBS vs FBS
2026-10-06T20:35:54Z,031164b8d704599d8023a3e104f9a6c0,2026-10-10T20:15:00Z,Ohio State Buckeyes,Maryland Terrapins,fanduel,FanDuel,2026-10-06T20:35:39Z,2026-10-06T20:35:39Z,Ohio State Buckeyes,-34.5,-110.0,2026,2026-10-06T20:35:54Z,1647,17.958557694002074,3.4239756750957024,17.03458201890637,9091a0b7e14eff9f94f7c6bbd29b6e9d5a25a74a6e5a4c99a99d5af04e10935e,timestamped_live_quote,FBS vs FBS
2026-10-06T20:35:54Z,031164b8d704599d8023a3e104f9a6c0,2026-10-10T20:15:00Z,Ohio State Buckeyes,Maryland Terrapins,betrivers,BetRivers,2026-10-06T20:35:40Z,2026-10-06T20:35:40Z,Maryland Terrapins,34.5,-114.0,2026,2026-10-06T20:35:54Z,1647,17.958557694002074,3.4239756750957024,17.03458201890637,9091a0b7e14eff9f94f7c6bbd29b6e9d5a25a74a6e5a4c99a99d5af04e10935e,timestamped_live_quote,FBS vs FBS
2026-10-06T20:35:54Z,031164b8d704599d8023a3e104f9a6c0,2026-10-10T20:15:00Z,Ohio State Buckeyes,Maryland Terrapins,betrivers,BetRivers,2026-10-06T20:35:40Z,2026-10-06T20:35:40Z,Ohio State Buckeyes,-34.5,-109.0,2026,2026-10-06T20:35:54Z,1647,17.958557694002074,3.4239756750957024,17.03458201890637,9091a0b7e14eff9f94f7c6bbd29b6e9d5a25a74a6e5a4c99a99d5af04e10935e,timestamped_live_quote,FBS vs FBS
2026-10-06T20:35:54Z,031164b8d704599d8023a3e104f9a6c0,2026-10-10T20:15:00Z,Ohio State Buckeyes,Maryland Terrapins,betmgm,BetMGM,2026-10-06T20:35:16Z,2026-10-06T20:35:16Z,Maryland Terrapins,34.5,-108.0,2026,2026-10-06T20:35:54Z,1647,17.958557694002074,3.4239756750957024,17.03458201890637,9091a0b7e14eff9f94f7c6bbd29b6e9d5a25a74a6e5a4c99a99d5af04e10935e,timestamped_live_quote,FBS vs FBS
2026-10-06T20:35:54Z,031164b8d704599d8023a3e104f9a6c0,2026-10-10T20:15:00Z,Ohio State Buckeyes,Maryland Terrapins,betmgm,BetMGM,2026-10-06T20:35:16Z,2026-10-06T20:35:16Z,Ohio State Buckeyes,-34.5,-110.0,2026,2026-10-06T20:35:54Z,1647,17.958557694002074,3.4239756750957024,17.03458201890637,9091a0b7e14eff9f94f7c6bbd29b6e9d5a25a74a6e5a4c99a99d5af04e10935e,timestamped_live_quote,FBS vs FBS
2026-10-06T20:35:54Z,031164b8d704599d8023a3e104f9a6c0,2026-10-10T20:15:00Z,Ohio State Buckeyes,Maryland Terrapins,lowvig,LowVig.ag,2026-10-06T20:35:12Z,2026-10-06T20:35:12Z,Maryland Terrapins,33.0,109.0,2026,2026-10-06T20:35:54Z,1647,17.958557694002074,3.4239756750957024,17.03458201890637,9091a0b7e14eff9f94f7c6bbd29b6e9d5a25a74a6e5a4c99a99d5af04e10935e,timestamped_live_quote,FBS vs FBS
2026-10-06T20:35:54Z,031164b8d704599d8023a3e104f9a6c0,2026-10-10T20:15:00Z,Ohio State Buckeyes,Maryland Terrapins,lowvig,LowVig.ag,2026-10-06T20:35:12Z,2026-10-06T20:35:12Z,Ohio State Buckeyes,-33.0,-122.0,2026,2026-10-06T20:35:54Z,1647,17.958557694002074,3.4239756750957024,17.03458201890637,9091a0b7e14eff9f94f7c6bbd29b6e9d5a25a74a6e5a4c99a99d5af04e10935e,timestamped_live_quote,FBS vs FBS
2026-10-06T20:35:54Z,031164b8d704599d8023a3e104f9a6c0,2026-10-10T20:15:00Z,Ohio State Buckeyes,Maryland Terrapins,betonlineag,BetOnline.ag,2026-10-06T20:35:36Z,2026-10-06T20:35:36Z,Maryland Terrapins,33.0,105.0,2026,2026-10-06T20:35:54Z,1647,17.958557694002074,3.4239756750957024,17.03458201890637,9091a0b7e14eff9f94f7c6bbd29b6e9d5a25a74a6e5a4c99a99d5af04e10935e,timestamped_live_quote,FBS vs FBS
2026-10-06T20:35:54Z,031164b8d704599d8023a3e104f9a6c0,2026-10-10T20:15:00Z,Ohio State Buckeyes,Maryland Terrapins,betonlineag,BetOnline.ag,2026-10-06T20:35:36Z,2026-10-06T20:35:36Z,Ohio State Buckeyes,-33.0,-125.0,2026,2026-10-06T20:35:54Z,1647,17.958557694002074,3.4239756750957024,17.03458201890637,9091a0b7e14eff9f94f7c6bbd29b6e9d5a25a74a6e5a4c99a99d5af04e10935e,timestamped_live_quote,FBS vs FBS
2026-10-06T20:35:54Z,031164b8d704599d8023a3e104f9a6c0,2026-10-10T20:15:00Z,Ohio State Buckeyes,Maryland Terrapins,bovada,Bovada,2026-10-06T20:34:42Z,2026-10-06T20:34:42Z,Maryland Terrapins,34.5,-110.0,2026,2026-10-06T20:35:54Z,1647,17.958557694002074,3.4239756750957024,17.03458201890637,9091a0b7e14eff9f94f7c6bbd29b6e9d5a25a74a6e5a4c99a99d5af04e10935e,timestamped_live_quote,FBS vs FBS
2026-10-06T20:35:54Z,031164b8d704599d8023a3e104f9a6c0,2026-10-10T20:15:00Z,Ohio State Buckeyes,Maryland Terrapins,bovada,Bovada,2026-10-06T20:34:42Z,2026-10-06T20:34:42Z,Ohio State Buckeyes,-34.5,-110.0,2026,2026-10-06T20:35:54Z,1647,17.958557694002074,3.4239756750957024,17.03458201890637,9091a0b7e14eff9f94f7c6bbd29b6e9d5a25a74a6e5a4c99a99d5af04e10935e,timestamped_live_quote,FBS vs FBS
2026-10-06T20:35:54Z,031164b8d704599d8023a3e104f9a6c0,2026-10-10T20:15:00Z,Ohio State Buckeyes,Maryland Terrapins,betus,BetUS,2026-10-06T20:35:09Z,2026-10-06T20:35:09Z,Maryland Terrapins,34.0,-110.0,2026,2026-10-06T20:35:54Z,1647,17.958557694002074,3.4239756750957024,17.03458201890637,9091a0b7e14eff9f94f7c6bbd29b6e9d5a25a74a6e5a4c99a99d5af04e10935e,timestamped_live_quote,FBS vs FBS
2026-10-06T20:35:54Z,031164b8d704599d8023a3e104f9a6c0,2026-10-10T20:15:00Z,Ohio State Buckeyes,Maryland Terrapins,betus,BetUS,2026-10-06T20:35:09Z,2026-10-06T20:35:09Z,Ohio State Buckeyes,-34.0,-110.0,2026,2026-10-06T20:35:54Z,1647,17.958557694002074,3.4239756750957024,17.03458201890637,9091a0b7e14eff9f94f7c6bbd29b6e9d5a25a74a6e5a4c99a99d5af04e10935e,timestamped_live_quote,FBS vs FBS
2026-10-06T20:35:54Z,6e4d435e9afc8a6db1162d2057d74acb,2026-10-10T22:00:00Z,Oregon State Beavers,San Diego State Aztecs,fanduel,FanDuel,2026-10-06T20:35:39Z,2026-10-06T20:35:39Z,Oregon State Beavers,-14.5,-115.0,2026,2026-10-06T20:35:54Z,1647,10.466194445535182,0.4525463417805794,12.513648103754603,9091a0b7e14eff9f94f7c6bbd29b6e9d5a25a74a6e5a4c99a99d5af04e10935e,timestamped_live_quote,FBS vs FBS
2026-10-06T20:35:54Z,6e4d435e9afc8a6db1162d2057d74acb,2026-10-10T22:00:00Z,Oregon State Beavers,San Diego State Aztecs,fanduel,FanDuel,2026-10-06T20:35:39Z,2026-10-06T20:35:39Z,San Diego State Aztecs,14.5,-105.0,2026,2026-10-06T20:35:54Z,1647,10.466194445535182,0.4525463417805794,12.513648103754603,9091a0b7e14eff9f94f7c6bbd29b6e9d5a25a74a6e5a4c99a99d5af04e10935e,timestamped_live_quote,FBS vs FBS
2026-10-06T20:35:54Z,6e4d435e9afc8a6db1162d2057d74acb,2026-10-10T22:00:00Z,Oregon State Beavers,San Diego State Aztecs,betrivers,BetRivers,2026-10-06T20:35:40Z,2026-10-06T20:35:40Z,Oregon State Beavers,-14.5,-110.0,2026,2026-10-06T20:35:54Z,1647,10.466194445535182,0.4525463417805794,12.513648103754603,9091a0b7e14eff9f94f7c6bbd29b6e9d5a25a74a6e5a4c99a99d5af04e10935e,timestamped_live_quote,FBS vs FBS
2026-10-06T20:35:54Z,6e4d435e9afc8a6db1162d2057d74acb,2026-10-10T22:00:00Z,Oregon State Beavers,San Diego State Aztecs,betrivers,BetRivers,2026-10-06T20:35:40Z,2026-10-06T20:35:40Z,San Diego State Aztecs,14.5,-113.0,2026,2026-10-06T20:35:54Z,1647,10.466194445535182,0.4525463417805794,12.513648103754603,9091a0b7e14eff9f94f7c6bbd29b6e9d5a25a74a6e5a4c99a99d5af04e10935e,timestamped_live_quote,FBS vs FBS
2026-10-06T20:35:54Z,6e4d435e9afc8a6db1162d2057d74acb,2026-10-10T22:00:00Z,Oregon State Beavers,San Diego State Aztecs,betmgm,BetMGM,2026-10-06T20:35:16Z,2026-10-06T20:35:16Z,Oregon State Beavers,-14.5,-110.0,2026,2026-10-06T20:35:54Z,1647,10.466194445535182,0.4525463417805794,12.513648103754603,9091a0b7e14eff9f94f7c6bbd29b6e9d5a25a74a6e5a4c99a99d5af04e10935e,timestamped_live_quote,FBS vs FBS
2026-10-06T20:35:54Z,6e4d435e9afc8a6db1162d2057d74acb,2026-10-10T22:00:00Z,Oregon State Beavers,San Diego State Aztecs,betmgm,BetMGM,2026-10-06T20:35:16Z,2026-10-06T20:35:16Z,San Diego State Aztecs,14.5,-108.0,2026,2026-10-06T20:35:54Z,1647,10.466194445535182,0.4525463417805794,12.513648103754603,9091a0b7e14eff9f94f7c6bbd29b6e9d5a25a74a6e5a4c99a99d5af04e10935e,timestamped_live_quote,FBS vs FBS
2026-10-06T20:35:54Z,6e4d435e9afc8a6db1162d2057d74acb,2026-10-10T22:00:00Z,Oregon State Beavers,San Diego State Aztecs,lowvig,LowVig.ag,2026-10-06T20:35:12Z,2026-10-06T20:35:12Z,Oregon State Beavers,-14.5,-106.0,2026,2026-10-06T20:35:54Z,1647,10.466194445535182,0.4525463417805794,12.513648103754603,9091a0b7e14eff9f94f7c6bbd29b6e9d5a25a74a6e5a4c99a99d5af04e10935e,timestamped_live_quote,FBS vs FBS
2026-10-06T20:35:54Z,6e4d435e9afc8a6db1162d2057d74acb,2026-10-10T22:00:00Z,Oregon State Beavers,San Diego State Aztecs,lowvig,LowVig.ag,2026-10-06T20:35:12Z,2026-10-06T20:35:12Z,San Diego State Aztecs,14.5,-106.0,2026,2026-10-06T20:35:54Z,1647,10.466194445535182,0.4525463417805794,12.513648103754603,9091a0b7e14eff9f94f7c6bbd29b6e9d5a25a74a6e5a4c99a99d5af04e10935e,timestamped_live_quote,FBS vs FBS
2026-10-06T20:35:54Z,6e4d435e9afc8a6db1162d2057d74acb,2026-10-10T22:00:00Z,Oregon State Beavers,San Diego State Aztecs,betonlineag,BetOnline.ag,2026-10-06T20:35:36Z,2026-10-06T20:35:36Z,Oregon State Beavers,-14.5,-110.0,2026,2026-10-06T20:35:54Z,1647,10.466194445535182,0.4525463417805794,12.513648103754603,9091a0b7e14eff9f94f7c6bbd29b6e9d5a25a74a6e5a4c99a99d5af04e10935e,timestamped_live_quote,FBS vs FBS
2026-10-06T20:35:54Z,6e4d435e9afc8a6db1162d2057d74acb,2026-10-10T22:00:00Z,Oregon State Beavers,San Diego State Aztecs,betonlineag,BetOnline.ag,2026-10-06T20:35:36Z,2026-10-06T20:35:36Z,San Diego State Aztecs,14.5,-110.0,2026,2026-10-06T20:35:54Z,1647,10.466194445535182,0.4525463417805794,12.513648103754603,9091a0b7e14eff9f94f7c6bbd29b6e9d5a25a74a6e5a4c99a99d5af04e10935e,timestamped_live_quote,FBS vs FBS
2026-10-06T20:35:54Z,6e4d435e9afc8a6db1162d2057d74acb,2026-10-10T22:00:00Z,Oregon State Beavers,San Diego State Aztecs,draftkings,DraftKings,2026-10-06T20:35:38Z,2026-10-06T20:35:37Z,Oregon State Beavers,-14.5,-110.0,2026,2026-10-06T20:35:54Z,1647,10.466194445535182,0.4525463417805794,12.513648103754603,9091a0b7e14eff9f94f7c6bbd29b6e9d5a25a74a6e5a4c99a99d5af04e10935e,timestamped_live_quote,FBS vs FBS
2026-10-06T20:35:54Z,6e4d435e9afc8a6db1162d2057d74acb,2026-10-10T22:00:00Z,Oregon State Beavers,San Diego State Aztecs,draftkings,DraftKings,2026-10-06T20:35:38Z,2026-10-06T20:35:37Z,San Diego State Aztecs,14.5,-110.0,2026,2026-10-06T20:35:54Z,1647,10.466194445535182,0.4525463417805794,12.513648103754603,9091a0b7e14eff9f94f7c6bbd29b6e9d5a25a74a6e5a4c99a99d5af04e10935e,timestamped_live_quote,FBS vs FBS
2026-10-06T20:35:54Z,6e4d435e9afc8a6db1162d2057d74acb,2026-10-10T22:00:00Z,Oregon State Beavers,San Diego State Aztecs,mybookieag,MyBookie.ag,2026-10-06T20:35:08Z,2026-10-06T20:35:08Z,Oregon State Beavers,-14.5,-110.0,2026,2026-10-06T20:35:54Z,1647,10.466194445535182,0.4525463417805794,12.513648103754603,9091a0b7e14eff9f94f7c6bbd29b6e9d5a25a74a6e5a4c99a99d5af04e10935e,timestamped_live_quote,FBS vs FBS
2026-10-06T20:35:54Z,6e4d435e9afc8a6db1162d2057d74acb,2026-10-10T22:00:00Z,Oregon State Beavers,San Diego State Aztecs,mybookieag,MyBookie.ag,2026-10-06T20:35:08Z,2026-10-06T20:35:08Z,San Diego State Aztecs,14.5,-110.0,2026,2026-10-06T20:35:54Z,1647,10.466194445535182,0.4525463417805794,12.513648103754603,9091a0b7e14eff9f94f7c6bbd29b6e9d5a25a74a6e5a4c99a99d5af04e10935e,timestamped_live_quote,FBS vs FBS
2026-10-06T20:35:54Z,6e4d435e9afc8a6db1162d2057d74acb,2026-10-10T22:00:00Z,Oregon State Beavers,San Diego State Aztecs,betus,BetUS,2026-10-06T20:35:09Z,2026-10-06T20:35:09Z,Oregon State Beavers,-14.5,-110.0,2026,2026-10-06T20:35:54Z,1647,10.466194445535182,0.4525463417805794,12.513648103754603,9091a0b7e14eff9f94f7c6bbd29b6e9d5a25a74a6e5a4c99a99d5af04e10935e,timestamped_live_quote,FBS vs FBS
2026-10-06T20:35:54Z,6e4d435e9afc8a6db1162d2057d74acb,2026-10-10T22:00:00Z,Oregon State Beavers,San Diego State Aztecs,betus,BetUS,2026-10-06T20:35:09Z,2026-10-06T20:35:09Z,San Diego State Aztecs,14.5,-110.0,2026,2026-10-06T20:35:54Z,1647,10.466194445535182,0.4525463417805794,12.513648103754603,9091a0b7e14eff9f94f7c6bbd29b6e9d5a25a74a6e5a4c99a99d5af04e10935e,timestamped_live_quote,FBS vs FBS
2026-10-06T20:35:54Z,6e4d435e9afc8a6db1162d2057d74acb,2026-10-10T22:00:00Z,Oregon State Beavers,San Diego State Aztecs,bovada,Bovada,2026-10-06T20:34:42Z,2026-10-06T20:34:42Z,Oregon State Beavers,-14.5,-110.0,2026,2026-10-06T20:35:54Z,1647,10.466194445535182,0.4525463417805794,12.513648103754603,9091a0b7e14eff9f94f7c6bbd29b6e9d5a25a74a6e5a4c99a99d5af04e10935e,timestamped_live_quote,FBS vs FBS
2026-10-06T20:35:54Z,6e4d435e9afc8a6db1162d2057d74acb,2026-10-10T22:00:00Z,Oregon State Beavers,San Diego State Aztecs,bovada,Bovada,2026-10-06T20:34:42Z,2026-10-06T20:34:42Z,San Diego State Aztecs,14.5,-110.0,2026,2026-10-06T20:35:54Z,1647,10.466194445535182,0.4525463417805794,12.513648103754603,9091a0b7e14eff9f94f7c6bbd29b6e9d5a25a74a6e5a4c99a99d5af04e10935e,timestamped_live_quote,FBS vs FBS
2026-10-06T20:35:54Z,21a7dc0df1a77eb87cc985e844095cf0,2026-10-10T23:00:00Z,Marshall Thundering Herd,Coastal Carolina Chanticleers,draftkings,DraftKings,2026-10-06T20:35:38Z,2026-10-06T20:35:37Z,Coastal Carolina Chanticleers,3.0,-105.0,2026,2026-10-06T20:35:54Z,1647,-4.569105953116954,0.5597831153329852,-2.628889068449939,9091a0b7e14eff9f94f7c6bbd29b6e9d5a25a74a6e5a4c99a99d5af04e10935e,timestamped_live_quote,FBS vs FBS
2026-10-06T20:35:54Z,21a7dc0df1a77eb87cc985e844095cf0,2026-10-10T23:00:00Z,Marshall Thundering Herd,Coastal Carolina Chanticleers,draftkings,DraftKings,2026-10-06T20:35:38Z,2026-10-06T20:35:37Z,Marshall Thundering Herd,-3.0,-115.0,2026,2026-10-06T20:35:54Z,1647,-4.569105953116954,0.5597831153329852,-2.628889068449939,9091a0b7e14eff9f94f7c6bbd29b6e9d5a25a74a6e5a4c99a99d5af04e10935e,timestamped_live_quote,FBS vs FBS
2026-10-06T20:35:54Z,21a7dc0df1a77eb87cc985e844095cf0,2026-10-10T23:00:00Z,Marshall Thundering Herd,Coastal Carolina Chanticleers,fanduel,FanDuel,2026-10-06T20:35:39Z,2026-10-06T20:35:39Z,Coastal Carolina Chanticleers,2.5,-104.0,2026,2026-10-06T20:35:54Z,1647,-4.569105953116954,0.5597831153329852,-2.628889068449939,9091a0b7e14eff9f94f7c6bbd29b6e9d5a25a74a6e5a4c99a99d5af04e10935e,timestamped_live_quote,FBS vs FBS
2026-10-06T20:35:54Z,21a7dc0df1a77eb87cc985e844095cf0,2026-10-10T23:00:00Z,Marshall Thundering Herd,Coastal Carolina Chanticleers,fanduel,FanDuel,2026-10-06T20:35:39Z,2026-10-06T20:35:39Z,Marshall Thundering Herd,-2.5,-118.0,2026,2026-10-06T20:35:54Z,1647,-4.569105953116954,0.5597831153329852,-2.628889068449939,9091a0b7e14eff9f94f7c6bbd29b6e9d5a25a74a6e5a4c99a99d5af04e10935e,timestamped_live_quote,FBS vs FBS
2026-10-06T20:35:54Z,21a7dc0df1a77eb87cc985e844095cf0,2026-10-10T23:00:00Z,Marshall Thundering Herd,Coastal Carolina Chanticleers,lowvig,LowVig.ag,2026-10-06T20:35:12Z,2026-10-06T20:35:12Z,Coastal Carolina Chanticleers,3.0,-101.0,2026,2026-10-06T20:35:54Z,1647,-4.569105953116954,0.5597831153329852,-2.628889068449939,9091a0b7e14eff9f94f7c6bbd29b6e9d5a25a74a6e5a4c99a99d5af04e10935e,timestamped_live_quote,FBS vs FBS
2026-10-06T20:35:54Z,21a7dc0df1a77eb87cc985e844095cf0,2026-10-10T23:00:00Z,Marshall Thundering Herd,Coastal Carolina Chanticleers,lowvig,LowVig.ag,2026-10-06T20:35:12Z,2026-10-06T20:35:12Z,Marshall Thundering Herd,-3.0,-111.0,2026,2026-10-06T20:35:54Z,1647,-4.569105953116954,0.5597831153329852,-2.628889068449939,9091a0b7e14eff9f94f7c6bbd29b6e9d5a25a74a6e5a4c99a99d5af04e10935e,timestamped_live_quote,FBS vs FBS
2026-10-06T20:35:54Z,21a7dc0df1a77eb87cc985e844095cf0,2026-10-10T23:00:00Z,Marshall Thundering Herd,Coastal Carolina Chanticleers,betonlineag,BetOnline.ag,2026-10-06T20:35:36Z,2026-10-06T20:35:36Z,Coastal Carolina Chanticleers,3.0,-105.0,2026,2026-10-06T20:35:54Z,1647,-4.569105953116954,0.5597831153329852,-2.628889068449939,9091a0b7e14eff9f94f7c6bbd29b6e9d5a25a74a6e5a4c99a99d5af04e10935e,timestamped_live_quote,FBS vs FBS
2026-10-06T20:35:54Z,21a7dc0df1a77eb87cc985e844095cf0,2026-10-10T23:00:00Z,Marshall Thundering Herd,Coastal Carolina Chanticleers,betonlineag,BetOnline.ag,2026-10-06T20:35:36Z,2026-10-06T20:35:36Z,Marshall Thundering Herd,-3.0,-115.0,2026,2026-10-06T20:35:54Z,1647,-4.569105953116954,0.5597831153329852,-2.628889068449939,9091a0b7e14eff9f94f7c6bbd29b6e9d5a25a74a6e5a4c99a99d5af04e10935e,timestamped_live_quote,FBS vs FBS
2026-10-06T20:35:54Z,21a7dc0df1a77eb87cc985e844095cf0,2026-10-10T23:00:00Z,Marshall Thundering Herd,Coastal Carolina Chanticleers,betrivers,BetRivers,2026-10-06T20:35:40Z,2026-10-06T20:35:40Z,Coastal Carolina Chanticleers,3.0,-110.0,2026,2026-10-06T20:35:54Z,1647,-4.569105953116954,0.5597831153329852,-2.628889068449939,9091a0b7e14eff9f94f7c6bbd29b6e9d5a25a74a6e5a4c99a99d5af04e10935e,timestamped_live_quote,FBS vs FBS
2026-10-06T20:35:54Z,21a7dc0df1a77eb87cc985e844095cf0,2026-10-10T23:00:00Z,Marshall Thundering Herd,Coastal Carolina Chanticleers,betrivers,BetRivers,2026-10-06T20:35:40Z,2026-10-06T20:35:40Z,Marshall Thundering Herd,-3.0,-112.0,2026,2026-10-06T20:35:54Z,1647,-4.569105953116954,0.5597831153329852,-2.628889068449939,9091a0b7e14eff9f94f7c6bbd29b6e9d5a25a74a6e5a4c99a99d5af04e10935e,timestamped_live_quote,FBS vs FBS
2026-10-06T20:35:54Z,21a7dc0df1a77eb87cc985e844095cf0,2026-10-10T23:00:00Z,Marshall Thundering Herd,Coastal Carolina Chanticleers,betmgm,BetMGM,2026-10-06T20:35:16Z,2026-10-06T20:35:16Z,Coastal Carolina Chanticleers,3.0,-110.0,2026,2026-10-06T20:35:54Z,1647,-4.569105953116954,0.5597831153329852,-2.628889068449939,9091a0b7e14eff9f94f7c6bbd29b6e9d5a25a74a6e5a4c99a99d5af04e10935e,timestamped_live_quote,FBS vs FBS
2026-10-06T20:35:54Z,21a7dc0df1a77eb87cc985e844095cf0,2026-10-10T23:00:00Z,Marshall Thundering Herd,Coastal Carolina Chanticleers,betmgm,BetMGM,2026-10-06T20:35:16Z,2026-10-06T20:35:16Z,Marshall Thundering Herd,-3.0,-108.0,2026,2026-10-06T20:35:54Z,1647,-4.569105953116954,0.5597831153329852,-2.628889068449939,9091a0b7e14eff9f94f7c6bbd29b6e9d5a25a74a6e5a4c99a99d5af04e10935e,timestamped_live_quote,FBS vs FBS
2026-10-06T20:35:54Z,21a7dc0df1a77eb87cc985e844095cf0,2026-10-10T23:00:00Z,Marshall Thundering Herd,Coastal Carolina Chanticleers,mybookieag,MyBookie.ag,2026-10-06T20:35:08Z,2026-10-06T20:35:08Z,Coastal Carolina Chanticleers,3.0,-110.0,2026,2026-10-06T20:35:54Z,1647,-4.569105953116954,0.5597831153329852,-2.628889068449939,9091a0b7e14eff9f94f7c6bbd29b6e9d5a25a74a6e5a4c99a99d5af04e10935e,timestamped_live_quote,FBS vs FBS
2026-10-06T20:35:54Z,21a7dc0df1a77eb87cc985e844095cf0,2026-10-10T23:00:00Z,Marshall Thundering Herd,Coastal Carolina Chanticleers,mybookieag,MyBookie.ag,2026-10-06T20:35:08Z,2026-10-06T20:35:08Z,Marshall Thundering Herd,-3.0,-110.0,2026,2026-10-06T20:35:54Z,1647,-4.569105953116954,0.5597831153329852,-2.628889068449939,9091a0b7e14eff9f94f7c6bbd29b6e9d5a25a74a6e5a4c99a99d5af04e10935e,timestamped_live_quote,FBS vs FBS
2026-10-06T20:35:54Z,21a7dc0df1a77eb87cc985e844095cf0,2026-10-10T23:00:00Z,Marshall Thundering Herd,Coastal Carolina Chanticleers,betus,BetUS,2026-10-06T20:35:09Z,2026-10-06T20:35:09Z,Coastal Carolina Chanticleers,3.0,-105.0,2026,2026-10-06T20:35:54Z,1647,-4.569105953116954,0.5597831153329852,-2.628889068449939,9091a0b7e14eff9f94f7c6bbd29b6e9d5a25a74a6e5a4c99a99d5af04e10935e,timestamped_live_quote,FBS vs FBS
2026-10-06T20:35:54Z,21a7dc0df1a77eb87cc985e844095cf0,2026-10-10T23:00:00Z,Marshall Thundering Herd,Coastal Carolina Chanticleers,betus,BetUS,2026-10-06T20:35:09Z,2026-10-06T20:35:09Z,Marshall Thundering Herd,-3.0,-115.0,2026,2026-10-06T20:35:54Z,1647,-4.569105953116954,0.5597831153329852,-2.628889068449939,9091a0b7e14eff9f94f7c6bbd29b6e9d5a25a74a6e5a4c99a99d5af04e10935e,timestamped_live_quote,FBS vs FBS
2026-10-06T20:35:54Z,21a7dc0df1a77eb87cc985e844095cf0,2026-10-10T23:00:00Z,Marshall Thundering Herd,Coastal Carolina Chanticleers,bovada,Bovada,2026-10-06T20:34:42Z,2026-10-06T20:34:42Z,Coastal Carolina Chanticleers,3.0,-110.0,2026,2026-10-06T20:35:54Z,1647,-4.569105953116954,0.5597831153329852,-2.628889068449939,9091a0b7e14eff9f94f7c6bbd29b6e9d5a25a74a6e5a4c99a99d5af04e10935e,timestamped_live_quote,FBS vs FBS
2026-10-06T20:35:54Z,21a7dc0df1a77eb87cc985e844095cf0,2026-10-10T23:00:00Z,Marshall Thundering Herd,Coastal Carolina Chanticleers,bovada,Bovada,2026-10-06T20:34:42Z,2026-10-06T20:34:42Z,Marshall Thundering Herd,-3.0,-110.0,2026,2026-10-06T20:35:54Z,1647,-4.569105953116954,0.5597831153329852,-2.628889068449939,9091a0b7e14eff9f94f7c6bbd29b6e9d5a25a74a6e5a4c99a99d5af04e10935e,timestamped_live_quote,FBS vs FBS
2026-10-06T20:35:54Z,bdfaffbf5873812f3e04de2cbd273aa6,2026-10-10T23:00:00Z,Kentucky Wildcats,LSU Tigers,draftkings,DraftKings,2026-10-06T20:35:38Z,2026-10-06T20:35:37Z,Kentucky Wildcats,8.5,-108.0,2026,2026-10-06T20:35:54Z,1647,9.385063049366455,17.296794909596446,-5.411731860229992,9091a0b7e14eff9f94f7c6bbd29b6e9d5a25a74a6e5a4c99a99d5af04e10935e,timestamped_live_quote,FBS vs FBS
2026-10-06T20:35:54Z,bdfaffbf5873812f3e04de2cbd273aa6,2026-10-10T23:00:00Z,Kentucky Wildcats,LSU Tigers,draftkings,DraftKings,2026-10-06T20:35:38Z,2026-10-06T20:35:37Z,LSU Tigers,-8.5,-112.0,2026,2026-10-06T20:35:54Z,1647,9.385063049366455,17.296794909596446,-5.411731860229992,9091a0b7e14eff9f94f7c6bbd29b6e9d5a25a74a6e5a4c99a99d5af04e10935e,timestamped_live_quote,FBS vs FBS
2026-10-06T20:35:54Z,bdfaffbf5873812f3e04de2cbd273aa6,2026-10-10T23:00:00Z,Kentucky Wildcats,LSU Tigers,betrivers,BetRivers,2026-10-06T20:35:40Z,2026-10-06T20:35:40Z,Kentucky Wildcats,9.0,-112.0,2026,2026-10-06T20:35:54Z,1647,9.385063049366455,17.296794909596446,-5.411731860229992,9091a0b7e14eff9f94f7c6bbd29b6e9d5a25a74a6e5a4c99a99d5af04e10935e,timestamped_live_quote,FBS vs FBS
2026-10-06T20:35:54Z,bdfaffbf5873812f3e04de2cbd273aa6,2026-10-10T23:00:00Z,Kentucky Wildcats,LSU Tigers,betrivers,BetRivers,2026-10-06T20:35:40Z,2026-10-06T20:35:40Z,LSU Tigers,-9.0,-112.0,2026,2026-10-06T20:35:54Z,1647,9.385063049366455,17.296794909596446,-5.411731860229992,9091a0b7e14eff9f94f7c6bbd29b6e9d5a25a74a6e5a4c99a99d5af04e10935e,timestamped_live_quote,FBS vs FBS
2026-10-06T20:35:54Z,bdfaffbf5873812f3e04de2cbd273aa6,2026-10-10T23:00:00Z,Kentucky Wildcats,LSU Tigers,mybookieag,MyBookie.ag,2026-10-06T20:35:08Z,2026-10-06T20:35:08Z,Kentucky Wildcats,8.5,-110.0,2026,2026-10-06T20:35:54Z,1647,9.385063049366455,17.296794909596446,-5.411731860229992,9091a0b7e14eff9f94f7c6bbd29b6e9d5a25a74a6e5a4c99a99d5af04e10935e,timestamped_live_quote,FBS vs FBS
2026-10-06T20:35:54Z,bdfaffbf5873812f3e04de2cbd273aa6,2026-10-10T23:00:00Z,Kentucky Wildcats,LSU Tigers,mybookieag,MyBookie.ag,2026-10-06T20:35:08Z,2026-10-06T20:35:08Z,LSU Tigers,-8.5,-110.0,2026,2026-10-06T20:35:54Z,1647,9.385063049366455,17.296794909596446,-5.411731860229992,9091a0b7e14eff9f94f7c6bbd29b6e9d5a25a74a6e5a4c99a99d5af04e10935e,timestamped_live_quote,FBS vs FBS
2026-10-06T20:35:54Z,bdfaffbf5873812f3e04de2cbd273aa6,2026-10-10T23:00:00Z,Kentucky Wildcats,LSU Tigers,fanduel,FanDuel,2026-10-06T20:35:39Z,2026-10-06T20:35:39Z,Kentucky Wildcats,9.5,-112.0,2026,2026-10-06T20:35:54Z,1647,9.385063049366455,17.296794909596446,-5.411731860229992,9091a0b7e14eff9f94f7c6bbd29b6e9d5a25a74a6e5a4c99a99d5af04e10935e,timestamped_live_quote,FBS vs FBS
2026-10-06T20:35:54Z,bdfaffbf5873812f3e04de2cbd273aa6,2026-10-10T23:00:00Z,Kentucky Wildcats,LSU Tigers,fanduel,FanDuel,2026-10-06T20:35:39Z,2026-10-06T20:35:39Z,LSU Tigers,-9.5,-108.0,2026,2026-10-06T20:35:54Z,1647,9.385063049366455,17.296794909596446,-5.411731860229992,9091a0b7e14eff9f94f7c6bbd29b6e9d5a25a74a6e5a4c99a99d5af04e10935e,timestamped_live_quote,FBS vs FBS
2026-10-06T20:35:54Z,bdfaffbf5873812f3e04de2cbd273aa6,2026-10-10T23:00:00Z,Kentucky Wildcats,LSU Tigers,betonlineag,BetOnline.ag,2026-10-06T20:35:36Z,2026-10-06T20:35:36Z,Kentucky Wildcats,9.0,-115.0,2026,2026-10-06T20:35:54Z,1647,9.385063049366455,17.296794909596446,-5.411731860229992,9091a0b7e14eff9f94f7c6bbd29b6e9d5a25a74a6e5a4c99a99d5af04e10935e,timestamped_live_quote,FBS vs FBS
2026-10-06T20:35:54Z,bdfaffbf5873812f3e04de2cbd273aa6,2026-10-10T23:00:00Z,Kentucky Wildcats,LSU Tigers,betonlineag,BetOnline.ag,2026-10-06T20:35:36Z,2026-10-06T20:35:36Z,LSU Tigers,-9.0,-105.0,2026,2026-10-06T20:35:54Z,1647,9.385063049366455,17.296794909596446,-5.411731860229992,9091a0b7e14eff9f94f7c6bbd29b6e9d5a25a74a6e5a4c99a99d5af04e10935e,timestamped_live_quote,FBS vs FBS
2026-10-06T20:35:54Z,bdfaffbf5873812f3e04de2cbd273aa6,2026-10-10T23:00:00Z,Kentucky Wildcats,LSU Tigers,lowvig,LowVig.ag,2026-10-06T20:35:12Z,2026-10-06T20:35:12Z,Kentucky Wildcats,9.0,-111.0,2026,2026-10-06T20:35:54Z,1647,9.385063049366455,17.296794909596446,-5.411731860229992,9091a0b7e14eff9f94f7c6bbd29b6e9d5a25a74a6e5a4c99a99d5af04e10935e,timestamped_live_quote,FBS vs FBS
2026-10-06T20:35:54Z,bdfaffbf5873812f3e04de2cbd273aa6,2026-10-10T23:00:00Z,Kentucky Wildcats,LSU Tigers,lowvig,LowVig.ag,2026-10-06T20:35:12Z,2026-10-06T20:35:12Z,LSU Tigers,-9.0,-101.0,2026,2026-10-06T20:35:54Z,1647,9.385063049366455,17.296794909596446,-5.411731860229992,9091a0b7e14eff9f94f7c6bbd29b6e9d5a25a74a6e5a4c99a99d5af04e10935e,timestamped_live_quote,FBS vs FBS
2026-10-06T20:35:54Z,bdfaffbf5873812f3e04de2cbd273aa6,2026-10-10T23:00:00Z,Kentucky Wildcats,LSU Tigers,betmgm,BetMGM,2026-10-06T20:35:16Z,2026-10-06T20:35:16Z,Kentucky Wildcats,8.5,-110.0,2026,2026-10-06T20:35:54Z,1647,9.385063049366455,17.296794909596446,-5.411731860229992,9091a0b7e14eff9f94f7c6bbd29b6e9d5a25a74a6e5a4c99a99d5af04e10935e,timestamped_live_quote,FBS vs FBS
2026-10-06T20:35:54Z,bdfaffbf5873812f3e04de2cbd273aa6,2026-10-10T23:00:00Z,Kentucky Wildcats,LSU Tigers,betmgm,BetMGM,2026-10-06T20:35:16Z,2026-10-06T20:35:16Z,LSU Tigers,-8.5,-108.0,2026,2026-10-06T20:35:54Z,1647,9.385063049366455,17.296794909596446,-5.411731860229992,9091a0b7e14eff9f94f7c6bbd29b6e9d5a25a74a6e5a4c99a99d5af04e10935e,timestamped_live_quote,FBS vs FBS
2026-10-06T20:35:54Z,bdfaffbf5873812f3e04de2cbd273aa6,2026-10-10T23:00:00Z,Kentucky Wildcats,LSU Tigers,bovada,Bovada,2026-10-06T20:34:42Z,2026-10-06T20:34:42Z,Kentucky Wildcats,8.0,-110.0,2026,2026-10-06T20:35:54Z,1647,9.385063049366455,17.296794909596446,-5.411731860229992,9091a0b7e14eff9f94f7c6bbd29b6e9d5a25a74a6e5a4c99a99d5af04e10935e,timestamped_live_quote,FBS vs FBS
2026-10-06T20:35:54Z,bdfaffbf5873812f3e04de2cbd273aa6,2026-10-10T23:00:00Z,Kentucky Wildcats,LSU Tigers,bovada,Bovada,2026-10-06T20:34:42Z,2026-10-06T20:34:42Z,LSU Tigers,-8.0,-110.0,2026,2026-10-06T20:35:54Z,1647,9.385063049366455,17.296794909596446,-5.411731860229992,9091a0b7e14eff9f94f7c6bbd29b6e9d5a25a74a6e5a4c99a99d5af04e10935e,timestamped_live_quote,FBS vs FBS
2026-10-06T20:35:54Z,bdfaffbf5873812f3e04de2cbd273aa6,2026-10-10T23:00:00Z,Kentucky Wildcats,LSU Tigers,betus,BetUS,2026-10-06T20:35:09Z,2026-10-06T20:35:09Z,Kentucky Wildcats,8.5,-110.0,2026,2026-10-06T20:35:54Z,1647,9.385063049366455,17.296794909596446,-5.411731860229992,9091a0b7e14eff9f94f7c6bbd29b6e9d5a25a74a6e5a4c99a99d5af04e10935e,timestamped_live_quote,FBS vs FBS
2026-10-06T20:35:54Z,bdfaffbf5873812f3e04de2cbd273aa6,2026-10-10T23:00:00Z,Kentucky Wildcats,LSU Tigers,betus,BetUS,2026-10-06T20:35:09Z,2026-10-06T20:35:09Z,LSU Tigers,-8.5,-110.0,2026,2026-10-06T20:35:54Z,1647,9.385063049366455,17.296794909596446,-5.411731860229992,9091a0b7e14eff9f94f7c6bbd29b6e9d5a25a74a6e5a4c99a99d5af04e10935e,timestamped_live_quote,FBS vs FBS
2026-10-06T20:35:54Z,7cc5cec6dac13487c15b70d0f4411ca6,2026-10-10T23:00:00Z,Memphis Tigers,UAB Blazers,draftkings,DraftKings,2026-10-06T20:35:38Z,2026-10-06T20:35:37Z,Memphis Tigers,-14.0,-110.0,2026,2026-10-06T20:35:54Z,1647,9.144516246168434,-0.08276650476593868,11.727282750934373,9091a0b7e14eff9f94f7c6bbd29b6e9d5a25a74a6e5a4c99a99d5af04e10935e,timestamped_live_quote,FBS vs FBS
2026-10-06T20:35:54Z,7cc5cec6dac13487c15b70d0f4411ca6,2026-10-10T23:00:00Z,Memphis Tigers,UAB Blazers,draftkings,DraftKings,2026-10-06T20:35:38Z,2026-10-06T20:35:37Z,UAB Blazers,14.0,-110.0,2026,2026-10-06T20:35:54Z,1647,9.144516246168434,-0.08276650476593868,11.727282750934373,9091a0b7e14eff9f94f7c6bbd29b6e9d5a25a74a6e5a4c99a99d5af04e10935e,timestamped_live_quote,FBS vs FBS
2026-10-06T20:35:54Z,7cc5cec6dac13487c15b70d0f4411ca6,2026-10-10T23:00:00Z,Memphis Tigers,UAB Blazers,fanduel,FanDuel,2026-10-06T20:35:39Z,2026-10-06T20:35:38Z,Memphis Tigers,-14.5,-110.0,2026,2026-10-06T20:35:54Z,1647,9.144516246168434,-0.08276650476593868,11.727282750934373,9091a0b7e14eff9f94f7c6bbd29b6e9d5a25a74a6e5a4c99a99d5af04e10935e,timestamped_live_quote,FBS vs FBS
2026-10-06T20:35:54Z,7cc5cec6dac13487c15b70d0f4411ca6,2026-10-10T23:00:00Z,Memphis Tigers,UAB Blazers,fanduel,FanDuel,2026-10-06T20:35:39Z,2026-10-06T20:35:38Z,UAB Blazers,14.5,-110.0,2026,2026-10-06T20:35:54Z,1647,9.144516246168434,-0.08276650476593868,11.727282750934373,9091a0b7e14eff9f94f7c6bbd29b6e9d5a25a74a6e5a4c99a99d5af04e10935e,timestamped_live_quote,FBS vs FBS
2026-10-06T20:35:54Z,7cc5cec6dac13487c15b70d0f4411ca6,2026-10-10T23:00:00Z,Memphis Tigers,UAB Blazers,betrivers,BetRivers,2026-10-06T20:35:40Z,2026-10-06T20:35:40Z,Memphis Tigers,-14.0,-117.0,2026,2026-10-06T20:35:54Z,1647,9.144516246168434,-0.08276650476593868,11.727282750934373,9091a0b7e14eff9f94f7c6bbd29b6e9d5a25a74a6e5a4c99a99d5af04e10935e,timestamped_live_quote,FBS vs FBS
2026-10-06T20:35:54Z,7cc5cec6dac13487c15b70d0f4411ca6,2026-10-10T23:00:00Z,Memphis Tigers,UAB Blazers,betrivers,BetRivers,2026-10-06T20:35:40Z,2026-10-06T20:35:40Z,UAB Blazers,14.0,-107.0,2026,2026-10-06T20:35:54Z,1647,9.144516246168434,-0.08276650476593868,11.727282750934373,9091a0b7e14eff9f94f7c6bbd29b6e9d5a25a74a6e5a4c99a99d5af04e10935e,timestamped_live_quote,FBS vs FBS
2026-10-06T20:35:54Z,7cc5cec6dac13487c15b70d0f4411ca6,2026-10-10T23:00:00Z,Memphis Tigers,UAB Blazers,lowvig,LowVig.ag,2026-10-06T20:35:12Z,2026-10-06T20:35:12Z,Memphis Tigers,-14.0,-108.0,2026,2026-10-06T20:35:54Z,1647,9.144516246168434,-0.08276650476593868,11.727282750934373,9091a0b7e14eff9f94f7c6bbd29b6e9d5a25a74a6e5a4c99a99d5af04e10935e,timestamped_live_quote,FBS vs FBS
2026-10-06T20:35:54Z,7cc5cec6dac13487c15b70d0f4411ca6,2026-10-10T23:00:00Z,Memphis Tigers,UAB Blazers,lowvig,LowVig.ag,2026-10-06T20:35:12Z,2026-10-06T20:35:12Z,UAB Blazers,14.0,-104.0,2026,2026-10-06T20:35:54Z,1647,9.144516246168434,-0.08276650476593868,11.727282750934373,9091a0b7e14eff9f94f7c6bbd29b6e9d5a25a74a6e5a4c99a99d5af04e10935e,timestamped_live_quote,FBS vs FBS
2026-10-06T20:35:54Z,7cc5cec6dac13487c15b70d0f4411ca6,2026-10-10T23:00:00Z,Memphis Tigers,UAB Blazers,betonlineag,BetOnline.ag,2026-10-06T20:35:36Z,2026-10-06T20:35:36Z,Memphis Tigers,-14.0,-112.0,2026,2026-10-06T20:35:54Z,1647,9.144516246168434,-0.08276650476593868,11.727282750934373,9091a0b7e14eff9f94f7c6bbd29b6e9d5a25a74a6e5a4c99a99d5af04e10935e,timestamped_live_quote,FBS vs FBS
2026-10-06T20:35:54Z,7cc5cec6dac13487c15b70d0f4411ca6,2026-10-10T23:00:00Z,Memphis Tigers,UAB Blazers,betonlineag,BetOnline.ag,2026-10-06T20:35:36Z,2026-10-06T20:35:36Z,UAB Blazers,14.0,-108.0,2026,2026-10-06T20:35:54Z,1647,9.144516246168434,-0.08276650476593868,11.727282750934373,9091a0b7e14eff9f94f7c6bbd29b6e9d5a25a74a6e5a4c99a99d5af04e10935e,timestamped_live_quote,FBS vs FBS
2026-10-06T20:35:54Z,7cc5cec6dac13487c15b70d0f4411ca6,2026-10-10T23:00:00Z,Memphis Tigers,UAB Blazers,betmgm,BetMGM,2026-10-06T20:35:16Z,2026-10-06T20:35:16Z,Memphis Tigers,-14.0,-112.0,2026,2026-10-06T20:35:54Z,1647,9.144516246168434,-0.08276650476593868,11.727282750934373,9091a0b7e14eff9f94f7c6bbd29b6e9d5a25a74a6e5a4c99a99d5af04e10935e,timestamped_live_quote,FBS vs FBS
2026-10-06T20:35:54Z,7cc5cec6dac13487c15b70d0f4411ca6,2026-10-10T23:00:00Z,Memphis Tigers,UAB Blazers,betmgm,BetMGM,2026-10-06T20:35:16Z,2026-10-06T20:35:16Z,UAB Blazers,14.0,-105.0,2026,2026-10-06T20:35:54Z,1647,9.144516246168434,-0.08276650476593868,11.727282750934373,9091a0b7e14eff9f94f7c6bbd29b6e9d5a25a74a6e5a4c99a99d5af04e10935e,timestamped_live_quote,FBS vs FBS
2026-10-06T20:35:54Z,7cc5cec6dac13487c15b70d0f4411ca6,2026-10-10T23:00:00Z,Memphis Tigers,UAB Blazers,mybookieag,MyBookie.ag,2026-10-06T20:35:08Z,2026-10-06T20:35:08Z,Memphis Tigers,-14.0,-110.0,2026,2026-10-06T20:35:54Z,1647,9.144516246168434,-0.08276650476593868,11.727282750934373,9091a0b7e14eff9f94f7c6bbd29b6e9d5a25a74a6e5a4c99a99d5af04e10935e,timestamped_live_quote,FBS vs FBS
2026-10-06T20:35:54Z,7cc5cec6dac13487c15b70d0f4411ca6,2026-10-10T23:00:00Z,Memphis Tigers,UAB Blazers,mybookieag,MyBookie.ag,2026-10-06T20:35:08Z,2026-10-06T20:35:08Z,UAB Blazers,14.0,-110.0,2026,2026-10-06T20:35:54Z,1647,9.144516246168434,-0.08276650476593868,11.727282750934373,9091a0b7e14eff9f94f7c6bbd29b6e9d5a25a74a6e5a4c99a99d5af04e10935e,timestamped_live_quote,FBS vs FBS
2026-10-06T20:35:54Z,7cc5cec6dac13487c15b70d0f4411ca6,2026-10-10T23:00:00Z,Memphis Tigers,UAB Blazers,betus,BetUS,2026-10-06T20:35:09Z,2026-10-06T20:35:09Z,Memphis Tigers,-14.0,-110.0,2026,2026-10-06T20:35:54Z,1647,9.144516246168434,-0.08276650476593868,11.727282750934373,9091a0b7e14eff9f94f7c6bbd29b6e9d5a25a74a6e5a4c99a99d5af04e10935e,timestamped_live_quote,FBS vs FBS
2026-10-06T20:35:54Z,7cc5cec6dac13487c15b70d0f4411ca6,2026-10-10T23:00:00Z,Memphis Tigers,UAB Blazers,betus,BetUS,2026-10-06T20:35:09Z,2026-10-06T20:35:09Z,UAB Blazers,14.0,-110.0,2026,2026-10-06T20:35:54Z,1647,9.144516246168434,-0.08276650476593868,11.727282750934373,9091a0b7e14eff9f94f7c6bbd29b6e9d5a25a74a6e5a4c99a99d5af04e10935e,timestamped_live_quote,FBS vs FBS
2026-10-06T20:35:54Z,7cc5cec6dac13487c15b70d0f4411ca6,2026-10-10T23:00:00Z,Memphis Tigers,UAB Blazers,bovada,Bovada,2026-10-06T20:34:42Z,2026-10-06T20:34:42Z,Memphis Tigers,-14.0,-110.0,2026,2026-10-06T20:35:54Z,1647,9.144516246168434,-0.08276650476593868,11.727282750934373,9091a0b7e14eff9f94f7c6bbd29b6e9d5a25a74a6e5a4c99a99d5af04e10935e,timestamped_live_quote,FBS vs FBS
2026-10-06T20:35:54Z,7cc5cec6dac13487c15b70d0f4411ca6,2026-10-10T23:00:00Z,Memphis Tigers,UAB Blazers,bovada,Bovada,2026-10-06T20:34:42Z,2026-10-06T20:34:42Z,UAB Blazers,14.0,-110.0,2026,2026-10-06T20:35:54Z,1647,9.144516246168434,-0.08276650476593868,11.727282750934373,9091a0b7e14eff9f94f7c6bbd29b6e9d5a25a74a6e5a4c99a99d5af04e10935e,timestamped_live_quote,FBS vs FBS
2026-10-06T20:35:54Z,a3ce49a66d513b6bd1772b8696863ee1,2026-10-10T23:00:00Z,UTEP Miners,Nevada Wolf Pack,draftkings,DraftKings,2026-10-06T20:35:38Z,2026-10-06T20:35:37Z,Nevada Wolf Pack,-9.5,-108.0,2026,2026-10-06T20:35:54Z,1647,-11.115860905981524,1.1164654325499623,-9.732326338531486,9091a0b7e14eff9f94f7c6bbd29b6e9d5a25a74a6e5a4c99a99d5af04e10935e,timestamped_live_quote,FBS vs FBS
2026-10-06T20:35:54Z,a3ce49a66d513b6bd1772b8696863ee1,2026-10-10T23:00:00Z,UTEP Miners,Nevada Wolf Pack,draftkings,DraftKings,2026-10-06T20:35:38Z,2026-10-06T20:35:37Z,UTEP Miners,9.5,-112.0,2026,2026-10-06T20:35:54Z,1647,-11.115860905981524,1.1164654325499623,-9.732326338531486,9091a0b7e14eff9f94f7c6bbd29b6e9d5a25a74a6e5a4c99a99d5af04e10935e,timestamped_live_quote,FBS vs FBS
2026-10-06T20:35:54Z,a3ce49a66d513b6bd1772b8696863ee1,2026-10-10T23:00:00Z,UTEP Miners,Nevada Wolf Pack,lowvig,LowVig.ag,2026-10-06T20:35:12Z,2026-10-06T20:35:12Z,Nevada Wolf Pack,-9.5,-103.0,2026,2026-10-06T20:35:54Z,1647,-11.115860905981524,1.1164654325499623,-9.732326338531486,9091a0b7e14eff9f94f7c6bbd29b6e9d5a25a74a6e5a4c99a99d5af04e10935e,timestamped_live_quote,FBS vs FBS
2026-10-06T20:35:54Z,a3ce49a66d513b6bd1772b8696863ee1,2026-10-10T23:00:00Z,UTEP Miners,Nevada Wolf Pack,lowvig,LowVig.ag,2026-10-06T20:35:12Z,2026-10-06T20:35:12Z,UTEP Miners,9.5,-109.0,2026,2026-10-06T20:35:54Z,1647,-11.115860905981524,1.1164654325499623,-9.732326338531486,9091a0b7e14eff9f94f7c6bbd29b6e9d5a25a74a6e5a4c99a99d5af04e10935e,timestamped_live_quote,FBS vs FBS
2026-10-06T20:35:54Z,a3ce49a66d513b6bd1772b8696863ee1,2026-10-10T23:00:00Z,UTEP Miners,Nevada Wolf Pack,betonlineag,BetOnline.ag,2026-10-06T20:35:36Z,2026-10-06T20:35:36Z,Nevada Wolf Pack,-9.5,-107.0,2026,2026-10-06T20:35:54Z,1647,-11.115860905981524,1.1164654325499623,-9.732326338531486,9091a0b7e14eff9f94f7c6bbd29b6e9d5a25a74a6e5a4c99a99d5af04e10935e,timestamped_live_quote,FBS vs FBS
2026-10-06T20:35:54Z,a3ce49a66d513b6bd1772b8696863ee1,2026-10-10T23:00:00Z,UTEP Miners,Nevada Wolf Pack,betonlineag,BetOnline.ag,2026-10-06T20:35:36Z,2026-10-06T20:35:36Z,UTEP Miners,9.5,-113.0,2026,2026-10-06T20:35:54Z,1647,-11.115860905981524,1.1164654325499623,-9.732326338531486,9091a0b7e14eff9f94f7c6bbd29b6e9d5a25a74a6e5a4c99a99d5af04e10935e,timestamped_live_quote,FBS vs FBS
2026-10-06T20:35:54Z,a3ce49a66d513b6bd1772b8696863ee1,2026-10-10T23:00:00Z,UTEP Miners,Nevada Wolf Pack,fanduel,FanDuel,2026-10-06T20:35:39Z,2026-10-06T20:35:39Z,Nevada Wolf Pack,-8.5,-105.0,2026,2026-10-06T20:35:54Z,1647,-11.115860905981524,1.1164654325499623,-9.732326338531486,9091a0b7e14eff9f94f7c6bbd29b6e9d5a25a74a6e5a4c99a99d5af04e10935e,timestamped_live_quote,FBS vs FBS
2026-10-06T20:35:54Z,a3ce49a66d513b6bd1772b8696863ee1,2026-10-10T23:00:00Z,UTEP Miners,Nevada Wolf Pack,fanduel,FanDuel,2026-10-06T20:35:39Z,2026-10-06T20:35:39Z,UTEP Miners,8.5,-115.0,2026,2026-10-06T20:35:54Z,1647,-11.115860905981524,1.1164654325499623,-9.732326338531486,9091a0b7e14eff9f94f7c6bbd29b6e9d5a25a74a6e5a4c99a99d5af04e10935e,timestamped_live_quote,FBS vs FBS
2026-10-06T20:35:54Z,a3ce49a66d513b6bd1772b8696863ee1,2026-10-10T23:00:00Z,UTEP Miners,Nevada Wolf Pack,betmgm,BetMGM,2026-10-06T20:35:16Z,2026-10-06T20:35:16Z,Nevada Wolf Pack,-8.5,-108.0,2026,2026-10-06T20:35:54Z,1647,-11.115860905981524,1.1164654325499623,-9.732326338531486,9091a0b7e14eff9f94f7c6bbd29b6e9d5a25a74a6e5a4c99a99d5af04e10935e,timestamped_live_quote,FBS vs FBS
2026-10-06T20:35:54Z,a3ce49a66d513b6bd1772b8696863ee1,2026-10-10T23:00:00Z,UTEP Miners,Nevada Wolf Pack,betmgm,BetMGM,2026-10-06T20:35:16Z,2026-10-06T20:35:16Z,UTEP Miners,8.5,-110.0,2026,2026-10-06T20:35:54Z,1647,-11.115860905981524,1.1164654325499623,-9.732326338531486,9091a0b7e14eff9f94f7c6bbd29b6e9d5a25a74a6e5a4c99a99d5af04e10935e,timestamped_live_quote,FBS vs FBS
2026-10-06T20:35:54Z,a3ce49a66d513b6bd1772b8696863ee1,2026-10-10T23:00:00Z,UTEP Miners,Nevada Wolf Pack,mybookieag,MyBookie.ag,2026-10-06T20:35:08Z,2026-10-06T20:35:08Z,Nevada Wolf Pack,-8.5,-110.0,2026,2026-10-06T20:35:54Z,1647,-11.115860905981524,1.1164654325499623,-9.732326338531486,9091a0b7e14eff9f94f7c6bbd29b6e9d5a25a74a6e5a4c99a99d5af04e10935e,timestamped_live_quote,FBS vs FBS
2026-10-06T20:35:54Z,a3ce49a66d513b6bd1772b8696863ee1,2026-10-10T23:00:00Z,UTEP Miners,Nevada Wolf Pack,mybookieag,MyBookie.ag,2026-10-06T20:35:08Z,2026-10-06T20:35:08Z,UTEP Miners,8.5,-110.0,2026,2026-10-06T20:35:54Z,1647,-11.115860905981524,1.1164654325499623,-9.732326338531486,9091a0b7e14eff9f94f7c6bbd29b6e9d5a25a74a6e5a4c99a99d5af04e10935e,timestamped_live_quote,FBS vs FBS
2026-10-06T20:35:54Z,a3ce49a66d513b6bd1772b8696863ee1,2026-10-10T23:00:00Z,UTEP Miners,Nevada Wolf Pack,betus,BetUS,2026-10-06T20:35:09Z,2026-10-06T20:35:09Z,Nevada Wolf Pack,-9.0,-110.0,2026,2026-10-06T20:35:54Z,1647,-11.115860905981524,1.1164654325499623,-9.732326338531486,9091a0b7e14eff9f94f7c6bbd29b6e9d5a25a74a6e5a4c99a99d5af04e10935e,timestamped_live_quote,FBS vs FBS
2026-10-06T20:35:54Z,a3ce49a66d513b6bd1772b8696863ee1,2026-10-10T23:00:00Z,UTEP Miners,Nevada Wolf Pack,betus,BetUS,2026-10-06T20:35:09Z,2026-10-06T20:35:09Z,UTEP Miners,9.0,-110.0,2026,2026-10-06T20:35:54Z,1647,-11.115860905981524,1.1164654325499623,-9.732326338531486,9091a0b7e14eff9f94f7c6bbd29b6e9d5a25a74a6e5a4c99a99d5af04e10935e,timestamped_live_quote,FBS vs FBS
2026-10-06T20:35:54Z,a3ce49a66d513b6bd1772b8696863ee1,2026-10-10T23:00:00Z,UTEP Miners,Nevada Wolf Pack,bovada,Bovada,2026-10-06T20:34:42Z,2026-10-06T20:34:42Z,Nevada Wolf Pack,-9.5,-110.0,2026,2026-10-06T20:35:54Z,1647,-11.115860905981524,1.1164654325499623,-9.732326338531486,9091a0b7e14eff9f94f7c6bbd29b6e9d5a25a74a6e5a4c99a99d5af04e10935e,timestamped_live_quote,FBS vs FBS
2026-10-06T20:35:54Z,a3ce49a66d513b6bd1772b8696863ee1,2026-10-10T23:00:00Z,UTEP Miners,Nevada Wolf Pack,bovada,Bovada,2026-10-06T20:34:42Z,2026-10-06T20:34:42Z,UTEP Miners,9.5,-110.0,2026,2026-10-06T20:35:54Z,1647,-11.115860905981524,1.1164654325499623,-9.732326338531486,9091a0b7e14eff9f94f7c6bbd29b6e9d5a25a74a6e5a4c99a99d5af04e10935e,timestamped_live_quote,FBS vs FBS
2026-10-06T20:35:54Z,a3ce49a66d513b6bd1772b8696863ee1,2026-10-10T23:00:00Z,UTEP Miners,Nevada Wolf Pack,betrivers,BetRivers,2026-10-06T20:35:40Z,2026-10-06T20:35:40Z,Nevada Wolf Pack,-8.5,-110.0,2026,2026-10-06T20:35:54Z,1647,-11.115860905981524,1.1164654325499623,-9.732326338531486,9091a0b7e14eff9f94f7c6bbd29b6e9d5a25a74a6e5a4c99a99d5af04e10935e,timestamped_live_quote,FBS vs FBS
2026-10-06T20:35:54Z,a3ce49a66d513b6bd1772b8696863ee1,2026-10-10T23:00:00Z,UTEP Miners,Nevada Wolf Pack,betrivers,BetRivers,2026-10-06T20:35:40Z,2026-10-06T20:35:40Z,UTEP Miners,8.5,-113.0,2026,2026-10-06T20:35:54Z,1647,-11.115860905981524,1.1164654325499623,-9.732326338531486,9091a0b7e14eff9f94f7c6bbd29b6e9d5a25a74a6e5a4c99a99d5af04e10935e,timestamped_live_quote,FBS vs FBS
2026-10-06T20:35:54Z,4f3a6620c44a51f7b649892be381e0eb,2026-10-10T23:00:00Z,UNLV Rebels,North Dakota State Bison,fanduel,FanDuel,2026-10-06T20:35:39Z,2026-10-06T20:35:39Z,North Dakota State Bison,-3.5,-102.0,2026,2026-10-06T20:35:54Z,1647,1.7542814181243436,11.75450458526745,-7.5002231671431066,9091a0b7e14eff9f94f7c6bbd29b6e9d5a25a74a6e5a4c99a99d5af04e10935e,timestamped_live_quote,FBS vs FBS
2026-10-06T20:35:54Z,4f3a6620c44a51f7b649892be381e0eb,2026-10-10T23:00:00Z,UNLV Rebels,North Dakota State Bison,fanduel,FanDuel,2026-10-06T20:35:39Z,2026-10-06T20:35:39Z,UNLV Rebels,3.5,-120.0,2026,2026-10-06T20:35:54Z,1647,1.7542814181243436,11.75450458526745,-7.5002231671431066,9091a0b7e14eff9f94f7c6bbd29b6e9d5a25a74a6e5a4c99a99d5af04e10935e,timestamped_live_quote,FBS vs FBS
2026-10-06T20:35:54Z,4f3a6620c44a51f7b649892be381e0eb,2026-10-10T23:00:00Z,UNLV Rebels,North Dakota State Bison,lowvig,LowVig.ag,2026-10-06T20:35:12Z,2026-10-06T20:35:12Z,North Dakota State Bison,-3.0,-111.0,2026,2026-10-06T20:35:54Z,1647,1.7542814181243436,11.75450458526745,-7.5002231671431066,9091a0b7e14eff9f94f7c6bbd29b6e9d5a25a74a6e5a4c99a99d5af04e10935e,timestamped_live_quote,FBS vs FBS
2026-10-06T20:35:54Z,4f3a6620c44a51f7b649892be381e0eb,2026-10-10T23:00:00Z,UNLV Rebels,North Dakota State Bison,lowvig,LowVig.ag,2026-10-06T20:35:12Z,2026-10-06T20:35:12Z,UNLV Rebels,3.0,-101.0,2026,2026-10-06T20:35:54Z,1647,1.7542814181243436,11.75450458526745,-7.5002231671431066,9091a0b7e14eff9f94f7c6bbd29b6e9d5a25a74a6e5a4c99a99d5af04e10935e,timestamped_live_quote,FBS vs FBS
2026-10-06T20:35:54Z,4f3a6620c44a51f7b649892be381e0eb,2026-10-10T23:00:00Z,UNLV Rebels,North Dakota State Bison,betonlineag,BetOnline.ag,2026-10-06T20:35:36Z,2026-10-06T20:35:36Z,North Dakota State Bison,-3.0,-115.0,2026,2026-10-06T20:35:54Z,1647,1.7542814181243436,11.75450458526745,-7.5002231671431066,9091a0b7e14eff9f94f7c6bbd29b6e9d5a25a74a6e5a4c99a99d5af04e10935e,timestamped_live_quote,FBS vs FBS
2026-10-06T20:35:54Z,4f3a6620c44a51f7b649892be381e0eb,2026-10-10T23:00:00Z,UNLV Rebels,North Dakota State Bison,betonlineag,BetOnline.ag,2026-10-06T20:35:36Z,2026-10-06T20:35:36Z,UNLV Rebels,3.0,-105.0,2026,2026-10-06T20:35:54Z,1647,1.7542814181243436,11.75450458526745,-7.5002231671431066,9091a0b7e14eff9f94f7c6bbd29b6e9d5a25a74a6e5a4c99a99d5af04e10935e,timestamped_live_quote,FBS vs FBS
2026-10-06T20:35:54Z,4f3a6620c44a51f7b649892be381e0eb,2026-10-10T23:00:00Z,UNLV Rebels,North Dakota State Bison,draftkings,DraftKings,2026-10-06T20:35:38Z,2026-10-06T20:35:37Z,North Dakota State Bison,-3.0,-118.0,2026,2026-10-06T20:35:54Z,1647,1.7542814181243436,11.75450458526745,-7.5002231671431066,9091a0b7e14eff9f94f7c6bbd29b6e9d5a25a74a6e5a4c99a99d5af04e10935e,timestamped_live_quote,FBS vs FBS
2026-10-06T20:35:54Z,4f3a6620c44a51f7b649892be381e0eb,2026-10-10T23:00:00Z,UNLV Rebels,North Dakota State Bison,draftkings,DraftKings,2026-10-06T20:35:38Z,2026-10-06T20:35:37Z,UNLV Rebels,3.0,-102.0,2026,2026-10-06T20:35:54Z,1647,1.7542814181243436,11.75450458526745,-7.5002231671431066,9091a0b7e14eff9f94f7c6bbd29b6e9d5a25a74a6e5a4c99a99d5af04e10935e,timestamped_live_quote,FBS vs FBS
2026-10-06T20:35:54Z,4f3a6620c44a51f7b649892be381e0eb,2026-10-10T23:00:00Z,UNLV Rebels,North Dakota State Bison,betmgm,BetMGM,2026-10-06T20:35:16Z,2026-10-06T20:35:16Z,North Dakota State Bison,-3.0,-120.0,2026,2026-10-06T20:35:54Z,1647,1.7542814181243436,11.75450458526745,-7.5002231671431066,9091a0b7e14eff9f94f7c6bbd29b6e9d5a25a74a6e5a4c99a99d5af04e10935e,timestamped_live_quote,FBS vs FBS
2026-10-06T20:35:54Z,4f3a6620c44a51f7b649892be381e0eb,2026-10-10T23:00:00Z,UNLV Rebels,North Dakota State Bison,betmgm,BetMGM,2026-10-06T20:35:16Z,2026-10-06T20:35:16Z,UNLV Rebels,3.0,-108.0,2026,2026-10-06T20:35:54Z,1647,1.7542814181243436,11.75450458526745,-7.5002231671431066,9091a0b7e14eff9f94f7c6bbd29b6e9d5a25a74a6e5a4c99a99d5af04e10935e,timestamped_live_quote,FBS vs FBS
2026-10-06T20:35:54Z,4f3a6620c44a51f7b649892be381e0eb,2026-10-10T23:00:00Z,UNLV Rebels,North Dakota State Bison,mybookieag,MyBookie.ag,2026-10-06T20:35:08Z,2026-10-06T20:35:08Z,North Dakota State Bison,-3.5,-110.0,2026,2026-10-06T20:35:54Z,1647,1.7542814181243436,11.75450458526745,-7.5002231671431066,9091a0b7e14eff9f94f7c6bbd29b6e9d5a25a74a6e5a4c99a99d5af04e10935e,timestamped_live_quote,FBS vs FBS
2026-10-06T20:35:54Z,4f3a6620c44a51f7b649892be381e0eb,2026-10-10T23:00:00Z,UNLV Rebels,North Dakota State Bison,mybookieag,MyBookie.ag,2026-10-06T20:35:08Z,2026-10-06T20:35:08Z,UNLV Rebels,3.5,-110.0,2026,2026-10-06T20:35:54Z,1647,1.7542814181243436,11.75450458526745,-7.5002231671431066,9091a0b7e14eff9f94f7c6bbd29b6e9d5a25a74a6e5a4c99a99d5af04e10935e,timestamped_live_quote,FBS vs FBS
2026-10-06T20:35:54Z,4f3a6620c44a51f7b649892be381e0eb,2026-10-10T23:00:00Z,UNLV Rebels,North Dakota State Bison,betus,BetUS,2026-10-06T20:35:09Z,2026-10-06T20:35:09Z,North Dakota State Bison,-3.0,-115.0,2026,2026-10-06T20:35:54Z,1647,1.7542814181243436,11.75450458526745,-7.5002231671431066,9091a0b7e14eff9f94f7c6bbd29b6e9d5a25a74a6e5a4c99a99d5af04e10935e,timestamped_live_quote,FBS vs FBS
2026-10-06T20:35:54Z,4f3a6620c44a51f7b649892be381e0eb,2026-10-10T23:00:00Z,UNLV Rebels,North Dakota State Bison,betus,BetUS,2026-10-06T20:35:09Z,2026-10-06T20:35:09Z,UNLV Rebels,3.0,-105.0,2026,2026-10-06T20:35:54Z,1647,1.7542814181243436,11.75450458526745,-7.5002231671431066,9091a0b7e14eff9f94f7c6bbd29b6e9d5a25a74a6e5a4c99a99d5af04e10935e,timestamped_live_quote,FBS vs FBS
2026-10-06T20:35:54Z,4f3a6620c44a51f7b649892be381e0eb,2026-10-10T23:00:00Z,UNLV Rebels,North Dakota State Bison,bovada,Bovada,2026-10-06T20:34:42Z,2026-10-06T20:34:42Z,North Dakota State Bison,-3.0,-115.0,2026,2026-10-06T20:35:54Z,1647,1.7542814181243436,11.75450458526745,-7.5002231671431066,9091a0b7e14eff9f94f7c6bbd29b6e9d5a25a74a6e5a4c99a99d5af04e10935e,timestamped_live_quote,FBS vs FBS
2026-10-06T20:35:54Z,4f3a6620c44a51f7b649892be381e0eb,2026-10-10T23:00:00Z,UNLV Rebels,North Dakota State Bison,bovada,Bovada,2026-10-06T20:34:42Z,2026-10-06T20:34:42Z,UNLV Rebels,3.0,-105.0,2026,2026-10-06T20:35:54Z,1647,1.7542814181243436,11.75450458526745,-7.5002231671431066,9091a0b7e14eff9f94f7c6bbd29b6e9d5a25a74a6e5a4c99a99d5af04e10935e,timestamped_live_quote,FBS vs FBS
2026-10-06T20:35:54Z,4f3a6620c44a51f7b649892be381e0eb,2026-10-10T23:00:00Z,UNLV Rebels,North Dakota State Bison,betrivers,BetRivers,2026-10-06T20:35:40Z,2026-10-06T20:35:40Z,North Dakota State Bison,-3.0,-117.0,2026,2026-10-06T20:35:54Z,1647,1.7542814181243436,11.75450458526745,-7.5002231671431066,9091a0b7e14eff9f94f7c6bbd29b6e9d5a25a74a6e5a4c99a99d5af04e10935e,timestamped_live_quote,FBS vs FBS
2026-10-06T20:35:54Z,4f3a6620c44a51f7b649892be381e0eb,2026-10-10T23:00:00Z,UNLV Rebels,North Dakota State Bison,betrivers,BetRivers,2026-10-06T20:35:40Z,2026-10-06T20:35:40Z,UNLV Rebels,3.0,-107.0,2026,2026-10-06T20:35:54Z,1647,1.7542814181243436,11.75450458526745,-7.5002231671431066,9091a0b7e14eff9f94f7c6bbd29b6e9d5a25a74a6e5a4c99a99d5af04e10935e,timestamped_live_quote,FBS vs FBS
2026-10-06T20:35:54Z,b009edde78bdd184c039f774c1795f95,2026-10-10T23:30:00Z,Northern Illinois Huskies,Air Force Falcons,fanduel,FanDuel,2026-10-06T20:35:39Z,2026-10-06T20:35:39Z,Air Force Falcons,-7.5,-102.0,2026,2026-10-06T20:35:54Z,1647,-5.186447680110702,4.562534258878621,-7.248981938989324,9091a0b7e14eff9f94f7c6bbd29b6e9d5a25a74a6e5a4c99a99d5af04e10935e,timestamped_live_quote,FBS vs FBS
2026-10-06T20:35:54Z,b009edde78bdd184c039f774c1795f95,2026-10-10T23:30:00Z,Northern Illinois Huskies,Air Force Falcons,fanduel,FanDuel,2026-10-06T20:35:39Z,2026-10-06T20:35:39Z,Northern Illinois Huskies,7.5,-120.0,2026,2026-10-06T20:35:54Z,1647,-5.186447680110702,4.562534258878621,-7.248981938989324,9091a0b7e14eff9f94f7c6bbd29b6e9d5a25a74a6e5a4c99a99d5af04e10935e,timestamped_live_quote,FBS vs FBS
2026-10-06T20:35:54Z,b009edde78bdd184c039f774c1795f95,2026-10-10T23:30:00Z,Northern Illinois Huskies,Air Force Falcons,lowvig,LowVig.ag,2026-10-06T20:35:12Z,2026-10-06T20:35:12Z,Air Force Falcons,-7.0,-110.0,2026,2026-10-06T20:35:54Z,1647,-5.186447680110702,4.562534258878621,-7.248981938989324,9091a0b7e14eff9f94f7c6bbd29b6e9d5a25a74a6e5a4c99a99d5af04e10935e,timestamped_live_quote,FBS vs FBS
2026-10-06T20:35:54Z,b009edde78bdd184c039f774c1795f95,2026-10-10T23:30:00Z,Northern Illinois Huskies,Air Force Falcons,lowvig,LowVig.ag,2026-10-06T20:35:12Z,2026-10-06T20:35:12Z,Northern Illinois Huskies,7.0,-102.0,2026,2026-10-06T20:35:54Z,1647,-5.186447680110702,4.562534258878621,-7.248981938989324,9091a0b7e14eff9f94f7c6bbd29b6e9d5a25a74a6e5a4c99a99d5af04e10935e,timestamped_live_quote,FBS vs FBS
2026-10-06T20:35:54Z,b009edde78bdd184c039f774c1795f95,2026-10-10T23:30:00Z,Northern Illinois Huskies,Air Force Falcons,draftkings,DraftKings,2026-10-06T20:35:38Z,2026-10-06T20:35:37Z,Air Force Falcons,-7.5,-108.0,2026,2026-10-06T20:35:54Z,1647,-5.186447680110702,4.562534258878621,-7.248981938989324,9091a0b7e14eff9f94f7c6bbd29b6e9d5a25a74a6e5a4c99a99d5af04e10935e,timestamped_live_quote,FBS vs FBS
2026-10-06T20:35:54Z,b009edde78bdd184c039f774c1795f95,2026-10-10T23:30:00Z,Northern Illinois Huskies,Air Force Falcons,draftkings,DraftKings,2026-10-06T20:35:38Z,2026-10-06T20:35:37Z,Northern Illinois Huskies,7.5,-112.0,2026,2026-10-06T20:35:54Z,1647,-5.186447680110702,4.562534258878621,-7.248981938989324,9091a0b7e14eff9f94f7c6bbd29b6e9d5a25a74a6e5a4c99a99d5af04e10935e,timestamped_live_quote,FBS vs FBS
2026-10-06T20:35:54Z,b009edde78bdd184c039f774c1795f95,2026-10-10T23:30:00Z,Northern Illinois Huskies,Air Force Falcons,betonlineag,BetOnline.ag,2026-10-06T20:35:36Z,2026-10-06T20:35:36Z,Air Force Falcons,-7.0,-114.0,2026,2026-10-06T20:35:54Z,1647,-5.186447680110702,4.562534258878621,-7.248981938989324,9091a0b7e14eff9f94f7c6bbd29b6e9d5a25a74a6e5a4c99a99d5af04e10935e,timestamped_live_quote,FBS vs FBS
2026-10-06T20:35:54Z,b009edde78bdd184c039f774c1795f95,2026-10-10T23:30:00Z,Northern Illinois Huskies,Air Force Falcons,betonlineag,BetOnline.ag,2026-10-06T20:35:36Z,2026-10-06T20:35:36Z,Northern Illinois Huskies,7.0,-106.0,2026,2026-10-06T20:35:54Z,1647,-5.186447680110702,4.562534258878621,-7.248981938989324,9091a0b7e14eff9f94f7c6bbd29b6e9d5a25a74a6e5a4c99a99d5af04e10935e,timestamped_live_quote,FBS vs FBS
2026-10-06T20:35:54Z,b009edde78bdd184c039f774c1795f95,2026-10-10T23:30:00Z,Northern Illinois Huskies,Air Force Falcons,betmgm,BetMGM,2026-10-06T20:35:16Z,2026-10-06T20:35:16Z,Air Force Falcons,-7.5,-105.0,2026,2026-10-06T20:35:54Z,1647,-5.186447680110702,4.562534258878621,-7.248981938989324,9091a0b7e14eff9f94f7c6bbd29b6e9d5a25a74a6e5a4c99a99d5af04e10935e,timestamped_live_quote,FBS vs FBS
2026-10-06T20:35:54Z,b009edde78bdd184c039f774c1795f95,2026-10-10T23:30:00Z,Northern Illinois Huskies,Air Force Falcons,betmgm,BetMGM,2026-10-06T20:35:16Z,2026-10-06T20:35:16Z,Northern Illinois Huskies,7.5,-112.0,2026,2026-10-06T20:35:54Z,1647,-5.186447680110702,4.562534258878621,-7.248981938989324,9091a0b7e14eff9f94f7c6bbd29b6e9d5a25a74a6e5a4c99a99d5af04e10935e,timestamped_live_quote,FBS vs FBS
2026-10-06T20:35:54Z,b009edde78bdd184c039f774c1795f95,2026-10-10T23:30:00Z,Northern Illinois Huskies,Air Force Falcons,mybookieag,MyBookie.ag,2026-10-06T20:35:08Z,2026-10-06T20:35:08Z,Air Force Falcons,-7.5,-110.0,2026,2026-10-06T20:35:54Z,1647,-5.186447680110702,4.562534258878621,-7.248981938989324,9091a0b7e14eff9f94f7c6bbd29b6e9d5a25a74a6e5a4c99a99d5af04e10935e,timestamped_live_quote,FBS vs FBS
2026-10-06T20:35:54Z,b009edde78bdd184c039f774c1795f95,2026-10-10T23:30:00Z,Northern Illinois Huskies,Air Force Falcons,mybookieag,MyBookie.ag,2026-10-06T20:35:08Z,2026-10-06T20:35:08Z,Northern Illinois Huskies,7.5,-110.0,2026,2026-10-06T20:35:54Z,1647,-5.186447680110702,4.562534258878621,-7.248981938989324,9091a0b7e14eff9f94f7c6bbd29b6e9d5a25a74a6e5a4c99a99d5af04e10935e,timestamped_live_quote,FBS vs FBS
2026-10-06T20:35:54Z,b009edde78bdd184c039f774c1795f95,2026-10-10T23:30:00Z,Northern Illinois Huskies,Air Force Falcons,betus,BetUS,2026-10-06T20:35:09Z,2026-10-06T20:35:09Z,Air Force Falcons,-7.0,-115.0,2026,2026-10-06T20:35:54Z,1647,-5.186447680110702,4.562534258878621,-7.248981938989324,9091a0b7e14eff9f94f7c6bbd29b6e9d5a25a74a6e5a4c99a99d5af04e10935e,timestamped_live_quote,FBS vs FBS
2026-10-06T20:35:54Z,b009edde78bdd184c039f774c1795f95,2026-10-10T23:30:00Z,Northern Illinois Huskies,Air Force Falcons,betus,BetUS,2026-10-06T20:35:09Z,2026-10-06T20:35:09Z,Northern Illinois Huskies,7.0,-105.0,2026,2026-10-06T20:35:54Z,1647,-5.186447680110702,4.562534258878621,-7.248981938989324,9091a0b7e14eff9f94f7c6bbd29b6e9d5a25a74a6e5a4c99a99d5af04e10935e,timestamped_live_quote,FBS vs FBS
2026-10-06T20:35:54Z,b009edde78bdd184c039f774c1795f95,2026-10-10T23:30:00Z,Northern Illinois Huskies,Air Force Falcons,bovada,Bovada,2026-10-06T20:34:42Z,2026-10-06T20:34:42Z,Air Force Falcons,-7.5,-105.0,2026,2026-10-06T20:35:54Z,1647,-5.186447680110702,4.562534258878621,-7.248981938989324,9091a0b7e14eff9f94f7c6bbd29b6e9d5a25a74a6e5a4c99a99d5af04e10935e,timestamped_live_quote,FBS vs FBS
2026-10-06T20:35:54Z,b009edde78bdd184c039f774c1795f95,2026-10-10T23:30:00Z,Northern Illinois Huskies,Air Force Falcons,bovada,Bovada,2026-10-06T20:34:42Z,2026-10-06T20:34:42Z,Northern Illinois Huskies,7.5,-115.0,2026,2026-10-06T20:35:54Z,1647,-5.186447680110702,4.562534258878621,-7.248981938989324,9091a0b7e14eff9f94f7c6bbd29b6e9d5a25a74a6e5a4c99a99d5af04e10935e,timestamped_live_quote,FBS vs FBS
2026-10-06T20:35:54Z,b009edde78bdd184c039f774c1795f95,2026-10-10T23:30:00Z,Northern Illinois Huskies,Air Force Falcons,betrivers,BetRivers,2026-10-06T20:35:40Z,2026-10-06T20:35:40Z,Air Force Falcons,-7.0,-117.0,2026,2026-10-06T20:35:54Z,1647,-5.186447680110702,4.562534258878621,-7.248981938989324,9091a0b7e14eff9f94f7c6bbd29b6e9d5a25a74a6e5a4c99a99d5af04e10935e,timestamped_live_quote,FBS vs FBS
2026-10-06T20:35:54Z,b009edde78bdd184c039f774c1795f95,2026-10-10T23:30:00Z,Northern Illinois Huskies,Air Force Falcons,betrivers,BetRivers,2026-10-06T20:35:40Z,2026-10-06T20:35:40Z,Northern Illinois Huskies,7.0,-107.0,2026,2026-10-06T20:35:54Z,1647,-5.186447680110702,4.562534258878621,-7.248981938989324,9091a0b7e14eff9f94f7c6bbd29b6e9d5a25a74a6e5a4c99a99d5af04e10935e,timestamped_live_quote,FBS vs FBS
2026-10-06T20:35:54Z,59f8c98dee8ce77cc17c5b4958e4f325,2026-10-10T23:30:00Z,Alabama Crimson Tide,Georgia Bulldogs,fanduel,FanDuel,2026-10-06T20:35:39Z,2026-10-06T20:35:38Z,Alabama Crimson Tide,-1.5,-110.0,2026,2026-10-06T20:35:54Z,1647,19.94120805439949,20.18271884253243,2.258489211867058,9091a0b7e14eff9f94f7c6bbd29b6e9d5a25a74a6e5a4c99a99d5af04e10935e,timestamped_live_quote,FBS vs FBS
2026-10-06T20:35:54Z,59f8c98dee8ce77cc17c5b4958e4f325,2026-10-10T23:30:00Z,Alabama Crimson Tide,Georgia Bulldogs,fanduel,FanDuel,2026-10-06T20:35:39Z,2026-10-06T20:35:38Z,Georgia Bulldogs,1.5,-110.0,2026,2026-10-06T20:35:54Z,1647,19.94120805439949,20.18271884253243,2.258489211867058,9091a0b7e14eff9f94f7c6bbd29b6e9d5a25a74a6e5a4c99a99d5af04e10935e,timestamped_live_quote,FBS vs FBS
2026-10-06T20:35:54Z,59f8c98dee8ce77cc17c5b4958e4f325,2026-10-10T23:30:00Z,Alabama Crimson Tide,Georgia Bulldogs,betmgm,BetMGM,2026-10-06T20:35:16Z,2026-10-06T20:35:16Z,Alabama Crimson Tide,-2.0,-108.0,2026,2026-10-06T20:35:54Z,1647,19.94120805439949,20.18271884253243,2.258489211867058,9091a0b7e14eff9f94f7c6bbd29b6e9d5a25a74a6e5a4c99a99d5af04e10935e,timestamped_live_quote,FBS vs FBS
2026-10-06T20:35:54Z,59f8c98dee8ce77cc17c5b4958e4f325,2026-10-10T23:30:00Z,Alabama Crimson Tide,Georgia Bulldogs,betmgm,BetMGM,2026-10-06T20:35:16Z,2026-10-06T20:35:16Z,Georgia Bulldogs,2.0,-110.0,2026,2026-10-06T20:35:54Z,1647,19.94120805439949,20.18271884253243,2.258489211867058,9091a0b7e14eff9f94f7c6bbd29b6e9d5a25a74a6e5a4c99a99d5af04e10935e,timestamped_live_quote,FBS vs FBS
2026-10-06T20:35:54Z,59f8c98dee8ce77cc17c5b4958e4f325,2026-10-10T23:30:00Z,Alabama Crimson Tide,Georgia Bulldogs,draftkings,DraftKings,2026-10-06T20:35:38Z,2026-10-06T20:35:37Z,Alabama Crimson Tide,-1.5,-112.0,2026,2026-10-06T20:35:54Z,1647,19.94120805439949,20.18271884253243,2.258489211867058,9091a0b7e14eff9f94f7c6bbd29b6e9d5a25a74a6e5a4c99a99d5af04e10935e,timestamped_live_quote,FBS vs FBS
2026-10-06T20:35:54Z,59f8c98dee8ce77cc17c5b4958e4f325,2026-10-10T23:30:00Z,Alabama Crimson Tide,Georgia Bulldogs,draftkings,DraftKings,2026-10-06T20:35:38Z,2026-10-06T20:35:37Z,Georgia Bulldogs,1.5,-108.0,2026,2026-10-06T20:35:54Z,1647,19.94120805439949,20.18271884253243,2.258489211867058,9091a0b7e14eff9f94f7c6bbd29b6e9d5a25a74a6e5a4c99a99d5af04e10935e,timestamped_live_quote,FBS vs FBS
2026-10-06T20:35:54Z,59f8c98dee8ce77cc17c5b4958e4f325,2026-10-10T23:30:00Z,Alabama Crimson Tide,Georgia Bulldogs,betrivers,BetRivers,2026-10-06T20:35:40Z,2026-10-06T20:35:40Z,Alabama Crimson Tide,-1.0,-114.0,2026,2026-10-06T20:35:54Z,1647,19.94120805439949,20.18271884253243,2.258489211867058,9091a0b7e14eff9f94f7c6bbd29b6e9d5a25a74a6e5a4c99a99d5af04e10935e,timestamped_live_quote,FBS vs FBS
2026-10-06T20:35:54Z,59f8c98dee8ce77cc17c5b4958e4f325,2026-10-10T23:30:00Z,Alabama Crimson Tide,Georgia Bulldogs,betrivers,BetRivers,2026-10-06T20:35:40Z,2026-10-06T20:35:40Z,Georgia Bulldogs,1.0,-109.0,2026,2026-10-06T20:35:54Z,1647,19.94120805439949,20.18271884253243,2.258489211867058,9091a0b7e14eff9f94f7c6bbd29b6e9d5a25a74a6e5a4c99a99d5af04e10935e,timestamped_live_quote,FBS vs FBS
2026-10-06T20:35:54Z,59f8c98dee8ce77cc17c5b4958e4f325,2026-10-10T23:30:00Z,Alabama Crimson Tide,Georgia Bulldogs,mybookieag,MyBookie.ag,2026-10-06T20:35:08Z,2026-10-06T20:35:08Z,Alabama Crimson Tide,-1.5,-110.0,2026,2026-10-06T20:35:54Z,1647,19.94120805439949,20.18271884253243,2.258489211867058,9091a0b7e14eff9f94f7c6bbd29b6e9d5a25a74a6e5a4c99a99d5af04e10935e,timestamped_live_quote,FBS vs FBS
2026-10-06T20:35:54Z,59f8c98dee8ce77cc17c5b4958e4f325,2026-10-10T23:30:00Z,Alabama Crimson Tide,Georgia Bulldogs,mybookieag,MyBookie.ag,2026-10-06T20:35:08Z,2026-10-06T20:35:08Z,Georgia Bulldogs,1.5,-110.0,2026,2026-10-06T20:35:54Z,1647,19.94120805439949,20.18271884253243,2.258489211867058,9091a0b7e14eff9f94f7c6bbd29b6e9d5a25a74a6e5a4c99a99d5af04e10935e,timestamped_live_quote,FBS vs FBS
2026-10-06T20:35:54Z,59f8c98dee8ce77cc17c5b4958e4f325,2026-10-10T23:30:00Z,Alabama Crimson Tide,Georgia Bulldogs,betonlineag,BetOnline.ag,2026-10-06T20:35:36Z,2026-10-06T20:35:36Z,Alabama Crimson Tide,-2.0,-112.0,2026,2026-10-06T20:35:54Z,1647,19.94120805439949,20.18271884253243,2.258489211867058,9091a0b7e14eff9f94f7c6bbd29b6e9d5a25a74a6e5a4c99a99d5af04e10935e,timestamped_live_quote,FBS vs FBS
2026-10-06T20:35:54Z,59f8c98dee8ce77cc17c5b4958e4f325,2026-10-10T23:30:00Z,Alabama Crimson Tide,Georgia Bulldogs,betonlineag,BetOnline.ag,2026-10-06T20:35:36Z,2026-10-06T20:35:36Z,Georgia Bulldogs,2.0,-108.0,2026,2026-10-06T20:35:54Z,1647,19.94120805439949,20.18271884253243,2.258489211867058,9091a0b7e14eff9f94f7c6bbd29b6e9d5a25a74a6e5a4c99a99d5af04e10935e,timestamped_live_quote,FBS vs FBS
2026-10-06T20:35:54Z,59f8c98dee8ce77cc17c5b4958e4f325,2026-10-10T23:30:00Z,Alabama Crimson Tide,Georgia Bulldogs,lowvig,LowVig.ag,2026-10-06T20:35:12Z,2026-10-06T20:35:12Z,Alabama Crimson Tide,-2.0,-108.0,2026,2026-10-06T20:35:54Z,1647,19.94120805439949,20.18271884253243,2.258489211867058,9091a0b7e14eff9f94f7c6bbd29b6e9d5a25a74a6e5a4c99a99d5af04e10935e,timestamped_live_quote,FBS vs FBS
2026-10-06T20:35:54Z,59f8c98dee8ce77cc17c5b4958e4f325,2026-10-10T23:30:00Z,Alabama Crimson Tide,Georgia Bulldogs,lowvig,LowVig.ag,2026-10-06T20:35:12Z,2026-10-06T20:35:12Z,Georgia Bulldogs,2.0,-104.0,2026,2026-10-06T20:35:54Z,1647,19.94120805439949,20.18271884253243,2.258489211867058,9091a0b7e14eff9f94f7c6bbd29b6e9d5a25a74a6e5a4c99a99d5af04e10935e,timestamped_live_quote,FBS vs FBS
2026-10-06T20:35:54Z,59f8c98dee8ce77cc17c5b4958e4f325,2026-10-10T23:30:00Z,Alabama Crimson Tide,Georgia Bulldogs,betus,BetUS,2026-10-06T20:35:09Z,2026-10-06T20:35:09Z,Alabama Crimson Tide,-2.0,-110.0,2026,2026-10-06T20:35:54Z,1647,19.94120805439949,20.18271884253243,2.258489211867058,9091a0b7e14eff9f94f7c6bbd29b6e9d5a25a74a6e5a4c99a99d5af04e10935e,timestamped_live_quote,FBS vs FBS
2026-10-06T20:35:54Z,59f8c98dee8ce77cc17c5b4958e4f325,2026-10-10T23:30:00Z,Alabama Crimson Tide,Georgia Bulldogs,betus,BetUS,2026-10-06T20:35:09Z,2026-10-06T20:35:09Z,Georgia Bulldogs,2.0,-110.0,2026,2026-10-06T20:35:54Z,1647,19.94120805439949,20.18271884253243,2.258489211867058,9091a0b7e14eff9f94f7c6bbd29b6e9d5a25a74a6e5a4c99a99d5af04e10935e,timestamped_live_quote,FBS vs FBS
2026-10-06T20:35:54Z,59f8c98dee8ce77cc17c5b4958e4f325,2026-10-10T23:30:00Z,Alabama Crimson Tide,Georgia Bulldogs,bovada,Bovada,2026-10-06T20:34:42Z,2026-10-06T20:34:42Z,Alabama Crimson Tide,-1.5,-110.0,2026,2026-10-06T20:35:54Z,1647,19.94120805439949,20.18271884253243,2.258489211867058,9091a0b7e14eff9f94f7c6bbd29b6e9d5a25a74a6e5a4c99a99d5af04e10935e,timestamped_live_quote,FBS vs FBS
2026-10-06T20:35:54Z,59f8c98dee8ce77cc17c5b4958e4f325,2026-10-10T23:30:00Z,Alabama Crimson Tide,Georgia Bulldogs,bovada,Bovada,2026-10-06T20:34:42Z,2026-10-06T20:34:42Z,Georgia Bulldogs,1.5,-110.0,2026,2026-10-06T20:35:54Z,1647,19.94120805439949,20.18271884253243,2.258489211867058,9091a0b7e14eff9f94f7c6bbd29b6e9d5a25a74a6e5a4c99a99d5af04e10935e,timestamped_live_quote,FBS vs FBS
2026-10-06T20:35:54Z,2876b41c9c5327639fda141d7027eadb,2026-10-10T23:30:00Z,Georgia Southern Eagles,James Madison Dukes,draftkings,DraftKings,2026-10-06T20:35:38Z,2026-10-06T20:35:37Z,Georgia Southern Eagles,7.5,-112.0,2026,2026-10-06T20:35:54Z,1647,3.371605218363079,15.655810436822637,-9.784205218459558,9091a0b7e14eff9f94f7c6bbd29b6e9d5a25a74a6e5a4c99a99d5af04e10935e,timestamped_live_quote,FBS vs FBS
2026-10-06T20:35:54Z,2876b41c9c5327639fda141d7027eadb,2026-10-10T23:30:00Z,Georgia Southern Eagles,James Madison Dukes,draftkings,DraftKings,2026-10-06T20:35:38Z,2026-10-06T20:35:37Z,James Madison Dukes,-7.5,-108.0,2026,2026-10-06T20:35:54Z,1647,3.371605218363079,15.655810436822637,-9.784205218459558,9091a0b7e14eff9f94f7c6bbd29b6e9d5a25a74a6e5a4c99a99d5af04e10935e,timestamped_live_quote,FBS vs FBS
2026-10-06T20:35:54Z,2876b41c9c5327639fda141d7027eadb,2026-10-10T23:30:00Z,Georgia Southern Eagles,James Madison Dukes,fanduel,FanDuel,2026-10-06T20:35:39Z,2026-10-06T20:35:38Z,Georgia Southern Eagles,7.5,-110.0,2026,2026-10-06T20:35:54Z,1647,3.371605218363079,15.655810436822637,-9.784205218459558,9091a0b7e14eff9f94f7c6bbd29b6e9d5a25a74a6e5a4c99a99d5af04e10935e,timestamped_live_quote,FBS vs FBS
2026-10-06T20:35:54Z,2876b41c9c5327639fda141d7027eadb,2026-10-10T23:30:00Z,Georgia Southern Eagles,James Madison Dukes,fanduel,FanDuel,2026-10-06T20:35:39Z,2026-10-06T20:35:38Z,James Madison Dukes,-7.5,-110.0,2026,2026-10-06T20:35:54Z,1647,3.371605218363079,15.655810436822637,-9.784205218459558,9091a0b7e14eff9f94f7c6bbd29b6e9d5a25a74a6e5a4c99a99d5af04e10935e,timestamped_live_quote,FBS vs FBS
2026-10-06T20:35:54Z,2876b41c9c5327639fda141d7027eadb,2026-10-10T23:30:00Z,Georgia Southern Eagles,James Madison Dukes,lowvig,LowVig.ag,2026-10-06T20:35:12Z,2026-10-06T20:35:12Z,Georgia Southern Eagles,7.5,-106.0,2026,2026-10-06T20:35:54Z,1647,3.371605218363079,15.655810436822637,-9.784205218459558,9091a0b7e14eff9f94f7c6bbd29b6e9d5a25a74a6e5a4c99a99d5af04e10935e,timestamped_live_quote,FBS vs FBS
2026-10-06T20:35:54Z,2876b41c9c5327639fda141d7027eadb,2026-10-10T23:30:00Z,Georgia Southern Eagles,James Madison Dukes,lowvig,LowVig.ag,2026-10-06T20:35:12Z,2026-10-06T20:35:12Z,James Madison Dukes,-7.5,-106.0,2026,2026-10-06T20:35:54Z,1647,3.371605218363079,15.655810436822637,-9.784205218459558,9091a0b7e14eff9f94f7c6bbd29b6e9d5a25a74a6e5a4c99a99d5af04e10935e,timestamped_live_quote,FBS vs FBS
2026-10-06T20:35:54Z,2876b41c9c5327639fda141d7027eadb,2026-10-10T23:30:00Z,Georgia Southern Eagles,James Madison Dukes,betonlineag,BetOnline.ag,2026-10-06T20:35:36Z,2026-10-06T20:35:36Z,Georgia Southern Eagles,7.5,-110.0,2026,2026-10-06T20:35:54Z,1647,3.371605218363079,15.655810436822637,-9.784205218459558,9091a0b7e14eff9f94f7c6bbd29b6e9d5a25a74a6e5a4c99a99d5af04e10935e,timestamped_live_quote,FBS vs FBS
2026-10-06T20:35:54Z,2876b41c9c5327639fda141d7027eadb,2026-10-10T23:30:00Z,Georgia Southern Eagles,James Madison Dukes,betonlineag,BetOnline.ag,2026-10-06T20:35:36Z,2026-10-06T20:35:36Z,James Madison Dukes,-7.5,-110.0,2026,2026-10-06T20:35:54Z,1647,3.371605218363079,15.655810436822637,-9.784205218459558,9091a0b7e14eff9f94f7c6bbd29b6e9d5a25a74a6e5a4c99a99d5af04e10935e,timestamped_live_quote,FBS vs FBS
2026-10-06T20:35:54Z,2876b41c9c5327639fda141d7027eadb,2026-10-10T23:30:00Z,Georgia Southern Eagles,James Madison Dukes,betmgm,BetMGM,2026-10-06T20:35:16Z,2026-10-06T20:35:16Z,Georgia Southern Eagles,7.5,-110.0,2026,2026-10-06T20:35:54Z,1647,3.371605218363079,15.655810436822637,-9.784205218459558,9091a0b7e14eff9f94f7c6bbd29b6e9d5a25a74a6e5a4c99a99d5af04e10935e,timestamped_live_quote,FBS vs FBS
2026-10-06T20:35:54Z,2876b41c9c5327639fda141d7027eadb,2026-10-10T23:30:00Z,Georgia Southern Eagles,James Madison Dukes,betmgm,BetMGM,2026-10-06T20:35:16Z,2026-10-06T20:35:16Z,James Madison Dukes,-7.5,-108.0,2026,2026-10-06T20:35:54Z,1647,3.371605218363079,15.655810436822637,-9.784205218459558,9091a0b7e14eff9f94f7c6bbd29b6e9d5a25a74a6e5a4c99a99d5af04e10935e,timestamped_live_quote,FBS vs FBS
2026-10-06T20:35:54Z,2876b41c9c5327639fda141d7027eadb,2026-10-10T23:30:00Z,Georgia Southern Eagles,James Madison Dukes,mybookieag,MyBookie.ag,2026-10-06T20:35:08Z,2026-10-06T20:35:08Z,Georgia Southern Eagles,7.5,-110.0,2026,2026-10-06T20:35:54Z,1647,3.371605218363079,15.655810436822637,-9.784205218459558,9091a0b7e14eff9f94f7c6bbd29b6e9d5a25a74a6e5a4c99a99d5af04e10935e,timestamped_live_quote,FBS vs FBS
2026-10-06T20:35:54Z,2876b41c9c5327639fda141d7027eadb,2026-10-10T23:30:00Z,Georgia Southern Eagles,James Madison Dukes,mybookieag,MyBookie.ag,2026-10-06T20:35:08Z,2026-10-06T20:35:08Z,James Madison Dukes,-7.5,-110.0,2026,2026-10-06T20:35:54Z,1647,3.371605218363079,15.655810436822637,-9.784205218459558,9091a0b7e14eff9f94f7c6bbd29b6e9d5a25a74a6e5a4c99a99d5af04e10935e,timestamped_live_quote,FBS vs FBS
2026-10-06T20:35:54Z,2876b41c9c5327639fda141d7027eadb,2026-10-10T23:30:00Z,Georgia Southern Eagles,James Madison Dukes,betus,BetUS,2026-10-06T20:35:09Z,2026-10-06T20:35:09Z,Georgia Southern Eagles,7.5,-110.0,2026,2026-10-06T20:35:54Z,1647,3.371605218363079,15.655810436822637,-9.784205218459558,9091a0b7e14eff9f94f7c6bbd29b6e9d5a25a74a6e5a4c99a99d5af04e10935e,timestamped_live_quote,FBS vs FBS
2026-10-06T20:35:54Z,2876b41c9c5327639fda141d7027eadb,2026-10-10T23:30:00Z,Georgia Southern Eagles,James Madison Dukes,betus,BetUS,2026-10-06T20:35:09Z,2026-10-06T20:35:09Z,James Madison Dukes,-7.5,-110.0,2026,2026-10-06T20:35:54Z,1647,3.371605218363079,15.655810436822637,-9.784205218459558,9091a0b7e14eff9f94f7c6bbd29b6e9d5a25a74a6e5a4c99a99d5af04e10935e,timestamped_live_quote,FBS vs FBS
2026-10-06T20:35:54Z,2876b41c9c5327639fda141d7027eadb,2026-10-10T23:30:00Z,Georgia Southern Eagles,James Madison Dukes,bovada,Bovada,2026-10-06T20:34:42Z,2026-10-06T20:34:42Z,Georgia Southern Eagles,7.5,-110.0,2026,2026-10-06T20:35:54Z,1647,3.371605218363079,15.655810436822637,-9.784205218459558,9091a0b7e14eff9f94f7c6bbd29b6e9d5a25a74a6e5a4c99a99d5af04e10935e,timestamped_live_quote,FBS vs FBS
2026-10-06T20:35:54Z,2876b41c9c5327639fda141d7027eadb,2026-10-10T23:30:00Z,Georgia Southern Eagles,James Madison Dukes,bovada,Bovada,2026-10-06T20:34:42Z,2026-10-06T20:34:42Z,James Madison Dukes,-7.5,-110.0,2026,2026-10-06T20:35:54Z,1647,3.371605218363079,15.655810436822637,-9.784205218459558,9091a0b7e14eff9f94f7c6bbd29b6e9d5a25a74a6e5a4c99a99d5af04e10935e,timestamped_live_quote,FBS vs FBS
2026-10-06T20:35:54Z,2876b41c9c5327639fda141d7027eadb,2026-10-10T23:30:00Z,Georgia Southern Eagles,James Madison Dukes,betrivers,BetRivers,2026-10-06T20:35:40Z,2026-10-06T20:35:40Z,Georgia Southern Eagles,7.5,-114.0,2026,2026-10-06T20:35:54Z,1647,3.371605218363079,15.655810436822637,-9.784205218459558,9091a0b7e14eff9f94f7c6bbd29b6e9d5a25a74a6e5a4c99a99d5af04e10935e,timestamped_live_quote,FBS vs FBS
2026-10-06T20:35:54Z,2876b41c9c5327639fda141d7027eadb,2026-10-10T23:30:00Z,Georgia Southern Eagles,James Madison Dukes,betrivers,BetRivers,2026-10-06T20:35:40Z,2026-10-06T20:35:40Z,James Madison Dukes,-7.5,-109.0,2026,2026-10-06T20:35:54Z,1647,3.371605218363079,15.655810436822637,-9.784205218459558,9091a0b7e14eff9f94f7c6bbd29b6e9d5a25a74a6e5a4c99a99d5af04e10935e,timestamped_live_quote,FBS vs FBS
2026-10-06T20:35:54Z,837b4ddbdcd5e8e3a68a7c954208ff40,2026-10-10T23:30:00Z,Louisiana Tech Bulldogs,Louisiana Ragin Cajuns,draftkings,DraftKings,2026-10-06T20:35:38Z,2026-10-06T20:35:37Z,Louisiana Ragin Cajuns,3.0,-112.0,2026,2026-10-06T20:35:54Z,1647,5.883772021974805,5.3847167868757015,2.999055235099103,9091a0b7e14eff9f94f7c6bbd29b6e9d5a25a74a6e5a4c99a99d5af04e10935e,timestamped_live_quote,FBS vs FBS
2026-10-06T20:35:54Z,837b4ddbdcd5e8e3a68a7c954208ff40,2026-10-10T23:30:00Z,Louisiana Tech Bulldogs,Louisiana Ragin Cajuns,draftkings,DraftKings,2026-10-06T20:35:38Z,2026-10-06T20:35:37Z,Louisiana Tech Bulldogs,-3.0,-108.0,2026,2026-10-06T20:35:54Z,1647,5.883772021974805,5.3847167868757015,2.999055235099103,9091a0b7e14eff9f94f7c6bbd29b6e9d5a25a74a6e5a4c99a99d5af04e10935e,timestamped_live_quote,FBS vs FBS
2026-10-06T20:35:54Z,837b4ddbdcd5e8e3a68a7c954208ff40,2026-10-10T23:30:00Z,Louisiana Tech Bulldogs,Louisiana Ragin Cajuns,betonlineag,BetOnline.ag,2026-10-06T20:35:36Z,2026-10-06T20:35:36Z,Louisiana Ragin Cajuns,2.5,105.0,2026,2026-10-06T20:35:54Z,1647,5.883772021974805,5.3847167868757015,2.999055235099103,9091a0b7e14eff9f94f7c6bbd29b6e9d5a25a74a6e5a4c99a99d5af04e10935e,timestamped_live_quote,FBS vs FBS
2026-10-06T20:35:54Z,837b4ddbdcd5e8e3a68a7c954208ff40,2026-10-10T23:30:00Z,Louisiana Tech Bulldogs,Louisiana Ragin Cajuns,betonlineag,BetOnline.ag,2026-10-06T20:35:36Z,2026-10-06T20:35:36Z,Louisiana Tech Bulldogs,-2.5,-125.0,2026,2026-10-06T20:35:54Z,1647,5.883772021974805,5.3847167868757015,2.999055235099103,9091a0b7e14eff9f94f7c6bbd29b6e9d5a25a74a6e5a4c99a99d5af04e10935e,timestamped_live_quote,FBS vs FBS
2026-10-06T20:35:54Z,837b4ddbdcd5e8e3a68a7c954208ff40,2026-10-10T23:30:00Z,Louisiana Tech Bulldogs,Louisiana Ragin Cajuns,lowvig,LowVig.ag,2026-10-06T20:35:12Z,2026-10-06T20:35:12Z,Louisiana Ragin Cajuns,2.5,109.0,2026,2026-10-06T20:35:54Z,1647,5.883772021974805,5.3847167868757015,2.999055235099103,9091a0b7e14eff9f94f7c6bbd29b6e9d5a25a74a6e5a4c99a99d5af04e10935e,timestamped_live_quote,FBS vs FBS
2026-10-06T20:35:54Z,837b4ddbdcd5e8e3a68a7c954208ff40,2026-10-10T23:30:00Z,Louisiana Tech Bulldogs,Louisiana Ragin Cajuns,lowvig,LowVig.ag,2026-10-06T20:35:12Z,2026-10-06T20:35:12Z,Louisiana Tech Bulldogs,-2.5,-122.0,2026,2026-10-06T20:35:54Z,1647,5.883772021974805,5.3847167868757015,2.999055235099103,9091a0b7e14eff9f94f7c6bbd29b6e9d5a25a74a6e5a4c99a99d5af04e10935e,timestamped_live_quote,FBS vs FBS
2026-10-06T20:35:54Z,837b4ddbdcd5e8e3a68a7c954208ff40,2026-10-10T23:30:00Z,Louisiana Tech Bulldogs,Louisiana Ragin Cajuns,fanduel,FanDuel,2026-10-06T20:35:39Z,2026-10-06T20:35:39Z,Louisiana Ragin Cajuns,2.5,100.0,2026,2026-10-06T20:35:54Z,1647,5.883772021974805,5.3847167868757015,2.999055235099103,9091a0b7e14eff9f94f7c6bbd29b6e9d5a25a74a6e5a4c99a99d5af04e10935e,timestamped_live_quote,FBS vs FBS
2026-10-06T20:35:54Z,837b4ddbdcd5e8e3a68a7c954208ff40,2026-10-10T23:30:00Z,Louisiana Tech Bulldogs,Louisiana Ragin Cajuns,fanduel,FanDuel,2026-10-06T20:35:39Z,2026-10-06T20:35:39Z,Louisiana Tech Bulldogs,-2.5,-122.0,2026,2026-10-06T20:35:54Z,1647,5.883772021974805,5.3847167868757015,2.999055235099103,9091a0b7e14eff9f94f7c6bbd29b6e9d5a25a74a6e5a4c99a99d5af04e10935e,timestamped_live_quote,FBS vs FBS
2026-10-06T20:35:54Z,837b4ddbdcd5e8e3a68a7c954208ff40,2026-10-10T23:30:00Z,Louisiana Tech Bulldogs,Louisiana Ragin Cajuns,betmgm,BetMGM,2026-10-06T20:35:16Z,2026-10-06T20:35:16Z,Louisiana Ragin Cajuns,3.0,-110.0,2026,2026-10-06T20:35:54Z,1647,5.883772021974805,5.3847167868757015,2.999055235099103,9091a0b7e14eff9f94f7c6bbd29b6e9d5a25a74a6e5a4c99a99d5af04e10935e,timestamped_live_quote,FBS vs FBS
2026-10-06T20:35:54Z,837b4ddbdcd5e8e3a68a7c954208ff40,2026-10-10T23:30:00Z,Louisiana Tech Bulldogs,Louisiana Ragin Cajuns,betmgm,BetMGM,2026-10-06T20:35:16Z,2026-10-06T20:35:16Z,Louisiana Tech Bulldogs,-3.0,-110.0,2026,2026-10-06T20:35:54Z,1647,5.883772021974805,5.3847167868757015,2.999055235099103,9091a0b7e14eff9f94f7c6bbd29b6e9d5a25a74a6e5a4c99a99d5af04e10935e,timestamped_live_quote,FBS vs FBS
2026-10-06T20:35:54Z,837b4ddbdcd5e8e3a68a7c954208ff40,2026-10-10T23:30:00Z,Louisiana Tech Bulldogs,Louisiana Ragin Cajuns,mybookieag,MyBookie.ag,2026-10-06T20:35:08Z,2026-10-06T20:35:08Z,Louisiana Ragin Cajuns,3.0,-110.0,2026,2026-10-06T20:35:54Z,1647,5.883772021974805,5.3847167868757015,2.999055235099103,9091a0b7e14eff9f94f7c6bbd29b6e9d5a25a74a6e5a4c99a99d5af04e10935e,timestamped_live_quote,FBS vs FBS
2026-10-06T20:35:54Z,837b4ddbdcd5e8e3a68a7c954208ff40,2026-10-10T23:30:00Z,Louisiana Tech Bulldogs,Louisiana Ragin Cajuns,mybookieag,MyBookie.ag,2026-10-06T20:35:08Z,2026-10-06T20:35:08Z,Louisiana Tech Bulldogs,-3.0,-110.0,2026,2026-10-06T20:35:54Z,1647,5.883772021974805,5.3847167868757015,2.999055235099103,9091a0b7e14eff9f94f7c6bbd29b6e9d5a25a74a6e5a4c99a99d5af04e10935e,timestamped_live_quote,FBS vs FBS
2026-10-06T20:35:54Z,837b4ddbdcd5e8e3a68a7c954208ff40,2026-10-10T23:30:00Z,Louisiana Tech Bulldogs,Louisiana Ragin Cajuns,bovada,Bovada,2026-10-06T20:34:42Z,2026-10-06T20:34:42Z,Louisiana Ragin Cajuns,3.0,-115.0,2026,2026-10-06T20:35:54Z,1647,5.883772021974805,5.3847167868757015,2.999055235099103,9091a0b7e14eff9f94f7c6bbd29b6e9d5a25a74a6e5a4c99a99d5af04e10935e,timestamped_live_quote,FBS vs FBS
2026-10-06T20:35:54Z,837b4ddbdcd5e8e3a68a7c954208ff40,2026-10-10T23:30:00Z,Louisiana Tech Bulldogs,Louisiana Ragin Cajuns,bovada,Bovada,2026-10-06T20:34:42Z,2026-10-06T20:34:42Z,Louisiana Tech Bulldogs,-3.0,-105.0,2026,2026-10-06T20:35:54Z,1647,5.883772021974805,5.3847167868757015,2.999055235099103,9091a0b7e14eff9f94f7c6bbd29b6e9d5a25a74a6e5a4c99a99d5af04e10935e,timestamped_live_quote,FBS vs FBS
2026-10-06T20:35:54Z,837b4ddbdcd5e8e3a68a7c954208ff40,2026-10-10T23:30:00Z,Louisiana Tech Bulldogs,Louisiana Ragin Cajuns,betus,BetUS,2026-10-06T20:35:09Z,2026-10-06T20:35:09Z,Louisiana Ragin Cajuns,3.0,-105.0,2026,2026-10-06T20:35:54Z,1647,5.883772021974805,5.3847167868757015,2.999055235099103,9091a0b7e14eff9f94f7c6bbd29b6e9d5a25a74a6e5a4c99a99d5af04e10935e,timestamped_live_quote,FBS vs FBS
2026-10-06T20:35:54Z,837b4ddbdcd5e8e3a68a7c954208ff40,2026-10-10T23:30:00Z,Louisiana Tech Bulldogs,Louisiana Ragin Cajuns,betus,BetUS,2026-10-06T20:35:09Z,2026-10-06T20:35:09Z,Louisiana Tech Bulldogs,-3.0,-115.0,2026,2026-10-06T20:35:54Z,1647,5.883772021974805,5.3847167868757015,2.999055235099103,9091a0b7e14eff9f94f7c6bbd29b6e9d5a25a74a6e5a4c99a99d5af04e10935e,timestamped_live_quote,FBS vs FBS
2026-10-06T20:35:54Z,837b4ddbdcd5e8e3a68a7c954208ff40,2026-10-10T23:30:00Z,Louisiana Tech Bulldogs,Louisiana Ragin Cajuns,betrivers,BetRivers,2026-10-06T20:35:40Z,2026-10-06T20:35:40Z,Louisiana Ragin Cajuns,3.0,-110.0,2026,2026-10-06T20:35:54Z,1647,5.883772021974805,5.3847167868757015,2.999055235099103,9091a0b7e14eff9f94f7c6bbd29b6e9d5a25a74a6e5a4c99a99d5af04e10935e,timestamped_live_quote,FBS vs FBS
2026-10-06T20:35:54Z,837b4ddbdcd5e8e3a68a7c954208ff40,2026-10-10T23:30:00Z,Louisiana Tech Bulldogs,Louisiana Ragin Cajuns,betrivers,BetRivers,2026-10-06T20:35:40Z,2026-10-06T20:35:40Z,Louisiana Tech Bulldogs,-3.0,-113.0,2026,2026-10-06T20:35:54Z,1647,5.883772021974805,5.3847167868757015,2.999055235099103,9091a0b7e14eff9f94f7c6bbd29b6e9d5a25a74a6e5a4c99a99d5af04e10935e,timestamped_live_quote,FBS vs FBS
2026-10-06T20:35:54Z,4462f1fa168ab2a5a25fe2807ebec8ac,2026-10-10T23:30:00Z,Penn State Nittany Lions,USC Trojans,draftkings,DraftKings,2026-10-06T20:35:38Z,2026-10-06T20:35:37Z,Penn State Nittany Lions,-1.5,-112.0,2026,2026-10-06T20:35:54Z,1647,10.802383744993186,9.210727762300875,4.091655982692311,9091a0b7e14eff9f94f7c6bbd29b6e9d5a25a74a6e5a4c99a99d5af04e10935e,timestamped_live_quote,FBS vs FBS
2026-10-06T20:35:54Z,4462f1fa168ab2a5a25fe2807ebec8ac,2026-10-10T23:30:00Z,Penn State Nittany Lions,USC Trojans,draftkings,DraftKings,2026-10-06T20:35:38Z,2026-10-06T20:35:37Z,USC Trojans,1.5,-108.0,2026,2026-10-06T20:35:54Z,1647,10.802383744993186,9.210727762300875,4.091655982692311,9091a0b7e14eff9f94f7c6bbd29b6e9d5a25a74a6e5a4c99a99d5af04e10935e,timestamped_live_quote,FBS vs FBS
2026-10-06T20:35:54Z,4462f1fa168ab2a5a25fe2807ebec8ac,2026-10-10T23:30:00Z,Penn State Nittany Lions,USC Trojans,mybookieag,MyBookie.ag,2026-10-06T20:35:08Z,2026-10-06T20:35:08Z,Penn State Nittany Lions,-1.5,-110.0,2026,2026-10-06T20:35:54Z,1647,10.802383744993186,9.210727762300875,4.091655982692311,9091a0b7e14eff9f94f7c6bbd29b6e9d5a25a74a6e5a4c99a99d5af04e10935e,timestamped_live_quote,FBS vs FBS
2026-10-06T20:35:54Z,4462f1fa168ab2a5a25fe2807ebec8ac,2026-10-10T23:30:00Z,Penn State Nittany Lions,USC Trojans,mybookieag,MyBookie.ag,2026-10-06T20:35:08Z,2026-10-06T20:35:08Z,USC Trojans,1.5,-110.0,2026,2026-10-06T20:35:54Z,1647,10.802383744993186,9.210727762300875,4.091655982692311,9091a0b7e14eff9f94f7c6bbd29b6e9d5a25a74a6e5a4c99a99d5af04e10935e,timestamped_live_quote,FBS vs FBS
2026-10-06T20:35:54Z,4462f1fa168ab2a5a25fe2807ebec8ac,2026-10-10T23:30:00Z,Penn State Nittany Lions,USC Trojans,betrivers,BetRivers,2026-10-06T20:35:40Z,2026-10-06T20:35:40Z,Penn State Nittany Lions,-1.0,-114.0,2026,2026-10-06T20:35:54Z,1647,10.802383744993186,9.210727762300875,4.091655982692311,9091a0b7e14eff9f94f7c6bbd29b6e9d5a25a74a6e5a4c99a99d5af04e10935e,timestamped_live_quote,FBS vs FBS
2026-10-06T20:35:54Z,4462f1fa168ab2a5a25fe2807ebec8ac,2026-10-10T23:30:00Z,Penn State Nittany Lions,USC Trojans,betrivers,BetRivers,2026-10-06T20:35:40Z,2026-10-06T20:35:40Z,USC Trojans,1.0,-109.0,2026,2026-10-06T20:35:54Z,1647,10.802383744993186,9.210727762300875,4.091655982692311,9091a0b7e14eff9f94f7c6bbd29b6e9d5a25a74a6e5a4c99a99d5af04e10935e,timestamped_live_quote,FBS vs FBS
2026-10-06T20:35:54Z,4462f1fa168ab2a5a25fe2807ebec8ac,2026-10-10T23:30:00Z,Penn State Nittany Lions,USC Trojans,fanduel,FanDuel,2026-10-06T20:35:39Z,2026-10-06T20:35:39Z,Penn State Nittany Lions,-1.5,-106.0,2026,2026-10-06T20:35:54Z,1647,10.802383744993186,9.210727762300875,4.091655982692311,9091a0b7e14eff9f94f7c6bbd29b6e9d5a25a74a6e5a4c99a99d5af04e10935e,timestamped_live_quote,FBS vs FBS
2026-10-06T20:35:54Z,4462f1fa168ab2a5a25fe2807ebec8ac,2026-10-10T23:30:00Z,Penn State Nittany Lions,USC Trojans,fanduel,FanDuel,2026-10-06T20:35:39Z,2026-10-06T20:35:39Z,USC Trojans,1.5,-114.0,2026,2026-10-06T20:35:54Z,1647,10.802383744993186,9.210727762300875,4.091655982692311,9091a0b7e14eff9f94f7c6bbd29b6e9d5a25a74a6e5a4c99a99d5af04e10935e,timestamped_live_quote,FBS vs FBS
2026-10-06T20:35:54Z,4462f1fa168ab2a5a25fe2807ebec8ac,2026-10-10T23:30:00Z,Penn State Nittany Lions,USC Trojans,lowvig,LowVig.ag,2026-10-06T20:35:12Z,2026-10-06T20:35:12Z,Penn State Nittany Lions,-1.5,-111.0,2026,2026-10-06T20:35:54Z,1647,10.802383744993186,9.210727762300875,4.091655982692311,9091a0b7e14eff9f94f7c6bbd29b6e9d5a25a74a6e5a4c99a99d5af04e10935e,timestamped_live_quote,FBS vs FBS
2026-10-06T20:35:54Z,4462f1fa168ab2a5a25fe2807ebec8ac,2026-10-10T23:30:00Z,Penn State Nittany Lions,USC Trojans,lowvig,LowVig.ag,2026-10-06T20:35:12Z,2026-10-06T20:35:12Z,USC Trojans,1.5,-101.0,2026,2026-10-06T20:35:54Z,1647,10.802383744993186,9.210727762300875,4.091655982692311,9091a0b7e14eff9f94f7c6bbd29b6e9d5a25a74a6e5a4c99a99d5af04e10935e,timestamped_live_quote,FBS vs FBS
2026-10-06T20:35:54Z,4462f1fa168ab2a5a25fe2807ebec8ac,2026-10-10T23:30:00Z,Penn State Nittany Lions,USC Trojans,betonlineag,BetOnline.ag,2026-10-06T20:35:36Z,2026-10-06T20:35:36Z,Penn State Nittany Lions,-1.5,-115.0,2026,2026-10-06T20:35:54Z,1647,10.802383744993186,9.210727762300875,4.091655982692311,9091a0b7e14eff9f94f7c6bbd29b6e9d5a25a74a6e5a4c99a99d5af04e10935e,timestamped_live_quote,FBS vs FBS
2026-10-06T20:35:54Z,4462f1fa168ab2a5a25fe2807ebec8ac,2026-10-10T23:30:00Z,Penn State Nittany Lions,USC Trojans,betonlineag,BetOnline.ag,2026-10-06T20:35:36Z,2026-10-06T20:35:36Z,USC Trojans,1.5,-105.0,2026,2026-10-06T20:35:54Z,1647,10.802383744993186,9.210727762300875,4.091655982692311,9091a0b7e14eff9f94f7c6bbd29b6e9d5a25a74a6e5a4c99a99d5af04e10935e,timestamped_live_quote,FBS vs FBS
2026-10-06T20:35:54Z,4462f1fa168ab2a5a25fe2807ebec8ac,2026-10-10T23:30:00Z,Penn State Nittany Lions,USC Trojans,betmgm,BetMGM,2026-10-06T20:35:16Z,2026-10-06T20:35:16Z,Penn State Nittany Lions,-1.5,-108.0,2026,2026-10-06T20:35:54Z,1647,10.802383744993186,9.210727762300875,4.091655982692311,9091a0b7e14eff9f94f7c6bbd29b6e9d5a25a74a6e5a4c99a99d5af04e10935e,timestamped_live_quote,FBS vs FBS
2026-10-06T20:35:54Z,4462f1fa168ab2a5a25fe2807ebec8ac,2026-10-10T23:30:00Z,Penn State Nittany Lions,USC Trojans,betmgm,BetMGM,2026-10-06T20:35:16Z,2026-10-06T20:35:16Z,USC Trojans,1.5,-110.0,2026,2026-10-06T20:35:54Z,1647,10.802383744993186,9.210727762300875,4.091655982692311,9091a0b7e14eff9f94f7c6bbd29b6e9d5a25a74a6e5a4c99a99d5af04e10935e,timestamped_live_quote,FBS vs FBS
2026-10-06T20:35:54Z,4462f1fa168ab2a5a25fe2807ebec8ac,2026-10-10T23:30:00Z,Penn State Nittany Lions,USC Trojans,bovada,Bovada,2026-10-06T20:34:42Z,2026-10-06T20:34:42Z,Penn State Nittany Lions,-1.0,-110.0,2026,2026-10-06T20:35:54Z,1647,10.802383744993186,9.210727762300875,4.091655982692311,9091a0b7e14eff9f94f7c6bbd29b6e9d5a25a74a6e5a4c99a99d5af04e10935e,timestamped_live_quote,FBS vs FBS
2026-10-06T20:35:54Z,4462f1fa168ab2a5a25fe2807ebec8ac,2026-10-10T23:30:00Z,Penn State Nittany Lions,USC Trojans,bovada,Bovada,2026-10-06T20:34:42Z,2026-10-06T20:34:42Z,USC Trojans,1.0,-110.0,2026,2026-10-06T20:35:54Z,1647,10.802383744993186,9.210727762300875,4.091655982692311,9091a0b7e14eff9f94f7c6bbd29b6e9d5a25a74a6e5a4c99a99d5af04e10935e,timestamped_live_quote,FBS vs FBS
2026-10-06T20:35:54Z,4462f1fa168ab2a5a25fe2807ebec8ac,2026-10-10T23:30:00Z,Penn State Nittany Lions,USC Trojans,betus,BetUS,2026-10-06T20:35:09Z,2026-10-06T20:35:09Z,Penn State Nittany Lions,-1.5,-110.0,2026,2026-10-06T20:35:54Z,1647,10.802383744993186,9.210727762300875,4.091655982692311,9091a0b7e14eff9f94f7c6bbd29b6e9d5a25a74a6e5a4c99a99d5af04e10935e,timestamped_live_quote,FBS vs FBS
2026-10-06T20:35:54Z,4462f1fa168ab2a5a25fe2807ebec8ac,2026-10-10T23:30:00Z,Penn State Nittany Lions,USC Trojans,betus,BetUS,2026-10-06T20:35:09Z,2026-10-06T20:35:09Z,USC Trojans,1.5,-110.0,2026,2026-10-06T20:35:54Z,1647,10.802383744993186,9.210727762300875,4.091655982692311,9091a0b7e14eff9f94f7c6bbd29b6e9d5a25a74a6e5a4c99a99d5af04e10935e,timestamped_live_quote,FBS vs FBS
2026-10-06T20:35:54Z,f7b49f43b10f581d991954dae86b9aa5,2026-10-10T23:30:00Z,Virginia Cavaliers,Syracuse Orange,fanduel,FanDuel,2026-10-06T20:35:39Z,2026-10-06T20:35:39Z,Syracuse Orange,8.5,-110.0,2026,2026-10-06T20:35:54Z,1647,10.579045412907652,7.42534127541859,5.653704137489062,9091a0b7e14eff9f94f7c6bbd29b6e9d5a25a74a6e5a4c99a99d5af04e10935e,timestamped_live_quote,FBS vs FBS
2026-10-06T20:35:54Z,f7b49f43b10f581d991954dae86b9aa5,2026-10-10T23:30:00Z,Virginia Cavaliers,Syracuse Orange,fanduel,FanDuel,2026-10-06T20:35:39Z,2026-10-06T20:35:39Z,Virginia Cavaliers,-8.5,-110.0,2026,2026-10-06T20:35:54Z,1647,10.579045412907652,7.42534127541859,5.653704137489062,9091a0b7e14eff9f94f7c6bbd29b6e9d5a25a74a6e5a4c99a99d5af04e10935e,timestamped_live_quote,FBS vs FBS
2026-10-06T20:35:54Z,f7b49f43b10f581d991954dae86b9aa5,2026-10-10T23:30:00Z,Virginia Cavaliers,Syracuse Orange,betrivers,BetRivers,2026-10-06T20:35:40Z,2026-10-06T20:35:40Z,Syracuse Orange,9.5,-112.0,2026,2026-10-06T20:35:54Z,1647,10.579045412907652,7.42534127541859,5.653704137489062,9091a0b7e14eff9f94f7c6bbd29b6e9d5a25a74a6e5a4c99a99d5af04e10935e,timestamped_live_quote,FBS vs FBS
2026-10-06T20:35:54Z,f7b49f43b10f581d991954dae86b9aa5,2026-10-10T23:30:00Z,Virginia Cavaliers,Syracuse Orange,betrivers,BetRivers,2026-10-06T20:35:40Z,2026-10-06T20:35:40Z,Virginia Cavaliers,-9.5,-112.0,2026,2026-10-06T20:35:54Z,1647,10.579045412907652,7.42534127541859,5.653704137489062,9091a0b7e14eff9f94f7c6bbd29b6e9d5a25a74a6e5a4c99a99d5af04e10935e,timestamped_live_quote,FBS vs FBS
2026-10-06T20:35:54Z,f7b49f43b10f581d991954dae86b9aa5,2026-10-10T23:30:00Z,Virginia Cavaliers,Syracuse Orange,betmgm,BetMGM,2026-10-06T20:35:16Z,2026-10-06T20:35:16Z,Syracuse Orange,9.0,-112.0,2026,2026-10-06T20:35:54Z,1647,10.579045412907652,7.42534127541859,5.653704137489062,9091a0b7e14eff9f94f7c6bbd29b6e9d5a25a74a6e5a4c99a99d5af04e10935e,timestamped_live_quote,FBS vs FBS
2026-10-06T20:35:54Z,f7b49f43b10f581d991954dae86b9aa5,2026-10-10T23:30:00Z,Virginia Cavaliers,Syracuse Orange,betmgm,BetMGM,2026-10-06T20:35:16Z,2026-10-06T20:35:16Z,Virginia Cavaliers,-9.0,-118.0,2026,2026-10-06T20:35:54Z,1647,10.579045412907652,7.42534127541859,5.653704137489062,9091a0b7e14eff9f94f7c6bbd29b6e9d5a25a74a6e5a4c99a99d5af04e10935e,timestamped_live_quote,FBS vs FBS
2026-10-06T20:35:54Z,f7b49f43b10f581d991954dae86b9aa5,2026-10-10T23:30:00Z,Virginia Cavaliers,Syracuse Orange,draftkings,DraftKings,2026-10-06T20:35:38Z,2026-10-06T20:35:37Z,Syracuse Orange,9.5,-110.0,2026,2026-10-06T20:35:54Z,1647,10.579045412907652,7.42534127541859,5.653704137489062,9091a0b7e14eff9f94f7c6bbd29b6e9d5a25a74a6e5a4c99a99d5af04e10935e,timestamped_live_quote,FBS vs FBS
2026-10-06T20:35:54Z,f7b49f43b10f581d991954dae86b9aa5,2026-10-10T23:30:00Z,Virginia Cavaliers,Syracuse Orange,draftkings,DraftKings,2026-10-06T20:35:38Z,2026-10-06T20:35:37Z,Virginia Cavaliers,-9.5,-110.0,2026,2026-10-06T20:35:54Z,1647,10.579045412907652,7.42534127541859,5.653704137489062,9091a0b7e14eff9f94f7c6bbd29b6e9d5a25a74a6e5a4c99a99d5af04e10935e,timestamped_live_quote,FBS vs FBS
2026-10-06T20:35:54Z,f7b49f43b10f581d991954dae86b9aa5,2026-10-10T23:30:00Z,Virginia Cavaliers,Syracuse Orange,lowvig,LowVig.ag,2026-10-06T20:35:12Z,2026-10-06T20:35:12Z,Syracuse Orange,9.5,-106.0,2026,2026-10-06T20:35:54Z,1647,10.579045412907652,7.42534127541859,5.653704137489062,9091a0b7e14eff9f94f7c6bbd29b6e9d5a25a74a6e5a4c99a99d5af04e10935e,timestamped_live_quote,FBS vs FBS
2026-10-06T20:35:54Z,f7b49f43b10f581d991954dae86b9aa5,2026-10-10T23:30:00Z,Virginia Cavaliers,Syracuse Orange,lowvig,LowVig.ag,2026-10-06T20:35:12Z,2026-10-06T20:35:12Z,Virginia Cavaliers,-9.5,-106.0,2026,2026-10-06T20:35:54Z,1647,10.579045412907652,7.42534127541859,5.653704137489062,9091a0b7e14eff9f94f7c6bbd29b6e9d5a25a74a6e5a4c99a99d5af04e10935e,timestamped_live_quote,FBS vs FBS
2026-10-06T20:35:54Z,f7b49f43b10f581d991954dae86b9aa5,2026-10-10T23:30:00Z,Virginia Cavaliers,Syracuse Orange,betonlineag,BetOnline.ag,2026-10-06T20:35:36Z,2026-10-06T20:35:36Z,Syracuse Orange,9.5,-110.0,2026,2026-10-06T20:35:54Z,1647,10.579045412907652,7.42534127541859,5.653704137489062,9091a0b7e14eff9f94f7c6bbd29b6e9d5a25a74a6e5a4c99a99d5af04e10935e,timestamped_live_quote,FBS vs FBS
2026-10-06T20:35:54Z,f7b49f43b10f581d991954dae86b9aa5,2026-10-10T23:30:00Z,Virginia Cavaliers,Syracuse Orange,betonlineag,BetOnline.ag,2026-10-06T20:35:36Z,2026-10-06T20:35:36Z,Virginia Cavaliers,-9.5,-110.0,2026,2026-10-06T20:35:54Z,1647,10.579045412907652,7.42534127541859,5.653704137489062,9091a0b7e14eff9f94f7c6bbd29b6e9d5a25a74a6e5a4c99a99d5af04e10935e,timestamped_live_quote,FBS vs FBS
2026-10-06T20:35:54Z,f7b49f43b10f581d991954dae86b9aa5,2026-10-10T23:30:00Z,Virginia Cavaliers,Syracuse Orange,mybookieag,MyBookie.ag,2026-10-06T20:35:08Z,2026-10-06T20:35:08Z,Syracuse Orange,10.0,-110.0,2026,2026-10-06T20:35:54Z,1647,10.579045412907652,7.42534127541859,5.653704137489062,9091a0b7e14eff9f94f7c6bbd29b6e9d5a25a74a6e5a4c99a99d5af04e10935e,timestamped_live_quote,FBS vs FBS
2026-10-06T20:35:54Z,f7b49f43b10f581d991954dae86b9aa5,2026-10-10T23:30:00Z,Virginia Cavaliers,Syracuse Orange,mybookieag,MyBookie.ag,2026-10-06T20:35:08Z,2026-10-06T20:35:08Z,Virginia Cavaliers,-10.0,-110.0,2026,2026-10-06T20:35:54Z,1647,10.579045412907652,7.42534127541859,5.653704137489062,9091a0b7e14eff9f94f7c6bbd29b6e9d5a25a74a6e5a4c99a99d5af04e10935e,timestamped_live_quote,FBS vs FBS
2026-10-06T20:35:54Z,f7b49f43b10f581d991954dae86b9aa5,2026-10-10T23:30:00Z,Virginia Cavaliers,Syracuse Orange,bovada,Bovada,2026-10-06T20:34:42Z,2026-10-06T20:34:42Z,Syracuse Orange,9.0,-110.0,2026,2026-10-06T20:35:54Z,1647,10.579045412907652,7.42534127541859,5.653704137489062,9091a0b7e14eff9f94f7c6bbd29b6e9d5a25a74a6e5a4c99a99d5af04e10935e,timestamped_live_quote,FBS vs FBS
2026-10-06T20:35:54Z,f7b49f43b10f581d991954dae86b9aa5,2026-10-10T23:30:00Z,Virginia Cavaliers,Syracuse Orange,bovada,Bovada,2026-10-06T20:34:42Z,2026-10-06T20:34:42Z,Virginia Cavaliers,-9.0,-110.0,2026,2026-10-06T20:35:54Z,1647,10.579045412907652,7.42534127541859,5.653704137489062,9091a0b7e14eff9f94f7c6bbd29b6e9d5a25a74a6e5a4c99a99d5af04e10935e,timestamped_live_quote,FBS vs FBS
2026-10-06T20:35:54Z,f7b49f43b10f581d991954dae86b9aa5,2026-10-10T23:30:00Z,Virginia Cavaliers,Syracuse Orange,betus,BetUS,2026-10-06T20:35:09Z,2026-10-06T20:35:09Z,Syracuse Orange,9.5,-110.0,2026,2026-10-06T20:35:54Z,1647,10.579045412907652,7.42534127541859,5.653704137489062,9091a0b7e14eff9f94f7c6bbd29b6e9d5a25a74a6e5a4c99a99d5af04e10935e,timestamped_live_quote,FBS vs FBS
2026-10-06T20:35:54Z,f7b49f43b10f581d991954dae86b9aa5,2026-10-10T23:30:00Z,Virginia Cavaliers,Syracuse Orange,betus,BetUS,2026-10-06T20:35:09Z,2026-10-06T20:35:09Z,Virginia Cavaliers,-9.5,-110.0,2026,2026-10-06T20:35:54Z,1647,10.579045412907652,7.42534127541859,5.653704137489062,9091a0b7e14eff9f94f7c6bbd29b6e9d5a25a74a6e5a4c99a99d5af04e10935e,timestamped_live_quote,FBS vs FBS
2026-10-06T20:35:54Z,234d9123fdc010716a5a844efaf7ab43,2026-10-11T00:00:00Z,Purdue Boilermakers,Minnesota Golden Gophers,fanduel,FanDuel,2026-10-06T20:35:39Z,2026-10-06T20:35:39Z,Minnesota Golden Gophers,-2.5,-114.0,2026,2026-10-06T20:35:54Z,1647,2.00563916497549,7.315778299373704,-2.8101391343982147,9091a0b7e14eff9f94f7c6bbd29b6e9d5a25a74a6e5a4c99a99d5af04e10935e,timestamped_live_quote,FBS vs FBS
2026-10-06T20:35:54Z,234d9123fdc010716a5a844efaf7ab43,2026-10-11T00:00:00Z,Purdue Boilermakers,Minnesota Golden Gophers,fanduel,FanDuel,2026-10-06T20:35:39Z,2026-10-06T20:35:39Z,Purdue Boilermakers,2.5,-106.0,2026,2026-10-06T20:35:54Z,1647,2.00563916497549,7.315778299373704,-2.8101391343982147,9091a0b7e14eff9f94f7c6bbd29b6e9d5a25a74a6e5a4c99a99d5af04e10935e,timestamped_live_quote,FBS vs FBS
2026-10-06T20:35:54Z,234d9123fdc010716a5a844efaf7ab43,2026-10-11T00:00:00Z,Purdue Boilermakers,Minnesota Golden Gophers,betrivers,BetRivers,2026-10-06T20:35:40Z,2026-10-06T20:35:40Z,Minnesota Golden Gophers,-2.5,-113.0,2026,2026-10-06T20:35:54Z,1647,2.00563916497549,7.315778299373704,-2.8101391343982147,9091a0b7e14eff9f94f7c6bbd29b6e9d5a25a74a6e5a4c99a99d5af04e10935e,timestamped_live_quote,FBS vs FBS
2026-10-06T20:35:54Z,234d9123fdc010716a5a844efaf7ab43,2026-10-11T00:00:00Z,Purdue Boilermakers,Minnesota Golden Gophers,betrivers,BetRivers,2026-10-06T20:35:40Z,2026-10-06T20:35:40Z,Purdue Boilermakers,2.5,-110.0,2026,2026-10-06T20:35:54Z,1647,2.00563916497549,7.315778299373704,-2.8101391343982147,9091a0b7e14eff9f94f7c6bbd29b6e9d5a25a74a6e5a4c99a99d5af04e10935e,timestamped_live_quote,FBS vs FBS
2026-10-06T20:35:54Z,234d9123fdc010716a5a844efaf7ab43,2026-10-11T00:00:00Z,Purdue Boilermakers,Minnesota Golden Gophers,betmgm,BetMGM,2026-10-06T20:35:16Z,2026-10-06T20:35:16Z,Minnesota Golden Gophers,-2.5,-110.0,2026,2026-10-06T20:35:54Z,1647,2.00563916497549,7.315778299373704,-2.8101391343982147,9091a0b7e14eff9f94f7c6bbd29b6e9d5a25a74a6e5a4c99a99d5af04e10935e,timestamped_live_quote,FBS vs FBS
2026-10-06T20:35:54Z,234d9123fdc010716a5a844efaf7ab43,2026-10-11T00:00:00Z,Purdue Boilermakers,Minnesota Golden Gophers,betmgm,BetMGM,2026-10-06T20:35:16Z,2026-10-06T20:35:16Z,Purdue Boilermakers,2.5,-108.0,2026,2026-10-06T20:35:54Z,1647,2.00563916497549,7.315778299373704,-2.8101391343982147,9091a0b7e14eff9f94f7c6bbd29b6e9d5a25a74a6e5a4c99a99d5af04e10935e,timestamped_live_quote,FBS vs FBS
2026-10-06T20:35:54Z,234d9123fdc010716a5a844efaf7ab43,2026-10-11T00:00:00Z,Purdue Boilermakers,Minnesota Golden Gophers,draftkings,DraftKings,2026-10-06T20:35:38Z,2026-10-06T20:35:37Z,Minnesota Golden Gophers,-2.5,-110.0,2026,2026-10-06T20:35:54Z,1647,2.00563916497549,7.315778299373704,-2.8101391343982147,9091a0b7e14eff9f94f7c6bbd29b6e9d5a25a74a6e5a4c99a99d5af04e10935e,timestamped_live_quote,FBS vs FBS
2026-10-06T20:35:54Z,234d9123fdc010716a5a844efaf7ab43,2026-10-11T00:00:00Z,Purdue Boilermakers,Minnesota Golden Gophers,draftkings,DraftKings,2026-10-06T20:35:38Z,2026-10-06T20:35:37Z,Purdue Boilermakers,2.5,-110.0,2026,2026-10-06T20:35:54Z,1647,2.00563916497549,7.315778299373704,-2.8101391343982147,9091a0b7e14eff9f94f7c6bbd29b6e9d5a25a74a6e5a4c99a99d5af04e10935e,timestamped_live_quote,FBS vs FBS
2026-10-06T20:35:54Z,234d9123fdc010716a5a844efaf7ab43,2026-10-11T00:00:00Z,Purdue Boilermakers,Minnesota Golden Gophers,betonlineag,BetOnline.ag,2026-10-06T20:35:36Z,2026-10-06T20:35:36Z,Minnesota Golden Gophers,-2.0,-110.0,2026,2026-10-06T20:35:54Z,1647,2.00563916497549,7.315778299373704,-2.8101391343982147,9091a0b7e14eff9f94f7c6bbd29b6e9d5a25a74a6e5a4c99a99d5af04e10935e,timestamped_live_quote,FBS vs FBS
2026-10-06T20:35:54Z,234d9123fdc010716a5a844efaf7ab43,2026-10-11T00:00:00Z,Purdue Boilermakers,Minnesota Golden Gophers,betonlineag,BetOnline.ag,2026-10-06T20:35:36Z,2026-10-06T20:35:36Z,Purdue Boilermakers,2.0,-110.0,2026,2026-10-06T20:35:54Z,1647,2.00563916497549,7.315778299373704,-2.8101391343982147,9091a0b7e14eff9f94f7c6bbd29b6e9d5a25a74a6e5a4c99a99d5af04e10935e,timestamped_live_quote,FBS vs FBS
2026-10-06T20:35:54Z,234d9123fdc010716a5a844efaf7ab43,2026-10-11T00:00:00Z,Purdue Boilermakers,Minnesota Golden Gophers,lowvig,LowVig.ag,2026-10-06T20:35:12Z,2026-10-06T20:35:12Z,Minnesota Golden Gophers,-2.0,-106.0,2026,2026-10-06T20:35:54Z,1647,2.00563916497549,7.315778299373704,-2.8101391343982147,9091a0b7e14eff9f94f7c6bbd29b6e9d5a25a74a6e5a4c99a99d5af04e10935e,timestamped_live_quote,FBS vs FBS
2026-10-06T20:35:54Z,234d9123fdc010716a5a844efaf7ab43,2026-10-11T00:00:00Z,Purdue Boilermakers,Minnesota Golden Gophers,lowvig,LowVig.ag,2026-10-06T20:35:12Z,2026-10-06T20:35:12Z,Purdue Boilermakers,2.0,-106.0,2026,2026-10-06T20:35:54Z,1647,2.00563916497549,7.315778299373704,-2.8101391343982147,9091a0b7e14eff9f94f7c6bbd29b6e9d5a25a74a6e5a4c99a99d5af04e10935e,timestamped_live_quote,FBS vs FBS
2026-10-06T20:35:54Z,234d9123fdc010716a5a844efaf7ab43,2026-10-11T00:00:00Z,Purdue Boilermakers,Minnesota Golden Gophers,mybookieag,MyBookie.ag,2026-10-06T20:35:08Z,2026-10-06T20:35:08Z,Minnesota Golden Gophers,-2.5,-110.0,2026,2026-10-06T20:35:54Z,1647,2.00563916497549,7.315778299373704,-2.8101391343982147,9091a0b7e14eff9f94f7c6bbd29b6e9d5a25a74a6e5a4c99a99d5af04e10935e,timestamped_live_quote,FBS vs FBS
2026-10-06T20:35:54Z,234d9123fdc010716a5a844efaf7ab43,2026-10-11T00:00:00Z,Purdue Boilermakers,Minnesota Golden Gophers,mybookieag,MyBookie.ag,2026-10-06T20:35:08Z,2026-10-06T20:35:08Z,Purdue Boilermakers,2.5,-110.0,2026,2026-10-06T20:35:54Z,1647,2.00563916497549,7.315778299373704,-2.8101391343982147,9091a0b7e14eff9f94f7c6bbd29b6e9d5a25a74a6e5a4c99a99d5af04e10935e,timestamped_live_quote,FBS vs FBS
2026-10-06T20:35:54Z,234d9123fdc010716a5a844efaf7ab43,2026-10-11T00:00:00Z,Purdue Boilermakers,Minnesota Golden Gophers,bovada,Bovada,2026-10-06T20:34:42Z,2026-10-06T20:34:42Z,Minnesota Golden Gophers,-2.5,-110.0,2026,2026-10-06T20:35:54Z,1647,2.00563916497549,7.315778299373704,-2.8101391343982147,9091a0b7e14eff9f94f7c6bbd29b6e9d5a25a74a6e5a4c99a99d5af04e10935e,timestamped_live_quote,FBS vs FBS
2026-10-06T20:35:54Z,234d9123fdc010716a5a844efaf7ab43,2026-10-11T00:00:00Z,Purdue Boilermakers,Minnesota Golden Gophers,bovada,Bovada,2026-10-06T20:34:42Z,2026-10-06T20:34:42Z,Purdue Boilermakers,2.5,-110.0,2026,2026-10-06T20:35:54Z,1647,2.00563916497549,7.315778299373704,-2.8101391343982147,9091a0b7e14eff9f94f7c6bbd29b6e9d5a25a74a6e5a4c99a99d5af04e10935e,timestamped_live_quote,FBS vs FBS
2026-10-06T20:35:54Z,234d9123fdc010716a5a844efaf7ab43,2026-10-11T00:00:00Z,Purdue Boilermakers,Minnesota Golden Gophers,betus,BetUS,2026-10-06T20:35:09Z,2026-10-06T20:35:09Z,Minnesota Golden Gophers,-2.5,-115.0,2026,2026-10-06T20:35:54Z,1647,2.00563916497549,7.315778299373704,-2.8101391343982147,9091a0b7e14eff9f94f7c6bbd29b6e9d5a25a74a6e5a4c99a99d5af04e10935e,timestamped_live_quote,FBS vs FBS
2026-10-06T20:35:54Z,234d9123fdc010716a5a844efaf7ab43,2026-10-11T00:00:00Z,Purdue Boilermakers,Minnesota Golden Gophers,betus,BetUS,2026-10-06T20:35:09Z,2026-10-06T20:35:09Z,Purdue Boilermakers,2.5,-105.0,2026,2026-10-06T20:35:54Z,1647,2.00563916497549,7.315778299373704,-2.8101391343982147,9091a0b7e14eff9f94f7c6bbd29b6e9d5a25a74a6e5a4c99a99d5af04e10935e,timestamped_live_quote,FBS vs FBS
2026-10-06T20:35:54Z,616eba68e65fe65023aa2335e81096c8,2026-10-11T02:15:00Z,Utah Utes,Kansas Jayhawks,fanduel,FanDuel,2026-10-06T20:35:39Z,2026-10-06T20:35:39Z,Kansas Jayhawks,15.5,-110.0,2026,2026-10-06T20:35:54Z,1647,16.286400680999556,8.497318244583731,10.289082436415825,9091a0b7e14eff9f94f7c6bbd29b6e9d5a25a74a6e5a4c99a99d5af04e10935e,timestamped_live_quote,FBS vs FBS
2026-10-06T20:35:54Z,616eba68e65fe65023aa2335e81096c8,2026-10-11T02:15:00Z,Utah Utes,Kansas Jayhawks,fanduel,FanDuel,2026-10-06T20:35:39Z,2026-10-06T20:35:39Z,Utah Utes,-15.5,-110.0,2026,2026-10-06T20:35:54Z,1647,16.286400680999556,8.497318244583731,10.289082436415825,9091a0b7e14eff9f94f7c6bbd29b6e9d5a25a74a6e5a4c99a99d5af04e10935e,timestamped_live_quote,FBS vs FBS
2026-10-06T20:35:54Z,616eba68e65fe65023aa2335e81096c8,2026-10-11T02:15:00Z,Utah Utes,Kansas Jayhawks,betrivers,BetRivers,2026-10-06T20:35:40Z,2026-10-06T20:35:40Z,Kansas Jayhawks,15.5,-113.0,2026,2026-10-06T20:35:54Z,1647,16.286400680999556,8.497318244583731,10.289082436415825,9091a0b7e14eff9f94f7c6bbd29b6e9d5a25a74a6e5a4c99a99d5af04e10935e,timestamped_live_quote,FBS vs FBS
2026-10-06T20:35:54Z,616eba68e65fe65023aa2335e81096c8,2026-10-11T02:15:00Z,Utah Utes,Kansas Jayhawks,betrivers,BetRivers,2026-10-06T20:35:40Z,2026-10-06T20:35:40Z,Utah Utes,-15.5,-109.0,2026,2026-10-06T20:35:54Z,1647,16.286400680999556,8.497318244583731,10.289082436415825,9091a0b7e14eff9f94f7c6bbd29b6e9d5a25a74a6e5a4c99a99d5af04e10935e,timestamped_live_quote,FBS vs FBS
2026-10-06T20:35:54Z,616eba68e65fe65023aa2335e81096c8,2026-10-11T02:15:00Z,Utah Utes,Kansas Jayhawks,betmgm,BetMGM,2026-10-06T20:35:16Z,2026-10-06T20:35:16Z,Kansas Jayhawks,15.0,-108.0,2026,2026-10-06T20:35:54Z,1647,16.286400680999556,8.497318244583731,10.289082436415825,9091a0b7e14eff9f94f7c6bbd29b6e9d5a25a74a6e5a4c99a99d5af04e10935e,timestamped_live_quote,FBS vs FBS
2026-10-06T20:35:54Z,616eba68e65fe65023aa2335e81096c8,2026-10-11T02:15:00Z,Utah Utes,Kansas Jayhawks,betmgm,BetMGM,2026-10-06T20:35:16Z,2026-10-06T20:35:16Z,Utah Utes,-15.0,-110.0,2026,2026-10-06T20:35:54Z,1647,16.286400680999556,8.497318244583731,10.289082436415825,9091a0b7e14eff9f94f7c6bbd29b6e9d5a25a74a6e5a4c99a99d5af04e10935e,timestamped_live_quote,FBS vs FBS
2026-10-06T20:35:54Z,616eba68e65fe65023aa2335e81096c8,2026-10-11T02:15:00Z,Utah Utes,Kansas Jayhawks,draftkings,DraftKings,2026-10-06T20:35:38Z,2026-10-06T20:35:37Z,Kansas Jayhawks,15.5,-110.0,2026,2026-10-06T20:35:54Z,1647,16.286400680999556,8.497318244583731,10.289082436415825,9091a0b7e14eff9f94f7c6bbd29b6e9d5a25a74a6e5a4c99a99d5af04e10935e,timestamped_live_quote,FBS vs FBS
2026-10-06T20:35:54Z,616eba68e65fe65023aa2335e81096c8,2026-10-11T02:15:00Z,Utah Utes,Kansas Jayhawks,draftkings,DraftKings,2026-10-06T20:35:38Z,2026-10-06T20:35:37Z,Utah Utes,-15.5,-110.0,2026,2026-10-06T20:35:54Z,1647,16.286400680999556,8.497318244583731,10.289082436415825,9091a0b7e14eff9f94f7c6bbd29b6e9d5a25a74a6e5a4c99a99d5af04e10935e,timestamped_live_quote,FBS vs FBS
2026-10-06T20:35:54Z,616eba68e65fe65023aa2335e81096c8,2026-10-11T02:15:00Z,Utah Utes,Kansas Jayhawks,betonlineag,BetOnline.ag,2026-10-06T20:35:36Z,2026-10-06T20:35:36Z,Kansas Jayhawks,15.5,-113.0,2026,2026-10-06T20:35:54Z,1647,16.286400680999556,8.497318244583731,10.289082436415825,9091a0b7e14eff9f94f7c6bbd29b6e9d5a25a74a6e5a4c99a99d5af04e10935e,timestamped_live_quote,FBS vs FBS
2026-10-06T20:35:54Z,616eba68e65fe65023aa2335e81096c8,2026-10-11T02:15:00Z,Utah Utes,Kansas Jayhawks,betonlineag,BetOnline.ag,2026-10-06T20:35:36Z,2026-10-06T20:35:36Z,Utah Utes,-15.5,-107.0,2026,2026-10-06T20:35:54Z,1647,16.286400680999556,8.497318244583731,10.289082436415825,9091a0b7e14eff9f94f7c6bbd29b6e9d5a25a74a6e5a4c99a99d5af04e10935e,timestamped_live_quote,FBS vs FBS
2026-10-06T20:35:54Z,616eba68e65fe65023aa2335e81096c8,2026-10-11T02:15:00Z,Utah Utes,Kansas Jayhawks,mybookieag,MyBookie.ag,2026-10-06T20:35:08Z,2026-10-06T20:35:08Z,Kansas Jayhawks,15.5,-110.0,2026,2026-10-06T20:35:54Z,1647,16.286400680999556,8.497318244583731,10.289082436415825,9091a0b7e14eff9f94f7c6bbd29b6e9d5a25a74a6e5a4c99a99d5af04e10935e,timestamped_live_quote,FBS vs FBS
2026-10-06T20:35:54Z,616eba68e65fe65023aa2335e81096c8,2026-10-11T02:15:00Z,Utah Utes,Kansas Jayhawks,mybookieag,MyBookie.ag,2026-10-06T20:35:08Z,2026-10-06T20:35:08Z,Utah Utes,-15.5,-110.0,2026,2026-10-06T20:35:54Z,1647,16.286400680999556,8.497318244583731,10.289082436415825,9091a0b7e14eff9f94f7c6bbd29b6e9d5a25a74a6e5a4c99a99d5af04e10935e,timestamped_live_quote,FBS vs FBS
2026-10-06T20:35:54Z,616eba68e65fe65023aa2335e81096c8,2026-10-11T02:15:00Z,Utah Utes,Kansas Jayhawks,betus,BetUS,2026-10-06T20:35:09Z,2026-10-06T20:35:09Z,Kansas Jayhawks,15.5,-110.0,2026,2026-10-06T20:35:54Z,1647,16.286400680999556,8.497318244583731,10.289082436415825,9091a0b7e14eff9f94f7c6bbd29b6e9d5a25a74a6e5a4c99a99d5af04e10935e,timestamped_live_quote,FBS vs FBS
2026-10-06T20:35:54Z,616eba68e65fe65023aa2335e81096c8,2026-10-11T02:15:00Z,Utah Utes,Kansas Jayhawks,betus,BetUS,2026-10-06T20:35:09Z,2026-10-06T20:35:09Z,Utah Utes,-15.5,-110.0,2026,2026-10-06T20:35:54Z,1647,16.286400680999556,8.497318244583731,10.289082436415825,9091a0b7e14eff9f94f7c6bbd29b6e9d5a25a74a6e5a4c99a99d5af04e10935e,timestamped_live_quote,FBS vs FBS
2026-10-06T20:35:54Z,616eba68e65fe65023aa2335e81096c8,2026-10-11T02:15:00Z,Utah Utes,Kansas Jayhawks,bovada,Bovada,2026-10-06T20:34:42Z,2026-10-06T20:34:42Z,Kansas Jayhawks,15.5,-110.0,2026,2026-10-06T20:35:54Z,1647,16.286400680999556,8.497318244583731,10.289082436415825,9091a0b7e14eff9f94f7c6bbd29b6e9d5a25a74a6e5a4c99a99d5af04e10935e,timestamped_live_quote,FBS vs FBS
2026-10-06T20:35:54Z,616eba68e65fe65023aa2335e81096c8,2026-10-11T02:15:00Z,Utah Utes,Kansas Jayhawks,bovada,Bovada,2026-10-06T20:34:42Z,2026-10-06T20:34:42Z,Utah Utes,-15.5,-110.0,2026,2026-10-06T20:35:54Z,1647,16.286400680999556,8.497318244583731,10.289082436415825,9091a0b7e14eff9f94f7c6bbd29b6e9d5a25a74a6e5a4c99a99d5af04e10935e,timestamped_live_quote,FBS vs FBS
2026-10-06T20:35:54Z,7dd6e0d9f2657c834974c28b286ff58d,2026-10-11T02:30:00Z,Arizona State Sun Devils,Hawaii Rainbow Warriors,fanduel,FanDuel,2026-10-06T20:35:39Z,2026-10-06T20:35:39Z,Arizona State Sun Devils,-20.5,-112.0,2026,2026-10-06T20:35:54Z,1647,4.360735962891833,-5.353245959452322,12.213981922344155,9091a0b7e14eff9f94f7c6bbd29b6e9d5a25a74a6e5a4c99a99d5af04e10935e,timestamped_live_quote,FBS vs FBS
2026-10-06T20:35:54Z,7dd6e0d9f2657c834974c28b286ff58d,2026-10-11T02:30:00Z,Arizona State Sun Devils,Hawaii Rainbow Warriors,fanduel,FanDuel,2026-10-06T20:35:39Z,2026-10-06T20:35:39Z,Hawaii Rainbow Warriors,20.5,-108.0,2026,2026-10-06T20:35:54Z,1647,4.360735962891833,-5.353245959452322,12.213981922344155,9091a0b7e14eff9f94f7c6bbd29b6e9d5a25a74a6e5a4c99a99d5af04e10935e,timestamped_live_quote,FBS vs FBS
2026-10-06T20:35:54Z,7dd6e0d9f2657c834974c28b286ff58d,2026-10-11T02:30:00Z,Arizona State Sun Devils,Hawaii Rainbow Warriors,betrivers,BetRivers,2026-10-06T20:35:40Z,2026-10-06T20:35:40Z,Arizona State Sun Devils,-20.5,-113.0,2026,2026-10-06T20:35:54Z,1647,4.360735962891833,-5.353245959452322,12.213981922344155,9091a0b7e14eff9f94f7c6bbd29b6e9d5a25a74a6e5a4c99a99d5af04e10935e,timestamped_live_quote,FBS vs FBS
2026-10-06T20:35:54Z,7dd6e0d9f2657c834974c28b286ff58d,2026-10-11T02:30:00Z,Arizona State Sun Devils,Hawaii Rainbow Warriors,betrivers,BetRivers,2026-10-06T20:35:40Z,2026-10-06T20:35:40Z,Hawaii Rainbow Warriors,20.5,-110.0,2026,2026-10-06T20:35:54Z,1647,4.360735962891833,-5.353245959452322,12.213981922344155,9091a0b7e14eff9f94f7c6bbd29b6e9d5a25a74a6e5a4c99a99d5af04e10935e,timestamped_live_quote,FBS vs FBS
2026-10-06T20:35:54Z,7dd6e0d9f2657c834974c28b286ff58d,2026-10-11T02:30:00Z,Arizona State Sun Devils,Hawaii Rainbow Warriors,betmgm,BetMGM,2026-10-06T20:35:16Z,2026-10-06T20:35:16Z,Arizona State Sun Devils,-20.5,-110.0,2026,2026-10-06T20:35:54Z,1647,4.360735962891833,-5.353245959452322,12.213981922344155,9091a0b7e14eff9f94f7c6bbd29b6e9d5a25a74a6e5a4c99a99d5af04e10935e,timestamped_live_quote,FBS vs FBS
2026-10-06T20:35:54Z,7dd6e0d9f2657c834974c28b286ff58d,2026-10-11T02:30:00Z,Arizona State Sun Devils,Hawaii Rainbow Warriors,betmgm,BetMGM,2026-10-06T20:35:16Z,2026-10-06T20:35:16Z,Hawaii Rainbow Warriors,20.5,-108.0,2026,2026-10-06T20:35:54Z,1647,4.360735962891833,-5.353245959452322,12.213981922344155,9091a0b7e14eff9f94f7c6bbd29b6e9d5a25a74a6e5a4c99a99d5af04e10935e,timestamped_live_quote,FBS vs FBS
2026-10-06T20:35:54Z,7dd6e0d9f2657c834974c28b286ff58d,2026-10-11T02:30:00Z,Arizona State Sun Devils,Hawaii Rainbow Warriors,lowvig,LowVig.ag,2026-10-06T20:35:12Z,2026-10-06T20:35:12Z,Arizona State Sun Devils,-20.5,-106.0,2026,2026-10-06T20:35:54Z,1647,4.360735962891833,-5.353245959452322,12.213981922344155,9091a0b7e14eff9f94f7c6bbd29b6e9d5a25a74a6e5a4c99a99d5af04e10935e,timestamped_live_quote,FBS vs FBS
2026-10-06T20:35:54Z,7dd6e0d9f2657c834974c28b286ff58d,2026-10-11T02:30:00Z,Arizona State Sun Devils,Hawaii Rainbow Warriors,lowvig,LowVig.ag,2026-10-06T20:35:12Z,2026-10-06T20:35:12Z,Hawaii Rainbow Warriors,20.5,-106.0,2026,2026-10-06T20:35:54Z,1647,4.360735962891833,-5.353245959452322,12.213981922344155,9091a0b7e14eff9f94f7c6bbd29b6e9d5a25a74a6e5a4c99a99d5af04e10935e,timestamped_live_quote,FBS vs FBS
2026-10-06T20:35:54Z,7dd6e0d9f2657c834974c28b286ff58d,2026-10-11T02:30:00Z,Arizona State Sun Devils,Hawaii Rainbow Warriors,betonlineag,BetOnline.ag,2026-10-06T20:35:36Z,2026-10-06T20:35:36Z,Arizona State Sun Devils,-20.5,-110.0,2026,2026-10-06T20:35:54Z,1647,4.360735962891833,-5.353245959452322,12.213981922344155,9091a0b7e14eff9f94f7c6bbd29b6e9d5a25a74a6e5a4c99a99d5af04e10935e,timestamped_live_quote,FBS vs FBS
2026-10-06T20:35:54Z,7dd6e0d9f2657c834974c28b286ff58d,2026-10-11T02:30:00Z,Arizona State Sun Devils,Hawaii Rainbow Warriors,betonlineag,BetOnline.ag,2026-10-06T20:35:36Z,2026-10-06T20:35:36Z,Hawaii Rainbow Warriors,20.5,-110.0,2026,2026-10-06T20:35:54Z,1647,4.360735962891833,-5.353245959452322,12.213981922344155,9091a0b7e14eff9f94f7c6bbd29b6e9d5a25a74a6e5a4c99a99d5af04e10935e,timestamped_live_quote,FBS vs FBS
2026-10-06T20:35:54Z,7dd6e0d9f2657c834974c28b286ff58d,2026-10-11T02:30:00Z,Arizona State Sun Devils,Hawaii Rainbow Warriors,draftkings,DraftKings,2026-10-06T20:35:38Z,2026-10-06T20:35:37Z,Arizona State Sun Devils,-20.5,-115.0,2026,2026-10-06T20:35:54Z,1647,4.360735962891833,-5.353245959452322,12.213981922344155,9091a0b7e14eff9f94f7c6bbd29b6e9d5a25a74a6e5a4c99a99d5af04e10935e,timestamped_live_quote,FBS vs FBS
2026-10-06T20:35:54Z,7dd6e0d9f2657c834974c28b286ff58d,2026-10-11T02:30:00Z,Arizona State Sun Devils,Hawaii Rainbow Warriors,draftkings,DraftKings,2026-10-06T20:35:38Z,2026-10-06T20:35:37Z,Hawaii Rainbow Warriors,20.5,-105.0,2026,2026-10-06T20:35:54Z,1647,4.360735962891833,-5.353245959452322,12.213981922344155,9091a0b7e14eff9f94f7c6bbd29b6e9d5a25a74a6e5a4c99a99d5af04e10935e,timestamped_live_quote,FBS vs FBS
2026-10-06T20:35:54Z,7dd6e0d9f2657c834974c28b286ff58d,2026-10-11T02:30:00Z,Arizona State Sun Devils,Hawaii Rainbow Warriors,mybookieag,MyBookie.ag,2026-10-06T20:35:08Z,2026-10-06T20:35:08Z,Arizona State Sun Devils,-20.5,-110.0,2026,2026-10-06T20:35:54Z,1647,4.360735962891833,-5.353245959452322,12.213981922344155,9091a0b7e14eff9f94f7c6bbd29b6e9d5a25a74a6e5a4c99a99d5af04e10935e,timestamped_live_quote,FBS vs FBS
2026-10-06T20:35:54Z,7dd6e0d9f2657c834974c28b286ff58d,2026-10-11T02:30:00Z,Arizona State Sun Devils,Hawaii Rainbow Warriors,mybookieag,MyBookie.ag,2026-10-06T20:35:08Z,2026-10-06T20:35:08Z,Hawaii Rainbow Warriors,20.5,-110.0,2026,2026-10-06T20:35:54Z,1647,4.360735962891833,-5.353245959452322,12.213981922344155,9091a0b7e14eff9f94f7c6bbd29b6e9d5a25a74a6e5a4c99a99d5af04e10935e,timestamped_live_quote,FBS vs FBS
2026-10-06T20:35:54Z,7dd6e0d9f2657c834974c28b286ff58d,2026-10-11T02:30:00Z,Arizona State Sun Devils,Hawaii Rainbow Warriors,betus,BetUS,2026-10-06T20:35:09Z,2026-10-06T20:35:09Z,Arizona State Sun Devils,-20.5,-110.0,2026,2026-10-06T20:35:54Z,1647,4.360735962891833,-5.353245959452322,12.213981922344155,9091a0b7e14eff9f94f7c6bbd29b6e9d5a25a74a6e5a4c99a99d5af04e10935e,timestamped_live_quote,FBS vs FBS
2026-10-06T20:35:54Z,7dd6e0d9f2657c834974c28b286ff58d,2026-10-11T02:30:00Z,Arizona State Sun Devils,Hawaii Rainbow Warriors,betus,BetUS,2026-10-06T20:35:09Z,2026-10-06T20:35:09Z,Hawaii Rainbow Warriors,20.5,-110.0,2026,2026-10-06T20:35:54Z,1647,4.360735962891833,-5.353245959452322,12.213981922344155,9091a0b7e14eff9f94f7c6bbd29b6e9d5a25a74a6e5a4c99a99d5af04e10935e,timestamped_live_quote,FBS vs FBS
2026-10-06T20:35:54Z,7dd6e0d9f2657c834974c28b286ff58d,2026-10-11T02:30:00Z,Arizona State Sun Devils,Hawaii Rainbow Warriors,bovada,Bovada,2026-10-06T20:34:42Z,2026-10-06T20:34:42Z,Arizona State Sun Devils,-21.0,-110.0,2026,2026-10-06T20:35:54Z,1647,4.360735962891833,-5.353245959452322,12.213981922344155,9091a0b7e14eff9f94f7c6bbd29b6e9d5a25a74a6e5a4c99a99d5af04e10935e,timestamped_live_quote,FBS vs FBS
2026-10-06T20:35:54Z,7dd6e0d9f2657c834974c28b286ff58d,2026-10-11T02:30:00Z,Arizona State Sun Devils,Hawaii Rainbow Warriors,bovada,Bovada,2026-10-06T20:34:42Z,2026-10-06T20:34:42Z,Hawaii Rainbow Warriors,21.0,-110.0,2026,2026-10-06T20:35:54Z,1647,4.360735962891833,-5.353245959452322,12.213981922344155,9091a0b7e14eff9f94f7c6bbd29b6e9d5a25a74a6e5a4c99a99d5af04e10935e,timestamped_live_quote,FBS vs FBS
2026-10-06T20:35:54Z,c4db3412210ed8e1045807c73f69b377,2026-10-11T02:30:00Z,Fresno State Bulldogs,Boise State Broncos,fanduel,FanDuel,2026-10-06T20:35:39Z,2026-10-06T20:35:39Z,Boise State Broncos,-6.5,-110.0,2026,2026-10-06T20:35:54Z,1647,6.687154113658231,10.933755062195841,-1.7466009485376102,9091a0b7e14eff9f94f7c6bbd29b6e9d5a25a74a6e5a4c99a99d5af04e10935e,timestamped_live_quote,FBS vs FBS
2026-10-06T20:35:54Z,c4db3412210ed8e1045807c73f69b377,2026-10-11T02:30:00Z,Fresno State Bulldogs,Boise State Broncos,fanduel,FanDuel,2026-10-06T20:35:39Z,2026-10-06T20:35:39Z,Fresno State Bulldogs,6.5,-110.0,2026,2026-10-06T20:35:54Z,1647,6.687154113658231,10.933755062195841,-1.7466009485376102,9091a0b7e14eff9f94f7c6bbd29b6e9d5a25a74a6e5a4c99a99d5af04e10935e,timestamped_live_quote,FBS vs FBS
2026-10-06T20:35:54Z,c4db3412210ed8e1045807c73f69b377,2026-10-11T02:30:00Z,Fresno State Bulldogs,Boise State Broncos,betrivers,BetRivers,2026-10-06T20:35:40Z,2026-10-06T20:35:40Z,Boise State Broncos,-6.0,-114.0,2026,2026-10-06T20:35:54Z,1647,6.687154113658231,10.933755062195841,-1.7466009485376102,9091a0b7e14eff9f94f7c6bbd29b6e9d5a25a74a6e5a4c99a99d5af04e10935e,timestamped_live_quote,FBS vs FBS
2026-10-06T20:35:54Z,c4db3412210ed8e1045807c73f69b377,2026-10-11T02:30:00Z,Fresno State Bulldogs,Boise State Broncos,betrivers,BetRivers,2026-10-06T20:35:40Z,2026-10-06T20:35:40Z,Fresno State Bulldogs,6.0,-108.0,2026,2026-10-06T20:35:54Z,1647,6.687154113658231,10.933755062195841,-1.7466009485376102,9091a0b7e14eff9f94f7c6bbd29b6e9d5a25a74a6e5a4c99a99d5af04e10935e,timestamped_live_quote,FBS vs FBS
2026-10-06T20:35:54Z,c4db3412210ed8e1045807c73f69b377,2026-10-11T02:30:00Z,Fresno State Bulldogs,Boise State Broncos,betmgm,BetMGM,2026-10-06T20:35:16Z,2026-10-06T20:35:16Z,Boise State Broncos,-6.5,-110.0,2026,2026-10-06T20:35:54Z,1647,6.687154113658231,10.933755062195841,-1.7466009485376102,9091a0b7e14eff9f94f7c6bbd29b6e9d5a25a74a6e5a4c99a99d5af04e10935e,timestamped_live_quote,FBS vs FBS
2026-10-06T20:35:54Z,c4db3412210ed8e1045807c73f69b377,2026-10-11T02:30:00Z,Fresno State Bulldogs,Boise State Broncos,betmgm,BetMGM,2026-10-06T20:35:16Z,2026-10-06T20:35:16Z,Fresno State Bulldogs,6.5,-110.0,2026,2026-10-06T20:35:54Z,1647,6.687154113658231,10.933755062195841,-1.7466009485376102,9091a0b7e14eff9f94f7c6bbd29b6e9d5a25a74a6e5a4c99a99d5af04e10935e,timestamped_live_quote,FBS vs FBS
2026-10-06T20:35:54Z,c4db3412210ed8e1045807c73f69b377,2026-10-11T02:30:00Z,Fresno State Bulldogs,Boise State Broncos,lowvig,LowVig.ag,2026-10-06T20:35:12Z,2026-10-06T20:35:12Z,Boise State Broncos,-6.5,-106.0,2026,2026-10-06T20:35:54Z,1647,6.687154113658231,10.933755062195841,-1.7466009485376102,9091a0b7e14eff9f94f7c6bbd29b6e9d5a25a74a6e5a4c99a99d5af04e10935e,timestamped_live_quote,FBS vs FBS
2026-10-06T20:35:54Z,c4db3412210ed8e1045807c73f69b377,2026-10-11T02:30:00Z,Fresno State Bulldogs,Boise State Broncos,lowvig,LowVig.ag,2026-10-06T20:35:12Z,2026-10-06T20:35:12Z,Fresno State Bulldogs,6.5,-106.0,2026,2026-10-06T20:35:54Z,1647,6.687154113658231,10.933755062195841,-1.7466009485376102,9091a0b7e14eff9f94f7c6bbd29b6e9d5a25a74a6e5a4c99a99d5af04e10935e,timestamped_live_quote,FBS vs FBS
2026-10-06T20:35:54Z,c4db3412210ed8e1045807c73f69b377,2026-10-11T02:30:00Z,Fresno State Bulldogs,Boise State Broncos,betonlineag,BetOnline.ag,2026-10-06T20:35:36Z,2026-10-06T20:35:36Z,Boise State Broncos,-6.5,-110.0,2026,2026-10-06T20:35:54Z,1647,6.687154113658231,10.933755062195841,-1.7466009485376102,9091a0b7e14eff9f94f7c6bbd29b6e9d5a25a74a6e5a4c99a99d5af04e10935e,timestamped_live_quote,FBS vs FBS
2026-10-06T20:35:54Z,c4db3412210ed8e1045807c73f69b377,2026-10-11T02:30:00Z,Fresno State Bulldogs,Boise State Broncos,betonlineag,BetOnline.ag,2026-10-06T20:35:36Z,2026-10-06T20:35:36Z,Fresno State Bulldogs,6.5,-110.0,2026,2026-10-06T20:35:54Z,1647,6.687154113658231,10.933755062195841,-1.7466009485376102,9091a0b7e14eff9f94f7c6bbd29b6e9d5a25a74a6e5a4c99a99d5af04e10935e,timestamped_live_quote,FBS vs FBS
2026-10-06T20:35:54Z,c4db3412210ed8e1045807c73f69b377,2026-10-11T02:30:00Z,Fresno State Bulldogs,Boise State Broncos,draftkings,DraftKings,2026-10-06T20:35:38Z,2026-10-06T20:35:37Z,Boise State Broncos,-6.5,-110.0,2026,2026-10-06T20:35:54Z,1647,6.687154113658231,10.933755062195841,-1.7466009485376102,9091a0b7e14eff9f94f7c6bbd29b6e9d5a25a74a6e5a4c99a99d5af04e10935e,timestamped_live_quote,FBS vs FBS
2026-10-06T20:35:54Z,c4db3412210ed8e1045807c73f69b377,2026-10-11T02:30:00Z,Fresno State Bulldogs,Boise State Broncos,draftkings,DraftKings,2026-10-06T20:35:38Z,2026-10-06T20:35:37Z,Fresno State Bulldogs,6.5,-110.0,2026,2026-10-06T20:35:54Z,1647,6.687154113658231,10.933755062195841,-1.7466009485376102,9091a0b7e14eff9f94f7c6bbd29b6e9d5a25a74a6e5a4c99a99d5af04e10935e,timestamped_live_quote,FBS vs FBS
2026-10-06T20:35:54Z,c4db3412210ed8e1045807c73f69b377,2026-10-11T02:30:00Z,Fresno State Bulldogs,Boise State Broncos,mybookieag,MyBookie.ag,2026-10-06T20:35:08Z,2026-10-06T20:35:08Z,Boise State Broncos,-6.5,-110.0,2026,2026-10-06T20:35:54Z,1647,6.687154113658231,10.933755062195841,-1.7466009485376102,9091a0b7e14eff9f94f7c6bbd29b6e9d5a25a74a6e5a4c99a99d5af04e10935e,timestamped_live_quote,FBS vs FBS
2026-10-06T20:35:54Z,c4db3412210ed8e1045807c73f69b377,2026-10-11T02:30:00Z,Fresno State Bulldogs,Boise State Broncos,mybookieag,MyBookie.ag,2026-10-06T20:35:08Z,2026-10-06T20:35:08Z,Fresno State Bulldogs,6.5,-110.0,2026,2026-10-06T20:35:54Z,1647,6.687154113658231,10.933755062195841,-1.7466009485376102,9091a0b7e14eff9f94f7c6bbd29b6e9d5a25a74a6e5a4c99a99d5af04e10935e,timestamped_live_quote,FBS vs FBS
2026-10-06T20:35:54Z,c4db3412210ed8e1045807c73f69b377,2026-10-11T02:30:00Z,Fresno State Bulldogs,Boise State Broncos,betus,BetUS,2026-10-06T20:35:09Z,2026-10-06T20:35:09Z,Boise State Broncos,-6.5,-110.0,2026,2026-10-06T20:35:54Z,1647,6.687154113658231,10.933755062195841,-1.7466009485376102,9091a0b7e14eff9f94f7c6bbd29b6e9d5a25a74a6e5a4c99a99d5af04e10935e,timestamped_live_quote,FBS vs FBS
2026-10-06T20:35:54Z,c4db3412210ed8e1045807c73f69b377,2026-10-11T02:30:00Z,Fresno State Bulldogs,Boise State Broncos,betus,BetUS,2026-10-06T20:35:09Z,2026-10-06T20:35:09Z,Fresno State Bulldogs,6.5,-110.0,2026,2026-10-06T20:35:54Z,1647,6.687154113658231,10.933755062195841,-1.7466009485376102,9091a0b7e14eff9f94f7c6bbd29b6e9d5a25a74a6e5a4c99a99d5af04e10935e,timestamped_live_quote,FBS vs FBS
2026-10-06T20:35:54Z,c4db3412210ed8e1045807c73f69b377,2026-10-11T02:30:00Z,Fresno State Bulldogs,Boise State Broncos,bovada,Bovada,2026-10-06T20:34:42Z,2026-10-06T20:34:42Z,Boise State Broncos,-6.5,-110.0,2026,2026-10-06T20:35:54Z,1647,6.687154113658231,10.933755062195841,-1.7466009485376102,9091a0b7e14eff9f94f7c6bbd29b6e9d5a25a74a6e5a4c99a99d5af04e10935e,timestamped_live_quote,FBS vs FBS
2026-10-06T20:35:54Z,c4db3412210ed8e1045807c73f69b377,2026-10-11T02:30:00Z,Fresno State Bulldogs,Boise State Broncos,bovada,Bovada,2026-10-06T20:34:42Z,2026-10-06T20:34:42Z,Fresno State Bulldogs,6.5,-110.0,2026,2026-10-06T20:35:54Z,1647,6.687154113658231,10.933755062195841,-1.7466009485376102,9091a0b7e14eff9f94f7c6bbd29b6e9d5a25a74a6e5a4c99a99d5af04e10935e,timestamped_live_quote,FBS vs FBS
2026-10-06T20:35:54Z,490b66058b6c826a08589c471698ce50,2026-10-17T16:00:00Z,Texas Longhorns,Florida Gators,fanduel,FanDuel,2026-10-06T20:35:39Z,2026-10-06T20:35:39Z,Florida Gators,9.5,-106.0,2026,2026-10-06T20:35:54Z,1647,14.528645745456593,13.919070351909676,3.1095753935469173,9091a0b7e14eff9f94f7c6bbd29b6e9d5a25a74a6e5a4c99a99d5af04e10935e,timestamped_live_quote,FBS vs FBS
2026-10-06T20:35:54Z,490b66058b6c826a08589c471698ce50,2026-10-17T16:00:00Z,Texas Longhorns,Florida Gators,fanduel,FanDuel,2026-10-06T20:35:39Z,2026-10-06T20:35:39Z,Texas Longhorns,-9.5,-114.0,2026,2026-10-06T20:35:54Z,1647,14.528645745456593,13.919070351909676,3.1095753935469173,9091a0b7e14eff9f94f7c6bbd29b6e9d5a25a74a6e5a4c99a99d5af04e10935e,timestamped_live_quote,FBS vs FBS
2026-10-06T20:35:54Z,685a8722f297502fa85e4cd8c7e54b1c,2026-10-17T16:00:00Z,Indiana Hoosiers,Ohio State Buckeyes,fanduel,FanDuel,2026-10-06T20:35:39Z,2026-10-06T20:35:38Z,Indiana Hoosiers,3.5,-118.0,2026,2026-10-06T20:35:54Z,1647,18.227672811637603,17.958557694002074,2.769115117635529,9091a0b7e14eff9f94f7c6bbd29b6e9d5a25a74a6e5a4c99a99d5af04e10935e,timestamped_live_quote,FBS vs FBS
2026-10-06T20:35:54Z,685a8722f297502fa85e4cd8c7e54b1c,2026-10-17T16:00:00Z,Indiana Hoosiers,Ohio State Buckeyes,fanduel,FanDuel,2026-10-06T20:35:39Z,2026-10-06T20:35:38Z,Ohio State Buckeyes,-3.5,-104.0,2026,2026-10-06T20:35:54Z,1647,18.227672811637603,17.958557694002074,2.769115117635529,9091a0b7e14eff9f94f7c6bbd29b6e9d5a25a74a6e5a4c99a99d5af04e10935e,timestamped_live_quote,FBS vs FBS
2026-10-06T20:35:54Z,04c740fce71d3f3b8a4bdc4ea69f1281,2026-10-17T16:00:00Z,LSU Tigers,Mississippi State Bulldogs,fanduel,FanDuel,2026-10-06T20:35:39Z,2026-10-06T20:35:39Z,LSU Tigers,-10.5,-115.0,2026,2026-10-06T20:35:54Z,1647,17.296794909596446,10.151511203607743,9.645283705988703,9091a0b7e14eff9f94f7c6bbd29b6e9d5a25a74a6e5a4c99a99d5af04e10935e,timestamped_live_quote,FBS vs FBS
2026-10-06T20:35:54Z,04c740fce71d3f3b8a4bdc4ea69f1281,2026-10-17T16:00:00Z,LSU Tigers,Mississippi State Bulldogs,fanduel,FanDuel,2026-10-06T20:35:39Z,2026-10-06T20:35:39Z,Mississippi State Bulldogs,10.5,-105.0,2026,2026-10-06T20:35:54Z,1647,17.296794909596446,10.151511203607743,9.645283705988703,9091a0b7e14eff9f94f7c6bbd29b6e9d5a25a74a6e5a4c99a99d5af04e10935e,timestamped_live_quote,FBS vs FBS
2026-10-06T20:35:54Z,9ed02ffe3e126a8ec8846278bf18d393,2026-10-17T19:30:00Z,Tennessee Volunteers,Alabama Crimson Tide,fanduel,FanDuel,2026-10-06T20:35:39Z,2026-10-06T20:35:39Z,Alabama Crimson Tide,-5.5,-110.0,2026,2026-10-06T20:35:54Z,1647,13.88326522808175,19.94120805439949,-3.5579428263177384,9091a0b7e14eff9f94f7c6bbd29b6e9d5a25a74a6e5a4c99a99d5af04e10935e,timestamped_live_quote,FBS vs FBS
2026-10-06T20:35:54Z,9ed02ffe3e126a8ec8846278bf18d393,2026-10-17T19:30:00Z,Tennessee Volunteers,Alabama Crimson Tide,fanduel,FanDuel,2026-10-06T20:35:39Z,2026-10-06T20:35:39Z,Tennessee Volunteers,5.5,-110.0,2026,2026-10-06T20:35:54Z,1647,13.88326522808175,19.94120805439949,-3.5579428263177384,9091a0b7e14eff9f94f7c6bbd29b6e9d5a25a74a6e5a4c99a99d5af04e10935e,timestamped_live_quote,FBS vs FBS
2026-10-06T20:35:54Z,2851c11a3831feac527b6df0b34b2a2a,2026-10-17T19:30:00Z,Georgia Bulldogs,Auburn Tigers,fanduel,FanDuel,2026-10-06T20:35:39Z,2026-10-06T20:35:39Z,Auburn Tigers,17.5,-110.0,2026,2026-10-06T20:35:54Z,1647,20.18271884253243,7.063730720005969,15.618988122526462,9091a0b7e14eff9f94f7c6bbd29b6e9d5a25a74a6e5a4c99a99d5af04e10935e,timestamped_live_quote,FBS vs FBS
2026-10-06T20:35:54Z,2851c11a3831feac527b6df0b34b2a2a,2026-10-17T19:30:00Z,Georgia Bulldogs,Auburn Tigers,fanduel,FanDuel,2026-10-06T20:35:39Z,2026-10-06T20:35:39Z,Georgia Bulldogs,-17.5,-110.0,2026,2026-10-06T20:35:54Z,1647,20.18271884253243,7.063730720005969,15.618988122526462,9091a0b7e14eff9f94f7c6bbd29b6e9d5a25a74a6e5a4c99a99d5af04e10935e,timestamped_live_quote,FBS vs FBS
2026-10-06T20:35:54Z,5d09c85c1d67e8f9db8db560cb038027,2026-10-17T19:30:00Z,Ole Miss Rebels,Missouri Tigers,fanduel,FanDuel,2026-10-06T20:35:39Z,2026-10-06T20:35:39Z,Missouri Tigers,7.5,-122.0,2026,2026-10-06T20:35:54Z,1647,5.194490318444788,13.488131479010185,-5.793641160565397,9091a0b7e14eff9f94f7c6bbd29b6e9d5a25a74a6e5a4c99a99d5af04e10935e,timestamped_live_quote,FBS vs FBS
2026-10-06T20:35:54Z,5d09c85c1d67e8f9db8db560cb038027,2026-10-17T19:30:00Z,Ole Miss Rebels,Missouri Tigers,fanduel,FanDuel,2026-10-06T20:35:39Z,2026-10-06T20:35:39Z,Ole Miss Rebels,-7.5,100.0,2026,2026-10-06T20:35:54Z,1647,5.194490318444788,13.488131479010185,-5.793641160565397,9091a0b7e14eff9f94f7c6bbd29b6e9d5a25a74a6e5a4c99a99d5af04e10935e,timestamped_live_quote,FBS vs FBS
2026-10-06T20:35:54Z,33f259d8951535f271a8df5c790a832e,2026-10-17T23:00:00Z,Miami Hurricanes,Florida State Seminoles,fanduel,FanDuel,2026-10-06T20:35:39Z,2026-10-06T20:35:39Z,Florida State Seminoles,19.5,-102.0,2026,2026-10-06T20:35:54Z,1647,21.769009858769472,9.659178037243878,14.609831821525594,9091a0b7e14eff9f94f7c6bbd29b6e9d5a25a74a6e5a4c99a99d5af04e10935e,timestamped_live_quote,FBS vs FBS
2026-10-06T20:35:54Z,33f259d8951535f271a8df5c790a832e,2026-10-17T23:00:00Z,Miami Hurricanes,Florida State Seminoles,fanduel,FanDuel,2026-10-06T20:35:39Z,2026-10-06T20:35:39Z,Miami Hurricanes,-19.5,-120.0,2026,2026-10-06T20:35:54Z,1647,21.769009858769472,9.659178037243878,14.609831821525594,9091a0b7e14eff9f94f7c6bbd29b6e9d5a25a74a6e5a4c99a99d5af04e10935e,timestamped_live_quote,FBS vs FBS
2026-10-06T20:35:54Z,bd2d52fadefed8a6174e73c84cca9ce3,2026-10-17T23:30:00Z,BYU Cougars,Notre Dame Fighting Irish,fanduel,FanDuel,2026-10-06T20:35:39Z,2026-10-06T20:35:39Z,BYU Cougars,13.5,-110.0,2026,2026-10-06T20:35:54Z,1647,12.071154706962277,18.455907133704386,-3.884752426742109,9091a0b7e14eff9f94f7c6bbd29b6e9d5a25a74a6e5a4c99a99d5af04e10935e,timestamped_live_quote,FBS vs FBS
2026-10-06T20:35:54Z,bd2d52fadefed8a6174e73c84cca9ce3,2026-10-17T23:30:00Z,BYU Cougars,Notre Dame Fighting Irish,fanduel,FanDuel,2026-10-06T20:35:39Z,2026-10-06T20:35:39Z,Notre Dame Fighting Irish,-13.5,-110.0,2026,2026-10-06T20:35:54Z,1647,12.071154706962277,18.455907133704386,-3.884752426742109,9091a0b7e14eff9f94f7c6bbd29b6e9d5a25a74a6e5a4c99a99d5af04e10935e,timestamped_live_quote,FBS vs FBS
2026-10-06T20:35:54Z,7830c18dc7e87ebf087ddded14c50de4,2026-10-17T23:30:00Z,Houston Cougars,Oklahoma State Cowboys,fanduel,FanDuel,2026-10-06T20:35:39Z,2026-10-06T20:35:39Z,Houston Cougars,-2.5,-122.0,2026,2026-10-06T20:35:54Z,1647,15.228552810482586,10.165779900492343,7.562772909990244,9091a0b7e14eff9f94f7c6bbd29b6e9d5a25a74a6e5a4c99a99d5af04e10935e,timestamped_live_quote,FBS vs FBS
2026-10-06T20:35:54Z,7830c18dc7e87ebf087ddded14c50de4,2026-10-17T23:30:00Z,Houston Cougars,Oklahoma State Cowboys,fanduel,FanDuel,2026-10-06T20:35:39Z,2026-10-06T20:35:39Z,Oklahoma State Cowboys,2.5,100.0,2026,2026-10-06T20:35:54Z,1647,15.228552810482586,10.165779900492343,7.562772909990244,9091a0b7e14eff9f94f7c6bbd29b6e9d5a25a74a6e5a4c99a99d5af04e10935e,timestamped_live_quote,FBS vs FBS
