captured_at_utc,game_id,kickoff_utc,home_team,away_team,sportsbook_key,sportsbook,bookmaker_last_update_utc,market_last_update_utc,selection,spread,american_odds,season,ratings_asof_utc,ratings_training_games,home_rating,away_rating,projected_home_margin,ratings_input_sha256,capture_status,division_status
2026-10-01T20:35:46Z,b0998b3474fea9dee080784b8da01048,2026-10-02T00:00:00Z,New Mexico State Aggies,Western Kentucky Hilltoppers,fanduel,FanDuel,2026-10-01T20:35:29Z,2026-10-01T20:35:29Z,New Mexico State Aggies,-2.5,-106.0,2026,2026-10-01T20:35:46Z,1344,-2.2361785915378043,-6.452835927376347,6.716657335838542,807aa80048d80e577104f04f9dc527bcbdecbac1e0bd777c98286ecfff8aeba7,timestamped_live_quote,FBS vs FBS
2026-10-01T20:35:46Z,b0998b3474fea9dee080784b8da01048,2026-10-02T00:00:00Z,New Mexico State Aggies,Western Kentucky Hilltoppers,fanduel,FanDuel,2026-10-01T20:35:29Z,2026-10-01T20:35:29Z,Western Kentucky Hilltoppers,2.5,-114.0,2026,2026-10-01T20:35:46Z,1344,-2.2361785915378043,-6.452835927376347,6.716657335838542,807aa80048d80e577104f04f9dc527bcbdecbac1e0bd777c98286ecfff8aeba7,timestamped_live_quote,FBS vs FBS
2026-10-01T20:35:46Z,b0998b3474fea9dee080784b8da01048,2026-10-02T00:00:00Z,New Mexico State Aggies,Western Kentucky Hilltoppers,draftkings,DraftKings,2026-10-01T20:35:46Z,2026-10-01T20:35:46Z,New Mexico State Aggies,-2.5,-108.0,2026,2026-10-01T20:35:46Z,1344,-2.2361785915378043,-6.452835927376347,6.716657335838542,807aa80048d80e577104f04f9dc527bcbdecbac1e0bd777c98286ecfff8aeba7,timestamped_live_quote,FBS vs FBS
2026-10-01T20:35:46Z,b0998b3474fea9dee080784b8da01048,2026-10-02T00:00:00Z,New Mexico State Aggies,Western Kentucky Hilltoppers,draftkings,DraftKings,2026-10-01T20:35:46Z,2026-10-01T20:35:46Z,Western Kentucky Hilltoppers,2.5,-112.0,2026,2026-10-01T20:35:46Z,1344,-2.2361785915378043,-6.452835927376347,6.716657335838542,807aa80048d80e577104f04f9dc527bcbdecbac1e0bd777c98286ecfff8aeba7,timestamped_live_quote,FBS vs FBS
2026-10-01T20:35:46Z,b0998b3474fea9dee080784b8da01048,2026-10-02T00:00:00Z,New Mexico State Aggies,Western Kentucky Hilltoppers,betonlineag,BetOnline.ag,2026-10-01T20:35:44Z,2026-10-01T20:35:43Z,New Mexico State Aggies,-2.0,-115.0,2026,2026-10-01T20:35:46Z,1344,-2.2361785915378043,-6.452835927376347,6.716657335838542,807aa80048d80e577104f04f9dc527bcbdecbac1e0bd777c98286ecfff8aeba7,timestamped_live_quote,FBS vs FBS
2026-10-01T20:35:46Z,b0998b3474fea9dee080784b8da01048,2026-10-02T00:00:00Z,New Mexico State Aggies,Western Kentucky Hilltoppers,betonlineag,BetOnline.ag,2026-10-01T20:35:44Z,2026-10-01T20:35:43Z,Western Kentucky Hilltoppers,2.0,-105.0,2026,2026-10-01T20:35:46Z,1344,-2.2361785915378043,-6.452835927376347,6.716657335838542,807aa80048d80e577104f04f9dc527bcbdecbac1e0bd777c98286ecfff8aeba7,timestamped_live_quote,FBS vs FBS
2026-10-01T20:35:46Z,b0998b3474fea9dee080784b8da01048,2026-10-02T00:00:00Z,New Mexico State Aggies,Western Kentucky Hilltoppers,lowvig,LowVig.ag,2026-10-01T20:34:27Z,2026-10-01T20:34:27Z,New Mexico State Aggies,-2.0,-111.0,2026,2026-10-01T20:35:46Z,1344,-2.2361785915378043,-6.452835927376347,6.716657335838542,807aa80048d80e577104f04f9dc527bcbdecbac1e0bd777c98286ecfff8aeba7,timestamped_live_quote,FBS vs FBS
2026-10-01T20:35:46Z,b0998b3474fea9dee080784b8da01048,2026-10-02T00:00:00Z,New Mexico State Aggies,Western Kentucky Hilltoppers,lowvig,LowVig.ag,2026-10-01T20:34:27Z,2026-10-01T20:34:27Z,Western Kentucky Hilltoppers,2.0,-101.0,2026,2026-10-01T20:35:46Z,1344,-2.2361785915378043,-6.452835927376347,6.716657335838542,807aa80048d80e577104f04f9dc527bcbdecbac1e0bd777c98286ecfff8aeba7,timestamped_live_quote,FBS vs FBS
2026-10-01T20:35:46Z,b0998b3474fea9dee080784b8da01048,2026-10-02T00:00:00Z,New Mexico State Aggies,Western Kentucky Hilltoppers,betmgm,BetMGM,2026-10-01T20:35:29Z,2026-10-01T20:35:29Z,New Mexico State Aggies,-2.5,-110.0,2026,2026-10-01T20:35:46Z,1344,-2.2361785915378043,-6.452835927376347,6.716657335838542,807aa80048d80e577104f04f9dc527bcbdecbac1e0bd777c98286ecfff8aeba7,timestamped_live_quote,FBS vs FBS
2026-10-01T20:35:46Z,b0998b3474fea9dee080784b8da01048,2026-10-02T00:00:00Z,New Mexico State Aggies,Western Kentucky Hilltoppers,betmgm,BetMGM,2026-10-01T20:35:29Z,2026-10-01T20:35:29Z,Western Kentucky Hilltoppers,2.5,-118.0,2026,2026-10-01T20:35:46Z,1344,-2.2361785915378043,-6.452835927376347,6.716657335838542,807aa80048d80e577104f04f9dc527bcbdecbac1e0bd777c98286ecfff8aeba7,timestamped_live_quote,FBS vs FBS
2026-10-01T20:35:46Z,b0998b3474fea9dee080784b8da01048,2026-10-02T00:00:00Z,New Mexico State Aggies,Western Kentucky Hilltoppers,mybookieag,MyBookie.ag,2026-10-01T20:34:30Z,2026-10-01T20:34:30Z,New Mexico State Aggies,-2.0,-110.0,2026,2026-10-01T20:35:46Z,1344,-2.2361785915378043,-6.452835927376347,6.716657335838542,807aa80048d80e577104f04f9dc527bcbdecbac1e0bd777c98286ecfff8aeba7,timestamped_live_quote,FBS vs FBS
2026-10-01T20:35:46Z,b0998b3474fea9dee080784b8da01048,2026-10-02T00:00:00Z,New Mexico State Aggies,Western Kentucky Hilltoppers,mybookieag,MyBookie.ag,2026-10-01T20:34:30Z,2026-10-01T20:34:30Z,Western Kentucky Hilltoppers,2.0,-110.0,2026,2026-10-01T20:35:46Z,1344,-2.2361785915378043,-6.452835927376347,6.716657335838542,807aa80048d80e577104f04f9dc527bcbdecbac1e0bd777c98286ecfff8aeba7,timestamped_live_quote,FBS vs FBS
2026-10-01T20:35:46Z,b0998b3474fea9dee080784b8da01048,2026-10-02T00:00:00Z,New Mexico State Aggies,Western Kentucky Hilltoppers,betus,BetUS,2026-10-01T20:35:27Z,2026-10-01T20:35:27Z,New Mexico State Aggies,-2.0,-110.0,2026,2026-10-01T20:35:46Z,1344,-2.2361785915378043,-6.452835927376347,6.716657335838542,807aa80048d80e577104f04f9dc527bcbdecbac1e0bd777c98286ecfff8aeba7,timestamped_live_quote,FBS vs FBS
2026-10-01T20:35:46Z,b0998b3474fea9dee080784b8da01048,2026-10-02T00:00:00Z,New Mexico State Aggies,Western Kentucky Hilltoppers,betus,BetUS,2026-10-01T20:35:27Z,2026-10-01T20:35:27Z,Western Kentucky Hilltoppers,2.0,-110.0,2026,2026-10-01T20:35:46Z,1344,-2.2361785915378043,-6.452835927376347,6.716657335838542,807aa80048d80e577104f04f9dc527bcbdecbac1e0bd777c98286ecfff8aeba7,timestamped_live_quote,FBS vs FBS
2026-10-01T20:35:46Z,b0998b3474fea9dee080784b8da01048,2026-10-02T00:00:00Z,New Mexico State Aggies,Western Kentucky Hilltoppers,bovada,Bovada,2026-10-01T20:31:42Z,2026-10-01T20:31:42Z,New Mexico State Aggies,-2.5,-105.0,2026,2026-10-01T20:35:46Z,1344,-2.2361785915378043,-6.452835927376347,6.716657335838542,807aa80048d80e577104f04f9dc527bcbdecbac1e0bd777c98286ecfff8aeba7,timestamped_live_quote,FBS vs FBS
2026-10-01T20:35:46Z,b0998b3474fea9dee080784b8da01048,2026-10-02T00:00:00Z,New Mexico State Aggies,Western Kentucky Hilltoppers,bovada,Bovada,2026-10-01T20:31:42Z,2026-10-01T20:31:42Z,Western Kentucky Hilltoppers,2.5,-115.0,2026,2026-10-01T20:35:46Z,1344,-2.2361785915378043,-6.452835927376347,6.716657335838542,807aa80048d80e577104f04f9dc527bcbdecbac1e0bd777c98286ecfff8aeba7,timestamped_live_quote,FBS vs FBS
2026-10-01T20:35:46Z,3c64f3dd8efd756a90f09303e5517006,2026-10-02T01:00:00Z,Tulsa Golden Hurricane,North Texas Mean Green,fanduel,FanDuel,2026-10-01T20:35:29Z,2026-10-01T20:35:29Z,North Texas Mean Green,-2.5,-110.0,2026,2026-10-01T20:35:46Z,1344,5.427931709022538,7.242740699553364,0.6851910094691736,807aa80048d80e577104f04f9dc527bcbdecbac1e0bd777c98286ecfff8aeba7,timestamped_live_quote,FBS vs FBS
2026-10-01T20:35:46Z,3c64f3dd8efd756a90f09303e5517006,2026-10-02T01:00:00Z,Tulsa Golden Hurricane,North Texas Mean Green,fanduel,FanDuel,2026-10-01T20:35:29Z,2026-10-01T20:35:29Z,Tulsa Golden Hurricane,2.5,-110.0,2026,2026-10-01T20:35:46Z,1344,5.427931709022538,7.242740699553364,0.6851910094691736,807aa80048d80e577104f04f9dc527bcbdecbac1e0bd777c98286ecfff8aeba7,timestamped_live_quote,FBS vs FBS
2026-10-01T20:35:46Z,3c64f3dd8efd756a90f09303e5517006,2026-10-02T01:00:00Z,Tulsa Golden Hurricane,North Texas Mean Green,draftkings,DraftKings,2026-10-01T20:35:46Z,2026-10-01T20:35:46Z,North Texas Mean Green,-2.5,-108.0,2026,2026-10-01T20:35:46Z,1344,5.427931709022538,7.242740699553364,0.6851910094691736,807aa80048d80e577104f04f9dc527bcbdecbac1e0bd777c98286ecfff8aeba7,timestamped_live_quote,FBS vs FBS
2026-10-01T20:35:46Z,3c64f3dd8efd756a90f09303e5517006,2026-10-02T01:00:00Z,Tulsa Golden Hurricane,North Texas Mean Green,draftkings,DraftKings,2026-10-01T20:35:46Z,2026-10-01T20:35:46Z,Tulsa Golden Hurricane,2.5,-112.0,2026,2026-10-01T20:35:46Z,1344,5.427931709022538,7.242740699553364,0.6851910094691736,807aa80048d80e577104f04f9dc527bcbdecbac1e0bd777c98286ecfff8aeba7,timestamped_live_quote,FBS vs FBS
2026-10-01T20:35:46Z,3c64f3dd8efd756a90f09303e5517006,2026-10-02T01:00:00Z,Tulsa Golden Hurricane,North Texas Mean Green,betonlineag,BetOnline.ag,2026-10-01T20:35:44Z,2026-10-01T20:35:43Z,North Texas Mean Green,-2.5,-115.0,2026,2026-10-01T20:35:46Z,1344,5.427931709022538,7.242740699553364,0.6851910094691736,807aa80048d80e577104f04f9dc527bcbdecbac1e0bd777c98286ecfff8aeba7,timestamped_live_quote,FBS vs FBS
2026-10-01T20:35:46Z,3c64f3dd8efd756a90f09303e5517006,2026-10-02T01:00:00Z,Tulsa Golden Hurricane,North Texas Mean Green,betonlineag,BetOnline.ag,2026-10-01T20:35:44Z,2026-10-01T20:35:43Z,Tulsa Golden Hurricane,2.5,-105.0,2026,2026-10-01T20:35:46Z,1344,5.427931709022538,7.242740699553364,0.6851910094691736,807aa80048d80e577104f04f9dc527bcbdecbac1e0bd777c98286ecfff8aeba7,timestamped_live_quote,FBS vs FBS
2026-10-01T20:35:46Z,3c64f3dd8efd756a90f09303e5517006,2026-10-02T01:00:00Z,Tulsa Golden Hurricane,North Texas Mean Green,lowvig,LowVig.ag,2026-10-01T20:34:27Z,2026-10-01T20:34:27Z,North Texas Mean Green,-2.5,-111.0,2026,2026-10-01T20:35:46Z,1344,5.427931709022538,7.242740699553364,0.6851910094691736,807aa80048d80e577104f04f9dc527bcbdecbac1e0bd777c98286ecfff8aeba7,timestamped_live_quote,FBS vs FBS
2026-10-01T20:35:46Z,3c64f3dd8efd756a90f09303e5517006,2026-10-02T01:00:00Z,Tulsa Golden Hurricane,North Texas Mean Green,lowvig,LowVig.ag,2026-10-01T20:34:27Z,2026-10-01T20:34:27Z,Tulsa Golden Hurricane,2.5,-101.0,2026,2026-10-01T20:35:46Z,1344,5.427931709022538,7.242740699553364,0.6851910094691736,807aa80048d80e577104f04f9dc527bcbdecbac1e0bd777c98286ecfff8aeba7,timestamped_live_quote,FBS vs FBS
2026-10-01T20:35:46Z,3c64f3dd8efd756a90f09303e5517006,2026-10-02T01:00:00Z,Tulsa Golden Hurricane,North Texas Mean Green,betmgm,BetMGM,2026-10-01T20:35:29Z,2026-10-01T20:35:29Z,North Texas Mean Green,-2.5,-110.0,2026,2026-10-01T20:35:46Z,1344,5.427931709022538,7.242740699553364,0.6851910094691736,807aa80048d80e577104f04f9dc527bcbdecbac1e0bd777c98286ecfff8aeba7,timestamped_live_quote,FBS vs FBS
2026-10-01T20:35:46Z,3c64f3dd8efd756a90f09303e5517006,2026-10-02T01:00:00Z,Tulsa Golden Hurricane,North Texas Mean Green,betmgm,BetMGM,2026-10-01T20:35:29Z,2026-10-01T20:35:29Z,Tulsa Golden Hurricane,2.5,-110.0,2026,2026-10-01T20:35:46Z,1344,5.427931709022538,7.242740699553364,0.6851910094691736,807aa80048d80e577104f04f9dc527bcbdecbac1e0bd777c98286ecfff8aeba7,timestamped_live_quote,FBS vs FBS
2026-10-01T20:35:46Z,3c64f3dd8efd756a90f09303e5517006,2026-10-02T01:00:00Z,Tulsa Golden Hurricane,North Texas Mean Green,mybookieag,MyBookie.ag,2026-10-01T20:34:30Z,2026-10-01T20:34:30Z,North Texas Mean Green,-2.5,-110.0,2026,2026-10-01T20:35:46Z,1344,5.427931709022538,7.242740699553364,0.6851910094691736,807aa80048d80e577104f04f9dc527bcbdecbac1e0bd777c98286ecfff8aeba7,timestamped_live_quote,FBS vs FBS
2026-10-01T20:35:46Z,3c64f3dd8efd756a90f09303e5517006,2026-10-02T01:00:00Z,Tulsa Golden Hurricane,North Texas Mean Green,mybookieag,MyBookie.ag,2026-10-01T20:34:30Z,2026-10-01T20:34:30Z,Tulsa Golden Hurricane,2.5,-110.0,2026,2026-10-01T20:35:46Z,1344,5.427931709022538,7.242740699553364,0.6851910094691736,807aa80048d80e577104f04f9dc527bcbdecbac1e0bd777c98286ecfff8aeba7,timestamped_live_quote,FBS vs FBS
2026-10-01T20:35:46Z,3c64f3dd8efd756a90f09303e5517006,2026-10-02T01:00:00Z,Tulsa Golden Hurricane,North Texas Mean Green,betus,BetUS,2026-10-01T20:35:27Z,2026-10-01T20:35:27Z,North Texas Mean Green,-2.5,-115.0,2026,2026-10-01T20:35:46Z,1344,5.427931709022538,7.242740699553364,0.6851910094691736,807aa80048d80e577104f04f9dc527bcbdecbac1e0bd777c98286ecfff8aeba7,timestamped_live_quote,FBS vs FBS
2026-10-01T20:35:46Z,3c64f3dd8efd756a90f09303e5517006,2026-10-02T01:00:00Z,Tulsa Golden Hurricane,North Texas Mean Green,betus,BetUS,2026-10-01T20:35:27Z,2026-10-01T20:35:27Z,Tulsa Golden Hurricane,2.5,-105.0,2026,2026-10-01T20:35:46Z,1344,5.427931709022538,7.242740699553364,0.6851910094691736,807aa80048d80e577104f04f9dc527bcbdecbac1e0bd777c98286ecfff8aeba7,timestamped_live_quote,FBS vs FBS
2026-10-01T20:35:46Z,3c64f3dd8efd756a90f09303e5517006,2026-10-02T01:00:00Z,Tulsa Golden Hurricane,North Texas Mean Green,bovada,Bovada,2026-10-01T20:31:42Z,2026-10-01T20:31:42Z,North Texas Mean Green,-2.5,-115.0,2026,2026-10-01T20:35:46Z,1344,5.427931709022538,7.242740699553364,0.6851910094691736,807aa80048d80e577104f04f9dc527bcbdecbac1e0bd777c98286ecfff8aeba7,timestamped_live_quote,FBS vs FBS
2026-10-01T20:35:46Z,3c64f3dd8efd756a90f09303e5517006,2026-10-02T01:00:00Z,Tulsa Golden Hurricane,North Texas Mean Green,bovada,Bovada,2026-10-01T20:31:42Z,2026-10-01T20:31:42Z,Tulsa Golden Hurricane,2.5,-105.0,2026,2026-10-01T20:35:46Z,1344,5.427931709022538,7.242740699553364,0.6851910094691736,807aa80048d80e577104f04f9dc527bcbdecbac1e0bd777c98286ecfff8aeba7,timestamped_live_quote,FBS vs FBS
2026-10-01T20:35:46Z,a39f3695781e9b2f76011e921d63b124,2026-10-02T23:00:00Z,Delaware Blue Hens,Liberty Flames,fanduel,FanDuel,2026-10-01T20:35:29Z,2026-10-01T20:35:29Z,Delaware Blue Hens,6.5,-105.0,2026,2026-10-01T20:35:46Z,1344,1.0499836132514468,7.262347146911765,-3.7123635336603176,807aa80048d80e577104f04f9dc527bcbdecbac1e0bd777c98286ecfff8aeba7,timestamped_live_quote,FBS vs FBS
2026-10-01T20:35:46Z,a39f3695781e9b2f76011e921d63b124,2026-10-02T23:00:00Z,Delaware Blue Hens,Liberty Flames,fanduel,FanDuel,2026-10-01T20:35:29Z,2026-10-01T20:35:29Z,Liberty Flames,-6.5,-115.0,2026,2026-10-01T20:35:46Z,1344,1.0499836132514468,7.262347146911765,-3.7123635336603176,807aa80048d80e577104f04f9dc527bcbdecbac1e0bd777c98286ecfff8aeba7,timestamped_live_quote,FBS vs FBS
2026-10-01T20:35:46Z,a39f3695781e9b2f76011e921d63b124,2026-10-02T23:00:00Z,Delaware Blue Hens,Liberty Flames,betonlineag,BetOnline.ag,2026-10-01T20:35:44Z,2026-10-01T20:35:43Z,Delaware Blue Hens,7.0,-122.0,2026,2026-10-01T20:35:46Z,1344,1.0499836132514468,7.262347146911765,-3.7123635336603176,807aa80048d80e577104f04f9dc527bcbdecbac1e0bd777c98286ecfff8aeba7,timestamped_live_quote,FBS vs FBS
2026-10-01T20:35:46Z,a39f3695781e9b2f76011e921d63b124,2026-10-02T23:00:00Z,Delaware Blue Hens,Liberty Flames,betonlineag,BetOnline.ag,2026-10-01T20:35:44Z,2026-10-01T20:35:43Z,Liberty Flames,-7.0,102.0,2026,2026-10-01T20:35:46Z,1344,1.0499836132514468,7.262347146911765,-3.7123635336603176,807aa80048d80e577104f04f9dc527bcbdecbac1e0bd777c98286ecfff8aeba7,timestamped_live_quote,FBS vs FBS
2026-10-01T20:35:46Z,a39f3695781e9b2f76011e921d63b124,2026-10-02T23:00:00Z,Delaware Blue Hens,Liberty Flames,lowvig,LowVig.ag,2026-10-01T20:34:27Z,2026-10-01T20:34:27Z,Delaware Blue Hens,6.5,103.0,2026,2026-10-01T20:35:46Z,1344,1.0499836132514468,7.262347146911765,-3.7123635336603176,807aa80048d80e577104f04f9dc527bcbdecbac1e0bd777c98286ecfff8aeba7,timestamped_live_quote,FBS vs FBS
2026-10-01T20:35:46Z,a39f3695781e9b2f76011e921d63b124,2026-10-02T23:00:00Z,Delaware Blue Hens,Liberty Flames,lowvig,LowVig.ag,2026-10-01T20:34:27Z,2026-10-01T20:34:27Z,Liberty Flames,-6.5,-115.0,2026,2026-10-01T20:35:46Z,1344,1.0499836132514468,7.262347146911765,-3.7123635336603176,807aa80048d80e577104f04f9dc527bcbdecbac1e0bd777c98286ecfff8aeba7,timestamped_live_quote,FBS vs FBS
2026-10-01T20:35:46Z,a39f3695781e9b2f76011e921d63b124,2026-10-02T23:00:00Z,Delaware Blue Hens,Liberty Flames,draftkings,DraftKings,2026-10-01T20:35:46Z,2026-10-01T20:35:46Z,Delaware Blue Hens,6.5,-105.0,2026,2026-10-01T20:35:46Z,1344,1.0499836132514468,7.262347146911765,-3.7123635336603176,807aa80048d80e577104f04f9dc527bcbdecbac1e0bd777c98286ecfff8aeba7,timestamped_live_quote,FBS vs FBS
2026-10-01T20:35:46Z,a39f3695781e9b2f76011e921d63b124,2026-10-02T23:00:00Z,Delaware Blue Hens,Liberty Flames,draftkings,DraftKings,2026-10-01T20:35:46Z,2026-10-01T20:35:46Z,Liberty Flames,-6.5,-115.0,2026,2026-10-01T20:35:46Z,1344,1.0499836132514468,7.262347146911765,-3.7123635336603176,807aa80048d80e577104f04f9dc527bcbdecbac1e0bd777c98286ecfff8aeba7,timestamped_live_quote,FBS vs FBS
2026-10-01T20:35:46Z,a39f3695781e9b2f76011e921d63b124,2026-10-02T23:00:00Z,Delaware Blue Hens,Liberty Flames,betmgm,BetMGM,2026-10-01T20:35:29Z,2026-10-01T20:35:29Z,Delaware Blue Hens,6.5,-105.0,2026,2026-10-01T20:35:46Z,1344,1.0499836132514468,7.262347146911765,-3.7123635336603176,807aa80048d80e577104f04f9dc527bcbdecbac1e0bd777c98286ecfff8aeba7,timestamped_live_quote,FBS vs FBS
2026-10-01T20:35:46Z,a39f3695781e9b2f76011e921d63b124,2026-10-02T23:00:00Z,Delaware Blue Hens,Liberty Flames,betmgm,BetMGM,2026-10-01T20:35:29Z,2026-10-01T20:35:29Z,Liberty Flames,-6.5,-112.0,2026,2026-10-01T20:35:46Z,1344,1.0499836132514468,7.262347146911765,-3.7123635336603176,807aa80048d80e577104f04f9dc527bcbdecbac1e0bd777c98286ecfff8aeba7,timestamped_live_quote,FBS vs FBS
2026-10-01T20:35:46Z,a39f3695781e9b2f76011e921d63b124,2026-10-02T23:00:00Z,Delaware Blue Hens,Liberty Flames,mybookieag,MyBookie.ag,2026-10-01T20:34:30Z,2026-10-01T20:34:30Z,Delaware Blue Hens,7.0,-120.0,2026,2026-10-01T20:35:46Z,1344,1.0499836132514468,7.262347146911765,-3.7123635336603176,807aa80048d80e577104f04f9dc527bcbdecbac1e0bd777c98286ecfff8aeba7,timestamped_live_quote,FBS vs FBS
2026-10-01T20:35:46Z,a39f3695781e9b2f76011e921d63b124,2026-10-02T23:00:00Z,Delaware Blue Hens,Liberty Flames,mybookieag,MyBookie.ag,2026-10-01T20:34:30Z,2026-10-01T20:34:30Z,Liberty Flames,-7.0,100.0,2026,2026-10-01T20:35:46Z,1344,1.0499836132514468,7.262347146911765,-3.7123635336603176,807aa80048d80e577104f04f9dc527bcbdecbac1e0bd777c98286ecfff8aeba7,timestamped_live_quote,FBS vs FBS
2026-10-01T20:35:46Z,a39f3695781e9b2f76011e921d63b124,2026-10-02T23:00:00Z,Delaware Blue Hens,Liberty Flames,betus,BetUS,2026-10-01T20:35:27Z,2026-10-01T20:35:27Z,Delaware Blue Hens,7.0,-115.0,2026,2026-10-01T20:35:46Z,1344,1.0499836132514468,7.262347146911765,-3.7123635336603176,807aa80048d80e577104f04f9dc527bcbdecbac1e0bd777c98286ecfff8aeba7,timestamped_live_quote,FBS vs FBS
2026-10-01T20:35:46Z,a39f3695781e9b2f76011e921d63b124,2026-10-02T23:00:00Z,Delaware Blue Hens,Liberty Flames,betus,BetUS,2026-10-01T20:35:27Z,2026-10-01T20:35:27Z,Liberty Flames,-7.0,-105.0,2026,2026-10-01T20:35:46Z,1344,1.0499836132514468,7.262347146911765,-3.7123635336603176,807aa80048d80e577104f04f9dc527bcbdecbac1e0bd777c98286ecfff8aeba7,timestamped_live_quote,FBS vs FBS
2026-10-01T20:35:46Z,a39f3695781e9b2f76011e921d63b124,2026-10-02T23:00:00Z,Delaware Blue Hens,Liberty Flames,bovada,Bovada,2026-10-01T20:31:42Z,2026-10-01T20:31:42Z,Delaware Blue Hens,6.5,100.0,2026,2026-10-01T20:35:46Z,1344,1.0499836132514468,7.262347146911765,-3.7123635336603176,807aa80048d80e577104f04f9dc527bcbdecbac1e0bd777c98286ecfff8aeba7,timestamped_live_quote,FBS vs FBS
2026-10-01T20:35:46Z,a39f3695781e9b2f76011e921d63b124,2026-10-02T23:00:00Z,Delaware Blue Hens,Liberty Flames,bovada,Bovada,2026-10-01T20:31:42Z,2026-10-01T20:31:42Z,Liberty Flames,-6.5,-120.0,2026,2026-10-01T20:35:46Z,1344,1.0499836132514468,7.262347146911765,-3.7123635336603176,807aa80048d80e577104f04f9dc527bcbdecbac1e0bd777c98286ecfff8aeba7,timestamped_live_quote,FBS vs FBS
2026-10-01T20:35:46Z,e61c74f0e28b46ad83270a6234b425f4,2026-10-02T23:00:00Z,Virginia Tech Hokies,Pittsburgh Panthers,draftkings,DraftKings,2026-10-01T20:35:46Z,2026-10-01T20:35:46Z,Pittsburgh Panthers,2.5,-105.0,2026,2026-10-01T20:35:46Z,1344,12.110921526737998,15.694368742639783,-1.083447215901785,807aa80048d80e577104f04f9dc527bcbdecbac1e0bd777c98286ecfff8aeba7,timestamped_live_quote,FBS vs FBS
2026-10-01T20:35:46Z,e61c74f0e28b46ad83270a6234b425f4,2026-10-02T23:00:00Z,Virginia Tech Hokies,Pittsburgh Panthers,draftkings,DraftKings,2026-10-01T20:35:46Z,2026-10-01T20:35:46Z,Virginia Tech Hokies,-2.5,-115.0,2026,2026-10-01T20:35:46Z,1344,12.110921526737998,15.694368742639783,-1.083447215901785,807aa80048d80e577104f04f9dc527bcbdecbac1e0bd777c98286ecfff8aeba7,timestamped_live_quote,FBS vs FBS
2026-10-01T20:35:46Z,e61c74f0e28b46ad83270a6234b425f4,2026-10-02T23:00:00Z,Virginia Tech Hokies,Pittsburgh Panthers,fanduel,FanDuel,2026-10-01T20:35:29Z,2026-10-01T20:35:29Z,Pittsburgh Panthers,2.5,-102.0,2026,2026-10-01T20:35:46Z,1344,12.110921526737998,15.694368742639783,-1.083447215901785,807aa80048d80e577104f04f9dc527bcbdecbac1e0bd777c98286ecfff8aeba7,timestamped_live_quote,FBS vs FBS
2026-10-01T20:35:46Z,e61c74f0e28b46ad83270a6234b425f4,2026-10-02T23:00:00Z,Virginia Tech Hokies,Pittsburgh Panthers,fanduel,FanDuel,2026-10-01T20:35:29Z,2026-10-01T20:35:29Z,Virginia Tech Hokies,-2.5,-120.0,2026,2026-10-01T20:35:46Z,1344,12.110921526737998,15.694368742639783,-1.083447215901785,807aa80048d80e577104f04f9dc527bcbdecbac1e0bd777c98286ecfff8aeba7,timestamped_live_quote,FBS vs FBS
2026-10-01T20:35:46Z,e61c74f0e28b46ad83270a6234b425f4,2026-10-02T23:00:00Z,Virginia Tech Hokies,Pittsburgh Panthers,mybookieag,MyBookie.ag,2026-10-01T20:34:30Z,2026-10-01T20:34:30Z,Pittsburgh Panthers,2.5,-110.0,2026,2026-10-01T20:35:46Z,1344,12.110921526737998,15.694368742639783,-1.083447215901785,807aa80048d80e577104f04f9dc527bcbdecbac1e0bd777c98286ecfff8aeba7,timestamped_live_quote,FBS vs FBS
2026-10-01T20:35:46Z,e61c74f0e28b46ad83270a6234b425f4,2026-10-02T23:00:00Z,Virginia Tech Hokies,Pittsburgh Panthers,mybookieag,MyBookie.ag,2026-10-01T20:34:30Z,2026-10-01T20:34:30Z,Virginia Tech Hokies,-2.5,-110.0,2026,2026-10-01T20:35:46Z,1344,12.110921526737998,15.694368742639783,-1.083447215901785,807aa80048d80e577104f04f9dc527bcbdecbac1e0bd777c98286ecfff8aeba7,timestamped_live_quote,FBS vs FBS
2026-10-01T20:35:46Z,e61c74f0e28b46ad83270a6234b425f4,2026-10-02T23:00:00Z,Virginia Tech Hokies,Pittsburgh Panthers,betonlineag,BetOnline.ag,2026-10-01T20:35:44Z,2026-10-01T20:35:43Z,Pittsburgh Panthers,2.5,-110.0,2026,2026-10-01T20:35:46Z,1344,12.110921526737998,15.694368742639783,-1.083447215901785,807aa80048d80e577104f04f9dc527bcbdecbac1e0bd777c98286ecfff8aeba7,timestamped_live_quote,FBS vs FBS
2026-10-01T20:35:46Z,e61c74f0e28b46ad83270a6234b425f4,2026-10-02T23:00:00Z,Virginia Tech Hokies,Pittsburgh Panthers,betonlineag,BetOnline.ag,2026-10-01T20:35:44Z,2026-10-01T20:35:43Z,Virginia Tech Hokies,-2.5,-110.0,2026,2026-10-01T20:35:46Z,1344,12.110921526737998,15.694368742639783,-1.083447215901785,807aa80048d80e577104f04f9dc527bcbdecbac1e0bd777c98286ecfff8aeba7,timestamped_live_quote,FBS vs FBS
2026-10-01T20:35:46Z,e61c74f0e28b46ad83270a6234b425f4,2026-10-02T23:00:00Z,Virginia Tech Hokies,Pittsburgh Panthers,lowvig,LowVig.ag,2026-10-01T20:34:27Z,2026-10-01T20:34:27Z,Pittsburgh Panthers,2.5,-106.0,2026,2026-10-01T20:35:46Z,1344,12.110921526737998,15.694368742639783,-1.083447215901785,807aa80048d80e577104f04f9dc527bcbdecbac1e0bd777c98286ecfff8aeba7,timestamped_live_quote,FBS vs FBS
2026-10-01T20:35:46Z,e61c74f0e28b46ad83270a6234b425f4,2026-10-02T23:00:00Z,Virginia Tech Hokies,Pittsburgh Panthers,lowvig,LowVig.ag,2026-10-01T20:34:27Z,2026-10-01T20:34:27Z,Virginia Tech Hokies,-2.5,-106.0,2026,2026-10-01T20:35:46Z,1344,12.110921526737998,15.694368742639783,-1.083447215901785,807aa80048d80e577104f04f9dc527bcbdecbac1e0bd777c98286ecfff8aeba7,timestamped_live_quote,FBS vs FBS
2026-10-01T20:35:46Z,e61c74f0e28b46ad83270a6234b425f4,2026-10-02T23:00:00Z,Virginia Tech Hokies,Pittsburgh Panthers,betmgm,BetMGM,2026-10-01T20:35:29Z,2026-10-01T20:35:29Z,Pittsburgh Panthers,2.5,-102.0,2026,2026-10-01T20:35:46Z,1344,12.110921526737998,15.694368742639783,-1.083447215901785,807aa80048d80e577104f04f9dc527bcbdecbac1e0bd777c98286ecfff8aeba7,timestamped_live_quote,FBS vs FBS
2026-10-01T20:35:46Z,e61c74f0e28b46ad83270a6234b425f4,2026-10-02T23:00:00Z,Virginia Tech Hokies,Pittsburgh Panthers,betmgm,BetMGM,2026-10-01T20:35:29Z,2026-10-01T20:35:29Z,Virginia Tech Hokies,-2.5,-115.0,2026,2026-10-01T20:35:46Z,1344,12.110921526737998,15.694368742639783,-1.083447215901785,807aa80048d80e577104f04f9dc527bcbdecbac1e0bd777c98286ecfff8aeba7,timestamped_live_quote,FBS vs FBS
2026-10-01T20:35:46Z,e61c74f0e28b46ad83270a6234b425f4,2026-10-02T23:00:00Z,Virginia Tech Hokies,Pittsburgh Panthers,betus,BetUS,2026-10-01T20:35:27Z,2026-10-01T20:35:27Z,Pittsburgh Panthers,2.5,-110.0,2026,2026-10-01T20:35:46Z,1344,12.110921526737998,15.694368742639783,-1.083447215901785,807aa80048d80e577104f04f9dc527bcbdecbac1e0bd777c98286ecfff8aeba7,timestamped_live_quote,FBS vs FBS
2026-10-01T20:35:46Z,e61c74f0e28b46ad83270a6234b425f4,2026-10-02T23:00:00Z,Virginia Tech Hokies,Pittsburgh Panthers,betus,BetUS,2026-10-01T20:35:27Z,2026-10-01T20:35:27Z,Virginia Tech Hokies,-2.5,-110.0,2026,2026-10-01T20:35:46Z,1344,12.110921526737998,15.694368742639783,-1.083447215901785,807aa80048d80e577104f04f9dc527bcbdecbac1e0bd777c98286ecfff8aeba7,timestamped_live_quote,FBS vs FBS
2026-10-01T20:35:46Z,e61c74f0e28b46ad83270a6234b425f4,2026-10-02T23:00:00Z,Virginia Tech Hokies,Pittsburgh Panthers,bovada,Bovada,2026-10-01T20:31:42Z,2026-10-01T20:31:42Z,Pittsburgh Panthers,2.5,-105.0,2026,2026-10-01T20:35:46Z,1344,12.110921526737998,15.694368742639783,-1.083447215901785,807aa80048d80e577104f04f9dc527bcbdecbac1e0bd777c98286ecfff8aeba7,timestamped_live_quote,FBS vs FBS
2026-10-01T20:35:46Z,e61c74f0e28b46ad83270a6234b425f4,2026-10-02T23:00:00Z,Virginia Tech Hokies,Pittsburgh Panthers,bovada,Bovada,2026-10-01T20:31:42Z,2026-10-01T20:31:42Z,Virginia Tech Hokies,-2.5,-115.0,2026,2026-10-01T20:35:46Z,1344,12.110921526737998,15.694368742639783,-1.083447215901785,807aa80048d80e577104f04f9dc527bcbdecbac1e0bd777c98286ecfff8aeba7,timestamped_live_quote,FBS vs FBS
2026-10-01T20:35:46Z,0469a451e58ca81723a7760d4bede173,2026-10-03T00:00:00Z,Northwestern Wildcats,Penn State Nittany Lions,draftkings,DraftKings,2026-10-01T20:35:46Z,2026-10-01T20:35:46Z,Northwestern Wildcats,3.0,-118.0,2026,2026-10-01T20:35:46Z,1344,10.102834228958693,12.572499270091328,0.030334958867365813,807aa80048d80e577104f04f9dc527bcbdecbac1e0bd777c98286ecfff8aeba7,timestamped_live_quote,FBS vs FBS
2026-10-01T20:35:46Z,0469a451e58ca81723a7760d4bede173,2026-10-03T00:00:00Z,Northwestern Wildcats,Penn State Nittany Lions,draftkings,DraftKings,2026-10-01T20:35:46Z,2026-10-01T20:35:46Z,Penn State Nittany Lions,-3.0,-102.0,2026,2026-10-01T20:35:46Z,1344,10.102834228958693,12.572499270091328,0.030334958867365813,807aa80048d80e577104f04f9dc527bcbdecbac1e0bd777c98286ecfff8aeba7,timestamped_live_quote,FBS vs FBS
2026-10-01T20:35:46Z,0469a451e58ca81723a7760d4bede173,2026-10-03T00:00:00Z,Northwestern Wildcats,Penn State Nittany Lions,fanduel,FanDuel,2026-10-01T20:35:29Z,2026-10-01T20:35:29Z,Northwestern Wildcats,2.5,100.0,2026,2026-10-01T20:35:46Z,1344,10.102834228958693,12.572499270091328,0.030334958867365813,807aa80048d80e577104f04f9dc527bcbdecbac1e0bd777c98286ecfff8aeba7,timestamped_live_quote,FBS vs FBS
2026-10-01T20:35:46Z,0469a451e58ca81723a7760d4bede173,2026-10-03T00:00:00Z,Northwestern Wildcats,Penn State Nittany Lions,fanduel,FanDuel,2026-10-01T20:35:29Z,2026-10-01T20:35:29Z,Penn State Nittany Lions,-2.5,-122.0,2026,2026-10-01T20:35:46Z,1344,10.102834228958693,12.572499270091328,0.030334958867365813,807aa80048d80e577104f04f9dc527bcbdecbac1e0bd777c98286ecfff8aeba7,timestamped_live_quote,FBS vs FBS
2026-10-01T20:35:46Z,0469a451e58ca81723a7760d4bede173,2026-10-03T00:00:00Z,Northwestern Wildcats,Penn State Nittany Lions,mybookieag,MyBookie.ag,2026-10-01T20:34:30Z,2026-10-01T20:34:30Z,Northwestern Wildcats,2.5,-105.0,2026,2026-10-01T20:35:46Z,1344,10.102834228958693,12.572499270091328,0.030334958867365813,807aa80048d80e577104f04f9dc527bcbdecbac1e0bd777c98286ecfff8aeba7,timestamped_live_quote,FBS vs FBS
2026-10-01T20:35:46Z,0469a451e58ca81723a7760d4bede173,2026-10-03T00:00:00Z,Northwestern Wildcats,Penn State Nittany Lions,mybookieag,MyBookie.ag,2026-10-01T20:34:30Z,2026-10-01T20:34:30Z,Penn State Nittany Lions,-2.5,-115.0,2026,2026-10-01T20:35:46Z,1344,10.102834228958693,12.572499270091328,0.030334958867365813,807aa80048d80e577104f04f9dc527bcbdecbac1e0bd777c98286ecfff8aeba7,timestamped_live_quote,FBS vs FBS
2026-10-01T20:35:46Z,0469a451e58ca81723a7760d4bede173,2026-10-03T00:00:00Z,Northwestern Wildcats,Penn State Nittany Lions,lowvig,LowVig.ag,2026-10-01T20:34:27Z,2026-10-01T20:34:27Z,Northwestern Wildcats,2.5,104.0,2026,2026-10-01T20:35:46Z,1344,10.102834228958693,12.572499270091328,0.030334958867365813,807aa80048d80e577104f04f9dc527bcbdecbac1e0bd777c98286ecfff8aeba7,timestamped_live_quote,FBS vs FBS
2026-10-01T20:35:46Z,0469a451e58ca81723a7760d4bede173,2026-10-03T00:00:00Z,Northwestern Wildcats,Penn State Nittany Lions,lowvig,LowVig.ag,2026-10-01T20:34:27Z,2026-10-01T20:34:27Z,Penn State Nittany Lions,-2.5,-116.0,2026,2026-10-01T20:35:46Z,1344,10.102834228958693,12.572499270091328,0.030334958867365813,807aa80048d80e577104f04f9dc527bcbdecbac1e0bd777c98286ecfff8aeba7,timestamped_live_quote,FBS vs FBS
2026-10-01T20:35:46Z,0469a451e58ca81723a7760d4bede173,2026-10-03T00:00:00Z,Northwestern Wildcats,Penn State Nittany Lions,betonlineag,BetOnline.ag,2026-10-01T20:35:44Z,2026-10-01T20:35:43Z,Northwestern Wildcats,2.5,100.0,2026,2026-10-01T20:35:46Z,1344,10.102834228958693,12.572499270091328,0.030334958867365813,807aa80048d80e577104f04f9dc527bcbdecbac1e0bd777c98286ecfff8aeba7,timestamped_live_quote,FBS vs FBS
2026-10-01T20:35:46Z,0469a451e58ca81723a7760d4bede173,2026-10-03T00:00:00Z,Northwestern Wildcats,Penn State Nittany Lions,betonlineag,BetOnline.ag,2026-10-01T20:35:44Z,2026-10-01T20:35:43Z,Penn State Nittany Lions,-2.5,-120.0,2026,2026-10-01T20:35:46Z,1344,10.102834228958693,12.572499270091328,0.030334958867365813,807aa80048d80e577104f04f9dc527bcbdecbac1e0bd777c98286ecfff8aeba7,timestamped_live_quote,FBS vs FBS
2026-10-01T20:35:46Z,0469a451e58ca81723a7760d4bede173,2026-10-03T00:00:00Z,Northwestern Wildcats,Penn State Nittany Lions,betmgm,BetMGM,2026-10-01T20:35:29Z,2026-10-01T20:35:29Z,Northwestern Wildcats,3.0,-118.0,2026,2026-10-01T20:35:46Z,1344,10.102834228958693,12.572499270091328,0.030334958867365813,807aa80048d80e577104f04f9dc527bcbdecbac1e0bd777c98286ecfff8aeba7,timestamped_live_quote,FBS vs FBS
2026-10-01T20:35:46Z,0469a451e58ca81723a7760d4bede173,2026-10-03T00:00:00Z,Northwestern Wildcats,Penn State Nittany Lions,betmgm,BetMGM,2026-10-01T20:35:29Z,2026-10-01T20:35:29Z,Penn State Nittany Lions,-3.0,-102.0,2026,2026-10-01T20:35:46Z,1344,10.102834228958693,12.572499270091328,0.030334958867365813,807aa80048d80e577104f04f9dc527bcbdecbac1e0bd777c98286ecfff8aeba7,timestamped_live_quote,FBS vs FBS
2026-10-01T20:35:46Z,0469a451e58ca81723a7760d4bede173,2026-10-03T00:00:00Z,Northwestern Wildcats,Penn State Nittany Lions,betus,BetUS,2026-10-01T20:35:27Z,2026-10-01T20:35:27Z,Northwestern Wildcats,3.0,-120.0,2026,2026-10-01T20:35:46Z,1344,10.102834228958693,12.572499270091328,0.030334958867365813,807aa80048d80e577104f04f9dc527bcbdecbac1e0bd777c98286ecfff8aeba7,timestamped_live_quote,FBS vs FBS
2026-10-01T20:35:46Z,0469a451e58ca81723a7760d4bede173,2026-10-03T00:00:00Z,Northwestern Wildcats,Penn State Nittany Lions,betus,BetUS,2026-10-01T20:35:27Z,2026-10-01T20:35:27Z,Penn State Nittany Lions,-3.0,100.0,2026,2026-10-01T20:35:46Z,1344,10.102834228958693,12.572499270091328,0.030334958867365813,807aa80048d80e577104f04f9dc527bcbdecbac1e0bd777c98286ecfff8aeba7,timestamped_live_quote,FBS vs FBS
2026-10-01T20:35:46Z,0469a451e58ca81723a7760d4bede173,2026-10-03T00:00:00Z,Northwestern Wildcats,Penn State Nittany Lions,bovada,Bovada,2026-10-01T20:31:42Z,2026-10-01T20:31:42Z,Northwestern Wildcats,3.0,-120.0,2026,2026-10-01T20:35:46Z,1344,10.102834228958693,12.572499270091328,0.030334958867365813,807aa80048d80e577104f04f9dc527bcbdecbac1e0bd777c98286ecfff8aeba7,timestamped_live_quote,FBS vs FBS
2026-10-01T20:35:46Z,0469a451e58ca81723a7760d4bede173,2026-10-03T00:00:00Z,Northwestern Wildcats,Penn State Nittany Lions,bovada,Bovada,2026-10-01T20:31:42Z,2026-10-01T20:31:42Z,Penn State Nittany Lions,-3.0,100.0,2026,2026-10-01T20:35:46Z,1344,10.102834228958693,12.572499270091328,0.030334958867365813,807aa80048d80e577104f04f9dc527bcbdecbac1e0bd777c98286ecfff8aeba7,timestamped_live_quote,FBS vs FBS
2026-10-01T20:35:46Z,4fcb5b7ec04cad7acc5d048bdd24be4c,2026-10-03T16:00:00Z,Air Force Falcons,Navy Midshipmen,fanduel,FanDuel,2026-10-01T20:35:29Z,2026-10-01T20:35:29Z,Air Force Falcons,-3.5,-105.0,2026,2026-10-01T20:35:46Z,1344,4.5829938729007464,0.9222087864428041,6.160785086457942,807aa80048d80e577104f04f9dc527bcbdecbac1e0bd777c98286ecfff8aeba7,timestamped_live_quote,FBS vs FBS
2026-10-01T20:35:46Z,4fcb5b7ec04cad7acc5d048bdd24be4c,2026-10-03T16:00:00Z,Air Force Falcons,Navy Midshipmen,fanduel,FanDuel,2026-10-01T20:35:29Z,2026-10-01T20:35:29Z,Navy Midshipmen,3.5,-115.0,2026,2026-10-01T20:35:46Z,1344,4.5829938729007464,0.9222087864428041,6.160785086457942,807aa80048d80e577104f04f9dc527bcbdecbac1e0bd777c98286ecfff8aeba7,timestamped_live_quote,FBS vs FBS
2026-10-01T20:35:46Z,4fcb5b7ec04cad7acc5d048bdd24be4c,2026-10-03T16:00:00Z,Air Force Falcons,Navy Midshipmen,draftkings,DraftKings,2026-10-01T20:35:46Z,2026-10-01T20:35:46Z,Air Force Falcons,-3.5,-102.0,2026,2026-10-01T20:35:46Z,1344,4.5829938729007464,0.9222087864428041,6.160785086457942,807aa80048d80e577104f04f9dc527bcbdecbac1e0bd777c98286ecfff8aeba7,timestamped_live_quote,FBS vs FBS
2026-10-01T20:35:46Z,4fcb5b7ec04cad7acc5d048bdd24be4c,2026-10-03T16:00:00Z,Air Force Falcons,Navy Midshipmen,draftkings,DraftKings,2026-10-01T20:35:46Z,2026-10-01T20:35:46Z,Navy Midshipmen,3.5,-118.0,2026,2026-10-01T20:35:46Z,1344,4.5829938729007464,0.9222087864428041,6.160785086457942,807aa80048d80e577104f04f9dc527bcbdecbac1e0bd777c98286ecfff8aeba7,timestamped_live_quote,FBS vs FBS
2026-10-01T20:35:46Z,4fcb5b7ec04cad7acc5d048bdd24be4c,2026-10-03T16:00:00Z,Air Force Falcons,Navy Midshipmen,lowvig,LowVig.ag,2026-10-01T20:34:27Z,2026-10-01T20:34:27Z,Air Force Falcons,-3.5,100.0,2026,2026-10-01T20:35:46Z,1344,4.5829938729007464,0.9222087864428041,6.160785086457942,807aa80048d80e577104f04f9dc527bcbdecbac1e0bd777c98286ecfff8aeba7,timestamped_live_quote,FBS vs FBS
2026-10-01T20:35:46Z,4fcb5b7ec04cad7acc5d048bdd24be4c,2026-10-03T16:00:00Z,Air Force Falcons,Navy Midshipmen,lowvig,LowVig.ag,2026-10-01T20:34:27Z,2026-10-01T20:34:27Z,Navy Midshipmen,3.5,-112.0,2026,2026-10-01T20:35:46Z,1344,4.5829938729007464,0.9222087864428041,6.160785086457942,807aa80048d80e577104f04f9dc527bcbdecbac1e0bd777c98286ecfff8aeba7,timestamped_live_quote,FBS vs FBS
2026-10-01T20:35:46Z,4fcb5b7ec04cad7acc5d048bdd24be4c,2026-10-03T16:00:00Z,Air Force Falcons,Navy Midshipmen,betonlineag,BetOnline.ag,2026-10-01T20:35:44Z,2026-10-01T20:35:44Z,Air Force Falcons,-3.5,-105.0,2026,2026-10-01T20:35:46Z,1344,4.5829938729007464,0.9222087864428041,6.160785086457942,807aa80048d80e577104f04f9dc527bcbdecbac1e0bd777c98286ecfff8aeba7,timestamped_live_quote,FBS vs FBS
2026-10-01T20:35:46Z,4fcb5b7ec04cad7acc5d048bdd24be4c,2026-10-03T16:00:00Z,Air Force Falcons,Navy Midshipmen,betonlineag,BetOnline.ag,2026-10-01T20:35:44Z,2026-10-01T20:35:44Z,Navy Midshipmen,3.5,-115.0,2026,2026-10-01T20:35:46Z,1344,4.5829938729007464,0.9222087864428041,6.160785086457942,807aa80048d80e577104f04f9dc527bcbdecbac1e0bd777c98286ecfff8aeba7,timestamped_live_quote,FBS vs FBS
2026-10-01T20:35:46Z,4fcb5b7ec04cad7acc5d048bdd24be4c,2026-10-03T16:00:00Z,Air Force Falcons,Navy Midshipmen,betmgm,BetMGM,2026-10-01T20:35:29Z,2026-10-01T20:35:29Z,Air Force Falcons,-3.5,-105.0,2026,2026-10-01T20:35:46Z,1344,4.5829938729007464,0.9222087864428041,6.160785086457942,807aa80048d80e577104f04f9dc527bcbdecbac1e0bd777c98286ecfff8aeba7,timestamped_live_quote,FBS vs FBS
2026-10-01T20:35:46Z,4fcb5b7ec04cad7acc5d048bdd24be4c,2026-10-03T16:00:00Z,Air Force Falcons,Navy Midshipmen,betmgm,BetMGM,2026-10-01T20:35:29Z,2026-10-01T20:35:29Z,Navy Midshipmen,3.5,-112.0,2026,2026-10-01T20:35:46Z,1344,4.5829938729007464,0.9222087864428041,6.160785086457942,807aa80048d80e577104f04f9dc527bcbdecbac1e0bd777c98286ecfff8aeba7,timestamped_live_quote,FBS vs FBS
2026-10-01T20:35:46Z,4fcb5b7ec04cad7acc5d048bdd24be4c,2026-10-03T16:00:00Z,Air Force Falcons,Navy Midshipmen,mybookieag,MyBookie.ag,2026-10-01T20:34:30Z,2026-10-01T20:34:30Z,Air Force Falcons,-3.5,-110.0,2026,2026-10-01T20:35:46Z,1344,4.5829938729007464,0.9222087864428041,6.160785086457942,807aa80048d80e577104f04f9dc527bcbdecbac1e0bd777c98286ecfff8aeba7,timestamped_live_quote,FBS vs FBS
2026-10-01T20:35:46Z,4fcb5b7ec04cad7acc5d048bdd24be4c,2026-10-03T16:00:00Z,Air Force Falcons,Navy Midshipmen,mybookieag,MyBookie.ag,2026-10-01T20:34:30Z,2026-10-01T20:34:30Z,Navy Midshipmen,3.5,-110.0,2026,2026-10-01T20:35:46Z,1344,4.5829938729007464,0.9222087864428041,6.160785086457942,807aa80048d80e577104f04f9dc527bcbdecbac1e0bd777c98286ecfff8aeba7,timestamped_live_quote,FBS vs FBS
2026-10-01T20:35:46Z,4fcb5b7ec04cad7acc5d048bdd24be4c,2026-10-03T16:00:00Z,Air Force Falcons,Navy Midshipmen,betus,BetUS,2026-10-01T20:35:27Z,2026-10-01T20:35:27Z,Air Force Falcons,-3.5,-105.0,2026,2026-10-01T20:35:46Z,1344,4.5829938729007464,0.9222087864428041,6.160785086457942,807aa80048d80e577104f04f9dc527bcbdecbac1e0bd777c98286ecfff8aeba7,timestamped_live_quote,FBS vs FBS
2026-10-01T20:35:46Z,4fcb5b7ec04cad7acc5d048bdd24be4c,2026-10-03T16:00:00Z,Air Force Falcons,Navy Midshipmen,betus,BetUS,2026-10-01T20:35:27Z,2026-10-01T20:35:27Z,Navy Midshipmen,3.5,-115.0,2026,2026-10-01T20:35:46Z,1344,4.5829938729007464,0.9222087864428041,6.160785086457942,807aa80048d80e577104f04f9dc527bcbdecbac1e0bd777c98286ecfff8aeba7,timestamped_live_quote,FBS vs FBS
2026-10-01T20:35:46Z,4fcb5b7ec04cad7acc5d048bdd24be4c,2026-10-03T16:00:00Z,Air Force Falcons,Navy Midshipmen,bovada,Bovada,2026-10-01T20:31:42Z,2026-10-01T20:31:42Z,Air Force Falcons,-3.5,-105.0,2026,2026-10-01T20:35:46Z,1344,4.5829938729007464,0.9222087864428041,6.160785086457942,807aa80048d80e577104f04f9dc527bcbdecbac1e0bd777c98286ecfff8aeba7,timestamped_live_quote,FBS vs FBS
2026-10-01T20:35:46Z,4fcb5b7ec04cad7acc5d048bdd24be4c,2026-10-03T16:00:00Z,Air Force Falcons,Navy Midshipmen,bovada,Bovada,2026-10-01T20:31:42Z,2026-10-01T20:31:42Z,Navy Midshipmen,3.5,-115.0,2026,2026-10-01T20:35:46Z,1344,4.5829938729007464,0.9222087864428041,6.160785086457942,807aa80048d80e577104f04f9dc527bcbdecbac1e0bd777c98286ecfff8aeba7,timestamped_live_quote,FBS vs FBS
2026-10-01T20:35:46Z,6b22daf46195be6b3748584efe89dac1,2026-10-03T16:00:00Z,Mississippi State Bulldogs,Alabama Crimson Tide,draftkings,DraftKings,2026-10-01T20:35:46Z,2026-10-01T20:35:46Z,Alabama Crimson Tide,-6.0,-108.0,2026,2026-10-01T20:35:46Z,1344,12.892459712903815,15.976498073867353,-0.5840383609635378,807aa80048d80e577104f04f9dc527bcbdecbac1e0bd777c98286ecfff8aeba7,timestamped_live_quote,FBS vs FBS
2026-10-01T20:35:46Z,6b22daf46195be6b3748584efe89dac1,2026-10-03T16:00:00Z,Mississippi State Bulldogs,Alabama Crimson Tide,draftkings,DraftKings,2026-10-01T20:35:46Z,2026-10-01T20:35:46Z,Mississippi State Bulldogs,6.0,-112.0,2026,2026-10-01T20:35:46Z,1344,12.892459712903815,15.976498073867353,-0.5840383609635378,807aa80048d80e577104f04f9dc527bcbdecbac1e0bd777c98286ecfff8aeba7,timestamped_live_quote,FBS vs FBS
2026-10-01T20:35:46Z,6b22daf46195be6b3748584efe89dac1,2026-10-03T16:00:00Z,Mississippi State Bulldogs,Alabama Crimson Tide,fanduel,FanDuel,2026-10-01T20:35:29Z,2026-10-01T20:35:29Z,Alabama Crimson Tide,-5.5,-110.0,2026,2026-10-01T20:35:46Z,1344,12.892459712903815,15.976498073867353,-0.5840383609635378,807aa80048d80e577104f04f9dc527bcbdecbac1e0bd777c98286ecfff8aeba7,timestamped_live_quote,FBS vs FBS
2026-10-01T20:35:46Z,6b22daf46195be6b3748584efe89dac1,2026-10-03T16:00:00Z,Mississippi State Bulldogs,Alabama Crimson Tide,fanduel,FanDuel,2026-10-01T20:35:29Z,2026-10-01T20:35:29Z,Mississippi State Bulldogs,5.5,-110.0,2026,2026-10-01T20:35:46Z,1344,12.892459712903815,15.976498073867353,-0.5840383609635378,807aa80048d80e577104f04f9dc527bcbdecbac1e0bd777c98286ecfff8aeba7,timestamped_live_quote,FBS vs FBS
2026-10-01T20:35:46Z,6b22daf46195be6b3748584efe89dac1,2026-10-03T16:00:00Z,Mississippi State Bulldogs,Alabama Crimson Tide,betmgm,BetMGM,2026-10-01T20:35:29Z,2026-10-01T20:35:29Z,Alabama Crimson Tide,-5.5,-110.0,2026,2026-10-01T20:35:46Z,1344,12.892459712903815,15.976498073867353,-0.5840383609635378,807aa80048d80e577104f04f9dc527bcbdecbac1e0bd777c98286ecfff8aeba7,timestamped_live_quote,FBS vs FBS
2026-10-01T20:35:46Z,6b22daf46195be6b3748584efe89dac1,2026-10-03T16:00:00Z,Mississippi State Bulldogs,Alabama Crimson Tide,betmgm,BetMGM,2026-10-01T20:35:29Z,2026-10-01T20:35:29Z,Mississippi State Bulldogs,5.5,-110.0,2026,2026-10-01T20:35:46Z,1344,12.892459712903815,15.976498073867353,-0.5840383609635378,807aa80048d80e577104f04f9dc527bcbdecbac1e0bd777c98286ecfff8aeba7,timestamped_live_quote,FBS vs FBS
2026-10-01T20:35:46Z,6b22daf46195be6b3748584efe89dac1,2026-10-03T16:00:00Z,Mississippi State Bulldogs,Alabama Crimson Tide,betonlineag,BetOnline.ag,2026-10-01T20:35:44Z,2026-10-01T20:35:44Z,Alabama Crimson Tide,-5.5,-112.0,2026,2026-10-01T20:35:46Z,1344,12.892459712903815,15.976498073867353,-0.5840383609635378,807aa80048d80e577104f04f9dc527bcbdecbac1e0bd777c98286ecfff8aeba7,timestamped_live_quote,FBS vs FBS
2026-10-01T20:35:46Z,6b22daf46195be6b3748584efe89dac1,2026-10-03T16:00:00Z,Mississippi State Bulldogs,Alabama Crimson Tide,betonlineag,BetOnline.ag,2026-10-01T20:35:44Z,2026-10-01T20:35:44Z,Mississippi State Bulldogs,5.5,-108.0,2026,2026-10-01T20:35:46Z,1344,12.892459712903815,15.976498073867353,-0.5840383609635378,807aa80048d80e577104f04f9dc527bcbdecbac1e0bd777c98286ecfff8aeba7,timestamped_live_quote,FBS vs FBS
2026-10-01T20:35:46Z,6b22daf46195be6b3748584efe89dac1,2026-10-03T16:00:00Z,Mississippi State Bulldogs,Alabama Crimson Tide,lowvig,LowVig.ag,2026-10-01T20:34:27Z,2026-10-01T20:34:27Z,Alabama Crimson Tide,-5.5,-108.0,2026,2026-10-01T20:35:46Z,1344,12.892459712903815,15.976498073867353,-0.5840383609635378,807aa80048d80e577104f04f9dc527bcbdecbac1e0bd777c98286ecfff8aeba7,timestamped_live_quote,FBS vs FBS
2026-10-01T20:35:46Z,6b22daf46195be6b3748584efe89dac1,2026-10-03T16:00:00Z,Mississippi State Bulldogs,Alabama Crimson Tide,lowvig,LowVig.ag,2026-10-01T20:34:27Z,2026-10-01T20:34:27Z,Mississippi State Bulldogs,5.5,-104.0,2026,2026-10-01T20:35:46Z,1344,12.892459712903815,15.976498073867353,-0.5840383609635378,807aa80048d80e577104f04f9dc527bcbdecbac1e0bd777c98286ecfff8aeba7,timestamped_live_quote,FBS vs FBS
2026-10-01T20:35:46Z,6b22daf46195be6b3748584efe89dac1,2026-10-03T16:00:00Z,Mississippi State Bulldogs,Alabama Crimson Tide,mybookieag,MyBookie.ag,2026-10-01T20:34:30Z,2026-10-01T20:34:30Z,Alabama Crimson Tide,-6.0,-110.0,2026,2026-10-01T20:35:46Z,1344,12.892459712903815,15.976498073867353,-0.5840383609635378,807aa80048d80e577104f04f9dc527bcbdecbac1e0bd777c98286ecfff8aeba7,timestamped_live_quote,FBS vs FBS
2026-10-01T20:35:46Z,6b22daf46195be6b3748584efe89dac1,2026-10-03T16:00:00Z,Mississippi State Bulldogs,Alabama Crimson Tide,mybookieag,MyBookie.ag,2026-10-01T20:34:30Z,2026-10-01T20:34:30Z,Mississippi State Bulldogs,6.0,-110.0,2026,2026-10-01T20:35:46Z,1344,12.892459712903815,15.976498073867353,-0.5840383609635378,807aa80048d80e577104f04f9dc527bcbdecbac1e0bd777c98286ecfff8aeba7,timestamped_live_quote,FBS vs FBS
2026-10-01T20:35:46Z,6b22daf46195be6b3748584efe89dac1,2026-10-03T16:00:00Z,Mississippi State Bulldogs,Alabama Crimson Tide,betus,BetUS,2026-10-01T20:35:27Z,2026-10-01T20:35:27Z,Alabama Crimson Tide,-5.5,-110.0,2026,2026-10-01T20:35:46Z,1344,12.892459712903815,15.976498073867353,-0.5840383609635378,807aa80048d80e577104f04f9dc527bcbdecbac1e0bd777c98286ecfff8aeba7,timestamped_live_quote,FBS vs FBS
2026-10-01T20:35:46Z,6b22daf46195be6b3748584efe89dac1,2026-10-03T16:00:00Z,Mississippi State Bulldogs,Alabama Crimson Tide,betus,BetUS,2026-10-01T20:35:27Z,2026-10-01T20:35:27Z,Mississippi State Bulldogs,5.5,-110.0,2026,2026-10-01T20:35:46Z,1344,12.892459712903815,15.976498073867353,-0.5840383609635378,807aa80048d80e577104f04f9dc527bcbdecbac1e0bd777c98286ecfff8aeba7,timestamped_live_quote,FBS vs FBS
2026-10-01T20:35:46Z,6b22daf46195be6b3748584efe89dac1,2026-10-03T16:00:00Z,Mississippi State Bulldogs,Alabama Crimson Tide,bovada,Bovada,2026-10-01T20:31:42Z,2026-10-01T20:31:42Z,Alabama Crimson Tide,-6.0,-105.0,2026,2026-10-01T20:35:46Z,1344,12.892459712903815,15.976498073867353,-0.5840383609635378,807aa80048d80e577104f04f9dc527bcbdecbac1e0bd777c98286ecfff8aeba7,timestamped_live_quote,FBS vs FBS
2026-10-01T20:35:46Z,6b22daf46195be6b3748584efe89dac1,2026-10-03T16:00:00Z,Mississippi State Bulldogs,Alabama Crimson Tide,bovada,Bovada,2026-10-01T20:31:42Z,2026-10-01T20:31:42Z,Mississippi State Bulldogs,6.0,-115.0,2026,2026-10-01T20:35:46Z,1344,12.892459712903815,15.976498073867353,-0.5840383609635378,807aa80048d80e577104f04f9dc527bcbdecbac1e0bd777c98286ecfff8aeba7,timestamped_live_quote,FBS vs FBS
2026-10-01T20:35:46Z,36357c80707ce0c3a645afe495b28bbd,2026-10-03T16:00:00Z,SMU Mustangs,Boston College Eagles,fanduel,FanDuel,2026-10-01T20:35:29Z,2026-10-01T20:35:29Z,Boston College Eagles,21.5,-115.0,2026,2026-10-01T20:35:46Z,1344,6.698661712109724,-0.3892557079689297,9.587917420078654,807aa80048d80e577104f04f9dc527bcbdecbac1e0bd777c98286ecfff8aeba7,timestamped_live_quote,FBS vs FBS
2026-10-01T20:35:46Z,36357c80707ce0c3a645afe495b28bbd,2026-10-03T16:00:00Z,SMU Mustangs,Boston College Eagles,fanduel,FanDuel,2026-10-01T20:35:29Z,2026-10-01T20:35:29Z,SMU Mustangs,-21.5,-105.0,2026,2026-10-01T20:35:46Z,1344,6.698661712109724,-0.3892557079689297,9.587917420078654,807aa80048d80e577104f04f9dc527bcbdecbac1e0bd777c98286ecfff8aeba7,timestamped_live_quote,FBS vs FBS
2026-10-01T20:35:46Z,36357c80707ce0c3a645afe495b28bbd,2026-10-03T16:00:00Z,SMU Mustangs,Boston College Eagles,draftkings,DraftKings,2026-10-01T20:35:46Z,2026-10-01T20:35:46Z,Boston College Eagles,21.5,-115.0,2026,2026-10-01T20:35:46Z,1344,6.698661712109724,-0.3892557079689297,9.587917420078654,807aa80048d80e577104f04f9dc527bcbdecbac1e0bd777c98286ecfff8aeba7,timestamped_live_quote,FBS vs FBS
2026-10-01T20:35:46Z,36357c80707ce0c3a645afe495b28bbd,2026-10-03T16:00:00Z,SMU Mustangs,Boston College Eagles,draftkings,DraftKings,2026-10-01T20:35:46Z,2026-10-01T20:35:46Z,SMU Mustangs,-21.5,-105.0,2026,2026-10-01T20:35:46Z,1344,6.698661712109724,-0.3892557079689297,9.587917420078654,807aa80048d80e577104f04f9dc527bcbdecbac1e0bd777c98286ecfff8aeba7,timestamped_live_quote,FBS vs FBS
2026-10-01T20:35:46Z,36357c80707ce0c3a645afe495b28bbd,2026-10-03T16:00:00Z,SMU Mustangs,Boston College Eagles,lowvig,LowVig.ag,2026-10-01T20:34:27Z,2026-10-01T20:34:27Z,Boston College Eagles,21.5,-111.0,2026,2026-10-01T20:35:46Z,1344,6.698661712109724,-0.3892557079689297,9.587917420078654,807aa80048d80e577104f04f9dc527bcbdecbac1e0bd777c98286ecfff8aeba7,timestamped_live_quote,FBS vs FBS
2026-10-01T20:35:46Z,36357c80707ce0c3a645afe495b28bbd,2026-10-03T16:00:00Z,SMU Mustangs,Boston College Eagles,lowvig,LowVig.ag,2026-10-01T20:34:27Z,2026-10-01T20:34:27Z,SMU Mustangs,-21.5,-101.0,2026,2026-10-01T20:35:46Z,1344,6.698661712109724,-0.3892557079689297,9.587917420078654,807aa80048d80e577104f04f9dc527bcbdecbac1e0bd777c98286ecfff8aeba7,timestamped_live_quote,FBS vs FBS
2026-10-01T20:35:46Z,36357c80707ce0c3a645afe495b28bbd,2026-10-03T16:00:00Z,SMU Mustangs,Boston College Eagles,betonlineag,BetOnline.ag,2026-10-01T20:35:44Z,2026-10-01T20:35:44Z,Boston College Eagles,21.5,-115.0,2026,2026-10-01T20:35:46Z,1344,6.698661712109724,-0.3892557079689297,9.587917420078654,807aa80048d80e577104f04f9dc527bcbdecbac1e0bd777c98286ecfff8aeba7,timestamped_live_quote,FBS vs FBS
2026-10-01T20:35:46Z,36357c80707ce0c3a645afe495b28bbd,2026-10-03T16:00:00Z,SMU Mustangs,Boston College Eagles,betonlineag,BetOnline.ag,2026-10-01T20:35:44Z,2026-10-01T20:35:44Z,SMU Mustangs,-21.5,-105.0,2026,2026-10-01T20:35:46Z,1344,6.698661712109724,-0.3892557079689297,9.587917420078654,807aa80048d80e577104f04f9dc527bcbdecbac1e0bd777c98286ecfff8aeba7,timestamped_live_quote,FBS vs FBS
2026-10-01T20:35:46Z,36357c80707ce0c3a645afe495b28bbd,2026-10-03T16:00:00Z,SMU Mustangs,Boston College Eagles,betmgm,BetMGM,2026-10-01T20:35:29Z,2026-10-01T20:35:29Z,Boston College Eagles,21.0,-105.0,2026,2026-10-01T20:35:46Z,1344,6.698661712109724,-0.3892557079689297,9.587917420078654,807aa80048d80e577104f04f9dc527bcbdecbac1e0bd777c98286ecfff8aeba7,timestamped_live_quote,FBS vs FBS
2026-10-01T20:35:46Z,36357c80707ce0c3a645afe495b28bbd,2026-10-03T16:00:00Z,SMU Mustangs,Boston College Eagles,betmgm,BetMGM,2026-10-01T20:35:29Z,2026-10-01T20:35:29Z,SMU Mustangs,-21.0,-112.0,2026,2026-10-01T20:35:46Z,1344,6.698661712109724,-0.3892557079689297,9.587917420078654,807aa80048d80e577104f04f9dc527bcbdecbac1e0bd777c98286ecfff8aeba7,timestamped_live_quote,FBS vs FBS
2026-10-01T20:35:46Z,36357c80707ce0c3a645afe495b28bbd,2026-10-03T16:00:00Z,SMU Mustangs,Boston College Eagles,mybookieag,MyBookie.ag,2026-10-01T20:34:30Z,2026-10-01T20:34:30Z,Boston College Eagles,21.0,-110.0,2026,2026-10-01T20:35:46Z,1344,6.698661712109724,-0.3892557079689297,9.587917420078654,807aa80048d80e577104f04f9dc527bcbdecbac1e0bd777c98286ecfff8aeba7,timestamped_live_quote,FBS vs FBS
2026-10-01T20:35:46Z,36357c80707ce0c3a645afe495b28bbd,2026-10-03T16:00:00Z,SMU Mustangs,Boston College Eagles,mybookieag,MyBookie.ag,2026-10-01T20:34:30Z,2026-10-01T20:34:30Z,SMU Mustangs,-21.0,-110.0,2026,2026-10-01T20:35:46Z,1344,6.698661712109724,-0.3892557079689297,9.587917420078654,807aa80048d80e577104f04f9dc527bcbdecbac1e0bd777c98286ecfff8aeba7,timestamped_live_quote,FBS vs FBS
2026-10-01T20:35:46Z,36357c80707ce0c3a645afe495b28bbd,2026-10-03T16:00:00Z,SMU Mustangs,Boston College Eagles,betus,BetUS,2026-10-01T20:35:27Z,2026-10-01T20:35:27Z,Boston College Eagles,21.5,-115.0,2026,2026-10-01T20:35:46Z,1344,6.698661712109724,-0.3892557079689297,9.587917420078654,807aa80048d80e577104f04f9dc527bcbdecbac1e0bd777c98286ecfff8aeba7,timestamped_live_quote,FBS vs FBS
2026-10-01T20:35:46Z,36357c80707ce0c3a645afe495b28bbd,2026-10-03T16:00:00Z,SMU Mustangs,Boston College Eagles,betus,BetUS,2026-10-01T20:35:27Z,2026-10-01T20:35:27Z,SMU Mustangs,-21.5,-105.0,2026,2026-10-01T20:35:46Z,1344,6.698661712109724,-0.3892557079689297,9.587917420078654,807aa80048d80e577104f04f9dc527bcbdecbac1e0bd777c98286ecfff8aeba7,timestamped_live_quote,FBS vs FBS
2026-10-01T20:35:46Z,36357c80707ce0c3a645afe495b28bbd,2026-10-03T16:00:00Z,SMU Mustangs,Boston College Eagles,bovada,Bovada,2026-10-01T20:31:42Z,2026-10-01T20:31:42Z,Boston College Eagles,21.5,-115.0,2026,2026-10-01T20:35:46Z,1344,6.698661712109724,-0.3892557079689297,9.587917420078654,807aa80048d80e577104f04f9dc527bcbdecbac1e0bd777c98286ecfff8aeba7,timestamped_live_quote,FBS vs FBS
2026-10-01T20:35:46Z,36357c80707ce0c3a645afe495b28bbd,2026-10-03T16:00:00Z,SMU Mustangs,Boston College Eagles,bovada,Bovada,2026-10-01T20:31:42Z,2026-10-01T20:31:42Z,SMU Mustangs,-21.5,-105.0,2026,2026-10-01T20:35:46Z,1344,6.698661712109724,-0.3892557079689297,9.587917420078654,807aa80048d80e577104f04f9dc527bcbdecbac1e0bd777c98286ecfff8aeba7,timestamped_live_quote,FBS vs FBS
2026-10-01T20:35:46Z,11c2108f1d7c8fb56c8a6c7fcd9b62bf,2026-10-03T16:00:00Z,Houston Cougars,UCF Knights,fanduel,FanDuel,2026-10-01T20:35:29Z,2026-10-01T20:35:29Z,Houston Cougars,-11.5,-105.0,2026,2026-10-01T20:35:46Z,1344,14.069393885393366,14.248147629935145,2.3212462554582203,807aa80048d80e577104f04f9dc527bcbdecbac1e0bd777c98286ecfff8aeba7,timestamped_live_quote,FBS vs FBS
2026-10-01T20:35:46Z,11c2108f1d7c8fb56c8a6c7fcd9b62bf,2026-10-03T16:00:00Z,Houston Cougars,UCF Knights,fanduel,FanDuel,2026-10-01T20:35:29Z,2026-10-01T20:35:29Z,UCF Knights,11.5,-115.0,2026,2026-10-01T20:35:46Z,1344,14.069393885393366,14.248147629935145,2.3212462554582203,807aa80048d80e577104f04f9dc527bcbdecbac1e0bd777c98286ecfff8aeba7,timestamped_live_quote,FBS vs FBS
2026-10-01T20:35:46Z,11c2108f1d7c8fb56c8a6c7fcd9b62bf,2026-10-03T16:00:00Z,Houston Cougars,UCF Knights,draftkings,DraftKings,2026-10-01T20:35:46Z,2026-10-01T20:35:46Z,Houston Cougars,-11.5,-108.0,2026,2026-10-01T20:35:46Z,1344,14.069393885393366,14.248147629935145,2.3212462554582203,807aa80048d80e577104f04f9dc527bcbdecbac1e0bd777c98286ecfff8aeba7,timestamped_live_quote,FBS vs FBS
2026-10-01T20:35:46Z,11c2108f1d7c8fb56c8a6c7fcd9b62bf,2026-10-03T16:00:00Z,Houston Cougars,UCF Knights,draftkings,DraftKings,2026-10-01T20:35:46Z,2026-10-01T20:35:46Z,UCF Knights,11.5,-112.0,2026,2026-10-01T20:35:46Z,1344,14.069393885393366,14.248147629935145,2.3212462554582203,807aa80048d80e577104f04f9dc527bcbdecbac1e0bd777c98286ecfff8aeba7,timestamped_live_quote,FBS vs FBS
2026-10-01T20:35:46Z,11c2108f1d7c8fb56c8a6c7fcd9b62bf,2026-10-03T16:00:00Z,Houston Cougars,UCF Knights,betonlineag,BetOnline.ag,2026-10-01T20:35:44Z,2026-10-01T20:35:44Z,Houston Cougars,-11.0,-110.0,2026,2026-10-01T20:35:46Z,1344,14.069393885393366,14.248147629935145,2.3212462554582203,807aa80048d80e577104f04f9dc527bcbdecbac1e0bd777c98286ecfff8aeba7,timestamped_live_quote,FBS vs FBS
2026-10-01T20:35:46Z,11c2108f1d7c8fb56c8a6c7fcd9b62bf,2026-10-03T16:00:00Z,Houston Cougars,UCF Knights,betonlineag,BetOnline.ag,2026-10-01T20:35:44Z,2026-10-01T20:35:44Z,UCF Knights,11.0,-110.0,2026,2026-10-01T20:35:46Z,1344,14.069393885393366,14.248147629935145,2.3212462554582203,807aa80048d80e577104f04f9dc527bcbdecbac1e0bd777c98286ecfff8aeba7,timestamped_live_quote,FBS vs FBS
2026-10-01T20:35:46Z,11c2108f1d7c8fb56c8a6c7fcd9b62bf,2026-10-03T16:00:00Z,Houston Cougars,UCF Knights,lowvig,LowVig.ag,2026-10-01T20:34:27Z,2026-10-01T20:34:27Z,Houston Cougars,-11.0,-106.0,2026,2026-10-01T20:35:46Z,1344,14.069393885393366,14.248147629935145,2.3212462554582203,807aa80048d80e577104f04f9dc527bcbdecbac1e0bd777c98286ecfff8aeba7,timestamped_live_quote,FBS vs FBS
2026-10-01T20:35:46Z,11c2108f1d7c8fb56c8a6c7fcd9b62bf,2026-10-03T16:00:00Z,Houston Cougars,UCF Knights,lowvig,LowVig.ag,2026-10-01T20:34:27Z,2026-10-01T20:34:27Z,UCF Knights,11.0,-106.0,2026,2026-10-01T20:35:46Z,1344,14.069393885393366,14.248147629935145,2.3212462554582203,807aa80048d80e577104f04f9dc527bcbdecbac1e0bd777c98286ecfff8aeba7,timestamped_live_quote,FBS vs FBS
2026-10-01T20:35:46Z,11c2108f1d7c8fb56c8a6c7fcd9b62bf,2026-10-03T16:00:00Z,Houston Cougars,UCF Knights,betmgm,BetMGM,2026-10-01T20:35:29Z,2026-10-01T20:35:29Z,Houston Cougars,-11.0,-110.0,2026,2026-10-01T20:35:46Z,1344,14.069393885393366,14.248147629935145,2.3212462554582203,807aa80048d80e577104f04f9dc527bcbdecbac1e0bd777c98286ecfff8aeba7,timestamped_live_quote,FBS vs FBS
2026-10-01T20:35:46Z,11c2108f1d7c8fb56c8a6c7fcd9b62bf,2026-10-03T16:00:00Z,Houston Cougars,UCF Knights,betmgm,BetMGM,2026-10-01T20:35:29Z,2026-10-01T20:35:29Z,UCF Knights,11.0,-108.0,2026,2026-10-01T20:35:46Z,1344,14.069393885393366,14.248147629935145,2.3212462554582203,807aa80048d80e577104f04f9dc527bcbdecbac1e0bd777c98286ecfff8aeba7,timestamped_live_quote,FBS vs FBS
2026-10-01T20:35:46Z,11c2108f1d7c8fb56c8a6c7fcd9b62bf,2026-10-03T16:00:00Z,Houston Cougars,UCF Knights,mybookieag,MyBookie.ag,2026-10-01T20:34:30Z,2026-10-01T20:34:30Z,Houston Cougars,-11.5,-110.0,2026,2026-10-01T20:35:46Z,1344,14.069393885393366,14.248147629935145,2.3212462554582203,807aa80048d80e577104f04f9dc527bcbdecbac1e0bd777c98286ecfff8aeba7,timestamped_live_quote,FBS vs FBS
2026-10-01T20:35:46Z,11c2108f1d7c8fb56c8a6c7fcd9b62bf,2026-10-03T16:00:00Z,Houston Cougars,UCF Knights,mybookieag,MyBookie.ag,2026-10-01T20:34:30Z,2026-10-01T20:34:30Z,UCF Knights,11.5,-110.0,2026,2026-10-01T20:35:46Z,1344,14.069393885393366,14.248147629935145,2.3212462554582203,807aa80048d80e577104f04f9dc527bcbdecbac1e0bd777c98286ecfff8aeba7,timestamped_live_quote,FBS vs FBS
2026-10-01T20:35:46Z,11c2108f1d7c8fb56c8a6c7fcd9b62bf,2026-10-03T16:00:00Z,Houston Cougars,UCF Knights,betus,BetUS,2026-10-01T20:35:27Z,2026-10-01T20:35:27Z,Houston Cougars,-11.0,-110.0,2026,2026-10-01T20:35:46Z,1344,14.069393885393366,14.248147629935145,2.3212462554582203,807aa80048d80e577104f04f9dc527bcbdecbac1e0bd777c98286ecfff8aeba7,timestamped_live_quote,FBS vs FBS
2026-10-01T20:35:46Z,11c2108f1d7c8fb56c8a6c7fcd9b62bf,2026-10-03T16:00:00Z,Houston Cougars,UCF Knights,betus,BetUS,2026-10-01T20:35:27Z,2026-10-01T20:35:27Z,UCF Knights,11.0,-110.0,2026,2026-10-01T20:35:46Z,1344,14.069393885393366,14.248147629935145,2.3212462554582203,807aa80048d80e577104f04f9dc527bcbdecbac1e0bd777c98286ecfff8aeba7,timestamped_live_quote,FBS vs FBS
2026-10-01T20:35:46Z,11c2108f1d7c8fb56c8a6c7fcd9b62bf,2026-10-03T16:00:00Z,Houston Cougars,UCF Knights,bovada,Bovada,2026-10-01T20:31:42Z,2026-10-01T20:31:42Z,Houston Cougars,-11.0,-110.0,2026,2026-10-01T20:35:46Z,1344,14.069393885393366,14.248147629935145,2.3212462554582203,807aa80048d80e577104f04f9dc527bcbdecbac1e0bd777c98286ecfff8aeba7,timestamped_live_quote,FBS vs FBS
2026-10-01T20:35:46Z,11c2108f1d7c8fb56c8a6c7fcd9b62bf,2026-10-03T16:00:00Z,Houston Cougars,UCF Knights,bovada,Bovada,2026-10-01T20:31:42Z,2026-10-01T20:31:42Z,UCF Knights,11.0,-110.0,2026,2026-10-01T20:35:46Z,1344,14.069393885393366,14.248147629935145,2.3212462554582203,807aa80048d80e577104f04f9dc527bcbdecbac1e0bd777c98286ecfff8aeba7,timestamped_live_quote,FBS vs FBS
2026-10-01T20:35:46Z,7bdd5ae18979fa3af61625a21d757987,2026-10-03T16:00:00Z,Iowa State Cyclones,West Virginia Mountaineers,fanduel,FanDuel,2026-10-01T20:35:29Z,2026-10-01T20:35:29Z,Iowa State Cyclones,-2.5,-122.0,2026,2026-10-01T20:35:46Z,1344,9.050571211989975,7.794947654079492,3.755623557910483,807aa80048d80e577104f04f9dc527bcbdecbac1e0bd777c98286ecfff8aeba7,timestamped_live_quote,FBS vs FBS
2026-10-01T20:35:46Z,7bdd5ae18979fa3af61625a21d757987,2026-10-03T16:00:00Z,Iowa State Cyclones,West Virginia Mountaineers,fanduel,FanDuel,2026-10-01T20:35:29Z,2026-10-01T20:35:29Z,West Virginia Mountaineers,2.5,100.0,2026,2026-10-01T20:35:46Z,1344,9.050571211989975,7.794947654079492,3.755623557910483,807aa80048d80e577104f04f9dc527bcbdecbac1e0bd777c98286ecfff8aeba7,timestamped_live_quote,FBS vs FBS
2026-10-01T20:35:46Z,7bdd5ae18979fa3af61625a21d757987,2026-10-03T16:00:00Z,Iowa State Cyclones,West Virginia Mountaineers,lowvig,LowVig.ag,2026-10-01T20:34:27Z,2026-10-01T20:34:27Z,Iowa State Cyclones,-3.5,101.0,2026,2026-10-01T20:35:46Z,1344,9.050571211989975,7.794947654079492,3.755623557910483,807aa80048d80e577104f04f9dc527bcbdecbac1e0bd777c98286ecfff8aeba7,timestamped_live_quote,FBS vs FBS
2026-10-01T20:35:46Z,7bdd5ae18979fa3af61625a21d757987,2026-10-03T16:00:00Z,Iowa State Cyclones,West Virginia Mountaineers,lowvig,LowVig.ag,2026-10-01T20:34:27Z,2026-10-01T20:34:27Z,West Virginia Mountaineers,3.5,-113.0,2026,2026-10-01T20:35:46Z,1344,9.050571211989975,7.794947654079492,3.755623557910483,807aa80048d80e577104f04f9dc527bcbdecbac1e0bd777c98286ecfff8aeba7,timestamped_live_quote,FBS vs FBS
2026-10-01T20:35:46Z,7bdd5ae18979fa3af61625a21d757987,2026-10-03T16:00:00Z,Iowa State Cyclones,West Virginia Mountaineers,betonlineag,BetOnline.ag,2026-10-01T20:35:44Z,2026-10-01T20:35:44Z,Iowa State Cyclones,-3.5,-103.0,2026,2026-10-01T20:35:46Z,1344,9.050571211989975,7.794947654079492,3.755623557910483,807aa80048d80e577104f04f9dc527bcbdecbac1e0bd777c98286ecfff8aeba7,timestamped_live_quote,FBS vs FBS
2026-10-01T20:35:46Z,7bdd5ae18979fa3af61625a21d757987,2026-10-03T16:00:00Z,Iowa State Cyclones,West Virginia Mountaineers,betonlineag,BetOnline.ag,2026-10-01T20:35:44Z,2026-10-01T20:35:44Z,West Virginia Mountaineers,3.5,-117.0,2026,2026-10-01T20:35:46Z,1344,9.050571211989975,7.794947654079492,3.755623557910483,807aa80048d80e577104f04f9dc527bcbdecbac1e0bd777c98286ecfff8aeba7,timestamped_live_quote,FBS vs FBS
2026-10-01T20:35:46Z,7bdd5ae18979fa3af61625a21d757987,2026-10-03T16:00:00Z,Iowa State Cyclones,West Virginia Mountaineers,draftkings,DraftKings,2026-10-01T20:35:46Z,2026-10-01T20:35:46Z,Iowa State Cyclones,-3.0,-118.0,2026,2026-10-01T20:35:46Z,1344,9.050571211989975,7.794947654079492,3.755623557910483,807aa80048d80e577104f04f9dc527bcbdecbac1e0bd777c98286ecfff8aeba7,timestamped_live_quote,FBS vs FBS
2026-10-01T20:35:46Z,7bdd5ae18979fa3af61625a21d757987,2026-10-03T16:00:00Z,Iowa State Cyclones,West Virginia Mountaineers,draftkings,DraftKings,2026-10-01T20:35:46Z,2026-10-01T20:35:46Z,West Virginia Mountaineers,3.0,-102.0,2026,2026-10-01T20:35:46Z,1344,9.050571211989975,7.794947654079492,3.755623557910483,807aa80048d80e577104f04f9dc527bcbdecbac1e0bd777c98286ecfff8aeba7,timestamped_live_quote,FBS vs FBS
2026-10-01T20:35:46Z,7bdd5ae18979fa3af61625a21d757987,2026-10-03T16:00:00Z,Iowa State Cyclones,West Virginia Mountaineers,betmgm,BetMGM,2026-10-01T20:35:29Z,2026-10-01T20:35:29Z,Iowa State Cyclones,-3.0,-112.0,2026,2026-10-01T20:35:46Z,1344,9.050571211989975,7.794947654079492,3.755623557910483,807aa80048d80e577104f04f9dc527bcbdecbac1e0bd777c98286ecfff8aeba7,timestamped_live_quote,FBS vs FBS
2026-10-01T20:35:46Z,7bdd5ae18979fa3af61625a21d757987,2026-10-03T16:00:00Z,Iowa State Cyclones,West Virginia Mountaineers,betmgm,BetMGM,2026-10-01T20:35:29Z,2026-10-01T20:35:29Z,West Virginia Mountaineers,3.0,-105.0,2026,2026-10-01T20:35:46Z,1344,9.050571211989975,7.794947654079492,3.755623557910483,807aa80048d80e577104f04f9dc527bcbdecbac1e0bd777c98286ecfff8aeba7,timestamped_live_quote,FBS vs FBS
2026-10-01T20:35:46Z,7bdd5ae18979fa3af61625a21d757987,2026-10-03T16:00:00Z,Iowa State Cyclones,West Virginia Mountaineers,mybookieag,MyBookie.ag,2026-10-01T20:34:30Z,2026-10-01T20:34:30Z,Iowa State Cyclones,-3.0,-110.0,2026,2026-10-01T20:35:46Z,1344,9.050571211989975,7.794947654079492,3.755623557910483,807aa80048d80e577104f04f9dc527bcbdecbac1e0bd777c98286ecfff8aeba7,timestamped_live_quote,FBS vs FBS
2026-10-01T20:35:46Z,7bdd5ae18979fa3af61625a21d757987,2026-10-03T16:00:00Z,Iowa State Cyclones,West Virginia Mountaineers,mybookieag,MyBookie.ag,2026-10-01T20:34:30Z,2026-10-01T20:34:30Z,West Virginia Mountaineers,3.0,-110.0,2026,2026-10-01T20:35:46Z,1344,9.050571211989975,7.794947654079492,3.755623557910483,807aa80048d80e577104f04f9dc527bcbdecbac1e0bd777c98286ecfff8aeba7,timestamped_live_quote,FBS vs FBS
2026-10-01T20:35:46Z,7bdd5ae18979fa3af61625a21d757987,2026-10-03T16:00:00Z,Iowa State Cyclones,West Virginia Mountaineers,betus,BetUS,2026-10-01T20:35:27Z,2026-10-01T20:35:27Z,Iowa State Cyclones,-3.0,-115.0,2026,2026-10-01T20:35:46Z,1344,9.050571211989975,7.794947654079492,3.755623557910483,807aa80048d80e577104f04f9dc527bcbdecbac1e0bd777c98286ecfff8aeba7,timestamped_live_quote,FBS vs FBS
2026-10-01T20:35:46Z,7bdd5ae18979fa3af61625a21d757987,2026-10-03T16:00:00Z,Iowa State Cyclones,West Virginia Mountaineers,betus,BetUS,2026-10-01T20:35:27Z,2026-10-01T20:35:27Z,West Virginia Mountaineers,3.0,-105.0,2026,2026-10-01T20:35:46Z,1344,9.050571211989975,7.794947654079492,3.755623557910483,807aa80048d80e577104f04f9dc527bcbdecbac1e0bd777c98286ecfff8aeba7,timestamped_live_quote,FBS vs FBS
2026-10-01T20:35:46Z,7bdd5ae18979fa3af61625a21d757987,2026-10-03T16:00:00Z,Iowa State Cyclones,West Virginia Mountaineers,bovada,Bovada,2026-10-01T20:31:42Z,2026-10-01T20:31:42Z,Iowa State Cyclones,-3.0,-115.0,2026,2026-10-01T20:35:46Z,1344,9.050571211989975,7.794947654079492,3.755623557910483,807aa80048d80e577104f04f9dc527bcbdecbac1e0bd777c98286ecfff8aeba7,timestamped_live_quote,FBS vs FBS
2026-10-01T20:35:46Z,7bdd5ae18979fa3af61625a21d757987,2026-10-03T16:00:00Z,Iowa State Cyclones,West Virginia Mountaineers,bovada,Bovada,2026-10-01T20:31:42Z,2026-10-01T20:31:42Z,West Virginia Mountaineers,3.0,-105.0,2026,2026-10-01T20:35:46Z,1344,9.050571211989975,7.794947654079492,3.755623557910483,807aa80048d80e577104f04f9dc527bcbdecbac1e0bd777c98286ecfff8aeba7,timestamped_live_quote,FBS vs FBS
2026-10-01T20:35:46Z,38e6b42c07f8da2e57e0b4dd09d6174c,2026-10-03T16:00:00Z,Kansas Jayhawks,Middle Tennessee Blue Raiders,fanduel,FanDuel,2026-10-01T20:35:29Z,2026-10-01T20:35:29Z,Kansas Jayhawks,-19.5,-110.0,2026,2026-10-01T20:35:46Z,1344,2.6213985239057416,0.9264735106200341,4.194925013285707,807aa80048d80e577104f04f9dc527bcbdecbac1e0bd777c98286ecfff8aeba7,timestamped_live_quote,FBS vs FBS
2026-10-01T20:35:46Z,38e6b42c07f8da2e57e0b4dd09d6174c,2026-10-03T16:00:00Z,Kansas Jayhawks,Middle Tennessee Blue Raiders,fanduel,FanDuel,2026-10-01T20:35:29Z,2026-10-01T20:35:29Z,Middle Tennessee Blue Raiders,19.5,-110.0,2026,2026-10-01T20:35:46Z,1344,2.6213985239057416,0.9264735106200341,4.194925013285707,807aa80048d80e577104f04f9dc527bcbdecbac1e0bd777c98286ecfff8aeba7,timestamped_live_quote,FBS vs FBS
2026-10-01T20:35:46Z,38e6b42c07f8da2e57e0b4dd09d6174c,2026-10-03T16:00:00Z,Kansas Jayhawks,Middle Tennessee Blue Raiders,draftkings,DraftKings,2026-10-01T20:35:46Z,2026-10-01T20:35:46Z,Kansas Jayhawks,-19.5,-112.0,2026,2026-10-01T20:35:46Z,1344,2.6213985239057416,0.9264735106200341,4.194925013285707,807aa80048d80e577104f04f9dc527bcbdecbac1e0bd777c98286ecfff8aeba7,timestamped_live_quote,FBS vs FBS
2026-10-01T20:35:46Z,38e6b42c07f8da2e57e0b4dd09d6174c,2026-10-03T16:00:00Z,Kansas Jayhawks,Middle Tennessee Blue Raiders,draftkings,DraftKings,2026-10-01T20:35:46Z,2026-10-01T20:35:46Z,Middle Tennessee Blue Raiders,19.5,-108.0,2026,2026-10-01T20:35:46Z,1344,2.6213985239057416,0.9264735106200341,4.194925013285707,807aa80048d80e577104f04f9dc527bcbdecbac1e0bd777c98286ecfff8aeba7,timestamped_live_quote,FBS vs FBS
2026-10-01T20:35:46Z,38e6b42c07f8da2e57e0b4dd09d6174c,2026-10-03T16:00:00Z,Kansas Jayhawks,Middle Tennessee Blue Raiders,betonlineag,BetOnline.ag,2026-10-01T20:35:44Z,2026-10-01T20:35:44Z,Kansas Jayhawks,-19.5,-110.0,2026,2026-10-01T20:35:46Z,1344,2.6213985239057416,0.9264735106200341,4.194925013285707,807aa80048d80e577104f04f9dc527bcbdecbac1e0bd777c98286ecfff8aeba7,timestamped_live_quote,FBS vs FBS
2026-10-01T20:35:46Z,38e6b42c07f8da2e57e0b4dd09d6174c,2026-10-03T16:00:00Z,Kansas Jayhawks,Middle Tennessee Blue Raiders,betonlineag,BetOnline.ag,2026-10-01T20:35:44Z,2026-10-01T20:35:44Z,Middle Tennessee Blue Raiders,19.5,-110.0,2026,2026-10-01T20:35:46Z,1344,2.6213985239057416,0.9264735106200341,4.194925013285707,807aa80048d80e577104f04f9dc527bcbdecbac1e0bd777c98286ecfff8aeba7,timestamped_live_quote,FBS vs FBS
2026-10-01T20:35:46Z,38e6b42c07f8da2e57e0b4dd09d6174c,2026-10-03T16:00:00Z,Kansas Jayhawks,Middle Tennessee Blue Raiders,lowvig,LowVig.ag,2026-10-01T20:34:27Z,2026-10-01T20:34:27Z,Kansas Jayhawks,-19.5,-106.0,2026,2026-10-01T20:35:46Z,1344,2.6213985239057416,0.9264735106200341,4.194925013285707,807aa80048d80e577104f04f9dc527bcbdecbac1e0bd777c98286ecfff8aeba7,timestamped_live_quote,FBS vs FBS
2026-10-01T20:35:46Z,38e6b42c07f8da2e57e0b4dd09d6174c,2026-10-03T16:00:00Z,Kansas Jayhawks,Middle Tennessee Blue Raiders,lowvig,LowVig.ag,2026-10-01T20:34:27Z,2026-10-01T20:34:27Z,Middle Tennessee Blue Raiders,19.5,-106.0,2026,2026-10-01T20:35:46Z,1344,2.6213985239057416,0.9264735106200341,4.194925013285707,807aa80048d80e577104f04f9dc527bcbdecbac1e0bd777c98286ecfff8aeba7,timestamped_live_quote,FBS vs FBS
2026-10-01T20:35:46Z,38e6b42c07f8da2e57e0b4dd09d6174c,2026-10-03T16:00:00Z,Kansas Jayhawks,Middle Tennessee Blue Raiders,betmgm,BetMGM,2026-10-01T20:35:29Z,2026-10-01T20:35:29Z,Kansas Jayhawks,-19.5,-110.0,2026,2026-10-01T20:35:46Z,1344,2.6213985239057416,0.9264735106200341,4.194925013285707,807aa80048d80e577104f04f9dc527bcbdecbac1e0bd777c98286ecfff8aeba7,timestamped_live_quote,FBS vs FBS
2026-10-01T20:35:46Z,38e6b42c07f8da2e57e0b4dd09d6174c,2026-10-03T16:00:00Z,Kansas Jayhawks,Middle Tennessee Blue Raiders,betmgm,BetMGM,2026-10-01T20:35:29Z,2026-10-01T20:35:29Z,Middle Tennessee Blue Raiders,19.5,-108.0,2026,2026-10-01T20:35:46Z,1344,2.6213985239057416,0.9264735106200341,4.194925013285707,807aa80048d80e577104f04f9dc527bcbdecbac1e0bd777c98286ecfff8aeba7,timestamped_live_quote,FBS vs FBS
2026-10-01T20:35:46Z,38e6b42c07f8da2e57e0b4dd09d6174c,2026-10-03T16:00:00Z,Kansas Jayhawks,Middle Tennessee Blue Raiders,mybookieag,MyBookie.ag,2026-10-01T20:34:30Z,2026-10-01T20:34:30Z,Kansas Jayhawks,-19.5,-110.0,2026,2026-10-01T20:35:46Z,1344,2.6213985239057416,0.9264735106200341,4.194925013285707,807aa80048d80e577104f04f9dc527bcbdecbac1e0bd777c98286ecfff8aeba7,timestamped_live_quote,FBS vs FBS
2026-10-01T20:35:46Z,38e6b42c07f8da2e57e0b4dd09d6174c,2026-10-03T16:00:00Z,Kansas Jayhawks,Middle Tennessee Blue Raiders,mybookieag,MyBookie.ag,2026-10-01T20:34:30Z,2026-10-01T20:34:30Z,Middle Tennessee Blue Raiders,19.5,-110.0,2026,2026-10-01T20:35:46Z,1344,2.6213985239057416,0.9264735106200341,4.194925013285707,807aa80048d80e577104f04f9dc527bcbdecbac1e0bd777c98286ecfff8aeba7,timestamped_live_quote,FBS vs FBS
2026-10-01T20:35:46Z,38e6b42c07f8da2e57e0b4dd09d6174c,2026-10-03T16:00:00Z,Kansas Jayhawks,Middle Tennessee Blue Raiders,betus,BetUS,2026-10-01T20:35:27Z,2026-10-01T20:35:27Z,Kansas Jayhawks,-19.5,-110.0,2026,2026-10-01T20:35:46Z,1344,2.6213985239057416,0.9264735106200341,4.194925013285707,807aa80048d80e577104f04f9dc527bcbdecbac1e0bd777c98286ecfff8aeba7,timestamped_live_quote,FBS vs FBS
2026-10-01T20:35:46Z,38e6b42c07f8da2e57e0b4dd09d6174c,2026-10-03T16:00:00Z,Kansas Jayhawks,Middle Tennessee Blue Raiders,betus,BetUS,2026-10-01T20:35:27Z,2026-10-01T20:35:27Z,Middle Tennessee Blue Raiders,19.5,-110.0,2026,2026-10-01T20:35:46Z,1344,2.6213985239057416,0.9264735106200341,4.194925013285707,807aa80048d80e577104f04f9dc527bcbdecbac1e0bd777c98286ecfff8aeba7,timestamped_live_quote,FBS vs FBS
2026-10-01T20:35:46Z,38e6b42c07f8da2e57e0b4dd09d6174c,2026-10-03T16:00:00Z,Kansas Jayhawks,Middle Tennessee Blue Raiders,bovada,Bovada,2026-10-01T20:31:42Z,2026-10-01T20:31:42Z,Kansas Jayhawks,-20.0,-105.0,2026,2026-10-01T20:35:46Z,1344,2.6213985239057416,0.9264735106200341,4.194925013285707,807aa80048d80e577104f04f9dc527bcbdecbac1e0bd777c98286ecfff8aeba7,timestamped_live_quote,FBS vs FBS
2026-10-01T20:35:46Z,38e6b42c07f8da2e57e0b4dd09d6174c,2026-10-03T16:00:00Z,Kansas Jayhawks,Middle Tennessee Blue Raiders,bovada,Bovada,2026-10-01T20:31:42Z,2026-10-01T20:31:42Z,Middle Tennessee Blue Raiders,20.0,-115.0,2026,2026-10-01T20:35:46Z,1344,2.6213985239057416,0.9264735106200341,4.194925013285707,807aa80048d80e577104f04f9dc527bcbdecbac1e0bd777c98286ecfff8aeba7,timestamped_live_quote,FBS vs FBS
2026-10-01T20:35:46Z,a2f01448219e39fd44e3d98ea5c7f482,2026-10-03T16:00:00Z,Minnesota Golden Gophers,Michigan Wolverines,draftkings,DraftKings,2026-10-01T20:35:46Z,2026-10-01T20:35:46Z,Michigan Wolverines,-5.5,-110.0,2026,2026-10-01T20:35:46Z,1344,7.713942231644802,5.895233353496409,4.318708878148393,807aa80048d80e577104f04f9dc527bcbdecbac1e0bd777c98286ecfff8aeba7,timestamped_live_quote,FBS vs FBS
2026-10-01T20:35:46Z,a2f01448219e39fd44e3d98ea5c7f482,2026-10-03T16:00:00Z,Minnesota Golden Gophers,Michigan Wolverines,draftkings,DraftKings,2026-10-01T20:35:46Z,2026-10-01T20:35:46Z,Minnesota Golden Gophers,5.5,-110.0,2026,2026-10-01T20:35:46Z,1344,7.713942231644802,5.895233353496409,4.318708878148393,807aa80048d80e577104f04f9dc527bcbdecbac1e0bd777c98286ecfff8aeba7,timestamped_live_quote,FBS vs FBS
2026-10-01T20:35:46Z,a2f01448219e39fd44e3d98ea5c7f482,2026-10-03T16:00:00Z,Minnesota Golden Gophers,Michigan Wolverines,fanduel,FanDuel,2026-10-01T20:35:29Z,2026-10-01T20:35:29Z,Michigan Wolverines,-5.5,-110.0,2026,2026-10-01T20:35:46Z,1344,7.713942231644802,5.895233353496409,4.318708878148393,807aa80048d80e577104f04f9dc527bcbdecbac1e0bd777c98286ecfff8aeba7,timestamped_live_quote,FBS vs FBS
2026-10-01T20:35:46Z,a2f01448219e39fd44e3d98ea5c7f482,2026-10-03T16:00:00Z,Minnesota Golden Gophers,Michigan Wolverines,fanduel,FanDuel,2026-10-01T20:35:29Z,2026-10-01T20:35:29Z,Minnesota Golden Gophers,5.5,-110.0,2026,2026-10-01T20:35:46Z,1344,7.713942231644802,5.895233353496409,4.318708878148393,807aa80048d80e577104f04f9dc527bcbdecbac1e0bd777c98286ecfff8aeba7,timestamped_live_quote,FBS vs FBS
2026-10-01T20:35:46Z,a2f01448219e39fd44e3d98ea5c7f482,2026-10-03T16:00:00Z,Minnesota Golden Gophers,Michigan Wolverines,lowvig,LowVig.ag,2026-10-01T20:34:27Z,2026-10-01T20:34:27Z,Michigan Wolverines,-5.5,-106.0,2026,2026-10-01T20:35:46Z,1344,7.713942231644802,5.895233353496409,4.318708878148393,807aa80048d80e577104f04f9dc527bcbdecbac1e0bd777c98286ecfff8aeba7,timestamped_live_quote,FBS vs FBS
2026-10-01T20:35:46Z,a2f01448219e39fd44e3d98ea5c7f482,2026-10-03T16:00:00Z,Minnesota Golden Gophers,Michigan Wolverines,lowvig,LowVig.ag,2026-10-01T20:34:27Z,2026-10-01T20:34:27Z,Minnesota Golden Gophers,5.5,-106.0,2026,2026-10-01T20:35:46Z,1344,7.713942231644802,5.895233353496409,4.318708878148393,807aa80048d80e577104f04f9dc527bcbdecbac1e0bd777c98286ecfff8aeba7,timestamped_live_quote,FBS vs FBS
2026-10-01T20:35:46Z,a2f01448219e39fd44e3d98ea5c7f482,2026-10-03T16:00:00Z,Minnesota Golden Gophers,Michigan Wolverines,betonlineag,BetOnline.ag,2026-10-01T20:35:44Z,2026-10-01T20:35:44Z,Michigan Wolverines,-5.5,-110.0,2026,2026-10-01T20:35:46Z,1344,7.713942231644802,5.895233353496409,4.318708878148393,807aa80048d80e577104f04f9dc527bcbdecbac1e0bd777c98286ecfff8aeba7,timestamped_live_quote,FBS vs FBS
2026-10-01T20:35:46Z,a2f01448219e39fd44e3d98ea5c7f482,2026-10-03T16:00:00Z,Minnesota Golden Gophers,Michigan Wolverines,betonlineag,BetOnline.ag,2026-10-01T20:35:44Z,2026-10-01T20:35:44Z,Minnesota Golden Gophers,5.5,-110.0,2026,2026-10-01T20:35:46Z,1344,7.713942231644802,5.895233353496409,4.318708878148393,807aa80048d80e577104f04f9dc527bcbdecbac1e0bd777c98286ecfff8aeba7,timestamped_live_quote,FBS vs FBS
2026-10-01T20:35:46Z,a2f01448219e39fd44e3d98ea5c7f482,2026-10-03T16:00:00Z,Minnesota Golden Gophers,Michigan Wolverines,betmgm,BetMGM,2026-10-01T20:35:29Z,2026-10-01T20:35:29Z,Michigan Wolverines,-5.5,-110.0,2026,2026-10-01T20:35:46Z,1344,7.713942231644802,5.895233353496409,4.318708878148393,807aa80048d80e577104f04f9dc527bcbdecbac1e0bd777c98286ecfff8aeba7,timestamped_live_quote,FBS vs FBS
2026-10-01T20:35:46Z,a2f01448219e39fd44e3d98ea5c7f482,2026-10-03T16:00:00Z,Minnesota Golden Gophers,Michigan Wolverines,betmgm,BetMGM,2026-10-01T20:35:29Z,2026-10-01T20:35:29Z,Minnesota Golden Gophers,5.5,-108.0,2026,2026-10-01T20:35:46Z,1344,7.713942231644802,5.895233353496409,4.318708878148393,807aa80048d80e577104f04f9dc527bcbdecbac1e0bd777c98286ecfff8aeba7,timestamped_live_quote,FBS vs FBS
2026-10-01T20:35:46Z,a2f01448219e39fd44e3d98ea5c7f482,2026-10-03T16:00:00Z,Minnesota Golden Gophers,Michigan Wolverines,betus,BetUS,2026-10-01T20:35:27Z,2026-10-01T20:35:27Z,Michigan Wolverines,-5.5,-110.0,2026,2026-10-01T20:35:46Z,1344,7.713942231644802,5.895233353496409,4.318708878148393,807aa80048d80e577104f04f9dc527bcbdecbac1e0bd777c98286ecfff8aeba7,timestamped_live_quote,FBS vs FBS
2026-10-01T20:35:46Z,a2f01448219e39fd44e3d98ea5c7f482,2026-10-03T16:00:00Z,Minnesota Golden Gophers,Michigan Wolverines,betus,BetUS,2026-10-01T20:35:27Z,2026-10-01T20:35:27Z,Minnesota Golden Gophers,5.5,-110.0,2026,2026-10-01T20:35:46Z,1344,7.713942231644802,5.895233353496409,4.318708878148393,807aa80048d80e577104f04f9dc527bcbdecbac1e0bd777c98286ecfff8aeba7,timestamped_live_quote,FBS vs FBS
2026-10-01T20:35:46Z,a2f01448219e39fd44e3d98ea5c7f482,2026-10-03T16:00:00Z,Minnesota Golden Gophers,Michigan Wolverines,mybookieag,MyBookie.ag,2026-10-01T20:34:30Z,2026-10-01T20:34:30Z,Michigan Wolverines,-5.5,-110.0,2026,2026-10-01T20:35:46Z,1344,7.713942231644802,5.895233353496409,4.318708878148393,807aa80048d80e577104f04f9dc527bcbdecbac1e0bd777c98286ecfff8aeba7,timestamped_live_quote,FBS vs FBS
2026-10-01T20:35:46Z,a2f01448219e39fd44e3d98ea5c7f482,2026-10-03T16:00:00Z,Minnesota Golden Gophers,Michigan Wolverines,mybookieag,MyBookie.ag,2026-10-01T20:34:30Z,2026-10-01T20:34:30Z,Minnesota Golden Gophers,5.5,-110.0,2026,2026-10-01T20:35:46Z,1344,7.713942231644802,5.895233353496409,4.318708878148393,807aa80048d80e577104f04f9dc527bcbdecbac1e0bd777c98286ecfff8aeba7,timestamped_live_quote,FBS vs FBS
2026-10-01T20:35:46Z,a2f01448219e39fd44e3d98ea5c7f482,2026-10-03T16:00:00Z,Minnesota Golden Gophers,Michigan Wolverines,bovada,Bovada,2026-10-01T20:31:42Z,2026-10-01T20:31:42Z,Michigan Wolverines,-6.0,-105.0,2026,2026-10-01T20:35:46Z,1344,7.713942231644802,5.895233353496409,4.318708878148393,807aa80048d80e577104f04f9dc527bcbdecbac1e0bd777c98286ecfff8aeba7,timestamped_live_quote,FBS vs FBS
2026-10-01T20:35:46Z,a2f01448219e39fd44e3d98ea5c7f482,2026-10-03T16:00:00Z,Minnesota Golden Gophers,Michigan Wolverines,bovada,Bovada,2026-10-01T20:31:42Z,2026-10-01T20:31:42Z,Minnesota Golden Gophers,6.0,-115.0,2026,2026-10-01T20:35:46Z,1344,7.713942231644802,5.895233353496409,4.318708878148393,807aa80048d80e577104f04f9dc527bcbdecbac1e0bd777c98286ecfff8aeba7,timestamped_live_quote,FBS vs FBS
2026-10-01T20:35:46Z,2b8db5053d533b488c0d76f49382d219,2026-10-03T16:00:00Z,North Carolina Tar Heels,Notre Dame Fighting Irish,draftkings,DraftKings,2026-10-01T20:35:46Z,2026-10-01T20:35:46Z,North Carolina Tar Heels,21.5,-110.0,2026,2026-10-01T20:35:46Z,1344,6.59302612335283,17.817085501679315,-8.724059378326485,807aa80048d80e577104f04f9dc527bcbdecbac1e0bd777c98286ecfff8aeba7,timestamped_live_quote,FBS vs FBS
2026-10-01T20:35:46Z,2b8db5053d533b488c0d76f49382d219,2026-10-03T16:00:00Z,North Carolina Tar Heels,Notre Dame Fighting Irish,draftkings,DraftKings,2026-10-01T20:35:46Z,2026-10-01T20:35:46Z,Notre Dame Fighting Irish,-21.5,-110.0,2026,2026-10-01T20:35:46Z,1344,6.59302612335283,17.817085501679315,-8.724059378326485,807aa80048d80e577104f04f9dc527bcbdecbac1e0bd777c98286ecfff8aeba7,timestamped_live_quote,FBS vs FBS
2026-10-01T20:35:46Z,2b8db5053d533b488c0d76f49382d219,2026-10-03T16:00:00Z,North Carolina Tar Heels,Notre Dame Fighting Irish,mybookieag,MyBookie.ag,2026-10-01T20:34:30Z,2026-10-01T20:34:29Z,North Carolina Tar Heels,22.0,-110.0,2026,2026-10-01T20:35:46Z,1344,6.59302612335283,17.817085501679315,-8.724059378326485,807aa80048d80e577104f04f9dc527bcbdecbac1e0bd777c98286ecfff8aeba7,timestamped_live_quote,FBS vs FBS
2026-10-01T20:35:46Z,2b8db5053d533b488c0d76f49382d219,2026-10-03T16:00:00Z,North Carolina Tar Heels,Notre Dame Fighting Irish,mybookieag,MyBookie.ag,2026-10-01T20:34:30Z,2026-10-01T20:34:29Z,Notre Dame Fighting Irish,-22.0,-110.0,2026,2026-10-01T20:35:46Z,1344,6.59302612335283,17.817085501679315,-8.724059378326485,807aa80048d80e577104f04f9dc527bcbdecbac1e0bd777c98286ecfff8aeba7,timestamped_live_quote,FBS vs FBS
2026-10-01T20:35:46Z,2b8db5053d533b488c0d76f49382d219,2026-10-03T16:00:00Z,North Carolina Tar Heels,Notre Dame Fighting Irish,fanduel,FanDuel,2026-10-01T20:35:29Z,2026-10-01T20:35:29Z,North Carolina Tar Heels,21.5,-110.0,2026,2026-10-01T20:35:46Z,1344,6.59302612335283,17.817085501679315,-8.724059378326485,807aa80048d80e577104f04f9dc527bcbdecbac1e0bd777c98286ecfff8aeba7,timestamped_live_quote,FBS vs FBS
2026-10-01T20:35:46Z,2b8db5053d533b488c0d76f49382d219,2026-10-03T16:00:00Z,North Carolina Tar Heels,Notre Dame Fighting Irish,fanduel,FanDuel,2026-10-01T20:35:29Z,2026-10-01T20:35:29Z,Notre Dame Fighting Irish,-21.5,-110.0,2026,2026-10-01T20:35:46Z,1344,6.59302612335283,17.817085501679315,-8.724059378326485,807aa80048d80e577104f04f9dc527bcbdecbac1e0bd777c98286ecfff8aeba7,timestamped_live_quote,FBS vs FBS
2026-10-01T20:35:46Z,2b8db5053d533b488c0d76f49382d219,2026-10-03T16:00:00Z,North Carolina Tar Heels,Notre Dame Fighting Irish,betonlineag,BetOnline.ag,2026-10-01T20:35:44Z,2026-10-01T20:35:44Z,North Carolina Tar Heels,21.5,-110.0,2026,2026-10-01T20:35:46Z,1344,6.59302612335283,17.817085501679315,-8.724059378326485,807aa80048d80e577104f04f9dc527bcbdecbac1e0bd777c98286ecfff8aeba7,timestamped_live_quote,FBS vs FBS
2026-10-01T20:35:46Z,2b8db5053d533b488c0d76f49382d219,2026-10-03T16:00:00Z,North Carolina Tar Heels,Notre Dame Fighting Irish,betonlineag,BetOnline.ag,2026-10-01T20:35:44Z,2026-10-01T20:35:44Z,Notre Dame Fighting Irish,-21.5,-110.0,2026,2026-10-01T20:35:46Z,1344,6.59302612335283,17.817085501679315,-8.724059378326485,807aa80048d80e577104f04f9dc527bcbdecbac1e0bd777c98286ecfff8aeba7,timestamped_live_quote,FBS vs FBS
2026-10-01T20:35:46Z,2b8db5053d533b488c0d76f49382d219,2026-10-03T16:00:00Z,North Carolina Tar Heels,Notre Dame Fighting Irish,lowvig,LowVig.ag,2026-10-01T20:34:27Z,2026-10-01T20:34:27Z,North Carolina Tar Heels,21.5,-106.0,2026,2026-10-01T20:35:46Z,1344,6.59302612335283,17.817085501679315,-8.724059378326485,807aa80048d80e577104f04f9dc527bcbdecbac1e0bd777c98286ecfff8aeba7,timestamped_live_quote,FBS vs FBS
2026-10-01T20:35:46Z,2b8db5053d533b488c0d76f49382d219,2026-10-03T16:00:00Z,North Carolina Tar Heels,Notre Dame Fighting Irish,lowvig,LowVig.ag,2026-10-01T20:34:27Z,2026-10-01T20:34:27Z,Notre Dame Fighting Irish,-21.5,-106.0,2026,2026-10-01T20:35:46Z,1344,6.59302612335283,17.817085501679315,-8.724059378326485,807aa80048d80e577104f04f9dc527bcbdecbac1e0bd777c98286ecfff8aeba7,timestamped_live_quote,FBS vs FBS
2026-10-01T20:35:46Z,2b8db5053d533b488c0d76f49382d219,2026-10-03T16:00:00Z,North Carolina Tar Heels,Notre Dame Fighting Irish,betmgm,BetMGM,2026-10-01T20:35:29Z,2026-10-01T20:35:29Z,North Carolina Tar Heels,21.5,-108.0,2026,2026-10-01T20:35:46Z,1344,6.59302612335283,17.817085501679315,-8.724059378326485,807aa80048d80e577104f04f9dc527bcbdecbac1e0bd777c98286ecfff8aeba7,timestamped_live_quote,FBS vs FBS
2026-10-01T20:35:46Z,2b8db5053d533b488c0d76f49382d219,2026-10-03T16:00:00Z,North Carolina Tar Heels,Notre Dame Fighting Irish,betmgm,BetMGM,2026-10-01T20:35:29Z,2026-10-01T20:35:29Z,Notre Dame Fighting Irish,-21.5,-110.0,2026,2026-10-01T20:35:46Z,1344,6.59302612335283,17.817085501679315,-8.724059378326485,807aa80048d80e577104f04f9dc527bcbdecbac1e0bd777c98286ecfff8aeba7,timestamped_live_quote,FBS vs FBS
2026-10-01T20:35:46Z,2b8db5053d533b488c0d76f49382d219,2026-10-03T16:00:00Z,North Carolina Tar Heels,Notre Dame Fighting Irish,betus,BetUS,2026-10-01T20:35:27Z,2026-10-01T20:35:27Z,North Carolina Tar Heels,21.5,-110.0,2026,2026-10-01T20:35:46Z,1344,6.59302612335283,17.817085501679315,-8.724059378326485,807aa80048d80e577104f04f9dc527bcbdecbac1e0bd777c98286ecfff8aeba7,timestamped_live_quote,FBS vs FBS
2026-10-01T20:35:46Z,2b8db5053d533b488c0d76f49382d219,2026-10-03T16:00:00Z,North Carolina Tar Heels,Notre Dame Fighting Irish,betus,BetUS,2026-10-01T20:35:27Z,2026-10-01T20:35:27Z,Notre Dame Fighting Irish,-21.5,-110.0,2026,2026-10-01T20:35:46Z,1344,6.59302612335283,17.817085501679315,-8.724059378326485,807aa80048d80e577104f04f9dc527bcbdecbac1e0bd777c98286ecfff8aeba7,timestamped_live_quote,FBS vs FBS
2026-10-01T20:35:46Z,2b8db5053d533b488c0d76f49382d219,2026-10-03T16:00:00Z,North Carolina Tar Heels,Notre Dame Fighting Irish,bovada,Bovada,2026-10-01T20:31:42Z,2026-10-01T20:31:42Z,North Carolina Tar Heels,22.0,-110.0,2026,2026-10-01T20:35:46Z,1344,6.59302612335283,17.817085501679315,-8.724059378326485,807aa80048d80e577104f04f9dc527bcbdecbac1e0bd777c98286ecfff8aeba7,timestamped_live_quote,FBS vs FBS
2026-10-01T20:35:46Z,2b8db5053d533b488c0d76f49382d219,2026-10-03T16:00:00Z,North Carolina Tar Heels,Notre Dame Fighting Irish,bovada,Bovada,2026-10-01T20:31:42Z,2026-10-01T20:31:42Z,Notre Dame Fighting Irish,-22.0,-110.0,2026,2026-10-01T20:35:46Z,1344,6.59302612335283,17.817085501679315,-8.724059378326485,807aa80048d80e577104f04f9dc527bcbdecbac1e0bd777c98286ecfff8aeba7,timestamped_live_quote,FBS vs FBS
2026-10-01T20:35:46Z,8ef32c906348e926ca0fabcc25635c11,2026-10-03T16:00:00Z,Wake Forest Demon Deacons,Stanford Cardinal,fanduel,FanDuel,2026-10-01T20:35:29Z,2026-10-01T20:35:29Z,Stanford Cardinal,13.5,-102.0,2026,2026-10-01T20:35:46Z,1344,4.492670054417279,-3.3830062896500004,10.37567634406728,807aa80048d80e577104f04f9dc527bcbdecbac1e0bd777c98286ecfff8aeba7,timestamped_live_quote,FBS vs FBS
2026-10-01T20:35:46Z,8ef32c906348e926ca0fabcc25635c11,2026-10-03T16:00:00Z,Wake Forest Demon Deacons,Stanford Cardinal,fanduel,FanDuel,2026-10-01T20:35:29Z,2026-10-01T20:35:29Z,Wake Forest Demon Deacons,-13.5,-120.0,2026,2026-10-01T20:35:46Z,1344,4.492670054417279,-3.3830062896500004,10.37567634406728,807aa80048d80e577104f04f9dc527bcbdecbac1e0bd777c98286ecfff8aeba7,timestamped_live_quote,FBS vs FBS
2026-10-01T20:35:46Z,8ef32c906348e926ca0fabcc25635c11,2026-10-03T16:00:00Z,Wake Forest Demon Deacons,Stanford Cardinal,draftkings,DraftKings,2026-10-01T20:35:46Z,2026-10-01T20:35:46Z,Stanford Cardinal,14.0,-112.0,2026,2026-10-01T20:35:46Z,1344,4.492670054417279,-3.3830062896500004,10.37567634406728,807aa80048d80e577104f04f9dc527bcbdecbac1e0bd777c98286ecfff8aeba7,timestamped_live_quote,FBS vs FBS
2026-10-01T20:35:46Z,8ef32c906348e926ca0fabcc25635c11,2026-10-03T16:00:00Z,Wake Forest Demon Deacons,Stanford Cardinal,draftkings,DraftKings,2026-10-01T20:35:46Z,2026-10-01T20:35:46Z,Wake Forest Demon Deacons,-14.0,-108.0,2026,2026-10-01T20:35:46Z,1344,4.492670054417279,-3.3830062896500004,10.37567634406728,807aa80048d80e577104f04f9dc527bcbdecbac1e0bd777c98286ecfff8aeba7,timestamped_live_quote,FBS vs FBS
2026-10-01T20:35:46Z,8ef32c906348e926ca0fabcc25635c11,2026-10-03T16:00:00Z,Wake Forest Demon Deacons,Stanford Cardinal,betonlineag,BetOnline.ag,2026-10-01T20:35:44Z,2026-10-01T20:35:44Z,Stanford Cardinal,14.0,-110.0,2026,2026-10-01T20:35:46Z,1344,4.492670054417279,-3.3830062896500004,10.37567634406728,807aa80048d80e577104f04f9dc527bcbdecbac1e0bd777c98286ecfff8aeba7,timestamped_live_quote,FBS vs FBS
2026-10-01T20:35:46Z,8ef32c906348e926ca0fabcc25635c11,2026-10-03T16:00:00Z,Wake Forest Demon Deacons,Stanford Cardinal,betonlineag,BetOnline.ag,2026-10-01T20:35:44Z,2026-10-01T20:35:44Z,Wake Forest Demon Deacons,-14.0,-110.0,2026,2026-10-01T20:35:46Z,1344,4.492670054417279,-3.3830062896500004,10.37567634406728,807aa80048d80e577104f04f9dc527bcbdecbac1e0bd777c98286ecfff8aeba7,timestamped_live_quote,FBS vs FBS
2026-10-01T20:35:46Z,8ef32c906348e926ca0fabcc25635c11,2026-10-03T16:00:00Z,Wake Forest Demon Deacons,Stanford Cardinal,lowvig,LowVig.ag,2026-10-01T20:34:27Z,2026-10-01T20:34:27Z,Stanford Cardinal,14.0,-106.0,2026,2026-10-01T20:35:46Z,1344,4.492670054417279,-3.3830062896500004,10.37567634406728,807aa80048d80e577104f04f9dc527bcbdecbac1e0bd777c98286ecfff8aeba7,timestamped_live_quote,FBS vs FBS
2026-10-01T20:35:46Z,8ef32c906348e926ca0fabcc25635c11,2026-10-03T16:00:00Z,Wake Forest Demon Deacons,Stanford Cardinal,lowvig,LowVig.ag,2026-10-01T20:34:27Z,2026-10-01T20:34:27Z,Wake Forest Demon Deacons,-14.0,-106.0,2026,2026-10-01T20:35:46Z,1344,4.492670054417279,-3.3830062896500004,10.37567634406728,807aa80048d80e577104f04f9dc527bcbdecbac1e0bd777c98286ecfff8aeba7,timestamped_live_quote,FBS vs FBS
2026-10-01T20:35:46Z,8ef32c906348e926ca0fabcc25635c11,2026-10-03T16:00:00Z,Wake Forest Demon Deacons,Stanford Cardinal,betmgm,BetMGM,2026-10-01T20:35:29Z,2026-10-01T20:35:29Z,Stanford Cardinal,14.0,-110.0,2026,2026-10-01T20:35:46Z,1344,4.492670054417279,-3.3830062896500004,10.37567634406728,807aa80048d80e577104f04f9dc527bcbdecbac1e0bd777c98286ecfff8aeba7,timestamped_live_quote,FBS vs FBS
2026-10-01T20:35:46Z,8ef32c906348e926ca0fabcc25635c11,2026-10-03T16:00:00Z,Wake Forest Demon Deacons,Stanford Cardinal,betmgm,BetMGM,2026-10-01T20:35:29Z,2026-10-01T20:35:29Z,Wake Forest Demon Deacons,-14.0,-108.0,2026,2026-10-01T20:35:46Z,1344,4.492670054417279,-3.3830062896500004,10.37567634406728,807aa80048d80e577104f04f9dc527bcbdecbac1e0bd777c98286ecfff8aeba7,timestamped_live_quote,FBS vs FBS
2026-10-01T20:35:46Z,8ef32c906348e926ca0fabcc25635c11,2026-10-03T16:00:00Z,Wake Forest Demon Deacons,Stanford Cardinal,mybookieag,MyBookie.ag,2026-10-01T20:34:30Z,2026-10-01T20:34:30Z,Stanford Cardinal,14.0,-110.0,2026,2026-10-01T20:35:46Z,1344,4.492670054417279,-3.3830062896500004,10.37567634406728,807aa80048d80e577104f04f9dc527bcbdecbac1e0bd777c98286ecfff8aeba7,timestamped_live_quote,FBS vs FBS
2026-10-01T20:35:46Z,8ef32c906348e926ca0fabcc25635c11,2026-10-03T16:00:00Z,Wake Forest Demon Deacons,Stanford Cardinal,mybookieag,MyBookie.ag,2026-10-01T20:34:30Z,2026-10-01T20:34:30Z,Wake Forest Demon Deacons,-14.0,-110.0,2026,2026-10-01T20:35:46Z,1344,4.492670054417279,-3.3830062896500004,10.37567634406728,807aa80048d80e577104f04f9dc527bcbdecbac1e0bd777c98286ecfff8aeba7,timestamped_live_quote,FBS vs FBS
2026-10-01T20:35:46Z,8ef32c906348e926ca0fabcc25635c11,2026-10-03T16:00:00Z,Wake Forest Demon Deacons,Stanford Cardinal,betus,BetUS,2026-10-01T20:35:27Z,2026-10-01T20:35:27Z,Stanford Cardinal,14.0,-110.0,2026,2026-10-01T20:35:46Z,1344,4.492670054417279,-3.3830062896500004,10.37567634406728,807aa80048d80e577104f04f9dc527bcbdecbac1e0bd777c98286ecfff8aeba7,timestamped_live_quote,FBS vs FBS
2026-10-01T20:35:46Z,8ef32c906348e926ca0fabcc25635c11,2026-10-03T16:00:00Z,Wake Forest Demon Deacons,Stanford Cardinal,betus,BetUS,2026-10-01T20:35:27Z,2026-10-01T20:35:27Z,Wake Forest Demon Deacons,-14.0,-110.0,2026,2026-10-01T20:35:46Z,1344,4.492670054417279,-3.3830062896500004,10.37567634406728,807aa80048d80e577104f04f9dc527bcbdecbac1e0bd777c98286ecfff8aeba7,timestamped_live_quote,FBS vs FBS
2026-10-01T20:35:46Z,8ef32c906348e926ca0fabcc25635c11,2026-10-03T16:00:00Z,Wake Forest Demon Deacons,Stanford Cardinal,bovada,Bovada,2026-10-01T20:31:42Z,2026-10-01T20:31:42Z,Stanford Cardinal,14.0,-120.0,2026,2026-10-01T20:35:46Z,1344,4.492670054417279,-3.3830062896500004,10.37567634406728,807aa80048d80e577104f04f9dc527bcbdecbac1e0bd777c98286ecfff8aeba7,timestamped_live_quote,FBS vs FBS
2026-10-01T20:35:46Z,8ef32c906348e926ca0fabcc25635c11,2026-10-03T16:00:00Z,Wake Forest Demon Deacons,Stanford Cardinal,bovada,Bovada,2026-10-01T20:31:42Z,2026-10-01T20:31:42Z,Wake Forest Demon Deacons,-14.0,100.0,2026,2026-10-01T20:35:46Z,1344,4.492670054417279,-3.3830062896500004,10.37567634406728,807aa80048d80e577104f04f9dc527bcbdecbac1e0bd777c98286ecfff8aeba7,timestamped_live_quote,FBS vs FBS
2026-10-01T20:35:46Z,94769faaa7a5aba0474291fc9c2d3d6d,2026-10-03T16:00:00Z,UConn Huskies,Syracuse Orange,fanduel,FanDuel,2026-10-01T20:35:29Z,2026-10-01T20:35:29Z,Syracuse Orange,-6.5,-120.0,2026,2026-10-01T20:35:46Z,1344,5.989046472863379,7.135774234137429,1.3532722387259497,807aa80048d80e577104f04f9dc527bcbdecbac1e0bd777c98286ecfff8aeba7,timestamped_live_quote,FBS vs FBS
2026-10-01T20:35:46Z,94769faaa7a5aba0474291fc9c2d3d6d,2026-10-03T16:00:00Z,UConn Huskies,Syracuse Orange,fanduel,FanDuel,2026-10-01T20:35:29Z,2026-10-01T20:35:29Z,UConn Huskies,6.5,-102.0,2026,2026-10-01T20:35:46Z,1344,5.989046472863379,7.135774234137429,1.3532722387259497,807aa80048d80e577104f04f9dc527bcbdecbac1e0bd777c98286ecfff8aeba7,timestamped_live_quote,FBS vs FBS
2026-10-01T20:35:46Z,94769faaa7a5aba0474291fc9c2d3d6d,2026-10-03T16:00:00Z,UConn Huskies,Syracuse Orange,lowvig,LowVig.ag,2026-10-01T20:34:27Z,2026-10-01T20:34:27Z,Syracuse Orange,-7.0,-101.0,2026,2026-10-01T20:35:46Z,1344,5.989046472863379,7.135774234137429,1.3532722387259497,807aa80048d80e577104f04f9dc527bcbdecbac1e0bd777c98286ecfff8aeba7,timestamped_live_quote,FBS vs FBS
2026-10-01T20:35:46Z,94769faaa7a5aba0474291fc9c2d3d6d,2026-10-03T16:00:00Z,UConn Huskies,Syracuse Orange,lowvig,LowVig.ag,2026-10-01T20:34:27Z,2026-10-01T20:34:27Z,UConn Huskies,7.0,-111.0,2026,2026-10-01T20:35:46Z,1344,5.989046472863379,7.135774234137429,1.3532722387259497,807aa80048d80e577104f04f9dc527bcbdecbac1e0bd777c98286ecfff8aeba7,timestamped_live_quote,FBS vs FBS
2026-10-01T20:35:46Z,94769faaa7a5aba0474291fc9c2d3d6d,2026-10-03T16:00:00Z,UConn Huskies,Syracuse Orange,betonlineag,BetOnline.ag,2026-10-01T20:35:44Z,2026-10-01T20:35:44Z,Syracuse Orange,-7.0,-105.0,2026,2026-10-01T20:35:46Z,1344,5.989046472863379,7.135774234137429,1.3532722387259497,807aa80048d80e577104f04f9dc527bcbdecbac1e0bd777c98286ecfff8aeba7,timestamped_live_quote,FBS vs FBS
2026-10-01T20:35:46Z,94769faaa7a5aba0474291fc9c2d3d6d,2026-10-03T16:00:00Z,UConn Huskies,Syracuse Orange,betonlineag,BetOnline.ag,2026-10-01T20:35:44Z,2026-10-01T20:35:44Z,UConn Huskies,7.0,-115.0,2026,2026-10-01T20:35:46Z,1344,5.989046472863379,7.135774234137429,1.3532722387259497,807aa80048d80e577104f04f9dc527bcbdecbac1e0bd777c98286ecfff8aeba7,timestamped_live_quote,FBS vs FBS
2026-10-01T20:35:46Z,94769faaa7a5aba0474291fc9c2d3d6d,2026-10-03T16:00:00Z,UConn Huskies,Syracuse Orange,draftkings,DraftKings,2026-10-01T20:35:46Z,2026-10-01T20:35:46Z,Syracuse Orange,-7.0,-108.0,2026,2026-10-01T20:35:46Z,1344,5.989046472863379,7.135774234137429,1.3532722387259497,807aa80048d80e577104f04f9dc527bcbdecbac1e0bd777c98286ecfff8aeba7,timestamped_live_quote,FBS vs FBS
2026-10-01T20:35:46Z,94769faaa7a5aba0474291fc9c2d3d6d,2026-10-03T16:00:00Z,UConn Huskies,Syracuse Orange,draftkings,DraftKings,2026-10-01T20:35:46Z,2026-10-01T20:35:46Z,UConn Huskies,7.0,-112.0,2026,2026-10-01T20:35:46Z,1344,5.989046472863379,7.135774234137429,1.3532722387259497,807aa80048d80e577104f04f9dc527bcbdecbac1e0bd777c98286ecfff8aeba7,timestamped_live_quote,FBS vs FBS
2026-10-01T20:35:46Z,94769faaa7a5aba0474291fc9c2d3d6d,2026-10-03T16:00:00Z,UConn Huskies,Syracuse Orange,mybookieag,MyBookie.ag,2026-10-01T20:34:30Z,2026-10-01T20:34:30Z,Syracuse Orange,-7.0,100.0,2026,2026-10-01T20:35:46Z,1344,5.989046472863379,7.135774234137429,1.3532722387259497,807aa80048d80e577104f04f9dc527bcbdecbac1e0bd777c98286ecfff8aeba7,timestamped_live_quote,FBS vs FBS
2026-10-01T20:35:46Z,94769faaa7a5aba0474291fc9c2d3d6d,2026-10-03T16:00:00Z,UConn Huskies,Syracuse Orange,mybookieag,MyBookie.ag,2026-10-01T20:34:30Z,2026-10-01T20:34:30Z,UConn Huskies,7.0,-120.0,2026,2026-10-01T20:35:46Z,1344,5.989046472863379,7.135774234137429,1.3532722387259497,807aa80048d80e577104f04f9dc527bcbdecbac1e0bd777c98286ecfff8aeba7,timestamped_live_quote,FBS vs FBS
2026-10-01T20:35:46Z,94769faaa7a5aba0474291fc9c2d3d6d,2026-10-03T16:00:00Z,UConn Huskies,Syracuse Orange,betus,BetUS,2026-10-01T20:35:27Z,2026-10-01T20:35:27Z,Syracuse Orange,-7.0,-105.0,2026,2026-10-01T20:35:46Z,1344,5.989046472863379,7.135774234137429,1.3532722387259497,807aa80048d80e577104f04f9dc527bcbdecbac1e0bd777c98286ecfff8aeba7,timestamped_live_quote,FBS vs FBS
2026-10-01T20:35:46Z,94769faaa7a5aba0474291fc9c2d3d6d,2026-10-03T16:00:00Z,UConn Huskies,Syracuse Orange,betus,BetUS,2026-10-01T20:35:27Z,2026-10-01T20:35:27Z,UConn Huskies,7.0,-115.0,2026,2026-10-01T20:35:46Z,1344,5.989046472863379,7.135774234137429,1.3532722387259497,807aa80048d80e577104f04f9dc527bcbdecbac1e0bd777c98286ecfff8aeba7,timestamped_live_quote,FBS vs FBS
2026-10-01T20:35:46Z,94769faaa7a5aba0474291fc9c2d3d6d,2026-10-03T16:00:00Z,UConn Huskies,Syracuse Orange,betmgm,BetMGM,2026-10-01T20:35:29Z,2026-10-01T20:35:29Z,Syracuse Orange,-7.0,-105.0,2026,2026-10-01T20:35:46Z,1344,5.989046472863379,7.135774234137429,1.3532722387259497,807aa80048d80e577104f04f9dc527bcbdecbac1e0bd777c98286ecfff8aeba7,timestamped_live_quote,FBS vs FBS
2026-10-01T20:35:46Z,94769faaa7a5aba0474291fc9c2d3d6d,2026-10-03T16:00:00Z,UConn Huskies,Syracuse Orange,betmgm,BetMGM,2026-10-01T20:35:29Z,2026-10-01T20:35:29Z,UConn Huskies,7.0,-115.0,2026,2026-10-01T20:35:46Z,1344,5.989046472863379,7.135774234137429,1.3532722387259497,807aa80048d80e577104f04f9dc527bcbdecbac1e0bd777c98286ecfff8aeba7,timestamped_live_quote,FBS vs FBS
2026-10-01T20:35:46Z,94769faaa7a5aba0474291fc9c2d3d6d,2026-10-03T16:00:00Z,UConn Huskies,Syracuse Orange,bovada,Bovada,2026-10-01T20:31:42Z,2026-10-01T20:31:42Z,Syracuse Orange,-7.0,-105.0,2026,2026-10-01T20:35:46Z,1344,5.989046472863379,7.135774234137429,1.3532722387259497,807aa80048d80e577104f04f9dc527bcbdecbac1e0bd777c98286ecfff8aeba7,timestamped_live_quote,FBS vs FBS
2026-10-01T20:35:46Z,94769faaa7a5aba0474291fc9c2d3d6d,2026-10-03T16:00:00Z,UConn Huskies,Syracuse Orange,bovada,Bovada,2026-10-01T20:31:42Z,2026-10-01T20:31:42Z,UConn Huskies,7.0,-115.0,2026,2026-10-01T20:35:46Z,1344,5.989046472863379,7.135774234137429,1.3532722387259497,807aa80048d80e577104f04f9dc527bcbdecbac1e0bd777c98286ecfff8aeba7,timestamped_live_quote,FBS vs FBS
2026-10-01T20:35:46Z,575f5abb1af3a81091ac5a1cf1f5f927,2026-10-03T16:30:00Z,Wisconsin Badgers,Michigan State Spartans,fanduel,FanDuel,2026-10-01T20:35:29Z,2026-10-01T20:35:29Z,Michigan State Spartans,9.5,-104.0,2026,2026-10-01T20:35:46Z,1344,9.765269895235472,4.172655755028437,8.092614140207035,807aa80048d80e577104f04f9dc527bcbdecbac1e0bd777c98286ecfff8aeba7,timestamped_live_quote,FBS vs FBS
2026-10-01T20:35:46Z,575f5abb1af3a81091ac5a1cf1f5f927,2026-10-03T16:30:00Z,Wisconsin Badgers,Michigan State Spartans,fanduel,FanDuel,2026-10-01T20:35:29Z,2026-10-01T20:35:29Z,Wisconsin Badgers,-9.5,-118.0,2026,2026-10-01T20:35:46Z,1344,9.765269895235472,4.172655755028437,8.092614140207035,807aa80048d80e577104f04f9dc527bcbdecbac1e0bd777c98286ecfff8aeba7,timestamped_live_quote,FBS vs FBS
2026-10-01T20:35:46Z,575f5abb1af3a81091ac5a1cf1f5f927,2026-10-03T16:30:00Z,Wisconsin Badgers,Michigan State Spartans,draftkings,DraftKings,2026-10-01T20:35:46Z,2026-10-01T20:35:46Z,Michigan State Spartans,10.0,-108.0,2026,2026-10-01T20:35:46Z,1344,9.765269895235472,4.172655755028437,8.092614140207035,807aa80048d80e577104f04f9dc527bcbdecbac1e0bd777c98286ecfff8aeba7,timestamped_live_quote,FBS vs FBS
2026-10-01T20:35:46Z,575f5abb1af3a81091ac5a1cf1f5f927,2026-10-03T16:30:00Z,Wisconsin Badgers,Michigan State Spartans,draftkings,DraftKings,2026-10-01T20:35:46Z,2026-10-01T20:35:46Z,Wisconsin Badgers,-10.0,-112.0,2026,2026-10-01T20:35:46Z,1344,9.765269895235472,4.172655755028437,8.092614140207035,807aa80048d80e577104f04f9dc527bcbdecbac1e0bd777c98286ecfff8aeba7,timestamped_live_quote,FBS vs FBS
2026-10-01T20:35:46Z,575f5abb1af3a81091ac5a1cf1f5f927,2026-10-03T16:30:00Z,Wisconsin Badgers,Michigan State Spartans,betonlineag,BetOnline.ag,2026-10-01T20:35:44Z,2026-10-01T20:35:44Z,Michigan State Spartans,10.0,-113.0,2026,2026-10-01T20:35:46Z,1344,9.765269895235472,4.172655755028437,8.092614140207035,807aa80048d80e577104f04f9dc527bcbdecbac1e0bd777c98286ecfff8aeba7,timestamped_live_quote,FBS vs FBS
2026-10-01T20:35:46Z,575f5abb1af3a81091ac5a1cf1f5f927,2026-10-03T16:30:00Z,Wisconsin Badgers,Michigan State Spartans,betonlineag,BetOnline.ag,2026-10-01T20:35:44Z,2026-10-01T20:35:44Z,Wisconsin Badgers,-10.0,-107.0,2026,2026-10-01T20:35:46Z,1344,9.765269895235472,4.172655755028437,8.092614140207035,807aa80048d80e577104f04f9dc527bcbdecbac1e0bd777c98286ecfff8aeba7,timestamped_live_quote,FBS vs FBS
2026-10-01T20:35:46Z,575f5abb1af3a81091ac5a1cf1f5f927,2026-10-03T16:30:00Z,Wisconsin Badgers,Michigan State Spartans,lowvig,LowVig.ag,2026-10-01T20:34:27Z,2026-10-01T20:34:27Z,Michigan State Spartans,10.0,-109.0,2026,2026-10-01T20:35:46Z,1344,9.765269895235472,4.172655755028437,8.092614140207035,807aa80048d80e577104f04f9dc527bcbdecbac1e0bd777c98286ecfff8aeba7,timestamped_live_quote,FBS vs FBS
2026-10-01T20:35:46Z,575f5abb1af3a81091ac5a1cf1f5f927,2026-10-03T16:30:00Z,Wisconsin Badgers,Michigan State Spartans,lowvig,LowVig.ag,2026-10-01T20:34:27Z,2026-10-01T20:34:27Z,Wisconsin Badgers,-10.0,-103.0,2026,2026-10-01T20:35:46Z,1344,9.765269895235472,4.172655755028437,8.092614140207035,807aa80048d80e577104f04f9dc527bcbdecbac1e0bd777c98286ecfff8aeba7,timestamped_live_quote,FBS vs FBS
2026-10-01T20:35:46Z,575f5abb1af3a81091ac5a1cf1f5f927,2026-10-03T16:30:00Z,Wisconsin Badgers,Michigan State Spartans,mybookieag,MyBookie.ag,2026-10-01T20:34:30Z,2026-10-01T20:34:30Z,Michigan State Spartans,10.0,-110.0,2026,2026-10-01T20:35:46Z,1344,9.765269895235472,4.172655755028437,8.092614140207035,807aa80048d80e577104f04f9dc527bcbdecbac1e0bd777c98286ecfff8aeba7,timestamped_live_quote,FBS vs FBS
2026-10-01T20:35:46Z,575f5abb1af3a81091ac5a1cf1f5f927,2026-10-03T16:30:00Z,Wisconsin Badgers,Michigan State Spartans,mybookieag,MyBookie.ag,2026-10-01T20:34:30Z,2026-10-01T20:34:30Z,Wisconsin Badgers,-10.0,-110.0,2026,2026-10-01T20:35:46Z,1344,9.765269895235472,4.172655755028437,8.092614140207035,807aa80048d80e577104f04f9dc527bcbdecbac1e0bd777c98286ecfff8aeba7,timestamped_live_quote,FBS vs FBS
2026-10-01T20:35:46Z,575f5abb1af3a81091ac5a1cf1f5f927,2026-10-03T16:30:00Z,Wisconsin Badgers,Michigan State Spartans,betus,BetUS,2026-10-01T20:35:27Z,2026-10-01T20:35:27Z,Michigan State Spartans,10.0,-110.0,2026,2026-10-01T20:35:46Z,1344,9.765269895235472,4.172655755028437,8.092614140207035,807aa80048d80e577104f04f9dc527bcbdecbac1e0bd777c98286ecfff8aeba7,timestamped_live_quote,FBS vs FBS
2026-10-01T20:35:46Z,575f5abb1af3a81091ac5a1cf1f5f927,2026-10-03T16:30:00Z,Wisconsin Badgers,Michigan State Spartans,betus,BetUS,2026-10-01T20:35:27Z,2026-10-01T20:35:27Z,Wisconsin Badgers,-10.0,-110.0,2026,2026-10-01T20:35:46Z,1344,9.765269895235472,4.172655755028437,8.092614140207035,807aa80048d80e577104f04f9dc527bcbdecbac1e0bd777c98286ecfff8aeba7,timestamped_live_quote,FBS vs FBS
2026-10-01T20:35:46Z,575f5abb1af3a81091ac5a1cf1f5f927,2026-10-03T16:30:00Z,Wisconsin Badgers,Michigan State Spartans,betmgm,BetMGM,2026-10-01T20:35:29Z,2026-10-01T20:35:29Z,Michigan State Spartans,10.0,-110.0,2026,2026-10-01T20:35:46Z,1344,9.765269895235472,4.172655755028437,8.092614140207035,807aa80048d80e577104f04f9dc527bcbdecbac1e0bd777c98286ecfff8aeba7,timestamped_live_quote,FBS vs FBS
2026-10-01T20:35:46Z,575f5abb1af3a81091ac5a1cf1f5f927,2026-10-03T16:30:00Z,Wisconsin Badgers,Michigan State Spartans,betmgm,BetMGM,2026-10-01T20:35:29Z,2026-10-01T20:35:29Z,Wisconsin Badgers,-10.0,-108.0,2026,2026-10-01T20:35:46Z,1344,9.765269895235472,4.172655755028437,8.092614140207035,807aa80048d80e577104f04f9dc527bcbdecbac1e0bd777c98286ecfff8aeba7,timestamped_live_quote,FBS vs FBS
2026-10-01T20:35:46Z,575f5abb1af3a81091ac5a1cf1f5f927,2026-10-03T16:30:00Z,Wisconsin Badgers,Michigan State Spartans,bovada,Bovada,2026-10-01T20:31:42Z,2026-10-01T20:31:42Z,Michigan State Spartans,10.0,-110.0,2026,2026-10-01T20:35:46Z,1344,9.765269895235472,4.172655755028437,8.092614140207035,807aa80048d80e577104f04f9dc527bcbdecbac1e0bd777c98286ecfff8aeba7,timestamped_live_quote,FBS vs FBS
2026-10-01T20:35:46Z,575f5abb1af3a81091ac5a1cf1f5f927,2026-10-03T16:30:00Z,Wisconsin Badgers,Michigan State Spartans,bovada,Bovada,2026-10-01T20:31:42Z,2026-10-01T20:31:42Z,Wisconsin Badgers,-10.0,-110.0,2026,2026-10-01T20:35:46Z,1344,9.765269895235472,4.172655755028437,8.092614140207035,807aa80048d80e577104f04f9dc527bcbdecbac1e0bd777c98286ecfff8aeba7,timestamped_live_quote,FBS vs FBS
2026-10-01T20:35:46Z,46e1be6476ed577d1b5194b46b27c643,2026-10-03T16:45:00Z,Georgia Bulldogs,Vanderbilt Commodores,draftkings,DraftKings,2026-10-01T20:35:46Z,2026-10-01T20:35:46Z,Georgia Bulldogs,-25.5,-108.0,2026,2026-10-01T20:35:46Z,1344,19.670078309680225,6.083264807066827,16.086813502613396,807aa80048d80e577104f04f9dc527bcbdecbac1e0bd777c98286ecfff8aeba7,timestamped_live_quote,FBS vs FBS
2026-10-01T20:35:46Z,46e1be6476ed577d1b5194b46b27c643,2026-10-03T16:45:00Z,Georgia Bulldogs,Vanderbilt Commodores,draftkings,DraftKings,2026-10-01T20:35:46Z,2026-10-01T20:35:46Z,Vanderbilt Commodores,25.5,-112.0,2026,2026-10-01T20:35:46Z,1344,19.670078309680225,6.083264807066827,16.086813502613396,807aa80048d80e577104f04f9dc527bcbdecbac1e0bd777c98286ecfff8aeba7,timestamped_live_quote,FBS vs FBS
2026-10-01T20:35:46Z,46e1be6476ed577d1b5194b46b27c643,2026-10-03T16:45:00Z,Georgia Bulldogs,Vanderbilt Commodores,fanduel,FanDuel,2026-10-01T20:35:29Z,2026-10-01T20:35:29Z,Georgia Bulldogs,-24.5,-118.0,2026,2026-10-01T20:35:46Z,1344,19.670078309680225,6.083264807066827,16.086813502613396,807aa80048d80e577104f04f9dc527bcbdecbac1e0bd777c98286ecfff8aeba7,timestamped_live_quote,FBS vs FBS
2026-10-01T20:35:46Z,46e1be6476ed577d1b5194b46b27c643,2026-10-03T16:45:00Z,Georgia Bulldogs,Vanderbilt Commodores,fanduel,FanDuel,2026-10-01T20:35:29Z,2026-10-01T20:35:29Z,Vanderbilt Commodores,24.5,-104.0,2026,2026-10-01T20:35:46Z,1344,19.670078309680225,6.083264807066827,16.086813502613396,807aa80048d80e577104f04f9dc527bcbdecbac1e0bd777c98286ecfff8aeba7,timestamped_live_quote,FBS vs FBS
2026-10-01T20:35:46Z,46e1be6476ed577d1b5194b46b27c643,2026-10-03T16:45:00Z,Georgia Bulldogs,Vanderbilt Commodores,betonlineag,BetOnline.ag,2026-10-01T20:35:44Z,2026-10-01T20:35:44Z,Georgia Bulldogs,-25.0,-115.0,2026,2026-10-01T20:35:46Z,1344,19.670078309680225,6.083264807066827,16.086813502613396,807aa80048d80e577104f04f9dc527bcbdecbac1e0bd777c98286ecfff8aeba7,timestamped_live_quote,FBS vs FBS
2026-10-01T20:35:46Z,46e1be6476ed577d1b5194b46b27c643,2026-10-03T16:45:00Z,Georgia Bulldogs,Vanderbilt Commodores,betonlineag,BetOnline.ag,2026-10-01T20:35:44Z,2026-10-01T20:35:44Z,Vanderbilt Commodores,25.0,-105.0,2026,2026-10-01T20:35:46Z,1344,19.670078309680225,6.083264807066827,16.086813502613396,807aa80048d80e577104f04f9dc527bcbdecbac1e0bd777c98286ecfff8aeba7,timestamped_live_quote,FBS vs FBS
2026-10-01T20:35:46Z,46e1be6476ed577d1b5194b46b27c643,2026-10-03T16:45:00Z,Georgia Bulldogs,Vanderbilt Commodores,lowvig,LowVig.ag,2026-10-01T20:34:27Z,2026-10-01T20:34:27Z,Georgia Bulldogs,-25.0,-111.0,2026,2026-10-01T20:35:46Z,1344,19.670078309680225,6.083264807066827,16.086813502613396,807aa80048d80e577104f04f9dc527bcbdecbac1e0bd777c98286ecfff8aeba7,timestamped_live_quote,FBS vs FBS
2026-10-01T20:35:46Z,46e1be6476ed577d1b5194b46b27c643,2026-10-03T16:45:00Z,Georgia Bulldogs,Vanderbilt Commodores,lowvig,LowVig.ag,2026-10-01T20:34:27Z,2026-10-01T20:34:27Z,Vanderbilt Commodores,25.0,-101.0,2026,2026-10-01T20:35:46Z,1344,19.670078309680225,6.083264807066827,16.086813502613396,807aa80048d80e577104f04f9dc527bcbdecbac1e0bd777c98286ecfff8aeba7,timestamped_live_quote,FBS vs FBS
2026-10-01T20:35:46Z,46e1be6476ed577d1b5194b46b27c643,2026-10-03T16:45:00Z,Georgia Bulldogs,Vanderbilt Commodores,betmgm,BetMGM,2026-10-01T20:35:29Z,2026-10-01T20:35:29Z,Georgia Bulldogs,-25.0,-108.0,2026,2026-10-01T20:35:46Z,1344,19.670078309680225,6.083264807066827,16.086813502613396,807aa80048d80e577104f04f9dc527bcbdecbac1e0bd777c98286ecfff8aeba7,timestamped_live_quote,FBS vs FBS
2026-10-01T20:35:46Z,46e1be6476ed577d1b5194b46b27c643,2026-10-03T16:45:00Z,Georgia Bulldogs,Vanderbilt Commodores,betmgm,BetMGM,2026-10-01T20:35:29Z,2026-10-01T20:35:29Z,Vanderbilt Commodores,25.0,-110.0,2026,2026-10-01T20:35:46Z,1344,19.670078309680225,6.083264807066827,16.086813502613396,807aa80048d80e577104f04f9dc527bcbdecbac1e0bd777c98286ecfff8aeba7,timestamped_live_quote,FBS vs FBS
2026-10-01T20:35:46Z,46e1be6476ed577d1b5194b46b27c643,2026-10-03T16:45:00Z,Georgia Bulldogs,Vanderbilt Commodores,mybookieag,MyBookie.ag,2026-10-01T20:34:30Z,2026-10-01T20:34:30Z,Georgia Bulldogs,-26.0,-110.0,2026,2026-10-01T20:35:46Z,1344,19.670078309680225,6.083264807066827,16.086813502613396,807aa80048d80e577104f04f9dc527bcbdecbac1e0bd777c98286ecfff8aeba7,timestamped_live_quote,FBS vs FBS
2026-10-01T20:35:46Z,46e1be6476ed577d1b5194b46b27c643,2026-10-03T16:45:00Z,Georgia Bulldogs,Vanderbilt Commodores,mybookieag,MyBookie.ag,2026-10-01T20:34:30Z,2026-10-01T20:34:30Z,Vanderbilt Commodores,26.0,-110.0,2026,2026-10-01T20:35:46Z,1344,19.670078309680225,6.083264807066827,16.086813502613396,807aa80048d80e577104f04f9dc527bcbdecbac1e0bd777c98286ecfff8aeba7,timestamped_live_quote,FBS vs FBS
2026-10-01T20:35:46Z,46e1be6476ed577d1b5194b46b27c643,2026-10-03T16:45:00Z,Georgia Bulldogs,Vanderbilt Commodores,betus,BetUS,2026-10-01T20:35:27Z,2026-10-01T20:35:27Z,Georgia Bulldogs,-26.0,-110.0,2026,2026-10-01T20:35:46Z,1344,19.670078309680225,6.083264807066827,16.086813502613396,807aa80048d80e577104f04f9dc527bcbdecbac1e0bd777c98286ecfff8aeba7,timestamped_live_quote,FBS vs FBS
2026-10-01T20:35:46Z,46e1be6476ed577d1b5194b46b27c643,2026-10-03T16:45:00Z,Georgia Bulldogs,Vanderbilt Commodores,betus,BetUS,2026-10-01T20:35:27Z,2026-10-01T20:35:27Z,Vanderbilt Commodores,26.0,-110.0,2026,2026-10-01T20:35:46Z,1344,19.670078309680225,6.083264807066827,16.086813502613396,807aa80048d80e577104f04f9dc527bcbdecbac1e0bd777c98286ecfff8aeba7,timestamped_live_quote,FBS vs FBS
2026-10-01T20:35:46Z,46e1be6476ed577d1b5194b46b27c643,2026-10-03T16:45:00Z,Georgia Bulldogs,Vanderbilt Commodores,bovada,Bovada,2026-10-01T20:31:42Z,2026-10-01T20:31:42Z,Georgia Bulldogs,-25.0,-110.0,2026,2026-10-01T20:35:46Z,1344,19.670078309680225,6.083264807066827,16.086813502613396,807aa80048d80e577104f04f9dc527bcbdecbac1e0bd777c98286ecfff8aeba7,timestamped_live_quote,FBS vs FBS
2026-10-01T20:35:46Z,46e1be6476ed577d1b5194b46b27c643,2026-10-03T16:45:00Z,Georgia Bulldogs,Vanderbilt Commodores,bovada,Bovada,2026-10-01T20:31:42Z,2026-10-01T20:31:42Z,Vanderbilt Commodores,25.0,-110.0,2026,2026-10-01T20:35:46Z,1344,19.670078309680225,6.083264807066827,16.086813502613396,807aa80048d80e577104f04f9dc527bcbdecbac1e0bd777c98286ecfff8aeba7,timestamped_live_quote,FBS vs FBS
2026-10-01T20:35:46Z,031ad65ec032d459cda2cee30378e4a4,2026-10-03T17:00:00Z,Buffalo Bulls,Western Michigan Broncos,draftkings,DraftKings,2026-10-01T20:35:46Z,2026-10-01T20:35:46Z,Buffalo Bulls,14.0,-110.0,2026,2026-10-01T20:35:46Z,1344,-4.999704415630837,3.2442316063219843,-5.7439360219528215,807aa80048d80e577104f04f9dc527bcbdecbac1e0bd777c98286ecfff8aeba7,timestamped_live_quote,FBS vs FBS
2026-10-01T20:35:46Z,031ad65ec032d459cda2cee30378e4a4,2026-10-03T17:00:00Z,Buffalo Bulls,Western Michigan Broncos,draftkings,DraftKings,2026-10-01T20:35:46Z,2026-10-01T20:35:46Z,Western Michigan Broncos,-14.0,-110.0,2026,2026-10-01T20:35:46Z,1344,-4.999704415630837,3.2442316063219843,-5.7439360219528215,807aa80048d80e577104f04f9dc527bcbdecbac1e0bd777c98286ecfff8aeba7,timestamped_live_quote,FBS vs FBS
2026-10-01T20:35:46Z,031ad65ec032d459cda2cee30378e4a4,2026-10-03T17:00:00Z,Buffalo Bulls,Western Michigan Broncos,lowvig,LowVig.ag,2026-10-01T20:34:27Z,2026-10-01T20:34:27Z,Buffalo Bulls,14.0,-106.0,2026,2026-10-01T20:35:46Z,1344,-4.999704415630837,3.2442316063219843,-5.7439360219528215,807aa80048d80e577104f04f9dc527bcbdecbac1e0bd777c98286ecfff8aeba7,timestamped_live_quote,FBS vs FBS
2026-10-01T20:35:46Z,031ad65ec032d459cda2cee30378e4a4,2026-10-03T17:00:00Z,Buffalo Bulls,Western Michigan Broncos,lowvig,LowVig.ag,2026-10-01T20:34:27Z,2026-10-01T20:34:27Z,Western Michigan Broncos,-14.0,-106.0,2026,2026-10-01T20:35:46Z,1344,-4.999704415630837,3.2442316063219843,-5.7439360219528215,807aa80048d80e577104f04f9dc527bcbdecbac1e0bd777c98286ecfff8aeba7,timestamped_live_quote,FBS vs FBS
2026-10-01T20:35:46Z,031ad65ec032d459cda2cee30378e4a4,2026-10-03T17:00:00Z,Buffalo Bulls,Western Michigan Broncos,betonlineag,BetOnline.ag,2026-10-01T20:35:44Z,2026-10-01T20:35:44Z,Buffalo Bulls,14.0,-105.0,2026,2026-10-01T20:35:46Z,1344,-4.999704415630837,3.2442316063219843,-5.7439360219528215,807aa80048d80e577104f04f9dc527bcbdecbac1e0bd777c98286ecfff8aeba7,timestamped_live_quote,FBS vs FBS
2026-10-01T20:35:46Z,031ad65ec032d459cda2cee30378e4a4,2026-10-03T17:00:00Z,Buffalo Bulls,Western Michigan Broncos,betonlineag,BetOnline.ag,2026-10-01T20:35:44Z,2026-10-01T20:35:44Z,Western Michigan Broncos,-14.0,-115.0,2026,2026-10-01T20:35:46Z,1344,-4.999704415630837,3.2442316063219843,-5.7439360219528215,807aa80048d80e577104f04f9dc527bcbdecbac1e0bd777c98286ecfff8aeba7,timestamped_live_quote,FBS vs FBS
2026-10-01T20:35:46Z,031ad65ec032d459cda2cee30378e4a4,2026-10-03T17:00:00Z,Buffalo Bulls,Western Michigan Broncos,fanduel,FanDuel,2026-10-01T20:35:29Z,2026-10-01T20:35:29Z,Buffalo Bulls,13.5,-104.0,2026,2026-10-01T20:35:46Z,1344,-4.999704415630837,3.2442316063219843,-5.7439360219528215,807aa80048d80e577104f04f9dc527bcbdecbac1e0bd777c98286ecfff8aeba7,timestamped_live_quote,FBS vs FBS
2026-10-01T20:35:46Z,031ad65ec032d459cda2cee30378e4a4,2026-10-03T17:00:00Z,Buffalo Bulls,Western Michigan Broncos,fanduel,FanDuel,2026-10-01T20:35:29Z,2026-10-01T20:35:29Z,Western Michigan Broncos,-13.5,-118.0,2026,2026-10-01T20:35:46Z,1344,-4.999704415630837,3.2442316063219843,-5.7439360219528215,807aa80048d80e577104f04f9dc527bcbdecbac1e0bd777c98286ecfff8aeba7,timestamped_live_quote,FBS vs FBS
2026-10-01T20:35:46Z,031ad65ec032d459cda2cee30378e4a4,2026-10-03T17:00:00Z,Buffalo Bulls,Western Michigan Broncos,mybookieag,MyBookie.ag,2026-10-01T20:34:30Z,2026-10-01T20:34:30Z,Buffalo Bulls,14.0,-110.0,2026,2026-10-01T20:35:46Z,1344,-4.999704415630837,3.2442316063219843,-5.7439360219528215,807aa80048d80e577104f04f9dc527bcbdecbac1e0bd777c98286ecfff8aeba7,timestamped_live_quote,FBS vs FBS
2026-10-01T20:35:46Z,031ad65ec032d459cda2cee30378e4a4,2026-10-03T17:00:00Z,Buffalo Bulls,Western Michigan Broncos,mybookieag,MyBookie.ag,2026-10-01T20:34:30Z,2026-10-01T20:34:30Z,Western Michigan Broncos,-14.0,-110.0,2026,2026-10-01T20:35:46Z,1344,-4.999704415630837,3.2442316063219843,-5.7439360219528215,807aa80048d80e577104f04f9dc527bcbdecbac1e0bd777c98286ecfff8aeba7,timestamped_live_quote,FBS vs FBS
2026-10-01T20:35:46Z,031ad65ec032d459cda2cee30378e4a4,2026-10-03T17:00:00Z,Buffalo Bulls,Western Michigan Broncos,betus,BetUS,2026-10-01T20:35:27Z,2026-10-01T20:35:27Z,Buffalo Bulls,14.0,-110.0,2026,2026-10-01T20:35:46Z,1344,-4.999704415630837,3.2442316063219843,-5.7439360219528215,807aa80048d80e577104f04f9dc527bcbdecbac1e0bd777c98286ecfff8aeba7,timestamped_live_quote,FBS vs FBS
2026-10-01T20:35:46Z,031ad65ec032d459cda2cee30378e4a4,2026-10-03T17:00:00Z,Buffalo Bulls,Western Michigan Broncos,betus,BetUS,2026-10-01T20:35:27Z,2026-10-01T20:35:27Z,Western Michigan Broncos,-14.0,-110.0,2026,2026-10-01T20:35:46Z,1344,-4.999704415630837,3.2442316063219843,-5.7439360219528215,807aa80048d80e577104f04f9dc527bcbdecbac1e0bd777c98286ecfff8aeba7,timestamped_live_quote,FBS vs FBS
2026-10-01T20:35:46Z,031ad65ec032d459cda2cee30378e4a4,2026-10-03T17:00:00Z,Buffalo Bulls,Western Michigan Broncos,betmgm,BetMGM,2026-10-01T20:35:29Z,2026-10-01T20:35:29Z,Buffalo Bulls,14.0,-108.0,2026,2026-10-01T20:35:46Z,1344,-4.999704415630837,3.2442316063219843,-5.7439360219528215,807aa80048d80e577104f04f9dc527bcbdecbac1e0bd777c98286ecfff8aeba7,timestamped_live_quote,FBS vs FBS
2026-10-01T20:35:46Z,031ad65ec032d459cda2cee30378e4a4,2026-10-03T17:00:00Z,Buffalo Bulls,Western Michigan Broncos,betmgm,BetMGM,2026-10-01T20:35:29Z,2026-10-01T20:35:29Z,Western Michigan Broncos,-14.0,-110.0,2026,2026-10-01T20:35:46Z,1344,-4.999704415630837,3.2442316063219843,-5.7439360219528215,807aa80048d80e577104f04f9dc527bcbdecbac1e0bd777c98286ecfff8aeba7,timestamped_live_quote,FBS vs FBS
2026-10-01T20:35:46Z,031ad65ec032d459cda2cee30378e4a4,2026-10-03T17:00:00Z,Buffalo Bulls,Western Michigan Broncos,bovada,Bovada,2026-10-01T20:31:42Z,2026-10-01T20:31:42Z,Buffalo Bulls,14.0,-115.0,2026,2026-10-01T20:35:46Z,1344,-4.999704415630837,3.2442316063219843,-5.7439360219528215,807aa80048d80e577104f04f9dc527bcbdecbac1e0bd777c98286ecfff8aeba7,timestamped_live_quote,FBS vs FBS
2026-10-01T20:35:46Z,031ad65ec032d459cda2cee30378e4a4,2026-10-03T17:00:00Z,Buffalo Bulls,Western Michigan Broncos,bovada,Bovada,2026-10-01T20:31:42Z,2026-10-01T20:31:42Z,Western Michigan Broncos,-14.0,-105.0,2026,2026-10-01T20:35:46Z,1344,-4.999704415630837,3.2442316063219843,-5.7439360219528215,807aa80048d80e577104f04f9dc527bcbdecbac1e0bd777c98286ecfff8aeba7,timestamped_live_quote,FBS vs FBS
2026-10-01T20:35:46Z,c3437a49d4efdbca5669e7edfb5af569,2026-10-03T18:00:00Z,Ball State Cardinals,Toledo Rockets,fanduel,FanDuel,2026-10-01T20:35:29Z,2026-10-01T20:35:29Z,Ball State Cardinals,20.5,-110.0,2026,2026-10-01T20:35:46Z,1344,-7.295338702438829,7.680776403009596,-12.476115105448425,807aa80048d80e577104f04f9dc527bcbdecbac1e0bd777c98286ecfff8aeba7,timestamped_live_quote,FBS vs FBS
2026-10-01T20:35:46Z,c3437a49d4efdbca5669e7edfb5af569,2026-10-03T18:00:00Z,Ball State Cardinals,Toledo Rockets,fanduel,FanDuel,2026-10-01T20:35:29Z,2026-10-01T20:35:29Z,Toledo Rockets,-20.5,-110.0,2026,2026-10-01T20:35:46Z,1344,-7.295338702438829,7.680776403009596,-12.476115105448425,807aa80048d80e577104f04f9dc527bcbdecbac1e0bd777c98286ecfff8aeba7,timestamped_live_quote,FBS vs FBS
2026-10-01T20:35:46Z,c3437a49d4efdbca5669e7edfb5af569,2026-10-03T18:00:00Z,Ball State Cardinals,Toledo Rockets,draftkings,DraftKings,2026-10-01T20:35:46Z,2026-10-01T20:35:46Z,Ball State Cardinals,20.5,-108.0,2026,2026-10-01T20:35:46Z,1344,-7.295338702438829,7.680776403009596,-12.476115105448425,807aa80048d80e577104f04f9dc527bcbdecbac1e0bd777c98286ecfff8aeba7,timestamped_live_quote,FBS vs FBS
2026-10-01T20:35:46Z,c3437a49d4efdbca5669e7edfb5af569,2026-10-03T18:00:00Z,Ball State Cardinals,Toledo Rockets,draftkings,DraftKings,2026-10-01T20:35:46Z,2026-10-01T20:35:46Z,Toledo Rockets,-20.5,-112.0,2026,2026-10-01T20:35:46Z,1344,-7.295338702438829,7.680776403009596,-12.476115105448425,807aa80048d80e577104f04f9dc527bcbdecbac1e0bd777c98286ecfff8aeba7,timestamped_live_quote,FBS vs FBS
2026-10-01T20:35:46Z,c3437a49d4efdbca5669e7edfb5af569,2026-10-03T18:00:00Z,Ball State Cardinals,Toledo Rockets,betonlineag,BetOnline.ag,2026-10-01T20:35:44Z,2026-10-01T20:35:44Z,Ball State Cardinals,21.0,-115.0,2026,2026-10-01T20:35:46Z,1344,-7.295338702438829,7.680776403009596,-12.476115105448425,807aa80048d80e577104f04f9dc527bcbdecbac1e0bd777c98286ecfff8aeba7,timestamped_live_quote,FBS vs FBS
2026-10-01T20:35:46Z,c3437a49d4efdbca5669e7edfb5af569,2026-10-03T18:00:00Z,Ball State Cardinals,Toledo Rockets,betonlineag,BetOnline.ag,2026-10-01T20:35:44Z,2026-10-01T20:35:44Z,Toledo Rockets,-21.0,-105.0,2026,2026-10-01T20:35:46Z,1344,-7.295338702438829,7.680776403009596,-12.476115105448425,807aa80048d80e577104f04f9dc527bcbdecbac1e0bd777c98286ecfff8aeba7,timestamped_live_quote,FBS vs FBS
2026-10-01T20:35:46Z,c3437a49d4efdbca5669e7edfb5af569,2026-10-03T18:00:00Z,Ball State Cardinals,Toledo Rockets,lowvig,LowVig.ag,2026-10-01T20:34:27Z,2026-10-01T20:34:27Z,Ball State Cardinals,21.0,-111.0,2026,2026-10-01T20:35:46Z,1344,-7.295338702438829,7.680776403009596,-12.476115105448425,807aa80048d80e577104f04f9dc527bcbdecbac1e0bd777c98286ecfff8aeba7,timestamped_live_quote,FBS vs FBS
2026-10-01T20:35:46Z,c3437a49d4efdbca5669e7edfb5af569,2026-10-03T18:00:00Z,Ball State Cardinals,Toledo Rockets,lowvig,LowVig.ag,2026-10-01T20:34:27Z,2026-10-01T20:34:27Z,Toledo Rockets,-21.0,-101.0,2026,2026-10-01T20:35:46Z,1344,-7.295338702438829,7.680776403009596,-12.476115105448425,807aa80048d80e577104f04f9dc527bcbdecbac1e0bd777c98286ecfff8aeba7,timestamped_live_quote,FBS vs FBS
2026-10-01T20:35:46Z,c3437a49d4efdbca5669e7edfb5af569,2026-10-03T18:00:00Z,Ball State Cardinals,Toledo Rockets,betmgm,BetMGM,2026-10-01T20:35:29Z,2026-10-01T20:35:29Z,Ball State Cardinals,20.5,-108.0,2026,2026-10-01T20:35:46Z,1344,-7.295338702438829,7.680776403009596,-12.476115105448425,807aa80048d80e577104f04f9dc527bcbdecbac1e0bd777c98286ecfff8aeba7,timestamped_live_quote,FBS vs FBS
2026-10-01T20:35:46Z,c3437a49d4efdbca5669e7edfb5af569,2026-10-03T18:00:00Z,Ball State Cardinals,Toledo Rockets,betmgm,BetMGM,2026-10-01T20:35:29Z,2026-10-01T20:35:29Z,Toledo Rockets,-20.5,-110.0,2026,2026-10-01T20:35:46Z,1344,-7.295338702438829,7.680776403009596,-12.476115105448425,807aa80048d80e577104f04f9dc527bcbdecbac1e0bd777c98286ecfff8aeba7,timestamped_live_quote,FBS vs FBS
2026-10-01T20:35:46Z,c3437a49d4efdbca5669e7edfb5af569,2026-10-03T18:00:00Z,Ball State Cardinals,Toledo Rockets,mybookieag,MyBookie.ag,2026-10-01T20:34:30Z,2026-10-01T20:34:30Z,Ball State Cardinals,20.5,-110.0,2026,2026-10-01T20:35:46Z,1344,-7.295338702438829,7.680776403009596,-12.476115105448425,807aa80048d80e577104f04f9dc527bcbdecbac1e0bd777c98286ecfff8aeba7,timestamped_live_quote,FBS vs FBS
2026-10-01T20:35:46Z,c3437a49d4efdbca5669e7edfb5af569,2026-10-03T18:00:00Z,Ball State Cardinals,Toledo Rockets,mybookieag,MyBookie.ag,2026-10-01T20:34:30Z,2026-10-01T20:34:30Z,Toledo Rockets,-20.5,-110.0,2026,2026-10-01T20:35:46Z,1344,-7.295338702438829,7.680776403009596,-12.476115105448425,807aa80048d80e577104f04f9dc527bcbdecbac1e0bd777c98286ecfff8aeba7,timestamped_live_quote,FBS vs FBS
2026-10-01T20:35:46Z,c3437a49d4efdbca5669e7edfb5af569,2026-10-03T18:00:00Z,Ball State Cardinals,Toledo Rockets,betus,BetUS,2026-10-01T20:35:27Z,2026-10-01T20:35:27Z,Ball State Cardinals,21.0,-115.0,2026,2026-10-01T20:35:46Z,1344,-7.295338702438829,7.680776403009596,-12.476115105448425,807aa80048d80e577104f04f9dc527bcbdecbac1e0bd777c98286ecfff8aeba7,timestamped_live_quote,FBS vs FBS
2026-10-01T20:35:46Z,c3437a49d4efdbca5669e7edfb5af569,2026-10-03T18:00:00Z,Ball State Cardinals,Toledo Rockets,betus,BetUS,2026-10-01T20:35:27Z,2026-10-01T20:35:27Z,Toledo Rockets,-21.0,-105.0,2026,2026-10-01T20:35:46Z,1344,-7.295338702438829,7.680776403009596,-12.476115105448425,807aa80048d80e577104f04f9dc527bcbdecbac1e0bd777c98286ecfff8aeba7,timestamped_live_quote,FBS vs FBS
2026-10-01T20:35:46Z,c3437a49d4efdbca5669e7edfb5af569,2026-10-03T18:00:00Z,Ball State Cardinals,Toledo Rockets,bovada,Bovada,2026-10-01T20:31:42Z,2026-10-01T20:31:42Z,Ball State Cardinals,20.5,-110.0,2026,2026-10-01T20:35:46Z,1344,-7.295338702438829,7.680776403009596,-12.476115105448425,807aa80048d80e577104f04f9dc527bcbdecbac1e0bd777c98286ecfff8aeba7,timestamped_live_quote,FBS vs FBS
2026-10-01T20:35:46Z,c3437a49d4efdbca5669e7edfb5af569,2026-10-03T18:00:00Z,Ball State Cardinals,Toledo Rockets,bovada,Bovada,2026-10-01T20:31:42Z,2026-10-01T20:31:42Z,Toledo Rockets,-20.5,-110.0,2026,2026-10-01T20:35:46Z,1344,-7.295338702438829,7.680776403009596,-12.476115105448425,807aa80048d80e577104f04f9dc527bcbdecbac1e0bd777c98286ecfff8aeba7,timestamped_live_quote,FBS vs FBS
2026-10-01T20:35:46Z,afbc95d529430ef9797b428b2a9db1ab,2026-10-03T19:30:00Z,Central Michigan Chippewas,Akron Zips,fanduel,FanDuel,2026-10-01T20:35:29Z,2026-10-01T20:35:29Z,Akron Zips,6.5,-110.0,2026,2026-10-01T20:35:46Z,1344,-3.7993499695998407,-4.808318895585516,3.508968925985675,807aa80048d80e577104f04f9dc527bcbdecbac1e0bd777c98286ecfff8aeba7,timestamped_live_quote,FBS vs FBS
2026-10-01T20:35:46Z,afbc95d529430ef9797b428b2a9db1ab,2026-10-03T19:30:00Z,Central Michigan Chippewas,Akron Zips,fanduel,FanDuel,2026-10-01T20:35:29Z,2026-10-01T20:35:29Z,Central Michigan Chippewas,-6.5,-110.0,2026,2026-10-01T20:35:46Z,1344,-3.7993499695998407,-4.808318895585516,3.508968925985675,807aa80048d80e577104f04f9dc527bcbdecbac1e0bd777c98286ecfff8aeba7,timestamped_live_quote,FBS vs FBS
2026-10-01T20:35:46Z,afbc95d529430ef9797b428b2a9db1ab,2026-10-03T19:30:00Z,Central Michigan Chippewas,Akron Zips,draftkings,DraftKings,2026-10-01T20:35:46Z,2026-10-01T20:35:46Z,Akron Zips,6.5,-108.0,2026,2026-10-01T20:35:46Z,1344,-3.7993499695998407,-4.808318895585516,3.508968925985675,807aa80048d80e577104f04f9dc527bcbdecbac1e0bd777c98286ecfff8aeba7,timestamped_live_quote,FBS vs FBS
2026-10-01T20:35:46Z,afbc95d529430ef9797b428b2a9db1ab,2026-10-03T19:30:00Z,Central Michigan Chippewas,Akron Zips,draftkings,DraftKings,2026-10-01T20:35:46Z,2026-10-01T20:35:46Z,Central Michigan Chippewas,-6.5,-112.0,2026,2026-10-01T20:35:46Z,1344,-3.7993499695998407,-4.808318895585516,3.508968925985675,807aa80048d80e577104f04f9dc527bcbdecbac1e0bd777c98286ecfff8aeba7,timestamped_live_quote,FBS vs FBS
2026-10-01T20:35:46Z,afbc95d529430ef9797b428b2a9db1ab,2026-10-03T19:30:00Z,Central Michigan Chippewas,Akron Zips,lowvig,LowVig.ag,2026-10-01T20:34:27Z,2026-10-01T20:34:27Z,Akron Zips,6.5,100.0,2026,2026-10-01T20:35:46Z,1344,-3.7993499695998407,-4.808318895585516,3.508968925985675,807aa80048d80e577104f04f9dc527bcbdecbac1e0bd777c98286ecfff8aeba7,timestamped_live_quote,FBS vs FBS
2026-10-01T20:35:46Z,afbc95d529430ef9797b428b2a9db1ab,2026-10-03T19:30:00Z,Central Michigan Chippewas,Akron Zips,lowvig,LowVig.ag,2026-10-01T20:34:27Z,2026-10-01T20:34:27Z,Central Michigan Chippewas,-6.5,-112.0,2026,2026-10-01T20:35:46Z,1344,-3.7993499695998407,-4.808318895585516,3.508968925985675,807aa80048d80e577104f04f9dc527bcbdecbac1e0bd777c98286ecfff8aeba7,timestamped_live_quote,FBS vs FBS
2026-10-01T20:35:46Z,afbc95d529430ef9797b428b2a9db1ab,2026-10-03T19:30:00Z,Central Michigan Chippewas,Akron Zips,betonlineag,BetOnline.ag,2026-10-01T20:35:44Z,2026-10-01T20:35:44Z,Akron Zips,6.5,-104.0,2026,2026-10-01T20:35:46Z,1344,-3.7993499695998407,-4.808318895585516,3.508968925985675,807aa80048d80e577104f04f9dc527bcbdecbac1e0bd777c98286ecfff8aeba7,timestamped_live_quote,FBS vs FBS
2026-10-01T20:35:46Z,afbc95d529430ef9797b428b2a9db1ab,2026-10-03T19:30:00Z,Central Michigan Chippewas,Akron Zips,betonlineag,BetOnline.ag,2026-10-01T20:35:44Z,2026-10-01T20:35:44Z,Central Michigan Chippewas,-6.5,-116.0,2026,2026-10-01T20:35:46Z,1344,-3.7993499695998407,-4.808318895585516,3.508968925985675,807aa80048d80e577104f04f9dc527bcbdecbac1e0bd777c98286ecfff8aeba7,timestamped_live_quote,FBS vs FBS
2026-10-01T20:35:46Z,afbc95d529430ef9797b428b2a9db1ab,2026-10-03T19:30:00Z,Central Michigan Chippewas,Akron Zips,mybookieag,MyBookie.ag,2026-10-01T20:34:30Z,2026-10-01T20:34:30Z,Akron Zips,6.5,-110.0,2026,2026-10-01T20:35:46Z,1344,-3.7993499695998407,-4.808318895585516,3.508968925985675,807aa80048d80e577104f04f9dc527bcbdecbac1e0bd777c98286ecfff8aeba7,timestamped_live_quote,FBS vs FBS
2026-10-01T20:35:46Z,afbc95d529430ef9797b428b2a9db1ab,2026-10-03T19:30:00Z,Central Michigan Chippewas,Akron Zips,mybookieag,MyBookie.ag,2026-10-01T20:34:30Z,2026-10-01T20:34:30Z,Central Michigan Chippewas,-6.5,-110.0,2026,2026-10-01T20:35:46Z,1344,-3.7993499695998407,-4.808318895585516,3.508968925985675,807aa80048d80e577104f04f9dc527bcbdecbac1e0bd777c98286ecfff8aeba7,timestamped_live_quote,FBS vs FBS
2026-10-01T20:35:46Z,afbc95d529430ef9797b428b2a9db1ab,2026-10-03T19:30:00Z,Central Michigan Chippewas,Akron Zips,betmgm,BetMGM,2026-10-01T20:35:29Z,2026-10-01T20:35:29Z,Akron Zips,6.5,-108.0,2026,2026-10-01T20:35:46Z,1344,-3.7993499695998407,-4.808318895585516,3.508968925985675,807aa80048d80e577104f04f9dc527bcbdecbac1e0bd777c98286ecfff8aeba7,timestamped_live_quote,FBS vs FBS
2026-10-01T20:35:46Z,afbc95d529430ef9797b428b2a9db1ab,2026-10-03T19:30:00Z,Central Michigan Chippewas,Akron Zips,betmgm,BetMGM,2026-10-01T20:35:29Z,2026-10-01T20:35:29Z,Central Michigan Chippewas,-6.5,-110.0,2026,2026-10-01T20:35:46Z,1344,-3.7993499695998407,-4.808318895585516,3.508968925985675,807aa80048d80e577104f04f9dc527bcbdecbac1e0bd777c98286ecfff8aeba7,timestamped_live_quote,FBS vs FBS
2026-10-01T20:35:46Z,afbc95d529430ef9797b428b2a9db1ab,2026-10-03T19:30:00Z,Central Michigan Chippewas,Akron Zips,betus,BetUS,2026-10-01T20:35:27Z,2026-10-01T20:35:27Z,Akron Zips,6.5,-110.0,2026,2026-10-01T20:35:46Z,1344,-3.7993499695998407,-4.808318895585516,3.508968925985675,807aa80048d80e577104f04f9dc527bcbdecbac1e0bd777c98286ecfff8aeba7,timestamped_live_quote,FBS vs FBS
2026-10-01T20:35:46Z,afbc95d529430ef9797b428b2a9db1ab,2026-10-03T19:30:00Z,Central Michigan Chippewas,Akron Zips,betus,BetUS,2026-10-01T20:35:27Z,2026-10-01T20:35:27Z,Central Michigan Chippewas,-6.5,-110.0,2026,2026-10-01T20:35:46Z,1344,-3.7993499695998407,-4.808318895585516,3.508968925985675,807aa80048d80e577104f04f9dc527bcbdecbac1e0bd777c98286ecfff8aeba7,timestamped_live_quote,FBS vs FBS
2026-10-01T20:35:46Z,afbc95d529430ef9797b428b2a9db1ab,2026-10-03T19:30:00Z,Central Michigan Chippewas,Akron Zips,bovada,Bovada,2026-10-01T20:31:42Z,2026-10-01T20:31:42Z,Akron Zips,6.5,-110.0,2026,2026-10-01T20:35:46Z,1344,-3.7993499695998407,-4.808318895585516,3.508968925985675,807aa80048d80e577104f04f9dc527bcbdecbac1e0bd777c98286ecfff8aeba7,timestamped_live_quote,FBS vs FBS
2026-10-01T20:35:46Z,afbc95d529430ef9797b428b2a9db1ab,2026-10-03T19:30:00Z,Central Michigan Chippewas,Akron Zips,bovada,Bovada,2026-10-01T20:31:42Z,2026-10-01T20:31:42Z,Central Michigan Chippewas,-6.5,-110.0,2026,2026-10-01T20:35:46Z,1344,-3.7993499695998407,-4.808318895585516,3.508968925985675,807aa80048d80e577104f04f9dc527bcbdecbac1e0bd777c98286ecfff8aeba7,timestamped_live_quote,FBS vs FBS
2026-10-01T20:35:46Z,f2defdeeb6cb3aa4a86b01a7a5b1ece4,2026-10-03T19:30:00Z,Tennessee Volunteers,Auburn Tigers,draftkings,DraftKings,2026-10-01T20:35:46Z,2026-10-01T20:35:46Z,Auburn Tigers,7.0,-110.0,2026,2026-10-01T20:35:46Z,1344,13.890528683212763,7.206044934251761,9.184483748961002,807aa80048d80e577104f04f9dc527bcbdecbac1e0bd777c98286ecfff8aeba7,timestamped_live_quote,FBS vs FBS
2026-10-01T20:35:46Z,f2defdeeb6cb3aa4a86b01a7a5b1ece4,2026-10-03T19:30:00Z,Tennessee Volunteers,Auburn Tigers,draftkings,DraftKings,2026-10-01T20:35:46Z,2026-10-01T20:35:46Z,Tennessee Volunteers,-7.0,-110.0,2026,2026-10-01T20:35:46Z,1344,13.890528683212763,7.206044934251761,9.184483748961002,807aa80048d80e577104f04f9dc527bcbdecbac1e0bd777c98286ecfff8aeba7,timestamped_live_quote,FBS vs FBS
2026-10-01T20:35:46Z,f2defdeeb6cb3aa4a86b01a7a5b1ece4,2026-10-03T19:30:00Z,Tennessee Volunteers,Auburn Tigers,fanduel,FanDuel,2026-10-01T20:35:29Z,2026-10-01T20:35:29Z,Auburn Tigers,6.5,100.0,2026,2026-10-01T20:35:46Z,1344,13.890528683212763,7.206044934251761,9.184483748961002,807aa80048d80e577104f04f9dc527bcbdecbac1e0bd777c98286ecfff8aeba7,timestamped_live_quote,FBS vs FBS
2026-10-01T20:35:46Z,f2defdeeb6cb3aa4a86b01a7a5b1ece4,2026-10-03T19:30:00Z,Tennessee Volunteers,Auburn Tigers,fanduel,FanDuel,2026-10-01T20:35:29Z,2026-10-01T20:35:29Z,Tennessee Volunteers,-6.5,-122.0,2026,2026-10-01T20:35:46Z,1344,13.890528683212763,7.206044934251761,9.184483748961002,807aa80048d80e577104f04f9dc527bcbdecbac1e0bd777c98286ecfff8aeba7,timestamped_live_quote,FBS vs FBS
2026-10-01T20:35:46Z,f2defdeeb6cb3aa4a86b01a7a5b1ece4,2026-10-03T19:30:00Z,Tennessee Volunteers,Auburn Tigers,lowvig,LowVig.ag,2026-10-01T20:34:27Z,2026-10-01T20:34:27Z,Auburn Tigers,7.0,-105.0,2026,2026-10-01T20:35:46Z,1344,13.890528683212763,7.206044934251761,9.184483748961002,807aa80048d80e577104f04f9dc527bcbdecbac1e0bd777c98286ecfff8aeba7,timestamped_live_quote,FBS vs FBS
2026-10-01T20:35:46Z,f2defdeeb6cb3aa4a86b01a7a5b1ece4,2026-10-03T19:30:00Z,Tennessee Volunteers,Auburn Tigers,lowvig,LowVig.ag,2026-10-01T20:34:27Z,2026-10-01T20:34:27Z,Tennessee Volunteers,-7.0,-107.0,2026,2026-10-01T20:35:46Z,1344,13.890528683212763,7.206044934251761,9.184483748961002,807aa80048d80e577104f04f9dc527bcbdecbac1e0bd777c98286ecfff8aeba7,timestamped_live_quote,FBS vs FBS
2026-10-01T20:35:46Z,f2defdeeb6cb3aa4a86b01a7a5b1ece4,2026-10-03T19:30:00Z,Tennessee Volunteers,Auburn Tigers,betonlineag,BetOnline.ag,2026-10-01T20:35:44Z,2026-10-01T20:35:44Z,Auburn Tigers,7.0,-109.0,2026,2026-10-01T20:35:46Z,1344,13.890528683212763,7.206044934251761,9.184483748961002,807aa80048d80e577104f04f9dc527bcbdecbac1e0bd777c98286ecfff8aeba7,timestamped_live_quote,FBS vs FBS
2026-10-01T20:35:46Z,f2defdeeb6cb3aa4a86b01a7a5b1ece4,2026-10-03T19:30:00Z,Tennessee Volunteers,Auburn Tigers,betonlineag,BetOnline.ag,2026-10-01T20:35:44Z,2026-10-01T20:35:44Z,Tennessee Volunteers,-7.0,-111.0,2026,2026-10-01T20:35:46Z,1344,13.890528683212763,7.206044934251761,9.184483748961002,807aa80048d80e577104f04f9dc527bcbdecbac1e0bd777c98286ecfff8aeba7,timestamped_live_quote,FBS vs FBS
2026-10-01T20:35:46Z,f2defdeeb6cb3aa4a86b01a7a5b1ece4,2026-10-03T19:30:00Z,Tennessee Volunteers,Auburn Tigers,mybookieag,MyBookie.ag,2026-10-01T20:34:30Z,2026-10-01T20:34:30Z,Auburn Tigers,7.0,-110.0,2026,2026-10-01T20:35:46Z,1344,13.890528683212763,7.206044934251761,9.184483748961002,807aa80048d80e577104f04f9dc527bcbdecbac1e0bd777c98286ecfff8aeba7,timestamped_live_quote,FBS vs FBS
2026-10-01T20:35:46Z,f2defdeeb6cb3aa4a86b01a7a5b1ece4,2026-10-03T19:30:00Z,Tennessee Volunteers,Auburn Tigers,mybookieag,MyBookie.ag,2026-10-01T20:34:30Z,2026-10-01T20:34:30Z,Tennessee Volunteers,-7.0,-110.0,2026,2026-10-01T20:35:46Z,1344,13.890528683212763,7.206044934251761,9.184483748961002,807aa80048d80e577104f04f9dc527bcbdecbac1e0bd777c98286ecfff8aeba7,timestamped_live_quote,FBS vs FBS
2026-10-01T20:35:46Z,f2defdeeb6cb3aa4a86b01a7a5b1ece4,2026-10-03T19:30:00Z,Tennessee Volunteers,Auburn Tigers,betmgm,BetMGM,2026-10-01T20:35:29Z,2026-10-01T20:35:29Z,Auburn Tigers,7.0,-108.0,2026,2026-10-01T20:35:46Z,1344,13.890528683212763,7.206044934251761,9.184483748961002,807aa80048d80e577104f04f9dc527bcbdecbac1e0bd777c98286ecfff8aeba7,timestamped_live_quote,FBS vs FBS
2026-10-01T20:35:46Z,f2defdeeb6cb3aa4a86b01a7a5b1ece4,2026-10-03T19:30:00Z,Tennessee Volunteers,Auburn Tigers,betmgm,BetMGM,2026-10-01T20:35:29Z,2026-10-01T20:35:29Z,Tennessee Volunteers,-7.0,-110.0,2026,2026-10-01T20:35:46Z,1344,13.890528683212763,7.206044934251761,9.184483748961002,807aa80048d80e577104f04f9dc527bcbdecbac1e0bd777c98286ecfff8aeba7,timestamped_live_quote,FBS vs FBS
2026-10-01T20:35:46Z,f2defdeeb6cb3aa4a86b01a7a5b1ece4,2026-10-03T19:30:00Z,Tennessee Volunteers,Auburn Tigers,betus,BetUS,2026-10-01T20:35:27Z,2026-10-01T20:35:27Z,Auburn Tigers,7.0,-110.0,2026,2026-10-01T20:35:46Z,1344,13.890528683212763,7.206044934251761,9.184483748961002,807aa80048d80e577104f04f9dc527bcbdecbac1e0bd777c98286ecfff8aeba7,timestamped_live_quote,FBS vs FBS
2026-10-01T20:35:46Z,f2defdeeb6cb3aa4a86b01a7a5b1ece4,2026-10-03T19:30:00Z,Tennessee Volunteers,Auburn Tigers,betus,BetUS,2026-10-01T20:35:27Z,2026-10-01T20:35:27Z,Tennessee Volunteers,-7.0,-110.0,2026,2026-10-01T20:35:46Z,1344,13.890528683212763,7.206044934251761,9.184483748961002,807aa80048d80e577104f04f9dc527bcbdecbac1e0bd777c98286ecfff8aeba7,timestamped_live_quote,FBS vs FBS
2026-10-01T20:35:46Z,f2defdeeb6cb3aa4a86b01a7a5b1ece4,2026-10-03T19:30:00Z,Tennessee Volunteers,Auburn Tigers,bovada,Bovada,2026-10-01T20:31:42Z,2026-10-01T20:31:42Z,Auburn Tigers,7.0,-110.0,2026,2026-10-01T20:35:46Z,1344,13.890528683212763,7.206044934251761,9.184483748961002,807aa80048d80e577104f04f9dc527bcbdecbac1e0bd777c98286ecfff8aeba7,timestamped_live_quote,FBS vs FBS
2026-10-01T20:35:46Z,f2defdeeb6cb3aa4a86b01a7a5b1ece4,2026-10-03T19:30:00Z,Tennessee Volunteers,Auburn Tigers,bovada,Bovada,2026-10-01T20:31:42Z,2026-10-01T20:31:42Z,Tennessee Volunteers,-7.0,-110.0,2026,2026-10-01T20:35:46Z,1344,13.890528683212763,7.206044934251761,9.184483748961002,807aa80048d80e577104f04f9dc527bcbdecbac1e0bd777c98286ecfff8aeba7,timestamped_live_quote,FBS vs FBS
2026-10-01T20:35:46Z,766a0470521ac4a0fad476df45c1438b,2026-10-03T19:30:00Z,Miami (OH) RedHawks,Bowling Green Falcons,draftkings,DraftKings,2026-10-01T20:35:46Z,2026-10-01T20:35:46Z,Bowling Green Falcons,13.5,-110.0,2026,2026-10-01T20:35:46Z,1344,1.8015216695079732,-9.546498870581802,13.848020540089776,807aa80048d80e577104f04f9dc527bcbdecbac1e0bd777c98286ecfff8aeba7,timestamped_live_quote,FBS vs FBS
2026-10-01T20:35:46Z,766a0470521ac4a0fad476df45c1438b,2026-10-03T19:30:00Z,Miami (OH) RedHawks,Bowling Green Falcons,draftkings,DraftKings,2026-10-01T20:35:46Z,2026-10-01T20:35:46Z,Miami (OH) RedHawks,-13.5,-110.0,2026,2026-10-01T20:35:46Z,1344,1.8015216695079732,-9.546498870581802,13.848020540089776,807aa80048d80e577104f04f9dc527bcbdecbac1e0bd777c98286ecfff8aeba7,timestamped_live_quote,FBS vs FBS
2026-10-01T20:35:46Z,766a0470521ac4a0fad476df45c1438b,2026-10-03T19:30:00Z,Miami (OH) RedHawks,Bowling Green Falcons,betonlineag,BetOnline.ag,2026-10-01T20:35:44Z,2026-10-01T20:35:44Z,Bowling Green Falcons,13.0,-104.0,2026,2026-10-01T20:35:46Z,1344,1.8015216695079732,-9.546498870581802,13.848020540089776,807aa80048d80e577104f04f9dc527bcbdecbac1e0bd777c98286ecfff8aeba7,timestamped_live_quote,FBS vs FBS
2026-10-01T20:35:46Z,766a0470521ac4a0fad476df45c1438b,2026-10-03T19:30:00Z,Miami (OH) RedHawks,Bowling Green Falcons,betonlineag,BetOnline.ag,2026-10-01T20:35:44Z,2026-10-01T20:35:44Z,Miami (OH) RedHawks,-13.0,-116.0,2026,2026-10-01T20:35:46Z,1344,1.8015216695079732,-9.546498870581802,13.848020540089776,807aa80048d80e577104f04f9dc527bcbdecbac1e0bd777c98286ecfff8aeba7,timestamped_live_quote,FBS vs FBS
2026-10-01T20:35:46Z,766a0470521ac4a0fad476df45c1438b,2026-10-03T19:30:00Z,Miami (OH) RedHawks,Bowling Green Falcons,lowvig,LowVig.ag,2026-10-01T20:34:27Z,2026-10-01T20:34:27Z,Bowling Green Falcons,13.0,100.0,2026,2026-10-01T20:35:46Z,1344,1.8015216695079732,-9.546498870581802,13.848020540089776,807aa80048d80e577104f04f9dc527bcbdecbac1e0bd777c98286ecfff8aeba7,timestamped_live_quote,FBS vs FBS
2026-10-01T20:35:46Z,766a0470521ac4a0fad476df45c1438b,2026-10-03T19:30:00Z,Miami (OH) RedHawks,Bowling Green Falcons,lowvig,LowVig.ag,2026-10-01T20:34:27Z,2026-10-01T20:34:27Z,Miami (OH) RedHawks,-13.0,-112.0,2026,2026-10-01T20:35:46Z,1344,1.8015216695079732,-9.546498870581802,13.848020540089776,807aa80048d80e577104f04f9dc527bcbdecbac1e0bd777c98286ecfff8aeba7,timestamped_live_quote,FBS vs FBS
2026-10-01T20:35:46Z,766a0470521ac4a0fad476df45c1438b,2026-10-03T19:30:00Z,Miami (OH) RedHawks,Bowling Green Falcons,fanduel,FanDuel,2026-10-01T20:35:29Z,2026-10-01T20:35:29Z,Bowling Green Falcons,13.5,-115.0,2026,2026-10-01T20:35:46Z,1344,1.8015216695079732,-9.546498870581802,13.848020540089776,807aa80048d80e577104f04f9dc527bcbdecbac1e0bd777c98286ecfff8aeba7,timestamped_live_quote,FBS vs FBS
2026-10-01T20:35:46Z,766a0470521ac4a0fad476df45c1438b,2026-10-03T19:30:00Z,Miami (OH) RedHawks,Bowling Green Falcons,fanduel,FanDuel,2026-10-01T20:35:29Z,2026-10-01T20:35:29Z,Miami (OH) RedHawks,-13.5,-105.0,2026,2026-10-01T20:35:46Z,1344,1.8015216695079732,-9.546498870581802,13.848020540089776,807aa80048d80e577104f04f9dc527bcbdecbac1e0bd777c98286ecfff8aeba7,timestamped_live_quote,FBS vs FBS
2026-10-01T20:35:46Z,766a0470521ac4a0fad476df45c1438b,2026-10-03T19:30:00Z,Miami (OH) RedHawks,Bowling Green Falcons,mybookieag,MyBookie.ag,2026-10-01T20:34:30Z,2026-10-01T20:34:30Z,Bowling Green Falcons,13.5,-110.0,2026,2026-10-01T20:35:46Z,1344,1.8015216695079732,-9.546498870581802,13.848020540089776,807aa80048d80e577104f04f9dc527bcbdecbac1e0bd777c98286ecfff8aeba7,timestamped_live_quote,FBS vs FBS
2026-10-01T20:35:46Z,766a0470521ac4a0fad476df45c1438b,2026-10-03T19:30:00Z,Miami (OH) RedHawks,Bowling Green Falcons,mybookieag,MyBookie.ag,2026-10-01T20:34:30Z,2026-10-01T20:34:30Z,Miami (OH) RedHawks,-13.5,-110.0,2026,2026-10-01T20:35:46Z,1344,1.8015216695079732,-9.546498870581802,13.848020540089776,807aa80048d80e577104f04f9dc527bcbdecbac1e0bd777c98286ecfff8aeba7,timestamped_live_quote,FBS vs FBS
2026-10-01T20:35:46Z,766a0470521ac4a0fad476df45c1438b,2026-10-03T19:30:00Z,Miami (OH) RedHawks,Bowling Green Falcons,betmgm,BetMGM,2026-10-01T20:35:29Z,2026-10-01T20:35:29Z,Bowling Green Falcons,13.5,-110.0,2026,2026-10-01T20:35:46Z,1344,1.8015216695079732,-9.546498870581802,13.848020540089776,807aa80048d80e577104f04f9dc527bcbdecbac1e0bd777c98286ecfff8aeba7,timestamped_live_quote,FBS vs FBS
2026-10-01T20:35:46Z,766a0470521ac4a0fad476df45c1438b,2026-10-03T19:30:00Z,Miami (OH) RedHawks,Bowling Green Falcons,betmgm,BetMGM,2026-10-01T20:35:29Z,2026-10-01T20:35:29Z,Miami (OH) RedHawks,-13.5,-108.0,2026,2026-10-01T20:35:46Z,1344,1.8015216695079732,-9.546498870581802,13.848020540089776,807aa80048d80e577104f04f9dc527bcbdecbac1e0bd777c98286ecfff8aeba7,timestamped_live_quote,FBS vs FBS
2026-10-01T20:35:46Z,766a0470521ac4a0fad476df45c1438b,2026-10-03T19:30:00Z,Miami (OH) RedHawks,Bowling Green Falcons,betus,BetUS,2026-10-01T20:35:27Z,2026-10-01T20:35:27Z,Bowling Green Falcons,13.0,-105.0,2026,2026-10-01T20:35:46Z,1344,1.8015216695079732,-9.546498870581802,13.848020540089776,807aa80048d80e577104f04f9dc527bcbdecbac1e0bd777c98286ecfff8aeba7,timestamped_live_quote,FBS vs FBS
2026-10-01T20:35:46Z,766a0470521ac4a0fad476df45c1438b,2026-10-03T19:30:00Z,Miami (OH) RedHawks,Bowling Green Falcons,betus,BetUS,2026-10-01T20:35:27Z,2026-10-01T20:35:27Z,Miami (OH) RedHawks,-13.0,-115.0,2026,2026-10-01T20:35:46Z,1344,1.8015216695079732,-9.546498870581802,13.848020540089776,807aa80048d80e577104f04f9dc527bcbdecbac1e0bd777c98286ecfff8aeba7,timestamped_live_quote,FBS vs FBS
2026-10-01T20:35:46Z,766a0470521ac4a0fad476df45c1438b,2026-10-03T19:30:00Z,Miami (OH) RedHawks,Bowling Green Falcons,bovada,Bovada,2026-10-01T20:31:42Z,2026-10-01T20:31:42Z,Bowling Green Falcons,13.5,-110.0,2026,2026-10-01T20:35:46Z,1344,1.8015216695079732,-9.546498870581802,13.848020540089776,807aa80048d80e577104f04f9dc527bcbdecbac1e0bd777c98286ecfff8aeba7,timestamped_live_quote,FBS vs FBS
2026-10-01T20:35:46Z,766a0470521ac4a0fad476df45c1438b,2026-10-03T19:30:00Z,Miami (OH) RedHawks,Bowling Green Falcons,bovada,Bovada,2026-10-01T20:31:42Z,2026-10-01T20:31:42Z,Miami (OH) RedHawks,-13.5,-110.0,2026,2026-10-01T20:35:46Z,1344,1.8015216695079732,-9.546498870581802,13.848020540089776,807aa80048d80e577104f04f9dc527bcbdecbac1e0bd777c98286ecfff8aeba7,timestamped_live_quote,FBS vs FBS
2026-10-01T20:35:46Z,f28938b05f7d4b4187e879917f6e583a,2026-10-03T19:30:00Z,UNLV Rebels,California Golden Bears,fanduel,FanDuel,2026-10-01T20:35:29Z,2026-10-01T20:35:29Z,California Golden Bears,2.5,-108.0,2026,2026-10-01T20:35:46Z,1344,0.7654832218624095,1.879197016081762,1.3862862057806475,807aa80048d80e577104f04f9dc527bcbdecbac1e0bd777c98286ecfff8aeba7,timestamped_live_quote,FBS vs FBS
2026-10-01T20:35:46Z,f28938b05f7d4b4187e879917f6e583a,2026-10-03T19:30:00Z,UNLV Rebels,California Golden Bears,fanduel,FanDuel,2026-10-01T20:35:29Z,2026-10-01T20:35:29Z,UNLV Rebels,-2.5,-112.0,2026,2026-10-01T20:35:46Z,1344,0.7654832218624095,1.879197016081762,1.3862862057806475,807aa80048d80e577104f04f9dc527bcbdecbac1e0bd777c98286ecfff8aeba7,timestamped_live_quote,FBS vs FBS
2026-10-01T20:35:46Z,f28938b05f7d4b4187e879917f6e583a,2026-10-03T19:30:00Z,UNLV Rebels,California Golden Bears,lowvig,LowVig.ag,2026-10-01T20:34:27Z,2026-10-01T20:34:27Z,California Golden Bears,2.5,-104.0,2026,2026-10-01T20:35:46Z,1344,0.7654832218624095,1.879197016081762,1.3862862057806475,807aa80048d80e577104f04f9dc527bcbdecbac1e0bd777c98286ecfff8aeba7,timestamped_live_quote,FBS vs FBS
2026-10-01T20:35:46Z,f28938b05f7d4b4187e879917f6e583a,2026-10-03T19:30:00Z,UNLV Rebels,California Golden Bears,lowvig,LowVig.ag,2026-10-01T20:34:27Z,2026-10-01T20:34:27Z,UNLV Rebels,-2.5,-108.0,2026,2026-10-01T20:35:46Z,1344,0.7654832218624095,1.879197016081762,1.3862862057806475,807aa80048d80e577104f04f9dc527bcbdecbac1e0bd777c98286ecfff8aeba7,timestamped_live_quote,FBS vs FBS
2026-10-01T20:35:46Z,f28938b05f7d4b4187e879917f6e583a,2026-10-03T19:30:00Z,UNLV Rebels,California Golden Bears,betonlineag,BetOnline.ag,2026-10-01T20:35:44Z,2026-10-01T20:35:44Z,California Golden Bears,2.5,-108.0,2026,2026-10-01T20:35:46Z,1344,0.7654832218624095,1.879197016081762,1.3862862057806475,807aa80048d80e577104f04f9dc527bcbdecbac1e0bd777c98286ecfff8aeba7,timestamped_live_quote,FBS vs FBS
2026-10-01T20:35:46Z,f28938b05f7d4b4187e879917f6e583a,2026-10-03T19:30:00Z,UNLV Rebels,California Golden Bears,betonlineag,BetOnline.ag,2026-10-01T20:35:44Z,2026-10-01T20:35:44Z,UNLV Rebels,-2.5,-112.0,2026,2026-10-01T20:35:46Z,1344,0.7654832218624095,1.879197016081762,1.3862862057806475,807aa80048d80e577104f04f9dc527bcbdecbac1e0bd777c98286ecfff8aeba7,timestamped_live_quote,FBS vs FBS
2026-10-01T20:35:46Z,f28938b05f7d4b4187e879917f6e583a,2026-10-03T19:30:00Z,UNLV Rebels,California Golden Bears,draftkings,DraftKings,2026-10-01T20:35:46Z,2026-10-01T20:35:46Z,California Golden Bears,2.5,-102.0,2026,2026-10-01T20:35:46Z,1344,0.7654832218624095,1.879197016081762,1.3862862057806475,807aa80048d80e577104f04f9dc527bcbdecbac1e0bd777c98286ecfff8aeba7,timestamped_live_quote,FBS vs FBS
2026-10-01T20:35:46Z,f28938b05f7d4b4187e879917f6e583a,2026-10-03T19:30:00Z,UNLV Rebels,California Golden Bears,draftkings,DraftKings,2026-10-01T20:35:46Z,2026-10-01T20:35:46Z,UNLV Rebels,-2.5,-118.0,2026,2026-10-01T20:35:46Z,1344,0.7654832218624095,1.879197016081762,1.3862862057806475,807aa80048d80e577104f04f9dc527bcbdecbac1e0bd777c98286ecfff8aeba7,timestamped_live_quote,FBS vs FBS
2026-10-01T20:35:46Z,f28938b05f7d4b4187e879917f6e583a,2026-10-03T19:30:00Z,UNLV Rebels,California Golden Bears,mybookieag,MyBookie.ag,2026-10-01T20:34:30Z,2026-10-01T20:34:30Z,California Golden Bears,2.5,-110.0,2026,2026-10-01T20:35:46Z,1344,0.7654832218624095,1.879197016081762,1.3862862057806475,807aa80048d80e577104f04f9dc527bcbdecbac1e0bd777c98286ecfff8aeba7,timestamped_live_quote,FBS vs FBS
2026-10-01T20:35:46Z,f28938b05f7d4b4187e879917f6e583a,2026-10-03T19:30:00Z,UNLV Rebels,California Golden Bears,mybookieag,MyBookie.ag,2026-10-01T20:34:30Z,2026-10-01T20:34:30Z,UNLV Rebels,-2.5,-110.0,2026,2026-10-01T20:35:46Z,1344,0.7654832218624095,1.879197016081762,1.3862862057806475,807aa80048d80e577104f04f9dc527bcbdecbac1e0bd777c98286ecfff8aeba7,timestamped_live_quote,FBS vs FBS
2026-10-01T20:35:46Z,f28938b05f7d4b4187e879917f6e583a,2026-10-03T19:30:00Z,UNLV Rebels,California Golden Bears,betmgm,BetMGM,2026-10-01T20:35:29Z,2026-10-01T20:35:29Z,California Golden Bears,2.5,-102.0,2026,2026-10-01T20:35:46Z,1344,0.7654832218624095,1.879197016081762,1.3862862057806475,807aa80048d80e577104f04f9dc527bcbdecbac1e0bd777c98286ecfff8aeba7,timestamped_live_quote,FBS vs FBS
2026-10-01T20:35:46Z,f28938b05f7d4b4187e879917f6e583a,2026-10-03T19:30:00Z,UNLV Rebels,California Golden Bears,betmgm,BetMGM,2026-10-01T20:35:29Z,2026-10-01T20:35:29Z,UNLV Rebels,-2.5,-115.0,2026,2026-10-01T20:35:46Z,1344,0.7654832218624095,1.879197016081762,1.3862862057806475,807aa80048d80e577104f04f9dc527bcbdecbac1e0bd777c98286ecfff8aeba7,timestamped_live_quote,FBS vs FBS
2026-10-01T20:35:46Z,f28938b05f7d4b4187e879917f6e583a,2026-10-03T19:30:00Z,UNLV Rebels,California Golden Bears,betus,BetUS,2026-10-01T20:35:27Z,2026-10-01T20:35:27Z,California Golden Bears,2.5,-110.0,2026,2026-10-01T20:35:46Z,1344,0.7654832218624095,1.879197016081762,1.3862862057806475,807aa80048d80e577104f04f9dc527bcbdecbac1e0bd777c98286ecfff8aeba7,timestamped_live_quote,FBS vs FBS
2026-10-01T20:35:46Z,f28938b05f7d4b4187e879917f6e583a,2026-10-03T19:30:00Z,UNLV Rebels,California Golden Bears,betus,BetUS,2026-10-01T20:35:27Z,2026-10-01T20:35:27Z,UNLV Rebels,-2.5,-110.0,2026,2026-10-01T20:35:46Z,1344,0.7654832218624095,1.879197016081762,1.3862862057806475,807aa80048d80e577104f04f9dc527bcbdecbac1e0bd777c98286ecfff8aeba7,timestamped_live_quote,FBS vs FBS
2026-10-01T20:35:46Z,f28938b05f7d4b4187e879917f6e583a,2026-10-03T19:30:00Z,UNLV Rebels,California Golden Bears,bovada,Bovada,2026-10-01T20:31:42Z,2026-10-01T20:31:42Z,California Golden Bears,3.0,-115.0,2026,2026-10-01T20:35:46Z,1344,0.7654832218624095,1.879197016081762,1.3862862057806475,807aa80048d80e577104f04f9dc527bcbdecbac1e0bd777c98286ecfff8aeba7,timestamped_live_quote,FBS vs FBS
2026-10-01T20:35:46Z,f28938b05f7d4b4187e879917f6e583a,2026-10-03T19:30:00Z,UNLV Rebels,California Golden Bears,bovada,Bovada,2026-10-01T20:31:42Z,2026-10-01T20:31:42Z,UNLV Rebels,-3.0,-105.0,2026,2026-10-01T20:35:46Z,1344,0.7654832218624095,1.879197016081762,1.3862862057806475,807aa80048d80e577104f04f9dc527bcbdecbac1e0bd777c98286ecfff8aeba7,timestamped_live_quote,FBS vs FBS
2026-10-01T20:35:46Z,9b2bcb758c7d7f4cb25d5102e4e9068e,2026-10-03T19:30:00Z,Charlotte 49ers,Memphis Tigers,draftkings,DraftKings,2026-10-01T20:35:46Z,2026-10-01T20:35:46Z,Charlotte 49ers,20.5,-108.0,2026,2026-10-01T20:35:46Z,1344,-7.036375313707103,4.572140540305468,-9.10851585401257,807aa80048d80e577104f04f9dc527bcbdecbac1e0bd777c98286ecfff8aeba7,timestamped_live_quote,FBS vs FBS
2026-10-01T20:35:46Z,9b2bcb758c7d7f4cb25d5102e4e9068e,2026-10-03T19:30:00Z,Charlotte 49ers,Memphis Tigers,draftkings,DraftKings,2026-10-01T20:35:46Z,2026-10-01T20:35:46Z,Memphis Tigers,-20.5,-112.0,2026,2026-10-01T20:35:46Z,1344,-7.036375313707103,4.572140540305468,-9.10851585401257,807aa80048d80e577104f04f9dc527bcbdecbac1e0bd777c98286ecfff8aeba7,timestamped_live_quote,FBS vs FBS
2026-10-01T20:35:46Z,9b2bcb758c7d7f4cb25d5102e4e9068e,2026-10-03T19:30:00Z,Charlotte 49ers,Memphis Tigers,betonlineag,BetOnline.ag,2026-10-01T20:35:44Z,2026-10-01T20:35:44Z,Charlotte 49ers,20.5,-110.0,2026,2026-10-01T20:35:46Z,1344,-7.036375313707103,4.572140540305468,-9.10851585401257,807aa80048d80e577104f04f9dc527bcbdecbac1e0bd777c98286ecfff8aeba7,timestamped_live_quote,FBS vs FBS
2026-10-01T20:35:46Z,9b2bcb758c7d7f4cb25d5102e4e9068e,2026-10-03T19:30:00Z,Charlotte 49ers,Memphis Tigers,betonlineag,BetOnline.ag,2026-10-01T20:35:44Z,2026-10-01T20:35:44Z,Memphis Tigers,-20.5,-110.0,2026,2026-10-01T20:35:46Z,1344,-7.036375313707103,4.572140540305468,-9.10851585401257,807aa80048d80e577104f04f9dc527bcbdecbac1e0bd777c98286ecfff8aeba7,timestamped_live_quote,FBS vs FBS
2026-10-01T20:35:46Z,9b2bcb758c7d7f4cb25d5102e4e9068e,2026-10-03T19:30:00Z,Charlotte 49ers,Memphis Tigers,lowvig,LowVig.ag,2026-10-01T20:34:27Z,2026-10-01T20:34:27Z,Charlotte 49ers,20.5,-106.0,2026,2026-10-01T20:35:46Z,1344,-7.036375313707103,4.572140540305468,-9.10851585401257,807aa80048d80e577104f04f9dc527bcbdecbac1e0bd777c98286ecfff8aeba7,timestamped_live_quote,FBS vs FBS
2026-10-01T20:35:46Z,9b2bcb758c7d7f4cb25d5102e4e9068e,2026-10-03T19:30:00Z,Charlotte 49ers,Memphis Tigers,lowvig,LowVig.ag,2026-10-01T20:34:27Z,2026-10-01T20:34:27Z,Memphis Tigers,-20.5,-106.0,2026,2026-10-01T20:35:46Z,1344,-7.036375313707103,4.572140540305468,-9.10851585401257,807aa80048d80e577104f04f9dc527bcbdecbac1e0bd777c98286ecfff8aeba7,timestamped_live_quote,FBS vs FBS
2026-10-01T20:35:46Z,9b2bcb758c7d7f4cb25d5102e4e9068e,2026-10-03T19:30:00Z,Charlotte 49ers,Memphis Tigers,fanduel,FanDuel,2026-10-01T20:35:29Z,2026-10-01T20:35:29Z,Charlotte 49ers,20.5,-110.0,2026,2026-10-01T20:35:46Z,1344,-7.036375313707103,4.572140540305468,-9.10851585401257,807aa80048d80e577104f04f9dc527bcbdecbac1e0bd777c98286ecfff8aeba7,timestamped_live_quote,FBS vs FBS
2026-10-01T20:35:46Z,9b2bcb758c7d7f4cb25d5102e4e9068e,2026-10-03T19:30:00Z,Charlotte 49ers,Memphis Tigers,fanduel,FanDuel,2026-10-01T20:35:29Z,2026-10-01T20:35:29Z,Memphis Tigers,-20.5,-110.0,2026,2026-10-01T20:35:46Z,1344,-7.036375313707103,4.572140540305468,-9.10851585401257,807aa80048d80e577104f04f9dc527bcbdecbac1e0bd777c98286ecfff8aeba7,timestamped_live_quote,FBS vs FBS
2026-10-01T20:35:46Z,9b2bcb758c7d7f4cb25d5102e4e9068e,2026-10-03T19:30:00Z,Charlotte 49ers,Memphis Tigers,mybookieag,MyBookie.ag,2026-10-01T20:34:30Z,2026-10-01T20:34:30Z,Charlotte 49ers,20.5,-110.0,2026,2026-10-01T20:35:46Z,1344,-7.036375313707103,4.572140540305468,-9.10851585401257,807aa80048d80e577104f04f9dc527bcbdecbac1e0bd777c98286ecfff8aeba7,timestamped_live_quote,FBS vs FBS
2026-10-01T20:35:46Z,9b2bcb758c7d7f4cb25d5102e4e9068e,2026-10-03T19:30:00Z,Charlotte 49ers,Memphis Tigers,mybookieag,MyBookie.ag,2026-10-01T20:34:30Z,2026-10-01T20:34:30Z,Memphis Tigers,-20.5,-110.0,2026,2026-10-01T20:35:46Z,1344,-7.036375313707103,4.572140540305468,-9.10851585401257,807aa80048d80e577104f04f9dc527bcbdecbac1e0bd777c98286ecfff8aeba7,timestamped_live_quote,FBS vs FBS
2026-10-01T20:35:46Z,9b2bcb758c7d7f4cb25d5102e4e9068e,2026-10-03T19:30:00Z,Charlotte 49ers,Memphis Tigers,betmgm,BetMGM,2026-10-01T20:35:29Z,2026-10-01T20:35:29Z,Charlotte 49ers,20.5,-110.0,2026,2026-10-01T20:35:46Z,1344,-7.036375313707103,4.572140540305468,-9.10851585401257,807aa80048d80e577104f04f9dc527bcbdecbac1e0bd777c98286ecfff8aeba7,timestamped_live_quote,FBS vs FBS
2026-10-01T20:35:46Z,9b2bcb758c7d7f4cb25d5102e4e9068e,2026-10-03T19:30:00Z,Charlotte 49ers,Memphis Tigers,betmgm,BetMGM,2026-10-01T20:35:29Z,2026-10-01T20:35:29Z,Memphis Tigers,-20.5,-108.0,2026,2026-10-01T20:35:46Z,1344,-7.036375313707103,4.572140540305468,-9.10851585401257,807aa80048d80e577104f04f9dc527bcbdecbac1e0bd777c98286ecfff8aeba7,timestamped_live_quote,FBS vs FBS
2026-10-01T20:35:46Z,9b2bcb758c7d7f4cb25d5102e4e9068e,2026-10-03T19:30:00Z,Charlotte 49ers,Memphis Tigers,betus,BetUS,2026-10-01T20:35:27Z,2026-10-01T20:35:27Z,Charlotte 49ers,20.5,-110.0,2026,2026-10-01T20:35:46Z,1344,-7.036375313707103,4.572140540305468,-9.10851585401257,807aa80048d80e577104f04f9dc527bcbdecbac1e0bd777c98286ecfff8aeba7,timestamped_live_quote,FBS vs FBS
2026-10-01T20:35:46Z,9b2bcb758c7d7f4cb25d5102e4e9068e,2026-10-03T19:30:00Z,Charlotte 49ers,Memphis Tigers,betus,BetUS,2026-10-01T20:35:27Z,2026-10-01T20:35:27Z,Memphis Tigers,-20.5,-110.0,2026,2026-10-01T20:35:46Z,1344,-7.036375313707103,4.572140540305468,-9.10851585401257,807aa80048d80e577104f04f9dc527bcbdecbac1e0bd777c98286ecfff8aeba7,timestamped_live_quote,FBS vs FBS
2026-10-01T20:35:46Z,9b2bcb758c7d7f4cb25d5102e4e9068e,2026-10-03T19:30:00Z,Charlotte 49ers,Memphis Tigers,bovada,Bovada,2026-10-01T20:31:42Z,2026-10-01T20:31:42Z,Charlotte 49ers,20.5,-110.0,2026,2026-10-01T20:35:46Z,1344,-7.036375313707103,4.572140540305468,-9.10851585401257,807aa80048d80e577104f04f9dc527bcbdecbac1e0bd777c98286ecfff8aeba7,timestamped_live_quote,FBS vs FBS
2026-10-01T20:35:46Z,9b2bcb758c7d7f4cb25d5102e4e9068e,2026-10-03T19:30:00Z,Charlotte 49ers,Memphis Tigers,bovada,Bovada,2026-10-01T20:31:42Z,2026-10-01T20:31:42Z,Memphis Tigers,-20.5,-110.0,2026,2026-10-01T20:35:46Z,1344,-7.036375313707103,4.572140540305468,-9.10851585401257,807aa80048d80e577104f04f9dc527bcbdecbac1e0bd777c98286ecfff8aeba7,timestamped_live_quote,FBS vs FBS
2026-10-01T20:35:46Z,7e0abfe1077b7d41d61b918ef53d247b,2026-10-03T19:30:00Z,UMass Minutemen,Eastern Michigan Eagles,draftkings,DraftKings,2026-10-01T20:35:46Z,2026-10-01T20:35:46Z,Eastern Michigan Eagles,6.0,-112.0,2026,2026-10-01T20:35:46Z,1344,10.186608107642327,-4.957273292715573,17.6438814003579,807aa80048d80e577104f04f9dc527bcbdecbac1e0bd777c98286ecfff8aeba7,timestamped_live_quote,FBS vs FBS
2026-10-01T20:35:46Z,7e0abfe1077b7d41d61b918ef53d247b,2026-10-03T19:30:00Z,UMass Minutemen,Eastern Michigan Eagles,draftkings,DraftKings,2026-10-01T20:35:46Z,2026-10-01T20:35:46Z,UMass Minutemen,-6.0,-108.0,2026,2026-10-01T20:35:46Z,1344,10.186608107642327,-4.957273292715573,17.6438814003579,807aa80048d80e577104f04f9dc527bcbdecbac1e0bd777c98286ecfff8aeba7,timestamped_live_quote,FBS vs FBS
2026-10-01T20:35:46Z,7e0abfe1077b7d41d61b918ef53d247b,2026-10-03T19:30:00Z,UMass Minutemen,Eastern Michigan Eagles,lowvig,LowVig.ag,2026-10-01T20:34:27Z,2026-10-01T20:34:27Z,Eastern Michigan Eagles,6.0,-111.0,2026,2026-10-01T20:35:46Z,1344,10.186608107642327,-4.957273292715573,17.6438814003579,807aa80048d80e577104f04f9dc527bcbdecbac1e0bd777c98286ecfff8aeba7,timestamped_live_quote,FBS vs FBS
2026-10-01T20:35:46Z,7e0abfe1077b7d41d61b918ef53d247b,2026-10-03T19:30:00Z,UMass Minutemen,Eastern Michigan Eagles,lowvig,LowVig.ag,2026-10-01T20:34:27Z,2026-10-01T20:34:27Z,UMass Minutemen,-6.0,-101.0,2026,2026-10-01T20:35:46Z,1344,10.186608107642327,-4.957273292715573,17.6438814003579,807aa80048d80e577104f04f9dc527bcbdecbac1e0bd777c98286ecfff8aeba7,timestamped_live_quote,FBS vs FBS
2026-10-01T20:35:46Z,7e0abfe1077b7d41d61b918ef53d247b,2026-10-03T19:30:00Z,UMass Minutemen,Eastern Michigan Eagles,betonlineag,BetOnline.ag,2026-10-01T20:35:44Z,2026-10-01T20:35:44Z,Eastern Michigan Eagles,6.0,-115.0,2026,2026-10-01T20:35:46Z,1344,10.186608107642327,-4.957273292715573,17.6438814003579,807aa80048d80e577104f04f9dc527bcbdecbac1e0bd777c98286ecfff8aeba7,timestamped_live_quote,FBS vs FBS
2026-10-01T20:35:46Z,7e0abfe1077b7d41d61b918ef53d247b,2026-10-03T19:30:00Z,UMass Minutemen,Eastern Michigan Eagles,betonlineag,BetOnline.ag,2026-10-01T20:35:44Z,2026-10-01T20:35:44Z,UMass Minutemen,-6.0,-105.0,2026,2026-10-01T20:35:46Z,1344,10.186608107642327,-4.957273292715573,17.6438814003579,807aa80048d80e577104f04f9dc527bcbdecbac1e0bd777c98286ecfff8aeba7,timestamped_live_quote,FBS vs FBS
2026-10-01T20:35:46Z,7e0abfe1077b7d41d61b918ef53d247b,2026-10-03T19:30:00Z,UMass Minutemen,Eastern Michigan Eagles,fanduel,FanDuel,2026-10-01T20:35:29Z,2026-10-01T20:35:29Z,Eastern Michigan Eagles,6.5,-115.0,2026,2026-10-01T20:35:46Z,1344,10.186608107642327,-4.957273292715573,17.6438814003579,807aa80048d80e577104f04f9dc527bcbdecbac1e0bd777c98286ecfff8aeba7,timestamped_live_quote,FBS vs FBS
2026-10-01T20:35:46Z,7e0abfe1077b7d41d61b918ef53d247b,2026-10-03T19:30:00Z,UMass Minutemen,Eastern Michigan Eagles,fanduel,FanDuel,2026-10-01T20:35:29Z,2026-10-01T20:35:29Z,UMass Minutemen,-6.5,-105.0,2026,2026-10-01T20:35:46Z,1344,10.186608107642327,-4.957273292715573,17.6438814003579,807aa80048d80e577104f04f9dc527bcbdecbac1e0bd777c98286ecfff8aeba7,timestamped_live_quote,FBS vs FBS
2026-10-01T20:35:46Z,7e0abfe1077b7d41d61b918ef53d247b,2026-10-03T19:30:00Z,UMass Minutemen,Eastern Michigan Eagles,betmgm,BetMGM,2026-10-01T20:35:29Z,2026-10-01T20:35:29Z,Eastern Michigan Eagles,5.5,-108.0,2026,2026-10-01T20:35:46Z,1344,10.186608107642327,-4.957273292715573,17.6438814003579,807aa80048d80e577104f04f9dc527bcbdecbac1e0bd777c98286ecfff8aeba7,timestamped_live_quote,FBS vs FBS
2026-10-01T20:35:46Z,7e0abfe1077b7d41d61b918ef53d247b,2026-10-03T19:30:00Z,UMass Minutemen,Eastern Michigan Eagles,betmgm,BetMGM,2026-10-01T20:35:29Z,2026-10-01T20:35:29Z,UMass Minutemen,-5.5,-110.0,2026,2026-10-01T20:35:46Z,1344,10.186608107642327,-4.957273292715573,17.6438814003579,807aa80048d80e577104f04f9dc527bcbdecbac1e0bd777c98286ecfff8aeba7,timestamped_live_quote,FBS vs FBS
2026-10-01T20:35:46Z,7e0abfe1077b7d41d61b918ef53d247b,2026-10-03T19:30:00Z,UMass Minutemen,Eastern Michigan Eagles,betus,BetUS,2026-10-01T20:35:27Z,2026-10-01T20:35:27Z,Eastern Michigan Eagles,6.0,-110.0,2026,2026-10-01T20:35:46Z,1344,10.186608107642327,-4.957273292715573,17.6438814003579,807aa80048d80e577104f04f9dc527bcbdecbac1e0bd777c98286ecfff8aeba7,timestamped_live_quote,FBS vs FBS
2026-10-01T20:35:46Z,7e0abfe1077b7d41d61b918ef53d247b,2026-10-03T19:30:00Z,UMass Minutemen,Eastern Michigan Eagles,betus,BetUS,2026-10-01T20:35:27Z,2026-10-01T20:35:27Z,UMass Minutemen,-6.0,-110.0,2026,2026-10-01T20:35:46Z,1344,10.186608107642327,-4.957273292715573,17.6438814003579,807aa80048d80e577104f04f9dc527bcbdecbac1e0bd777c98286ecfff8aeba7,timestamped_live_quote,FBS vs FBS
2026-10-01T20:35:46Z,7e0abfe1077b7d41d61b918ef53d247b,2026-10-03T19:30:00Z,UMass Minutemen,Eastern Michigan Eagles,bovada,Bovada,2026-10-01T20:31:42Z,2026-10-01T20:31:42Z,Eastern Michigan Eagles,5.5,-110.0,2026,2026-10-01T20:35:46Z,1344,10.186608107642327,-4.957273292715573,17.6438814003579,807aa80048d80e577104f04f9dc527bcbdecbac1e0bd777c98286ecfff8aeba7,timestamped_live_quote,FBS vs FBS
2026-10-01T20:35:46Z,7e0abfe1077b7d41d61b918ef53d247b,2026-10-03T19:30:00Z,UMass Minutemen,Eastern Michigan Eagles,bovada,Bovada,2026-10-01T20:31:42Z,2026-10-01T20:31:42Z,UMass Minutemen,-5.5,-110.0,2026,2026-10-01T20:35:46Z,1344,10.186608107642327,-4.957273292715573,17.6438814003579,807aa80048d80e577104f04f9dc527bcbdecbac1e0bd777c98286ecfff8aeba7,timestamped_live_quote,FBS vs FBS
2026-10-01T20:35:46Z,6d39ea01c532535edf756b8086656518,2026-10-03T19:30:00Z,Missouri Tigers,Florida Gators,draftkings,DraftKings,2026-10-01T20:35:46Z,2026-10-01T20:35:46Z,Florida Gators,-5.5,-105.0,2026,2026-10-01T20:35:46Z,1344,9.329037182250332,16.703902353880597,-4.874865171630265,807aa80048d80e577104f04f9dc527bcbdecbac1e0bd777c98286ecfff8aeba7,timestamped_live_quote,FBS vs FBS
2026-10-01T20:35:46Z,6d39ea01c532535edf756b8086656518,2026-10-03T19:30:00Z,Missouri Tigers,Florida Gators,draftkings,DraftKings,2026-10-01T20:35:46Z,2026-10-01T20:35:46Z,Missouri Tigers,5.5,-115.0,2026,2026-10-01T20:35:46Z,1344,9.329037182250332,16.703902353880597,-4.874865171630265,807aa80048d80e577104f04f9dc527bcbdecbac1e0bd777c98286ecfff8aeba7,timestamped_live_quote,FBS vs FBS
2026-10-01T20:35:46Z,6d39ea01c532535edf756b8086656518,2026-10-03T19:30:00Z,Missouri Tigers,Florida Gators,fanduel,FanDuel,2026-10-01T20:35:29Z,2026-10-01T20:35:29Z,Florida Gators,-4.5,-120.0,2026,2026-10-01T20:35:46Z,1344,9.329037182250332,16.703902353880597,-4.874865171630265,807aa80048d80e577104f04f9dc527bcbdecbac1e0bd777c98286ecfff8aeba7,timestamped_live_quote,FBS vs FBS
2026-10-01T20:35:46Z,6d39ea01c532535edf756b8086656518,2026-10-03T19:30:00Z,Missouri Tigers,Florida Gators,fanduel,FanDuel,2026-10-01T20:35:29Z,2026-10-01T20:35:29Z,Missouri Tigers,4.5,-102.0,2026,2026-10-01T20:35:46Z,1344,9.329037182250332,16.703902353880597,-4.874865171630265,807aa80048d80e577104f04f9dc527bcbdecbac1e0bd777c98286ecfff8aeba7,timestamped_live_quote,FBS vs FBS
2026-10-01T20:35:46Z,6d39ea01c532535edf756b8086656518,2026-10-03T19:30:00Z,Missouri Tigers,Florida Gators,betonlineag,BetOnline.ag,2026-10-01T20:35:44Z,2026-10-01T20:35:44Z,Florida Gators,-5.0,-115.0,2026,2026-10-01T20:35:46Z,1344,9.329037182250332,16.703902353880597,-4.874865171630265,807aa80048d80e577104f04f9dc527bcbdecbac1e0bd777c98286ecfff8aeba7,timestamped_live_quote,FBS vs FBS
2026-10-01T20:35:46Z,6d39ea01c532535edf756b8086656518,2026-10-03T19:30:00Z,Missouri Tigers,Florida Gators,betonlineag,BetOnline.ag,2026-10-01T20:35:44Z,2026-10-01T20:35:44Z,Missouri Tigers,5.0,-105.0,2026,2026-10-01T20:35:46Z,1344,9.329037182250332,16.703902353880597,-4.874865171630265,807aa80048d80e577104f04f9dc527bcbdecbac1e0bd777c98286ecfff8aeba7,timestamped_live_quote,FBS vs FBS
2026-10-01T20:35:46Z,6d39ea01c532535edf756b8086656518,2026-10-03T19:30:00Z,Missouri Tigers,Florida Gators,lowvig,LowVig.ag,2026-10-01T20:34:27Z,2026-10-01T20:34:27Z,Florida Gators,-5.0,-111.0,2026,2026-10-01T20:35:46Z,1344,9.329037182250332,16.703902353880597,-4.874865171630265,807aa80048d80e577104f04f9dc527bcbdecbac1e0bd777c98286ecfff8aeba7,timestamped_live_quote,FBS vs FBS
2026-10-01T20:35:46Z,6d39ea01c532535edf756b8086656518,2026-10-03T19:30:00Z,Missouri Tigers,Florida Gators,lowvig,LowVig.ag,2026-10-01T20:34:27Z,2026-10-01T20:34:27Z,Missouri Tigers,5.0,-101.0,2026,2026-10-01T20:35:46Z,1344,9.329037182250332,16.703902353880597,-4.874865171630265,807aa80048d80e577104f04f9dc527bcbdecbac1e0bd777c98286ecfff8aeba7,timestamped_live_quote,FBS vs FBS
2026-10-01T20:35:46Z,6d39ea01c532535edf756b8086656518,2026-10-03T19:30:00Z,Missouri Tigers,Florida Gators,mybookieag,MyBookie.ag,2026-10-01T20:34:30Z,2026-10-01T20:34:30Z,Florida Gators,-5.0,-110.0,2026,2026-10-01T20:35:46Z,1344,9.329037182250332,16.703902353880597,-4.874865171630265,807aa80048d80e577104f04f9dc527bcbdecbac1e0bd777c98286ecfff8aeba7,timestamped_live_quote,FBS vs FBS
2026-10-01T20:35:46Z,6d39ea01c532535edf756b8086656518,2026-10-03T19:30:00Z,Missouri Tigers,Florida Gators,mybookieag,MyBookie.ag,2026-10-01T20:34:30Z,2026-10-01T20:34:30Z,Missouri Tigers,5.0,-110.0,2026,2026-10-01T20:35:46Z,1344,9.329037182250332,16.703902353880597,-4.874865171630265,807aa80048d80e577104f04f9dc527bcbdecbac1e0bd777c98286ecfff8aeba7,timestamped_live_quote,FBS vs FBS
2026-10-01T20:35:46Z,6d39ea01c532535edf756b8086656518,2026-10-03T19:30:00Z,Missouri Tigers,Florida Gators,betmgm,BetMGM,2026-10-01T20:35:29Z,2026-10-01T20:35:29Z,Florida Gators,-5.5,-108.0,2026,2026-10-01T20:35:46Z,1344,9.329037182250332,16.703902353880597,-4.874865171630265,807aa80048d80e577104f04f9dc527bcbdecbac1e0bd777c98286ecfff8aeba7,timestamped_live_quote,FBS vs FBS
2026-10-01T20:35:46Z,6d39ea01c532535edf756b8086656518,2026-10-03T19:30:00Z,Missouri Tigers,Florida Gators,betmgm,BetMGM,2026-10-01T20:35:29Z,2026-10-01T20:35:29Z,Missouri Tigers,5.5,-110.0,2026,2026-10-01T20:35:46Z,1344,9.329037182250332,16.703902353880597,-4.874865171630265,807aa80048d80e577104f04f9dc527bcbdecbac1e0bd777c98286ecfff8aeba7,timestamped_live_quote,FBS vs FBS
2026-10-01T20:35:46Z,6d39ea01c532535edf756b8086656518,2026-10-03T19:30:00Z,Missouri Tigers,Florida Gators,betus,BetUS,2026-10-01T20:35:27Z,2026-10-01T20:35:27Z,Florida Gators,-5.0,-115.0,2026,2026-10-01T20:35:46Z,1344,9.329037182250332,16.703902353880597,-4.874865171630265,807aa80048d80e577104f04f9dc527bcbdecbac1e0bd777c98286ecfff8aeba7,timestamped_live_quote,FBS vs FBS
2026-10-01T20:35:46Z,6d39ea01c532535edf756b8086656518,2026-10-03T19:30:00Z,Missouri Tigers,Florida Gators,betus,BetUS,2026-10-01T20:35:27Z,2026-10-01T20:35:27Z,Missouri Tigers,5.0,-105.0,2026,2026-10-01T20:35:46Z,1344,9.329037182250332,16.703902353880597,-4.874865171630265,807aa80048d80e577104f04f9dc527bcbdecbac1e0bd777c98286ecfff8aeba7,timestamped_live_quote,FBS vs FBS
2026-10-01T20:35:46Z,6d39ea01c532535edf756b8086656518,2026-10-03T19:30:00Z,Missouri Tigers,Florida Gators,bovada,Bovada,2026-10-01T20:31:42Z,2026-10-01T20:31:42Z,Florida Gators,-5.5,-110.0,2026,2026-10-01T20:35:46Z,1344,9.329037182250332,16.703902353880597,-4.874865171630265,807aa80048d80e577104f04f9dc527bcbdecbac1e0bd777c98286ecfff8aeba7,timestamped_live_quote,FBS vs FBS
2026-10-01T20:35:46Z,6d39ea01c532535edf756b8086656518,2026-10-03T19:30:00Z,Missouri Tigers,Florida Gators,bovada,Bovada,2026-10-01T20:31:42Z,2026-10-01T20:31:42Z,Missouri Tigers,5.5,-110.0,2026,2026-10-01T20:35:46Z,1344,9.329037182250332,16.703902353880597,-4.874865171630265,807aa80048d80e577104f04f9dc527bcbdecbac1e0bd777c98286ecfff8aeba7,timestamped_live_quote,FBS vs FBS
2026-10-01T20:35:46Z,296c3e1c69d11f640690b6f9bd37d424,2026-10-03T19:30:00Z,Florida State Seminoles,Virginia Cavaliers,fanduel,FanDuel,2026-10-01T20:35:29Z,2026-10-01T20:35:29Z,Florida State Seminoles,2.5,-104.0,2026,2026-10-01T20:35:46Z,1344,5.079551654073411,14.849695049739546,-7.270143395666135,807aa80048d80e577104f04f9dc527bcbdecbac1e0bd777c98286ecfff8aeba7,timestamped_live_quote,FBS vs FBS
2026-10-01T20:35:46Z,296c3e1c69d11f640690b6f9bd37d424,2026-10-03T19:30:00Z,Florida State Seminoles,Virginia Cavaliers,fanduel,FanDuel,2026-10-01T20:35:29Z,2026-10-01T20:35:29Z,Virginia Cavaliers,-2.5,-118.0,2026,2026-10-01T20:35:46Z,1344,5.079551654073411,14.849695049739546,-7.270143395666135,807aa80048d80e577104f04f9dc527bcbdecbac1e0bd777c98286ecfff8aeba7,timestamped_live_quote,FBS vs FBS
2026-10-01T20:35:46Z,296c3e1c69d11f640690b6f9bd37d424,2026-10-03T19:30:00Z,Florida State Seminoles,Virginia Cavaliers,draftkings,DraftKings,2026-10-01T20:35:46Z,2026-10-01T20:35:46Z,Florida State Seminoles,2.5,-105.0,2026,2026-10-01T20:35:46Z,1344,5.079551654073411,14.849695049739546,-7.270143395666135,807aa80048d80e577104f04f9dc527bcbdecbac1e0bd777c98286ecfff8aeba7,timestamped_live_quote,FBS vs FBS
2026-10-01T20:35:46Z,296c3e1c69d11f640690b6f9bd37d424,2026-10-03T19:30:00Z,Florida State Seminoles,Virginia Cavaliers,draftkings,DraftKings,2026-10-01T20:35:46Z,2026-10-01T20:35:46Z,Virginia Cavaliers,-2.5,-115.0,2026,2026-10-01T20:35:46Z,1344,5.079551654073411,14.849695049739546,-7.270143395666135,807aa80048d80e577104f04f9dc527bcbdecbac1e0bd777c98286ecfff8aeba7,timestamped_live_quote,FBS vs FBS
2026-10-01T20:35:46Z,296c3e1c69d11f640690b6f9bd37d424,2026-10-03T19:30:00Z,Florida State Seminoles,Virginia Cavaliers,betonlineag,BetOnline.ag,2026-10-01T20:35:44Z,2026-10-01T20:35:44Z,Florida State Seminoles,2.5,-104.0,2026,2026-10-01T20:35:46Z,1344,5.079551654073411,14.849695049739546,-7.270143395666135,807aa80048d80e577104f04f9dc527bcbdecbac1e0bd777c98286ecfff8aeba7,timestamped_live_quote,FBS vs FBS
2026-10-01T20:35:46Z,296c3e1c69d11f640690b6f9bd37d424,2026-10-03T19:30:00Z,Florida State Seminoles,Virginia Cavaliers,betonlineag,BetOnline.ag,2026-10-01T20:35:44Z,2026-10-01T20:35:44Z,Virginia Cavaliers,-2.5,-116.0,2026,2026-10-01T20:35:46Z,1344,5.079551654073411,14.849695049739546,-7.270143395666135,807aa80048d80e577104f04f9dc527bcbdecbac1e0bd777c98286ecfff8aeba7,timestamped_live_quote,FBS vs FBS
2026-10-01T20:35:46Z,296c3e1c69d11f640690b6f9bd37d424,2026-10-03T19:30:00Z,Florida State Seminoles,Virginia Cavaliers,lowvig,LowVig.ag,2026-10-01T20:34:27Z,2026-10-01T20:34:27Z,Florida State Seminoles,2.5,100.0,2026,2026-10-01T20:35:46Z,1344,5.079551654073411,14.849695049739546,-7.270143395666135,807aa80048d80e577104f04f9dc527bcbdecbac1e0bd777c98286ecfff8aeba7,timestamped_live_quote,FBS vs FBS
2026-10-01T20:35:46Z,296c3e1c69d11f640690b6f9bd37d424,2026-10-03T19:30:00Z,Florida State Seminoles,Virginia Cavaliers,lowvig,LowVig.ag,2026-10-01T20:34:27Z,2026-10-01T20:34:27Z,Virginia Cavaliers,-2.5,-112.0,2026,2026-10-01T20:35:46Z,1344,5.079551654073411,14.849695049739546,-7.270143395666135,807aa80048d80e577104f04f9dc527bcbdecbac1e0bd777c98286ecfff8aeba7,timestamped_live_quote,FBS vs FBS
2026-10-01T20:35:46Z,296c3e1c69d11f640690b6f9bd37d424,2026-10-03T19:30:00Z,Florida State Seminoles,Virginia Cavaliers,mybookieag,MyBookie.ag,2026-10-01T20:34:30Z,2026-10-01T20:34:30Z,Florida State Seminoles,2.5,-110.0,2026,2026-10-01T20:35:46Z,1344,5.079551654073411,14.849695049739546,-7.270143395666135,807aa80048d80e577104f04f9dc527bcbdecbac1e0bd777c98286ecfff8aeba7,timestamped_live_quote,FBS vs FBS
2026-10-01T20:35:46Z,296c3e1c69d11f640690b6f9bd37d424,2026-10-03T19:30:00Z,Florida State Seminoles,Virginia Cavaliers,mybookieag,MyBookie.ag,2026-10-01T20:34:30Z,2026-10-01T20:34:30Z,Virginia Cavaliers,-2.5,-110.0,2026,2026-10-01T20:35:46Z,1344,5.079551654073411,14.849695049739546,-7.270143395666135,807aa80048d80e577104f04f9dc527bcbdecbac1e0bd777c98286ecfff8aeba7,timestamped_live_quote,FBS vs FBS
2026-10-01T20:35:46Z,296c3e1c69d11f640690b6f9bd37d424,2026-10-03T19:30:00Z,Florida State Seminoles,Virginia Cavaliers,betmgm,BetMGM,2026-10-01T20:35:29Z,2026-10-01T20:35:29Z,Florida State Seminoles,2.5,-108.0,2026,2026-10-01T20:35:46Z,1344,5.079551654073411,14.849695049739546,-7.270143395666135,807aa80048d80e577104f04f9dc527bcbdecbac1e0bd777c98286ecfff8aeba7,timestamped_live_quote,FBS vs FBS
2026-10-01T20:35:46Z,296c3e1c69d11f640690b6f9bd37d424,2026-10-03T19:30:00Z,Florida State Seminoles,Virginia Cavaliers,betmgm,BetMGM,2026-10-01T20:35:29Z,2026-10-01T20:35:29Z,Virginia Cavaliers,-2.5,-125.0,2026,2026-10-01T20:35:46Z,1344,5.079551654073411,14.849695049739546,-7.270143395666135,807aa80048d80e577104f04f9dc527bcbdecbac1e0bd777c98286ecfff8aeba7,timestamped_live_quote,FBS vs FBS
2026-10-01T20:35:46Z,296c3e1c69d11f640690b6f9bd37d424,2026-10-03T19:30:00Z,Florida State Seminoles,Virginia Cavaliers,betus,BetUS,2026-10-01T20:35:27Z,2026-10-01T20:35:27Z,Florida State Seminoles,2.5,-105.0,2026,2026-10-01T20:35:46Z,1344,5.079551654073411,14.849695049739546,-7.270143395666135,807aa80048d80e577104f04f9dc527bcbdecbac1e0bd777c98286ecfff8aeba7,timestamped_live_quote,FBS vs FBS
2026-10-01T20:35:46Z,296c3e1c69d11f640690b6f9bd37d424,2026-10-03T19:30:00Z,Florida State Seminoles,Virginia Cavaliers,betus,BetUS,2026-10-01T20:35:27Z,2026-10-01T20:35:27Z,Virginia Cavaliers,-2.5,-115.0,2026,2026-10-01T20:35:46Z,1344,5.079551654073411,14.849695049739546,-7.270143395666135,807aa80048d80e577104f04f9dc527bcbdecbac1e0bd777c98286ecfff8aeba7,timestamped_live_quote,FBS vs FBS
2026-10-01T20:35:46Z,296c3e1c69d11f640690b6f9bd37d424,2026-10-03T19:30:00Z,Florida State Seminoles,Virginia Cavaliers,bovada,Bovada,2026-10-01T20:31:42Z,2026-10-01T20:31:42Z,Florida State Seminoles,3.0,-120.0,2026,2026-10-01T20:35:46Z,1344,5.079551654073411,14.849695049739546,-7.270143395666135,807aa80048d80e577104f04f9dc527bcbdecbac1e0bd777c98286ecfff8aeba7,timestamped_live_quote,FBS vs FBS
2026-10-01T20:35:46Z,296c3e1c69d11f640690b6f9bd37d424,2026-10-03T19:30:00Z,Florida State Seminoles,Virginia Cavaliers,bovada,Bovada,2026-10-01T20:31:42Z,2026-10-01T20:31:42Z,Virginia Cavaliers,-3.0,100.0,2026,2026-10-01T20:35:46Z,1344,5.079551654073411,14.849695049739546,-7.270143395666135,807aa80048d80e577104f04f9dc527bcbdecbac1e0bd777c98286ecfff8aeba7,timestamped_live_quote,FBS vs FBS
2026-10-01T20:35:46Z,e4f058459f5ee64f3cff3ac1aed79e64,2026-10-03T19:30:00Z,Georgia State Panthers,Old Dominion Monarchs,fanduel,FanDuel,2026-10-01T20:35:29Z,2026-10-01T20:35:29Z,Georgia State Panthers,-2.5,-106.0,2026,2026-10-01T20:35:46Z,1344,8.856887658416872,-0.8321688426994749,12.189056501116347,807aa80048d80e577104f04f9dc527bcbdecbac1e0bd777c98286ecfff8aeba7,timestamped_live_quote,FBS vs FBS
2026-10-01T20:35:46Z,e4f058459f5ee64f3cff3ac1aed79e64,2026-10-03T19:30:00Z,Georgia State Panthers,Old Dominion Monarchs,fanduel,FanDuel,2026-10-01T20:35:29Z,2026-10-01T20:35:29Z,Old Dominion Monarchs,2.5,-114.0,2026,2026-10-01T20:35:46Z,1344,8.856887658416872,-0.8321688426994749,12.189056501116347,807aa80048d80e577104f04f9dc527bcbdecbac1e0bd777c98286ecfff8aeba7,timestamped_live_quote,FBS vs FBS
2026-10-01T20:35:46Z,e4f058459f5ee64f3cff3ac1aed79e64,2026-10-03T19:30:00Z,Georgia State Panthers,Old Dominion Monarchs,draftkings,DraftKings,2026-10-01T20:35:46Z,2026-10-01T20:35:46Z,Georgia State Panthers,-2.5,-112.0,2026,2026-10-01T20:35:46Z,1344,8.856887658416872,-0.8321688426994749,12.189056501116347,807aa80048d80e577104f04f9dc527bcbdecbac1e0bd777c98286ecfff8aeba7,timestamped_live_quote,FBS vs FBS
2026-10-01T20:35:46Z,e4f058459f5ee64f3cff3ac1aed79e64,2026-10-03T19:30:00Z,Georgia State Panthers,Old Dominion Monarchs,draftkings,DraftKings,2026-10-01T20:35:46Z,2026-10-01T20:35:46Z,Old Dominion Monarchs,2.5,-108.0,2026,2026-10-01T20:35:46Z,1344,8.856887658416872,-0.8321688426994749,12.189056501116347,807aa80048d80e577104f04f9dc527bcbdecbac1e0bd777c98286ecfff8aeba7,timestamped_live_quote,FBS vs FBS
2026-10-01T20:35:46Z,e4f058459f5ee64f3cff3ac1aed79e64,2026-10-03T19:30:00Z,Georgia State Panthers,Old Dominion Monarchs,lowvig,LowVig.ag,2026-10-01T20:34:27Z,2026-10-01T20:34:27Z,Georgia State Panthers,-2.5,-108.0,2026,2026-10-01T20:35:46Z,1344,8.856887658416872,-0.8321688426994749,12.189056501116347,807aa80048d80e577104f04f9dc527bcbdecbac1e0bd777c98286ecfff8aeba7,timestamped_live_quote,FBS vs FBS
2026-10-01T20:35:46Z,e4f058459f5ee64f3cff3ac1aed79e64,2026-10-03T19:30:00Z,Georgia State Panthers,Old Dominion Monarchs,lowvig,LowVig.ag,2026-10-01T20:34:27Z,2026-10-01T20:34:27Z,Old Dominion Monarchs,2.5,-104.0,2026,2026-10-01T20:35:46Z,1344,8.856887658416872,-0.8321688426994749,12.189056501116347,807aa80048d80e577104f04f9dc527bcbdecbac1e0bd777c98286ecfff8aeba7,timestamped_live_quote,FBS vs FBS
2026-10-01T20:35:46Z,e4f058459f5ee64f3cff3ac1aed79e64,2026-10-03T19:30:00Z,Georgia State Panthers,Old Dominion Monarchs,betonlineag,BetOnline.ag,2026-10-01T20:35:44Z,2026-10-01T20:35:44Z,Georgia State Panthers,-2.5,-112.0,2026,2026-10-01T20:35:46Z,1344,8.856887658416872,-0.8321688426994749,12.189056501116347,807aa80048d80e577104f04f9dc527bcbdecbac1e0bd777c98286ecfff8aeba7,timestamped_live_quote,FBS vs FBS
2026-10-01T20:35:46Z,e4f058459f5ee64f3cff3ac1aed79e64,2026-10-03T19:30:00Z,Georgia State Panthers,Old Dominion Monarchs,betonlineag,BetOnline.ag,2026-10-01T20:35:44Z,2026-10-01T20:35:44Z,Old Dominion Monarchs,2.5,-108.0,2026,2026-10-01T20:35:46Z,1344,8.856887658416872,-0.8321688426994749,12.189056501116347,807aa80048d80e577104f04f9dc527bcbdecbac1e0bd777c98286ecfff8aeba7,timestamped_live_quote,FBS vs FBS
2026-10-01T20:35:46Z,e4f058459f5ee64f3cff3ac1aed79e64,2026-10-03T19:30:00Z,Georgia State Panthers,Old Dominion Monarchs,mybookieag,MyBookie.ag,2026-10-01T20:34:30Z,2026-10-01T20:34:30Z,Georgia State Panthers,-2.5,-110.0,2026,2026-10-01T20:35:46Z,1344,8.856887658416872,-0.8321688426994749,12.189056501116347,807aa80048d80e577104f04f9dc527bcbdecbac1e0bd777c98286ecfff8aeba7,timestamped_live_quote,FBS vs FBS
2026-10-01T20:35:46Z,e4f058459f5ee64f3cff3ac1aed79e64,2026-10-03T19:30:00Z,Georgia State Panthers,Old Dominion Monarchs,mybookieag,MyBookie.ag,2026-10-01T20:34:30Z,2026-10-01T20:34:30Z,Old Dominion Monarchs,2.5,-110.0,2026,2026-10-01T20:35:46Z,1344,8.856887658416872,-0.8321688426994749,12.189056501116347,807aa80048d80e577104f04f9dc527bcbdecbac1e0bd777c98286ecfff8aeba7,timestamped_live_quote,FBS vs FBS
2026-10-01T20:35:46Z,e4f058459f5ee64f3cff3ac1aed79e64,2026-10-03T19:30:00Z,Georgia State Panthers,Old Dominion Monarchs,betmgm,BetMGM,2026-10-01T20:35:29Z,2026-10-01T20:35:29Z,Georgia State Panthers,-2.5,-110.0,2026,2026-10-01T20:35:46Z,1344,8.856887658416872,-0.8321688426994749,12.189056501116347,807aa80048d80e577104f04f9dc527bcbdecbac1e0bd777c98286ecfff8aeba7,timestamped_live_quote,FBS vs FBS
2026-10-01T20:35:46Z,e4f058459f5ee64f3cff3ac1aed79e64,2026-10-03T19:30:00Z,Georgia State Panthers,Old Dominion Monarchs,betmgm,BetMGM,2026-10-01T20:35:29Z,2026-10-01T20:35:29Z,Old Dominion Monarchs,2.5,-108.0,2026,2026-10-01T20:35:46Z,1344,8.856887658416872,-0.8321688426994749,12.189056501116347,807aa80048d80e577104f04f9dc527bcbdecbac1e0bd777c98286ecfff8aeba7,timestamped_live_quote,FBS vs FBS
2026-10-01T20:35:46Z,e4f058459f5ee64f3cff3ac1aed79e64,2026-10-03T19:30:00Z,Georgia State Panthers,Old Dominion Monarchs,betus,BetUS,2026-10-01T20:35:27Z,2026-10-01T20:35:27Z,Georgia State Panthers,-2.5,-105.0,2026,2026-10-01T20:35:46Z,1344,8.856887658416872,-0.8321688426994749,12.189056501116347,807aa80048d80e577104f04f9dc527bcbdecbac1e0bd777c98286ecfff8aeba7,timestamped_live_quote,FBS vs FBS
2026-10-01T20:35:46Z,e4f058459f5ee64f3cff3ac1aed79e64,2026-10-03T19:30:00Z,Georgia State Panthers,Old Dominion Monarchs,betus,BetUS,2026-10-01T20:35:27Z,2026-10-01T20:35:27Z,Old Dominion Monarchs,2.5,-115.0,2026,2026-10-01T20:35:46Z,1344,8.856887658416872,-0.8321688426994749,12.189056501116347,807aa80048d80e577104f04f9dc527bcbdecbac1e0bd777c98286ecfff8aeba7,timestamped_live_quote,FBS vs FBS
2026-10-01T20:35:46Z,e4f058459f5ee64f3cff3ac1aed79e64,2026-10-03T19:30:00Z,Georgia State Panthers,Old Dominion Monarchs,bovada,Bovada,2026-10-01T20:31:42Z,2026-10-01T20:31:42Z,Georgia State Panthers,-2.5,-110.0,2026,2026-10-01T20:35:46Z,1344,8.856887658416872,-0.8321688426994749,12.189056501116347,807aa80048d80e577104f04f9dc527bcbdecbac1e0bd777c98286ecfff8aeba7,timestamped_live_quote,FBS vs FBS
2026-10-01T20:35:46Z,e4f058459f5ee64f3cff3ac1aed79e64,2026-10-03T19:30:00Z,Georgia State Panthers,Old Dominion Monarchs,bovada,Bovada,2026-10-01T20:31:42Z,2026-10-01T20:31:42Z,Old Dominion Monarchs,2.5,-110.0,2026,2026-10-01T20:35:46Z,1344,8.856887658416872,-0.8321688426994749,12.189056501116347,807aa80048d80e577104f04f9dc527bcbdecbac1e0bd777c98286ecfff8aeba7,timestamped_live_quote,FBS vs FBS
2026-10-01T20:35:46Z,b163da8a283ade5bd6428a3ca01da8b8,2026-10-03T19:30:00Z,Iowa Hawkeyes,Ohio State Buckeyes,draftkings,DraftKings,2026-10-01T20:35:46Z,2026-10-01T20:35:46Z,Iowa Hawkeyes,14.5,-110.0,2026,2026-10-01T20:35:46Z,1344,12.926648749051916,16.447938611300437,-1.021289862248521,807aa80048d80e577104f04f9dc527bcbdecbac1e0bd777c98286ecfff8aeba7,timestamped_live_quote,FBS vs FBS
2026-10-01T20:35:46Z,b163da8a283ade5bd6428a3ca01da8b8,2026-10-03T19:30:00Z,Iowa Hawkeyes,Ohio State Buckeyes,draftkings,DraftKings,2026-10-01T20:35:46Z,2026-10-01T20:35:46Z,Ohio State Buckeyes,-14.5,-110.0,2026,2026-10-01T20:35:46Z,1344,12.926648749051916,16.447938611300437,-1.021289862248521,807aa80048d80e577104f04f9dc527bcbdecbac1e0bd777c98286ecfff8aeba7,timestamped_live_quote,FBS vs FBS
2026-10-01T20:35:46Z,b163da8a283ade5bd6428a3ca01da8b8,2026-10-03T19:30:00Z,Iowa Hawkeyes,Ohio State Buckeyes,fanduel,FanDuel,2026-10-01T20:35:29Z,2026-10-01T20:35:29Z,Iowa Hawkeyes,14.5,-118.0,2026,2026-10-01T20:35:46Z,1344,12.926648749051916,16.447938611300437,-1.021289862248521,807aa80048d80e577104f04f9dc527bcbdecbac1e0bd777c98286ecfff8aeba7,timestamped_live_quote,FBS vs FBS
2026-10-01T20:35:46Z,b163da8a283ade5bd6428a3ca01da8b8,2026-10-03T19:30:00Z,Iowa Hawkeyes,Ohio State Buckeyes,fanduel,FanDuel,2026-10-01T20:35:29Z,2026-10-01T20:35:29Z,Ohio State Buckeyes,-14.5,-104.0,2026,2026-10-01T20:35:46Z,1344,12.926648749051916,16.447938611300437,-1.021289862248521,807aa80048d80e577104f04f9dc527bcbdecbac1e0bd777c98286ecfff8aeba7,timestamped_live_quote,FBS vs FBS
2026-10-01T20:35:46Z,b163da8a283ade5bd6428a3ca01da8b8,2026-10-03T19:30:00Z,Iowa Hawkeyes,Ohio State Buckeyes,betmgm,BetMGM,2026-10-01T20:35:29Z,2026-10-01T20:35:29Z,Iowa Hawkeyes,14.5,-120.0,2026,2026-10-01T20:35:46Z,1344,12.926648749051916,16.447938611300437,-1.021289862248521,807aa80048d80e577104f04f9dc527bcbdecbac1e0bd777c98286ecfff8aeba7,timestamped_live_quote,FBS vs FBS
2026-10-01T20:35:46Z,b163da8a283ade5bd6428a3ca01da8b8,2026-10-03T19:30:00Z,Iowa Hawkeyes,Ohio State Buckeyes,betmgm,BetMGM,2026-10-01T20:35:29Z,2026-10-01T20:35:29Z,Ohio State Buckeyes,-14.5,-110.0,2026,2026-10-01T20:35:46Z,1344,12.926648749051916,16.447938611300437,-1.021289862248521,807aa80048d80e577104f04f9dc527bcbdecbac1e0bd777c98286ecfff8aeba7,timestamped_live_quote,FBS vs FBS
2026-10-01T20:35:46Z,b163da8a283ade5bd6428a3ca01da8b8,2026-10-03T19:30:00Z,Iowa Hawkeyes,Ohio State Buckeyes,betonlineag,BetOnline.ag,2026-10-01T20:35:44Z,2026-10-01T20:35:44Z,Iowa Hawkeyes,14.0,-102.0,2026,2026-10-01T20:35:46Z,1344,12.926648749051916,16.447938611300437,-1.021289862248521,807aa80048d80e577104f04f9dc527bcbdecbac1e0bd777c98286ecfff8aeba7,timestamped_live_quote,FBS vs FBS
2026-10-01T20:35:46Z,b163da8a283ade5bd6428a3ca01da8b8,2026-10-03T19:30:00Z,Iowa Hawkeyes,Ohio State Buckeyes,betonlineag,BetOnline.ag,2026-10-01T20:35:44Z,2026-10-01T20:35:44Z,Ohio State Buckeyes,-14.0,-118.0,2026,2026-10-01T20:35:46Z,1344,12.926648749051916,16.447938611300437,-1.021289862248521,807aa80048d80e577104f04f9dc527bcbdecbac1e0bd777c98286ecfff8aeba7,timestamped_live_quote,FBS vs FBS
2026-10-01T20:35:46Z,b163da8a283ade5bd6428a3ca01da8b8,2026-10-03T19:30:00Z,Iowa Hawkeyes,Ohio State Buckeyes,lowvig,LowVig.ag,2026-10-01T20:34:27Z,2026-10-01T20:34:27Z,Iowa Hawkeyes,14.0,102.0,2026,2026-10-01T20:35:46Z,1344,12.926648749051916,16.447938611300437,-1.021289862248521,807aa80048d80e577104f04f9dc527bcbdecbac1e0bd777c98286ecfff8aeba7,timestamped_live_quote,FBS vs FBS
2026-10-01T20:35:46Z,b163da8a283ade5bd6428a3ca01da8b8,2026-10-03T19:30:00Z,Iowa Hawkeyes,Ohio State Buckeyes,lowvig,LowVig.ag,2026-10-01T20:34:27Z,2026-10-01T20:34:27Z,Ohio State Buckeyes,-14.0,-114.0,2026,2026-10-01T20:35:46Z,1344,12.926648749051916,16.447938611300437,-1.021289862248521,807aa80048d80e577104f04f9dc527bcbdecbac1e0bd777c98286ecfff8aeba7,timestamped_live_quote,FBS vs FBS
2026-10-01T20:35:46Z,b163da8a283ade5bd6428a3ca01da8b8,2026-10-03T19:30:00Z,Iowa Hawkeyes,Ohio State Buckeyes,mybookieag,MyBookie.ag,2026-10-01T20:34:30Z,2026-10-01T20:34:30Z,Iowa Hawkeyes,14.5,-110.0,2026,2026-10-01T20:35:46Z,1344,12.926648749051916,16.447938611300437,-1.021289862248521,807aa80048d80e577104f04f9dc527bcbdecbac1e0bd777c98286ecfff8aeba7,timestamped_live_quote,FBS vs FBS
2026-10-01T20:35:46Z,b163da8a283ade5bd6428a3ca01da8b8,2026-10-03T19:30:00Z,Iowa Hawkeyes,Ohio State Buckeyes,mybookieag,MyBookie.ag,2026-10-01T20:34:30Z,2026-10-01T20:34:30Z,Ohio State Buckeyes,-14.5,-110.0,2026,2026-10-01T20:35:46Z,1344,12.926648749051916,16.447938611300437,-1.021289862248521,807aa80048d80e577104f04f9dc527bcbdecbac1e0bd777c98286ecfff8aeba7,timestamped_live_quote,FBS vs FBS
2026-10-01T20:35:46Z,b163da8a283ade5bd6428a3ca01da8b8,2026-10-03T19:30:00Z,Iowa Hawkeyes,Ohio State Buckeyes,betus,BetUS,2026-10-01T20:35:27Z,2026-10-01T20:35:27Z,Iowa Hawkeyes,14.0,-105.0,2026,2026-10-01T20:35:46Z,1344,12.926648749051916,16.447938611300437,-1.021289862248521,807aa80048d80e577104f04f9dc527bcbdecbac1e0bd777c98286ecfff8aeba7,timestamped_live_quote,FBS vs FBS
2026-10-01T20:35:46Z,b163da8a283ade5bd6428a3ca01da8b8,2026-10-03T19:30:00Z,Iowa Hawkeyes,Ohio State Buckeyes,betus,BetUS,2026-10-01T20:35:27Z,2026-10-01T20:35:27Z,Ohio State Buckeyes,-14.0,-115.0,2026,2026-10-01T20:35:46Z,1344,12.926648749051916,16.447938611300437,-1.021289862248521,807aa80048d80e577104f04f9dc527bcbdecbac1e0bd777c98286ecfff8aeba7,timestamped_live_quote,FBS vs FBS
2026-10-01T20:35:46Z,b163da8a283ade5bd6428a3ca01da8b8,2026-10-03T19:30:00Z,Iowa Hawkeyes,Ohio State Buckeyes,bovada,Bovada,2026-10-01T20:31:42Z,2026-10-01T20:31:42Z,Iowa Hawkeyes,14.0,-105.0,2026,2026-10-01T20:35:46Z,1344,12.926648749051916,16.447938611300437,-1.021289862248521,807aa80048d80e577104f04f9dc527bcbdecbac1e0bd777c98286ecfff8aeba7,timestamped_live_quote,FBS vs FBS
2026-10-01T20:35:46Z,b163da8a283ade5bd6428a3ca01da8b8,2026-10-03T19:30:00Z,Iowa Hawkeyes,Ohio State Buckeyes,bovada,Bovada,2026-10-01T20:31:42Z,2026-10-01T20:31:42Z,Ohio State Buckeyes,-14.0,-115.0,2026,2026-10-01T20:35:46Z,1344,12.926648749051916,16.447938611300437,-1.021289862248521,807aa80048d80e577104f04f9dc527bcbdecbac1e0bd777c98286ecfff8aeba7,timestamped_live_quote,FBS vs FBS
2026-10-01T20:35:46Z,c1c548c80e674e3a37dcc2551beba599,2026-10-03T19:30:00Z,Kent State Golden Flashes,Ohio Bobcats,fanduel,FanDuel,2026-10-01T20:35:29Z,2026-10-01T20:35:29Z,Kent State Golden Flashes,3.5,-110.0,2026,2026-10-01T20:35:46Z,1344,-8.22849196062735,1.3002470692081236,-7.028739029835474,807aa80048d80e577104f04f9dc527bcbdecbac1e0bd777c98286ecfff8aeba7,timestamped_live_quote,FBS vs FBS
2026-10-01T20:35:46Z,c1c548c80e674e3a37dcc2551beba599,2026-10-03T19:30:00Z,Kent State Golden Flashes,Ohio Bobcats,fanduel,FanDuel,2026-10-01T20:35:29Z,2026-10-01T20:35:29Z,Ohio Bobcats,-3.5,-110.0,2026,2026-10-01T20:35:46Z,1344,-8.22849196062735,1.3002470692081236,-7.028739029835474,807aa80048d80e577104f04f9dc527bcbdecbac1e0bd777c98286ecfff8aeba7,timestamped_live_quote,FBS vs FBS
2026-10-01T20:35:46Z,c1c548c80e674e3a37dcc2551beba599,2026-10-03T19:30:00Z,Kent State Golden Flashes,Ohio Bobcats,draftkings,DraftKings,2026-10-01T20:35:46Z,2026-10-01T20:35:46Z,Kent State Golden Flashes,3.5,-112.0,2026,2026-10-01T20:35:46Z,1344,-8.22849196062735,1.3002470692081236,-7.028739029835474,807aa80048d80e577104f04f9dc527bcbdecbac1e0bd777c98286ecfff8aeba7,timestamped_live_quote,FBS vs FBS
2026-10-01T20:35:46Z,c1c548c80e674e3a37dcc2551beba599,2026-10-03T19:30:00Z,Kent State Golden Flashes,Ohio Bobcats,draftkings,DraftKings,2026-10-01T20:35:46Z,2026-10-01T20:35:46Z,Ohio Bobcats,-3.5,-108.0,2026,2026-10-01T20:35:46Z,1344,-8.22849196062735,1.3002470692081236,-7.028739029835474,807aa80048d80e577104f04f9dc527bcbdecbac1e0bd777c98286ecfff8aeba7,timestamped_live_quote,FBS vs FBS
2026-10-01T20:35:46Z,c1c548c80e674e3a37dcc2551beba599,2026-10-03T19:30:00Z,Kent State Golden Flashes,Ohio Bobcats,lowvig,LowVig.ag,2026-10-01T20:34:27Z,2026-10-01T20:34:27Z,Kent State Golden Flashes,3.5,-101.0,2026,2026-10-01T20:35:46Z,1344,-8.22849196062735,1.3002470692081236,-7.028739029835474,807aa80048d80e577104f04f9dc527bcbdecbac1e0bd777c98286ecfff8aeba7,timestamped_live_quote,FBS vs FBS
2026-10-01T20:35:46Z,c1c548c80e674e3a37dcc2551beba599,2026-10-03T19:30:00Z,Kent State Golden Flashes,Ohio Bobcats,lowvig,LowVig.ag,2026-10-01T20:34:27Z,2026-10-01T20:34:27Z,Ohio Bobcats,-3.5,-111.0,2026,2026-10-01T20:35:46Z,1344,-8.22849196062735,1.3002470692081236,-7.028739029835474,807aa80048d80e577104f04f9dc527bcbdecbac1e0bd777c98286ecfff8aeba7,timestamped_live_quote,FBS vs FBS
2026-10-01T20:35:46Z,c1c548c80e674e3a37dcc2551beba599,2026-10-03T19:30:00Z,Kent State Golden Flashes,Ohio Bobcats,betonlineag,BetOnline.ag,2026-10-01T20:35:44Z,2026-10-01T20:35:44Z,Kent State Golden Flashes,4.0,-110.0,2026,2026-10-01T20:35:46Z,1344,-8.22849196062735,1.3002470692081236,-7.028739029835474,807aa80048d80e577104f04f9dc527bcbdecbac1e0bd777c98286ecfff8aeba7,timestamped_live_quote,FBS vs FBS
2026-10-01T20:35:46Z,c1c548c80e674e3a37dcc2551beba599,2026-10-03T19:30:00Z,Kent State Golden Flashes,Ohio Bobcats,betonlineag,BetOnline.ag,2026-10-01T20:35:44Z,2026-10-01T20:35:44Z,Ohio Bobcats,-4.0,-110.0,2026,2026-10-01T20:35:46Z,1344,-8.22849196062735,1.3002470692081236,-7.028739029835474,807aa80048d80e577104f04f9dc527bcbdecbac1e0bd777c98286ecfff8aeba7,timestamped_live_quote,FBS vs FBS
2026-10-01T20:35:46Z,c1c548c80e674e3a37dcc2551beba599,2026-10-03T19:30:00Z,Kent State Golden Flashes,Ohio Bobcats,mybookieag,MyBookie.ag,2026-10-01T20:34:30Z,2026-10-01T20:34:30Z,Kent State Golden Flashes,3.5,-110.0,2026,2026-10-01T20:35:46Z,1344,-8.22849196062735,1.3002470692081236,-7.028739029835474,807aa80048d80e577104f04f9dc527bcbdecbac1e0bd777c98286ecfff8aeba7,timestamped_live_quote,FBS vs FBS
2026-10-01T20:35:46Z,c1c548c80e674e3a37dcc2551beba599,2026-10-03T19:30:00Z,Kent State Golden Flashes,Ohio Bobcats,mybookieag,MyBookie.ag,2026-10-01T20:34:30Z,2026-10-01T20:34:30Z,Ohio Bobcats,-3.5,-110.0,2026,2026-10-01T20:35:46Z,1344,-8.22849196062735,1.3002470692081236,-7.028739029835474,807aa80048d80e577104f04f9dc527bcbdecbac1e0bd777c98286ecfff8aeba7,timestamped_live_quote,FBS vs FBS
2026-10-01T20:35:46Z,c1c548c80e674e3a37dcc2551beba599,2026-10-03T19:30:00Z,Kent State Golden Flashes,Ohio Bobcats,betmgm,BetMGM,2026-10-01T20:35:29Z,2026-10-01T20:35:29Z,Kent State Golden Flashes,3.5,-110.0,2026,2026-10-01T20:35:46Z,1344,-8.22849196062735,1.3002470692081236,-7.028739029835474,807aa80048d80e577104f04f9dc527bcbdecbac1e0bd777c98286ecfff8aeba7,timestamped_live_quote,FBS vs FBS
2026-10-01T20:35:46Z,c1c548c80e674e3a37dcc2551beba599,2026-10-03T19:30:00Z,Kent State Golden Flashes,Ohio Bobcats,betmgm,BetMGM,2026-10-01T20:35:29Z,2026-10-01T20:35:29Z,Ohio Bobcats,-3.5,-108.0,2026,2026-10-01T20:35:46Z,1344,-8.22849196062735,1.3002470692081236,-7.028739029835474,807aa80048d80e577104f04f9dc527bcbdecbac1e0bd777c98286ecfff8aeba7,timestamped_live_quote,FBS vs FBS
2026-10-01T20:35:46Z,c1c548c80e674e3a37dcc2551beba599,2026-10-03T19:30:00Z,Kent State Golden Flashes,Ohio Bobcats,betus,BetUS,2026-10-01T20:35:27Z,2026-10-01T20:35:27Z,Kent State Golden Flashes,3.5,-110.0,2026,2026-10-01T20:35:46Z,1344,-8.22849196062735,1.3002470692081236,-7.028739029835474,807aa80048d80e577104f04f9dc527bcbdecbac1e0bd777c98286ecfff8aeba7,timestamped_live_quote,FBS vs FBS
2026-10-01T20:35:46Z,c1c548c80e674e3a37dcc2551beba599,2026-10-03T19:30:00Z,Kent State Golden Flashes,Ohio Bobcats,betus,BetUS,2026-10-01T20:35:27Z,2026-10-01T20:35:27Z,Ohio Bobcats,-3.5,-110.0,2026,2026-10-01T20:35:46Z,1344,-8.22849196062735,1.3002470692081236,-7.028739029835474,807aa80048d80e577104f04f9dc527bcbdecbac1e0bd777c98286ecfff8aeba7,timestamped_live_quote,FBS vs FBS
2026-10-01T20:35:46Z,c1c548c80e674e3a37dcc2551beba599,2026-10-03T19:30:00Z,Kent State Golden Flashes,Ohio Bobcats,bovada,Bovada,2026-10-01T20:31:42Z,2026-10-01T20:31:42Z,Kent State Golden Flashes,3.5,-115.0,2026,2026-10-01T20:35:46Z,1344,-8.22849196062735,1.3002470692081236,-7.028739029835474,807aa80048d80e577104f04f9dc527bcbdecbac1e0bd777c98286ecfff8aeba7,timestamped_live_quote,FBS vs FBS
2026-10-01T20:35:46Z,c1c548c80e674e3a37dcc2551beba599,2026-10-03T19:30:00Z,Kent State Golden Flashes,Ohio Bobcats,bovada,Bovada,2026-10-01T20:31:42Z,2026-10-01T20:31:42Z,Ohio Bobcats,-3.5,-105.0,2026,2026-10-01T20:35:46Z,1344,-8.22849196062735,1.3002470692081236,-7.028739029835474,807aa80048d80e577104f04f9dc527bcbdecbac1e0bd777c98286ecfff8aeba7,timestamped_live_quote,FBS vs FBS
2026-10-01T20:35:46Z,a77fd3143159a9d16a75685528d9960b,2026-10-03T19:30:00Z,NC State Wolfpack,Louisville Cardinals,draftkings,DraftKings,2026-10-01T20:35:46Z,2026-10-01T20:35:46Z,Louisville Cardinals,-3.5,-112.0,2026,2026-10-01T20:35:46Z,1344,9.101931898494797,6.711019198830559,4.890912699664238,807aa80048d80e577104f04f9dc527bcbdecbac1e0bd777c98286ecfff8aeba7,timestamped_live_quote,FBS vs FBS
2026-10-01T20:35:46Z,a77fd3143159a9d16a75685528d9960b,2026-10-03T19:30:00Z,NC State Wolfpack,Louisville Cardinals,draftkings,DraftKings,2026-10-01T20:35:46Z,2026-10-01T20:35:46Z,NC State Wolfpack,3.5,-108.0,2026,2026-10-01T20:35:46Z,1344,9.101931898494797,6.711019198830559,4.890912699664238,807aa80048d80e577104f04f9dc527bcbdecbac1e0bd777c98286ecfff8aeba7,timestamped_live_quote,FBS vs FBS
2026-10-01T20:35:46Z,a77fd3143159a9d16a75685528d9960b,2026-10-03T19:30:00Z,NC State Wolfpack,Louisville Cardinals,fanduel,FanDuel,2026-10-01T20:35:29Z,2026-10-01T20:35:29Z,Louisville Cardinals,-3.5,-115.0,2026,2026-10-01T20:35:46Z,1344,9.101931898494797,6.711019198830559,4.890912699664238,807aa80048d80e577104f04f9dc527bcbdecbac1e0bd777c98286ecfff8aeba7,timestamped_live_quote,FBS vs FBS
2026-10-01T20:35:46Z,a77fd3143159a9d16a75685528d9960b,2026-10-03T19:30:00Z,NC State Wolfpack,Louisville Cardinals,fanduel,FanDuel,2026-10-01T20:35:29Z,2026-10-01T20:35:29Z,NC State Wolfpack,3.5,-105.0,2026,2026-10-01T20:35:46Z,1344,9.101931898494797,6.711019198830559,4.890912699664238,807aa80048d80e577104f04f9dc527bcbdecbac1e0bd777c98286ecfff8aeba7,timestamped_live_quote,FBS vs FBS
2026-10-01T20:35:46Z,a77fd3143159a9d16a75685528d9960b,2026-10-03T19:30:00Z,NC State Wolfpack,Louisville Cardinals,betonlineag,BetOnline.ag,2026-10-01T20:35:44Z,2026-10-01T20:35:44Z,Louisville Cardinals,-3.5,-115.0,2026,2026-10-01T20:35:46Z,1344,9.101931898494797,6.711019198830559,4.890912699664238,807aa80048d80e577104f04f9dc527bcbdecbac1e0bd777c98286ecfff8aeba7,timestamped_live_quote,FBS vs FBS
2026-10-01T20:35:46Z,a77fd3143159a9d16a75685528d9960b,2026-10-03T19:30:00Z,NC State Wolfpack,Louisville Cardinals,betonlineag,BetOnline.ag,2026-10-01T20:35:44Z,2026-10-01T20:35:44Z,NC State Wolfpack,3.5,-105.0,2026,2026-10-01T20:35:46Z,1344,9.101931898494797,6.711019198830559,4.890912699664238,807aa80048d80e577104f04f9dc527bcbdecbac1e0bd777c98286ecfff8aeba7,timestamped_live_quote,FBS vs FBS
2026-10-01T20:35:46Z,a77fd3143159a9d16a75685528d9960b,2026-10-03T19:30:00Z,NC State Wolfpack,Louisville Cardinals,lowvig,LowVig.ag,2026-10-01T20:34:27Z,2026-10-01T20:34:27Z,Louisville Cardinals,-3.5,-111.0,2026,2026-10-01T20:35:46Z,1344,9.101931898494797,6.711019198830559,4.890912699664238,807aa80048d80e577104f04f9dc527bcbdecbac1e0bd777c98286ecfff8aeba7,timestamped_live_quote,FBS vs FBS
2026-10-01T20:35:46Z,a77fd3143159a9d16a75685528d9960b,2026-10-03T19:30:00Z,NC State Wolfpack,Louisville Cardinals,lowvig,LowVig.ag,2026-10-01T20:34:27Z,2026-10-01T20:34:27Z,NC State Wolfpack,3.5,-101.0,2026,2026-10-01T20:35:46Z,1344,9.101931898494797,6.711019198830559,4.890912699664238,807aa80048d80e577104f04f9dc527bcbdecbac1e0bd777c98286ecfff8aeba7,timestamped_live_quote,FBS vs FBS
2026-10-01T20:35:46Z,a77fd3143159a9d16a75685528d9960b,2026-10-03T19:30:00Z,NC State Wolfpack,Louisville Cardinals,mybookieag,MyBookie.ag,2026-10-01T20:34:30Z,2026-10-01T20:34:30Z,Louisville Cardinals,-3.5,-110.0,2026,2026-10-01T20:35:46Z,1344,9.101931898494797,6.711019198830559,4.890912699664238,807aa80048d80e577104f04f9dc527bcbdecbac1e0bd777c98286ecfff8aeba7,timestamped_live_quote,FBS vs FBS
2026-10-01T20:35:46Z,a77fd3143159a9d16a75685528d9960b,2026-10-03T19:30:00Z,NC State Wolfpack,Louisville Cardinals,mybookieag,MyBookie.ag,2026-10-01T20:34:30Z,2026-10-01T20:34:30Z,NC State Wolfpack,3.5,-110.0,2026,2026-10-01T20:35:46Z,1344,9.101931898494797,6.711019198830559,4.890912699664238,807aa80048d80e577104f04f9dc527bcbdecbac1e0bd777c98286ecfff8aeba7,timestamped_live_quote,FBS vs FBS
2026-10-01T20:35:46Z,a77fd3143159a9d16a75685528d9960b,2026-10-03T19:30:00Z,NC State Wolfpack,Louisville Cardinals,betmgm,BetMGM,2026-10-01T20:35:29Z,2026-10-01T20:35:29Z,Louisville Cardinals,-3.5,-110.0,2026,2026-10-01T20:35:46Z,1344,9.101931898494797,6.711019198830559,4.890912699664238,807aa80048d80e577104f04f9dc527bcbdecbac1e0bd777c98286ecfff8aeba7,timestamped_live_quote,FBS vs FBS
2026-10-01T20:35:46Z,a77fd3143159a9d16a75685528d9960b,2026-10-03T19:30:00Z,NC State Wolfpack,Louisville Cardinals,betmgm,BetMGM,2026-10-01T20:35:29Z,2026-10-01T20:35:29Z,NC State Wolfpack,3.5,-108.0,2026,2026-10-01T20:35:46Z,1344,9.101931898494797,6.711019198830559,4.890912699664238,807aa80048d80e577104f04f9dc527bcbdecbac1e0bd777c98286ecfff8aeba7,timestamped_live_quote,FBS vs FBS
2026-10-01T20:35:46Z,a77fd3143159a9d16a75685528d9960b,2026-10-03T19:30:00Z,NC State Wolfpack,Louisville Cardinals,betus,BetUS,2026-10-01T20:35:27Z,2026-10-01T20:35:27Z,Louisville Cardinals,-3.5,-115.0,2026,2026-10-01T20:35:46Z,1344,9.101931898494797,6.711019198830559,4.890912699664238,807aa80048d80e577104f04f9dc527bcbdecbac1e0bd777c98286ecfff8aeba7,timestamped_live_quote,FBS vs FBS
2026-10-01T20:35:46Z,a77fd3143159a9d16a75685528d9960b,2026-10-03T19:30:00Z,NC State Wolfpack,Louisville Cardinals,betus,BetUS,2026-10-01T20:35:27Z,2026-10-01T20:35:27Z,NC State Wolfpack,3.5,-105.0,2026,2026-10-01T20:35:46Z,1344,9.101931898494797,6.711019198830559,4.890912699664238,807aa80048d80e577104f04f9dc527bcbdecbac1e0bd777c98286ecfff8aeba7,timestamped_live_quote,FBS vs FBS
2026-10-01T20:35:46Z,a77fd3143159a9d16a75685528d9960b,2026-10-03T19:30:00Z,NC State Wolfpack,Louisville Cardinals,bovada,Bovada,2026-10-01T20:31:42Z,2026-10-01T20:31:42Z,Louisville Cardinals,-3.5,-110.0,2026,2026-10-01T20:35:46Z,1344,9.101931898494797,6.711019198830559,4.890912699664238,807aa80048d80e577104f04f9dc527bcbdecbac1e0bd777c98286ecfff8aeba7,timestamped_live_quote,FBS vs FBS
2026-10-01T20:35:46Z,a77fd3143159a9d16a75685528d9960b,2026-10-03T19:30:00Z,NC State Wolfpack,Louisville Cardinals,bovada,Bovada,2026-10-01T20:31:42Z,2026-10-01T20:31:42Z,NC State Wolfpack,3.5,-110.0,2026,2026-10-01T20:35:46Z,1344,9.101931898494797,6.711019198830559,4.890912699664238,807aa80048d80e577104f04f9dc527bcbdecbac1e0bd777c98286ecfff8aeba7,timestamped_live_quote,FBS vs FBS
2026-10-01T20:35:46Z,b36c1d83299d019b7833660a29e9da9c,2026-10-03T19:30:00Z,North Dakota State Bison,Wyoming Cowboys,fanduel,FanDuel,2026-10-01T20:35:29Z,2026-10-01T20:35:29Z,North Dakota State Bison,-17.5,-110.0,2026,2026-10-01T20:35:46Z,1344,10.7109073998596,-2.207870895666874,15.418778295526474,807aa80048d80e577104f04f9dc527bcbdecbac1e0bd777c98286ecfff8aeba7,timestamped_live_quote,FBS vs FBS
2026-10-01T20:35:46Z,b36c1d83299d019b7833660a29e9da9c,2026-10-03T19:30:00Z,North Dakota State Bison,Wyoming Cowboys,fanduel,FanDuel,2026-10-01T20:35:29Z,2026-10-01T20:35:29Z,Wyoming Cowboys,17.5,-110.0,2026,2026-10-01T20:35:46Z,1344,10.7109073998596,-2.207870895666874,15.418778295526474,807aa80048d80e577104f04f9dc527bcbdecbac1e0bd777c98286ecfff8aeba7,timestamped_live_quote,FBS vs FBS
2026-10-01T20:35:46Z,b36c1d83299d019b7833660a29e9da9c,2026-10-03T19:30:00Z,North Dakota State Bison,Wyoming Cowboys,draftkings,DraftKings,2026-10-01T20:35:46Z,2026-10-01T20:35:46Z,North Dakota State Bison,-17.5,-112.0,2026,2026-10-01T20:35:46Z,1344,10.7109073998596,-2.207870895666874,15.418778295526474,807aa80048d80e577104f04f9dc527bcbdecbac1e0bd777c98286ecfff8aeba7,timestamped_live_quote,FBS vs FBS
2026-10-01T20:35:46Z,b36c1d83299d019b7833660a29e9da9c,2026-10-03T19:30:00Z,North Dakota State Bison,Wyoming Cowboys,draftkings,DraftKings,2026-10-01T20:35:46Z,2026-10-01T20:35:46Z,Wyoming Cowboys,17.5,-108.0,2026,2026-10-01T20:35:46Z,1344,10.7109073998596,-2.207870895666874,15.418778295526474,807aa80048d80e577104f04f9dc527bcbdecbac1e0bd777c98286ecfff8aeba7,timestamped_live_quote,FBS vs FBS
2026-10-01T20:35:46Z,b36c1d83299d019b7833660a29e9da9c,2026-10-03T19:30:00Z,North Dakota State Bison,Wyoming Cowboys,lowvig,LowVig.ag,2026-10-01T20:34:27Z,2026-10-01T20:34:27Z,North Dakota State Bison,-17.5,-104.0,2026,2026-10-01T20:35:46Z,1344,10.7109073998596,-2.207870895666874,15.418778295526474,807aa80048d80e577104f04f9dc527bcbdecbac1e0bd777c98286ecfff8aeba7,timestamped_live_quote,FBS vs FBS
2026-10-01T20:35:46Z,b36c1d83299d019b7833660a29e9da9c,2026-10-03T19:30:00Z,North Dakota State Bison,Wyoming Cowboys,lowvig,LowVig.ag,2026-10-01T20:34:27Z,2026-10-01T20:34:27Z,Wyoming Cowboys,17.5,-108.0,2026,2026-10-01T20:35:46Z,1344,10.7109073998596,-2.207870895666874,15.418778295526474,807aa80048d80e577104f04f9dc527bcbdecbac1e0bd777c98286ecfff8aeba7,timestamped_live_quote,FBS vs FBS
2026-10-01T20:35:46Z,b36c1d83299d019b7833660a29e9da9c,2026-10-03T19:30:00Z,North Dakota State Bison,Wyoming Cowboys,betonlineag,BetOnline.ag,2026-10-01T20:35:44Z,2026-10-01T20:35:44Z,North Dakota State Bison,-17.5,-108.0,2026,2026-10-01T20:35:46Z,1344,10.7109073998596,-2.207870895666874,15.418778295526474,807aa80048d80e577104f04f9dc527bcbdecbac1e0bd777c98286ecfff8aeba7,timestamped_live_quote,FBS vs FBS
2026-10-01T20:35:46Z,b36c1d83299d019b7833660a29e9da9c,2026-10-03T19:30:00Z,North Dakota State Bison,Wyoming Cowboys,betonlineag,BetOnline.ag,2026-10-01T20:35:44Z,2026-10-01T20:35:44Z,Wyoming Cowboys,17.5,-112.0,2026,2026-10-01T20:35:46Z,1344,10.7109073998596,-2.207870895666874,15.418778295526474,807aa80048d80e577104f04f9dc527bcbdecbac1e0bd777c98286ecfff8aeba7,timestamped_live_quote,FBS vs FBS
2026-10-01T20:35:46Z,b36c1d83299d019b7833660a29e9da9c,2026-10-03T19:30:00Z,North Dakota State Bison,Wyoming Cowboys,mybookieag,MyBookie.ag,2026-10-01T20:34:30Z,2026-10-01T20:34:30Z,North Dakota State Bison,-17.5,-110.0,2026,2026-10-01T20:35:46Z,1344,10.7109073998596,-2.207870895666874,15.418778295526474,807aa80048d80e577104f04f9dc527bcbdecbac1e0bd777c98286ecfff8aeba7,timestamped_live_quote,FBS vs FBS
2026-10-01T20:35:46Z,b36c1d83299d019b7833660a29e9da9c,2026-10-03T19:30:00Z,North Dakota State Bison,Wyoming Cowboys,mybookieag,MyBookie.ag,2026-10-01T20:34:30Z,2026-10-01T20:34:30Z,Wyoming Cowboys,17.5,-110.0,2026,2026-10-01T20:35:46Z,1344,10.7109073998596,-2.207870895666874,15.418778295526474,807aa80048d80e577104f04f9dc527bcbdecbac1e0bd777c98286ecfff8aeba7,timestamped_live_quote,FBS vs FBS
2026-10-01T20:35:46Z,b36c1d83299d019b7833660a29e9da9c,2026-10-03T19:30:00Z,North Dakota State Bison,Wyoming Cowboys,betmgm,BetMGM,2026-10-01T20:35:29Z,2026-10-01T20:35:29Z,North Dakota State Bison,-17.5,-108.0,2026,2026-10-01T20:35:46Z,1344,10.7109073998596,-2.207870895666874,15.418778295526474,807aa80048d80e577104f04f9dc527bcbdecbac1e0bd777c98286ecfff8aeba7,timestamped_live_quote,FBS vs FBS
2026-10-01T20:35:46Z,b36c1d83299d019b7833660a29e9da9c,2026-10-03T19:30:00Z,North Dakota State Bison,Wyoming Cowboys,betmgm,BetMGM,2026-10-01T20:35:29Z,2026-10-01T20:35:29Z,Wyoming Cowboys,17.5,-110.0,2026,2026-10-01T20:35:46Z,1344,10.7109073998596,-2.207870895666874,15.418778295526474,807aa80048d80e577104f04f9dc527bcbdecbac1e0bd777c98286ecfff8aeba7,timestamped_live_quote,FBS vs FBS
2026-10-01T20:35:46Z,b36c1d83299d019b7833660a29e9da9c,2026-10-03T19:30:00Z,North Dakota State Bison,Wyoming Cowboys,betus,BetUS,2026-10-01T20:35:27Z,2026-10-01T20:35:27Z,North Dakota State Bison,-17.5,-110.0,2026,2026-10-01T20:35:46Z,1344,10.7109073998596,-2.207870895666874,15.418778295526474,807aa80048d80e577104f04f9dc527bcbdecbac1e0bd777c98286ecfff8aeba7,timestamped_live_quote,FBS vs FBS
2026-10-01T20:35:46Z,b36c1d83299d019b7833660a29e9da9c,2026-10-03T19:30:00Z,North Dakota State Bison,Wyoming Cowboys,betus,BetUS,2026-10-01T20:35:27Z,2026-10-01T20:35:27Z,Wyoming Cowboys,17.5,-110.0,2026,2026-10-01T20:35:46Z,1344,10.7109073998596,-2.207870895666874,15.418778295526474,807aa80048d80e577104f04f9dc527bcbdecbac1e0bd777c98286ecfff8aeba7,timestamped_live_quote,FBS vs FBS
2026-10-01T20:35:46Z,b36c1d83299d019b7833660a29e9da9c,2026-10-03T19:30:00Z,North Dakota State Bison,Wyoming Cowboys,bovada,Bovada,2026-10-01T20:31:42Z,2026-10-01T20:31:42Z,North Dakota State Bison,-17.5,-105.0,2026,2026-10-01T20:35:46Z,1344,10.7109073998596,-2.207870895666874,15.418778295526474,807aa80048d80e577104f04f9dc527bcbdecbac1e0bd777c98286ecfff8aeba7,timestamped_live_quote,FBS vs FBS
2026-10-01T20:35:46Z,b36c1d83299d019b7833660a29e9da9c,2026-10-03T19:30:00Z,North Dakota State Bison,Wyoming Cowboys,bovada,Bovada,2026-10-01T20:31:42Z,2026-10-01T20:31:42Z,Wyoming Cowboys,17.5,-115.0,2026,2026-10-01T20:35:46Z,1344,10.7109073998596,-2.207870895666874,15.418778295526474,807aa80048d80e577104f04f9dc527bcbdecbac1e0bd777c98286ecfff8aeba7,timestamped_live_quote,FBS vs FBS
2026-10-01T20:35:46Z,3086203ed472e204ff7f3ba6241bb43c,2026-10-03T19:30:00Z,UAB Blazers,Samford Bulldogs,fanduel,FanDuel,2026-10-01T20:35:29Z,2026-10-01T20:35:29Z,Samford Bulldogs,30.5,-114.0,2026,2026-10-01T20:35:46Z,1344,,,,807aa80048d80e577104f04f9dc527bcbdecbac1e0bd777c98286ecfff8aeba7,division_safety_suppressed,Unverified division / FCS: model suppressed
2026-10-01T20:35:46Z,3086203ed472e204ff7f3ba6241bb43c,2026-10-03T19:30:00Z,UAB Blazers,Samford Bulldogs,fanduel,FanDuel,2026-10-01T20:35:29Z,2026-10-01T20:35:29Z,UAB Blazers,-30.5,-106.0,2026,2026-10-01T20:35:46Z,1344,,,,807aa80048d80e577104f04f9dc527bcbdecbac1e0bd777c98286ecfff8aeba7,division_safety_suppressed,Unverified division / FCS: model suppressed
2026-10-01T20:35:46Z,3086203ed472e204ff7f3ba6241bb43c,2026-10-03T19:30:00Z,UAB Blazers,Samford Bulldogs,draftkings,DraftKings,2026-10-01T20:35:46Z,2026-10-01T20:35:46Z,Samford Bulldogs,30.5,-110.0,2026,2026-10-01T20:35:46Z,1344,,,,807aa80048d80e577104f04f9dc527bcbdecbac1e0bd777c98286ecfff8aeba7,division_safety_suppressed,Unverified division / FCS: model suppressed
2026-10-01T20:35:46Z,3086203ed472e204ff7f3ba6241bb43c,2026-10-03T19:30:00Z,UAB Blazers,Samford Bulldogs,draftkings,DraftKings,2026-10-01T20:35:46Z,2026-10-01T20:35:46Z,UAB Blazers,-30.5,-110.0,2026,2026-10-01T20:35:46Z,1344,,,,807aa80048d80e577104f04f9dc527bcbdecbac1e0bd777c98286ecfff8aeba7,division_safety_suppressed,Unverified division / FCS: model suppressed
2026-10-01T20:35:46Z,3086203ed472e204ff7f3ba6241bb43c,2026-10-03T19:30:00Z,UAB Blazers,Samford Bulldogs,lowvig,LowVig.ag,2026-10-01T20:34:27Z,2026-10-01T20:34:27Z,Samford Bulldogs,30.5,-115.0,2026,2026-10-01T20:35:46Z,1344,,,,807aa80048d80e577104f04f9dc527bcbdecbac1e0bd777c98286ecfff8aeba7,division_safety_suppressed,Unverified division / FCS: model suppressed
2026-10-01T20:35:46Z,3086203ed472e204ff7f3ba6241bb43c,2026-10-03T19:30:00Z,UAB Blazers,Samford Bulldogs,lowvig,LowVig.ag,2026-10-01T20:34:27Z,2026-10-01T20:34:27Z,UAB Blazers,-30.5,-115.0,2026,2026-10-01T20:35:46Z,1344,,,,807aa80048d80e577104f04f9dc527bcbdecbac1e0bd777c98286ecfff8aeba7,division_safety_suppressed,Unverified division / FCS: model suppressed
2026-10-01T20:35:46Z,3086203ed472e204ff7f3ba6241bb43c,2026-10-03T19:30:00Z,UAB Blazers,Samford Bulldogs,betonlineag,BetOnline.ag,2026-10-01T20:35:44Z,2026-10-01T20:35:44Z,Samford Bulldogs,30.5,-115.0,2026,2026-10-01T20:35:46Z,1344,,,,807aa80048d80e577104f04f9dc527bcbdecbac1e0bd777c98286ecfff8aeba7,division_safety_suppressed,Unverified division / FCS: model suppressed
2026-10-01T20:35:46Z,3086203ed472e204ff7f3ba6241bb43c,2026-10-03T19:30:00Z,UAB Blazers,Samford Bulldogs,betonlineag,BetOnline.ag,2026-10-01T20:35:44Z,2026-10-01T20:35:44Z,UAB Blazers,-30.5,-115.0,2026,2026-10-01T20:35:46Z,1344,,,,807aa80048d80e577104f04f9dc527bcbdecbac1e0bd777c98286ecfff8aeba7,division_safety_suppressed,Unverified division / FCS: model suppressed
2026-10-01T20:35:46Z,7e365956ef23823565a044a5af18736a,2026-10-03T19:45:00Z,James Madison Dukes,Marshall Thundering Herd,fanduel,FanDuel,2026-10-01T20:35:29Z,2026-10-01T20:35:29Z,James Madison Dukes,-18.5,-115.0,2026,2026-10-01T20:35:46Z,1344,15.351953422559099,-3.1087362778305163,20.960689700389615,807aa80048d80e577104f04f9dc527bcbdecbac1e0bd777c98286ecfff8aeba7,timestamped_live_quote,FBS vs FBS
2026-10-01T20:35:46Z,7e365956ef23823565a044a5af18736a,2026-10-03T19:45:00Z,James Madison Dukes,Marshall Thundering Herd,fanduel,FanDuel,2026-10-01T20:35:29Z,2026-10-01T20:35:29Z,Marshall Thundering Herd,18.5,-105.0,2026,2026-10-01T20:35:46Z,1344,15.351953422559099,-3.1087362778305163,20.960689700389615,807aa80048d80e577104f04f9dc527bcbdecbac1e0bd777c98286ecfff8aeba7,timestamped_live_quote,FBS vs FBS
2026-10-01T20:35:46Z,7e365956ef23823565a044a5af18736a,2026-10-03T19:45:00Z,James Madison Dukes,Marshall Thundering Herd,draftkings,DraftKings,2026-10-01T20:35:46Z,2026-10-01T20:35:46Z,James Madison Dukes,-18.5,-112.0,2026,2026-10-01T20:35:46Z,1344,15.351953422559099,-3.1087362778305163,20.960689700389615,807aa80048d80e577104f04f9dc527bcbdecbac1e0bd777c98286ecfff8aeba7,timestamped_live_quote,FBS vs FBS
2026-10-01T20:35:46Z,7e365956ef23823565a044a5af18736a,2026-10-03T19:45:00Z,James Madison Dukes,Marshall Thundering Herd,draftkings,DraftKings,2026-10-01T20:35:46Z,2026-10-01T20:35:46Z,Marshall Thundering Herd,18.5,-108.0,2026,2026-10-01T20:35:46Z,1344,15.351953422559099,-3.1087362778305163,20.960689700389615,807aa80048d80e577104f04f9dc527bcbdecbac1e0bd777c98286ecfff8aeba7,timestamped_live_quote,FBS vs FBS
2026-10-01T20:35:46Z,7e365956ef23823565a044a5af18736a,2026-10-03T19:45:00Z,James Madison Dukes,Marshall Thundering Herd,lowvig,LowVig.ag,2026-10-01T20:34:27Z,2026-10-01T20:34:27Z,James Madison Dukes,-18.5,-106.0,2026,2026-10-01T20:35:46Z,1344,15.351953422559099,-3.1087362778305163,20.960689700389615,807aa80048d80e577104f04f9dc527bcbdecbac1e0bd777c98286ecfff8aeba7,timestamped_live_quote,FBS vs FBS
2026-10-01T20:35:46Z,7e365956ef23823565a044a5af18736a,2026-10-03T19:45:00Z,James Madison Dukes,Marshall Thundering Herd,lowvig,LowVig.ag,2026-10-01T20:34:27Z,2026-10-01T20:34:27Z,Marshall Thundering Herd,18.5,-106.0,2026,2026-10-01T20:35:46Z,1344,15.351953422559099,-3.1087362778305163,20.960689700389615,807aa80048d80e577104f04f9dc527bcbdecbac1e0bd777c98286ecfff8aeba7,timestamped_live_quote,FBS vs FBS
2026-10-01T20:35:46Z,7e365956ef23823565a044a5af18736a,2026-10-03T19:45:00Z,James Madison Dukes,Marshall Thundering Herd,betonlineag,BetOnline.ag,2026-10-01T20:35:44Z,2026-10-01T20:35:44Z,James Madison Dukes,-18.5,-110.0,2026,2026-10-01T20:35:46Z,1344,15.351953422559099,-3.1087362778305163,20.960689700389615,807aa80048d80e577104f04f9dc527bcbdecbac1e0bd777c98286ecfff8aeba7,timestamped_live_quote,FBS vs FBS
2026-10-01T20:35:46Z,7e365956ef23823565a044a5af18736a,2026-10-03T19:45:00Z,James Madison Dukes,Marshall Thundering Herd,betonlineag,BetOnline.ag,2026-10-01T20:35:44Z,2026-10-01T20:35:44Z,Marshall Thundering Herd,18.5,-110.0,2026,2026-10-01T20:35:46Z,1344,15.351953422559099,-3.1087362778305163,20.960689700389615,807aa80048d80e577104f04f9dc527bcbdecbac1e0bd777c98286ecfff8aeba7,timestamped_live_quote,FBS vs FBS
2026-10-01T20:35:46Z,7e365956ef23823565a044a5af18736a,2026-10-03T19:45:00Z,James Madison Dukes,Marshall Thundering Herd,mybookieag,MyBookie.ag,2026-10-01T20:34:30Z,2026-10-01T20:34:30Z,James Madison Dukes,-19.0,-110.0,2026,2026-10-01T20:35:46Z,1344,15.351953422559099,-3.1087362778305163,20.960689700389615,807aa80048d80e577104f04f9dc527bcbdecbac1e0bd777c98286ecfff8aeba7,timestamped_live_quote,FBS vs FBS
2026-10-01T20:35:46Z,7e365956ef23823565a044a5af18736a,2026-10-03T19:45:00Z,James Madison Dukes,Marshall Thundering Herd,mybookieag,MyBookie.ag,2026-10-01T20:34:30Z,2026-10-01T20:34:30Z,Marshall Thundering Herd,19.0,-110.0,2026,2026-10-01T20:35:46Z,1344,15.351953422559099,-3.1087362778305163,20.960689700389615,807aa80048d80e577104f04f9dc527bcbdecbac1e0bd777c98286ecfff8aeba7,timestamped_live_quote,FBS vs FBS
2026-10-01T20:35:46Z,7e365956ef23823565a044a5af18736a,2026-10-03T19:45:00Z,James Madison Dukes,Marshall Thundering Herd,betus,BetUS,2026-10-01T20:35:27Z,2026-10-01T20:35:27Z,James Madison Dukes,-19.0,-110.0,2026,2026-10-01T20:35:46Z,1344,15.351953422559099,-3.1087362778305163,20.960689700389615,807aa80048d80e577104f04f9dc527bcbdecbac1e0bd777c98286ecfff8aeba7,timestamped_live_quote,FBS vs FBS
2026-10-01T20:35:46Z,7e365956ef23823565a044a5af18736a,2026-10-03T19:45:00Z,James Madison Dukes,Marshall Thundering Herd,betus,BetUS,2026-10-01T20:35:27Z,2026-10-01T20:35:27Z,Marshall Thundering Herd,19.0,-110.0,2026,2026-10-01T20:35:46Z,1344,15.351953422559099,-3.1087362778305163,20.960689700389615,807aa80048d80e577104f04f9dc527bcbdecbac1e0bd777c98286ecfff8aeba7,timestamped_live_quote,FBS vs FBS
2026-10-01T20:35:46Z,7e365956ef23823565a044a5af18736a,2026-10-03T19:45:00Z,James Madison Dukes,Marshall Thundering Herd,betmgm,BetMGM,2026-10-01T20:35:29Z,2026-10-01T20:35:29Z,James Madison Dukes,-18.5,-118.0,2026,2026-10-01T20:35:46Z,1344,15.351953422559099,-3.1087362778305163,20.960689700389615,807aa80048d80e577104f04f9dc527bcbdecbac1e0bd777c98286ecfff8aeba7,timestamped_live_quote,FBS vs FBS
2026-10-01T20:35:46Z,7e365956ef23823565a044a5af18736a,2026-10-03T19:45:00Z,James Madison Dukes,Marshall Thundering Herd,betmgm,BetMGM,2026-10-01T20:35:29Z,2026-10-01T20:35:29Z,Marshall Thundering Herd,18.5,-112.0,2026,2026-10-01T20:35:46Z,1344,15.351953422559099,-3.1087362778305163,20.960689700389615,807aa80048d80e577104f04f9dc527bcbdecbac1e0bd777c98286ecfff8aeba7,timestamped_live_quote,FBS vs FBS
2026-10-01T20:35:46Z,7e365956ef23823565a044a5af18736a,2026-10-03T19:45:00Z,James Madison Dukes,Marshall Thundering Herd,bovada,Bovada,2026-10-01T20:31:42Z,2026-10-01T20:31:42Z,James Madison Dukes,-19.0,-110.0,2026,2026-10-01T20:35:46Z,1344,15.351953422559099,-3.1087362778305163,20.960689700389615,807aa80048d80e577104f04f9dc527bcbdecbac1e0bd777c98286ecfff8aeba7,timestamped_live_quote,FBS vs FBS
2026-10-01T20:35:46Z,7e365956ef23823565a044a5af18736a,2026-10-03T19:45:00Z,James Madison Dukes,Marshall Thundering Herd,bovada,Bovada,2026-10-01T20:31:42Z,2026-10-01T20:31:42Z,Marshall Thundering Herd,19.0,-110.0,2026,2026-10-01T20:35:46Z,1344,15.351953422559099,-3.1087362778305163,20.960689700389615,807aa80048d80e577104f04f9dc527bcbdecbac1e0bd777c98286ecfff8aeba7,timestamped_live_quote,FBS vs FBS
2026-10-01T20:35:46Z,0e62429ed73f84f87f603d376477749c,2026-10-03T20:00:00Z,Nebraska Cornhuskers,Maryland Terrapins,fanduel,FanDuel,2026-10-01T20:35:29Z,2026-10-01T20:35:29Z,Maryland Terrapins,14.5,-110.0,2026,2026-10-01T20:35:46Z,1344,14.840657428254152,5.1106289410611865,12.230028487192966,807aa80048d80e577104f04f9dc527bcbdecbac1e0bd777c98286ecfff8aeba7,timestamped_live_quote,FBS vs FBS
2026-10-01T20:35:46Z,0e62429ed73f84f87f603d376477749c,2026-10-03T20:00:00Z,Nebraska Cornhuskers,Maryland Terrapins,fanduel,FanDuel,2026-10-01T20:35:29Z,2026-10-01T20:35:29Z,Nebraska Cornhuskers,-14.5,-110.0,2026,2026-10-01T20:35:46Z,1344,14.840657428254152,5.1106289410611865,12.230028487192966,807aa80048d80e577104f04f9dc527bcbdecbac1e0bd777c98286ecfff8aeba7,timestamped_live_quote,FBS vs FBS
2026-10-01T20:35:46Z,0e62429ed73f84f87f603d376477749c,2026-10-03T20:00:00Z,Nebraska Cornhuskers,Maryland Terrapins,draftkings,DraftKings,2026-10-01T20:35:46Z,2026-10-01T20:35:46Z,Maryland Terrapins,14.5,-108.0,2026,2026-10-01T20:35:46Z,1344,14.840657428254152,5.1106289410611865,12.230028487192966,807aa80048d80e577104f04f9dc527bcbdecbac1e0bd777c98286ecfff8aeba7,timestamped_live_quote,FBS vs FBS
2026-10-01T20:35:46Z,0e62429ed73f84f87f603d376477749c,2026-10-03T20:00:00Z,Nebraska Cornhuskers,Maryland Terrapins,draftkings,DraftKings,2026-10-01T20:35:46Z,2026-10-01T20:35:46Z,Nebraska Cornhuskers,-14.5,-112.0,2026,2026-10-01T20:35:46Z,1344,14.840657428254152,5.1106289410611865,12.230028487192966,807aa80048d80e577104f04f9dc527bcbdecbac1e0bd777c98286ecfff8aeba7,timestamped_live_quote,FBS vs FBS
2026-10-01T20:35:46Z,0e62429ed73f84f87f603d376477749c,2026-10-03T20:00:00Z,Nebraska Cornhuskers,Maryland Terrapins,betonlineag,BetOnline.ag,2026-10-01T20:35:44Z,2026-10-01T20:35:44Z,Maryland Terrapins,14.5,-110.0,2026,2026-10-01T20:35:46Z,1344,14.840657428254152,5.1106289410611865,12.230028487192966,807aa80048d80e577104f04f9dc527bcbdecbac1e0bd777c98286ecfff8aeba7,timestamped_live_quote,FBS vs FBS
2026-10-01T20:35:46Z,0e62429ed73f84f87f603d376477749c,2026-10-03T20:00:00Z,Nebraska Cornhuskers,Maryland Terrapins,betonlineag,BetOnline.ag,2026-10-01T20:35:44Z,2026-10-01T20:35:44Z,Nebraska Cornhuskers,-14.5,-110.0,2026,2026-10-01T20:35:46Z,1344,14.840657428254152,5.1106289410611865,12.230028487192966,807aa80048d80e577104f04f9dc527bcbdecbac1e0bd777c98286ecfff8aeba7,timestamped_live_quote,FBS vs FBS
2026-10-01T20:35:46Z,0e62429ed73f84f87f603d376477749c,2026-10-03T20:00:00Z,Nebraska Cornhuskers,Maryland Terrapins,lowvig,LowVig.ag,2026-10-01T20:34:27Z,2026-10-01T20:34:27Z,Maryland Terrapins,14.5,-106.0,2026,2026-10-01T20:35:46Z,1344,14.840657428254152,5.1106289410611865,12.230028487192966,807aa80048d80e577104f04f9dc527bcbdecbac1e0bd777c98286ecfff8aeba7,timestamped_live_quote,FBS vs FBS
2026-10-01T20:35:46Z,0e62429ed73f84f87f603d376477749c,2026-10-03T20:00:00Z,Nebraska Cornhuskers,Maryland Terrapins,lowvig,LowVig.ag,2026-10-01T20:34:27Z,2026-10-01T20:34:27Z,Nebraska Cornhuskers,-14.5,-106.0,2026,2026-10-01T20:35:46Z,1344,14.840657428254152,5.1106289410611865,12.230028487192966,807aa80048d80e577104f04f9dc527bcbdecbac1e0bd777c98286ecfff8aeba7,timestamped_live_quote,FBS vs FBS
2026-10-01T20:35:46Z,0e62429ed73f84f87f603d376477749c,2026-10-03T20:00:00Z,Nebraska Cornhuskers,Maryland Terrapins,mybookieag,MyBookie.ag,2026-10-01T20:34:30Z,2026-10-01T20:34:30Z,Maryland Terrapins,15.0,-110.0,2026,2026-10-01T20:35:46Z,1344,14.840657428254152,5.1106289410611865,12.230028487192966,807aa80048d80e577104f04f9dc527bcbdecbac1e0bd777c98286ecfff8aeba7,timestamped_live_quote,FBS vs FBS
2026-10-01T20:35:46Z,0e62429ed73f84f87f603d376477749c,2026-10-03T20:00:00Z,Nebraska Cornhuskers,Maryland Terrapins,mybookieag,MyBookie.ag,2026-10-01T20:34:30Z,2026-10-01T20:34:30Z,Nebraska Cornhuskers,-15.0,-110.0,2026,2026-10-01T20:35:46Z,1344,14.840657428254152,5.1106289410611865,12.230028487192966,807aa80048d80e577104f04f9dc527bcbdecbac1e0bd777c98286ecfff8aeba7,timestamped_live_quote,FBS vs FBS
2026-10-01T20:35:46Z,0e62429ed73f84f87f603d376477749c,2026-10-03T20:00:00Z,Nebraska Cornhuskers,Maryland Terrapins,betmgm,BetMGM,2026-10-01T20:35:29Z,2026-10-01T20:35:29Z,Maryland Terrapins,14.5,-110.0,2026,2026-10-01T20:35:46Z,1344,14.840657428254152,5.1106289410611865,12.230028487192966,807aa80048d80e577104f04f9dc527bcbdecbac1e0bd777c98286ecfff8aeba7,timestamped_live_quote,FBS vs FBS
2026-10-01T20:35:46Z,0e62429ed73f84f87f603d376477749c,2026-10-03T20:00:00Z,Nebraska Cornhuskers,Maryland Terrapins,betmgm,BetMGM,2026-10-01T20:35:29Z,2026-10-01T20:35:29Z,Nebraska Cornhuskers,-14.5,-108.0,2026,2026-10-01T20:35:46Z,1344,14.840657428254152,5.1106289410611865,12.230028487192966,807aa80048d80e577104f04f9dc527bcbdecbac1e0bd777c98286ecfff8aeba7,timestamped_live_quote,FBS vs FBS
2026-10-01T20:35:46Z,0e62429ed73f84f87f603d376477749c,2026-10-03T20:00:00Z,Nebraska Cornhuskers,Maryland Terrapins,betus,BetUS,2026-10-01T20:35:27Z,2026-10-01T20:35:27Z,Maryland Terrapins,14.5,-110.0,2026,2026-10-01T20:35:46Z,1344,14.840657428254152,5.1106289410611865,12.230028487192966,807aa80048d80e577104f04f9dc527bcbdecbac1e0bd777c98286ecfff8aeba7,timestamped_live_quote,FBS vs FBS
2026-10-01T20:35:46Z,0e62429ed73f84f87f603d376477749c,2026-10-03T20:00:00Z,Nebraska Cornhuskers,Maryland Terrapins,betus,BetUS,2026-10-01T20:35:27Z,2026-10-01T20:35:27Z,Nebraska Cornhuskers,-14.5,-110.0,2026,2026-10-01T20:35:46Z,1344,14.840657428254152,5.1106289410611865,12.230028487192966,807aa80048d80e577104f04f9dc527bcbdecbac1e0bd777c98286ecfff8aeba7,timestamped_live_quote,FBS vs FBS
2026-10-01T20:35:46Z,0e62429ed73f84f87f603d376477749c,2026-10-03T20:00:00Z,Nebraska Cornhuskers,Maryland Terrapins,bovada,Bovada,2026-10-01T20:31:42Z,2026-10-01T20:31:42Z,Maryland Terrapins,14.5,-115.0,2026,2026-10-01T20:35:46Z,1344,14.840657428254152,5.1106289410611865,12.230028487192966,807aa80048d80e577104f04f9dc527bcbdecbac1e0bd777c98286ecfff8aeba7,timestamped_live_quote,FBS vs FBS
2026-10-01T20:35:46Z,0e62429ed73f84f87f603d376477749c,2026-10-03T20:00:00Z,Nebraska Cornhuskers,Maryland Terrapins,bovada,Bovada,2026-10-01T20:31:42Z,2026-10-01T20:31:42Z,Nebraska Cornhuskers,-14.5,-105.0,2026,2026-10-01T20:35:46Z,1344,14.840657428254152,5.1106289410611865,12.230028487192966,807aa80048d80e577104f04f9dc527bcbdecbac1e0bd777c98286ecfff8aeba7,timestamped_live_quote,FBS vs FBS
2026-10-01T20:35:46Z,e7e3e3bfc3fd7fca7550ecf48cb78666,2026-10-03T20:00:00Z,New Mexico Lobos,UTEP Miners,draftkings,DraftKings,2026-10-01T20:35:46Z,2026-10-01T20:35:46Z,New Mexico Lobos,-22.5,-112.0,2026,2026-10-01T20:35:46Z,1344,11.843249834156492,-7.720074412950458,22.063324247106948,807aa80048d80e577104f04f9dc527bcbdecbac1e0bd777c98286ecfff8aeba7,timestamped_live_quote,FBS vs FBS
2026-10-01T20:35:46Z,e7e3e3bfc3fd7fca7550ecf48cb78666,2026-10-03T20:00:00Z,New Mexico Lobos,UTEP Miners,draftkings,DraftKings,2026-10-01T20:35:46Z,2026-10-01T20:35:46Z,UTEP Miners,22.5,-108.0,2026,2026-10-01T20:35:46Z,1344,11.843249834156492,-7.720074412950458,22.063324247106948,807aa80048d80e577104f04f9dc527bcbdecbac1e0bd777c98286ecfff8aeba7,timestamped_live_quote,FBS vs FBS
2026-10-01T20:35:46Z,e7e3e3bfc3fd7fca7550ecf48cb78666,2026-10-03T20:00:00Z,New Mexico Lobos,UTEP Miners,betonlineag,BetOnline.ag,2026-10-01T20:35:44Z,2026-10-01T20:35:44Z,New Mexico Lobos,-22.5,-110.0,2026,2026-10-01T20:35:46Z,1344,11.843249834156492,-7.720074412950458,22.063324247106948,807aa80048d80e577104f04f9dc527bcbdecbac1e0bd777c98286ecfff8aeba7,timestamped_live_quote,FBS vs FBS
2026-10-01T20:35:46Z,e7e3e3bfc3fd7fca7550ecf48cb78666,2026-10-03T20:00:00Z,New Mexico Lobos,UTEP Miners,betonlineag,BetOnline.ag,2026-10-01T20:35:44Z,2026-10-01T20:35:44Z,UTEP Miners,22.5,-110.0,2026,2026-10-01T20:35:46Z,1344,11.843249834156492,-7.720074412950458,22.063324247106948,807aa80048d80e577104f04f9dc527bcbdecbac1e0bd777c98286ecfff8aeba7,timestamped_live_quote,FBS vs FBS
2026-10-01T20:35:46Z,e7e3e3bfc3fd7fca7550ecf48cb78666,2026-10-03T20:00:00Z,New Mexico Lobos,UTEP Miners,lowvig,LowVig.ag,2026-10-01T20:34:27Z,2026-10-01T20:34:27Z,New Mexico Lobos,-22.5,-106.0,2026,2026-10-01T20:35:46Z,1344,11.843249834156492,-7.720074412950458,22.063324247106948,807aa80048d80e577104f04f9dc527bcbdecbac1e0bd777c98286ecfff8aeba7,timestamped_live_quote,FBS vs FBS
2026-10-01T20:35:46Z,e7e3e3bfc3fd7fca7550ecf48cb78666,2026-10-03T20:00:00Z,New Mexico Lobos,UTEP Miners,lowvig,LowVig.ag,2026-10-01T20:34:27Z,2026-10-01T20:34:27Z,UTEP Miners,22.5,-106.0,2026,2026-10-01T20:35:46Z,1344,11.843249834156492,-7.720074412950458,22.063324247106948,807aa80048d80e577104f04f9dc527bcbdecbac1e0bd777c98286ecfff8aeba7,timestamped_live_quote,FBS vs FBS
2026-10-01T20:35:46Z,e7e3e3bfc3fd7fca7550ecf48cb78666,2026-10-03T20:00:00Z,New Mexico Lobos,UTEP Miners,fanduel,FanDuel,2026-10-01T20:35:29Z,2026-10-01T20:35:29Z,New Mexico Lobos,-22.5,-110.0,2026,2026-10-01T20:35:46Z,1344,11.843249834156492,-7.720074412950458,22.063324247106948,807aa80048d80e577104f04f9dc527bcbdecbac1e0bd777c98286ecfff8aeba7,timestamped_live_quote,FBS vs FBS
2026-10-01T20:35:46Z,e7e3e3bfc3fd7fca7550ecf48cb78666,2026-10-03T20:00:00Z,New Mexico Lobos,UTEP Miners,fanduel,FanDuel,2026-10-01T20:35:29Z,2026-10-01T20:35:29Z,UTEP Miners,22.5,-110.0,2026,2026-10-01T20:35:46Z,1344,11.843249834156492,-7.720074412950458,22.063324247106948,807aa80048d80e577104f04f9dc527bcbdecbac1e0bd777c98286ecfff8aeba7,timestamped_live_quote,FBS vs FBS
2026-10-01T20:35:46Z,e7e3e3bfc3fd7fca7550ecf48cb78666,2026-10-03T20:00:00Z,New Mexico Lobos,UTEP Miners,mybookieag,MyBookie.ag,2026-10-01T20:34:30Z,2026-10-01T20:34:30Z,New Mexico Lobos,-23.0,-110.0,2026,2026-10-01T20:35:46Z,1344,11.843249834156492,-7.720074412950458,22.063324247106948,807aa80048d80e577104f04f9dc527bcbdecbac1e0bd777c98286ecfff8aeba7,timestamped_live_quote,FBS vs FBS
2026-10-01T20:35:46Z,e7e3e3bfc3fd7fca7550ecf48cb78666,2026-10-03T20:00:00Z,New Mexico Lobos,UTEP Miners,mybookieag,MyBookie.ag,2026-10-01T20:34:30Z,2026-10-01T20:34:30Z,UTEP Miners,23.0,-110.0,2026,2026-10-01T20:35:46Z,1344,11.843249834156492,-7.720074412950458,22.063324247106948,807aa80048d80e577104f04f9dc527bcbdecbac1e0bd777c98286ecfff8aeba7,timestamped_live_quote,FBS vs FBS
2026-10-01T20:35:46Z,e7e3e3bfc3fd7fca7550ecf48cb78666,2026-10-03T20:00:00Z,New Mexico Lobos,UTEP Miners,betmgm,BetMGM,2026-10-01T20:35:29Z,2026-10-01T20:35:29Z,New Mexico Lobos,-22.5,-110.0,2026,2026-10-01T20:35:46Z,1344,11.843249834156492,-7.720074412950458,22.063324247106948,807aa80048d80e577104f04f9dc527bcbdecbac1e0bd777c98286ecfff8aeba7,timestamped_live_quote,FBS vs FBS
2026-10-01T20:35:46Z,e7e3e3bfc3fd7fca7550ecf48cb78666,2026-10-03T20:00:00Z,New Mexico Lobos,UTEP Miners,betmgm,BetMGM,2026-10-01T20:35:29Z,2026-10-01T20:35:29Z,UTEP Miners,22.5,-108.0,2026,2026-10-01T20:35:46Z,1344,11.843249834156492,-7.720074412950458,22.063324247106948,807aa80048d80e577104f04f9dc527bcbdecbac1e0bd777c98286ecfff8aeba7,timestamped_live_quote,FBS vs FBS
2026-10-01T20:35:46Z,e7e3e3bfc3fd7fca7550ecf48cb78666,2026-10-03T20:00:00Z,New Mexico Lobos,UTEP Miners,betus,BetUS,2026-10-01T20:35:27Z,2026-10-01T20:35:27Z,New Mexico Lobos,-22.5,-110.0,2026,2026-10-01T20:35:46Z,1344,11.843249834156492,-7.720074412950458,22.063324247106948,807aa80048d80e577104f04f9dc527bcbdecbac1e0bd777c98286ecfff8aeba7,timestamped_live_quote,FBS vs FBS
2026-10-01T20:35:46Z,e7e3e3bfc3fd7fca7550ecf48cb78666,2026-10-03T20:00:00Z,New Mexico Lobos,UTEP Miners,betus,BetUS,2026-10-01T20:35:27Z,2026-10-01T20:35:27Z,UTEP Miners,22.5,-110.0,2026,2026-10-01T20:35:46Z,1344,11.843249834156492,-7.720074412950458,22.063324247106948,807aa80048d80e577104f04f9dc527bcbdecbac1e0bd777c98286ecfff8aeba7,timestamped_live_quote,FBS vs FBS
2026-10-01T20:35:46Z,e7e3e3bfc3fd7fca7550ecf48cb78666,2026-10-03T20:00:00Z,New Mexico Lobos,UTEP Miners,bovada,Bovada,2026-10-01T20:31:42Z,2026-10-01T20:31:42Z,New Mexico Lobos,-23.0,-105.0,2026,2026-10-01T20:35:46Z,1344,11.843249834156492,-7.720074412950458,22.063324247106948,807aa80048d80e577104f04f9dc527bcbdecbac1e0bd777c98286ecfff8aeba7,timestamped_live_quote,FBS vs FBS
2026-10-01T20:35:46Z,e7e3e3bfc3fd7fca7550ecf48cb78666,2026-10-03T20:00:00Z,New Mexico Lobos,UTEP Miners,bovada,Bovada,2026-10-01T20:31:42Z,2026-10-01T20:31:42Z,UTEP Miners,23.0,-115.0,2026,2026-10-01T20:35:46Z,1344,11.843249834156492,-7.720074412950458,22.063324247106948,807aa80048d80e577104f04f9dc527bcbdecbac1e0bd777c98286ecfff8aeba7,timestamped_live_quote,FBS vs FBS
2026-10-01T20:35:46Z,0cdf52fe0d6bfe0664b76a2102f8b605,2026-10-03T20:15:00Z,Illinois Fighting Illini,Purdue Boilermakers,fanduel,FanDuel,2026-10-01T20:35:29Z,2026-10-01T20:35:29Z,Illinois Fighting Illini,-10.5,-102.0,2026,2026-10-01T20:35:46Z,1344,6.627533793059267,-0.04015275897200191,9.167686552031268,807aa80048d80e577104f04f9dc527bcbdecbac1e0bd777c98286ecfff8aeba7,timestamped_live_quote,FBS vs FBS
2026-10-01T20:35:46Z,0cdf52fe0d6bfe0664b76a2102f8b605,2026-10-03T20:15:00Z,Illinois Fighting Illini,Purdue Boilermakers,fanduel,FanDuel,2026-10-01T20:35:29Z,2026-10-01T20:35:29Z,Purdue Boilermakers,10.5,-120.0,2026,2026-10-01T20:35:46Z,1344,6.627533793059267,-0.04015275897200191,9.167686552031268,807aa80048d80e577104f04f9dc527bcbdecbac1e0bd777c98286ecfff8aeba7,timestamped_live_quote,FBS vs FBS
2026-10-01T20:35:46Z,0cdf52fe0d6bfe0664b76a2102f8b605,2026-10-03T20:15:00Z,Illinois Fighting Illini,Purdue Boilermakers,draftkings,DraftKings,2026-10-01T20:35:46Z,2026-10-01T20:35:46Z,Illinois Fighting Illini,-10.0,-110.0,2026,2026-10-01T20:35:46Z,1344,6.627533793059267,-0.04015275897200191,9.167686552031268,807aa80048d80e577104f04f9dc527bcbdecbac1e0bd777c98286ecfff8aeba7,timestamped_live_quote,FBS vs FBS
2026-10-01T20:35:46Z,0cdf52fe0d6bfe0664b76a2102f8b605,2026-10-03T20:15:00Z,Illinois Fighting Illini,Purdue Boilermakers,draftkings,DraftKings,2026-10-01T20:35:46Z,2026-10-01T20:35:46Z,Purdue Boilermakers,10.0,-110.0,2026,2026-10-01T20:35:46Z,1344,6.627533793059267,-0.04015275897200191,9.167686552031268,807aa80048d80e577104f04f9dc527bcbdecbac1e0bd777c98286ecfff8aeba7,timestamped_live_quote,FBS vs FBS
2026-10-01T20:35:46Z,0cdf52fe0d6bfe0664b76a2102f8b605,2026-10-03T20:15:00Z,Illinois Fighting Illini,Purdue Boilermakers,betonlineag,BetOnline.ag,2026-10-01T20:35:44Z,2026-10-01T20:35:44Z,Illinois Fighting Illini,-10.0,-115.0,2026,2026-10-01T20:35:46Z,1344,6.627533793059267,-0.04015275897200191,9.167686552031268,807aa80048d80e577104f04f9dc527bcbdecbac1e0bd777c98286ecfff8aeba7,timestamped_live_quote,FBS vs FBS
2026-10-01T20:35:46Z,0cdf52fe0d6bfe0664b76a2102f8b605,2026-10-03T20:15:00Z,Illinois Fighting Illini,Purdue Boilermakers,betonlineag,BetOnline.ag,2026-10-01T20:35:44Z,2026-10-01T20:35:44Z,Purdue Boilermakers,10.0,-105.0,2026,2026-10-01T20:35:46Z,1344,6.627533793059267,-0.04015275897200191,9.167686552031268,807aa80048d80e577104f04f9dc527bcbdecbac1e0bd777c98286ecfff8aeba7,timestamped_live_quote,FBS vs FBS
2026-10-01T20:35:46Z,0cdf52fe0d6bfe0664b76a2102f8b605,2026-10-03T20:15:00Z,Illinois Fighting Illini,Purdue Boilermakers,lowvig,LowVig.ag,2026-10-01T20:34:27Z,2026-10-01T20:34:27Z,Illinois Fighting Illini,-10.0,-111.0,2026,2026-10-01T20:35:46Z,1344,6.627533793059267,-0.04015275897200191,9.167686552031268,807aa80048d80e577104f04f9dc527bcbdecbac1e0bd777c98286ecfff8aeba7,timestamped_live_quote,FBS vs FBS
2026-10-01T20:35:46Z,0cdf52fe0d6bfe0664b76a2102f8b605,2026-10-03T20:15:00Z,Illinois Fighting Illini,Purdue Boilermakers,lowvig,LowVig.ag,2026-10-01T20:34:27Z,2026-10-01T20:34:27Z,Purdue Boilermakers,10.0,-101.0,2026,2026-10-01T20:35:46Z,1344,6.627533793059267,-0.04015275897200191,9.167686552031268,807aa80048d80e577104f04f9dc527bcbdecbac1e0bd777c98286ecfff8aeba7,timestamped_live_quote,FBS vs FBS
2026-10-01T20:35:46Z,0cdf52fe0d6bfe0664b76a2102f8b605,2026-10-03T20:15:00Z,Illinois Fighting Illini,Purdue Boilermakers,mybookieag,MyBookie.ag,2026-10-01T20:34:30Z,2026-10-01T20:34:30Z,Illinois Fighting Illini,-10.0,-110.0,2026,2026-10-01T20:35:46Z,1344,6.627533793059267,-0.04015275897200191,9.167686552031268,807aa80048d80e577104f04f9dc527bcbdecbac1e0bd777c98286ecfff8aeba7,timestamped_live_quote,FBS vs FBS
2026-10-01T20:35:46Z,0cdf52fe0d6bfe0664b76a2102f8b605,2026-10-03T20:15:00Z,Illinois Fighting Illini,Purdue Boilermakers,mybookieag,MyBookie.ag,2026-10-01T20:34:30Z,2026-10-01T20:34:30Z,Purdue Boilermakers,10.0,-110.0,2026,2026-10-01T20:35:46Z,1344,6.627533793059267,-0.04015275897200191,9.167686552031268,807aa80048d80e577104f04f9dc527bcbdecbac1e0bd777c98286ecfff8aeba7,timestamped_live_quote,FBS vs FBS
2026-10-01T20:35:46Z,0cdf52fe0d6bfe0664b76a2102f8b605,2026-10-03T20:15:00Z,Illinois Fighting Illini,Purdue Boilermakers,betmgm,BetMGM,2026-10-01T20:35:29Z,2026-10-01T20:35:29Z,Illinois Fighting Illini,-9.5,-120.0,2026,2026-10-01T20:35:46Z,1344,6.627533793059267,-0.04015275897200191,9.167686552031268,807aa80048d80e577104f04f9dc527bcbdecbac1e0bd777c98286ecfff8aeba7,timestamped_live_quote,FBS vs FBS
2026-10-01T20:35:46Z,0cdf52fe0d6bfe0664b76a2102f8b605,2026-10-03T20:15:00Z,Illinois Fighting Illini,Purdue Boilermakers,betmgm,BetMGM,2026-10-01T20:35:29Z,2026-10-01T20:35:29Z,Purdue Boilermakers,9.5,-110.0,2026,2026-10-01T20:35:46Z,1344,6.627533793059267,-0.04015275897200191,9.167686552031268,807aa80048d80e577104f04f9dc527bcbdecbac1e0bd777c98286ecfff8aeba7,timestamped_live_quote,FBS vs FBS
2026-10-01T20:35:46Z,0cdf52fe0d6bfe0664b76a2102f8b605,2026-10-03T20:15:00Z,Illinois Fighting Illini,Purdue Boilermakers,betus,BetUS,2026-10-01T20:35:27Z,2026-10-01T20:35:27Z,Illinois Fighting Illini,-10.0,-110.0,2026,2026-10-01T20:35:46Z,1344,6.627533793059267,-0.04015275897200191,9.167686552031268,807aa80048d80e577104f04f9dc527bcbdecbac1e0bd777c98286ecfff8aeba7,timestamped_live_quote,FBS vs FBS
2026-10-01T20:35:46Z,0cdf52fe0d6bfe0664b76a2102f8b605,2026-10-03T20:15:00Z,Illinois Fighting Illini,Purdue Boilermakers,betus,BetUS,2026-10-01T20:35:27Z,2026-10-01T20:35:27Z,Purdue Boilermakers,10.0,-110.0,2026,2026-10-01T20:35:46Z,1344,6.627533793059267,-0.04015275897200191,9.167686552031268,807aa80048d80e577104f04f9dc527bcbdecbac1e0bd777c98286ecfff8aeba7,timestamped_live_quote,FBS vs FBS
2026-10-01T20:35:46Z,0cdf52fe0d6bfe0664b76a2102f8b605,2026-10-03T20:15:00Z,Illinois Fighting Illini,Purdue Boilermakers,bovada,Bovada,2026-10-01T20:31:42Z,2026-10-01T20:31:42Z,Illinois Fighting Illini,-10.0,-105.0,2026,2026-10-01T20:35:46Z,1344,6.627533793059267,-0.04015275897200191,9.167686552031268,807aa80048d80e577104f04f9dc527bcbdecbac1e0bd777c98286ecfff8aeba7,timestamped_live_quote,FBS vs FBS
2026-10-01T20:35:46Z,0cdf52fe0d6bfe0664b76a2102f8b605,2026-10-03T20:15:00Z,Illinois Fighting Illini,Purdue Boilermakers,bovada,Bovada,2026-10-01T20:31:42Z,2026-10-01T20:31:42Z,Purdue Boilermakers,10.0,-115.0,2026,2026-10-01T20:35:46Z,1344,6.627533793059267,-0.04015275897200191,9.167686552031268,807aa80048d80e577104f04f9dc527bcbdecbac1e0bd777c98286ecfff8aeba7,timestamped_live_quote,FBS vs FBS
2026-10-01T20:35:46Z,59abc1d6262d2ea6a72c4daad4c83af2,2026-10-03T20:15:00Z,South Carolina Gamecocks,Kentucky Wildcats,draftkings,DraftKings,2026-10-01T20:35:46Z,2026-10-01T20:35:46Z,Kentucky Wildcats,3.0,-105.0,2026,2026-10-01T20:35:46Z,1344,7.54694231566085,8.156413544188013,1.8905287714728374,807aa80048d80e577104f04f9dc527bcbdecbac1e0bd777c98286ecfff8aeba7,timestamped_live_quote,FBS vs FBS
2026-10-01T20:35:46Z,59abc1d6262d2ea6a72c4daad4c83af2,2026-10-03T20:15:00Z,South Carolina Gamecocks,Kentucky Wildcats,draftkings,DraftKings,2026-10-01T20:35:46Z,2026-10-01T20:35:46Z,South Carolina Gamecocks,-3.0,-115.0,2026,2026-10-01T20:35:46Z,1344,7.54694231566085,8.156413544188013,1.8905287714728374,807aa80048d80e577104f04f9dc527bcbdecbac1e0bd777c98286ecfff8aeba7,timestamped_live_quote,FBS vs FBS
2026-10-01T20:35:46Z,59abc1d6262d2ea6a72c4daad4c83af2,2026-10-03T20:15:00Z,South Carolina Gamecocks,Kentucky Wildcats,fanduel,FanDuel,2026-10-01T20:35:29Z,2026-10-01T20:35:29Z,Kentucky Wildcats,3.5,-120.0,2026,2026-10-01T20:35:46Z,1344,7.54694231566085,8.156413544188013,1.8905287714728374,807aa80048d80e577104f04f9dc527bcbdecbac1e0bd777c98286ecfff8aeba7,timestamped_live_quote,FBS vs FBS
2026-10-01T20:35:46Z,59abc1d6262d2ea6a72c4daad4c83af2,2026-10-03T20:15:00Z,South Carolina Gamecocks,Kentucky Wildcats,fanduel,FanDuel,2026-10-01T20:35:29Z,2026-10-01T20:35:29Z,South Carolina Gamecocks,-3.5,-102.0,2026,2026-10-01T20:35:46Z,1344,7.54694231566085,8.156413544188013,1.8905287714728374,807aa80048d80e577104f04f9dc527bcbdecbac1e0bd777c98286ecfff8aeba7,timestamped_live_quote,FBS vs FBS
2026-10-01T20:35:46Z,59abc1d6262d2ea6a72c4daad4c83af2,2026-10-03T20:15:00Z,South Carolina Gamecocks,Kentucky Wildcats,betonlineag,BetOnline.ag,2026-10-01T20:35:44Z,2026-10-01T20:35:44Z,Kentucky Wildcats,3.0,-105.0,2026,2026-10-01T20:35:46Z,1344,7.54694231566085,8.156413544188013,1.8905287714728374,807aa80048d80e577104f04f9dc527bcbdecbac1e0bd777c98286ecfff8aeba7,timestamped_live_quote,FBS vs FBS
2026-10-01T20:35:46Z,59abc1d6262d2ea6a72c4daad4c83af2,2026-10-03T20:15:00Z,South Carolina Gamecocks,Kentucky Wildcats,betonlineag,BetOnline.ag,2026-10-01T20:35:44Z,2026-10-01T20:35:44Z,South Carolina Gamecocks,-3.0,-115.0,2026,2026-10-01T20:35:46Z,1344,7.54694231566085,8.156413544188013,1.8905287714728374,807aa80048d80e577104f04f9dc527bcbdecbac1e0bd777c98286ecfff8aeba7,timestamped_live_quote,FBS vs FBS
2026-10-01T20:35:46Z,59abc1d6262d2ea6a72c4daad4c83af2,2026-10-03T20:15:00Z,South Carolina Gamecocks,Kentucky Wildcats,lowvig,LowVig.ag,2026-10-01T20:34:27Z,2026-10-01T20:34:27Z,Kentucky Wildcats,3.0,-101.0,2026,2026-10-01T20:35:46Z,1344,7.54694231566085,8.156413544188013,1.8905287714728374,807aa80048d80e577104f04f9dc527bcbdecbac1e0bd777c98286ecfff8aeba7,timestamped_live_quote,FBS vs FBS
2026-10-01T20:35:46Z,59abc1d6262d2ea6a72c4daad4c83af2,2026-10-03T20:15:00Z,South Carolina Gamecocks,Kentucky Wildcats,lowvig,LowVig.ag,2026-10-01T20:34:27Z,2026-10-01T20:34:27Z,South Carolina Gamecocks,-3.0,-111.0,2026,2026-10-01T20:35:46Z,1344,7.54694231566085,8.156413544188013,1.8905287714728374,807aa80048d80e577104f04f9dc527bcbdecbac1e0bd777c98286ecfff8aeba7,timestamped_live_quote,FBS vs FBS
2026-10-01T20:35:46Z,59abc1d6262d2ea6a72c4daad4c83af2,2026-10-03T20:15:00Z,South Carolina Gamecocks,Kentucky Wildcats,mybookieag,MyBookie.ag,2026-10-01T20:34:30Z,2026-10-01T20:34:30Z,Kentucky Wildcats,3.0,-110.0,2026,2026-10-01T20:35:46Z,1344,7.54694231566085,8.156413544188013,1.8905287714728374,807aa80048d80e577104f04f9dc527bcbdecbac1e0bd777c98286ecfff8aeba7,timestamped_live_quote,FBS vs FBS
2026-10-01T20:35:46Z,59abc1d6262d2ea6a72c4daad4c83af2,2026-10-03T20:15:00Z,South Carolina Gamecocks,Kentucky Wildcats,mybookieag,MyBookie.ag,2026-10-01T20:34:30Z,2026-10-01T20:34:30Z,South Carolina Gamecocks,-3.0,-110.0,2026,2026-10-01T20:35:46Z,1344,7.54694231566085,8.156413544188013,1.8905287714728374,807aa80048d80e577104f04f9dc527bcbdecbac1e0bd777c98286ecfff8aeba7,timestamped_live_quote,FBS vs FBS
2026-10-01T20:35:46Z,59abc1d6262d2ea6a72c4daad4c83af2,2026-10-03T20:15:00Z,South Carolina Gamecocks,Kentucky Wildcats,betmgm,BetMGM,2026-10-01T20:35:29Z,2026-10-01T20:35:29Z,Kentucky Wildcats,3.0,-102.0,2026,2026-10-01T20:35:46Z,1344,7.54694231566085,8.156413544188013,1.8905287714728374,807aa80048d80e577104f04f9dc527bcbdecbac1e0bd777c98286ecfff8aeba7,timestamped_live_quote,FBS vs FBS
2026-10-01T20:35:46Z,59abc1d6262d2ea6a72c4daad4c83af2,2026-10-03T20:15:00Z,South Carolina Gamecocks,Kentucky Wildcats,betmgm,BetMGM,2026-10-01T20:35:29Z,2026-10-01T20:35:29Z,South Carolina Gamecocks,-3.0,-118.0,2026,2026-10-01T20:35:46Z,1344,7.54694231566085,8.156413544188013,1.8905287714728374,807aa80048d80e577104f04f9dc527bcbdecbac1e0bd777c98286ecfff8aeba7,timestamped_live_quote,FBS vs FBS
2026-10-01T20:35:46Z,59abc1d6262d2ea6a72c4daad4c83af2,2026-10-03T20:15:00Z,South Carolina Gamecocks,Kentucky Wildcats,betus,BetUS,2026-10-01T20:35:27Z,2026-10-01T20:35:27Z,Kentucky Wildcats,3.0,-105.0,2026,2026-10-01T20:35:46Z,1344,7.54694231566085,8.156413544188013,1.8905287714728374,807aa80048d80e577104f04f9dc527bcbdecbac1e0bd777c98286ecfff8aeba7,timestamped_live_quote,FBS vs FBS
2026-10-01T20:35:46Z,59abc1d6262d2ea6a72c4daad4c83af2,2026-10-03T20:15:00Z,South Carolina Gamecocks,Kentucky Wildcats,betus,BetUS,2026-10-01T20:35:27Z,2026-10-01T20:35:27Z,South Carolina Gamecocks,-3.0,-115.0,2026,2026-10-01T20:35:46Z,1344,7.54694231566085,8.156413544188013,1.8905287714728374,807aa80048d80e577104f04f9dc527bcbdecbac1e0bd777c98286ecfff8aeba7,timestamped_live_quote,FBS vs FBS
2026-10-01T20:35:46Z,59abc1d6262d2ea6a72c4daad4c83af2,2026-10-03T20:15:00Z,South Carolina Gamecocks,Kentucky Wildcats,bovada,Bovada,2026-10-01T20:31:42Z,2026-10-01T20:31:42Z,Kentucky Wildcats,3.0,100.0,2026,2026-10-01T20:35:46Z,1344,7.54694231566085,8.156413544188013,1.8905287714728374,807aa80048d80e577104f04f9dc527bcbdecbac1e0bd777c98286ecfff8aeba7,timestamped_live_quote,FBS vs FBS
2026-10-01T20:35:46Z,59abc1d6262d2ea6a72c4daad4c83af2,2026-10-03T20:15:00Z,South Carolina Gamecocks,Kentucky Wildcats,bovada,Bovada,2026-10-01T20:31:42Z,2026-10-01T20:31:42Z,South Carolina Gamecocks,-3.0,-120.0,2026,2026-10-01T20:35:46Z,1344,7.54694231566085,8.156413544188013,1.8905287714728374,807aa80048d80e577104f04f9dc527bcbdecbac1e0bd777c98286ecfff8aeba7,timestamped_live_quote,FBS vs FBS
2026-10-01T20:35:46Z,b30387175520051e2889230030365494,2026-10-03T22:00:00Z,Colorado State Rams,Oregon State Beavers,fanduel,FanDuel,2026-10-01T20:35:29Z,2026-10-01T20:35:29Z,Colorado State Rams,6.5,-105.0,2026,2026-10-01T20:35:46Z,1344,3.9067644541685986,7.353236520476858,-0.9464720663082593,807aa80048d80e577104f04f9dc527bcbdecbac1e0bd777c98286ecfff8aeba7,timestamped_live_quote,FBS vs FBS
2026-10-01T20:35:46Z,b30387175520051e2889230030365494,2026-10-03T22:00:00Z,Colorado State Rams,Oregon State Beavers,fanduel,FanDuel,2026-10-01T20:35:29Z,2026-10-01T20:35:29Z,Oregon State Beavers,-6.5,-115.0,2026,2026-10-01T20:35:46Z,1344,3.9067644541685986,7.353236520476858,-0.9464720663082593,807aa80048d80e577104f04f9dc527bcbdecbac1e0bd777c98286ecfff8aeba7,timestamped_live_quote,FBS vs FBS
2026-10-01T20:35:46Z,b30387175520051e2889230030365494,2026-10-03T22:00:00Z,Colorado State Rams,Oregon State Beavers,betonlineag,BetOnline.ag,2026-10-01T20:35:44Z,2026-10-01T20:35:44Z,Colorado State Rams,6.5,-110.0,2026,2026-10-01T20:35:46Z,1344,3.9067644541685986,7.353236520476858,-0.9464720663082593,807aa80048d80e577104f04f9dc527bcbdecbac1e0bd777c98286ecfff8aeba7,timestamped_live_quote,FBS vs FBS
2026-10-01T20:35:46Z,b30387175520051e2889230030365494,2026-10-03T22:00:00Z,Colorado State Rams,Oregon State Beavers,betonlineag,BetOnline.ag,2026-10-01T20:35:44Z,2026-10-01T20:35:44Z,Oregon State Beavers,-6.5,-110.0,2026,2026-10-01T20:35:46Z,1344,3.9067644541685986,7.353236520476858,-0.9464720663082593,807aa80048d80e577104f04f9dc527bcbdecbac1e0bd777c98286ecfff8aeba7,timestamped_live_quote,FBS vs FBS
2026-10-01T20:35:46Z,b30387175520051e2889230030365494,2026-10-03T22:00:00Z,Colorado State Rams,Oregon State Beavers,lowvig,LowVig.ag,2026-10-01T20:34:27Z,2026-10-01T20:34:27Z,Colorado State Rams,6.5,-106.0,2026,2026-10-01T20:35:46Z,1344,3.9067644541685986,7.353236520476858,-0.9464720663082593,807aa80048d80e577104f04f9dc527bcbdecbac1e0bd777c98286ecfff8aeba7,timestamped_live_quote,FBS vs FBS
2026-10-01T20:35:46Z,b30387175520051e2889230030365494,2026-10-03T22:00:00Z,Colorado State Rams,Oregon State Beavers,lowvig,LowVig.ag,2026-10-01T20:34:27Z,2026-10-01T20:34:27Z,Oregon State Beavers,-6.5,-106.0,2026,2026-10-01T20:35:46Z,1344,3.9067644541685986,7.353236520476858,-0.9464720663082593,807aa80048d80e577104f04f9dc527bcbdecbac1e0bd777c98286ecfff8aeba7,timestamped_live_quote,FBS vs FBS
2026-10-01T20:35:46Z,b30387175520051e2889230030365494,2026-10-03T22:00:00Z,Colorado State Rams,Oregon State Beavers,draftkings,DraftKings,2026-10-01T20:35:46Z,2026-10-01T20:35:46Z,Colorado State Rams,6.5,-108.0,2026,2026-10-01T20:35:46Z,1344,3.9067644541685986,7.353236520476858,-0.9464720663082593,807aa80048d80e577104f04f9dc527bcbdecbac1e0bd777c98286ecfff8aeba7,timestamped_live_quote,FBS vs FBS
2026-10-01T20:35:46Z,b30387175520051e2889230030365494,2026-10-03T22:00:00Z,Colorado State Rams,Oregon State Beavers,draftkings,DraftKings,2026-10-01T20:35:46Z,2026-10-01T20:35:46Z,Oregon State Beavers,-6.5,-112.0,2026,2026-10-01T20:35:46Z,1344,3.9067644541685986,7.353236520476858,-0.9464720663082593,807aa80048d80e577104f04f9dc527bcbdecbac1e0bd777c98286ecfff8aeba7,timestamped_live_quote,FBS vs FBS
2026-10-01T20:35:46Z,b30387175520051e2889230030365494,2026-10-03T22:00:00Z,Colorado State Rams,Oregon State Beavers,mybookieag,MyBookie.ag,2026-10-01T20:34:30Z,2026-10-01T20:34:30Z,Colorado State Rams,6.5,-110.0,2026,2026-10-01T20:35:46Z,1344,3.9067644541685986,7.353236520476858,-0.9464720663082593,807aa80048d80e577104f04f9dc527bcbdecbac1e0bd777c98286ecfff8aeba7,timestamped_live_quote,FBS vs FBS
2026-10-01T20:35:46Z,b30387175520051e2889230030365494,2026-10-03T22:00:00Z,Colorado State Rams,Oregon State Beavers,mybookieag,MyBookie.ag,2026-10-01T20:34:30Z,2026-10-01T20:34:30Z,Oregon State Beavers,-6.5,-110.0,2026,2026-10-01T20:35:46Z,1344,3.9067644541685986,7.353236520476858,-0.9464720663082593,807aa80048d80e577104f04f9dc527bcbdecbac1e0bd777c98286ecfff8aeba7,timestamped_live_quote,FBS vs FBS
2026-10-01T20:35:46Z,b30387175520051e2889230030365494,2026-10-03T22:00:00Z,Colorado State Rams,Oregon State Beavers,betmgm,BetMGM,2026-10-01T20:35:29Z,2026-10-01T20:35:29Z,Colorado State Rams,6.5,-110.0,2026,2026-10-01T20:35:46Z,1344,3.9067644541685986,7.353236520476858,-0.9464720663082593,807aa80048d80e577104f04f9dc527bcbdecbac1e0bd777c98286ecfff8aeba7,timestamped_live_quote,FBS vs FBS
2026-10-01T20:35:46Z,b30387175520051e2889230030365494,2026-10-03T22:00:00Z,Colorado State Rams,Oregon State Beavers,betmgm,BetMGM,2026-10-01T20:35:29Z,2026-10-01T20:35:29Z,Oregon State Beavers,-6.5,-108.0,2026,2026-10-01T20:35:46Z,1344,3.9067644541685986,7.353236520476858,-0.9464720663082593,807aa80048d80e577104f04f9dc527bcbdecbac1e0bd777c98286ecfff8aeba7,timestamped_live_quote,FBS vs FBS
2026-10-01T20:35:46Z,b30387175520051e2889230030365494,2026-10-03T22:00:00Z,Colorado State Rams,Oregon State Beavers,betus,BetUS,2026-10-01T20:35:27Z,2026-10-01T20:35:27Z,Colorado State Rams,6.5,-110.0,2026,2026-10-01T20:35:46Z,1344,3.9067644541685986,7.353236520476858,-0.9464720663082593,807aa80048d80e577104f04f9dc527bcbdecbac1e0bd777c98286ecfff8aeba7,timestamped_live_quote,FBS vs FBS
2026-10-01T20:35:46Z,b30387175520051e2889230030365494,2026-10-03T22:00:00Z,Colorado State Rams,Oregon State Beavers,betus,BetUS,2026-10-01T20:35:27Z,2026-10-01T20:35:27Z,Oregon State Beavers,-6.5,-110.0,2026,2026-10-01T20:35:46Z,1344,3.9067644541685986,7.353236520476858,-0.9464720663082593,807aa80048d80e577104f04f9dc527bcbdecbac1e0bd777c98286ecfff8aeba7,timestamped_live_quote,FBS vs FBS
2026-10-01T20:35:46Z,b30387175520051e2889230030365494,2026-10-03T22:00:00Z,Colorado State Rams,Oregon State Beavers,bovada,Bovada,2026-10-01T20:31:42Z,2026-10-01T20:31:42Z,Colorado State Rams,6.5,-110.0,2026,2026-10-01T20:35:46Z,1344,3.9067644541685986,7.353236520476858,-0.9464720663082593,807aa80048d80e577104f04f9dc527bcbdecbac1e0bd777c98286ecfff8aeba7,timestamped_live_quote,FBS vs FBS
2026-10-01T20:35:46Z,b30387175520051e2889230030365494,2026-10-03T22:00:00Z,Colorado State Rams,Oregon State Beavers,bovada,Bovada,2026-10-01T20:31:42Z,2026-10-01T20:31:42Z,Oregon State Beavers,-6.5,-110.0,2026,2026-10-01T20:35:46Z,1344,3.9067644541685986,7.353236520476858,-0.9464720663082593,807aa80048d80e577104f04f9dc527bcbdecbac1e0bd777c98286ecfff8aeba7,timestamped_live_quote,FBS vs FBS
2026-10-01T20:35:46Z,b3c132063b4d14cf750801c633237b9e,2026-10-03T22:00:00Z,Florida Atlantic Owls,Texas Southern Tigers,fanduel,FanDuel,2026-10-01T20:35:29Z,2026-10-01T20:35:29Z,Florida Atlantic Owls,-44.5,-108.0,2026,2026-10-01T20:35:46Z,1344,0.7259205376076817,-10.720126063124745,13.946046600732426,807aa80048d80e577104f04f9dc527bcbdecbac1e0bd777c98286ecfff8aeba7,timestamped_live_quote,FBS vs FBS
2026-10-01T20:35:46Z,b3c132063b4d14cf750801c633237b9e,2026-10-03T22:00:00Z,Florida Atlantic Owls,Texas Southern Tigers,fanduel,FanDuel,2026-10-01T20:35:29Z,2026-10-01T20:35:29Z,Texas Southern Tigers,44.5,-112.0,2026,2026-10-01T20:35:46Z,1344,0.7259205376076817,-10.720126063124745,13.946046600732426,807aa80048d80e577104f04f9dc527bcbdecbac1e0bd777c98286ecfff8aeba7,timestamped_live_quote,FBS vs FBS
2026-10-01T20:35:46Z,b3c132063b4d14cf750801c633237b9e,2026-10-03T22:00:00Z,Florida Atlantic Owls,Texas Southern Tigers,draftkings,DraftKings,2026-10-01T20:35:46Z,2026-10-01T20:35:46Z,Florida Atlantic Owls,-43.5,-115.0,2026,2026-10-01T20:35:46Z,1344,0.7259205376076817,-10.720126063124745,13.946046600732426,807aa80048d80e577104f04f9dc527bcbdecbac1e0bd777c98286ecfff8aeba7,timestamped_live_quote,FBS vs FBS
2026-10-01T20:35:46Z,b3c132063b4d14cf750801c633237b9e,2026-10-03T22:00:00Z,Florida Atlantic Owls,Texas Southern Tigers,draftkings,DraftKings,2026-10-01T20:35:46Z,2026-10-01T20:35:46Z,Texas Southern Tigers,43.5,-105.0,2026,2026-10-01T20:35:46Z,1344,0.7259205376076817,-10.720126063124745,13.946046600732426,807aa80048d80e577104f04f9dc527bcbdecbac1e0bd777c98286ecfff8aeba7,timestamped_live_quote,FBS vs FBS
2026-10-01T20:35:46Z,b3c132063b4d14cf750801c633237b9e,2026-10-03T22:00:00Z,Florida Atlantic Owls,Texas Southern Tigers,lowvig,LowVig.ag,2026-10-01T20:34:27Z,2026-10-01T20:34:27Z,Florida Atlantic Owls,-44.0,-115.0,2026,2026-10-01T20:35:46Z,1344,0.7259205376076817,-10.720126063124745,13.946046600732426,807aa80048d80e577104f04f9dc527bcbdecbac1e0bd777c98286ecfff8aeba7,timestamped_live_quote,FBS vs FBS
2026-10-01T20:35:46Z,b3c132063b4d14cf750801c633237b9e,2026-10-03T22:00:00Z,Florida Atlantic Owls,Texas Southern Tigers,lowvig,LowVig.ag,2026-10-01T20:34:27Z,2026-10-01T20:34:27Z,Texas Southern Tigers,44.0,-115.0,2026,2026-10-01T20:35:46Z,1344,0.7259205376076817,-10.720126063124745,13.946046600732426,807aa80048d80e577104f04f9dc527bcbdecbac1e0bd777c98286ecfff8aeba7,timestamped_live_quote,FBS vs FBS
2026-10-01T20:35:46Z,b3c132063b4d14cf750801c633237b9e,2026-10-03T22:00:00Z,Florida Atlantic Owls,Texas Southern Tigers,betonlineag,BetOnline.ag,2026-10-01T20:35:44Z,2026-10-01T20:35:44Z,Florida Atlantic Owls,-44.0,-115.0,2026,2026-10-01T20:35:46Z,1344,0.7259205376076817,-10.720126063124745,13.946046600732426,807aa80048d80e577104f04f9dc527bcbdecbac1e0bd777c98286ecfff8aeba7,timestamped_live_quote,FBS vs FBS
2026-10-01T20:35:46Z,b3c132063b4d14cf750801c633237b9e,2026-10-03T22:00:00Z,Florida Atlantic Owls,Texas Southern Tigers,betonlineag,BetOnline.ag,2026-10-01T20:35:44Z,2026-10-01T20:35:44Z,Texas Southern Tigers,44.0,-115.0,2026,2026-10-01T20:35:46Z,1344,0.7259205376076817,-10.720126063124745,13.946046600732426,807aa80048d80e577104f04f9dc527bcbdecbac1e0bd777c98286ecfff8aeba7,timestamped_live_quote,FBS vs FBS
2026-10-01T20:35:46Z,ff98b80b07e2f42c76c2c255e6611247,2026-10-03T23:00:00Z,Texas A&M Aggies,Arkansas Razorbacks,fanduel,FanDuel,2026-10-01T20:35:29Z,2026-10-01T20:35:29Z,Arkansas Razorbacks,13.5,100.0,2026,2026-10-01T20:35:46Z,1344,7.449359004666151,2.7018472792385064,7.247511725427644,807aa80048d80e577104f04f9dc527bcbdecbac1e0bd777c98286ecfff8aeba7,timestamped_live_quote,FBS vs FBS
2026-10-01T20:35:46Z,ff98b80b07e2f42c76c2c255e6611247,2026-10-03T23:00:00Z,Texas A&M Aggies,Arkansas Razorbacks,fanduel,FanDuel,2026-10-01T20:35:29Z,2026-10-01T20:35:29Z,Texas A&M Aggies,-13.5,-122.0,2026,2026-10-01T20:35:46Z,1344,7.449359004666151,2.7018472792385064,7.247511725427644,807aa80048d80e577104f04f9dc527bcbdecbac1e0bd777c98286ecfff8aeba7,timestamped_live_quote,FBS vs FBS
2026-10-01T20:35:46Z,ff98b80b07e2f42c76c2c255e6611247,2026-10-03T23:00:00Z,Texas A&M Aggies,Arkansas Razorbacks,betonlineag,BetOnline.ag,2026-10-01T20:35:44Z,2026-10-01T20:35:44Z,Arkansas Razorbacks,14.0,-115.0,2026,2026-10-01T20:35:46Z,1344,7.449359004666151,2.7018472792385064,7.247511725427644,807aa80048d80e577104f04f9dc527bcbdecbac1e0bd777c98286ecfff8aeba7,timestamped_live_quote,FBS vs FBS
2026-10-01T20:35:46Z,ff98b80b07e2f42c76c2c255e6611247,2026-10-03T23:00:00Z,Texas A&M Aggies,Arkansas Razorbacks,betonlineag,BetOnline.ag,2026-10-01T20:35:44Z,2026-10-01T20:35:44Z,Texas A&M Aggies,-14.0,-105.0,2026,2026-10-01T20:35:46Z,1344,7.449359004666151,2.7018472792385064,7.247511725427644,807aa80048d80e577104f04f9dc527bcbdecbac1e0bd777c98286ecfff8aeba7,timestamped_live_quote,FBS vs FBS
2026-10-01T20:35:46Z,ff98b80b07e2f42c76c2c255e6611247,2026-10-03T23:00:00Z,Texas A&M Aggies,Arkansas Razorbacks,lowvig,LowVig.ag,2026-10-01T20:34:27Z,2026-10-01T20:34:27Z,Arkansas Razorbacks,14.0,-111.0,2026,2026-10-01T20:35:46Z,1344,7.449359004666151,2.7018472792385064,7.247511725427644,807aa80048d80e577104f04f9dc527bcbdecbac1e0bd777c98286ecfff8aeba7,timestamped_live_quote,FBS vs FBS
2026-10-01T20:35:46Z,ff98b80b07e2f42c76c2c255e6611247,2026-10-03T23:00:00Z,Texas A&M Aggies,Arkansas Razorbacks,lowvig,LowVig.ag,2026-10-01T20:34:27Z,2026-10-01T20:34:27Z,Texas A&M Aggies,-14.0,-101.0,2026,2026-10-01T20:35:46Z,1344,7.449359004666151,2.7018472792385064,7.247511725427644,807aa80048d80e577104f04f9dc527bcbdecbac1e0bd777c98286ecfff8aeba7,timestamped_live_quote,FBS vs FBS
2026-10-01T20:35:46Z,ff98b80b07e2f42c76c2c255e6611247,2026-10-03T23:00:00Z,Texas A&M Aggies,Arkansas Razorbacks,draftkings,DraftKings,2026-10-01T20:35:46Z,2026-10-01T20:35:46Z,Arkansas Razorbacks,14.0,-112.0,2026,2026-10-01T20:35:46Z,1344,7.449359004666151,2.7018472792385064,7.247511725427644,807aa80048d80e577104f04f9dc527bcbdecbac1e0bd777c98286ecfff8aeba7,timestamped_live_quote,FBS vs FBS
2026-10-01T20:35:46Z,ff98b80b07e2f42c76c2c255e6611247,2026-10-03T23:00:00Z,Texas A&M Aggies,Arkansas Razorbacks,draftkings,DraftKings,2026-10-01T20:35:46Z,2026-10-01T20:35:46Z,Texas A&M Aggies,-14.0,-108.0,2026,2026-10-01T20:35:46Z,1344,7.449359004666151,2.7018472792385064,7.247511725427644,807aa80048d80e577104f04f9dc527bcbdecbac1e0bd777c98286ecfff8aeba7,timestamped_live_quote,FBS vs FBS
2026-10-01T20:35:46Z,ff98b80b07e2f42c76c2c255e6611247,2026-10-03T23:00:00Z,Texas A&M Aggies,Arkansas Razorbacks,mybookieag,MyBookie.ag,2026-10-01T20:34:30Z,2026-10-01T20:34:30Z,Arkansas Razorbacks,14.0,-110.0,2026,2026-10-01T20:35:46Z,1344,7.449359004666151,2.7018472792385064,7.247511725427644,807aa80048d80e577104f04f9dc527bcbdecbac1e0bd777c98286ecfff8aeba7,timestamped_live_quote,FBS vs FBS
2026-10-01T20:35:46Z,ff98b80b07e2f42c76c2c255e6611247,2026-10-03T23:00:00Z,Texas A&M Aggies,Arkansas Razorbacks,mybookieag,MyBookie.ag,2026-10-01T20:34:30Z,2026-10-01T20:34:30Z,Texas A&M Aggies,-14.0,-110.0,2026,2026-10-01T20:35:46Z,1344,7.449359004666151,2.7018472792385064,7.247511725427644,807aa80048d80e577104f04f9dc527bcbdecbac1e0bd777c98286ecfff8aeba7,timestamped_live_quote,FBS vs FBS
2026-10-01T20:35:46Z,ff98b80b07e2f42c76c2c255e6611247,2026-10-03T23:00:00Z,Texas A&M Aggies,Arkansas Razorbacks,betus,BetUS,2026-10-01T20:35:27Z,2026-10-01T20:35:27Z,Arkansas Razorbacks,14.0,-115.0,2026,2026-10-01T20:35:46Z,1344,7.449359004666151,2.7018472792385064,7.247511725427644,807aa80048d80e577104f04f9dc527bcbdecbac1e0bd777c98286ecfff8aeba7,timestamped_live_quote,FBS vs FBS
2026-10-01T20:35:46Z,ff98b80b07e2f42c76c2c255e6611247,2026-10-03T23:00:00Z,Texas A&M Aggies,Arkansas Razorbacks,betus,BetUS,2026-10-01T20:35:27Z,2026-10-01T20:35:27Z,Texas A&M Aggies,-14.0,-105.0,2026,2026-10-01T20:35:46Z,1344,7.449359004666151,2.7018472792385064,7.247511725427644,807aa80048d80e577104f04f9dc527bcbdecbac1e0bd777c98286ecfff8aeba7,timestamped_live_quote,FBS vs FBS
2026-10-01T20:35:46Z,ff98b80b07e2f42c76c2c255e6611247,2026-10-03T23:00:00Z,Texas A&M Aggies,Arkansas Razorbacks,betmgm,BetMGM,2026-10-01T20:35:29Z,2026-10-01T20:35:29Z,Arkansas Razorbacks,14.0,-112.0,2026,2026-10-01T20:35:46Z,1344,7.449359004666151,2.7018472792385064,7.247511725427644,807aa80048d80e577104f04f9dc527bcbdecbac1e0bd777c98286ecfff8aeba7,timestamped_live_quote,FBS vs FBS
2026-10-01T20:35:46Z,ff98b80b07e2f42c76c2c255e6611247,2026-10-03T23:00:00Z,Texas A&M Aggies,Arkansas Razorbacks,betmgm,BetMGM,2026-10-01T20:35:29Z,2026-10-01T20:35:29Z,Texas A&M Aggies,-14.0,-105.0,2026,2026-10-01T20:35:46Z,1344,7.449359004666151,2.7018472792385064,7.247511725427644,807aa80048d80e577104f04f9dc527bcbdecbac1e0bd777c98286ecfff8aeba7,timestamped_live_quote,FBS vs FBS
2026-10-01T20:35:46Z,ff98b80b07e2f42c76c2c255e6611247,2026-10-03T23:00:00Z,Texas A&M Aggies,Arkansas Razorbacks,bovada,Bovada,2026-10-01T20:31:42Z,2026-10-01T20:31:42Z,Arkansas Razorbacks,14.0,-115.0,2026,2026-10-01T20:35:46Z,1344,7.449359004666151,2.7018472792385064,7.247511725427644,807aa80048d80e577104f04f9dc527bcbdecbac1e0bd777c98286ecfff8aeba7,timestamped_live_quote,FBS vs FBS
2026-10-01T20:35:46Z,ff98b80b07e2f42c76c2c255e6611247,2026-10-03T23:00:00Z,Texas A&M Aggies,Arkansas Razorbacks,bovada,Bovada,2026-10-01T20:31:42Z,2026-10-01T20:31:42Z,Texas A&M Aggies,-14.0,-105.0,2026,2026-10-01T20:35:46Z,1344,7.449359004666151,2.7018472792385064,7.247511725427644,807aa80048d80e577104f04f9dc527bcbdecbac1e0bd777c98286ecfff8aeba7,timestamped_live_quote,FBS vs FBS
2026-10-01T20:35:46Z,b58c0d24e66471e6095c0a5f9afb7ce3,2026-10-03T23:00:00Z,TCU Horned Frogs,BYU Cougars,draftkings,DraftKings,2026-10-01T20:35:46Z,2026-10-01T20:35:46Z,BYU Cougars,-6.5,-108.0,2026,2026-10-01T20:35:46Z,1344,10.448063862908038,11.107333717418527,1.8407301454895109,807aa80048d80e577104f04f9dc527bcbdecbac1e0bd777c98286ecfff8aeba7,timestamped_live_quote,FBS vs FBS
2026-10-01T20:35:46Z,b58c0d24e66471e6095c0a5f9afb7ce3,2026-10-03T23:00:00Z,TCU Horned Frogs,BYU Cougars,draftkings,DraftKings,2026-10-01T20:35:46Z,2026-10-01T20:35:46Z,TCU Horned Frogs,6.5,-112.0,2026,2026-10-01T20:35:46Z,1344,10.448063862908038,11.107333717418527,1.8407301454895109,807aa80048d80e577104f04f9dc527bcbdecbac1e0bd777c98286ecfff8aeba7,timestamped_live_quote,FBS vs FBS
2026-10-01T20:35:46Z,b58c0d24e66471e6095c0a5f9afb7ce3,2026-10-03T23:00:00Z,TCU Horned Frogs,BYU Cougars,fanduel,FanDuel,2026-10-01T20:35:29Z,2026-10-01T20:35:29Z,BYU Cougars,-5.5,-118.0,2026,2026-10-01T20:35:46Z,1344,10.448063862908038,11.107333717418527,1.8407301454895109,807aa80048d80e577104f04f9dc527bcbdecbac1e0bd777c98286ecfff8aeba7,timestamped_live_quote,FBS vs FBS
2026-10-01T20:35:46Z,b58c0d24e66471e6095c0a5f9afb7ce3,2026-10-03T23:00:00Z,TCU Horned Frogs,BYU Cougars,fanduel,FanDuel,2026-10-01T20:35:29Z,2026-10-01T20:35:29Z,TCU Horned Frogs,5.5,-104.0,2026,2026-10-01T20:35:46Z,1344,10.448063862908038,11.107333717418527,1.8407301454895109,807aa80048d80e577104f04f9dc527bcbdecbac1e0bd777c98286ecfff8aeba7,timestamped_live_quote,FBS vs FBS
2026-10-01T20:35:46Z,b58c0d24e66471e6095c0a5f9afb7ce3,2026-10-03T23:00:00Z,TCU Horned Frogs,BYU Cougars,betonlineag,BetOnline.ag,2026-10-01T20:35:44Z,2026-10-01T20:35:44Z,BYU Cougars,-6.0,-110.0,2026,2026-10-01T20:35:46Z,1344,10.448063862908038,11.107333717418527,1.8407301454895109,807aa80048d80e577104f04f9dc527bcbdecbac1e0bd777c98286ecfff8aeba7,timestamped_live_quote,FBS vs FBS
2026-10-01T20:35:46Z,b58c0d24e66471e6095c0a5f9afb7ce3,2026-10-03T23:00:00Z,TCU Horned Frogs,BYU Cougars,betonlineag,BetOnline.ag,2026-10-01T20:35:44Z,2026-10-01T20:35:44Z,TCU Horned Frogs,6.0,-110.0,2026,2026-10-01T20:35:46Z,1344,10.448063862908038,11.107333717418527,1.8407301454895109,807aa80048d80e577104f04f9dc527bcbdecbac1e0bd777c98286ecfff8aeba7,timestamped_live_quote,FBS vs FBS
2026-10-01T20:35:46Z,b58c0d24e66471e6095c0a5f9afb7ce3,2026-10-03T23:00:00Z,TCU Horned Frogs,BYU Cougars,lowvig,LowVig.ag,2026-10-01T20:34:27Z,2026-10-01T20:34:27Z,BYU Cougars,-6.0,-106.0,2026,2026-10-01T20:35:46Z,1344,10.448063862908038,11.107333717418527,1.8407301454895109,807aa80048d80e577104f04f9dc527bcbdecbac1e0bd777c98286ecfff8aeba7,timestamped_live_quote,FBS vs FBS
2026-10-01T20:35:46Z,b58c0d24e66471e6095c0a5f9afb7ce3,2026-10-03T23:00:00Z,TCU Horned Frogs,BYU Cougars,lowvig,LowVig.ag,2026-10-01T20:34:27Z,2026-10-01T20:34:27Z,TCU Horned Frogs,6.0,-106.0,2026,2026-10-01T20:35:46Z,1344,10.448063862908038,11.107333717418527,1.8407301454895109,807aa80048d80e577104f04f9dc527bcbdecbac1e0bd777c98286ecfff8aeba7,timestamped_live_quote,FBS vs FBS
2026-10-01T20:35:46Z,b58c0d24e66471e6095c0a5f9afb7ce3,2026-10-03T23:00:00Z,TCU Horned Frogs,BYU Cougars,mybookieag,MyBookie.ag,2026-10-01T20:34:30Z,2026-10-01T20:34:30Z,BYU Cougars,-6.0,-110.0,2026,2026-10-01T20:35:46Z,1344,10.448063862908038,11.107333717418527,1.8407301454895109,807aa80048d80e577104f04f9dc527bcbdecbac1e0bd777c98286ecfff8aeba7,timestamped_live_quote,FBS vs FBS
2026-10-01T20:35:46Z,b58c0d24e66471e6095c0a5f9afb7ce3,2026-10-03T23:00:00Z,TCU Horned Frogs,BYU Cougars,mybookieag,MyBookie.ag,2026-10-01T20:34:30Z,2026-10-01T20:34:30Z,TCU Horned Frogs,6.0,-110.0,2026,2026-10-01T20:35:46Z,1344,10.448063862908038,11.107333717418527,1.8407301454895109,807aa80048d80e577104f04f9dc527bcbdecbac1e0bd777c98286ecfff8aeba7,timestamped_live_quote,FBS vs FBS
2026-10-01T20:35:46Z,b58c0d24e66471e6095c0a5f9afb7ce3,2026-10-03T23:00:00Z,TCU Horned Frogs,BYU Cougars,betus,BetUS,2026-10-01T20:35:27Z,2026-10-01T20:35:27Z,BYU Cougars,-6.0,-110.0,2026,2026-10-01T20:35:46Z,1344,10.448063862908038,11.107333717418527,1.8407301454895109,807aa80048d80e577104f04f9dc527bcbdecbac1e0bd777c98286ecfff8aeba7,timestamped_live_quote,FBS vs FBS
2026-10-01T20:35:46Z,b58c0d24e66471e6095c0a5f9afb7ce3,2026-10-03T23:00:00Z,TCU Horned Frogs,BYU Cougars,betus,BetUS,2026-10-01T20:35:27Z,2026-10-01T20:35:27Z,TCU Horned Frogs,6.0,-110.0,2026,2026-10-01T20:35:46Z,1344,10.448063862908038,11.107333717418527,1.8407301454895109,807aa80048d80e577104f04f9dc527bcbdecbac1e0bd777c98286ecfff8aeba7,timestamped_live_quote,FBS vs FBS
2026-10-01T20:35:46Z,b58c0d24e66471e6095c0a5f9afb7ce3,2026-10-03T23:00:00Z,TCU Horned Frogs,BYU Cougars,betmgm,BetMGM,2026-10-01T20:35:29Z,2026-10-01T20:35:29Z,BYU Cougars,-6.0,-110.0,2026,2026-10-01T20:35:46Z,1344,10.448063862908038,11.107333717418527,1.8407301454895109,807aa80048d80e577104f04f9dc527bcbdecbac1e0bd777c98286ecfff8aeba7,timestamped_live_quote,FBS vs FBS
2026-10-01T20:35:46Z,b58c0d24e66471e6095c0a5f9afb7ce3,2026-10-03T23:00:00Z,TCU Horned Frogs,BYU Cougars,betmgm,BetMGM,2026-10-01T20:35:29Z,2026-10-01T20:35:29Z,TCU Horned Frogs,6.0,-108.0,2026,2026-10-01T20:35:46Z,1344,10.448063862908038,11.107333717418527,1.8407301454895109,807aa80048d80e577104f04f9dc527bcbdecbac1e0bd777c98286ecfff8aeba7,timestamped_live_quote,FBS vs FBS
2026-10-01T20:35:46Z,b58c0d24e66471e6095c0a5f9afb7ce3,2026-10-03T23:00:00Z,TCU Horned Frogs,BYU Cougars,bovada,Bovada,2026-10-01T20:31:42Z,2026-10-01T20:31:42Z,BYU Cougars,-6.0,-110.0,2026,2026-10-01T20:35:46Z,1344,10.448063862908038,11.107333717418527,1.8407301454895109,807aa80048d80e577104f04f9dc527bcbdecbac1e0bd777c98286ecfff8aeba7,timestamped_live_quote,FBS vs FBS
2026-10-01T20:35:46Z,b58c0d24e66471e6095c0a5f9afb7ce3,2026-10-03T23:00:00Z,TCU Horned Frogs,BYU Cougars,bovada,Bovada,2026-10-01T20:31:42Z,2026-10-01T20:31:42Z,TCU Horned Frogs,6.0,-110.0,2026,2026-10-01T20:35:46Z,1344,10.448063862908038,11.107333717418527,1.8407301454895109,807aa80048d80e577104f04f9dc527bcbdecbac1e0bd777c98286ecfff8aeba7,timestamped_live_quote,FBS vs FBS
2026-10-01T20:35:46Z,5efdb3515c882453d9abcd27db28f78b,2026-10-03T23:00:00Z,Coastal Carolina Chanticleers,Georgia Southern Eagles,draftkings,DraftKings,2026-10-01T20:35:46Z,2026-10-01T20:35:46Z,Coastal Carolina Chanticleers,1.5,-105.0,2026,2026-10-01T20:35:46Z,1344,1.801063250513203,2.559819946466595,1.741243304046608,807aa80048d80e577104f04f9dc527bcbdecbac1e0bd777c98286ecfff8aeba7,timestamped_live_quote,FBS vs FBS
2026-10-01T20:35:46Z,5efdb3515c882453d9abcd27db28f78b,2026-10-03T23:00:00Z,Coastal Carolina Chanticleers,Georgia Southern Eagles,draftkings,DraftKings,2026-10-01T20:35:46Z,2026-10-01T20:35:46Z,Georgia Southern Eagles,-1.5,-115.0,2026,2026-10-01T20:35:46Z,1344,1.801063250513203,2.559819946466595,1.741243304046608,807aa80048d80e577104f04f9dc527bcbdecbac1e0bd777c98286ecfff8aeba7,timestamped_live_quote,FBS vs FBS
2026-10-01T20:35:46Z,5efdb3515c882453d9abcd27db28f78b,2026-10-03T23:00:00Z,Coastal Carolina Chanticleers,Georgia Southern Eagles,lowvig,LowVig.ag,2026-10-01T20:34:27Z,2026-10-01T20:34:27Z,Coastal Carolina Chanticleers,1.5,100.0,2026,2026-10-01T20:35:46Z,1344,1.801063250513203,2.559819946466595,1.741243304046608,807aa80048d80e577104f04f9dc527bcbdecbac1e0bd777c98286ecfff8aeba7,timestamped_live_quote,FBS vs FBS
2026-10-01T20:35:46Z,5efdb3515c882453d9abcd27db28f78b,2026-10-03T23:00:00Z,Coastal Carolina Chanticleers,Georgia Southern Eagles,lowvig,LowVig.ag,2026-10-01T20:34:27Z,2026-10-01T20:34:27Z,Georgia Southern Eagles,-1.5,-112.0,2026,2026-10-01T20:35:46Z,1344,1.801063250513203,2.559819946466595,1.741243304046608,807aa80048d80e577104f04f9dc527bcbdecbac1e0bd777c98286ecfff8aeba7,timestamped_live_quote,FBS vs FBS
2026-10-01T20:35:46Z,5efdb3515c882453d9abcd27db28f78b,2026-10-03T23:00:00Z,Coastal Carolina Chanticleers,Georgia Southern Eagles,betonlineag,BetOnline.ag,2026-10-01T20:35:44Z,2026-10-01T20:35:44Z,Coastal Carolina Chanticleers,1.5,-104.0,2026,2026-10-01T20:35:46Z,1344,1.801063250513203,2.559819946466595,1.741243304046608,807aa80048d80e577104f04f9dc527bcbdecbac1e0bd777c98286ecfff8aeba7,timestamped_live_quote,FBS vs FBS
2026-10-01T20:35:46Z,5efdb3515c882453d9abcd27db28f78b,2026-10-03T23:00:00Z,Coastal Carolina Chanticleers,Georgia Southern Eagles,betonlineag,BetOnline.ag,2026-10-01T20:35:44Z,2026-10-01T20:35:44Z,Georgia Southern Eagles,-1.5,-116.0,2026,2026-10-01T20:35:46Z,1344,1.801063250513203,2.559819946466595,1.741243304046608,807aa80048d80e577104f04f9dc527bcbdecbac1e0bd777c98286ecfff8aeba7,timestamped_live_quote,FBS vs FBS
2026-10-01T20:35:46Z,5efdb3515c882453d9abcd27db28f78b,2026-10-03T23:00:00Z,Coastal Carolina Chanticleers,Georgia Southern Eagles,fanduel,FanDuel,2026-10-01T20:35:29Z,2026-10-01T20:35:29Z,Coastal Carolina Chanticleers,1.5,-110.0,2026,2026-10-01T20:35:46Z,1344,1.801063250513203,2.559819946466595,1.741243304046608,807aa80048d80e577104f04f9dc527bcbdecbac1e0bd777c98286ecfff8aeba7,timestamped_live_quote,FBS vs FBS
2026-10-01T20:35:46Z,5efdb3515c882453d9abcd27db28f78b,2026-10-03T23:00:00Z,Coastal Carolina Chanticleers,Georgia Southern Eagles,fanduel,FanDuel,2026-10-01T20:35:29Z,2026-10-01T20:35:29Z,Georgia Southern Eagles,-1.5,-110.0,2026,2026-10-01T20:35:46Z,1344,1.801063250513203,2.559819946466595,1.741243304046608,807aa80048d80e577104f04f9dc527bcbdecbac1e0bd777c98286ecfff8aeba7,timestamped_live_quote,FBS vs FBS
2026-10-01T20:35:46Z,5efdb3515c882453d9abcd27db28f78b,2026-10-03T23:00:00Z,Coastal Carolina Chanticleers,Georgia Southern Eagles,mybookieag,MyBookie.ag,2026-10-01T20:34:30Z,2026-10-01T20:34:30Z,Coastal Carolina Chanticleers,2.0,-110.0,2026,2026-10-01T20:35:46Z,1344,1.801063250513203,2.559819946466595,1.741243304046608,807aa80048d80e577104f04f9dc527bcbdecbac1e0bd777c98286ecfff8aeba7,timestamped_live_quote,FBS vs FBS
2026-10-01T20:35:46Z,5efdb3515c882453d9abcd27db28f78b,2026-10-03T23:00:00Z,Coastal Carolina Chanticleers,Georgia Southern Eagles,mybookieag,MyBookie.ag,2026-10-01T20:34:30Z,2026-10-01T20:34:30Z,Georgia Southern Eagles,-2.0,-110.0,2026,2026-10-01T20:35:46Z,1344,1.801063250513203,2.559819946466595,1.741243304046608,807aa80048d80e577104f04f9dc527bcbdecbac1e0bd777c98286ecfff8aeba7,timestamped_live_quote,FBS vs FBS
2026-10-01T20:35:46Z,5efdb3515c882453d9abcd27db28f78b,2026-10-03T23:00:00Z,Coastal Carolina Chanticleers,Georgia Southern Eagles,betus,BetUS,2026-10-01T20:35:27Z,2026-10-01T20:35:27Z,Coastal Carolina Chanticleers,1.5,-105.0,2026,2026-10-01T20:35:46Z,1344,1.801063250513203,2.559819946466595,1.741243304046608,807aa80048d80e577104f04f9dc527bcbdecbac1e0bd777c98286ecfff8aeba7,timestamped_live_quote,FBS vs FBS
2026-10-01T20:35:46Z,5efdb3515c882453d9abcd27db28f78b,2026-10-03T23:00:00Z,Coastal Carolina Chanticleers,Georgia Southern Eagles,betus,BetUS,2026-10-01T20:35:27Z,2026-10-01T20:35:27Z,Georgia Southern Eagles,-1.5,-115.0,2026,2026-10-01T20:35:46Z,1344,1.801063250513203,2.559819946466595,1.741243304046608,807aa80048d80e577104f04f9dc527bcbdecbac1e0bd777c98286ecfff8aeba7,timestamped_live_quote,FBS vs FBS
2026-10-01T20:35:46Z,5efdb3515c882453d9abcd27db28f78b,2026-10-03T23:00:00Z,Coastal Carolina Chanticleers,Georgia Southern Eagles,betmgm,BetMGM,2026-10-01T20:35:29Z,2026-10-01T20:35:29Z,Coastal Carolina Chanticleers,2.0,-110.0,2026,2026-10-01T20:35:46Z,1344,1.801063250513203,2.559819946466595,1.741243304046608,807aa80048d80e577104f04f9dc527bcbdecbac1e0bd777c98286ecfff8aeba7,timestamped_live_quote,FBS vs FBS
2026-10-01T20:35:46Z,5efdb3515c882453d9abcd27db28f78b,2026-10-03T23:00:00Z,Coastal Carolina Chanticleers,Georgia Southern Eagles,betmgm,BetMGM,2026-10-01T20:35:29Z,2026-10-01T20:35:29Z,Georgia Southern Eagles,-2.0,-108.0,2026,2026-10-01T20:35:46Z,1344,1.801063250513203,2.559819946466595,1.741243304046608,807aa80048d80e577104f04f9dc527bcbdecbac1e0bd777c98286ecfff8aeba7,timestamped_live_quote,FBS vs FBS
2026-10-01T20:35:46Z,5efdb3515c882453d9abcd27db28f78b,2026-10-03T23:00:00Z,Coastal Carolina Chanticleers,Georgia Southern Eagles,bovada,Bovada,2026-10-01T20:31:42Z,2026-10-01T20:31:42Z,Coastal Carolina Chanticleers,1.5,-110.0,2026,2026-10-01T20:35:46Z,1344,1.801063250513203,2.559819946466595,1.741243304046608,807aa80048d80e577104f04f9dc527bcbdecbac1e0bd777c98286ecfff8aeba7,timestamped_live_quote,FBS vs FBS
2026-10-01T20:35:46Z,5efdb3515c882453d9abcd27db28f78b,2026-10-03T23:00:00Z,Coastal Carolina Chanticleers,Georgia Southern Eagles,bovada,Bovada,2026-10-01T20:31:42Z,2026-10-01T20:31:42Z,Georgia Southern Eagles,-1.5,-110.0,2026,2026-10-01T20:35:46Z,1344,1.801063250513203,2.559819946466595,1.741243304046608,807aa80048d80e577104f04f9dc527bcbdecbac1e0bd777c98286ecfff8aeba7,timestamped_live_quote,FBS vs FBS
2026-10-01T20:35:46Z,279230b2d38c4e97187c3f065501a4cf,2026-10-03T23:00:00Z,Rice Owls,UTSA Roadrunners,fanduel,FanDuel,2026-10-01T20:35:29Z,2026-10-01T20:35:29Z,Rice Owls,11.5,-110.0,2026,2026-10-01T20:35:46Z,1344,-2.3610888778573025,6.350287217895821,-6.211376095753124,807aa80048d80e577104f04f9dc527bcbdecbac1e0bd777c98286ecfff8aeba7,timestamped_live_quote,FBS vs FBS
2026-10-01T20:35:46Z,279230b2d38c4e97187c3f065501a4cf,2026-10-03T23:00:00Z,Rice Owls,UTSA Roadrunners,fanduel,FanDuel,2026-10-01T20:35:29Z,2026-10-01T20:35:29Z,UTSA Roadrunners,-11.5,-110.0,2026,2026-10-01T20:35:46Z,1344,-2.3610888778573025,6.350287217895821,-6.211376095753124,807aa80048d80e577104f04f9dc527bcbdecbac1e0bd777c98286ecfff8aeba7,timestamped_live_quote,FBS vs FBS
2026-10-01T20:35:46Z,279230b2d38c4e97187c3f065501a4cf,2026-10-03T23:00:00Z,Rice Owls,UTSA Roadrunners,draftkings,DraftKings,2026-10-01T20:35:46Z,2026-10-01T20:35:46Z,Rice Owls,11.5,-112.0,2026,2026-10-01T20:35:46Z,1344,-2.3610888778573025,6.350287217895821,-6.211376095753124,807aa80048d80e577104f04f9dc527bcbdecbac1e0bd777c98286ecfff8aeba7,timestamped_live_quote,FBS vs FBS
2026-10-01T20:35:46Z,279230b2d38c4e97187c3f065501a4cf,2026-10-03T23:00:00Z,Rice Owls,UTSA Roadrunners,draftkings,DraftKings,2026-10-01T20:35:46Z,2026-10-01T20:35:46Z,UTSA Roadrunners,-11.5,-108.0,2026,2026-10-01T20:35:46Z,1344,-2.3610888778573025,6.350287217895821,-6.211376095753124,807aa80048d80e577104f04f9dc527bcbdecbac1e0bd777c98286ecfff8aeba7,timestamped_live_quote,FBS vs FBS
2026-10-01T20:35:46Z,279230b2d38c4e97187c3f065501a4cf,2026-10-03T23:00:00Z,Rice Owls,UTSA Roadrunners,betonlineag,BetOnline.ag,2026-10-01T20:35:44Z,2026-10-01T20:35:44Z,Rice Owls,11.5,-110.0,2026,2026-10-01T20:35:46Z,1344,-2.3610888778573025,6.350287217895821,-6.211376095753124,807aa80048d80e577104f04f9dc527bcbdecbac1e0bd777c98286ecfff8aeba7,timestamped_live_quote,FBS vs FBS
2026-10-01T20:35:46Z,279230b2d38c4e97187c3f065501a4cf,2026-10-03T23:00:00Z,Rice Owls,UTSA Roadrunners,betonlineag,BetOnline.ag,2026-10-01T20:35:44Z,2026-10-01T20:35:44Z,UTSA Roadrunners,-11.5,-110.0,2026,2026-10-01T20:35:46Z,1344,-2.3610888778573025,6.350287217895821,-6.211376095753124,807aa80048d80e577104f04f9dc527bcbdecbac1e0bd777c98286ecfff8aeba7,timestamped_live_quote,FBS vs FBS
2026-10-01T20:35:46Z,279230b2d38c4e97187c3f065501a4cf,2026-10-03T23:00:00Z,Rice Owls,UTSA Roadrunners,lowvig,LowVig.ag,2026-10-01T20:34:27Z,2026-10-01T20:34:27Z,Rice Owls,11.5,-106.0,2026,2026-10-01T20:35:46Z,1344,-2.3610888778573025,6.350287217895821,-6.211376095753124,807aa80048d80e577104f04f9dc527bcbdecbac1e0bd777c98286ecfff8aeba7,timestamped_live_quote,FBS vs FBS
2026-10-01T20:35:46Z,279230b2d38c4e97187c3f065501a4cf,2026-10-03T23:00:00Z,Rice Owls,UTSA Roadrunners,lowvig,LowVig.ag,2026-10-01T20:34:27Z,2026-10-01T20:34:27Z,UTSA Roadrunners,-11.5,-106.0,2026,2026-10-01T20:35:46Z,1344,-2.3610888778573025,6.350287217895821,-6.211376095753124,807aa80048d80e577104f04f9dc527bcbdecbac1e0bd777c98286ecfff8aeba7,timestamped_live_quote,FBS vs FBS
2026-10-01T20:35:46Z,279230b2d38c4e97187c3f065501a4cf,2026-10-03T23:00:00Z,Rice Owls,UTSA Roadrunners,mybookieag,MyBookie.ag,2026-10-01T20:34:30Z,2026-10-01T20:34:30Z,Rice Owls,11.5,-110.0,2026,2026-10-01T20:35:46Z,1344,-2.3610888778573025,6.350287217895821,-6.211376095753124,807aa80048d80e577104f04f9dc527bcbdecbac1e0bd777c98286ecfff8aeba7,timestamped_live_quote,FBS vs FBS
2026-10-01T20:35:46Z,279230b2d38c4e97187c3f065501a4cf,2026-10-03T23:00:00Z,Rice Owls,UTSA Roadrunners,mybookieag,MyBookie.ag,2026-10-01T20:34:30Z,2026-10-01T20:34:30Z,UTSA Roadrunners,-11.5,-110.0,2026,2026-10-01T20:35:46Z,1344,-2.3610888778573025,6.350287217895821,-6.211376095753124,807aa80048d80e577104f04f9dc527bcbdecbac1e0bd777c98286ecfff8aeba7,timestamped_live_quote,FBS vs FBS
2026-10-01T20:35:46Z,279230b2d38c4e97187c3f065501a4cf,2026-10-03T23:00:00Z,Rice Owls,UTSA Roadrunners,betus,BetUS,2026-10-01T20:35:27Z,2026-10-01T20:35:27Z,Rice Owls,11.5,-110.0,2026,2026-10-01T20:35:46Z,1344,-2.3610888778573025,6.350287217895821,-6.211376095753124,807aa80048d80e577104f04f9dc527bcbdecbac1e0bd777c98286ecfff8aeba7,timestamped_live_quote,FBS vs FBS
2026-10-01T20:35:46Z,279230b2d38c4e97187c3f065501a4cf,2026-10-03T23:00:00Z,Rice Owls,UTSA Roadrunners,betus,BetUS,2026-10-01T20:35:27Z,2026-10-01T20:35:27Z,UTSA Roadrunners,-11.5,-110.0,2026,2026-10-01T20:35:46Z,1344,-2.3610888778573025,6.350287217895821,-6.211376095753124,807aa80048d80e577104f04f9dc527bcbdecbac1e0bd777c98286ecfff8aeba7,timestamped_live_quote,FBS vs FBS
2026-10-01T20:35:46Z,279230b2d38c4e97187c3f065501a4cf,2026-10-03T23:00:00Z,Rice Owls,UTSA Roadrunners,betmgm,BetMGM,2026-10-01T20:35:29Z,2026-10-01T20:35:29Z,Rice Owls,11.5,-110.0,2026,2026-10-01T20:35:46Z,1344,-2.3610888778573025,6.350287217895821,-6.211376095753124,807aa80048d80e577104f04f9dc527bcbdecbac1e0bd777c98286ecfff8aeba7,timestamped_live_quote,FBS vs FBS
2026-10-01T20:35:46Z,279230b2d38c4e97187c3f065501a4cf,2026-10-03T23:00:00Z,Rice Owls,UTSA Roadrunners,betmgm,BetMGM,2026-10-01T20:35:29Z,2026-10-01T20:35:29Z,UTSA Roadrunners,-11.5,-108.0,2026,2026-10-01T20:35:46Z,1344,-2.3610888778573025,6.350287217895821,-6.211376095753124,807aa80048d80e577104f04f9dc527bcbdecbac1e0bd777c98286ecfff8aeba7,timestamped_live_quote,FBS vs FBS
2026-10-01T20:35:46Z,279230b2d38c4e97187c3f065501a4cf,2026-10-03T23:00:00Z,Rice Owls,UTSA Roadrunners,bovada,Bovada,2026-10-01T20:31:42Z,2026-10-01T20:31:42Z,Rice Owls,12.0,-110.0,2026,2026-10-01T20:35:46Z,1344,-2.3610888778573025,6.350287217895821,-6.211376095753124,807aa80048d80e577104f04f9dc527bcbdecbac1e0bd777c98286ecfff8aeba7,timestamped_live_quote,FBS vs FBS
2026-10-01T20:35:46Z,279230b2d38c4e97187c3f065501a4cf,2026-10-03T23:00:00Z,Rice Owls,UTSA Roadrunners,bovada,Bovada,2026-10-01T20:31:42Z,2026-10-01T20:31:42Z,UTSA Roadrunners,-12.0,-110.0,2026,2026-10-01T20:35:46Z,1344,-2.3610888778573025,6.350287217895821,-6.211376095753124,807aa80048d80e577104f04f9dc527bcbdecbac1e0bd777c98286ecfff8aeba7,timestamped_live_quote,FBS vs FBS
2026-10-01T20:35:46Z,4c84a699496b71ee1e626e3c7f5689c9,2026-10-03T23:00:00Z,South Alabama Jaguars,UL Monroe Warhawks,fanduel,FanDuel,2026-10-01T20:35:29Z,2026-10-01T20:35:29Z,South Alabama Jaguars,-13.5,-118.0,2026,2026-10-01T20:35:46Z,1344,1.2947124275466833,-9.450244026325375,13.244956453872058,807aa80048d80e577104f04f9dc527bcbdecbac1e0bd777c98286ecfff8aeba7,timestamped_live_quote,FBS vs FBS
2026-10-01T20:35:46Z,4c84a699496b71ee1e626e3c7f5689c9,2026-10-03T23:00:00Z,South Alabama Jaguars,UL Monroe Warhawks,fanduel,FanDuel,2026-10-01T20:35:29Z,2026-10-01T20:35:29Z,UL Monroe Warhawks,13.5,-102.0,2026,2026-10-01T20:35:46Z,1344,1.2947124275466833,-9.450244026325375,13.244956453872058,807aa80048d80e577104f04f9dc527bcbdecbac1e0bd777c98286ecfff8aeba7,timestamped_live_quote,FBS vs FBS
2026-10-01T20:35:46Z,4c84a699496b71ee1e626e3c7f5689c9,2026-10-03T23:00:00Z,South Alabama Jaguars,UL Monroe Warhawks,draftkings,DraftKings,2026-10-01T20:35:46Z,2026-10-01T20:35:46Z,South Alabama Jaguars,-14.0,-115.0,2026,2026-10-01T20:35:46Z,1344,1.2947124275466833,-9.450244026325375,13.244956453872058,807aa80048d80e577104f04f9dc527bcbdecbac1e0bd777c98286ecfff8aeba7,timestamped_live_quote,FBS vs FBS
2026-10-01T20:35:46Z,4c84a699496b71ee1e626e3c7f5689c9,2026-10-03T23:00:00Z,South Alabama Jaguars,UL Monroe Warhawks,draftkings,DraftKings,2026-10-01T20:35:46Z,2026-10-01T20:35:46Z,UL Monroe Warhawks,14.0,-105.0,2026,2026-10-01T20:35:46Z,1344,1.2947124275466833,-9.450244026325375,13.244956453872058,807aa80048d80e577104f04f9dc527bcbdecbac1e0bd777c98286ecfff8aeba7,timestamped_live_quote,FBS vs FBS
2026-10-01T20:35:46Z,4c84a699496b71ee1e626e3c7f5689c9,2026-10-03T23:00:00Z,South Alabama Jaguars,UL Monroe Warhawks,lowvig,LowVig.ag,2026-10-01T20:34:27Z,2026-10-01T20:34:27Z,South Alabama Jaguars,-14.5,-106.0,2026,2026-10-01T20:35:46Z,1344,1.2947124275466833,-9.450244026325375,13.244956453872058,807aa80048d80e577104f04f9dc527bcbdecbac1e0bd777c98286ecfff8aeba7,timestamped_live_quote,FBS vs FBS
2026-10-01T20:35:46Z,4c84a699496b71ee1e626e3c7f5689c9,2026-10-03T23:00:00Z,South Alabama Jaguars,UL Monroe Warhawks,lowvig,LowVig.ag,2026-10-01T20:34:27Z,2026-10-01T20:34:27Z,UL Monroe Warhawks,14.5,-106.0,2026,2026-10-01T20:35:46Z,1344,1.2947124275466833,-9.450244026325375,13.244956453872058,807aa80048d80e577104f04f9dc527bcbdecbac1e0bd777c98286ecfff8aeba7,timestamped_live_quote,FBS vs FBS
2026-10-01T20:35:46Z,4c84a699496b71ee1e626e3c7f5689c9,2026-10-03T23:00:00Z,South Alabama Jaguars,UL Monroe Warhawks,betonlineag,BetOnline.ag,2026-10-01T20:35:44Z,2026-10-01T20:35:44Z,South Alabama Jaguars,-14.5,-110.0,2026,2026-10-01T20:35:46Z,1344,1.2947124275466833,-9.450244026325375,13.244956453872058,807aa80048d80e577104f04f9dc527bcbdecbac1e0bd777c98286ecfff8aeba7,timestamped_live_quote,FBS vs FBS
2026-10-01T20:35:46Z,4c84a699496b71ee1e626e3c7f5689c9,2026-10-03T23:00:00Z,South Alabama Jaguars,UL Monroe Warhawks,betonlineag,BetOnline.ag,2026-10-01T20:35:44Z,2026-10-01T20:35:44Z,UL Monroe Warhawks,14.5,-110.0,2026,2026-10-01T20:35:46Z,1344,1.2947124275466833,-9.450244026325375,13.244956453872058,807aa80048d80e577104f04f9dc527bcbdecbac1e0bd777c98286ecfff8aeba7,timestamped_live_quote,FBS vs FBS
2026-10-01T20:35:46Z,4c84a699496b71ee1e626e3c7f5689c9,2026-10-03T23:00:00Z,South Alabama Jaguars,UL Monroe Warhawks,mybookieag,MyBookie.ag,2026-10-01T20:34:30Z,2026-10-01T20:34:30Z,South Alabama Jaguars,-14.0,-110.0,2026,2026-10-01T20:35:46Z,1344,1.2947124275466833,-9.450244026325375,13.244956453872058,807aa80048d80e577104f04f9dc527bcbdecbac1e0bd777c98286ecfff8aeba7,timestamped_live_quote,FBS vs FBS
2026-10-01T20:35:46Z,4c84a699496b71ee1e626e3c7f5689c9,2026-10-03T23:00:00Z,South Alabama Jaguars,UL Monroe Warhawks,mybookieag,MyBookie.ag,2026-10-01T20:34:30Z,2026-10-01T20:34:30Z,UL Monroe Warhawks,14.0,-110.0,2026,2026-10-01T20:35:46Z,1344,1.2947124275466833,-9.450244026325375,13.244956453872058,807aa80048d80e577104f04f9dc527bcbdecbac1e0bd777c98286ecfff8aeba7,timestamped_live_quote,FBS vs FBS
2026-10-01T20:35:46Z,4c84a699496b71ee1e626e3c7f5689c9,2026-10-03T23:00:00Z,South Alabama Jaguars,UL Monroe Warhawks,betus,BetUS,2026-10-01T20:35:27Z,2026-10-01T20:35:27Z,South Alabama Jaguars,-14.5,-110.0,2026,2026-10-01T20:35:46Z,1344,1.2947124275466833,-9.450244026325375,13.244956453872058,807aa80048d80e577104f04f9dc527bcbdecbac1e0bd777c98286ecfff8aeba7,timestamped_live_quote,FBS vs FBS
2026-10-01T20:35:46Z,4c84a699496b71ee1e626e3c7f5689c9,2026-10-03T23:00:00Z,South Alabama Jaguars,UL Monroe Warhawks,betus,BetUS,2026-10-01T20:35:27Z,2026-10-01T20:35:27Z,UL Monroe Warhawks,14.5,-110.0,2026,2026-10-01T20:35:46Z,1344,1.2947124275466833,-9.450244026325375,13.244956453872058,807aa80048d80e577104f04f9dc527bcbdecbac1e0bd777c98286ecfff8aeba7,timestamped_live_quote,FBS vs FBS
2026-10-01T20:35:46Z,4c84a699496b71ee1e626e3c7f5689c9,2026-10-03T23:00:00Z,South Alabama Jaguars,UL Monroe Warhawks,betmgm,BetMGM,2026-10-01T20:35:29Z,2026-10-01T20:35:29Z,South Alabama Jaguars,-14.0,-112.0,2026,2026-10-01T20:35:46Z,1344,1.2947124275466833,-9.450244026325375,13.244956453872058,807aa80048d80e577104f04f9dc527bcbdecbac1e0bd777c98286ecfff8aeba7,timestamped_live_quote,FBS vs FBS
2026-10-01T20:35:46Z,4c84a699496b71ee1e626e3c7f5689c9,2026-10-03T23:00:00Z,South Alabama Jaguars,UL Monroe Warhawks,betmgm,BetMGM,2026-10-01T20:35:29Z,2026-10-01T20:35:29Z,UL Monroe Warhawks,14.0,-105.0,2026,2026-10-01T20:35:46Z,1344,1.2947124275466833,-9.450244026325375,13.244956453872058,807aa80048d80e577104f04f9dc527bcbdecbac1e0bd777c98286ecfff8aeba7,timestamped_live_quote,FBS vs FBS
2026-10-01T20:35:46Z,4c84a699496b71ee1e626e3c7f5689c9,2026-10-03T23:00:00Z,South Alabama Jaguars,UL Monroe Warhawks,bovada,Bovada,2026-10-01T20:31:42Z,2026-10-01T20:31:42Z,South Alabama Jaguars,-14.0,-115.0,2026,2026-10-01T20:35:46Z,1344,1.2947124275466833,-9.450244026325375,13.244956453872058,807aa80048d80e577104f04f9dc527bcbdecbac1e0bd777c98286ecfff8aeba7,timestamped_live_quote,FBS vs FBS
2026-10-01T20:35:46Z,4c84a699496b71ee1e626e3c7f5689c9,2026-10-03T23:00:00Z,South Alabama Jaguars,UL Monroe Warhawks,bovada,Bovada,2026-10-01T20:31:42Z,2026-10-01T20:31:42Z,UL Monroe Warhawks,14.0,-105.0,2026,2026-10-01T20:35:46Z,1344,1.2947124275466833,-9.450244026325375,13.244956453872058,807aa80048d80e577104f04f9dc527bcbdecbac1e0bd777c98286ecfff8aeba7,timestamped_live_quote,FBS vs FBS
2026-10-01T20:35:46Z,6246661a676eeaa850a3e36e311fce63,2026-10-03T23:30:00Z,Louisiana Tech Bulldogs,Army Black Knights,draftkings,DraftKings,2026-10-01T20:35:46Z,2026-10-01T20:35:46Z,Army Black Knights,-2.5,-105.0,2026,2026-10-01T20:35:46Z,1344,4.541599259603864,9.009137034678993,-1.9675377750751286,807aa80048d80e577104f04f9dc527bcbdecbac1e0bd777c98286ecfff8aeba7,timestamped_live_quote,FBS vs FBS
2026-10-01T20:35:46Z,6246661a676eeaa850a3e36e311fce63,2026-10-03T23:30:00Z,Louisiana Tech Bulldogs,Army Black Knights,draftkings,DraftKings,2026-10-01T20:35:46Z,2026-10-01T20:35:46Z,Louisiana Tech Bulldogs,2.5,-115.0,2026,2026-10-01T20:35:46Z,1344,4.541599259603864,9.009137034678993,-1.9675377750751286,807aa80048d80e577104f04f9dc527bcbdecbac1e0bd777c98286ecfff8aeba7,timestamped_live_quote,FBS vs FBS
2026-10-01T20:35:46Z,6246661a676eeaa850a3e36e311fce63,2026-10-03T23:30:00Z,Louisiana Tech Bulldogs,Army Black Knights,betonlineag,BetOnline.ag,2026-10-01T20:35:44Z,2026-10-01T20:35:44Z,Army Black Knights,-1.5,-115.0,2026,2026-10-01T20:35:46Z,1344,4.541599259603864,9.009137034678993,-1.9675377750751286,807aa80048d80e577104f04f9dc527bcbdecbac1e0bd777c98286ecfff8aeba7,timestamped_live_quote,FBS vs FBS
2026-10-01T20:35:46Z,6246661a676eeaa850a3e36e311fce63,2026-10-03T23:30:00Z,Louisiana Tech Bulldogs,Army Black Knights,betonlineag,BetOnline.ag,2026-10-01T20:35:44Z,2026-10-01T20:35:44Z,Louisiana Tech Bulldogs,1.5,-105.0,2026,2026-10-01T20:35:46Z,1344,4.541599259603864,9.009137034678993,-1.9675377750751286,807aa80048d80e577104f04f9dc527bcbdecbac1e0bd777c98286ecfff8aeba7,timestamped_live_quote,FBS vs FBS
2026-10-01T20:35:46Z,6246661a676eeaa850a3e36e311fce63,2026-10-03T23:30:00Z,Louisiana Tech Bulldogs,Army Black Knights,lowvig,LowVig.ag,2026-10-01T20:34:27Z,2026-10-01T20:34:27Z,Army Black Knights,-1.5,-111.0,2026,2026-10-01T20:35:46Z,1344,4.541599259603864,9.009137034678993,-1.9675377750751286,807aa80048d80e577104f04f9dc527bcbdecbac1e0bd777c98286ecfff8aeba7,timestamped_live_quote,FBS vs FBS
2026-10-01T20:35:46Z,6246661a676eeaa850a3e36e311fce63,2026-10-03T23:30:00Z,Louisiana Tech Bulldogs,Army Black Knights,lowvig,LowVig.ag,2026-10-01T20:34:27Z,2026-10-01T20:34:27Z,Louisiana Tech Bulldogs,1.5,-101.0,2026,2026-10-01T20:35:46Z,1344,4.541599259603864,9.009137034678993,-1.9675377750751286,807aa80048d80e577104f04f9dc527bcbdecbac1e0bd777c98286ecfff8aeba7,timestamped_live_quote,FBS vs FBS
2026-10-01T20:35:46Z,6246661a676eeaa850a3e36e311fce63,2026-10-03T23:30:00Z,Louisiana Tech Bulldogs,Army Black Knights,fanduel,FanDuel,2026-10-01T20:35:29Z,2026-10-01T20:35:29Z,Army Black Knights,-2.5,-110.0,2026,2026-10-01T20:35:46Z,1344,4.541599259603864,9.009137034678993,-1.9675377750751286,807aa80048d80e577104f04f9dc527bcbdecbac1e0bd777c98286ecfff8aeba7,timestamped_live_quote,FBS vs FBS
2026-10-01T20:35:46Z,6246661a676eeaa850a3e36e311fce63,2026-10-03T23:30:00Z,Louisiana Tech Bulldogs,Army Black Knights,fanduel,FanDuel,2026-10-01T20:35:29Z,2026-10-01T20:35:29Z,Louisiana Tech Bulldogs,2.5,-110.0,2026,2026-10-01T20:35:46Z,1344,4.541599259603864,9.009137034678993,-1.9675377750751286,807aa80048d80e577104f04f9dc527bcbdecbac1e0bd777c98286ecfff8aeba7,timestamped_live_quote,FBS vs FBS
2026-10-01T20:35:46Z,6246661a676eeaa850a3e36e311fce63,2026-10-03T23:30:00Z,Louisiana Tech Bulldogs,Army Black Knights,mybookieag,MyBookie.ag,2026-10-01T20:34:30Z,2026-10-01T20:34:30Z,Army Black Knights,-2.0,-110.0,2026,2026-10-01T20:35:46Z,1344,4.541599259603864,9.009137034678993,-1.9675377750751286,807aa80048d80e577104f04f9dc527bcbdecbac1e0bd777c98286ecfff8aeba7,timestamped_live_quote,FBS vs FBS
2026-10-01T20:35:46Z,6246661a676eeaa850a3e36e311fce63,2026-10-03T23:30:00Z,Louisiana Tech Bulldogs,Army Black Knights,mybookieag,MyBookie.ag,2026-10-01T20:34:30Z,2026-10-01T20:34:30Z,Louisiana Tech Bulldogs,2.0,-110.0,2026,2026-10-01T20:35:46Z,1344,4.541599259603864,9.009137034678993,-1.9675377750751286,807aa80048d80e577104f04f9dc527bcbdecbac1e0bd777c98286ecfff8aeba7,timestamped_live_quote,FBS vs FBS
2026-10-01T20:35:46Z,6246661a676eeaa850a3e36e311fce63,2026-10-03T23:30:00Z,Louisiana Tech Bulldogs,Army Black Knights,betus,BetUS,2026-10-01T20:35:27Z,2026-10-01T20:35:27Z,Army Black Knights,-1.5,-115.0,2026,2026-10-01T20:35:46Z,1344,4.541599259603864,9.009137034678993,-1.9675377750751286,807aa80048d80e577104f04f9dc527bcbdecbac1e0bd777c98286ecfff8aeba7,timestamped_live_quote,FBS vs FBS
2026-10-01T20:35:46Z,6246661a676eeaa850a3e36e311fce63,2026-10-03T23:30:00Z,Louisiana Tech Bulldogs,Army Black Knights,betus,BetUS,2026-10-01T20:35:27Z,2026-10-01T20:35:27Z,Louisiana Tech Bulldogs,1.5,-105.0,2026,2026-10-01T20:35:46Z,1344,4.541599259603864,9.009137034678993,-1.9675377750751286,807aa80048d80e577104f04f9dc527bcbdecbac1e0bd777c98286ecfff8aeba7,timestamped_live_quote,FBS vs FBS
2026-10-01T20:35:46Z,6246661a676eeaa850a3e36e311fce63,2026-10-03T23:30:00Z,Louisiana Tech Bulldogs,Army Black Knights,betmgm,BetMGM,2026-10-01T20:35:29Z,2026-10-01T20:35:29Z,Army Black Knights,-2.0,-110.0,2026,2026-10-01T20:35:46Z,1344,4.541599259603864,9.009137034678993,-1.9675377750751286,807aa80048d80e577104f04f9dc527bcbdecbac1e0bd777c98286ecfff8aeba7,timestamped_live_quote,FBS vs FBS
2026-10-01T20:35:46Z,6246661a676eeaa850a3e36e311fce63,2026-10-03T23:30:00Z,Louisiana Tech Bulldogs,Army Black Knights,betmgm,BetMGM,2026-10-01T20:35:29Z,2026-10-01T20:35:29Z,Louisiana Tech Bulldogs,2.0,-108.0,2026,2026-10-01T20:35:46Z,1344,4.541599259603864,9.009137034678993,-1.9675377750751286,807aa80048d80e577104f04f9dc527bcbdecbac1e0bd777c98286ecfff8aeba7,timestamped_live_quote,FBS vs FBS
2026-10-01T20:35:46Z,6246661a676eeaa850a3e36e311fce63,2026-10-03T23:30:00Z,Louisiana Tech Bulldogs,Army Black Knights,bovada,Bovada,2026-10-01T20:31:42Z,2026-10-01T20:31:42Z,Army Black Knights,-1.5,-110.0,2026,2026-10-01T20:35:46Z,1344,4.541599259603864,9.009137034678993,-1.9675377750751286,807aa80048d80e577104f04f9dc527bcbdecbac1e0bd777c98286ecfff8aeba7,timestamped_live_quote,FBS vs FBS
2026-10-01T20:35:46Z,6246661a676eeaa850a3e36e311fce63,2026-10-03T23:30:00Z,Louisiana Tech Bulldogs,Army Black Knights,bovada,Bovada,2026-10-01T20:31:42Z,2026-10-01T20:31:42Z,Louisiana Tech Bulldogs,1.5,-110.0,2026,2026-10-01T20:35:46Z,1344,4.541599259603864,9.009137034678993,-1.9675377750751286,807aa80048d80e577104f04f9dc527bcbdecbac1e0bd777c98286ecfff8aeba7,timestamped_live_quote,FBS vs FBS
2026-10-01T20:35:46Z,a2f7df0b000c054abd3cbc6f4a4b2432,2026-10-03T23:30:00Z,Boise State Broncos,Utah State Aggies,fanduel,FanDuel,2026-10-01T20:35:29Z,2026-10-01T20:35:29Z,Boise State Broncos,-20.5,-108.0,2026,2026-10-01T20:35:46Z,1344,9.563150560618105,-0.8394877930819681,12.902638353700073,807aa80048d80e577104f04f9dc527bcbdecbac1e0bd777c98286ecfff8aeba7,timestamped_live_quote,FBS vs FBS
2026-10-01T20:35:46Z,a2f7df0b000c054abd3cbc6f4a4b2432,2026-10-03T23:30:00Z,Boise State Broncos,Utah State Aggies,fanduel,FanDuel,2026-10-01T20:35:29Z,2026-10-01T20:35:29Z,Utah State Aggies,20.5,-112.0,2026,2026-10-01T20:35:46Z,1344,9.563150560618105,-0.8394877930819681,12.902638353700073,807aa80048d80e577104f04f9dc527bcbdecbac1e0bd777c98286ecfff8aeba7,timestamped_live_quote,FBS vs FBS
2026-10-01T20:35:46Z,a2f7df0b000c054abd3cbc6f4a4b2432,2026-10-03T23:30:00Z,Boise State Broncos,Utah State Aggies,betonlineag,BetOnline.ag,2026-10-01T20:35:44Z,2026-10-01T20:35:44Z,Boise State Broncos,-20.5,-105.0,2026,2026-10-01T20:35:46Z,1344,9.563150560618105,-0.8394877930819681,12.902638353700073,807aa80048d80e577104f04f9dc527bcbdecbac1e0bd777c98286ecfff8aeba7,timestamped_live_quote,FBS vs FBS
2026-10-01T20:35:46Z,a2f7df0b000c054abd3cbc6f4a4b2432,2026-10-03T23:30:00Z,Boise State Broncos,Utah State Aggies,betonlineag,BetOnline.ag,2026-10-01T20:35:44Z,2026-10-01T20:35:44Z,Utah State Aggies,20.5,-115.0,2026,2026-10-01T20:35:46Z,1344,9.563150560618105,-0.8394877930819681,12.902638353700073,807aa80048d80e577104f04f9dc527bcbdecbac1e0bd777c98286ecfff8aeba7,timestamped_live_quote,FBS vs FBS
2026-10-01T20:35:46Z,a2f7df0b000c054abd3cbc6f4a4b2432,2026-10-03T23:30:00Z,Boise State Broncos,Utah State Aggies,lowvig,LowVig.ag,2026-10-01T20:34:27Z,2026-10-01T20:34:27Z,Boise State Broncos,-20.5,-101.0,2026,2026-10-01T20:35:46Z,1344,9.563150560618105,-0.8394877930819681,12.902638353700073,807aa80048d80e577104f04f9dc527bcbdecbac1e0bd777c98286ecfff8aeba7,timestamped_live_quote,FBS vs FBS
2026-10-01T20:35:46Z,a2f7df0b000c054abd3cbc6f4a4b2432,2026-10-03T23:30:00Z,Boise State Broncos,Utah State Aggies,lowvig,LowVig.ag,2026-10-01T20:34:27Z,2026-10-01T20:34:27Z,Utah State Aggies,20.5,-111.0,2026,2026-10-01T20:35:46Z,1344,9.563150560618105,-0.8394877930819681,12.902638353700073,807aa80048d80e577104f04f9dc527bcbdecbac1e0bd777c98286ecfff8aeba7,timestamped_live_quote,FBS vs FBS
2026-10-01T20:35:46Z,a2f7df0b000c054abd3cbc6f4a4b2432,2026-10-03T23:30:00Z,Boise State Broncos,Utah State Aggies,draftkings,DraftKings,2026-10-01T20:35:46Z,2026-10-01T20:35:46Z,Boise State Broncos,-20.5,-110.0,2026,2026-10-01T20:35:46Z,1344,9.563150560618105,-0.8394877930819681,12.902638353700073,807aa80048d80e577104f04f9dc527bcbdecbac1e0bd777c98286ecfff8aeba7,timestamped_live_quote,FBS vs FBS
2026-10-01T20:35:46Z,a2f7df0b000c054abd3cbc6f4a4b2432,2026-10-03T23:30:00Z,Boise State Broncos,Utah State Aggies,draftkings,DraftKings,2026-10-01T20:35:46Z,2026-10-01T20:35:46Z,Utah State Aggies,20.5,-110.0,2026,2026-10-01T20:35:46Z,1344,9.563150560618105,-0.8394877930819681,12.902638353700073,807aa80048d80e577104f04f9dc527bcbdecbac1e0bd777c98286ecfff8aeba7,timestamped_live_quote,FBS vs FBS
2026-10-01T20:35:46Z,a2f7df0b000c054abd3cbc6f4a4b2432,2026-10-03T23:30:00Z,Boise State Broncos,Utah State Aggies,mybookieag,MyBookie.ag,2026-10-01T20:34:30Z,2026-10-01T20:34:30Z,Boise State Broncos,-20.5,-110.0,2026,2026-10-01T20:35:46Z,1344,9.563150560618105,-0.8394877930819681,12.902638353700073,807aa80048d80e577104f04f9dc527bcbdecbac1e0bd777c98286ecfff8aeba7,timestamped_live_quote,FBS vs FBS
2026-10-01T20:35:46Z,a2f7df0b000c054abd3cbc6f4a4b2432,2026-10-03T23:30:00Z,Boise State Broncos,Utah State Aggies,mybookieag,MyBookie.ag,2026-10-01T20:34:30Z,2026-10-01T20:34:30Z,Utah State Aggies,20.5,-110.0,2026,2026-10-01T20:35:46Z,1344,9.563150560618105,-0.8394877930819681,12.902638353700073,807aa80048d80e577104f04f9dc527bcbdecbac1e0bd777c98286ecfff8aeba7,timestamped_live_quote,FBS vs FBS
2026-10-01T20:35:46Z,a2f7df0b000c054abd3cbc6f4a4b2432,2026-10-03T23:30:00Z,Boise State Broncos,Utah State Aggies,betus,BetUS,2026-10-01T20:35:27Z,2026-10-01T20:35:27Z,Boise State Broncos,-20.0,-110.0,2026,2026-10-01T20:35:46Z,1344,9.563150560618105,-0.8394877930819681,12.902638353700073,807aa80048d80e577104f04f9dc527bcbdecbac1e0bd777c98286ecfff8aeba7,timestamped_live_quote,FBS vs FBS
2026-10-01T20:35:46Z,a2f7df0b000c054abd3cbc6f4a4b2432,2026-10-03T23:30:00Z,Boise State Broncos,Utah State Aggies,betus,BetUS,2026-10-01T20:35:27Z,2026-10-01T20:35:27Z,Utah State Aggies,20.0,-110.0,2026,2026-10-01T20:35:46Z,1344,9.563150560618105,-0.8394877930819681,12.902638353700073,807aa80048d80e577104f04f9dc527bcbdecbac1e0bd777c98286ecfff8aeba7,timestamped_live_quote,FBS vs FBS
2026-10-01T20:35:46Z,a2f7df0b000c054abd3cbc6f4a4b2432,2026-10-03T23:30:00Z,Boise State Broncos,Utah State Aggies,betmgm,BetMGM,2026-10-01T20:35:29Z,2026-10-01T20:35:29Z,Boise State Broncos,-20.0,-110.0,2026,2026-10-01T20:35:46Z,1344,9.563150560618105,-0.8394877930819681,12.902638353700073,807aa80048d80e577104f04f9dc527bcbdecbac1e0bd777c98286ecfff8aeba7,timestamped_live_quote,FBS vs FBS
2026-10-01T20:35:46Z,a2f7df0b000c054abd3cbc6f4a4b2432,2026-10-03T23:30:00Z,Boise State Broncos,Utah State Aggies,betmgm,BetMGM,2026-10-01T20:35:29Z,2026-10-01T20:35:29Z,Utah State Aggies,20.0,-108.0,2026,2026-10-01T20:35:46Z,1344,9.563150560618105,-0.8394877930819681,12.902638353700073,807aa80048d80e577104f04f9dc527bcbdecbac1e0bd777c98286ecfff8aeba7,timestamped_live_quote,FBS vs FBS
2026-10-01T20:35:46Z,a2f7df0b000c054abd3cbc6f4a4b2432,2026-10-03T23:30:00Z,Boise State Broncos,Utah State Aggies,bovada,Bovada,2026-10-01T20:31:42Z,2026-10-01T20:31:42Z,Boise State Broncos,-20.0,-110.0,2026,2026-10-01T20:35:46Z,1344,9.563150560618105,-0.8394877930819681,12.902638353700073,807aa80048d80e577104f04f9dc527bcbdecbac1e0bd777c98286ecfff8aeba7,timestamped_live_quote,FBS vs FBS
2026-10-01T20:35:46Z,a2f7df0b000c054abd3cbc6f4a4b2432,2026-10-03T23:30:00Z,Boise State Broncos,Utah State Aggies,bovada,Bovada,2026-10-01T20:31:42Z,2026-10-01T20:31:42Z,Utah State Aggies,20.0,-110.0,2026,2026-10-01T20:35:46Z,1344,9.563150560618105,-0.8394877930819681,12.902638353700073,807aa80048d80e577104f04f9dc527bcbdecbac1e0bd777c98286ecfff8aeba7,timestamped_live_quote,FBS vs FBS
2026-10-01T20:35:46Z,932c7f6dfe06be77192fe000e9f3ac9d,2026-10-03T23:30:00Z,Clemson Tigers,Miami Hurricanes,draftkings,DraftKings,2026-10-01T20:35:46Z,2026-10-01T20:35:46Z,Clemson Tigers,16.5,-105.0,2026,2026-10-01T20:35:46Z,1344,2.567187352348666,20.078812891065173,-15.011625538716508,807aa80048d80e577104f04f9dc527bcbdecbac1e0bd777c98286ecfff8aeba7,timestamped_live_quote,FBS vs FBS
2026-10-01T20:35:46Z,932c7f6dfe06be77192fe000e9f3ac9d,2026-10-03T23:30:00Z,Clemson Tigers,Miami Hurricanes,draftkings,DraftKings,2026-10-01T20:35:46Z,2026-10-01T20:35:46Z,Miami Hurricanes,-16.5,-115.0,2026,2026-10-01T20:35:46Z,1344,2.567187352348666,20.078812891065173,-15.011625538716508,807aa80048d80e577104f04f9dc527bcbdecbac1e0bd777c98286ecfff8aeba7,timestamped_live_quote,FBS vs FBS
2026-10-01T20:35:46Z,932c7f6dfe06be77192fe000e9f3ac9d,2026-10-03T23:30:00Z,Clemson Tigers,Miami Hurricanes,betmgm,BetMGM,2026-10-01T20:35:29Z,2026-10-01T20:35:29Z,Clemson Tigers,17.0,-120.0,2026,2026-10-01T20:35:46Z,1344,2.567187352348666,20.078812891065173,-15.011625538716508,807aa80048d80e577104f04f9dc527bcbdecbac1e0bd777c98286ecfff8aeba7,timestamped_live_quote,FBS vs FBS
2026-10-01T20:35:46Z,932c7f6dfe06be77192fe000e9f3ac9d,2026-10-03T23:30:00Z,Clemson Tigers,Miami Hurricanes,betmgm,BetMGM,2026-10-01T20:35:29Z,2026-10-01T20:35:29Z,Miami Hurricanes,-17.0,-110.0,2026,2026-10-01T20:35:46Z,1344,2.567187352348666,20.078812891065173,-15.011625538716508,807aa80048d80e577104f04f9dc527bcbdecbac1e0bd777c98286ecfff8aeba7,timestamped_live_quote,FBS vs FBS
2026-10-01T20:35:46Z,932c7f6dfe06be77192fe000e9f3ac9d,2026-10-03T23:30:00Z,Clemson Tigers,Miami Hurricanes,mybookieag,MyBookie.ag,2026-10-01T20:34:30Z,2026-10-01T20:34:30Z,Clemson Tigers,16.5,-110.0,2026,2026-10-01T20:35:46Z,1344,2.567187352348666,20.078812891065173,-15.011625538716508,807aa80048d80e577104f04f9dc527bcbdecbac1e0bd777c98286ecfff8aeba7,timestamped_live_quote,FBS vs FBS
2026-10-01T20:35:46Z,932c7f6dfe06be77192fe000e9f3ac9d,2026-10-03T23:30:00Z,Clemson Tigers,Miami Hurricanes,mybookieag,MyBookie.ag,2026-10-01T20:34:30Z,2026-10-01T20:34:30Z,Miami Hurricanes,-16.5,-110.0,2026,2026-10-01T20:35:46Z,1344,2.567187352348666,20.078812891065173,-15.011625538716508,807aa80048d80e577104f04f9dc527bcbdecbac1e0bd777c98286ecfff8aeba7,timestamped_live_quote,FBS vs FBS
2026-10-01T20:35:46Z,932c7f6dfe06be77192fe000e9f3ac9d,2026-10-03T23:30:00Z,Clemson Tigers,Miami Hurricanes,fanduel,FanDuel,2026-10-01T20:35:29Z,2026-10-01T20:35:29Z,Clemson Tigers,16.5,-105.0,2026,2026-10-01T20:35:46Z,1344,2.567187352348666,20.078812891065173,-15.011625538716508,807aa80048d80e577104f04f9dc527bcbdecbac1e0bd777c98286ecfff8aeba7,timestamped_live_quote,FBS vs FBS
2026-10-01T20:35:46Z,932c7f6dfe06be77192fe000e9f3ac9d,2026-10-03T23:30:00Z,Clemson Tigers,Miami Hurricanes,fanduel,FanDuel,2026-10-01T20:35:29Z,2026-10-01T20:35:29Z,Miami Hurricanes,-16.5,-115.0,2026,2026-10-01T20:35:46Z,1344,2.567187352348666,20.078812891065173,-15.011625538716508,807aa80048d80e577104f04f9dc527bcbdecbac1e0bd777c98286ecfff8aeba7,timestamped_live_quote,FBS vs FBS
2026-10-01T20:35:46Z,932c7f6dfe06be77192fe000e9f3ac9d,2026-10-03T23:30:00Z,Clemson Tigers,Miami Hurricanes,lowvig,LowVig.ag,2026-10-01T20:34:27Z,2026-10-01T20:34:27Z,Clemson Tigers,16.5,-101.0,2026,2026-10-01T20:35:46Z,1344,2.567187352348666,20.078812891065173,-15.011625538716508,807aa80048d80e577104f04f9dc527bcbdecbac1e0bd777c98286ecfff8aeba7,timestamped_live_quote,FBS vs FBS
2026-10-01T20:35:46Z,932c7f6dfe06be77192fe000e9f3ac9d,2026-10-03T23:30:00Z,Clemson Tigers,Miami Hurricanes,lowvig,LowVig.ag,2026-10-01T20:34:27Z,2026-10-01T20:34:27Z,Miami Hurricanes,-16.5,-111.0,2026,2026-10-01T20:35:46Z,1344,2.567187352348666,20.078812891065173,-15.011625538716508,807aa80048d80e577104f04f9dc527bcbdecbac1e0bd777c98286ecfff8aeba7,timestamped_live_quote,FBS vs FBS
2026-10-01T20:35:46Z,932c7f6dfe06be77192fe000e9f3ac9d,2026-10-03T23:30:00Z,Clemson Tigers,Miami Hurricanes,betonlineag,BetOnline.ag,2026-10-01T20:35:44Z,2026-10-01T20:35:44Z,Clemson Tigers,16.5,-105.0,2026,2026-10-01T20:35:46Z,1344,2.567187352348666,20.078812891065173,-15.011625538716508,807aa80048d80e577104f04f9dc527bcbdecbac1e0bd777c98286ecfff8aeba7,timestamped_live_quote,FBS vs FBS
2026-10-01T20:35:46Z,932c7f6dfe06be77192fe000e9f3ac9d,2026-10-03T23:30:00Z,Clemson Tigers,Miami Hurricanes,betonlineag,BetOnline.ag,2026-10-01T20:35:44Z,2026-10-01T20:35:44Z,Miami Hurricanes,-16.5,-115.0,2026,2026-10-01T20:35:46Z,1344,2.567187352348666,20.078812891065173,-15.011625538716508,807aa80048d80e577104f04f9dc527bcbdecbac1e0bd777c98286ecfff8aeba7,timestamped_live_quote,FBS vs FBS
2026-10-01T20:35:46Z,932c7f6dfe06be77192fe000e9f3ac9d,2026-10-03T23:30:00Z,Clemson Tigers,Miami Hurricanes,betus,BetUS,2026-10-01T20:35:27Z,2026-10-01T20:35:27Z,Clemson Tigers,16.5,-110.0,2026,2026-10-01T20:35:46Z,1344,2.567187352348666,20.078812891065173,-15.011625538716508,807aa80048d80e577104f04f9dc527bcbdecbac1e0bd777c98286ecfff8aeba7,timestamped_live_quote,FBS vs FBS
2026-10-01T20:35:46Z,932c7f6dfe06be77192fe000e9f3ac9d,2026-10-03T23:30:00Z,Clemson Tigers,Miami Hurricanes,betus,BetUS,2026-10-01T20:35:27Z,2026-10-01T20:35:27Z,Miami Hurricanes,-16.5,-110.0,2026,2026-10-01T20:35:46Z,1344,2.567187352348666,20.078812891065173,-15.011625538716508,807aa80048d80e577104f04f9dc527bcbdecbac1e0bd777c98286ecfff8aeba7,timestamped_live_quote,FBS vs FBS
2026-10-01T20:35:46Z,932c7f6dfe06be77192fe000e9f3ac9d,2026-10-03T23:30:00Z,Clemson Tigers,Miami Hurricanes,bovada,Bovada,2026-10-01T20:31:42Z,2026-10-01T20:31:42Z,Clemson Tigers,17.0,-110.0,2026,2026-10-01T20:35:46Z,1344,2.567187352348666,20.078812891065173,-15.011625538716508,807aa80048d80e577104f04f9dc527bcbdecbac1e0bd777c98286ecfff8aeba7,timestamped_live_quote,FBS vs FBS
2026-10-01T20:35:46Z,932c7f6dfe06be77192fe000e9f3ac9d,2026-10-03T23:30:00Z,Clemson Tigers,Miami Hurricanes,bovada,Bovada,2026-10-01T20:31:42Z,2026-10-01T20:31:42Z,Miami Hurricanes,-17.0,-110.0,2026,2026-10-01T20:35:46Z,1344,2.567187352348666,20.078812891065173,-15.011625538716508,807aa80048d80e577104f04f9dc527bcbdecbac1e0bd777c98286ecfff8aeba7,timestamped_live_quote,FBS vs FBS
2026-10-01T20:35:46Z,6338f8a71aba32414791add2d358472d,2026-10-03T23:30:00Z,South Florida Bulls,Temple Owls,fanduel,FanDuel,2026-10-01T20:35:29Z,2026-10-01T20:35:29Z,South Florida Bulls,-6.5,-110.0,2026,2026-10-01T20:35:46Z,1344,7.347973856109944,2.9231649589564714,6.924808897153473,807aa80048d80e577104f04f9dc527bcbdecbac1e0bd777c98286ecfff8aeba7,timestamped_live_quote,FBS vs FBS
2026-10-01T20:35:46Z,6338f8a71aba32414791add2d358472d,2026-10-03T23:30:00Z,South Florida Bulls,Temple Owls,fanduel,FanDuel,2026-10-01T20:35:29Z,2026-10-01T20:35:29Z,Temple Owls,6.5,-110.0,2026,2026-10-01T20:35:46Z,1344,7.347973856109944,2.9231649589564714,6.924808897153473,807aa80048d80e577104f04f9dc527bcbdecbac1e0bd777c98286ecfff8aeba7,timestamped_live_quote,FBS vs FBS
2026-10-01T20:35:46Z,6338f8a71aba32414791add2d358472d,2026-10-03T23:30:00Z,South Florida Bulls,Temple Owls,draftkings,DraftKings,2026-10-01T20:35:46Z,2026-10-01T20:35:46Z,South Florida Bulls,-6.5,-112.0,2026,2026-10-01T20:35:46Z,1344,7.347973856109944,2.9231649589564714,6.924808897153473,807aa80048d80e577104f04f9dc527bcbdecbac1e0bd777c98286ecfff8aeba7,timestamped_live_quote,FBS vs FBS
2026-10-01T20:35:46Z,6338f8a71aba32414791add2d358472d,2026-10-03T23:30:00Z,South Florida Bulls,Temple Owls,draftkings,DraftKings,2026-10-01T20:35:46Z,2026-10-01T20:35:46Z,Temple Owls,6.5,-108.0,2026,2026-10-01T20:35:46Z,1344,7.347973856109944,2.9231649589564714,6.924808897153473,807aa80048d80e577104f04f9dc527bcbdecbac1e0bd777c98286ecfff8aeba7,timestamped_live_quote,FBS vs FBS
2026-10-01T20:35:46Z,6338f8a71aba32414791add2d358472d,2026-10-03T23:30:00Z,South Florida Bulls,Temple Owls,betonlineag,BetOnline.ag,2026-10-01T20:35:44Z,2026-10-01T20:35:44Z,South Florida Bulls,-6.5,-104.0,2026,2026-10-01T20:35:46Z,1344,7.347973856109944,2.9231649589564714,6.924808897153473,807aa80048d80e577104f04f9dc527bcbdecbac1e0bd777c98286ecfff8aeba7,timestamped_live_quote,FBS vs FBS
2026-10-01T20:35:46Z,6338f8a71aba32414791add2d358472d,2026-10-03T23:30:00Z,South Florida Bulls,Temple Owls,betonlineag,BetOnline.ag,2026-10-01T20:35:44Z,2026-10-01T20:35:44Z,Temple Owls,6.5,-116.0,2026,2026-10-01T20:35:46Z,1344,7.347973856109944,2.9231649589564714,6.924808897153473,807aa80048d80e577104f04f9dc527bcbdecbac1e0bd777c98286ecfff8aeba7,timestamped_live_quote,FBS vs FBS
2026-10-01T20:35:46Z,6338f8a71aba32414791add2d358472d,2026-10-03T23:30:00Z,South Florida Bulls,Temple Owls,lowvig,LowVig.ag,2026-10-01T20:34:27Z,2026-10-01T20:34:27Z,South Florida Bulls,-6.5,100.0,2026,2026-10-01T20:35:46Z,1344,7.347973856109944,2.9231649589564714,6.924808897153473,807aa80048d80e577104f04f9dc527bcbdecbac1e0bd777c98286ecfff8aeba7,timestamped_live_quote,FBS vs FBS
2026-10-01T20:35:46Z,6338f8a71aba32414791add2d358472d,2026-10-03T23:30:00Z,South Florida Bulls,Temple Owls,lowvig,LowVig.ag,2026-10-01T20:34:27Z,2026-10-01T20:34:27Z,Temple Owls,6.5,-112.0,2026,2026-10-01T20:35:46Z,1344,7.347973856109944,2.9231649589564714,6.924808897153473,807aa80048d80e577104f04f9dc527bcbdecbac1e0bd777c98286ecfff8aeba7,timestamped_live_quote,FBS vs FBS
2026-10-01T20:35:46Z,6338f8a71aba32414791add2d358472d,2026-10-03T23:30:00Z,South Florida Bulls,Temple Owls,mybookieag,MyBookie.ag,2026-10-01T20:34:30Z,2026-10-01T20:34:30Z,South Florida Bulls,-6.5,-110.0,2026,2026-10-01T20:35:46Z,1344,7.347973856109944,2.9231649589564714,6.924808897153473,807aa80048d80e577104f04f9dc527bcbdecbac1e0bd777c98286ecfff8aeba7,timestamped_live_quote,FBS vs FBS
2026-10-01T20:35:46Z,6338f8a71aba32414791add2d358472d,2026-10-03T23:30:00Z,South Florida Bulls,Temple Owls,mybookieag,MyBookie.ag,2026-10-01T20:34:30Z,2026-10-01T20:34:30Z,Temple Owls,6.5,-110.0,2026,2026-10-01T20:35:46Z,1344,7.347973856109944,2.9231649589564714,6.924808897153473,807aa80048d80e577104f04f9dc527bcbdecbac1e0bd777c98286ecfff8aeba7,timestamped_live_quote,FBS vs FBS
2026-10-01T20:35:46Z,6338f8a71aba32414791add2d358472d,2026-10-03T23:30:00Z,South Florida Bulls,Temple Owls,betus,BetUS,2026-10-01T20:35:27Z,2026-10-01T20:35:27Z,South Florida Bulls,-6.5,-105.0,2026,2026-10-01T20:35:46Z,1344,7.347973856109944,2.9231649589564714,6.924808897153473,807aa80048d80e577104f04f9dc527bcbdecbac1e0bd777c98286ecfff8aeba7,timestamped_live_quote,FBS vs FBS
2026-10-01T20:35:46Z,6338f8a71aba32414791add2d358472d,2026-10-03T23:30:00Z,South Florida Bulls,Temple Owls,betus,BetUS,2026-10-01T20:35:27Z,2026-10-01T20:35:27Z,Temple Owls,6.5,-115.0,2026,2026-10-01T20:35:46Z,1344,7.347973856109944,2.9231649589564714,6.924808897153473,807aa80048d80e577104f04f9dc527bcbdecbac1e0bd777c98286ecfff8aeba7,timestamped_live_quote,FBS vs FBS
2026-10-01T20:35:46Z,6338f8a71aba32414791add2d358472d,2026-10-03T23:30:00Z,South Florida Bulls,Temple Owls,betmgm,BetMGM,2026-10-01T20:35:29Z,2026-10-01T20:35:29Z,South Florida Bulls,-6.5,-108.0,2026,2026-10-01T20:35:46Z,1344,7.347973856109944,2.9231649589564714,6.924808897153473,807aa80048d80e577104f04f9dc527bcbdecbac1e0bd777c98286ecfff8aeba7,timestamped_live_quote,FBS vs FBS
2026-10-01T20:35:46Z,6338f8a71aba32414791add2d358472d,2026-10-03T23:30:00Z,South Florida Bulls,Temple Owls,betmgm,BetMGM,2026-10-01T20:35:29Z,2026-10-01T20:35:29Z,Temple Owls,6.5,-110.0,2026,2026-10-01T20:35:46Z,1344,7.347973856109944,2.9231649589564714,6.924808897153473,807aa80048d80e577104f04f9dc527bcbdecbac1e0bd777c98286ecfff8aeba7,timestamped_live_quote,FBS vs FBS
2026-10-01T20:35:46Z,6338f8a71aba32414791add2d358472d,2026-10-03T23:30:00Z,South Florida Bulls,Temple Owls,bovada,Bovada,2026-10-01T20:31:42Z,2026-10-01T20:31:42Z,South Florida Bulls,-6.5,-110.0,2026,2026-10-01T20:35:46Z,1344,7.347973856109944,2.9231649589564714,6.924808897153473,807aa80048d80e577104f04f9dc527bcbdecbac1e0bd777c98286ecfff8aeba7,timestamped_live_quote,FBS vs FBS
2026-10-01T20:35:46Z,6338f8a71aba32414791add2d358472d,2026-10-03T23:30:00Z,South Florida Bulls,Temple Owls,bovada,Bovada,2026-10-01T20:31:42Z,2026-10-01T20:31:42Z,Temple Owls,6.5,-110.0,2026,2026-10-01T20:35:46Z,1344,7.347973856109944,2.9231649589564714,6.924808897153473,807aa80048d80e577104f04f9dc527bcbdecbac1e0bd777c98286ecfff8aeba7,timestamped_live_quote,FBS vs FBS
2026-10-01T20:35:46Z,f981648dba0e71d8517d47d31aa2633d,2026-10-03T23:30:00Z,USC Trojans,Washington Huskies,draftkings,DraftKings,2026-10-01T20:35:46Z,2026-10-01T20:35:46Z,USC Trojans,-8.5,-112.0,2026,2026-10-01T20:35:46Z,1344,9.539312484093841,4.701284481318983,7.338028002774858,807aa80048d80e577104f04f9dc527bcbdecbac1e0bd777c98286ecfff8aeba7,timestamped_live_quote,FBS vs FBS
2026-10-01T20:35:46Z,f981648dba0e71d8517d47d31aa2633d,2026-10-03T23:30:00Z,USC Trojans,Washington Huskies,draftkings,DraftKings,2026-10-01T20:35:46Z,2026-10-01T20:35:46Z,Washington Huskies,8.5,-108.0,2026,2026-10-01T20:35:46Z,1344,9.539312484093841,4.701284481318983,7.338028002774858,807aa80048d80e577104f04f9dc527bcbdecbac1e0bd777c98286ecfff8aeba7,timestamped_live_quote,FBS vs FBS
2026-10-01T20:35:46Z,f981648dba0e71d8517d47d31aa2633d,2026-10-03T23:30:00Z,USC Trojans,Washington Huskies,fanduel,FanDuel,2026-10-01T20:35:29Z,2026-10-01T20:35:29Z,USC Trojans,-9.5,-104.0,2026,2026-10-01T20:35:46Z,1344,9.539312484093841,4.701284481318983,7.338028002774858,807aa80048d80e577104f04f9dc527bcbdecbac1e0bd777c98286ecfff8aeba7,timestamped_live_quote,FBS vs FBS
2026-10-01T20:35:46Z,f981648dba0e71d8517d47d31aa2633d,2026-10-03T23:30:00Z,USC Trojans,Washington Huskies,fanduel,FanDuel,2026-10-01T20:35:29Z,2026-10-01T20:35:29Z,Washington Huskies,9.5,-118.0,2026,2026-10-01T20:35:46Z,1344,9.539312484093841,4.701284481318983,7.338028002774858,807aa80048d80e577104f04f9dc527bcbdecbac1e0bd777c98286ecfff8aeba7,timestamped_live_quote,FBS vs FBS
2026-10-01T20:35:46Z,f981648dba0e71d8517d47d31aa2633d,2026-10-03T23:30:00Z,USC Trojans,Washington Huskies,lowvig,LowVig.ag,2026-10-01T20:34:27Z,2026-10-01T20:34:27Z,USC Trojans,-9.0,-106.0,2026,2026-10-01T20:35:46Z,1344,9.539312484093841,4.701284481318983,7.338028002774858,807aa80048d80e577104f04f9dc527bcbdecbac1e0bd777c98286ecfff8aeba7,timestamped_live_quote,FBS vs FBS
2026-10-01T20:35:46Z,f981648dba0e71d8517d47d31aa2633d,2026-10-03T23:30:00Z,USC Trojans,Washington Huskies,lowvig,LowVig.ag,2026-10-01T20:34:27Z,2026-10-01T20:34:27Z,Washington Huskies,9.0,-106.0,2026,2026-10-01T20:35:46Z,1344,9.539312484093841,4.701284481318983,7.338028002774858,807aa80048d80e577104f04f9dc527bcbdecbac1e0bd777c98286ecfff8aeba7,timestamped_live_quote,FBS vs FBS
2026-10-01T20:35:46Z,f981648dba0e71d8517d47d31aa2633d,2026-10-03T23:30:00Z,USC Trojans,Washington Huskies,betonlineag,BetOnline.ag,2026-10-01T20:35:44Z,2026-10-01T20:35:44Z,USC Trojans,-9.0,-110.0,2026,2026-10-01T20:35:46Z,1344,9.539312484093841,4.701284481318983,7.338028002774858,807aa80048d80e577104f04f9dc527bcbdecbac1e0bd777c98286ecfff8aeba7,timestamped_live_quote,FBS vs FBS
2026-10-01T20:35:46Z,f981648dba0e71d8517d47d31aa2633d,2026-10-03T23:30:00Z,USC Trojans,Washington Huskies,betonlineag,BetOnline.ag,2026-10-01T20:35:44Z,2026-10-01T20:35:44Z,Washington Huskies,9.0,-110.0,2026,2026-10-01T20:35:46Z,1344,9.539312484093841,4.701284481318983,7.338028002774858,807aa80048d80e577104f04f9dc527bcbdecbac1e0bd777c98286ecfff8aeba7,timestamped_live_quote,FBS vs FBS
2026-10-01T20:35:46Z,f981648dba0e71d8517d47d31aa2633d,2026-10-03T23:30:00Z,USC Trojans,Washington Huskies,betus,BetUS,2026-10-01T20:35:27Z,2026-10-01T20:35:27Z,USC Trojans,-9.5,-110.0,2026,2026-10-01T20:35:46Z,1344,9.539312484093841,4.701284481318983,7.338028002774858,807aa80048d80e577104f04f9dc527bcbdecbac1e0bd777c98286ecfff8aeba7,timestamped_live_quote,FBS vs FBS
2026-10-01T20:35:46Z,f981648dba0e71d8517d47d31aa2633d,2026-10-03T23:30:00Z,USC Trojans,Washington Huskies,betus,BetUS,2026-10-01T20:35:27Z,2026-10-01T20:35:27Z,Washington Huskies,9.5,-110.0,2026,2026-10-01T20:35:46Z,1344,9.539312484093841,4.701284481318983,7.338028002774858,807aa80048d80e577104f04f9dc527bcbdecbac1e0bd777c98286ecfff8aeba7,timestamped_live_quote,FBS vs FBS
2026-10-01T20:35:46Z,f981648dba0e71d8517d47d31aa2633d,2026-10-03T23:30:00Z,USC Trojans,Washington Huskies,betmgm,BetMGM,2026-10-01T20:35:29Z,2026-10-01T20:35:29Z,USC Trojans,-8.5,-108.0,2026,2026-10-01T20:35:46Z,1344,9.539312484093841,4.701284481318983,7.338028002774858,807aa80048d80e577104f04f9dc527bcbdecbac1e0bd777c98286ecfff8aeba7,timestamped_live_quote,FBS vs FBS
2026-10-01T20:35:46Z,f981648dba0e71d8517d47d31aa2633d,2026-10-03T23:30:00Z,USC Trojans,Washington Huskies,betmgm,BetMGM,2026-10-01T20:35:29Z,2026-10-01T20:35:29Z,Washington Huskies,8.5,-110.0,2026,2026-10-01T20:35:46Z,1344,9.539312484093841,4.701284481318983,7.338028002774858,807aa80048d80e577104f04f9dc527bcbdecbac1e0bd777c98286ecfff8aeba7,timestamped_live_quote,FBS vs FBS
2026-10-01T20:35:46Z,f981648dba0e71d8517d47d31aa2633d,2026-10-03T23:30:00Z,USC Trojans,Washington Huskies,mybookieag,MyBookie.ag,2026-10-01T20:34:30Z,2026-10-01T20:34:30Z,USC Trojans,-9.0,-110.0,2026,2026-10-01T20:35:46Z,1344,9.539312484093841,4.701284481318983,7.338028002774858,807aa80048d80e577104f04f9dc527bcbdecbac1e0bd777c98286ecfff8aeba7,timestamped_live_quote,FBS vs FBS
2026-10-01T20:35:46Z,f981648dba0e71d8517d47d31aa2633d,2026-10-03T23:30:00Z,USC Trojans,Washington Huskies,mybookieag,MyBookie.ag,2026-10-01T20:34:30Z,2026-10-01T20:34:30Z,Washington Huskies,9.0,-110.0,2026,2026-10-01T20:35:46Z,1344,9.539312484093841,4.701284481318983,7.338028002774858,807aa80048d80e577104f04f9dc527bcbdecbac1e0bd777c98286ecfff8aeba7,timestamped_live_quote,FBS vs FBS
2026-10-01T20:35:46Z,f981648dba0e71d8517d47d31aa2633d,2026-10-03T23:30:00Z,USC Trojans,Washington Huskies,bovada,Bovada,2026-10-01T20:31:42Z,2026-10-01T20:31:42Z,USC Trojans,-9.0,-110.0,2026,2026-10-01T20:35:46Z,1344,9.539312484093841,4.701284481318983,7.338028002774858,807aa80048d80e577104f04f9dc527bcbdecbac1e0bd777c98286ecfff8aeba7,timestamped_live_quote,FBS vs FBS
2026-10-01T20:35:46Z,f981648dba0e71d8517d47d31aa2633d,2026-10-03T23:30:00Z,USC Trojans,Washington Huskies,bovada,Bovada,2026-10-01T20:31:42Z,2026-10-01T20:31:42Z,Washington Huskies,9.0,-110.0,2026,2026-10-01T20:35:46Z,1344,9.539312484093841,4.701284481318983,7.338028002774858,807aa80048d80e577104f04f9dc527bcbdecbac1e0bd777c98286ecfff8aeba7,timestamped_live_quote,FBS vs FBS
2026-10-01T20:35:46Z,253e389201e449a2984a194e3eebf7f8,2026-10-03T23:31:00Z,Colorado Buffaloes,Texas Tech Red Raiders,fanduel,FanDuel,2026-10-01T20:35:29Z,2026-10-01T20:35:29Z,Colorado Buffaloes,12.5,-110.0,2026,2026-10-01T20:35:46Z,1344,1.1074993310385604,10.64804832956414,-7.04054899852558,807aa80048d80e577104f04f9dc527bcbdecbac1e0bd777c98286ecfff8aeba7,timestamped_live_quote,FBS vs FBS
2026-10-01T20:35:46Z,253e389201e449a2984a194e3eebf7f8,2026-10-03T23:31:00Z,Colorado Buffaloes,Texas Tech Red Raiders,fanduel,FanDuel,2026-10-01T20:35:29Z,2026-10-01T20:35:29Z,Texas Tech Red Raiders,-12.5,-110.0,2026,2026-10-01T20:35:46Z,1344,1.1074993310385604,10.64804832956414,-7.04054899852558,807aa80048d80e577104f04f9dc527bcbdecbac1e0bd777c98286ecfff8aeba7,timestamped_live_quote,FBS vs FBS
2026-10-01T20:35:46Z,253e389201e449a2984a194e3eebf7f8,2026-10-03T23:31:00Z,Colorado Buffaloes,Texas Tech Red Raiders,draftkings,DraftKings,2026-10-01T20:35:46Z,2026-10-01T20:35:46Z,Colorado Buffaloes,12.5,-108.0,2026,2026-10-01T20:35:46Z,1344,1.1074993310385604,10.64804832956414,-7.04054899852558,807aa80048d80e577104f04f9dc527bcbdecbac1e0bd777c98286ecfff8aeba7,timestamped_live_quote,FBS vs FBS
2026-10-01T20:35:46Z,253e389201e449a2984a194e3eebf7f8,2026-10-03T23:31:00Z,Colorado Buffaloes,Texas Tech Red Raiders,draftkings,DraftKings,2026-10-01T20:35:46Z,2026-10-01T20:35:46Z,Texas Tech Red Raiders,-12.5,-112.0,2026,2026-10-01T20:35:46Z,1344,1.1074993310385604,10.64804832956414,-7.04054899852558,807aa80048d80e577104f04f9dc527bcbdecbac1e0bd777c98286ecfff8aeba7,timestamped_live_quote,FBS vs FBS
2026-10-01T20:35:46Z,253e389201e449a2984a194e3eebf7f8,2026-10-03T23:31:00Z,Colorado Buffaloes,Texas Tech Red Raiders,lowvig,LowVig.ag,2026-10-01T20:34:27Z,2026-10-01T20:34:27Z,Colorado Buffaloes,13.0,-106.0,2026,2026-10-01T20:35:46Z,1344,1.1074993310385604,10.64804832956414,-7.04054899852558,807aa80048d80e577104f04f9dc527bcbdecbac1e0bd777c98286ecfff8aeba7,timestamped_live_quote,FBS vs FBS
2026-10-01T20:35:46Z,253e389201e449a2984a194e3eebf7f8,2026-10-03T23:31:00Z,Colorado Buffaloes,Texas Tech Red Raiders,lowvig,LowVig.ag,2026-10-01T20:34:27Z,2026-10-01T20:34:27Z,Texas Tech Red Raiders,-13.0,-106.0,2026,2026-10-01T20:35:46Z,1344,1.1074993310385604,10.64804832956414,-7.04054899852558,807aa80048d80e577104f04f9dc527bcbdecbac1e0bd777c98286ecfff8aeba7,timestamped_live_quote,FBS vs FBS
2026-10-01T20:35:46Z,253e389201e449a2984a194e3eebf7f8,2026-10-03T23:31:00Z,Colorado Buffaloes,Texas Tech Red Raiders,betonlineag,BetOnline.ag,2026-10-01T20:35:44Z,2026-10-01T20:35:44Z,Colorado Buffaloes,13.0,-110.0,2026,2026-10-01T20:35:46Z,1344,1.1074993310385604,10.64804832956414,-7.04054899852558,807aa80048d80e577104f04f9dc527bcbdecbac1e0bd777c98286ecfff8aeba7,timestamped_live_quote,FBS vs FBS
2026-10-01T20:35:46Z,253e389201e449a2984a194e3eebf7f8,2026-10-03T23:31:00Z,Colorado Buffaloes,Texas Tech Red Raiders,betonlineag,BetOnline.ag,2026-10-01T20:35:44Z,2026-10-01T20:35:44Z,Texas Tech Red Raiders,-13.0,-110.0,2026,2026-10-01T20:35:46Z,1344,1.1074993310385604,10.64804832956414,-7.04054899852558,807aa80048d80e577104f04f9dc527bcbdecbac1e0bd777c98286ecfff8aeba7,timestamped_live_quote,FBS vs FBS
2026-10-01T20:35:46Z,253e389201e449a2984a194e3eebf7f8,2026-10-03T23:31:00Z,Colorado Buffaloes,Texas Tech Red Raiders,mybookieag,MyBookie.ag,2026-10-01T20:34:30Z,2026-10-01T20:34:30Z,Colorado Buffaloes,13.0,-110.0,2026,2026-10-01T20:35:46Z,1344,1.1074993310385604,10.64804832956414,-7.04054899852558,807aa80048d80e577104f04f9dc527bcbdecbac1e0bd777c98286ecfff8aeba7,timestamped_live_quote,FBS vs FBS
2026-10-01T20:35:46Z,253e389201e449a2984a194e3eebf7f8,2026-10-03T23:31:00Z,Colorado Buffaloes,Texas Tech Red Raiders,mybookieag,MyBookie.ag,2026-10-01T20:34:30Z,2026-10-01T20:34:30Z,Texas Tech Red Raiders,-13.0,-110.0,2026,2026-10-01T20:35:46Z,1344,1.1074993310385604,10.64804832956414,-7.04054899852558,807aa80048d80e577104f04f9dc527bcbdecbac1e0bd777c98286ecfff8aeba7,timestamped_live_quote,FBS vs FBS
2026-10-01T20:35:46Z,253e389201e449a2984a194e3eebf7f8,2026-10-03T23:31:00Z,Colorado Buffaloes,Texas Tech Red Raiders,betus,BetUS,2026-10-01T20:35:27Z,2026-10-01T20:35:27Z,Colorado Buffaloes,13.0,-110.0,2026,2026-10-01T20:35:46Z,1344,1.1074993310385604,10.64804832956414,-7.04054899852558,807aa80048d80e577104f04f9dc527bcbdecbac1e0bd777c98286ecfff8aeba7,timestamped_live_quote,FBS vs FBS
2026-10-01T20:35:46Z,253e389201e449a2984a194e3eebf7f8,2026-10-03T23:31:00Z,Colorado Buffaloes,Texas Tech Red Raiders,betus,BetUS,2026-10-01T20:35:27Z,2026-10-01T20:35:27Z,Texas Tech Red Raiders,-13.0,-110.0,2026,2026-10-01T20:35:46Z,1344,1.1074993310385604,10.64804832956414,-7.04054899852558,807aa80048d80e577104f04f9dc527bcbdecbac1e0bd777c98286ecfff8aeba7,timestamped_live_quote,FBS vs FBS
2026-10-01T20:35:46Z,253e389201e449a2984a194e3eebf7f8,2026-10-03T23:31:00Z,Colorado Buffaloes,Texas Tech Red Raiders,betmgm,BetMGM,2026-10-01T20:35:29Z,2026-10-01T20:35:29Z,Colorado Buffaloes,13.0,-110.0,2026,2026-10-01T20:35:46Z,1344,1.1074993310385604,10.64804832956414,-7.04054899852558,807aa80048d80e577104f04f9dc527bcbdecbac1e0bd777c98286ecfff8aeba7,timestamped_live_quote,FBS vs FBS
2026-10-01T20:35:46Z,253e389201e449a2984a194e3eebf7f8,2026-10-03T23:31:00Z,Colorado Buffaloes,Texas Tech Red Raiders,betmgm,BetMGM,2026-10-01T20:35:29Z,2026-10-01T20:35:29Z,Texas Tech Red Raiders,-13.0,-108.0,2026,2026-10-01T20:35:46Z,1344,1.1074993310385604,10.64804832956414,-7.04054899852558,807aa80048d80e577104f04f9dc527bcbdecbac1e0bd777c98286ecfff8aeba7,timestamped_live_quote,FBS vs FBS
2026-10-01T20:35:46Z,253e389201e449a2984a194e3eebf7f8,2026-10-03T23:31:00Z,Colorado Buffaloes,Texas Tech Red Raiders,bovada,Bovada,2026-10-01T20:31:42Z,2026-10-01T20:31:42Z,Colorado Buffaloes,12.5,-105.0,2026,2026-10-01T20:35:46Z,1344,1.1074993310385604,10.64804832956414,-7.04054899852558,807aa80048d80e577104f04f9dc527bcbdecbac1e0bd777c98286ecfff8aeba7,timestamped_live_quote,FBS vs FBS
2026-10-01T20:35:46Z,253e389201e449a2984a194e3eebf7f8,2026-10-03T23:31:00Z,Colorado Buffaloes,Texas Tech Red Raiders,bovada,Bovada,2026-10-01T20:31:42Z,2026-10-01T20:31:42Z,Texas Tech Red Raiders,-12.5,-115.0,2026,2026-10-01T20:35:46Z,1344,1.1074993310385604,10.64804832956414,-7.04054899852558,807aa80048d80e577104f04f9dc527bcbdecbac1e0bd777c98286ecfff8aeba7,timestamped_live_quote,FBS vs FBS
2026-10-01T20:35:46Z,833bd3a9f5a0da5b303a6a4304e2c6a3,2026-10-03T23:45:00Z,LSU Tigers,McNeese State Cowboys,fanduel,FanDuel,2026-10-01T20:35:29Z,2026-10-01T20:35:29Z,LSU Tigers,-53.5,-110.0,2026,2026-10-01T20:35:46Z,1344,,,,807aa80048d80e577104f04f9dc527bcbdecbac1e0bd777c98286ecfff8aeba7,division_safety_suppressed,Unverified division / FCS: model suppressed
2026-10-01T20:35:46Z,833bd3a9f5a0da5b303a6a4304e2c6a3,2026-10-03T23:45:00Z,LSU Tigers,McNeese State Cowboys,fanduel,FanDuel,2026-10-01T20:35:29Z,2026-10-01T20:35:29Z,McNeese State Cowboys,53.5,-110.0,2026,2026-10-01T20:35:46Z,1344,,,,807aa80048d80e577104f04f9dc527bcbdecbac1e0bd777c98286ecfff8aeba7,division_safety_suppressed,Unverified division / FCS: model suppressed
2026-10-01T20:35:46Z,833bd3a9f5a0da5b303a6a4304e2c6a3,2026-10-03T23:45:00Z,LSU Tigers,McNeese State Cowboys,draftkings,DraftKings,2026-10-01T20:35:46Z,2026-10-01T20:35:46Z,LSU Tigers,-53.5,-105.0,2026,2026-10-01T20:35:46Z,1344,,,,807aa80048d80e577104f04f9dc527bcbdecbac1e0bd777c98286ecfff8aeba7,division_safety_suppressed,Unverified division / FCS: model suppressed
2026-10-01T20:35:46Z,833bd3a9f5a0da5b303a6a4304e2c6a3,2026-10-03T23:45:00Z,LSU Tigers,McNeese State Cowboys,draftkings,DraftKings,2026-10-01T20:35:46Z,2026-10-01T20:35:46Z,McNeese State Cowboys,53.5,-115.0,2026,2026-10-01T20:35:46Z,1344,,,,807aa80048d80e577104f04f9dc527bcbdecbac1e0bd777c98286ecfff8aeba7,division_safety_suppressed,Unverified division / FCS: model suppressed
2026-10-01T20:35:46Z,833bd3a9f5a0da5b303a6a4304e2c6a3,2026-10-03T23:45:00Z,LSU Tigers,McNeese State Cowboys,lowvig,LowVig.ag,2026-10-01T20:34:27Z,2026-10-01T20:34:27Z,LSU Tigers,-53.0,-115.0,2026,2026-10-01T20:35:46Z,1344,,,,807aa80048d80e577104f04f9dc527bcbdecbac1e0bd777c98286ecfff8aeba7,division_safety_suppressed,Unverified division / FCS: model suppressed
2026-10-01T20:35:46Z,833bd3a9f5a0da5b303a6a4304e2c6a3,2026-10-03T23:45:00Z,LSU Tigers,McNeese State Cowboys,lowvig,LowVig.ag,2026-10-01T20:34:27Z,2026-10-01T20:34:27Z,McNeese State Cowboys,53.0,-115.0,2026,2026-10-01T20:35:46Z,1344,,,,807aa80048d80e577104f04f9dc527bcbdecbac1e0bd777c98286ecfff8aeba7,division_safety_suppressed,Unverified division / FCS: model suppressed
2026-10-01T20:35:46Z,833bd3a9f5a0da5b303a6a4304e2c6a3,2026-10-03T23:45:00Z,LSU Tigers,McNeese State Cowboys,betonlineag,BetOnline.ag,2026-10-01T20:35:44Z,2026-10-01T20:35:44Z,LSU Tigers,-53.0,-115.0,2026,2026-10-01T20:35:46Z,1344,,,,807aa80048d80e577104f04f9dc527bcbdecbac1e0bd777c98286ecfff8aeba7,division_safety_suppressed,Unverified division / FCS: model suppressed
2026-10-01T20:35:46Z,833bd3a9f5a0da5b303a6a4304e2c6a3,2026-10-03T23:45:00Z,LSU Tigers,McNeese State Cowboys,betonlineag,BetOnline.ag,2026-10-01T20:35:44Z,2026-10-01T20:35:44Z,McNeese State Cowboys,53.0,-115.0,2026,2026-10-01T20:35:46Z,1344,,,,807aa80048d80e577104f04f9dc527bcbdecbac1e0bd777c98286ecfff8aeba7,division_safety_suppressed,Unverified division / FCS: model suppressed
2026-10-01T20:35:46Z,1d3756ab74c013c39510958b5a632b74,2026-10-04T00:00:00Z,Louisiana Ragin Cajuns,Arkansas State Red Wolves,draftkings,DraftKings,2026-10-01T20:35:46Z,2026-10-01T20:35:46Z,Arkansas State Red Wolves,6.5,-105.0,2026,2026-10-01T20:35:46Z,1344,5.856247593614552,1.9042276968892304,6.4520198967253215,807aa80048d80e577104f04f9dc527bcbdecbac1e0bd777c98286ecfff8aeba7,timestamped_live_quote,FBS vs FBS
2026-10-01T20:35:46Z,1d3756ab74c013c39510958b5a632b74,2026-10-04T00:00:00Z,Louisiana Ragin Cajuns,Arkansas State Red Wolves,draftkings,DraftKings,2026-10-01T20:35:46Z,2026-10-01T20:35:46Z,Louisiana Ragin Cajuns,-6.5,-115.0,2026,2026-10-01T20:35:46Z,1344,5.856247593614552,1.9042276968892304,6.4520198967253215,807aa80048d80e577104f04f9dc527bcbdecbac1e0bd777c98286ecfff8aeba7,timestamped_live_quote,FBS vs FBS
2026-10-01T20:35:46Z,1d3756ab74c013c39510958b5a632b74,2026-10-04T00:00:00Z,Louisiana Ragin Cajuns,Arkansas State Red Wolves,betonlineag,BetOnline.ag,2026-10-01T20:35:44Z,2026-10-01T20:35:44Z,Arkansas State Red Wolves,6.0,-105.0,2026,2026-10-01T20:35:46Z,1344,5.856247593614552,1.9042276968892304,6.4520198967253215,807aa80048d80e577104f04f9dc527bcbdecbac1e0bd777c98286ecfff8aeba7,timestamped_live_quote,FBS vs FBS
2026-10-01T20:35:46Z,1d3756ab74c013c39510958b5a632b74,2026-10-04T00:00:00Z,Louisiana Ragin Cajuns,Arkansas State Red Wolves,betonlineag,BetOnline.ag,2026-10-01T20:35:44Z,2026-10-01T20:35:44Z,Louisiana Ragin Cajuns,-6.0,-115.0,2026,2026-10-01T20:35:46Z,1344,5.856247593614552,1.9042276968892304,6.4520198967253215,807aa80048d80e577104f04f9dc527bcbdecbac1e0bd777c98286ecfff8aeba7,timestamped_live_quote,FBS vs FBS
2026-10-01T20:35:46Z,1d3756ab74c013c39510958b5a632b74,2026-10-04T00:00:00Z,Louisiana Ragin Cajuns,Arkansas State Red Wolves,lowvig,LowVig.ag,2026-10-01T20:34:27Z,2026-10-01T20:34:27Z,Arkansas State Red Wolves,6.0,100.0,2026,2026-10-01T20:35:46Z,1344,5.856247593614552,1.9042276968892304,6.4520198967253215,807aa80048d80e577104f04f9dc527bcbdecbac1e0bd777c98286ecfff8aeba7,timestamped_live_quote,FBS vs FBS
2026-10-01T20:35:46Z,1d3756ab74c013c39510958b5a632b74,2026-10-04T00:00:00Z,Louisiana Ragin Cajuns,Arkansas State Red Wolves,lowvig,LowVig.ag,2026-10-01T20:34:27Z,2026-10-01T20:34:27Z,Louisiana Ragin Cajuns,-6.0,-112.0,2026,2026-10-01T20:35:46Z,1344,5.856247593614552,1.9042276968892304,6.4520198967253215,807aa80048d80e577104f04f9dc527bcbdecbac1e0bd777c98286ecfff8aeba7,timestamped_live_quote,FBS vs FBS
2026-10-01T20:35:46Z,1d3756ab74c013c39510958b5a632b74,2026-10-04T00:00:00Z,Louisiana Ragin Cajuns,Arkansas State Red Wolves,fanduel,FanDuel,2026-10-01T20:35:29Z,2026-10-01T20:35:29Z,Arkansas State Red Wolves,6.5,-104.0,2026,2026-10-01T20:35:46Z,1344,5.856247593614552,1.9042276968892304,6.4520198967253215,807aa80048d80e577104f04f9dc527bcbdecbac1e0bd777c98286ecfff8aeba7,timestamped_live_quote,FBS vs FBS
2026-10-01T20:35:46Z,1d3756ab74c013c39510958b5a632b74,2026-10-04T00:00:00Z,Louisiana Ragin Cajuns,Arkansas State Red Wolves,fanduel,FanDuel,2026-10-01T20:35:29Z,2026-10-01T20:35:29Z,Louisiana Ragin Cajuns,-6.5,-118.0,2026,2026-10-01T20:35:46Z,1344,5.856247593614552,1.9042276968892304,6.4520198967253215,807aa80048d80e577104f04f9dc527bcbdecbac1e0bd777c98286ecfff8aeba7,timestamped_live_quote,FBS vs FBS
2026-10-01T20:35:46Z,1d3756ab74c013c39510958b5a632b74,2026-10-04T00:00:00Z,Louisiana Ragin Cajuns,Arkansas State Red Wolves,mybookieag,MyBookie.ag,2026-10-01T20:34:30Z,2026-10-01T20:34:30Z,Arkansas State Red Wolves,6.5,-110.0,2026,2026-10-01T20:35:46Z,1344,5.856247593614552,1.9042276968892304,6.4520198967253215,807aa80048d80e577104f04f9dc527bcbdecbac1e0bd777c98286ecfff8aeba7,timestamped_live_quote,FBS vs FBS
2026-10-01T20:35:46Z,1d3756ab74c013c39510958b5a632b74,2026-10-04T00:00:00Z,Louisiana Ragin Cajuns,Arkansas State Red Wolves,mybookieag,MyBookie.ag,2026-10-01T20:34:30Z,2026-10-01T20:34:30Z,Louisiana Ragin Cajuns,-6.5,-110.0,2026,2026-10-01T20:35:46Z,1344,5.856247593614552,1.9042276968892304,6.4520198967253215,807aa80048d80e577104f04f9dc527bcbdecbac1e0bd777c98286ecfff8aeba7,timestamped_live_quote,FBS vs FBS
2026-10-01T20:35:46Z,1d3756ab74c013c39510958b5a632b74,2026-10-04T00:00:00Z,Louisiana Ragin Cajuns,Arkansas State Red Wolves,betus,BetUS,2026-10-01T20:35:27Z,2026-10-01T20:35:27Z,Arkansas State Red Wolves,6.0,-105.0,2026,2026-10-01T20:35:46Z,1344,5.856247593614552,1.9042276968892304,6.4520198967253215,807aa80048d80e577104f04f9dc527bcbdecbac1e0bd777c98286ecfff8aeba7,timestamped_live_quote,FBS vs FBS
2026-10-01T20:35:46Z,1d3756ab74c013c39510958b5a632b74,2026-10-04T00:00:00Z,Louisiana Ragin Cajuns,Arkansas State Red Wolves,betus,BetUS,2026-10-01T20:35:27Z,2026-10-01T20:35:27Z,Louisiana Ragin Cajuns,-6.0,-115.0,2026,2026-10-01T20:35:46Z,1344,5.856247593614552,1.9042276968892304,6.4520198967253215,807aa80048d80e577104f04f9dc527bcbdecbac1e0bd777c98286ecfff8aeba7,timestamped_live_quote,FBS vs FBS
2026-10-01T20:35:46Z,1d3756ab74c013c39510958b5a632b74,2026-10-04T00:00:00Z,Louisiana Ragin Cajuns,Arkansas State Red Wolves,betmgm,BetMGM,2026-10-01T20:35:29Z,2026-10-01T20:35:29Z,Arkansas State Red Wolves,6.5,-108.0,2026,2026-10-01T20:35:46Z,1344,5.856247593614552,1.9042276968892304,6.4520198967253215,807aa80048d80e577104f04f9dc527bcbdecbac1e0bd777c98286ecfff8aeba7,timestamped_live_quote,FBS vs FBS
2026-10-01T20:35:46Z,1d3756ab74c013c39510958b5a632b74,2026-10-04T00:00:00Z,Louisiana Ragin Cajuns,Arkansas State Red Wolves,betmgm,BetMGM,2026-10-01T20:35:29Z,2026-10-01T20:35:29Z,Louisiana Ragin Cajuns,-6.5,-110.0,2026,2026-10-01T20:35:46Z,1344,5.856247593614552,1.9042276968892304,6.4520198967253215,807aa80048d80e577104f04f9dc527bcbdecbac1e0bd777c98286ecfff8aeba7,timestamped_live_quote,FBS vs FBS
2026-10-01T20:35:46Z,1d3756ab74c013c39510958b5a632b74,2026-10-04T00:00:00Z,Louisiana Ragin Cajuns,Arkansas State Red Wolves,bovada,Bovada,2026-10-01T20:31:42Z,2026-10-01T20:31:42Z,Arkansas State Red Wolves,6.5,-110.0,2026,2026-10-01T20:35:46Z,1344,5.856247593614552,1.9042276968892304,6.4520198967253215,807aa80048d80e577104f04f9dc527bcbdecbac1e0bd777c98286ecfff8aeba7,timestamped_live_quote,FBS vs FBS
2026-10-01T20:35:46Z,1d3756ab74c013c39510958b5a632b74,2026-10-04T00:00:00Z,Louisiana Ragin Cajuns,Arkansas State Red Wolves,bovada,Bovada,2026-10-01T20:31:42Z,2026-10-01T20:31:42Z,Louisiana Ragin Cajuns,-6.5,-110.0,2026,2026-10-01T20:35:46Z,1344,5.856247593614552,1.9042276968892304,6.4520198967253215,807aa80048d80e577104f04f9dc527bcbdecbac1e0bd777c98286ecfff8aeba7,timestamped_live_quote,FBS vs FBS
2026-10-01T20:35:46Z,9dcccf34095cde7b0fe36250bb5be6f6,2026-10-04T00:00:00Z,Rutgers Scarlet Knights,Indiana Hoosiers,fanduel,FanDuel,2026-10-01T20:35:29Z,2026-10-01T20:35:29Z,Indiana Hoosiers,-24.5,-105.0,2026,2026-10-01T20:35:46Z,1344,3.037747222954825,15.607256487625873,-10.069509264671048,807aa80048d80e577104f04f9dc527bcbdecbac1e0bd777c98286ecfff8aeba7,timestamped_live_quote,FBS vs FBS
2026-10-01T20:35:46Z,9dcccf34095cde7b0fe36250bb5be6f6,2026-10-04T00:00:00Z,Rutgers Scarlet Knights,Indiana Hoosiers,fanduel,FanDuel,2026-10-01T20:35:29Z,2026-10-01T20:35:29Z,Rutgers Scarlet Knights,24.5,-115.0,2026,2026-10-01T20:35:46Z,1344,3.037747222954825,15.607256487625873,-10.069509264671048,807aa80048d80e577104f04f9dc527bcbdecbac1e0bd777c98286ecfff8aeba7,timestamped_live_quote,FBS vs FBS
2026-10-01T20:35:46Z,9dcccf34095cde7b0fe36250bb5be6f6,2026-10-04T00:00:00Z,Rutgers Scarlet Knights,Indiana Hoosiers,draftkings,DraftKings,2026-10-01T20:35:46Z,2026-10-01T20:35:46Z,Indiana Hoosiers,-24.5,-108.0,2026,2026-10-01T20:35:46Z,1344,3.037747222954825,15.607256487625873,-10.069509264671048,807aa80048d80e577104f04f9dc527bcbdecbac1e0bd777c98286ecfff8aeba7,timestamped_live_quote,FBS vs FBS
2026-10-01T20:35:46Z,9dcccf34095cde7b0fe36250bb5be6f6,2026-10-04T00:00:00Z,Rutgers Scarlet Knights,Indiana Hoosiers,draftkings,DraftKings,2026-10-01T20:35:46Z,2026-10-01T20:35:46Z,Rutgers Scarlet Knights,24.5,-112.0,2026,2026-10-01T20:35:46Z,1344,3.037747222954825,15.607256487625873,-10.069509264671048,807aa80048d80e577104f04f9dc527bcbdecbac1e0bd777c98286ecfff8aeba7,timestamped_live_quote,FBS vs FBS
2026-10-01T20:35:46Z,9dcccf34095cde7b0fe36250bb5be6f6,2026-10-04T00:00:00Z,Rutgers Scarlet Knights,Indiana Hoosiers,lowvig,LowVig.ag,2026-10-01T20:34:27Z,2026-10-01T20:34:27Z,Indiana Hoosiers,-24.0,-111.0,2026,2026-10-01T20:35:46Z,1344,3.037747222954825,15.607256487625873,-10.069509264671048,807aa80048d80e577104f04f9dc527bcbdecbac1e0bd777c98286ecfff8aeba7,timestamped_live_quote,FBS vs FBS
2026-10-01T20:35:46Z,9dcccf34095cde7b0fe36250bb5be6f6,2026-10-04T00:00:00Z,Rutgers Scarlet Knights,Indiana Hoosiers,lowvig,LowVig.ag,2026-10-01T20:34:27Z,2026-10-01T20:34:27Z,Rutgers Scarlet Knights,24.0,-101.0,2026,2026-10-01T20:35:46Z,1344,3.037747222954825,15.607256487625873,-10.069509264671048,807aa80048d80e577104f04f9dc527bcbdecbac1e0bd777c98286ecfff8aeba7,timestamped_live_quote,FBS vs FBS
2026-10-01T20:35:46Z,9dcccf34095cde7b0fe36250bb5be6f6,2026-10-04T00:00:00Z,Rutgers Scarlet Knights,Indiana Hoosiers,betonlineag,BetOnline.ag,2026-10-01T20:35:44Z,2026-10-01T20:35:44Z,Indiana Hoosiers,-24.0,-115.0,2026,2026-10-01T20:35:46Z,1344,3.037747222954825,15.607256487625873,-10.069509264671048,807aa80048d80e577104f04f9dc527bcbdecbac1e0bd777c98286ecfff8aeba7,timestamped_live_quote,FBS vs FBS
2026-10-01T20:35:46Z,9dcccf34095cde7b0fe36250bb5be6f6,2026-10-04T00:00:00Z,Rutgers Scarlet Knights,Indiana Hoosiers,betonlineag,BetOnline.ag,2026-10-01T20:35:44Z,2026-10-01T20:35:44Z,Rutgers Scarlet Knights,24.0,-105.0,2026,2026-10-01T20:35:46Z,1344,3.037747222954825,15.607256487625873,-10.069509264671048,807aa80048d80e577104f04f9dc527bcbdecbac1e0bd777c98286ecfff8aeba7,timestamped_live_quote,FBS vs FBS
2026-10-01T20:35:46Z,9dcccf34095cde7b0fe36250bb5be6f6,2026-10-04T00:00:00Z,Rutgers Scarlet Knights,Indiana Hoosiers,mybookieag,MyBookie.ag,2026-10-01T20:34:30Z,2026-10-01T20:34:30Z,Indiana Hoosiers,-24.5,-110.0,2026,2026-10-01T20:35:46Z,1344,3.037747222954825,15.607256487625873,-10.069509264671048,807aa80048d80e577104f04f9dc527bcbdecbac1e0bd777c98286ecfff8aeba7,timestamped_live_quote,FBS vs FBS
2026-10-01T20:35:46Z,9dcccf34095cde7b0fe36250bb5be6f6,2026-10-04T00:00:00Z,Rutgers Scarlet Knights,Indiana Hoosiers,mybookieag,MyBookie.ag,2026-10-01T20:34:30Z,2026-10-01T20:34:30Z,Rutgers Scarlet Knights,24.5,-110.0,2026,2026-10-01T20:35:46Z,1344,3.037747222954825,15.607256487625873,-10.069509264671048,807aa80048d80e577104f04f9dc527bcbdecbac1e0bd777c98286ecfff8aeba7,timestamped_live_quote,FBS vs FBS
2026-10-01T20:35:46Z,9dcccf34095cde7b0fe36250bb5be6f6,2026-10-04T00:00:00Z,Rutgers Scarlet Knights,Indiana Hoosiers,betus,BetUS,2026-10-01T20:35:27Z,2026-10-01T20:35:27Z,Indiana Hoosiers,-24.5,-105.0,2026,2026-10-01T20:35:46Z,1344,3.037747222954825,15.607256487625873,-10.069509264671048,807aa80048d80e577104f04f9dc527bcbdecbac1e0bd777c98286ecfff8aeba7,timestamped_live_quote,FBS vs FBS
2026-10-01T20:35:46Z,9dcccf34095cde7b0fe36250bb5be6f6,2026-10-04T00:00:00Z,Rutgers Scarlet Knights,Indiana Hoosiers,betus,BetUS,2026-10-01T20:35:27Z,2026-10-01T20:35:27Z,Rutgers Scarlet Knights,24.5,-115.0,2026,2026-10-01T20:35:46Z,1344,3.037747222954825,15.607256487625873,-10.069509264671048,807aa80048d80e577104f04f9dc527bcbdecbac1e0bd777c98286ecfff8aeba7,timestamped_live_quote,FBS vs FBS
2026-10-01T20:35:46Z,9dcccf34095cde7b0fe36250bb5be6f6,2026-10-04T00:00:00Z,Rutgers Scarlet Knights,Indiana Hoosiers,betmgm,BetMGM,2026-10-01T20:35:29Z,2026-10-01T20:35:29Z,Indiana Hoosiers,-24.5,-108.0,2026,2026-10-01T20:35:46Z,1344,3.037747222954825,15.607256487625873,-10.069509264671048,807aa80048d80e577104f04f9dc527bcbdecbac1e0bd777c98286ecfff8aeba7,timestamped_live_quote,FBS vs FBS
2026-10-01T20:35:46Z,9dcccf34095cde7b0fe36250bb5be6f6,2026-10-04T00:00:00Z,Rutgers Scarlet Knights,Indiana Hoosiers,betmgm,BetMGM,2026-10-01T20:35:29Z,2026-10-01T20:35:29Z,Rutgers Scarlet Knights,24.5,-110.0,2026,2026-10-01T20:35:46Z,1344,3.037747222954825,15.607256487625873,-10.069509264671048,807aa80048d80e577104f04f9dc527bcbdecbac1e0bd777c98286ecfff8aeba7,timestamped_live_quote,FBS vs FBS
2026-10-01T20:35:46Z,9dcccf34095cde7b0fe36250bb5be6f6,2026-10-04T00:00:00Z,Rutgers Scarlet Knights,Indiana Hoosiers,bovada,Bovada,2026-10-01T20:31:42Z,2026-10-01T20:31:42Z,Indiana Hoosiers,-24.5,-110.0,2026,2026-10-01T20:35:46Z,1344,3.037747222954825,15.607256487625873,-10.069509264671048,807aa80048d80e577104f04f9dc527bcbdecbac1e0bd777c98286ecfff8aeba7,timestamped_live_quote,FBS vs FBS
2026-10-01T20:35:46Z,9dcccf34095cde7b0fe36250bb5be6f6,2026-10-04T00:00:00Z,Rutgers Scarlet Knights,Indiana Hoosiers,bovada,Bovada,2026-10-01T20:31:42Z,2026-10-01T20:31:42Z,Rutgers Scarlet Knights,24.5,-110.0,2026,2026-10-01T20:35:46Z,1344,3.037747222954825,15.607256487625873,-10.069509264671048,807aa80048d80e577104f04f9dc527bcbdecbac1e0bd777c98286ecfff8aeba7,timestamped_live_quote,FBS vs FBS
2026-10-01T20:35:46Z,23025b717a93bdd8f30424e90a97d68f,2026-10-04T01:30:00Z,Washington State Cougars,Fresno State Bulldogs,fanduel,FanDuel,2026-10-01T20:35:29Z,2026-10-01T20:35:29Z,Fresno State Bulldogs,1.5,-106.0,2026,2026-10-01T20:35:46Z,1344,0.542465829388072,4.630477553075885,-1.5880117236878126,807aa80048d80e577104f04f9dc527bcbdecbac1e0bd777c98286ecfff8aeba7,timestamped_live_quote,FBS vs FBS
2026-10-01T20:35:46Z,23025b717a93bdd8f30424e90a97d68f,2026-10-04T01:30:00Z,Washington State Cougars,Fresno State Bulldogs,fanduel,FanDuel,2026-10-01T20:35:29Z,2026-10-01T20:35:29Z,Washington State Cougars,-1.5,-114.0,2026,2026-10-01T20:35:46Z,1344,0.542465829388072,4.630477553075885,-1.5880117236878126,807aa80048d80e577104f04f9dc527bcbdecbac1e0bd777c98286ecfff8aeba7,timestamped_live_quote,FBS vs FBS
2026-10-01T20:35:46Z,23025b717a93bdd8f30424e90a97d68f,2026-10-04T01:30:00Z,Washington State Cougars,Fresno State Bulldogs,betonlineag,BetOnline.ag,2026-10-01T20:35:44Z,2026-10-01T20:35:44Z,Fresno State Bulldogs,1.5,-110.0,2026,2026-10-01T20:35:46Z,1344,0.542465829388072,4.630477553075885,-1.5880117236878126,807aa80048d80e577104f04f9dc527bcbdecbac1e0bd777c98286ecfff8aeba7,timestamped_live_quote,FBS vs FBS
2026-10-01T20:35:46Z,23025b717a93bdd8f30424e90a97d68f,2026-10-04T01:30:00Z,Washington State Cougars,Fresno State Bulldogs,betonlineag,BetOnline.ag,2026-10-01T20:35:44Z,2026-10-01T20:35:44Z,Washington State Cougars,-1.5,-110.0,2026,2026-10-01T20:35:46Z,1344,0.542465829388072,4.630477553075885,-1.5880117236878126,807aa80048d80e577104f04f9dc527bcbdecbac1e0bd777c98286ecfff8aeba7,timestamped_live_quote,FBS vs FBS
2026-10-01T20:35:46Z,23025b717a93bdd8f30424e90a97d68f,2026-10-04T01:30:00Z,Washington State Cougars,Fresno State Bulldogs,lowvig,LowVig.ag,2026-10-01T20:34:27Z,2026-10-01T20:34:27Z,Fresno State Bulldogs,1.5,-106.0,2026,2026-10-01T20:35:46Z,1344,0.542465829388072,4.630477553075885,-1.5880117236878126,807aa80048d80e577104f04f9dc527bcbdecbac1e0bd777c98286ecfff8aeba7,timestamped_live_quote,FBS vs FBS
2026-10-01T20:35:46Z,23025b717a93bdd8f30424e90a97d68f,2026-10-04T01:30:00Z,Washington State Cougars,Fresno State Bulldogs,lowvig,LowVig.ag,2026-10-01T20:34:27Z,2026-10-01T20:34:27Z,Washington State Cougars,-1.5,-106.0,2026,2026-10-01T20:35:46Z,1344,0.542465829388072,4.630477553075885,-1.5880117236878126,807aa80048d80e577104f04f9dc527bcbdecbac1e0bd777c98286ecfff8aeba7,timestamped_live_quote,FBS vs FBS
2026-10-01T20:35:46Z,23025b717a93bdd8f30424e90a97d68f,2026-10-04T01:30:00Z,Washington State Cougars,Fresno State Bulldogs,draftkings,DraftKings,2026-10-01T20:35:46Z,2026-10-01T20:35:46Z,Fresno State Bulldogs,1.5,-105.0,2026,2026-10-01T20:35:46Z,1344,0.542465829388072,4.630477553075885,-1.5880117236878126,807aa80048d80e577104f04f9dc527bcbdecbac1e0bd777c98286ecfff8aeba7,timestamped_live_quote,FBS vs FBS
2026-10-01T20:35:46Z,23025b717a93bdd8f30424e90a97d68f,2026-10-04T01:30:00Z,Washington State Cougars,Fresno State Bulldogs,draftkings,DraftKings,2026-10-01T20:35:46Z,2026-10-01T20:35:46Z,Washington State Cougars,-1.5,-115.0,2026,2026-10-01T20:35:46Z,1344,0.542465829388072,4.630477553075885,-1.5880117236878126,807aa80048d80e577104f04f9dc527bcbdecbac1e0bd777c98286ecfff8aeba7,timestamped_live_quote,FBS vs FBS
2026-10-01T20:35:46Z,23025b717a93bdd8f30424e90a97d68f,2026-10-04T01:30:00Z,Washington State Cougars,Fresno State Bulldogs,mybookieag,MyBookie.ag,2026-10-01T20:34:30Z,2026-10-01T20:34:30Z,Fresno State Bulldogs,2.0,-110.0,2026,2026-10-01T20:35:46Z,1344,0.542465829388072,4.630477553075885,-1.5880117236878126,807aa80048d80e577104f04f9dc527bcbdecbac1e0bd777c98286ecfff8aeba7,timestamped_live_quote,FBS vs FBS
2026-10-01T20:35:46Z,23025b717a93bdd8f30424e90a97d68f,2026-10-04T01:30:00Z,Washington State Cougars,Fresno State Bulldogs,mybookieag,MyBookie.ag,2026-10-01T20:34:30Z,2026-10-01T20:34:30Z,Washington State Cougars,-2.0,-110.0,2026,2026-10-01T20:35:46Z,1344,0.542465829388072,4.630477553075885,-1.5880117236878126,807aa80048d80e577104f04f9dc527bcbdecbac1e0bd777c98286ecfff8aeba7,timestamped_live_quote,FBS vs FBS
2026-10-01T20:35:46Z,23025b717a93bdd8f30424e90a97d68f,2026-10-04T01:30:00Z,Washington State Cougars,Fresno State Bulldogs,betus,BetUS,2026-10-01T20:35:27Z,2026-10-01T20:35:27Z,Fresno State Bulldogs,1.5,-110.0,2026,2026-10-01T20:35:46Z,1344,0.542465829388072,4.630477553075885,-1.5880117236878126,807aa80048d80e577104f04f9dc527bcbdecbac1e0bd777c98286ecfff8aeba7,timestamped_live_quote,FBS vs FBS
2026-10-01T20:35:46Z,23025b717a93bdd8f30424e90a97d68f,2026-10-04T01:30:00Z,Washington State Cougars,Fresno State Bulldogs,betus,BetUS,2026-10-01T20:35:27Z,2026-10-01T20:35:27Z,Washington State Cougars,-1.5,-110.0,2026,2026-10-01T20:35:46Z,1344,0.542465829388072,4.630477553075885,-1.5880117236878126,807aa80048d80e577104f04f9dc527bcbdecbac1e0bd777c98286ecfff8aeba7,timestamped_live_quote,FBS vs FBS
2026-10-01T20:35:46Z,23025b717a93bdd8f30424e90a97d68f,2026-10-04T01:30:00Z,Washington State Cougars,Fresno State Bulldogs,betmgm,BetMGM,2026-10-01T20:35:29Z,2026-10-01T20:35:29Z,Fresno State Bulldogs,2.0,-110.0,2026,2026-10-01T20:35:46Z,1344,0.542465829388072,4.630477553075885,-1.5880117236878126,807aa80048d80e577104f04f9dc527bcbdecbac1e0bd777c98286ecfff8aeba7,timestamped_live_quote,FBS vs FBS
2026-10-01T20:35:46Z,23025b717a93bdd8f30424e90a97d68f,2026-10-04T01:30:00Z,Washington State Cougars,Fresno State Bulldogs,betmgm,BetMGM,2026-10-01T20:35:29Z,2026-10-01T20:35:29Z,Washington State Cougars,-2.0,-108.0,2026,2026-10-01T20:35:46Z,1344,0.542465829388072,4.630477553075885,-1.5880117236878126,807aa80048d80e577104f04f9dc527bcbdecbac1e0bd777c98286ecfff8aeba7,timestamped_live_quote,FBS vs FBS
2026-10-01T20:35:46Z,23025b717a93bdd8f30424e90a97d68f,2026-10-04T01:30:00Z,Washington State Cougars,Fresno State Bulldogs,bovada,Bovada,2026-10-01T20:31:42Z,2026-10-01T20:31:42Z,Fresno State Bulldogs,2.0,-110.0,2026,2026-10-01T20:35:46Z,1344,0.542465829388072,4.630477553075885,-1.5880117236878126,807aa80048d80e577104f04f9dc527bcbdecbac1e0bd777c98286ecfff8aeba7,timestamped_live_quote,FBS vs FBS
2026-10-01T20:35:46Z,23025b717a93bdd8f30424e90a97d68f,2026-10-04T01:30:00Z,Washington State Cougars,Fresno State Bulldogs,bovada,Bovada,2026-10-01T20:31:42Z,2026-10-01T20:31:42Z,Washington State Cougars,-2.0,-110.0,2026,2026-10-01T20:35:46Z,1344,0.542465829388072,4.630477553075885,-1.5880117236878126,807aa80048d80e577104f04f9dc527bcbdecbac1e0bd777c98286ecfff8aeba7,timestamped_live_quote,FBS vs FBS
2026-10-01T20:35:46Z,4ec93b02d04c2a019ebd6f4ccd9f7af5,2026-10-04T02:30:00Z,Arizona State Sun Devils,Baylor Bears,fanduel,FanDuel,2026-10-01T20:35:29Z,2026-10-01T20:35:29Z,Arizona State Sun Devils,-3.5,-114.0,2026,2026-10-01T20:35:46Z,1344,7.542964968269215,9.117203447573525,0.9257615206956897,807aa80048d80e577104f04f9dc527bcbdecbac1e0bd777c98286ecfff8aeba7,timestamped_live_quote,FBS vs FBS
2026-10-01T20:35:46Z,4ec93b02d04c2a019ebd6f4ccd9f7af5,2026-10-04T02:30:00Z,Arizona State Sun Devils,Baylor Bears,fanduel,FanDuel,2026-10-01T20:35:29Z,2026-10-01T20:35:29Z,Baylor Bears,3.5,-106.0,2026,2026-10-01T20:35:46Z,1344,7.542964968269215,9.117203447573525,0.9257615206956897,807aa80048d80e577104f04f9dc527bcbdecbac1e0bd777c98286ecfff8aeba7,timestamped_live_quote,FBS vs FBS
2026-10-01T20:35:46Z,4ec93b02d04c2a019ebd6f4ccd9f7af5,2026-10-04T02:30:00Z,Arizona State Sun Devils,Baylor Bears,betonlineag,BetOnline.ag,2026-10-01T20:35:44Z,2026-10-01T20:35:44Z,Arizona State Sun Devils,-3.5,-110.0,2026,2026-10-01T20:35:46Z,1344,7.542964968269215,9.117203447573525,0.9257615206956897,807aa80048d80e577104f04f9dc527bcbdecbac1e0bd777c98286ecfff8aeba7,timestamped_live_quote,FBS vs FBS
2026-10-01T20:35:46Z,4ec93b02d04c2a019ebd6f4ccd9f7af5,2026-10-04T02:30:00Z,Arizona State Sun Devils,Baylor Bears,betonlineag,BetOnline.ag,2026-10-01T20:35:44Z,2026-10-01T20:35:44Z,Baylor Bears,3.5,-110.0,2026,2026-10-01T20:35:46Z,1344,7.542964968269215,9.117203447573525,0.9257615206956897,807aa80048d80e577104f04f9dc527bcbdecbac1e0bd777c98286ecfff8aeba7,timestamped_live_quote,FBS vs FBS
2026-10-01T20:35:46Z,4ec93b02d04c2a019ebd6f4ccd9f7af5,2026-10-04T02:30:00Z,Arizona State Sun Devils,Baylor Bears,lowvig,LowVig.ag,2026-10-01T20:34:27Z,2026-10-01T20:34:27Z,Arizona State Sun Devils,-3.5,-106.0,2026,2026-10-01T20:35:46Z,1344,7.542964968269215,9.117203447573525,0.9257615206956897,807aa80048d80e577104f04f9dc527bcbdecbac1e0bd777c98286ecfff8aeba7,timestamped_live_quote,FBS vs FBS
2026-10-01T20:35:46Z,4ec93b02d04c2a019ebd6f4ccd9f7af5,2026-10-04T02:30:00Z,Arizona State Sun Devils,Baylor Bears,lowvig,LowVig.ag,2026-10-01T20:34:27Z,2026-10-01T20:34:27Z,Baylor Bears,3.5,-106.0,2026,2026-10-01T20:35:46Z,1344,7.542964968269215,9.117203447573525,0.9257615206956897,807aa80048d80e577104f04f9dc527bcbdecbac1e0bd777c98286ecfff8aeba7,timestamped_live_quote,FBS vs FBS
2026-10-01T20:35:46Z,4ec93b02d04c2a019ebd6f4ccd9f7af5,2026-10-04T02:30:00Z,Arizona State Sun Devils,Baylor Bears,draftkings,DraftKings,2026-10-01T20:35:46Z,2026-10-01T20:35:46Z,Arizona State Sun Devils,-3.5,-115.0,2026,2026-10-01T20:35:46Z,1344,7.542964968269215,9.117203447573525,0.9257615206956897,807aa80048d80e577104f04f9dc527bcbdecbac1e0bd777c98286ecfff8aeba7,timestamped_live_quote,FBS vs FBS
2026-10-01T20:35:46Z,4ec93b02d04c2a019ebd6f4ccd9f7af5,2026-10-04T02:30:00Z,Arizona State Sun Devils,Baylor Bears,draftkings,DraftKings,2026-10-01T20:35:46Z,2026-10-01T20:35:46Z,Baylor Bears,3.5,-105.0,2026,2026-10-01T20:35:46Z,1344,7.542964968269215,9.117203447573525,0.9257615206956897,807aa80048d80e577104f04f9dc527bcbdecbac1e0bd777c98286ecfff8aeba7,timestamped_live_quote,FBS vs FBS
2026-10-01T20:35:46Z,4ec93b02d04c2a019ebd6f4ccd9f7af5,2026-10-04T02:30:00Z,Arizona State Sun Devils,Baylor Bears,mybookieag,MyBookie.ag,2026-10-01T20:34:30Z,2026-10-01T20:34:30Z,Arizona State Sun Devils,-4.0,-110.0,2026,2026-10-01T20:35:46Z,1344,7.542964968269215,9.117203447573525,0.9257615206956897,807aa80048d80e577104f04f9dc527bcbdecbac1e0bd777c98286ecfff8aeba7,timestamped_live_quote,FBS vs FBS
2026-10-01T20:35:46Z,4ec93b02d04c2a019ebd6f4ccd9f7af5,2026-10-04T02:30:00Z,Arizona State Sun Devils,Baylor Bears,mybookieag,MyBookie.ag,2026-10-01T20:34:30Z,2026-10-01T20:34:30Z,Baylor Bears,4.0,-110.0,2026,2026-10-01T20:35:46Z,1344,7.542964968269215,9.117203447573525,0.9257615206956897,807aa80048d80e577104f04f9dc527bcbdecbac1e0bd777c98286ecfff8aeba7,timestamped_live_quote,FBS vs FBS
2026-10-01T20:35:46Z,4ec93b02d04c2a019ebd6f4ccd9f7af5,2026-10-04T02:30:00Z,Arizona State Sun Devils,Baylor Bears,betus,BetUS,2026-10-01T20:35:27Z,2026-10-01T20:35:27Z,Arizona State Sun Devils,-3.5,-110.0,2026,2026-10-01T20:35:46Z,1344,7.542964968269215,9.117203447573525,0.9257615206956897,807aa80048d80e577104f04f9dc527bcbdecbac1e0bd777c98286ecfff8aeba7,timestamped_live_quote,FBS vs FBS
2026-10-01T20:35:46Z,4ec93b02d04c2a019ebd6f4ccd9f7af5,2026-10-04T02:30:00Z,Arizona State Sun Devils,Baylor Bears,betus,BetUS,2026-10-01T20:35:27Z,2026-10-01T20:35:27Z,Baylor Bears,3.5,-110.0,2026,2026-10-01T20:35:46Z,1344,7.542964968269215,9.117203447573525,0.9257615206956897,807aa80048d80e577104f04f9dc527bcbdecbac1e0bd777c98286ecfff8aeba7,timestamped_live_quote,FBS vs FBS
2026-10-01T20:35:46Z,4ec93b02d04c2a019ebd6f4ccd9f7af5,2026-10-04T02:30:00Z,Arizona State Sun Devils,Baylor Bears,betmgm,BetMGM,2026-10-01T20:35:29Z,2026-10-01T20:35:29Z,Arizona State Sun Devils,-4.0,-110.0,2026,2026-10-01T20:35:46Z,1344,7.542964968269215,9.117203447573525,0.9257615206956897,807aa80048d80e577104f04f9dc527bcbdecbac1e0bd777c98286ecfff8aeba7,timestamped_live_quote,FBS vs FBS
2026-10-01T20:35:46Z,4ec93b02d04c2a019ebd6f4ccd9f7af5,2026-10-04T02:30:00Z,Arizona State Sun Devils,Baylor Bears,betmgm,BetMGM,2026-10-01T20:35:29Z,2026-10-01T20:35:29Z,Baylor Bears,4.0,-108.0,2026,2026-10-01T20:35:46Z,1344,7.542964968269215,9.117203447573525,0.9257615206956897,807aa80048d80e577104f04f9dc527bcbdecbac1e0bd777c98286ecfff8aeba7,timestamped_live_quote,FBS vs FBS
2026-10-01T20:35:46Z,4ec93b02d04c2a019ebd6f4ccd9f7af5,2026-10-04T02:30:00Z,Arizona State Sun Devils,Baylor Bears,bovada,Bovada,2026-10-01T20:31:42Z,2026-10-01T20:31:42Z,Arizona State Sun Devils,-4.0,-110.0,2026,2026-10-01T20:35:46Z,1344,7.542964968269215,9.117203447573525,0.9257615206956897,807aa80048d80e577104f04f9dc527bcbdecbac1e0bd777c98286ecfff8aeba7,timestamped_live_quote,FBS vs FBS
2026-10-01T20:35:46Z,4ec93b02d04c2a019ebd6f4ccd9f7af5,2026-10-04T02:30:00Z,Arizona State Sun Devils,Baylor Bears,bovada,Bovada,2026-10-01T20:31:42Z,2026-10-01T20:31:42Z,Baylor Bears,4.0,-110.0,2026,2026-10-01T20:35:46Z,1344,7.542964968269215,9.117203447573525,0.9257615206956897,807aa80048d80e577104f04f9dc527bcbdecbac1e0bd777c98286ecfff8aeba7,timestamped_live_quote,FBS vs FBS
2026-10-01T20:35:46Z,f73081099f845f23ea7f41ef09128cdd,2026-10-04T02:30:00Z,San Diego State Aztecs,Texas State Bobcats,fanduel,FanDuel,2026-10-01T20:35:29Z,2026-10-01T20:35:29Z,San Diego State Aztecs,7.5,-102.0,2026,2026-10-01T20:35:46Z,1344,-0.08737864701266375,4.149691570874174,-1.7370702178868385,807aa80048d80e577104f04f9dc527bcbdecbac1e0bd777c98286ecfff8aeba7,timestamped_live_quote,FBS vs FBS
2026-10-01T20:35:46Z,f73081099f845f23ea7f41ef09128cdd,2026-10-04T02:30:00Z,San Diego State Aztecs,Texas State Bobcats,fanduel,FanDuel,2026-10-01T20:35:29Z,2026-10-01T20:35:29Z,Texas State Bobcats,-7.5,-120.0,2026,2026-10-01T20:35:46Z,1344,-0.08737864701266375,4.149691570874174,-1.7370702178868385,807aa80048d80e577104f04f9dc527bcbdecbac1e0bd777c98286ecfff8aeba7,timestamped_live_quote,FBS vs FBS
2026-10-01T20:35:46Z,f73081099f845f23ea7f41ef09128cdd,2026-10-04T02:30:00Z,San Diego State Aztecs,Texas State Bobcats,betonlineag,BetOnline.ag,2026-10-01T20:35:44Z,2026-10-01T20:35:44Z,San Diego State Aztecs,7.5,-115.0,2026,2026-10-01T20:35:46Z,1344,-0.08737864701266375,4.149691570874174,-1.7370702178868385,807aa80048d80e577104f04f9dc527bcbdecbac1e0bd777c98286ecfff8aeba7,timestamped_live_quote,FBS vs FBS
2026-10-01T20:35:46Z,f73081099f845f23ea7f41ef09128cdd,2026-10-04T02:30:00Z,San Diego State Aztecs,Texas State Bobcats,betonlineag,BetOnline.ag,2026-10-01T20:35:44Z,2026-10-01T20:35:44Z,Texas State Bobcats,-7.5,-105.0,2026,2026-10-01T20:35:46Z,1344,-0.08737864701266375,4.149691570874174,-1.7370702178868385,807aa80048d80e577104f04f9dc527bcbdecbac1e0bd777c98286ecfff8aeba7,timestamped_live_quote,FBS vs FBS
2026-10-01T20:35:46Z,f73081099f845f23ea7f41ef09128cdd,2026-10-04T02:30:00Z,San Diego State Aztecs,Texas State Bobcats,lowvig,LowVig.ag,2026-10-01T20:34:27Z,2026-10-01T20:34:27Z,San Diego State Aztecs,7.5,-111.0,2026,2026-10-01T20:35:46Z,1344,-0.08737864701266375,4.149691570874174,-1.7370702178868385,807aa80048d80e577104f04f9dc527bcbdecbac1e0bd777c98286ecfff8aeba7,timestamped_live_quote,FBS vs FBS
2026-10-01T20:35:46Z,f73081099f845f23ea7f41ef09128cdd,2026-10-04T02:30:00Z,San Diego State Aztecs,Texas State Bobcats,lowvig,LowVig.ag,2026-10-01T20:34:27Z,2026-10-01T20:34:27Z,Texas State Bobcats,-7.5,-101.0,2026,2026-10-01T20:35:46Z,1344,-0.08737864701266375,4.149691570874174,-1.7370702178868385,807aa80048d80e577104f04f9dc527bcbdecbac1e0bd777c98286ecfff8aeba7,timestamped_live_quote,FBS vs FBS
2026-10-01T20:35:46Z,f73081099f845f23ea7f41ef09128cdd,2026-10-04T02:30:00Z,San Diego State Aztecs,Texas State Bobcats,draftkings,DraftKings,2026-10-01T20:35:46Z,2026-10-01T20:35:46Z,San Diego State Aztecs,8.5,-112.0,2026,2026-10-01T20:35:46Z,1344,-0.08737864701266375,4.149691570874174,-1.7370702178868385,807aa80048d80e577104f04f9dc527bcbdecbac1e0bd777c98286ecfff8aeba7,timestamped_live_quote,FBS vs FBS
2026-10-01T20:35:46Z,f73081099f845f23ea7f41ef09128cdd,2026-10-04T02:30:00Z,San Diego State Aztecs,Texas State Bobcats,draftkings,DraftKings,2026-10-01T20:35:46Z,2026-10-01T20:35:46Z,Texas State Bobcats,-8.5,-108.0,2026,2026-10-01T20:35:46Z,1344,-0.08737864701266375,4.149691570874174,-1.7370702178868385,807aa80048d80e577104f04f9dc527bcbdecbac1e0bd777c98286ecfff8aeba7,timestamped_live_quote,FBS vs FBS
2026-10-01T20:35:46Z,f73081099f845f23ea7f41ef09128cdd,2026-10-04T02:30:00Z,San Diego State Aztecs,Texas State Bobcats,mybookieag,MyBookie.ag,2026-10-01T20:34:30Z,2026-10-01T20:34:30Z,San Diego State Aztecs,8.0,-110.0,2026,2026-10-01T20:35:46Z,1344,-0.08737864701266375,4.149691570874174,-1.7370702178868385,807aa80048d80e577104f04f9dc527bcbdecbac1e0bd777c98286ecfff8aeba7,timestamped_live_quote,FBS vs FBS
2026-10-01T20:35:46Z,f73081099f845f23ea7f41ef09128cdd,2026-10-04T02:30:00Z,San Diego State Aztecs,Texas State Bobcats,mybookieag,MyBookie.ag,2026-10-01T20:34:30Z,2026-10-01T20:34:30Z,Texas State Bobcats,-8.0,-110.0,2026,2026-10-01T20:35:46Z,1344,-0.08737864701266375,4.149691570874174,-1.7370702178868385,807aa80048d80e577104f04f9dc527bcbdecbac1e0bd777c98286ecfff8aeba7,timestamped_live_quote,FBS vs FBS
2026-10-01T20:35:46Z,f73081099f845f23ea7f41ef09128cdd,2026-10-04T02:30:00Z,San Diego State Aztecs,Texas State Bobcats,betus,BetUS,2026-10-01T20:35:27Z,2026-10-01T20:35:27Z,San Diego State Aztecs,7.5,-110.0,2026,2026-10-01T20:35:46Z,1344,-0.08737864701266375,4.149691570874174,-1.7370702178868385,807aa80048d80e577104f04f9dc527bcbdecbac1e0bd777c98286ecfff8aeba7,timestamped_live_quote,FBS vs FBS
2026-10-01T20:35:46Z,f73081099f845f23ea7f41ef09128cdd,2026-10-04T02:30:00Z,San Diego State Aztecs,Texas State Bobcats,betus,BetUS,2026-10-01T20:35:27Z,2026-10-01T20:35:27Z,Texas State Bobcats,-7.5,-110.0,2026,2026-10-01T20:35:46Z,1344,-0.08737864701266375,4.149691570874174,-1.7370702178868385,807aa80048d80e577104f04f9dc527bcbdecbac1e0bd777c98286ecfff8aeba7,timestamped_live_quote,FBS vs FBS
2026-10-01T20:35:46Z,f73081099f845f23ea7f41ef09128cdd,2026-10-04T02:30:00Z,San Diego State Aztecs,Texas State Bobcats,betmgm,BetMGM,2026-10-01T20:35:29Z,2026-10-01T20:35:29Z,San Diego State Aztecs,7.5,-110.0,2026,2026-10-01T20:35:46Z,1344,-0.08737864701266375,4.149691570874174,-1.7370702178868385,807aa80048d80e577104f04f9dc527bcbdecbac1e0bd777c98286ecfff8aeba7,timestamped_live_quote,FBS vs FBS
2026-10-01T20:35:46Z,f73081099f845f23ea7f41ef09128cdd,2026-10-04T02:30:00Z,San Diego State Aztecs,Texas State Bobcats,betmgm,BetMGM,2026-10-01T20:35:29Z,2026-10-01T20:35:29Z,Texas State Bobcats,-7.5,-118.0,2026,2026-10-01T20:35:46Z,1344,-0.08737864701266375,4.149691570874174,-1.7370702178868385,807aa80048d80e577104f04f9dc527bcbdecbac1e0bd777c98286ecfff8aeba7,timestamped_live_quote,FBS vs FBS
2026-10-01T20:35:46Z,f73081099f845f23ea7f41ef09128cdd,2026-10-04T02:30:00Z,San Diego State Aztecs,Texas State Bobcats,bovada,Bovada,2026-10-01T20:31:42Z,2026-10-01T20:31:42Z,San Diego State Aztecs,7.5,-110.0,2026,2026-10-01T20:35:46Z,1344,-0.08737864701266375,4.149691570874174,-1.7370702178868385,807aa80048d80e577104f04f9dc527bcbdecbac1e0bd777c98286ecfff8aeba7,timestamped_live_quote,FBS vs FBS
2026-10-01T20:35:46Z,f73081099f845f23ea7f41ef09128cdd,2026-10-04T02:30:00Z,San Diego State Aztecs,Texas State Bobcats,bovada,Bovada,2026-10-01T20:31:42Z,2026-10-01T20:31:42Z,Texas State Bobcats,-7.5,-110.0,2026,2026-10-01T20:35:46Z,1344,-0.08737864701266375,4.149691570874174,-1.7370702178868385,807aa80048d80e577104f04f9dc527bcbdecbac1e0bd777c98286ecfff8aeba7,timestamped_live_quote,FBS vs FBS
2026-10-01T20:35:46Z,63dded0ee467d6f6d03c41673569238d,2026-10-04T03:00:00Z,Arizona Wildcats,Cincinnati Bearcats,fanduel,FanDuel,2026-10-01T20:35:29Z,2026-10-01T20:35:29Z,Arizona Wildcats,-6.5,-115.0,2026,2026-10-01T20:35:46Z,1344,7.099006342407677,10.010435143603644,-0.41142880119596725,807aa80048d80e577104f04f9dc527bcbdecbac1e0bd777c98286ecfff8aeba7,timestamped_live_quote,FBS vs FBS
2026-10-01T20:35:46Z,63dded0ee467d6f6d03c41673569238d,2026-10-04T03:00:00Z,Arizona Wildcats,Cincinnati Bearcats,fanduel,FanDuel,2026-10-01T20:35:29Z,2026-10-01T20:35:29Z,Cincinnati Bearcats,6.5,-105.0,2026,2026-10-01T20:35:46Z,1344,7.099006342407677,10.010435143603644,-0.41142880119596725,807aa80048d80e577104f04f9dc527bcbdecbac1e0bd777c98286ecfff8aeba7,timestamped_live_quote,FBS vs FBS
2026-10-01T20:35:46Z,63dded0ee467d6f6d03c41673569238d,2026-10-04T03:00:00Z,Arizona Wildcats,Cincinnati Bearcats,draftkings,DraftKings,2026-10-01T20:35:46Z,2026-10-01T20:35:46Z,Arizona Wildcats,-6.5,-115.0,2026,2026-10-01T20:35:46Z,1344,7.099006342407677,10.010435143603644,-0.41142880119596725,807aa80048d80e577104f04f9dc527bcbdecbac1e0bd777c98286ecfff8aeba7,timestamped_live_quote,FBS vs FBS
2026-10-01T20:35:46Z,63dded0ee467d6f6d03c41673569238d,2026-10-04T03:00:00Z,Arizona Wildcats,Cincinnati Bearcats,draftkings,DraftKings,2026-10-01T20:35:46Z,2026-10-01T20:35:46Z,Cincinnati Bearcats,6.5,-105.0,2026,2026-10-01T20:35:46Z,1344,7.099006342407677,10.010435143603644,-0.41142880119596725,807aa80048d80e577104f04f9dc527bcbdecbac1e0bd777c98286ecfff8aeba7,timestamped_live_quote,FBS vs FBS
2026-10-01T20:35:46Z,63dded0ee467d6f6d03c41673569238d,2026-10-04T03:00:00Z,Arizona Wildcats,Cincinnati Bearcats,lowvig,LowVig.ag,2026-10-01T20:34:27Z,2026-10-01T20:34:27Z,Arizona Wildcats,-6.5,-114.0,2026,2026-10-01T20:35:46Z,1344,7.099006342407677,10.010435143603644,-0.41142880119596725,807aa80048d80e577104f04f9dc527bcbdecbac1e0bd777c98286ecfff8aeba7,timestamped_live_quote,FBS vs FBS
2026-10-01T20:35:46Z,63dded0ee467d6f6d03c41673569238d,2026-10-04T03:00:00Z,Arizona Wildcats,Cincinnati Bearcats,lowvig,LowVig.ag,2026-10-01T20:34:27Z,2026-10-01T20:34:27Z,Cincinnati Bearcats,6.5,102.0,2026,2026-10-01T20:35:46Z,1344,7.099006342407677,10.010435143603644,-0.41142880119596725,807aa80048d80e577104f04f9dc527bcbdecbac1e0bd777c98286ecfff8aeba7,timestamped_live_quote,FBS vs FBS
2026-10-01T20:35:46Z,63dded0ee467d6f6d03c41673569238d,2026-10-04T03:00:00Z,Arizona Wildcats,Cincinnati Bearcats,betonlineag,BetOnline.ag,2026-10-01T20:35:44Z,2026-10-01T20:35:44Z,Arizona Wildcats,-6.5,-118.0,2026,2026-10-01T20:35:46Z,1344,7.099006342407677,10.010435143603644,-0.41142880119596725,807aa80048d80e577104f04f9dc527bcbdecbac1e0bd777c98286ecfff8aeba7,timestamped_live_quote,FBS vs FBS
2026-10-01T20:35:46Z,63dded0ee467d6f6d03c41673569238d,2026-10-04T03:00:00Z,Arizona Wildcats,Cincinnati Bearcats,betonlineag,BetOnline.ag,2026-10-01T20:35:44Z,2026-10-01T20:35:44Z,Cincinnati Bearcats,6.5,-102.0,2026,2026-10-01T20:35:46Z,1344,7.099006342407677,10.010435143603644,-0.41142880119596725,807aa80048d80e577104f04f9dc527bcbdecbac1e0bd777c98286ecfff8aeba7,timestamped_live_quote,FBS vs FBS
2026-10-01T20:35:46Z,63dded0ee467d6f6d03c41673569238d,2026-10-04T03:00:00Z,Arizona Wildcats,Cincinnati Bearcats,mybookieag,MyBookie.ag,2026-10-01T20:34:30Z,2026-10-01T20:34:30Z,Arizona Wildcats,-7.0,-110.0,2026,2026-10-01T20:35:46Z,1344,7.099006342407677,10.010435143603644,-0.41142880119596725,807aa80048d80e577104f04f9dc527bcbdecbac1e0bd777c98286ecfff8aeba7,timestamped_live_quote,FBS vs FBS
2026-10-01T20:35:46Z,63dded0ee467d6f6d03c41673569238d,2026-10-04T03:00:00Z,Arizona Wildcats,Cincinnati Bearcats,mybookieag,MyBookie.ag,2026-10-01T20:34:30Z,2026-10-01T20:34:30Z,Cincinnati Bearcats,7.0,-110.0,2026,2026-10-01T20:35:46Z,1344,7.099006342407677,10.010435143603644,-0.41142880119596725,807aa80048d80e577104f04f9dc527bcbdecbac1e0bd777c98286ecfff8aeba7,timestamped_live_quote,FBS vs FBS
2026-10-01T20:35:46Z,63dded0ee467d6f6d03c41673569238d,2026-10-04T03:00:00Z,Arizona Wildcats,Cincinnati Bearcats,betus,BetUS,2026-10-01T20:35:27Z,2026-10-01T20:35:27Z,Arizona Wildcats,-6.5,-120.0,2026,2026-10-01T20:35:46Z,1344,7.099006342407677,10.010435143603644,-0.41142880119596725,807aa80048d80e577104f04f9dc527bcbdecbac1e0bd777c98286ecfff8aeba7,timestamped_live_quote,FBS vs FBS
2026-10-01T20:35:46Z,63dded0ee467d6f6d03c41673569238d,2026-10-04T03:00:00Z,Arizona Wildcats,Cincinnati Bearcats,betus,BetUS,2026-10-01T20:35:27Z,2026-10-01T20:35:27Z,Cincinnati Bearcats,6.5,100.0,2026,2026-10-01T20:35:46Z,1344,7.099006342407677,10.010435143603644,-0.41142880119596725,807aa80048d80e577104f04f9dc527bcbdecbac1e0bd777c98286ecfff8aeba7,timestamped_live_quote,FBS vs FBS
2026-10-01T20:35:46Z,63dded0ee467d6f6d03c41673569238d,2026-10-04T03:00:00Z,Arizona Wildcats,Cincinnati Bearcats,betmgm,BetMGM,2026-10-01T20:35:29Z,2026-10-01T20:35:29Z,Arizona Wildcats,-6.5,-112.0,2026,2026-10-01T20:35:46Z,1344,7.099006342407677,10.010435143603644,-0.41142880119596725,807aa80048d80e577104f04f9dc527bcbdecbac1e0bd777c98286ecfff8aeba7,timestamped_live_quote,FBS vs FBS
2026-10-01T20:35:46Z,63dded0ee467d6f6d03c41673569238d,2026-10-04T03:00:00Z,Arizona Wildcats,Cincinnati Bearcats,betmgm,BetMGM,2026-10-01T20:35:29Z,2026-10-01T20:35:29Z,Cincinnati Bearcats,6.5,-105.0,2026,2026-10-01T20:35:46Z,1344,7.099006342407677,10.010435143603644,-0.41142880119596725,807aa80048d80e577104f04f9dc527bcbdecbac1e0bd777c98286ecfff8aeba7,timestamped_live_quote,FBS vs FBS
2026-10-01T20:35:46Z,63dded0ee467d6f6d03c41673569238d,2026-10-04T03:00:00Z,Arizona Wildcats,Cincinnati Bearcats,bovada,Bovada,2026-10-01T20:31:42Z,2026-10-01T20:31:42Z,Arizona Wildcats,-6.5,-115.0,2026,2026-10-01T20:35:46Z,1344,7.099006342407677,10.010435143603644,-0.41142880119596725,807aa80048d80e577104f04f9dc527bcbdecbac1e0bd777c98286ecfff8aeba7,timestamped_live_quote,FBS vs FBS
2026-10-01T20:35:46Z,63dded0ee467d6f6d03c41673569238d,2026-10-04T03:00:00Z,Arizona Wildcats,Cincinnati Bearcats,bovada,Bovada,2026-10-01T20:31:42Z,2026-10-01T20:31:42Z,Cincinnati Bearcats,6.5,-105.0,2026,2026-10-01T20:35:46Z,1344,7.099006342407677,10.010435143603644,-0.41142880119596725,807aa80048d80e577104f04f9dc527bcbdecbac1e0bd777c98286ecfff8aeba7,timestamped_live_quote,FBS vs FBS
2026-10-01T20:35:46Z,4d9e59b57798afb31927c84e1f6dc25e,2026-10-04T03:59:00Z,Hawaii Rainbow Warriors,San Jose State Spartans,fanduel,FanDuel,2026-10-01T20:35:29Z,2026-10-01T20:35:29Z,Hawaii Rainbow Warriors,-3.5,100.0,2026,2026-10-01T20:35:46Z,1344,-4.882696569374028,-1.1553446769827669,-1.227351892391261,807aa80048d80e577104f04f9dc527bcbdecbac1e0bd777c98286ecfff8aeba7,timestamped_live_quote,FBS vs FBS
2026-10-01T20:35:46Z,4d9e59b57798afb31927c84e1f6dc25e,2026-10-04T03:59:00Z,Hawaii Rainbow Warriors,San Jose State Spartans,fanduel,FanDuel,2026-10-01T20:35:29Z,2026-10-01T20:35:29Z,San Jose State Spartans,3.5,-122.0,2026,2026-10-01T20:35:46Z,1344,-4.882696569374028,-1.1553446769827669,-1.227351892391261,807aa80048d80e577104f04f9dc527bcbdecbac1e0bd777c98286ecfff8aeba7,timestamped_live_quote,FBS vs FBS
2026-10-01T20:35:46Z,4d9e59b57798afb31927c84e1f6dc25e,2026-10-04T03:59:00Z,Hawaii Rainbow Warriors,San Jose State Spartans,betonlineag,BetOnline.ag,2026-10-01T20:35:44Z,2026-10-01T20:35:44Z,Hawaii Rainbow Warriors,-3.0,-119.0,2026,2026-10-01T20:35:46Z,1344,-4.882696569374028,-1.1553446769827669,-1.227351892391261,807aa80048d80e577104f04f9dc527bcbdecbac1e0bd777c98286ecfff8aeba7,timestamped_live_quote,FBS vs FBS
2026-10-01T20:35:46Z,4d9e59b57798afb31927c84e1f6dc25e,2026-10-04T03:59:00Z,Hawaii Rainbow Warriors,San Jose State Spartans,betonlineag,BetOnline.ag,2026-10-01T20:35:44Z,2026-10-01T20:35:44Z,San Jose State Spartans,3.0,-101.0,2026,2026-10-01T20:35:46Z,1344,-4.882696569374028,-1.1553446769827669,-1.227351892391261,807aa80048d80e577104f04f9dc527bcbdecbac1e0bd777c98286ecfff8aeba7,timestamped_live_quote,FBS vs FBS
2026-10-01T20:35:46Z,4d9e59b57798afb31927c84e1f6dc25e,2026-10-04T03:59:00Z,Hawaii Rainbow Warriors,San Jose State Spartans,lowvig,LowVig.ag,2026-10-01T20:34:27Z,2026-10-01T20:34:27Z,Hawaii Rainbow Warriors,-3.0,-111.0,2026,2026-10-01T20:35:46Z,1344,-4.882696569374028,-1.1553446769827669,-1.227351892391261,807aa80048d80e577104f04f9dc527bcbdecbac1e0bd777c98286ecfff8aeba7,timestamped_live_quote,FBS vs FBS
2026-10-01T20:35:46Z,4d9e59b57798afb31927c84e1f6dc25e,2026-10-04T03:59:00Z,Hawaii Rainbow Warriors,San Jose State Spartans,lowvig,LowVig.ag,2026-10-01T20:34:27Z,2026-10-01T20:34:27Z,San Jose State Spartans,3.0,-101.0,2026,2026-10-01T20:35:46Z,1344,-4.882696569374028,-1.1553446769827669,-1.227351892391261,807aa80048d80e577104f04f9dc527bcbdecbac1e0bd777c98286ecfff8aeba7,timestamped_live_quote,FBS vs FBS
2026-10-01T20:35:46Z,4d9e59b57798afb31927c84e1f6dc25e,2026-10-04T03:59:00Z,Hawaii Rainbow Warriors,San Jose State Spartans,draftkings,DraftKings,2026-10-01T20:35:46Z,2026-10-01T20:35:46Z,Hawaii Rainbow Warriors,-3.0,-115.0,2026,2026-10-01T20:35:46Z,1344,-4.882696569374028,-1.1553446769827669,-1.227351892391261,807aa80048d80e577104f04f9dc527bcbdecbac1e0bd777c98286ecfff8aeba7,timestamped_live_quote,FBS vs FBS
2026-10-01T20:35:46Z,4d9e59b57798afb31927c84e1f6dc25e,2026-10-04T03:59:00Z,Hawaii Rainbow Warriors,San Jose State Spartans,draftkings,DraftKings,2026-10-01T20:35:46Z,2026-10-01T20:35:46Z,San Jose State Spartans,3.0,-105.0,2026,2026-10-01T20:35:46Z,1344,-4.882696569374028,-1.1553446769827669,-1.227351892391261,807aa80048d80e577104f04f9dc527bcbdecbac1e0bd777c98286ecfff8aeba7,timestamped_live_quote,FBS vs FBS
2026-10-01T20:35:46Z,4d9e59b57798afb31927c84e1f6dc25e,2026-10-04T03:59:00Z,Hawaii Rainbow Warriors,San Jose State Spartans,mybookieag,MyBookie.ag,2026-10-01T20:34:30Z,2026-10-01T20:34:30Z,Hawaii Rainbow Warriors,-3.0,-110.0,2026,2026-10-01T20:35:46Z,1344,-4.882696569374028,-1.1553446769827669,-1.227351892391261,807aa80048d80e577104f04f9dc527bcbdecbac1e0bd777c98286ecfff8aeba7,timestamped_live_quote,FBS vs FBS
2026-10-01T20:35:46Z,4d9e59b57798afb31927c84e1f6dc25e,2026-10-04T03:59:00Z,Hawaii Rainbow Warriors,San Jose State Spartans,mybookieag,MyBookie.ag,2026-10-01T20:34:30Z,2026-10-01T20:34:30Z,San Jose State Spartans,3.0,-110.0,2026,2026-10-01T20:35:46Z,1344,-4.882696569374028,-1.1553446769827669,-1.227351892391261,807aa80048d80e577104f04f9dc527bcbdecbac1e0bd777c98286ecfff8aeba7,timestamped_live_quote,FBS vs FBS
2026-10-01T20:35:46Z,4d9e59b57798afb31927c84e1f6dc25e,2026-10-04T03:59:00Z,Hawaii Rainbow Warriors,San Jose State Spartans,betus,BetUS,2026-10-01T20:35:27Z,2026-10-01T20:35:27Z,Hawaii Rainbow Warriors,-3.0,-115.0,2026,2026-10-01T20:35:46Z,1344,-4.882696569374028,-1.1553446769827669,-1.227351892391261,807aa80048d80e577104f04f9dc527bcbdecbac1e0bd777c98286ecfff8aeba7,timestamped_live_quote,FBS vs FBS
2026-10-01T20:35:46Z,4d9e59b57798afb31927c84e1f6dc25e,2026-10-04T03:59:00Z,Hawaii Rainbow Warriors,San Jose State Spartans,betus,BetUS,2026-10-01T20:35:27Z,2026-10-01T20:35:27Z,San Jose State Spartans,3.0,-105.0,2026,2026-10-01T20:35:46Z,1344,-4.882696569374028,-1.1553446769827669,-1.227351892391261,807aa80048d80e577104f04f9dc527bcbdecbac1e0bd777c98286ecfff8aeba7,timestamped_live_quote,FBS vs FBS
2026-10-01T20:35:46Z,4d9e59b57798afb31927c84e1f6dc25e,2026-10-04T03:59:00Z,Hawaii Rainbow Warriors,San Jose State Spartans,betmgm,BetMGM,2026-10-01T20:35:29Z,2026-10-01T20:35:29Z,Hawaii Rainbow Warriors,-3.0,-120.0,2026,2026-10-01T20:35:46Z,1344,-4.882696569374028,-1.1553446769827669,-1.227351892391261,807aa80048d80e577104f04f9dc527bcbdecbac1e0bd777c98286ecfff8aeba7,timestamped_live_quote,FBS vs FBS
2026-10-01T20:35:46Z,4d9e59b57798afb31927c84e1f6dc25e,2026-10-04T03:59:00Z,Hawaii Rainbow Warriors,San Jose State Spartans,betmgm,BetMGM,2026-10-01T20:35:29Z,2026-10-01T20:35:29Z,San Jose State Spartans,3.0,-108.0,2026,2026-10-01T20:35:46Z,1344,-4.882696569374028,-1.1553446769827669,-1.227351892391261,807aa80048d80e577104f04f9dc527bcbdecbac1e0bd777c98286ecfff8aeba7,timestamped_live_quote,FBS vs FBS
2026-10-01T20:35:46Z,4d9e59b57798afb31927c84e1f6dc25e,2026-10-04T03:59:00Z,Hawaii Rainbow Warriors,San Jose State Spartans,bovada,Bovada,2026-10-01T20:31:42Z,2026-10-01T20:31:42Z,Hawaii Rainbow Warriors,-3.0,-120.0,2026,2026-10-01T20:35:46Z,1344,-4.882696569374028,-1.1553446769827669,-1.227351892391261,807aa80048d80e577104f04f9dc527bcbdecbac1e0bd777c98286ecfff8aeba7,timestamped_live_quote,FBS vs FBS
2026-10-01T20:35:46Z,4d9e59b57798afb31927c84e1f6dc25e,2026-10-04T03:59:00Z,Hawaii Rainbow Warriors,San Jose State Spartans,bovada,Bovada,2026-10-01T20:31:42Z,2026-10-01T20:31:42Z,San Jose State Spartans,3.0,100.0,2026,2026-10-01T20:35:46Z,1344,-4.882696569374028,-1.1553446769827669,-1.227351892391261,807aa80048d80e577104f04f9dc527bcbdecbac1e0bd777c98286ecfff8aeba7,timestamped_live_quote,FBS vs FBS
2026-10-01T20:35:46Z,57ad14afc7db1843fd56f5971dadb058,2026-10-07T00:00:00Z,Troy Trojans,Southern Mississippi Golden Eagles,fanduel,FanDuel,2026-10-01T20:35:29Z,2026-10-01T20:35:29Z,Southern Mississippi Golden Eagles,9.5,-102.0,2026,2026-10-01T20:35:46Z,1344,1.4351441593072543,-1.2560111345068763,5.1911552938141305,807aa80048d80e577104f04f9dc527bcbdecbac1e0bd777c98286ecfff8aeba7,timestamped_live_quote,FBS vs FBS
2026-10-01T20:35:46Z,57ad14afc7db1843fd56f5971dadb058,2026-10-07T00:00:00Z,Troy Trojans,Southern Mississippi Golden Eagles,fanduel,FanDuel,2026-10-01T20:35:29Z,2026-10-01T20:35:29Z,Troy Trojans,-9.5,-120.0,2026,2026-10-01T20:35:46Z,1344,1.4351441593072543,-1.2560111345068763,5.1911552938141305,807aa80048d80e577104f04f9dc527bcbdecbac1e0bd777c98286ecfff8aeba7,timestamped_live_quote,FBS vs FBS
2026-10-01T20:35:46Z,57ad14afc7db1843fd56f5971dadb058,2026-10-07T00:00:00Z,Troy Trojans,Southern Mississippi Golden Eagles,draftkings,DraftKings,2026-10-01T20:35:46Z,2026-10-01T20:35:46Z,Southern Mississippi Golden Eagles,8.5,-110.0,2026,2026-10-01T20:35:46Z,1344,1.4351441593072543,-1.2560111345068763,5.1911552938141305,807aa80048d80e577104f04f9dc527bcbdecbac1e0bd777c98286ecfff8aeba7,timestamped_live_quote,FBS vs FBS
2026-10-01T20:35:46Z,57ad14afc7db1843fd56f5971dadb058,2026-10-07T00:00:00Z,Troy Trojans,Southern Mississippi Golden Eagles,draftkings,DraftKings,2026-10-01T20:35:46Z,2026-10-01T20:35:46Z,Troy Trojans,-8.5,-110.0,2026,2026-10-01T20:35:46Z,1344,1.4351441593072543,-1.2560111345068763,5.1911552938141305,807aa80048d80e577104f04f9dc527bcbdecbac1e0bd777c98286ecfff8aeba7,timestamped_live_quote,FBS vs FBS
2026-10-01T20:35:46Z,c89488b9c83038e85e02e92481d093fe,2026-10-07T23:00:00Z,Kennesaw State Owls,Jacksonville State Gamecocks,fanduel,FanDuel,2026-10-01T20:35:29Z,2026-10-01T20:35:29Z,Jacksonville State Gamecocks,-3.5,-105.0,2026,2026-10-01T20:35:46Z,1344,1.7628068011576883,3.782096240759872,0.48071056039781634,807aa80048d80e577104f04f9dc527bcbdecbac1e0bd777c98286ecfff8aeba7,timestamped_live_quote,FBS vs FBS
2026-10-01T20:35:46Z,c89488b9c83038e85e02e92481d093fe,2026-10-07T23:00:00Z,Kennesaw State Owls,Jacksonville State Gamecocks,fanduel,FanDuel,2026-10-01T20:35:29Z,2026-10-01T20:35:29Z,Kennesaw State Owls,3.5,-115.0,2026,2026-10-01T20:35:46Z,1344,1.7628068011576883,3.782096240759872,0.48071056039781634,807aa80048d80e577104f04f9dc527bcbdecbac1e0bd777c98286ecfff8aeba7,timestamped_live_quote,FBS vs FBS
2026-10-01T20:35:46Z,c89488b9c83038e85e02e92481d093fe,2026-10-07T23:00:00Z,Kennesaw State Owls,Jacksonville State Gamecocks,draftkings,DraftKings,2026-10-01T20:35:46Z,2026-10-01T20:35:46Z,Jacksonville State Gamecocks,-2.5,-115.0,2026,2026-10-01T20:35:46Z,1344,1.7628068011576883,3.782096240759872,0.48071056039781634,807aa80048d80e577104f04f9dc527bcbdecbac1e0bd777c98286ecfff8aeba7,timestamped_live_quote,FBS vs FBS
2026-10-01T20:35:46Z,c89488b9c83038e85e02e92481d093fe,2026-10-07T23:00:00Z,Kennesaw State Owls,Jacksonville State Gamecocks,draftkings,DraftKings,2026-10-01T20:35:46Z,2026-10-01T20:35:46Z,Kennesaw State Owls,2.5,-105.0,2026,2026-10-01T20:35:46Z,1344,1.7628068011576883,3.782096240759872,0.48071056039781634,807aa80048d80e577104f04f9dc527bcbdecbac1e0bd777c98286ecfff8aeba7,timestamped_live_quote,FBS vs FBS
2026-10-01T20:35:46Z,a168f1bed30ce7d56dc2b77dbfe37705,2026-10-10T01:00:00Z,Washington Huskies,Iowa Hawkeyes,draftkings,DraftKings,2026-10-01T20:35:46Z,2026-10-01T20:35:46Z,Iowa Hawkeyes,1.5,-115.0,2026,2026-10-01T20:35:46Z,1344,4.701284481318983,12.926648749051916,-5.725364267732932,807aa80048d80e577104f04f9dc527bcbdecbac1e0bd777c98286ecfff8aeba7,timestamped_live_quote,FBS vs FBS
2026-10-01T20:35:46Z,a168f1bed30ce7d56dc2b77dbfe37705,2026-10-10T01:00:00Z,Washington Huskies,Iowa Hawkeyes,draftkings,DraftKings,2026-10-01T20:35:46Z,2026-10-01T20:35:46Z,Washington Huskies,-1.5,-105.0,2026,2026-10-01T20:35:46Z,1344,4.701284481318983,12.926648749051916,-5.725364267732932,807aa80048d80e577104f04f9dc527bcbdecbac1e0bd777c98286ecfff8aeba7,timestamped_live_quote,FBS vs FBS
2026-10-01T20:35:46Z,55d9636153ca5741d460ef2f78b663d9,2026-10-10T02:15:00Z,BYU Cougars,Iowa State Cyclones,draftkings,DraftKings,2026-10-01T20:35:46Z,2026-10-01T20:35:46Z,BYU Cougars,-14.5,-110.0,2026,2026-10-01T20:35:46Z,1344,11.107333717418527,9.050571211989975,4.556762505428551,807aa80048d80e577104f04f9dc527bcbdecbac1e0bd777c98286ecfff8aeba7,timestamped_live_quote,FBS vs FBS
2026-10-01T20:35:46Z,55d9636153ca5741d460ef2f78b663d9,2026-10-10T02:15:00Z,BYU Cougars,Iowa State Cyclones,draftkings,DraftKings,2026-10-01T20:35:46Z,2026-10-01T20:35:46Z,Iowa State Cyclones,14.5,-110.0,2026,2026-10-01T20:35:46Z,1344,11.107333717418527,9.050571211989975,4.556762505428551,807aa80048d80e577104f04f9dc527bcbdecbac1e0bd777c98286ecfff8aeba7,timestamped_live_quote,FBS vs FBS
2026-10-01T20:35:46Z,3e691b53c660a64495a44816768176e8,2026-10-10T16:00:00Z,Nebraska Cornhuskers,Indiana Hoosiers,fanduel,FanDuel,2026-10-01T20:35:29Z,2026-10-01T20:35:29Z,Indiana Hoosiers,-8.5,-110.0,2026,2026-10-01T20:35:46Z,1344,14.840657428254152,15.607256487625873,1.7334009406282789,807aa80048d80e577104f04f9dc527bcbdecbac1e0bd777c98286ecfff8aeba7,timestamped_live_quote,FBS vs FBS
2026-10-01T20:35:46Z,3e691b53c660a64495a44816768176e8,2026-10-10T16:00:00Z,Nebraska Cornhuskers,Indiana Hoosiers,fanduel,FanDuel,2026-10-01T20:35:29Z,2026-10-01T20:35:29Z,Nebraska Cornhuskers,8.5,-110.0,2026,2026-10-01T20:35:46Z,1344,14.840657428254152,15.607256487625873,1.7334009406282789,807aa80048d80e577104f04f9dc527bcbdecbac1e0bd777c98286ecfff8aeba7,timestamped_live_quote,FBS vs FBS
2026-10-01T20:35:46Z,3e691b53c660a64495a44816768176e8,2026-10-10T16:00:00Z,Nebraska Cornhuskers,Indiana Hoosiers,draftkings,DraftKings,2026-10-01T20:35:46Z,2026-10-01T20:35:46Z,Indiana Hoosiers,-9.5,-110.0,2026,2026-10-01T20:35:46Z,1344,14.840657428254152,15.607256487625873,1.7334009406282789,807aa80048d80e577104f04f9dc527bcbdecbac1e0bd777c98286ecfff8aeba7,timestamped_live_quote,FBS vs FBS
2026-10-01T20:35:46Z,3e691b53c660a64495a44816768176e8,2026-10-10T16:00:00Z,Nebraska Cornhuskers,Indiana Hoosiers,draftkings,DraftKings,2026-10-01T20:35:46Z,2026-10-01T20:35:46Z,Nebraska Cornhuskers,9.5,-110.0,2026,2026-10-01T20:35:46Z,1344,14.840657428254152,15.607256487625873,1.7334009406282789,807aa80048d80e577104f04f9dc527bcbdecbac1e0bd777c98286ecfff8aeba7,timestamped_live_quote,FBS vs FBS
2026-10-01T20:35:46Z,4462f1fa168ab2a5a25fe2807ebec8ac,2026-10-10T16:00:00Z,Penn State Nittany Lions,USC Trojans,draftkings,DraftKings,2026-10-01T20:35:46Z,2026-10-01T20:35:46Z,Penn State Nittany Lions,-1.5,-108.0,2026,2026-10-01T20:35:46Z,1344,12.572499270091328,9.539312484093841,5.533186785997486,807aa80048d80e577104f04f9dc527bcbdecbac1e0bd777c98286ecfff8aeba7,timestamped_live_quote,FBS vs FBS
2026-10-01T20:35:46Z,4462f1fa168ab2a5a25fe2807ebec8ac,2026-10-10T16:00:00Z,Penn State Nittany Lions,USC Trojans,draftkings,DraftKings,2026-10-01T20:35:46Z,2026-10-01T20:35:46Z,USC Trojans,1.5,-112.0,2026,2026-10-01T20:35:46Z,1344,12.572499270091328,9.539312484093841,5.533186785997486,807aa80048d80e577104f04f9dc527bcbdecbac1e0bd777c98286ecfff8aeba7,timestamped_live_quote,FBS vs FBS
2026-10-01T20:35:46Z,9383cbbbb905d9ee50a3341f6945eae7,2026-10-10T17:00:00Z,Florida Gators,South Carolina Gamecocks,draftkings,DraftKings,2026-10-01T20:35:46Z,2026-10-01T20:35:46Z,Florida Gators,-14.5,-110.0,2026,2026-10-01T20:35:46Z,1344,16.703902353880597,7.54694231566085,11.656960038219747,807aa80048d80e577104f04f9dc527bcbdecbac1e0bd777c98286ecfff8aeba7,timestamped_live_quote,FBS vs FBS
2026-10-01T20:35:46Z,9383cbbbb905d9ee50a3341f6945eae7,2026-10-10T17:00:00Z,Florida Gators,South Carolina Gamecocks,draftkings,DraftKings,2026-10-01T20:35:46Z,2026-10-01T20:35:46Z,South Carolina Gamecocks,14.5,-110.0,2026,2026-10-01T20:35:46Z,1344,16.703902353880597,7.54694231566085,11.656960038219747,807aa80048d80e577104f04f9dc527bcbdecbac1e0bd777c98286ecfff8aeba7,timestamped_live_quote,FBS vs FBS
2026-10-01T20:35:46Z,9e243e91f8f94e6431da5cc5c3cc8fda,2026-10-10T17:00:00Z,Missouri Tigers,Texas A&M Aggies,draftkings,DraftKings,2026-10-01T20:35:46Z,2026-10-01T20:35:46Z,Missouri Tigers,-1.5,-110.0,2026,2026-10-01T20:35:46Z,1344,9.329037182250332,7.449359004666151,4.37967817758418,807aa80048d80e577104f04f9dc527bcbdecbac1e0bd777c98286ecfff8aeba7,timestamped_live_quote,FBS vs FBS
2026-10-01T20:35:46Z,9e243e91f8f94e6431da5cc5c3cc8fda,2026-10-10T17:00:00Z,Missouri Tigers,Texas A&M Aggies,draftkings,DraftKings,2026-10-01T20:35:46Z,2026-10-01T20:35:46Z,Texas A&M Aggies,1.5,-110.0,2026,2026-10-01T20:35:46Z,1344,9.329037182250332,7.449359004666151,4.37967817758418,807aa80048d80e577104f04f9dc527bcbdecbac1e0bd777c98286ecfff8aeba7,timestamped_live_quote,FBS vs FBS
2026-10-01T20:35:46Z,82b83ec87fc2be5faa2e9f26ac50edef,2026-10-10T19:30:00Z,Oklahoma Sooners,Texas Longhorns,fanduel,FanDuel,2026-10-01T20:35:29Z,2026-10-01T20:35:29Z,Oklahoma Sooners,9.5,-106.0,2026,2026-10-01T20:35:46Z,1344,6.711060885547835,14.479805760410393,-5.268744874862558,807aa80048d80e577104f04f9dc527bcbdecbac1e0bd777c98286ecfff8aeba7,timestamped_live_quote,FBS vs FBS
2026-10-01T20:35:46Z,82b83ec87fc2be5faa2e9f26ac50edef,2026-10-10T19:30:00Z,Oklahoma Sooners,Texas Longhorns,fanduel,FanDuel,2026-10-01T20:35:29Z,2026-10-01T20:35:29Z,Texas Longhorns,-9.5,-114.0,2026,2026-10-01T20:35:46Z,1344,6.711060885547835,14.479805760410393,-5.268744874862558,807aa80048d80e577104f04f9dc527bcbdecbac1e0bd777c98286ecfff8aeba7,timestamped_live_quote,FBS vs FBS
2026-10-01T20:35:46Z,82b83ec87fc2be5faa2e9f26ac50edef,2026-10-10T19:30:00Z,Oklahoma Sooners,Texas Longhorns,draftkings,DraftKings,2026-10-01T20:35:46Z,2026-10-01T20:35:46Z,Oklahoma Sooners,9.5,-105.0,2026,2026-10-01T20:35:46Z,1344,6.711060885547835,14.479805760410393,-5.268744874862558,807aa80048d80e577104f04f9dc527bcbdecbac1e0bd777c98286ecfff8aeba7,timestamped_live_quote,FBS vs FBS
2026-10-01T20:35:46Z,82b83ec87fc2be5faa2e9f26ac50edef,2026-10-10T19:30:00Z,Oklahoma Sooners,Texas Longhorns,draftkings,DraftKings,2026-10-01T20:35:46Z,2026-10-01T20:35:46Z,Texas Longhorns,-9.5,-115.0,2026,2026-10-01T20:35:46Z,1344,6.711060885547835,14.479805760410393,-5.268744874862558,807aa80048d80e577104f04f9dc527bcbdecbac1e0bd777c98286ecfff8aeba7,timestamped_live_quote,FBS vs FBS
2026-10-01T20:35:46Z,3ad908e99942c191b72d855b6f1b508f,2026-10-10T19:30:00Z,Oregon Ducks,UCLA Bruins,fanduel,FanDuel,2026-10-01T20:35:29Z,2026-10-01T20:35:29Z,Oregon Ducks,-12.5,-115.0,2026,2026-10-01T20:35:46Z,1344,13.984684664182035,13.857786818894796,2.626897845287239,807aa80048d80e577104f04f9dc527bcbdecbac1e0bd777c98286ecfff8aeba7,timestamped_live_quote,FBS vs FBS
2026-10-01T20:35:46Z,3ad908e99942c191b72d855b6f1b508f,2026-10-10T19:30:00Z,Oregon Ducks,UCLA Bruins,fanduel,FanDuel,2026-10-01T20:35:29Z,2026-10-01T20:35:29Z,UCLA Bruins,12.5,-105.0,2026,2026-10-01T20:35:46Z,1344,13.984684664182035,13.857786818894796,2.626897845287239,807aa80048d80e577104f04f9dc527bcbdecbac1e0bd777c98286ecfff8aeba7,timestamped_live_quote,FBS vs FBS
2026-10-01T20:35:46Z,3ad908e99942c191b72d855b6f1b508f,2026-10-10T19:30:00Z,Oregon Ducks,UCLA Bruins,draftkings,DraftKings,2026-10-01T20:35:46Z,2026-10-01T20:35:46Z,Oregon Ducks,-12.5,-110.0,2026,2026-10-01T20:35:46Z,1344,13.984684664182035,13.857786818894796,2.626897845287239,807aa80048d80e577104f04f9dc527bcbdecbac1e0bd777c98286ecfff8aeba7,timestamped_live_quote,FBS vs FBS
2026-10-01T20:35:46Z,3ad908e99942c191b72d855b6f1b508f,2026-10-10T19:30:00Z,Oregon Ducks,UCLA Bruins,draftkings,DraftKings,2026-10-01T20:35:46Z,2026-10-01T20:35:46Z,UCLA Bruins,12.5,-110.0,2026,2026-10-01T20:35:46Z,1344,13.984684664182035,13.857786818894796,2.626897845287239,807aa80048d80e577104f04f9dc527bcbdecbac1e0bd777c98286ecfff8aeba7,timestamped_live_quote,FBS vs FBS
2026-10-01T20:35:46Z,bdfaffbf5873812f3e04de2cbd273aa6,2026-10-10T23:00:00Z,Kentucky Wildcats,LSU Tigers,draftkings,DraftKings,2026-10-01T20:35:46Z,2026-10-01T20:35:46Z,Kentucky Wildcats,10.5,-110.0,2026,2026-10-01T20:35:46Z,1344,8.156413544188013,13.505455732888148,-2.8490421887001354,807aa80048d80e577104f04f9dc527bcbdecbac1e0bd777c98286ecfff8aeba7,timestamped_live_quote,FBS vs FBS
2026-10-01T20:35:46Z,bdfaffbf5873812f3e04de2cbd273aa6,2026-10-10T23:00:00Z,Kentucky Wildcats,LSU Tigers,draftkings,DraftKings,2026-10-01T20:35:46Z,2026-10-01T20:35:46Z,LSU Tigers,-10.5,-110.0,2026,2026-10-01T20:35:46Z,1344,8.156413544188013,13.505455732888148,-2.8490421887001354,807aa80048d80e577104f04f9dc527bcbdecbac1e0bd777c98286ecfff8aeba7,timestamped_live_quote,FBS vs FBS
2026-10-01T20:35:46Z,59f8c98dee8ce77cc17c5b4958e4f325,2026-10-10T23:30:00Z,Alabama Crimson Tide,Georgia Bulldogs,fanduel,FanDuel,2026-10-01T20:35:29Z,2026-10-01T20:35:29Z,Alabama Crimson Tide,2.5,-105.0,2026,2026-10-01T20:35:46Z,1344,15.976498073867353,19.670078309680225,-1.1935802358128722,807aa80048d80e577104f04f9dc527bcbdecbac1e0bd777c98286ecfff8aeba7,timestamped_live_quote,FBS vs FBS
2026-10-01T20:35:46Z,59f8c98dee8ce77cc17c5b4958e4f325,2026-10-10T23:30:00Z,Alabama Crimson Tide,Georgia Bulldogs,fanduel,FanDuel,2026-10-01T20:35:29Z,2026-10-01T20:35:29Z,Georgia Bulldogs,-2.5,-115.0,2026,2026-10-01T20:35:46Z,1344,15.976498073867353,19.670078309680225,-1.1935802358128722,807aa80048d80e577104f04f9dc527bcbdecbac1e0bd777c98286ecfff8aeba7,timestamped_live_quote,FBS vs FBS
2026-10-01T20:35:46Z,59f8c98dee8ce77cc17c5b4958e4f325,2026-10-10T23:30:00Z,Alabama Crimson Tide,Georgia Bulldogs,draftkings,DraftKings,2026-10-01T20:35:46Z,2026-10-01T20:35:46Z,Alabama Crimson Tide,3.0,-110.0,2026,2026-10-01T20:35:46Z,1344,15.976498073867353,19.670078309680225,-1.1935802358128722,807aa80048d80e577104f04f9dc527bcbdecbac1e0bd777c98286ecfff8aeba7,timestamped_live_quote,FBS vs FBS
2026-10-01T20:35:46Z,59f8c98dee8ce77cc17c5b4958e4f325,2026-10-10T23:30:00Z,Alabama Crimson Tide,Georgia Bulldogs,draftkings,DraftKings,2026-10-01T20:35:46Z,2026-10-01T20:35:46Z,Georgia Bulldogs,-3.0,-110.0,2026,2026-10-01T20:35:46Z,1344,15.976498073867353,19.670078309680225,-1.1935802358128722,807aa80048d80e577104f04f9dc527bcbdecbac1e0bd777c98286ecfff8aeba7,timestamped_live_quote,FBS vs FBS
