captured_at_utc,game_id,kickoff_utc,home_team,away_team,sportsbook_key,sportsbook,bookmaker_last_update_utc,market_last_update_utc,selection,spread,american_odds,season,ratings_asof_utc,ratings_training_games,home_rating,away_rating,projected_home_margin,ratings_input_sha256,capture_status,division_status
2026-10-10T00:47:21Z,a168f1bed30ce7d56dc2b77dbfe37705,2026-10-10T01:00:00Z,Washington Huskies,Iowa Hawkeyes,draftkings,DraftKings,2026-10-10T00:46:55Z,2026-10-10T00:46:54Z,Iowa Hawkeyes,3.0,-115.0,2026,2026-10-10T00:47:21Z,1655,4.734058898721241,11.18930885576111,-3.95524995703987,726826f3d6abb0bb4115e1078acbea91f10dfda4a429c17b5e74b8ed63b3a0b9,timestamped_live_quote,FBS vs FBS
2026-10-10T00:47:21Z,a168f1bed30ce7d56dc2b77dbfe37705,2026-10-10T01:00:00Z,Washington Huskies,Iowa Hawkeyes,draftkings,DraftKings,2026-10-10T00:46:55Z,2026-10-10T00:46:54Z,Washington Huskies,-3.0,-105.0,2026,2026-10-10T00:47:21Z,1655,4.734058898721241,11.18930885576111,-3.95524995703987,726826f3d6abb0bb4115e1078acbea91f10dfda4a429c17b5e74b8ed63b3a0b9,timestamped_live_quote,FBS vs FBS
2026-10-10T00:47:21Z,a168f1bed30ce7d56dc2b77dbfe37705,2026-10-10T01:00:00Z,Washington Huskies,Iowa Hawkeyes,betrivers,BetRivers,2026-10-10T00:47:00Z,2026-10-10T00:46:59Z,Iowa Hawkeyes,3.0,-117.0,2026,2026-10-10T00:47:21Z,1655,4.734058898721241,11.18930885576111,-3.95524995703987,726826f3d6abb0bb4115e1078acbea91f10dfda4a429c17b5e74b8ed63b3a0b9,timestamped_live_quote,FBS vs FBS
2026-10-10T00:47:21Z,a168f1bed30ce7d56dc2b77dbfe37705,2026-10-10T01:00:00Z,Washington Huskies,Iowa Hawkeyes,betrivers,BetRivers,2026-10-10T00:47:00Z,2026-10-10T00:46:59Z,Washington Huskies,-3.0,-107.0,2026,2026-10-10T00:47:21Z,1655,4.734058898721241,11.18930885576111,-3.95524995703987,726826f3d6abb0bb4115e1078acbea91f10dfda4a429c17b5e74b8ed63b3a0b9,timestamped_live_quote,FBS vs FBS
2026-10-10T00:47:21Z,a168f1bed30ce7d56dc2b77dbfe37705,2026-10-10T01:00:00Z,Washington Huskies,Iowa Hawkeyes,mybookieag,MyBookie.ag,2026-10-10T00:45:19Z,2026-10-10T00:45:18Z,Iowa Hawkeyes,3.0,-120.0,2026,2026-10-10T00:47:21Z,1655,4.734058898721241,11.18930885576111,-3.95524995703987,726826f3d6abb0bb4115e1078acbea91f10dfda4a429c17b5e74b8ed63b3a0b9,timestamped_live_quote,FBS vs FBS
2026-10-10T00:47:21Z,a168f1bed30ce7d56dc2b77dbfe37705,2026-10-10T01:00:00Z,Washington Huskies,Iowa Hawkeyes,mybookieag,MyBookie.ag,2026-10-10T00:45:19Z,2026-10-10T00:45:18Z,Washington Huskies,-3.0,100.0,2026,2026-10-10T00:47:21Z,1655,4.734058898721241,11.18930885576111,-3.95524995703987,726826f3d6abb0bb4115e1078acbea91f10dfda4a429c17b5e74b8ed63b3a0b9,timestamped_live_quote,FBS vs FBS
2026-10-10T00:47:21Z,a168f1bed30ce7d56dc2b77dbfe37705,2026-10-10T01:00:00Z,Washington Huskies,Iowa Hawkeyes,fanduel,FanDuel,2026-10-10T00:46:58Z,2026-10-10T00:46:57Z,Iowa Hawkeyes,2.5,100.0,2026,2026-10-10T00:47:21Z,1655,4.734058898721241,11.18930885576111,-3.95524995703987,726826f3d6abb0bb4115e1078acbea91f10dfda4a429c17b5e74b8ed63b3a0b9,timestamped_live_quote,FBS vs FBS
2026-10-10T00:47:21Z,a168f1bed30ce7d56dc2b77dbfe37705,2026-10-10T01:00:00Z,Washington Huskies,Iowa Hawkeyes,fanduel,FanDuel,2026-10-10T00:46:58Z,2026-10-10T00:46:57Z,Washington Huskies,-2.5,-122.0,2026,2026-10-10T00:47:21Z,1655,4.734058898721241,11.18930885576111,-3.95524995703987,726826f3d6abb0bb4115e1078acbea91f10dfda4a429c17b5e74b8ed63b3a0b9,timestamped_live_quote,FBS vs FBS
2026-10-10T00:47:21Z,a168f1bed30ce7d56dc2b77dbfe37705,2026-10-10T01:00:00Z,Washington Huskies,Iowa Hawkeyes,betmgm,BetMGM,2026-10-10T00:46:38Z,2026-10-10T00:46:38Z,Iowa Hawkeyes,3.0,-115.0,2026,2026-10-10T00:47:21Z,1655,4.734058898721241,11.18930885576111,-3.95524995703987,726826f3d6abb0bb4115e1078acbea91f10dfda4a429c17b5e74b8ed63b3a0b9,timestamped_live_quote,FBS vs FBS
2026-10-10T00:47:21Z,a168f1bed30ce7d56dc2b77dbfe37705,2026-10-10T01:00:00Z,Washington Huskies,Iowa Hawkeyes,betmgm,BetMGM,2026-10-10T00:46:38Z,2026-10-10T00:46:38Z,Washington Huskies,-3.0,-105.0,2026,2026-10-10T00:47:21Z,1655,4.734058898721241,11.18930885576111,-3.95524995703987,726826f3d6abb0bb4115e1078acbea91f10dfda4a429c17b5e74b8ed63b3a0b9,timestamped_live_quote,FBS vs FBS
2026-10-10T00:47:21Z,a168f1bed30ce7d56dc2b77dbfe37705,2026-10-10T01:00:00Z,Washington Huskies,Iowa Hawkeyes,lowvig,LowVig.ag,2026-10-10T00:47:09Z,2026-10-10T00:47:09Z,Iowa Hawkeyes,3.0,-109.0,2026,2026-10-10T00:47:21Z,1655,4.734058898721241,11.18930885576111,-3.95524995703987,726826f3d6abb0bb4115e1078acbea91f10dfda4a429c17b5e74b8ed63b3a0b9,timestamped_live_quote,FBS vs FBS
2026-10-10T00:47:21Z,a168f1bed30ce7d56dc2b77dbfe37705,2026-10-10T01:00:00Z,Washington Huskies,Iowa Hawkeyes,lowvig,LowVig.ag,2026-10-10T00:47:09Z,2026-10-10T00:47:09Z,Washington Huskies,-3.0,-103.0,2026,2026-10-10T00:47:21Z,1655,4.734058898721241,11.18930885576111,-3.95524995703987,726826f3d6abb0bb4115e1078acbea91f10dfda4a429c17b5e74b8ed63b3a0b9,timestamped_live_quote,FBS vs FBS
2026-10-10T00:47:21Z,a168f1bed30ce7d56dc2b77dbfe37705,2026-10-10T01:00:00Z,Washington Huskies,Iowa Hawkeyes,betonlineag,BetOnline.ag,2026-10-10T00:46:55Z,2026-10-10T00:46:54Z,Iowa Hawkeyes,3.0,-113.0,2026,2026-10-10T00:47:21Z,1655,4.734058898721241,11.18930885576111,-3.95524995703987,726826f3d6abb0bb4115e1078acbea91f10dfda4a429c17b5e74b8ed63b3a0b9,timestamped_live_quote,FBS vs FBS
2026-10-10T00:47:21Z,a168f1bed30ce7d56dc2b77dbfe37705,2026-10-10T01:00:00Z,Washington Huskies,Iowa Hawkeyes,betonlineag,BetOnline.ag,2026-10-10T00:46:55Z,2026-10-10T00:46:54Z,Washington Huskies,-3.0,-107.0,2026,2026-10-10T00:47:21Z,1655,4.734058898721241,11.18930885576111,-3.95524995703987,726826f3d6abb0bb4115e1078acbea91f10dfda4a429c17b5e74b8ed63b3a0b9,timestamped_live_quote,FBS vs FBS
2026-10-10T00:47:21Z,a168f1bed30ce7d56dc2b77dbfe37705,2026-10-10T01:00:00Z,Washington Huskies,Iowa Hawkeyes,bovada,Bovada,2026-10-10T00:46:12Z,2026-10-10T00:46:12Z,Iowa Hawkeyes,3.0,-115.0,2026,2026-10-10T00:47:21Z,1655,4.734058898721241,11.18930885576111,-3.95524995703987,726826f3d6abb0bb4115e1078acbea91f10dfda4a429c17b5e74b8ed63b3a0b9,timestamped_live_quote,FBS vs FBS
2026-10-10T00:47:21Z,a168f1bed30ce7d56dc2b77dbfe37705,2026-10-10T01:00:00Z,Washington Huskies,Iowa Hawkeyes,bovada,Bovada,2026-10-10T00:46:12Z,2026-10-10T00:46:12Z,Washington Huskies,-3.0,-105.0,2026,2026-10-10T00:47:21Z,1655,4.734058898721241,11.18930885576111,-3.95524995703987,726826f3d6abb0bb4115e1078acbea91f10dfda4a429c17b5e74b8ed63b3a0b9,timestamped_live_quote,FBS vs FBS
2026-10-10T00:47:21Z,a168f1bed30ce7d56dc2b77dbfe37705,2026-10-10T01:00:00Z,Washington Huskies,Iowa Hawkeyes,betus,BetUS,2026-10-10T00:46:22Z,2026-10-10T00:46:21Z,Iowa Hawkeyes,3.0,-115.0,2026,2026-10-10T00:47:21Z,1655,4.734058898721241,11.18930885576111,-3.95524995703987,726826f3d6abb0bb4115e1078acbea91f10dfda4a429c17b5e74b8ed63b3a0b9,timestamped_live_quote,FBS vs FBS
2026-10-10T00:47:21Z,a168f1bed30ce7d56dc2b77dbfe37705,2026-10-10T01:00:00Z,Washington Huskies,Iowa Hawkeyes,betus,BetUS,2026-10-10T00:46:22Z,2026-10-10T00:46:21Z,Washington Huskies,-3.0,-105.0,2026,2026-10-10T00:47:21Z,1655,4.734058898721241,11.18930885576111,-3.95524995703987,726826f3d6abb0bb4115e1078acbea91f10dfda4a429c17b5e74b8ed63b3a0b9,timestamped_live_quote,FBS vs FBS
2026-10-10T00:47:21Z,23614f055733537fb79ab73e68040eca,2026-10-10T01:00:00Z,San Jose State Spartans,Wyoming Cowboys,fanduel,FanDuel,2026-10-10T00:46:58Z,2026-10-10T00:46:57Z,San Jose State Spartans,-4.5,-105.0,2026,2026-10-10T00:47:21Z,1655,-0.30918975996670744,-3.700008037037016,5.890818277070309,726826f3d6abb0bb4115e1078acbea91f10dfda4a429c17b5e74b8ed63b3a0b9,timestamped_live_quote,FBS vs FBS
2026-10-10T00:47:21Z,23614f055733537fb79ab73e68040eca,2026-10-10T01:00:00Z,San Jose State Spartans,Wyoming Cowboys,fanduel,FanDuel,2026-10-10T00:46:58Z,2026-10-10T00:46:57Z,Wyoming Cowboys,4.5,-115.0,2026,2026-10-10T00:47:21Z,1655,-0.30918975996670744,-3.700008037037016,5.890818277070309,726826f3d6abb0bb4115e1078acbea91f10dfda4a429c17b5e74b8ed63b3a0b9,timestamped_live_quote,FBS vs FBS
2026-10-10T00:47:21Z,23614f055733537fb79ab73e68040eca,2026-10-10T01:00:00Z,San Jose State Spartans,Wyoming Cowboys,draftkings,DraftKings,2026-10-10T00:46:55Z,2026-10-10T00:46:54Z,San Jose State Spartans,-4.5,-105.0,2026,2026-10-10T00:47:21Z,1655,-0.30918975996670744,-3.700008037037016,5.890818277070309,726826f3d6abb0bb4115e1078acbea91f10dfda4a429c17b5e74b8ed63b3a0b9,timestamped_live_quote,FBS vs FBS
2026-10-10T00:47:21Z,23614f055733537fb79ab73e68040eca,2026-10-10T01:00:00Z,San Jose State Spartans,Wyoming Cowboys,draftkings,DraftKings,2026-10-10T00:46:55Z,2026-10-10T00:46:54Z,Wyoming Cowboys,4.5,-115.0,2026,2026-10-10T00:47:21Z,1655,-0.30918975996670744,-3.700008037037016,5.890818277070309,726826f3d6abb0bb4115e1078acbea91f10dfda4a429c17b5e74b8ed63b3a0b9,timestamped_live_quote,FBS vs FBS
2026-10-10T00:47:21Z,23614f055733537fb79ab73e68040eca,2026-10-10T01:00:00Z,San Jose State Spartans,Wyoming Cowboys,betrivers,BetRivers,2026-10-10T00:44:21Z,2026-10-10T00:44:19Z,San Jose State Spartans,-4.5,-112.0,2026,2026-10-10T00:47:21Z,1655,-0.30918975996670744,-3.700008037037016,5.890818277070309,726826f3d6abb0bb4115e1078acbea91f10dfda4a429c17b5e74b8ed63b3a0b9,timestamped_live_quote,FBS vs FBS
2026-10-10T00:47:21Z,23614f055733537fb79ab73e68040eca,2026-10-10T01:00:00Z,San Jose State Spartans,Wyoming Cowboys,betrivers,BetRivers,2026-10-10T00:44:21Z,2026-10-10T00:44:19Z,Wyoming Cowboys,4.5,-112.0,2026,2026-10-10T00:47:21Z,1655,-0.30918975996670744,-3.700008037037016,5.890818277070309,726826f3d6abb0bb4115e1078acbea91f10dfda4a429c17b5e74b8ed63b3a0b9,timestamped_live_quote,FBS vs FBS
2026-10-10T00:47:21Z,23614f055733537fb79ab73e68040eca,2026-10-10T01:00:00Z,San Jose State Spartans,Wyoming Cowboys,lowvig,LowVig.ag,2026-10-10T00:47:09Z,2026-10-10T00:47:09Z,San Jose State Spartans,-4.0,-106.0,2026,2026-10-10T00:47:21Z,1655,-0.30918975996670744,-3.700008037037016,5.890818277070309,726826f3d6abb0bb4115e1078acbea91f10dfda4a429c17b5e74b8ed63b3a0b9,timestamped_live_quote,FBS vs FBS
2026-10-10T00:47:21Z,23614f055733537fb79ab73e68040eca,2026-10-10T01:00:00Z,San Jose State Spartans,Wyoming Cowboys,lowvig,LowVig.ag,2026-10-10T00:47:09Z,2026-10-10T00:47:09Z,Wyoming Cowboys,4.0,-106.0,2026,2026-10-10T00:47:21Z,1655,-0.30918975996670744,-3.700008037037016,5.890818277070309,726826f3d6abb0bb4115e1078acbea91f10dfda4a429c17b5e74b8ed63b3a0b9,timestamped_live_quote,FBS vs FBS
2026-10-10T00:47:21Z,23614f055733537fb79ab73e68040eca,2026-10-10T01:00:00Z,San Jose State Spartans,Wyoming Cowboys,betonlineag,BetOnline.ag,2026-10-10T00:46:55Z,2026-10-10T00:46:55Z,San Jose State Spartans,-4.0,-110.0,2026,2026-10-10T00:47:21Z,1655,-0.30918975996670744,-3.700008037037016,5.890818277070309,726826f3d6abb0bb4115e1078acbea91f10dfda4a429c17b5e74b8ed63b3a0b9,timestamped_live_quote,FBS vs FBS
2026-10-10T00:47:21Z,23614f055733537fb79ab73e68040eca,2026-10-10T01:00:00Z,San Jose State Spartans,Wyoming Cowboys,betonlineag,BetOnline.ag,2026-10-10T00:46:55Z,2026-10-10T00:46:55Z,Wyoming Cowboys,4.0,-110.0,2026,2026-10-10T00:47:21Z,1655,-0.30918975996670744,-3.700008037037016,5.890818277070309,726826f3d6abb0bb4115e1078acbea91f10dfda4a429c17b5e74b8ed63b3a0b9,timestamped_live_quote,FBS vs FBS
2026-10-10T00:47:21Z,23614f055733537fb79ab73e68040eca,2026-10-10T01:00:00Z,San Jose State Spartans,Wyoming Cowboys,betmgm,BetMGM,2026-10-10T00:46:38Z,2026-10-10T00:46:38Z,San Jose State Spartans,-3.5,-120.0,2026,2026-10-10T00:47:21Z,1655,-0.30918975996670744,-3.700008037037016,5.890818277070309,726826f3d6abb0bb4115e1078acbea91f10dfda4a429c17b5e74b8ed63b3a0b9,timestamped_live_quote,FBS vs FBS
2026-10-10T00:47:21Z,23614f055733537fb79ab73e68040eca,2026-10-10T01:00:00Z,San Jose State Spartans,Wyoming Cowboys,betmgm,BetMGM,2026-10-10T00:46:38Z,2026-10-10T00:46:38Z,Wyoming Cowboys,3.5,100.0,2026,2026-10-10T00:47:21Z,1655,-0.30918975996670744,-3.700008037037016,5.890818277070309,726826f3d6abb0bb4115e1078acbea91f10dfda4a429c17b5e74b8ed63b3a0b9,timestamped_live_quote,FBS vs FBS
2026-10-10T00:47:21Z,23614f055733537fb79ab73e68040eca,2026-10-10T01:00:00Z,San Jose State Spartans,Wyoming Cowboys,mybookieag,MyBookie.ag,2026-10-10T00:45:19Z,2026-10-10T00:45:19Z,San Jose State Spartans,-4.0,-110.0,2026,2026-10-10T00:47:21Z,1655,-0.30918975996670744,-3.700008037037016,5.890818277070309,726826f3d6abb0bb4115e1078acbea91f10dfda4a429c17b5e74b8ed63b3a0b9,timestamped_live_quote,FBS vs FBS
2026-10-10T00:47:21Z,23614f055733537fb79ab73e68040eca,2026-10-10T01:00:00Z,San Jose State Spartans,Wyoming Cowboys,mybookieag,MyBookie.ag,2026-10-10T00:45:19Z,2026-10-10T00:45:19Z,Wyoming Cowboys,4.0,-110.0,2026,2026-10-10T00:47:21Z,1655,-0.30918975996670744,-3.700008037037016,5.890818277070309,726826f3d6abb0bb4115e1078acbea91f10dfda4a429c17b5e74b8ed63b3a0b9,timestamped_live_quote,FBS vs FBS
2026-10-10T00:47:21Z,23614f055733537fb79ab73e68040eca,2026-10-10T01:00:00Z,San Jose State Spartans,Wyoming Cowboys,bovada,Bovada,2026-10-10T00:46:12Z,2026-10-10T00:46:12Z,San Jose State Spartans,-4.0,-110.0,2026,2026-10-10T00:47:21Z,1655,-0.30918975996670744,-3.700008037037016,5.890818277070309,726826f3d6abb0bb4115e1078acbea91f10dfda4a429c17b5e74b8ed63b3a0b9,timestamped_live_quote,FBS vs FBS
2026-10-10T00:47:21Z,23614f055733537fb79ab73e68040eca,2026-10-10T01:00:00Z,San Jose State Spartans,Wyoming Cowboys,bovada,Bovada,2026-10-10T00:46:12Z,2026-10-10T00:46:12Z,Wyoming Cowboys,4.0,-110.0,2026,2026-10-10T00:47:21Z,1655,-0.30918975996670744,-3.700008037037016,5.890818277070309,726826f3d6abb0bb4115e1078acbea91f10dfda4a429c17b5e74b8ed63b3a0b9,timestamped_live_quote,FBS vs FBS
2026-10-10T00:47:21Z,23614f055733537fb79ab73e68040eca,2026-10-10T01:00:00Z,San Jose State Spartans,Wyoming Cowboys,betus,BetUS,2026-10-10T00:46:22Z,2026-10-10T00:46:21Z,San Jose State Spartans,-4.0,-110.0,2026,2026-10-10T00:47:21Z,1655,-0.30918975996670744,-3.700008037037016,5.890818277070309,726826f3d6abb0bb4115e1078acbea91f10dfda4a429c17b5e74b8ed63b3a0b9,timestamped_live_quote,FBS vs FBS
2026-10-10T00:47:21Z,23614f055733537fb79ab73e68040eca,2026-10-10T01:00:00Z,San Jose State Spartans,Wyoming Cowboys,betus,BetUS,2026-10-10T00:46:22Z,2026-10-10T00:46:21Z,Wyoming Cowboys,4.0,-110.0,2026,2026-10-10T00:47:21Z,1655,-0.30918975996670744,-3.700008037037016,5.890818277070309,726826f3d6abb0bb4115e1078acbea91f10dfda4a429c17b5e74b8ed63b3a0b9,timestamped_live_quote,FBS vs FBS
2026-10-10T00:47:21Z,2ec27bbe3b14c521ba8a3f3f6e46f4ac,2026-10-10T01:00:00Z,Utah State Aggies,Washington State Cougars,fanduel,FanDuel,2026-10-10T00:46:58Z,2026-10-10T00:46:57Z,Utah State Aggies,-3.5,-115.0,2026,2026-10-10T00:47:21Z,1655,-1.3993656436181547,-1.0092862363282744,2.10992059271012,726826f3d6abb0bb4115e1078acbea91f10dfda4a429c17b5e74b8ed63b3a0b9,timestamped_live_quote,FBS vs FBS
2026-10-10T00:47:21Z,2ec27bbe3b14c521ba8a3f3f6e46f4ac,2026-10-10T01:00:00Z,Utah State Aggies,Washington State Cougars,fanduel,FanDuel,2026-10-10T00:46:58Z,2026-10-10T00:46:57Z,Washington State Cougars,3.5,-105.0,2026,2026-10-10T00:47:21Z,1655,-1.3993656436181547,-1.0092862363282744,2.10992059271012,726826f3d6abb0bb4115e1078acbea91f10dfda4a429c17b5e74b8ed63b3a0b9,timestamped_live_quote,FBS vs FBS
2026-10-10T00:47:21Z,2ec27bbe3b14c521ba8a3f3f6e46f4ac,2026-10-10T01:00:00Z,Utah State Aggies,Washington State Cougars,betrivers,BetRivers,2026-10-10T00:44:21Z,2026-10-10T00:44:19Z,Utah State Aggies,-4.5,-110.0,2026,2026-10-10T00:47:21Z,1655,-1.3993656436181547,-1.0092862363282744,2.10992059271012,726826f3d6abb0bb4115e1078acbea91f10dfda4a429c17b5e74b8ed63b3a0b9,timestamped_live_quote,FBS vs FBS
2026-10-10T00:47:21Z,2ec27bbe3b14c521ba8a3f3f6e46f4ac,2026-10-10T01:00:00Z,Utah State Aggies,Washington State Cougars,betrivers,BetRivers,2026-10-10T00:44:21Z,2026-10-10T00:44:19Z,Washington State Cougars,4.5,-113.0,2026,2026-10-10T00:47:21Z,1655,-1.3993656436181547,-1.0092862363282744,2.10992059271012,726826f3d6abb0bb4115e1078acbea91f10dfda4a429c17b5e74b8ed63b3a0b9,timestamped_live_quote,FBS vs FBS
2026-10-10T00:47:21Z,2ec27bbe3b14c521ba8a3f3f6e46f4ac,2026-10-10T01:00:00Z,Utah State Aggies,Washington State Cougars,betmgm,BetMGM,2026-10-10T00:46:38Z,2026-10-10T00:46:38Z,Utah State Aggies,-4.5,-105.0,2026,2026-10-10T00:47:21Z,1655,-1.3993656436181547,-1.0092862363282744,2.10992059271012,726826f3d6abb0bb4115e1078acbea91f10dfda4a429c17b5e74b8ed63b3a0b9,timestamped_live_quote,FBS vs FBS
2026-10-10T00:47:21Z,2ec27bbe3b14c521ba8a3f3f6e46f4ac,2026-10-10T01:00:00Z,Utah State Aggies,Washington State Cougars,betmgm,BetMGM,2026-10-10T00:46:38Z,2026-10-10T00:46:38Z,Washington State Cougars,4.5,-115.0,2026,2026-10-10T00:47:21Z,1655,-1.3993656436181547,-1.0092862363282744,2.10992059271012,726826f3d6abb0bb4115e1078acbea91f10dfda4a429c17b5e74b8ed63b3a0b9,timestamped_live_quote,FBS vs FBS
2026-10-10T00:47:21Z,2ec27bbe3b14c521ba8a3f3f6e46f4ac,2026-10-10T01:00:00Z,Utah State Aggies,Washington State Cougars,draftkings,DraftKings,2026-10-10T00:46:55Z,2026-10-10T00:46:54Z,Utah State Aggies,-4.0,-112.0,2026,2026-10-10T00:47:21Z,1655,-1.3993656436181547,-1.0092862363282744,2.10992059271012,726826f3d6abb0bb4115e1078acbea91f10dfda4a429c17b5e74b8ed63b3a0b9,timestamped_live_quote,FBS vs FBS
2026-10-10T00:47:21Z,2ec27bbe3b14c521ba8a3f3f6e46f4ac,2026-10-10T01:00:00Z,Utah State Aggies,Washington State Cougars,draftkings,DraftKings,2026-10-10T00:46:55Z,2026-10-10T00:46:54Z,Washington State Cougars,4.0,-108.0,2026,2026-10-10T00:47:21Z,1655,-1.3993656436181547,-1.0092862363282744,2.10992059271012,726826f3d6abb0bb4115e1078acbea91f10dfda4a429c17b5e74b8ed63b3a0b9,timestamped_live_quote,FBS vs FBS
2026-10-10T00:47:21Z,2ec27bbe3b14c521ba8a3f3f6e46f4ac,2026-10-10T01:00:00Z,Utah State Aggies,Washington State Cougars,betonlineag,BetOnline.ag,2026-10-10T00:46:55Z,2026-10-10T00:46:55Z,Utah State Aggies,-4.0,-110.0,2026,2026-10-10T00:47:21Z,1655,-1.3993656436181547,-1.0092862363282744,2.10992059271012,726826f3d6abb0bb4115e1078acbea91f10dfda4a429c17b5e74b8ed63b3a0b9,timestamped_live_quote,FBS vs FBS
2026-10-10T00:47:21Z,2ec27bbe3b14c521ba8a3f3f6e46f4ac,2026-10-10T01:00:00Z,Utah State Aggies,Washington State Cougars,betonlineag,BetOnline.ag,2026-10-10T00:46:55Z,2026-10-10T00:46:55Z,Washington State Cougars,4.0,-110.0,2026,2026-10-10T00:47:21Z,1655,-1.3993656436181547,-1.0092862363282744,2.10992059271012,726826f3d6abb0bb4115e1078acbea91f10dfda4a429c17b5e74b8ed63b3a0b9,timestamped_live_quote,FBS vs FBS
2026-10-10T00:47:21Z,2ec27bbe3b14c521ba8a3f3f6e46f4ac,2026-10-10T01:00:00Z,Utah State Aggies,Washington State Cougars,lowvig,LowVig.ag,2026-10-10T00:47:09Z,2026-10-10T00:47:09Z,Utah State Aggies,-4.0,-106.0,2026,2026-10-10T00:47:21Z,1655,-1.3993656436181547,-1.0092862363282744,2.10992059271012,726826f3d6abb0bb4115e1078acbea91f10dfda4a429c17b5e74b8ed63b3a0b9,timestamped_live_quote,FBS vs FBS
2026-10-10T00:47:21Z,2ec27bbe3b14c521ba8a3f3f6e46f4ac,2026-10-10T01:00:00Z,Utah State Aggies,Washington State Cougars,lowvig,LowVig.ag,2026-10-10T00:47:09Z,2026-10-10T00:47:09Z,Washington State Cougars,4.0,-106.0,2026,2026-10-10T00:47:21Z,1655,-1.3993656436181547,-1.0092862363282744,2.10992059271012,726826f3d6abb0bb4115e1078acbea91f10dfda4a429c17b5e74b8ed63b3a0b9,timestamped_live_quote,FBS vs FBS
2026-10-10T00:47:21Z,2ec27bbe3b14c521ba8a3f3f6e46f4ac,2026-10-10T01:00:00Z,Utah State Aggies,Washington State Cougars,mybookieag,MyBookie.ag,2026-10-10T00:45:19Z,2026-10-10T00:45:19Z,Utah State Aggies,-4.0,-110.0,2026,2026-10-10T00:47:21Z,1655,-1.3993656436181547,-1.0092862363282744,2.10992059271012,726826f3d6abb0bb4115e1078acbea91f10dfda4a429c17b5e74b8ed63b3a0b9,timestamped_live_quote,FBS vs FBS
2026-10-10T00:47:21Z,2ec27bbe3b14c521ba8a3f3f6e46f4ac,2026-10-10T01:00:00Z,Utah State Aggies,Washington State Cougars,mybookieag,MyBookie.ag,2026-10-10T00:45:19Z,2026-10-10T00:45:19Z,Washington State Cougars,4.0,-110.0,2026,2026-10-10T00:47:21Z,1655,-1.3993656436181547,-1.0092862363282744,2.10992059271012,726826f3d6abb0bb4115e1078acbea91f10dfda4a429c17b5e74b8ed63b3a0b9,timestamped_live_quote,FBS vs FBS
2026-10-10T00:47:21Z,2ec27bbe3b14c521ba8a3f3f6e46f4ac,2026-10-10T01:00:00Z,Utah State Aggies,Washington State Cougars,bovada,Bovada,2026-10-10T00:46:12Z,2026-10-10T00:46:12Z,Utah State Aggies,-4.0,-110.0,2026,2026-10-10T00:47:21Z,1655,-1.3993656436181547,-1.0092862363282744,2.10992059271012,726826f3d6abb0bb4115e1078acbea91f10dfda4a429c17b5e74b8ed63b3a0b9,timestamped_live_quote,FBS vs FBS
2026-10-10T00:47:21Z,2ec27bbe3b14c521ba8a3f3f6e46f4ac,2026-10-10T01:00:00Z,Utah State Aggies,Washington State Cougars,bovada,Bovada,2026-10-10T00:46:12Z,2026-10-10T00:46:12Z,Washington State Cougars,4.0,-110.0,2026,2026-10-10T00:47:21Z,1655,-1.3993656436181547,-1.0092862363282744,2.10992059271012,726826f3d6abb0bb4115e1078acbea91f10dfda4a429c17b5e74b8ed63b3a0b9,timestamped_live_quote,FBS vs FBS
2026-10-10T00:47:21Z,2ec27bbe3b14c521ba8a3f3f6e46f4ac,2026-10-10T01:00:00Z,Utah State Aggies,Washington State Cougars,betus,BetUS,2026-10-10T00:46:22Z,2026-10-10T00:46:21Z,Utah State Aggies,-4.0,-110.0,2026,2026-10-10T00:47:21Z,1655,-1.3993656436181547,-1.0092862363282744,2.10992059271012,726826f3d6abb0bb4115e1078acbea91f10dfda4a429c17b5e74b8ed63b3a0b9,timestamped_live_quote,FBS vs FBS
2026-10-10T00:47:21Z,2ec27bbe3b14c521ba8a3f3f6e46f4ac,2026-10-10T01:00:00Z,Utah State Aggies,Washington State Cougars,betus,BetUS,2026-10-10T00:46:22Z,2026-10-10T00:46:21Z,Washington State Cougars,4.0,-110.0,2026,2026-10-10T00:47:21Z,1655,-1.3993656436181547,-1.0092862363282744,2.10992059271012,726826f3d6abb0bb4115e1078acbea91f10dfda4a429c17b5e74b8ed63b3a0b9,timestamped_live_quote,FBS vs FBS
2026-10-10T00:47:21Z,55d9636153ca5741d460ef2f78b663d9,2026-10-10T02:15:00Z,BYU Cougars,Iowa State Cyclones,draftkings,DraftKings,2026-10-10T00:46:55Z,2026-10-10T00:46:54Z,BYU Cougars,-11.5,-108.0,2026,2026-10-10T00:47:21Z,1655,12.062089749619679,8.836075562016157,5.726014187603521,726826f3d6abb0bb4115e1078acbea91f10dfda4a429c17b5e74b8ed63b3a0b9,timestamped_live_quote,FBS vs FBS
2026-10-10T00:47:21Z,55d9636153ca5741d460ef2f78b663d9,2026-10-10T02:15:00Z,BYU Cougars,Iowa State Cyclones,draftkings,DraftKings,2026-10-10T00:46:55Z,2026-10-10T00:46:54Z,Iowa State Cyclones,11.5,-112.0,2026,2026-10-10T00:47:21Z,1655,12.062089749619679,8.836075562016157,5.726014187603521,726826f3d6abb0bb4115e1078acbea91f10dfda4a429c17b5e74b8ed63b3a0b9,timestamped_live_quote,FBS vs FBS
2026-10-10T00:47:21Z,55d9636153ca5741d460ef2f78b663d9,2026-10-10T02:15:00Z,BYU Cougars,Iowa State Cyclones,betrivers,BetRivers,2026-10-10T00:47:00Z,2026-10-10T00:46:59Z,BYU Cougars,-11.5,-113.0,2026,2026-10-10T00:47:21Z,1655,12.062089749619679,8.836075562016157,5.726014187603521,726826f3d6abb0bb4115e1078acbea91f10dfda4a429c17b5e74b8ed63b3a0b9,timestamped_live_quote,FBS vs FBS
2026-10-10T00:47:21Z,55d9636153ca5741d460ef2f78b663d9,2026-10-10T02:15:00Z,BYU Cougars,Iowa State Cyclones,betrivers,BetRivers,2026-10-10T00:47:00Z,2026-10-10T00:46:59Z,Iowa State Cyclones,11.5,-110.0,2026,2026-10-10T00:47:21Z,1655,12.062089749619679,8.836075562016157,5.726014187603521,726826f3d6abb0bb4115e1078acbea91f10dfda4a429c17b5e74b8ed63b3a0b9,timestamped_live_quote,FBS vs FBS
2026-10-10T00:47:21Z,55d9636153ca5741d460ef2f78b663d9,2026-10-10T02:15:00Z,BYU Cougars,Iowa State Cyclones,mybookieag,MyBookie.ag,2026-10-10T00:45:19Z,2026-10-10T00:45:18Z,BYU Cougars,-11.5,-110.0,2026,2026-10-10T00:47:21Z,1655,12.062089749619679,8.836075562016157,5.726014187603521,726826f3d6abb0bb4115e1078acbea91f10dfda4a429c17b5e74b8ed63b3a0b9,timestamped_live_quote,FBS vs FBS
2026-10-10T00:47:21Z,55d9636153ca5741d460ef2f78b663d9,2026-10-10T02:15:00Z,BYU Cougars,Iowa State Cyclones,mybookieag,MyBookie.ag,2026-10-10T00:45:19Z,2026-10-10T00:45:18Z,Iowa State Cyclones,11.5,-110.0,2026,2026-10-10T00:47:21Z,1655,12.062089749619679,8.836075562016157,5.726014187603521,726826f3d6abb0bb4115e1078acbea91f10dfda4a429c17b5e74b8ed63b3a0b9,timestamped_live_quote,FBS vs FBS
2026-10-10T00:47:21Z,55d9636153ca5741d460ef2f78b663d9,2026-10-10T02:15:00Z,BYU Cougars,Iowa State Cyclones,fanduel,FanDuel,2026-10-10T00:46:58Z,2026-10-10T00:46:57Z,BYU Cougars,-11.5,-105.0,2026,2026-10-10T00:47:21Z,1655,12.062089749619679,8.836075562016157,5.726014187603521,726826f3d6abb0bb4115e1078acbea91f10dfda4a429c17b5e74b8ed63b3a0b9,timestamped_live_quote,FBS vs FBS
2026-10-10T00:47:21Z,55d9636153ca5741d460ef2f78b663d9,2026-10-10T02:15:00Z,BYU Cougars,Iowa State Cyclones,fanduel,FanDuel,2026-10-10T00:46:58Z,2026-10-10T00:46:57Z,Iowa State Cyclones,11.5,-115.0,2026,2026-10-10T00:47:21Z,1655,12.062089749619679,8.836075562016157,5.726014187603521,726826f3d6abb0bb4115e1078acbea91f10dfda4a429c17b5e74b8ed63b3a0b9,timestamped_live_quote,FBS vs FBS
2026-10-10T00:47:21Z,55d9636153ca5741d460ef2f78b663d9,2026-10-10T02:15:00Z,BYU Cougars,Iowa State Cyclones,betmgm,BetMGM,2026-10-10T00:46:38Z,2026-10-10T00:46:38Z,BYU Cougars,-10.5,-115.0,2026,2026-10-10T00:47:21Z,1655,12.062089749619679,8.836075562016157,5.726014187603521,726826f3d6abb0bb4115e1078acbea91f10dfda4a429c17b5e74b8ed63b3a0b9,timestamped_live_quote,FBS vs FBS
2026-10-10T00:47:21Z,55d9636153ca5741d460ef2f78b663d9,2026-10-10T02:15:00Z,BYU Cougars,Iowa State Cyclones,betmgm,BetMGM,2026-10-10T00:46:38Z,2026-10-10T00:46:38Z,Iowa State Cyclones,10.5,-105.0,2026,2026-10-10T00:47:21Z,1655,12.062089749619679,8.836075562016157,5.726014187603521,726826f3d6abb0bb4115e1078acbea91f10dfda4a429c17b5e74b8ed63b3a0b9,timestamped_live_quote,FBS vs FBS
2026-10-10T00:47:21Z,55d9636153ca5741d460ef2f78b663d9,2026-10-10T02:15:00Z,BYU Cougars,Iowa State Cyclones,lowvig,LowVig.ag,2026-10-10T00:47:09Z,2026-10-10T00:47:09Z,BYU Cougars,-11.0,-111.0,2026,2026-10-10T00:47:21Z,1655,12.062089749619679,8.836075562016157,5.726014187603521,726826f3d6abb0bb4115e1078acbea91f10dfda4a429c17b5e74b8ed63b3a0b9,timestamped_live_quote,FBS vs FBS
2026-10-10T00:47:21Z,55d9636153ca5741d460ef2f78b663d9,2026-10-10T02:15:00Z,BYU Cougars,Iowa State Cyclones,lowvig,LowVig.ag,2026-10-10T00:47:09Z,2026-10-10T00:47:09Z,Iowa State Cyclones,11.0,-101.0,2026,2026-10-10T00:47:21Z,1655,12.062089749619679,8.836075562016157,5.726014187603521,726826f3d6abb0bb4115e1078acbea91f10dfda4a429c17b5e74b8ed63b3a0b9,timestamped_live_quote,FBS vs FBS
2026-10-10T00:47:21Z,55d9636153ca5741d460ef2f78b663d9,2026-10-10T02:15:00Z,BYU Cougars,Iowa State Cyclones,betonlineag,BetOnline.ag,2026-10-10T00:46:55Z,2026-10-10T00:46:55Z,BYU Cougars,-11.0,-115.0,2026,2026-10-10T00:47:21Z,1655,12.062089749619679,8.836075562016157,5.726014187603521,726826f3d6abb0bb4115e1078acbea91f10dfda4a429c17b5e74b8ed63b3a0b9,timestamped_live_quote,FBS vs FBS
2026-10-10T00:47:21Z,55d9636153ca5741d460ef2f78b663d9,2026-10-10T02:15:00Z,BYU Cougars,Iowa State Cyclones,betonlineag,BetOnline.ag,2026-10-10T00:46:55Z,2026-10-10T00:46:55Z,Iowa State Cyclones,11.0,-105.0,2026,2026-10-10T00:47:21Z,1655,12.062089749619679,8.836075562016157,5.726014187603521,726826f3d6abb0bb4115e1078acbea91f10dfda4a429c17b5e74b8ed63b3a0b9,timestamped_live_quote,FBS vs FBS
2026-10-10T00:47:21Z,55d9636153ca5741d460ef2f78b663d9,2026-10-10T02:15:00Z,BYU Cougars,Iowa State Cyclones,bovada,Bovada,2026-10-10T00:46:12Z,2026-10-10T00:46:12Z,BYU Cougars,-11.5,-110.0,2026,2026-10-10T00:47:21Z,1655,12.062089749619679,8.836075562016157,5.726014187603521,726826f3d6abb0bb4115e1078acbea91f10dfda4a429c17b5e74b8ed63b3a0b9,timestamped_live_quote,FBS vs FBS
2026-10-10T00:47:21Z,55d9636153ca5741d460ef2f78b663d9,2026-10-10T02:15:00Z,BYU Cougars,Iowa State Cyclones,bovada,Bovada,2026-10-10T00:46:12Z,2026-10-10T00:46:12Z,Iowa State Cyclones,11.5,-110.0,2026,2026-10-10T00:47:21Z,1655,12.062089749619679,8.836075562016157,5.726014187603521,726826f3d6abb0bb4115e1078acbea91f10dfda4a429c17b5e74b8ed63b3a0b9,timestamped_live_quote,FBS vs FBS
2026-10-10T00:47:21Z,55d9636153ca5741d460ef2f78b663d9,2026-10-10T02:15:00Z,BYU Cougars,Iowa State Cyclones,betus,BetUS,2026-10-10T00:46:22Z,2026-10-10T00:46:21Z,BYU Cougars,-11.0,-115.0,2026,2026-10-10T00:47:21Z,1655,12.062089749619679,8.836075562016157,5.726014187603521,726826f3d6abb0bb4115e1078acbea91f10dfda4a429c17b5e74b8ed63b3a0b9,timestamped_live_quote,FBS vs FBS
2026-10-10T00:47:21Z,55d9636153ca5741d460ef2f78b663d9,2026-10-10T02:15:00Z,BYU Cougars,Iowa State Cyclones,betus,BetUS,2026-10-10T00:46:22Z,2026-10-10T00:46:21Z,Iowa State Cyclones,11.0,-105.0,2026,2026-10-10T00:47:21Z,1655,12.062089749619679,8.836075562016157,5.726014187603521,726826f3d6abb0bb4115e1078acbea91f10dfda4a429c17b5e74b8ed63b3a0b9,timestamped_live_quote,FBS vs FBS
2026-10-10T00:47:21Z,5d7901b0ad44ffe1b92e18fc8d511a7e,2026-10-10T16:00:00Z,West Virginia Mountaineers,Arizona Wildcats,fanduel,FanDuel,2026-10-10T00:46:58Z,2026-10-10T00:46:57Z,Arizona Wildcats,-3.5,-106.0,2026,2026-10-10T00:47:21Z,1655,7.264399085487194,10.012489161348935,-0.24809007586174037,726826f3d6abb0bb4115e1078acbea91f10dfda4a429c17b5e74b8ed63b3a0b9,timestamped_live_quote,FBS vs FBS
2026-10-10T00:47:21Z,5d7901b0ad44ffe1b92e18fc8d511a7e,2026-10-10T16:00:00Z,West Virginia Mountaineers,Arizona Wildcats,fanduel,FanDuel,2026-10-10T00:46:58Z,2026-10-10T00:46:57Z,West Virginia Mountaineers,3.5,-114.0,2026,2026-10-10T00:47:21Z,1655,7.264399085487194,10.012489161348935,-0.24809007586174037,726826f3d6abb0bb4115e1078acbea91f10dfda4a429c17b5e74b8ed63b3a0b9,timestamped_live_quote,FBS vs FBS
2026-10-10T00:47:21Z,5d7901b0ad44ffe1b92e18fc8d511a7e,2026-10-10T16:00:00Z,West Virginia Mountaineers,Arizona Wildcats,betrivers,BetRivers,2026-10-10T00:47:00Z,2026-10-10T00:46:59Z,Arizona Wildcats,-3.5,-106.0,2026,2026-10-10T00:47:21Z,1655,7.264399085487194,10.012489161348935,-0.24809007586174037,726826f3d6abb0bb4115e1078acbea91f10dfda4a429c17b5e74b8ed63b3a0b9,timestamped_live_quote,FBS vs FBS
2026-10-10T00:47:21Z,5d7901b0ad44ffe1b92e18fc8d511a7e,2026-10-10T16:00:00Z,West Virginia Mountaineers,Arizona Wildcats,betrivers,BetRivers,2026-10-10T00:47:00Z,2026-10-10T00:46:59Z,West Virginia Mountaineers,3.5,-118.0,2026,2026-10-10T00:47:21Z,1655,7.264399085487194,10.012489161348935,-0.24809007586174037,726826f3d6abb0bb4115e1078acbea91f10dfda4a429c17b5e74b8ed63b3a0b9,timestamped_live_quote,FBS vs FBS
2026-10-10T00:47:21Z,5d7901b0ad44ffe1b92e18fc8d511a7e,2026-10-10T16:00:00Z,West Virginia Mountaineers,Arizona Wildcats,betmgm,BetMGM,2026-10-10T00:46:38Z,2026-10-10T00:46:38Z,Arizona Wildcats,-3.5,-105.0,2026,2026-10-10T00:47:21Z,1655,7.264399085487194,10.012489161348935,-0.24809007586174037,726826f3d6abb0bb4115e1078acbea91f10dfda4a429c17b5e74b8ed63b3a0b9,timestamped_live_quote,FBS vs FBS
2026-10-10T00:47:21Z,5d7901b0ad44ffe1b92e18fc8d511a7e,2026-10-10T16:00:00Z,West Virginia Mountaineers,Arizona Wildcats,betmgm,BetMGM,2026-10-10T00:46:38Z,2026-10-10T00:46:38Z,West Virginia Mountaineers,3.5,-115.0,2026,2026-10-10T00:47:21Z,1655,7.264399085487194,10.012489161348935,-0.24809007586174037,726826f3d6abb0bb4115e1078acbea91f10dfda4a429c17b5e74b8ed63b3a0b9,timestamped_live_quote,FBS vs FBS
2026-10-10T00:47:21Z,5d7901b0ad44ffe1b92e18fc8d511a7e,2026-10-10T16:00:00Z,West Virginia Mountaineers,Arizona Wildcats,draftkings,DraftKings,2026-10-10T00:46:55Z,2026-10-10T00:46:54Z,Arizona Wildcats,-3.5,-108.0,2026,2026-10-10T00:47:21Z,1655,7.264399085487194,10.012489161348935,-0.24809007586174037,726826f3d6abb0bb4115e1078acbea91f10dfda4a429c17b5e74b8ed63b3a0b9,timestamped_live_quote,FBS vs FBS
2026-10-10T00:47:21Z,5d7901b0ad44ffe1b92e18fc8d511a7e,2026-10-10T16:00:00Z,West Virginia Mountaineers,Arizona Wildcats,draftkings,DraftKings,2026-10-10T00:46:55Z,2026-10-10T00:46:54Z,West Virginia Mountaineers,3.5,-112.0,2026,2026-10-10T00:47:21Z,1655,7.264399085487194,10.012489161348935,-0.24809007586174037,726826f3d6abb0bb4115e1078acbea91f10dfda4a429c17b5e74b8ed63b3a0b9,timestamped_live_quote,FBS vs FBS
2026-10-10T00:47:21Z,5d7901b0ad44ffe1b92e18fc8d511a7e,2026-10-10T16:00:00Z,West Virginia Mountaineers,Arizona Wildcats,lowvig,LowVig.ag,2026-10-10T00:47:09Z,2026-10-10T00:47:09Z,Arizona Wildcats,-3.5,-106.0,2026,2026-10-10T00:47:21Z,1655,7.264399085487194,10.012489161348935,-0.24809007586174037,726826f3d6abb0bb4115e1078acbea91f10dfda4a429c17b5e74b8ed63b3a0b9,timestamped_live_quote,FBS vs FBS
2026-10-10T00:47:21Z,5d7901b0ad44ffe1b92e18fc8d511a7e,2026-10-10T16:00:00Z,West Virginia Mountaineers,Arizona Wildcats,lowvig,LowVig.ag,2026-10-10T00:47:09Z,2026-10-10T00:47:09Z,West Virginia Mountaineers,3.5,-106.0,2026,2026-10-10T00:47:21Z,1655,7.264399085487194,10.012489161348935,-0.24809007586174037,726826f3d6abb0bb4115e1078acbea91f10dfda4a429c17b5e74b8ed63b3a0b9,timestamped_live_quote,FBS vs FBS
2026-10-10T00:47:21Z,5d7901b0ad44ffe1b92e18fc8d511a7e,2026-10-10T16:00:00Z,West Virginia Mountaineers,Arizona Wildcats,betonlineag,BetOnline.ag,2026-10-10T00:46:55Z,2026-10-10T00:46:55Z,Arizona Wildcats,-3.5,-110.0,2026,2026-10-10T00:47:21Z,1655,7.264399085487194,10.012489161348935,-0.24809007586174037,726826f3d6abb0bb4115e1078acbea91f10dfda4a429c17b5e74b8ed63b3a0b9,timestamped_live_quote,FBS vs FBS
2026-10-10T00:47:21Z,5d7901b0ad44ffe1b92e18fc8d511a7e,2026-10-10T16:00:00Z,West Virginia Mountaineers,Arizona Wildcats,betonlineag,BetOnline.ag,2026-10-10T00:46:55Z,2026-10-10T00:46:55Z,West Virginia Mountaineers,3.5,-110.0,2026,2026-10-10T00:47:21Z,1655,7.264399085487194,10.012489161348935,-0.24809007586174037,726826f3d6abb0bb4115e1078acbea91f10dfda4a429c17b5e74b8ed63b3a0b9,timestamped_live_quote,FBS vs FBS
2026-10-10T00:47:21Z,5d7901b0ad44ffe1b92e18fc8d511a7e,2026-10-10T16:00:00Z,West Virginia Mountaineers,Arizona Wildcats,mybookieag,MyBookie.ag,2026-10-10T00:45:19Z,2026-10-10T00:45:19Z,Arizona Wildcats,-3.5,-110.0,2026,2026-10-10T00:47:21Z,1655,7.264399085487194,10.012489161348935,-0.24809007586174037,726826f3d6abb0bb4115e1078acbea91f10dfda4a429c17b5e74b8ed63b3a0b9,timestamped_live_quote,FBS vs FBS
2026-10-10T00:47:21Z,5d7901b0ad44ffe1b92e18fc8d511a7e,2026-10-10T16:00:00Z,West Virginia Mountaineers,Arizona Wildcats,mybookieag,MyBookie.ag,2026-10-10T00:45:19Z,2026-10-10T00:45:19Z,West Virginia Mountaineers,3.5,-110.0,2026,2026-10-10T00:47:21Z,1655,7.264399085487194,10.012489161348935,-0.24809007586174037,726826f3d6abb0bb4115e1078acbea91f10dfda4a429c17b5e74b8ed63b3a0b9,timestamped_live_quote,FBS vs FBS
2026-10-10T00:47:21Z,5d7901b0ad44ffe1b92e18fc8d511a7e,2026-10-10T16:00:00Z,West Virginia Mountaineers,Arizona Wildcats,bovada,Bovada,2026-10-10T00:46:12Z,2026-10-10T00:46:12Z,Arizona Wildcats,-3.5,-110.0,2026,2026-10-10T00:47:21Z,1655,7.264399085487194,10.012489161348935,-0.24809007586174037,726826f3d6abb0bb4115e1078acbea91f10dfda4a429c17b5e74b8ed63b3a0b9,timestamped_live_quote,FBS vs FBS
2026-10-10T00:47:21Z,5d7901b0ad44ffe1b92e18fc8d511a7e,2026-10-10T16:00:00Z,West Virginia Mountaineers,Arizona Wildcats,bovada,Bovada,2026-10-10T00:46:12Z,2026-10-10T00:46:12Z,West Virginia Mountaineers,3.5,-110.0,2026,2026-10-10T00:47:21Z,1655,7.264399085487194,10.012489161348935,-0.24809007586174037,726826f3d6abb0bb4115e1078acbea91f10dfda4a429c17b5e74b8ed63b3a0b9,timestamped_live_quote,FBS vs FBS
2026-10-10T00:47:21Z,5d7901b0ad44ffe1b92e18fc8d511a7e,2026-10-10T16:00:00Z,West Virginia Mountaineers,Arizona Wildcats,betus,BetUS,2026-10-10T00:46:22Z,2026-10-10T00:46:21Z,Arizona Wildcats,-3.5,-110.0,2026,2026-10-10T00:47:21Z,1655,7.264399085487194,10.012489161348935,-0.24809007586174037,726826f3d6abb0bb4115e1078acbea91f10dfda4a429c17b5e74b8ed63b3a0b9,timestamped_live_quote,FBS vs FBS
2026-10-10T00:47:21Z,5d7901b0ad44ffe1b92e18fc8d511a7e,2026-10-10T16:00:00Z,West Virginia Mountaineers,Arizona Wildcats,betus,BetUS,2026-10-10T00:46:22Z,2026-10-10T00:46:21Z,West Virginia Mountaineers,3.5,-110.0,2026,2026-10-10T00:47:21Z,1655,7.264399085487194,10.012489161348935,-0.24809007586174037,726826f3d6abb0bb4115e1078acbea91f10dfda4a429c17b5e74b8ed63b3a0b9,timestamped_live_quote,FBS vs FBS
2026-10-10T00:47:21Z,3350fb5023fd4b47b86d34fcc5f47c17,2026-10-10T16:00:00Z,Army Black Knights,Tulane Green Wave,draftkings,DraftKings,2026-10-10T00:46:55Z,2026-10-10T00:46:54Z,Army Black Knights,-3.5,-108.0,2026,2026-10-10T00:47:21Z,1655,8.48890306630036,0.36553268464112587,10.623370381659234,726826f3d6abb0bb4115e1078acbea91f10dfda4a429c17b5e74b8ed63b3a0b9,timestamped_live_quote,FBS vs FBS
2026-10-10T00:47:21Z,3350fb5023fd4b47b86d34fcc5f47c17,2026-10-10T16:00:00Z,Army Black Knights,Tulane Green Wave,draftkings,DraftKings,2026-10-10T00:46:55Z,2026-10-10T00:46:54Z,Tulane Green Wave,3.5,-112.0,2026,2026-10-10T00:47:21Z,1655,8.48890306630036,0.36553268464112587,10.623370381659234,726826f3d6abb0bb4115e1078acbea91f10dfda4a429c17b5e74b8ed63b3a0b9,timestamped_live_quote,FBS vs FBS
2026-10-10T00:47:21Z,3350fb5023fd4b47b86d34fcc5f47c17,2026-10-10T16:00:00Z,Army Black Knights,Tulane Green Wave,betonlineag,BetOnline.ag,2026-10-10T00:46:55Z,2026-10-10T00:46:55Z,Army Black Knights,-3.5,-114.0,2026,2026-10-10T00:47:21Z,1655,8.48890306630036,0.36553268464112587,10.623370381659234,726826f3d6abb0bb4115e1078acbea91f10dfda4a429c17b5e74b8ed63b3a0b9,timestamped_live_quote,FBS vs FBS
2026-10-10T00:47:21Z,3350fb5023fd4b47b86d34fcc5f47c17,2026-10-10T16:00:00Z,Army Black Knights,Tulane Green Wave,betonlineag,BetOnline.ag,2026-10-10T00:46:55Z,2026-10-10T00:46:55Z,Tulane Green Wave,3.5,-106.0,2026,2026-10-10T00:47:21Z,1655,8.48890306630036,0.36553268464112587,10.623370381659234,726826f3d6abb0bb4115e1078acbea91f10dfda4a429c17b5e74b8ed63b3a0b9,timestamped_live_quote,FBS vs FBS
2026-10-10T00:47:21Z,3350fb5023fd4b47b86d34fcc5f47c17,2026-10-10T16:00:00Z,Army Black Knights,Tulane Green Wave,lowvig,LowVig.ag,2026-10-10T00:47:09Z,2026-10-10T00:47:09Z,Army Black Knights,-3.5,-110.0,2026,2026-10-10T00:47:21Z,1655,8.48890306630036,0.36553268464112587,10.623370381659234,726826f3d6abb0bb4115e1078acbea91f10dfda4a429c17b5e74b8ed63b3a0b9,timestamped_live_quote,FBS vs FBS
2026-10-10T00:47:21Z,3350fb5023fd4b47b86d34fcc5f47c17,2026-10-10T16:00:00Z,Army Black Knights,Tulane Green Wave,lowvig,LowVig.ag,2026-10-10T00:47:09Z,2026-10-10T00:47:09Z,Tulane Green Wave,3.5,-102.0,2026,2026-10-10T00:47:21Z,1655,8.48890306630036,0.36553268464112587,10.623370381659234,726826f3d6abb0bb4115e1078acbea91f10dfda4a429c17b5e74b8ed63b3a0b9,timestamped_live_quote,FBS vs FBS
2026-10-10T00:47:21Z,3350fb5023fd4b47b86d34fcc5f47c17,2026-10-10T16:00:00Z,Army Black Knights,Tulane Green Wave,fanduel,FanDuel,2026-10-10T00:46:58Z,2026-10-10T00:46:57Z,Army Black Knights,-3.5,-105.0,2026,2026-10-10T00:47:21Z,1655,8.48890306630036,0.36553268464112587,10.623370381659234,726826f3d6abb0bb4115e1078acbea91f10dfda4a429c17b5e74b8ed63b3a0b9,timestamped_live_quote,FBS vs FBS
2026-10-10T00:47:21Z,3350fb5023fd4b47b86d34fcc5f47c17,2026-10-10T16:00:00Z,Army Black Knights,Tulane Green Wave,fanduel,FanDuel,2026-10-10T00:46:58Z,2026-10-10T00:46:57Z,Tulane Green Wave,3.5,-115.0,2026,2026-10-10T00:47:21Z,1655,8.48890306630036,0.36553268464112587,10.623370381659234,726826f3d6abb0bb4115e1078acbea91f10dfda4a429c17b5e74b8ed63b3a0b9,timestamped_live_quote,FBS vs FBS
2026-10-10T00:47:21Z,3350fb5023fd4b47b86d34fcc5f47c17,2026-10-10T16:00:00Z,Army Black Knights,Tulane Green Wave,betrivers,BetRivers,2026-10-10T00:47:00Z,2026-10-10T00:46:59Z,Army Black Knights,-4.0,-115.0,2026,2026-10-10T00:47:21Z,1655,8.48890306630036,0.36553268464112587,10.623370381659234,726826f3d6abb0bb4115e1078acbea91f10dfda4a429c17b5e74b8ed63b3a0b9,timestamped_live_quote,FBS vs FBS
2026-10-10T00:47:21Z,3350fb5023fd4b47b86d34fcc5f47c17,2026-10-10T16:00:00Z,Army Black Knights,Tulane Green Wave,betrivers,BetRivers,2026-10-10T00:47:00Z,2026-10-10T00:46:59Z,Tulane Green Wave,4.0,-109.0,2026,2026-10-10T00:47:21Z,1655,8.48890306630036,0.36553268464112587,10.623370381659234,726826f3d6abb0bb4115e1078acbea91f10dfda4a429c17b5e74b8ed63b3a0b9,timestamped_live_quote,FBS vs FBS
2026-10-10T00:47:21Z,3350fb5023fd4b47b86d34fcc5f47c17,2026-10-10T16:00:00Z,Army Black Knights,Tulane Green Wave,betmgm,BetMGM,2026-10-10T00:46:38Z,2026-10-10T00:46:38Z,Army Black Knights,-3.5,-105.0,2026,2026-10-10T00:47:21Z,1655,8.48890306630036,0.36553268464112587,10.623370381659234,726826f3d6abb0bb4115e1078acbea91f10dfda4a429c17b5e74b8ed63b3a0b9,timestamped_live_quote,FBS vs FBS
2026-10-10T00:47:21Z,3350fb5023fd4b47b86d34fcc5f47c17,2026-10-10T16:00:00Z,Army Black Knights,Tulane Green Wave,betmgm,BetMGM,2026-10-10T00:46:38Z,2026-10-10T00:46:38Z,Tulane Green Wave,3.5,-115.0,2026,2026-10-10T00:47:21Z,1655,8.48890306630036,0.36553268464112587,10.623370381659234,726826f3d6abb0bb4115e1078acbea91f10dfda4a429c17b5e74b8ed63b3a0b9,timestamped_live_quote,FBS vs FBS
2026-10-10T00:47:21Z,3350fb5023fd4b47b86d34fcc5f47c17,2026-10-10T16:00:00Z,Army Black Knights,Tulane Green Wave,mybookieag,MyBookie.ag,2026-10-10T00:45:19Z,2026-10-10T00:45:19Z,Army Black Knights,-3.5,-110.0,2026,2026-10-10T00:47:21Z,1655,8.48890306630036,0.36553268464112587,10.623370381659234,726826f3d6abb0bb4115e1078acbea91f10dfda4a429c17b5e74b8ed63b3a0b9,timestamped_live_quote,FBS vs FBS
2026-10-10T00:47:21Z,3350fb5023fd4b47b86d34fcc5f47c17,2026-10-10T16:00:00Z,Army Black Knights,Tulane Green Wave,mybookieag,MyBookie.ag,2026-10-10T00:45:19Z,2026-10-10T00:45:19Z,Tulane Green Wave,3.5,-110.0,2026,2026-10-10T00:47:21Z,1655,8.48890306630036,0.36553268464112587,10.623370381659234,726826f3d6abb0bb4115e1078acbea91f10dfda4a429c17b5e74b8ed63b3a0b9,timestamped_live_quote,FBS vs FBS
2026-10-10T00:47:21Z,3350fb5023fd4b47b86d34fcc5f47c17,2026-10-10T16:00:00Z,Army Black Knights,Tulane Green Wave,bovada,Bovada,2026-10-10T00:46:12Z,2026-10-10T00:46:12Z,Army Black Knights,-3.5,-110.0,2026,2026-10-10T00:47:21Z,1655,8.48890306630036,0.36553268464112587,10.623370381659234,726826f3d6abb0bb4115e1078acbea91f10dfda4a429c17b5e74b8ed63b3a0b9,timestamped_live_quote,FBS vs FBS
2026-10-10T00:47:21Z,3350fb5023fd4b47b86d34fcc5f47c17,2026-10-10T16:00:00Z,Army Black Knights,Tulane Green Wave,bovada,Bovada,2026-10-10T00:46:12Z,2026-10-10T00:46:12Z,Tulane Green Wave,3.5,-110.0,2026,2026-10-10T00:47:21Z,1655,8.48890306630036,0.36553268464112587,10.623370381659234,726826f3d6abb0bb4115e1078acbea91f10dfda4a429c17b5e74b8ed63b3a0b9,timestamped_live_quote,FBS vs FBS
2026-10-10T00:47:21Z,3350fb5023fd4b47b86d34fcc5f47c17,2026-10-10T16:00:00Z,Army Black Knights,Tulane Green Wave,betus,BetUS,2026-10-10T00:46:22Z,2026-10-10T00:46:21Z,Army Black Knights,-3.5,-105.0,2026,2026-10-10T00:47:21Z,1655,8.48890306630036,0.36553268464112587,10.623370381659234,726826f3d6abb0bb4115e1078acbea91f10dfda4a429c17b5e74b8ed63b3a0b9,timestamped_live_quote,FBS vs FBS
2026-10-10T00:47:21Z,3350fb5023fd4b47b86d34fcc5f47c17,2026-10-10T16:00:00Z,Army Black Knights,Tulane Green Wave,betus,BetUS,2026-10-10T00:46:22Z,2026-10-10T00:46:21Z,Tulane Green Wave,3.5,-115.0,2026,2026-10-10T00:47:21Z,1655,8.48890306630036,0.36553268464112587,10.623370381659234,726826f3d6abb0bb4115e1078acbea91f10dfda4a429c17b5e74b8ed63b3a0b9,timestamped_live_quote,FBS vs FBS
2026-10-10T00:47:21Z,5a88faaeb5fcbb11e975498eca213c27,2026-10-10T16:00:00Z,Bowling Green Falcons,Sacramento State Hornets,draftkings,DraftKings,2026-10-10T00:46:55Z,2026-10-10T00:46:54Z,Bowling Green Falcons,-8.5,-108.0,2026,2026-10-10T00:47:21Z,1655,-7.606743633228479,-5.534111448990971,0.4273678157624916,726826f3d6abb0bb4115e1078acbea91f10dfda4a429c17b5e74b8ed63b3a0b9,timestamped_live_quote,FBS vs FBS
2026-10-10T00:47:21Z,5a88faaeb5fcbb11e975498eca213c27,2026-10-10T16:00:00Z,Bowling Green Falcons,Sacramento State Hornets,draftkings,DraftKings,2026-10-10T00:46:55Z,2026-10-10T00:46:54Z,Sacramento State Hornets,8.5,-112.0,2026,2026-10-10T00:47:21Z,1655,-7.606743633228479,-5.534111448990971,0.4273678157624916,726826f3d6abb0bb4115e1078acbea91f10dfda4a429c17b5e74b8ed63b3a0b9,timestamped_live_quote,FBS vs FBS
2026-10-10T00:47:21Z,5a88faaeb5fcbb11e975498eca213c27,2026-10-10T16:00:00Z,Bowling Green Falcons,Sacramento State Hornets,fanduel,FanDuel,2026-10-10T00:46:58Z,2026-10-10T00:46:57Z,Bowling Green Falcons,-8.5,-110.0,2026,2026-10-10T00:47:21Z,1655,-7.606743633228479,-5.534111448990971,0.4273678157624916,726826f3d6abb0bb4115e1078acbea91f10dfda4a429c17b5e74b8ed63b3a0b9,timestamped_live_quote,FBS vs FBS
2026-10-10T00:47:21Z,5a88faaeb5fcbb11e975498eca213c27,2026-10-10T16:00:00Z,Bowling Green Falcons,Sacramento State Hornets,fanduel,FanDuel,2026-10-10T00:46:58Z,2026-10-10T00:46:57Z,Sacramento State Hornets,8.5,-110.0,2026,2026-10-10T00:47:21Z,1655,-7.606743633228479,-5.534111448990971,0.4273678157624916,726826f3d6abb0bb4115e1078acbea91f10dfda4a429c17b5e74b8ed63b3a0b9,timestamped_live_quote,FBS vs FBS
2026-10-10T00:47:21Z,5a88faaeb5fcbb11e975498eca213c27,2026-10-10T16:00:00Z,Bowling Green Falcons,Sacramento State Hornets,betrivers,BetRivers,2026-10-10T00:47:00Z,2026-10-10T00:46:59Z,Bowling Green Falcons,-8.5,-109.0,2026,2026-10-10T00:47:21Z,1655,-7.606743633228479,-5.534111448990971,0.4273678157624916,726826f3d6abb0bb4115e1078acbea91f10dfda4a429c17b5e74b8ed63b3a0b9,timestamped_live_quote,FBS vs FBS
2026-10-10T00:47:21Z,5a88faaeb5fcbb11e975498eca213c27,2026-10-10T16:00:00Z,Bowling Green Falcons,Sacramento State Hornets,betrivers,BetRivers,2026-10-10T00:47:00Z,2026-10-10T00:46:59Z,Sacramento State Hornets,8.5,-114.0,2026,2026-10-10T00:47:21Z,1655,-7.606743633228479,-5.534111448990971,0.4273678157624916,726826f3d6abb0bb4115e1078acbea91f10dfda4a429c17b5e74b8ed63b3a0b9,timestamped_live_quote,FBS vs FBS
2026-10-10T00:47:21Z,5a88faaeb5fcbb11e975498eca213c27,2026-10-10T16:00:00Z,Bowling Green Falcons,Sacramento State Hornets,lowvig,LowVig.ag,2026-10-10T00:47:09Z,2026-10-10T00:47:09Z,Bowling Green Falcons,-9.0,-106.0,2026,2026-10-10T00:47:21Z,1655,-7.606743633228479,-5.534111448990971,0.4273678157624916,726826f3d6abb0bb4115e1078acbea91f10dfda4a429c17b5e74b8ed63b3a0b9,timestamped_live_quote,FBS vs FBS
2026-10-10T00:47:21Z,5a88faaeb5fcbb11e975498eca213c27,2026-10-10T16:00:00Z,Bowling Green Falcons,Sacramento State Hornets,lowvig,LowVig.ag,2026-10-10T00:47:09Z,2026-10-10T00:47:09Z,Sacramento State Hornets,9.0,-106.0,2026,2026-10-10T00:47:21Z,1655,-7.606743633228479,-5.534111448990971,0.4273678157624916,726826f3d6abb0bb4115e1078acbea91f10dfda4a429c17b5e74b8ed63b3a0b9,timestamped_live_quote,FBS vs FBS
2026-10-10T00:47:21Z,5a88faaeb5fcbb11e975498eca213c27,2026-10-10T16:00:00Z,Bowling Green Falcons,Sacramento State Hornets,betonlineag,BetOnline.ag,2026-10-10T00:46:55Z,2026-10-10T00:46:55Z,Bowling Green Falcons,-9.0,-110.0,2026,2026-10-10T00:47:21Z,1655,-7.606743633228479,-5.534111448990971,0.4273678157624916,726826f3d6abb0bb4115e1078acbea91f10dfda4a429c17b5e74b8ed63b3a0b9,timestamped_live_quote,FBS vs FBS
2026-10-10T00:47:21Z,5a88faaeb5fcbb11e975498eca213c27,2026-10-10T16:00:00Z,Bowling Green Falcons,Sacramento State Hornets,betonlineag,BetOnline.ag,2026-10-10T00:46:55Z,2026-10-10T00:46:55Z,Sacramento State Hornets,9.0,-110.0,2026,2026-10-10T00:47:21Z,1655,-7.606743633228479,-5.534111448990971,0.4273678157624916,726826f3d6abb0bb4115e1078acbea91f10dfda4a429c17b5e74b8ed63b3a0b9,timestamped_live_quote,FBS vs FBS
2026-10-10T00:47:21Z,5a88faaeb5fcbb11e975498eca213c27,2026-10-10T16:00:00Z,Bowling Green Falcons,Sacramento State Hornets,betmgm,BetMGM,2026-10-10T00:46:38Z,2026-10-10T00:46:38Z,Bowling Green Falcons,-8.5,-110.0,2026,2026-10-10T00:47:21Z,1655,-7.606743633228479,-5.534111448990971,0.4273678157624916,726826f3d6abb0bb4115e1078acbea91f10dfda4a429c17b5e74b8ed63b3a0b9,timestamped_live_quote,FBS vs FBS
2026-10-10T00:47:21Z,5a88faaeb5fcbb11e975498eca213c27,2026-10-10T16:00:00Z,Bowling Green Falcons,Sacramento State Hornets,betmgm,BetMGM,2026-10-10T00:46:38Z,2026-10-10T00:46:38Z,Sacramento State Hornets,8.5,-110.0,2026,2026-10-10T00:47:21Z,1655,-7.606743633228479,-5.534111448990971,0.4273678157624916,726826f3d6abb0bb4115e1078acbea91f10dfda4a429c17b5e74b8ed63b3a0b9,timestamped_live_quote,FBS vs FBS
2026-10-10T00:47:21Z,5a88faaeb5fcbb11e975498eca213c27,2026-10-10T16:00:00Z,Bowling Green Falcons,Sacramento State Hornets,mybookieag,MyBookie.ag,2026-10-10T00:45:19Z,2026-10-10T00:45:19Z,Bowling Green Falcons,-8.5,-110.0,2026,2026-10-10T00:47:21Z,1655,-7.606743633228479,-5.534111448990971,0.4273678157624916,726826f3d6abb0bb4115e1078acbea91f10dfda4a429c17b5e74b8ed63b3a0b9,timestamped_live_quote,FBS vs FBS
2026-10-10T00:47:21Z,5a88faaeb5fcbb11e975498eca213c27,2026-10-10T16:00:00Z,Bowling Green Falcons,Sacramento State Hornets,mybookieag,MyBookie.ag,2026-10-10T00:45:19Z,2026-10-10T00:45:19Z,Sacramento State Hornets,8.5,-110.0,2026,2026-10-10T00:47:21Z,1655,-7.606743633228479,-5.534111448990971,0.4273678157624916,726826f3d6abb0bb4115e1078acbea91f10dfda4a429c17b5e74b8ed63b3a0b9,timestamped_live_quote,FBS vs FBS
2026-10-10T00:47:21Z,5a88faaeb5fcbb11e975498eca213c27,2026-10-10T16:00:00Z,Bowling Green Falcons,Sacramento State Hornets,bovada,Bovada,2026-10-10T00:46:12Z,2026-10-10T00:46:12Z,Bowling Green Falcons,-9.0,-110.0,2026,2026-10-10T00:47:21Z,1655,-7.606743633228479,-5.534111448990971,0.4273678157624916,726826f3d6abb0bb4115e1078acbea91f10dfda4a429c17b5e74b8ed63b3a0b9,timestamped_live_quote,FBS vs FBS
2026-10-10T00:47:21Z,5a88faaeb5fcbb11e975498eca213c27,2026-10-10T16:00:00Z,Bowling Green Falcons,Sacramento State Hornets,bovada,Bovada,2026-10-10T00:46:12Z,2026-10-10T00:46:12Z,Sacramento State Hornets,9.0,-110.0,2026,2026-10-10T00:47:21Z,1655,-7.606743633228479,-5.534111448990971,0.4273678157624916,726826f3d6abb0bb4115e1078acbea91f10dfda4a429c17b5e74b8ed63b3a0b9,timestamped_live_quote,FBS vs FBS
2026-10-10T00:47:21Z,5a88faaeb5fcbb11e975498eca213c27,2026-10-10T16:00:00Z,Bowling Green Falcons,Sacramento State Hornets,betus,BetUS,2026-10-10T00:46:22Z,2026-10-10T00:46:21Z,Bowling Green Falcons,-8.5,-110.0,2026,2026-10-10T00:47:21Z,1655,-7.606743633228479,-5.534111448990971,0.4273678157624916,726826f3d6abb0bb4115e1078acbea91f10dfda4a429c17b5e74b8ed63b3a0b9,timestamped_live_quote,FBS vs FBS
2026-10-10T00:47:21Z,5a88faaeb5fcbb11e975498eca213c27,2026-10-10T16:00:00Z,Bowling Green Falcons,Sacramento State Hornets,betus,BetUS,2026-10-10T00:46:22Z,2026-10-10T00:46:21Z,Sacramento State Hornets,8.5,-110.0,2026,2026-10-10T00:47:21Z,1655,-7.606743633228479,-5.534111448990971,0.4273678157624916,726826f3d6abb0bb4115e1078acbea91f10dfda4a429c17b5e74b8ed63b3a0b9,timestamped_live_quote,FBS vs FBS
2026-10-10T00:47:21Z,3e691b53c660a64495a44816768176e8,2026-10-10T16:00:00Z,Nebraska Cornhuskers,Indiana Hoosiers,fanduel,FanDuel,2026-10-10T00:46:58Z,2026-10-10T00:46:57Z,Indiana Hoosiers,-7.5,-110.0,2026,2026-10-10T00:47:21Z,1655,16.13914686465916,18.456769095490714,0.18237776916844695,726826f3d6abb0bb4115e1078acbea91f10dfda4a429c17b5e74b8ed63b3a0b9,timestamped_live_quote,FBS vs FBS
2026-10-10T00:47:21Z,3e691b53c660a64495a44816768176e8,2026-10-10T16:00:00Z,Nebraska Cornhuskers,Indiana Hoosiers,fanduel,FanDuel,2026-10-10T00:46:58Z,2026-10-10T00:46:57Z,Nebraska Cornhuskers,7.5,-110.0,2026,2026-10-10T00:47:21Z,1655,16.13914686465916,18.456769095490714,0.18237776916844695,726826f3d6abb0bb4115e1078acbea91f10dfda4a429c17b5e74b8ed63b3a0b9,timestamped_live_quote,FBS vs FBS
2026-10-10T00:47:21Z,3e691b53c660a64495a44816768176e8,2026-10-10T16:00:00Z,Nebraska Cornhuskers,Indiana Hoosiers,draftkings,DraftKings,2026-10-10T00:46:55Z,2026-10-10T00:46:54Z,Indiana Hoosiers,-7.5,-115.0,2026,2026-10-10T00:47:21Z,1655,16.13914686465916,18.456769095490714,0.18237776916844695,726826f3d6abb0bb4115e1078acbea91f10dfda4a429c17b5e74b8ed63b3a0b9,timestamped_live_quote,FBS vs FBS
2026-10-10T00:47:21Z,3e691b53c660a64495a44816768176e8,2026-10-10T16:00:00Z,Nebraska Cornhuskers,Indiana Hoosiers,draftkings,DraftKings,2026-10-10T00:46:55Z,2026-10-10T00:46:54Z,Nebraska Cornhuskers,7.5,-105.0,2026,2026-10-10T00:47:21Z,1655,16.13914686465916,18.456769095490714,0.18237776916844695,726826f3d6abb0bb4115e1078acbea91f10dfda4a429c17b5e74b8ed63b3a0b9,timestamped_live_quote,FBS vs FBS
2026-10-10T00:47:21Z,3e691b53c660a64495a44816768176e8,2026-10-10T16:00:00Z,Nebraska Cornhuskers,Indiana Hoosiers,betrivers,BetRivers,2026-10-10T00:47:00Z,2026-10-10T00:46:59Z,Indiana Hoosiers,-8.0,-109.0,2026,2026-10-10T00:47:21Z,1655,16.13914686465916,18.456769095490714,0.18237776916844695,726826f3d6abb0bb4115e1078acbea91f10dfda4a429c17b5e74b8ed63b3a0b9,timestamped_live_quote,FBS vs FBS
2026-10-10T00:47:21Z,3e691b53c660a64495a44816768176e8,2026-10-10T16:00:00Z,Nebraska Cornhuskers,Indiana Hoosiers,betrivers,BetRivers,2026-10-10T00:47:00Z,2026-10-10T00:46:59Z,Nebraska Cornhuskers,8.0,-114.0,2026,2026-10-10T00:47:21Z,1655,16.13914686465916,18.456769095490714,0.18237776916844695,726826f3d6abb0bb4115e1078acbea91f10dfda4a429c17b5e74b8ed63b3a0b9,timestamped_live_quote,FBS vs FBS
2026-10-10T00:47:21Z,3e691b53c660a64495a44816768176e8,2026-10-10T16:00:00Z,Nebraska Cornhuskers,Indiana Hoosiers,mybookieag,MyBookie.ag,2026-10-10T00:45:19Z,2026-10-10T00:45:18Z,Indiana Hoosiers,-8.0,-110.0,2026,2026-10-10T00:47:21Z,1655,16.13914686465916,18.456769095490714,0.18237776916844695,726826f3d6abb0bb4115e1078acbea91f10dfda4a429c17b5e74b8ed63b3a0b9,timestamped_live_quote,FBS vs FBS
2026-10-10T00:47:21Z,3e691b53c660a64495a44816768176e8,2026-10-10T16:00:00Z,Nebraska Cornhuskers,Indiana Hoosiers,mybookieag,MyBookie.ag,2026-10-10T00:45:19Z,2026-10-10T00:45:18Z,Nebraska Cornhuskers,8.0,-110.0,2026,2026-10-10T00:47:21Z,1655,16.13914686465916,18.456769095490714,0.18237776916844695,726826f3d6abb0bb4115e1078acbea91f10dfda4a429c17b5e74b8ed63b3a0b9,timestamped_live_quote,FBS vs FBS
2026-10-10T00:47:21Z,3e691b53c660a64495a44816768176e8,2026-10-10T16:00:00Z,Nebraska Cornhuskers,Indiana Hoosiers,betmgm,BetMGM,2026-10-10T00:46:38Z,2026-10-10T00:46:38Z,Indiana Hoosiers,-7.5,-115.0,2026,2026-10-10T00:47:21Z,1655,16.13914686465916,18.456769095490714,0.18237776916844695,726826f3d6abb0bb4115e1078acbea91f10dfda4a429c17b5e74b8ed63b3a0b9,timestamped_live_quote,FBS vs FBS
2026-10-10T00:47:21Z,3e691b53c660a64495a44816768176e8,2026-10-10T16:00:00Z,Nebraska Cornhuskers,Indiana Hoosiers,betmgm,BetMGM,2026-10-10T00:46:38Z,2026-10-10T00:46:38Z,Nebraska Cornhuskers,7.5,-105.0,2026,2026-10-10T00:47:21Z,1655,16.13914686465916,18.456769095490714,0.18237776916844695,726826f3d6abb0bb4115e1078acbea91f10dfda4a429c17b5e74b8ed63b3a0b9,timestamped_live_quote,FBS vs FBS
2026-10-10T00:47:21Z,3e691b53c660a64495a44816768176e8,2026-10-10T16:00:00Z,Nebraska Cornhuskers,Indiana Hoosiers,lowvig,LowVig.ag,2026-10-10T00:47:09Z,2026-10-10T00:47:09Z,Indiana Hoosiers,-7.5,-111.0,2026,2026-10-10T00:47:21Z,1655,16.13914686465916,18.456769095490714,0.18237776916844695,726826f3d6abb0bb4115e1078acbea91f10dfda4a429c17b5e74b8ed63b3a0b9,timestamped_live_quote,FBS vs FBS
2026-10-10T00:47:21Z,3e691b53c660a64495a44816768176e8,2026-10-10T16:00:00Z,Nebraska Cornhuskers,Indiana Hoosiers,lowvig,LowVig.ag,2026-10-10T00:47:09Z,2026-10-10T00:47:09Z,Nebraska Cornhuskers,7.5,-101.0,2026,2026-10-10T00:47:21Z,1655,16.13914686465916,18.456769095490714,0.18237776916844695,726826f3d6abb0bb4115e1078acbea91f10dfda4a429c17b5e74b8ed63b3a0b9,timestamped_live_quote,FBS vs FBS
2026-10-10T00:47:21Z,3e691b53c660a64495a44816768176e8,2026-10-10T16:00:00Z,Nebraska Cornhuskers,Indiana Hoosiers,betonlineag,BetOnline.ag,2026-10-10T00:46:55Z,2026-10-10T00:46:55Z,Indiana Hoosiers,-7.5,-115.0,2026,2026-10-10T00:47:21Z,1655,16.13914686465916,18.456769095490714,0.18237776916844695,726826f3d6abb0bb4115e1078acbea91f10dfda4a429c17b5e74b8ed63b3a0b9,timestamped_live_quote,FBS vs FBS
2026-10-10T00:47:21Z,3e691b53c660a64495a44816768176e8,2026-10-10T16:00:00Z,Nebraska Cornhuskers,Indiana Hoosiers,betonlineag,BetOnline.ag,2026-10-10T00:46:55Z,2026-10-10T00:46:55Z,Nebraska Cornhuskers,7.5,-105.0,2026,2026-10-10T00:47:21Z,1655,16.13914686465916,18.456769095490714,0.18237776916844695,726826f3d6abb0bb4115e1078acbea91f10dfda4a429c17b5e74b8ed63b3a0b9,timestamped_live_quote,FBS vs FBS
2026-10-10T00:47:21Z,3e691b53c660a64495a44816768176e8,2026-10-10T16:00:00Z,Nebraska Cornhuskers,Indiana Hoosiers,bovada,Bovada,2026-10-10T00:46:12Z,2026-10-10T00:46:12Z,Indiana Hoosiers,-9.0,-110.0,2026,2026-10-10T00:47:21Z,1655,16.13914686465916,18.456769095490714,0.18237776916844695,726826f3d6abb0bb4115e1078acbea91f10dfda4a429c17b5e74b8ed63b3a0b9,timestamped_live_quote,FBS vs FBS
2026-10-10T00:47:21Z,3e691b53c660a64495a44816768176e8,2026-10-10T16:00:00Z,Nebraska Cornhuskers,Indiana Hoosiers,bovada,Bovada,2026-10-10T00:46:12Z,2026-10-10T00:46:12Z,Nebraska Cornhuskers,9.0,-110.0,2026,2026-10-10T00:47:21Z,1655,16.13914686465916,18.456769095490714,0.18237776916844695,726826f3d6abb0bb4115e1078acbea91f10dfda4a429c17b5e74b8ed63b3a0b9,timestamped_live_quote,FBS vs FBS
2026-10-10T00:47:21Z,3e691b53c660a64495a44816768176e8,2026-10-10T16:00:00Z,Nebraska Cornhuskers,Indiana Hoosiers,betus,BetUS,2026-10-10T00:46:22Z,2026-10-10T00:46:21Z,Indiana Hoosiers,-7.5,-115.0,2026,2026-10-10T00:47:21Z,1655,16.13914686465916,18.456769095490714,0.18237776916844695,726826f3d6abb0bb4115e1078acbea91f10dfda4a429c17b5e74b8ed63b3a0b9,timestamped_live_quote,FBS vs FBS
2026-10-10T00:47:21Z,3e691b53c660a64495a44816768176e8,2026-10-10T16:00:00Z,Nebraska Cornhuskers,Indiana Hoosiers,betus,BetUS,2026-10-10T00:46:22Z,2026-10-10T00:46:21Z,Nebraska Cornhuskers,7.5,-105.0,2026,2026-10-10T00:47:21Z,1655,16.13914686465916,18.456769095490714,0.18237776916844695,726826f3d6abb0bb4115e1078acbea91f10dfda4a429c17b5e74b8ed63b3a0b9,timestamped_live_quote,FBS vs FBS
2026-10-10T00:47:21Z,9e243e91f8f94e6431da5cc5c3cc8fda,2026-10-10T16:00:00Z,Missouri Tigers,Texas A&M Aggies,draftkings,DraftKings,2026-10-10T00:46:55Z,2026-10-10T00:46:54Z,Missouri Tigers,-3.5,-110.0,2026,2026-10-10T00:47:21Z,1655,13.625704337023206,9.381421809272036,6.744282527751171,726826f3d6abb0bb4115e1078acbea91f10dfda4a429c17b5e74b8ed63b3a0b9,timestamped_live_quote,FBS vs FBS
2026-10-10T00:47:21Z,9e243e91f8f94e6431da5cc5c3cc8fda,2026-10-10T16:00:00Z,Missouri Tigers,Texas A&M Aggies,draftkings,DraftKings,2026-10-10T00:46:55Z,2026-10-10T00:46:54Z,Texas A&M Aggies,3.5,-110.0,2026,2026-10-10T00:47:21Z,1655,13.625704337023206,9.381421809272036,6.744282527751171,726826f3d6abb0bb4115e1078acbea91f10dfda4a429c17b5e74b8ed63b3a0b9,timestamped_live_quote,FBS vs FBS
2026-10-10T00:47:21Z,9e243e91f8f94e6431da5cc5c3cc8fda,2026-10-10T16:00:00Z,Missouri Tigers,Texas A&M Aggies,betrivers,BetRivers,2026-10-10T00:47:00Z,2026-10-10T00:46:59Z,Missouri Tigers,-3.5,-110.0,2026,2026-10-10T00:47:21Z,1655,13.625704337023206,9.381421809272036,6.744282527751171,726826f3d6abb0bb4115e1078acbea91f10dfda4a429c17b5e74b8ed63b3a0b9,timestamped_live_quote,FBS vs FBS
2026-10-10T00:47:21Z,9e243e91f8f94e6431da5cc5c3cc8fda,2026-10-10T16:00:00Z,Missouri Tigers,Texas A&M Aggies,betrivers,BetRivers,2026-10-10T00:47:00Z,2026-10-10T00:46:59Z,Texas A&M Aggies,3.5,-113.0,2026,2026-10-10T00:47:21Z,1655,13.625704337023206,9.381421809272036,6.744282527751171,726826f3d6abb0bb4115e1078acbea91f10dfda4a429c17b5e74b8ed63b3a0b9,timestamped_live_quote,FBS vs FBS
2026-10-10T00:47:21Z,9e243e91f8f94e6431da5cc5c3cc8fda,2026-10-10T16:00:00Z,Missouri Tigers,Texas A&M Aggies,mybookieag,MyBookie.ag,2026-10-10T00:45:19Z,2026-10-10T00:45:18Z,Missouri Tigers,-3.5,-110.0,2026,2026-10-10T00:47:21Z,1655,13.625704337023206,9.381421809272036,6.744282527751171,726826f3d6abb0bb4115e1078acbea91f10dfda4a429c17b5e74b8ed63b3a0b9,timestamped_live_quote,FBS vs FBS
2026-10-10T00:47:21Z,9e243e91f8f94e6431da5cc5c3cc8fda,2026-10-10T16:00:00Z,Missouri Tigers,Texas A&M Aggies,mybookieag,MyBookie.ag,2026-10-10T00:45:19Z,2026-10-10T00:45:18Z,Texas A&M Aggies,3.5,-110.0,2026,2026-10-10T00:47:21Z,1655,13.625704337023206,9.381421809272036,6.744282527751171,726826f3d6abb0bb4115e1078acbea91f10dfda4a429c17b5e74b8ed63b3a0b9,timestamped_live_quote,FBS vs FBS
2026-10-10T00:47:21Z,9e243e91f8f94e6431da5cc5c3cc8fda,2026-10-10T16:00:00Z,Missouri Tigers,Texas A&M Aggies,fanduel,FanDuel,2026-10-10T00:46:58Z,2026-10-10T00:46:57Z,Missouri Tigers,-3.5,-106.0,2026,2026-10-10T00:47:21Z,1655,13.625704337023206,9.381421809272036,6.744282527751171,726826f3d6abb0bb4115e1078acbea91f10dfda4a429c17b5e74b8ed63b3a0b9,timestamped_live_quote,FBS vs FBS
2026-10-10T00:47:21Z,9e243e91f8f94e6431da5cc5c3cc8fda,2026-10-10T16:00:00Z,Missouri Tigers,Texas A&M Aggies,fanduel,FanDuel,2026-10-10T00:46:58Z,2026-10-10T00:46:57Z,Texas A&M Aggies,3.5,-114.0,2026,2026-10-10T00:47:21Z,1655,13.625704337023206,9.381421809272036,6.744282527751171,726826f3d6abb0bb4115e1078acbea91f10dfda4a429c17b5e74b8ed63b3a0b9,timestamped_live_quote,FBS vs FBS
2026-10-10T00:47:21Z,9e243e91f8f94e6431da5cc5c3cc8fda,2026-10-10T16:00:00Z,Missouri Tigers,Texas A&M Aggies,betmgm,BetMGM,2026-10-10T00:46:38Z,2026-10-10T00:46:38Z,Missouri Tigers,-3.5,-110.0,2026,2026-10-10T00:47:21Z,1655,13.625704337023206,9.381421809272036,6.744282527751171,726826f3d6abb0bb4115e1078acbea91f10dfda4a429c17b5e74b8ed63b3a0b9,timestamped_live_quote,FBS vs FBS
2026-10-10T00:47:21Z,9e243e91f8f94e6431da5cc5c3cc8fda,2026-10-10T16:00:00Z,Missouri Tigers,Texas A&M Aggies,betmgm,BetMGM,2026-10-10T00:46:38Z,2026-10-10T00:46:38Z,Texas A&M Aggies,3.5,-110.0,2026,2026-10-10T00:47:21Z,1655,13.625704337023206,9.381421809272036,6.744282527751171,726826f3d6abb0bb4115e1078acbea91f10dfda4a429c17b5e74b8ed63b3a0b9,timestamped_live_quote,FBS vs FBS
2026-10-10T00:47:21Z,9e243e91f8f94e6431da5cc5c3cc8fda,2026-10-10T16:00:00Z,Missouri Tigers,Texas A&M Aggies,betonlineag,BetOnline.ag,2026-10-10T00:46:55Z,2026-10-10T00:46:55Z,Missouri Tigers,-3.5,-110.0,2026,2026-10-10T00:47:21Z,1655,13.625704337023206,9.381421809272036,6.744282527751171,726826f3d6abb0bb4115e1078acbea91f10dfda4a429c17b5e74b8ed63b3a0b9,timestamped_live_quote,FBS vs FBS
2026-10-10T00:47:21Z,9e243e91f8f94e6431da5cc5c3cc8fda,2026-10-10T16:00:00Z,Missouri Tigers,Texas A&M Aggies,betonlineag,BetOnline.ag,2026-10-10T00:46:55Z,2026-10-10T00:46:55Z,Texas A&M Aggies,3.5,-110.0,2026,2026-10-10T00:47:21Z,1655,13.625704337023206,9.381421809272036,6.744282527751171,726826f3d6abb0bb4115e1078acbea91f10dfda4a429c17b5e74b8ed63b3a0b9,timestamped_live_quote,FBS vs FBS
2026-10-10T00:47:21Z,9e243e91f8f94e6431da5cc5c3cc8fda,2026-10-10T16:00:00Z,Missouri Tigers,Texas A&M Aggies,lowvig,LowVig.ag,2026-10-10T00:47:09Z,2026-10-10T00:47:09Z,Missouri Tigers,-3.5,-102.0,2026,2026-10-10T00:47:21Z,1655,13.625704337023206,9.381421809272036,6.744282527751171,726826f3d6abb0bb4115e1078acbea91f10dfda4a429c17b5e74b8ed63b3a0b9,timestamped_live_quote,FBS vs FBS
2026-10-10T00:47:21Z,9e243e91f8f94e6431da5cc5c3cc8fda,2026-10-10T16:00:00Z,Missouri Tigers,Texas A&M Aggies,lowvig,LowVig.ag,2026-10-10T00:47:09Z,2026-10-10T00:47:09Z,Texas A&M Aggies,3.5,-110.0,2026,2026-10-10T00:47:21Z,1655,13.625704337023206,9.381421809272036,6.744282527751171,726826f3d6abb0bb4115e1078acbea91f10dfda4a429c17b5e74b8ed63b3a0b9,timestamped_live_quote,FBS vs FBS
2026-10-10T00:47:21Z,9e243e91f8f94e6431da5cc5c3cc8fda,2026-10-10T16:00:00Z,Missouri Tigers,Texas A&M Aggies,betus,BetUS,2026-10-10T00:46:22Z,2026-10-10T00:46:22Z,Missouri Tigers,-3.5,-110.0,2026,2026-10-10T00:47:21Z,1655,13.625704337023206,9.381421809272036,6.744282527751171,726826f3d6abb0bb4115e1078acbea91f10dfda4a429c17b5e74b8ed63b3a0b9,timestamped_live_quote,FBS vs FBS
2026-10-10T00:47:21Z,9e243e91f8f94e6431da5cc5c3cc8fda,2026-10-10T16:00:00Z,Missouri Tigers,Texas A&M Aggies,betus,BetUS,2026-10-10T00:46:22Z,2026-10-10T00:46:22Z,Texas A&M Aggies,3.5,-110.0,2026,2026-10-10T00:47:21Z,1655,13.625704337023206,9.381421809272036,6.744282527751171,726826f3d6abb0bb4115e1078acbea91f10dfda4a429c17b5e74b8ed63b3a0b9,timestamped_live_quote,FBS vs FBS
2026-10-10T00:47:21Z,9e243e91f8f94e6431da5cc5c3cc8fda,2026-10-10T16:00:00Z,Missouri Tigers,Texas A&M Aggies,bovada,Bovada,2026-10-10T00:46:12Z,2026-10-10T00:46:12Z,Missouri Tigers,-3.5,-110.0,2026,2026-10-10T00:47:21Z,1655,13.625704337023206,9.381421809272036,6.744282527751171,726826f3d6abb0bb4115e1078acbea91f10dfda4a429c17b5e74b8ed63b3a0b9,timestamped_live_quote,FBS vs FBS
2026-10-10T00:47:21Z,9e243e91f8f94e6431da5cc5c3cc8fda,2026-10-10T16:00:00Z,Missouri Tigers,Texas A&M Aggies,bovada,Bovada,2026-10-10T00:46:12Z,2026-10-10T00:46:12Z,Texas A&M Aggies,3.5,-110.0,2026,2026-10-10T00:47:21Z,1655,13.625704337023206,9.381421809272036,6.744282527751171,726826f3d6abb0bb4115e1078acbea91f10dfda4a429c17b5e74b8ed63b3a0b9,timestamped_live_quote,FBS vs FBS
2026-10-10T00:47:21Z,416ce0307b7b9d97f5365a29c1729339,2026-10-10T16:00:00Z,NC State Wolfpack,Wake Forest Demon Deacons,fanduel,FanDuel,2026-10-10T00:46:58Z,2026-10-10T00:46:57Z,NC State Wolfpack,3.5,-120.0,2026,2026-10-10T00:47:21Z,1655,8.357553267549397,9.203275839919451,1.6542774276299461,726826f3d6abb0bb4115e1078acbea91f10dfda4a429c17b5e74b8ed63b3a0b9,timestamped_live_quote,FBS vs FBS
2026-10-10T00:47:21Z,416ce0307b7b9d97f5365a29c1729339,2026-10-10T16:00:00Z,NC State Wolfpack,Wake Forest Demon Deacons,fanduel,FanDuel,2026-10-10T00:46:58Z,2026-10-10T00:46:57Z,Wake Forest Demon Deacons,-3.5,-102.0,2026,2026-10-10T00:47:21Z,1655,8.357553267549397,9.203275839919451,1.6542774276299461,726826f3d6abb0bb4115e1078acbea91f10dfda4a429c17b5e74b8ed63b3a0b9,timestamped_live_quote,FBS vs FBS
2026-10-10T00:47:21Z,416ce0307b7b9d97f5365a29c1729339,2026-10-10T16:00:00Z,NC State Wolfpack,Wake Forest Demon Deacons,betrivers,BetRivers,2026-10-10T00:47:00Z,2026-10-10T00:46:59Z,NC State Wolfpack,3.5,-120.0,2026,2026-10-10T00:47:21Z,1655,8.357553267549397,9.203275839919451,1.6542774276299461,726826f3d6abb0bb4115e1078acbea91f10dfda4a429c17b5e74b8ed63b3a0b9,timestamped_live_quote,FBS vs FBS
2026-10-10T00:47:21Z,416ce0307b7b9d97f5365a29c1729339,2026-10-10T16:00:00Z,NC State Wolfpack,Wake Forest Demon Deacons,betrivers,BetRivers,2026-10-10T00:47:00Z,2026-10-10T00:46:59Z,Wake Forest Demon Deacons,-3.5,-105.0,2026,2026-10-10T00:47:21Z,1655,8.357553267549397,9.203275839919451,1.6542774276299461,726826f3d6abb0bb4115e1078acbea91f10dfda4a429c17b5e74b8ed63b3a0b9,timestamped_live_quote,FBS vs FBS
2026-10-10T00:47:21Z,416ce0307b7b9d97f5365a29c1729339,2026-10-10T16:00:00Z,NC State Wolfpack,Wake Forest Demon Deacons,betmgm,BetMGM,2026-10-10T00:46:38Z,2026-10-10T00:46:38Z,NC State Wolfpack,3.5,-115.0,2026,2026-10-10T00:47:21Z,1655,8.357553267549397,9.203275839919451,1.6542774276299461,726826f3d6abb0bb4115e1078acbea91f10dfda4a429c17b5e74b8ed63b3a0b9,timestamped_live_quote,FBS vs FBS
2026-10-10T00:47:21Z,416ce0307b7b9d97f5365a29c1729339,2026-10-10T16:00:00Z,NC State Wolfpack,Wake Forest Demon Deacons,betmgm,BetMGM,2026-10-10T00:46:38Z,2026-10-10T00:46:38Z,Wake Forest Demon Deacons,-3.5,-105.0,2026,2026-10-10T00:47:21Z,1655,8.357553267549397,9.203275839919451,1.6542774276299461,726826f3d6abb0bb4115e1078acbea91f10dfda4a429c17b5e74b8ed63b3a0b9,timestamped_live_quote,FBS vs FBS
2026-10-10T00:47:21Z,416ce0307b7b9d97f5365a29c1729339,2026-10-10T16:00:00Z,NC State Wolfpack,Wake Forest Demon Deacons,draftkings,DraftKings,2026-10-10T00:46:55Z,2026-10-10T00:46:54Z,NC State Wolfpack,3.5,-120.0,2026,2026-10-10T00:47:21Z,1655,8.357553267549397,9.203275839919451,1.6542774276299461,726826f3d6abb0bb4115e1078acbea91f10dfda4a429c17b5e74b8ed63b3a0b9,timestamped_live_quote,FBS vs FBS
2026-10-10T00:47:21Z,416ce0307b7b9d97f5365a29c1729339,2026-10-10T16:00:00Z,NC State Wolfpack,Wake Forest Demon Deacons,draftkings,DraftKings,2026-10-10T00:46:55Z,2026-10-10T00:46:54Z,Wake Forest Demon Deacons,-3.5,100.0,2026,2026-10-10T00:47:21Z,1655,8.357553267549397,9.203275839919451,1.6542774276299461,726826f3d6abb0bb4115e1078acbea91f10dfda4a429c17b5e74b8ed63b3a0b9,timestamped_live_quote,FBS vs FBS
2026-10-10T00:47:21Z,416ce0307b7b9d97f5365a29c1729339,2026-10-10T16:00:00Z,NC State Wolfpack,Wake Forest Demon Deacons,lowvig,LowVig.ag,2026-10-10T00:47:09Z,2026-10-10T00:47:09Z,NC State Wolfpack,3.5,-115.0,2026,2026-10-10T00:47:21Z,1655,8.357553267549397,9.203275839919451,1.6542774276299461,726826f3d6abb0bb4115e1078acbea91f10dfda4a429c17b5e74b8ed63b3a0b9,timestamped_live_quote,FBS vs FBS
2026-10-10T00:47:21Z,416ce0307b7b9d97f5365a29c1729339,2026-10-10T16:00:00Z,NC State Wolfpack,Wake Forest Demon Deacons,lowvig,LowVig.ag,2026-10-10T00:47:09Z,2026-10-10T00:47:09Z,Wake Forest Demon Deacons,-3.5,103.0,2026,2026-10-10T00:47:21Z,1655,8.357553267549397,9.203275839919451,1.6542774276299461,726826f3d6abb0bb4115e1078acbea91f10dfda4a429c17b5e74b8ed63b3a0b9,timestamped_live_quote,FBS vs FBS
2026-10-10T00:47:21Z,416ce0307b7b9d97f5365a29c1729339,2026-10-10T16:00:00Z,NC State Wolfpack,Wake Forest Demon Deacons,betonlineag,BetOnline.ag,2026-10-10T00:46:55Z,2026-10-10T00:46:55Z,NC State Wolfpack,3.5,-125.0,2026,2026-10-10T00:47:21Z,1655,8.357553267549397,9.203275839919451,1.6542774276299461,726826f3d6abb0bb4115e1078acbea91f10dfda4a429c17b5e74b8ed63b3a0b9,timestamped_live_quote,FBS vs FBS
2026-10-10T00:47:21Z,416ce0307b7b9d97f5365a29c1729339,2026-10-10T16:00:00Z,NC State Wolfpack,Wake Forest Demon Deacons,betonlineag,BetOnline.ag,2026-10-10T00:46:55Z,2026-10-10T00:46:55Z,Wake Forest Demon Deacons,-3.5,105.0,2026,2026-10-10T00:47:21Z,1655,8.357553267549397,9.203275839919451,1.6542774276299461,726826f3d6abb0bb4115e1078acbea91f10dfda4a429c17b5e74b8ed63b3a0b9,timestamped_live_quote,FBS vs FBS
2026-10-10T00:47:21Z,416ce0307b7b9d97f5365a29c1729339,2026-10-10T16:00:00Z,NC State Wolfpack,Wake Forest Demon Deacons,mybookieag,MyBookie.ag,2026-10-10T00:45:19Z,2026-10-10T00:45:19Z,NC State Wolfpack,3.0,-110.0,2026,2026-10-10T00:47:21Z,1655,8.357553267549397,9.203275839919451,1.6542774276299461,726826f3d6abb0bb4115e1078acbea91f10dfda4a429c17b5e74b8ed63b3a0b9,timestamped_live_quote,FBS vs FBS
2026-10-10T00:47:21Z,416ce0307b7b9d97f5365a29c1729339,2026-10-10T16:00:00Z,NC State Wolfpack,Wake Forest Demon Deacons,mybookieag,MyBookie.ag,2026-10-10T00:45:19Z,2026-10-10T00:45:19Z,Wake Forest Demon Deacons,-3.0,-110.0,2026,2026-10-10T00:47:21Z,1655,8.357553267549397,9.203275839919451,1.6542774276299461,726826f3d6abb0bb4115e1078acbea91f10dfda4a429c17b5e74b8ed63b3a0b9,timestamped_live_quote,FBS vs FBS
2026-10-10T00:47:21Z,416ce0307b7b9d97f5365a29c1729339,2026-10-10T16:00:00Z,NC State Wolfpack,Wake Forest Demon Deacons,bovada,Bovada,2026-10-10T00:46:12Z,2026-10-10T00:46:12Z,NC State Wolfpack,3.0,-105.0,2026,2026-10-10T00:47:21Z,1655,8.357553267549397,9.203275839919451,1.6542774276299461,726826f3d6abb0bb4115e1078acbea91f10dfda4a429c17b5e74b8ed63b3a0b9,timestamped_live_quote,FBS vs FBS
2026-10-10T00:47:21Z,416ce0307b7b9d97f5365a29c1729339,2026-10-10T16:00:00Z,NC State Wolfpack,Wake Forest Demon Deacons,bovada,Bovada,2026-10-10T00:46:12Z,2026-10-10T00:46:12Z,Wake Forest Demon Deacons,-3.0,-115.0,2026,2026-10-10T00:47:21Z,1655,8.357553267549397,9.203275839919451,1.6542774276299461,726826f3d6abb0bb4115e1078acbea91f10dfda4a429c17b5e74b8ed63b3a0b9,timestamped_live_quote,FBS vs FBS
2026-10-10T00:47:21Z,416ce0307b7b9d97f5365a29c1729339,2026-10-10T16:00:00Z,NC State Wolfpack,Wake Forest Demon Deacons,betus,BetUS,2026-10-10T00:46:22Z,2026-10-10T00:46:21Z,NC State Wolfpack,3.0,100.0,2026,2026-10-10T00:47:21Z,1655,8.357553267549397,9.203275839919451,1.6542774276299461,726826f3d6abb0bb4115e1078acbea91f10dfda4a429c17b5e74b8ed63b3a0b9,timestamped_live_quote,FBS vs FBS
2026-10-10T00:47:21Z,416ce0307b7b9d97f5365a29c1729339,2026-10-10T16:00:00Z,NC State Wolfpack,Wake Forest Demon Deacons,betus,BetUS,2026-10-10T00:46:22Z,2026-10-10T00:46:21Z,Wake Forest Demon Deacons,-3.0,-120.0,2026,2026-10-10T00:47:21Z,1655,8.357553267549397,9.203275839919451,1.6542774276299461,726826f3d6abb0bb4115e1078acbea91f10dfda4a429c17b5e74b8ed63b3a0b9,timestamped_live_quote,FBS vs FBS
2026-10-10T00:47:21Z,b067027cbaeaf86e6c9bb26becb97c94,2026-10-10T16:00:00Z,Pittsburgh Panthers,North Carolina Tar Heels,fanduel,FanDuel,2026-10-10T00:46:58Z,2026-10-10T00:46:57Z,North Carolina Tar Heels,3.5,-104.0,2026,2026-10-10T00:47:21Z,1655,15.362659684180542,6.31683813718703,11.545821546993512,726826f3d6abb0bb4115e1078acbea91f10dfda4a429c17b5e74b8ed63b3a0b9,timestamped_live_quote,FBS vs FBS
2026-10-10T00:47:21Z,b067027cbaeaf86e6c9bb26becb97c94,2026-10-10T16:00:00Z,Pittsburgh Panthers,North Carolina Tar Heels,fanduel,FanDuel,2026-10-10T00:46:58Z,2026-10-10T00:46:57Z,Pittsburgh Panthers,-3.5,-118.0,2026,2026-10-10T00:47:21Z,1655,15.362659684180542,6.31683813718703,11.545821546993512,726826f3d6abb0bb4115e1078acbea91f10dfda4a429c17b5e74b8ed63b3a0b9,timestamped_live_quote,FBS vs FBS
2026-10-10T00:47:21Z,b067027cbaeaf86e6c9bb26becb97c94,2026-10-10T16:00:00Z,Pittsburgh Panthers,North Carolina Tar Heels,betrivers,BetRivers,2026-10-10T00:47:00Z,2026-10-10T00:46:59Z,North Carolina Tar Heels,3.5,-113.0,2026,2026-10-10T00:47:21Z,1655,15.362659684180542,6.31683813718703,11.545821546993512,726826f3d6abb0bb4115e1078acbea91f10dfda4a429c17b5e74b8ed63b3a0b9,timestamped_live_quote,FBS vs FBS
2026-10-10T00:47:21Z,b067027cbaeaf86e6c9bb26becb97c94,2026-10-10T16:00:00Z,Pittsburgh Panthers,North Carolina Tar Heels,betrivers,BetRivers,2026-10-10T00:47:00Z,2026-10-10T00:46:59Z,Pittsburgh Panthers,-3.5,-109.0,2026,2026-10-10T00:47:21Z,1655,15.362659684180542,6.31683813718703,11.545821546993512,726826f3d6abb0bb4115e1078acbea91f10dfda4a429c17b5e74b8ed63b3a0b9,timestamped_live_quote,FBS vs FBS
2026-10-10T00:47:21Z,b067027cbaeaf86e6c9bb26becb97c94,2026-10-10T16:00:00Z,Pittsburgh Panthers,North Carolina Tar Heels,betmgm,BetMGM,2026-10-10T00:46:38Z,2026-10-10T00:46:38Z,North Carolina Tar Heels,3.5,-110.0,2026,2026-10-10T00:47:21Z,1655,15.362659684180542,6.31683813718703,11.545821546993512,726826f3d6abb0bb4115e1078acbea91f10dfda4a429c17b5e74b8ed63b3a0b9,timestamped_live_quote,FBS vs FBS
2026-10-10T00:47:21Z,b067027cbaeaf86e6c9bb26becb97c94,2026-10-10T16:00:00Z,Pittsburgh Panthers,North Carolina Tar Heels,betmgm,BetMGM,2026-10-10T00:46:38Z,2026-10-10T00:46:38Z,Pittsburgh Panthers,-3.5,-110.0,2026,2026-10-10T00:47:21Z,1655,15.362659684180542,6.31683813718703,11.545821546993512,726826f3d6abb0bb4115e1078acbea91f10dfda4a429c17b5e74b8ed63b3a0b9,timestamped_live_quote,FBS vs FBS
2026-10-10T00:47:21Z,b067027cbaeaf86e6c9bb26becb97c94,2026-10-10T16:00:00Z,Pittsburgh Panthers,North Carolina Tar Heels,betonlineag,BetOnline.ag,2026-10-10T00:46:55Z,2026-10-10T00:46:55Z,North Carolina Tar Heels,3.5,-105.0,2026,2026-10-10T00:47:21Z,1655,15.362659684180542,6.31683813718703,11.545821546993512,726826f3d6abb0bb4115e1078acbea91f10dfda4a429c17b5e74b8ed63b3a0b9,timestamped_live_quote,FBS vs FBS
2026-10-10T00:47:21Z,b067027cbaeaf86e6c9bb26becb97c94,2026-10-10T16:00:00Z,Pittsburgh Panthers,North Carolina Tar Heels,betonlineag,BetOnline.ag,2026-10-10T00:46:55Z,2026-10-10T00:46:55Z,Pittsburgh Panthers,-3.5,-115.0,2026,2026-10-10T00:47:21Z,1655,15.362659684180542,6.31683813718703,11.545821546993512,726826f3d6abb0bb4115e1078acbea91f10dfda4a429c17b5e74b8ed63b3a0b9,timestamped_live_quote,FBS vs FBS
2026-10-10T00:47:21Z,b067027cbaeaf86e6c9bb26becb97c94,2026-10-10T16:00:00Z,Pittsburgh Panthers,North Carolina Tar Heels,lowvig,LowVig.ag,2026-10-10T00:47:09Z,2026-10-10T00:47:09Z,North Carolina Tar Heels,3.5,-101.0,2026,2026-10-10T00:47:21Z,1655,15.362659684180542,6.31683813718703,11.545821546993512,726826f3d6abb0bb4115e1078acbea91f10dfda4a429c17b5e74b8ed63b3a0b9,timestamped_live_quote,FBS vs FBS
2026-10-10T00:47:21Z,b067027cbaeaf86e6c9bb26becb97c94,2026-10-10T16:00:00Z,Pittsburgh Panthers,North Carolina Tar Heels,lowvig,LowVig.ag,2026-10-10T00:47:09Z,2026-10-10T00:47:09Z,Pittsburgh Panthers,-3.5,-111.0,2026,2026-10-10T00:47:21Z,1655,15.362659684180542,6.31683813718703,11.545821546993512,726826f3d6abb0bb4115e1078acbea91f10dfda4a429c17b5e74b8ed63b3a0b9,timestamped_live_quote,FBS vs FBS
2026-10-10T00:47:21Z,b067027cbaeaf86e6c9bb26becb97c94,2026-10-10T16:00:00Z,Pittsburgh Panthers,North Carolina Tar Heels,draftkings,DraftKings,2026-10-10T00:46:55Z,2026-10-10T00:46:54Z,North Carolina Tar Heels,3.5,-108.0,2026,2026-10-10T00:47:21Z,1655,15.362659684180542,6.31683813718703,11.545821546993512,726826f3d6abb0bb4115e1078acbea91f10dfda4a429c17b5e74b8ed63b3a0b9,timestamped_live_quote,FBS vs FBS
2026-10-10T00:47:21Z,b067027cbaeaf86e6c9bb26becb97c94,2026-10-10T16:00:00Z,Pittsburgh Panthers,North Carolina Tar Heels,draftkings,DraftKings,2026-10-10T00:46:55Z,2026-10-10T00:46:54Z,Pittsburgh Panthers,-3.5,-112.0,2026,2026-10-10T00:47:21Z,1655,15.362659684180542,6.31683813718703,11.545821546993512,726826f3d6abb0bb4115e1078acbea91f10dfda4a429c17b5e74b8ed63b3a0b9,timestamped_live_quote,FBS vs FBS
2026-10-10T00:47:21Z,b067027cbaeaf86e6c9bb26becb97c94,2026-10-10T16:00:00Z,Pittsburgh Panthers,North Carolina Tar Heels,mybookieag,MyBookie.ag,2026-10-10T00:45:19Z,2026-10-10T00:45:19Z,North Carolina Tar Heels,3.5,-110.0,2026,2026-10-10T00:47:21Z,1655,15.362659684180542,6.31683813718703,11.545821546993512,726826f3d6abb0bb4115e1078acbea91f10dfda4a429c17b5e74b8ed63b3a0b9,timestamped_live_quote,FBS vs FBS
2026-10-10T00:47:21Z,b067027cbaeaf86e6c9bb26becb97c94,2026-10-10T16:00:00Z,Pittsburgh Panthers,North Carolina Tar Heels,mybookieag,MyBookie.ag,2026-10-10T00:45:19Z,2026-10-10T00:45:19Z,Pittsburgh Panthers,-3.5,-110.0,2026,2026-10-10T00:47:21Z,1655,15.362659684180542,6.31683813718703,11.545821546993512,726826f3d6abb0bb4115e1078acbea91f10dfda4a429c17b5e74b8ed63b3a0b9,timestamped_live_quote,FBS vs FBS
2026-10-10T00:47:21Z,b067027cbaeaf86e6c9bb26becb97c94,2026-10-10T16:00:00Z,Pittsburgh Panthers,North Carolina Tar Heels,bovada,Bovada,2026-10-10T00:46:12Z,2026-10-10T00:46:12Z,North Carolina Tar Heels,4.0,-110.0,2026,2026-10-10T00:47:21Z,1655,15.362659684180542,6.31683813718703,11.545821546993512,726826f3d6abb0bb4115e1078acbea91f10dfda4a429c17b5e74b8ed63b3a0b9,timestamped_live_quote,FBS vs FBS
2026-10-10T00:47:21Z,b067027cbaeaf86e6c9bb26becb97c94,2026-10-10T16:00:00Z,Pittsburgh Panthers,North Carolina Tar Heels,bovada,Bovada,2026-10-10T00:46:12Z,2026-10-10T00:46:12Z,Pittsburgh Panthers,-4.0,-110.0,2026,2026-10-10T00:47:21Z,1655,15.362659684180542,6.31683813718703,11.545821546993512,726826f3d6abb0bb4115e1078acbea91f10dfda4a429c17b5e74b8ed63b3a0b9,timestamped_live_quote,FBS vs FBS
2026-10-10T00:47:21Z,b067027cbaeaf86e6c9bb26becb97c94,2026-10-10T16:00:00Z,Pittsburgh Panthers,North Carolina Tar Heels,betus,BetUS,2026-10-10T00:46:22Z,2026-10-10T00:46:21Z,North Carolina Tar Heels,3.5,-105.0,2026,2026-10-10T00:47:21Z,1655,15.362659684180542,6.31683813718703,11.545821546993512,726826f3d6abb0bb4115e1078acbea91f10dfda4a429c17b5e74b8ed63b3a0b9,timestamped_live_quote,FBS vs FBS
2026-10-10T00:47:21Z,b067027cbaeaf86e6c9bb26becb97c94,2026-10-10T16:00:00Z,Pittsburgh Panthers,North Carolina Tar Heels,betus,BetUS,2026-10-10T00:46:22Z,2026-10-10T00:46:21Z,Pittsburgh Panthers,-3.5,-115.0,2026,2026-10-10T00:47:21Z,1655,15.362659684180542,6.31683813718703,11.545821546993512,726826f3d6abb0bb4115e1078acbea91f10dfda4a429c17b5e74b8ed63b3a0b9,timestamped_live_quote,FBS vs FBS
2026-10-10T00:47:21Z,690e2edaba34c383d2ebfa8f8394f973,2026-10-10T16:00:00Z,Oklahoma State Cowboys,UCF Knights,fanduel,FanDuel,2026-10-10T00:46:58Z,2026-10-10T00:46:57Z,Oklahoma State Cowboys,-10.5,-105.0,2026,2026-10-10T00:47:21Z,1655,10.135478951868096,13.589526707588117,-0.9540477557200209,726826f3d6abb0bb4115e1078acbea91f10dfda4a429c17b5e74b8ed63b3a0b9,timestamped_live_quote,FBS vs FBS
2026-10-10T00:47:21Z,690e2edaba34c383d2ebfa8f8394f973,2026-10-10T16:00:00Z,Oklahoma State Cowboys,UCF Knights,fanduel,FanDuel,2026-10-10T00:46:58Z,2026-10-10T00:46:57Z,UCF Knights,10.5,-115.0,2026,2026-10-10T00:47:21Z,1655,10.135478951868096,13.589526707588117,-0.9540477557200209,726826f3d6abb0bb4115e1078acbea91f10dfda4a429c17b5e74b8ed63b3a0b9,timestamped_live_quote,FBS vs FBS
2026-10-10T00:47:21Z,690e2edaba34c383d2ebfa8f8394f973,2026-10-10T16:00:00Z,Oklahoma State Cowboys,UCF Knights,betrivers,BetRivers,2026-10-10T00:47:00Z,2026-10-10T00:46:59Z,Oklahoma State Cowboys,-10.0,-113.0,2026,2026-10-10T00:47:21Z,1655,10.135478951868096,13.589526707588117,-0.9540477557200209,726826f3d6abb0bb4115e1078acbea91f10dfda4a429c17b5e74b8ed63b3a0b9,timestamped_live_quote,FBS vs FBS
2026-10-10T00:47:21Z,690e2edaba34c383d2ebfa8f8394f973,2026-10-10T16:00:00Z,Oklahoma State Cowboys,UCF Knights,betrivers,BetRivers,2026-10-10T00:47:00Z,2026-10-10T00:46:59Z,UCF Knights,10.0,-110.0,2026,2026-10-10T00:47:21Z,1655,10.135478951868096,13.589526707588117,-0.9540477557200209,726826f3d6abb0bb4115e1078acbea91f10dfda4a429c17b5e74b8ed63b3a0b9,timestamped_live_quote,FBS vs FBS
2026-10-10T00:47:21Z,690e2edaba34c383d2ebfa8f8394f973,2026-10-10T16:00:00Z,Oklahoma State Cowboys,UCF Knights,betmgm,BetMGM,2026-10-10T00:46:38Z,2026-10-10T00:46:38Z,Oklahoma State Cowboys,-10.5,-105.0,2026,2026-10-10T00:47:21Z,1655,10.135478951868096,13.589526707588117,-0.9540477557200209,726826f3d6abb0bb4115e1078acbea91f10dfda4a429c17b5e74b8ed63b3a0b9,timestamped_live_quote,FBS vs FBS
2026-10-10T00:47:21Z,690e2edaba34c383d2ebfa8f8394f973,2026-10-10T16:00:00Z,Oklahoma State Cowboys,UCF Knights,betmgm,BetMGM,2026-10-10T00:46:38Z,2026-10-10T00:46:38Z,UCF Knights,10.5,-115.0,2026,2026-10-10T00:47:21Z,1655,10.135478951868096,13.589526707588117,-0.9540477557200209,726826f3d6abb0bb4115e1078acbea91f10dfda4a429c17b5e74b8ed63b3a0b9,timestamped_live_quote,FBS vs FBS
2026-10-10T00:47:21Z,690e2edaba34c383d2ebfa8f8394f973,2026-10-10T16:00:00Z,Oklahoma State Cowboys,UCF Knights,draftkings,DraftKings,2026-10-10T00:46:55Z,2026-10-10T00:46:54Z,Oklahoma State Cowboys,-10.5,-112.0,2026,2026-10-10T00:47:21Z,1655,10.135478951868096,13.589526707588117,-0.9540477557200209,726826f3d6abb0bb4115e1078acbea91f10dfda4a429c17b5e74b8ed63b3a0b9,timestamped_live_quote,FBS vs FBS
2026-10-10T00:47:21Z,690e2edaba34c383d2ebfa8f8394f973,2026-10-10T16:00:00Z,Oklahoma State Cowboys,UCF Knights,draftkings,DraftKings,2026-10-10T00:46:55Z,2026-10-10T00:46:54Z,UCF Knights,10.5,-108.0,2026,2026-10-10T00:47:21Z,1655,10.135478951868096,13.589526707588117,-0.9540477557200209,726826f3d6abb0bb4115e1078acbea91f10dfda4a429c17b5e74b8ed63b3a0b9,timestamped_live_quote,FBS vs FBS
2026-10-10T00:47:21Z,690e2edaba34c383d2ebfa8f8394f973,2026-10-10T16:00:00Z,Oklahoma State Cowboys,UCF Knights,lowvig,LowVig.ag,2026-10-10T00:47:09Z,2026-10-10T00:47:09Z,Oklahoma State Cowboys,-10.0,-101.0,2026,2026-10-10T00:47:21Z,1655,10.135478951868096,13.589526707588117,-0.9540477557200209,726826f3d6abb0bb4115e1078acbea91f10dfda4a429c17b5e74b8ed63b3a0b9,timestamped_live_quote,FBS vs FBS
2026-10-10T00:47:21Z,690e2edaba34c383d2ebfa8f8394f973,2026-10-10T16:00:00Z,Oklahoma State Cowboys,UCF Knights,lowvig,LowVig.ag,2026-10-10T00:47:09Z,2026-10-10T00:47:09Z,UCF Knights,10.0,-111.0,2026,2026-10-10T00:47:21Z,1655,10.135478951868096,13.589526707588117,-0.9540477557200209,726826f3d6abb0bb4115e1078acbea91f10dfda4a429c17b5e74b8ed63b3a0b9,timestamped_live_quote,FBS vs FBS
2026-10-10T00:47:21Z,690e2edaba34c383d2ebfa8f8394f973,2026-10-10T16:00:00Z,Oklahoma State Cowboys,UCF Knights,betonlineag,BetOnline.ag,2026-10-10T00:46:55Z,2026-10-10T00:46:55Z,Oklahoma State Cowboys,-10.0,-105.0,2026,2026-10-10T00:47:21Z,1655,10.135478951868096,13.589526707588117,-0.9540477557200209,726826f3d6abb0bb4115e1078acbea91f10dfda4a429c17b5e74b8ed63b3a0b9,timestamped_live_quote,FBS vs FBS
2026-10-10T00:47:21Z,690e2edaba34c383d2ebfa8f8394f973,2026-10-10T16:00:00Z,Oklahoma State Cowboys,UCF Knights,betonlineag,BetOnline.ag,2026-10-10T00:46:55Z,2026-10-10T00:46:55Z,UCF Knights,10.0,-115.0,2026,2026-10-10T00:47:21Z,1655,10.135478951868096,13.589526707588117,-0.9540477557200209,726826f3d6abb0bb4115e1078acbea91f10dfda4a429c17b5e74b8ed63b3a0b9,timestamped_live_quote,FBS vs FBS
2026-10-10T00:47:21Z,690e2edaba34c383d2ebfa8f8394f973,2026-10-10T16:00:00Z,Oklahoma State Cowboys,UCF Knights,mybookieag,MyBookie.ag,2026-10-10T00:45:19Z,2026-10-10T00:45:19Z,Oklahoma State Cowboys,-10.0,-110.0,2026,2026-10-10T00:47:21Z,1655,10.135478951868096,13.589526707588117,-0.9540477557200209,726826f3d6abb0bb4115e1078acbea91f10dfda4a429c17b5e74b8ed63b3a0b9,timestamped_live_quote,FBS vs FBS
2026-10-10T00:47:21Z,690e2edaba34c383d2ebfa8f8394f973,2026-10-10T16:00:00Z,Oklahoma State Cowboys,UCF Knights,mybookieag,MyBookie.ag,2026-10-10T00:45:19Z,2026-10-10T00:45:19Z,UCF Knights,10.0,-110.0,2026,2026-10-10T00:47:21Z,1655,10.135478951868096,13.589526707588117,-0.9540477557200209,726826f3d6abb0bb4115e1078acbea91f10dfda4a429c17b5e74b8ed63b3a0b9,timestamped_live_quote,FBS vs FBS
2026-10-10T00:47:21Z,690e2edaba34c383d2ebfa8f8394f973,2026-10-10T16:00:00Z,Oklahoma State Cowboys,UCF Knights,bovada,Bovada,2026-10-10T00:46:12Z,2026-10-10T00:46:12Z,Oklahoma State Cowboys,-10.0,-115.0,2026,2026-10-10T00:47:21Z,1655,10.135478951868096,13.589526707588117,-0.9540477557200209,726826f3d6abb0bb4115e1078acbea91f10dfda4a429c17b5e74b8ed63b3a0b9,timestamped_live_quote,FBS vs FBS
2026-10-10T00:47:21Z,690e2edaba34c383d2ebfa8f8394f973,2026-10-10T16:00:00Z,Oklahoma State Cowboys,UCF Knights,bovada,Bovada,2026-10-10T00:46:12Z,2026-10-10T00:46:12Z,UCF Knights,10.0,-105.0,2026,2026-10-10T00:47:21Z,1655,10.135478951868096,13.589526707588117,-0.9540477557200209,726826f3d6abb0bb4115e1078acbea91f10dfda4a429c17b5e74b8ed63b3a0b9,timestamped_live_quote,FBS vs FBS
2026-10-10T00:47:21Z,690e2edaba34c383d2ebfa8f8394f973,2026-10-10T16:00:00Z,Oklahoma State Cowboys,UCF Knights,betus,BetUS,2026-10-10T00:46:22Z,2026-10-10T00:46:22Z,Oklahoma State Cowboys,-10.0,-110.0,2026,2026-10-10T00:47:21Z,1655,10.135478951868096,13.589526707588117,-0.9540477557200209,726826f3d6abb0bb4115e1078acbea91f10dfda4a429c17b5e74b8ed63b3a0b9,timestamped_live_quote,FBS vs FBS
2026-10-10T00:47:21Z,690e2edaba34c383d2ebfa8f8394f973,2026-10-10T16:00:00Z,Oklahoma State Cowboys,UCF Knights,betus,BetUS,2026-10-10T00:46:22Z,2026-10-10T00:46:22Z,UCF Knights,10.0,-110.0,2026,2026-10-10T00:47:21Z,1655,10.135478951868096,13.589526707588117,-0.9540477557200209,726826f3d6abb0bb4115e1078acbea91f10dfda4a429c17b5e74b8ed63b3a0b9,timestamped_live_quote,FBS vs FBS
2026-10-10T00:47:21Z,71ed0e11bb0f2e5149ac4821fcde4599,2026-10-10T16:30:00Z,Northwestern Wildcats,Ball State Cardinals,fanduel,FanDuel,2026-10-10T00:46:58Z,2026-10-10T00:46:57Z,Ball State Cardinals,35.5,-118.0,2026,2026-10-10T00:47:21Z,1655,13.066938911973079,-6.899845672586745,22.466784584559825,726826f3d6abb0bb4115e1078acbea91f10dfda4a429c17b5e74b8ed63b3a0b9,timestamped_live_quote,FBS vs FBS
2026-10-10T00:47:21Z,71ed0e11bb0f2e5149ac4821fcde4599,2026-10-10T16:30:00Z,Northwestern Wildcats,Ball State Cardinals,fanduel,FanDuel,2026-10-10T00:46:58Z,2026-10-10T00:46:57Z,Northwestern Wildcats,-35.5,-104.0,2026,2026-10-10T00:47:21Z,1655,13.066938911973079,-6.899845672586745,22.466784584559825,726826f3d6abb0bb4115e1078acbea91f10dfda4a429c17b5e74b8ed63b3a0b9,timestamped_live_quote,FBS vs FBS
2026-10-10T00:47:21Z,71ed0e11bb0f2e5149ac4821fcde4599,2026-10-10T16:30:00Z,Northwestern Wildcats,Ball State Cardinals,betrivers,BetRivers,2026-10-10T00:47:00Z,2026-10-10T00:46:59Z,Ball State Cardinals,36.0,-113.0,2026,2026-10-10T00:47:21Z,1655,13.066938911973079,-6.899845672586745,22.466784584559825,726826f3d6abb0bb4115e1078acbea91f10dfda4a429c17b5e74b8ed63b3a0b9,timestamped_live_quote,FBS vs FBS
2026-10-10T00:47:21Z,71ed0e11bb0f2e5149ac4821fcde4599,2026-10-10T16:30:00Z,Northwestern Wildcats,Ball State Cardinals,betrivers,BetRivers,2026-10-10T00:47:00Z,2026-10-10T00:46:59Z,Northwestern Wildcats,-36.0,-110.0,2026,2026-10-10T00:47:21Z,1655,13.066938911973079,-6.899845672586745,22.466784584559825,726826f3d6abb0bb4115e1078acbea91f10dfda4a429c17b5e74b8ed63b3a0b9,timestamped_live_quote,FBS vs FBS
2026-10-10T00:47:21Z,71ed0e11bb0f2e5149ac4821fcde4599,2026-10-10T16:30:00Z,Northwestern Wildcats,Ball State Cardinals,betmgm,BetMGM,2026-10-10T00:46:38Z,2026-10-10T00:46:38Z,Ball State Cardinals,35.5,-110.0,2026,2026-10-10T00:47:21Z,1655,13.066938911973079,-6.899845672586745,22.466784584559825,726826f3d6abb0bb4115e1078acbea91f10dfda4a429c17b5e74b8ed63b3a0b9,timestamped_live_quote,FBS vs FBS
2026-10-10T00:47:21Z,71ed0e11bb0f2e5149ac4821fcde4599,2026-10-10T16:30:00Z,Northwestern Wildcats,Ball State Cardinals,betmgm,BetMGM,2026-10-10T00:46:38Z,2026-10-10T00:46:38Z,Northwestern Wildcats,-35.5,-110.0,2026,2026-10-10T00:47:21Z,1655,13.066938911973079,-6.899845672586745,22.466784584559825,726826f3d6abb0bb4115e1078acbea91f10dfda4a429c17b5e74b8ed63b3a0b9,timestamped_live_quote,FBS vs FBS
2026-10-10T00:47:21Z,71ed0e11bb0f2e5149ac4821fcde4599,2026-10-10T16:30:00Z,Northwestern Wildcats,Ball State Cardinals,draftkings,DraftKings,2026-10-10T00:46:55Z,2026-10-10T00:46:54Z,Ball State Cardinals,35.5,-108.0,2026,2026-10-10T00:47:21Z,1655,13.066938911973079,-6.899845672586745,22.466784584559825,726826f3d6abb0bb4115e1078acbea91f10dfda4a429c17b5e74b8ed63b3a0b9,timestamped_live_quote,FBS vs FBS
2026-10-10T00:47:21Z,71ed0e11bb0f2e5149ac4821fcde4599,2026-10-10T16:30:00Z,Northwestern Wildcats,Ball State Cardinals,draftkings,DraftKings,2026-10-10T00:46:55Z,2026-10-10T00:46:54Z,Northwestern Wildcats,-35.5,-112.0,2026,2026-10-10T00:47:21Z,1655,13.066938911973079,-6.899845672586745,22.466784584559825,726826f3d6abb0bb4115e1078acbea91f10dfda4a429c17b5e74b8ed63b3a0b9,timestamped_live_quote,FBS vs FBS
2026-10-10T00:47:21Z,71ed0e11bb0f2e5149ac4821fcde4599,2026-10-10T16:30:00Z,Northwestern Wildcats,Ball State Cardinals,betonlineag,BetOnline.ag,2026-10-10T00:46:55Z,2026-10-10T00:46:55Z,Ball State Cardinals,35.0,-104.0,2026,2026-10-10T00:47:21Z,1655,13.066938911973079,-6.899845672586745,22.466784584559825,726826f3d6abb0bb4115e1078acbea91f10dfda4a429c17b5e74b8ed63b3a0b9,timestamped_live_quote,FBS vs FBS
2026-10-10T00:47:21Z,71ed0e11bb0f2e5149ac4821fcde4599,2026-10-10T16:30:00Z,Northwestern Wildcats,Ball State Cardinals,betonlineag,BetOnline.ag,2026-10-10T00:46:55Z,2026-10-10T00:46:55Z,Northwestern Wildcats,-35.0,-116.0,2026,2026-10-10T00:47:21Z,1655,13.066938911973079,-6.899845672586745,22.466784584559825,726826f3d6abb0bb4115e1078acbea91f10dfda4a429c17b5e74b8ed63b3a0b9,timestamped_live_quote,FBS vs FBS
2026-10-10T00:47:21Z,71ed0e11bb0f2e5149ac4821fcde4599,2026-10-10T16:30:00Z,Northwestern Wildcats,Ball State Cardinals,lowvig,LowVig.ag,2026-10-10T00:47:09Z,2026-10-10T00:47:09Z,Ball State Cardinals,35.0,100.0,2026,2026-10-10T00:47:21Z,1655,13.066938911973079,-6.899845672586745,22.466784584559825,726826f3d6abb0bb4115e1078acbea91f10dfda4a429c17b5e74b8ed63b3a0b9,timestamped_live_quote,FBS vs FBS
2026-10-10T00:47:21Z,71ed0e11bb0f2e5149ac4821fcde4599,2026-10-10T16:30:00Z,Northwestern Wildcats,Ball State Cardinals,lowvig,LowVig.ag,2026-10-10T00:47:09Z,2026-10-10T00:47:09Z,Northwestern Wildcats,-35.0,-112.0,2026,2026-10-10T00:47:21Z,1655,13.066938911973079,-6.899845672586745,22.466784584559825,726826f3d6abb0bb4115e1078acbea91f10dfda4a429c17b5e74b8ed63b3a0b9,timestamped_live_quote,FBS vs FBS
2026-10-10T00:47:21Z,71ed0e11bb0f2e5149ac4821fcde4599,2026-10-10T16:30:00Z,Northwestern Wildcats,Ball State Cardinals,betus,BetUS,2026-10-10T00:46:22Z,2026-10-10T00:46:22Z,Ball State Cardinals,35.0,-105.0,2026,2026-10-10T00:47:21Z,1655,13.066938911973079,-6.899845672586745,22.466784584559825,726826f3d6abb0bb4115e1078acbea91f10dfda4a429c17b5e74b8ed63b3a0b9,timestamped_live_quote,FBS vs FBS
2026-10-10T00:47:21Z,71ed0e11bb0f2e5149ac4821fcde4599,2026-10-10T16:30:00Z,Northwestern Wildcats,Ball State Cardinals,betus,BetUS,2026-10-10T00:46:22Z,2026-10-10T00:46:22Z,Northwestern Wildcats,-35.0,-115.0,2026,2026-10-10T00:47:21Z,1655,13.066938911973079,-6.899845672586745,22.466784584559825,726826f3d6abb0bb4115e1078acbea91f10dfda4a429c17b5e74b8ed63b3a0b9,timestamped_live_quote,FBS vs FBS
2026-10-10T00:47:21Z,71ed0e11bb0f2e5149ac4821fcde4599,2026-10-10T16:30:00Z,Northwestern Wildcats,Ball State Cardinals,bovada,Bovada,2026-10-10T00:46:12Z,2026-10-10T00:46:12Z,Ball State Cardinals,36.0,-115.0,2026,2026-10-10T00:47:21Z,1655,13.066938911973079,-6.899845672586745,22.466784584559825,726826f3d6abb0bb4115e1078acbea91f10dfda4a429c17b5e74b8ed63b3a0b9,timestamped_live_quote,FBS vs FBS
2026-10-10T00:47:21Z,71ed0e11bb0f2e5149ac4821fcde4599,2026-10-10T16:30:00Z,Northwestern Wildcats,Ball State Cardinals,bovada,Bovada,2026-10-10T00:46:12Z,2026-10-10T00:46:12Z,Northwestern Wildcats,-36.0,-105.0,2026,2026-10-10T00:47:21Z,1655,13.066938911973079,-6.899845672586745,22.466784584559825,726826f3d6abb0bb4115e1078acbea91f10dfda4a429c17b5e74b8ed63b3a0b9,timestamped_live_quote,FBS vs FBS
2026-10-10T00:47:21Z,9383cbbbb905d9ee50a3341f6945eae7,2026-10-10T16:45:00Z,Florida Gators,South Carolina Gamecocks,draftkings,DraftKings,2026-10-10T00:46:55Z,2026-10-10T00:46:54Z,Florida Gators,-11.5,-105.0,2026,2026-10-10T00:47:21Z,1655,13.935594481504516,7.661431325899226,8.77416315560529,726826f3d6abb0bb4115e1078acbea91f10dfda4a429c17b5e74b8ed63b3a0b9,timestamped_live_quote,FBS vs FBS
2026-10-10T00:47:21Z,9383cbbbb905d9ee50a3341f6945eae7,2026-10-10T16:45:00Z,Florida Gators,South Carolina Gamecocks,draftkings,DraftKings,2026-10-10T00:46:55Z,2026-10-10T00:46:54Z,South Carolina Gamecocks,11.5,-115.0,2026,2026-10-10T00:47:21Z,1655,13.935594481504516,7.661431325899226,8.77416315560529,726826f3d6abb0bb4115e1078acbea91f10dfda4a429c17b5e74b8ed63b3a0b9,timestamped_live_quote,FBS vs FBS
2026-10-10T00:47:21Z,9383cbbbb905d9ee50a3341f6945eae7,2026-10-10T16:45:00Z,Florida Gators,South Carolina Gamecocks,betrivers,BetRivers,2026-10-10T00:47:00Z,2026-10-10T00:46:59Z,Florida Gators,-11.5,-113.0,2026,2026-10-10T00:47:21Z,1655,13.935594481504516,7.661431325899226,8.77416315560529,726826f3d6abb0bb4115e1078acbea91f10dfda4a429c17b5e74b8ed63b3a0b9,timestamped_live_quote,FBS vs FBS
2026-10-10T00:47:21Z,9383cbbbb905d9ee50a3341f6945eae7,2026-10-10T16:45:00Z,Florida Gators,South Carolina Gamecocks,betrivers,BetRivers,2026-10-10T00:47:00Z,2026-10-10T00:46:59Z,South Carolina Gamecocks,11.5,-110.0,2026,2026-10-10T00:47:21Z,1655,13.935594481504516,7.661431325899226,8.77416315560529,726826f3d6abb0bb4115e1078acbea91f10dfda4a429c17b5e74b8ed63b3a0b9,timestamped_live_quote,FBS vs FBS
2026-10-10T00:47:21Z,9383cbbbb905d9ee50a3341f6945eae7,2026-10-10T16:45:00Z,Florida Gators,South Carolina Gamecocks,mybookieag,MyBookie.ag,2026-10-10T00:45:19Z,2026-10-10T00:45:18Z,Florida Gators,-11.0,-110.0,2026,2026-10-10T00:47:21Z,1655,13.935594481504516,7.661431325899226,8.77416315560529,726826f3d6abb0bb4115e1078acbea91f10dfda4a429c17b5e74b8ed63b3a0b9,timestamped_live_quote,FBS vs FBS
2026-10-10T00:47:21Z,9383cbbbb905d9ee50a3341f6945eae7,2026-10-10T16:45:00Z,Florida Gators,South Carolina Gamecocks,mybookieag,MyBookie.ag,2026-10-10T00:45:19Z,2026-10-10T00:45:18Z,South Carolina Gamecocks,11.0,-110.0,2026,2026-10-10T00:47:21Z,1655,13.935594481504516,7.661431325899226,8.77416315560529,726826f3d6abb0bb4115e1078acbea91f10dfda4a429c17b5e74b8ed63b3a0b9,timestamped_live_quote,FBS vs FBS
2026-10-10T00:47:21Z,9383cbbbb905d9ee50a3341f6945eae7,2026-10-10T16:45:00Z,Florida Gators,South Carolina Gamecocks,fanduel,FanDuel,2026-10-10T00:46:58Z,2026-10-10T00:46:57Z,Florida Gators,-11.5,-110.0,2026,2026-10-10T00:47:21Z,1655,13.935594481504516,7.661431325899226,8.77416315560529,726826f3d6abb0bb4115e1078acbea91f10dfda4a429c17b5e74b8ed63b3a0b9,timestamped_live_quote,FBS vs FBS
2026-10-10T00:47:21Z,9383cbbbb905d9ee50a3341f6945eae7,2026-10-10T16:45:00Z,Florida Gators,South Carolina Gamecocks,fanduel,FanDuel,2026-10-10T00:46:58Z,2026-10-10T00:46:57Z,South Carolina Gamecocks,11.5,-110.0,2026,2026-10-10T00:47:21Z,1655,13.935594481504516,7.661431325899226,8.77416315560529,726826f3d6abb0bb4115e1078acbea91f10dfda4a429c17b5e74b8ed63b3a0b9,timestamped_live_quote,FBS vs FBS
2026-10-10T00:47:21Z,9383cbbbb905d9ee50a3341f6945eae7,2026-10-10T16:45:00Z,Florida Gators,South Carolina Gamecocks,betmgm,BetMGM,2026-10-10T00:46:38Z,2026-10-10T00:46:38Z,Florida Gators,-11.5,-105.0,2026,2026-10-10T00:47:21Z,1655,13.935594481504516,7.661431325899226,8.77416315560529,726826f3d6abb0bb4115e1078acbea91f10dfda4a429c17b5e74b8ed63b3a0b9,timestamped_live_quote,FBS vs FBS
2026-10-10T00:47:21Z,9383cbbbb905d9ee50a3341f6945eae7,2026-10-10T16:45:00Z,Florida Gators,South Carolina Gamecocks,betmgm,BetMGM,2026-10-10T00:46:38Z,2026-10-10T00:46:38Z,South Carolina Gamecocks,11.5,-115.0,2026,2026-10-10T00:47:21Z,1655,13.935594481504516,7.661431325899226,8.77416315560529,726826f3d6abb0bb4115e1078acbea91f10dfda4a429c17b5e74b8ed63b3a0b9,timestamped_live_quote,FBS vs FBS
2026-10-10T00:47:21Z,9383cbbbb905d9ee50a3341f6945eae7,2026-10-10T16:45:00Z,Florida Gators,South Carolina Gamecocks,lowvig,LowVig.ag,2026-10-10T00:47:09Z,2026-10-10T00:47:09Z,Florida Gators,-11.0,-106.0,2026,2026-10-10T00:47:21Z,1655,13.935594481504516,7.661431325899226,8.77416315560529,726826f3d6abb0bb4115e1078acbea91f10dfda4a429c17b5e74b8ed63b3a0b9,timestamped_live_quote,FBS vs FBS
2026-10-10T00:47:21Z,9383cbbbb905d9ee50a3341f6945eae7,2026-10-10T16:45:00Z,Florida Gators,South Carolina Gamecocks,lowvig,LowVig.ag,2026-10-10T00:47:09Z,2026-10-10T00:47:09Z,South Carolina Gamecocks,11.0,-106.0,2026,2026-10-10T00:47:21Z,1655,13.935594481504516,7.661431325899226,8.77416315560529,726826f3d6abb0bb4115e1078acbea91f10dfda4a429c17b5e74b8ed63b3a0b9,timestamped_live_quote,FBS vs FBS
2026-10-10T00:47:21Z,9383cbbbb905d9ee50a3341f6945eae7,2026-10-10T16:45:00Z,Florida Gators,South Carolina Gamecocks,betonlineag,BetOnline.ag,2026-10-10T00:46:55Z,2026-10-10T00:46:55Z,Florida Gators,-11.0,-110.0,2026,2026-10-10T00:47:21Z,1655,13.935594481504516,7.661431325899226,8.77416315560529,726826f3d6abb0bb4115e1078acbea91f10dfda4a429c17b5e74b8ed63b3a0b9,timestamped_live_quote,FBS vs FBS
2026-10-10T00:47:21Z,9383cbbbb905d9ee50a3341f6945eae7,2026-10-10T16:45:00Z,Florida Gators,South Carolina Gamecocks,betonlineag,BetOnline.ag,2026-10-10T00:46:55Z,2026-10-10T00:46:55Z,South Carolina Gamecocks,11.0,-110.0,2026,2026-10-10T00:47:21Z,1655,13.935594481504516,7.661431325899226,8.77416315560529,726826f3d6abb0bb4115e1078acbea91f10dfda4a429c17b5e74b8ed63b3a0b9,timestamped_live_quote,FBS vs FBS
2026-10-10T00:47:21Z,9383cbbbb905d9ee50a3341f6945eae7,2026-10-10T16:45:00Z,Florida Gators,South Carolina Gamecocks,bovada,Bovada,2026-10-10T00:46:12Z,2026-10-10T00:46:12Z,Florida Gators,-10.5,-115.0,2026,2026-10-10T00:47:21Z,1655,13.935594481504516,7.661431325899226,8.77416315560529,726826f3d6abb0bb4115e1078acbea91f10dfda4a429c17b5e74b8ed63b3a0b9,timestamped_live_quote,FBS vs FBS
2026-10-10T00:47:21Z,9383cbbbb905d9ee50a3341f6945eae7,2026-10-10T16:45:00Z,Florida Gators,South Carolina Gamecocks,bovada,Bovada,2026-10-10T00:46:12Z,2026-10-10T00:46:12Z,South Carolina Gamecocks,10.5,-105.0,2026,2026-10-10T00:47:21Z,1655,13.935594481504516,7.661431325899226,8.77416315560529,726826f3d6abb0bb4115e1078acbea91f10dfda4a429c17b5e74b8ed63b3a0b9,timestamped_live_quote,FBS vs FBS
2026-10-10T00:47:21Z,9383cbbbb905d9ee50a3341f6945eae7,2026-10-10T16:45:00Z,Florida Gators,South Carolina Gamecocks,betus,BetUS,2026-10-10T00:46:22Z,2026-10-10T00:46:21Z,Florida Gators,-11.0,-110.0,2026,2026-10-10T00:47:21Z,1655,13.935594481504516,7.661431325899226,8.77416315560529,726826f3d6abb0bb4115e1078acbea91f10dfda4a429c17b5e74b8ed63b3a0b9,timestamped_live_quote,FBS vs FBS
2026-10-10T00:47:21Z,9383cbbbb905d9ee50a3341f6945eae7,2026-10-10T16:45:00Z,Florida Gators,South Carolina Gamecocks,betus,BetUS,2026-10-10T00:46:22Z,2026-10-10T00:46:21Z,South Carolina Gamecocks,11.0,-110.0,2026,2026-10-10T00:47:21Z,1655,13.935594481504516,7.661431325899226,8.77416315560529,726826f3d6abb0bb4115e1078acbea91f10dfda4a429c17b5e74b8ed63b3a0b9,timestamped_live_quote,FBS vs FBS
2026-10-10T00:47:21Z,310dd8851a99203930a45881b0156d36,2026-10-10T17:00:00Z,Appalachian State Mountaineers,Old Dominion Monarchs,draftkings,DraftKings,2026-10-10T00:46:55Z,2026-10-10T00:46:54Z,Appalachian State Mountaineers,-10.0,-108.0,2026,2026-10-10T00:47:21Z,1655,4.676001837240912,-3.013043609383965,10.189045446624878,726826f3d6abb0bb4115e1078acbea91f10dfda4a429c17b5e74b8ed63b3a0b9,timestamped_live_quote,FBS vs FBS
2026-10-10T00:47:21Z,310dd8851a99203930a45881b0156d36,2026-10-10T17:00:00Z,Appalachian State Mountaineers,Old Dominion Monarchs,draftkings,DraftKings,2026-10-10T00:46:55Z,2026-10-10T00:46:54Z,Old Dominion Monarchs,10.0,-112.0,2026,2026-10-10T00:47:21Z,1655,4.676001837240912,-3.013043609383965,10.189045446624878,726826f3d6abb0bb4115e1078acbea91f10dfda4a429c17b5e74b8ed63b3a0b9,timestamped_live_quote,FBS vs FBS
2026-10-10T00:47:21Z,310dd8851a99203930a45881b0156d36,2026-10-10T17:00:00Z,Appalachian State Mountaineers,Old Dominion Monarchs,fanduel,FanDuel,2026-10-10T00:46:58Z,2026-10-10T00:46:57Z,Appalachian State Mountaineers,-9.5,-115.0,2026,2026-10-10T00:47:21Z,1655,4.676001837240912,-3.013043609383965,10.189045446624878,726826f3d6abb0bb4115e1078acbea91f10dfda4a429c17b5e74b8ed63b3a0b9,timestamped_live_quote,FBS vs FBS
2026-10-10T00:47:21Z,310dd8851a99203930a45881b0156d36,2026-10-10T17:00:00Z,Appalachian State Mountaineers,Old Dominion Monarchs,fanduel,FanDuel,2026-10-10T00:46:58Z,2026-10-10T00:46:57Z,Old Dominion Monarchs,9.5,-105.0,2026,2026-10-10T00:47:21Z,1655,4.676001837240912,-3.013043609383965,10.189045446624878,726826f3d6abb0bb4115e1078acbea91f10dfda4a429c17b5e74b8ed63b3a0b9,timestamped_live_quote,FBS vs FBS
2026-10-10T00:47:21Z,310dd8851a99203930a45881b0156d36,2026-10-10T17:00:00Z,Appalachian State Mountaineers,Old Dominion Monarchs,lowvig,LowVig.ag,2026-10-10T00:47:09Z,2026-10-10T00:47:09Z,Appalachian State Mountaineers,-9.5,-111.0,2026,2026-10-10T00:47:21Z,1655,4.676001837240912,-3.013043609383965,10.189045446624878,726826f3d6abb0bb4115e1078acbea91f10dfda4a429c17b5e74b8ed63b3a0b9,timestamped_live_quote,FBS vs FBS
2026-10-10T00:47:21Z,310dd8851a99203930a45881b0156d36,2026-10-10T17:00:00Z,Appalachian State Mountaineers,Old Dominion Monarchs,lowvig,LowVig.ag,2026-10-10T00:47:09Z,2026-10-10T00:47:09Z,Old Dominion Monarchs,9.5,-101.0,2026,2026-10-10T00:47:21Z,1655,4.676001837240912,-3.013043609383965,10.189045446624878,726826f3d6abb0bb4115e1078acbea91f10dfda4a429c17b5e74b8ed63b3a0b9,timestamped_live_quote,FBS vs FBS
2026-10-10T00:47:21Z,310dd8851a99203930a45881b0156d36,2026-10-10T17:00:00Z,Appalachian State Mountaineers,Old Dominion Monarchs,betonlineag,BetOnline.ag,2026-10-10T00:46:55Z,2026-10-10T00:46:55Z,Appalachian State Mountaineers,-9.5,-115.0,2026,2026-10-10T00:47:21Z,1655,4.676001837240912,-3.013043609383965,10.189045446624878,726826f3d6abb0bb4115e1078acbea91f10dfda4a429c17b5e74b8ed63b3a0b9,timestamped_live_quote,FBS vs FBS
2026-10-10T00:47:21Z,310dd8851a99203930a45881b0156d36,2026-10-10T17:00:00Z,Appalachian State Mountaineers,Old Dominion Monarchs,betonlineag,BetOnline.ag,2026-10-10T00:46:55Z,2026-10-10T00:46:55Z,Old Dominion Monarchs,9.5,-105.0,2026,2026-10-10T00:47:21Z,1655,4.676001837240912,-3.013043609383965,10.189045446624878,726826f3d6abb0bb4115e1078acbea91f10dfda4a429c17b5e74b8ed63b3a0b9,timestamped_live_quote,FBS vs FBS
2026-10-10T00:47:21Z,310dd8851a99203930a45881b0156d36,2026-10-10T17:00:00Z,Appalachian State Mountaineers,Old Dominion Monarchs,betrivers,BetRivers,2026-10-10T00:47:00Z,2026-10-10T00:46:59Z,Appalachian State Mountaineers,-9.5,-113.0,2026,2026-10-10T00:47:21Z,1655,4.676001837240912,-3.013043609383965,10.189045446624878,726826f3d6abb0bb4115e1078acbea91f10dfda4a429c17b5e74b8ed63b3a0b9,timestamped_live_quote,FBS vs FBS
2026-10-10T00:47:21Z,310dd8851a99203930a45881b0156d36,2026-10-10T17:00:00Z,Appalachian State Mountaineers,Old Dominion Monarchs,betrivers,BetRivers,2026-10-10T00:47:00Z,2026-10-10T00:46:59Z,Old Dominion Monarchs,9.5,-110.0,2026,2026-10-10T00:47:21Z,1655,4.676001837240912,-3.013043609383965,10.189045446624878,726826f3d6abb0bb4115e1078acbea91f10dfda4a429c17b5e74b8ed63b3a0b9,timestamped_live_quote,FBS vs FBS
2026-10-10T00:47:21Z,310dd8851a99203930a45881b0156d36,2026-10-10T17:00:00Z,Appalachian State Mountaineers,Old Dominion Monarchs,betmgm,BetMGM,2026-10-10T00:46:38Z,2026-10-10T00:46:38Z,Appalachian State Mountaineers,-9.5,-115.0,2026,2026-10-10T00:47:21Z,1655,4.676001837240912,-3.013043609383965,10.189045446624878,726826f3d6abb0bb4115e1078acbea91f10dfda4a429c17b5e74b8ed63b3a0b9,timestamped_live_quote,FBS vs FBS
2026-10-10T00:47:21Z,310dd8851a99203930a45881b0156d36,2026-10-10T17:00:00Z,Appalachian State Mountaineers,Old Dominion Monarchs,betmgm,BetMGM,2026-10-10T00:46:38Z,2026-10-10T00:46:38Z,Old Dominion Monarchs,9.5,-105.0,2026,2026-10-10T00:47:21Z,1655,4.676001837240912,-3.013043609383965,10.189045446624878,726826f3d6abb0bb4115e1078acbea91f10dfda4a429c17b5e74b8ed63b3a0b9,timestamped_live_quote,FBS vs FBS
2026-10-10T00:47:21Z,310dd8851a99203930a45881b0156d36,2026-10-10T17:00:00Z,Appalachian State Mountaineers,Old Dominion Monarchs,mybookieag,MyBookie.ag,2026-10-10T00:45:19Z,2026-10-10T00:45:19Z,Appalachian State Mountaineers,-10.0,-110.0,2026,2026-10-10T00:47:21Z,1655,4.676001837240912,-3.013043609383965,10.189045446624878,726826f3d6abb0bb4115e1078acbea91f10dfda4a429c17b5e74b8ed63b3a0b9,timestamped_live_quote,FBS vs FBS
2026-10-10T00:47:21Z,310dd8851a99203930a45881b0156d36,2026-10-10T17:00:00Z,Appalachian State Mountaineers,Old Dominion Monarchs,mybookieag,MyBookie.ag,2026-10-10T00:45:19Z,2026-10-10T00:45:19Z,Old Dominion Monarchs,10.0,-110.0,2026,2026-10-10T00:47:21Z,1655,4.676001837240912,-3.013043609383965,10.189045446624878,726826f3d6abb0bb4115e1078acbea91f10dfda4a429c17b5e74b8ed63b3a0b9,timestamped_live_quote,FBS vs FBS
2026-10-10T00:47:21Z,310dd8851a99203930a45881b0156d36,2026-10-10T17:00:00Z,Appalachian State Mountaineers,Old Dominion Monarchs,bovada,Bovada,2026-10-10T00:46:12Z,2026-10-10T00:46:12Z,Appalachian State Mountaineers,-10.0,-105.0,2026,2026-10-10T00:47:21Z,1655,4.676001837240912,-3.013043609383965,10.189045446624878,726826f3d6abb0bb4115e1078acbea91f10dfda4a429c17b5e74b8ed63b3a0b9,timestamped_live_quote,FBS vs FBS
2026-10-10T00:47:21Z,310dd8851a99203930a45881b0156d36,2026-10-10T17:00:00Z,Appalachian State Mountaineers,Old Dominion Monarchs,bovada,Bovada,2026-10-10T00:46:12Z,2026-10-10T00:46:12Z,Old Dominion Monarchs,10.0,-115.0,2026,2026-10-10T00:47:21Z,1655,4.676001837240912,-3.013043609383965,10.189045446624878,726826f3d6abb0bb4115e1078acbea91f10dfda4a429c17b5e74b8ed63b3a0b9,timestamped_live_quote,FBS vs FBS
2026-10-10T00:47:21Z,310dd8851a99203930a45881b0156d36,2026-10-10T17:00:00Z,Appalachian State Mountaineers,Old Dominion Monarchs,betus,BetUS,2026-10-10T00:46:22Z,2026-10-10T00:46:21Z,Appalachian State Mountaineers,-10.0,-110.0,2026,2026-10-10T00:47:21Z,1655,4.676001837240912,-3.013043609383965,10.189045446624878,726826f3d6abb0bb4115e1078acbea91f10dfda4a429c17b5e74b8ed63b3a0b9,timestamped_live_quote,FBS vs FBS
2026-10-10T00:47:21Z,310dd8851a99203930a45881b0156d36,2026-10-10T17:00:00Z,Appalachian State Mountaineers,Old Dominion Monarchs,betus,BetUS,2026-10-10T00:46:22Z,2026-10-10T00:46:21Z,Old Dominion Monarchs,10.0,-110.0,2026,2026-10-10T00:47:21Z,1655,4.676001837240912,-3.013043609383965,10.189045446624878,726826f3d6abb0bb4115e1078acbea91f10dfda4a429c17b5e74b8ed63b3a0b9,timestamped_live_quote,FBS vs FBS
2026-10-10T00:47:21Z,f513c11a62ce92d74d70cf446e92e197,2026-10-10T17:00:00Z,East Carolina Pirates,Rice Owls,draftkings,DraftKings,2026-10-10T00:46:55Z,2026-10-10T00:46:54Z,East Carolina Pirates,-10.0,-112.0,2026,2026-10-10T00:47:21Z,1655,1.1377487931230603,-1.6514991436770277,5.289247936800088,726826f3d6abb0bb4115e1078acbea91f10dfda4a429c17b5e74b8ed63b3a0b9,timestamped_live_quote,FBS vs FBS
2026-10-10T00:47:21Z,f513c11a62ce92d74d70cf446e92e197,2026-10-10T17:00:00Z,East Carolina Pirates,Rice Owls,draftkings,DraftKings,2026-10-10T00:46:55Z,2026-10-10T00:46:54Z,Rice Owls,10.0,-108.0,2026,2026-10-10T00:47:21Z,1655,1.1377487931230603,-1.6514991436770277,5.289247936800088,726826f3d6abb0bb4115e1078acbea91f10dfda4a429c17b5e74b8ed63b3a0b9,timestamped_live_quote,FBS vs FBS
2026-10-10T00:47:21Z,f513c11a62ce92d74d70cf446e92e197,2026-10-10T17:00:00Z,East Carolina Pirates,Rice Owls,lowvig,LowVig.ag,2026-10-10T00:47:09Z,2026-10-10T00:47:09Z,East Carolina Pirates,-10.0,-106.0,2026,2026-10-10T00:47:21Z,1655,1.1377487931230603,-1.6514991436770277,5.289247936800088,726826f3d6abb0bb4115e1078acbea91f10dfda4a429c17b5e74b8ed63b3a0b9,timestamped_live_quote,FBS vs FBS
2026-10-10T00:47:21Z,f513c11a62ce92d74d70cf446e92e197,2026-10-10T17:00:00Z,East Carolina Pirates,Rice Owls,lowvig,LowVig.ag,2026-10-10T00:47:09Z,2026-10-10T00:47:09Z,Rice Owls,10.0,-106.0,2026,2026-10-10T00:47:21Z,1655,1.1377487931230603,-1.6514991436770277,5.289247936800088,726826f3d6abb0bb4115e1078acbea91f10dfda4a429c17b5e74b8ed63b3a0b9,timestamped_live_quote,FBS vs FBS
2026-10-10T00:47:21Z,f513c11a62ce92d74d70cf446e92e197,2026-10-10T17:00:00Z,East Carolina Pirates,Rice Owls,betonlineag,BetOnline.ag,2026-10-10T00:46:55Z,2026-10-10T00:46:55Z,East Carolina Pirates,-10.0,-110.0,2026,2026-10-10T00:47:21Z,1655,1.1377487931230603,-1.6514991436770277,5.289247936800088,726826f3d6abb0bb4115e1078acbea91f10dfda4a429c17b5e74b8ed63b3a0b9,timestamped_live_quote,FBS vs FBS
2026-10-10T00:47:21Z,f513c11a62ce92d74d70cf446e92e197,2026-10-10T17:00:00Z,East Carolina Pirates,Rice Owls,betonlineag,BetOnline.ag,2026-10-10T00:46:55Z,2026-10-10T00:46:55Z,Rice Owls,10.0,-110.0,2026,2026-10-10T00:47:21Z,1655,1.1377487931230603,-1.6514991436770277,5.289247936800088,726826f3d6abb0bb4115e1078acbea91f10dfda4a429c17b5e74b8ed63b3a0b9,timestamped_live_quote,FBS vs FBS
2026-10-10T00:47:21Z,f513c11a62ce92d74d70cf446e92e197,2026-10-10T17:00:00Z,East Carolina Pirates,Rice Owls,fanduel,FanDuel,2026-10-10T00:46:58Z,2026-10-10T00:46:57Z,East Carolina Pirates,-9.5,-110.0,2026,2026-10-10T00:47:21Z,1655,1.1377487931230603,-1.6514991436770277,5.289247936800088,726826f3d6abb0bb4115e1078acbea91f10dfda4a429c17b5e74b8ed63b3a0b9,timestamped_live_quote,FBS vs FBS
2026-10-10T00:47:21Z,f513c11a62ce92d74d70cf446e92e197,2026-10-10T17:00:00Z,East Carolina Pirates,Rice Owls,fanduel,FanDuel,2026-10-10T00:46:58Z,2026-10-10T00:46:57Z,Rice Owls,9.5,-110.0,2026,2026-10-10T00:47:21Z,1655,1.1377487931230603,-1.6514991436770277,5.289247936800088,726826f3d6abb0bb4115e1078acbea91f10dfda4a429c17b5e74b8ed63b3a0b9,timestamped_live_quote,FBS vs FBS
2026-10-10T00:47:21Z,f513c11a62ce92d74d70cf446e92e197,2026-10-10T17:00:00Z,East Carolina Pirates,Rice Owls,betmgm,BetMGM,2026-10-10T00:46:38Z,2026-10-10T00:46:38Z,East Carolina Pirates,-10.0,-110.0,2026,2026-10-10T00:47:21Z,1655,1.1377487931230603,-1.6514991436770277,5.289247936800088,726826f3d6abb0bb4115e1078acbea91f10dfda4a429c17b5e74b8ed63b3a0b9,timestamped_live_quote,FBS vs FBS
2026-10-10T00:47:21Z,f513c11a62ce92d74d70cf446e92e197,2026-10-10T17:00:00Z,East Carolina Pirates,Rice Owls,betmgm,BetMGM,2026-10-10T00:46:38Z,2026-10-10T00:46:38Z,Rice Owls,10.0,-110.0,2026,2026-10-10T00:47:21Z,1655,1.1377487931230603,-1.6514991436770277,5.289247936800088,726826f3d6abb0bb4115e1078acbea91f10dfda4a429c17b5e74b8ed63b3a0b9,timestamped_live_quote,FBS vs FBS
2026-10-10T00:47:21Z,f513c11a62ce92d74d70cf446e92e197,2026-10-10T17:00:00Z,East Carolina Pirates,Rice Owls,mybookieag,MyBookie.ag,2026-10-10T00:45:19Z,2026-10-10T00:45:19Z,East Carolina Pirates,-10.0,-110.0,2026,2026-10-10T00:47:21Z,1655,1.1377487931230603,-1.6514991436770277,5.289247936800088,726826f3d6abb0bb4115e1078acbea91f10dfda4a429c17b5e74b8ed63b3a0b9,timestamped_live_quote,FBS vs FBS
2026-10-10T00:47:21Z,f513c11a62ce92d74d70cf446e92e197,2026-10-10T17:00:00Z,East Carolina Pirates,Rice Owls,mybookieag,MyBookie.ag,2026-10-10T00:45:19Z,2026-10-10T00:45:19Z,Rice Owls,10.0,-110.0,2026,2026-10-10T00:47:21Z,1655,1.1377487931230603,-1.6514991436770277,5.289247936800088,726826f3d6abb0bb4115e1078acbea91f10dfda4a429c17b5e74b8ed63b3a0b9,timestamped_live_quote,FBS vs FBS
2026-10-10T00:47:21Z,f513c11a62ce92d74d70cf446e92e197,2026-10-10T17:00:00Z,East Carolina Pirates,Rice Owls,bovada,Bovada,2026-10-10T00:46:12Z,2026-10-10T00:46:12Z,East Carolina Pirates,-10.5,-105.0,2026,2026-10-10T00:47:21Z,1655,1.1377487931230603,-1.6514991436770277,5.289247936800088,726826f3d6abb0bb4115e1078acbea91f10dfda4a429c17b5e74b8ed63b3a0b9,timestamped_live_quote,FBS vs FBS
2026-10-10T00:47:21Z,f513c11a62ce92d74d70cf446e92e197,2026-10-10T17:00:00Z,East Carolina Pirates,Rice Owls,bovada,Bovada,2026-10-10T00:46:12Z,2026-10-10T00:46:12Z,Rice Owls,10.5,-115.0,2026,2026-10-10T00:47:21Z,1655,1.1377487931230603,-1.6514991436770277,5.289247936800088,726826f3d6abb0bb4115e1078acbea91f10dfda4a429c17b5e74b8ed63b3a0b9,timestamped_live_quote,FBS vs FBS
2026-10-10T00:47:21Z,f513c11a62ce92d74d70cf446e92e197,2026-10-10T17:00:00Z,East Carolina Pirates,Rice Owls,betus,BetUS,2026-10-10T00:46:22Z,2026-10-10T00:46:21Z,East Carolina Pirates,-10.0,-110.0,2026,2026-10-10T00:47:21Z,1655,1.1377487931230603,-1.6514991436770277,5.289247936800088,726826f3d6abb0bb4115e1078acbea91f10dfda4a429c17b5e74b8ed63b3a0b9,timestamped_live_quote,FBS vs FBS
2026-10-10T00:47:21Z,f513c11a62ce92d74d70cf446e92e197,2026-10-10T17:00:00Z,East Carolina Pirates,Rice Owls,betus,BetUS,2026-10-10T00:46:22Z,2026-10-10T00:46:21Z,Rice Owls,10.0,-110.0,2026,2026-10-10T00:47:21Z,1655,1.1377487931230603,-1.6514991436770277,5.289247936800088,726826f3d6abb0bb4115e1078acbea91f10dfda4a429c17b5e74b8ed63b3a0b9,timestamped_live_quote,FBS vs FBS
2026-10-10T00:47:21Z,f513c11a62ce92d74d70cf446e92e197,2026-10-10T17:00:00Z,East Carolina Pirates,Rice Owls,betrivers,BetRivers,2026-10-10T00:47:00Z,2026-10-10T00:46:59Z,East Carolina Pirates,-10.5,-112.0,2026,2026-10-10T00:47:21Z,1655,1.1377487931230603,-1.6514991436770277,5.289247936800088,726826f3d6abb0bb4115e1078acbea91f10dfda4a429c17b5e74b8ed63b3a0b9,timestamped_live_quote,FBS vs FBS
2026-10-10T00:47:21Z,f513c11a62ce92d74d70cf446e92e197,2026-10-10T17:00:00Z,East Carolina Pirates,Rice Owls,betrivers,BetRivers,2026-10-10T00:47:00Z,2026-10-10T00:46:59Z,Rice Owls,10.5,-112.0,2026,2026-10-10T00:47:21Z,1655,1.1377487931230603,-1.6514991436770277,5.289247936800088,726826f3d6abb0bb4115e1078acbea91f10dfda4a429c17b5e74b8ed63b3a0b9,timestamped_live_quote,FBS vs FBS
2026-10-10T00:47:21Z,43dda5e509a9619bee41f752a2c25fa7,2026-10-10T18:00:00Z,UMass Minutemen,Miami (OH) RedHawks,draftkings,DraftKings,2026-10-10T00:46:55Z,2026-10-10T00:46:54Z,Miami (OH) RedHawks,-4.5,-112.0,2026,2026-10-10T00:47:21Z,1655,5.679454371997077,-0.12395166773386233,8.30340603973094,726826f3d6abb0bb4115e1078acbea91f10dfda4a429c17b5e74b8ed63b3a0b9,timestamped_live_quote,FBS vs FBS
2026-10-10T00:47:21Z,43dda5e509a9619bee41f752a2c25fa7,2026-10-10T18:00:00Z,UMass Minutemen,Miami (OH) RedHawks,draftkings,DraftKings,2026-10-10T00:46:55Z,2026-10-10T00:46:54Z,UMass Minutemen,4.5,-108.0,2026,2026-10-10T00:47:21Z,1655,5.679454371997077,-0.12395166773386233,8.30340603973094,726826f3d6abb0bb4115e1078acbea91f10dfda4a429c17b5e74b8ed63b3a0b9,timestamped_live_quote,FBS vs FBS
2026-10-10T00:47:21Z,43dda5e509a9619bee41f752a2c25fa7,2026-10-10T18:00:00Z,UMass Minutemen,Miami (OH) RedHawks,lowvig,LowVig.ag,2026-10-10T00:47:09Z,2026-10-10T00:47:09Z,Miami (OH) RedHawks,-4.0,-106.0,2026,2026-10-10T00:47:21Z,1655,5.679454371997077,-0.12395166773386233,8.30340603973094,726826f3d6abb0bb4115e1078acbea91f10dfda4a429c17b5e74b8ed63b3a0b9,timestamped_live_quote,FBS vs FBS
2026-10-10T00:47:21Z,43dda5e509a9619bee41f752a2c25fa7,2026-10-10T18:00:00Z,UMass Minutemen,Miami (OH) RedHawks,lowvig,LowVig.ag,2026-10-10T00:47:09Z,2026-10-10T00:47:09Z,UMass Minutemen,4.0,-106.0,2026,2026-10-10T00:47:21Z,1655,5.679454371997077,-0.12395166773386233,8.30340603973094,726826f3d6abb0bb4115e1078acbea91f10dfda4a429c17b5e74b8ed63b3a0b9,timestamped_live_quote,FBS vs FBS
2026-10-10T00:47:21Z,43dda5e509a9619bee41f752a2c25fa7,2026-10-10T18:00:00Z,UMass Minutemen,Miami (OH) RedHawks,betonlineag,BetOnline.ag,2026-10-10T00:46:55Z,2026-10-10T00:46:55Z,Miami (OH) RedHawks,-4.0,-110.0,2026,2026-10-10T00:47:21Z,1655,5.679454371997077,-0.12395166773386233,8.30340603973094,726826f3d6abb0bb4115e1078acbea91f10dfda4a429c17b5e74b8ed63b3a0b9,timestamped_live_quote,FBS vs FBS
2026-10-10T00:47:21Z,43dda5e509a9619bee41f752a2c25fa7,2026-10-10T18:00:00Z,UMass Minutemen,Miami (OH) RedHawks,betonlineag,BetOnline.ag,2026-10-10T00:46:55Z,2026-10-10T00:46:55Z,UMass Minutemen,4.0,-110.0,2026,2026-10-10T00:47:21Z,1655,5.679454371997077,-0.12395166773386233,8.30340603973094,726826f3d6abb0bb4115e1078acbea91f10dfda4a429c17b5e74b8ed63b3a0b9,timestamped_live_quote,FBS vs FBS
2026-10-10T00:47:21Z,43dda5e509a9619bee41f752a2c25fa7,2026-10-10T18:00:00Z,UMass Minutemen,Miami (OH) RedHawks,fanduel,FanDuel,2026-10-10T00:46:58Z,2026-10-10T00:46:57Z,Miami (OH) RedHawks,-4.5,-110.0,2026,2026-10-10T00:47:21Z,1655,5.679454371997077,-0.12395166773386233,8.30340603973094,726826f3d6abb0bb4115e1078acbea91f10dfda4a429c17b5e74b8ed63b3a0b9,timestamped_live_quote,FBS vs FBS
2026-10-10T00:47:21Z,43dda5e509a9619bee41f752a2c25fa7,2026-10-10T18:00:00Z,UMass Minutemen,Miami (OH) RedHawks,fanduel,FanDuel,2026-10-10T00:46:58Z,2026-10-10T00:46:57Z,UMass Minutemen,4.5,-110.0,2026,2026-10-10T00:47:21Z,1655,5.679454371997077,-0.12395166773386233,8.30340603973094,726826f3d6abb0bb4115e1078acbea91f10dfda4a429c17b5e74b8ed63b3a0b9,timestamped_live_quote,FBS vs FBS
2026-10-10T00:47:21Z,43dda5e509a9619bee41f752a2c25fa7,2026-10-10T18:00:00Z,UMass Minutemen,Miami (OH) RedHawks,bovada,Bovada,2026-10-10T00:46:12Z,2026-10-10T00:46:12Z,Miami (OH) RedHawks,-4.5,-110.0,2026,2026-10-10T00:47:21Z,1655,5.679454371997077,-0.12395166773386233,8.30340603973094,726826f3d6abb0bb4115e1078acbea91f10dfda4a429c17b5e74b8ed63b3a0b9,timestamped_live_quote,FBS vs FBS
2026-10-10T00:47:21Z,43dda5e509a9619bee41f752a2c25fa7,2026-10-10T18:00:00Z,UMass Minutemen,Miami (OH) RedHawks,bovada,Bovada,2026-10-10T00:46:12Z,2026-10-10T00:46:12Z,UMass Minutemen,4.5,-110.0,2026,2026-10-10T00:47:21Z,1655,5.679454371997077,-0.12395166773386233,8.30340603973094,726826f3d6abb0bb4115e1078acbea91f10dfda4a429c17b5e74b8ed63b3a0b9,timestamped_live_quote,FBS vs FBS
2026-10-10T00:47:21Z,43dda5e509a9619bee41f752a2c25fa7,2026-10-10T18:00:00Z,UMass Minutemen,Miami (OH) RedHawks,betus,BetUS,2026-10-10T00:46:22Z,2026-10-10T00:46:21Z,Miami (OH) RedHawks,-4.5,-110.0,2026,2026-10-10T00:47:21Z,1655,5.679454371997077,-0.12395166773386233,8.30340603973094,726826f3d6abb0bb4115e1078acbea91f10dfda4a429c17b5e74b8ed63b3a0b9,timestamped_live_quote,FBS vs FBS
2026-10-10T00:47:21Z,43dda5e509a9619bee41f752a2c25fa7,2026-10-10T18:00:00Z,UMass Minutemen,Miami (OH) RedHawks,betus,BetUS,2026-10-10T00:46:22Z,2026-10-10T00:46:21Z,UMass Minutemen,4.5,-110.0,2026,2026-10-10T00:47:21Z,1655,5.679454371997077,-0.12395166773386233,8.30340603973094,726826f3d6abb0bb4115e1078acbea91f10dfda4a429c17b5e74b8ed63b3a0b9,timestamped_live_quote,FBS vs FBS
2026-10-10T00:47:21Z,43dda5e509a9619bee41f752a2c25fa7,2026-10-10T18:00:00Z,UMass Minutemen,Miami (OH) RedHawks,betrivers,BetRivers,2026-10-10T00:47:00Z,2026-10-10T00:46:59Z,Miami (OH) RedHawks,-5.0,-112.0,2026,2026-10-10T00:47:21Z,1655,5.679454371997077,-0.12395166773386233,8.30340603973094,726826f3d6abb0bb4115e1078acbea91f10dfda4a429c17b5e74b8ed63b3a0b9,timestamped_live_quote,FBS vs FBS
2026-10-10T00:47:21Z,43dda5e509a9619bee41f752a2c25fa7,2026-10-10T18:00:00Z,UMass Minutemen,Miami (OH) RedHawks,betrivers,BetRivers,2026-10-10T00:47:00Z,2026-10-10T00:46:59Z,UMass Minutemen,5.0,-112.0,2026,2026-10-10T00:47:21Z,1655,5.679454371997077,-0.12395166773386233,8.30340603973094,726826f3d6abb0bb4115e1078acbea91f10dfda4a429c17b5e74b8ed63b3a0b9,timestamped_live_quote,FBS vs FBS
2026-10-10T00:47:21Z,d5c5d566d388f445ead9c2dc63caaed1,2026-10-10T19:30:00Z,Akron Zips,Eastern Michigan Eagles,draftkings,DraftKings,2026-10-10T00:46:55Z,2026-10-10T00:46:54Z,Akron Zips,5.5,-110.0,2026,2026-10-10T00:47:21Z,1655,-6.2274492338054115,-0.9933305012790081,-2.7341187325264036,726826f3d6abb0bb4115e1078acbea91f10dfda4a429c17b5e74b8ed63b3a0b9,timestamped_live_quote,FBS vs FBS
2026-10-10T00:47:21Z,d5c5d566d388f445ead9c2dc63caaed1,2026-10-10T19:30:00Z,Akron Zips,Eastern Michigan Eagles,draftkings,DraftKings,2026-10-10T00:46:55Z,2026-10-10T00:46:54Z,Eastern Michigan Eagles,-5.5,-110.0,2026,2026-10-10T00:47:21Z,1655,-6.2274492338054115,-0.9933305012790081,-2.7341187325264036,726826f3d6abb0bb4115e1078acbea91f10dfda4a429c17b5e74b8ed63b3a0b9,timestamped_live_quote,FBS vs FBS
2026-10-10T00:47:21Z,d5c5d566d388f445ead9c2dc63caaed1,2026-10-10T19:30:00Z,Akron Zips,Eastern Michigan Eagles,fanduel,FanDuel,2026-10-10T00:46:58Z,2026-10-10T00:46:57Z,Akron Zips,5.5,-110.0,2026,2026-10-10T00:47:21Z,1655,-6.2274492338054115,-0.9933305012790081,-2.7341187325264036,726826f3d6abb0bb4115e1078acbea91f10dfda4a429c17b5e74b8ed63b3a0b9,timestamped_live_quote,FBS vs FBS
2026-10-10T00:47:21Z,d5c5d566d388f445ead9c2dc63caaed1,2026-10-10T19:30:00Z,Akron Zips,Eastern Michigan Eagles,fanduel,FanDuel,2026-10-10T00:46:58Z,2026-10-10T00:46:57Z,Eastern Michigan Eagles,-5.5,-110.0,2026,2026-10-10T00:47:21Z,1655,-6.2274492338054115,-0.9933305012790081,-2.7341187325264036,726826f3d6abb0bb4115e1078acbea91f10dfda4a429c17b5e74b8ed63b3a0b9,timestamped_live_quote,FBS vs FBS
2026-10-10T00:47:21Z,d5c5d566d388f445ead9c2dc63caaed1,2026-10-10T19:30:00Z,Akron Zips,Eastern Michigan Eagles,lowvig,LowVig.ag,2026-10-10T00:47:09Z,2026-10-10T00:47:09Z,Akron Zips,5.0,-106.0,2026,2026-10-10T00:47:21Z,1655,-6.2274492338054115,-0.9933305012790081,-2.7341187325264036,726826f3d6abb0bb4115e1078acbea91f10dfda4a429c17b5e74b8ed63b3a0b9,timestamped_live_quote,FBS vs FBS
2026-10-10T00:47:21Z,d5c5d566d388f445ead9c2dc63caaed1,2026-10-10T19:30:00Z,Akron Zips,Eastern Michigan Eagles,lowvig,LowVig.ag,2026-10-10T00:47:09Z,2026-10-10T00:47:09Z,Eastern Michigan Eagles,-5.0,-106.0,2026,2026-10-10T00:47:21Z,1655,-6.2274492338054115,-0.9933305012790081,-2.7341187325264036,726826f3d6abb0bb4115e1078acbea91f10dfda4a429c17b5e74b8ed63b3a0b9,timestamped_live_quote,FBS vs FBS
2026-10-10T00:47:21Z,d5c5d566d388f445ead9c2dc63caaed1,2026-10-10T19:30:00Z,Akron Zips,Eastern Michigan Eagles,betonlineag,BetOnline.ag,2026-10-10T00:46:55Z,2026-10-10T00:46:55Z,Akron Zips,5.0,-110.0,2026,2026-10-10T00:47:21Z,1655,-6.2274492338054115,-0.9933305012790081,-2.7341187325264036,726826f3d6abb0bb4115e1078acbea91f10dfda4a429c17b5e74b8ed63b3a0b9,timestamped_live_quote,FBS vs FBS
2026-10-10T00:47:21Z,d5c5d566d388f445ead9c2dc63caaed1,2026-10-10T19:30:00Z,Akron Zips,Eastern Michigan Eagles,betonlineag,BetOnline.ag,2026-10-10T00:46:55Z,2026-10-10T00:46:55Z,Eastern Michigan Eagles,-5.0,-110.0,2026,2026-10-10T00:47:21Z,1655,-6.2274492338054115,-0.9933305012790081,-2.7341187325264036,726826f3d6abb0bb4115e1078acbea91f10dfda4a429c17b5e74b8ed63b3a0b9,timestamped_live_quote,FBS vs FBS
2026-10-10T00:47:21Z,d5c5d566d388f445ead9c2dc63caaed1,2026-10-10T19:30:00Z,Akron Zips,Eastern Michigan Eagles,betrivers,BetRivers,2026-10-10T00:47:00Z,2026-10-10T00:46:59Z,Akron Zips,6.0,-114.0,2026,2026-10-10T00:47:21Z,1655,-6.2274492338054115,-0.9933305012790081,-2.7341187325264036,726826f3d6abb0bb4115e1078acbea91f10dfda4a429c17b5e74b8ed63b3a0b9,timestamped_live_quote,FBS vs FBS
2026-10-10T00:47:21Z,d5c5d566d388f445ead9c2dc63caaed1,2026-10-10T19:30:00Z,Akron Zips,Eastern Michigan Eagles,betrivers,BetRivers,2026-10-10T00:47:00Z,2026-10-10T00:46:59Z,Eastern Michigan Eagles,-6.0,-109.0,2026,2026-10-10T00:47:21Z,1655,-6.2274492338054115,-0.9933305012790081,-2.7341187325264036,726826f3d6abb0bb4115e1078acbea91f10dfda4a429c17b5e74b8ed63b3a0b9,timestamped_live_quote,FBS vs FBS
2026-10-10T00:47:21Z,d5c5d566d388f445ead9c2dc63caaed1,2026-10-10T19:30:00Z,Akron Zips,Eastern Michigan Eagles,betmgm,BetMGM,2026-10-10T00:46:38Z,2026-10-10T00:46:38Z,Akron Zips,5.5,-110.0,2026,2026-10-10T00:47:21Z,1655,-6.2274492338054115,-0.9933305012790081,-2.7341187325264036,726826f3d6abb0bb4115e1078acbea91f10dfda4a429c17b5e74b8ed63b3a0b9,timestamped_live_quote,FBS vs FBS
2026-10-10T00:47:21Z,d5c5d566d388f445ead9c2dc63caaed1,2026-10-10T19:30:00Z,Akron Zips,Eastern Michigan Eagles,betmgm,BetMGM,2026-10-10T00:46:38Z,2026-10-10T00:46:38Z,Eastern Michigan Eagles,-5.5,-110.0,2026,2026-10-10T00:47:21Z,1655,-6.2274492338054115,-0.9933305012790081,-2.7341187325264036,726826f3d6abb0bb4115e1078acbea91f10dfda4a429c17b5e74b8ed63b3a0b9,timestamped_live_quote,FBS vs FBS
2026-10-10T00:47:21Z,d5c5d566d388f445ead9c2dc63caaed1,2026-10-10T19:30:00Z,Akron Zips,Eastern Michigan Eagles,mybookieag,MyBookie.ag,2026-10-10T00:45:19Z,2026-10-10T00:45:19Z,Akron Zips,5.5,-110.0,2026,2026-10-10T00:47:21Z,1655,-6.2274492338054115,-0.9933305012790081,-2.7341187325264036,726826f3d6abb0bb4115e1078acbea91f10dfda4a429c17b5e74b8ed63b3a0b9,timestamped_live_quote,FBS vs FBS
2026-10-10T00:47:21Z,d5c5d566d388f445ead9c2dc63caaed1,2026-10-10T19:30:00Z,Akron Zips,Eastern Michigan Eagles,mybookieag,MyBookie.ag,2026-10-10T00:45:19Z,2026-10-10T00:45:19Z,Eastern Michigan Eagles,-5.5,-110.0,2026,2026-10-10T00:47:21Z,1655,-6.2274492338054115,-0.9933305012790081,-2.7341187325264036,726826f3d6abb0bb4115e1078acbea91f10dfda4a429c17b5e74b8ed63b3a0b9,timestamped_live_quote,FBS vs FBS
2026-10-10T00:47:21Z,d5c5d566d388f445ead9c2dc63caaed1,2026-10-10T19:30:00Z,Akron Zips,Eastern Michigan Eagles,bovada,Bovada,2026-10-10T00:46:12Z,2026-10-10T00:46:12Z,Akron Zips,5.5,-110.0,2026,2026-10-10T00:47:21Z,1655,-6.2274492338054115,-0.9933305012790081,-2.7341187325264036,726826f3d6abb0bb4115e1078acbea91f10dfda4a429c17b5e74b8ed63b3a0b9,timestamped_live_quote,FBS vs FBS
2026-10-10T00:47:21Z,d5c5d566d388f445ead9c2dc63caaed1,2026-10-10T19:30:00Z,Akron Zips,Eastern Michigan Eagles,bovada,Bovada,2026-10-10T00:46:12Z,2026-10-10T00:46:12Z,Eastern Michigan Eagles,-5.5,-110.0,2026,2026-10-10T00:47:21Z,1655,-6.2274492338054115,-0.9933305012790081,-2.7341187325264036,726826f3d6abb0bb4115e1078acbea91f10dfda4a429c17b5e74b8ed63b3a0b9,timestamped_live_quote,FBS vs FBS
2026-10-10T00:47:21Z,d5c5d566d388f445ead9c2dc63caaed1,2026-10-10T19:30:00Z,Akron Zips,Eastern Michigan Eagles,betus,BetUS,2026-10-10T00:46:22Z,2026-10-10T00:46:21Z,Akron Zips,5.5,-110.0,2026,2026-10-10T00:47:21Z,1655,-6.2274492338054115,-0.9933305012790081,-2.7341187325264036,726826f3d6abb0bb4115e1078acbea91f10dfda4a429c17b5e74b8ed63b3a0b9,timestamped_live_quote,FBS vs FBS
2026-10-10T00:47:21Z,d5c5d566d388f445ead9c2dc63caaed1,2026-10-10T19:30:00Z,Akron Zips,Eastern Michigan Eagles,betus,BetUS,2026-10-10T00:46:22Z,2026-10-10T00:46:21Z,Eastern Michigan Eagles,-5.5,-110.0,2026,2026-10-10T00:47:21Z,1655,-6.2274492338054115,-0.9933305012790081,-2.7341187325264036,726826f3d6abb0bb4115e1078acbea91f10dfda4a429c17b5e74b8ed63b3a0b9,timestamped_live_quote,FBS vs FBS
2026-10-10T00:47:21Z,e2a6fcdae461277e7cc041ff631d1b0c,2026-10-10T19:30:00Z,Toledo Rockets,Buffalo Bulls,draftkings,DraftKings,2026-10-10T00:46:55Z,2026-10-10T00:46:54Z,Buffalo Bulls,18.5,-108.0,2026,2026-10-10T00:47:21Z,1655,8.371312319238276,-4.43763148192321,15.308943801161487,726826f3d6abb0bb4115e1078acbea91f10dfda4a429c17b5e74b8ed63b3a0b9,timestamped_live_quote,FBS vs FBS
2026-10-10T00:47:21Z,e2a6fcdae461277e7cc041ff631d1b0c,2026-10-10T19:30:00Z,Toledo Rockets,Buffalo Bulls,draftkings,DraftKings,2026-10-10T00:46:55Z,2026-10-10T00:46:54Z,Toledo Rockets,-18.5,-112.0,2026,2026-10-10T00:47:21Z,1655,8.371312319238276,-4.43763148192321,15.308943801161487,726826f3d6abb0bb4115e1078acbea91f10dfda4a429c17b5e74b8ed63b3a0b9,timestamped_live_quote,FBS vs FBS
2026-10-10T00:47:21Z,e2a6fcdae461277e7cc041ff631d1b0c,2026-10-10T19:30:00Z,Toledo Rockets,Buffalo Bulls,fanduel,FanDuel,2026-10-10T00:46:58Z,2026-10-10T00:46:57Z,Buffalo Bulls,19.5,-115.0,2026,2026-10-10T00:47:21Z,1655,8.371312319238276,-4.43763148192321,15.308943801161487,726826f3d6abb0bb4115e1078acbea91f10dfda4a429c17b5e74b8ed63b3a0b9,timestamped_live_quote,FBS vs FBS
2026-10-10T00:47:21Z,e2a6fcdae461277e7cc041ff631d1b0c,2026-10-10T19:30:00Z,Toledo Rockets,Buffalo Bulls,fanduel,FanDuel,2026-10-10T00:46:58Z,2026-10-10T00:46:57Z,Toledo Rockets,-19.5,-105.0,2026,2026-10-10T00:47:21Z,1655,8.371312319238276,-4.43763148192321,15.308943801161487,726826f3d6abb0bb4115e1078acbea91f10dfda4a429c17b5e74b8ed63b3a0b9,timestamped_live_quote,FBS vs FBS
2026-10-10T00:47:21Z,e2a6fcdae461277e7cc041ff631d1b0c,2026-10-10T19:30:00Z,Toledo Rockets,Buffalo Bulls,lowvig,LowVig.ag,2026-10-10T00:47:09Z,2026-10-10T00:47:09Z,Buffalo Bulls,18.5,-106.0,2026,2026-10-10T00:47:21Z,1655,8.371312319238276,-4.43763148192321,15.308943801161487,726826f3d6abb0bb4115e1078acbea91f10dfda4a429c17b5e74b8ed63b3a0b9,timestamped_live_quote,FBS vs FBS
2026-10-10T00:47:21Z,e2a6fcdae461277e7cc041ff631d1b0c,2026-10-10T19:30:00Z,Toledo Rockets,Buffalo Bulls,lowvig,LowVig.ag,2026-10-10T00:47:09Z,2026-10-10T00:47:09Z,Toledo Rockets,-18.5,-106.0,2026,2026-10-10T00:47:21Z,1655,8.371312319238276,-4.43763148192321,15.308943801161487,726826f3d6abb0bb4115e1078acbea91f10dfda4a429c17b5e74b8ed63b3a0b9,timestamped_live_quote,FBS vs FBS
2026-10-10T00:47:21Z,e2a6fcdae461277e7cc041ff631d1b0c,2026-10-10T19:30:00Z,Toledo Rockets,Buffalo Bulls,betonlineag,BetOnline.ag,2026-10-10T00:46:55Z,2026-10-10T00:46:55Z,Buffalo Bulls,18.5,-110.0,2026,2026-10-10T00:47:21Z,1655,8.371312319238276,-4.43763148192321,15.308943801161487,726826f3d6abb0bb4115e1078acbea91f10dfda4a429c17b5e74b8ed63b3a0b9,timestamped_live_quote,FBS vs FBS
2026-10-10T00:47:21Z,e2a6fcdae461277e7cc041ff631d1b0c,2026-10-10T19:30:00Z,Toledo Rockets,Buffalo Bulls,betonlineag,BetOnline.ag,2026-10-10T00:46:55Z,2026-10-10T00:46:55Z,Toledo Rockets,-18.5,-110.0,2026,2026-10-10T00:47:21Z,1655,8.371312319238276,-4.43763148192321,15.308943801161487,726826f3d6abb0bb4115e1078acbea91f10dfda4a429c17b5e74b8ed63b3a0b9,timestamped_live_quote,FBS vs FBS
2026-10-10T00:47:21Z,e2a6fcdae461277e7cc041ff631d1b0c,2026-10-10T19:30:00Z,Toledo Rockets,Buffalo Bulls,betrivers,BetRivers,2026-10-10T00:47:00Z,2026-10-10T00:47:00Z,Buffalo Bulls,19.0,-113.0,2026,2026-10-10T00:47:21Z,1655,8.371312319238276,-4.43763148192321,15.308943801161487,726826f3d6abb0bb4115e1078acbea91f10dfda4a429c17b5e74b8ed63b3a0b9,timestamped_live_quote,FBS vs FBS
2026-10-10T00:47:21Z,e2a6fcdae461277e7cc041ff631d1b0c,2026-10-10T19:30:00Z,Toledo Rockets,Buffalo Bulls,betrivers,BetRivers,2026-10-10T00:47:00Z,2026-10-10T00:47:00Z,Toledo Rockets,-19.0,-110.0,2026,2026-10-10T00:47:21Z,1655,8.371312319238276,-4.43763148192321,15.308943801161487,726826f3d6abb0bb4115e1078acbea91f10dfda4a429c17b5e74b8ed63b3a0b9,timestamped_live_quote,FBS vs FBS
2026-10-10T00:47:21Z,e2a6fcdae461277e7cc041ff631d1b0c,2026-10-10T19:30:00Z,Toledo Rockets,Buffalo Bulls,betmgm,BetMGM,2026-10-10T00:46:38Z,2026-10-10T00:46:38Z,Buffalo Bulls,19.5,-110.0,2026,2026-10-10T00:47:21Z,1655,8.371312319238276,-4.43763148192321,15.308943801161487,726826f3d6abb0bb4115e1078acbea91f10dfda4a429c17b5e74b8ed63b3a0b9,timestamped_live_quote,FBS vs FBS
2026-10-10T00:47:21Z,e2a6fcdae461277e7cc041ff631d1b0c,2026-10-10T19:30:00Z,Toledo Rockets,Buffalo Bulls,betmgm,BetMGM,2026-10-10T00:46:38Z,2026-10-10T00:46:38Z,Toledo Rockets,-19.5,-110.0,2026,2026-10-10T00:47:21Z,1655,8.371312319238276,-4.43763148192321,15.308943801161487,726826f3d6abb0bb4115e1078acbea91f10dfda4a429c17b5e74b8ed63b3a0b9,timestamped_live_quote,FBS vs FBS
2026-10-10T00:47:21Z,e2a6fcdae461277e7cc041ff631d1b0c,2026-10-10T19:30:00Z,Toledo Rockets,Buffalo Bulls,mybookieag,MyBookie.ag,2026-10-10T00:45:19Z,2026-10-10T00:45:19Z,Buffalo Bulls,19.0,-110.0,2026,2026-10-10T00:47:21Z,1655,8.371312319238276,-4.43763148192321,15.308943801161487,726826f3d6abb0bb4115e1078acbea91f10dfda4a429c17b5e74b8ed63b3a0b9,timestamped_live_quote,FBS vs FBS
2026-10-10T00:47:21Z,e2a6fcdae461277e7cc041ff631d1b0c,2026-10-10T19:30:00Z,Toledo Rockets,Buffalo Bulls,mybookieag,MyBookie.ag,2026-10-10T00:45:19Z,2026-10-10T00:45:19Z,Toledo Rockets,-19.0,-110.0,2026,2026-10-10T00:47:21Z,1655,8.371312319238276,-4.43763148192321,15.308943801161487,726826f3d6abb0bb4115e1078acbea91f10dfda4a429c17b5e74b8ed63b3a0b9,timestamped_live_quote,FBS vs FBS
2026-10-10T00:47:21Z,e2a6fcdae461277e7cc041ff631d1b0c,2026-10-10T19:30:00Z,Toledo Rockets,Buffalo Bulls,bovada,Bovada,2026-10-10T00:46:12Z,2026-10-10T00:46:12Z,Buffalo Bulls,19.0,-110.0,2026,2026-10-10T00:47:21Z,1655,8.371312319238276,-4.43763148192321,15.308943801161487,726826f3d6abb0bb4115e1078acbea91f10dfda4a429c17b5e74b8ed63b3a0b9,timestamped_live_quote,FBS vs FBS
2026-10-10T00:47:21Z,e2a6fcdae461277e7cc041ff631d1b0c,2026-10-10T19:30:00Z,Toledo Rockets,Buffalo Bulls,bovada,Bovada,2026-10-10T00:46:12Z,2026-10-10T00:46:12Z,Toledo Rockets,-19.0,-110.0,2026,2026-10-10T00:47:21Z,1655,8.371312319238276,-4.43763148192321,15.308943801161487,726826f3d6abb0bb4115e1078acbea91f10dfda4a429c17b5e74b8ed63b3a0b9,timestamped_live_quote,FBS vs FBS
2026-10-10T00:47:21Z,e2a6fcdae461277e7cc041ff631d1b0c,2026-10-10T19:30:00Z,Toledo Rockets,Buffalo Bulls,betus,BetUS,2026-10-10T00:46:22Z,2026-10-10T00:46:21Z,Buffalo Bulls,19.0,-110.0,2026,2026-10-10T00:47:21Z,1655,8.371312319238276,-4.43763148192321,15.308943801161487,726826f3d6abb0bb4115e1078acbea91f10dfda4a429c17b5e74b8ed63b3a0b9,timestamped_live_quote,FBS vs FBS
2026-10-10T00:47:21Z,e2a6fcdae461277e7cc041ff631d1b0c,2026-10-10T19:30:00Z,Toledo Rockets,Buffalo Bulls,betus,BetUS,2026-10-10T00:46:22Z,2026-10-10T00:46:21Z,Toledo Rockets,-19.0,-110.0,2026,2026-10-10T00:47:21Z,1655,8.371312319238276,-4.43763148192321,15.308943801161487,726826f3d6abb0bb4115e1078acbea91f10dfda4a429c17b5e74b8ed63b3a0b9,timestamped_live_quote,FBS vs FBS
2026-10-10T00:47:21Z,9f633922d2cc5fa338aa22d1fcb83099,2026-10-10T19:30:00Z,California Golden Bears,Virginia Tech Hokies,fanduel,FanDuel,2026-10-10T00:46:58Z,2026-10-10T00:46:57Z,California Golden Bears,9.5,-105.0,2026,2026-10-10T00:47:21Z,1655,0.9334738715771624,10.988705011641802,-7.55523114006464,726826f3d6abb0bb4115e1078acbea91f10dfda4a429c17b5e74b8ed63b3a0b9,timestamped_live_quote,FBS vs FBS
2026-10-10T00:47:21Z,9f633922d2cc5fa338aa22d1fcb83099,2026-10-10T19:30:00Z,California Golden Bears,Virginia Tech Hokies,fanduel,FanDuel,2026-10-10T00:46:58Z,2026-10-10T00:46:57Z,Virginia Tech Hokies,-9.5,-115.0,2026,2026-10-10T00:47:21Z,1655,0.9334738715771624,10.988705011641802,-7.55523114006464,726826f3d6abb0bb4115e1078acbea91f10dfda4a429c17b5e74b8ed63b3a0b9,timestamped_live_quote,FBS vs FBS
2026-10-10T00:47:21Z,9f633922d2cc5fa338aa22d1fcb83099,2026-10-10T19:30:00Z,California Golden Bears,Virginia Tech Hokies,betrivers,BetRivers,2026-10-10T00:47:00Z,2026-10-10T00:46:59Z,California Golden Bears,10.0,-112.0,2026,2026-10-10T00:47:21Z,1655,0.9334738715771624,10.988705011641802,-7.55523114006464,726826f3d6abb0bb4115e1078acbea91f10dfda4a429c17b5e74b8ed63b3a0b9,timestamped_live_quote,FBS vs FBS
2026-10-10T00:47:21Z,9f633922d2cc5fa338aa22d1fcb83099,2026-10-10T19:30:00Z,California Golden Bears,Virginia Tech Hokies,betrivers,BetRivers,2026-10-10T00:47:00Z,2026-10-10T00:46:59Z,Virginia Tech Hokies,-10.0,-112.0,2026,2026-10-10T00:47:21Z,1655,0.9334738715771624,10.988705011641802,-7.55523114006464,726826f3d6abb0bb4115e1078acbea91f10dfda4a429c17b5e74b8ed63b3a0b9,timestamped_live_quote,FBS vs FBS
2026-10-10T00:47:21Z,9f633922d2cc5fa338aa22d1fcb83099,2026-10-10T19:30:00Z,California Golden Bears,Virginia Tech Hokies,betmgm,BetMGM,2026-10-10T00:46:38Z,2026-10-10T00:46:38Z,California Golden Bears,10.0,-110.0,2026,2026-10-10T00:47:21Z,1655,0.9334738715771624,10.988705011641802,-7.55523114006464,726826f3d6abb0bb4115e1078acbea91f10dfda4a429c17b5e74b8ed63b3a0b9,timestamped_live_quote,FBS vs FBS
2026-10-10T00:47:21Z,9f633922d2cc5fa338aa22d1fcb83099,2026-10-10T19:30:00Z,California Golden Bears,Virginia Tech Hokies,betmgm,BetMGM,2026-10-10T00:46:38Z,2026-10-10T00:46:38Z,Virginia Tech Hokies,-10.0,-110.0,2026,2026-10-10T00:47:21Z,1655,0.9334738715771624,10.988705011641802,-7.55523114006464,726826f3d6abb0bb4115e1078acbea91f10dfda4a429c17b5e74b8ed63b3a0b9,timestamped_live_quote,FBS vs FBS
2026-10-10T00:47:21Z,9f633922d2cc5fa338aa22d1fcb83099,2026-10-10T19:30:00Z,California Golden Bears,Virginia Tech Hokies,draftkings,DraftKings,2026-10-10T00:46:55Z,2026-10-10T00:46:54Z,California Golden Bears,10.0,-110.0,2026,2026-10-10T00:47:21Z,1655,0.9334738715771624,10.988705011641802,-7.55523114006464,726826f3d6abb0bb4115e1078acbea91f10dfda4a429c17b5e74b8ed63b3a0b9,timestamped_live_quote,FBS vs FBS
2026-10-10T00:47:21Z,9f633922d2cc5fa338aa22d1fcb83099,2026-10-10T19:30:00Z,California Golden Bears,Virginia Tech Hokies,draftkings,DraftKings,2026-10-10T00:46:55Z,2026-10-10T00:46:54Z,Virginia Tech Hokies,-10.0,-110.0,2026,2026-10-10T00:47:21Z,1655,0.9334738715771624,10.988705011641802,-7.55523114006464,726826f3d6abb0bb4115e1078acbea91f10dfda4a429c17b5e74b8ed63b3a0b9,timestamped_live_quote,FBS vs FBS
2026-10-10T00:47:21Z,9f633922d2cc5fa338aa22d1fcb83099,2026-10-10T19:30:00Z,California Golden Bears,Virginia Tech Hokies,lowvig,LowVig.ag,2026-10-10T00:47:09Z,2026-10-10T00:47:09Z,California Golden Bears,9.5,106.0,2026,2026-10-10T00:47:21Z,1655,0.9334738715771624,10.988705011641802,-7.55523114006464,726826f3d6abb0bb4115e1078acbea91f10dfda4a429c17b5e74b8ed63b3a0b9,timestamped_live_quote,FBS vs FBS
2026-10-10T00:47:21Z,9f633922d2cc5fa338aa22d1fcb83099,2026-10-10T19:30:00Z,California Golden Bears,Virginia Tech Hokies,lowvig,LowVig.ag,2026-10-10T00:47:09Z,2026-10-10T00:47:09Z,Virginia Tech Hokies,-9.5,-118.0,2026,2026-10-10T00:47:21Z,1655,0.9334738715771624,10.988705011641802,-7.55523114006464,726826f3d6abb0bb4115e1078acbea91f10dfda4a429c17b5e74b8ed63b3a0b9,timestamped_live_quote,FBS vs FBS
2026-10-10T00:47:21Z,9f633922d2cc5fa338aa22d1fcb83099,2026-10-10T19:30:00Z,California Golden Bears,Virginia Tech Hokies,betonlineag,BetOnline.ag,2026-10-10T00:46:55Z,2026-10-10T00:46:55Z,California Golden Bears,9.5,102.0,2026,2026-10-10T00:47:21Z,1655,0.9334738715771624,10.988705011641802,-7.55523114006464,726826f3d6abb0bb4115e1078acbea91f10dfda4a429c17b5e74b8ed63b3a0b9,timestamped_live_quote,FBS vs FBS
2026-10-10T00:47:21Z,9f633922d2cc5fa338aa22d1fcb83099,2026-10-10T19:30:00Z,California Golden Bears,Virginia Tech Hokies,betonlineag,BetOnline.ag,2026-10-10T00:46:55Z,2026-10-10T00:46:55Z,Virginia Tech Hokies,-9.5,-122.0,2026,2026-10-10T00:47:21Z,1655,0.9334738715771624,10.988705011641802,-7.55523114006464,726826f3d6abb0bb4115e1078acbea91f10dfda4a429c17b5e74b8ed63b3a0b9,timestamped_live_quote,FBS vs FBS
2026-10-10T00:47:21Z,9f633922d2cc5fa338aa22d1fcb83099,2026-10-10T19:30:00Z,California Golden Bears,Virginia Tech Hokies,mybookieag,MyBookie.ag,2026-10-10T00:45:19Z,2026-10-10T00:45:19Z,California Golden Bears,10.0,-110.0,2026,2026-10-10T00:47:21Z,1655,0.9334738715771624,10.988705011641802,-7.55523114006464,726826f3d6abb0bb4115e1078acbea91f10dfda4a429c17b5e74b8ed63b3a0b9,timestamped_live_quote,FBS vs FBS
2026-10-10T00:47:21Z,9f633922d2cc5fa338aa22d1fcb83099,2026-10-10T19:30:00Z,California Golden Bears,Virginia Tech Hokies,mybookieag,MyBookie.ag,2026-10-10T00:45:19Z,2026-10-10T00:45:19Z,Virginia Tech Hokies,-10.0,-110.0,2026,2026-10-10T00:47:21Z,1655,0.9334738715771624,10.988705011641802,-7.55523114006464,726826f3d6abb0bb4115e1078acbea91f10dfda4a429c17b5e74b8ed63b3a0b9,timestamped_live_quote,FBS vs FBS
2026-10-10T00:47:21Z,9f633922d2cc5fa338aa22d1fcb83099,2026-10-10T19:30:00Z,California Golden Bears,Virginia Tech Hokies,betus,BetUS,2026-10-10T00:46:22Z,2026-10-10T00:46:22Z,California Golden Bears,10.0,-110.0,2026,2026-10-10T00:47:21Z,1655,0.9334738715771624,10.988705011641802,-7.55523114006464,726826f3d6abb0bb4115e1078acbea91f10dfda4a429c17b5e74b8ed63b3a0b9,timestamped_live_quote,FBS vs FBS
2026-10-10T00:47:21Z,9f633922d2cc5fa338aa22d1fcb83099,2026-10-10T19:30:00Z,California Golden Bears,Virginia Tech Hokies,betus,BetUS,2026-10-10T00:46:22Z,2026-10-10T00:46:22Z,Virginia Tech Hokies,-10.0,-110.0,2026,2026-10-10T00:47:21Z,1655,0.9334738715771624,10.988705011641802,-7.55523114006464,726826f3d6abb0bb4115e1078acbea91f10dfda4a429c17b5e74b8ed63b3a0b9,timestamped_live_quote,FBS vs FBS
2026-10-10T00:47:21Z,9f633922d2cc5fa338aa22d1fcb83099,2026-10-10T19:30:00Z,California Golden Bears,Virginia Tech Hokies,bovada,Bovada,2026-10-10T00:46:12Z,2026-10-10T00:46:12Z,California Golden Bears,10.0,-110.0,2026,2026-10-10T00:47:21Z,1655,0.9334738715771624,10.988705011641802,-7.55523114006464,726826f3d6abb0bb4115e1078acbea91f10dfda4a429c17b5e74b8ed63b3a0b9,timestamped_live_quote,FBS vs FBS
2026-10-10T00:47:21Z,9f633922d2cc5fa338aa22d1fcb83099,2026-10-10T19:30:00Z,California Golden Bears,Virginia Tech Hokies,bovada,Bovada,2026-10-10T00:46:12Z,2026-10-10T00:46:12Z,Virginia Tech Hokies,-10.0,-110.0,2026,2026-10-10T00:47:21Z,1655,0.9334738715771624,10.988705011641802,-7.55523114006464,726826f3d6abb0bb4115e1078acbea91f10dfda4a429c17b5e74b8ed63b3a0b9,timestamped_live_quote,FBS vs FBS
2026-10-10T00:47:21Z,6c0ea3fe653989dd0d695482738232c3,2026-10-10T19:30:00Z,Ohio Bobcats,Central Michigan Chippewas,draftkings,DraftKings,2026-10-10T00:46:55Z,2026-10-10T00:46:54Z,Central Michigan Chippewas,1.5,-105.0,2026,2026-10-10T00:47:21Z,1655,1.1817193169117315,-1.1562553250105154,4.837974641922247,726826f3d6abb0bb4115e1078acbea91f10dfda4a429c17b5e74b8ed63b3a0b9,timestamped_live_quote,FBS vs FBS
2026-10-10T00:47:21Z,6c0ea3fe653989dd0d695482738232c3,2026-10-10T19:30:00Z,Ohio Bobcats,Central Michigan Chippewas,draftkings,DraftKings,2026-10-10T00:46:55Z,2026-10-10T00:46:54Z,Ohio Bobcats,-1.5,-115.0,2026,2026-10-10T00:47:21Z,1655,1.1817193169117315,-1.1562553250105154,4.837974641922247,726826f3d6abb0bb4115e1078acbea91f10dfda4a429c17b5e74b8ed63b3a0b9,timestamped_live_quote,FBS vs FBS
2026-10-10T00:47:21Z,6c0ea3fe653989dd0d695482738232c3,2026-10-10T19:30:00Z,Ohio Bobcats,Central Michigan Chippewas,fanduel,FanDuel,2026-10-10T00:46:58Z,2026-10-10T00:46:57Z,Central Michigan Chippewas,2.5,-110.0,2026,2026-10-10T00:47:21Z,1655,1.1817193169117315,-1.1562553250105154,4.837974641922247,726826f3d6abb0bb4115e1078acbea91f10dfda4a429c17b5e74b8ed63b3a0b9,timestamped_live_quote,FBS vs FBS
2026-10-10T00:47:21Z,6c0ea3fe653989dd0d695482738232c3,2026-10-10T19:30:00Z,Ohio Bobcats,Central Michigan Chippewas,fanduel,FanDuel,2026-10-10T00:46:58Z,2026-10-10T00:46:57Z,Ohio Bobcats,-2.5,-110.0,2026,2026-10-10T00:47:21Z,1655,1.1817193169117315,-1.1562553250105154,4.837974641922247,726826f3d6abb0bb4115e1078acbea91f10dfda4a429c17b5e74b8ed63b3a0b9,timestamped_live_quote,FBS vs FBS
2026-10-10T00:47:21Z,6c0ea3fe653989dd0d695482738232c3,2026-10-10T19:30:00Z,Ohio Bobcats,Central Michigan Chippewas,lowvig,LowVig.ag,2026-10-10T00:47:09Z,2026-10-10T00:47:09Z,Central Michigan Chippewas,2.0,-106.0,2026,2026-10-10T00:47:21Z,1655,1.1817193169117315,-1.1562553250105154,4.837974641922247,726826f3d6abb0bb4115e1078acbea91f10dfda4a429c17b5e74b8ed63b3a0b9,timestamped_live_quote,FBS vs FBS
2026-10-10T00:47:21Z,6c0ea3fe653989dd0d695482738232c3,2026-10-10T19:30:00Z,Ohio Bobcats,Central Michigan Chippewas,lowvig,LowVig.ag,2026-10-10T00:47:09Z,2026-10-10T00:47:09Z,Ohio Bobcats,-2.0,-106.0,2026,2026-10-10T00:47:21Z,1655,1.1817193169117315,-1.1562553250105154,4.837974641922247,726826f3d6abb0bb4115e1078acbea91f10dfda4a429c17b5e74b8ed63b3a0b9,timestamped_live_quote,FBS vs FBS
2026-10-10T00:47:21Z,6c0ea3fe653989dd0d695482738232c3,2026-10-10T19:30:00Z,Ohio Bobcats,Central Michigan Chippewas,betonlineag,BetOnline.ag,2026-10-10T00:46:55Z,2026-10-10T00:46:55Z,Central Michigan Chippewas,2.0,-110.0,2026,2026-10-10T00:47:21Z,1655,1.1817193169117315,-1.1562553250105154,4.837974641922247,726826f3d6abb0bb4115e1078acbea91f10dfda4a429c17b5e74b8ed63b3a0b9,timestamped_live_quote,FBS vs FBS
2026-10-10T00:47:21Z,6c0ea3fe653989dd0d695482738232c3,2026-10-10T19:30:00Z,Ohio Bobcats,Central Michigan Chippewas,betonlineag,BetOnline.ag,2026-10-10T00:46:55Z,2026-10-10T00:46:55Z,Ohio Bobcats,-2.0,-110.0,2026,2026-10-10T00:47:21Z,1655,1.1817193169117315,-1.1562553250105154,4.837974641922247,726826f3d6abb0bb4115e1078acbea91f10dfda4a429c17b5e74b8ed63b3a0b9,timestamped_live_quote,FBS vs FBS
2026-10-10T00:47:21Z,6c0ea3fe653989dd0d695482738232c3,2026-10-10T19:30:00Z,Ohio Bobcats,Central Michigan Chippewas,betrivers,BetRivers,2026-10-10T00:47:00Z,2026-10-10T00:47:00Z,Central Michigan Chippewas,2.0,-109.0,2026,2026-10-10T00:47:21Z,1655,1.1817193169117315,-1.1562553250105154,4.837974641922247,726826f3d6abb0bb4115e1078acbea91f10dfda4a429c17b5e74b8ed63b3a0b9,timestamped_live_quote,FBS vs FBS
2026-10-10T00:47:21Z,6c0ea3fe653989dd0d695482738232c3,2026-10-10T19:30:00Z,Ohio Bobcats,Central Michigan Chippewas,betrivers,BetRivers,2026-10-10T00:47:00Z,2026-10-10T00:47:00Z,Ohio Bobcats,-2.0,-114.0,2026,2026-10-10T00:47:21Z,1655,1.1817193169117315,-1.1562553250105154,4.837974641922247,726826f3d6abb0bb4115e1078acbea91f10dfda4a429c17b5e74b8ed63b3a0b9,timestamped_live_quote,FBS vs FBS
2026-10-10T00:47:21Z,6c0ea3fe653989dd0d695482738232c3,2026-10-10T19:30:00Z,Ohio Bobcats,Central Michigan Chippewas,betmgm,BetMGM,2026-10-10T00:46:38Z,2026-10-10T00:46:38Z,Central Michigan Chippewas,2.5,-105.0,2026,2026-10-10T00:47:21Z,1655,1.1817193169117315,-1.1562553250105154,4.837974641922247,726826f3d6abb0bb4115e1078acbea91f10dfda4a429c17b5e74b8ed63b3a0b9,timestamped_live_quote,FBS vs FBS
2026-10-10T00:47:21Z,6c0ea3fe653989dd0d695482738232c3,2026-10-10T19:30:00Z,Ohio Bobcats,Central Michigan Chippewas,betmgm,BetMGM,2026-10-10T00:46:38Z,2026-10-10T00:46:38Z,Ohio Bobcats,-2.5,-115.0,2026,2026-10-10T00:47:21Z,1655,1.1817193169117315,-1.1562553250105154,4.837974641922247,726826f3d6abb0bb4115e1078acbea91f10dfda4a429c17b5e74b8ed63b3a0b9,timestamped_live_quote,FBS vs FBS
2026-10-10T00:47:21Z,6c0ea3fe653989dd0d695482738232c3,2026-10-10T19:30:00Z,Ohio Bobcats,Central Michigan Chippewas,mybookieag,MyBookie.ag,2026-10-10T00:45:19Z,2026-10-10T00:45:19Z,Central Michigan Chippewas,2.0,-110.0,2026,2026-10-10T00:47:21Z,1655,1.1817193169117315,-1.1562553250105154,4.837974641922247,726826f3d6abb0bb4115e1078acbea91f10dfda4a429c17b5e74b8ed63b3a0b9,timestamped_live_quote,FBS vs FBS
2026-10-10T00:47:21Z,6c0ea3fe653989dd0d695482738232c3,2026-10-10T19:30:00Z,Ohio Bobcats,Central Michigan Chippewas,mybookieag,MyBookie.ag,2026-10-10T00:45:19Z,2026-10-10T00:45:19Z,Ohio Bobcats,-2.0,-110.0,2026,2026-10-10T00:47:21Z,1655,1.1817193169117315,-1.1562553250105154,4.837974641922247,726826f3d6abb0bb4115e1078acbea91f10dfda4a429c17b5e74b8ed63b3a0b9,timestamped_live_quote,FBS vs FBS
2026-10-10T00:47:21Z,6c0ea3fe653989dd0d695482738232c3,2026-10-10T19:30:00Z,Ohio Bobcats,Central Michigan Chippewas,bovada,Bovada,2026-10-10T00:46:12Z,2026-10-10T00:46:12Z,Central Michigan Chippewas,2.0,-110.0,2026,2026-10-10T00:47:21Z,1655,1.1817193169117315,-1.1562553250105154,4.837974641922247,726826f3d6abb0bb4115e1078acbea91f10dfda4a429c17b5e74b8ed63b3a0b9,timestamped_live_quote,FBS vs FBS
2026-10-10T00:47:21Z,6c0ea3fe653989dd0d695482738232c3,2026-10-10T19:30:00Z,Ohio Bobcats,Central Michigan Chippewas,bovada,Bovada,2026-10-10T00:46:12Z,2026-10-10T00:46:12Z,Ohio Bobcats,-2.0,-110.0,2026,2026-10-10T00:47:21Z,1655,1.1817193169117315,-1.1562553250105154,4.837974641922247,726826f3d6abb0bb4115e1078acbea91f10dfda4a429c17b5e74b8ed63b3a0b9,timestamped_live_quote,FBS vs FBS
2026-10-10T00:47:21Z,6c0ea3fe653989dd0d695482738232c3,2026-10-10T19:30:00Z,Ohio Bobcats,Central Michigan Chippewas,betus,BetUS,2026-10-10T00:46:22Z,2026-10-10T00:46:21Z,Central Michigan Chippewas,2.0,-115.0,2026,2026-10-10T00:47:21Z,1655,1.1817193169117315,-1.1562553250105154,4.837974641922247,726826f3d6abb0bb4115e1078acbea91f10dfda4a429c17b5e74b8ed63b3a0b9,timestamped_live_quote,FBS vs FBS
2026-10-10T00:47:21Z,6c0ea3fe653989dd0d695482738232c3,2026-10-10T19:30:00Z,Ohio Bobcats,Central Michigan Chippewas,betus,BetUS,2026-10-10T00:46:22Z,2026-10-10T00:46:21Z,Ohio Bobcats,-2.0,-105.0,2026,2026-10-10T00:47:21Z,1655,1.1817193169117315,-1.1562553250105154,4.837974641922247,726826f3d6abb0bb4115e1078acbea91f10dfda4a429c17b5e74b8ed63b3a0b9,timestamped_live_quote,FBS vs FBS
2026-10-10T00:47:21Z,2168132b20b82bf78e08f1787b6f83cc,2026-10-10T19:30:00Z,North Texas Mean Green,Charlotte 49ers,draftkings,DraftKings,2026-10-10T00:46:55Z,2026-10-10T00:46:54Z,Charlotte 49ers,28.5,-108.0,2026,2026-10-10T00:47:21Z,1655,7.791485215235512,-11.073302492624174,21.364787707859687,726826f3d6abb0bb4115e1078acbea91f10dfda4a429c17b5e74b8ed63b3a0b9,timestamped_live_quote,FBS vs FBS
2026-10-10T00:47:21Z,2168132b20b82bf78e08f1787b6f83cc,2026-10-10T19:30:00Z,North Texas Mean Green,Charlotte 49ers,draftkings,DraftKings,2026-10-10T00:46:55Z,2026-10-10T00:46:54Z,North Texas Mean Green,-28.5,-112.0,2026,2026-10-10T00:47:21Z,1655,7.791485215235512,-11.073302492624174,21.364787707859687,726826f3d6abb0bb4115e1078acbea91f10dfda4a429c17b5e74b8ed63b3a0b9,timestamped_live_quote,FBS vs FBS
2026-10-10T00:47:21Z,2168132b20b82bf78e08f1787b6f83cc,2026-10-10T19:30:00Z,North Texas Mean Green,Charlotte 49ers,fanduel,FanDuel,2026-10-10T00:46:58Z,2026-10-10T00:46:57Z,Charlotte 49ers,28.5,-114.0,2026,2026-10-10T00:47:21Z,1655,7.791485215235512,-11.073302492624174,21.364787707859687,726826f3d6abb0bb4115e1078acbea91f10dfda4a429c17b5e74b8ed63b3a0b9,timestamped_live_quote,FBS vs FBS
2026-10-10T00:47:21Z,2168132b20b82bf78e08f1787b6f83cc,2026-10-10T19:30:00Z,North Texas Mean Green,Charlotte 49ers,fanduel,FanDuel,2026-10-10T00:46:58Z,2026-10-10T00:46:57Z,North Texas Mean Green,-28.5,-106.0,2026,2026-10-10T00:47:21Z,1655,7.791485215235512,-11.073302492624174,21.364787707859687,726826f3d6abb0bb4115e1078acbea91f10dfda4a429c17b5e74b8ed63b3a0b9,timestamped_live_quote,FBS vs FBS
2026-10-10T00:47:21Z,2168132b20b82bf78e08f1787b6f83cc,2026-10-10T19:30:00Z,North Texas Mean Green,Charlotte 49ers,betonlineag,BetOnline.ag,2026-10-10T00:46:55Z,2026-10-10T00:46:55Z,Charlotte 49ers,28.5,-105.0,2026,2026-10-10T00:47:21Z,1655,7.791485215235512,-11.073302492624174,21.364787707859687,726826f3d6abb0bb4115e1078acbea91f10dfda4a429c17b5e74b8ed63b3a0b9,timestamped_live_quote,FBS vs FBS
2026-10-10T00:47:21Z,2168132b20b82bf78e08f1787b6f83cc,2026-10-10T19:30:00Z,North Texas Mean Green,Charlotte 49ers,betonlineag,BetOnline.ag,2026-10-10T00:46:55Z,2026-10-10T00:46:55Z,North Texas Mean Green,-28.5,-115.0,2026,2026-10-10T00:47:21Z,1655,7.791485215235512,-11.073302492624174,21.364787707859687,726826f3d6abb0bb4115e1078acbea91f10dfda4a429c17b5e74b8ed63b3a0b9,timestamped_live_quote,FBS vs FBS
2026-10-10T00:47:21Z,2168132b20b82bf78e08f1787b6f83cc,2026-10-10T19:30:00Z,North Texas Mean Green,Charlotte 49ers,lowvig,LowVig.ag,2026-10-10T00:47:09Z,2026-10-10T00:47:09Z,Charlotte 49ers,28.5,-101.0,2026,2026-10-10T00:47:21Z,1655,7.791485215235512,-11.073302492624174,21.364787707859687,726826f3d6abb0bb4115e1078acbea91f10dfda4a429c17b5e74b8ed63b3a0b9,timestamped_live_quote,FBS vs FBS
2026-10-10T00:47:21Z,2168132b20b82bf78e08f1787b6f83cc,2026-10-10T19:30:00Z,North Texas Mean Green,Charlotte 49ers,lowvig,LowVig.ag,2026-10-10T00:47:09Z,2026-10-10T00:47:09Z,North Texas Mean Green,-28.5,-111.0,2026,2026-10-10T00:47:21Z,1655,7.791485215235512,-11.073302492624174,21.364787707859687,726826f3d6abb0bb4115e1078acbea91f10dfda4a429c17b5e74b8ed63b3a0b9,timestamped_live_quote,FBS vs FBS
2026-10-10T00:47:21Z,2168132b20b82bf78e08f1787b6f83cc,2026-10-10T19:30:00Z,North Texas Mean Green,Charlotte 49ers,betrivers,BetRivers,2026-10-10T00:47:00Z,2026-10-10T00:46:59Z,Charlotte 49ers,29.0,-112.0,2026,2026-10-10T00:47:21Z,1655,7.791485215235512,-11.073302492624174,21.364787707859687,726826f3d6abb0bb4115e1078acbea91f10dfda4a429c17b5e74b8ed63b3a0b9,timestamped_live_quote,FBS vs FBS
2026-10-10T00:47:21Z,2168132b20b82bf78e08f1787b6f83cc,2026-10-10T19:30:00Z,North Texas Mean Green,Charlotte 49ers,betrivers,BetRivers,2026-10-10T00:47:00Z,2026-10-10T00:46:59Z,North Texas Mean Green,-29.0,-112.0,2026,2026-10-10T00:47:21Z,1655,7.791485215235512,-11.073302492624174,21.364787707859687,726826f3d6abb0bb4115e1078acbea91f10dfda4a429c17b5e74b8ed63b3a0b9,timestamped_live_quote,FBS vs FBS
2026-10-10T00:47:21Z,2168132b20b82bf78e08f1787b6f83cc,2026-10-10T19:30:00Z,North Texas Mean Green,Charlotte 49ers,betmgm,BetMGM,2026-10-10T00:46:38Z,2026-10-10T00:46:38Z,Charlotte 49ers,28.5,-105.0,2026,2026-10-10T00:47:21Z,1655,7.791485215235512,-11.073302492624174,21.364787707859687,726826f3d6abb0bb4115e1078acbea91f10dfda4a429c17b5e74b8ed63b3a0b9,timestamped_live_quote,FBS vs FBS
2026-10-10T00:47:21Z,2168132b20b82bf78e08f1787b6f83cc,2026-10-10T19:30:00Z,North Texas Mean Green,Charlotte 49ers,betmgm,BetMGM,2026-10-10T00:46:38Z,2026-10-10T00:46:38Z,North Texas Mean Green,-28.5,-115.0,2026,2026-10-10T00:47:21Z,1655,7.791485215235512,-11.073302492624174,21.364787707859687,726826f3d6abb0bb4115e1078acbea91f10dfda4a429c17b5e74b8ed63b3a0b9,timestamped_live_quote,FBS vs FBS
2026-10-10T00:47:21Z,2168132b20b82bf78e08f1787b6f83cc,2026-10-10T19:30:00Z,North Texas Mean Green,Charlotte 49ers,mybookieag,MyBookie.ag,2026-10-10T00:45:19Z,2026-10-10T00:45:19Z,Charlotte 49ers,28.5,-110.0,2026,2026-10-10T00:47:21Z,1655,7.791485215235512,-11.073302492624174,21.364787707859687,726826f3d6abb0bb4115e1078acbea91f10dfda4a429c17b5e74b8ed63b3a0b9,timestamped_live_quote,FBS vs FBS
2026-10-10T00:47:21Z,2168132b20b82bf78e08f1787b6f83cc,2026-10-10T19:30:00Z,North Texas Mean Green,Charlotte 49ers,mybookieag,MyBookie.ag,2026-10-10T00:45:19Z,2026-10-10T00:45:19Z,North Texas Mean Green,-28.5,-110.0,2026,2026-10-10T00:47:21Z,1655,7.791485215235512,-11.073302492624174,21.364787707859687,726826f3d6abb0bb4115e1078acbea91f10dfda4a429c17b5e74b8ed63b3a0b9,timestamped_live_quote,FBS vs FBS
2026-10-10T00:47:21Z,2168132b20b82bf78e08f1787b6f83cc,2026-10-10T19:30:00Z,North Texas Mean Green,Charlotte 49ers,betus,BetUS,2026-10-10T00:46:22Z,2026-10-10T00:46:22Z,Charlotte 49ers,28.5,-105.0,2026,2026-10-10T00:47:21Z,1655,7.791485215235512,-11.073302492624174,21.364787707859687,726826f3d6abb0bb4115e1078acbea91f10dfda4a429c17b5e74b8ed63b3a0b9,timestamped_live_quote,FBS vs FBS
2026-10-10T00:47:21Z,2168132b20b82bf78e08f1787b6f83cc,2026-10-10T19:30:00Z,North Texas Mean Green,Charlotte 49ers,betus,BetUS,2026-10-10T00:46:22Z,2026-10-10T00:46:22Z,North Texas Mean Green,-28.5,-115.0,2026,2026-10-10T00:47:21Z,1655,7.791485215235512,-11.073302492624174,21.364787707859687,726826f3d6abb0bb4115e1078acbea91f10dfda4a429c17b5e74b8ed63b3a0b9,timestamped_live_quote,FBS vs FBS
2026-10-10T00:47:21Z,2168132b20b82bf78e08f1787b6f83cc,2026-10-10T19:30:00Z,North Texas Mean Green,Charlotte 49ers,bovada,Bovada,2026-10-10T00:46:12Z,2026-10-10T00:46:12Z,Charlotte 49ers,28.5,-105.0,2026,2026-10-10T00:47:21Z,1655,7.791485215235512,-11.073302492624174,21.364787707859687,726826f3d6abb0bb4115e1078acbea91f10dfda4a429c17b5e74b8ed63b3a0b9,timestamped_live_quote,FBS vs FBS
2026-10-10T00:47:21Z,2168132b20b82bf78e08f1787b6f83cc,2026-10-10T19:30:00Z,North Texas Mean Green,Charlotte 49ers,bovada,Bovada,2026-10-10T00:46:12Z,2026-10-10T00:46:12Z,North Texas Mean Green,-28.5,-115.0,2026,2026-10-10T00:47:21Z,1655,7.791485215235512,-11.073302492624174,21.364787707859687,726826f3d6abb0bb4115e1078acbea91f10dfda4a429c17b5e74b8ed63b3a0b9,timestamped_live_quote,FBS vs FBS
2026-10-10T00:47:21Z,43457c08aa50a7e0038aa06eb3437680,2026-10-10T19:30:00Z,Georgia Tech Yellow Jackets,Duke Blue Devils,fanduel,FanDuel,2026-10-10T00:46:58Z,2026-10-10T00:46:57Z,Duke Blue Devils,-6.5,-106.0,2026,2026-10-10T00:47:21Z,1655,1.4476326784397158,10.05118611047679,-6.103553432037074,726826f3d6abb0bb4115e1078acbea91f10dfda4a429c17b5e74b8ed63b3a0b9,timestamped_live_quote,FBS vs FBS
2026-10-10T00:47:21Z,43457c08aa50a7e0038aa06eb3437680,2026-10-10T19:30:00Z,Georgia Tech Yellow Jackets,Duke Blue Devils,fanduel,FanDuel,2026-10-10T00:46:58Z,2026-10-10T00:46:57Z,Georgia Tech Yellow Jackets,6.5,-114.0,2026,2026-10-10T00:47:21Z,1655,1.4476326784397158,10.05118611047679,-6.103553432037074,726826f3d6abb0bb4115e1078acbea91f10dfda4a429c17b5e74b8ed63b3a0b9,timestamped_live_quote,FBS vs FBS
2026-10-10T00:47:21Z,43457c08aa50a7e0038aa06eb3437680,2026-10-10T19:30:00Z,Georgia Tech Yellow Jackets,Duke Blue Devils,betrivers,BetRivers,2026-10-10T00:47:00Z,2026-10-10T00:47:00Z,Duke Blue Devils,-7.0,-107.0,2026,2026-10-10T00:47:21Z,1655,1.4476326784397158,10.05118611047679,-6.103553432037074,726826f3d6abb0bb4115e1078acbea91f10dfda4a429c17b5e74b8ed63b3a0b9,timestamped_live_quote,FBS vs FBS
2026-10-10T00:47:21Z,43457c08aa50a7e0038aa06eb3437680,2026-10-10T19:30:00Z,Georgia Tech Yellow Jackets,Duke Blue Devils,betrivers,BetRivers,2026-10-10T00:47:00Z,2026-10-10T00:47:00Z,Georgia Tech Yellow Jackets,7.0,-120.0,2026,2026-10-10T00:47:21Z,1655,1.4476326784397158,10.05118611047679,-6.103553432037074,726826f3d6abb0bb4115e1078acbea91f10dfda4a429c17b5e74b8ed63b3a0b9,timestamped_live_quote,FBS vs FBS
2026-10-10T00:47:21Z,43457c08aa50a7e0038aa06eb3437680,2026-10-10T19:30:00Z,Georgia Tech Yellow Jackets,Duke Blue Devils,betmgm,BetMGM,2026-10-10T00:46:38Z,2026-10-10T00:46:38Z,Duke Blue Devils,-6.5,-115.0,2026,2026-10-10T00:47:21Z,1655,1.4476326784397158,10.05118611047679,-6.103553432037074,726826f3d6abb0bb4115e1078acbea91f10dfda4a429c17b5e74b8ed63b3a0b9,timestamped_live_quote,FBS vs FBS
2026-10-10T00:47:21Z,43457c08aa50a7e0038aa06eb3437680,2026-10-10T19:30:00Z,Georgia Tech Yellow Jackets,Duke Blue Devils,betmgm,BetMGM,2026-10-10T00:46:38Z,2026-10-10T00:46:38Z,Georgia Tech Yellow Jackets,6.5,-105.0,2026,2026-10-10T00:47:21Z,1655,1.4476326784397158,10.05118611047679,-6.103553432037074,726826f3d6abb0bb4115e1078acbea91f10dfda4a429c17b5e74b8ed63b3a0b9,timestamped_live_quote,FBS vs FBS
2026-10-10T00:47:21Z,43457c08aa50a7e0038aa06eb3437680,2026-10-10T19:30:00Z,Georgia Tech Yellow Jackets,Duke Blue Devils,draftkings,DraftKings,2026-10-10T00:46:55Z,2026-10-10T00:46:54Z,Duke Blue Devils,-6.5,-115.0,2026,2026-10-10T00:47:21Z,1655,1.4476326784397158,10.05118611047679,-6.103553432037074,726826f3d6abb0bb4115e1078acbea91f10dfda4a429c17b5e74b8ed63b3a0b9,timestamped_live_quote,FBS vs FBS
2026-10-10T00:47:21Z,43457c08aa50a7e0038aa06eb3437680,2026-10-10T19:30:00Z,Georgia Tech Yellow Jackets,Duke Blue Devils,draftkings,DraftKings,2026-10-10T00:46:55Z,2026-10-10T00:46:54Z,Georgia Tech Yellow Jackets,6.5,-105.0,2026,2026-10-10T00:47:21Z,1655,1.4476326784397158,10.05118611047679,-6.103553432037074,726826f3d6abb0bb4115e1078acbea91f10dfda4a429c17b5e74b8ed63b3a0b9,timestamped_live_quote,FBS vs FBS
2026-10-10T00:47:21Z,43457c08aa50a7e0038aa06eb3437680,2026-10-10T19:30:00Z,Georgia Tech Yellow Jackets,Duke Blue Devils,betonlineag,BetOnline.ag,2026-10-10T00:46:55Z,2026-10-10T00:46:55Z,Duke Blue Devils,-6.5,-113.0,2026,2026-10-10T00:47:21Z,1655,1.4476326784397158,10.05118611047679,-6.103553432037074,726826f3d6abb0bb4115e1078acbea91f10dfda4a429c17b5e74b8ed63b3a0b9,timestamped_live_quote,FBS vs FBS
2026-10-10T00:47:21Z,43457c08aa50a7e0038aa06eb3437680,2026-10-10T19:30:00Z,Georgia Tech Yellow Jackets,Duke Blue Devils,betonlineag,BetOnline.ag,2026-10-10T00:46:55Z,2026-10-10T00:46:55Z,Georgia Tech Yellow Jackets,6.5,-107.0,2026,2026-10-10T00:47:21Z,1655,1.4476326784397158,10.05118611047679,-6.103553432037074,726826f3d6abb0bb4115e1078acbea91f10dfda4a429c17b5e74b8ed63b3a0b9,timestamped_live_quote,FBS vs FBS
2026-10-10T00:47:21Z,43457c08aa50a7e0038aa06eb3437680,2026-10-10T19:30:00Z,Georgia Tech Yellow Jackets,Duke Blue Devils,lowvig,LowVig.ag,2026-10-10T00:47:09Z,2026-10-10T00:47:09Z,Duke Blue Devils,-6.5,-109.0,2026,2026-10-10T00:47:21Z,1655,1.4476326784397158,10.05118611047679,-6.103553432037074,726826f3d6abb0bb4115e1078acbea91f10dfda4a429c17b5e74b8ed63b3a0b9,timestamped_live_quote,FBS vs FBS
2026-10-10T00:47:21Z,43457c08aa50a7e0038aa06eb3437680,2026-10-10T19:30:00Z,Georgia Tech Yellow Jackets,Duke Blue Devils,lowvig,LowVig.ag,2026-10-10T00:47:09Z,2026-10-10T00:47:09Z,Georgia Tech Yellow Jackets,6.5,-103.0,2026,2026-10-10T00:47:21Z,1655,1.4476326784397158,10.05118611047679,-6.103553432037074,726826f3d6abb0bb4115e1078acbea91f10dfda4a429c17b5e74b8ed63b3a0b9,timestamped_live_quote,FBS vs FBS
2026-10-10T00:47:21Z,43457c08aa50a7e0038aa06eb3437680,2026-10-10T19:30:00Z,Georgia Tech Yellow Jackets,Duke Blue Devils,mybookieag,MyBookie.ag,2026-10-10T00:45:19Z,2026-10-10T00:45:19Z,Duke Blue Devils,-6.5,-110.0,2026,2026-10-10T00:47:21Z,1655,1.4476326784397158,10.05118611047679,-6.103553432037074,726826f3d6abb0bb4115e1078acbea91f10dfda4a429c17b5e74b8ed63b3a0b9,timestamped_live_quote,FBS vs FBS
2026-10-10T00:47:21Z,43457c08aa50a7e0038aa06eb3437680,2026-10-10T19:30:00Z,Georgia Tech Yellow Jackets,Duke Blue Devils,mybookieag,MyBookie.ag,2026-10-10T00:45:19Z,2026-10-10T00:45:19Z,Georgia Tech Yellow Jackets,6.5,-110.0,2026,2026-10-10T00:47:21Z,1655,1.4476326784397158,10.05118611047679,-6.103553432037074,726826f3d6abb0bb4115e1078acbea91f10dfda4a429c17b5e74b8ed63b3a0b9,timestamped_live_quote,FBS vs FBS
2026-10-10T00:47:21Z,43457c08aa50a7e0038aa06eb3437680,2026-10-10T19:30:00Z,Georgia Tech Yellow Jackets,Duke Blue Devils,bovada,Bovada,2026-10-10T00:46:12Z,2026-10-10T00:46:12Z,Duke Blue Devils,-6.5,-115.0,2026,2026-10-10T00:47:21Z,1655,1.4476326784397158,10.05118611047679,-6.103553432037074,726826f3d6abb0bb4115e1078acbea91f10dfda4a429c17b5e74b8ed63b3a0b9,timestamped_live_quote,FBS vs FBS
2026-10-10T00:47:21Z,43457c08aa50a7e0038aa06eb3437680,2026-10-10T19:30:00Z,Georgia Tech Yellow Jackets,Duke Blue Devils,bovada,Bovada,2026-10-10T00:46:12Z,2026-10-10T00:46:12Z,Georgia Tech Yellow Jackets,6.5,-105.0,2026,2026-10-10T00:47:21Z,1655,1.4476326784397158,10.05118611047679,-6.103553432037074,726826f3d6abb0bb4115e1078acbea91f10dfda4a429c17b5e74b8ed63b3a0b9,timestamped_live_quote,FBS vs FBS
2026-10-10T00:47:21Z,43457c08aa50a7e0038aa06eb3437680,2026-10-10T19:30:00Z,Georgia Tech Yellow Jackets,Duke Blue Devils,betus,BetUS,2026-10-10T00:46:22Z,2026-10-10T00:46:21Z,Duke Blue Devils,-6.5,-115.0,2026,2026-10-10T00:47:21Z,1655,1.4476326784397158,10.05118611047679,-6.103553432037074,726826f3d6abb0bb4115e1078acbea91f10dfda4a429c17b5e74b8ed63b3a0b9,timestamped_live_quote,FBS vs FBS
2026-10-10T00:47:21Z,43457c08aa50a7e0038aa06eb3437680,2026-10-10T19:30:00Z,Georgia Tech Yellow Jackets,Duke Blue Devils,betus,BetUS,2026-10-10T00:46:22Z,2026-10-10T00:46:21Z,Georgia Tech Yellow Jackets,6.5,-105.0,2026,2026-10-10T00:47:21Z,1655,1.4476326784397158,10.05118611047679,-6.103553432037074,726826f3d6abb0bb4115e1078acbea91f10dfda4a429c17b5e74b8ed63b3a0b9,timestamped_live_quote,FBS vs FBS
2026-10-10T00:47:21Z,373204ebaf557738961c85f37a72fe10,2026-10-10T19:30:00Z,Kansas State Wildcats,Houston Cougars,fanduel,FanDuel,2026-10-10T00:46:58Z,2026-10-10T00:46:57Z,Houston Cougars,2.5,-110.0,2026,2026-10-10T00:47:21Z,1655,11.153621382730215,15.183906268131338,-1.530284885401123,726826f3d6abb0bb4115e1078acbea91f10dfda4a429c17b5e74b8ed63b3a0b9,timestamped_live_quote,FBS vs FBS
2026-10-10T00:47:21Z,373204ebaf557738961c85f37a72fe10,2026-10-10T19:30:00Z,Kansas State Wildcats,Houston Cougars,fanduel,FanDuel,2026-10-10T00:46:58Z,2026-10-10T00:46:57Z,Kansas State Wildcats,-2.5,-110.0,2026,2026-10-10T00:47:21Z,1655,11.153621382730215,15.183906268131338,-1.530284885401123,726826f3d6abb0bb4115e1078acbea91f10dfda4a429c17b5e74b8ed63b3a0b9,timestamped_live_quote,FBS vs FBS
2026-10-10T00:47:21Z,373204ebaf557738961c85f37a72fe10,2026-10-10T19:30:00Z,Kansas State Wildcats,Houston Cougars,betrivers,BetRivers,2026-10-10T00:47:00Z,2026-10-10T00:46:59Z,Houston Cougars,2.5,-110.0,2026,2026-10-10T00:47:21Z,1655,11.153621382730215,15.183906268131338,-1.530284885401123,726826f3d6abb0bb4115e1078acbea91f10dfda4a429c17b5e74b8ed63b3a0b9,timestamped_live_quote,FBS vs FBS
2026-10-10T00:47:21Z,373204ebaf557738961c85f37a72fe10,2026-10-10T19:30:00Z,Kansas State Wildcats,Houston Cougars,betrivers,BetRivers,2026-10-10T00:47:00Z,2026-10-10T00:46:59Z,Kansas State Wildcats,-2.5,-112.0,2026,2026-10-10T00:47:21Z,1655,11.153621382730215,15.183906268131338,-1.530284885401123,726826f3d6abb0bb4115e1078acbea91f10dfda4a429c17b5e74b8ed63b3a0b9,timestamped_live_quote,FBS vs FBS
2026-10-10T00:47:21Z,373204ebaf557738961c85f37a72fe10,2026-10-10T19:30:00Z,Kansas State Wildcats,Houston Cougars,betmgm,BetMGM,2026-10-10T00:46:38Z,2026-10-10T00:46:38Z,Houston Cougars,2.5,-105.0,2026,2026-10-10T00:47:21Z,1655,11.153621382730215,15.183906268131338,-1.530284885401123,726826f3d6abb0bb4115e1078acbea91f10dfda4a429c17b5e74b8ed63b3a0b9,timestamped_live_quote,FBS vs FBS
2026-10-10T00:47:21Z,373204ebaf557738961c85f37a72fe10,2026-10-10T19:30:00Z,Kansas State Wildcats,Houston Cougars,betmgm,BetMGM,2026-10-10T00:46:38Z,2026-10-10T00:46:38Z,Kansas State Wildcats,-2.5,-115.0,2026,2026-10-10T00:47:21Z,1655,11.153621382730215,15.183906268131338,-1.530284885401123,726826f3d6abb0bb4115e1078acbea91f10dfda4a429c17b5e74b8ed63b3a0b9,timestamped_live_quote,FBS vs FBS
2026-10-10T00:47:21Z,373204ebaf557738961c85f37a72fe10,2026-10-10T19:30:00Z,Kansas State Wildcats,Houston Cougars,draftkings,DraftKings,2026-10-10T00:46:55Z,2026-10-10T00:46:54Z,Houston Cougars,2.5,-110.0,2026,2026-10-10T00:47:21Z,1655,11.153621382730215,15.183906268131338,-1.530284885401123,726826f3d6abb0bb4115e1078acbea91f10dfda4a429c17b5e74b8ed63b3a0b9,timestamped_live_quote,FBS vs FBS
2026-10-10T00:47:21Z,373204ebaf557738961c85f37a72fe10,2026-10-10T19:30:00Z,Kansas State Wildcats,Houston Cougars,draftkings,DraftKings,2026-10-10T00:46:55Z,2026-10-10T00:46:54Z,Kansas State Wildcats,-2.5,-110.0,2026,2026-10-10T00:47:21Z,1655,11.153621382730215,15.183906268131338,-1.530284885401123,726826f3d6abb0bb4115e1078acbea91f10dfda4a429c17b5e74b8ed63b3a0b9,timestamped_live_quote,FBS vs FBS
2026-10-10T00:47:21Z,373204ebaf557738961c85f37a72fe10,2026-10-10T19:30:00Z,Kansas State Wildcats,Houston Cougars,lowvig,LowVig.ag,2026-10-10T00:47:09Z,2026-10-10T00:47:09Z,Houston Cougars,2.5,-101.0,2026,2026-10-10T00:47:21Z,1655,11.153621382730215,15.183906268131338,-1.530284885401123,726826f3d6abb0bb4115e1078acbea91f10dfda4a429c17b5e74b8ed63b3a0b9,timestamped_live_quote,FBS vs FBS
2026-10-10T00:47:21Z,373204ebaf557738961c85f37a72fe10,2026-10-10T19:30:00Z,Kansas State Wildcats,Houston Cougars,lowvig,LowVig.ag,2026-10-10T00:47:09Z,2026-10-10T00:47:09Z,Kansas State Wildcats,-2.5,-111.0,2026,2026-10-10T00:47:21Z,1655,11.153621382730215,15.183906268131338,-1.530284885401123,726826f3d6abb0bb4115e1078acbea91f10dfda4a429c17b5e74b8ed63b3a0b9,timestamped_live_quote,FBS vs FBS
2026-10-10T00:47:21Z,373204ebaf557738961c85f37a72fe10,2026-10-10T19:30:00Z,Kansas State Wildcats,Houston Cougars,betonlineag,BetOnline.ag,2026-10-10T00:46:55Z,2026-10-10T00:46:55Z,Houston Cougars,2.5,-105.0,2026,2026-10-10T00:47:21Z,1655,11.153621382730215,15.183906268131338,-1.530284885401123,726826f3d6abb0bb4115e1078acbea91f10dfda4a429c17b5e74b8ed63b3a0b9,timestamped_live_quote,FBS vs FBS
2026-10-10T00:47:21Z,373204ebaf557738961c85f37a72fe10,2026-10-10T19:30:00Z,Kansas State Wildcats,Houston Cougars,betonlineag,BetOnline.ag,2026-10-10T00:46:55Z,2026-10-10T00:46:55Z,Kansas State Wildcats,-2.5,-115.0,2026,2026-10-10T00:47:21Z,1655,11.153621382730215,15.183906268131338,-1.530284885401123,726826f3d6abb0bb4115e1078acbea91f10dfda4a429c17b5e74b8ed63b3a0b9,timestamped_live_quote,FBS vs FBS
2026-10-10T00:47:21Z,373204ebaf557738961c85f37a72fe10,2026-10-10T19:30:00Z,Kansas State Wildcats,Houston Cougars,mybookieag,MyBookie.ag,2026-10-10T00:45:19Z,2026-10-10T00:45:19Z,Houston Cougars,2.5,-105.0,2026,2026-10-10T00:47:21Z,1655,11.153621382730215,15.183906268131338,-1.530284885401123,726826f3d6abb0bb4115e1078acbea91f10dfda4a429c17b5e74b8ed63b3a0b9,timestamped_live_quote,FBS vs FBS
2026-10-10T00:47:21Z,373204ebaf557738961c85f37a72fe10,2026-10-10T19:30:00Z,Kansas State Wildcats,Houston Cougars,mybookieag,MyBookie.ag,2026-10-10T00:45:19Z,2026-10-10T00:45:19Z,Kansas State Wildcats,-2.5,-115.0,2026,2026-10-10T00:47:21Z,1655,11.153621382730215,15.183906268131338,-1.530284885401123,726826f3d6abb0bb4115e1078acbea91f10dfda4a429c17b5e74b8ed63b3a0b9,timestamped_live_quote,FBS vs FBS
2026-10-10T00:47:21Z,373204ebaf557738961c85f37a72fe10,2026-10-10T19:30:00Z,Kansas State Wildcats,Houston Cougars,betus,BetUS,2026-10-10T00:46:22Z,2026-10-10T00:46:22Z,Houston Cougars,2.5,-110.0,2026,2026-10-10T00:47:21Z,1655,11.153621382730215,15.183906268131338,-1.530284885401123,726826f3d6abb0bb4115e1078acbea91f10dfda4a429c17b5e74b8ed63b3a0b9,timestamped_live_quote,FBS vs FBS
2026-10-10T00:47:21Z,373204ebaf557738961c85f37a72fe10,2026-10-10T19:30:00Z,Kansas State Wildcats,Houston Cougars,betus,BetUS,2026-10-10T00:46:22Z,2026-10-10T00:46:22Z,Kansas State Wildcats,-2.5,-110.0,2026,2026-10-10T00:47:21Z,1655,11.153621382730215,15.183906268131338,-1.530284885401123,726826f3d6abb0bb4115e1078acbea91f10dfda4a429c17b5e74b8ed63b3a0b9,timestamped_live_quote,FBS vs FBS
2026-10-10T00:47:21Z,373204ebaf557738961c85f37a72fe10,2026-10-10T19:30:00Z,Kansas State Wildcats,Houston Cougars,bovada,Bovada,2026-10-10T00:46:12Z,2026-10-10T00:46:12Z,Houston Cougars,2.5,-105.0,2026,2026-10-10T00:47:21Z,1655,11.153621382730215,15.183906268131338,-1.530284885401123,726826f3d6abb0bb4115e1078acbea91f10dfda4a429c17b5e74b8ed63b3a0b9,timestamped_live_quote,FBS vs FBS
2026-10-10T00:47:21Z,373204ebaf557738961c85f37a72fe10,2026-10-10T19:30:00Z,Kansas State Wildcats,Houston Cougars,bovada,Bovada,2026-10-10T00:46:12Z,2026-10-10T00:46:12Z,Kansas State Wildcats,-2.5,-115.0,2026,2026-10-10T00:47:21Z,1655,11.153621382730215,15.183906268131338,-1.530284885401123,726826f3d6abb0bb4115e1078acbea91f10dfda4a429c17b5e74b8ed63b3a0b9,timestamped_live_quote,FBS vs FBS
2026-10-10T00:47:21Z,92f26a40bba178c47bbade8c9af0ada3,2026-10-10T19:30:00Z,Michigan State Spartans,Illinois Fighting Illini,fanduel,FanDuel,2026-10-10T00:46:58Z,2026-10-10T00:46:57Z,Illinois Fighting Illini,-2.5,-115.0,2026,2026-10-10T00:47:21Z,1655,2.9456862290490236,5.074288641044646,0.3713975880043776,726826f3d6abb0bb4115e1078acbea91f10dfda4a429c17b5e74b8ed63b3a0b9,timestamped_live_quote,FBS vs FBS
2026-10-10T00:47:21Z,92f26a40bba178c47bbade8c9af0ada3,2026-10-10T19:30:00Z,Michigan State Spartans,Illinois Fighting Illini,fanduel,FanDuel,2026-10-10T00:46:58Z,2026-10-10T00:46:57Z,Michigan State Spartans,2.5,-105.0,2026,2026-10-10T00:47:21Z,1655,2.9456862290490236,5.074288641044646,0.3713975880043776,726826f3d6abb0bb4115e1078acbea91f10dfda4a429c17b5e74b8ed63b3a0b9,timestamped_live_quote,FBS vs FBS
2026-10-10T00:47:21Z,92f26a40bba178c47bbade8c9af0ada3,2026-10-10T19:30:00Z,Michigan State Spartans,Illinois Fighting Illini,betrivers,BetRivers,2026-10-10T00:47:00Z,2026-10-10T00:46:59Z,Illinois Fighting Illini,-2.5,-118.0,2026,2026-10-10T00:47:21Z,1655,2.9456862290490236,5.074288641044646,0.3713975880043776,726826f3d6abb0bb4115e1078acbea91f10dfda4a429c17b5e74b8ed63b3a0b9,timestamped_live_quote,FBS vs FBS
2026-10-10T00:47:21Z,92f26a40bba178c47bbade8c9af0ada3,2026-10-10T19:30:00Z,Michigan State Spartans,Illinois Fighting Illini,betrivers,BetRivers,2026-10-10T00:47:00Z,2026-10-10T00:46:59Z,Michigan State Spartans,2.5,-105.0,2026,2026-10-10T00:47:21Z,1655,2.9456862290490236,5.074288641044646,0.3713975880043776,726826f3d6abb0bb4115e1078acbea91f10dfda4a429c17b5e74b8ed63b3a0b9,timestamped_live_quote,FBS vs FBS
2026-10-10T00:47:21Z,92f26a40bba178c47bbade8c9af0ada3,2026-10-10T19:30:00Z,Michigan State Spartans,Illinois Fighting Illini,betmgm,BetMGM,2026-10-10T00:46:38Z,2026-10-10T00:46:38Z,Illinois Fighting Illini,-2.5,-115.0,2026,2026-10-10T00:47:21Z,1655,2.9456862290490236,5.074288641044646,0.3713975880043776,726826f3d6abb0bb4115e1078acbea91f10dfda4a429c17b5e74b8ed63b3a0b9,timestamped_live_quote,FBS vs FBS
2026-10-10T00:47:21Z,92f26a40bba178c47bbade8c9af0ada3,2026-10-10T19:30:00Z,Michigan State Spartans,Illinois Fighting Illini,betmgm,BetMGM,2026-10-10T00:46:38Z,2026-10-10T00:46:38Z,Michigan State Spartans,2.5,-105.0,2026,2026-10-10T00:47:21Z,1655,2.9456862290490236,5.074288641044646,0.3713975880043776,726826f3d6abb0bb4115e1078acbea91f10dfda4a429c17b5e74b8ed63b3a0b9,timestamped_live_quote,FBS vs FBS
2026-10-10T00:47:21Z,92f26a40bba178c47bbade8c9af0ada3,2026-10-10T19:30:00Z,Michigan State Spartans,Illinois Fighting Illini,draftkings,DraftKings,2026-10-10T00:46:55Z,2026-10-10T00:46:54Z,Illinois Fighting Illini,-2.5,-120.0,2026,2026-10-10T00:47:21Z,1655,2.9456862290490236,5.074288641044646,0.3713975880043776,726826f3d6abb0bb4115e1078acbea91f10dfda4a429c17b5e74b8ed63b3a0b9,timestamped_live_quote,FBS vs FBS
2026-10-10T00:47:21Z,92f26a40bba178c47bbade8c9af0ada3,2026-10-10T19:30:00Z,Michigan State Spartans,Illinois Fighting Illini,draftkings,DraftKings,2026-10-10T00:46:55Z,2026-10-10T00:46:54Z,Michigan State Spartans,2.5,100.0,2026,2026-10-10T00:47:21Z,1655,2.9456862290490236,5.074288641044646,0.3713975880043776,726826f3d6abb0bb4115e1078acbea91f10dfda4a429c17b5e74b8ed63b3a0b9,timestamped_live_quote,FBS vs FBS
2026-10-10T00:47:21Z,92f26a40bba178c47bbade8c9af0ada3,2026-10-10T19:30:00Z,Michigan State Spartans,Illinois Fighting Illini,betonlineag,BetOnline.ag,2026-10-10T00:46:55Z,2026-10-10T00:46:55Z,Illinois Fighting Illini,-2.5,-120.0,2026,2026-10-10T00:47:21Z,1655,2.9456862290490236,5.074288641044646,0.3713975880043776,726826f3d6abb0bb4115e1078acbea91f10dfda4a429c17b5e74b8ed63b3a0b9,timestamped_live_quote,FBS vs FBS
2026-10-10T00:47:21Z,92f26a40bba178c47bbade8c9af0ada3,2026-10-10T19:30:00Z,Michigan State Spartans,Illinois Fighting Illini,betonlineag,BetOnline.ag,2026-10-10T00:46:55Z,2026-10-10T00:46:55Z,Michigan State Spartans,2.5,100.0,2026,2026-10-10T00:47:21Z,1655,2.9456862290490236,5.074288641044646,0.3713975880043776,726826f3d6abb0bb4115e1078acbea91f10dfda4a429c17b5e74b8ed63b3a0b9,timestamped_live_quote,FBS vs FBS
2026-10-10T00:47:21Z,92f26a40bba178c47bbade8c9af0ada3,2026-10-10T19:30:00Z,Michigan State Spartans,Illinois Fighting Illini,lowvig,LowVig.ag,2026-10-10T00:47:09Z,2026-10-10T00:47:09Z,Illinois Fighting Illini,-2.5,-116.0,2026,2026-10-10T00:47:21Z,1655,2.9456862290490236,5.074288641044646,0.3713975880043776,726826f3d6abb0bb4115e1078acbea91f10dfda4a429c17b5e74b8ed63b3a0b9,timestamped_live_quote,FBS vs FBS
2026-10-10T00:47:21Z,92f26a40bba178c47bbade8c9af0ada3,2026-10-10T19:30:00Z,Michigan State Spartans,Illinois Fighting Illini,lowvig,LowVig.ag,2026-10-10T00:47:09Z,2026-10-10T00:47:09Z,Michigan State Spartans,2.5,104.0,2026,2026-10-10T00:47:21Z,1655,2.9456862290490236,5.074288641044646,0.3713975880043776,726826f3d6abb0bb4115e1078acbea91f10dfda4a429c17b5e74b8ed63b3a0b9,timestamped_live_quote,FBS vs FBS
2026-10-10T00:47:21Z,92f26a40bba178c47bbade8c9af0ada3,2026-10-10T19:30:00Z,Michigan State Spartans,Illinois Fighting Illini,mybookieag,MyBookie.ag,2026-10-10T00:45:19Z,2026-10-10T00:45:19Z,Illinois Fighting Illini,-2.5,-110.0,2026,2026-10-10T00:47:21Z,1655,2.9456862290490236,5.074288641044646,0.3713975880043776,726826f3d6abb0bb4115e1078acbea91f10dfda4a429c17b5e74b8ed63b3a0b9,timestamped_live_quote,FBS vs FBS
2026-10-10T00:47:21Z,92f26a40bba178c47bbade8c9af0ada3,2026-10-10T19:30:00Z,Michigan State Spartans,Illinois Fighting Illini,mybookieag,MyBookie.ag,2026-10-10T00:45:19Z,2026-10-10T00:45:19Z,Michigan State Spartans,2.5,-110.0,2026,2026-10-10T00:47:21Z,1655,2.9456862290490236,5.074288641044646,0.3713975880043776,726826f3d6abb0bb4115e1078acbea91f10dfda4a429c17b5e74b8ed63b3a0b9,timestamped_live_quote,FBS vs FBS
2026-10-10T00:47:21Z,92f26a40bba178c47bbade8c9af0ada3,2026-10-10T19:30:00Z,Michigan State Spartans,Illinois Fighting Illini,bovada,Bovada,2026-10-10T00:46:12Z,2026-10-10T00:46:12Z,Illinois Fighting Illini,-2.5,-120.0,2026,2026-10-10T00:47:21Z,1655,2.9456862290490236,5.074288641044646,0.3713975880043776,726826f3d6abb0bb4115e1078acbea91f10dfda4a429c17b5e74b8ed63b3a0b9,timestamped_live_quote,FBS vs FBS
2026-10-10T00:47:21Z,92f26a40bba178c47bbade8c9af0ada3,2026-10-10T19:30:00Z,Michigan State Spartans,Illinois Fighting Illini,bovada,Bovada,2026-10-10T00:46:12Z,2026-10-10T00:46:12Z,Michigan State Spartans,2.5,100.0,2026,2026-10-10T00:47:21Z,1655,2.9456862290490236,5.074288641044646,0.3713975880043776,726826f3d6abb0bb4115e1078acbea91f10dfda4a429c17b5e74b8ed63b3a0b9,timestamped_live_quote,FBS vs FBS
2026-10-10T00:47:21Z,92f26a40bba178c47bbade8c9af0ada3,2026-10-10T19:30:00Z,Michigan State Spartans,Illinois Fighting Illini,betus,BetUS,2026-10-10T00:46:22Z,2026-10-10T00:46:21Z,Illinois Fighting Illini,-3.0,-105.0,2026,2026-10-10T00:47:21Z,1655,2.9456862290490236,5.074288641044646,0.3713975880043776,726826f3d6abb0bb4115e1078acbea91f10dfda4a429c17b5e74b8ed63b3a0b9,timestamped_live_quote,FBS vs FBS
2026-10-10T00:47:21Z,92f26a40bba178c47bbade8c9af0ada3,2026-10-10T19:30:00Z,Michigan State Spartans,Illinois Fighting Illini,betus,BetUS,2026-10-10T00:46:22Z,2026-10-10T00:46:21Z,Michigan State Spartans,3.0,-115.0,2026,2026-10-10T00:47:21Z,1655,2.9456862290490236,5.074288641044646,0.3713975880043776,726826f3d6abb0bb4115e1078acbea91f10dfda4a429c17b5e74b8ed63b3a0b9,timestamped_live_quote,FBS vs FBS
2026-10-10T00:47:21Z,6050a18b694eb1d661ee7fa571b7ddbb,2026-10-10T19:30:00Z,Western Michigan Broncos,Kent State Golden Flashes,draftkings,DraftKings,2026-10-10T00:46:55Z,2026-10-10T00:46:54Z,Kent State Golden Flashes,14.0,-112.0,2026,2026-10-10T00:47:21Z,1655,3.0346670529701028,-7.430975933034012,12.965642986004115,726826f3d6abb0bb4115e1078acbea91f10dfda4a429c17b5e74b8ed63b3a0b9,timestamped_live_quote,FBS vs FBS
2026-10-10T00:47:21Z,6050a18b694eb1d661ee7fa571b7ddbb,2026-10-10T19:30:00Z,Western Michigan Broncos,Kent State Golden Flashes,draftkings,DraftKings,2026-10-10T00:46:55Z,2026-10-10T00:46:54Z,Western Michigan Broncos,-14.0,-108.0,2026,2026-10-10T00:47:21Z,1655,3.0346670529701028,-7.430975933034012,12.965642986004115,726826f3d6abb0bb4115e1078acbea91f10dfda4a429c17b5e74b8ed63b3a0b9,timestamped_live_quote,FBS vs FBS
2026-10-10T00:47:21Z,6050a18b694eb1d661ee7fa571b7ddbb,2026-10-10T19:30:00Z,Western Michigan Broncos,Kent State Golden Flashes,lowvig,LowVig.ag,2026-10-10T00:47:09Z,2026-10-10T00:47:09Z,Kent State Golden Flashes,13.5,102.0,2026,2026-10-10T00:47:21Z,1655,3.0346670529701028,-7.430975933034012,12.965642986004115,726826f3d6abb0bb4115e1078acbea91f10dfda4a429c17b5e74b8ed63b3a0b9,timestamped_live_quote,FBS vs FBS
2026-10-10T00:47:21Z,6050a18b694eb1d661ee7fa571b7ddbb,2026-10-10T19:30:00Z,Western Michigan Broncos,Kent State Golden Flashes,lowvig,LowVig.ag,2026-10-10T00:47:09Z,2026-10-10T00:47:09Z,Western Michigan Broncos,-13.5,-114.0,2026,2026-10-10T00:47:21Z,1655,3.0346670529701028,-7.430975933034012,12.965642986004115,726826f3d6abb0bb4115e1078acbea91f10dfda4a429c17b5e74b8ed63b3a0b9,timestamped_live_quote,FBS vs FBS
2026-10-10T00:47:21Z,6050a18b694eb1d661ee7fa571b7ddbb,2026-10-10T19:30:00Z,Western Michigan Broncos,Kent State Golden Flashes,betonlineag,BetOnline.ag,2026-10-10T00:46:55Z,2026-10-10T00:46:55Z,Kent State Golden Flashes,13.5,-102.0,2026,2026-10-10T00:47:21Z,1655,3.0346670529701028,-7.430975933034012,12.965642986004115,726826f3d6abb0bb4115e1078acbea91f10dfda4a429c17b5e74b8ed63b3a0b9,timestamped_live_quote,FBS vs FBS
2026-10-10T00:47:21Z,6050a18b694eb1d661ee7fa571b7ddbb,2026-10-10T19:30:00Z,Western Michigan Broncos,Kent State Golden Flashes,betonlineag,BetOnline.ag,2026-10-10T00:46:55Z,2026-10-10T00:46:55Z,Western Michigan Broncos,-13.5,-118.0,2026,2026-10-10T00:47:21Z,1655,3.0346670529701028,-7.430975933034012,12.965642986004115,726826f3d6abb0bb4115e1078acbea91f10dfda4a429c17b5e74b8ed63b3a0b9,timestamped_live_quote,FBS vs FBS
2026-10-10T00:47:21Z,6050a18b694eb1d661ee7fa571b7ddbb,2026-10-10T19:30:00Z,Western Michigan Broncos,Kent State Golden Flashes,fanduel,FanDuel,2026-10-10T00:46:58Z,2026-10-10T00:46:57Z,Kent State Golden Flashes,13.5,-106.0,2026,2026-10-10T00:47:21Z,1655,3.0346670529701028,-7.430975933034012,12.965642986004115,726826f3d6abb0bb4115e1078acbea91f10dfda4a429c17b5e74b8ed63b3a0b9,timestamped_live_quote,FBS vs FBS
2026-10-10T00:47:21Z,6050a18b694eb1d661ee7fa571b7ddbb,2026-10-10T19:30:00Z,Western Michigan Broncos,Kent State Golden Flashes,fanduel,FanDuel,2026-10-10T00:46:58Z,2026-10-10T00:46:57Z,Western Michigan Broncos,-13.5,-114.0,2026,2026-10-10T00:47:21Z,1655,3.0346670529701028,-7.430975933034012,12.965642986004115,726826f3d6abb0bb4115e1078acbea91f10dfda4a429c17b5e74b8ed63b3a0b9,timestamped_live_quote,FBS vs FBS
2026-10-10T00:47:21Z,6050a18b694eb1d661ee7fa571b7ddbb,2026-10-10T19:30:00Z,Western Michigan Broncos,Kent State Golden Flashes,betmgm,BetMGM,2026-10-10T00:46:38Z,2026-10-10T00:46:38Z,Kent State Golden Flashes,13.5,-105.0,2026,2026-10-10T00:47:21Z,1655,3.0346670529701028,-7.430975933034012,12.965642986004115,726826f3d6abb0bb4115e1078acbea91f10dfda4a429c17b5e74b8ed63b3a0b9,timestamped_live_quote,FBS vs FBS
2026-10-10T00:47:21Z,6050a18b694eb1d661ee7fa571b7ddbb,2026-10-10T19:30:00Z,Western Michigan Broncos,Kent State Golden Flashes,betmgm,BetMGM,2026-10-10T00:46:38Z,2026-10-10T00:46:38Z,Western Michigan Broncos,-13.5,-115.0,2026,2026-10-10T00:47:21Z,1655,3.0346670529701028,-7.430975933034012,12.965642986004115,726826f3d6abb0bb4115e1078acbea91f10dfda4a429c17b5e74b8ed63b3a0b9,timestamped_live_quote,FBS vs FBS
2026-10-10T00:47:21Z,6050a18b694eb1d661ee7fa571b7ddbb,2026-10-10T19:30:00Z,Western Michigan Broncos,Kent State Golden Flashes,mybookieag,MyBookie.ag,2026-10-10T00:45:19Z,2026-10-10T00:45:19Z,Kent State Golden Flashes,14.0,-110.0,2026,2026-10-10T00:47:21Z,1655,3.0346670529701028,-7.430975933034012,12.965642986004115,726826f3d6abb0bb4115e1078acbea91f10dfda4a429c17b5e74b8ed63b3a0b9,timestamped_live_quote,FBS vs FBS
2026-10-10T00:47:21Z,6050a18b694eb1d661ee7fa571b7ddbb,2026-10-10T19:30:00Z,Western Michigan Broncos,Kent State Golden Flashes,mybookieag,MyBookie.ag,2026-10-10T00:45:19Z,2026-10-10T00:45:19Z,Western Michigan Broncos,-14.0,-110.0,2026,2026-10-10T00:47:21Z,1655,3.0346670529701028,-7.430975933034012,12.965642986004115,726826f3d6abb0bb4115e1078acbea91f10dfda4a429c17b5e74b8ed63b3a0b9,timestamped_live_quote,FBS vs FBS
2026-10-10T00:47:21Z,6050a18b694eb1d661ee7fa571b7ddbb,2026-10-10T19:30:00Z,Western Michigan Broncos,Kent State Golden Flashes,bovada,Bovada,2026-10-10T00:46:12Z,2026-10-10T00:46:12Z,Kent State Golden Flashes,14.0,-110.0,2026,2026-10-10T00:47:21Z,1655,3.0346670529701028,-7.430975933034012,12.965642986004115,726826f3d6abb0bb4115e1078acbea91f10dfda4a429c17b5e74b8ed63b3a0b9,timestamped_live_quote,FBS vs FBS
2026-10-10T00:47:21Z,6050a18b694eb1d661ee7fa571b7ddbb,2026-10-10T19:30:00Z,Western Michigan Broncos,Kent State Golden Flashes,bovada,Bovada,2026-10-10T00:46:12Z,2026-10-10T00:46:12Z,Western Michigan Broncos,-14.0,-110.0,2026,2026-10-10T00:47:21Z,1655,3.0346670529701028,-7.430975933034012,12.965642986004115,726826f3d6abb0bb4115e1078acbea91f10dfda4a429c17b5e74b8ed63b3a0b9,timestamped_live_quote,FBS vs FBS
2026-10-10T00:47:21Z,6050a18b694eb1d661ee7fa571b7ddbb,2026-10-10T19:30:00Z,Western Michigan Broncos,Kent State Golden Flashes,betus,BetUS,2026-10-10T00:46:22Z,2026-10-10T00:46:21Z,Kent State Golden Flashes,13.5,100.0,2026,2026-10-10T00:47:21Z,1655,3.0346670529701028,-7.430975933034012,12.965642986004115,726826f3d6abb0bb4115e1078acbea91f10dfda4a429c17b5e74b8ed63b3a0b9,timestamped_live_quote,FBS vs FBS
2026-10-10T00:47:21Z,6050a18b694eb1d661ee7fa571b7ddbb,2026-10-10T19:30:00Z,Western Michigan Broncos,Kent State Golden Flashes,betus,BetUS,2026-10-10T00:46:22Z,2026-10-10T00:46:21Z,Western Michigan Broncos,-13.5,-120.0,2026,2026-10-10T00:47:21Z,1655,3.0346670529701028,-7.430975933034012,12.965642986004115,726826f3d6abb0bb4115e1078acbea91f10dfda4a429c17b5e74b8ed63b3a0b9,timestamped_live_quote,FBS vs FBS
2026-10-10T00:47:21Z,6050a18b694eb1d661ee7fa571b7ddbb,2026-10-10T19:30:00Z,Western Michigan Broncos,Kent State Golden Flashes,betrivers,BetRivers,2026-10-10T00:47:00Z,2026-10-10T00:46:59Z,Kent State Golden Flashes,14.0,-117.0,2026,2026-10-10T00:47:21Z,1655,3.0346670529701028,-7.430975933034012,12.965642986004115,726826f3d6abb0bb4115e1078acbea91f10dfda4a429c17b5e74b8ed63b3a0b9,timestamped_live_quote,FBS vs FBS
2026-10-10T00:47:21Z,6050a18b694eb1d661ee7fa571b7ddbb,2026-10-10T19:30:00Z,Western Michigan Broncos,Kent State Golden Flashes,betrivers,BetRivers,2026-10-10T00:47:00Z,2026-10-10T00:46:59Z,Western Michigan Broncos,-14.0,-107.0,2026,2026-10-10T00:47:21Z,1655,3.0346670529701028,-7.430975933034012,12.965642986004115,726826f3d6abb0bb4115e1078acbea91f10dfda4a429c17b5e74b8ed63b3a0b9,timestamped_live_quote,FBS vs FBS
2026-10-10T00:47:21Z,979fefd620ed804180ef3fed873d61c2,2026-10-10T19:30:00Z,Navy Midshipmen,Tulsa Golden Hurricane,fanduel,FanDuel,2026-10-10T00:46:58Z,2026-10-10T00:46:57Z,Navy Midshipmen,-2.5,-108.0,2026,2026-10-10T00:47:21Z,1655,1.8404051536040575,4.921036688741473,-0.5806315351374152,726826f3d6abb0bb4115e1078acbea91f10dfda4a429c17b5e74b8ed63b3a0b9,timestamped_live_quote,FBS vs FBS
2026-10-10T00:47:21Z,979fefd620ed804180ef3fed873d61c2,2026-10-10T19:30:00Z,Navy Midshipmen,Tulsa Golden Hurricane,fanduel,FanDuel,2026-10-10T00:46:58Z,2026-10-10T00:46:57Z,Tulsa Golden Hurricane,2.5,-112.0,2026,2026-10-10T00:47:21Z,1655,1.8404051536040575,4.921036688741473,-0.5806315351374152,726826f3d6abb0bb4115e1078acbea91f10dfda4a429c17b5e74b8ed63b3a0b9,timestamped_live_quote,FBS vs FBS
2026-10-10T00:47:21Z,979fefd620ed804180ef3fed873d61c2,2026-10-10T19:30:00Z,Navy Midshipmen,Tulsa Golden Hurricane,betrivers,BetRivers,2026-10-10T00:47:00Z,2026-10-10T00:46:59Z,Navy Midshipmen,-2.0,-110.0,2026,2026-10-10T00:47:21Z,1655,1.8404051536040575,4.921036688741473,-0.5806315351374152,726826f3d6abb0bb4115e1078acbea91f10dfda4a429c17b5e74b8ed63b3a0b9,timestamped_live_quote,FBS vs FBS
2026-10-10T00:47:21Z,979fefd620ed804180ef3fed873d61c2,2026-10-10T19:30:00Z,Navy Midshipmen,Tulsa Golden Hurricane,betrivers,BetRivers,2026-10-10T00:47:00Z,2026-10-10T00:46:59Z,Tulsa Golden Hurricane,2.0,-112.0,2026,2026-10-10T00:47:21Z,1655,1.8404051536040575,4.921036688741473,-0.5806315351374152,726826f3d6abb0bb4115e1078acbea91f10dfda4a429c17b5e74b8ed63b3a0b9,timestamped_live_quote,FBS vs FBS
2026-10-10T00:47:21Z,979fefd620ed804180ef3fed873d61c2,2026-10-10T19:30:00Z,Navy Midshipmen,Tulsa Golden Hurricane,betmgm,BetMGM,2026-10-10T00:46:38Z,2026-10-10T00:46:38Z,Navy Midshipmen,-1.5,-115.0,2026,2026-10-10T00:47:21Z,1655,1.8404051536040575,4.921036688741473,-0.5806315351374152,726826f3d6abb0bb4115e1078acbea91f10dfda4a429c17b5e74b8ed63b3a0b9,timestamped_live_quote,FBS vs FBS
2026-10-10T00:47:21Z,979fefd620ed804180ef3fed873d61c2,2026-10-10T19:30:00Z,Navy Midshipmen,Tulsa Golden Hurricane,betmgm,BetMGM,2026-10-10T00:46:38Z,2026-10-10T00:46:38Z,Tulsa Golden Hurricane,1.5,-105.0,2026,2026-10-10T00:47:21Z,1655,1.8404051536040575,4.921036688741473,-0.5806315351374152,726826f3d6abb0bb4115e1078acbea91f10dfda4a429c17b5e74b8ed63b3a0b9,timestamped_live_quote,FBS vs FBS
2026-10-10T00:47:21Z,979fefd620ed804180ef3fed873d61c2,2026-10-10T19:30:00Z,Navy Midshipmen,Tulsa Golden Hurricane,draftkings,DraftKings,2026-10-10T00:46:55Z,2026-10-10T00:46:54Z,Navy Midshipmen,-1.5,-115.0,2026,2026-10-10T00:47:21Z,1655,1.8404051536040575,4.921036688741473,-0.5806315351374152,726826f3d6abb0bb4115e1078acbea91f10dfda4a429c17b5e74b8ed63b3a0b9,timestamped_live_quote,FBS vs FBS
2026-10-10T00:47:21Z,979fefd620ed804180ef3fed873d61c2,2026-10-10T19:30:00Z,Navy Midshipmen,Tulsa Golden Hurricane,draftkings,DraftKings,2026-10-10T00:46:55Z,2026-10-10T00:46:54Z,Tulsa Golden Hurricane,1.5,-105.0,2026,2026-10-10T00:47:21Z,1655,1.8404051536040575,4.921036688741473,-0.5806315351374152,726826f3d6abb0bb4115e1078acbea91f10dfda4a429c17b5e74b8ed63b3a0b9,timestamped_live_quote,FBS vs FBS
2026-10-10T00:47:21Z,979fefd620ed804180ef3fed873d61c2,2026-10-10T19:30:00Z,Navy Midshipmen,Tulsa Golden Hurricane,lowvig,LowVig.ag,2026-10-10T00:47:09Z,2026-10-10T00:47:09Z,Navy Midshipmen,-1.0,-113.0,2026,2026-10-10T00:47:21Z,1655,1.8404051536040575,4.921036688741473,-0.5806315351374152,726826f3d6abb0bb4115e1078acbea91f10dfda4a429c17b5e74b8ed63b3a0b9,timestamped_live_quote,FBS vs FBS
2026-10-10T00:47:21Z,979fefd620ed804180ef3fed873d61c2,2026-10-10T19:30:00Z,Navy Midshipmen,Tulsa Golden Hurricane,lowvig,LowVig.ag,2026-10-10T00:47:09Z,2026-10-10T00:47:09Z,Tulsa Golden Hurricane,1.0,101.0,2026,2026-10-10T00:47:21Z,1655,1.8404051536040575,4.921036688741473,-0.5806315351374152,726826f3d6abb0bb4115e1078acbea91f10dfda4a429c17b5e74b8ed63b3a0b9,timestamped_live_quote,FBS vs FBS
2026-10-10T00:47:21Z,979fefd620ed804180ef3fed873d61c2,2026-10-10T19:30:00Z,Navy Midshipmen,Tulsa Golden Hurricane,betonlineag,BetOnline.ag,2026-10-10T00:46:55Z,2026-10-10T00:46:55Z,Navy Midshipmen,-1.0,-117.0,2026,2026-10-10T00:47:21Z,1655,1.8404051536040575,4.921036688741473,-0.5806315351374152,726826f3d6abb0bb4115e1078acbea91f10dfda4a429c17b5e74b8ed63b3a0b9,timestamped_live_quote,FBS vs FBS
2026-10-10T00:47:21Z,979fefd620ed804180ef3fed873d61c2,2026-10-10T19:30:00Z,Navy Midshipmen,Tulsa Golden Hurricane,betonlineag,BetOnline.ag,2026-10-10T00:46:55Z,2026-10-10T00:46:55Z,Tulsa Golden Hurricane,1.0,-103.0,2026,2026-10-10T00:47:21Z,1655,1.8404051536040575,4.921036688741473,-0.5806315351374152,726826f3d6abb0bb4115e1078acbea91f10dfda4a429c17b5e74b8ed63b3a0b9,timestamped_live_quote,FBS vs FBS
2026-10-10T00:47:21Z,979fefd620ed804180ef3fed873d61c2,2026-10-10T19:30:00Z,Navy Midshipmen,Tulsa Golden Hurricane,mybookieag,MyBookie.ag,2026-10-10T00:45:19Z,2026-10-10T00:45:19Z,Navy Midshipmen,-1.5,-110.0,2026,2026-10-10T00:47:21Z,1655,1.8404051536040575,4.921036688741473,-0.5806315351374152,726826f3d6abb0bb4115e1078acbea91f10dfda4a429c17b5e74b8ed63b3a0b9,timestamped_live_quote,FBS vs FBS
2026-10-10T00:47:21Z,979fefd620ed804180ef3fed873d61c2,2026-10-10T19:30:00Z,Navy Midshipmen,Tulsa Golden Hurricane,mybookieag,MyBookie.ag,2026-10-10T00:45:19Z,2026-10-10T00:45:19Z,Tulsa Golden Hurricane,1.5,-110.0,2026,2026-10-10T00:47:21Z,1655,1.8404051536040575,4.921036688741473,-0.5806315351374152,726826f3d6abb0bb4115e1078acbea91f10dfda4a429c17b5e74b8ed63b3a0b9,timestamped_live_quote,FBS vs FBS
2026-10-10T00:47:21Z,979fefd620ed804180ef3fed873d61c2,2026-10-10T19:30:00Z,Navy Midshipmen,Tulsa Golden Hurricane,betus,BetUS,2026-10-10T00:46:22Z,2026-10-10T00:46:22Z,Navy Midshipmen,-1.5,-110.0,2026,2026-10-10T00:47:21Z,1655,1.8404051536040575,4.921036688741473,-0.5806315351374152,726826f3d6abb0bb4115e1078acbea91f10dfda4a429c17b5e74b8ed63b3a0b9,timestamped_live_quote,FBS vs FBS
2026-10-10T00:47:21Z,979fefd620ed804180ef3fed873d61c2,2026-10-10T19:30:00Z,Navy Midshipmen,Tulsa Golden Hurricane,betus,BetUS,2026-10-10T00:46:22Z,2026-10-10T00:46:22Z,Tulsa Golden Hurricane,1.5,-110.0,2026,2026-10-10T00:47:21Z,1655,1.8404051536040575,4.921036688741473,-0.5806315351374152,726826f3d6abb0bb4115e1078acbea91f10dfda4a429c17b5e74b8ed63b3a0b9,timestamped_live_quote,FBS vs FBS
2026-10-10T00:47:21Z,979fefd620ed804180ef3fed873d61c2,2026-10-10T19:30:00Z,Navy Midshipmen,Tulsa Golden Hurricane,bovada,Bovada,2026-10-10T00:46:12Z,2026-10-10T00:46:12Z,Navy Midshipmen,-2.0,-110.0,2026,2026-10-10T00:47:21Z,1655,1.8404051536040575,4.921036688741473,-0.5806315351374152,726826f3d6abb0bb4115e1078acbea91f10dfda4a429c17b5e74b8ed63b3a0b9,timestamped_live_quote,FBS vs FBS
2026-10-10T00:47:21Z,979fefd620ed804180ef3fed873d61c2,2026-10-10T19:30:00Z,Navy Midshipmen,Tulsa Golden Hurricane,bovada,Bovada,2026-10-10T00:46:12Z,2026-10-10T00:46:12Z,Tulsa Golden Hurricane,2.0,-110.0,2026,2026-10-10T00:47:21Z,1655,1.8404051536040575,4.921036688741473,-0.5806315351374152,726826f3d6abb0bb4115e1078acbea91f10dfda4a429c17b5e74b8ed63b3a0b9,timestamped_live_quote,FBS vs FBS
2026-10-10T00:47:21Z,496f20b5a45e727fdc2d07915ab0f865,2026-10-10T19:30:00Z,Notre Dame Fighting Irish,Stanford Cardinal,draftkings,DraftKings,2026-10-10T00:46:55Z,2026-10-10T00:46:54Z,Notre Dame Fighting Irish,-39.5,-112.0,2026,2026-10-10T00:47:21Z,1655,18.46138189581348,-7.71030838055422,28.671690276367702,726826f3d6abb0bb4115e1078acbea91f10dfda4a429c17b5e74b8ed63b3a0b9,timestamped_live_quote,FBS vs FBS
2026-10-10T00:47:21Z,496f20b5a45e727fdc2d07915ab0f865,2026-10-10T19:30:00Z,Notre Dame Fighting Irish,Stanford Cardinal,draftkings,DraftKings,2026-10-10T00:46:55Z,2026-10-10T00:46:54Z,Stanford Cardinal,39.5,-108.0,2026,2026-10-10T00:47:21Z,1655,18.46138189581348,-7.71030838055422,28.671690276367702,726826f3d6abb0bb4115e1078acbea91f10dfda4a429c17b5e74b8ed63b3a0b9,timestamped_live_quote,FBS vs FBS
2026-10-10T00:47:21Z,496f20b5a45e727fdc2d07915ab0f865,2026-10-10T19:30:00Z,Notre Dame Fighting Irish,Stanford Cardinal,fanduel,FanDuel,2026-10-10T00:46:58Z,2026-10-10T00:46:57Z,Notre Dame Fighting Irish,-39.5,-105.0,2026,2026-10-10T00:47:21Z,1655,18.46138189581348,-7.71030838055422,28.671690276367702,726826f3d6abb0bb4115e1078acbea91f10dfda4a429c17b5e74b8ed63b3a0b9,timestamped_live_quote,FBS vs FBS
2026-10-10T00:47:21Z,496f20b5a45e727fdc2d07915ab0f865,2026-10-10T19:30:00Z,Notre Dame Fighting Irish,Stanford Cardinal,fanduel,FanDuel,2026-10-10T00:46:58Z,2026-10-10T00:46:57Z,Stanford Cardinal,39.5,-115.0,2026,2026-10-10T00:47:21Z,1655,18.46138189581348,-7.71030838055422,28.671690276367702,726826f3d6abb0bb4115e1078acbea91f10dfda4a429c17b5e74b8ed63b3a0b9,timestamped_live_quote,FBS vs FBS
2026-10-10T00:47:21Z,496f20b5a45e727fdc2d07915ab0f865,2026-10-10T19:30:00Z,Notre Dame Fighting Irish,Stanford Cardinal,betrivers,BetRivers,2026-10-10T00:47:00Z,2026-10-10T00:47:00Z,Notre Dame Fighting Irish,-39.5,-113.0,2026,2026-10-10T00:47:21Z,1655,18.46138189581348,-7.71030838055422,28.671690276367702,726826f3d6abb0bb4115e1078acbea91f10dfda4a429c17b5e74b8ed63b3a0b9,timestamped_live_quote,FBS vs FBS
2026-10-10T00:47:21Z,496f20b5a45e727fdc2d07915ab0f865,2026-10-10T19:30:00Z,Notre Dame Fighting Irish,Stanford Cardinal,betrivers,BetRivers,2026-10-10T00:47:00Z,2026-10-10T00:47:00Z,Stanford Cardinal,39.5,-113.0,2026,2026-10-10T00:47:21Z,1655,18.46138189581348,-7.71030838055422,28.671690276367702,726826f3d6abb0bb4115e1078acbea91f10dfda4a429c17b5e74b8ed63b3a0b9,timestamped_live_quote,FBS vs FBS
2026-10-10T00:47:21Z,496f20b5a45e727fdc2d07915ab0f865,2026-10-10T19:30:00Z,Notre Dame Fighting Irish,Stanford Cardinal,betmgm,BetMGM,2026-10-10T00:46:38Z,2026-10-10T00:46:38Z,Notre Dame Fighting Irish,-38.5,-115.0,2026,2026-10-10T00:47:21Z,1655,18.46138189581348,-7.71030838055422,28.671690276367702,726826f3d6abb0bb4115e1078acbea91f10dfda4a429c17b5e74b8ed63b3a0b9,timestamped_live_quote,FBS vs FBS
2026-10-10T00:47:21Z,496f20b5a45e727fdc2d07915ab0f865,2026-10-10T19:30:00Z,Notre Dame Fighting Irish,Stanford Cardinal,betmgm,BetMGM,2026-10-10T00:46:38Z,2026-10-10T00:46:38Z,Stanford Cardinal,38.5,-105.0,2026,2026-10-10T00:47:21Z,1655,18.46138189581348,-7.71030838055422,28.671690276367702,726826f3d6abb0bb4115e1078acbea91f10dfda4a429c17b5e74b8ed63b3a0b9,timestamped_live_quote,FBS vs FBS
2026-10-10T00:47:21Z,496f20b5a45e727fdc2d07915ab0f865,2026-10-10T19:30:00Z,Notre Dame Fighting Irish,Stanford Cardinal,betonlineag,BetOnline.ag,2026-10-10T00:46:55Z,2026-10-10T00:46:55Z,Notre Dame Fighting Irish,-40.5,-110.0,2026,2026-10-10T00:47:21Z,1655,18.46138189581348,-7.71030838055422,28.671690276367702,726826f3d6abb0bb4115e1078acbea91f10dfda4a429c17b5e74b8ed63b3a0b9,timestamped_live_quote,FBS vs FBS
2026-10-10T00:47:21Z,496f20b5a45e727fdc2d07915ab0f865,2026-10-10T19:30:00Z,Notre Dame Fighting Irish,Stanford Cardinal,betonlineag,BetOnline.ag,2026-10-10T00:46:55Z,2026-10-10T00:46:55Z,Stanford Cardinal,40.5,-110.0,2026,2026-10-10T00:47:21Z,1655,18.46138189581348,-7.71030838055422,28.671690276367702,726826f3d6abb0bb4115e1078acbea91f10dfda4a429c17b5e74b8ed63b3a0b9,timestamped_live_quote,FBS vs FBS
2026-10-10T00:47:21Z,496f20b5a45e727fdc2d07915ab0f865,2026-10-10T19:30:00Z,Notre Dame Fighting Irish,Stanford Cardinal,lowvig,LowVig.ag,2026-10-10T00:47:09Z,2026-10-10T00:47:09Z,Notre Dame Fighting Irish,-40.5,-106.0,2026,2026-10-10T00:47:21Z,1655,18.46138189581348,-7.71030838055422,28.671690276367702,726826f3d6abb0bb4115e1078acbea91f10dfda4a429c17b5e74b8ed63b3a0b9,timestamped_live_quote,FBS vs FBS
2026-10-10T00:47:21Z,496f20b5a45e727fdc2d07915ab0f865,2026-10-10T19:30:00Z,Notre Dame Fighting Irish,Stanford Cardinal,lowvig,LowVig.ag,2026-10-10T00:47:09Z,2026-10-10T00:47:09Z,Stanford Cardinal,40.5,-106.0,2026,2026-10-10T00:47:21Z,1655,18.46138189581348,-7.71030838055422,28.671690276367702,726826f3d6abb0bb4115e1078acbea91f10dfda4a429c17b5e74b8ed63b3a0b9,timestamped_live_quote,FBS vs FBS
2026-10-10T00:47:21Z,496f20b5a45e727fdc2d07915ab0f865,2026-10-10T19:30:00Z,Notre Dame Fighting Irish,Stanford Cardinal,betus,BetUS,2026-10-10T00:46:22Z,2026-10-10T00:46:22Z,Notre Dame Fighting Irish,-40.0,-110.0,2026,2026-10-10T00:47:21Z,1655,18.46138189581348,-7.71030838055422,28.671690276367702,726826f3d6abb0bb4115e1078acbea91f10dfda4a429c17b5e74b8ed63b3a0b9,timestamped_live_quote,FBS vs FBS
2026-10-10T00:47:21Z,496f20b5a45e727fdc2d07915ab0f865,2026-10-10T19:30:00Z,Notre Dame Fighting Irish,Stanford Cardinal,betus,BetUS,2026-10-10T00:46:22Z,2026-10-10T00:46:22Z,Stanford Cardinal,40.0,-110.0,2026,2026-10-10T00:47:21Z,1655,18.46138189581348,-7.71030838055422,28.671690276367702,726826f3d6abb0bb4115e1078acbea91f10dfda4a429c17b5e74b8ed63b3a0b9,timestamped_live_quote,FBS vs FBS
2026-10-10T00:47:21Z,496f20b5a45e727fdc2d07915ab0f865,2026-10-10T19:30:00Z,Notre Dame Fighting Irish,Stanford Cardinal,bovada,Bovada,2026-10-10T00:46:12Z,2026-10-10T00:46:12Z,Notre Dame Fighting Irish,-39.5,-105.0,2026,2026-10-10T00:47:21Z,1655,18.46138189581348,-7.71030838055422,28.671690276367702,726826f3d6abb0bb4115e1078acbea91f10dfda4a429c17b5e74b8ed63b3a0b9,timestamped_live_quote,FBS vs FBS
2026-10-10T00:47:21Z,496f20b5a45e727fdc2d07915ab0f865,2026-10-10T19:30:00Z,Notre Dame Fighting Irish,Stanford Cardinal,bovada,Bovada,2026-10-10T00:46:12Z,2026-10-10T00:46:12Z,Stanford Cardinal,39.5,-115.0,2026,2026-10-10T00:47:21Z,1655,18.46138189581348,-7.71030838055422,28.671690276367702,726826f3d6abb0bb4115e1078acbea91f10dfda4a429c17b5e74b8ed63b3a0b9,timestamped_live_quote,FBS vs FBS
2026-10-10T00:47:21Z,82b83ec87fc2be5faa2e9f26ac50edef,2026-10-10T19:30:00Z,Oklahoma Sooners,Texas Longhorns,fanduel,FanDuel,2026-10-10T00:46:58Z,2026-10-10T00:46:57Z,Oklahoma Sooners,7.5,-115.0,2026,2026-10-10T00:47:21Z,1655,6.743231392250338,14.60218409311297,-5.358952700862631,726826f3d6abb0bb4115e1078acbea91f10dfda4a429c17b5e74b8ed63b3a0b9,timestamped_live_quote,FBS vs FBS
2026-10-10T00:47:21Z,82b83ec87fc2be5faa2e9f26ac50edef,2026-10-10T19:30:00Z,Oklahoma Sooners,Texas Longhorns,fanduel,FanDuel,2026-10-10T00:46:58Z,2026-10-10T00:46:57Z,Texas Longhorns,-7.5,-105.0,2026,2026-10-10T00:47:21Z,1655,6.743231392250338,14.60218409311297,-5.358952700862631,726826f3d6abb0bb4115e1078acbea91f10dfda4a429c17b5e74b8ed63b3a0b9,timestamped_live_quote,FBS vs FBS
2026-10-10T00:47:21Z,82b83ec87fc2be5faa2e9f26ac50edef,2026-10-10T19:30:00Z,Oklahoma Sooners,Texas Longhorns,betmgm,BetMGM,2026-10-10T00:46:38Z,2026-10-10T00:46:38Z,Oklahoma Sooners,7.5,-115.0,2026,2026-10-10T00:47:21Z,1655,6.743231392250338,14.60218409311297,-5.358952700862631,726826f3d6abb0bb4115e1078acbea91f10dfda4a429c17b5e74b8ed63b3a0b9,timestamped_live_quote,FBS vs FBS
2026-10-10T00:47:21Z,82b83ec87fc2be5faa2e9f26ac50edef,2026-10-10T19:30:00Z,Oklahoma Sooners,Texas Longhorns,betmgm,BetMGM,2026-10-10T00:46:38Z,2026-10-10T00:46:38Z,Texas Longhorns,-7.5,-105.0,2026,2026-10-10T00:47:21Z,1655,6.743231392250338,14.60218409311297,-5.358952700862631,726826f3d6abb0bb4115e1078acbea91f10dfda4a429c17b5e74b8ed63b3a0b9,timestamped_live_quote,FBS vs FBS
2026-10-10T00:47:21Z,82b83ec87fc2be5faa2e9f26ac50edef,2026-10-10T19:30:00Z,Oklahoma Sooners,Texas Longhorns,draftkings,DraftKings,2026-10-10T00:46:55Z,2026-10-10T00:46:54Z,Oklahoma Sooners,7.5,-115.0,2026,2026-10-10T00:47:21Z,1655,6.743231392250338,14.60218409311297,-5.358952700862631,726826f3d6abb0bb4115e1078acbea91f10dfda4a429c17b5e74b8ed63b3a0b9,timestamped_live_quote,FBS vs FBS
2026-10-10T00:47:21Z,82b83ec87fc2be5faa2e9f26ac50edef,2026-10-10T19:30:00Z,Oklahoma Sooners,Texas Longhorns,draftkings,DraftKings,2026-10-10T00:46:55Z,2026-10-10T00:46:54Z,Texas Longhorns,-7.5,-105.0,2026,2026-10-10T00:47:21Z,1655,6.743231392250338,14.60218409311297,-5.358952700862631,726826f3d6abb0bb4115e1078acbea91f10dfda4a429c17b5e74b8ed63b3a0b9,timestamped_live_quote,FBS vs FBS
2026-10-10T00:47:21Z,82b83ec87fc2be5faa2e9f26ac50edef,2026-10-10T19:30:00Z,Oklahoma Sooners,Texas Longhorns,betrivers,BetRivers,2026-10-10T00:47:00Z,2026-10-10T00:47:00Z,Oklahoma Sooners,7.5,-112.0,2026,2026-10-10T00:47:21Z,1655,6.743231392250338,14.60218409311297,-5.358952700862631,726826f3d6abb0bb4115e1078acbea91f10dfda4a429c17b5e74b8ed63b3a0b9,timestamped_live_quote,FBS vs FBS
2026-10-10T00:47:21Z,82b83ec87fc2be5faa2e9f26ac50edef,2026-10-10T19:30:00Z,Oklahoma Sooners,Texas Longhorns,betrivers,BetRivers,2026-10-10T00:47:00Z,2026-10-10T00:47:00Z,Texas Longhorns,-7.5,-110.0,2026,2026-10-10T00:47:21Z,1655,6.743231392250338,14.60218409311297,-5.358952700862631,726826f3d6abb0bb4115e1078acbea91f10dfda4a429c17b5e74b8ed63b3a0b9,timestamped_live_quote,FBS vs FBS
2026-10-10T00:47:21Z,82b83ec87fc2be5faa2e9f26ac50edef,2026-10-10T19:30:00Z,Oklahoma Sooners,Texas Longhorns,mybookieag,MyBookie.ag,2026-10-10T00:45:19Z,2026-10-10T00:45:18Z,Oklahoma Sooners,7.5,-110.0,2026,2026-10-10T00:47:21Z,1655,6.743231392250338,14.60218409311297,-5.358952700862631,726826f3d6abb0bb4115e1078acbea91f10dfda4a429c17b5e74b8ed63b3a0b9,timestamped_live_quote,FBS vs FBS
2026-10-10T00:47:21Z,82b83ec87fc2be5faa2e9f26ac50edef,2026-10-10T19:30:00Z,Oklahoma Sooners,Texas Longhorns,mybookieag,MyBookie.ag,2026-10-10T00:45:19Z,2026-10-10T00:45:18Z,Texas Longhorns,-7.5,-110.0,2026,2026-10-10T00:47:21Z,1655,6.743231392250338,14.60218409311297,-5.358952700862631,726826f3d6abb0bb4115e1078acbea91f10dfda4a429c17b5e74b8ed63b3a0b9,timestamped_live_quote,FBS vs FBS
2026-10-10T00:47:21Z,82b83ec87fc2be5faa2e9f26ac50edef,2026-10-10T19:30:00Z,Oklahoma Sooners,Texas Longhorns,betonlineag,BetOnline.ag,2026-10-10T00:46:55Z,2026-10-10T00:46:55Z,Oklahoma Sooners,7.0,-105.0,2026,2026-10-10T00:47:21Z,1655,6.743231392250338,14.60218409311297,-5.358952700862631,726826f3d6abb0bb4115e1078acbea91f10dfda4a429c17b5e74b8ed63b3a0b9,timestamped_live_quote,FBS vs FBS
2026-10-10T00:47:21Z,82b83ec87fc2be5faa2e9f26ac50edef,2026-10-10T19:30:00Z,Oklahoma Sooners,Texas Longhorns,betonlineag,BetOnline.ag,2026-10-10T00:46:55Z,2026-10-10T00:46:55Z,Texas Longhorns,-7.0,-115.0,2026,2026-10-10T00:47:21Z,1655,6.743231392250338,14.60218409311297,-5.358952700862631,726826f3d6abb0bb4115e1078acbea91f10dfda4a429c17b5e74b8ed63b3a0b9,timestamped_live_quote,FBS vs FBS
2026-10-10T00:47:21Z,82b83ec87fc2be5faa2e9f26ac50edef,2026-10-10T19:30:00Z,Oklahoma Sooners,Texas Longhorns,lowvig,LowVig.ag,2026-10-10T00:47:09Z,2026-10-10T00:47:09Z,Oklahoma Sooners,7.0,-101.0,2026,2026-10-10T00:47:21Z,1655,6.743231392250338,14.60218409311297,-5.358952700862631,726826f3d6abb0bb4115e1078acbea91f10dfda4a429c17b5e74b8ed63b3a0b9,timestamped_live_quote,FBS vs FBS
2026-10-10T00:47:21Z,82b83ec87fc2be5faa2e9f26ac50edef,2026-10-10T19:30:00Z,Oklahoma Sooners,Texas Longhorns,lowvig,LowVig.ag,2026-10-10T00:47:09Z,2026-10-10T00:47:09Z,Texas Longhorns,-7.0,-111.0,2026,2026-10-10T00:47:21Z,1655,6.743231392250338,14.60218409311297,-5.358952700862631,726826f3d6abb0bb4115e1078acbea91f10dfda4a429c17b5e74b8ed63b3a0b9,timestamped_live_quote,FBS vs FBS
2026-10-10T00:47:21Z,82b83ec87fc2be5faa2e9f26ac50edef,2026-10-10T19:30:00Z,Oklahoma Sooners,Texas Longhorns,betus,BetUS,2026-10-10T00:46:22Z,2026-10-10T00:46:22Z,Oklahoma Sooners,7.0,-105.0,2026,2026-10-10T00:47:21Z,1655,6.743231392250338,14.60218409311297,-5.358952700862631,726826f3d6abb0bb4115e1078acbea91f10dfda4a429c17b5e74b8ed63b3a0b9,timestamped_live_quote,FBS vs FBS
2026-10-10T00:47:21Z,82b83ec87fc2be5faa2e9f26ac50edef,2026-10-10T19:30:00Z,Oklahoma Sooners,Texas Longhorns,betus,BetUS,2026-10-10T00:46:22Z,2026-10-10T00:46:22Z,Texas Longhorns,-7.0,-115.0,2026,2026-10-10T00:47:21Z,1655,6.743231392250338,14.60218409311297,-5.358952700862631,726826f3d6abb0bb4115e1078acbea91f10dfda4a429c17b5e74b8ed63b3a0b9,timestamped_live_quote,FBS vs FBS
2026-10-10T00:47:21Z,82b83ec87fc2be5faa2e9f26ac50edef,2026-10-10T19:30:00Z,Oklahoma Sooners,Texas Longhorns,bovada,Bovada,2026-10-10T00:46:12Z,2026-10-10T00:46:12Z,Oklahoma Sooners,7.5,-115.0,2026,2026-10-10T00:47:21Z,1655,6.743231392250338,14.60218409311297,-5.358952700862631,726826f3d6abb0bb4115e1078acbea91f10dfda4a429c17b5e74b8ed63b3a0b9,timestamped_live_quote,FBS vs FBS
2026-10-10T00:47:21Z,82b83ec87fc2be5faa2e9f26ac50edef,2026-10-10T19:30:00Z,Oklahoma Sooners,Texas Longhorns,bovada,Bovada,2026-10-10T00:46:12Z,2026-10-10T00:46:12Z,Texas Longhorns,-7.5,-105.0,2026,2026-10-10T00:47:21Z,1655,6.743231392250338,14.60218409311297,-5.358952700862631,726826f3d6abb0bb4115e1078acbea91f10dfda4a429c17b5e74b8ed63b3a0b9,timestamped_live_quote,FBS vs FBS
2026-10-10T00:47:21Z,d9b77825d169fdd683f8efa7c1948a8e,2026-10-10T19:30:00Z,Vanderbilt Commodores,Ole Miss Rebels,fanduel,FanDuel,2026-10-10T00:46:58Z,2026-10-10T00:46:57Z,Ole Miss Rebels,-9.5,-115.0,2026,2026-10-10T00:47:21Z,1655,4.927618221938004,5.1854391675305225,2.2421790544074813,726826f3d6abb0bb4115e1078acbea91f10dfda4a429c17b5e74b8ed63b3a0b9,timestamped_live_quote,FBS vs FBS
2026-10-10T00:47:21Z,d9b77825d169fdd683f8efa7c1948a8e,2026-10-10T19:30:00Z,Vanderbilt Commodores,Ole Miss Rebels,fanduel,FanDuel,2026-10-10T00:46:58Z,2026-10-10T00:46:57Z,Vanderbilt Commodores,9.5,-105.0,2026,2026-10-10T00:47:21Z,1655,4.927618221938004,5.1854391675305225,2.2421790544074813,726826f3d6abb0bb4115e1078acbea91f10dfda4a429c17b5e74b8ed63b3a0b9,timestamped_live_quote,FBS vs FBS
2026-10-10T00:47:21Z,d9b77825d169fdd683f8efa7c1948a8e,2026-10-10T19:30:00Z,Vanderbilt Commodores,Ole Miss Rebels,draftkings,DraftKings,2026-10-10T00:46:55Z,2026-10-10T00:46:54Z,Ole Miss Rebels,-9.5,-112.0,2026,2026-10-10T00:47:21Z,1655,4.927618221938004,5.1854391675305225,2.2421790544074813,726826f3d6abb0bb4115e1078acbea91f10dfda4a429c17b5e74b8ed63b3a0b9,timestamped_live_quote,FBS vs FBS
2026-10-10T00:47:21Z,d9b77825d169fdd683f8efa7c1948a8e,2026-10-10T19:30:00Z,Vanderbilt Commodores,Ole Miss Rebels,draftkings,DraftKings,2026-10-10T00:46:55Z,2026-10-10T00:46:54Z,Vanderbilt Commodores,9.5,-108.0,2026,2026-10-10T00:47:21Z,1655,4.927618221938004,5.1854391675305225,2.2421790544074813,726826f3d6abb0bb4115e1078acbea91f10dfda4a429c17b5e74b8ed63b3a0b9,timestamped_live_quote,FBS vs FBS
2026-10-10T00:47:21Z,d9b77825d169fdd683f8efa7c1948a8e,2026-10-10T19:30:00Z,Vanderbilt Commodores,Ole Miss Rebels,betrivers,BetRivers,2026-10-10T00:47:00Z,2026-10-10T00:47:00Z,Ole Miss Rebels,-9.5,-114.0,2026,2026-10-10T00:47:21Z,1655,4.927618221938004,5.1854391675305225,2.2421790544074813,726826f3d6abb0bb4115e1078acbea91f10dfda4a429c17b5e74b8ed63b3a0b9,timestamped_live_quote,FBS vs FBS
2026-10-10T00:47:21Z,d9b77825d169fdd683f8efa7c1948a8e,2026-10-10T19:30:00Z,Vanderbilt Commodores,Ole Miss Rebels,betrivers,BetRivers,2026-10-10T00:47:00Z,2026-10-10T00:47:00Z,Vanderbilt Commodores,9.5,-109.0,2026,2026-10-10T00:47:21Z,1655,4.927618221938004,5.1854391675305225,2.2421790544074813,726826f3d6abb0bb4115e1078acbea91f10dfda4a429c17b5e74b8ed63b3a0b9,timestamped_live_quote,FBS vs FBS
2026-10-10T00:47:21Z,d9b77825d169fdd683f8efa7c1948a8e,2026-10-10T19:30:00Z,Vanderbilt Commodores,Ole Miss Rebels,betonlineag,BetOnline.ag,2026-10-10T00:46:55Z,2026-10-10T00:46:55Z,Ole Miss Rebels,-9.5,-108.0,2026,2026-10-10T00:47:21Z,1655,4.927618221938004,5.1854391675305225,2.2421790544074813,726826f3d6abb0bb4115e1078acbea91f10dfda4a429c17b5e74b8ed63b3a0b9,timestamped_live_quote,FBS vs FBS
2026-10-10T00:47:21Z,d9b77825d169fdd683f8efa7c1948a8e,2026-10-10T19:30:00Z,Vanderbilt Commodores,Ole Miss Rebels,betonlineag,BetOnline.ag,2026-10-10T00:46:55Z,2026-10-10T00:46:55Z,Vanderbilt Commodores,9.5,-112.0,2026,2026-10-10T00:47:21Z,1655,4.927618221938004,5.1854391675305225,2.2421790544074813,726826f3d6abb0bb4115e1078acbea91f10dfda4a429c17b5e74b8ed63b3a0b9,timestamped_live_quote,FBS vs FBS
2026-10-10T00:47:21Z,d9b77825d169fdd683f8efa7c1948a8e,2026-10-10T19:30:00Z,Vanderbilt Commodores,Ole Miss Rebels,betmgm,BetMGM,2026-10-10T00:46:38Z,2026-10-10T00:46:38Z,Ole Miss Rebels,-9.5,-110.0,2026,2026-10-10T00:47:21Z,1655,4.927618221938004,5.1854391675305225,2.2421790544074813,726826f3d6abb0bb4115e1078acbea91f10dfda4a429c17b5e74b8ed63b3a0b9,timestamped_live_quote,FBS vs FBS
2026-10-10T00:47:21Z,d9b77825d169fdd683f8efa7c1948a8e,2026-10-10T19:30:00Z,Vanderbilt Commodores,Ole Miss Rebels,betmgm,BetMGM,2026-10-10T00:46:38Z,2026-10-10T00:46:38Z,Vanderbilt Commodores,9.5,-110.0,2026,2026-10-10T00:47:21Z,1655,4.927618221938004,5.1854391675305225,2.2421790544074813,726826f3d6abb0bb4115e1078acbea91f10dfda4a429c17b5e74b8ed63b3a0b9,timestamped_live_quote,FBS vs FBS
2026-10-10T00:47:21Z,d9b77825d169fdd683f8efa7c1948a8e,2026-10-10T19:30:00Z,Vanderbilt Commodores,Ole Miss Rebels,mybookieag,MyBookie.ag,2026-10-10T00:45:19Z,2026-10-10T00:45:19Z,Ole Miss Rebels,-9.5,-110.0,2026,2026-10-10T00:47:21Z,1655,4.927618221938004,5.1854391675305225,2.2421790544074813,726826f3d6abb0bb4115e1078acbea91f10dfda4a429c17b5e74b8ed63b3a0b9,timestamped_live_quote,FBS vs FBS
2026-10-10T00:47:21Z,d9b77825d169fdd683f8efa7c1948a8e,2026-10-10T19:30:00Z,Vanderbilt Commodores,Ole Miss Rebels,mybookieag,MyBookie.ag,2026-10-10T00:45:19Z,2026-10-10T00:45:19Z,Vanderbilt Commodores,9.5,-110.0,2026,2026-10-10T00:47:21Z,1655,4.927618221938004,5.1854391675305225,2.2421790544074813,726826f3d6abb0bb4115e1078acbea91f10dfda4a429c17b5e74b8ed63b3a0b9,timestamped_live_quote,FBS vs FBS
2026-10-10T00:47:21Z,d9b77825d169fdd683f8efa7c1948a8e,2026-10-10T19:30:00Z,Vanderbilt Commodores,Ole Miss Rebels,betus,BetUS,2026-10-10T00:46:22Z,2026-10-10T00:46:22Z,Ole Miss Rebels,-9.5,-110.0,2026,2026-10-10T00:47:21Z,1655,4.927618221938004,5.1854391675305225,2.2421790544074813,726826f3d6abb0bb4115e1078acbea91f10dfda4a429c17b5e74b8ed63b3a0b9,timestamped_live_quote,FBS vs FBS
2026-10-10T00:47:21Z,d9b77825d169fdd683f8efa7c1948a8e,2026-10-10T19:30:00Z,Vanderbilt Commodores,Ole Miss Rebels,betus,BetUS,2026-10-10T00:46:22Z,2026-10-10T00:46:22Z,Vanderbilt Commodores,9.5,-110.0,2026,2026-10-10T00:47:21Z,1655,4.927618221938004,5.1854391675305225,2.2421790544074813,726826f3d6abb0bb4115e1078acbea91f10dfda4a429c17b5e74b8ed63b3a0b9,timestamped_live_quote,FBS vs FBS
2026-10-10T00:47:21Z,d9b77825d169fdd683f8efa7c1948a8e,2026-10-10T19:30:00Z,Vanderbilt Commodores,Ole Miss Rebels,bovada,Bovada,2026-10-10T00:46:12Z,2026-10-10T00:46:12Z,Ole Miss Rebels,-9.0,-110.0,2026,2026-10-10T00:47:21Z,1655,4.927618221938004,5.1854391675305225,2.2421790544074813,726826f3d6abb0bb4115e1078acbea91f10dfda4a429c17b5e74b8ed63b3a0b9,timestamped_live_quote,FBS vs FBS
2026-10-10T00:47:21Z,d9b77825d169fdd683f8efa7c1948a8e,2026-10-10T19:30:00Z,Vanderbilt Commodores,Ole Miss Rebels,bovada,Bovada,2026-10-10T00:46:12Z,2026-10-10T00:46:12Z,Vanderbilt Commodores,9.0,-110.0,2026,2026-10-10T00:47:21Z,1655,4.927618221938004,5.1854391675305225,2.2421790544074813,726826f3d6abb0bb4115e1078acbea91f10dfda4a429c17b5e74b8ed63b3a0b9,timestamped_live_quote,FBS vs FBS
2026-10-10T00:47:21Z,3ad908e99942c191b72d855b6f1b508f,2026-10-10T19:30:00Z,Oregon Ducks,UCLA Bruins,fanduel,FanDuel,2026-10-10T00:46:58Z,2026-10-10T00:46:57Z,Oregon Ducks,-10.5,-108.0,2026,2026-10-10T00:47:21Z,1655,14.13075375248806,13.854665050820646,2.7760887016674136,726826f3d6abb0bb4115e1078acbea91f10dfda4a429c17b5e74b8ed63b3a0b9,timestamped_live_quote,FBS vs FBS
2026-10-10T00:47:21Z,3ad908e99942c191b72d855b6f1b508f,2026-10-10T19:30:00Z,Oregon Ducks,UCLA Bruins,fanduel,FanDuel,2026-10-10T00:46:58Z,2026-10-10T00:46:57Z,UCLA Bruins,10.5,-112.0,2026,2026-10-10T00:47:21Z,1655,14.13075375248806,13.854665050820646,2.7760887016674136,726826f3d6abb0bb4115e1078acbea91f10dfda4a429c17b5e74b8ed63b3a0b9,timestamped_live_quote,FBS vs FBS
2026-10-10T00:47:21Z,3ad908e99942c191b72d855b6f1b508f,2026-10-10T19:30:00Z,Oregon Ducks,UCLA Bruins,draftkings,DraftKings,2026-10-10T00:46:55Z,2026-10-10T00:46:54Z,Oregon Ducks,-10.5,-108.0,2026,2026-10-10T00:47:21Z,1655,14.13075375248806,13.854665050820646,2.7760887016674136,726826f3d6abb0bb4115e1078acbea91f10dfda4a429c17b5e74b8ed63b3a0b9,timestamped_live_quote,FBS vs FBS
2026-10-10T00:47:21Z,3ad908e99942c191b72d855b6f1b508f,2026-10-10T19:30:00Z,Oregon Ducks,UCLA Bruins,draftkings,DraftKings,2026-10-10T00:46:55Z,2026-10-10T00:46:54Z,UCLA Bruins,10.5,-112.0,2026,2026-10-10T00:47:21Z,1655,14.13075375248806,13.854665050820646,2.7760887016674136,726826f3d6abb0bb4115e1078acbea91f10dfda4a429c17b5e74b8ed63b3a0b9,timestamped_live_quote,FBS vs FBS
2026-10-10T00:47:21Z,3ad908e99942c191b72d855b6f1b508f,2026-10-10T19:30:00Z,Oregon Ducks,UCLA Bruins,betrivers,BetRivers,2026-10-10T00:47:00Z,2026-10-10T00:47:00Z,Oregon Ducks,-11.0,-109.0,2026,2026-10-10T00:47:21Z,1655,14.13075375248806,13.854665050820646,2.7760887016674136,726826f3d6abb0bb4115e1078acbea91f10dfda4a429c17b5e74b8ed63b3a0b9,timestamped_live_quote,FBS vs FBS
2026-10-10T00:47:21Z,3ad908e99942c191b72d855b6f1b508f,2026-10-10T19:30:00Z,Oregon Ducks,UCLA Bruins,betrivers,BetRivers,2026-10-10T00:47:00Z,2026-10-10T00:47:00Z,UCLA Bruins,11.0,-114.0,2026,2026-10-10T00:47:21Z,1655,14.13075375248806,13.854665050820646,2.7760887016674136,726826f3d6abb0bb4115e1078acbea91f10dfda4a429c17b5e74b8ed63b3a0b9,timestamped_live_quote,FBS vs FBS
2026-10-10T00:47:21Z,3ad908e99942c191b72d855b6f1b508f,2026-10-10T19:30:00Z,Oregon Ducks,UCLA Bruins,mybookieag,MyBookie.ag,2026-10-10T00:45:19Z,2026-10-10T00:45:19Z,Oregon Ducks,-10.5,-110.0,2026,2026-10-10T00:47:21Z,1655,14.13075375248806,13.854665050820646,2.7760887016674136,726826f3d6abb0bb4115e1078acbea91f10dfda4a429c17b5e74b8ed63b3a0b9,timestamped_live_quote,FBS vs FBS
2026-10-10T00:47:21Z,3ad908e99942c191b72d855b6f1b508f,2026-10-10T19:30:00Z,Oregon Ducks,UCLA Bruins,mybookieag,MyBookie.ag,2026-10-10T00:45:19Z,2026-10-10T00:45:19Z,UCLA Bruins,10.5,-110.0,2026,2026-10-10T00:47:21Z,1655,14.13075375248806,13.854665050820646,2.7760887016674136,726826f3d6abb0bb4115e1078acbea91f10dfda4a429c17b5e74b8ed63b3a0b9,timestamped_live_quote,FBS vs FBS
2026-10-10T00:47:21Z,3ad908e99942c191b72d855b6f1b508f,2026-10-10T19:30:00Z,Oregon Ducks,UCLA Bruins,betmgm,BetMGM,2026-10-10T00:46:38Z,2026-10-10T00:46:38Z,Oregon Ducks,-10.5,-105.0,2026,2026-10-10T00:47:21Z,1655,14.13075375248806,13.854665050820646,2.7760887016674136,726826f3d6abb0bb4115e1078acbea91f10dfda4a429c17b5e74b8ed63b3a0b9,timestamped_live_quote,FBS vs FBS
2026-10-10T00:47:21Z,3ad908e99942c191b72d855b6f1b508f,2026-10-10T19:30:00Z,Oregon Ducks,UCLA Bruins,betmgm,BetMGM,2026-10-10T00:46:38Z,2026-10-10T00:46:38Z,UCLA Bruins,10.5,-115.0,2026,2026-10-10T00:47:21Z,1655,14.13075375248806,13.854665050820646,2.7760887016674136,726826f3d6abb0bb4115e1078acbea91f10dfda4a429c17b5e74b8ed63b3a0b9,timestamped_live_quote,FBS vs FBS
2026-10-10T00:47:21Z,3ad908e99942c191b72d855b6f1b508f,2026-10-10T19:30:00Z,Oregon Ducks,UCLA Bruins,betonlineag,BetOnline.ag,2026-10-10T00:46:55Z,2026-10-10T00:46:55Z,Oregon Ducks,-10.0,-112.0,2026,2026-10-10T00:47:21Z,1655,14.13075375248806,13.854665050820646,2.7760887016674136,726826f3d6abb0bb4115e1078acbea91f10dfda4a429c17b5e74b8ed63b3a0b9,timestamped_live_quote,FBS vs FBS
2026-10-10T00:47:21Z,3ad908e99942c191b72d855b6f1b508f,2026-10-10T19:30:00Z,Oregon Ducks,UCLA Bruins,betonlineag,BetOnline.ag,2026-10-10T00:46:55Z,2026-10-10T00:46:55Z,UCLA Bruins,10.0,-108.0,2026,2026-10-10T00:47:21Z,1655,14.13075375248806,13.854665050820646,2.7760887016674136,726826f3d6abb0bb4115e1078acbea91f10dfda4a429c17b5e74b8ed63b3a0b9,timestamped_live_quote,FBS vs FBS
2026-10-10T00:47:21Z,3ad908e99942c191b72d855b6f1b508f,2026-10-10T19:30:00Z,Oregon Ducks,UCLA Bruins,lowvig,LowVig.ag,2026-10-10T00:47:09Z,2026-10-10T00:47:09Z,Oregon Ducks,-10.0,-108.0,2026,2026-10-10T00:47:21Z,1655,14.13075375248806,13.854665050820646,2.7760887016674136,726826f3d6abb0bb4115e1078acbea91f10dfda4a429c17b5e74b8ed63b3a0b9,timestamped_live_quote,FBS vs FBS
2026-10-10T00:47:21Z,3ad908e99942c191b72d855b6f1b508f,2026-10-10T19:30:00Z,Oregon Ducks,UCLA Bruins,lowvig,LowVig.ag,2026-10-10T00:47:09Z,2026-10-10T00:47:09Z,UCLA Bruins,10.0,-104.0,2026,2026-10-10T00:47:21Z,1655,14.13075375248806,13.854665050820646,2.7760887016674136,726826f3d6abb0bb4115e1078acbea91f10dfda4a429c17b5e74b8ed63b3a0b9,timestamped_live_quote,FBS vs FBS
2026-10-10T00:47:21Z,3ad908e99942c191b72d855b6f1b508f,2026-10-10T19:30:00Z,Oregon Ducks,UCLA Bruins,betus,BetUS,2026-10-10T00:46:22Z,2026-10-10T00:46:22Z,Oregon Ducks,-10.0,-115.0,2026,2026-10-10T00:47:21Z,1655,14.13075375248806,13.854665050820646,2.7760887016674136,726826f3d6abb0bb4115e1078acbea91f10dfda4a429c17b5e74b8ed63b3a0b9,timestamped_live_quote,FBS vs FBS
2026-10-10T00:47:21Z,3ad908e99942c191b72d855b6f1b508f,2026-10-10T19:30:00Z,Oregon Ducks,UCLA Bruins,betus,BetUS,2026-10-10T00:46:22Z,2026-10-10T00:46:22Z,UCLA Bruins,10.0,-105.0,2026,2026-10-10T00:47:21Z,1655,14.13075375248806,13.854665050820646,2.7760887016674136,726826f3d6abb0bb4115e1078acbea91f10dfda4a429c17b5e74b8ed63b3a0b9,timestamped_live_quote,FBS vs FBS
2026-10-10T00:47:21Z,3ad908e99942c191b72d855b6f1b508f,2026-10-10T19:30:00Z,Oregon Ducks,UCLA Bruins,bovada,Bovada,2026-10-10T00:46:12Z,2026-10-10T00:46:12Z,Oregon Ducks,-10.5,-105.0,2026,2026-10-10T00:47:21Z,1655,14.13075375248806,13.854665050820646,2.7760887016674136,726826f3d6abb0bb4115e1078acbea91f10dfda4a429c17b5e74b8ed63b3a0b9,timestamped_live_quote,FBS vs FBS
2026-10-10T00:47:21Z,3ad908e99942c191b72d855b6f1b508f,2026-10-10T19:30:00Z,Oregon Ducks,UCLA Bruins,bovada,Bovada,2026-10-10T00:46:12Z,2026-10-10T00:46:12Z,UCLA Bruins,10.5,-115.0,2026,2026-10-10T00:47:21Z,1655,14.13075375248806,13.854665050820646,2.7760887016674136,726826f3d6abb0bb4115e1078acbea91f10dfda4a429c17b5e74b8ed63b3a0b9,timestamped_live_quote,FBS vs FBS
2026-10-10T00:47:21Z,80fbdc19285ed9bab284269273562eb9,2026-10-10T19:45:00Z,Temple Owls,UConn Huskies,fanduel,FanDuel,2026-10-10T00:46:58Z,2026-10-10T00:46:57Z,Temple Owls,-3.5,-110.0,2026,2026-10-10T00:47:21Z,1655,3.8028788359576016,5.02163216665936,1.2812466692982412,726826f3d6abb0bb4115e1078acbea91f10dfda4a429c17b5e74b8ed63b3a0b9,timestamped_live_quote,FBS vs FBS
2026-10-10T00:47:21Z,80fbdc19285ed9bab284269273562eb9,2026-10-10T19:45:00Z,Temple Owls,UConn Huskies,fanduel,FanDuel,2026-10-10T00:46:58Z,2026-10-10T00:46:57Z,UConn Huskies,3.5,-110.0,2026,2026-10-10T00:47:21Z,1655,3.8028788359576016,5.02163216665936,1.2812466692982412,726826f3d6abb0bb4115e1078acbea91f10dfda4a429c17b5e74b8ed63b3a0b9,timestamped_live_quote,FBS vs FBS
2026-10-10T00:47:21Z,80fbdc19285ed9bab284269273562eb9,2026-10-10T19:45:00Z,Temple Owls,UConn Huskies,lowvig,LowVig.ag,2026-10-10T00:47:09Z,2026-10-10T00:47:09Z,Temple Owls,-4.0,-101.0,2026,2026-10-10T00:47:21Z,1655,3.8028788359576016,5.02163216665936,1.2812466692982412,726826f3d6abb0bb4115e1078acbea91f10dfda4a429c17b5e74b8ed63b3a0b9,timestamped_live_quote,FBS vs FBS
2026-10-10T00:47:21Z,80fbdc19285ed9bab284269273562eb9,2026-10-10T19:45:00Z,Temple Owls,UConn Huskies,lowvig,LowVig.ag,2026-10-10T00:47:09Z,2026-10-10T00:47:09Z,UConn Huskies,4.0,-111.0,2026,2026-10-10T00:47:21Z,1655,3.8028788359576016,5.02163216665936,1.2812466692982412,726826f3d6abb0bb4115e1078acbea91f10dfda4a429c17b5e74b8ed63b3a0b9,timestamped_live_quote,FBS vs FBS
2026-10-10T00:47:21Z,80fbdc19285ed9bab284269273562eb9,2026-10-10T19:45:00Z,Temple Owls,UConn Huskies,betonlineag,BetOnline.ag,2026-10-10T00:46:55Z,2026-10-10T00:46:55Z,Temple Owls,-3.5,-108.0,2026,2026-10-10T00:47:21Z,1655,3.8028788359576016,5.02163216665936,1.2812466692982412,726826f3d6abb0bb4115e1078acbea91f10dfda4a429c17b5e74b8ed63b3a0b9,timestamped_live_quote,FBS vs FBS
2026-10-10T00:47:21Z,80fbdc19285ed9bab284269273562eb9,2026-10-10T19:45:00Z,Temple Owls,UConn Huskies,betonlineag,BetOnline.ag,2026-10-10T00:46:55Z,2026-10-10T00:46:55Z,UConn Huskies,3.5,-112.0,2026,2026-10-10T00:47:21Z,1655,3.8028788359576016,5.02163216665936,1.2812466692982412,726826f3d6abb0bb4115e1078acbea91f10dfda4a429c17b5e74b8ed63b3a0b9,timestamped_live_quote,FBS vs FBS
2026-10-10T00:47:21Z,80fbdc19285ed9bab284269273562eb9,2026-10-10T19:45:00Z,Temple Owls,UConn Huskies,draftkings,DraftKings,2026-10-10T00:46:55Z,2026-10-10T00:46:54Z,Temple Owls,-3.5,-112.0,2026,2026-10-10T00:47:21Z,1655,3.8028788359576016,5.02163216665936,1.2812466692982412,726826f3d6abb0bb4115e1078acbea91f10dfda4a429c17b5e74b8ed63b3a0b9,timestamped_live_quote,FBS vs FBS
2026-10-10T00:47:21Z,80fbdc19285ed9bab284269273562eb9,2026-10-10T19:45:00Z,Temple Owls,UConn Huskies,draftkings,DraftKings,2026-10-10T00:46:55Z,2026-10-10T00:46:54Z,UConn Huskies,3.5,-108.0,2026,2026-10-10T00:47:21Z,1655,3.8028788359576016,5.02163216665936,1.2812466692982412,726826f3d6abb0bb4115e1078acbea91f10dfda4a429c17b5e74b8ed63b3a0b9,timestamped_live_quote,FBS vs FBS
2026-10-10T00:47:21Z,80fbdc19285ed9bab284269273562eb9,2026-10-10T19:45:00Z,Temple Owls,UConn Huskies,betmgm,BetMGM,2026-10-10T00:46:38Z,2026-10-10T00:46:38Z,Temple Owls,-3.5,-110.0,2026,2026-10-10T00:47:21Z,1655,3.8028788359576016,5.02163216665936,1.2812466692982412,726826f3d6abb0bb4115e1078acbea91f10dfda4a429c17b5e74b8ed63b3a0b9,timestamped_live_quote,FBS vs FBS
2026-10-10T00:47:21Z,80fbdc19285ed9bab284269273562eb9,2026-10-10T19:45:00Z,Temple Owls,UConn Huskies,betmgm,BetMGM,2026-10-10T00:46:38Z,2026-10-10T00:46:38Z,UConn Huskies,3.5,-110.0,2026,2026-10-10T00:47:21Z,1655,3.8028788359576016,5.02163216665936,1.2812466692982412,726826f3d6abb0bb4115e1078acbea91f10dfda4a429c17b5e74b8ed63b3a0b9,timestamped_live_quote,FBS vs FBS
2026-10-10T00:47:21Z,80fbdc19285ed9bab284269273562eb9,2026-10-10T19:45:00Z,Temple Owls,UConn Huskies,mybookieag,MyBookie.ag,2026-10-10T00:45:19Z,2026-10-10T00:45:19Z,Temple Owls,-3.5,-110.0,2026,2026-10-10T00:47:21Z,1655,3.8028788359576016,5.02163216665936,1.2812466692982412,726826f3d6abb0bb4115e1078acbea91f10dfda4a429c17b5e74b8ed63b3a0b9,timestamped_live_quote,FBS vs FBS
2026-10-10T00:47:21Z,80fbdc19285ed9bab284269273562eb9,2026-10-10T19:45:00Z,Temple Owls,UConn Huskies,mybookieag,MyBookie.ag,2026-10-10T00:45:19Z,2026-10-10T00:45:19Z,UConn Huskies,3.5,-110.0,2026,2026-10-10T00:47:21Z,1655,3.8028788359576016,5.02163216665936,1.2812466692982412,726826f3d6abb0bb4115e1078acbea91f10dfda4a429c17b5e74b8ed63b3a0b9,timestamped_live_quote,FBS vs FBS
2026-10-10T00:47:21Z,80fbdc19285ed9bab284269273562eb9,2026-10-10T19:45:00Z,Temple Owls,UConn Huskies,bovada,Bovada,2026-10-10T00:46:12Z,2026-10-10T00:46:12Z,Temple Owls,-3.5,-110.0,2026,2026-10-10T00:47:21Z,1655,3.8028788359576016,5.02163216665936,1.2812466692982412,726826f3d6abb0bb4115e1078acbea91f10dfda4a429c17b5e74b8ed63b3a0b9,timestamped_live_quote,FBS vs FBS
2026-10-10T00:47:21Z,80fbdc19285ed9bab284269273562eb9,2026-10-10T19:45:00Z,Temple Owls,UConn Huskies,bovada,Bovada,2026-10-10T00:46:12Z,2026-10-10T00:46:12Z,UConn Huskies,3.5,-110.0,2026,2026-10-10T00:47:21Z,1655,3.8028788359576016,5.02163216665936,1.2812466692982412,726826f3d6abb0bb4115e1078acbea91f10dfda4a429c17b5e74b8ed63b3a0b9,timestamped_live_quote,FBS vs FBS
2026-10-10T00:47:21Z,80fbdc19285ed9bab284269273562eb9,2026-10-10T19:45:00Z,Temple Owls,UConn Huskies,betus,BetUS,2026-10-10T00:46:22Z,2026-10-10T00:46:21Z,Temple Owls,-3.5,-110.0,2026,2026-10-10T00:47:21Z,1655,3.8028788359576016,5.02163216665936,1.2812466692982412,726826f3d6abb0bb4115e1078acbea91f10dfda4a429c17b5e74b8ed63b3a0b9,timestamped_live_quote,FBS vs FBS
2026-10-10T00:47:21Z,80fbdc19285ed9bab284269273562eb9,2026-10-10T19:45:00Z,Temple Owls,UConn Huskies,betus,BetUS,2026-10-10T00:46:22Z,2026-10-10T00:46:21Z,UConn Huskies,3.5,-110.0,2026,2026-10-10T00:47:21Z,1655,3.8028788359576016,5.02163216665936,1.2812466692982412,726826f3d6abb0bb4115e1078acbea91f10dfda4a429c17b5e74b8ed63b3a0b9,timestamped_live_quote,FBS vs FBS
2026-10-10T00:47:21Z,80fbdc19285ed9bab284269273562eb9,2026-10-10T19:45:00Z,Temple Owls,UConn Huskies,betrivers,BetRivers,2026-10-10T00:47:00Z,2026-10-10T00:47:00Z,Temple Owls,-4.5,-109.0,2026,2026-10-10T00:47:21Z,1655,3.8028788359576016,5.02163216665936,1.2812466692982412,726826f3d6abb0bb4115e1078acbea91f10dfda4a429c17b5e74b8ed63b3a0b9,timestamped_live_quote,FBS vs FBS
2026-10-10T00:47:21Z,80fbdc19285ed9bab284269273562eb9,2026-10-10T19:45:00Z,Temple Owls,UConn Huskies,betrivers,BetRivers,2026-10-10T00:47:00Z,2026-10-10T00:47:00Z,UConn Huskies,4.5,-114.0,2026,2026-10-10T00:47:21Z,1655,3.8028788359576016,5.02163216665936,1.2812466692982412,726826f3d6abb0bb4115e1078acbea91f10dfda4a429c17b5e74b8ed63b3a0b9,timestamped_live_quote,FBS vs FBS
2026-10-10T00:47:21Z,0dd06b09349f56ce8dfc2d61d5fcd042,2026-10-10T20:15:00Z,Arkansas Razorbacks,Tennessee Volunteers,fanduel,FanDuel,2026-10-10T00:46:58Z,2026-10-10T00:46:58Z,Arkansas Razorbacks,13.5,-110.0,2026,2026-10-10T00:47:21Z,1655,0.6540609959553327,13.829280900079482,-10.675219904124148,726826f3d6abb0bb4115e1078acbea91f10dfda4a429c17b5e74b8ed63b3a0b9,timestamped_live_quote,FBS vs FBS
2026-10-10T00:47:21Z,0dd06b09349f56ce8dfc2d61d5fcd042,2026-10-10T20:15:00Z,Arkansas Razorbacks,Tennessee Volunteers,fanduel,FanDuel,2026-10-10T00:46:58Z,2026-10-10T00:46:58Z,Tennessee Volunteers,-13.5,-110.0,2026,2026-10-10T00:47:21Z,1655,0.6540609959553327,13.829280900079482,-10.675219904124148,726826f3d6abb0bb4115e1078acbea91f10dfda4a429c17b5e74b8ed63b3a0b9,timestamped_live_quote,FBS vs FBS
2026-10-10T00:47:21Z,0dd06b09349f56ce8dfc2d61d5fcd042,2026-10-10T20:15:00Z,Arkansas Razorbacks,Tennessee Volunteers,betrivers,BetRivers,2026-10-10T00:47:00Z,2026-10-10T00:47:00Z,Arkansas Razorbacks,13.5,-107.0,2026,2026-10-10T00:47:21Z,1655,0.6540609959553327,13.829280900079482,-10.675219904124148,726826f3d6abb0bb4115e1078acbea91f10dfda4a429c17b5e74b8ed63b3a0b9,timestamped_live_quote,FBS vs FBS
2026-10-10T00:47:21Z,0dd06b09349f56ce8dfc2d61d5fcd042,2026-10-10T20:15:00Z,Arkansas Razorbacks,Tennessee Volunteers,betrivers,BetRivers,2026-10-10T00:47:00Z,2026-10-10T00:47:00Z,Tennessee Volunteers,-13.5,-115.0,2026,2026-10-10T00:47:21Z,1655,0.6540609959553327,13.829280900079482,-10.675219904124148,726826f3d6abb0bb4115e1078acbea91f10dfda4a429c17b5e74b8ed63b3a0b9,timestamped_live_quote,FBS vs FBS
2026-10-10T00:47:21Z,0dd06b09349f56ce8dfc2d61d5fcd042,2026-10-10T20:15:00Z,Arkansas Razorbacks,Tennessee Volunteers,betmgm,BetMGM,2026-10-10T00:46:38Z,2026-10-10T00:46:38Z,Arkansas Razorbacks,13.5,-105.0,2026,2026-10-10T00:47:21Z,1655,0.6540609959553327,13.829280900079482,-10.675219904124148,726826f3d6abb0bb4115e1078acbea91f10dfda4a429c17b5e74b8ed63b3a0b9,timestamped_live_quote,FBS vs FBS
2026-10-10T00:47:21Z,0dd06b09349f56ce8dfc2d61d5fcd042,2026-10-10T20:15:00Z,Arkansas Razorbacks,Tennessee Volunteers,betmgm,BetMGM,2026-10-10T00:46:38Z,2026-10-10T00:46:38Z,Tennessee Volunteers,-13.5,-115.0,2026,2026-10-10T00:47:21Z,1655,0.6540609959553327,13.829280900079482,-10.675219904124148,726826f3d6abb0bb4115e1078acbea91f10dfda4a429c17b5e74b8ed63b3a0b9,timestamped_live_quote,FBS vs FBS
2026-10-10T00:47:21Z,0dd06b09349f56ce8dfc2d61d5fcd042,2026-10-10T20:15:00Z,Arkansas Razorbacks,Tennessee Volunteers,draftkings,DraftKings,2026-10-10T00:46:55Z,2026-10-10T00:46:54Z,Arkansas Razorbacks,13.5,-105.0,2026,2026-10-10T00:47:21Z,1655,0.6540609959553327,13.829280900079482,-10.675219904124148,726826f3d6abb0bb4115e1078acbea91f10dfda4a429c17b5e74b8ed63b3a0b9,timestamped_live_quote,FBS vs FBS
2026-10-10T00:47:21Z,0dd06b09349f56ce8dfc2d61d5fcd042,2026-10-10T20:15:00Z,Arkansas Razorbacks,Tennessee Volunteers,draftkings,DraftKings,2026-10-10T00:46:55Z,2026-10-10T00:46:54Z,Tennessee Volunteers,-13.5,-115.0,2026,2026-10-10T00:47:21Z,1655,0.6540609959553327,13.829280900079482,-10.675219904124148,726826f3d6abb0bb4115e1078acbea91f10dfda4a429c17b5e74b8ed63b3a0b9,timestamped_live_quote,FBS vs FBS
2026-10-10T00:47:21Z,0dd06b09349f56ce8dfc2d61d5fcd042,2026-10-10T20:15:00Z,Arkansas Razorbacks,Tennessee Volunteers,lowvig,LowVig.ag,2026-10-10T00:47:09Z,2026-10-10T00:47:09Z,Arkansas Razorbacks,13.5,-103.0,2026,2026-10-10T00:47:21Z,1655,0.6540609959553327,13.829280900079482,-10.675219904124148,726826f3d6abb0bb4115e1078acbea91f10dfda4a429c17b5e74b8ed63b3a0b9,timestamped_live_quote,FBS vs FBS
2026-10-10T00:47:21Z,0dd06b09349f56ce8dfc2d61d5fcd042,2026-10-10T20:15:00Z,Arkansas Razorbacks,Tennessee Volunteers,lowvig,LowVig.ag,2026-10-10T00:47:09Z,2026-10-10T00:47:09Z,Tennessee Volunteers,-13.5,-109.0,2026,2026-10-10T00:47:21Z,1655,0.6540609959553327,13.829280900079482,-10.675219904124148,726826f3d6abb0bb4115e1078acbea91f10dfda4a429c17b5e74b8ed63b3a0b9,timestamped_live_quote,FBS vs FBS
2026-10-10T00:47:21Z,0dd06b09349f56ce8dfc2d61d5fcd042,2026-10-10T20:15:00Z,Arkansas Razorbacks,Tennessee Volunteers,betonlineag,BetOnline.ag,2026-10-10T00:46:55Z,2026-10-10T00:46:55Z,Arkansas Razorbacks,13.5,-107.0,2026,2026-10-10T00:47:21Z,1655,0.6540609959553327,13.829280900079482,-10.675219904124148,726826f3d6abb0bb4115e1078acbea91f10dfda4a429c17b5e74b8ed63b3a0b9,timestamped_live_quote,FBS vs FBS
2026-10-10T00:47:21Z,0dd06b09349f56ce8dfc2d61d5fcd042,2026-10-10T20:15:00Z,Arkansas Razorbacks,Tennessee Volunteers,betonlineag,BetOnline.ag,2026-10-10T00:46:55Z,2026-10-10T00:46:55Z,Tennessee Volunteers,-13.5,-113.0,2026,2026-10-10T00:47:21Z,1655,0.6540609959553327,13.829280900079482,-10.675219904124148,726826f3d6abb0bb4115e1078acbea91f10dfda4a429c17b5e74b8ed63b3a0b9,timestamped_live_quote,FBS vs FBS
2026-10-10T00:47:21Z,0dd06b09349f56ce8dfc2d61d5fcd042,2026-10-10T20:15:00Z,Arkansas Razorbacks,Tennessee Volunteers,mybookieag,MyBookie.ag,2026-10-10T00:45:19Z,2026-10-10T00:45:19Z,Arkansas Razorbacks,13.5,-110.0,2026,2026-10-10T00:47:21Z,1655,0.6540609959553327,13.829280900079482,-10.675219904124148,726826f3d6abb0bb4115e1078acbea91f10dfda4a429c17b5e74b8ed63b3a0b9,timestamped_live_quote,FBS vs FBS
2026-10-10T00:47:21Z,0dd06b09349f56ce8dfc2d61d5fcd042,2026-10-10T20:15:00Z,Arkansas Razorbacks,Tennessee Volunteers,mybookieag,MyBookie.ag,2026-10-10T00:45:19Z,2026-10-10T00:45:19Z,Tennessee Volunteers,-13.5,-110.0,2026,2026-10-10T00:47:21Z,1655,0.6540609959553327,13.829280900079482,-10.675219904124148,726826f3d6abb0bb4115e1078acbea91f10dfda4a429c17b5e74b8ed63b3a0b9,timestamped_live_quote,FBS vs FBS
2026-10-10T00:47:21Z,0dd06b09349f56ce8dfc2d61d5fcd042,2026-10-10T20:15:00Z,Arkansas Razorbacks,Tennessee Volunteers,betus,BetUS,2026-10-10T00:46:22Z,2026-10-10T00:46:22Z,Arkansas Razorbacks,13.5,-110.0,2026,2026-10-10T00:47:21Z,1655,0.6540609959553327,13.829280900079482,-10.675219904124148,726826f3d6abb0bb4115e1078acbea91f10dfda4a429c17b5e74b8ed63b3a0b9,timestamped_live_quote,FBS vs FBS
2026-10-10T00:47:21Z,0dd06b09349f56ce8dfc2d61d5fcd042,2026-10-10T20:15:00Z,Arkansas Razorbacks,Tennessee Volunteers,betus,BetUS,2026-10-10T00:46:22Z,2026-10-10T00:46:22Z,Tennessee Volunteers,-13.5,-110.0,2026,2026-10-10T00:47:21Z,1655,0.6540609959553327,13.829280900079482,-10.675219904124148,726826f3d6abb0bb4115e1078acbea91f10dfda4a429c17b5e74b8ed63b3a0b9,timestamped_live_quote,FBS vs FBS
2026-10-10T00:47:21Z,0dd06b09349f56ce8dfc2d61d5fcd042,2026-10-10T20:15:00Z,Arkansas Razorbacks,Tennessee Volunteers,bovada,Bovada,2026-10-10T00:46:12Z,2026-10-10T00:46:12Z,Arkansas Razorbacks,13.5,-105.0,2026,2026-10-10T00:47:21Z,1655,0.6540609959553327,13.829280900079482,-10.675219904124148,726826f3d6abb0bb4115e1078acbea91f10dfda4a429c17b5e74b8ed63b3a0b9,timestamped_live_quote,FBS vs FBS
2026-10-10T00:47:21Z,0dd06b09349f56ce8dfc2d61d5fcd042,2026-10-10T20:15:00Z,Arkansas Razorbacks,Tennessee Volunteers,bovada,Bovada,2026-10-10T00:46:12Z,2026-10-10T00:46:12Z,Tennessee Volunteers,-13.5,-115.0,2026,2026-10-10T00:47:21Z,1655,0.6540609959553327,13.829280900079482,-10.675219904124148,726826f3d6abb0bb4115e1078acbea91f10dfda4a429c17b5e74b8ed63b3a0b9,timestamped_live_quote,FBS vs FBS
2026-10-10T00:47:21Z,031164b8d704599d8023a3e104f9a6c0,2026-10-10T20:15:00Z,Ohio State Buckeyes,Maryland Terrapins,draftkings,DraftKings,2026-10-10T00:46:55Z,2026-10-10T00:46:54Z,Maryland Terrapins,33.5,-112.0,2026,2026-10-10T00:47:21Z,1655,18.00388444269978,3.4038798548286673,17.100004587871112,726826f3d6abb0bb4115e1078acbea91f10dfda4a429c17b5e74b8ed63b3a0b9,timestamped_live_quote,FBS vs FBS
2026-10-10T00:47:21Z,031164b8d704599d8023a3e104f9a6c0,2026-10-10T20:15:00Z,Ohio State Buckeyes,Maryland Terrapins,draftkings,DraftKings,2026-10-10T00:46:55Z,2026-10-10T00:46:54Z,Ohio State Buckeyes,-33.5,-108.0,2026,2026-10-10T00:47:21Z,1655,18.00388444269978,3.4038798548286673,17.100004587871112,726826f3d6abb0bb4115e1078acbea91f10dfda4a429c17b5e74b8ed63b3a0b9,timestamped_live_quote,FBS vs FBS
2026-10-10T00:47:21Z,031164b8d704599d8023a3e104f9a6c0,2026-10-10T20:15:00Z,Ohio State Buckeyes,Maryland Terrapins,fanduel,FanDuel,2026-10-10T00:46:58Z,2026-10-10T00:46:58Z,Maryland Terrapins,33.5,-110.0,2026,2026-10-10T00:47:21Z,1655,18.00388444269978,3.4038798548286673,17.100004587871112,726826f3d6abb0bb4115e1078acbea91f10dfda4a429c17b5e74b8ed63b3a0b9,timestamped_live_quote,FBS vs FBS
2026-10-10T00:47:21Z,031164b8d704599d8023a3e104f9a6c0,2026-10-10T20:15:00Z,Ohio State Buckeyes,Maryland Terrapins,fanduel,FanDuel,2026-10-10T00:46:58Z,2026-10-10T00:46:58Z,Ohio State Buckeyes,-33.5,-110.0,2026,2026-10-10T00:47:21Z,1655,18.00388444269978,3.4038798548286673,17.100004587871112,726826f3d6abb0bb4115e1078acbea91f10dfda4a429c17b5e74b8ed63b3a0b9,timestamped_live_quote,FBS vs FBS
2026-10-10T00:47:21Z,031164b8d704599d8023a3e104f9a6c0,2026-10-10T20:15:00Z,Ohio State Buckeyes,Maryland Terrapins,betrivers,BetRivers,2026-10-10T00:47:00Z,2026-10-10T00:47:00Z,Maryland Terrapins,33.0,-113.0,2026,2026-10-10T00:47:21Z,1655,18.00388444269978,3.4038798548286673,17.100004587871112,726826f3d6abb0bb4115e1078acbea91f10dfda4a429c17b5e74b8ed63b3a0b9,timestamped_live_quote,FBS vs FBS
2026-10-10T00:47:21Z,031164b8d704599d8023a3e104f9a6c0,2026-10-10T20:15:00Z,Ohio State Buckeyes,Maryland Terrapins,betrivers,BetRivers,2026-10-10T00:47:00Z,2026-10-10T00:47:00Z,Ohio State Buckeyes,-33.0,-110.0,2026,2026-10-10T00:47:21Z,1655,18.00388444269978,3.4038798548286673,17.100004587871112,726826f3d6abb0bb4115e1078acbea91f10dfda4a429c17b5e74b8ed63b3a0b9,timestamped_live_quote,FBS vs FBS
2026-10-10T00:47:21Z,031164b8d704599d8023a3e104f9a6c0,2026-10-10T20:15:00Z,Ohio State Buckeyes,Maryland Terrapins,betmgm,BetMGM,2026-10-10T00:46:38Z,2026-10-10T00:46:38Z,Maryland Terrapins,33.5,-110.0,2026,2026-10-10T00:47:21Z,1655,18.00388444269978,3.4038798548286673,17.100004587871112,726826f3d6abb0bb4115e1078acbea91f10dfda4a429c17b5e74b8ed63b3a0b9,timestamped_live_quote,FBS vs FBS
2026-10-10T00:47:21Z,031164b8d704599d8023a3e104f9a6c0,2026-10-10T20:15:00Z,Ohio State Buckeyes,Maryland Terrapins,betmgm,BetMGM,2026-10-10T00:46:38Z,2026-10-10T00:46:38Z,Ohio State Buckeyes,-33.5,-110.0,2026,2026-10-10T00:47:21Z,1655,18.00388444269978,3.4038798548286673,17.100004587871112,726826f3d6abb0bb4115e1078acbea91f10dfda4a429c17b5e74b8ed63b3a0b9,timestamped_live_quote,FBS vs FBS
2026-10-10T00:47:21Z,031164b8d704599d8023a3e104f9a6c0,2026-10-10T20:15:00Z,Ohio State Buckeyes,Maryland Terrapins,lowvig,LowVig.ag,2026-10-10T00:47:09Z,2026-10-10T00:47:09Z,Maryland Terrapins,32.5,-106.0,2026,2026-10-10T00:47:21Z,1655,18.00388444269978,3.4038798548286673,17.100004587871112,726826f3d6abb0bb4115e1078acbea91f10dfda4a429c17b5e74b8ed63b3a0b9,timestamped_live_quote,FBS vs FBS
2026-10-10T00:47:21Z,031164b8d704599d8023a3e104f9a6c0,2026-10-10T20:15:00Z,Ohio State Buckeyes,Maryland Terrapins,lowvig,LowVig.ag,2026-10-10T00:47:09Z,2026-10-10T00:47:09Z,Ohio State Buckeyes,-32.5,-106.0,2026,2026-10-10T00:47:21Z,1655,18.00388444269978,3.4038798548286673,17.100004587871112,726826f3d6abb0bb4115e1078acbea91f10dfda4a429c17b5e74b8ed63b3a0b9,timestamped_live_quote,FBS vs FBS
2026-10-10T00:47:21Z,031164b8d704599d8023a3e104f9a6c0,2026-10-10T20:15:00Z,Ohio State Buckeyes,Maryland Terrapins,betonlineag,BetOnline.ag,2026-10-10T00:46:55Z,2026-10-10T00:46:55Z,Maryland Terrapins,32.5,-110.0,2026,2026-10-10T00:47:21Z,1655,18.00388444269978,3.4038798548286673,17.100004587871112,726826f3d6abb0bb4115e1078acbea91f10dfda4a429c17b5e74b8ed63b3a0b9,timestamped_live_quote,FBS vs FBS
2026-10-10T00:47:21Z,031164b8d704599d8023a3e104f9a6c0,2026-10-10T20:15:00Z,Ohio State Buckeyes,Maryland Terrapins,betonlineag,BetOnline.ag,2026-10-10T00:46:55Z,2026-10-10T00:46:55Z,Ohio State Buckeyes,-32.5,-110.0,2026,2026-10-10T00:47:21Z,1655,18.00388444269978,3.4038798548286673,17.100004587871112,726826f3d6abb0bb4115e1078acbea91f10dfda4a429c17b5e74b8ed63b3a0b9,timestamped_live_quote,FBS vs FBS
2026-10-10T00:47:21Z,031164b8d704599d8023a3e104f9a6c0,2026-10-10T20:15:00Z,Ohio State Buckeyes,Maryland Terrapins,bovada,Bovada,2026-10-10T00:46:12Z,2026-10-10T00:46:12Z,Maryland Terrapins,32.5,-105.0,2026,2026-10-10T00:47:21Z,1655,18.00388444269978,3.4038798548286673,17.100004587871112,726826f3d6abb0bb4115e1078acbea91f10dfda4a429c17b5e74b8ed63b3a0b9,timestamped_live_quote,FBS vs FBS
2026-10-10T00:47:21Z,031164b8d704599d8023a3e104f9a6c0,2026-10-10T20:15:00Z,Ohio State Buckeyes,Maryland Terrapins,bovada,Bovada,2026-10-10T00:46:12Z,2026-10-10T00:46:12Z,Ohio State Buckeyes,-32.5,-115.0,2026,2026-10-10T00:47:21Z,1655,18.00388444269978,3.4038798548286673,17.100004587871112,726826f3d6abb0bb4115e1078acbea91f10dfda4a429c17b5e74b8ed63b3a0b9,timestamped_live_quote,FBS vs FBS
2026-10-10T00:47:21Z,031164b8d704599d8023a3e104f9a6c0,2026-10-10T20:15:00Z,Ohio State Buckeyes,Maryland Terrapins,betus,BetUS,2026-10-10T00:46:22Z,2026-10-10T00:46:21Z,Maryland Terrapins,33.0,-110.0,2026,2026-10-10T00:47:21Z,1655,18.00388444269978,3.4038798548286673,17.100004587871112,726826f3d6abb0bb4115e1078acbea91f10dfda4a429c17b5e74b8ed63b3a0b9,timestamped_live_quote,FBS vs FBS
2026-10-10T00:47:21Z,031164b8d704599d8023a3e104f9a6c0,2026-10-10T20:15:00Z,Ohio State Buckeyes,Maryland Terrapins,betus,BetUS,2026-10-10T00:46:22Z,2026-10-10T00:46:21Z,Ohio State Buckeyes,-33.0,-110.0,2026,2026-10-10T00:47:21Z,1655,18.00388444269978,3.4038798548286673,17.100004587871112,726826f3d6abb0bb4115e1078acbea91f10dfda4a429c17b5e74b8ed63b3a0b9,timestamped_live_quote,FBS vs FBS
2026-10-10T00:47:21Z,031164b8d704599d8023a3e104f9a6c0,2026-10-10T20:15:00Z,Ohio State Buckeyes,Maryland Terrapins,mybookieag,MyBookie.ag,2026-10-10T00:45:19Z,2026-10-10T00:45:19Z,Maryland Terrapins,33.0,-110.0,2026,2026-10-10T00:47:21Z,1655,18.00388444269978,3.4038798548286673,17.100004587871112,726826f3d6abb0bb4115e1078acbea91f10dfda4a429c17b5e74b8ed63b3a0b9,timestamped_live_quote,FBS vs FBS
2026-10-10T00:47:21Z,031164b8d704599d8023a3e104f9a6c0,2026-10-10T20:15:00Z,Ohio State Buckeyes,Maryland Terrapins,mybookieag,MyBookie.ag,2026-10-10T00:45:19Z,2026-10-10T00:45:19Z,Ohio State Buckeyes,-33.0,-110.0,2026,2026-10-10T00:47:21Z,1655,18.00388444269978,3.4038798548286673,17.100004587871112,726826f3d6abb0bb4115e1078acbea91f10dfda4a429c17b5e74b8ed63b3a0b9,timestamped_live_quote,FBS vs FBS
2026-10-10T00:47:21Z,6e4d435e9afc8a6db1162d2057d74acb,2026-10-10T22:00:00Z,Oregon State Beavers,San Diego State Aztecs,fanduel,FanDuel,2026-10-10T00:46:58Z,2026-10-10T00:46:58Z,Oregon State Beavers,-15.5,-118.0,2026,2026-10-10T00:47:21Z,1655,10.433885083432695,0.49122032340653254,12.442664760026164,726826f3d6abb0bb4115e1078acbea91f10dfda4a429c17b5e74b8ed63b3a0b9,timestamped_live_quote,FBS vs FBS
2026-10-10T00:47:21Z,6e4d435e9afc8a6db1162d2057d74acb,2026-10-10T22:00:00Z,Oregon State Beavers,San Diego State Aztecs,fanduel,FanDuel,2026-10-10T00:46:58Z,2026-10-10T00:46:58Z,San Diego State Aztecs,15.5,-104.0,2026,2026-10-10T00:47:21Z,1655,10.433885083432695,0.49122032340653254,12.442664760026164,726826f3d6abb0bb4115e1078acbea91f10dfda4a429c17b5e74b8ed63b3a0b9,timestamped_live_quote,FBS vs FBS
2026-10-10T00:47:21Z,6e4d435e9afc8a6db1162d2057d74acb,2026-10-10T22:00:00Z,Oregon State Beavers,San Diego State Aztecs,betrivers,BetRivers,2026-10-10T00:47:00Z,2026-10-10T00:47:00Z,Oregon State Beavers,-16.0,-110.0,2026,2026-10-10T00:47:21Z,1655,10.433885083432695,0.49122032340653254,12.442664760026164,726826f3d6abb0bb4115e1078acbea91f10dfda4a429c17b5e74b8ed63b3a0b9,timestamped_live_quote,FBS vs FBS
2026-10-10T00:47:21Z,6e4d435e9afc8a6db1162d2057d74acb,2026-10-10T22:00:00Z,Oregon State Beavers,San Diego State Aztecs,betrivers,BetRivers,2026-10-10T00:47:00Z,2026-10-10T00:47:00Z,San Diego State Aztecs,16.0,-113.0,2026,2026-10-10T00:47:21Z,1655,10.433885083432695,0.49122032340653254,12.442664760026164,726826f3d6abb0bb4115e1078acbea91f10dfda4a429c17b5e74b8ed63b3a0b9,timestamped_live_quote,FBS vs FBS
2026-10-10T00:47:21Z,6e4d435e9afc8a6db1162d2057d74acb,2026-10-10T22:00:00Z,Oregon State Beavers,San Diego State Aztecs,betmgm,BetMGM,2026-10-10T00:46:38Z,2026-10-10T00:46:38Z,Oregon State Beavers,-16.5,-105.0,2026,2026-10-10T00:47:21Z,1655,10.433885083432695,0.49122032340653254,12.442664760026164,726826f3d6abb0bb4115e1078acbea91f10dfda4a429c17b5e74b8ed63b3a0b9,timestamped_live_quote,FBS vs FBS
2026-10-10T00:47:21Z,6e4d435e9afc8a6db1162d2057d74acb,2026-10-10T22:00:00Z,Oregon State Beavers,San Diego State Aztecs,betmgm,BetMGM,2026-10-10T00:46:38Z,2026-10-10T00:46:38Z,San Diego State Aztecs,16.5,-115.0,2026,2026-10-10T00:47:21Z,1655,10.433885083432695,0.49122032340653254,12.442664760026164,726826f3d6abb0bb4115e1078acbea91f10dfda4a429c17b5e74b8ed63b3a0b9,timestamped_live_quote,FBS vs FBS
2026-10-10T00:47:21Z,6e4d435e9afc8a6db1162d2057d74acb,2026-10-10T22:00:00Z,Oregon State Beavers,San Diego State Aztecs,lowvig,LowVig.ag,2026-10-10T00:47:09Z,2026-10-10T00:47:09Z,Oregon State Beavers,-16.0,-106.0,2026,2026-10-10T00:47:21Z,1655,10.433885083432695,0.49122032340653254,12.442664760026164,726826f3d6abb0bb4115e1078acbea91f10dfda4a429c17b5e74b8ed63b3a0b9,timestamped_live_quote,FBS vs FBS
2026-10-10T00:47:21Z,6e4d435e9afc8a6db1162d2057d74acb,2026-10-10T22:00:00Z,Oregon State Beavers,San Diego State Aztecs,lowvig,LowVig.ag,2026-10-10T00:47:09Z,2026-10-10T00:47:09Z,San Diego State Aztecs,16.0,-106.0,2026,2026-10-10T00:47:21Z,1655,10.433885083432695,0.49122032340653254,12.442664760026164,726826f3d6abb0bb4115e1078acbea91f10dfda4a429c17b5e74b8ed63b3a0b9,timestamped_live_quote,FBS vs FBS
2026-10-10T00:47:21Z,6e4d435e9afc8a6db1162d2057d74acb,2026-10-10T22:00:00Z,Oregon State Beavers,San Diego State Aztecs,betonlineag,BetOnline.ag,2026-10-10T00:46:55Z,2026-10-10T00:46:55Z,Oregon State Beavers,-16.0,-110.0,2026,2026-10-10T00:47:21Z,1655,10.433885083432695,0.49122032340653254,12.442664760026164,726826f3d6abb0bb4115e1078acbea91f10dfda4a429c17b5e74b8ed63b3a0b9,timestamped_live_quote,FBS vs FBS
2026-10-10T00:47:21Z,6e4d435e9afc8a6db1162d2057d74acb,2026-10-10T22:00:00Z,Oregon State Beavers,San Diego State Aztecs,betonlineag,BetOnline.ag,2026-10-10T00:46:55Z,2026-10-10T00:46:55Z,San Diego State Aztecs,16.0,-110.0,2026,2026-10-10T00:47:21Z,1655,10.433885083432695,0.49122032340653254,12.442664760026164,726826f3d6abb0bb4115e1078acbea91f10dfda4a429c17b5e74b8ed63b3a0b9,timestamped_live_quote,FBS vs FBS
2026-10-10T00:47:21Z,6e4d435e9afc8a6db1162d2057d74acb,2026-10-10T22:00:00Z,Oregon State Beavers,San Diego State Aztecs,draftkings,DraftKings,2026-10-10T00:46:55Z,2026-10-10T00:46:54Z,Oregon State Beavers,-16.5,-108.0,2026,2026-10-10T00:47:21Z,1655,10.433885083432695,0.49122032340653254,12.442664760026164,726826f3d6abb0bb4115e1078acbea91f10dfda4a429c17b5e74b8ed63b3a0b9,timestamped_live_quote,FBS vs FBS
2026-10-10T00:47:21Z,6e4d435e9afc8a6db1162d2057d74acb,2026-10-10T22:00:00Z,Oregon State Beavers,San Diego State Aztecs,draftkings,DraftKings,2026-10-10T00:46:55Z,2026-10-10T00:46:54Z,San Diego State Aztecs,16.5,-112.0,2026,2026-10-10T00:47:21Z,1655,10.433885083432695,0.49122032340653254,12.442664760026164,726826f3d6abb0bb4115e1078acbea91f10dfda4a429c17b5e74b8ed63b3a0b9,timestamped_live_quote,FBS vs FBS
2026-10-10T00:47:21Z,6e4d435e9afc8a6db1162d2057d74acb,2026-10-10T22:00:00Z,Oregon State Beavers,San Diego State Aztecs,mybookieag,MyBookie.ag,2026-10-10T00:45:19Z,2026-10-10T00:45:19Z,Oregon State Beavers,-16.0,-110.0,2026,2026-10-10T00:47:21Z,1655,10.433885083432695,0.49122032340653254,12.442664760026164,726826f3d6abb0bb4115e1078acbea91f10dfda4a429c17b5e74b8ed63b3a0b9,timestamped_live_quote,FBS vs FBS
2026-10-10T00:47:21Z,6e4d435e9afc8a6db1162d2057d74acb,2026-10-10T22:00:00Z,Oregon State Beavers,San Diego State Aztecs,mybookieag,MyBookie.ag,2026-10-10T00:45:19Z,2026-10-10T00:45:19Z,San Diego State Aztecs,16.0,-110.0,2026,2026-10-10T00:47:21Z,1655,10.433885083432695,0.49122032340653254,12.442664760026164,726826f3d6abb0bb4115e1078acbea91f10dfda4a429c17b5e74b8ed63b3a0b9,timestamped_live_quote,FBS vs FBS
2026-10-10T00:47:21Z,6e4d435e9afc8a6db1162d2057d74acb,2026-10-10T22:00:00Z,Oregon State Beavers,San Diego State Aztecs,betus,BetUS,2026-10-10T00:46:22Z,2026-10-10T00:46:22Z,Oregon State Beavers,-16.0,-110.0,2026,2026-10-10T00:47:21Z,1655,10.433885083432695,0.49122032340653254,12.442664760026164,726826f3d6abb0bb4115e1078acbea91f10dfda4a429c17b5e74b8ed63b3a0b9,timestamped_live_quote,FBS vs FBS
2026-10-10T00:47:21Z,6e4d435e9afc8a6db1162d2057d74acb,2026-10-10T22:00:00Z,Oregon State Beavers,San Diego State Aztecs,betus,BetUS,2026-10-10T00:46:22Z,2026-10-10T00:46:22Z,San Diego State Aztecs,16.0,-110.0,2026,2026-10-10T00:47:21Z,1655,10.433885083432695,0.49122032340653254,12.442664760026164,726826f3d6abb0bb4115e1078acbea91f10dfda4a429c17b5e74b8ed63b3a0b9,timestamped_live_quote,FBS vs FBS
2026-10-10T00:47:21Z,6e4d435e9afc8a6db1162d2057d74acb,2026-10-10T22:00:00Z,Oregon State Beavers,San Diego State Aztecs,bovada,Bovada,2026-10-10T00:46:12Z,2026-10-10T00:46:12Z,Oregon State Beavers,-16.0,-110.0,2026,2026-10-10T00:47:21Z,1655,10.433885083432695,0.49122032340653254,12.442664760026164,726826f3d6abb0bb4115e1078acbea91f10dfda4a429c17b5e74b8ed63b3a0b9,timestamped_live_quote,FBS vs FBS
2026-10-10T00:47:21Z,6e4d435e9afc8a6db1162d2057d74acb,2026-10-10T22:00:00Z,Oregon State Beavers,San Diego State Aztecs,bovada,Bovada,2026-10-10T00:46:12Z,2026-10-10T00:46:12Z,San Diego State Aztecs,16.0,-110.0,2026,2026-10-10T00:47:21Z,1655,10.433885083432695,0.49122032340653254,12.442664760026164,726826f3d6abb0bb4115e1078acbea91f10dfda4a429c17b5e74b8ed63b3a0b9,timestamped_live_quote,FBS vs FBS
2026-10-10T00:47:21Z,21a7dc0df1a77eb87cc985e844095cf0,2026-10-10T23:00:00Z,Marshall Thundering Herd,Coastal Carolina Chanticleers,draftkings,DraftKings,2026-10-10T00:46:55Z,2026-10-10T00:46:54Z,Coastal Carolina Chanticleers,4.0,-108.0,2026,2026-10-10T00:47:21Z,1655,-4.782298285392472,0.859842655592018,-3.14214094098449,726826f3d6abb0bb4115e1078acbea91f10dfda4a429c17b5e74b8ed63b3a0b9,timestamped_live_quote,FBS vs FBS
2026-10-10T00:47:21Z,21a7dc0df1a77eb87cc985e844095cf0,2026-10-10T23:00:00Z,Marshall Thundering Herd,Coastal Carolina Chanticleers,draftkings,DraftKings,2026-10-10T00:46:55Z,2026-10-10T00:46:54Z,Marshall Thundering Herd,-4.0,-112.0,2026,2026-10-10T00:47:21Z,1655,-4.782298285392472,0.859842655592018,-3.14214094098449,726826f3d6abb0bb4115e1078acbea91f10dfda4a429c17b5e74b8ed63b3a0b9,timestamped_live_quote,FBS vs FBS
2026-10-10T00:47:21Z,21a7dc0df1a77eb87cc985e844095cf0,2026-10-10T23:00:00Z,Marshall Thundering Herd,Coastal Carolina Chanticleers,fanduel,FanDuel,2026-10-10T00:46:58Z,2026-10-10T00:46:58Z,Coastal Carolina Chanticleers,4.5,-115.0,2026,2026-10-10T00:47:21Z,1655,-4.782298285392472,0.859842655592018,-3.14214094098449,726826f3d6abb0bb4115e1078acbea91f10dfda4a429c17b5e74b8ed63b3a0b9,timestamped_live_quote,FBS vs FBS
2026-10-10T00:47:21Z,21a7dc0df1a77eb87cc985e844095cf0,2026-10-10T23:00:00Z,Marshall Thundering Herd,Coastal Carolina Chanticleers,fanduel,FanDuel,2026-10-10T00:46:58Z,2026-10-10T00:46:58Z,Marshall Thundering Herd,-4.5,-105.0,2026,2026-10-10T00:47:21Z,1655,-4.782298285392472,0.859842655592018,-3.14214094098449,726826f3d6abb0bb4115e1078acbea91f10dfda4a429c17b5e74b8ed63b3a0b9,timestamped_live_quote,FBS vs FBS
2026-10-10T00:47:21Z,21a7dc0df1a77eb87cc985e844095cf0,2026-10-10T23:00:00Z,Marshall Thundering Herd,Coastal Carolina Chanticleers,lowvig,LowVig.ag,2026-10-10T00:47:09Z,2026-10-10T00:47:09Z,Coastal Carolina Chanticleers,4.0,-104.0,2026,2026-10-10T00:47:21Z,1655,-4.782298285392472,0.859842655592018,-3.14214094098449,726826f3d6abb0bb4115e1078acbea91f10dfda4a429c17b5e74b8ed63b3a0b9,timestamped_live_quote,FBS vs FBS
2026-10-10T00:47:21Z,21a7dc0df1a77eb87cc985e844095cf0,2026-10-10T23:00:00Z,Marshall Thundering Herd,Coastal Carolina Chanticleers,lowvig,LowVig.ag,2026-10-10T00:47:09Z,2026-10-10T00:47:09Z,Marshall Thundering Herd,-4.0,-108.0,2026,2026-10-10T00:47:21Z,1655,-4.782298285392472,0.859842655592018,-3.14214094098449,726826f3d6abb0bb4115e1078acbea91f10dfda4a429c17b5e74b8ed63b3a0b9,timestamped_live_quote,FBS vs FBS
2026-10-10T00:47:21Z,21a7dc0df1a77eb87cc985e844095cf0,2026-10-10T23:00:00Z,Marshall Thundering Herd,Coastal Carolina Chanticleers,betonlineag,BetOnline.ag,2026-10-10T00:46:55Z,2026-10-10T00:46:55Z,Coastal Carolina Chanticleers,4.0,-108.0,2026,2026-10-10T00:47:21Z,1655,-4.782298285392472,0.859842655592018,-3.14214094098449,726826f3d6abb0bb4115e1078acbea91f10dfda4a429c17b5e74b8ed63b3a0b9,timestamped_live_quote,FBS vs FBS
2026-10-10T00:47:21Z,21a7dc0df1a77eb87cc985e844095cf0,2026-10-10T23:00:00Z,Marshall Thundering Herd,Coastal Carolina Chanticleers,betonlineag,BetOnline.ag,2026-10-10T00:46:55Z,2026-10-10T00:46:55Z,Marshall Thundering Herd,-4.0,-112.0,2026,2026-10-10T00:47:21Z,1655,-4.782298285392472,0.859842655592018,-3.14214094098449,726826f3d6abb0bb4115e1078acbea91f10dfda4a429c17b5e74b8ed63b3a0b9,timestamped_live_quote,FBS vs FBS
2026-10-10T00:47:21Z,21a7dc0df1a77eb87cc985e844095cf0,2026-10-10T23:00:00Z,Marshall Thundering Herd,Coastal Carolina Chanticleers,betrivers,BetRivers,2026-10-10T00:47:00Z,2026-10-10T00:47:00Z,Coastal Carolina Chanticleers,5.0,-112.0,2026,2026-10-10T00:47:21Z,1655,-4.782298285392472,0.859842655592018,-3.14214094098449,726826f3d6abb0bb4115e1078acbea91f10dfda4a429c17b5e74b8ed63b3a0b9,timestamped_live_quote,FBS vs FBS
2026-10-10T00:47:21Z,21a7dc0df1a77eb87cc985e844095cf0,2026-10-10T23:00:00Z,Marshall Thundering Herd,Coastal Carolina Chanticleers,betrivers,BetRivers,2026-10-10T00:47:00Z,2026-10-10T00:47:00Z,Marshall Thundering Herd,-5.0,-112.0,2026,2026-10-10T00:47:21Z,1655,-4.782298285392472,0.859842655592018,-3.14214094098449,726826f3d6abb0bb4115e1078acbea91f10dfda4a429c17b5e74b8ed63b3a0b9,timestamped_live_quote,FBS vs FBS
2026-10-10T00:47:21Z,21a7dc0df1a77eb87cc985e844095cf0,2026-10-10T23:00:00Z,Marshall Thundering Herd,Coastal Carolina Chanticleers,betmgm,BetMGM,2026-10-10T00:46:38Z,2026-10-10T00:46:38Z,Coastal Carolina Chanticleers,4.0,-110.0,2026,2026-10-10T00:47:21Z,1655,-4.782298285392472,0.859842655592018,-3.14214094098449,726826f3d6abb0bb4115e1078acbea91f10dfda4a429c17b5e74b8ed63b3a0b9,timestamped_live_quote,FBS vs FBS
2026-10-10T00:47:21Z,21a7dc0df1a77eb87cc985e844095cf0,2026-10-10T23:00:00Z,Marshall Thundering Herd,Coastal Carolina Chanticleers,betmgm,BetMGM,2026-10-10T00:46:38Z,2026-10-10T00:46:38Z,Marshall Thundering Herd,-4.0,-110.0,2026,2026-10-10T00:47:21Z,1655,-4.782298285392472,0.859842655592018,-3.14214094098449,726826f3d6abb0bb4115e1078acbea91f10dfda4a429c17b5e74b8ed63b3a0b9,timestamped_live_quote,FBS vs FBS
2026-10-10T00:47:21Z,21a7dc0df1a77eb87cc985e844095cf0,2026-10-10T23:00:00Z,Marshall Thundering Herd,Coastal Carolina Chanticleers,mybookieag,MyBookie.ag,2026-10-10T00:45:19Z,2026-10-10T00:45:19Z,Coastal Carolina Chanticleers,4.0,-110.0,2026,2026-10-10T00:47:21Z,1655,-4.782298285392472,0.859842655592018,-3.14214094098449,726826f3d6abb0bb4115e1078acbea91f10dfda4a429c17b5e74b8ed63b3a0b9,timestamped_live_quote,FBS vs FBS
2026-10-10T00:47:21Z,21a7dc0df1a77eb87cc985e844095cf0,2026-10-10T23:00:00Z,Marshall Thundering Herd,Coastal Carolina Chanticleers,mybookieag,MyBookie.ag,2026-10-10T00:45:19Z,2026-10-10T00:45:19Z,Marshall Thundering Herd,-4.0,-110.0,2026,2026-10-10T00:47:21Z,1655,-4.782298285392472,0.859842655592018,-3.14214094098449,726826f3d6abb0bb4115e1078acbea91f10dfda4a429c17b5e74b8ed63b3a0b9,timestamped_live_quote,FBS vs FBS
2026-10-10T00:47:21Z,21a7dc0df1a77eb87cc985e844095cf0,2026-10-10T23:00:00Z,Marshall Thundering Herd,Coastal Carolina Chanticleers,betus,BetUS,2026-10-10T00:46:22Z,2026-10-10T00:46:21Z,Coastal Carolina Chanticleers,4.0,-110.0,2026,2026-10-10T00:47:21Z,1655,-4.782298285392472,0.859842655592018,-3.14214094098449,726826f3d6abb0bb4115e1078acbea91f10dfda4a429c17b5e74b8ed63b3a0b9,timestamped_live_quote,FBS vs FBS
2026-10-10T00:47:21Z,21a7dc0df1a77eb87cc985e844095cf0,2026-10-10T23:00:00Z,Marshall Thundering Herd,Coastal Carolina Chanticleers,betus,BetUS,2026-10-10T00:46:22Z,2026-10-10T00:46:21Z,Marshall Thundering Herd,-4.0,-110.0,2026,2026-10-10T00:47:21Z,1655,-4.782298285392472,0.859842655592018,-3.14214094098449,726826f3d6abb0bb4115e1078acbea91f10dfda4a429c17b5e74b8ed63b3a0b9,timestamped_live_quote,FBS vs FBS
2026-10-10T00:47:21Z,21a7dc0df1a77eb87cc985e844095cf0,2026-10-10T23:00:00Z,Marshall Thundering Herd,Coastal Carolina Chanticleers,bovada,Bovada,2026-10-10T00:46:12Z,2026-10-10T00:46:12Z,Coastal Carolina Chanticleers,4.5,-110.0,2026,2026-10-10T00:47:21Z,1655,-4.782298285392472,0.859842655592018,-3.14214094098449,726826f3d6abb0bb4115e1078acbea91f10dfda4a429c17b5e74b8ed63b3a0b9,timestamped_live_quote,FBS vs FBS
2026-10-10T00:47:21Z,21a7dc0df1a77eb87cc985e844095cf0,2026-10-10T23:00:00Z,Marshall Thundering Herd,Coastal Carolina Chanticleers,bovada,Bovada,2026-10-10T00:46:12Z,2026-10-10T00:46:12Z,Marshall Thundering Herd,-4.5,-110.0,2026,2026-10-10T00:47:21Z,1655,-4.782298285392472,0.859842655592018,-3.14214094098449,726826f3d6abb0bb4115e1078acbea91f10dfda4a429c17b5e74b8ed63b3a0b9,timestamped_live_quote,FBS vs FBS
2026-10-10T00:47:21Z,bdfaffbf5873812f3e04de2cbd273aa6,2026-10-10T23:00:00Z,Kentucky Wildcats,LSU Tigers,draftkings,DraftKings,2026-10-10T00:46:55Z,2026-10-10T00:46:54Z,Kentucky Wildcats,8.5,-108.0,2026,2026-10-10T00:47:21Z,1655,9.467726283511466,17.26567895840888,-5.297952674897415,726826f3d6abb0bb4115e1078acbea91f10dfda4a429c17b5e74b8ed63b3a0b9,timestamped_live_quote,FBS vs FBS
2026-10-10T00:47:21Z,bdfaffbf5873812f3e04de2cbd273aa6,2026-10-10T23:00:00Z,Kentucky Wildcats,LSU Tigers,draftkings,DraftKings,2026-10-10T00:46:55Z,2026-10-10T00:46:54Z,LSU Tigers,-8.5,-112.0,2026,2026-10-10T00:47:21Z,1655,9.467726283511466,17.26567895840888,-5.297952674897415,726826f3d6abb0bb4115e1078acbea91f10dfda4a429c17b5e74b8ed63b3a0b9,timestamped_live_quote,FBS vs FBS
2026-10-10T00:47:21Z,bdfaffbf5873812f3e04de2cbd273aa6,2026-10-10T23:00:00Z,Kentucky Wildcats,LSU Tigers,betrivers,BetRivers,2026-10-10T00:47:00Z,2026-10-10T00:47:00Z,Kentucky Wildcats,9.5,-110.0,2026,2026-10-10T00:47:21Z,1655,9.467726283511466,17.26567895840888,-5.297952674897415,726826f3d6abb0bb4115e1078acbea91f10dfda4a429c17b5e74b8ed63b3a0b9,timestamped_live_quote,FBS vs FBS
2026-10-10T00:47:21Z,bdfaffbf5873812f3e04de2cbd273aa6,2026-10-10T23:00:00Z,Kentucky Wildcats,LSU Tigers,betrivers,BetRivers,2026-10-10T00:47:00Z,2026-10-10T00:47:00Z,LSU Tigers,-9.5,-113.0,2026,2026-10-10T00:47:21Z,1655,9.467726283511466,17.26567895840888,-5.297952674897415,726826f3d6abb0bb4115e1078acbea91f10dfda4a429c17b5e74b8ed63b3a0b9,timestamped_live_quote,FBS vs FBS
2026-10-10T00:47:21Z,bdfaffbf5873812f3e04de2cbd273aa6,2026-10-10T23:00:00Z,Kentucky Wildcats,LSU Tigers,mybookieag,MyBookie.ag,2026-10-10T00:45:19Z,2026-10-10T00:45:19Z,Kentucky Wildcats,9.5,-110.0,2026,2026-10-10T00:47:21Z,1655,9.467726283511466,17.26567895840888,-5.297952674897415,726826f3d6abb0bb4115e1078acbea91f10dfda4a429c17b5e74b8ed63b3a0b9,timestamped_live_quote,FBS vs FBS
2026-10-10T00:47:21Z,bdfaffbf5873812f3e04de2cbd273aa6,2026-10-10T23:00:00Z,Kentucky Wildcats,LSU Tigers,mybookieag,MyBookie.ag,2026-10-10T00:45:19Z,2026-10-10T00:45:19Z,LSU Tigers,-9.5,-110.0,2026,2026-10-10T00:47:21Z,1655,9.467726283511466,17.26567895840888,-5.297952674897415,726826f3d6abb0bb4115e1078acbea91f10dfda4a429c17b5e74b8ed63b3a0b9,timestamped_live_quote,FBS vs FBS
2026-10-10T00:47:21Z,bdfaffbf5873812f3e04de2cbd273aa6,2026-10-10T23:00:00Z,Kentucky Wildcats,LSU Tigers,fanduel,FanDuel,2026-10-10T00:46:58Z,2026-10-10T00:46:58Z,Kentucky Wildcats,8.5,-110.0,2026,2026-10-10T00:47:21Z,1655,9.467726283511466,17.26567895840888,-5.297952674897415,726826f3d6abb0bb4115e1078acbea91f10dfda4a429c17b5e74b8ed63b3a0b9,timestamped_live_quote,FBS vs FBS
2026-10-10T00:47:21Z,bdfaffbf5873812f3e04de2cbd273aa6,2026-10-10T23:00:00Z,Kentucky Wildcats,LSU Tigers,fanduel,FanDuel,2026-10-10T00:46:58Z,2026-10-10T00:46:58Z,LSU Tigers,-8.5,-110.0,2026,2026-10-10T00:47:21Z,1655,9.467726283511466,17.26567895840888,-5.297952674897415,726826f3d6abb0bb4115e1078acbea91f10dfda4a429c17b5e74b8ed63b3a0b9,timestamped_live_quote,FBS vs FBS
2026-10-10T00:47:21Z,bdfaffbf5873812f3e04de2cbd273aa6,2026-10-10T23:00:00Z,Kentucky Wildcats,LSU Tigers,betonlineag,BetOnline.ag,2026-10-10T00:46:55Z,2026-10-10T00:46:55Z,Kentucky Wildcats,8.0,-105.0,2026,2026-10-10T00:47:21Z,1655,9.467726283511466,17.26567895840888,-5.297952674897415,726826f3d6abb0bb4115e1078acbea91f10dfda4a429c17b5e74b8ed63b3a0b9,timestamped_live_quote,FBS vs FBS
2026-10-10T00:47:21Z,bdfaffbf5873812f3e04de2cbd273aa6,2026-10-10T23:00:00Z,Kentucky Wildcats,LSU Tigers,betonlineag,BetOnline.ag,2026-10-10T00:46:55Z,2026-10-10T00:46:55Z,LSU Tigers,-8.0,-115.0,2026,2026-10-10T00:47:21Z,1655,9.467726283511466,17.26567895840888,-5.297952674897415,726826f3d6abb0bb4115e1078acbea91f10dfda4a429c17b5e74b8ed63b3a0b9,timestamped_live_quote,FBS vs FBS
2026-10-10T00:47:21Z,bdfaffbf5873812f3e04de2cbd273aa6,2026-10-10T23:00:00Z,Kentucky Wildcats,LSU Tigers,lowvig,LowVig.ag,2026-10-10T00:47:09Z,2026-10-10T00:47:09Z,Kentucky Wildcats,8.0,-101.0,2026,2026-10-10T00:47:21Z,1655,9.467726283511466,17.26567895840888,-5.297952674897415,726826f3d6abb0bb4115e1078acbea91f10dfda4a429c17b5e74b8ed63b3a0b9,timestamped_live_quote,FBS vs FBS
2026-10-10T00:47:21Z,bdfaffbf5873812f3e04de2cbd273aa6,2026-10-10T23:00:00Z,Kentucky Wildcats,LSU Tigers,lowvig,LowVig.ag,2026-10-10T00:47:09Z,2026-10-10T00:47:09Z,LSU Tigers,-8.0,-111.0,2026,2026-10-10T00:47:21Z,1655,9.467726283511466,17.26567895840888,-5.297952674897415,726826f3d6abb0bb4115e1078acbea91f10dfda4a429c17b5e74b8ed63b3a0b9,timestamped_live_quote,FBS vs FBS
2026-10-10T00:47:21Z,bdfaffbf5873812f3e04de2cbd273aa6,2026-10-10T23:00:00Z,Kentucky Wildcats,LSU Tigers,betmgm,BetMGM,2026-10-10T00:46:38Z,2026-10-10T00:46:38Z,Kentucky Wildcats,8.5,-105.0,2026,2026-10-10T00:47:21Z,1655,9.467726283511466,17.26567895840888,-5.297952674897415,726826f3d6abb0bb4115e1078acbea91f10dfda4a429c17b5e74b8ed63b3a0b9,timestamped_live_quote,FBS vs FBS
2026-10-10T00:47:21Z,bdfaffbf5873812f3e04de2cbd273aa6,2026-10-10T23:00:00Z,Kentucky Wildcats,LSU Tigers,betmgm,BetMGM,2026-10-10T00:46:38Z,2026-10-10T00:46:38Z,LSU Tigers,-8.5,-115.0,2026,2026-10-10T00:47:21Z,1655,9.467726283511466,17.26567895840888,-5.297952674897415,726826f3d6abb0bb4115e1078acbea91f10dfda4a429c17b5e74b8ed63b3a0b9,timestamped_live_quote,FBS vs FBS
2026-10-10T00:47:21Z,bdfaffbf5873812f3e04de2cbd273aa6,2026-10-10T23:00:00Z,Kentucky Wildcats,LSU Tigers,bovada,Bovada,2026-10-10T00:46:12Z,2026-10-10T00:46:12Z,Kentucky Wildcats,8.5,-110.0,2026,2026-10-10T00:47:21Z,1655,9.467726283511466,17.26567895840888,-5.297952674897415,726826f3d6abb0bb4115e1078acbea91f10dfda4a429c17b5e74b8ed63b3a0b9,timestamped_live_quote,FBS vs FBS
2026-10-10T00:47:21Z,bdfaffbf5873812f3e04de2cbd273aa6,2026-10-10T23:00:00Z,Kentucky Wildcats,LSU Tigers,bovada,Bovada,2026-10-10T00:46:12Z,2026-10-10T00:46:12Z,LSU Tigers,-8.5,-110.0,2026,2026-10-10T00:47:21Z,1655,9.467726283511466,17.26567895840888,-5.297952674897415,726826f3d6abb0bb4115e1078acbea91f10dfda4a429c17b5e74b8ed63b3a0b9,timestamped_live_quote,FBS vs FBS
2026-10-10T00:47:21Z,bdfaffbf5873812f3e04de2cbd273aa6,2026-10-10T23:00:00Z,Kentucky Wildcats,LSU Tigers,betus,BetUS,2026-10-10T00:46:22Z,2026-10-10T00:46:21Z,Kentucky Wildcats,8.5,-110.0,2026,2026-10-10T00:47:21Z,1655,9.467726283511466,17.26567895840888,-5.297952674897415,726826f3d6abb0bb4115e1078acbea91f10dfda4a429c17b5e74b8ed63b3a0b9,timestamped_live_quote,FBS vs FBS
2026-10-10T00:47:21Z,bdfaffbf5873812f3e04de2cbd273aa6,2026-10-10T23:00:00Z,Kentucky Wildcats,LSU Tigers,betus,BetUS,2026-10-10T00:46:22Z,2026-10-10T00:46:21Z,LSU Tigers,-8.5,-110.0,2026,2026-10-10T00:47:21Z,1655,9.467726283511466,17.26567895840888,-5.297952674897415,726826f3d6abb0bb4115e1078acbea91f10dfda4a429c17b5e74b8ed63b3a0b9,timestamped_live_quote,FBS vs FBS
2026-10-10T00:47:21Z,7cc5cec6dac13487c15b70d0f4411ca6,2026-10-10T23:00:00Z,Memphis Tigers,UAB Blazers,draftkings,DraftKings,2026-10-10T00:46:55Z,2026-10-10T00:46:54Z,Memphis Tigers,-14.5,-108.0,2026,2026-10-10T00:47:21Z,1655,9.022806978151412,-0.07562346629413312,11.598430444445544,726826f3d6abb0bb4115e1078acbea91f10dfda4a429c17b5e74b8ed63b3a0b9,timestamped_live_quote,FBS vs FBS
2026-10-10T00:47:21Z,7cc5cec6dac13487c15b70d0f4411ca6,2026-10-10T23:00:00Z,Memphis Tigers,UAB Blazers,draftkings,DraftKings,2026-10-10T00:46:55Z,2026-10-10T00:46:54Z,UAB Blazers,14.5,-112.0,2026,2026-10-10T00:47:21Z,1655,9.022806978151412,-0.07562346629413312,11.598430444445544,726826f3d6abb0bb4115e1078acbea91f10dfda4a429c17b5e74b8ed63b3a0b9,timestamped_live_quote,FBS vs FBS
2026-10-10T00:47:21Z,7cc5cec6dac13487c15b70d0f4411ca6,2026-10-10T23:00:00Z,Memphis Tigers,UAB Blazers,fanduel,FanDuel,2026-10-10T00:46:58Z,2026-10-10T00:46:57Z,Memphis Tigers,-14.5,-110.0,2026,2026-10-10T00:47:21Z,1655,9.022806978151412,-0.07562346629413312,11.598430444445544,726826f3d6abb0bb4115e1078acbea91f10dfda4a429c17b5e74b8ed63b3a0b9,timestamped_live_quote,FBS vs FBS
2026-10-10T00:47:21Z,7cc5cec6dac13487c15b70d0f4411ca6,2026-10-10T23:00:00Z,Memphis Tigers,UAB Blazers,fanduel,FanDuel,2026-10-10T00:46:58Z,2026-10-10T00:46:57Z,UAB Blazers,14.5,-110.0,2026,2026-10-10T00:47:21Z,1655,9.022806978151412,-0.07562346629413312,11.598430444445544,726826f3d6abb0bb4115e1078acbea91f10dfda4a429c17b5e74b8ed63b3a0b9,timestamped_live_quote,FBS vs FBS
2026-10-10T00:47:21Z,7cc5cec6dac13487c15b70d0f4411ca6,2026-10-10T23:00:00Z,Memphis Tigers,UAB Blazers,betrivers,BetRivers,2026-10-10T00:47:00Z,2026-10-10T00:47:00Z,Memphis Tigers,-14.5,-109.0,2026,2026-10-10T00:47:21Z,1655,9.022806978151412,-0.07562346629413312,11.598430444445544,726826f3d6abb0bb4115e1078acbea91f10dfda4a429c17b5e74b8ed63b3a0b9,timestamped_live_quote,FBS vs FBS
2026-10-10T00:47:21Z,7cc5cec6dac13487c15b70d0f4411ca6,2026-10-10T23:00:00Z,Memphis Tigers,UAB Blazers,betrivers,BetRivers,2026-10-10T00:47:00Z,2026-10-10T00:47:00Z,UAB Blazers,14.5,-114.0,2026,2026-10-10T00:47:21Z,1655,9.022806978151412,-0.07562346629413312,11.598430444445544,726826f3d6abb0bb4115e1078acbea91f10dfda4a429c17b5e74b8ed63b3a0b9,timestamped_live_quote,FBS vs FBS
2026-10-10T00:47:21Z,7cc5cec6dac13487c15b70d0f4411ca6,2026-10-10T23:00:00Z,Memphis Tigers,UAB Blazers,lowvig,LowVig.ag,2026-10-10T00:47:09Z,2026-10-10T00:47:09Z,Memphis Tigers,-14.5,-109.0,2026,2026-10-10T00:47:21Z,1655,9.022806978151412,-0.07562346629413312,11.598430444445544,726826f3d6abb0bb4115e1078acbea91f10dfda4a429c17b5e74b8ed63b3a0b9,timestamped_live_quote,FBS vs FBS
2026-10-10T00:47:21Z,7cc5cec6dac13487c15b70d0f4411ca6,2026-10-10T23:00:00Z,Memphis Tigers,UAB Blazers,lowvig,LowVig.ag,2026-10-10T00:47:09Z,2026-10-10T00:47:09Z,UAB Blazers,14.5,-103.0,2026,2026-10-10T00:47:21Z,1655,9.022806978151412,-0.07562346629413312,11.598430444445544,726826f3d6abb0bb4115e1078acbea91f10dfda4a429c17b5e74b8ed63b3a0b9,timestamped_live_quote,FBS vs FBS
2026-10-10T00:47:21Z,7cc5cec6dac13487c15b70d0f4411ca6,2026-10-10T23:00:00Z,Memphis Tigers,UAB Blazers,betonlineag,BetOnline.ag,2026-10-10T00:46:55Z,2026-10-10T00:46:55Z,Memphis Tigers,-14.5,-113.0,2026,2026-10-10T00:47:21Z,1655,9.022806978151412,-0.07562346629413312,11.598430444445544,726826f3d6abb0bb4115e1078acbea91f10dfda4a429c17b5e74b8ed63b3a0b9,timestamped_live_quote,FBS vs FBS
2026-10-10T00:47:21Z,7cc5cec6dac13487c15b70d0f4411ca6,2026-10-10T23:00:00Z,Memphis Tigers,UAB Blazers,betonlineag,BetOnline.ag,2026-10-10T00:46:55Z,2026-10-10T00:46:55Z,UAB Blazers,14.5,-107.0,2026,2026-10-10T00:47:21Z,1655,9.022806978151412,-0.07562346629413312,11.598430444445544,726826f3d6abb0bb4115e1078acbea91f10dfda4a429c17b5e74b8ed63b3a0b9,timestamped_live_quote,FBS vs FBS
2026-10-10T00:47:21Z,7cc5cec6dac13487c15b70d0f4411ca6,2026-10-10T23:00:00Z,Memphis Tigers,UAB Blazers,betmgm,BetMGM,2026-10-10T00:46:38Z,2026-10-10T00:46:38Z,Memphis Tigers,-14.5,-110.0,2026,2026-10-10T00:47:21Z,1655,9.022806978151412,-0.07562346629413312,11.598430444445544,726826f3d6abb0bb4115e1078acbea91f10dfda4a429c17b5e74b8ed63b3a0b9,timestamped_live_quote,FBS vs FBS
2026-10-10T00:47:21Z,7cc5cec6dac13487c15b70d0f4411ca6,2026-10-10T23:00:00Z,Memphis Tigers,UAB Blazers,betmgm,BetMGM,2026-10-10T00:46:38Z,2026-10-10T00:46:38Z,UAB Blazers,14.5,-110.0,2026,2026-10-10T00:47:21Z,1655,9.022806978151412,-0.07562346629413312,11.598430444445544,726826f3d6abb0bb4115e1078acbea91f10dfda4a429c17b5e74b8ed63b3a0b9,timestamped_live_quote,FBS vs FBS
2026-10-10T00:47:21Z,7cc5cec6dac13487c15b70d0f4411ca6,2026-10-10T23:00:00Z,Memphis Tigers,UAB Blazers,mybookieag,MyBookie.ag,2026-10-10T00:45:19Z,2026-10-10T00:45:19Z,Memphis Tigers,-14.5,-110.0,2026,2026-10-10T00:47:21Z,1655,9.022806978151412,-0.07562346629413312,11.598430444445544,726826f3d6abb0bb4115e1078acbea91f10dfda4a429c17b5e74b8ed63b3a0b9,timestamped_live_quote,FBS vs FBS
2026-10-10T00:47:21Z,7cc5cec6dac13487c15b70d0f4411ca6,2026-10-10T23:00:00Z,Memphis Tigers,UAB Blazers,mybookieag,MyBookie.ag,2026-10-10T00:45:19Z,2026-10-10T00:45:19Z,UAB Blazers,14.5,-110.0,2026,2026-10-10T00:47:21Z,1655,9.022806978151412,-0.07562346629413312,11.598430444445544,726826f3d6abb0bb4115e1078acbea91f10dfda4a429c17b5e74b8ed63b3a0b9,timestamped_live_quote,FBS vs FBS
2026-10-10T00:47:21Z,7cc5cec6dac13487c15b70d0f4411ca6,2026-10-10T23:00:00Z,Memphis Tigers,UAB Blazers,betus,BetUS,2026-10-10T00:46:22Z,2026-10-10T00:46:22Z,Memphis Tigers,-14.5,-110.0,2026,2026-10-10T00:47:21Z,1655,9.022806978151412,-0.07562346629413312,11.598430444445544,726826f3d6abb0bb4115e1078acbea91f10dfda4a429c17b5e74b8ed63b3a0b9,timestamped_live_quote,FBS vs FBS
2026-10-10T00:47:21Z,7cc5cec6dac13487c15b70d0f4411ca6,2026-10-10T23:00:00Z,Memphis Tigers,UAB Blazers,betus,BetUS,2026-10-10T00:46:22Z,2026-10-10T00:46:22Z,UAB Blazers,14.5,-110.0,2026,2026-10-10T00:47:21Z,1655,9.022806978151412,-0.07562346629413312,11.598430444445544,726826f3d6abb0bb4115e1078acbea91f10dfda4a429c17b5e74b8ed63b3a0b9,timestamped_live_quote,FBS vs FBS
2026-10-10T00:47:21Z,7cc5cec6dac13487c15b70d0f4411ca6,2026-10-10T23:00:00Z,Memphis Tigers,UAB Blazers,bovada,Bovada,2026-10-10T00:46:12Z,2026-10-10T00:46:12Z,Memphis Tigers,-15.0,-110.0,2026,2026-10-10T00:47:21Z,1655,9.022806978151412,-0.07562346629413312,11.598430444445544,726826f3d6abb0bb4115e1078acbea91f10dfda4a429c17b5e74b8ed63b3a0b9,timestamped_live_quote,FBS vs FBS
2026-10-10T00:47:21Z,7cc5cec6dac13487c15b70d0f4411ca6,2026-10-10T23:00:00Z,Memphis Tigers,UAB Blazers,bovada,Bovada,2026-10-10T00:46:12Z,2026-10-10T00:46:12Z,UAB Blazers,15.0,-110.0,2026,2026-10-10T00:47:21Z,1655,9.022806978151412,-0.07562346629413312,11.598430444445544,726826f3d6abb0bb4115e1078acbea91f10dfda4a429c17b5e74b8ed63b3a0b9,timestamped_live_quote,FBS vs FBS
2026-10-10T00:47:21Z,a3ce49a66d513b6bd1772b8696863ee1,2026-10-10T23:00:00Z,UTEP Miners,Nevada Wolf Pack,draftkings,DraftKings,2026-10-10T00:46:55Z,2026-10-10T00:46:54Z,Nevada Wolf Pack,-9.5,-115.0,2026,2026-10-10T00:47:21Z,1655,-11.131739464922584,1.375289993183366,-10.007029458105949,726826f3d6abb0bb4115e1078acbea91f10dfda4a429c17b5e74b8ed63b3a0b9,timestamped_live_quote,FBS vs FBS
2026-10-10T00:47:21Z,a3ce49a66d513b6bd1772b8696863ee1,2026-10-10T23:00:00Z,UTEP Miners,Nevada Wolf Pack,draftkings,DraftKings,2026-10-10T00:46:55Z,2026-10-10T00:46:54Z,UTEP Miners,9.5,-105.0,2026,2026-10-10T00:47:21Z,1655,-11.131739464922584,1.375289993183366,-10.007029458105949,726826f3d6abb0bb4115e1078acbea91f10dfda4a429c17b5e74b8ed63b3a0b9,timestamped_live_quote,FBS vs FBS
2026-10-10T00:47:21Z,a3ce49a66d513b6bd1772b8696863ee1,2026-10-10T23:00:00Z,UTEP Miners,Nevada Wolf Pack,lowvig,LowVig.ag,2026-10-10T00:47:09Z,2026-10-10T00:47:09Z,Nevada Wolf Pack,-9.0,-106.0,2026,2026-10-10T00:47:21Z,1655,-11.131739464922584,1.375289993183366,-10.007029458105949,726826f3d6abb0bb4115e1078acbea91f10dfda4a429c17b5e74b8ed63b3a0b9,timestamped_live_quote,FBS vs FBS
2026-10-10T00:47:21Z,a3ce49a66d513b6bd1772b8696863ee1,2026-10-10T23:00:00Z,UTEP Miners,Nevada Wolf Pack,lowvig,LowVig.ag,2026-10-10T00:47:09Z,2026-10-10T00:47:09Z,UTEP Miners,9.0,-106.0,2026,2026-10-10T00:47:21Z,1655,-11.131739464922584,1.375289993183366,-10.007029458105949,726826f3d6abb0bb4115e1078acbea91f10dfda4a429c17b5e74b8ed63b3a0b9,timestamped_live_quote,FBS vs FBS
2026-10-10T00:47:21Z,a3ce49a66d513b6bd1772b8696863ee1,2026-10-10T23:00:00Z,UTEP Miners,Nevada Wolf Pack,betonlineag,BetOnline.ag,2026-10-10T00:46:55Z,2026-10-10T00:46:55Z,Nevada Wolf Pack,-9.0,-110.0,2026,2026-10-10T00:47:21Z,1655,-11.131739464922584,1.375289993183366,-10.007029458105949,726826f3d6abb0bb4115e1078acbea91f10dfda4a429c17b5e74b8ed63b3a0b9,timestamped_live_quote,FBS vs FBS
2026-10-10T00:47:21Z,a3ce49a66d513b6bd1772b8696863ee1,2026-10-10T23:00:00Z,UTEP Miners,Nevada Wolf Pack,betonlineag,BetOnline.ag,2026-10-10T00:46:55Z,2026-10-10T00:46:55Z,UTEP Miners,9.0,-110.0,2026,2026-10-10T00:47:21Z,1655,-11.131739464922584,1.375289993183366,-10.007029458105949,726826f3d6abb0bb4115e1078acbea91f10dfda4a429c17b5e74b8ed63b3a0b9,timestamped_live_quote,FBS vs FBS
2026-10-10T00:47:21Z,a3ce49a66d513b6bd1772b8696863ee1,2026-10-10T23:00:00Z,UTEP Miners,Nevada Wolf Pack,fanduel,FanDuel,2026-10-10T00:46:58Z,2026-10-10T00:46:58Z,Nevada Wolf Pack,-9.5,-110.0,2026,2026-10-10T00:47:21Z,1655,-11.131739464922584,1.375289993183366,-10.007029458105949,726826f3d6abb0bb4115e1078acbea91f10dfda4a429c17b5e74b8ed63b3a0b9,timestamped_live_quote,FBS vs FBS
2026-10-10T00:47:21Z,a3ce49a66d513b6bd1772b8696863ee1,2026-10-10T23:00:00Z,UTEP Miners,Nevada Wolf Pack,fanduel,FanDuel,2026-10-10T00:46:58Z,2026-10-10T00:46:58Z,UTEP Miners,9.5,-110.0,2026,2026-10-10T00:47:21Z,1655,-11.131739464922584,1.375289993183366,-10.007029458105949,726826f3d6abb0bb4115e1078acbea91f10dfda4a429c17b5e74b8ed63b3a0b9,timestamped_live_quote,FBS vs FBS
2026-10-10T00:47:21Z,a3ce49a66d513b6bd1772b8696863ee1,2026-10-10T23:00:00Z,UTEP Miners,Nevada Wolf Pack,betmgm,BetMGM,2026-10-10T00:46:38Z,2026-10-10T00:46:38Z,Nevada Wolf Pack,-10.0,-110.0,2026,2026-10-10T00:47:21Z,1655,-11.131739464922584,1.375289993183366,-10.007029458105949,726826f3d6abb0bb4115e1078acbea91f10dfda4a429c17b5e74b8ed63b3a0b9,timestamped_live_quote,FBS vs FBS
2026-10-10T00:47:21Z,a3ce49a66d513b6bd1772b8696863ee1,2026-10-10T23:00:00Z,UTEP Miners,Nevada Wolf Pack,betmgm,BetMGM,2026-10-10T00:46:38Z,2026-10-10T00:46:38Z,UTEP Miners,10.0,-110.0,2026,2026-10-10T00:47:21Z,1655,-11.131739464922584,1.375289993183366,-10.007029458105949,726826f3d6abb0bb4115e1078acbea91f10dfda4a429c17b5e74b8ed63b3a0b9,timestamped_live_quote,FBS vs FBS
2026-10-10T00:47:21Z,a3ce49a66d513b6bd1772b8696863ee1,2026-10-10T23:00:00Z,UTEP Miners,Nevada Wolf Pack,mybookieag,MyBookie.ag,2026-10-10T00:45:19Z,2026-10-10T00:45:19Z,Nevada Wolf Pack,-9.5,-110.0,2026,2026-10-10T00:47:21Z,1655,-11.131739464922584,1.375289993183366,-10.007029458105949,726826f3d6abb0bb4115e1078acbea91f10dfda4a429c17b5e74b8ed63b3a0b9,timestamped_live_quote,FBS vs FBS
2026-10-10T00:47:21Z,a3ce49a66d513b6bd1772b8696863ee1,2026-10-10T23:00:00Z,UTEP Miners,Nevada Wolf Pack,mybookieag,MyBookie.ag,2026-10-10T00:45:19Z,2026-10-10T00:45:19Z,UTEP Miners,9.5,-110.0,2026,2026-10-10T00:47:21Z,1655,-11.131739464922584,1.375289993183366,-10.007029458105949,726826f3d6abb0bb4115e1078acbea91f10dfda4a429c17b5e74b8ed63b3a0b9,timestamped_live_quote,FBS vs FBS
2026-10-10T00:47:21Z,a3ce49a66d513b6bd1772b8696863ee1,2026-10-10T23:00:00Z,UTEP Miners,Nevada Wolf Pack,betus,BetUS,2026-10-10T00:46:22Z,2026-10-10T00:46:22Z,Nevada Wolf Pack,-9.5,-110.0,2026,2026-10-10T00:47:21Z,1655,-11.131739464922584,1.375289993183366,-10.007029458105949,726826f3d6abb0bb4115e1078acbea91f10dfda4a429c17b5e74b8ed63b3a0b9,timestamped_live_quote,FBS vs FBS
2026-10-10T00:47:21Z,a3ce49a66d513b6bd1772b8696863ee1,2026-10-10T23:00:00Z,UTEP Miners,Nevada Wolf Pack,betus,BetUS,2026-10-10T00:46:22Z,2026-10-10T00:46:22Z,UTEP Miners,9.5,-110.0,2026,2026-10-10T00:47:21Z,1655,-11.131739464922584,1.375289993183366,-10.007029458105949,726826f3d6abb0bb4115e1078acbea91f10dfda4a429c17b5e74b8ed63b3a0b9,timestamped_live_quote,FBS vs FBS
2026-10-10T00:47:21Z,a3ce49a66d513b6bd1772b8696863ee1,2026-10-10T23:00:00Z,UTEP Miners,Nevada Wolf Pack,bovada,Bovada,2026-10-10T00:46:12Z,2026-10-10T00:46:12Z,Nevada Wolf Pack,-9.5,-115.0,2026,2026-10-10T00:47:21Z,1655,-11.131739464922584,1.375289993183366,-10.007029458105949,726826f3d6abb0bb4115e1078acbea91f10dfda4a429c17b5e74b8ed63b3a0b9,timestamped_live_quote,FBS vs FBS
2026-10-10T00:47:21Z,a3ce49a66d513b6bd1772b8696863ee1,2026-10-10T23:00:00Z,UTEP Miners,Nevada Wolf Pack,bovada,Bovada,2026-10-10T00:46:12Z,2026-10-10T00:46:12Z,UTEP Miners,9.5,-105.0,2026,2026-10-10T00:47:21Z,1655,-11.131739464922584,1.375289993183366,-10.007029458105949,726826f3d6abb0bb4115e1078acbea91f10dfda4a429c17b5e74b8ed63b3a0b9,timestamped_live_quote,FBS vs FBS
2026-10-10T00:47:21Z,a3ce49a66d513b6bd1772b8696863ee1,2026-10-10T23:00:00Z,UTEP Miners,Nevada Wolf Pack,betrivers,BetRivers,2026-10-10T00:47:00Z,2026-10-10T00:47:00Z,Nevada Wolf Pack,-9.5,-114.0,2026,2026-10-10T00:47:21Z,1655,-11.131739464922584,1.375289993183366,-10.007029458105949,726826f3d6abb0bb4115e1078acbea91f10dfda4a429c17b5e74b8ed63b3a0b9,timestamped_live_quote,FBS vs FBS
2026-10-10T00:47:21Z,a3ce49a66d513b6bd1772b8696863ee1,2026-10-10T23:00:00Z,UTEP Miners,Nevada Wolf Pack,betrivers,BetRivers,2026-10-10T00:47:00Z,2026-10-10T00:47:00Z,UTEP Miners,9.5,-109.0,2026,2026-10-10T00:47:21Z,1655,-11.131739464922584,1.375289993183366,-10.007029458105949,726826f3d6abb0bb4115e1078acbea91f10dfda4a429c17b5e74b8ed63b3a0b9,timestamped_live_quote,FBS vs FBS
2026-10-10T00:47:21Z,4f3a6620c44a51f7b649892be381e0eb,2026-10-10T23:00:00Z,UNLV Rebels,North Dakota State Bison,fanduel,FanDuel,2026-10-10T00:46:58Z,2026-10-10T00:46:58Z,North Dakota State Bison,-2.5,-120.0,2026,2026-10-10T00:47:21Z,1655,1.724721705934197,11.784514158790518,-7.559792452856321,726826f3d6abb0bb4115e1078acbea91f10dfda4a429c17b5e74b8ed63b3a0b9,timestamped_live_quote,FBS vs FBS
2026-10-10T00:47:21Z,4f3a6620c44a51f7b649892be381e0eb,2026-10-10T23:00:00Z,UNLV Rebels,North Dakota State Bison,fanduel,FanDuel,2026-10-10T00:46:58Z,2026-10-10T00:46:58Z,UNLV Rebels,2.5,-102.0,2026,2026-10-10T00:47:21Z,1655,1.724721705934197,11.784514158790518,-7.559792452856321,726826f3d6abb0bb4115e1078acbea91f10dfda4a429c17b5e74b8ed63b3a0b9,timestamped_live_quote,FBS vs FBS
2026-10-10T00:47:21Z,4f3a6620c44a51f7b649892be381e0eb,2026-10-10T23:00:00Z,UNLV Rebels,North Dakota State Bison,lowvig,LowVig.ag,2026-10-10T00:47:09Z,2026-10-10T00:47:09Z,North Dakota State Bison,-2.5,100.0,2026,2026-10-10T00:47:21Z,1655,1.724721705934197,11.784514158790518,-7.559792452856321,726826f3d6abb0bb4115e1078acbea91f10dfda4a429c17b5e74b8ed63b3a0b9,timestamped_live_quote,FBS vs FBS
2026-10-10T00:47:21Z,4f3a6620c44a51f7b649892be381e0eb,2026-10-10T23:00:00Z,UNLV Rebels,North Dakota State Bison,lowvig,LowVig.ag,2026-10-10T00:47:09Z,2026-10-10T00:47:09Z,UNLV Rebels,2.5,-112.0,2026,2026-10-10T00:47:21Z,1655,1.724721705934197,11.784514158790518,-7.559792452856321,726826f3d6abb0bb4115e1078acbea91f10dfda4a429c17b5e74b8ed63b3a0b9,timestamped_live_quote,FBS vs FBS
2026-10-10T00:47:21Z,4f3a6620c44a51f7b649892be381e0eb,2026-10-10T23:00:00Z,UNLV Rebels,North Dakota State Bison,betonlineag,BetOnline.ag,2026-10-10T00:46:55Z,2026-10-10T00:46:55Z,North Dakota State Bison,-2.5,-104.0,2026,2026-10-10T00:47:21Z,1655,1.724721705934197,11.784514158790518,-7.559792452856321,726826f3d6abb0bb4115e1078acbea91f10dfda4a429c17b5e74b8ed63b3a0b9,timestamped_live_quote,FBS vs FBS
2026-10-10T00:47:21Z,4f3a6620c44a51f7b649892be381e0eb,2026-10-10T23:00:00Z,UNLV Rebels,North Dakota State Bison,betonlineag,BetOnline.ag,2026-10-10T00:46:55Z,2026-10-10T00:46:55Z,UNLV Rebels,2.5,-116.0,2026,2026-10-10T00:47:21Z,1655,1.724721705934197,11.784514158790518,-7.559792452856321,726826f3d6abb0bb4115e1078acbea91f10dfda4a429c17b5e74b8ed63b3a0b9,timestamped_live_quote,FBS vs FBS
2026-10-10T00:47:21Z,4f3a6620c44a51f7b649892be381e0eb,2026-10-10T23:00:00Z,UNLV Rebels,North Dakota State Bison,draftkings,DraftKings,2026-10-10T00:46:55Z,2026-10-10T00:46:54Z,North Dakota State Bison,-2.5,-112.0,2026,2026-10-10T00:47:21Z,1655,1.724721705934197,11.784514158790518,-7.559792452856321,726826f3d6abb0bb4115e1078acbea91f10dfda4a429c17b5e74b8ed63b3a0b9,timestamped_live_quote,FBS vs FBS
2026-10-10T00:47:21Z,4f3a6620c44a51f7b649892be381e0eb,2026-10-10T23:00:00Z,UNLV Rebels,North Dakota State Bison,draftkings,DraftKings,2026-10-10T00:46:55Z,2026-10-10T00:46:54Z,UNLV Rebels,2.5,-108.0,2026,2026-10-10T00:47:21Z,1655,1.724721705934197,11.784514158790518,-7.559792452856321,726826f3d6abb0bb4115e1078acbea91f10dfda4a429c17b5e74b8ed63b3a0b9,timestamped_live_quote,FBS vs FBS
2026-10-10T00:47:21Z,4f3a6620c44a51f7b649892be381e0eb,2026-10-10T23:00:00Z,UNLV Rebels,North Dakota State Bison,betmgm,BetMGM,2026-10-10T00:46:38Z,2026-10-10T00:46:38Z,North Dakota State Bison,-2.5,-110.0,2026,2026-10-10T00:47:21Z,1655,1.724721705934197,11.784514158790518,-7.559792452856321,726826f3d6abb0bb4115e1078acbea91f10dfda4a429c17b5e74b8ed63b3a0b9,timestamped_live_quote,FBS vs FBS
2026-10-10T00:47:21Z,4f3a6620c44a51f7b649892be381e0eb,2026-10-10T23:00:00Z,UNLV Rebels,North Dakota State Bison,betmgm,BetMGM,2026-10-10T00:46:38Z,2026-10-10T00:46:38Z,UNLV Rebels,2.5,-110.0,2026,2026-10-10T00:47:21Z,1655,1.724721705934197,11.784514158790518,-7.559792452856321,726826f3d6abb0bb4115e1078acbea91f10dfda4a429c17b5e74b8ed63b3a0b9,timestamped_live_quote,FBS vs FBS
2026-10-10T00:47:21Z,4f3a6620c44a51f7b649892be381e0eb,2026-10-10T23:00:00Z,UNLV Rebels,North Dakota State Bison,mybookieag,MyBookie.ag,2026-10-10T00:45:19Z,2026-10-10T00:45:19Z,North Dakota State Bison,-2.5,-110.0,2026,2026-10-10T00:47:21Z,1655,1.724721705934197,11.784514158790518,-7.559792452856321,726826f3d6abb0bb4115e1078acbea91f10dfda4a429c17b5e74b8ed63b3a0b9,timestamped_live_quote,FBS vs FBS
2026-10-10T00:47:21Z,4f3a6620c44a51f7b649892be381e0eb,2026-10-10T23:00:00Z,UNLV Rebels,North Dakota State Bison,mybookieag,MyBookie.ag,2026-10-10T00:45:19Z,2026-10-10T00:45:19Z,UNLV Rebels,2.5,-110.0,2026,2026-10-10T00:47:21Z,1655,1.724721705934197,11.784514158790518,-7.559792452856321,726826f3d6abb0bb4115e1078acbea91f10dfda4a429c17b5e74b8ed63b3a0b9,timestamped_live_quote,FBS vs FBS
2026-10-10T00:47:21Z,4f3a6620c44a51f7b649892be381e0eb,2026-10-10T23:00:00Z,UNLV Rebels,North Dakota State Bison,betus,BetUS,2026-10-10T00:46:22Z,2026-10-10T00:46:22Z,North Dakota State Bison,-2.5,-110.0,2026,2026-10-10T00:47:21Z,1655,1.724721705934197,11.784514158790518,-7.559792452856321,726826f3d6abb0bb4115e1078acbea91f10dfda4a429c17b5e74b8ed63b3a0b9,timestamped_live_quote,FBS vs FBS
2026-10-10T00:47:21Z,4f3a6620c44a51f7b649892be381e0eb,2026-10-10T23:00:00Z,UNLV Rebels,North Dakota State Bison,betus,BetUS,2026-10-10T00:46:22Z,2026-10-10T00:46:22Z,UNLV Rebels,2.5,-110.0,2026,2026-10-10T00:47:21Z,1655,1.724721705934197,11.784514158790518,-7.559792452856321,726826f3d6abb0bb4115e1078acbea91f10dfda4a429c17b5e74b8ed63b3a0b9,timestamped_live_quote,FBS vs FBS
2026-10-10T00:47:21Z,4f3a6620c44a51f7b649892be381e0eb,2026-10-10T23:00:00Z,UNLV Rebels,North Dakota State Bison,bovada,Bovada,2026-10-10T00:46:12Z,2026-10-10T00:46:12Z,North Dakota State Bison,-2.5,-110.0,2026,2026-10-10T00:47:21Z,1655,1.724721705934197,11.784514158790518,-7.559792452856321,726826f3d6abb0bb4115e1078acbea91f10dfda4a429c17b5e74b8ed63b3a0b9,timestamped_live_quote,FBS vs FBS
2026-10-10T00:47:21Z,4f3a6620c44a51f7b649892be381e0eb,2026-10-10T23:00:00Z,UNLV Rebels,North Dakota State Bison,bovada,Bovada,2026-10-10T00:46:12Z,2026-10-10T00:46:12Z,UNLV Rebels,2.5,-110.0,2026,2026-10-10T00:47:21Z,1655,1.724721705934197,11.784514158790518,-7.559792452856321,726826f3d6abb0bb4115e1078acbea91f10dfda4a429c17b5e74b8ed63b3a0b9,timestamped_live_quote,FBS vs FBS
2026-10-10T00:47:21Z,4f3a6620c44a51f7b649892be381e0eb,2026-10-10T23:00:00Z,UNLV Rebels,North Dakota State Bison,betrivers,BetRivers,2026-10-10T00:47:00Z,2026-10-10T00:47:00Z,North Dakota State Bison,-2.5,-112.0,2026,2026-10-10T00:47:21Z,1655,1.724721705934197,11.784514158790518,-7.559792452856321,726826f3d6abb0bb4115e1078acbea91f10dfda4a429c17b5e74b8ed63b3a0b9,timestamped_live_quote,FBS vs FBS
2026-10-10T00:47:21Z,4f3a6620c44a51f7b649892be381e0eb,2026-10-10T23:00:00Z,UNLV Rebels,North Dakota State Bison,betrivers,BetRivers,2026-10-10T00:47:00Z,2026-10-10T00:47:00Z,UNLV Rebels,2.5,-112.0,2026,2026-10-10T00:47:21Z,1655,1.724721705934197,11.784514158790518,-7.559792452856321,726826f3d6abb0bb4115e1078acbea91f10dfda4a429c17b5e74b8ed63b3a0b9,timestamped_live_quote,FBS vs FBS
2026-10-10T00:47:21Z,b009edde78bdd184c039f774c1795f95,2026-10-10T23:30:00Z,Northern Illinois Huskies,Air Force Falcons,fanduel,FanDuel,2026-10-10T00:46:58Z,2026-10-10T00:46:58Z,Air Force Falcons,-7.5,-106.0,2026,2026-10-10T00:47:21Z,1655,-5.191343479015101,4.603504759357528,-7.29484823837263,726826f3d6abb0bb4115e1078acbea91f10dfda4a429c17b5e74b8ed63b3a0b9,timestamped_live_quote,FBS vs FBS
2026-10-10T00:47:21Z,b009edde78bdd184c039f774c1795f95,2026-10-10T23:30:00Z,Northern Illinois Huskies,Air Force Falcons,fanduel,FanDuel,2026-10-10T00:46:58Z,2026-10-10T00:46:58Z,Northern Illinois Huskies,7.5,-114.0,2026,2026-10-10T00:47:21Z,1655,-5.191343479015101,4.603504759357528,-7.29484823837263,726826f3d6abb0bb4115e1078acbea91f10dfda4a429c17b5e74b8ed63b3a0b9,timestamped_live_quote,FBS vs FBS
2026-10-10T00:47:21Z,b009edde78bdd184c039f774c1795f95,2026-10-10T23:30:00Z,Northern Illinois Huskies,Air Force Falcons,lowvig,LowVig.ag,2026-10-10T00:47:09Z,2026-10-10T00:47:09Z,Air Force Falcons,-7.5,100.0,2026,2026-10-10T00:47:21Z,1655,-5.191343479015101,4.603504759357528,-7.29484823837263,726826f3d6abb0bb4115e1078acbea91f10dfda4a429c17b5e74b8ed63b3a0b9,timestamped_live_quote,FBS vs FBS
2026-10-10T00:47:21Z,b009edde78bdd184c039f774c1795f95,2026-10-10T23:30:00Z,Northern Illinois Huskies,Air Force Falcons,lowvig,LowVig.ag,2026-10-10T00:47:09Z,2026-10-10T00:47:09Z,Northern Illinois Huskies,7.5,-112.0,2026,2026-10-10T00:47:21Z,1655,-5.191343479015101,4.603504759357528,-7.29484823837263,726826f3d6abb0bb4115e1078acbea91f10dfda4a429c17b5e74b8ed63b3a0b9,timestamped_live_quote,FBS vs FBS
2026-10-10T00:47:21Z,b009edde78bdd184c039f774c1795f95,2026-10-10T23:30:00Z,Northern Illinois Huskies,Air Force Falcons,draftkings,DraftKings,2026-10-10T00:46:55Z,2026-10-10T00:46:54Z,Air Force Falcons,-7.0,-115.0,2026,2026-10-10T00:47:21Z,1655,-5.191343479015101,4.603504759357528,-7.29484823837263,726826f3d6abb0bb4115e1078acbea91f10dfda4a429c17b5e74b8ed63b3a0b9,timestamped_live_quote,FBS vs FBS
2026-10-10T00:47:21Z,b009edde78bdd184c039f774c1795f95,2026-10-10T23:30:00Z,Northern Illinois Huskies,Air Force Falcons,draftkings,DraftKings,2026-10-10T00:46:55Z,2026-10-10T00:46:54Z,Northern Illinois Huskies,7.0,-105.0,2026,2026-10-10T00:47:21Z,1655,-5.191343479015101,4.603504759357528,-7.29484823837263,726826f3d6abb0bb4115e1078acbea91f10dfda4a429c17b5e74b8ed63b3a0b9,timestamped_live_quote,FBS vs FBS
2026-10-10T00:47:21Z,b009edde78bdd184c039f774c1795f95,2026-10-10T23:30:00Z,Northern Illinois Huskies,Air Force Falcons,betonlineag,BetOnline.ag,2026-10-10T00:46:55Z,2026-10-10T00:46:55Z,Air Force Falcons,-7.5,-104.0,2026,2026-10-10T00:47:21Z,1655,-5.191343479015101,4.603504759357528,-7.29484823837263,726826f3d6abb0bb4115e1078acbea91f10dfda4a429c17b5e74b8ed63b3a0b9,timestamped_live_quote,FBS vs FBS
2026-10-10T00:47:21Z,b009edde78bdd184c039f774c1795f95,2026-10-10T23:30:00Z,Northern Illinois Huskies,Air Force Falcons,betonlineag,BetOnline.ag,2026-10-10T00:46:55Z,2026-10-10T00:46:55Z,Northern Illinois Huskies,7.5,-116.0,2026,2026-10-10T00:47:21Z,1655,-5.191343479015101,4.603504759357528,-7.29484823837263,726826f3d6abb0bb4115e1078acbea91f10dfda4a429c17b5e74b8ed63b3a0b9,timestamped_live_quote,FBS vs FBS
2026-10-10T00:47:21Z,b009edde78bdd184c039f774c1795f95,2026-10-10T23:30:00Z,Northern Illinois Huskies,Air Force Falcons,betmgm,BetMGM,2026-10-10T00:46:38Z,2026-10-10T00:46:38Z,Air Force Falcons,-7.5,-105.0,2026,2026-10-10T00:47:21Z,1655,-5.191343479015101,4.603504759357528,-7.29484823837263,726826f3d6abb0bb4115e1078acbea91f10dfda4a429c17b5e74b8ed63b3a0b9,timestamped_live_quote,FBS vs FBS
2026-10-10T00:47:21Z,b009edde78bdd184c039f774c1795f95,2026-10-10T23:30:00Z,Northern Illinois Huskies,Air Force Falcons,betmgm,BetMGM,2026-10-10T00:46:38Z,2026-10-10T00:46:38Z,Northern Illinois Huskies,7.5,-115.0,2026,2026-10-10T00:47:21Z,1655,-5.191343479015101,4.603504759357528,-7.29484823837263,726826f3d6abb0bb4115e1078acbea91f10dfda4a429c17b5e74b8ed63b3a0b9,timestamped_live_quote,FBS vs FBS
2026-10-10T00:47:21Z,b009edde78bdd184c039f774c1795f95,2026-10-10T23:30:00Z,Northern Illinois Huskies,Air Force Falcons,mybookieag,MyBookie.ag,2026-10-10T00:45:19Z,2026-10-10T00:45:19Z,Air Force Falcons,-7.5,-110.0,2026,2026-10-10T00:47:21Z,1655,-5.191343479015101,4.603504759357528,-7.29484823837263,726826f3d6abb0bb4115e1078acbea91f10dfda4a429c17b5e74b8ed63b3a0b9,timestamped_live_quote,FBS vs FBS
2026-10-10T00:47:21Z,b009edde78bdd184c039f774c1795f95,2026-10-10T23:30:00Z,Northern Illinois Huskies,Air Force Falcons,mybookieag,MyBookie.ag,2026-10-10T00:45:19Z,2026-10-10T00:45:19Z,Northern Illinois Huskies,7.5,-110.0,2026,2026-10-10T00:47:21Z,1655,-5.191343479015101,4.603504759357528,-7.29484823837263,726826f3d6abb0bb4115e1078acbea91f10dfda4a429c17b5e74b8ed63b3a0b9,timestamped_live_quote,FBS vs FBS
2026-10-10T00:47:21Z,b009edde78bdd184c039f774c1795f95,2026-10-10T23:30:00Z,Northern Illinois Huskies,Air Force Falcons,betus,BetUS,2026-10-10T00:46:22Z,2026-10-10T00:46:22Z,Air Force Falcons,-7.5,-105.0,2026,2026-10-10T00:47:21Z,1655,-5.191343479015101,4.603504759357528,-7.29484823837263,726826f3d6abb0bb4115e1078acbea91f10dfda4a429c17b5e74b8ed63b3a0b9,timestamped_live_quote,FBS vs FBS
2026-10-10T00:47:21Z,b009edde78bdd184c039f774c1795f95,2026-10-10T23:30:00Z,Northern Illinois Huskies,Air Force Falcons,betus,BetUS,2026-10-10T00:46:22Z,2026-10-10T00:46:22Z,Northern Illinois Huskies,7.5,-115.0,2026,2026-10-10T00:47:21Z,1655,-5.191343479015101,4.603504759357528,-7.29484823837263,726826f3d6abb0bb4115e1078acbea91f10dfda4a429c17b5e74b8ed63b3a0b9,timestamped_live_quote,FBS vs FBS
2026-10-10T00:47:21Z,b009edde78bdd184c039f774c1795f95,2026-10-10T23:30:00Z,Northern Illinois Huskies,Air Force Falcons,bovada,Bovada,2026-10-10T00:46:12Z,2026-10-10T00:46:12Z,Air Force Falcons,-7.0,-115.0,2026,2026-10-10T00:47:21Z,1655,-5.191343479015101,4.603504759357528,-7.29484823837263,726826f3d6abb0bb4115e1078acbea91f10dfda4a429c17b5e74b8ed63b3a0b9,timestamped_live_quote,FBS vs FBS
2026-10-10T00:47:21Z,b009edde78bdd184c039f774c1795f95,2026-10-10T23:30:00Z,Northern Illinois Huskies,Air Force Falcons,bovada,Bovada,2026-10-10T00:46:12Z,2026-10-10T00:46:12Z,Northern Illinois Huskies,7.0,-105.0,2026,2026-10-10T00:47:21Z,1655,-5.191343479015101,4.603504759357528,-7.29484823837263,726826f3d6abb0bb4115e1078acbea91f10dfda4a429c17b5e74b8ed63b3a0b9,timestamped_live_quote,FBS vs FBS
2026-10-10T00:47:21Z,b009edde78bdd184c039f774c1795f95,2026-10-10T23:30:00Z,Northern Illinois Huskies,Air Force Falcons,betrivers,BetRivers,2026-10-10T00:47:00Z,2026-10-10T00:47:00Z,Air Force Falcons,-7.5,-106.0,2026,2026-10-10T00:47:21Z,1655,-5.191343479015101,4.603504759357528,-7.29484823837263,726826f3d6abb0bb4115e1078acbea91f10dfda4a429c17b5e74b8ed63b3a0b9,timestamped_live_quote,FBS vs FBS
2026-10-10T00:47:21Z,b009edde78bdd184c039f774c1795f95,2026-10-10T23:30:00Z,Northern Illinois Huskies,Air Force Falcons,betrivers,BetRivers,2026-10-10T00:47:00Z,2026-10-10T00:47:00Z,Northern Illinois Huskies,7.5,-118.0,2026,2026-10-10T00:47:21Z,1655,-5.191343479015101,4.603504759357528,-7.29484823837263,726826f3d6abb0bb4115e1078acbea91f10dfda4a429c17b5e74b8ed63b3a0b9,timestamped_live_quote,FBS vs FBS
2026-10-10T00:47:21Z,59f8c98dee8ce77cc17c5b4958e4f325,2026-10-10T23:30:00Z,Alabama Crimson Tide,Georgia Bulldogs,fanduel,FanDuel,2026-10-10T00:46:58Z,2026-10-10T00:46:57Z,Alabama Crimson Tide,-1.5,-114.0,2026,2026-10-10T00:47:21Z,1655,19.937830272661923,20.42373608347067,2.0140941891912547,726826f3d6abb0bb4115e1078acbea91f10dfda4a429c17b5e74b8ed63b3a0b9,timestamped_live_quote,FBS vs FBS
2026-10-10T00:47:21Z,59f8c98dee8ce77cc17c5b4958e4f325,2026-10-10T23:30:00Z,Alabama Crimson Tide,Georgia Bulldogs,fanduel,FanDuel,2026-10-10T00:46:58Z,2026-10-10T00:46:57Z,Georgia Bulldogs,1.5,-106.0,2026,2026-10-10T00:47:21Z,1655,19.937830272661923,20.42373608347067,2.0140941891912547,726826f3d6abb0bb4115e1078acbea91f10dfda4a429c17b5e74b8ed63b3a0b9,timestamped_live_quote,FBS vs FBS
2026-10-10T00:47:21Z,59f8c98dee8ce77cc17c5b4958e4f325,2026-10-10T23:30:00Z,Alabama Crimson Tide,Georgia Bulldogs,betmgm,BetMGM,2026-10-10T00:46:38Z,2026-10-10T00:46:38Z,Alabama Crimson Tide,-1.5,-110.0,2026,2026-10-10T00:47:21Z,1655,19.937830272661923,20.42373608347067,2.0140941891912547,726826f3d6abb0bb4115e1078acbea91f10dfda4a429c17b5e74b8ed63b3a0b9,timestamped_live_quote,FBS vs FBS
2026-10-10T00:47:21Z,59f8c98dee8ce77cc17c5b4958e4f325,2026-10-10T23:30:00Z,Alabama Crimson Tide,Georgia Bulldogs,betmgm,BetMGM,2026-10-10T00:46:38Z,2026-10-10T00:46:38Z,Georgia Bulldogs,1.5,-110.0,2026,2026-10-10T00:47:21Z,1655,19.937830272661923,20.42373608347067,2.0140941891912547,726826f3d6abb0bb4115e1078acbea91f10dfda4a429c17b5e74b8ed63b3a0b9,timestamped_live_quote,FBS vs FBS
2026-10-10T00:47:21Z,59f8c98dee8ce77cc17c5b4958e4f325,2026-10-10T23:30:00Z,Alabama Crimson Tide,Georgia Bulldogs,draftkings,DraftKings,2026-10-10T00:46:55Z,2026-10-10T00:46:54Z,Alabama Crimson Tide,-1.5,-112.0,2026,2026-10-10T00:47:21Z,1655,19.937830272661923,20.42373608347067,2.0140941891912547,726826f3d6abb0bb4115e1078acbea91f10dfda4a429c17b5e74b8ed63b3a0b9,timestamped_live_quote,FBS vs FBS
2026-10-10T00:47:21Z,59f8c98dee8ce77cc17c5b4958e4f325,2026-10-10T23:30:00Z,Alabama Crimson Tide,Georgia Bulldogs,draftkings,DraftKings,2026-10-10T00:46:55Z,2026-10-10T00:46:54Z,Georgia Bulldogs,1.5,-108.0,2026,2026-10-10T00:47:21Z,1655,19.937830272661923,20.42373608347067,2.0140941891912547,726826f3d6abb0bb4115e1078acbea91f10dfda4a429c17b5e74b8ed63b3a0b9,timestamped_live_quote,FBS vs FBS
2026-10-10T00:47:21Z,59f8c98dee8ce77cc17c5b4958e4f325,2026-10-10T23:30:00Z,Alabama Crimson Tide,Georgia Bulldogs,betrivers,BetRivers,2026-10-10T00:47:00Z,2026-10-10T00:47:00Z,Alabama Crimson Tide,-1.5,-114.0,2026,2026-10-10T00:47:21Z,1655,19.937830272661923,20.42373608347067,2.0140941891912547,726826f3d6abb0bb4115e1078acbea91f10dfda4a429c17b5e74b8ed63b3a0b9,timestamped_live_quote,FBS vs FBS
2026-10-10T00:47:21Z,59f8c98dee8ce77cc17c5b4958e4f325,2026-10-10T23:30:00Z,Alabama Crimson Tide,Georgia Bulldogs,betrivers,BetRivers,2026-10-10T00:47:00Z,2026-10-10T00:47:00Z,Georgia Bulldogs,1.5,-109.0,2026,2026-10-10T00:47:21Z,1655,19.937830272661923,20.42373608347067,2.0140941891912547,726826f3d6abb0bb4115e1078acbea91f10dfda4a429c17b5e74b8ed63b3a0b9,timestamped_live_quote,FBS vs FBS
2026-10-10T00:47:21Z,59f8c98dee8ce77cc17c5b4958e4f325,2026-10-10T23:30:00Z,Alabama Crimson Tide,Georgia Bulldogs,mybookieag,MyBookie.ag,2026-10-10T00:45:19Z,2026-10-10T00:45:18Z,Alabama Crimson Tide,-1.5,-110.0,2026,2026-10-10T00:47:21Z,1655,19.937830272661923,20.42373608347067,2.0140941891912547,726826f3d6abb0bb4115e1078acbea91f10dfda4a429c17b5e74b8ed63b3a0b9,timestamped_live_quote,FBS vs FBS
2026-10-10T00:47:21Z,59f8c98dee8ce77cc17c5b4958e4f325,2026-10-10T23:30:00Z,Alabama Crimson Tide,Georgia Bulldogs,mybookieag,MyBookie.ag,2026-10-10T00:45:19Z,2026-10-10T00:45:18Z,Georgia Bulldogs,1.5,-110.0,2026,2026-10-10T00:47:21Z,1655,19.937830272661923,20.42373608347067,2.0140941891912547,726826f3d6abb0bb4115e1078acbea91f10dfda4a429c17b5e74b8ed63b3a0b9,timestamped_live_quote,FBS vs FBS
2026-10-10T00:47:21Z,59f8c98dee8ce77cc17c5b4958e4f325,2026-10-10T23:30:00Z,Alabama Crimson Tide,Georgia Bulldogs,betonlineag,BetOnline.ag,2026-10-10T00:46:55Z,2026-10-10T00:46:55Z,Alabama Crimson Tide,-2.0,-108.0,2026,2026-10-10T00:47:21Z,1655,19.937830272661923,20.42373608347067,2.0140941891912547,726826f3d6abb0bb4115e1078acbea91f10dfda4a429c17b5e74b8ed63b3a0b9,timestamped_live_quote,FBS vs FBS
2026-10-10T00:47:21Z,59f8c98dee8ce77cc17c5b4958e4f325,2026-10-10T23:30:00Z,Alabama Crimson Tide,Georgia Bulldogs,betonlineag,BetOnline.ag,2026-10-10T00:46:55Z,2026-10-10T00:46:55Z,Georgia Bulldogs,2.0,-112.0,2026,2026-10-10T00:47:21Z,1655,19.937830272661923,20.42373608347067,2.0140941891912547,726826f3d6abb0bb4115e1078acbea91f10dfda4a429c17b5e74b8ed63b3a0b9,timestamped_live_quote,FBS vs FBS
2026-10-10T00:47:21Z,59f8c98dee8ce77cc17c5b4958e4f325,2026-10-10T23:30:00Z,Alabama Crimson Tide,Georgia Bulldogs,lowvig,LowVig.ag,2026-10-10T00:47:09Z,2026-10-10T00:47:09Z,Alabama Crimson Tide,-2.0,-104.0,2026,2026-10-10T00:47:21Z,1655,19.937830272661923,20.42373608347067,2.0140941891912547,726826f3d6abb0bb4115e1078acbea91f10dfda4a429c17b5e74b8ed63b3a0b9,timestamped_live_quote,FBS vs FBS
2026-10-10T00:47:21Z,59f8c98dee8ce77cc17c5b4958e4f325,2026-10-10T23:30:00Z,Alabama Crimson Tide,Georgia Bulldogs,lowvig,LowVig.ag,2026-10-10T00:47:09Z,2026-10-10T00:47:09Z,Georgia Bulldogs,2.0,-108.0,2026,2026-10-10T00:47:21Z,1655,19.937830272661923,20.42373608347067,2.0140941891912547,726826f3d6abb0bb4115e1078acbea91f10dfda4a429c17b5e74b8ed63b3a0b9,timestamped_live_quote,FBS vs FBS
2026-10-10T00:47:21Z,59f8c98dee8ce77cc17c5b4958e4f325,2026-10-10T23:30:00Z,Alabama Crimson Tide,Georgia Bulldogs,betus,BetUS,2026-10-10T00:46:22Z,2026-10-10T00:46:22Z,Alabama Crimson Tide,-2.0,-110.0,2026,2026-10-10T00:47:21Z,1655,19.937830272661923,20.42373608347067,2.0140941891912547,726826f3d6abb0bb4115e1078acbea91f10dfda4a429c17b5e74b8ed63b3a0b9,timestamped_live_quote,FBS vs FBS
2026-10-10T00:47:21Z,59f8c98dee8ce77cc17c5b4958e4f325,2026-10-10T23:30:00Z,Alabama Crimson Tide,Georgia Bulldogs,betus,BetUS,2026-10-10T00:46:22Z,2026-10-10T00:46:22Z,Georgia Bulldogs,2.0,-110.0,2026,2026-10-10T00:47:21Z,1655,19.937830272661923,20.42373608347067,2.0140941891912547,726826f3d6abb0bb4115e1078acbea91f10dfda4a429c17b5e74b8ed63b3a0b9,timestamped_live_quote,FBS vs FBS
2026-10-10T00:47:21Z,59f8c98dee8ce77cc17c5b4958e4f325,2026-10-10T23:30:00Z,Alabama Crimson Tide,Georgia Bulldogs,bovada,Bovada,2026-10-10T00:46:12Z,2026-10-10T00:46:12Z,Alabama Crimson Tide,-2.5,-110.0,2026,2026-10-10T00:47:21Z,1655,19.937830272661923,20.42373608347067,2.0140941891912547,726826f3d6abb0bb4115e1078acbea91f10dfda4a429c17b5e74b8ed63b3a0b9,timestamped_live_quote,FBS vs FBS
2026-10-10T00:47:21Z,59f8c98dee8ce77cc17c5b4958e4f325,2026-10-10T23:30:00Z,Alabama Crimson Tide,Georgia Bulldogs,bovada,Bovada,2026-10-10T00:46:12Z,2026-10-10T00:46:12Z,Georgia Bulldogs,2.5,-110.0,2026,2026-10-10T00:47:21Z,1655,19.937830272661923,20.42373608347067,2.0140941891912547,726826f3d6abb0bb4115e1078acbea91f10dfda4a429c17b5e74b8ed63b3a0b9,timestamped_live_quote,FBS vs FBS
2026-10-10T00:47:21Z,2876b41c9c5327639fda141d7027eadb,2026-10-10T23:30:00Z,Georgia Southern Eagles,James Madison Dukes,draftkings,DraftKings,2026-10-10T00:46:55Z,2026-10-10T00:46:54Z,Georgia Southern Eagles,7.5,-115.0,2026,2026-10-10T00:47:21Z,1655,3.425588917524182,15.896263325765238,-9.970674408241056,726826f3d6abb0bb4115e1078acbea91f10dfda4a429c17b5e74b8ed63b3a0b9,timestamped_live_quote,FBS vs FBS
2026-10-10T00:47:21Z,2876b41c9c5327639fda141d7027eadb,2026-10-10T23:30:00Z,Georgia Southern Eagles,James Madison Dukes,draftkings,DraftKings,2026-10-10T00:46:55Z,2026-10-10T00:46:54Z,James Madison Dukes,-7.5,-105.0,2026,2026-10-10T00:47:21Z,1655,3.425588917524182,15.896263325765238,-9.970674408241056,726826f3d6abb0bb4115e1078acbea91f10dfda4a429c17b5e74b8ed63b3a0b9,timestamped_live_quote,FBS vs FBS
2026-10-10T00:47:21Z,2876b41c9c5327639fda141d7027eadb,2026-10-10T23:30:00Z,Georgia Southern Eagles,James Madison Dukes,fanduel,FanDuel,2026-10-10T00:46:58Z,2026-10-10T00:46:57Z,Georgia Southern Eagles,7.5,-115.0,2026,2026-10-10T00:47:21Z,1655,3.425588917524182,15.896263325765238,-9.970674408241056,726826f3d6abb0bb4115e1078acbea91f10dfda4a429c17b5e74b8ed63b3a0b9,timestamped_live_quote,FBS vs FBS
2026-10-10T00:47:21Z,2876b41c9c5327639fda141d7027eadb,2026-10-10T23:30:00Z,Georgia Southern Eagles,James Madison Dukes,fanduel,FanDuel,2026-10-10T00:46:58Z,2026-10-10T00:46:57Z,James Madison Dukes,-7.5,-105.0,2026,2026-10-10T00:47:21Z,1655,3.425588917524182,15.896263325765238,-9.970674408241056,726826f3d6abb0bb4115e1078acbea91f10dfda4a429c17b5e74b8ed63b3a0b9,timestamped_live_quote,FBS vs FBS
2026-10-10T00:47:21Z,2876b41c9c5327639fda141d7027eadb,2026-10-10T23:30:00Z,Georgia Southern Eagles,James Madison Dukes,lowvig,LowVig.ag,2026-10-10T00:47:09Z,2026-10-10T00:47:09Z,Georgia Southern Eagles,7.5,-111.0,2026,2026-10-10T00:47:21Z,1655,3.425588917524182,15.896263325765238,-9.970674408241056,726826f3d6abb0bb4115e1078acbea91f10dfda4a429c17b5e74b8ed63b3a0b9,timestamped_live_quote,FBS vs FBS
2026-10-10T00:47:21Z,2876b41c9c5327639fda141d7027eadb,2026-10-10T23:30:00Z,Georgia Southern Eagles,James Madison Dukes,lowvig,LowVig.ag,2026-10-10T00:47:09Z,2026-10-10T00:47:09Z,James Madison Dukes,-7.5,-101.0,2026,2026-10-10T00:47:21Z,1655,3.425588917524182,15.896263325765238,-9.970674408241056,726826f3d6abb0bb4115e1078acbea91f10dfda4a429c17b5e74b8ed63b3a0b9,timestamped_live_quote,FBS vs FBS
2026-10-10T00:47:21Z,2876b41c9c5327639fda141d7027eadb,2026-10-10T23:30:00Z,Georgia Southern Eagles,James Madison Dukes,betonlineag,BetOnline.ag,2026-10-10T00:46:55Z,2026-10-10T00:46:55Z,Georgia Southern Eagles,7.5,-110.0,2026,2026-10-10T00:47:21Z,1655,3.425588917524182,15.896263325765238,-9.970674408241056,726826f3d6abb0bb4115e1078acbea91f10dfda4a429c17b5e74b8ed63b3a0b9,timestamped_live_quote,FBS vs FBS
2026-10-10T00:47:21Z,2876b41c9c5327639fda141d7027eadb,2026-10-10T23:30:00Z,Georgia Southern Eagles,James Madison Dukes,betonlineag,BetOnline.ag,2026-10-10T00:46:55Z,2026-10-10T00:46:55Z,James Madison Dukes,-7.5,-110.0,2026,2026-10-10T00:47:21Z,1655,3.425588917524182,15.896263325765238,-9.970674408241056,726826f3d6abb0bb4115e1078acbea91f10dfda4a429c17b5e74b8ed63b3a0b9,timestamped_live_quote,FBS vs FBS
2026-10-10T00:47:21Z,2876b41c9c5327639fda141d7027eadb,2026-10-10T23:30:00Z,Georgia Southern Eagles,James Madison Dukes,betmgm,BetMGM,2026-10-10T00:46:38Z,2026-10-10T00:46:38Z,Georgia Southern Eagles,7.5,-110.0,2026,2026-10-10T00:47:21Z,1655,3.425588917524182,15.896263325765238,-9.970674408241056,726826f3d6abb0bb4115e1078acbea91f10dfda4a429c17b5e74b8ed63b3a0b9,timestamped_live_quote,FBS vs FBS
2026-10-10T00:47:21Z,2876b41c9c5327639fda141d7027eadb,2026-10-10T23:30:00Z,Georgia Southern Eagles,James Madison Dukes,betmgm,BetMGM,2026-10-10T00:46:38Z,2026-10-10T00:46:38Z,James Madison Dukes,-7.5,-110.0,2026,2026-10-10T00:47:21Z,1655,3.425588917524182,15.896263325765238,-9.970674408241056,726826f3d6abb0bb4115e1078acbea91f10dfda4a429c17b5e74b8ed63b3a0b9,timestamped_live_quote,FBS vs FBS
2026-10-10T00:47:21Z,2876b41c9c5327639fda141d7027eadb,2026-10-10T23:30:00Z,Georgia Southern Eagles,James Madison Dukes,mybookieag,MyBookie.ag,2026-10-10T00:45:19Z,2026-10-10T00:45:19Z,Georgia Southern Eagles,7.5,-110.0,2026,2026-10-10T00:47:21Z,1655,3.425588917524182,15.896263325765238,-9.970674408241056,726826f3d6abb0bb4115e1078acbea91f10dfda4a429c17b5e74b8ed63b3a0b9,timestamped_live_quote,FBS vs FBS
2026-10-10T00:47:21Z,2876b41c9c5327639fda141d7027eadb,2026-10-10T23:30:00Z,Georgia Southern Eagles,James Madison Dukes,mybookieag,MyBookie.ag,2026-10-10T00:45:19Z,2026-10-10T00:45:19Z,James Madison Dukes,-7.5,-110.0,2026,2026-10-10T00:47:21Z,1655,3.425588917524182,15.896263325765238,-9.970674408241056,726826f3d6abb0bb4115e1078acbea91f10dfda4a429c17b5e74b8ed63b3a0b9,timestamped_live_quote,FBS vs FBS
2026-10-10T00:47:21Z,2876b41c9c5327639fda141d7027eadb,2026-10-10T23:30:00Z,Georgia Southern Eagles,James Madison Dukes,betus,BetUS,2026-10-10T00:46:22Z,2026-10-10T00:46:22Z,Georgia Southern Eagles,7.5,-110.0,2026,2026-10-10T00:47:21Z,1655,3.425588917524182,15.896263325765238,-9.970674408241056,726826f3d6abb0bb4115e1078acbea91f10dfda4a429c17b5e74b8ed63b3a0b9,timestamped_live_quote,FBS vs FBS
2026-10-10T00:47:21Z,2876b41c9c5327639fda141d7027eadb,2026-10-10T23:30:00Z,Georgia Southern Eagles,James Madison Dukes,betus,BetUS,2026-10-10T00:46:22Z,2026-10-10T00:46:22Z,James Madison Dukes,-7.5,-110.0,2026,2026-10-10T00:47:21Z,1655,3.425588917524182,15.896263325765238,-9.970674408241056,726826f3d6abb0bb4115e1078acbea91f10dfda4a429c17b5e74b8ed63b3a0b9,timestamped_live_quote,FBS vs FBS
2026-10-10T00:47:21Z,2876b41c9c5327639fda141d7027eadb,2026-10-10T23:30:00Z,Georgia Southern Eagles,James Madison Dukes,bovada,Bovada,2026-10-10T00:46:12Z,2026-10-10T00:46:12Z,Georgia Southern Eagles,7.5,-115.0,2026,2026-10-10T00:47:21Z,1655,3.425588917524182,15.896263325765238,-9.970674408241056,726826f3d6abb0bb4115e1078acbea91f10dfda4a429c17b5e74b8ed63b3a0b9,timestamped_live_quote,FBS vs FBS
2026-10-10T00:47:21Z,2876b41c9c5327639fda141d7027eadb,2026-10-10T23:30:00Z,Georgia Southern Eagles,James Madison Dukes,bovada,Bovada,2026-10-10T00:46:12Z,2026-10-10T00:46:12Z,James Madison Dukes,-7.5,-105.0,2026,2026-10-10T00:47:21Z,1655,3.425588917524182,15.896263325765238,-9.970674408241056,726826f3d6abb0bb4115e1078acbea91f10dfda4a429c17b5e74b8ed63b3a0b9,timestamped_live_quote,FBS vs FBS
2026-10-10T00:47:21Z,2876b41c9c5327639fda141d7027eadb,2026-10-10T23:30:00Z,Georgia Southern Eagles,James Madison Dukes,betrivers,BetRivers,2026-10-10T00:47:00Z,2026-10-10T00:47:00Z,Georgia Southern Eagles,7.5,-117.0,2026,2026-10-10T00:47:21Z,1655,3.425588917524182,15.896263325765238,-9.970674408241056,726826f3d6abb0bb4115e1078acbea91f10dfda4a429c17b5e74b8ed63b3a0b9,timestamped_live_quote,FBS vs FBS
2026-10-10T00:47:21Z,2876b41c9c5327639fda141d7027eadb,2026-10-10T23:30:00Z,Georgia Southern Eagles,James Madison Dukes,betrivers,BetRivers,2026-10-10T00:47:00Z,2026-10-10T00:47:00Z,James Madison Dukes,-7.5,-107.0,2026,2026-10-10T00:47:21Z,1655,3.425588917524182,15.896263325765238,-9.970674408241056,726826f3d6abb0bb4115e1078acbea91f10dfda4a429c17b5e74b8ed63b3a0b9,timestamped_live_quote,FBS vs FBS
2026-10-10T00:47:21Z,837b4ddbdcd5e8e3a68a7c954208ff40,2026-10-10T23:30:00Z,Louisiana Tech Bulldogs,Louisiana Ragin Cajuns,draftkings,DraftKings,2026-10-10T00:46:55Z,2026-10-10T00:46:54Z,Louisiana Ragin Cajuns,3.0,-105.0,2026,2026-10-10T00:47:21Z,1655,5.870098964459681,5.261266667995695,3.1088322964639854,726826f3d6abb0bb4115e1078acbea91f10dfda4a429c17b5e74b8ed63b3a0b9,timestamped_live_quote,FBS vs FBS
2026-10-10T00:47:21Z,837b4ddbdcd5e8e3a68a7c954208ff40,2026-10-10T23:30:00Z,Louisiana Tech Bulldogs,Louisiana Ragin Cajuns,draftkings,DraftKings,2026-10-10T00:46:55Z,2026-10-10T00:46:54Z,Louisiana Tech Bulldogs,-3.0,-115.0,2026,2026-10-10T00:47:21Z,1655,5.870098964459681,5.261266667995695,3.1088322964639854,726826f3d6abb0bb4115e1078acbea91f10dfda4a429c17b5e74b8ed63b3a0b9,timestamped_live_quote,FBS vs FBS
2026-10-10T00:47:21Z,837b4ddbdcd5e8e3a68a7c954208ff40,2026-10-10T23:30:00Z,Louisiana Tech Bulldogs,Louisiana Ragin Cajuns,betonlineag,BetOnline.ag,2026-10-10T00:46:55Z,2026-10-10T00:46:55Z,Louisiana Ragin Cajuns,3.0,-105.0,2026,2026-10-10T00:47:21Z,1655,5.870098964459681,5.261266667995695,3.1088322964639854,726826f3d6abb0bb4115e1078acbea91f10dfda4a429c17b5e74b8ed63b3a0b9,timestamped_live_quote,FBS vs FBS
2026-10-10T00:47:21Z,837b4ddbdcd5e8e3a68a7c954208ff40,2026-10-10T23:30:00Z,Louisiana Tech Bulldogs,Louisiana Ragin Cajuns,betonlineag,BetOnline.ag,2026-10-10T00:46:55Z,2026-10-10T00:46:55Z,Louisiana Tech Bulldogs,-3.0,-115.0,2026,2026-10-10T00:47:21Z,1655,5.870098964459681,5.261266667995695,3.1088322964639854,726826f3d6abb0bb4115e1078acbea91f10dfda4a429c17b5e74b8ed63b3a0b9,timestamped_live_quote,FBS vs FBS
2026-10-10T00:47:21Z,837b4ddbdcd5e8e3a68a7c954208ff40,2026-10-10T23:30:00Z,Louisiana Tech Bulldogs,Louisiana Ragin Cajuns,lowvig,LowVig.ag,2026-10-10T00:47:09Z,2026-10-10T00:47:09Z,Louisiana Ragin Cajuns,3.0,-101.0,2026,2026-10-10T00:47:21Z,1655,5.870098964459681,5.261266667995695,3.1088322964639854,726826f3d6abb0bb4115e1078acbea91f10dfda4a429c17b5e74b8ed63b3a0b9,timestamped_live_quote,FBS vs FBS
2026-10-10T00:47:21Z,837b4ddbdcd5e8e3a68a7c954208ff40,2026-10-10T23:30:00Z,Louisiana Tech Bulldogs,Louisiana Ragin Cajuns,lowvig,LowVig.ag,2026-10-10T00:47:09Z,2026-10-10T00:47:09Z,Louisiana Tech Bulldogs,-3.0,-111.0,2026,2026-10-10T00:47:21Z,1655,5.870098964459681,5.261266667995695,3.1088322964639854,726826f3d6abb0bb4115e1078acbea91f10dfda4a429c17b5e74b8ed63b3a0b9,timestamped_live_quote,FBS vs FBS
2026-10-10T00:47:21Z,837b4ddbdcd5e8e3a68a7c954208ff40,2026-10-10T23:30:00Z,Louisiana Tech Bulldogs,Louisiana Ragin Cajuns,fanduel,FanDuel,2026-10-10T00:46:58Z,2026-10-10T00:46:58Z,Louisiana Ragin Cajuns,2.5,100.0,2026,2026-10-10T00:47:21Z,1655,5.870098964459681,5.261266667995695,3.1088322964639854,726826f3d6abb0bb4115e1078acbea91f10dfda4a429c17b5e74b8ed63b3a0b9,timestamped_live_quote,FBS vs FBS
2026-10-10T00:47:21Z,837b4ddbdcd5e8e3a68a7c954208ff40,2026-10-10T23:30:00Z,Louisiana Tech Bulldogs,Louisiana Ragin Cajuns,fanduel,FanDuel,2026-10-10T00:46:58Z,2026-10-10T00:46:58Z,Louisiana Tech Bulldogs,-2.5,-122.0,2026,2026-10-10T00:47:21Z,1655,5.870098964459681,5.261266667995695,3.1088322964639854,726826f3d6abb0bb4115e1078acbea91f10dfda4a429c17b5e74b8ed63b3a0b9,timestamped_live_quote,FBS vs FBS
2026-10-10T00:47:21Z,837b4ddbdcd5e8e3a68a7c954208ff40,2026-10-10T23:30:00Z,Louisiana Tech Bulldogs,Louisiana Ragin Cajuns,betmgm,BetMGM,2026-10-10T00:46:38Z,2026-10-10T00:46:38Z,Louisiana Ragin Cajuns,3.0,-105.0,2026,2026-10-10T00:47:21Z,1655,5.870098964459681,5.261266667995695,3.1088322964639854,726826f3d6abb0bb4115e1078acbea91f10dfda4a429c17b5e74b8ed63b3a0b9,timestamped_live_quote,FBS vs FBS
2026-10-10T00:47:21Z,837b4ddbdcd5e8e3a68a7c954208ff40,2026-10-10T23:30:00Z,Louisiana Tech Bulldogs,Louisiana Ragin Cajuns,betmgm,BetMGM,2026-10-10T00:46:38Z,2026-10-10T00:46:38Z,Louisiana Tech Bulldogs,-3.0,-115.0,2026,2026-10-10T00:47:21Z,1655,5.870098964459681,5.261266667995695,3.1088322964639854,726826f3d6abb0bb4115e1078acbea91f10dfda4a429c17b5e74b8ed63b3a0b9,timestamped_live_quote,FBS vs FBS
2026-10-10T00:47:21Z,837b4ddbdcd5e8e3a68a7c954208ff40,2026-10-10T23:30:00Z,Louisiana Tech Bulldogs,Louisiana Ragin Cajuns,mybookieag,MyBookie.ag,2026-10-10T00:45:19Z,2026-10-10T00:45:19Z,Louisiana Ragin Cajuns,3.0,-110.0,2026,2026-10-10T00:47:21Z,1655,5.870098964459681,5.261266667995695,3.1088322964639854,726826f3d6abb0bb4115e1078acbea91f10dfda4a429c17b5e74b8ed63b3a0b9,timestamped_live_quote,FBS vs FBS
2026-10-10T00:47:21Z,837b4ddbdcd5e8e3a68a7c954208ff40,2026-10-10T23:30:00Z,Louisiana Tech Bulldogs,Louisiana Ragin Cajuns,mybookieag,MyBookie.ag,2026-10-10T00:45:19Z,2026-10-10T00:45:19Z,Louisiana Tech Bulldogs,-3.0,-110.0,2026,2026-10-10T00:47:21Z,1655,5.870098964459681,5.261266667995695,3.1088322964639854,726826f3d6abb0bb4115e1078acbea91f10dfda4a429c17b5e74b8ed63b3a0b9,timestamped_live_quote,FBS vs FBS
2026-10-10T00:47:21Z,837b4ddbdcd5e8e3a68a7c954208ff40,2026-10-10T23:30:00Z,Louisiana Tech Bulldogs,Louisiana Ragin Cajuns,bovada,Bovada,2026-10-10T00:46:12Z,2026-10-10T00:46:12Z,Louisiana Ragin Cajuns,3.0,-105.0,2026,2026-10-10T00:47:21Z,1655,5.870098964459681,5.261266667995695,3.1088322964639854,726826f3d6abb0bb4115e1078acbea91f10dfda4a429c17b5e74b8ed63b3a0b9,timestamped_live_quote,FBS vs FBS
2026-10-10T00:47:21Z,837b4ddbdcd5e8e3a68a7c954208ff40,2026-10-10T23:30:00Z,Louisiana Tech Bulldogs,Louisiana Ragin Cajuns,bovada,Bovada,2026-10-10T00:46:12Z,2026-10-10T00:46:12Z,Louisiana Tech Bulldogs,-3.0,-115.0,2026,2026-10-10T00:47:21Z,1655,5.870098964459681,5.261266667995695,3.1088322964639854,726826f3d6abb0bb4115e1078acbea91f10dfda4a429c17b5e74b8ed63b3a0b9,timestamped_live_quote,FBS vs FBS
2026-10-10T00:47:21Z,837b4ddbdcd5e8e3a68a7c954208ff40,2026-10-10T23:30:00Z,Louisiana Tech Bulldogs,Louisiana Ragin Cajuns,betus,BetUS,2026-10-10T00:46:22Z,2026-10-10T00:46:22Z,Louisiana Ragin Cajuns,3.0,-105.0,2026,2026-10-10T00:47:21Z,1655,5.870098964459681,5.261266667995695,3.1088322964639854,726826f3d6abb0bb4115e1078acbea91f10dfda4a429c17b5e74b8ed63b3a0b9,timestamped_live_quote,FBS vs FBS
2026-10-10T00:47:21Z,837b4ddbdcd5e8e3a68a7c954208ff40,2026-10-10T23:30:00Z,Louisiana Tech Bulldogs,Louisiana Ragin Cajuns,betus,BetUS,2026-10-10T00:46:22Z,2026-10-10T00:46:22Z,Louisiana Tech Bulldogs,-3.0,-115.0,2026,2026-10-10T00:47:21Z,1655,5.870098964459681,5.261266667995695,3.1088322964639854,726826f3d6abb0bb4115e1078acbea91f10dfda4a429c17b5e74b8ed63b3a0b9,timestamped_live_quote,FBS vs FBS
2026-10-10T00:47:21Z,837b4ddbdcd5e8e3a68a7c954208ff40,2026-10-10T23:30:00Z,Louisiana Tech Bulldogs,Louisiana Ragin Cajuns,betrivers,BetRivers,2026-10-10T00:47:00Z,2026-10-10T00:47:00Z,Louisiana Ragin Cajuns,3.0,-112.0,2026,2026-10-10T00:47:21Z,1655,5.870098964459681,5.261266667995695,3.1088322964639854,726826f3d6abb0bb4115e1078acbea91f10dfda4a429c17b5e74b8ed63b3a0b9,timestamped_live_quote,FBS vs FBS
2026-10-10T00:47:21Z,837b4ddbdcd5e8e3a68a7c954208ff40,2026-10-10T23:30:00Z,Louisiana Tech Bulldogs,Louisiana Ragin Cajuns,betrivers,BetRivers,2026-10-10T00:47:00Z,2026-10-10T00:47:00Z,Louisiana Tech Bulldogs,-3.0,-110.0,2026,2026-10-10T00:47:21Z,1655,5.870098964459681,5.261266667995695,3.1088322964639854,726826f3d6abb0bb4115e1078acbea91f10dfda4a429c17b5e74b8ed63b3a0b9,timestamped_live_quote,FBS vs FBS
2026-10-10T00:47:21Z,4462f1fa168ab2a5a25fe2807ebec8ac,2026-10-10T23:30:00Z,Penn State Nittany Lions,USC Trojans,draftkings,DraftKings,2026-10-10T00:46:55Z,2026-10-10T00:46:54Z,Penn State Nittany Lions,-1.5,-112.0,2026,2026-10-10T00:47:21Z,1655,10.798061495958253,9.199917537628615,4.098143958329638,726826f3d6abb0bb4115e1078acbea91f10dfda4a429c17b5e74b8ed63b3a0b9,timestamped_live_quote,FBS vs FBS
2026-10-10T00:47:21Z,4462f1fa168ab2a5a25fe2807ebec8ac,2026-10-10T23:30:00Z,Penn State Nittany Lions,USC Trojans,draftkings,DraftKings,2026-10-10T00:46:55Z,2026-10-10T00:46:54Z,USC Trojans,1.5,-108.0,2026,2026-10-10T00:47:21Z,1655,10.798061495958253,9.199917537628615,4.098143958329638,726826f3d6abb0bb4115e1078acbea91f10dfda4a429c17b5e74b8ed63b3a0b9,timestamped_live_quote,FBS vs FBS
2026-10-10T00:47:21Z,4462f1fa168ab2a5a25fe2807ebec8ac,2026-10-10T23:30:00Z,Penn State Nittany Lions,USC Trojans,mybookieag,MyBookie.ag,2026-10-10T00:45:19Z,2026-10-10T00:45:18Z,Penn State Nittany Lions,-1.5,-110.0,2026,2026-10-10T00:47:21Z,1655,10.798061495958253,9.199917537628615,4.098143958329638,726826f3d6abb0bb4115e1078acbea91f10dfda4a429c17b5e74b8ed63b3a0b9,timestamped_live_quote,FBS vs FBS
2026-10-10T00:47:21Z,4462f1fa168ab2a5a25fe2807ebec8ac,2026-10-10T23:30:00Z,Penn State Nittany Lions,USC Trojans,mybookieag,MyBookie.ag,2026-10-10T00:45:19Z,2026-10-10T00:45:18Z,USC Trojans,1.5,-110.0,2026,2026-10-10T00:47:21Z,1655,10.798061495958253,9.199917537628615,4.098143958329638,726826f3d6abb0bb4115e1078acbea91f10dfda4a429c17b5e74b8ed63b3a0b9,timestamped_live_quote,FBS vs FBS
2026-10-10T00:47:21Z,4462f1fa168ab2a5a25fe2807ebec8ac,2026-10-10T23:30:00Z,Penn State Nittany Lions,USC Trojans,betrivers,BetRivers,2026-10-10T00:47:00Z,2026-10-10T00:47:00Z,Penn State Nittany Lions,-1.5,-113.0,2026,2026-10-10T00:47:21Z,1655,10.798061495958253,9.199917537628615,4.098143958329638,726826f3d6abb0bb4115e1078acbea91f10dfda4a429c17b5e74b8ed63b3a0b9,timestamped_live_quote,FBS vs FBS
2026-10-10T00:47:21Z,4462f1fa168ab2a5a25fe2807ebec8ac,2026-10-10T23:30:00Z,Penn State Nittany Lions,USC Trojans,betrivers,BetRivers,2026-10-10T00:47:00Z,2026-10-10T00:47:00Z,USC Trojans,1.5,-110.0,2026,2026-10-10T00:47:21Z,1655,10.798061495958253,9.199917537628615,4.098143958329638,726826f3d6abb0bb4115e1078acbea91f10dfda4a429c17b5e74b8ed63b3a0b9,timestamped_live_quote,FBS vs FBS
2026-10-10T00:47:21Z,4462f1fa168ab2a5a25fe2807ebec8ac,2026-10-10T23:30:00Z,Penn State Nittany Lions,USC Trojans,fanduel,FanDuel,2026-10-10T00:46:58Z,2026-10-10T00:46:58Z,Penn State Nittany Lions,-1.5,-110.0,2026,2026-10-10T00:47:21Z,1655,10.798061495958253,9.199917537628615,4.098143958329638,726826f3d6abb0bb4115e1078acbea91f10dfda4a429c17b5e74b8ed63b3a0b9,timestamped_live_quote,FBS vs FBS
2026-10-10T00:47:21Z,4462f1fa168ab2a5a25fe2807ebec8ac,2026-10-10T23:30:00Z,Penn State Nittany Lions,USC Trojans,fanduel,FanDuel,2026-10-10T00:46:58Z,2026-10-10T00:46:58Z,USC Trojans,1.5,-110.0,2026,2026-10-10T00:47:21Z,1655,10.798061495958253,9.199917537628615,4.098143958329638,726826f3d6abb0bb4115e1078acbea91f10dfda4a429c17b5e74b8ed63b3a0b9,timestamped_live_quote,FBS vs FBS
2026-10-10T00:47:21Z,4462f1fa168ab2a5a25fe2807ebec8ac,2026-10-10T23:30:00Z,Penn State Nittany Lions,USC Trojans,lowvig,LowVig.ag,2026-10-10T00:47:09Z,2026-10-10T00:47:09Z,Penn State Nittany Lions,-1.5,-106.0,2026,2026-10-10T00:47:21Z,1655,10.798061495958253,9.199917537628615,4.098143958329638,726826f3d6abb0bb4115e1078acbea91f10dfda4a429c17b5e74b8ed63b3a0b9,timestamped_live_quote,FBS vs FBS
2026-10-10T00:47:21Z,4462f1fa168ab2a5a25fe2807ebec8ac,2026-10-10T23:30:00Z,Penn State Nittany Lions,USC Trojans,lowvig,LowVig.ag,2026-10-10T00:47:09Z,2026-10-10T00:47:09Z,USC Trojans,1.5,-106.0,2026,2026-10-10T00:47:21Z,1655,10.798061495958253,9.199917537628615,4.098143958329638,726826f3d6abb0bb4115e1078acbea91f10dfda4a429c17b5e74b8ed63b3a0b9,timestamped_live_quote,FBS vs FBS
2026-10-10T00:47:21Z,4462f1fa168ab2a5a25fe2807ebec8ac,2026-10-10T23:30:00Z,Penn State Nittany Lions,USC Trojans,betonlineag,BetOnline.ag,2026-10-10T00:46:55Z,2026-10-10T00:46:55Z,Penn State Nittany Lions,-1.5,-110.0,2026,2026-10-10T00:47:21Z,1655,10.798061495958253,9.199917537628615,4.098143958329638,726826f3d6abb0bb4115e1078acbea91f10dfda4a429c17b5e74b8ed63b3a0b9,timestamped_live_quote,FBS vs FBS
2026-10-10T00:47:21Z,4462f1fa168ab2a5a25fe2807ebec8ac,2026-10-10T23:30:00Z,Penn State Nittany Lions,USC Trojans,betonlineag,BetOnline.ag,2026-10-10T00:46:55Z,2026-10-10T00:46:55Z,USC Trojans,1.5,-110.0,2026,2026-10-10T00:47:21Z,1655,10.798061495958253,9.199917537628615,4.098143958329638,726826f3d6abb0bb4115e1078acbea91f10dfda4a429c17b5e74b8ed63b3a0b9,timestamped_live_quote,FBS vs FBS
2026-10-10T00:47:21Z,4462f1fa168ab2a5a25fe2807ebec8ac,2026-10-10T23:30:00Z,Penn State Nittany Lions,USC Trojans,betmgm,BetMGM,2026-10-10T00:46:38Z,2026-10-10T00:46:38Z,Penn State Nittany Lions,-1.5,-110.0,2026,2026-10-10T00:47:21Z,1655,10.798061495958253,9.199917537628615,4.098143958329638,726826f3d6abb0bb4115e1078acbea91f10dfda4a429c17b5e74b8ed63b3a0b9,timestamped_live_quote,FBS vs FBS
2026-10-10T00:47:21Z,4462f1fa168ab2a5a25fe2807ebec8ac,2026-10-10T23:30:00Z,Penn State Nittany Lions,USC Trojans,betmgm,BetMGM,2026-10-10T00:46:38Z,2026-10-10T00:46:38Z,USC Trojans,1.5,-110.0,2026,2026-10-10T00:47:21Z,1655,10.798061495958253,9.199917537628615,4.098143958329638,726826f3d6abb0bb4115e1078acbea91f10dfda4a429c17b5e74b8ed63b3a0b9,timestamped_live_quote,FBS vs FBS
2026-10-10T00:47:21Z,4462f1fa168ab2a5a25fe2807ebec8ac,2026-10-10T23:30:00Z,Penn State Nittany Lions,USC Trojans,bovada,Bovada,2026-10-10T00:46:12Z,2026-10-10T00:46:12Z,Penn State Nittany Lions,-2.0,-110.0,2026,2026-10-10T00:47:21Z,1655,10.798061495958253,9.199917537628615,4.098143958329638,726826f3d6abb0bb4115e1078acbea91f10dfda4a429c17b5e74b8ed63b3a0b9,timestamped_live_quote,FBS vs FBS
2026-10-10T00:47:21Z,4462f1fa168ab2a5a25fe2807ebec8ac,2026-10-10T23:30:00Z,Penn State Nittany Lions,USC Trojans,bovada,Bovada,2026-10-10T00:46:12Z,2026-10-10T00:46:12Z,USC Trojans,2.0,-110.0,2026,2026-10-10T00:47:21Z,1655,10.798061495958253,9.199917537628615,4.098143958329638,726826f3d6abb0bb4115e1078acbea91f10dfda4a429c17b5e74b8ed63b3a0b9,timestamped_live_quote,FBS vs FBS
2026-10-10T00:47:21Z,4462f1fa168ab2a5a25fe2807ebec8ac,2026-10-10T23:30:00Z,Penn State Nittany Lions,USC Trojans,betus,BetUS,2026-10-10T00:46:22Z,2026-10-10T00:46:21Z,Penn State Nittany Lions,-1.5,-110.0,2026,2026-10-10T00:47:21Z,1655,10.798061495958253,9.199917537628615,4.098143958329638,726826f3d6abb0bb4115e1078acbea91f10dfda4a429c17b5e74b8ed63b3a0b9,timestamped_live_quote,FBS vs FBS
2026-10-10T00:47:21Z,4462f1fa168ab2a5a25fe2807ebec8ac,2026-10-10T23:30:00Z,Penn State Nittany Lions,USC Trojans,betus,BetUS,2026-10-10T00:46:22Z,2026-10-10T00:46:21Z,USC Trojans,1.5,-110.0,2026,2026-10-10T00:47:21Z,1655,10.798061495958253,9.199917537628615,4.098143958329638,726826f3d6abb0bb4115e1078acbea91f10dfda4a429c17b5e74b8ed63b3a0b9,timestamped_live_quote,FBS vs FBS
2026-10-10T00:47:21Z,f7b49f43b10f581d991954dae86b9aa5,2026-10-10T23:30:00Z,Virginia Cavaliers,Syracuse Orange,fanduel,FanDuel,2026-10-10T00:46:58Z,2026-10-10T00:46:58Z,Syracuse Orange,10.5,-110.0,2026,2026-10-10T00:47:21Z,1655,10.597685389287198,7.400317777433318,5.69736761185388,726826f3d6abb0bb4115e1078acbea91f10dfda4a429c17b5e74b8ed63b3a0b9,timestamped_live_quote,FBS vs FBS
2026-10-10T00:47:21Z,f7b49f43b10f581d991954dae86b9aa5,2026-10-10T23:30:00Z,Virginia Cavaliers,Syracuse Orange,fanduel,FanDuel,2026-10-10T00:46:58Z,2026-10-10T00:46:58Z,Virginia Cavaliers,-10.5,-110.0,2026,2026-10-10T00:47:21Z,1655,10.597685389287198,7.400317777433318,5.69736761185388,726826f3d6abb0bb4115e1078acbea91f10dfda4a429c17b5e74b8ed63b3a0b9,timestamped_live_quote,FBS vs FBS
2026-10-10T00:47:21Z,f7b49f43b10f581d991954dae86b9aa5,2026-10-10T23:30:00Z,Virginia Cavaliers,Syracuse Orange,betrivers,BetRivers,2026-10-10T00:47:00Z,2026-10-10T00:47:00Z,Syracuse Orange,9.5,-109.0,2026,2026-10-10T00:47:21Z,1655,10.597685389287198,7.400317777433318,5.69736761185388,726826f3d6abb0bb4115e1078acbea91f10dfda4a429c17b5e74b8ed63b3a0b9,timestamped_live_quote,FBS vs FBS
2026-10-10T00:47:21Z,f7b49f43b10f581d991954dae86b9aa5,2026-10-10T23:30:00Z,Virginia Cavaliers,Syracuse Orange,betrivers,BetRivers,2026-10-10T00:47:00Z,2026-10-10T00:47:00Z,Virginia Cavaliers,-9.5,-114.0,2026,2026-10-10T00:47:21Z,1655,10.597685389287198,7.400317777433318,5.69736761185388,726826f3d6abb0bb4115e1078acbea91f10dfda4a429c17b5e74b8ed63b3a0b9,timestamped_live_quote,FBS vs FBS
2026-10-10T00:47:21Z,f7b49f43b10f581d991954dae86b9aa5,2026-10-10T23:30:00Z,Virginia Cavaliers,Syracuse Orange,betmgm,BetMGM,2026-10-10T00:46:38Z,2026-10-10T00:46:38Z,Syracuse Orange,10.0,-110.0,2026,2026-10-10T00:47:21Z,1655,10.597685389287198,7.400317777433318,5.69736761185388,726826f3d6abb0bb4115e1078acbea91f10dfda4a429c17b5e74b8ed63b3a0b9,timestamped_live_quote,FBS vs FBS
2026-10-10T00:47:21Z,f7b49f43b10f581d991954dae86b9aa5,2026-10-10T23:30:00Z,Virginia Cavaliers,Syracuse Orange,betmgm,BetMGM,2026-10-10T00:46:38Z,2026-10-10T00:46:38Z,Virginia Cavaliers,-10.0,-110.0,2026,2026-10-10T00:47:21Z,1655,10.597685389287198,7.400317777433318,5.69736761185388,726826f3d6abb0bb4115e1078acbea91f10dfda4a429c17b5e74b8ed63b3a0b9,timestamped_live_quote,FBS vs FBS
2026-10-10T00:47:21Z,f7b49f43b10f581d991954dae86b9aa5,2026-10-10T23:30:00Z,Virginia Cavaliers,Syracuse Orange,draftkings,DraftKings,2026-10-10T00:46:55Z,2026-10-10T00:46:54Z,Syracuse Orange,11.5,-115.0,2026,2026-10-10T00:47:21Z,1655,10.597685389287198,7.400317777433318,5.69736761185388,726826f3d6abb0bb4115e1078acbea91f10dfda4a429c17b5e74b8ed63b3a0b9,timestamped_live_quote,FBS vs FBS
2026-10-10T00:47:21Z,f7b49f43b10f581d991954dae86b9aa5,2026-10-10T23:30:00Z,Virginia Cavaliers,Syracuse Orange,draftkings,DraftKings,2026-10-10T00:46:55Z,2026-10-10T00:46:54Z,Virginia Cavaliers,-11.5,-105.0,2026,2026-10-10T00:47:21Z,1655,10.597685389287198,7.400317777433318,5.69736761185388,726826f3d6abb0bb4115e1078acbea91f10dfda4a429c17b5e74b8ed63b3a0b9,timestamped_live_quote,FBS vs FBS
2026-10-10T00:47:21Z,f7b49f43b10f581d991954dae86b9aa5,2026-10-10T23:30:00Z,Virginia Cavaliers,Syracuse Orange,lowvig,LowVig.ag,2026-10-10T00:47:09Z,2026-10-10T00:47:09Z,Syracuse Orange,10.0,-102.0,2026,2026-10-10T00:47:21Z,1655,10.597685389287198,7.400317777433318,5.69736761185388,726826f3d6abb0bb4115e1078acbea91f10dfda4a429c17b5e74b8ed63b3a0b9,timestamped_live_quote,FBS vs FBS
2026-10-10T00:47:21Z,f7b49f43b10f581d991954dae86b9aa5,2026-10-10T23:30:00Z,Virginia Cavaliers,Syracuse Orange,lowvig,LowVig.ag,2026-10-10T00:47:09Z,2026-10-10T00:47:09Z,Virginia Cavaliers,-10.0,-110.0,2026,2026-10-10T00:47:21Z,1655,10.597685389287198,7.400317777433318,5.69736761185388,726826f3d6abb0bb4115e1078acbea91f10dfda4a429c17b5e74b8ed63b3a0b9,timestamped_live_quote,FBS vs FBS
2026-10-10T00:47:21Z,f7b49f43b10f581d991954dae86b9aa5,2026-10-10T23:30:00Z,Virginia Cavaliers,Syracuse Orange,betonlineag,BetOnline.ag,2026-10-10T00:46:55Z,2026-10-10T00:46:55Z,Syracuse Orange,10.0,-106.0,2026,2026-10-10T00:47:21Z,1655,10.597685389287198,7.400317777433318,5.69736761185388,726826f3d6abb0bb4115e1078acbea91f10dfda4a429c17b5e74b8ed63b3a0b9,timestamped_live_quote,FBS vs FBS
2026-10-10T00:47:21Z,f7b49f43b10f581d991954dae86b9aa5,2026-10-10T23:30:00Z,Virginia Cavaliers,Syracuse Orange,betonlineag,BetOnline.ag,2026-10-10T00:46:55Z,2026-10-10T00:46:55Z,Virginia Cavaliers,-10.0,-114.0,2026,2026-10-10T00:47:21Z,1655,10.597685389287198,7.400317777433318,5.69736761185388,726826f3d6abb0bb4115e1078acbea91f10dfda4a429c17b5e74b8ed63b3a0b9,timestamped_live_quote,FBS vs FBS
2026-10-10T00:47:21Z,f7b49f43b10f581d991954dae86b9aa5,2026-10-10T23:30:00Z,Virginia Cavaliers,Syracuse Orange,mybookieag,MyBookie.ag,2026-10-10T00:45:19Z,2026-10-10T00:45:19Z,Syracuse Orange,10.0,-110.0,2026,2026-10-10T00:47:21Z,1655,10.597685389287198,7.400317777433318,5.69736761185388,726826f3d6abb0bb4115e1078acbea91f10dfda4a429c17b5e74b8ed63b3a0b9,timestamped_live_quote,FBS vs FBS
2026-10-10T00:47:21Z,f7b49f43b10f581d991954dae86b9aa5,2026-10-10T23:30:00Z,Virginia Cavaliers,Syracuse Orange,mybookieag,MyBookie.ag,2026-10-10T00:45:19Z,2026-10-10T00:45:19Z,Virginia Cavaliers,-10.0,-110.0,2026,2026-10-10T00:47:21Z,1655,10.597685389287198,7.400317777433318,5.69736761185388,726826f3d6abb0bb4115e1078acbea91f10dfda4a429c17b5e74b8ed63b3a0b9,timestamped_live_quote,FBS vs FBS
2026-10-10T00:47:21Z,f7b49f43b10f581d991954dae86b9aa5,2026-10-10T23:30:00Z,Virginia Cavaliers,Syracuse Orange,bovada,Bovada,2026-10-10T00:46:12Z,2026-10-10T00:46:12Z,Syracuse Orange,10.0,-105.0,2026,2026-10-10T00:47:21Z,1655,10.597685389287198,7.400317777433318,5.69736761185388,726826f3d6abb0bb4115e1078acbea91f10dfda4a429c17b5e74b8ed63b3a0b9,timestamped_live_quote,FBS vs FBS
2026-10-10T00:47:21Z,f7b49f43b10f581d991954dae86b9aa5,2026-10-10T23:30:00Z,Virginia Cavaliers,Syracuse Orange,bovada,Bovada,2026-10-10T00:46:12Z,2026-10-10T00:46:12Z,Virginia Cavaliers,-10.0,-115.0,2026,2026-10-10T00:47:21Z,1655,10.597685389287198,7.400317777433318,5.69736761185388,726826f3d6abb0bb4115e1078acbea91f10dfda4a429c17b5e74b8ed63b3a0b9,timestamped_live_quote,FBS vs FBS
2026-10-10T00:47:21Z,f7b49f43b10f581d991954dae86b9aa5,2026-10-10T23:30:00Z,Virginia Cavaliers,Syracuse Orange,betus,BetUS,2026-10-10T00:42:15Z,2026-10-10T00:42:15Z,Syracuse Orange,10.0,-110.0,2026,2026-10-10T00:47:21Z,1655,10.597685389287198,7.400317777433318,5.69736761185388,726826f3d6abb0bb4115e1078acbea91f10dfda4a429c17b5e74b8ed63b3a0b9,timestamped_live_quote,FBS vs FBS
2026-10-10T00:47:21Z,f7b49f43b10f581d991954dae86b9aa5,2026-10-10T23:30:00Z,Virginia Cavaliers,Syracuse Orange,betus,BetUS,2026-10-10T00:42:15Z,2026-10-10T00:42:15Z,Virginia Cavaliers,-10.0,-110.0,2026,2026-10-10T00:47:21Z,1655,10.597685389287198,7.400317777433318,5.69736761185388,726826f3d6abb0bb4115e1078acbea91f10dfda4a429c17b5e74b8ed63b3a0b9,timestamped_live_quote,FBS vs FBS
2026-10-10T00:47:21Z,234d9123fdc010716a5a844efaf7ab43,2026-10-11T00:00:00Z,Purdue Boilermakers,Minnesota Golden Gophers,fanduel,FanDuel,2026-10-10T00:46:58Z,2026-10-10T00:46:58Z,Minnesota Golden Gophers,-2.5,-114.0,2026,2026-10-10T00:47:21Z,1655,2.0087463567527903,7.322030217665329,-2.813283860912539,726826f3d6abb0bb4115e1078acbea91f10dfda4a429c17b5e74b8ed63b3a0b9,timestamped_live_quote,FBS vs FBS
2026-10-10T00:47:21Z,234d9123fdc010716a5a844efaf7ab43,2026-10-11T00:00:00Z,Purdue Boilermakers,Minnesota Golden Gophers,fanduel,FanDuel,2026-10-10T00:46:58Z,2026-10-10T00:46:58Z,Purdue Boilermakers,2.5,-106.0,2026,2026-10-10T00:47:21Z,1655,2.0087463567527903,7.322030217665329,-2.813283860912539,726826f3d6abb0bb4115e1078acbea91f10dfda4a429c17b5e74b8ed63b3a0b9,timestamped_live_quote,FBS vs FBS
2026-10-10T00:47:21Z,234d9123fdc010716a5a844efaf7ab43,2026-10-11T00:00:00Z,Purdue Boilermakers,Minnesota Golden Gophers,betrivers,BetRivers,2026-10-10T00:47:00Z,2026-10-10T00:47:00Z,Minnesota Golden Gophers,-2.5,-110.0,2026,2026-10-10T00:47:21Z,1655,2.0087463567527903,7.322030217665329,-2.813283860912539,726826f3d6abb0bb4115e1078acbea91f10dfda4a429c17b5e74b8ed63b3a0b9,timestamped_live_quote,FBS vs FBS
2026-10-10T00:47:21Z,234d9123fdc010716a5a844efaf7ab43,2026-10-11T00:00:00Z,Purdue Boilermakers,Minnesota Golden Gophers,betrivers,BetRivers,2026-10-10T00:47:00Z,2026-10-10T00:47:00Z,Purdue Boilermakers,2.5,-113.0,2026,2026-10-10T00:47:21Z,1655,2.0087463567527903,7.322030217665329,-2.813283860912539,726826f3d6abb0bb4115e1078acbea91f10dfda4a429c17b5e74b8ed63b3a0b9,timestamped_live_quote,FBS vs FBS
2026-10-10T00:47:21Z,234d9123fdc010716a5a844efaf7ab43,2026-10-11T00:00:00Z,Purdue Boilermakers,Minnesota Golden Gophers,betmgm,BetMGM,2026-10-10T00:46:38Z,2026-10-10T00:46:38Z,Minnesota Golden Gophers,-2.5,-115.0,2026,2026-10-10T00:47:21Z,1655,2.0087463567527903,7.322030217665329,-2.813283860912539,726826f3d6abb0bb4115e1078acbea91f10dfda4a429c17b5e74b8ed63b3a0b9,timestamped_live_quote,FBS vs FBS
2026-10-10T00:47:21Z,234d9123fdc010716a5a844efaf7ab43,2026-10-11T00:00:00Z,Purdue Boilermakers,Minnesota Golden Gophers,betmgm,BetMGM,2026-10-10T00:46:38Z,2026-10-10T00:46:38Z,Purdue Boilermakers,2.5,-105.0,2026,2026-10-10T00:47:21Z,1655,2.0087463567527903,7.322030217665329,-2.813283860912539,726826f3d6abb0bb4115e1078acbea91f10dfda4a429c17b5e74b8ed63b3a0b9,timestamped_live_quote,FBS vs FBS
2026-10-10T00:47:21Z,234d9123fdc010716a5a844efaf7ab43,2026-10-11T00:00:00Z,Purdue Boilermakers,Minnesota Golden Gophers,draftkings,DraftKings,2026-10-10T00:46:55Z,2026-10-10T00:46:54Z,Minnesota Golden Gophers,-2.5,-115.0,2026,2026-10-10T00:47:21Z,1655,2.0087463567527903,7.322030217665329,-2.813283860912539,726826f3d6abb0bb4115e1078acbea91f10dfda4a429c17b5e74b8ed63b3a0b9,timestamped_live_quote,FBS vs FBS
2026-10-10T00:47:21Z,234d9123fdc010716a5a844efaf7ab43,2026-10-11T00:00:00Z,Purdue Boilermakers,Minnesota Golden Gophers,draftkings,DraftKings,2026-10-10T00:46:55Z,2026-10-10T00:46:54Z,Purdue Boilermakers,2.5,-105.0,2026,2026-10-10T00:47:21Z,1655,2.0087463567527903,7.322030217665329,-2.813283860912539,726826f3d6abb0bb4115e1078acbea91f10dfda4a429c17b5e74b8ed63b3a0b9,timestamped_live_quote,FBS vs FBS
2026-10-10T00:47:21Z,234d9123fdc010716a5a844efaf7ab43,2026-10-11T00:00:00Z,Purdue Boilermakers,Minnesota Golden Gophers,betonlineag,BetOnline.ag,2026-10-10T00:46:55Z,2026-10-10T00:46:55Z,Minnesota Golden Gophers,-2.5,-117.0,2026,2026-10-10T00:47:21Z,1655,2.0087463567527903,7.322030217665329,-2.813283860912539,726826f3d6abb0bb4115e1078acbea91f10dfda4a429c17b5e74b8ed63b3a0b9,timestamped_live_quote,FBS vs FBS
2026-10-10T00:47:21Z,234d9123fdc010716a5a844efaf7ab43,2026-10-11T00:00:00Z,Purdue Boilermakers,Minnesota Golden Gophers,betonlineag,BetOnline.ag,2026-10-10T00:46:55Z,2026-10-10T00:46:55Z,Purdue Boilermakers,2.5,-103.0,2026,2026-10-10T00:47:21Z,1655,2.0087463567527903,7.322030217665329,-2.813283860912539,726826f3d6abb0bb4115e1078acbea91f10dfda4a429c17b5e74b8ed63b3a0b9,timestamped_live_quote,FBS vs FBS
2026-10-10T00:47:21Z,234d9123fdc010716a5a844efaf7ab43,2026-10-11T00:00:00Z,Purdue Boilermakers,Minnesota Golden Gophers,lowvig,LowVig.ag,2026-10-10T00:47:09Z,2026-10-10T00:47:09Z,Minnesota Golden Gophers,-2.5,-113.0,2026,2026-10-10T00:47:21Z,1655,2.0087463567527903,7.322030217665329,-2.813283860912539,726826f3d6abb0bb4115e1078acbea91f10dfda4a429c17b5e74b8ed63b3a0b9,timestamped_live_quote,FBS vs FBS
2026-10-10T00:47:21Z,234d9123fdc010716a5a844efaf7ab43,2026-10-11T00:00:00Z,Purdue Boilermakers,Minnesota Golden Gophers,lowvig,LowVig.ag,2026-10-10T00:47:09Z,2026-10-10T00:47:09Z,Purdue Boilermakers,2.5,101.0,2026,2026-10-10T00:47:21Z,1655,2.0087463567527903,7.322030217665329,-2.813283860912539,726826f3d6abb0bb4115e1078acbea91f10dfda4a429c17b5e74b8ed63b3a0b9,timestamped_live_quote,FBS vs FBS
2026-10-10T00:47:21Z,234d9123fdc010716a5a844efaf7ab43,2026-10-11T00:00:00Z,Purdue Boilermakers,Minnesota Golden Gophers,mybookieag,MyBookie.ag,2026-10-10T00:45:19Z,2026-10-10T00:45:19Z,Minnesota Golden Gophers,-2.5,-110.0,2026,2026-10-10T00:47:21Z,1655,2.0087463567527903,7.322030217665329,-2.813283860912539,726826f3d6abb0bb4115e1078acbea91f10dfda4a429c17b5e74b8ed63b3a0b9,timestamped_live_quote,FBS vs FBS
2026-10-10T00:47:21Z,234d9123fdc010716a5a844efaf7ab43,2026-10-11T00:00:00Z,Purdue Boilermakers,Minnesota Golden Gophers,mybookieag,MyBookie.ag,2026-10-10T00:45:19Z,2026-10-10T00:45:19Z,Purdue Boilermakers,2.5,-110.0,2026,2026-10-10T00:47:21Z,1655,2.0087463567527903,7.322030217665329,-2.813283860912539,726826f3d6abb0bb4115e1078acbea91f10dfda4a429c17b5e74b8ed63b3a0b9,timestamped_live_quote,FBS vs FBS
2026-10-10T00:47:21Z,234d9123fdc010716a5a844efaf7ab43,2026-10-11T00:00:00Z,Purdue Boilermakers,Minnesota Golden Gophers,bovada,Bovada,2026-10-10T00:46:12Z,2026-10-10T00:46:12Z,Minnesota Golden Gophers,-3.0,-105.0,2026,2026-10-10T00:47:21Z,1655,2.0087463567527903,7.322030217665329,-2.813283860912539,726826f3d6abb0bb4115e1078acbea91f10dfda4a429c17b5e74b8ed63b3a0b9,timestamped_live_quote,FBS vs FBS
2026-10-10T00:47:21Z,234d9123fdc010716a5a844efaf7ab43,2026-10-11T00:00:00Z,Purdue Boilermakers,Minnesota Golden Gophers,bovada,Bovada,2026-10-10T00:46:12Z,2026-10-10T00:46:12Z,Purdue Boilermakers,3.0,-115.0,2026,2026-10-10T00:47:21Z,1655,2.0087463567527903,7.322030217665329,-2.813283860912539,726826f3d6abb0bb4115e1078acbea91f10dfda4a429c17b5e74b8ed63b3a0b9,timestamped_live_quote,FBS vs FBS
2026-10-10T00:47:21Z,234d9123fdc010716a5a844efaf7ab43,2026-10-11T00:00:00Z,Purdue Boilermakers,Minnesota Golden Gophers,betus,BetUS,2026-10-10T00:46:22Z,2026-10-10T00:46:21Z,Minnesota Golden Gophers,-2.5,-115.0,2026,2026-10-10T00:47:21Z,1655,2.0087463567527903,7.322030217665329,-2.813283860912539,726826f3d6abb0bb4115e1078acbea91f10dfda4a429c17b5e74b8ed63b3a0b9,timestamped_live_quote,FBS vs FBS
2026-10-10T00:47:21Z,234d9123fdc010716a5a844efaf7ab43,2026-10-11T00:00:00Z,Purdue Boilermakers,Minnesota Golden Gophers,betus,BetUS,2026-10-10T00:46:22Z,2026-10-10T00:46:21Z,Purdue Boilermakers,2.5,-105.0,2026,2026-10-10T00:47:21Z,1655,2.0087463567527903,7.322030217665329,-2.813283860912539,726826f3d6abb0bb4115e1078acbea91f10dfda4a429c17b5e74b8ed63b3a0b9,timestamped_live_quote,FBS vs FBS
2026-10-10T00:47:21Z,616eba68e65fe65023aa2335e81096c8,2026-10-11T02:15:00Z,Utah Utes,Kansas Jayhawks,fanduel,FanDuel,2026-10-10T00:46:58Z,2026-10-10T00:46:58Z,Kansas Jayhawks,15.5,-110.0,2026,2026-10-10T00:47:21Z,1655,16.298705990098703,8.53739620250846,10.261309787590243,726826f3d6abb0bb4115e1078acbea91f10dfda4a429c17b5e74b8ed63b3a0b9,timestamped_live_quote,FBS vs FBS
2026-10-10T00:47:21Z,616eba68e65fe65023aa2335e81096c8,2026-10-11T02:15:00Z,Utah Utes,Kansas Jayhawks,fanduel,FanDuel,2026-10-10T00:46:58Z,2026-10-10T00:46:58Z,Utah Utes,-15.5,-110.0,2026,2026-10-10T00:47:21Z,1655,16.298705990098703,8.53739620250846,10.261309787590243,726826f3d6abb0bb4115e1078acbea91f10dfda4a429c17b5e74b8ed63b3a0b9,timestamped_live_quote,FBS vs FBS
2026-10-10T00:47:21Z,616eba68e65fe65023aa2335e81096c8,2026-10-11T02:15:00Z,Utah Utes,Kansas Jayhawks,betrivers,BetRivers,2026-10-10T00:47:00Z,2026-10-10T00:47:00Z,Kansas Jayhawks,15.5,-109.0,2026,2026-10-10T00:47:21Z,1655,16.298705990098703,8.53739620250846,10.261309787590243,726826f3d6abb0bb4115e1078acbea91f10dfda4a429c17b5e74b8ed63b3a0b9,timestamped_live_quote,FBS vs FBS
2026-10-10T00:47:21Z,616eba68e65fe65023aa2335e81096c8,2026-10-11T02:15:00Z,Utah Utes,Kansas Jayhawks,betrivers,BetRivers,2026-10-10T00:47:00Z,2026-10-10T00:47:00Z,Utah Utes,-15.5,-113.0,2026,2026-10-10T00:47:21Z,1655,16.298705990098703,8.53739620250846,10.261309787590243,726826f3d6abb0bb4115e1078acbea91f10dfda4a429c17b5e74b8ed63b3a0b9,timestamped_live_quote,FBS vs FBS
2026-10-10T00:47:21Z,616eba68e65fe65023aa2335e81096c8,2026-10-11T02:15:00Z,Utah Utes,Kansas Jayhawks,betmgm,BetMGM,2026-10-10T00:46:38Z,2026-10-10T00:46:38Z,Kansas Jayhawks,15.5,-110.0,2026,2026-10-10T00:47:21Z,1655,16.298705990098703,8.53739620250846,10.261309787590243,726826f3d6abb0bb4115e1078acbea91f10dfda4a429c17b5e74b8ed63b3a0b9,timestamped_live_quote,FBS vs FBS
2026-10-10T00:47:21Z,616eba68e65fe65023aa2335e81096c8,2026-10-11T02:15:00Z,Utah Utes,Kansas Jayhawks,betmgm,BetMGM,2026-10-10T00:46:38Z,2026-10-10T00:46:38Z,Utah Utes,-15.5,-110.0,2026,2026-10-10T00:47:21Z,1655,16.298705990098703,8.53739620250846,10.261309787590243,726826f3d6abb0bb4115e1078acbea91f10dfda4a429c17b5e74b8ed63b3a0b9,timestamped_live_quote,FBS vs FBS
2026-10-10T00:47:21Z,616eba68e65fe65023aa2335e81096c8,2026-10-11T02:15:00Z,Utah Utes,Kansas Jayhawks,draftkings,DraftKings,2026-10-10T00:46:55Z,2026-10-10T00:46:54Z,Kansas Jayhawks,15.5,-110.0,2026,2026-10-10T00:47:21Z,1655,16.298705990098703,8.53739620250846,10.261309787590243,726826f3d6abb0bb4115e1078acbea91f10dfda4a429c17b5e74b8ed63b3a0b9,timestamped_live_quote,FBS vs FBS
2026-10-10T00:47:21Z,616eba68e65fe65023aa2335e81096c8,2026-10-11T02:15:00Z,Utah Utes,Kansas Jayhawks,draftkings,DraftKings,2026-10-10T00:46:55Z,2026-10-10T00:46:54Z,Utah Utes,-15.5,-110.0,2026,2026-10-10T00:47:21Z,1655,16.298705990098703,8.53739620250846,10.261309787590243,726826f3d6abb0bb4115e1078acbea91f10dfda4a429c17b5e74b8ed63b3a0b9,timestamped_live_quote,FBS vs FBS
2026-10-10T00:47:21Z,616eba68e65fe65023aa2335e81096c8,2026-10-11T02:15:00Z,Utah Utes,Kansas Jayhawks,betonlineag,BetOnline.ag,2026-10-10T00:46:55Z,2026-10-10T00:46:55Z,Kansas Jayhawks,14.5,-105.0,2026,2026-10-10T00:47:21Z,1655,16.298705990098703,8.53739620250846,10.261309787590243,726826f3d6abb0bb4115e1078acbea91f10dfda4a429c17b5e74b8ed63b3a0b9,timestamped_live_quote,FBS vs FBS
2026-10-10T00:47:21Z,616eba68e65fe65023aa2335e81096c8,2026-10-11T02:15:00Z,Utah Utes,Kansas Jayhawks,betonlineag,BetOnline.ag,2026-10-10T00:46:55Z,2026-10-10T00:46:55Z,Utah Utes,-14.5,-115.0,2026,2026-10-10T00:47:21Z,1655,16.298705990098703,8.53739620250846,10.261309787590243,726826f3d6abb0bb4115e1078acbea91f10dfda4a429c17b5e74b8ed63b3a0b9,timestamped_live_quote,FBS vs FBS
2026-10-10T00:47:21Z,616eba68e65fe65023aa2335e81096c8,2026-10-11T02:15:00Z,Utah Utes,Kansas Jayhawks,mybookieag,MyBookie.ag,2026-10-10T00:45:19Z,2026-10-10T00:45:19Z,Kansas Jayhawks,15.5,-110.0,2026,2026-10-10T00:47:21Z,1655,16.298705990098703,8.53739620250846,10.261309787590243,726826f3d6abb0bb4115e1078acbea91f10dfda4a429c17b5e74b8ed63b3a0b9,timestamped_live_quote,FBS vs FBS
2026-10-10T00:47:21Z,616eba68e65fe65023aa2335e81096c8,2026-10-11T02:15:00Z,Utah Utes,Kansas Jayhawks,mybookieag,MyBookie.ag,2026-10-10T00:45:19Z,2026-10-10T00:45:19Z,Utah Utes,-15.5,-110.0,2026,2026-10-10T00:47:21Z,1655,16.298705990098703,8.53739620250846,10.261309787590243,726826f3d6abb0bb4115e1078acbea91f10dfda4a429c17b5e74b8ed63b3a0b9,timestamped_live_quote,FBS vs FBS
2026-10-10T00:47:21Z,616eba68e65fe65023aa2335e81096c8,2026-10-11T02:15:00Z,Utah Utes,Kansas Jayhawks,betus,BetUS,2026-10-10T00:46:22Z,2026-10-10T00:46:22Z,Kansas Jayhawks,15.5,-110.0,2026,2026-10-10T00:47:21Z,1655,16.298705990098703,8.53739620250846,10.261309787590243,726826f3d6abb0bb4115e1078acbea91f10dfda4a429c17b5e74b8ed63b3a0b9,timestamped_live_quote,FBS vs FBS
2026-10-10T00:47:21Z,616eba68e65fe65023aa2335e81096c8,2026-10-11T02:15:00Z,Utah Utes,Kansas Jayhawks,betus,BetUS,2026-10-10T00:46:22Z,2026-10-10T00:46:22Z,Utah Utes,-15.5,-110.0,2026,2026-10-10T00:47:21Z,1655,16.298705990098703,8.53739620250846,10.261309787590243,726826f3d6abb0bb4115e1078acbea91f10dfda4a429c17b5e74b8ed63b3a0b9,timestamped_live_quote,FBS vs FBS
2026-10-10T00:47:21Z,616eba68e65fe65023aa2335e81096c8,2026-10-11T02:15:00Z,Utah Utes,Kansas Jayhawks,bovada,Bovada,2026-10-10T00:46:12Z,2026-10-10T00:46:12Z,Kansas Jayhawks,16.0,-110.0,2026,2026-10-10T00:47:21Z,1655,16.298705990098703,8.53739620250846,10.261309787590243,726826f3d6abb0bb4115e1078acbea91f10dfda4a429c17b5e74b8ed63b3a0b9,timestamped_live_quote,FBS vs FBS
2026-10-10T00:47:21Z,616eba68e65fe65023aa2335e81096c8,2026-10-11T02:15:00Z,Utah Utes,Kansas Jayhawks,bovada,Bovada,2026-10-10T00:46:12Z,2026-10-10T00:46:12Z,Utah Utes,-16.0,-110.0,2026,2026-10-10T00:47:21Z,1655,16.298705990098703,8.53739620250846,10.261309787590243,726826f3d6abb0bb4115e1078acbea91f10dfda4a429c17b5e74b8ed63b3a0b9,timestamped_live_quote,FBS vs FBS
2026-10-10T00:47:21Z,7dd6e0d9f2657c834974c28b286ff58d,2026-10-11T02:30:00Z,Arizona State Sun Devils,Hawaii Rainbow Warriors,fanduel,FanDuel,2026-10-10T00:46:58Z,2026-10-10T00:46:58Z,Arizona State Sun Devils,-20.5,-118.0,2026,2026-10-10T00:47:21Z,1655,4.327733797049001,-5.497821477750893,12.325555274799894,726826f3d6abb0bb4115e1078acbea91f10dfda4a429c17b5e74b8ed63b3a0b9,timestamped_live_quote,FBS vs FBS
2026-10-10T00:47:21Z,7dd6e0d9f2657c834974c28b286ff58d,2026-10-11T02:30:00Z,Arizona State Sun Devils,Hawaii Rainbow Warriors,fanduel,FanDuel,2026-10-10T00:46:58Z,2026-10-10T00:46:58Z,Hawaii Rainbow Warriors,20.5,-104.0,2026,2026-10-10T00:47:21Z,1655,4.327733797049001,-5.497821477750893,12.325555274799894,726826f3d6abb0bb4115e1078acbea91f10dfda4a429c17b5e74b8ed63b3a0b9,timestamped_live_quote,FBS vs FBS
2026-10-10T00:47:21Z,7dd6e0d9f2657c834974c28b286ff58d,2026-10-11T02:30:00Z,Arizona State Sun Devils,Hawaii Rainbow Warriors,betrivers,BetRivers,2026-10-10T00:47:00Z,2026-10-10T00:47:00Z,Arizona State Sun Devils,-21.0,-112.0,2026,2026-10-10T00:47:21Z,1655,4.327733797049001,-5.497821477750893,12.325555274799894,726826f3d6abb0bb4115e1078acbea91f10dfda4a429c17b5e74b8ed63b3a0b9,timestamped_live_quote,FBS vs FBS
2026-10-10T00:47:21Z,7dd6e0d9f2657c834974c28b286ff58d,2026-10-11T02:30:00Z,Arizona State Sun Devils,Hawaii Rainbow Warriors,betrivers,BetRivers,2026-10-10T00:47:00Z,2026-10-10T00:47:00Z,Hawaii Rainbow Warriors,21.0,-112.0,2026,2026-10-10T00:47:21Z,1655,4.327733797049001,-5.497821477750893,12.325555274799894,726826f3d6abb0bb4115e1078acbea91f10dfda4a429c17b5e74b8ed63b3a0b9,timestamped_live_quote,FBS vs FBS
2026-10-10T00:47:21Z,7dd6e0d9f2657c834974c28b286ff58d,2026-10-11T02:30:00Z,Arizona State Sun Devils,Hawaii Rainbow Warriors,betmgm,BetMGM,2026-10-10T00:46:38Z,2026-10-10T00:46:38Z,Arizona State Sun Devils,-20.5,-115.0,2026,2026-10-10T00:47:21Z,1655,4.327733797049001,-5.497821477750893,12.325555274799894,726826f3d6abb0bb4115e1078acbea91f10dfda4a429c17b5e74b8ed63b3a0b9,timestamped_live_quote,FBS vs FBS
2026-10-10T00:47:21Z,7dd6e0d9f2657c834974c28b286ff58d,2026-10-11T02:30:00Z,Arizona State Sun Devils,Hawaii Rainbow Warriors,betmgm,BetMGM,2026-10-10T00:46:38Z,2026-10-10T00:46:38Z,Hawaii Rainbow Warriors,20.5,-105.0,2026,2026-10-10T00:47:21Z,1655,4.327733797049001,-5.497821477750893,12.325555274799894,726826f3d6abb0bb4115e1078acbea91f10dfda4a429c17b5e74b8ed63b3a0b9,timestamped_live_quote,FBS vs FBS
2026-10-10T00:47:21Z,7dd6e0d9f2657c834974c28b286ff58d,2026-10-11T02:30:00Z,Arizona State Sun Devils,Hawaii Rainbow Warriors,lowvig,LowVig.ag,2026-10-10T00:47:09Z,2026-10-10T00:47:09Z,Arizona State Sun Devils,-21.0,-106.0,2026,2026-10-10T00:47:21Z,1655,4.327733797049001,-5.497821477750893,12.325555274799894,726826f3d6abb0bb4115e1078acbea91f10dfda4a429c17b5e74b8ed63b3a0b9,timestamped_live_quote,FBS vs FBS
2026-10-10T00:47:21Z,7dd6e0d9f2657c834974c28b286ff58d,2026-10-11T02:30:00Z,Arizona State Sun Devils,Hawaii Rainbow Warriors,lowvig,LowVig.ag,2026-10-10T00:47:09Z,2026-10-10T00:47:09Z,Hawaii Rainbow Warriors,21.0,-106.0,2026,2026-10-10T00:47:21Z,1655,4.327733797049001,-5.497821477750893,12.325555274799894,726826f3d6abb0bb4115e1078acbea91f10dfda4a429c17b5e74b8ed63b3a0b9,timestamped_live_quote,FBS vs FBS
2026-10-10T00:47:21Z,7dd6e0d9f2657c834974c28b286ff58d,2026-10-11T02:30:00Z,Arizona State Sun Devils,Hawaii Rainbow Warriors,betonlineag,BetOnline.ag,2026-10-10T00:46:55Z,2026-10-10T00:46:55Z,Arizona State Sun Devils,-20.5,-113.0,2026,2026-10-10T00:47:21Z,1655,4.327733797049001,-5.497821477750893,12.325555274799894,726826f3d6abb0bb4115e1078acbea91f10dfda4a429c17b5e74b8ed63b3a0b9,timestamped_live_quote,FBS vs FBS
2026-10-10T00:47:21Z,7dd6e0d9f2657c834974c28b286ff58d,2026-10-11T02:30:00Z,Arizona State Sun Devils,Hawaii Rainbow Warriors,betonlineag,BetOnline.ag,2026-10-10T00:46:55Z,2026-10-10T00:46:55Z,Hawaii Rainbow Warriors,20.5,-107.0,2026,2026-10-10T00:47:21Z,1655,4.327733797049001,-5.497821477750893,12.325555274799894,726826f3d6abb0bb4115e1078acbea91f10dfda4a429c17b5e74b8ed63b3a0b9,timestamped_live_quote,FBS vs FBS
2026-10-10T00:47:21Z,7dd6e0d9f2657c834974c28b286ff58d,2026-10-11T02:30:00Z,Arizona State Sun Devils,Hawaii Rainbow Warriors,draftkings,DraftKings,2026-10-10T00:46:55Z,2026-10-10T00:46:54Z,Arizona State Sun Devils,-21.0,-108.0,2026,2026-10-10T00:47:21Z,1655,4.327733797049001,-5.497821477750893,12.325555274799894,726826f3d6abb0bb4115e1078acbea91f10dfda4a429c17b5e74b8ed63b3a0b9,timestamped_live_quote,FBS vs FBS
2026-10-10T00:47:21Z,7dd6e0d9f2657c834974c28b286ff58d,2026-10-11T02:30:00Z,Arizona State Sun Devils,Hawaii Rainbow Warriors,draftkings,DraftKings,2026-10-10T00:46:55Z,2026-10-10T00:46:54Z,Hawaii Rainbow Warriors,21.0,-112.0,2026,2026-10-10T00:47:21Z,1655,4.327733797049001,-5.497821477750893,12.325555274799894,726826f3d6abb0bb4115e1078acbea91f10dfda4a429c17b5e74b8ed63b3a0b9,timestamped_live_quote,FBS vs FBS
2026-10-10T00:47:21Z,7dd6e0d9f2657c834974c28b286ff58d,2026-10-11T02:30:00Z,Arizona State Sun Devils,Hawaii Rainbow Warriors,mybookieag,MyBookie.ag,2026-10-10T00:45:19Z,2026-10-10T00:45:19Z,Arizona State Sun Devils,-21.0,-110.0,2026,2026-10-10T00:47:21Z,1655,4.327733797049001,-5.497821477750893,12.325555274799894,726826f3d6abb0bb4115e1078acbea91f10dfda4a429c17b5e74b8ed63b3a0b9,timestamped_live_quote,FBS vs FBS
2026-10-10T00:47:21Z,7dd6e0d9f2657c834974c28b286ff58d,2026-10-11T02:30:00Z,Arizona State Sun Devils,Hawaii Rainbow Warriors,mybookieag,MyBookie.ag,2026-10-10T00:45:19Z,2026-10-10T00:45:19Z,Hawaii Rainbow Warriors,21.0,-110.0,2026,2026-10-10T00:47:21Z,1655,4.327733797049001,-5.497821477750893,12.325555274799894,726826f3d6abb0bb4115e1078acbea91f10dfda4a429c17b5e74b8ed63b3a0b9,timestamped_live_quote,FBS vs FBS
2026-10-10T00:47:21Z,7dd6e0d9f2657c834974c28b286ff58d,2026-10-11T02:30:00Z,Arizona State Sun Devils,Hawaii Rainbow Warriors,betus,BetUS,2026-10-10T00:46:22Z,2026-10-10T00:46:22Z,Arizona State Sun Devils,-21.0,-110.0,2026,2026-10-10T00:47:21Z,1655,4.327733797049001,-5.497821477750893,12.325555274799894,726826f3d6abb0bb4115e1078acbea91f10dfda4a429c17b5e74b8ed63b3a0b9,timestamped_live_quote,FBS vs FBS
2026-10-10T00:47:21Z,7dd6e0d9f2657c834974c28b286ff58d,2026-10-11T02:30:00Z,Arizona State Sun Devils,Hawaii Rainbow Warriors,betus,BetUS,2026-10-10T00:46:22Z,2026-10-10T00:46:22Z,Hawaii Rainbow Warriors,21.0,-110.0,2026,2026-10-10T00:47:21Z,1655,4.327733797049001,-5.497821477750893,12.325555274799894,726826f3d6abb0bb4115e1078acbea91f10dfda4a429c17b5e74b8ed63b3a0b9,timestamped_live_quote,FBS vs FBS
2026-10-10T00:47:21Z,7dd6e0d9f2657c834974c28b286ff58d,2026-10-11T02:30:00Z,Arizona State Sun Devils,Hawaii Rainbow Warriors,bovada,Bovada,2026-10-10T00:46:12Z,2026-10-10T00:46:12Z,Arizona State Sun Devils,-21.0,-110.0,2026,2026-10-10T00:47:21Z,1655,4.327733797049001,-5.497821477750893,12.325555274799894,726826f3d6abb0bb4115e1078acbea91f10dfda4a429c17b5e74b8ed63b3a0b9,timestamped_live_quote,FBS vs FBS
2026-10-10T00:47:21Z,7dd6e0d9f2657c834974c28b286ff58d,2026-10-11T02:30:00Z,Arizona State Sun Devils,Hawaii Rainbow Warriors,bovada,Bovada,2026-10-10T00:46:12Z,2026-10-10T00:46:12Z,Hawaii Rainbow Warriors,21.0,-110.0,2026,2026-10-10T00:47:21Z,1655,4.327733797049001,-5.497821477750893,12.325555274799894,726826f3d6abb0bb4115e1078acbea91f10dfda4a429c17b5e74b8ed63b3a0b9,timestamped_live_quote,FBS vs FBS
2026-10-10T00:47:21Z,c4db3412210ed8e1045807c73f69b377,2026-10-11T02:30:00Z,Fresno State Bulldogs,Boise State Broncos,fanduel,FanDuel,2026-10-10T00:46:58Z,2026-10-10T00:46:58Z,Boise State Broncos,-6.5,-122.0,2026,2026-10-10T00:47:21Z,1655,6.6884256609628485,10.93844819153189,-1.7500225305690416,726826f3d6abb0bb4115e1078acbea91f10dfda4a429c17b5e74b8ed63b3a0b9,timestamped_live_quote,FBS vs FBS
2026-10-10T00:47:21Z,c4db3412210ed8e1045807c73f69b377,2026-10-11T02:30:00Z,Fresno State Bulldogs,Boise State Broncos,fanduel,FanDuel,2026-10-10T00:46:58Z,2026-10-10T00:46:58Z,Fresno State Bulldogs,6.5,100.0,2026,2026-10-10T00:47:21Z,1655,6.6884256609628485,10.93844819153189,-1.7500225305690416,726826f3d6abb0bb4115e1078acbea91f10dfda4a429c17b5e74b8ed63b3a0b9,timestamped_live_quote,FBS vs FBS
2026-10-10T00:47:21Z,c4db3412210ed8e1045807c73f69b377,2026-10-11T02:30:00Z,Fresno State Bulldogs,Boise State Broncos,betrivers,BetRivers,2026-10-10T00:47:00Z,2026-10-10T00:47:00Z,Boise State Broncos,-7.0,-113.0,2026,2026-10-10T00:47:21Z,1655,6.6884256609628485,10.93844819153189,-1.7500225305690416,726826f3d6abb0bb4115e1078acbea91f10dfda4a429c17b5e74b8ed63b3a0b9,timestamped_live_quote,FBS vs FBS
2026-10-10T00:47:21Z,c4db3412210ed8e1045807c73f69b377,2026-10-11T02:30:00Z,Fresno State Bulldogs,Boise State Broncos,betrivers,BetRivers,2026-10-10T00:47:00Z,2026-10-10T00:47:00Z,Fresno State Bulldogs,7.0,-110.0,2026,2026-10-10T00:47:21Z,1655,6.6884256609628485,10.93844819153189,-1.7500225305690416,726826f3d6abb0bb4115e1078acbea91f10dfda4a429c17b5e74b8ed63b3a0b9,timestamped_live_quote,FBS vs FBS
2026-10-10T00:47:21Z,c4db3412210ed8e1045807c73f69b377,2026-10-11T02:30:00Z,Fresno State Bulldogs,Boise State Broncos,betmgm,BetMGM,2026-10-10T00:46:38Z,2026-10-10T00:46:38Z,Boise State Broncos,-6.5,-115.0,2026,2026-10-10T00:47:21Z,1655,6.6884256609628485,10.93844819153189,-1.7500225305690416,726826f3d6abb0bb4115e1078acbea91f10dfda4a429c17b5e74b8ed63b3a0b9,timestamped_live_quote,FBS vs FBS
2026-10-10T00:47:21Z,c4db3412210ed8e1045807c73f69b377,2026-10-11T02:30:00Z,Fresno State Bulldogs,Boise State Broncos,betmgm,BetMGM,2026-10-10T00:46:38Z,2026-10-10T00:46:38Z,Fresno State Bulldogs,6.5,-105.0,2026,2026-10-10T00:47:21Z,1655,6.6884256609628485,10.93844819153189,-1.7500225305690416,726826f3d6abb0bb4115e1078acbea91f10dfda4a429c17b5e74b8ed63b3a0b9,timestamped_live_quote,FBS vs FBS
2026-10-10T00:47:21Z,c4db3412210ed8e1045807c73f69b377,2026-10-11T02:30:00Z,Fresno State Bulldogs,Boise State Broncos,lowvig,LowVig.ag,2026-10-10T00:47:09Z,2026-10-10T00:47:09Z,Boise State Broncos,-7.0,-106.0,2026,2026-10-10T00:47:21Z,1655,6.6884256609628485,10.93844819153189,-1.7500225305690416,726826f3d6abb0bb4115e1078acbea91f10dfda4a429c17b5e74b8ed63b3a0b9,timestamped_live_quote,FBS vs FBS
2026-10-10T00:47:21Z,c4db3412210ed8e1045807c73f69b377,2026-10-11T02:30:00Z,Fresno State Bulldogs,Boise State Broncos,lowvig,LowVig.ag,2026-10-10T00:47:09Z,2026-10-10T00:47:09Z,Fresno State Bulldogs,7.0,-106.0,2026,2026-10-10T00:47:21Z,1655,6.6884256609628485,10.93844819153189,-1.7500225305690416,726826f3d6abb0bb4115e1078acbea91f10dfda4a429c17b5e74b8ed63b3a0b9,timestamped_live_quote,FBS vs FBS
2026-10-10T00:47:21Z,c4db3412210ed8e1045807c73f69b377,2026-10-11T02:30:00Z,Fresno State Bulldogs,Boise State Broncos,betonlineag,BetOnline.ag,2026-10-10T00:46:55Z,2026-10-10T00:46:55Z,Boise State Broncos,-7.0,-112.0,2026,2026-10-10T00:47:21Z,1655,6.6884256609628485,10.93844819153189,-1.7500225305690416,726826f3d6abb0bb4115e1078acbea91f10dfda4a429c17b5e74b8ed63b3a0b9,timestamped_live_quote,FBS vs FBS
2026-10-10T00:47:21Z,c4db3412210ed8e1045807c73f69b377,2026-10-11T02:30:00Z,Fresno State Bulldogs,Boise State Broncos,betonlineag,BetOnline.ag,2026-10-10T00:46:55Z,2026-10-10T00:46:55Z,Fresno State Bulldogs,7.0,-108.0,2026,2026-10-10T00:47:21Z,1655,6.6884256609628485,10.93844819153189,-1.7500225305690416,726826f3d6abb0bb4115e1078acbea91f10dfda4a429c17b5e74b8ed63b3a0b9,timestamped_live_quote,FBS vs FBS
2026-10-10T00:47:21Z,c4db3412210ed8e1045807c73f69b377,2026-10-11T02:30:00Z,Fresno State Bulldogs,Boise State Broncos,draftkings,DraftKings,2026-10-10T00:46:55Z,2026-10-10T00:46:54Z,Boise State Broncos,-7.0,-110.0,2026,2026-10-10T00:47:21Z,1655,6.6884256609628485,10.93844819153189,-1.7500225305690416,726826f3d6abb0bb4115e1078acbea91f10dfda4a429c17b5e74b8ed63b3a0b9,timestamped_live_quote,FBS vs FBS
2026-10-10T00:47:21Z,c4db3412210ed8e1045807c73f69b377,2026-10-11T02:30:00Z,Fresno State Bulldogs,Boise State Broncos,draftkings,DraftKings,2026-10-10T00:46:55Z,2026-10-10T00:46:54Z,Fresno State Bulldogs,7.0,-110.0,2026,2026-10-10T00:47:21Z,1655,6.6884256609628485,10.93844819153189,-1.7500225305690416,726826f3d6abb0bb4115e1078acbea91f10dfda4a429c17b5e74b8ed63b3a0b9,timestamped_live_quote,FBS vs FBS
2026-10-10T00:47:21Z,c4db3412210ed8e1045807c73f69b377,2026-10-11T02:30:00Z,Fresno State Bulldogs,Boise State Broncos,mybookieag,MyBookie.ag,2026-10-10T00:45:19Z,2026-10-10T00:45:19Z,Boise State Broncos,-7.0,-110.0,2026,2026-10-10T00:47:21Z,1655,6.6884256609628485,10.93844819153189,-1.7500225305690416,726826f3d6abb0bb4115e1078acbea91f10dfda4a429c17b5e74b8ed63b3a0b9,timestamped_live_quote,FBS vs FBS
2026-10-10T00:47:21Z,c4db3412210ed8e1045807c73f69b377,2026-10-11T02:30:00Z,Fresno State Bulldogs,Boise State Broncos,mybookieag,MyBookie.ag,2026-10-10T00:45:19Z,2026-10-10T00:45:19Z,Fresno State Bulldogs,7.0,-110.0,2026,2026-10-10T00:47:21Z,1655,6.6884256609628485,10.93844819153189,-1.7500225305690416,726826f3d6abb0bb4115e1078acbea91f10dfda4a429c17b5e74b8ed63b3a0b9,timestamped_live_quote,FBS vs FBS
2026-10-10T00:47:21Z,c4db3412210ed8e1045807c73f69b377,2026-10-11T02:30:00Z,Fresno State Bulldogs,Boise State Broncos,betus,BetUS,2026-10-10T00:46:22Z,2026-10-10T00:46:22Z,Boise State Broncos,-7.0,-110.0,2026,2026-10-10T00:47:21Z,1655,6.6884256609628485,10.93844819153189,-1.7500225305690416,726826f3d6abb0bb4115e1078acbea91f10dfda4a429c17b5e74b8ed63b3a0b9,timestamped_live_quote,FBS vs FBS
2026-10-10T00:47:21Z,c4db3412210ed8e1045807c73f69b377,2026-10-11T02:30:00Z,Fresno State Bulldogs,Boise State Broncos,betus,BetUS,2026-10-10T00:46:22Z,2026-10-10T00:46:22Z,Fresno State Bulldogs,7.0,-110.0,2026,2026-10-10T00:47:21Z,1655,6.6884256609628485,10.93844819153189,-1.7500225305690416,726826f3d6abb0bb4115e1078acbea91f10dfda4a429c17b5e74b8ed63b3a0b9,timestamped_live_quote,FBS vs FBS
2026-10-10T00:47:21Z,c4db3412210ed8e1045807c73f69b377,2026-10-11T02:30:00Z,Fresno State Bulldogs,Boise State Broncos,bovada,Bovada,2026-10-10T00:46:12Z,2026-10-10T00:46:12Z,Boise State Broncos,-7.0,100.0,2026,2026-10-10T00:47:21Z,1655,6.6884256609628485,10.93844819153189,-1.7500225305690416,726826f3d6abb0bb4115e1078acbea91f10dfda4a429c17b5e74b8ed63b3a0b9,timestamped_live_quote,FBS vs FBS
2026-10-10T00:47:21Z,c4db3412210ed8e1045807c73f69b377,2026-10-11T02:30:00Z,Fresno State Bulldogs,Boise State Broncos,bovada,Bovada,2026-10-10T00:46:12Z,2026-10-10T00:46:12Z,Fresno State Bulldogs,7.0,-120.0,2026,2026-10-10T00:47:21Z,1655,6.6884256609628485,10.93844819153189,-1.7500225305690416,726826f3d6abb0bb4115e1078acbea91f10dfda4a429c17b5e74b8ed63b3a0b9,timestamped_live_quote,FBS vs FBS
2026-10-10T00:47:21Z,62dd374d95f55eaaad10717b58220ce7,2026-10-13T23:00:00Z,Middle Tennessee Blue Raiders,Delaware Blue Hens,fanduel,FanDuel,2026-10-10T00:46:58Z,2026-10-10T00:46:58Z,Delaware Blue Hens,1.5,-110.0,2026,2026-10-10T00:47:21Z,1655,-4.445592526547524,-0.7048881123548305,-1.2407044141926935,726826f3d6abb0bb4115e1078acbea91f10dfda4a429c17b5e74b8ed63b3a0b9,timestamped_live_quote,FBS vs FBS
2026-10-10T00:47:21Z,62dd374d95f55eaaad10717b58220ce7,2026-10-13T23:00:00Z,Middle Tennessee Blue Raiders,Delaware Blue Hens,fanduel,FanDuel,2026-10-10T00:46:58Z,2026-10-10T00:46:58Z,Middle Tennessee Blue Raiders,-1.5,-110.0,2026,2026-10-10T00:47:21Z,1655,-4.445592526547524,-0.7048881123548305,-1.2407044141926935,726826f3d6abb0bb4115e1078acbea91f10dfda4a429c17b5e74b8ed63b3a0b9,timestamped_live_quote,FBS vs FBS
2026-10-10T00:47:21Z,62dd374d95f55eaaad10717b58220ce7,2026-10-13T23:00:00Z,Middle Tennessee Blue Raiders,Delaware Blue Hens,draftkings,DraftKings,2026-10-10T00:46:55Z,2026-10-10T00:46:54Z,Delaware Blue Hens,-1.5,-110.0,2026,2026-10-10T00:47:21Z,1655,-4.445592526547524,-0.7048881123548305,-1.2407044141926935,726826f3d6abb0bb4115e1078acbea91f10dfda4a429c17b5e74b8ed63b3a0b9,timestamped_live_quote,FBS vs FBS
2026-10-10T00:47:21Z,62dd374d95f55eaaad10717b58220ce7,2026-10-13T23:00:00Z,Middle Tennessee Blue Raiders,Delaware Blue Hens,draftkings,DraftKings,2026-10-10T00:46:55Z,2026-10-10T00:46:54Z,Middle Tennessee Blue Raiders,1.5,-110.0,2026,2026-10-10T00:47:21Z,1655,-4.445592526547524,-0.7048881123548305,-1.2407044141926935,726826f3d6abb0bb4115e1078acbea91f10dfda4a429c17b5e74b8ed63b3a0b9,timestamped_live_quote,FBS vs FBS
2026-10-10T00:47:21Z,66f521c79ea8a970ed062bfed392abfb,2026-10-14T00:00:00Z,Jacksonville State Gamecocks,Florida International Panthers,fanduel,FanDuel,2026-10-10T00:46:58Z,2026-10-10T00:46:58Z,Florida International Panthers,3.5,-115.0,2026,2026-10-10T00:47:21Z,1655,3.591637262544866,2.7411503299208007,3.350486932624065,726826f3d6abb0bb4115e1078acbea91f10dfda4a429c17b5e74b8ed63b3a0b9,timestamped_live_quote,FBS vs FBS
2026-10-10T00:47:21Z,66f521c79ea8a970ed062bfed392abfb,2026-10-14T00:00:00Z,Jacksonville State Gamecocks,Florida International Panthers,fanduel,FanDuel,2026-10-10T00:46:58Z,2026-10-10T00:46:58Z,Jacksonville State Gamecocks,-3.5,-105.0,2026,2026-10-10T00:47:21Z,1655,3.591637262544866,2.7411503299208007,3.350486932624065,726826f3d6abb0bb4115e1078acbea91f10dfda4a429c17b5e74b8ed63b3a0b9,timestamped_live_quote,FBS vs FBS
2026-10-10T00:47:21Z,66f521c79ea8a970ed062bfed392abfb,2026-10-14T00:00:00Z,Jacksonville State Gamecocks,Florida International Panthers,draftkings,DraftKings,2026-10-10T00:46:55Z,2026-10-10T00:46:54Z,Florida International Panthers,3.0,-105.0,2026,2026-10-10T00:47:21Z,1655,3.591637262544866,2.7411503299208007,3.350486932624065,726826f3d6abb0bb4115e1078acbea91f10dfda4a429c17b5e74b8ed63b3a0b9,timestamped_live_quote,FBS vs FBS
2026-10-10T00:47:21Z,66f521c79ea8a970ed062bfed392abfb,2026-10-14T00:00:00Z,Jacksonville State Gamecocks,Florida International Panthers,draftkings,DraftKings,2026-10-10T00:46:55Z,2026-10-10T00:46:54Z,Jacksonville State Gamecocks,-3.0,-115.0,2026,2026-10-10T00:47:21Z,1655,3.591637262544866,2.7411503299208007,3.350486932624065,726826f3d6abb0bb4115e1078acbea91f10dfda4a429c17b5e74b8ed63b3a0b9,timestamped_live_quote,FBS vs FBS
2026-10-10T00:47:21Z,f00195614a0c305207222ba2044a9c24,2026-10-16T00:00:00Z,Texas State Bobcats,Colorado State Rams,fanduel,FanDuel,2026-10-10T00:46:58Z,2026-10-10T00:46:58Z,Colorado State Rams,11.5,-114.0,2026,2026-10-10T00:47:21Z,1655,4.026556875958726,0.8792796952236401,5.647277180735086,726826f3d6abb0bb4115e1078acbea91f10dfda4a429c17b5e74b8ed63b3a0b9,timestamped_live_quote,FBS vs FBS
2026-10-10T00:47:21Z,f00195614a0c305207222ba2044a9c24,2026-10-16T00:00:00Z,Texas State Bobcats,Colorado State Rams,fanduel,FanDuel,2026-10-10T00:46:58Z,2026-10-10T00:46:58Z,Texas State Bobcats,-11.5,-106.0,2026,2026-10-10T00:47:21Z,1655,4.026556875958726,0.8792796952236401,5.647277180735086,726826f3d6abb0bb4115e1078acbea91f10dfda4a429c17b5e74b8ed63b3a0b9,timestamped_live_quote,FBS vs FBS
2026-10-10T00:47:21Z,f00195614a0c305207222ba2044a9c24,2026-10-16T00:00:00Z,Texas State Bobcats,Colorado State Rams,draftkings,DraftKings,2026-10-10T00:46:55Z,2026-10-10T00:46:55Z,Colorado State Rams,12.5,-115.0,2026,2026-10-10T00:47:21Z,1655,4.026556875958726,0.8792796952236401,5.647277180735086,726826f3d6abb0bb4115e1078acbea91f10dfda4a429c17b5e74b8ed63b3a0b9,timestamped_live_quote,FBS vs FBS
2026-10-10T00:47:21Z,f00195614a0c305207222ba2044a9c24,2026-10-16T00:00:00Z,Texas State Bobcats,Colorado State Rams,draftkings,DraftKings,2026-10-10T00:46:55Z,2026-10-10T00:46:55Z,Texas State Bobcats,-12.5,-105.0,2026,2026-10-10T00:47:21Z,1655,4.026556875958726,0.8792796952236401,5.647277180735086,726826f3d6abb0bb4115e1078acbea91f10dfda4a429c17b5e74b8ed63b3a0b9,timestamped_live_quote,FBS vs FBS
2026-10-10T00:47:21Z,490b66058b6c826a08589c471698ce50,2026-10-17T16:00:00Z,Texas Longhorns,Florida Gators,fanduel,FanDuel,2026-10-10T00:46:58Z,2026-10-10T00:46:58Z,Florida Gators,8.5,-114.0,2026,2026-10-10T00:47:21Z,1655,14.60218409311297,13.935594481504516,3.166589611608453,726826f3d6abb0bb4115e1078acbea91f10dfda4a429c17b5e74b8ed63b3a0b9,timestamped_live_quote,FBS vs FBS
2026-10-10T00:47:21Z,490b66058b6c826a08589c471698ce50,2026-10-17T16:00:00Z,Texas Longhorns,Florida Gators,fanduel,FanDuel,2026-10-10T00:46:58Z,2026-10-10T00:46:58Z,Texas Longhorns,-8.5,-106.0,2026,2026-10-10T00:47:21Z,1655,14.60218409311297,13.935594481504516,3.166589611608453,726826f3d6abb0bb4115e1078acbea91f10dfda4a429c17b5e74b8ed63b3a0b9,timestamped_live_quote,FBS vs FBS
2026-10-10T00:47:21Z,490b66058b6c826a08589c471698ce50,2026-10-17T16:00:00Z,Texas Longhorns,Florida Gators,draftkings,DraftKings,2026-10-10T00:46:55Z,2026-10-10T00:46:55Z,Florida Gators,8.5,-105.0,2026,2026-10-10T00:47:21Z,1655,14.60218409311297,13.935594481504516,3.166589611608453,726826f3d6abb0bb4115e1078acbea91f10dfda4a429c17b5e74b8ed63b3a0b9,timestamped_live_quote,FBS vs FBS
2026-10-10T00:47:21Z,490b66058b6c826a08589c471698ce50,2026-10-17T16:00:00Z,Texas Longhorns,Florida Gators,draftkings,DraftKings,2026-10-10T00:46:55Z,2026-10-10T00:46:55Z,Texas Longhorns,-8.5,-115.0,2026,2026-10-10T00:47:21Z,1655,14.60218409311297,13.935594481504516,3.166589611608453,726826f3d6abb0bb4115e1078acbea91f10dfda4a429c17b5e74b8ed63b3a0b9,timestamped_live_quote,FBS vs FBS
2026-10-10T00:47:21Z,490b66058b6c826a08589c471698ce50,2026-10-17T16:00:00Z,Texas Longhorns,Florida Gators,betrivers,BetRivers,2026-10-10T00:47:00Z,2026-10-10T00:47:00Z,Florida Gators,9.5,-110.0,2026,2026-10-10T00:47:21Z,1655,14.60218409311297,13.935594481504516,3.166589611608453,726826f3d6abb0bb4115e1078acbea91f10dfda4a429c17b5e74b8ed63b3a0b9,timestamped_live_quote,FBS vs FBS
2026-10-10T00:47:21Z,490b66058b6c826a08589c471698ce50,2026-10-17T16:00:00Z,Texas Longhorns,Florida Gators,betrivers,BetRivers,2026-10-10T00:47:00Z,2026-10-10T00:47:00Z,Texas Longhorns,-9.5,-113.0,2026,2026-10-10T00:47:21Z,1655,14.60218409311297,13.935594481504516,3.166589611608453,726826f3d6abb0bb4115e1078acbea91f10dfda4a429c17b5e74b8ed63b3a0b9,timestamped_live_quote,FBS vs FBS
2026-10-10T00:47:21Z,685a8722f297502fa85e4cd8c7e54b1c,2026-10-17T16:00:00Z,Indiana Hoosiers,Ohio State Buckeyes,fanduel,FanDuel,2026-10-10T00:46:58Z,2026-10-10T00:46:57Z,Indiana Hoosiers,3.5,-134.0,2026,2026-10-10T00:47:21Z,1655,18.456769095490714,18.00388444269978,2.952884652790935,726826f3d6abb0bb4115e1078acbea91f10dfda4a429c17b5e74b8ed63b3a0b9,timestamped_live_quote,FBS vs FBS
2026-10-10T00:47:21Z,685a8722f297502fa85e4cd8c7e54b1c,2026-10-17T16:00:00Z,Indiana Hoosiers,Ohio State Buckeyes,fanduel,FanDuel,2026-10-10T00:46:58Z,2026-10-10T00:46:57Z,Ohio State Buckeyes,-3.5,112.0,2026,2026-10-10T00:47:21Z,1655,18.456769095490714,18.00388444269978,2.952884652790935,726826f3d6abb0bb4115e1078acbea91f10dfda4a429c17b5e74b8ed63b3a0b9,timestamped_live_quote,FBS vs FBS
2026-10-10T00:47:21Z,685a8722f297502fa85e4cd8c7e54b1c,2026-10-17T16:00:00Z,Indiana Hoosiers,Ohio State Buckeyes,draftkings,DraftKings,2026-10-10T00:46:55Z,2026-10-10T00:46:55Z,Indiana Hoosiers,2.5,-105.0,2026,2026-10-10T00:47:21Z,1655,18.456769095490714,18.00388444269978,2.952884652790935,726826f3d6abb0bb4115e1078acbea91f10dfda4a429c17b5e74b8ed63b3a0b9,timestamped_live_quote,FBS vs FBS
2026-10-10T00:47:21Z,685a8722f297502fa85e4cd8c7e54b1c,2026-10-17T16:00:00Z,Indiana Hoosiers,Ohio State Buckeyes,draftkings,DraftKings,2026-10-10T00:46:55Z,2026-10-10T00:46:55Z,Ohio State Buckeyes,-2.5,-115.0,2026,2026-10-10T00:47:21Z,1655,18.456769095490714,18.00388444269978,2.952884652790935,726826f3d6abb0bb4115e1078acbea91f10dfda4a429c17b5e74b8ed63b3a0b9,timestamped_live_quote,FBS vs FBS
2026-10-10T00:47:21Z,685a8722f297502fa85e4cd8c7e54b1c,2026-10-17T16:00:00Z,Indiana Hoosiers,Ohio State Buckeyes,betrivers,BetRivers,2026-10-10T00:47:00Z,2026-10-10T00:47:00Z,Indiana Hoosiers,3.0,-117.0,2026,2026-10-10T00:47:21Z,1655,18.456769095490714,18.00388444269978,2.952884652790935,726826f3d6abb0bb4115e1078acbea91f10dfda4a429c17b5e74b8ed63b3a0b9,timestamped_live_quote,FBS vs FBS
2026-10-10T00:47:21Z,685a8722f297502fa85e4cd8c7e54b1c,2026-10-17T16:00:00Z,Indiana Hoosiers,Ohio State Buckeyes,betrivers,BetRivers,2026-10-10T00:47:00Z,2026-10-10T00:47:00Z,Ohio State Buckeyes,-3.0,-107.0,2026,2026-10-10T00:47:21Z,1655,18.456769095490714,18.00388444269978,2.952884652790935,726826f3d6abb0bb4115e1078acbea91f10dfda4a429c17b5e74b8ed63b3a0b9,timestamped_live_quote,FBS vs FBS
2026-10-10T00:47:21Z,9e8578b415e664eea71185131401e537,2026-10-17T16:00:00Z,Kansas State Wildcats,Kansas Jayhawks,draftkings,DraftKings,2026-10-10T00:46:55Z,2026-10-10T00:46:55Z,Kansas Jayhawks,9.5,-110.0,2026,2026-10-10T00:47:21Z,1655,11.153621382730215,8.53739620250846,5.116225180221754,726826f3d6abb0bb4115e1078acbea91f10dfda4a429c17b5e74b8ed63b3a0b9,timestamped_live_quote,FBS vs FBS
2026-10-10T00:47:21Z,9e8578b415e664eea71185131401e537,2026-10-17T16:00:00Z,Kansas State Wildcats,Kansas Jayhawks,draftkings,DraftKings,2026-10-10T00:46:55Z,2026-10-10T00:46:55Z,Kansas State Wildcats,-9.5,-110.0,2026,2026-10-10T00:47:21Z,1655,11.153621382730215,8.53739620250846,5.116225180221754,726826f3d6abb0bb4115e1078acbea91f10dfda4a429c17b5e74b8ed63b3a0b9,timestamped_live_quote,FBS vs FBS
2026-10-10T00:47:21Z,9e8578b415e664eea71185131401e537,2026-10-17T16:00:00Z,Kansas State Wildcats,Kansas Jayhawks,betrivers,BetRivers,2026-10-10T00:47:00Z,2026-10-10T00:47:00Z,Kansas Jayhawks,8.0,-112.0,2026,2026-10-10T00:47:21Z,1655,11.153621382730215,8.53739620250846,5.116225180221754,726826f3d6abb0bb4115e1078acbea91f10dfda4a429c17b5e74b8ed63b3a0b9,timestamped_live_quote,FBS vs FBS
2026-10-10T00:47:21Z,9e8578b415e664eea71185131401e537,2026-10-17T16:00:00Z,Kansas State Wildcats,Kansas Jayhawks,betrivers,BetRivers,2026-10-10T00:47:00Z,2026-10-10T00:47:00Z,Kansas State Wildcats,-8.0,-112.0,2026,2026-10-10T00:47:21Z,1655,11.153621382730215,8.53739620250846,5.116225180221754,726826f3d6abb0bb4115e1078acbea91f10dfda4a429c17b5e74b8ed63b3a0b9,timestamped_live_quote,FBS vs FBS
2026-10-10T00:47:21Z,04c740fce71d3f3b8a4bdc4ea69f1281,2026-10-17T16:00:00Z,LSU Tigers,Mississippi State Bulldogs,fanduel,FanDuel,2026-10-10T00:46:59Z,2026-10-10T00:46:58Z,LSU Tigers,-11.5,-115.0,2026,2026-10-10T00:47:21Z,1655,17.26567895840888,10.18588195624347,9.57979700216541,726826f3d6abb0bb4115e1078acbea91f10dfda4a429c17b5e74b8ed63b3a0b9,timestamped_live_quote,FBS vs FBS
2026-10-10T00:47:21Z,04c740fce71d3f3b8a4bdc4ea69f1281,2026-10-17T16:00:00Z,LSU Tigers,Mississippi State Bulldogs,fanduel,FanDuel,2026-10-10T00:46:59Z,2026-10-10T00:46:58Z,Mississippi State Bulldogs,11.5,-105.0,2026,2026-10-10T00:47:21Z,1655,17.26567895840888,10.18588195624347,9.57979700216541,726826f3d6abb0bb4115e1078acbea91f10dfda4a429c17b5e74b8ed63b3a0b9,timestamped_live_quote,FBS vs FBS
2026-10-10T00:47:21Z,04c740fce71d3f3b8a4bdc4ea69f1281,2026-10-17T16:00:00Z,LSU Tigers,Mississippi State Bulldogs,draftkings,DraftKings,2026-10-10T00:46:55Z,2026-10-10T00:46:55Z,LSU Tigers,-12.5,-105.0,2026,2026-10-10T00:47:21Z,1655,17.26567895840888,10.18588195624347,9.57979700216541,726826f3d6abb0bb4115e1078acbea91f10dfda4a429c17b5e74b8ed63b3a0b9,timestamped_live_quote,FBS vs FBS
2026-10-10T00:47:21Z,04c740fce71d3f3b8a4bdc4ea69f1281,2026-10-17T16:00:00Z,LSU Tigers,Mississippi State Bulldogs,draftkings,DraftKings,2026-10-10T00:46:55Z,2026-10-10T00:46:55Z,Mississippi State Bulldogs,12.5,-115.0,2026,2026-10-10T00:47:21Z,1655,17.26567895840888,10.18588195624347,9.57979700216541,726826f3d6abb0bb4115e1078acbea91f10dfda4a429c17b5e74b8ed63b3a0b9,timestamped_live_quote,FBS vs FBS
2026-10-10T00:47:21Z,04c740fce71d3f3b8a4bdc4ea69f1281,2026-10-17T16:00:00Z,LSU Tigers,Mississippi State Bulldogs,betrivers,BetRivers,2026-10-10T00:47:00Z,2026-10-10T00:47:00Z,LSU Tigers,-12.0,-110.0,2026,2026-10-10T00:47:21Z,1655,17.26567895840888,10.18588195624347,9.57979700216541,726826f3d6abb0bb4115e1078acbea91f10dfda4a429c17b5e74b8ed63b3a0b9,timestamped_live_quote,FBS vs FBS
2026-10-10T00:47:21Z,04c740fce71d3f3b8a4bdc4ea69f1281,2026-10-17T16:00:00Z,LSU Tigers,Mississippi State Bulldogs,betrivers,BetRivers,2026-10-10T00:47:00Z,2026-10-10T00:47:00Z,Mississippi State Bulldogs,12.0,-113.0,2026,2026-10-10T00:47:21Z,1655,17.26567895840888,10.18588195624347,9.57979700216541,726826f3d6abb0bb4115e1078acbea91f10dfda4a429c17b5e74b8ed63b3a0b9,timestamped_live_quote,FBS vs FBS
2026-10-10T00:47:21Z,f8b421c996286807b6e7b8e4d5631f80,2026-10-17T16:00:00Z,Michigan Wolverines,Penn State Nittany Lions,draftkings,DraftKings,2026-10-10T00:46:55Z,2026-10-10T00:46:55Z,Michigan Wolverines,-5.5,-110.0,2026,2026-10-10T00:47:21Z,1655,5.073055339302706,10.798061495958253,-3.225006156655547,726826f3d6abb0bb4115e1078acbea91f10dfda4a429c17b5e74b8ed63b3a0b9,timestamped_live_quote,FBS vs FBS
2026-10-10T00:47:21Z,f8b421c996286807b6e7b8e4d5631f80,2026-10-17T16:00:00Z,Michigan Wolverines,Penn State Nittany Lions,draftkings,DraftKings,2026-10-10T00:46:55Z,2026-10-10T00:46:55Z,Penn State Nittany Lions,5.5,-110.0,2026,2026-10-10T00:47:21Z,1655,5.073055339302706,10.798061495958253,-3.225006156655547,726826f3d6abb0bb4115e1078acbea91f10dfda4a429c17b5e74b8ed63b3a0b9,timestamped_live_quote,FBS vs FBS
2026-10-10T00:47:21Z,f8b421c996286807b6e7b8e4d5631f80,2026-10-17T16:00:00Z,Michigan Wolverines,Penn State Nittany Lions,betrivers,BetRivers,2026-10-10T00:47:00Z,2026-10-10T00:47:00Z,Michigan Wolverines,-5.5,-112.0,2026,2026-10-10T00:47:21Z,1655,5.073055339302706,10.798061495958253,-3.225006156655547,726826f3d6abb0bb4115e1078acbea91f10dfda4a429c17b5e74b8ed63b3a0b9,timestamped_live_quote,FBS vs FBS
2026-10-10T00:47:21Z,f8b421c996286807b6e7b8e4d5631f80,2026-10-17T16:00:00Z,Michigan Wolverines,Penn State Nittany Lions,betrivers,BetRivers,2026-10-10T00:47:00Z,2026-10-10T00:47:00Z,Penn State Nittany Lions,5.5,-112.0,2026,2026-10-10T00:47:21Z,1655,5.073055339302706,10.798061495958253,-3.225006156655547,726826f3d6abb0bb4115e1078acbea91f10dfda4a429c17b5e74b8ed63b3a0b9,timestamped_live_quote,FBS vs FBS
2026-10-10T00:47:21Z,5d147fefd2182aa2f5573ac03700a775,2026-10-17T16:00:00Z,Oregon Ducks,Nebraska Cornhuskers,draftkings,DraftKings,2026-10-10T00:46:55Z,2026-10-10T00:46:55Z,Nebraska Cornhuskers,12.5,-110.0,2026,2026-10-10T00:47:21Z,1655,14.13075375248806,16.13914686465916,0.4916068878288993,726826f3d6abb0bb4115e1078acbea91f10dfda4a429c17b5e74b8ed63b3a0b9,timestamped_live_quote,FBS vs FBS
2026-10-10T00:47:21Z,5d147fefd2182aa2f5573ac03700a775,2026-10-17T16:00:00Z,Oregon Ducks,Nebraska Cornhuskers,draftkings,DraftKings,2026-10-10T00:46:55Z,2026-10-10T00:46:55Z,Oregon Ducks,-12.5,-110.0,2026,2026-10-10T00:47:21Z,1655,14.13075375248806,16.13914686465916,0.4916068878288993,726826f3d6abb0bb4115e1078acbea91f10dfda4a429c17b5e74b8ed63b3a0b9,timestamped_live_quote,FBS vs FBS
2026-10-10T00:47:21Z,5d147fefd2182aa2f5573ac03700a775,2026-10-17T16:00:00Z,Oregon Ducks,Nebraska Cornhuskers,betrivers,BetRivers,2026-10-10T00:47:00Z,2026-10-10T00:47:00Z,Nebraska Cornhuskers,12.5,-110.0,2026,2026-10-10T00:47:21Z,1655,14.13075375248806,16.13914686465916,0.4916068878288993,726826f3d6abb0bb4115e1078acbea91f10dfda4a429c17b5e74b8ed63b3a0b9,timestamped_live_quote,FBS vs FBS
2026-10-10T00:47:21Z,5d147fefd2182aa2f5573ac03700a775,2026-10-17T16:00:00Z,Oregon Ducks,Nebraska Cornhuskers,betrivers,BetRivers,2026-10-10T00:47:00Z,2026-10-10T00:47:00Z,Oregon Ducks,-12.5,-113.0,2026,2026-10-10T00:47:21Z,1655,14.13075375248806,16.13914686465916,0.4916068878288993,726826f3d6abb0bb4115e1078acbea91f10dfda4a429c17b5e74b8ed63b3a0b9,timestamped_live_quote,FBS vs FBS
2026-10-10T00:47:21Z,05280844ab84b8ce5e50305f7cd195d9,2026-10-17T16:00:00Z,UCLA Bruins,Wisconsin Badgers,draftkings,DraftKings,2026-10-10T00:46:55Z,2026-10-10T00:46:55Z,UCLA Bruins,-3.5,-110.0,2026,2026-10-10T00:47:21Z,1655,13.854665050820646,12.032665483009282,4.321999567811364,726826f3d6abb0bb4115e1078acbea91f10dfda4a429c17b5e74b8ed63b3a0b9,timestamped_live_quote,FBS vs FBS
2026-10-10T00:47:21Z,05280844ab84b8ce5e50305f7cd195d9,2026-10-17T16:00:00Z,UCLA Bruins,Wisconsin Badgers,draftkings,DraftKings,2026-10-10T00:46:55Z,2026-10-10T00:46:55Z,Wisconsin Badgers,3.5,-110.0,2026,2026-10-10T00:47:21Z,1655,13.854665050820646,12.032665483009282,4.321999567811364,726826f3d6abb0bb4115e1078acbea91f10dfda4a429c17b5e74b8ed63b3a0b9,timestamped_live_quote,FBS vs FBS
2026-10-10T00:47:21Z,05280844ab84b8ce5e50305f7cd195d9,2026-10-17T16:00:00Z,UCLA Bruins,Wisconsin Badgers,betrivers,BetRivers,2026-10-10T00:47:00Z,2026-10-10T00:47:00Z,UCLA Bruins,-3.5,-107.0,2026,2026-10-10T00:47:21Z,1655,13.854665050820646,12.032665483009282,4.321999567811364,726826f3d6abb0bb4115e1078acbea91f10dfda4a429c17b5e74b8ed63b3a0b9,timestamped_live_quote,FBS vs FBS
2026-10-10T00:47:21Z,05280844ab84b8ce5e50305f7cd195d9,2026-10-17T16:00:00Z,UCLA Bruins,Wisconsin Badgers,betrivers,BetRivers,2026-10-10T00:47:00Z,2026-10-10T00:47:00Z,Wisconsin Badgers,3.5,-117.0,2026,2026-10-10T00:47:21Z,1655,13.854665050820646,12.032665483009282,4.321999567811364,726826f3d6abb0bb4115e1078acbea91f10dfda4a429c17b5e74b8ed63b3a0b9,timestamped_live_quote,FBS vs FBS
2026-10-10T00:47:21Z,9ed02ffe3e126a8ec8846278bf18d393,2026-10-17T19:30:00Z,Tennessee Volunteers,Alabama Crimson Tide,draftkings,DraftKings,2026-10-10T00:46:55Z,2026-10-10T00:46:55Z,Alabama Crimson Tide,-4.5,-115.0,2026,2026-10-10T00:47:21Z,1655,13.829280900079482,19.937830272661923,-3.6085493725824414,726826f3d6abb0bb4115e1078acbea91f10dfda4a429c17b5e74b8ed63b3a0b9,timestamped_live_quote,FBS vs FBS
2026-10-10T00:47:21Z,9ed02ffe3e126a8ec8846278bf18d393,2026-10-17T19:30:00Z,Tennessee Volunteers,Alabama Crimson Tide,draftkings,DraftKings,2026-10-10T00:46:55Z,2026-10-10T00:46:55Z,Tennessee Volunteers,4.5,-105.0,2026,2026-10-10T00:47:21Z,1655,13.829280900079482,19.937830272661923,-3.6085493725824414,726826f3d6abb0bb4115e1078acbea91f10dfda4a429c17b5e74b8ed63b3a0b9,timestamped_live_quote,FBS vs FBS
2026-10-10T00:47:21Z,9ed02ffe3e126a8ec8846278bf18d393,2026-10-17T19:30:00Z,Tennessee Volunteers,Alabama Crimson Tide,fanduel,FanDuel,2026-10-10T00:46:59Z,2026-10-10T00:46:58Z,Alabama Crimson Tide,-5.5,-115.0,2026,2026-10-10T00:47:21Z,1655,13.829280900079482,19.937830272661923,-3.6085493725824414,726826f3d6abb0bb4115e1078acbea91f10dfda4a429c17b5e74b8ed63b3a0b9,timestamped_live_quote,FBS vs FBS
2026-10-10T00:47:21Z,9ed02ffe3e126a8ec8846278bf18d393,2026-10-17T19:30:00Z,Tennessee Volunteers,Alabama Crimson Tide,fanduel,FanDuel,2026-10-10T00:46:59Z,2026-10-10T00:46:58Z,Tennessee Volunteers,5.5,-105.0,2026,2026-10-10T00:47:21Z,1655,13.829280900079482,19.937830272661923,-3.6085493725824414,726826f3d6abb0bb4115e1078acbea91f10dfda4a429c17b5e74b8ed63b3a0b9,timestamped_live_quote,FBS vs FBS
2026-10-10T00:47:21Z,9ed02ffe3e126a8ec8846278bf18d393,2026-10-17T19:30:00Z,Tennessee Volunteers,Alabama Crimson Tide,betrivers,BetRivers,2026-10-10T00:47:00Z,2026-10-10T00:47:00Z,Alabama Crimson Tide,-5.5,-109.0,2026,2026-10-10T00:47:21Z,1655,13.829280900079482,19.937830272661923,-3.6085493725824414,726826f3d6abb0bb4115e1078acbea91f10dfda4a429c17b5e74b8ed63b3a0b9,timestamped_live_quote,FBS vs FBS
2026-10-10T00:47:21Z,9ed02ffe3e126a8ec8846278bf18d393,2026-10-17T19:30:00Z,Tennessee Volunteers,Alabama Crimson Tide,betrivers,BetRivers,2026-10-10T00:47:00Z,2026-10-10T00:47:00Z,Tennessee Volunteers,5.5,-113.0,2026,2026-10-10T00:47:21Z,1655,13.829280900079482,19.937830272661923,-3.6085493725824414,726826f3d6abb0bb4115e1078acbea91f10dfda4a429c17b5e74b8ed63b3a0b9,timestamped_live_quote,FBS vs FBS
2026-10-10T00:47:21Z,2851c11a3831feac527b6df0b34b2a2a,2026-10-17T19:30:00Z,Georgia Bulldogs,Auburn Tigers,draftkings,DraftKings,2026-10-10T00:46:55Z,2026-10-10T00:46:55Z,Auburn Tigers,18.5,-110.0,2026,2026-10-10T00:47:21Z,1655,20.42373608347067,6.87906989463858,16.04466618883209,726826f3d6abb0bb4115e1078acbea91f10dfda4a429c17b5e74b8ed63b3a0b9,timestamped_live_quote,FBS vs FBS
2026-10-10T00:47:21Z,2851c11a3831feac527b6df0b34b2a2a,2026-10-17T19:30:00Z,Georgia Bulldogs,Auburn Tigers,draftkings,DraftKings,2026-10-10T00:46:55Z,2026-10-10T00:46:55Z,Georgia Bulldogs,-18.5,-110.0,2026,2026-10-10T00:47:21Z,1655,20.42373608347067,6.87906989463858,16.04466618883209,726826f3d6abb0bb4115e1078acbea91f10dfda4a429c17b5e74b8ed63b3a0b9,timestamped_live_quote,FBS vs FBS
2026-10-10T00:47:21Z,2851c11a3831feac527b6df0b34b2a2a,2026-10-17T19:30:00Z,Georgia Bulldogs,Auburn Tigers,fanduel,FanDuel,2026-10-10T00:46:58Z,2026-10-10T00:46:58Z,Auburn Tigers,18.5,-110.0,2026,2026-10-10T00:47:21Z,1655,20.42373608347067,6.87906989463858,16.04466618883209,726826f3d6abb0bb4115e1078acbea91f10dfda4a429c17b5e74b8ed63b3a0b9,timestamped_live_quote,FBS vs FBS
2026-10-10T00:47:21Z,2851c11a3831feac527b6df0b34b2a2a,2026-10-17T19:30:00Z,Georgia Bulldogs,Auburn Tigers,fanduel,FanDuel,2026-10-10T00:46:58Z,2026-10-10T00:46:58Z,Georgia Bulldogs,-18.5,-110.0,2026,2026-10-10T00:47:21Z,1655,20.42373608347067,6.87906989463858,16.04466618883209,726826f3d6abb0bb4115e1078acbea91f10dfda4a429c17b5e74b8ed63b3a0b9,timestamped_live_quote,FBS vs FBS
2026-10-10T00:47:21Z,2851c11a3831feac527b6df0b34b2a2a,2026-10-17T19:30:00Z,Georgia Bulldogs,Auburn Tigers,betrivers,BetRivers,2026-10-10T00:47:00Z,2026-10-10T00:47:00Z,Auburn Tigers,18.5,-112.0,2026,2026-10-10T00:47:21Z,1655,20.42373608347067,6.87906989463858,16.04466618883209,726826f3d6abb0bb4115e1078acbea91f10dfda4a429c17b5e74b8ed63b3a0b9,timestamped_live_quote,FBS vs FBS
2026-10-10T00:47:21Z,2851c11a3831feac527b6df0b34b2a2a,2026-10-17T19:30:00Z,Georgia Bulldogs,Auburn Tigers,betrivers,BetRivers,2026-10-10T00:47:00Z,2026-10-10T00:47:00Z,Georgia Bulldogs,-18.5,-112.0,2026,2026-10-10T00:47:21Z,1655,20.42373608347067,6.87906989463858,16.04466618883209,726826f3d6abb0bb4115e1078acbea91f10dfda4a429c17b5e74b8ed63b3a0b9,timestamped_live_quote,FBS vs FBS
2026-10-10T00:47:21Z,9e7a1e65bd6ffb3ff108db2a5e125170,2026-10-17T19:30:00Z,Duke Blue Devils,North Carolina Tar Heels,draftkings,DraftKings,2026-10-10T00:46:55Z,2026-10-10T00:46:55Z,Duke Blue Devils,-4.5,-110.0,2026,2026-10-10T00:47:21Z,1655,10.05118611047679,6.31683813718703,6.2343479732897595,726826f3d6abb0bb4115e1078acbea91f10dfda4a429c17b5e74b8ed63b3a0b9,timestamped_live_quote,FBS vs FBS
2026-10-10T00:47:21Z,9e7a1e65bd6ffb3ff108db2a5e125170,2026-10-17T19:30:00Z,Duke Blue Devils,North Carolina Tar Heels,draftkings,DraftKings,2026-10-10T00:46:55Z,2026-10-10T00:46:55Z,North Carolina Tar Heels,4.5,-110.0,2026,2026-10-10T00:47:21Z,1655,10.05118611047679,6.31683813718703,6.2343479732897595,726826f3d6abb0bb4115e1078acbea91f10dfda4a429c17b5e74b8ed63b3a0b9,timestamped_live_quote,FBS vs FBS
2026-10-10T00:47:21Z,9e7a1e65bd6ffb3ff108db2a5e125170,2026-10-17T19:30:00Z,Duke Blue Devils,North Carolina Tar Heels,betrivers,BetRivers,2026-10-10T00:47:00Z,2026-10-10T00:47:00Z,Duke Blue Devils,-4.5,-114.0,2026,2026-10-10T00:47:21Z,1655,10.05118611047679,6.31683813718703,6.2343479732897595,726826f3d6abb0bb4115e1078acbea91f10dfda4a429c17b5e74b8ed63b3a0b9,timestamped_live_quote,FBS vs FBS
2026-10-10T00:47:21Z,9e7a1e65bd6ffb3ff108db2a5e125170,2026-10-17T19:30:00Z,Duke Blue Devils,North Carolina Tar Heels,betrivers,BetRivers,2026-10-10T00:47:00Z,2026-10-10T00:47:00Z,North Carolina Tar Heels,4.5,-109.0,2026,2026-10-10T00:47:21Z,1655,10.05118611047679,6.31683813718703,6.2343479732897595,726826f3d6abb0bb4115e1078acbea91f10dfda4a429c17b5e74b8ed63b3a0b9,timestamped_live_quote,FBS vs FBS
2026-10-10T00:47:21Z,5d09c85c1d67e8f9db8db560cb038027,2026-10-17T19:30:00Z,Ole Miss Rebels,Missouri Tigers,fanduel,FanDuel,2026-10-10T00:46:59Z,2026-10-10T00:46:58Z,Missouri Tigers,6.5,110.0,2026,2026-10-10T00:47:21Z,1655,5.1854391675305225,13.625704337023206,-5.940265169492683,726826f3d6abb0bb4115e1078acbea91f10dfda4a429c17b5e74b8ed63b3a0b9,timestamped_live_quote,FBS vs FBS
2026-10-10T00:47:21Z,5d09c85c1d67e8f9db8db560cb038027,2026-10-17T19:30:00Z,Ole Miss Rebels,Missouri Tigers,fanduel,FanDuel,2026-10-10T00:46:59Z,2026-10-10T00:46:58Z,Ole Miss Rebels,-6.5,-134.0,2026,2026-10-10T00:47:21Z,1655,5.1854391675305225,13.625704337023206,-5.940265169492683,726826f3d6abb0bb4115e1078acbea91f10dfda4a429c17b5e74b8ed63b3a0b9,timestamped_live_quote,FBS vs FBS
2026-10-10T00:47:21Z,5d09c85c1d67e8f9db8db560cb038027,2026-10-17T19:30:00Z,Ole Miss Rebels,Missouri Tigers,draftkings,DraftKings,2026-10-10T00:46:55Z,2026-10-10T00:46:55Z,Missouri Tigers,6.5,-110.0,2026,2026-10-10T00:47:21Z,1655,5.1854391675305225,13.625704337023206,-5.940265169492683,726826f3d6abb0bb4115e1078acbea91f10dfda4a429c17b5e74b8ed63b3a0b9,timestamped_live_quote,FBS vs FBS
2026-10-10T00:47:21Z,5d09c85c1d67e8f9db8db560cb038027,2026-10-17T19:30:00Z,Ole Miss Rebels,Missouri Tigers,draftkings,DraftKings,2026-10-10T00:46:55Z,2026-10-10T00:46:55Z,Ole Miss Rebels,-6.5,-110.0,2026,2026-10-10T00:47:21Z,1655,5.1854391675305225,13.625704337023206,-5.940265169492683,726826f3d6abb0bb4115e1078acbea91f10dfda4a429c17b5e74b8ed63b3a0b9,timestamped_live_quote,FBS vs FBS
2026-10-10T00:47:21Z,5d09c85c1d67e8f9db8db560cb038027,2026-10-17T19:30:00Z,Ole Miss Rebels,Missouri Tigers,betrivers,BetRivers,2026-10-10T00:47:00Z,2026-10-10T00:47:00Z,Missouri Tigers,6.5,-108.0,2026,2026-10-10T00:47:21Z,1655,5.1854391675305225,13.625704337023206,-5.940265169492683,726826f3d6abb0bb4115e1078acbea91f10dfda4a429c17b5e74b8ed63b3a0b9,timestamped_live_quote,FBS vs FBS
2026-10-10T00:47:21Z,5d09c85c1d67e8f9db8db560cb038027,2026-10-17T19:30:00Z,Ole Miss Rebels,Missouri Tigers,betrivers,BetRivers,2026-10-10T00:47:00Z,2026-10-10T00:47:00Z,Ole Miss Rebels,-6.5,-115.0,2026,2026-10-10T00:47:21Z,1655,5.1854391675305225,13.625704337023206,-5.940265169492683,726826f3d6abb0bb4115e1078acbea91f10dfda4a429c17b5e74b8ed63b3a0b9,timestamped_live_quote,FBS vs FBS
2026-10-10T00:47:21Z,33f259d8951535f271a8df5c790a832e,2026-10-17T23:00:00Z,Miami Hurricanes,Florida State Seminoles,draftkings,DraftKings,2026-10-10T00:46:55Z,2026-10-10T00:46:55Z,Florida State Seminoles,19.5,-110.0,2026,2026-10-10T00:47:21Z,1655,21.90295142392696,9.487684095179926,14.915267328747035,726826f3d6abb0bb4115e1078acbea91f10dfda4a429c17b5e74b8ed63b3a0b9,timestamped_live_quote,FBS vs FBS
2026-10-10T00:47:21Z,33f259d8951535f271a8df5c790a832e,2026-10-17T23:00:00Z,Miami Hurricanes,Florida State Seminoles,draftkings,DraftKings,2026-10-10T00:46:55Z,2026-10-10T00:46:55Z,Miami Hurricanes,-19.5,-110.0,2026,2026-10-10T00:47:21Z,1655,21.90295142392696,9.487684095179926,14.915267328747035,726826f3d6abb0bb4115e1078acbea91f10dfda4a429c17b5e74b8ed63b3a0b9,timestamped_live_quote,FBS vs FBS
2026-10-10T00:47:21Z,33f259d8951535f271a8df5c790a832e,2026-10-17T23:00:00Z,Miami Hurricanes,Florida State Seminoles,betrivers,BetRivers,2026-10-10T00:47:00Z,2026-10-10T00:47:00Z,Florida State Seminoles,20.5,-112.0,2026,2026-10-10T00:47:21Z,1655,21.90295142392696,9.487684095179926,14.915267328747035,726826f3d6abb0bb4115e1078acbea91f10dfda4a429c17b5e74b8ed63b3a0b9,timestamped_live_quote,FBS vs FBS
2026-10-10T00:47:21Z,33f259d8951535f271a8df5c790a832e,2026-10-17T23:00:00Z,Miami Hurricanes,Florida State Seminoles,betrivers,BetRivers,2026-10-10T00:47:00Z,2026-10-10T00:47:00Z,Miami Hurricanes,-20.5,-112.0,2026,2026-10-10T00:47:21Z,1655,21.90295142392696,9.487684095179926,14.915267328747035,726826f3d6abb0bb4115e1078acbea91f10dfda4a429c17b5e74b8ed63b3a0b9,timestamped_live_quote,FBS vs FBS
2026-10-10T00:47:21Z,bd2d52fadefed8a6174e73c84cca9ce3,2026-10-17T23:30:00Z,BYU Cougars,Notre Dame Fighting Irish,draftkings,DraftKings,2026-10-10T00:46:55Z,2026-10-10T00:46:55Z,BYU Cougars,12.5,-105.0,2026,2026-10-10T00:47:21Z,1655,12.062089749619679,18.46138189581348,-3.899292146193803,726826f3d6abb0bb4115e1078acbea91f10dfda4a429c17b5e74b8ed63b3a0b9,timestamped_live_quote,FBS vs FBS
2026-10-10T00:47:21Z,bd2d52fadefed8a6174e73c84cca9ce3,2026-10-17T23:30:00Z,BYU Cougars,Notre Dame Fighting Irish,draftkings,DraftKings,2026-10-10T00:46:55Z,2026-10-10T00:46:55Z,Notre Dame Fighting Irish,-12.5,-115.0,2026,2026-10-10T00:47:21Z,1655,12.062089749619679,18.46138189581348,-3.899292146193803,726826f3d6abb0bb4115e1078acbea91f10dfda4a429c17b5e74b8ed63b3a0b9,timestamped_live_quote,FBS vs FBS
2026-10-10T00:47:21Z,bd2d52fadefed8a6174e73c84cca9ce3,2026-10-17T23:30:00Z,BYU Cougars,Notre Dame Fighting Irish,fanduel,FanDuel,2026-10-10T00:46:58Z,2026-10-10T00:46:58Z,BYU Cougars,13.5,-110.0,2026,2026-10-10T00:47:21Z,1655,12.062089749619679,18.46138189581348,-3.899292146193803,726826f3d6abb0bb4115e1078acbea91f10dfda4a429c17b5e74b8ed63b3a0b9,timestamped_live_quote,FBS vs FBS
2026-10-10T00:47:21Z,bd2d52fadefed8a6174e73c84cca9ce3,2026-10-17T23:30:00Z,BYU Cougars,Notre Dame Fighting Irish,fanduel,FanDuel,2026-10-10T00:46:58Z,2026-10-10T00:46:58Z,Notre Dame Fighting Irish,-13.5,-110.0,2026,2026-10-10T00:47:21Z,1655,12.062089749619679,18.46138189581348,-3.899292146193803,726826f3d6abb0bb4115e1078acbea91f10dfda4a429c17b5e74b8ed63b3a0b9,timestamped_live_quote,FBS vs FBS
2026-10-10T00:47:21Z,bd2d52fadefed8a6174e73c84cca9ce3,2026-10-17T23:30:00Z,BYU Cougars,Notre Dame Fighting Irish,betrivers,BetRivers,2026-10-10T00:47:00Z,2026-10-10T00:47:00Z,BYU Cougars,12.5,-112.0,2026,2026-10-10T00:47:21Z,1655,12.062089749619679,18.46138189581348,-3.899292146193803,726826f3d6abb0bb4115e1078acbea91f10dfda4a429c17b5e74b8ed63b3a0b9,timestamped_live_quote,FBS vs FBS
2026-10-10T00:47:21Z,bd2d52fadefed8a6174e73c84cca9ce3,2026-10-17T23:30:00Z,BYU Cougars,Notre Dame Fighting Irish,betrivers,BetRivers,2026-10-10T00:47:00Z,2026-10-10T00:47:00Z,Notre Dame Fighting Irish,-12.5,-110.0,2026,2026-10-10T00:47:21Z,1655,12.062089749619679,18.46138189581348,-3.899292146193803,726826f3d6abb0bb4115e1078acbea91f10dfda4a429c17b5e74b8ed63b3a0b9,timestamped_live_quote,FBS vs FBS
2026-10-10T00:47:21Z,7830c18dc7e87ebf087ddded14c50de4,2026-10-17T23:30:00Z,Houston Cougars,Oklahoma State Cowboys,fanduel,FanDuel,2026-10-10T00:46:59Z,2026-10-10T00:46:58Z,Houston Cougars,-2.5,-115.0,2026,2026-10-10T00:47:21Z,1655,15.183906268131338,10.135478951868096,7.548427316263242,726826f3d6abb0bb4115e1078acbea91f10dfda4a429c17b5e74b8ed63b3a0b9,timestamped_live_quote,FBS vs FBS
2026-10-10T00:47:21Z,7830c18dc7e87ebf087ddded14c50de4,2026-10-17T23:30:00Z,Houston Cougars,Oklahoma State Cowboys,fanduel,FanDuel,2026-10-10T00:46:59Z,2026-10-10T00:46:58Z,Oklahoma State Cowboys,2.5,-105.0,2026,2026-10-10T00:47:21Z,1655,15.183906268131338,10.135478951868096,7.548427316263242,726826f3d6abb0bb4115e1078acbea91f10dfda4a429c17b5e74b8ed63b3a0b9,timestamped_live_quote,FBS vs FBS
2026-10-10T00:47:21Z,7830c18dc7e87ebf087ddded14c50de4,2026-10-17T23:30:00Z,Houston Cougars,Oklahoma State Cowboys,draftkings,DraftKings,2026-10-10T00:46:55Z,2026-10-10T00:46:55Z,Houston Cougars,-3.5,-110.0,2026,2026-10-10T00:47:21Z,1655,15.183906268131338,10.135478951868096,7.548427316263242,726826f3d6abb0bb4115e1078acbea91f10dfda4a429c17b5e74b8ed63b3a0b9,timestamped_live_quote,FBS vs FBS
2026-10-10T00:47:21Z,7830c18dc7e87ebf087ddded14c50de4,2026-10-17T23:30:00Z,Houston Cougars,Oklahoma State Cowboys,draftkings,DraftKings,2026-10-10T00:46:55Z,2026-10-10T00:46:55Z,Oklahoma State Cowboys,3.5,-110.0,2026,2026-10-10T00:47:21Z,1655,15.183906268131338,10.135478951868096,7.548427316263242,726826f3d6abb0bb4115e1078acbea91f10dfda4a429c17b5e74b8ed63b3a0b9,timestamped_live_quote,FBS vs FBS
2026-10-10T00:47:21Z,7830c18dc7e87ebf087ddded14c50de4,2026-10-17T23:30:00Z,Houston Cougars,Oklahoma State Cowboys,betrivers,BetRivers,2026-10-10T00:47:00Z,2026-10-10T00:47:00Z,Houston Cougars,-3.5,-110.0,2026,2026-10-10T00:47:21Z,1655,15.183906268131338,10.135478951868096,7.548427316263242,726826f3d6abb0bb4115e1078acbea91f10dfda4a429c17b5e74b8ed63b3a0b9,timestamped_live_quote,FBS vs FBS
2026-10-10T00:47:21Z,7830c18dc7e87ebf087ddded14c50de4,2026-10-17T23:30:00Z,Houston Cougars,Oklahoma State Cowboys,betrivers,BetRivers,2026-10-10T00:47:00Z,2026-10-10T00:47:00Z,Oklahoma State Cowboys,3.5,-113.0,2026,2026-10-10T00:47:21Z,1655,15.183906268131338,10.135478951868096,7.548427316263242,726826f3d6abb0bb4115e1078acbea91f10dfda4a429c17b5e74b8ed63b3a0b9,timestamped_live_quote,FBS vs FBS
2026-10-10T00:47:21Z,0728226f9c1e3aace0f64536109f4d05,2026-10-17T23:30:00Z,Oklahoma Sooners,Kentucky Wildcats,draftkings,DraftKings,2026-10-10T00:46:55Z,2026-10-10T00:46:55Z,Kentucky Wildcats,6.0,-110.0,2026,2026-10-10T00:47:21Z,1655,6.743231392250338,9.467726283511466,-0.22449489126112798,726826f3d6abb0bb4115e1078acbea91f10dfda4a429c17b5e74b8ed63b3a0b9,timestamped_live_quote,FBS vs FBS
2026-10-10T00:47:21Z,0728226f9c1e3aace0f64536109f4d05,2026-10-17T23:30:00Z,Oklahoma Sooners,Kentucky Wildcats,draftkings,DraftKings,2026-10-10T00:46:55Z,2026-10-10T00:46:55Z,Oklahoma Sooners,-6.0,-110.0,2026,2026-10-10T00:47:21Z,1655,6.743231392250338,9.467726283511466,-0.22449489126112798,726826f3d6abb0bb4115e1078acbea91f10dfda4a429c17b5e74b8ed63b3a0b9,timestamped_live_quote,FBS vs FBS
2026-10-10T00:47:21Z,0728226f9c1e3aace0f64536109f4d05,2026-10-17T23:30:00Z,Oklahoma Sooners,Kentucky Wildcats,betrivers,BetRivers,2026-10-10T00:47:00Z,2026-10-10T00:47:00Z,Kentucky Wildcats,6.5,-112.0,2026,2026-10-10T00:47:21Z,1655,6.743231392250338,9.467726283511466,-0.22449489126112798,726826f3d6abb0bb4115e1078acbea91f10dfda4a429c17b5e74b8ed63b3a0b9,timestamped_live_quote,FBS vs FBS
2026-10-10T00:47:21Z,0728226f9c1e3aace0f64536109f4d05,2026-10-17T23:30:00Z,Oklahoma Sooners,Kentucky Wildcats,betrivers,BetRivers,2026-10-10T00:47:00Z,2026-10-10T00:47:00Z,Oklahoma Sooners,-6.5,-112.0,2026,2026-10-10T00:47:21Z,1655,6.743231392250338,9.467726283511466,-0.22449489126112798,726826f3d6abb0bb4115e1078acbea91f10dfda4a429c17b5e74b8ed63b3a0b9,timestamped_live_quote,FBS vs FBS
