captured_at_utc,game_id,kickoff_utc,home_team,away_team,sportsbook_key,sportsbook,bookmaker_last_update_utc,market_last_update_utc,selection,spread,american_odds,season,ratings_asof_utc,ratings_training_games,home_rating,away_rating,projected_home_margin,ratings_input_sha256,capture_status,division_status
2026-09-29T20:34:46Z,b0998b3474fea9dee080784b8da01048,2026-10-02T00:00:00Z,New Mexico State Aggies,Western Kentucky Hilltoppers,fanduel,FanDuel,2026-09-29T20:34:20Z,2026-09-29T20:34:19Z,New Mexico State Aggies,-2.5,-110.0,2026,2026-09-29T20:34:46Z,1344,-2.2361785915378043,-6.452835927376347,6.716657335838542,807aa80048d80e577104f04f9dc527bcbdecbac1e0bd777c98286ecfff8aeba7,timestamped_live_quote,FBS vs FBS
2026-09-29T20:34:46Z,b0998b3474fea9dee080784b8da01048,2026-10-02T00:00:00Z,New Mexico State Aggies,Western Kentucky Hilltoppers,fanduel,FanDuel,2026-09-29T20:34:20Z,2026-09-29T20:34:19Z,Western Kentucky Hilltoppers,2.5,-110.0,2026,2026-09-29T20:34:46Z,1344,-2.2361785915378043,-6.452835927376347,6.716657335838542,807aa80048d80e577104f04f9dc527bcbdecbac1e0bd777c98286ecfff8aeba7,timestamped_live_quote,FBS vs FBS
2026-09-29T20:34:46Z,b0998b3474fea9dee080784b8da01048,2026-10-02T00:00:00Z,New Mexico State Aggies,Western Kentucky Hilltoppers,betrivers,BetRivers,2026-09-29T20:34:19Z,2026-09-29T20:34:19Z,New Mexico State Aggies,-2.0,-112.0,2026,2026-09-29T20:34:46Z,1344,-2.2361785915378043,-6.452835927376347,6.716657335838542,807aa80048d80e577104f04f9dc527bcbdecbac1e0bd777c98286ecfff8aeba7,timestamped_live_quote,FBS vs FBS
2026-09-29T20:34:46Z,b0998b3474fea9dee080784b8da01048,2026-10-02T00:00:00Z,New Mexico State Aggies,Western Kentucky Hilltoppers,betrivers,BetRivers,2026-09-29T20:34:19Z,2026-09-29T20:34:19Z,Western Kentucky Hilltoppers,2.0,-112.0,2026,2026-09-29T20:34:46Z,1344,-2.2361785915378043,-6.452835927376347,6.716657335838542,807aa80048d80e577104f04f9dc527bcbdecbac1e0bd777c98286ecfff8aeba7,timestamped_live_quote,FBS vs FBS
2026-09-29T20:34:46Z,b0998b3474fea9dee080784b8da01048,2026-10-02T00:00:00Z,New Mexico State Aggies,Western Kentucky Hilltoppers,draftkings,DraftKings,2026-09-29T20:34:00Z,2026-09-29T20:34:00Z,New Mexico State Aggies,-2.5,-112.0,2026,2026-09-29T20:34:46Z,1344,-2.2361785915378043,-6.452835927376347,6.716657335838542,807aa80048d80e577104f04f9dc527bcbdecbac1e0bd777c98286ecfff8aeba7,timestamped_live_quote,FBS vs FBS
2026-09-29T20:34:46Z,b0998b3474fea9dee080784b8da01048,2026-10-02T00:00:00Z,New Mexico State Aggies,Western Kentucky Hilltoppers,draftkings,DraftKings,2026-09-29T20:34:00Z,2026-09-29T20:34:00Z,Western Kentucky Hilltoppers,2.5,-108.0,2026,2026-09-29T20:34:46Z,1344,-2.2361785915378043,-6.452835927376347,6.716657335838542,807aa80048d80e577104f04f9dc527bcbdecbac1e0bd777c98286ecfff8aeba7,timestamped_live_quote,FBS vs FBS
2026-09-29T20:34:46Z,b0998b3474fea9dee080784b8da01048,2026-10-02T00:00:00Z,New Mexico State Aggies,Western Kentucky Hilltoppers,betonlineag,BetOnline.ag,2026-09-29T20:34:16Z,2026-09-29T20:34:16Z,New Mexico State Aggies,-3.0,-102.0,2026,2026-09-29T20:34:46Z,1344,-2.2361785915378043,-6.452835927376347,6.716657335838542,807aa80048d80e577104f04f9dc527bcbdecbac1e0bd777c98286ecfff8aeba7,timestamped_live_quote,FBS vs FBS
2026-09-29T20:34:46Z,b0998b3474fea9dee080784b8da01048,2026-10-02T00:00:00Z,New Mexico State Aggies,Western Kentucky Hilltoppers,betonlineag,BetOnline.ag,2026-09-29T20:34:16Z,2026-09-29T20:34:16Z,Western Kentucky Hilltoppers,3.0,-118.0,2026,2026-09-29T20:34:46Z,1344,-2.2361785915378043,-6.452835927376347,6.716657335838542,807aa80048d80e577104f04f9dc527bcbdecbac1e0bd777c98286ecfff8aeba7,timestamped_live_quote,FBS vs FBS
2026-09-29T20:34:46Z,b0998b3474fea9dee080784b8da01048,2026-10-02T00:00:00Z,New Mexico State Aggies,Western Kentucky Hilltoppers,lowvig,LowVig.ag,2026-09-29T20:33:39Z,2026-09-29T20:33:39Z,New Mexico State Aggies,-3.0,102.0,2026,2026-09-29T20:34:46Z,1344,-2.2361785915378043,-6.452835927376347,6.716657335838542,807aa80048d80e577104f04f9dc527bcbdecbac1e0bd777c98286ecfff8aeba7,timestamped_live_quote,FBS vs FBS
2026-09-29T20:34:46Z,b0998b3474fea9dee080784b8da01048,2026-10-02T00:00:00Z,New Mexico State Aggies,Western Kentucky Hilltoppers,lowvig,LowVig.ag,2026-09-29T20:33:39Z,2026-09-29T20:33:39Z,Western Kentucky Hilltoppers,3.0,-114.0,2026,2026-09-29T20:34:46Z,1344,-2.2361785915378043,-6.452835927376347,6.716657335838542,807aa80048d80e577104f04f9dc527bcbdecbac1e0bd777c98286ecfff8aeba7,timestamped_live_quote,FBS vs FBS
2026-09-29T20:34:46Z,b0998b3474fea9dee080784b8da01048,2026-10-02T00:00:00Z,New Mexico State Aggies,Western Kentucky Hilltoppers,betmgm,BetMGM,2026-09-29T20:34:33Z,2026-09-29T20:34:33Z,New Mexico State Aggies,-2.5,-112.0,2026,2026-09-29T20:34:46Z,1344,-2.2361785915378043,-6.452835927376347,6.716657335838542,807aa80048d80e577104f04f9dc527bcbdecbac1e0bd777c98286ecfff8aeba7,timestamped_live_quote,FBS vs FBS
2026-09-29T20:34:46Z,b0998b3474fea9dee080784b8da01048,2026-10-02T00:00:00Z,New Mexico State Aggies,Western Kentucky Hilltoppers,betmgm,BetMGM,2026-09-29T20:34:33Z,2026-09-29T20:34:33Z,Western Kentucky Hilltoppers,2.5,-105.0,2026,2026-09-29T20:34:46Z,1344,-2.2361785915378043,-6.452835927376347,6.716657335838542,807aa80048d80e577104f04f9dc527bcbdecbac1e0bd777c98286ecfff8aeba7,timestamped_live_quote,FBS vs FBS
2026-09-29T20:34:46Z,b0998b3474fea9dee080784b8da01048,2026-10-02T00:00:00Z,New Mexico State Aggies,Western Kentucky Hilltoppers,mybookieag,MyBookie.ag,2026-09-29T20:33:40Z,2026-09-29T20:33:40Z,New Mexico State Aggies,-2.5,-110.0,2026,2026-09-29T20:34:46Z,1344,-2.2361785915378043,-6.452835927376347,6.716657335838542,807aa80048d80e577104f04f9dc527bcbdecbac1e0bd777c98286ecfff8aeba7,timestamped_live_quote,FBS vs FBS
2026-09-29T20:34:46Z,b0998b3474fea9dee080784b8da01048,2026-10-02T00:00:00Z,New Mexico State Aggies,Western Kentucky Hilltoppers,mybookieag,MyBookie.ag,2026-09-29T20:33:40Z,2026-09-29T20:33:40Z,Western Kentucky Hilltoppers,2.5,-110.0,2026,2026-09-29T20:34:46Z,1344,-2.2361785915378043,-6.452835927376347,6.716657335838542,807aa80048d80e577104f04f9dc527bcbdecbac1e0bd777c98286ecfff8aeba7,timestamped_live_quote,FBS vs FBS
2026-09-29T20:34:46Z,b0998b3474fea9dee080784b8da01048,2026-10-02T00:00:00Z,New Mexico State Aggies,Western Kentucky Hilltoppers,betus,BetUS,2026-09-29T20:34:18Z,2026-09-29T20:34:18Z,New Mexico State Aggies,-2.5,-110.0,2026,2026-09-29T20:34:46Z,1344,-2.2361785915378043,-6.452835927376347,6.716657335838542,807aa80048d80e577104f04f9dc527bcbdecbac1e0bd777c98286ecfff8aeba7,timestamped_live_quote,FBS vs FBS
2026-09-29T20:34:46Z,b0998b3474fea9dee080784b8da01048,2026-10-02T00:00:00Z,New Mexico State Aggies,Western Kentucky Hilltoppers,betus,BetUS,2026-09-29T20:34:18Z,2026-09-29T20:34:18Z,Western Kentucky Hilltoppers,2.5,-110.0,2026,2026-09-29T20:34:46Z,1344,-2.2361785915378043,-6.452835927376347,6.716657335838542,807aa80048d80e577104f04f9dc527bcbdecbac1e0bd777c98286ecfff8aeba7,timestamped_live_quote,FBS vs FBS
2026-09-29T20:34:46Z,b0998b3474fea9dee080784b8da01048,2026-10-02T00:00:00Z,New Mexico State Aggies,Western Kentucky Hilltoppers,bovada,Bovada,2026-09-29T20:33:33Z,2026-09-29T20:33:33Z,New Mexico State Aggies,-2.5,-115.0,2026,2026-09-29T20:34:46Z,1344,-2.2361785915378043,-6.452835927376347,6.716657335838542,807aa80048d80e577104f04f9dc527bcbdecbac1e0bd777c98286ecfff8aeba7,timestamped_live_quote,FBS vs FBS
2026-09-29T20:34:46Z,b0998b3474fea9dee080784b8da01048,2026-10-02T00:00:00Z,New Mexico State Aggies,Western Kentucky Hilltoppers,bovada,Bovada,2026-09-29T20:33:33Z,2026-09-29T20:33:33Z,Western Kentucky Hilltoppers,2.5,-105.0,2026,2026-09-29T20:34:46Z,1344,-2.2361785915378043,-6.452835927376347,6.716657335838542,807aa80048d80e577104f04f9dc527bcbdecbac1e0bd777c98286ecfff8aeba7,timestamped_live_quote,FBS vs FBS
2026-09-29T20:34:46Z,3c64f3dd8efd756a90f09303e5517006,2026-10-02T01:00:00Z,Tulsa Golden Hurricane,North Texas Mean Green,fanduel,FanDuel,2026-09-29T20:34:20Z,2026-09-29T20:34:19Z,North Texas Mean Green,1.5,-114.0,2026,2026-09-29T20:34:46Z,1344,5.427931709022538,7.242740699553364,0.6851910094691736,807aa80048d80e577104f04f9dc527bcbdecbac1e0bd777c98286ecfff8aeba7,timestamped_live_quote,FBS vs FBS
2026-09-29T20:34:46Z,3c64f3dd8efd756a90f09303e5517006,2026-10-02T01:00:00Z,Tulsa Golden Hurricane,North Texas Mean Green,fanduel,FanDuel,2026-09-29T20:34:20Z,2026-09-29T20:34:19Z,Tulsa Golden Hurricane,-1.5,-106.0,2026,2026-09-29T20:34:46Z,1344,5.427931709022538,7.242740699553364,0.6851910094691736,807aa80048d80e577104f04f9dc527bcbdecbac1e0bd777c98286ecfff8aeba7,timestamped_live_quote,FBS vs FBS
2026-09-29T20:34:46Z,3c64f3dd8efd756a90f09303e5517006,2026-10-02T01:00:00Z,Tulsa Golden Hurricane,North Texas Mean Green,betrivers,BetRivers,2026-09-29T20:34:19Z,2026-09-29T20:34:19Z,North Texas Mean Green,1.0,-112.0,2026,2026-09-29T20:34:46Z,1344,5.427931709022538,7.242740699553364,0.6851910094691736,807aa80048d80e577104f04f9dc527bcbdecbac1e0bd777c98286ecfff8aeba7,timestamped_live_quote,FBS vs FBS
2026-09-29T20:34:46Z,3c64f3dd8efd756a90f09303e5517006,2026-10-02T01:00:00Z,Tulsa Golden Hurricane,North Texas Mean Green,betrivers,BetRivers,2026-09-29T20:34:19Z,2026-09-29T20:34:19Z,Tulsa Golden Hurricane,-1.0,-112.0,2026,2026-09-29T20:34:46Z,1344,5.427931709022538,7.242740699553364,0.6851910094691736,807aa80048d80e577104f04f9dc527bcbdecbac1e0bd777c98286ecfff8aeba7,timestamped_live_quote,FBS vs FBS
2026-09-29T20:34:46Z,3c64f3dd8efd756a90f09303e5517006,2026-10-02T01:00:00Z,Tulsa Golden Hurricane,North Texas Mean Green,draftkings,DraftKings,2026-09-29T20:34:00Z,2026-09-29T20:34:00Z,North Texas Mean Green,1.5,-120.0,2026,2026-09-29T20:34:46Z,1344,5.427931709022538,7.242740699553364,0.6851910094691736,807aa80048d80e577104f04f9dc527bcbdecbac1e0bd777c98286ecfff8aeba7,timestamped_live_quote,FBS vs FBS
2026-09-29T20:34:46Z,3c64f3dd8efd756a90f09303e5517006,2026-10-02T01:00:00Z,Tulsa Golden Hurricane,North Texas Mean Green,draftkings,DraftKings,2026-09-29T20:34:00Z,2026-09-29T20:34:00Z,Tulsa Golden Hurricane,-1.5,100.0,2026,2026-09-29T20:34:46Z,1344,5.427931709022538,7.242740699553364,0.6851910094691736,807aa80048d80e577104f04f9dc527bcbdecbac1e0bd777c98286ecfff8aeba7,timestamped_live_quote,FBS vs FBS
2026-09-29T20:34:46Z,3c64f3dd8efd756a90f09303e5517006,2026-10-02T01:00:00Z,Tulsa Golden Hurricane,North Texas Mean Green,betonlineag,BetOnline.ag,2026-09-29T20:34:16Z,2026-09-29T20:34:16Z,North Texas Mean Green,1.0,-112.0,2026,2026-09-29T20:34:46Z,1344,5.427931709022538,7.242740699553364,0.6851910094691736,807aa80048d80e577104f04f9dc527bcbdecbac1e0bd777c98286ecfff8aeba7,timestamped_live_quote,FBS vs FBS
2026-09-29T20:34:46Z,3c64f3dd8efd756a90f09303e5517006,2026-10-02T01:00:00Z,Tulsa Golden Hurricane,North Texas Mean Green,betonlineag,BetOnline.ag,2026-09-29T20:34:16Z,2026-09-29T20:34:16Z,Tulsa Golden Hurricane,-1.0,-108.0,2026,2026-09-29T20:34:46Z,1344,5.427931709022538,7.242740699553364,0.6851910094691736,807aa80048d80e577104f04f9dc527bcbdecbac1e0bd777c98286ecfff8aeba7,timestamped_live_quote,FBS vs FBS
2026-09-29T20:34:46Z,3c64f3dd8efd756a90f09303e5517006,2026-10-02T01:00:00Z,Tulsa Golden Hurricane,North Texas Mean Green,lowvig,LowVig.ag,2026-09-29T20:33:39Z,2026-09-29T20:33:39Z,North Texas Mean Green,1.0,-108.0,2026,2026-09-29T20:34:46Z,1344,5.427931709022538,7.242740699553364,0.6851910094691736,807aa80048d80e577104f04f9dc527bcbdecbac1e0bd777c98286ecfff8aeba7,timestamped_live_quote,FBS vs FBS
2026-09-29T20:34:46Z,3c64f3dd8efd756a90f09303e5517006,2026-10-02T01:00:00Z,Tulsa Golden Hurricane,North Texas Mean Green,lowvig,LowVig.ag,2026-09-29T20:33:39Z,2026-09-29T20:33:39Z,Tulsa Golden Hurricane,-1.0,-104.0,2026,2026-09-29T20:34:46Z,1344,5.427931709022538,7.242740699553364,0.6851910094691736,807aa80048d80e577104f04f9dc527bcbdecbac1e0bd777c98286ecfff8aeba7,timestamped_live_quote,FBS vs FBS
2026-09-29T20:34:46Z,3c64f3dd8efd756a90f09303e5517006,2026-10-02T01:00:00Z,Tulsa Golden Hurricane,North Texas Mean Green,betmgm,BetMGM,2026-09-29T20:34:33Z,2026-09-29T20:34:33Z,North Texas Mean Green,1.0,-112.0,2026,2026-09-29T20:34:46Z,1344,5.427931709022538,7.242740699553364,0.6851910094691736,807aa80048d80e577104f04f9dc527bcbdecbac1e0bd777c98286ecfff8aeba7,timestamped_live_quote,FBS vs FBS
2026-09-29T20:34:46Z,3c64f3dd8efd756a90f09303e5517006,2026-10-02T01:00:00Z,Tulsa Golden Hurricane,North Texas Mean Green,betmgm,BetMGM,2026-09-29T20:34:33Z,2026-09-29T20:34:33Z,Tulsa Golden Hurricane,-1.0,-108.0,2026,2026-09-29T20:34:46Z,1344,5.427931709022538,7.242740699553364,0.6851910094691736,807aa80048d80e577104f04f9dc527bcbdecbac1e0bd777c98286ecfff8aeba7,timestamped_live_quote,FBS vs FBS
2026-09-29T20:34:46Z,3c64f3dd8efd756a90f09303e5517006,2026-10-02T01:00:00Z,Tulsa Golden Hurricane,North Texas Mean Green,mybookieag,MyBookie.ag,2026-09-29T20:33:40Z,2026-09-29T20:33:40Z,North Texas Mean Green,1.0,-110.0,2026,2026-09-29T20:34:46Z,1344,5.427931709022538,7.242740699553364,0.6851910094691736,807aa80048d80e577104f04f9dc527bcbdecbac1e0bd777c98286ecfff8aeba7,timestamped_live_quote,FBS vs FBS
2026-09-29T20:34:46Z,3c64f3dd8efd756a90f09303e5517006,2026-10-02T01:00:00Z,Tulsa Golden Hurricane,North Texas Mean Green,mybookieag,MyBookie.ag,2026-09-29T20:33:40Z,2026-09-29T20:33:40Z,Tulsa Golden Hurricane,-1.0,-110.0,2026,2026-09-29T20:34:46Z,1344,5.427931709022538,7.242740699553364,0.6851910094691736,807aa80048d80e577104f04f9dc527bcbdecbac1e0bd777c98286ecfff8aeba7,timestamped_live_quote,FBS vs FBS
2026-09-29T20:34:46Z,3c64f3dd8efd756a90f09303e5517006,2026-10-02T01:00:00Z,Tulsa Golden Hurricane,North Texas Mean Green,betus,BetUS,2026-09-29T20:34:18Z,2026-09-29T20:34:18Z,North Texas Mean Green,1.0,-110.0,2026,2026-09-29T20:34:46Z,1344,5.427931709022538,7.242740699553364,0.6851910094691736,807aa80048d80e577104f04f9dc527bcbdecbac1e0bd777c98286ecfff8aeba7,timestamped_live_quote,FBS vs FBS
2026-09-29T20:34:46Z,3c64f3dd8efd756a90f09303e5517006,2026-10-02T01:00:00Z,Tulsa Golden Hurricane,North Texas Mean Green,betus,BetUS,2026-09-29T20:34:18Z,2026-09-29T20:34:18Z,Tulsa Golden Hurricane,-1.0,-110.0,2026,2026-09-29T20:34:46Z,1344,5.427931709022538,7.242740699553364,0.6851910094691736,807aa80048d80e577104f04f9dc527bcbdecbac1e0bd777c98286ecfff8aeba7,timestamped_live_quote,FBS vs FBS
2026-09-29T20:34:46Z,3c64f3dd8efd756a90f09303e5517006,2026-10-02T01:00:00Z,Tulsa Golden Hurricane,North Texas Mean Green,bovada,Bovada,2026-09-29T20:33:33Z,2026-09-29T20:33:33Z,North Texas Mean Green,1.0,-110.0,2026,2026-09-29T20:34:46Z,1344,5.427931709022538,7.242740699553364,0.6851910094691736,807aa80048d80e577104f04f9dc527bcbdecbac1e0bd777c98286ecfff8aeba7,timestamped_live_quote,FBS vs FBS
2026-09-29T20:34:46Z,3c64f3dd8efd756a90f09303e5517006,2026-10-02T01:00:00Z,Tulsa Golden Hurricane,North Texas Mean Green,bovada,Bovada,2026-09-29T20:33:33Z,2026-09-29T20:33:33Z,Tulsa Golden Hurricane,-1.0,-110.0,2026,2026-09-29T20:34:46Z,1344,5.427931709022538,7.242740699553364,0.6851910094691736,807aa80048d80e577104f04f9dc527bcbdecbac1e0bd777c98286ecfff8aeba7,timestamped_live_quote,FBS vs FBS
2026-09-29T20:34:46Z,a39f3695781e9b2f76011e921d63b124,2026-10-02T23:00:00Z,Delaware Blue Hens,Liberty Flames,fanduel,FanDuel,2026-09-29T20:34:20Z,2026-09-29T20:34:19Z,Delaware Blue Hens,7.5,-122.0,2026,2026-09-29T20:34:46Z,1344,1.0499836132514468,7.262347146911765,-3.7123635336603176,807aa80048d80e577104f04f9dc527bcbdecbac1e0bd777c98286ecfff8aeba7,timestamped_live_quote,FBS vs FBS
2026-09-29T20:34:46Z,a39f3695781e9b2f76011e921d63b124,2026-10-02T23:00:00Z,Delaware Blue Hens,Liberty Flames,fanduel,FanDuel,2026-09-29T20:34:20Z,2026-09-29T20:34:19Z,Liberty Flames,-7.5,100.0,2026,2026-09-29T20:34:46Z,1344,1.0499836132514468,7.262347146911765,-3.7123635336603176,807aa80048d80e577104f04f9dc527bcbdecbac1e0bd777c98286ecfff8aeba7,timestamped_live_quote,FBS vs FBS
2026-09-29T20:34:46Z,a39f3695781e9b2f76011e921d63b124,2026-10-02T23:00:00Z,Delaware Blue Hens,Liberty Flames,betonlineag,BetOnline.ag,2026-09-29T20:34:16Z,2026-09-29T20:34:16Z,Delaware Blue Hens,7.0,100.0,2026,2026-09-29T20:34:46Z,1344,1.0499836132514468,7.262347146911765,-3.7123635336603176,807aa80048d80e577104f04f9dc527bcbdecbac1e0bd777c98286ecfff8aeba7,timestamped_live_quote,FBS vs FBS
2026-09-29T20:34:46Z,a39f3695781e9b2f76011e921d63b124,2026-10-02T23:00:00Z,Delaware Blue Hens,Liberty Flames,betonlineag,BetOnline.ag,2026-09-29T20:34:16Z,2026-09-29T20:34:16Z,Liberty Flames,-7.0,-120.0,2026,2026-09-29T20:34:46Z,1344,1.0499836132514468,7.262347146911765,-3.7123635336603176,807aa80048d80e577104f04f9dc527bcbdecbac1e0bd777c98286ecfff8aeba7,timestamped_live_quote,FBS vs FBS
2026-09-29T20:34:46Z,a39f3695781e9b2f76011e921d63b124,2026-10-02T23:00:00Z,Delaware Blue Hens,Liberty Flames,lowvig,LowVig.ag,2026-09-29T20:33:39Z,2026-09-29T20:33:39Z,Delaware Blue Hens,7.0,104.0,2026,2026-09-29T20:34:46Z,1344,1.0499836132514468,7.262347146911765,-3.7123635336603176,807aa80048d80e577104f04f9dc527bcbdecbac1e0bd777c98286ecfff8aeba7,timestamped_live_quote,FBS vs FBS
2026-09-29T20:34:46Z,a39f3695781e9b2f76011e921d63b124,2026-10-02T23:00:00Z,Delaware Blue Hens,Liberty Flames,lowvig,LowVig.ag,2026-09-29T20:33:39Z,2026-09-29T20:33:39Z,Liberty Flames,-7.0,-116.0,2026,2026-09-29T20:34:46Z,1344,1.0499836132514468,7.262347146911765,-3.7123635336603176,807aa80048d80e577104f04f9dc527bcbdecbac1e0bd777c98286ecfff8aeba7,timestamped_live_quote,FBS vs FBS
2026-09-29T20:34:46Z,a39f3695781e9b2f76011e921d63b124,2026-10-02T23:00:00Z,Delaware Blue Hens,Liberty Flames,betrivers,BetRivers,2026-09-29T20:34:19Z,2026-09-29T20:34:19Z,Delaware Blue Hens,7.0,-109.0,2026,2026-09-29T20:34:46Z,1344,1.0499836132514468,7.262347146911765,-3.7123635336603176,807aa80048d80e577104f04f9dc527bcbdecbac1e0bd777c98286ecfff8aeba7,timestamped_live_quote,FBS vs FBS
2026-09-29T20:34:46Z,a39f3695781e9b2f76011e921d63b124,2026-10-02T23:00:00Z,Delaware Blue Hens,Liberty Flames,betrivers,BetRivers,2026-09-29T20:34:19Z,2026-09-29T20:34:19Z,Liberty Flames,-7.0,-114.0,2026,2026-09-29T20:34:46Z,1344,1.0499836132514468,7.262347146911765,-3.7123635336603176,807aa80048d80e577104f04f9dc527bcbdecbac1e0bd777c98286ecfff8aeba7,timestamped_live_quote,FBS vs FBS
2026-09-29T20:34:46Z,a39f3695781e9b2f76011e921d63b124,2026-10-02T23:00:00Z,Delaware Blue Hens,Liberty Flames,draftkings,DraftKings,2026-09-29T20:34:00Z,2026-09-29T20:34:00Z,Delaware Blue Hens,7.0,-108.0,2026,2026-09-29T20:34:46Z,1344,1.0499836132514468,7.262347146911765,-3.7123635336603176,807aa80048d80e577104f04f9dc527bcbdecbac1e0bd777c98286ecfff8aeba7,timestamped_live_quote,FBS vs FBS
2026-09-29T20:34:46Z,a39f3695781e9b2f76011e921d63b124,2026-10-02T23:00:00Z,Delaware Blue Hens,Liberty Flames,draftkings,DraftKings,2026-09-29T20:34:00Z,2026-09-29T20:34:00Z,Liberty Flames,-7.0,-112.0,2026,2026-09-29T20:34:46Z,1344,1.0499836132514468,7.262347146911765,-3.7123635336603176,807aa80048d80e577104f04f9dc527bcbdecbac1e0bd777c98286ecfff8aeba7,timestamped_live_quote,FBS vs FBS
2026-09-29T20:34:46Z,a39f3695781e9b2f76011e921d63b124,2026-10-02T23:00:00Z,Delaware Blue Hens,Liberty Flames,betmgm,BetMGM,2026-09-29T20:34:33Z,2026-09-29T20:34:33Z,Delaware Blue Hens,7.0,-105.0,2026,2026-09-29T20:34:46Z,1344,1.0499836132514468,7.262347146911765,-3.7123635336603176,807aa80048d80e577104f04f9dc527bcbdecbac1e0bd777c98286ecfff8aeba7,timestamped_live_quote,FBS vs FBS
2026-09-29T20:34:46Z,a39f3695781e9b2f76011e921d63b124,2026-10-02T23:00:00Z,Delaware Blue Hens,Liberty Flames,betmgm,BetMGM,2026-09-29T20:34:33Z,2026-09-29T20:34:33Z,Liberty Flames,-7.0,-112.0,2026,2026-09-29T20:34:46Z,1344,1.0499836132514468,7.262347146911765,-3.7123635336603176,807aa80048d80e577104f04f9dc527bcbdecbac1e0bd777c98286ecfff8aeba7,timestamped_live_quote,FBS vs FBS
2026-09-29T20:34:46Z,a39f3695781e9b2f76011e921d63b124,2026-10-02T23:00:00Z,Delaware Blue Hens,Liberty Flames,mybookieag,MyBookie.ag,2026-09-29T20:33:40Z,2026-09-29T20:33:40Z,Delaware Blue Hens,7.0,-110.0,2026,2026-09-29T20:34:46Z,1344,1.0499836132514468,7.262347146911765,-3.7123635336603176,807aa80048d80e577104f04f9dc527bcbdecbac1e0bd777c98286ecfff8aeba7,timestamped_live_quote,FBS vs FBS
2026-09-29T20:34:46Z,a39f3695781e9b2f76011e921d63b124,2026-10-02T23:00:00Z,Delaware Blue Hens,Liberty Flames,mybookieag,MyBookie.ag,2026-09-29T20:33:40Z,2026-09-29T20:33:40Z,Liberty Flames,-7.0,-110.0,2026,2026-09-29T20:34:46Z,1344,1.0499836132514468,7.262347146911765,-3.7123635336603176,807aa80048d80e577104f04f9dc527bcbdecbac1e0bd777c98286ecfff8aeba7,timestamped_live_quote,FBS vs FBS
2026-09-29T20:34:46Z,a39f3695781e9b2f76011e921d63b124,2026-10-02T23:00:00Z,Delaware Blue Hens,Liberty Flames,betus,BetUS,2026-09-29T20:34:18Z,2026-09-29T20:34:18Z,Delaware Blue Hens,7.0,-105.0,2026,2026-09-29T20:34:46Z,1344,1.0499836132514468,7.262347146911765,-3.7123635336603176,807aa80048d80e577104f04f9dc527bcbdecbac1e0bd777c98286ecfff8aeba7,timestamped_live_quote,FBS vs FBS
2026-09-29T20:34:46Z,a39f3695781e9b2f76011e921d63b124,2026-10-02T23:00:00Z,Delaware Blue Hens,Liberty Flames,betus,BetUS,2026-09-29T20:34:18Z,2026-09-29T20:34:18Z,Liberty Flames,-7.0,-115.0,2026,2026-09-29T20:34:46Z,1344,1.0499836132514468,7.262347146911765,-3.7123635336603176,807aa80048d80e577104f04f9dc527bcbdecbac1e0bd777c98286ecfff8aeba7,timestamped_live_quote,FBS vs FBS
2026-09-29T20:34:46Z,a39f3695781e9b2f76011e921d63b124,2026-10-02T23:00:00Z,Delaware Blue Hens,Liberty Flames,bovada,Bovada,2026-09-29T20:33:33Z,2026-09-29T20:33:33Z,Delaware Blue Hens,7.0,-105.0,2026,2026-09-29T20:34:46Z,1344,1.0499836132514468,7.262347146911765,-3.7123635336603176,807aa80048d80e577104f04f9dc527bcbdecbac1e0bd777c98286ecfff8aeba7,timestamped_live_quote,FBS vs FBS
2026-09-29T20:34:46Z,a39f3695781e9b2f76011e921d63b124,2026-10-02T23:00:00Z,Delaware Blue Hens,Liberty Flames,bovada,Bovada,2026-09-29T20:33:33Z,2026-09-29T20:33:33Z,Liberty Flames,-7.0,-115.0,2026,2026-09-29T20:34:46Z,1344,1.0499836132514468,7.262347146911765,-3.7123635336603176,807aa80048d80e577104f04f9dc527bcbdecbac1e0bd777c98286ecfff8aeba7,timestamped_live_quote,FBS vs FBS
2026-09-29T20:34:46Z,e61c74f0e28b46ad83270a6234b425f4,2026-10-02T23:00:00Z,Virginia Tech Hokies,Pittsburgh Panthers,draftkings,DraftKings,2026-09-29T20:34:00Z,2026-09-29T20:34:00Z,Pittsburgh Panthers,3.5,-118.0,2026,2026-09-29T20:34:46Z,1344,12.110921526737998,15.694368742639783,-1.083447215901785,807aa80048d80e577104f04f9dc527bcbdecbac1e0bd777c98286ecfff8aeba7,timestamped_live_quote,FBS vs FBS
2026-09-29T20:34:46Z,e61c74f0e28b46ad83270a6234b425f4,2026-10-02T23:00:00Z,Virginia Tech Hokies,Pittsburgh Panthers,draftkings,DraftKings,2026-09-29T20:34:00Z,2026-09-29T20:34:00Z,Virginia Tech Hokies,-3.5,-102.0,2026,2026-09-29T20:34:46Z,1344,12.110921526737998,15.694368742639783,-1.083447215901785,807aa80048d80e577104f04f9dc527bcbdecbac1e0bd777c98286ecfff8aeba7,timestamped_live_quote,FBS vs FBS
2026-09-29T20:34:46Z,e61c74f0e28b46ad83270a6234b425f4,2026-10-02T23:00:00Z,Virginia Tech Hokies,Pittsburgh Panthers,fanduel,FanDuel,2026-09-29T20:34:20Z,2026-09-29T20:34:19Z,Pittsburgh Panthers,3.5,-114.0,2026,2026-09-29T20:34:46Z,1344,12.110921526737998,15.694368742639783,-1.083447215901785,807aa80048d80e577104f04f9dc527bcbdecbac1e0bd777c98286ecfff8aeba7,timestamped_live_quote,FBS vs FBS
2026-09-29T20:34:46Z,e61c74f0e28b46ad83270a6234b425f4,2026-10-02T23:00:00Z,Virginia Tech Hokies,Pittsburgh Panthers,fanduel,FanDuel,2026-09-29T20:34:20Z,2026-09-29T20:34:19Z,Virginia Tech Hokies,-3.5,-106.0,2026,2026-09-29T20:34:46Z,1344,12.110921526737998,15.694368742639783,-1.083447215901785,807aa80048d80e577104f04f9dc527bcbdecbac1e0bd777c98286ecfff8aeba7,timestamped_live_quote,FBS vs FBS
2026-09-29T20:34:46Z,e61c74f0e28b46ad83270a6234b425f4,2026-10-02T23:00:00Z,Virginia Tech Hokies,Pittsburgh Panthers,mybookieag,MyBookie.ag,2026-09-29T20:33:40Z,2026-09-29T20:33:40Z,Pittsburgh Panthers,3.5,-110.0,2026,2026-09-29T20:34:46Z,1344,12.110921526737998,15.694368742639783,-1.083447215901785,807aa80048d80e577104f04f9dc527bcbdecbac1e0bd777c98286ecfff8aeba7,timestamped_live_quote,FBS vs FBS
2026-09-29T20:34:46Z,e61c74f0e28b46ad83270a6234b425f4,2026-10-02T23:00:00Z,Virginia Tech Hokies,Pittsburgh Panthers,mybookieag,MyBookie.ag,2026-09-29T20:33:40Z,2026-09-29T20:33:40Z,Virginia Tech Hokies,-3.5,-110.0,2026,2026-09-29T20:34:46Z,1344,12.110921526737998,15.694368742639783,-1.083447215901785,807aa80048d80e577104f04f9dc527bcbdecbac1e0bd777c98286ecfff8aeba7,timestamped_live_quote,FBS vs FBS
2026-09-29T20:34:46Z,e61c74f0e28b46ad83270a6234b425f4,2026-10-02T23:00:00Z,Virginia Tech Hokies,Pittsburgh Panthers,betrivers,BetRivers,2026-09-29T20:34:19Z,2026-09-29T20:34:19Z,Pittsburgh Panthers,3.5,-118.0,2026,2026-09-29T20:34:46Z,1344,12.110921526737998,15.694368742639783,-1.083447215901785,807aa80048d80e577104f04f9dc527bcbdecbac1e0bd777c98286ecfff8aeba7,timestamped_live_quote,FBS vs FBS
2026-09-29T20:34:46Z,e61c74f0e28b46ad83270a6234b425f4,2026-10-02T23:00:00Z,Virginia Tech Hokies,Pittsburgh Panthers,betrivers,BetRivers,2026-09-29T20:34:19Z,2026-09-29T20:34:19Z,Virginia Tech Hokies,-3.5,-106.0,2026,2026-09-29T20:34:46Z,1344,12.110921526737998,15.694368742639783,-1.083447215901785,807aa80048d80e577104f04f9dc527bcbdecbac1e0bd777c98286ecfff8aeba7,timestamped_live_quote,FBS vs FBS
2026-09-29T20:34:46Z,e61c74f0e28b46ad83270a6234b425f4,2026-10-02T23:00:00Z,Virginia Tech Hokies,Pittsburgh Panthers,betonlineag,BetOnline.ag,2026-09-29T20:34:16Z,2026-09-29T20:34:16Z,Pittsburgh Panthers,3.0,-104.0,2026,2026-09-29T20:34:46Z,1344,12.110921526737998,15.694368742639783,-1.083447215901785,807aa80048d80e577104f04f9dc527bcbdecbac1e0bd777c98286ecfff8aeba7,timestamped_live_quote,FBS vs FBS
2026-09-29T20:34:46Z,e61c74f0e28b46ad83270a6234b425f4,2026-10-02T23:00:00Z,Virginia Tech Hokies,Pittsburgh Panthers,betonlineag,BetOnline.ag,2026-09-29T20:34:16Z,2026-09-29T20:34:16Z,Virginia Tech Hokies,-3.0,-116.0,2026,2026-09-29T20:34:46Z,1344,12.110921526737998,15.694368742639783,-1.083447215901785,807aa80048d80e577104f04f9dc527bcbdecbac1e0bd777c98286ecfff8aeba7,timestamped_live_quote,FBS vs FBS
2026-09-29T20:34:46Z,e61c74f0e28b46ad83270a6234b425f4,2026-10-02T23:00:00Z,Virginia Tech Hokies,Pittsburgh Panthers,lowvig,LowVig.ag,2026-09-29T20:33:39Z,2026-09-29T20:33:39Z,Pittsburgh Panthers,3.0,100.0,2026,2026-09-29T20:34:46Z,1344,12.110921526737998,15.694368742639783,-1.083447215901785,807aa80048d80e577104f04f9dc527bcbdecbac1e0bd777c98286ecfff8aeba7,timestamped_live_quote,FBS vs FBS
2026-09-29T20:34:46Z,e61c74f0e28b46ad83270a6234b425f4,2026-10-02T23:00:00Z,Virginia Tech Hokies,Pittsburgh Panthers,lowvig,LowVig.ag,2026-09-29T20:33:39Z,2026-09-29T20:33:39Z,Virginia Tech Hokies,-3.0,-112.0,2026,2026-09-29T20:34:46Z,1344,12.110921526737998,15.694368742639783,-1.083447215901785,807aa80048d80e577104f04f9dc527bcbdecbac1e0bd777c98286ecfff8aeba7,timestamped_live_quote,FBS vs FBS
2026-09-29T20:34:46Z,e61c74f0e28b46ad83270a6234b425f4,2026-10-02T23:00:00Z,Virginia Tech Hokies,Pittsburgh Panthers,betmgm,BetMGM,2026-09-29T20:34:33Z,2026-09-29T20:34:33Z,Pittsburgh Panthers,3.0,-102.0,2026,2026-09-29T20:34:46Z,1344,12.110921526737998,15.694368742639783,-1.083447215901785,807aa80048d80e577104f04f9dc527bcbdecbac1e0bd777c98286ecfff8aeba7,timestamped_live_quote,FBS vs FBS
2026-09-29T20:34:46Z,e61c74f0e28b46ad83270a6234b425f4,2026-10-02T23:00:00Z,Virginia Tech Hokies,Pittsburgh Panthers,betmgm,BetMGM,2026-09-29T20:34:33Z,2026-09-29T20:34:33Z,Virginia Tech Hokies,-3.0,-118.0,2026,2026-09-29T20:34:46Z,1344,12.110921526737998,15.694368742639783,-1.083447215901785,807aa80048d80e577104f04f9dc527bcbdecbac1e0bd777c98286ecfff8aeba7,timestamped_live_quote,FBS vs FBS
2026-09-29T20:34:46Z,e61c74f0e28b46ad83270a6234b425f4,2026-10-02T23:00:00Z,Virginia Tech Hokies,Pittsburgh Panthers,betus,BetUS,2026-09-29T20:34:18Z,2026-09-29T20:34:18Z,Pittsburgh Panthers,3.0,-105.0,2026,2026-09-29T20:34:46Z,1344,12.110921526737998,15.694368742639783,-1.083447215901785,807aa80048d80e577104f04f9dc527bcbdecbac1e0bd777c98286ecfff8aeba7,timestamped_live_quote,FBS vs FBS
2026-09-29T20:34:46Z,e61c74f0e28b46ad83270a6234b425f4,2026-10-02T23:00:00Z,Virginia Tech Hokies,Pittsburgh Panthers,betus,BetUS,2026-09-29T20:34:18Z,2026-09-29T20:34:18Z,Virginia Tech Hokies,-3.0,-115.0,2026,2026-09-29T20:34:46Z,1344,12.110921526737998,15.694368742639783,-1.083447215901785,807aa80048d80e577104f04f9dc527bcbdecbac1e0bd777c98286ecfff8aeba7,timestamped_live_quote,FBS vs FBS
2026-09-29T20:34:46Z,e61c74f0e28b46ad83270a6234b425f4,2026-10-02T23:00:00Z,Virginia Tech Hokies,Pittsburgh Panthers,bovada,Bovada,2026-09-29T20:33:33Z,2026-09-29T20:33:33Z,Pittsburgh Panthers,3.5,-120.0,2026,2026-09-29T20:34:46Z,1344,12.110921526737998,15.694368742639783,-1.083447215901785,807aa80048d80e577104f04f9dc527bcbdecbac1e0bd777c98286ecfff8aeba7,timestamped_live_quote,FBS vs FBS
2026-09-29T20:34:46Z,e61c74f0e28b46ad83270a6234b425f4,2026-10-02T23:00:00Z,Virginia Tech Hokies,Pittsburgh Panthers,bovada,Bovada,2026-09-29T20:33:33Z,2026-09-29T20:33:33Z,Virginia Tech Hokies,-3.5,100.0,2026,2026-09-29T20:34:46Z,1344,12.110921526737998,15.694368742639783,-1.083447215901785,807aa80048d80e577104f04f9dc527bcbdecbac1e0bd777c98286ecfff8aeba7,timestamped_live_quote,FBS vs FBS
2026-09-29T20:34:46Z,0469a451e58ca81723a7760d4bede173,2026-10-03T00:00:00Z,Northwestern Wildcats,Penn State Nittany Lions,draftkings,DraftKings,2026-09-29T20:34:00Z,2026-09-29T20:34:00Z,Northwestern Wildcats,2.5,100.0,2026,2026-09-29T20:34:46Z,1344,10.102834228958693,12.572499270091328,0.030334958867365813,807aa80048d80e577104f04f9dc527bcbdecbac1e0bd777c98286ecfff8aeba7,timestamped_live_quote,FBS vs FBS
2026-09-29T20:34:46Z,0469a451e58ca81723a7760d4bede173,2026-10-03T00:00:00Z,Northwestern Wildcats,Penn State Nittany Lions,draftkings,DraftKings,2026-09-29T20:34:00Z,2026-09-29T20:34:00Z,Penn State Nittany Lions,-2.5,-120.0,2026,2026-09-29T20:34:46Z,1344,10.102834228958693,12.572499270091328,0.030334958867365813,807aa80048d80e577104f04f9dc527bcbdecbac1e0bd777c98286ecfff8aeba7,timestamped_live_quote,FBS vs FBS
2026-09-29T20:34:46Z,0469a451e58ca81723a7760d4bede173,2026-10-03T00:00:00Z,Northwestern Wildcats,Penn State Nittany Lions,fanduel,FanDuel,2026-09-29T20:34:20Z,2026-09-29T20:34:19Z,Northwestern Wildcats,2.5,-105.0,2026,2026-09-29T20:34:46Z,1344,10.102834228958693,12.572499270091328,0.030334958867365813,807aa80048d80e577104f04f9dc527bcbdecbac1e0bd777c98286ecfff8aeba7,timestamped_live_quote,FBS vs FBS
2026-09-29T20:34:46Z,0469a451e58ca81723a7760d4bede173,2026-10-03T00:00:00Z,Northwestern Wildcats,Penn State Nittany Lions,fanduel,FanDuel,2026-09-29T20:34:20Z,2026-09-29T20:34:19Z,Penn State Nittany Lions,-2.5,-115.0,2026,2026-09-29T20:34:46Z,1344,10.102834228958693,12.572499270091328,0.030334958867365813,807aa80048d80e577104f04f9dc527bcbdecbac1e0bd777c98286ecfff8aeba7,timestamped_live_quote,FBS vs FBS
2026-09-29T20:34:46Z,0469a451e58ca81723a7760d4bede173,2026-10-03T00:00:00Z,Northwestern Wildcats,Penn State Nittany Lions,mybookieag,MyBookie.ag,2026-09-29T20:33:40Z,2026-09-29T20:33:40Z,Northwestern Wildcats,3.0,-110.0,2026,2026-09-29T20:34:46Z,1344,10.102834228958693,12.572499270091328,0.030334958867365813,807aa80048d80e577104f04f9dc527bcbdecbac1e0bd777c98286ecfff8aeba7,timestamped_live_quote,FBS vs FBS
2026-09-29T20:34:46Z,0469a451e58ca81723a7760d4bede173,2026-10-03T00:00:00Z,Northwestern Wildcats,Penn State Nittany Lions,mybookieag,MyBookie.ag,2026-09-29T20:33:40Z,2026-09-29T20:33:40Z,Penn State Nittany Lions,-3.0,-110.0,2026,2026-09-29T20:34:46Z,1344,10.102834228958693,12.572499270091328,0.030334958867365813,807aa80048d80e577104f04f9dc527bcbdecbac1e0bd777c98286ecfff8aeba7,timestamped_live_quote,FBS vs FBS
2026-09-29T20:34:46Z,0469a451e58ca81723a7760d4bede173,2026-10-03T00:00:00Z,Northwestern Wildcats,Penn State Nittany Lions,betrivers,BetRivers,2026-09-29T20:34:19Z,2026-09-29T20:34:19Z,Northwestern Wildcats,2.5,-109.0,2026,2026-09-29T20:34:46Z,1344,10.102834228958693,12.572499270091328,0.030334958867365813,807aa80048d80e577104f04f9dc527bcbdecbac1e0bd777c98286ecfff8aeba7,timestamped_live_quote,FBS vs FBS
2026-09-29T20:34:46Z,0469a451e58ca81723a7760d4bede173,2026-10-03T00:00:00Z,Northwestern Wildcats,Penn State Nittany Lions,betrivers,BetRivers,2026-09-29T20:34:19Z,2026-09-29T20:34:19Z,Penn State Nittany Lions,-2.5,-114.0,2026,2026-09-29T20:34:46Z,1344,10.102834228958693,12.572499270091328,0.030334958867365813,807aa80048d80e577104f04f9dc527bcbdecbac1e0bd777c98286ecfff8aeba7,timestamped_live_quote,FBS vs FBS
2026-09-29T20:34:46Z,0469a451e58ca81723a7760d4bede173,2026-10-03T00:00:00Z,Northwestern Wildcats,Penn State Nittany Lions,lowvig,LowVig.ag,2026-09-29T20:33:39Z,2026-09-29T20:33:39Z,Northwestern Wildcats,2.5,-101.0,2026,2026-09-29T20:34:46Z,1344,10.102834228958693,12.572499270091328,0.030334958867365813,807aa80048d80e577104f04f9dc527bcbdecbac1e0bd777c98286ecfff8aeba7,timestamped_live_quote,FBS vs FBS
2026-09-29T20:34:46Z,0469a451e58ca81723a7760d4bede173,2026-10-03T00:00:00Z,Northwestern Wildcats,Penn State Nittany Lions,lowvig,LowVig.ag,2026-09-29T20:33:39Z,2026-09-29T20:33:39Z,Penn State Nittany Lions,-2.5,-111.0,2026,2026-09-29T20:34:46Z,1344,10.102834228958693,12.572499270091328,0.030334958867365813,807aa80048d80e577104f04f9dc527bcbdecbac1e0bd777c98286ecfff8aeba7,timestamped_live_quote,FBS vs FBS
2026-09-29T20:34:46Z,0469a451e58ca81723a7760d4bede173,2026-10-03T00:00:00Z,Northwestern Wildcats,Penn State Nittany Lions,betonlineag,BetOnline.ag,2026-09-29T20:34:16Z,2026-09-29T20:34:16Z,Northwestern Wildcats,2.5,-105.0,2026,2026-09-29T20:34:46Z,1344,10.102834228958693,12.572499270091328,0.030334958867365813,807aa80048d80e577104f04f9dc527bcbdecbac1e0bd777c98286ecfff8aeba7,timestamped_live_quote,FBS vs FBS
2026-09-29T20:34:46Z,0469a451e58ca81723a7760d4bede173,2026-10-03T00:00:00Z,Northwestern Wildcats,Penn State Nittany Lions,betonlineag,BetOnline.ag,2026-09-29T20:34:16Z,2026-09-29T20:34:16Z,Penn State Nittany Lions,-2.5,-115.0,2026,2026-09-29T20:34:46Z,1344,10.102834228958693,12.572499270091328,0.030334958867365813,807aa80048d80e577104f04f9dc527bcbdecbac1e0bd777c98286ecfff8aeba7,timestamped_live_quote,FBS vs FBS
2026-09-29T20:34:46Z,0469a451e58ca81723a7760d4bede173,2026-10-03T00:00:00Z,Northwestern Wildcats,Penn State Nittany Lions,betmgm,BetMGM,2026-09-29T20:34:33Z,2026-09-29T20:34:33Z,Northwestern Wildcats,3.0,-115.0,2026,2026-09-29T20:34:46Z,1344,10.102834228958693,12.572499270091328,0.030334958867365813,807aa80048d80e577104f04f9dc527bcbdecbac1e0bd777c98286ecfff8aeba7,timestamped_live_quote,FBS vs FBS
2026-09-29T20:34:46Z,0469a451e58ca81723a7760d4bede173,2026-10-03T00:00:00Z,Northwestern Wildcats,Penn State Nittany Lions,betmgm,BetMGM,2026-09-29T20:34:33Z,2026-09-29T20:34:33Z,Penn State Nittany Lions,-3.0,-105.0,2026,2026-09-29T20:34:46Z,1344,10.102834228958693,12.572499270091328,0.030334958867365813,807aa80048d80e577104f04f9dc527bcbdecbac1e0bd777c98286ecfff8aeba7,timestamped_live_quote,FBS vs FBS
2026-09-29T20:34:46Z,0469a451e58ca81723a7760d4bede173,2026-10-03T00:00:00Z,Northwestern Wildcats,Penn State Nittany Lions,betus,BetUS,2026-09-29T20:34:18Z,2026-09-29T20:34:18Z,Northwestern Wildcats,2.5,-105.0,2026,2026-09-29T20:34:46Z,1344,10.102834228958693,12.572499270091328,0.030334958867365813,807aa80048d80e577104f04f9dc527bcbdecbac1e0bd777c98286ecfff8aeba7,timestamped_live_quote,FBS vs FBS
2026-09-29T20:34:46Z,0469a451e58ca81723a7760d4bede173,2026-10-03T00:00:00Z,Northwestern Wildcats,Penn State Nittany Lions,betus,BetUS,2026-09-29T20:34:18Z,2026-09-29T20:34:18Z,Penn State Nittany Lions,-2.5,-115.0,2026,2026-09-29T20:34:46Z,1344,10.102834228958693,12.572499270091328,0.030334958867365813,807aa80048d80e577104f04f9dc527bcbdecbac1e0bd777c98286ecfff8aeba7,timestamped_live_quote,FBS vs FBS
2026-09-29T20:34:46Z,0469a451e58ca81723a7760d4bede173,2026-10-03T00:00:00Z,Northwestern Wildcats,Penn State Nittany Lions,bovada,Bovada,2026-09-29T20:33:33Z,2026-09-29T20:33:33Z,Northwestern Wildcats,3.0,-115.0,2026,2026-09-29T20:34:46Z,1344,10.102834228958693,12.572499270091328,0.030334958867365813,807aa80048d80e577104f04f9dc527bcbdecbac1e0bd777c98286ecfff8aeba7,timestamped_live_quote,FBS vs FBS
2026-09-29T20:34:46Z,0469a451e58ca81723a7760d4bede173,2026-10-03T00:00:00Z,Northwestern Wildcats,Penn State Nittany Lions,bovada,Bovada,2026-09-29T20:33:33Z,2026-09-29T20:33:33Z,Penn State Nittany Lions,-3.0,-105.0,2026,2026-09-29T20:34:46Z,1344,10.102834228958693,12.572499270091328,0.030334958867365813,807aa80048d80e577104f04f9dc527bcbdecbac1e0bd777c98286ecfff8aeba7,timestamped_live_quote,FBS vs FBS
2026-09-29T20:34:46Z,4fcb5b7ec04cad7acc5d048bdd24be4c,2026-10-03T16:00:00Z,Air Force Falcons,Navy Midshipmen,fanduel,FanDuel,2026-09-29T20:34:20Z,2026-09-29T20:34:20Z,Air Force Falcons,-3.5,102.0,2026,2026-09-29T20:34:46Z,1344,4.5829938729007464,0.9222087864428041,6.160785086457942,807aa80048d80e577104f04f9dc527bcbdecbac1e0bd777c98286ecfff8aeba7,timestamped_live_quote,FBS vs FBS
2026-09-29T20:34:46Z,4fcb5b7ec04cad7acc5d048bdd24be4c,2026-10-03T16:00:00Z,Air Force Falcons,Navy Midshipmen,fanduel,FanDuel,2026-09-29T20:34:20Z,2026-09-29T20:34:20Z,Navy Midshipmen,3.5,-124.0,2026,2026-09-29T20:34:46Z,1344,4.5829938729007464,0.9222087864428041,6.160785086457942,807aa80048d80e577104f04f9dc527bcbdecbac1e0bd777c98286ecfff8aeba7,timestamped_live_quote,FBS vs FBS
2026-09-29T20:34:46Z,4fcb5b7ec04cad7acc5d048bdd24be4c,2026-10-03T16:00:00Z,Air Force Falcons,Navy Midshipmen,betrivers,BetRivers,2026-09-29T20:34:19Z,2026-09-29T20:34:19Z,Air Force Falcons,-3.5,-113.0,2026,2026-09-29T20:34:46Z,1344,4.5829938729007464,0.9222087864428041,6.160785086457942,807aa80048d80e577104f04f9dc527bcbdecbac1e0bd777c98286ecfff8aeba7,timestamped_live_quote,FBS vs FBS
2026-09-29T20:34:46Z,4fcb5b7ec04cad7acc5d048bdd24be4c,2026-10-03T16:00:00Z,Air Force Falcons,Navy Midshipmen,betrivers,BetRivers,2026-09-29T20:34:19Z,2026-09-29T20:34:19Z,Navy Midshipmen,3.5,-110.0,2026,2026-09-29T20:34:46Z,1344,4.5829938729007464,0.9222087864428041,6.160785086457942,807aa80048d80e577104f04f9dc527bcbdecbac1e0bd777c98286ecfff8aeba7,timestamped_live_quote,FBS vs FBS
2026-09-29T20:34:46Z,4fcb5b7ec04cad7acc5d048bdd24be4c,2026-10-03T16:00:00Z,Air Force Falcons,Navy Midshipmen,draftkings,DraftKings,2026-09-29T20:34:00Z,2026-09-29T20:34:00Z,Air Force Falcons,-3.0,-118.0,2026,2026-09-29T20:34:46Z,1344,4.5829938729007464,0.9222087864428041,6.160785086457942,807aa80048d80e577104f04f9dc527bcbdecbac1e0bd777c98286ecfff8aeba7,timestamped_live_quote,FBS vs FBS
2026-09-29T20:34:46Z,4fcb5b7ec04cad7acc5d048bdd24be4c,2026-10-03T16:00:00Z,Air Force Falcons,Navy Midshipmen,draftkings,DraftKings,2026-09-29T20:34:00Z,2026-09-29T20:34:00Z,Navy Midshipmen,3.0,-102.0,2026,2026-09-29T20:34:46Z,1344,4.5829938729007464,0.9222087864428041,6.160785086457942,807aa80048d80e577104f04f9dc527bcbdecbac1e0bd777c98286ecfff8aeba7,timestamped_live_quote,FBS vs FBS
2026-09-29T20:34:46Z,4fcb5b7ec04cad7acc5d048bdd24be4c,2026-10-03T16:00:00Z,Air Force Falcons,Navy Midshipmen,lowvig,LowVig.ag,2026-09-29T20:33:39Z,2026-09-29T20:33:39Z,Air Force Falcons,-3.0,-111.0,2026,2026-09-29T20:34:46Z,1344,4.5829938729007464,0.9222087864428041,6.160785086457942,807aa80048d80e577104f04f9dc527bcbdecbac1e0bd777c98286ecfff8aeba7,timestamped_live_quote,FBS vs FBS
2026-09-29T20:34:46Z,4fcb5b7ec04cad7acc5d048bdd24be4c,2026-10-03T16:00:00Z,Air Force Falcons,Navy Midshipmen,lowvig,LowVig.ag,2026-09-29T20:33:39Z,2026-09-29T20:33:39Z,Navy Midshipmen,3.0,-101.0,2026,2026-09-29T20:34:46Z,1344,4.5829938729007464,0.9222087864428041,6.160785086457942,807aa80048d80e577104f04f9dc527bcbdecbac1e0bd777c98286ecfff8aeba7,timestamped_live_quote,FBS vs FBS
2026-09-29T20:34:46Z,4fcb5b7ec04cad7acc5d048bdd24be4c,2026-10-03T16:00:00Z,Air Force Falcons,Navy Midshipmen,betonlineag,BetOnline.ag,2026-09-29T20:34:16Z,2026-09-29T20:34:16Z,Air Force Falcons,-3.0,-115.0,2026,2026-09-29T20:34:46Z,1344,4.5829938729007464,0.9222087864428041,6.160785086457942,807aa80048d80e577104f04f9dc527bcbdecbac1e0bd777c98286ecfff8aeba7,timestamped_live_quote,FBS vs FBS
2026-09-29T20:34:46Z,4fcb5b7ec04cad7acc5d048bdd24be4c,2026-10-03T16:00:00Z,Air Force Falcons,Navy Midshipmen,betonlineag,BetOnline.ag,2026-09-29T20:34:16Z,2026-09-29T20:34:16Z,Navy Midshipmen,3.0,-105.0,2026,2026-09-29T20:34:46Z,1344,4.5829938729007464,0.9222087864428041,6.160785086457942,807aa80048d80e577104f04f9dc527bcbdecbac1e0bd777c98286ecfff8aeba7,timestamped_live_quote,FBS vs FBS
2026-09-29T20:34:46Z,4fcb5b7ec04cad7acc5d048bdd24be4c,2026-10-03T16:00:00Z,Air Force Falcons,Navy Midshipmen,betmgm,BetMGM,2026-09-29T20:34:33Z,2026-09-29T20:34:33Z,Air Force Falcons,-3.5,-102.0,2026,2026-09-29T20:34:46Z,1344,4.5829938729007464,0.9222087864428041,6.160785086457942,807aa80048d80e577104f04f9dc527bcbdecbac1e0bd777c98286ecfff8aeba7,timestamped_live_quote,FBS vs FBS
2026-09-29T20:34:46Z,4fcb5b7ec04cad7acc5d048bdd24be4c,2026-10-03T16:00:00Z,Air Force Falcons,Navy Midshipmen,betmgm,BetMGM,2026-09-29T20:34:33Z,2026-09-29T20:34:33Z,Navy Midshipmen,3.5,-118.0,2026,2026-09-29T20:34:46Z,1344,4.5829938729007464,0.9222087864428041,6.160785086457942,807aa80048d80e577104f04f9dc527bcbdecbac1e0bd777c98286ecfff8aeba7,timestamped_live_quote,FBS vs FBS
2026-09-29T20:34:46Z,4fcb5b7ec04cad7acc5d048bdd24be4c,2026-10-03T16:00:00Z,Air Force Falcons,Navy Midshipmen,mybookieag,MyBookie.ag,2026-09-29T20:33:40Z,2026-09-29T20:33:40Z,Air Force Falcons,-3.0,-110.0,2026,2026-09-29T20:34:46Z,1344,4.5829938729007464,0.9222087864428041,6.160785086457942,807aa80048d80e577104f04f9dc527bcbdecbac1e0bd777c98286ecfff8aeba7,timestamped_live_quote,FBS vs FBS
2026-09-29T20:34:46Z,4fcb5b7ec04cad7acc5d048bdd24be4c,2026-10-03T16:00:00Z,Air Force Falcons,Navy Midshipmen,mybookieag,MyBookie.ag,2026-09-29T20:33:40Z,2026-09-29T20:33:40Z,Navy Midshipmen,3.0,-110.0,2026,2026-09-29T20:34:46Z,1344,4.5829938729007464,0.9222087864428041,6.160785086457942,807aa80048d80e577104f04f9dc527bcbdecbac1e0bd777c98286ecfff8aeba7,timestamped_live_quote,FBS vs FBS
2026-09-29T20:34:46Z,4fcb5b7ec04cad7acc5d048bdd24be4c,2026-10-03T16:00:00Z,Air Force Falcons,Navy Midshipmen,betus,BetUS,2026-09-29T20:34:18Z,2026-09-29T20:34:18Z,Air Force Falcons,-3.0,-115.0,2026,2026-09-29T20:34:46Z,1344,4.5829938729007464,0.9222087864428041,6.160785086457942,807aa80048d80e577104f04f9dc527bcbdecbac1e0bd777c98286ecfff8aeba7,timestamped_live_quote,FBS vs FBS
2026-09-29T20:34:46Z,4fcb5b7ec04cad7acc5d048bdd24be4c,2026-10-03T16:00:00Z,Air Force Falcons,Navy Midshipmen,betus,BetUS,2026-09-29T20:34:18Z,2026-09-29T20:34:18Z,Navy Midshipmen,3.0,-105.0,2026,2026-09-29T20:34:46Z,1344,4.5829938729007464,0.9222087864428041,6.160785086457942,807aa80048d80e577104f04f9dc527bcbdecbac1e0bd777c98286ecfff8aeba7,timestamped_live_quote,FBS vs FBS
2026-09-29T20:34:46Z,4fcb5b7ec04cad7acc5d048bdd24be4c,2026-10-03T16:00:00Z,Air Force Falcons,Navy Midshipmen,bovada,Bovada,2026-09-29T20:33:33Z,2026-09-29T20:33:33Z,Air Force Falcons,-3.0,-115.0,2026,2026-09-29T20:34:46Z,1344,4.5829938729007464,0.9222087864428041,6.160785086457942,807aa80048d80e577104f04f9dc527bcbdecbac1e0bd777c98286ecfff8aeba7,timestamped_live_quote,FBS vs FBS
2026-09-29T20:34:46Z,4fcb5b7ec04cad7acc5d048bdd24be4c,2026-10-03T16:00:00Z,Air Force Falcons,Navy Midshipmen,bovada,Bovada,2026-09-29T20:33:33Z,2026-09-29T20:33:33Z,Navy Midshipmen,3.0,-105.0,2026,2026-09-29T20:34:46Z,1344,4.5829938729007464,0.9222087864428041,6.160785086457942,807aa80048d80e577104f04f9dc527bcbdecbac1e0bd777c98286ecfff8aeba7,timestamped_live_quote,FBS vs FBS
2026-09-29T20:34:46Z,6b22daf46195be6b3748584efe89dac1,2026-10-03T16:00:00Z,Mississippi State Bulldogs,Alabama Crimson Tide,draftkings,DraftKings,2026-09-29T20:34:00Z,2026-09-29T20:34:00Z,Alabama Crimson Tide,-6.0,-108.0,2026,2026-09-29T20:34:46Z,1344,12.892459712903815,15.976498073867353,-0.5840383609635378,807aa80048d80e577104f04f9dc527bcbdecbac1e0bd777c98286ecfff8aeba7,timestamped_live_quote,FBS vs FBS
2026-09-29T20:34:46Z,6b22daf46195be6b3748584efe89dac1,2026-10-03T16:00:00Z,Mississippi State Bulldogs,Alabama Crimson Tide,draftkings,DraftKings,2026-09-29T20:34:00Z,2026-09-29T20:34:00Z,Mississippi State Bulldogs,6.0,-112.0,2026,2026-09-29T20:34:46Z,1344,12.892459712903815,15.976498073867353,-0.5840383609635378,807aa80048d80e577104f04f9dc527bcbdecbac1e0bd777c98286ecfff8aeba7,timestamped_live_quote,FBS vs FBS
2026-09-29T20:34:46Z,6b22daf46195be6b3748584efe89dac1,2026-10-03T16:00:00Z,Mississippi State Bulldogs,Alabama Crimson Tide,fanduel,FanDuel,2026-09-29T20:34:20Z,2026-09-29T20:34:19Z,Alabama Crimson Tide,-5.5,-120.0,2026,2026-09-29T20:34:46Z,1344,12.892459712903815,15.976498073867353,-0.5840383609635378,807aa80048d80e577104f04f9dc527bcbdecbac1e0bd777c98286ecfff8aeba7,timestamped_live_quote,FBS vs FBS
2026-09-29T20:34:46Z,6b22daf46195be6b3748584efe89dac1,2026-10-03T16:00:00Z,Mississippi State Bulldogs,Alabama Crimson Tide,fanduel,FanDuel,2026-09-29T20:34:20Z,2026-09-29T20:34:19Z,Mississippi State Bulldogs,5.5,-102.0,2026,2026-09-29T20:34:46Z,1344,12.892459712903815,15.976498073867353,-0.5840383609635378,807aa80048d80e577104f04f9dc527bcbdecbac1e0bd777c98286ecfff8aeba7,timestamped_live_quote,FBS vs FBS
2026-09-29T20:34:46Z,6b22daf46195be6b3748584efe89dac1,2026-10-03T16:00:00Z,Mississippi State Bulldogs,Alabama Crimson Tide,betmgm,BetMGM,2026-09-29T20:34:33Z,2026-09-29T20:34:33Z,Alabama Crimson Tide,-6.0,-108.0,2026,2026-09-29T20:34:46Z,1344,12.892459712903815,15.976498073867353,-0.5840383609635378,807aa80048d80e577104f04f9dc527bcbdecbac1e0bd777c98286ecfff8aeba7,timestamped_live_quote,FBS vs FBS
2026-09-29T20:34:46Z,6b22daf46195be6b3748584efe89dac1,2026-10-03T16:00:00Z,Mississippi State Bulldogs,Alabama Crimson Tide,betmgm,BetMGM,2026-09-29T20:34:33Z,2026-09-29T20:34:33Z,Mississippi State Bulldogs,6.0,-110.0,2026,2026-09-29T20:34:46Z,1344,12.892459712903815,15.976498073867353,-0.5840383609635378,807aa80048d80e577104f04f9dc527bcbdecbac1e0bd777c98286ecfff8aeba7,timestamped_live_quote,FBS vs FBS
2026-09-29T20:34:46Z,6b22daf46195be6b3748584efe89dac1,2026-10-03T16:00:00Z,Mississippi State Bulldogs,Alabama Crimson Tide,betrivers,BetRivers,2026-09-29T20:34:19Z,2026-09-29T20:34:19Z,Alabama Crimson Tide,-6.0,-110.0,2026,2026-09-29T20:34:46Z,1344,12.892459712903815,15.976498073867353,-0.5840383609635378,807aa80048d80e577104f04f9dc527bcbdecbac1e0bd777c98286ecfff8aeba7,timestamped_live_quote,FBS vs FBS
2026-09-29T20:34:46Z,6b22daf46195be6b3748584efe89dac1,2026-10-03T16:00:00Z,Mississippi State Bulldogs,Alabama Crimson Tide,betrivers,BetRivers,2026-09-29T20:34:19Z,2026-09-29T20:34:19Z,Mississippi State Bulldogs,6.0,-113.0,2026,2026-09-29T20:34:46Z,1344,12.892459712903815,15.976498073867353,-0.5840383609635378,807aa80048d80e577104f04f9dc527bcbdecbac1e0bd777c98286ecfff8aeba7,timestamped_live_quote,FBS vs FBS
2026-09-29T20:34:46Z,6b22daf46195be6b3748584efe89dac1,2026-10-03T16:00:00Z,Mississippi State Bulldogs,Alabama Crimson Tide,betonlineag,BetOnline.ag,2026-09-29T20:34:16Z,2026-09-29T20:34:16Z,Alabama Crimson Tide,-6.0,-109.0,2026,2026-09-29T20:34:46Z,1344,12.892459712903815,15.976498073867353,-0.5840383609635378,807aa80048d80e577104f04f9dc527bcbdecbac1e0bd777c98286ecfff8aeba7,timestamped_live_quote,FBS vs FBS
2026-09-29T20:34:46Z,6b22daf46195be6b3748584efe89dac1,2026-10-03T16:00:00Z,Mississippi State Bulldogs,Alabama Crimson Tide,betonlineag,BetOnline.ag,2026-09-29T20:34:16Z,2026-09-29T20:34:16Z,Mississippi State Bulldogs,6.0,-111.0,2026,2026-09-29T20:34:46Z,1344,12.892459712903815,15.976498073867353,-0.5840383609635378,807aa80048d80e577104f04f9dc527bcbdecbac1e0bd777c98286ecfff8aeba7,timestamped_live_quote,FBS vs FBS
2026-09-29T20:34:46Z,6b22daf46195be6b3748584efe89dac1,2026-10-03T16:00:00Z,Mississippi State Bulldogs,Alabama Crimson Tide,lowvig,LowVig.ag,2026-09-29T20:33:39Z,2026-09-29T20:33:39Z,Alabama Crimson Tide,-6.0,-105.0,2026,2026-09-29T20:34:46Z,1344,12.892459712903815,15.976498073867353,-0.5840383609635378,807aa80048d80e577104f04f9dc527bcbdecbac1e0bd777c98286ecfff8aeba7,timestamped_live_quote,FBS vs FBS
2026-09-29T20:34:46Z,6b22daf46195be6b3748584efe89dac1,2026-10-03T16:00:00Z,Mississippi State Bulldogs,Alabama Crimson Tide,lowvig,LowVig.ag,2026-09-29T20:33:39Z,2026-09-29T20:33:39Z,Mississippi State Bulldogs,6.0,-107.0,2026,2026-09-29T20:34:46Z,1344,12.892459712903815,15.976498073867353,-0.5840383609635378,807aa80048d80e577104f04f9dc527bcbdecbac1e0bd777c98286ecfff8aeba7,timestamped_live_quote,FBS vs FBS
2026-09-29T20:34:46Z,6b22daf46195be6b3748584efe89dac1,2026-10-03T16:00:00Z,Mississippi State Bulldogs,Alabama Crimson Tide,mybookieag,MyBookie.ag,2026-09-29T20:33:40Z,2026-09-29T20:33:40Z,Alabama Crimson Tide,-6.0,-110.0,2026,2026-09-29T20:34:46Z,1344,12.892459712903815,15.976498073867353,-0.5840383609635378,807aa80048d80e577104f04f9dc527bcbdecbac1e0bd777c98286ecfff8aeba7,timestamped_live_quote,FBS vs FBS
2026-09-29T20:34:46Z,6b22daf46195be6b3748584efe89dac1,2026-10-03T16:00:00Z,Mississippi State Bulldogs,Alabama Crimson Tide,mybookieag,MyBookie.ag,2026-09-29T20:33:40Z,2026-09-29T20:33:40Z,Mississippi State Bulldogs,6.0,-110.0,2026,2026-09-29T20:34:46Z,1344,12.892459712903815,15.976498073867353,-0.5840383609635378,807aa80048d80e577104f04f9dc527bcbdecbac1e0bd777c98286ecfff8aeba7,timestamped_live_quote,FBS vs FBS
2026-09-29T20:34:46Z,6b22daf46195be6b3748584efe89dac1,2026-10-03T16:00:00Z,Mississippi State Bulldogs,Alabama Crimson Tide,betus,BetUS,2026-09-29T20:34:18Z,2026-09-29T20:34:18Z,Alabama Crimson Tide,-6.0,-110.0,2026,2026-09-29T20:34:46Z,1344,12.892459712903815,15.976498073867353,-0.5840383609635378,807aa80048d80e577104f04f9dc527bcbdecbac1e0bd777c98286ecfff8aeba7,timestamped_live_quote,FBS vs FBS
2026-09-29T20:34:46Z,6b22daf46195be6b3748584efe89dac1,2026-10-03T16:00:00Z,Mississippi State Bulldogs,Alabama Crimson Tide,betus,BetUS,2026-09-29T20:34:18Z,2026-09-29T20:34:18Z,Mississippi State Bulldogs,6.0,-110.0,2026,2026-09-29T20:34:46Z,1344,12.892459712903815,15.976498073867353,-0.5840383609635378,807aa80048d80e577104f04f9dc527bcbdecbac1e0bd777c98286ecfff8aeba7,timestamped_live_quote,FBS vs FBS
2026-09-29T20:34:46Z,6b22daf46195be6b3748584efe89dac1,2026-10-03T16:00:00Z,Mississippi State Bulldogs,Alabama Crimson Tide,bovada,Bovada,2026-09-29T20:33:33Z,2026-09-29T20:33:33Z,Alabama Crimson Tide,-6.0,-110.0,2026,2026-09-29T20:34:46Z,1344,12.892459712903815,15.976498073867353,-0.5840383609635378,807aa80048d80e577104f04f9dc527bcbdecbac1e0bd777c98286ecfff8aeba7,timestamped_live_quote,FBS vs FBS
2026-09-29T20:34:46Z,6b22daf46195be6b3748584efe89dac1,2026-10-03T16:00:00Z,Mississippi State Bulldogs,Alabama Crimson Tide,bovada,Bovada,2026-09-29T20:33:33Z,2026-09-29T20:33:33Z,Mississippi State Bulldogs,6.0,-110.0,2026,2026-09-29T20:34:46Z,1344,12.892459712903815,15.976498073867353,-0.5840383609635378,807aa80048d80e577104f04f9dc527bcbdecbac1e0bd777c98286ecfff8aeba7,timestamped_live_quote,FBS vs FBS
2026-09-29T20:34:46Z,36357c80707ce0c3a645afe495b28bbd,2026-10-03T16:00:00Z,SMU Mustangs,Boston College Eagles,fanduel,FanDuel,2026-09-29T20:34:20Z,2026-09-29T20:34:20Z,Boston College Eagles,20.5,-105.0,2026,2026-09-29T20:34:46Z,1344,6.698661712109724,-0.3892557079689297,9.587917420078654,807aa80048d80e577104f04f9dc527bcbdecbac1e0bd777c98286ecfff8aeba7,timestamped_live_quote,FBS vs FBS
2026-09-29T20:34:46Z,36357c80707ce0c3a645afe495b28bbd,2026-10-03T16:00:00Z,SMU Mustangs,Boston College Eagles,fanduel,FanDuel,2026-09-29T20:34:20Z,2026-09-29T20:34:20Z,SMU Mustangs,-20.5,-115.0,2026,2026-09-29T20:34:46Z,1344,6.698661712109724,-0.3892557079689297,9.587917420078654,807aa80048d80e577104f04f9dc527bcbdecbac1e0bd777c98286ecfff8aeba7,timestamped_live_quote,FBS vs FBS
2026-09-29T20:34:46Z,36357c80707ce0c3a645afe495b28bbd,2026-10-03T16:00:00Z,SMU Mustangs,Boston College Eagles,betrivers,BetRivers,2026-09-29T20:34:19Z,2026-09-29T20:34:19Z,Boston College Eagles,21.0,-113.0,2026,2026-09-29T20:34:46Z,1344,6.698661712109724,-0.3892557079689297,9.587917420078654,807aa80048d80e577104f04f9dc527bcbdecbac1e0bd777c98286ecfff8aeba7,timestamped_live_quote,FBS vs FBS
2026-09-29T20:34:46Z,36357c80707ce0c3a645afe495b28bbd,2026-10-03T16:00:00Z,SMU Mustangs,Boston College Eagles,betrivers,BetRivers,2026-09-29T20:34:19Z,2026-09-29T20:34:19Z,SMU Mustangs,-21.0,-110.0,2026,2026-09-29T20:34:46Z,1344,6.698661712109724,-0.3892557079689297,9.587917420078654,807aa80048d80e577104f04f9dc527bcbdecbac1e0bd777c98286ecfff8aeba7,timestamped_live_quote,FBS vs FBS
2026-09-29T20:34:46Z,36357c80707ce0c3a645afe495b28bbd,2026-10-03T16:00:00Z,SMU Mustangs,Boston College Eagles,draftkings,DraftKings,2026-09-29T20:34:00Z,2026-09-29T20:34:00Z,Boston College Eagles,21.0,-112.0,2026,2026-09-29T20:34:46Z,1344,6.698661712109724,-0.3892557079689297,9.587917420078654,807aa80048d80e577104f04f9dc527bcbdecbac1e0bd777c98286ecfff8aeba7,timestamped_live_quote,FBS vs FBS
2026-09-29T20:34:46Z,36357c80707ce0c3a645afe495b28bbd,2026-10-03T16:00:00Z,SMU Mustangs,Boston College Eagles,draftkings,DraftKings,2026-09-29T20:34:00Z,2026-09-29T20:34:00Z,SMU Mustangs,-21.0,-108.0,2026,2026-09-29T20:34:46Z,1344,6.698661712109724,-0.3892557079689297,9.587917420078654,807aa80048d80e577104f04f9dc527bcbdecbac1e0bd777c98286ecfff8aeba7,timestamped_live_quote,FBS vs FBS
2026-09-29T20:34:46Z,36357c80707ce0c3a645afe495b28bbd,2026-10-03T16:00:00Z,SMU Mustangs,Boston College Eagles,lowvig,LowVig.ag,2026-09-29T20:33:39Z,2026-09-29T20:33:39Z,Boston College Eagles,21.0,-107.0,2026,2026-09-29T20:34:46Z,1344,6.698661712109724,-0.3892557079689297,9.587917420078654,807aa80048d80e577104f04f9dc527bcbdecbac1e0bd777c98286ecfff8aeba7,timestamped_live_quote,FBS vs FBS
2026-09-29T20:34:46Z,36357c80707ce0c3a645afe495b28bbd,2026-10-03T16:00:00Z,SMU Mustangs,Boston College Eagles,lowvig,LowVig.ag,2026-09-29T20:33:39Z,2026-09-29T20:33:39Z,SMU Mustangs,-21.0,-105.0,2026,2026-09-29T20:34:46Z,1344,6.698661712109724,-0.3892557079689297,9.587917420078654,807aa80048d80e577104f04f9dc527bcbdecbac1e0bd777c98286ecfff8aeba7,timestamped_live_quote,FBS vs FBS
2026-09-29T20:34:46Z,36357c80707ce0c3a645afe495b28bbd,2026-10-03T16:00:00Z,SMU Mustangs,Boston College Eagles,betonlineag,BetOnline.ag,2026-09-29T20:34:16Z,2026-09-29T20:34:16Z,Boston College Eagles,21.0,-111.0,2026,2026-09-29T20:34:46Z,1344,6.698661712109724,-0.3892557079689297,9.587917420078654,807aa80048d80e577104f04f9dc527bcbdecbac1e0bd777c98286ecfff8aeba7,timestamped_live_quote,FBS vs FBS
2026-09-29T20:34:46Z,36357c80707ce0c3a645afe495b28bbd,2026-10-03T16:00:00Z,SMU Mustangs,Boston College Eagles,betonlineag,BetOnline.ag,2026-09-29T20:34:16Z,2026-09-29T20:34:16Z,SMU Mustangs,-21.0,-109.0,2026,2026-09-29T20:34:46Z,1344,6.698661712109724,-0.3892557079689297,9.587917420078654,807aa80048d80e577104f04f9dc527bcbdecbac1e0bd777c98286ecfff8aeba7,timestamped_live_quote,FBS vs FBS
2026-09-29T20:34:46Z,36357c80707ce0c3a645afe495b28bbd,2026-10-03T16:00:00Z,SMU Mustangs,Boston College Eagles,betmgm,BetMGM,2026-09-29T20:34:33Z,2026-09-29T20:34:33Z,Boston College Eagles,20.5,-105.0,2026,2026-09-29T20:34:46Z,1344,6.698661712109724,-0.3892557079689297,9.587917420078654,807aa80048d80e577104f04f9dc527bcbdecbac1e0bd777c98286ecfff8aeba7,timestamped_live_quote,FBS vs FBS
2026-09-29T20:34:46Z,36357c80707ce0c3a645afe495b28bbd,2026-10-03T16:00:00Z,SMU Mustangs,Boston College Eagles,betmgm,BetMGM,2026-09-29T20:34:33Z,2026-09-29T20:34:33Z,SMU Mustangs,-20.5,-112.0,2026,2026-09-29T20:34:46Z,1344,6.698661712109724,-0.3892557079689297,9.587917420078654,807aa80048d80e577104f04f9dc527bcbdecbac1e0bd777c98286ecfff8aeba7,timestamped_live_quote,FBS vs FBS
2026-09-29T20:34:46Z,36357c80707ce0c3a645afe495b28bbd,2026-10-03T16:00:00Z,SMU Mustangs,Boston College Eagles,mybookieag,MyBookie.ag,2026-09-29T20:33:40Z,2026-09-29T20:33:40Z,Boston College Eagles,21.0,-110.0,2026,2026-09-29T20:34:46Z,1344,6.698661712109724,-0.3892557079689297,9.587917420078654,807aa80048d80e577104f04f9dc527bcbdecbac1e0bd777c98286ecfff8aeba7,timestamped_live_quote,FBS vs FBS
2026-09-29T20:34:46Z,36357c80707ce0c3a645afe495b28bbd,2026-10-03T16:00:00Z,SMU Mustangs,Boston College Eagles,mybookieag,MyBookie.ag,2026-09-29T20:33:40Z,2026-09-29T20:33:40Z,SMU Mustangs,-21.0,-110.0,2026,2026-09-29T20:34:46Z,1344,6.698661712109724,-0.3892557079689297,9.587917420078654,807aa80048d80e577104f04f9dc527bcbdecbac1e0bd777c98286ecfff8aeba7,timestamped_live_quote,FBS vs FBS
2026-09-29T20:34:46Z,36357c80707ce0c3a645afe495b28bbd,2026-10-03T16:00:00Z,SMU Mustangs,Boston College Eagles,betus,BetUS,2026-09-29T20:34:18Z,2026-09-29T20:34:18Z,Boston College Eagles,21.0,-110.0,2026,2026-09-29T20:34:46Z,1344,6.698661712109724,-0.3892557079689297,9.587917420078654,807aa80048d80e577104f04f9dc527bcbdecbac1e0bd777c98286ecfff8aeba7,timestamped_live_quote,FBS vs FBS
2026-09-29T20:34:46Z,36357c80707ce0c3a645afe495b28bbd,2026-10-03T16:00:00Z,SMU Mustangs,Boston College Eagles,betus,BetUS,2026-09-29T20:34:18Z,2026-09-29T20:34:18Z,SMU Mustangs,-21.0,-110.0,2026,2026-09-29T20:34:46Z,1344,6.698661712109724,-0.3892557079689297,9.587917420078654,807aa80048d80e577104f04f9dc527bcbdecbac1e0bd777c98286ecfff8aeba7,timestamped_live_quote,FBS vs FBS
2026-09-29T20:34:46Z,36357c80707ce0c3a645afe495b28bbd,2026-10-03T16:00:00Z,SMU Mustangs,Boston College Eagles,bovada,Bovada,2026-09-29T20:33:33Z,2026-09-29T20:33:33Z,Boston College Eagles,21.0,-115.0,2026,2026-09-29T20:34:46Z,1344,6.698661712109724,-0.3892557079689297,9.587917420078654,807aa80048d80e577104f04f9dc527bcbdecbac1e0bd777c98286ecfff8aeba7,timestamped_live_quote,FBS vs FBS
2026-09-29T20:34:46Z,36357c80707ce0c3a645afe495b28bbd,2026-10-03T16:00:00Z,SMU Mustangs,Boston College Eagles,bovada,Bovada,2026-09-29T20:33:33Z,2026-09-29T20:33:33Z,SMU Mustangs,-21.0,-105.0,2026,2026-09-29T20:34:46Z,1344,6.698661712109724,-0.3892557079689297,9.587917420078654,807aa80048d80e577104f04f9dc527bcbdecbac1e0bd777c98286ecfff8aeba7,timestamped_live_quote,FBS vs FBS
2026-09-29T20:34:46Z,11c2108f1d7c8fb56c8a6c7fcd9b62bf,2026-10-03T16:00:00Z,Houston Cougars,UCF Knights,fanduel,FanDuel,2026-09-29T20:34:20Z,2026-09-29T20:34:20Z,Houston Cougars,-12.5,-114.0,2026,2026-09-29T20:34:46Z,1344,14.069393885393366,14.248147629935145,2.3212462554582203,807aa80048d80e577104f04f9dc527bcbdecbac1e0bd777c98286ecfff8aeba7,timestamped_live_quote,FBS vs FBS
2026-09-29T20:34:46Z,11c2108f1d7c8fb56c8a6c7fcd9b62bf,2026-10-03T16:00:00Z,Houston Cougars,UCF Knights,fanduel,FanDuel,2026-09-29T20:34:20Z,2026-09-29T20:34:20Z,UCF Knights,12.5,-106.0,2026,2026-09-29T20:34:46Z,1344,14.069393885393366,14.248147629935145,2.3212462554582203,807aa80048d80e577104f04f9dc527bcbdecbac1e0bd777c98286ecfff8aeba7,timestamped_live_quote,FBS vs FBS
2026-09-29T20:34:46Z,11c2108f1d7c8fb56c8a6c7fcd9b62bf,2026-10-03T16:00:00Z,Houston Cougars,UCF Knights,betrivers,BetRivers,2026-09-29T20:34:19Z,2026-09-29T20:34:19Z,Houston Cougars,-12.5,-110.0,2026,2026-09-29T20:34:46Z,1344,14.069393885393366,14.248147629935145,2.3212462554582203,807aa80048d80e577104f04f9dc527bcbdecbac1e0bd777c98286ecfff8aeba7,timestamped_live_quote,FBS vs FBS
2026-09-29T20:34:46Z,11c2108f1d7c8fb56c8a6c7fcd9b62bf,2026-10-03T16:00:00Z,Houston Cougars,UCF Knights,betrivers,BetRivers,2026-09-29T20:34:19Z,2026-09-29T20:34:19Z,UCF Knights,12.5,-113.0,2026,2026-09-29T20:34:46Z,1344,14.069393885393366,14.248147629935145,2.3212462554582203,807aa80048d80e577104f04f9dc527bcbdecbac1e0bd777c98286ecfff8aeba7,timestamped_live_quote,FBS vs FBS
2026-09-29T20:34:46Z,11c2108f1d7c8fb56c8a6c7fcd9b62bf,2026-10-03T16:00:00Z,Houston Cougars,UCF Knights,draftkings,DraftKings,2026-09-29T20:34:00Z,2026-09-29T20:34:00Z,Houston Cougars,-12.5,-108.0,2026,2026-09-29T20:34:46Z,1344,14.069393885393366,14.248147629935145,2.3212462554582203,807aa80048d80e577104f04f9dc527bcbdecbac1e0bd777c98286ecfff8aeba7,timestamped_live_quote,FBS vs FBS
2026-09-29T20:34:46Z,11c2108f1d7c8fb56c8a6c7fcd9b62bf,2026-10-03T16:00:00Z,Houston Cougars,UCF Knights,draftkings,DraftKings,2026-09-29T20:34:00Z,2026-09-29T20:34:00Z,UCF Knights,12.5,-112.0,2026,2026-09-29T20:34:46Z,1344,14.069393885393366,14.248147629935145,2.3212462554582203,807aa80048d80e577104f04f9dc527bcbdecbac1e0bd777c98286ecfff8aeba7,timestamped_live_quote,FBS vs FBS
2026-09-29T20:34:46Z,11c2108f1d7c8fb56c8a6c7fcd9b62bf,2026-10-03T16:00:00Z,Houston Cougars,UCF Knights,betonlineag,BetOnline.ag,2026-09-29T20:34:16Z,2026-09-29T20:34:16Z,Houston Cougars,-12.0,-113.0,2026,2026-09-29T20:34:46Z,1344,14.069393885393366,14.248147629935145,2.3212462554582203,807aa80048d80e577104f04f9dc527bcbdecbac1e0bd777c98286ecfff8aeba7,timestamped_live_quote,FBS vs FBS
2026-09-29T20:34:46Z,11c2108f1d7c8fb56c8a6c7fcd9b62bf,2026-10-03T16:00:00Z,Houston Cougars,UCF Knights,betonlineag,BetOnline.ag,2026-09-29T20:34:16Z,2026-09-29T20:34:16Z,UCF Knights,12.0,-107.0,2026,2026-09-29T20:34:46Z,1344,14.069393885393366,14.248147629935145,2.3212462554582203,807aa80048d80e577104f04f9dc527bcbdecbac1e0bd777c98286ecfff8aeba7,timestamped_live_quote,FBS vs FBS
2026-09-29T20:34:46Z,11c2108f1d7c8fb56c8a6c7fcd9b62bf,2026-10-03T16:00:00Z,Houston Cougars,UCF Knights,lowvig,LowVig.ag,2026-09-29T20:33:39Z,2026-09-29T20:33:39Z,Houston Cougars,-12.0,-109.0,2026,2026-09-29T20:34:46Z,1344,14.069393885393366,14.248147629935145,2.3212462554582203,807aa80048d80e577104f04f9dc527bcbdecbac1e0bd777c98286ecfff8aeba7,timestamped_live_quote,FBS vs FBS
2026-09-29T20:34:46Z,11c2108f1d7c8fb56c8a6c7fcd9b62bf,2026-10-03T16:00:00Z,Houston Cougars,UCF Knights,lowvig,LowVig.ag,2026-09-29T20:33:39Z,2026-09-29T20:33:39Z,UCF Knights,12.0,-103.0,2026,2026-09-29T20:34:46Z,1344,14.069393885393366,14.248147629935145,2.3212462554582203,807aa80048d80e577104f04f9dc527bcbdecbac1e0bd777c98286ecfff8aeba7,timestamped_live_quote,FBS vs FBS
2026-09-29T20:34:46Z,11c2108f1d7c8fb56c8a6c7fcd9b62bf,2026-10-03T16:00:00Z,Houston Cougars,UCF Knights,betmgm,BetMGM,2026-09-29T20:34:33Z,2026-09-29T20:34:33Z,Houston Cougars,-12.5,-108.0,2026,2026-09-29T20:34:46Z,1344,14.069393885393366,14.248147629935145,2.3212462554582203,807aa80048d80e577104f04f9dc527bcbdecbac1e0bd777c98286ecfff8aeba7,timestamped_live_quote,FBS vs FBS
2026-09-29T20:34:46Z,11c2108f1d7c8fb56c8a6c7fcd9b62bf,2026-10-03T16:00:00Z,Houston Cougars,UCF Knights,betmgm,BetMGM,2026-09-29T20:34:33Z,2026-09-29T20:34:33Z,UCF Knights,12.5,-110.0,2026,2026-09-29T20:34:46Z,1344,14.069393885393366,14.248147629935145,2.3212462554582203,807aa80048d80e577104f04f9dc527bcbdecbac1e0bd777c98286ecfff8aeba7,timestamped_live_quote,FBS vs FBS
2026-09-29T20:34:46Z,11c2108f1d7c8fb56c8a6c7fcd9b62bf,2026-10-03T16:00:00Z,Houston Cougars,UCF Knights,mybookieag,MyBookie.ag,2026-09-29T20:33:40Z,2026-09-29T20:33:40Z,Houston Cougars,-12.0,-110.0,2026,2026-09-29T20:34:46Z,1344,14.069393885393366,14.248147629935145,2.3212462554582203,807aa80048d80e577104f04f9dc527bcbdecbac1e0bd777c98286ecfff8aeba7,timestamped_live_quote,FBS vs FBS
2026-09-29T20:34:46Z,11c2108f1d7c8fb56c8a6c7fcd9b62bf,2026-10-03T16:00:00Z,Houston Cougars,UCF Knights,mybookieag,MyBookie.ag,2026-09-29T20:33:40Z,2026-09-29T20:33:40Z,UCF Knights,12.0,-110.0,2026,2026-09-29T20:34:46Z,1344,14.069393885393366,14.248147629935145,2.3212462554582203,807aa80048d80e577104f04f9dc527bcbdecbac1e0bd777c98286ecfff8aeba7,timestamped_live_quote,FBS vs FBS
2026-09-29T20:34:46Z,11c2108f1d7c8fb56c8a6c7fcd9b62bf,2026-10-03T16:00:00Z,Houston Cougars,UCF Knights,betus,BetUS,2026-09-29T20:34:18Z,2026-09-29T20:34:18Z,Houston Cougars,-12.0,-115.0,2026,2026-09-29T20:34:46Z,1344,14.069393885393366,14.248147629935145,2.3212462554582203,807aa80048d80e577104f04f9dc527bcbdecbac1e0bd777c98286ecfff8aeba7,timestamped_live_quote,FBS vs FBS
2026-09-29T20:34:46Z,11c2108f1d7c8fb56c8a6c7fcd9b62bf,2026-10-03T16:00:00Z,Houston Cougars,UCF Knights,betus,BetUS,2026-09-29T20:34:18Z,2026-09-29T20:34:18Z,UCF Knights,12.0,-105.0,2026,2026-09-29T20:34:46Z,1344,14.069393885393366,14.248147629935145,2.3212462554582203,807aa80048d80e577104f04f9dc527bcbdecbac1e0bd777c98286ecfff8aeba7,timestamped_live_quote,FBS vs FBS
2026-09-29T20:34:46Z,11c2108f1d7c8fb56c8a6c7fcd9b62bf,2026-10-03T16:00:00Z,Houston Cougars,UCF Knights,bovada,Bovada,2026-09-29T20:33:33Z,2026-09-29T20:33:33Z,Houston Cougars,-12.0,-110.0,2026,2026-09-29T20:34:46Z,1344,14.069393885393366,14.248147629935145,2.3212462554582203,807aa80048d80e577104f04f9dc527bcbdecbac1e0bd777c98286ecfff8aeba7,timestamped_live_quote,FBS vs FBS
2026-09-29T20:34:46Z,11c2108f1d7c8fb56c8a6c7fcd9b62bf,2026-10-03T16:00:00Z,Houston Cougars,UCF Knights,bovada,Bovada,2026-09-29T20:33:33Z,2026-09-29T20:33:33Z,UCF Knights,12.0,-110.0,2026,2026-09-29T20:34:46Z,1344,14.069393885393366,14.248147629935145,2.3212462554582203,807aa80048d80e577104f04f9dc527bcbdecbac1e0bd777c98286ecfff8aeba7,timestamped_live_quote,FBS vs FBS
2026-09-29T20:34:46Z,7bdd5ae18979fa3af61625a21d757987,2026-10-03T16:00:00Z,Iowa State Cyclones,West Virginia Mountaineers,fanduel,FanDuel,2026-09-29T20:34:20Z,2026-09-29T20:34:20Z,Iowa State Cyclones,-3.5,100.0,2026,2026-09-29T20:34:46Z,1344,9.050571211989975,7.794947654079492,3.755623557910483,807aa80048d80e577104f04f9dc527bcbdecbac1e0bd777c98286ecfff8aeba7,timestamped_live_quote,FBS vs FBS
2026-09-29T20:34:46Z,7bdd5ae18979fa3af61625a21d757987,2026-10-03T16:00:00Z,Iowa State Cyclones,West Virginia Mountaineers,fanduel,FanDuel,2026-09-29T20:34:20Z,2026-09-29T20:34:20Z,West Virginia Mountaineers,3.5,-122.0,2026,2026-09-29T20:34:46Z,1344,9.050571211989975,7.794947654079492,3.755623557910483,807aa80048d80e577104f04f9dc527bcbdecbac1e0bd777c98286ecfff8aeba7,timestamped_live_quote,FBS vs FBS
2026-09-29T20:34:46Z,7bdd5ae18979fa3af61625a21d757987,2026-10-03T16:00:00Z,Iowa State Cyclones,West Virginia Mountaineers,betrivers,BetRivers,2026-09-29T20:34:19Z,2026-09-29T20:34:19Z,Iowa State Cyclones,-3.5,-106.0,2026,2026-09-29T20:34:46Z,1344,9.050571211989975,7.794947654079492,3.755623557910483,807aa80048d80e577104f04f9dc527bcbdecbac1e0bd777c98286ecfff8aeba7,timestamped_live_quote,FBS vs FBS
2026-09-29T20:34:46Z,7bdd5ae18979fa3af61625a21d757987,2026-10-03T16:00:00Z,Iowa State Cyclones,West Virginia Mountaineers,betrivers,BetRivers,2026-09-29T20:34:19Z,2026-09-29T20:34:19Z,West Virginia Mountaineers,3.5,-118.0,2026,2026-09-29T20:34:46Z,1344,9.050571211989975,7.794947654079492,3.755623557910483,807aa80048d80e577104f04f9dc527bcbdecbac1e0bd777c98286ecfff8aeba7,timestamped_live_quote,FBS vs FBS
2026-09-29T20:34:46Z,7bdd5ae18979fa3af61625a21d757987,2026-10-03T16:00:00Z,Iowa State Cyclones,West Virginia Mountaineers,lowvig,LowVig.ag,2026-09-29T20:33:39Z,2026-09-29T20:33:39Z,Iowa State Cyclones,-3.5,-104.0,2026,2026-09-29T20:34:46Z,1344,9.050571211989975,7.794947654079492,3.755623557910483,807aa80048d80e577104f04f9dc527bcbdecbac1e0bd777c98286ecfff8aeba7,timestamped_live_quote,FBS vs FBS
2026-09-29T20:34:46Z,7bdd5ae18979fa3af61625a21d757987,2026-10-03T16:00:00Z,Iowa State Cyclones,West Virginia Mountaineers,lowvig,LowVig.ag,2026-09-29T20:33:39Z,2026-09-29T20:33:39Z,West Virginia Mountaineers,3.5,-108.0,2026,2026-09-29T20:34:46Z,1344,9.050571211989975,7.794947654079492,3.755623557910483,807aa80048d80e577104f04f9dc527bcbdecbac1e0bd777c98286ecfff8aeba7,timestamped_live_quote,FBS vs FBS
2026-09-29T20:34:46Z,7bdd5ae18979fa3af61625a21d757987,2026-10-03T16:00:00Z,Iowa State Cyclones,West Virginia Mountaineers,betonlineag,BetOnline.ag,2026-09-29T20:34:16Z,2026-09-29T20:34:16Z,Iowa State Cyclones,-3.5,-108.0,2026,2026-09-29T20:34:46Z,1344,9.050571211989975,7.794947654079492,3.755623557910483,807aa80048d80e577104f04f9dc527bcbdecbac1e0bd777c98286ecfff8aeba7,timestamped_live_quote,FBS vs FBS
2026-09-29T20:34:46Z,7bdd5ae18979fa3af61625a21d757987,2026-10-03T16:00:00Z,Iowa State Cyclones,West Virginia Mountaineers,betonlineag,BetOnline.ag,2026-09-29T20:34:16Z,2026-09-29T20:34:16Z,West Virginia Mountaineers,3.5,-112.0,2026,2026-09-29T20:34:46Z,1344,9.050571211989975,7.794947654079492,3.755623557910483,807aa80048d80e577104f04f9dc527bcbdecbac1e0bd777c98286ecfff8aeba7,timestamped_live_quote,FBS vs FBS
2026-09-29T20:34:46Z,7bdd5ae18979fa3af61625a21d757987,2026-10-03T16:00:00Z,Iowa State Cyclones,West Virginia Mountaineers,draftkings,DraftKings,2026-09-29T20:34:00Z,2026-09-29T20:34:00Z,Iowa State Cyclones,-3.5,-105.0,2026,2026-09-29T20:34:46Z,1344,9.050571211989975,7.794947654079492,3.755623557910483,807aa80048d80e577104f04f9dc527bcbdecbac1e0bd777c98286ecfff8aeba7,timestamped_live_quote,FBS vs FBS
2026-09-29T20:34:46Z,7bdd5ae18979fa3af61625a21d757987,2026-10-03T16:00:00Z,Iowa State Cyclones,West Virginia Mountaineers,draftkings,DraftKings,2026-09-29T20:34:00Z,2026-09-29T20:34:00Z,West Virginia Mountaineers,3.5,-115.0,2026,2026-09-29T20:34:46Z,1344,9.050571211989975,7.794947654079492,3.755623557910483,807aa80048d80e577104f04f9dc527bcbdecbac1e0bd777c98286ecfff8aeba7,timestamped_live_quote,FBS vs FBS
2026-09-29T20:34:46Z,7bdd5ae18979fa3af61625a21d757987,2026-10-03T16:00:00Z,Iowa State Cyclones,West Virginia Mountaineers,betmgm,BetMGM,2026-09-29T20:34:33Z,2026-09-29T20:34:33Z,Iowa State Cyclones,-3.5,-102.0,2026,2026-09-29T20:34:46Z,1344,9.050571211989975,7.794947654079492,3.755623557910483,807aa80048d80e577104f04f9dc527bcbdecbac1e0bd777c98286ecfff8aeba7,timestamped_live_quote,FBS vs FBS
2026-09-29T20:34:46Z,7bdd5ae18979fa3af61625a21d757987,2026-10-03T16:00:00Z,Iowa State Cyclones,West Virginia Mountaineers,betmgm,BetMGM,2026-09-29T20:34:33Z,2026-09-29T20:34:33Z,West Virginia Mountaineers,3.5,-118.0,2026,2026-09-29T20:34:46Z,1344,9.050571211989975,7.794947654079492,3.755623557910483,807aa80048d80e577104f04f9dc527bcbdecbac1e0bd777c98286ecfff8aeba7,timestamped_live_quote,FBS vs FBS
2026-09-29T20:34:46Z,7bdd5ae18979fa3af61625a21d757987,2026-10-03T16:00:00Z,Iowa State Cyclones,West Virginia Mountaineers,mybookieag,MyBookie.ag,2026-09-29T20:33:40Z,2026-09-29T20:33:40Z,Iowa State Cyclones,-3.5,-110.0,2026,2026-09-29T20:34:46Z,1344,9.050571211989975,7.794947654079492,3.755623557910483,807aa80048d80e577104f04f9dc527bcbdecbac1e0bd777c98286ecfff8aeba7,timestamped_live_quote,FBS vs FBS
2026-09-29T20:34:46Z,7bdd5ae18979fa3af61625a21d757987,2026-10-03T16:00:00Z,Iowa State Cyclones,West Virginia Mountaineers,mybookieag,MyBookie.ag,2026-09-29T20:33:40Z,2026-09-29T20:33:40Z,West Virginia Mountaineers,3.5,-110.0,2026,2026-09-29T20:34:46Z,1344,9.050571211989975,7.794947654079492,3.755623557910483,807aa80048d80e577104f04f9dc527bcbdecbac1e0bd777c98286ecfff8aeba7,timestamped_live_quote,FBS vs FBS
2026-09-29T20:34:46Z,7bdd5ae18979fa3af61625a21d757987,2026-10-03T16:00:00Z,Iowa State Cyclones,West Virginia Mountaineers,betus,BetUS,2026-09-29T20:34:18Z,2026-09-29T20:34:18Z,Iowa State Cyclones,-3.5,-110.0,2026,2026-09-29T20:34:46Z,1344,9.050571211989975,7.794947654079492,3.755623557910483,807aa80048d80e577104f04f9dc527bcbdecbac1e0bd777c98286ecfff8aeba7,timestamped_live_quote,FBS vs FBS
2026-09-29T20:34:46Z,7bdd5ae18979fa3af61625a21d757987,2026-10-03T16:00:00Z,Iowa State Cyclones,West Virginia Mountaineers,betus,BetUS,2026-09-29T20:34:18Z,2026-09-29T20:34:18Z,West Virginia Mountaineers,3.5,-110.0,2026,2026-09-29T20:34:46Z,1344,9.050571211989975,7.794947654079492,3.755623557910483,807aa80048d80e577104f04f9dc527bcbdecbac1e0bd777c98286ecfff8aeba7,timestamped_live_quote,FBS vs FBS
2026-09-29T20:34:46Z,7bdd5ae18979fa3af61625a21d757987,2026-10-03T16:00:00Z,Iowa State Cyclones,West Virginia Mountaineers,bovada,Bovada,2026-09-29T20:33:33Z,2026-09-29T20:33:33Z,Iowa State Cyclones,-3.5,-105.0,2026,2026-09-29T20:34:46Z,1344,9.050571211989975,7.794947654079492,3.755623557910483,807aa80048d80e577104f04f9dc527bcbdecbac1e0bd777c98286ecfff8aeba7,timestamped_live_quote,FBS vs FBS
2026-09-29T20:34:46Z,7bdd5ae18979fa3af61625a21d757987,2026-10-03T16:00:00Z,Iowa State Cyclones,West Virginia Mountaineers,bovada,Bovada,2026-09-29T20:33:33Z,2026-09-29T20:33:33Z,West Virginia Mountaineers,3.5,-115.0,2026,2026-09-29T20:34:46Z,1344,9.050571211989975,7.794947654079492,3.755623557910483,807aa80048d80e577104f04f9dc527bcbdecbac1e0bd777c98286ecfff8aeba7,timestamped_live_quote,FBS vs FBS
2026-09-29T20:34:46Z,38e6b42c07f8da2e57e0b4dd09d6174c,2026-10-03T16:00:00Z,Kansas Jayhawks,Middle Tennessee Blue Raiders,fanduel,FanDuel,2026-09-29T20:34:20Z,2026-09-29T20:34:20Z,Kansas Jayhawks,-19.5,-106.0,2026,2026-09-29T20:34:46Z,1344,2.6213985239057416,0.9264735106200341,4.194925013285707,807aa80048d80e577104f04f9dc527bcbdecbac1e0bd777c98286ecfff8aeba7,timestamped_live_quote,FBS vs FBS
2026-09-29T20:34:46Z,38e6b42c07f8da2e57e0b4dd09d6174c,2026-10-03T16:00:00Z,Kansas Jayhawks,Middle Tennessee Blue Raiders,fanduel,FanDuel,2026-09-29T20:34:20Z,2026-09-29T20:34:20Z,Middle Tennessee Blue Raiders,19.5,-114.0,2026,2026-09-29T20:34:46Z,1344,2.6213985239057416,0.9264735106200341,4.194925013285707,807aa80048d80e577104f04f9dc527bcbdecbac1e0bd777c98286ecfff8aeba7,timestamped_live_quote,FBS vs FBS
2026-09-29T20:34:46Z,38e6b42c07f8da2e57e0b4dd09d6174c,2026-10-03T16:00:00Z,Kansas Jayhawks,Middle Tennessee Blue Raiders,draftkings,DraftKings,2026-09-29T20:34:00Z,2026-09-29T20:34:00Z,Kansas Jayhawks,-18.5,-112.0,2026,2026-09-29T20:34:46Z,1344,2.6213985239057416,0.9264735106200341,4.194925013285707,807aa80048d80e577104f04f9dc527bcbdecbac1e0bd777c98286ecfff8aeba7,timestamped_live_quote,FBS vs FBS
2026-09-29T20:34:46Z,38e6b42c07f8da2e57e0b4dd09d6174c,2026-10-03T16:00:00Z,Kansas Jayhawks,Middle Tennessee Blue Raiders,draftkings,DraftKings,2026-09-29T20:34:00Z,2026-09-29T20:34:00Z,Middle Tennessee Blue Raiders,18.5,-108.0,2026,2026-09-29T20:34:46Z,1344,2.6213985239057416,0.9264735106200341,4.194925013285707,807aa80048d80e577104f04f9dc527bcbdecbac1e0bd777c98286ecfff8aeba7,timestamped_live_quote,FBS vs FBS
2026-09-29T20:34:46Z,38e6b42c07f8da2e57e0b4dd09d6174c,2026-10-03T16:00:00Z,Kansas Jayhawks,Middle Tennessee Blue Raiders,betonlineag,BetOnline.ag,2026-09-29T20:34:16Z,2026-09-29T20:34:16Z,Kansas Jayhawks,-18.0,-115.0,2026,2026-09-29T20:34:46Z,1344,2.6213985239057416,0.9264735106200341,4.194925013285707,807aa80048d80e577104f04f9dc527bcbdecbac1e0bd777c98286ecfff8aeba7,timestamped_live_quote,FBS vs FBS
2026-09-29T20:34:46Z,38e6b42c07f8da2e57e0b4dd09d6174c,2026-10-03T16:00:00Z,Kansas Jayhawks,Middle Tennessee Blue Raiders,betonlineag,BetOnline.ag,2026-09-29T20:34:16Z,2026-09-29T20:34:16Z,Middle Tennessee Blue Raiders,18.0,-105.0,2026,2026-09-29T20:34:46Z,1344,2.6213985239057416,0.9264735106200341,4.194925013285707,807aa80048d80e577104f04f9dc527bcbdecbac1e0bd777c98286ecfff8aeba7,timestamped_live_quote,FBS vs FBS
2026-09-29T20:34:46Z,38e6b42c07f8da2e57e0b4dd09d6174c,2026-10-03T16:00:00Z,Kansas Jayhawks,Middle Tennessee Blue Raiders,lowvig,LowVig.ag,2026-09-29T20:33:39Z,2026-09-29T20:33:39Z,Kansas Jayhawks,-18.0,-111.0,2026,2026-09-29T20:34:46Z,1344,2.6213985239057416,0.9264735106200341,4.194925013285707,807aa80048d80e577104f04f9dc527bcbdecbac1e0bd777c98286ecfff8aeba7,timestamped_live_quote,FBS vs FBS
2026-09-29T20:34:46Z,38e6b42c07f8da2e57e0b4dd09d6174c,2026-10-03T16:00:00Z,Kansas Jayhawks,Middle Tennessee Blue Raiders,lowvig,LowVig.ag,2026-09-29T20:33:39Z,2026-09-29T20:33:39Z,Middle Tennessee Blue Raiders,18.0,-101.0,2026,2026-09-29T20:34:46Z,1344,2.6213985239057416,0.9264735106200341,4.194925013285707,807aa80048d80e577104f04f9dc527bcbdecbac1e0bd777c98286ecfff8aeba7,timestamped_live_quote,FBS vs FBS
2026-09-29T20:34:46Z,38e6b42c07f8da2e57e0b4dd09d6174c,2026-10-03T16:00:00Z,Kansas Jayhawks,Middle Tennessee Blue Raiders,betmgm,BetMGM,2026-09-29T20:34:33Z,2026-09-29T20:34:33Z,Kansas Jayhawks,-18.5,-110.0,2026,2026-09-29T20:34:46Z,1344,2.6213985239057416,0.9264735106200341,4.194925013285707,807aa80048d80e577104f04f9dc527bcbdecbac1e0bd777c98286ecfff8aeba7,timestamped_live_quote,FBS vs FBS
2026-09-29T20:34:46Z,38e6b42c07f8da2e57e0b4dd09d6174c,2026-10-03T16:00:00Z,Kansas Jayhawks,Middle Tennessee Blue Raiders,betmgm,BetMGM,2026-09-29T20:34:33Z,2026-09-29T20:34:33Z,Middle Tennessee Blue Raiders,18.5,-108.0,2026,2026-09-29T20:34:46Z,1344,2.6213985239057416,0.9264735106200341,4.194925013285707,807aa80048d80e577104f04f9dc527bcbdecbac1e0bd777c98286ecfff8aeba7,timestamped_live_quote,FBS vs FBS
2026-09-29T20:34:46Z,38e6b42c07f8da2e57e0b4dd09d6174c,2026-10-03T16:00:00Z,Kansas Jayhawks,Middle Tennessee Blue Raiders,mybookieag,MyBookie.ag,2026-09-29T20:33:40Z,2026-09-29T20:33:40Z,Kansas Jayhawks,-19.0,-110.0,2026,2026-09-29T20:34:46Z,1344,2.6213985239057416,0.9264735106200341,4.194925013285707,807aa80048d80e577104f04f9dc527bcbdecbac1e0bd777c98286ecfff8aeba7,timestamped_live_quote,FBS vs FBS
2026-09-29T20:34:46Z,38e6b42c07f8da2e57e0b4dd09d6174c,2026-10-03T16:00:00Z,Kansas Jayhawks,Middle Tennessee Blue Raiders,mybookieag,MyBookie.ag,2026-09-29T20:33:40Z,2026-09-29T20:33:40Z,Middle Tennessee Blue Raiders,19.0,-110.0,2026,2026-09-29T20:34:46Z,1344,2.6213985239057416,0.9264735106200341,4.194925013285707,807aa80048d80e577104f04f9dc527bcbdecbac1e0bd777c98286ecfff8aeba7,timestamped_live_quote,FBS vs FBS
2026-09-29T20:34:46Z,38e6b42c07f8da2e57e0b4dd09d6174c,2026-10-03T16:00:00Z,Kansas Jayhawks,Middle Tennessee Blue Raiders,betus,BetUS,2026-09-29T20:34:18Z,2026-09-29T20:34:18Z,Kansas Jayhawks,-18.5,-110.0,2026,2026-09-29T20:34:46Z,1344,2.6213985239057416,0.9264735106200341,4.194925013285707,807aa80048d80e577104f04f9dc527bcbdecbac1e0bd777c98286ecfff8aeba7,timestamped_live_quote,FBS vs FBS
2026-09-29T20:34:46Z,38e6b42c07f8da2e57e0b4dd09d6174c,2026-10-03T16:00:00Z,Kansas Jayhawks,Middle Tennessee Blue Raiders,betus,BetUS,2026-09-29T20:34:18Z,2026-09-29T20:34:18Z,Middle Tennessee Blue Raiders,18.5,-110.0,2026,2026-09-29T20:34:46Z,1344,2.6213985239057416,0.9264735106200341,4.194925013285707,807aa80048d80e577104f04f9dc527bcbdecbac1e0bd777c98286ecfff8aeba7,timestamped_live_quote,FBS vs FBS
2026-09-29T20:34:46Z,38e6b42c07f8da2e57e0b4dd09d6174c,2026-10-03T16:00:00Z,Kansas Jayhawks,Middle Tennessee Blue Raiders,bovada,Bovada,2026-09-29T20:33:33Z,2026-09-29T20:33:33Z,Kansas Jayhawks,-18.5,-110.0,2026,2026-09-29T20:34:46Z,1344,2.6213985239057416,0.9264735106200341,4.194925013285707,807aa80048d80e577104f04f9dc527bcbdecbac1e0bd777c98286ecfff8aeba7,timestamped_live_quote,FBS vs FBS
2026-09-29T20:34:46Z,38e6b42c07f8da2e57e0b4dd09d6174c,2026-10-03T16:00:00Z,Kansas Jayhawks,Middle Tennessee Blue Raiders,bovada,Bovada,2026-09-29T20:33:33Z,2026-09-29T20:33:33Z,Middle Tennessee Blue Raiders,18.5,-110.0,2026,2026-09-29T20:34:46Z,1344,2.6213985239057416,0.9264735106200341,4.194925013285707,807aa80048d80e577104f04f9dc527bcbdecbac1e0bd777c98286ecfff8aeba7,timestamped_live_quote,FBS vs FBS
2026-09-29T20:34:46Z,38e6b42c07f8da2e57e0b4dd09d6174c,2026-10-03T16:00:00Z,Kansas Jayhawks,Middle Tennessee Blue Raiders,betrivers,BetRivers,2026-09-29T20:34:19Z,2026-09-29T20:34:19Z,Kansas Jayhawks,-19.0,-109.0,2026,2026-09-29T20:34:46Z,1344,2.6213985239057416,0.9264735106200341,4.194925013285707,807aa80048d80e577104f04f9dc527bcbdecbac1e0bd777c98286ecfff8aeba7,timestamped_live_quote,FBS vs FBS
2026-09-29T20:34:46Z,38e6b42c07f8da2e57e0b4dd09d6174c,2026-10-03T16:00:00Z,Kansas Jayhawks,Middle Tennessee Blue Raiders,betrivers,BetRivers,2026-09-29T20:34:19Z,2026-09-29T20:34:19Z,Middle Tennessee Blue Raiders,19.0,-113.0,2026,2026-09-29T20:34:46Z,1344,2.6213985239057416,0.9264735106200341,4.194925013285707,807aa80048d80e577104f04f9dc527bcbdecbac1e0bd777c98286ecfff8aeba7,timestamped_live_quote,FBS vs FBS
2026-09-29T20:34:46Z,a2f01448219e39fd44e3d98ea5c7f482,2026-10-03T16:00:00Z,Minnesota Golden Gophers,Michigan Wolverines,draftkings,DraftKings,2026-09-29T20:34:00Z,2026-09-29T20:34:00Z,Michigan Wolverines,-5.5,-110.0,2026,2026-09-29T20:34:46Z,1344,7.713942231644802,5.895233353496409,4.318708878148393,807aa80048d80e577104f04f9dc527bcbdecbac1e0bd777c98286ecfff8aeba7,timestamped_live_quote,FBS vs FBS
2026-09-29T20:34:46Z,a2f01448219e39fd44e3d98ea5c7f482,2026-10-03T16:00:00Z,Minnesota Golden Gophers,Michigan Wolverines,draftkings,DraftKings,2026-09-29T20:34:00Z,2026-09-29T20:34:00Z,Minnesota Golden Gophers,5.5,-110.0,2026,2026-09-29T20:34:46Z,1344,7.713942231644802,5.895233353496409,4.318708878148393,807aa80048d80e577104f04f9dc527bcbdecbac1e0bd777c98286ecfff8aeba7,timestamped_live_quote,FBS vs FBS
2026-09-29T20:34:46Z,a2f01448219e39fd44e3d98ea5c7f482,2026-10-03T16:00:00Z,Minnesota Golden Gophers,Michigan Wolverines,fanduel,FanDuel,2026-09-29T20:34:20Z,2026-09-29T20:34:19Z,Michigan Wolverines,-5.5,-110.0,2026,2026-09-29T20:34:46Z,1344,7.713942231644802,5.895233353496409,4.318708878148393,807aa80048d80e577104f04f9dc527bcbdecbac1e0bd777c98286ecfff8aeba7,timestamped_live_quote,FBS vs FBS
2026-09-29T20:34:46Z,a2f01448219e39fd44e3d98ea5c7f482,2026-10-03T16:00:00Z,Minnesota Golden Gophers,Michigan Wolverines,fanduel,FanDuel,2026-09-29T20:34:20Z,2026-09-29T20:34:19Z,Minnesota Golden Gophers,5.5,-110.0,2026,2026-09-29T20:34:46Z,1344,7.713942231644802,5.895233353496409,4.318708878148393,807aa80048d80e577104f04f9dc527bcbdecbac1e0bd777c98286ecfff8aeba7,timestamped_live_quote,FBS vs FBS
2026-09-29T20:34:46Z,a2f01448219e39fd44e3d98ea5c7f482,2026-10-03T16:00:00Z,Minnesota Golden Gophers,Michigan Wolverines,betrivers,BetRivers,2026-09-29T20:34:19Z,2026-09-29T20:34:19Z,Michigan Wolverines,-5.5,-112.0,2026,2026-09-29T20:34:46Z,1344,7.713942231644802,5.895233353496409,4.318708878148393,807aa80048d80e577104f04f9dc527bcbdecbac1e0bd777c98286ecfff8aeba7,timestamped_live_quote,FBS vs FBS
2026-09-29T20:34:46Z,a2f01448219e39fd44e3d98ea5c7f482,2026-10-03T16:00:00Z,Minnesota Golden Gophers,Michigan Wolverines,betrivers,BetRivers,2026-09-29T20:34:19Z,2026-09-29T20:34:19Z,Minnesota Golden Gophers,5.5,-112.0,2026,2026-09-29T20:34:46Z,1344,7.713942231644802,5.895233353496409,4.318708878148393,807aa80048d80e577104f04f9dc527bcbdecbac1e0bd777c98286ecfff8aeba7,timestamped_live_quote,FBS vs FBS
2026-09-29T20:34:46Z,a2f01448219e39fd44e3d98ea5c7f482,2026-10-03T16:00:00Z,Minnesota Golden Gophers,Michigan Wolverines,lowvig,LowVig.ag,2026-09-29T20:33:39Z,2026-09-29T20:33:39Z,Michigan Wolverines,-5.5,-106.0,2026,2026-09-29T20:34:46Z,1344,7.713942231644802,5.895233353496409,4.318708878148393,807aa80048d80e577104f04f9dc527bcbdecbac1e0bd777c98286ecfff8aeba7,timestamped_live_quote,FBS vs FBS
2026-09-29T20:34:46Z,a2f01448219e39fd44e3d98ea5c7f482,2026-10-03T16:00:00Z,Minnesota Golden Gophers,Michigan Wolverines,lowvig,LowVig.ag,2026-09-29T20:33:39Z,2026-09-29T20:33:39Z,Minnesota Golden Gophers,5.5,-106.0,2026,2026-09-29T20:34:46Z,1344,7.713942231644802,5.895233353496409,4.318708878148393,807aa80048d80e577104f04f9dc527bcbdecbac1e0bd777c98286ecfff8aeba7,timestamped_live_quote,FBS vs FBS
2026-09-29T20:34:46Z,a2f01448219e39fd44e3d98ea5c7f482,2026-10-03T16:00:00Z,Minnesota Golden Gophers,Michigan Wolverines,betonlineag,BetOnline.ag,2026-09-29T20:34:16Z,2026-09-29T20:34:16Z,Michigan Wolverines,-5.5,-110.0,2026,2026-09-29T20:34:46Z,1344,7.713942231644802,5.895233353496409,4.318708878148393,807aa80048d80e577104f04f9dc527bcbdecbac1e0bd777c98286ecfff8aeba7,timestamped_live_quote,FBS vs FBS
2026-09-29T20:34:46Z,a2f01448219e39fd44e3d98ea5c7f482,2026-10-03T16:00:00Z,Minnesota Golden Gophers,Michigan Wolverines,betonlineag,BetOnline.ag,2026-09-29T20:34:16Z,2026-09-29T20:34:16Z,Minnesota Golden Gophers,5.5,-110.0,2026,2026-09-29T20:34:46Z,1344,7.713942231644802,5.895233353496409,4.318708878148393,807aa80048d80e577104f04f9dc527bcbdecbac1e0bd777c98286ecfff8aeba7,timestamped_live_quote,FBS vs FBS
2026-09-29T20:34:46Z,a2f01448219e39fd44e3d98ea5c7f482,2026-10-03T16:00:00Z,Minnesota Golden Gophers,Michigan Wolverines,betmgm,BetMGM,2026-09-29T20:34:33Z,2026-09-29T20:34:33Z,Michigan Wolverines,-5.5,-108.0,2026,2026-09-29T20:34:46Z,1344,7.713942231644802,5.895233353496409,4.318708878148393,807aa80048d80e577104f04f9dc527bcbdecbac1e0bd777c98286ecfff8aeba7,timestamped_live_quote,FBS vs FBS
2026-09-29T20:34:46Z,a2f01448219e39fd44e3d98ea5c7f482,2026-10-03T16:00:00Z,Minnesota Golden Gophers,Michigan Wolverines,betmgm,BetMGM,2026-09-29T20:34:33Z,2026-09-29T20:34:33Z,Minnesota Golden Gophers,5.5,-112.0,2026,2026-09-29T20:34:46Z,1344,7.713942231644802,5.895233353496409,4.318708878148393,807aa80048d80e577104f04f9dc527bcbdecbac1e0bd777c98286ecfff8aeba7,timestamped_live_quote,FBS vs FBS
2026-09-29T20:34:46Z,a2f01448219e39fd44e3d98ea5c7f482,2026-10-03T16:00:00Z,Minnesota Golden Gophers,Michigan Wolverines,betus,BetUS,2026-09-29T20:34:18Z,2026-09-29T20:34:18Z,Michigan Wolverines,-5.5,-110.0,2026,2026-09-29T20:34:46Z,1344,7.713942231644802,5.895233353496409,4.318708878148393,807aa80048d80e577104f04f9dc527bcbdecbac1e0bd777c98286ecfff8aeba7,timestamped_live_quote,FBS vs FBS
2026-09-29T20:34:46Z,a2f01448219e39fd44e3d98ea5c7f482,2026-10-03T16:00:00Z,Minnesota Golden Gophers,Michigan Wolverines,betus,BetUS,2026-09-29T20:34:18Z,2026-09-29T20:34:18Z,Minnesota Golden Gophers,5.5,-110.0,2026,2026-09-29T20:34:46Z,1344,7.713942231644802,5.895233353496409,4.318708878148393,807aa80048d80e577104f04f9dc527bcbdecbac1e0bd777c98286ecfff8aeba7,timestamped_live_quote,FBS vs FBS
2026-09-29T20:34:46Z,a2f01448219e39fd44e3d98ea5c7f482,2026-10-03T16:00:00Z,Minnesota Golden Gophers,Michigan Wolverines,mybookieag,MyBookie.ag,2026-09-29T20:33:40Z,2026-09-29T20:33:40Z,Michigan Wolverines,-5.5,-110.0,2026,2026-09-29T20:34:46Z,1344,7.713942231644802,5.895233353496409,4.318708878148393,807aa80048d80e577104f04f9dc527bcbdecbac1e0bd777c98286ecfff8aeba7,timestamped_live_quote,FBS vs FBS
2026-09-29T20:34:46Z,a2f01448219e39fd44e3d98ea5c7f482,2026-10-03T16:00:00Z,Minnesota Golden Gophers,Michigan Wolverines,mybookieag,MyBookie.ag,2026-09-29T20:33:40Z,2026-09-29T20:33:40Z,Minnesota Golden Gophers,5.5,-110.0,2026,2026-09-29T20:34:46Z,1344,7.713942231644802,5.895233353496409,4.318708878148393,807aa80048d80e577104f04f9dc527bcbdecbac1e0bd777c98286ecfff8aeba7,timestamped_live_quote,FBS vs FBS
2026-09-29T20:34:46Z,a2f01448219e39fd44e3d98ea5c7f482,2026-10-03T16:00:00Z,Minnesota Golden Gophers,Michigan Wolverines,bovada,Bovada,2026-09-29T20:33:33Z,2026-09-29T20:33:33Z,Michigan Wolverines,-5.5,-110.0,2026,2026-09-29T20:34:46Z,1344,7.713942231644802,5.895233353496409,4.318708878148393,807aa80048d80e577104f04f9dc527bcbdecbac1e0bd777c98286ecfff8aeba7,timestamped_live_quote,FBS vs FBS
2026-09-29T20:34:46Z,a2f01448219e39fd44e3d98ea5c7f482,2026-10-03T16:00:00Z,Minnesota Golden Gophers,Michigan Wolverines,bovada,Bovada,2026-09-29T20:33:33Z,2026-09-29T20:33:33Z,Minnesota Golden Gophers,5.5,-110.0,2026,2026-09-29T20:34:46Z,1344,7.713942231644802,5.895233353496409,4.318708878148393,807aa80048d80e577104f04f9dc527bcbdecbac1e0bd777c98286ecfff8aeba7,timestamped_live_quote,FBS vs FBS
2026-09-29T20:34:46Z,2b8db5053d533b488c0d76f49382d219,2026-10-03T16:00:00Z,North Carolina Tar Heels,Notre Dame Fighting Irish,draftkings,DraftKings,2026-09-29T20:34:00Z,2026-09-29T20:34:00Z,North Carolina Tar Heels,21.0,-110.0,2026,2026-09-29T20:34:46Z,1344,6.59302612335283,17.817085501679315,-8.724059378326485,807aa80048d80e577104f04f9dc527bcbdecbac1e0bd777c98286ecfff8aeba7,timestamped_live_quote,FBS vs FBS
2026-09-29T20:34:46Z,2b8db5053d533b488c0d76f49382d219,2026-10-03T16:00:00Z,North Carolina Tar Heels,Notre Dame Fighting Irish,draftkings,DraftKings,2026-09-29T20:34:00Z,2026-09-29T20:34:00Z,Notre Dame Fighting Irish,-21.0,-110.0,2026,2026-09-29T20:34:46Z,1344,6.59302612335283,17.817085501679315,-8.724059378326485,807aa80048d80e577104f04f9dc527bcbdecbac1e0bd777c98286ecfff8aeba7,timestamped_live_quote,FBS vs FBS
2026-09-29T20:34:46Z,2b8db5053d533b488c0d76f49382d219,2026-10-03T16:00:00Z,North Carolina Tar Heels,Notre Dame Fighting Irish,mybookieag,MyBookie.ag,2026-09-29T20:33:40Z,2026-09-29T20:33:40Z,North Carolina Tar Heels,21.0,-110.0,2026,2026-09-29T20:34:46Z,1344,6.59302612335283,17.817085501679315,-8.724059378326485,807aa80048d80e577104f04f9dc527bcbdecbac1e0bd777c98286ecfff8aeba7,timestamped_live_quote,FBS vs FBS
2026-09-29T20:34:46Z,2b8db5053d533b488c0d76f49382d219,2026-10-03T16:00:00Z,North Carolina Tar Heels,Notre Dame Fighting Irish,mybookieag,MyBookie.ag,2026-09-29T20:33:40Z,2026-09-29T20:33:40Z,Notre Dame Fighting Irish,-21.0,-110.0,2026,2026-09-29T20:34:46Z,1344,6.59302612335283,17.817085501679315,-8.724059378326485,807aa80048d80e577104f04f9dc527bcbdecbac1e0bd777c98286ecfff8aeba7,timestamped_live_quote,FBS vs FBS
2026-09-29T20:34:46Z,2b8db5053d533b488c0d76f49382d219,2026-10-03T16:00:00Z,North Carolina Tar Heels,Notre Dame Fighting Irish,fanduel,FanDuel,2026-09-29T20:34:20Z,2026-09-29T20:34:19Z,North Carolina Tar Heels,21.5,-120.0,2026,2026-09-29T20:34:46Z,1344,6.59302612335283,17.817085501679315,-8.724059378326485,807aa80048d80e577104f04f9dc527bcbdecbac1e0bd777c98286ecfff8aeba7,timestamped_live_quote,FBS vs FBS
2026-09-29T20:34:46Z,2b8db5053d533b488c0d76f49382d219,2026-10-03T16:00:00Z,North Carolina Tar Heels,Notre Dame Fighting Irish,fanduel,FanDuel,2026-09-29T20:34:20Z,2026-09-29T20:34:19Z,Notre Dame Fighting Irish,-21.5,-102.0,2026,2026-09-29T20:34:46Z,1344,6.59302612335283,17.817085501679315,-8.724059378326485,807aa80048d80e577104f04f9dc527bcbdecbac1e0bd777c98286ecfff8aeba7,timestamped_live_quote,FBS vs FBS
2026-09-29T20:34:46Z,2b8db5053d533b488c0d76f49382d219,2026-10-03T16:00:00Z,North Carolina Tar Heels,Notre Dame Fighting Irish,betrivers,BetRivers,2026-09-29T20:34:19Z,2026-09-29T20:34:19Z,North Carolina Tar Heels,21.5,-113.0,2026,2026-09-29T20:34:46Z,1344,6.59302612335283,17.817085501679315,-8.724059378326485,807aa80048d80e577104f04f9dc527bcbdecbac1e0bd777c98286ecfff8aeba7,timestamped_live_quote,FBS vs FBS
2026-09-29T20:34:46Z,2b8db5053d533b488c0d76f49382d219,2026-10-03T16:00:00Z,North Carolina Tar Heels,Notre Dame Fighting Irish,betrivers,BetRivers,2026-09-29T20:34:19Z,2026-09-29T20:34:19Z,Notre Dame Fighting Irish,-21.5,-110.0,2026,2026-09-29T20:34:46Z,1344,6.59302612335283,17.817085501679315,-8.724059378326485,807aa80048d80e577104f04f9dc527bcbdecbac1e0bd777c98286ecfff8aeba7,timestamped_live_quote,FBS vs FBS
2026-09-29T20:34:46Z,2b8db5053d533b488c0d76f49382d219,2026-10-03T16:00:00Z,North Carolina Tar Heels,Notre Dame Fighting Irish,betonlineag,BetOnline.ag,2026-09-29T20:34:16Z,2026-09-29T20:34:16Z,North Carolina Tar Heels,21.0,-108.0,2026,2026-09-29T20:34:46Z,1344,6.59302612335283,17.817085501679315,-8.724059378326485,807aa80048d80e577104f04f9dc527bcbdecbac1e0bd777c98286ecfff8aeba7,timestamped_live_quote,FBS vs FBS
2026-09-29T20:34:46Z,2b8db5053d533b488c0d76f49382d219,2026-10-03T16:00:00Z,North Carolina Tar Heels,Notre Dame Fighting Irish,betonlineag,BetOnline.ag,2026-09-29T20:34:16Z,2026-09-29T20:34:16Z,Notre Dame Fighting Irish,-21.0,-112.0,2026,2026-09-29T20:34:46Z,1344,6.59302612335283,17.817085501679315,-8.724059378326485,807aa80048d80e577104f04f9dc527bcbdecbac1e0bd777c98286ecfff8aeba7,timestamped_live_quote,FBS vs FBS
2026-09-29T20:34:46Z,2b8db5053d533b488c0d76f49382d219,2026-10-03T16:00:00Z,North Carolina Tar Heels,Notre Dame Fighting Irish,lowvig,LowVig.ag,2026-09-29T20:33:39Z,2026-09-29T20:33:39Z,North Carolina Tar Heels,21.0,-104.0,2026,2026-09-29T20:34:46Z,1344,6.59302612335283,17.817085501679315,-8.724059378326485,807aa80048d80e577104f04f9dc527bcbdecbac1e0bd777c98286ecfff8aeba7,timestamped_live_quote,FBS vs FBS
2026-09-29T20:34:46Z,2b8db5053d533b488c0d76f49382d219,2026-10-03T16:00:00Z,North Carolina Tar Heels,Notre Dame Fighting Irish,lowvig,LowVig.ag,2026-09-29T20:33:39Z,2026-09-29T20:33:39Z,Notre Dame Fighting Irish,-21.0,-108.0,2026,2026-09-29T20:34:46Z,1344,6.59302612335283,17.817085501679315,-8.724059378326485,807aa80048d80e577104f04f9dc527bcbdecbac1e0bd777c98286ecfff8aeba7,timestamped_live_quote,FBS vs FBS
2026-09-29T20:34:46Z,2b8db5053d533b488c0d76f49382d219,2026-10-03T16:00:00Z,North Carolina Tar Heels,Notre Dame Fighting Irish,betmgm,BetMGM,2026-09-29T20:34:33Z,2026-09-29T20:34:33Z,North Carolina Tar Heels,21.0,-108.0,2026,2026-09-29T20:34:46Z,1344,6.59302612335283,17.817085501679315,-8.724059378326485,807aa80048d80e577104f04f9dc527bcbdecbac1e0bd777c98286ecfff8aeba7,timestamped_live_quote,FBS vs FBS
2026-09-29T20:34:46Z,2b8db5053d533b488c0d76f49382d219,2026-10-03T16:00:00Z,North Carolina Tar Heels,Notre Dame Fighting Irish,betmgm,BetMGM,2026-09-29T20:34:33Z,2026-09-29T20:34:33Z,Notre Dame Fighting Irish,-21.0,-110.0,2026,2026-09-29T20:34:46Z,1344,6.59302612335283,17.817085501679315,-8.724059378326485,807aa80048d80e577104f04f9dc527bcbdecbac1e0bd777c98286ecfff8aeba7,timestamped_live_quote,FBS vs FBS
2026-09-29T20:34:46Z,2b8db5053d533b488c0d76f49382d219,2026-10-03T16:00:00Z,North Carolina Tar Heels,Notre Dame Fighting Irish,betus,BetUS,2026-09-29T20:34:18Z,2026-09-29T20:34:18Z,North Carolina Tar Heels,21.0,-105.0,2026,2026-09-29T20:34:46Z,1344,6.59302612335283,17.817085501679315,-8.724059378326485,807aa80048d80e577104f04f9dc527bcbdecbac1e0bd777c98286ecfff8aeba7,timestamped_live_quote,FBS vs FBS
2026-09-29T20:34:46Z,2b8db5053d533b488c0d76f49382d219,2026-10-03T16:00:00Z,North Carolina Tar Heels,Notre Dame Fighting Irish,betus,BetUS,2026-09-29T20:34:18Z,2026-09-29T20:34:18Z,Notre Dame Fighting Irish,-21.0,-115.0,2026,2026-09-29T20:34:46Z,1344,6.59302612335283,17.817085501679315,-8.724059378326485,807aa80048d80e577104f04f9dc527bcbdecbac1e0bd777c98286ecfff8aeba7,timestamped_live_quote,FBS vs FBS
2026-09-29T20:34:46Z,2b8db5053d533b488c0d76f49382d219,2026-10-03T16:00:00Z,North Carolina Tar Heels,Notre Dame Fighting Irish,bovada,Bovada,2026-09-29T20:33:33Z,2026-09-29T20:33:33Z,North Carolina Tar Heels,21.0,-110.0,2026,2026-09-29T20:34:46Z,1344,6.59302612335283,17.817085501679315,-8.724059378326485,807aa80048d80e577104f04f9dc527bcbdecbac1e0bd777c98286ecfff8aeba7,timestamped_live_quote,FBS vs FBS
2026-09-29T20:34:46Z,2b8db5053d533b488c0d76f49382d219,2026-10-03T16:00:00Z,North Carolina Tar Heels,Notre Dame Fighting Irish,bovada,Bovada,2026-09-29T20:33:33Z,2026-09-29T20:33:33Z,Notre Dame Fighting Irish,-21.0,-110.0,2026,2026-09-29T20:34:46Z,1344,6.59302612335283,17.817085501679315,-8.724059378326485,807aa80048d80e577104f04f9dc527bcbdecbac1e0bd777c98286ecfff8aeba7,timestamped_live_quote,FBS vs FBS
2026-09-29T20:34:46Z,8ef32c906348e926ca0fabcc25635c11,2026-10-03T16:00:00Z,Wake Forest Demon Deacons,Stanford Cardinal,fanduel,FanDuel,2026-09-29T20:34:20Z,2026-09-29T20:34:20Z,Stanford Cardinal,12.5,-105.0,2026,2026-09-29T20:34:46Z,1344,4.492670054417279,-3.3830062896500004,10.37567634406728,807aa80048d80e577104f04f9dc527bcbdecbac1e0bd777c98286ecfff8aeba7,timestamped_live_quote,FBS vs FBS
2026-09-29T20:34:46Z,8ef32c906348e926ca0fabcc25635c11,2026-10-03T16:00:00Z,Wake Forest Demon Deacons,Stanford Cardinal,fanduel,FanDuel,2026-09-29T20:34:20Z,2026-09-29T20:34:20Z,Wake Forest Demon Deacons,-12.5,-115.0,2026,2026-09-29T20:34:46Z,1344,4.492670054417279,-3.3830062896500004,10.37567634406728,807aa80048d80e577104f04f9dc527bcbdecbac1e0bd777c98286ecfff8aeba7,timestamped_live_quote,FBS vs FBS
2026-09-29T20:34:46Z,8ef32c906348e926ca0fabcc25635c11,2026-10-03T16:00:00Z,Wake Forest Demon Deacons,Stanford Cardinal,betrivers,BetRivers,2026-09-29T20:34:19Z,2026-09-29T20:34:19Z,Stanford Cardinal,13.0,-110.0,2026,2026-09-29T20:34:46Z,1344,4.492670054417279,-3.3830062896500004,10.37567634406728,807aa80048d80e577104f04f9dc527bcbdecbac1e0bd777c98286ecfff8aeba7,timestamped_live_quote,FBS vs FBS
2026-09-29T20:34:46Z,8ef32c906348e926ca0fabcc25635c11,2026-10-03T16:00:00Z,Wake Forest Demon Deacons,Stanford Cardinal,betrivers,BetRivers,2026-09-29T20:34:19Z,2026-09-29T20:34:19Z,Wake Forest Demon Deacons,-13.0,-113.0,2026,2026-09-29T20:34:46Z,1344,4.492670054417279,-3.3830062896500004,10.37567634406728,807aa80048d80e577104f04f9dc527bcbdecbac1e0bd777c98286ecfff8aeba7,timestamped_live_quote,FBS vs FBS
2026-09-29T20:34:46Z,8ef32c906348e926ca0fabcc25635c11,2026-10-03T16:00:00Z,Wake Forest Demon Deacons,Stanford Cardinal,draftkings,DraftKings,2026-09-29T20:34:00Z,2026-09-29T20:34:00Z,Stanford Cardinal,12.5,-108.0,2026,2026-09-29T20:34:46Z,1344,4.492670054417279,-3.3830062896500004,10.37567634406728,807aa80048d80e577104f04f9dc527bcbdecbac1e0bd777c98286ecfff8aeba7,timestamped_live_quote,FBS vs FBS
2026-09-29T20:34:46Z,8ef32c906348e926ca0fabcc25635c11,2026-10-03T16:00:00Z,Wake Forest Demon Deacons,Stanford Cardinal,draftkings,DraftKings,2026-09-29T20:34:00Z,2026-09-29T20:34:00Z,Wake Forest Demon Deacons,-12.5,-112.0,2026,2026-09-29T20:34:46Z,1344,4.492670054417279,-3.3830062896500004,10.37567634406728,807aa80048d80e577104f04f9dc527bcbdecbac1e0bd777c98286ecfff8aeba7,timestamped_live_quote,FBS vs FBS
2026-09-29T20:34:46Z,8ef32c906348e926ca0fabcc25635c11,2026-10-03T16:00:00Z,Wake Forest Demon Deacons,Stanford Cardinal,betonlineag,BetOnline.ag,2026-09-29T20:34:16Z,2026-09-29T20:34:16Z,Stanford Cardinal,12.5,-107.0,2026,2026-09-29T20:34:46Z,1344,4.492670054417279,-3.3830062896500004,10.37567634406728,807aa80048d80e577104f04f9dc527bcbdecbac1e0bd777c98286ecfff8aeba7,timestamped_live_quote,FBS vs FBS
2026-09-29T20:34:46Z,8ef32c906348e926ca0fabcc25635c11,2026-10-03T16:00:00Z,Wake Forest Demon Deacons,Stanford Cardinal,betonlineag,BetOnline.ag,2026-09-29T20:34:16Z,2026-09-29T20:34:16Z,Wake Forest Demon Deacons,-12.5,-113.0,2026,2026-09-29T20:34:46Z,1344,4.492670054417279,-3.3830062896500004,10.37567634406728,807aa80048d80e577104f04f9dc527bcbdecbac1e0bd777c98286ecfff8aeba7,timestamped_live_quote,FBS vs FBS
2026-09-29T20:34:46Z,8ef32c906348e926ca0fabcc25635c11,2026-10-03T16:00:00Z,Wake Forest Demon Deacons,Stanford Cardinal,lowvig,LowVig.ag,2026-09-29T20:33:39Z,2026-09-29T20:33:39Z,Stanford Cardinal,12.5,-103.0,2026,2026-09-29T20:34:46Z,1344,4.492670054417279,-3.3830062896500004,10.37567634406728,807aa80048d80e577104f04f9dc527bcbdecbac1e0bd777c98286ecfff8aeba7,timestamped_live_quote,FBS vs FBS
2026-09-29T20:34:46Z,8ef32c906348e926ca0fabcc25635c11,2026-10-03T16:00:00Z,Wake Forest Demon Deacons,Stanford Cardinal,lowvig,LowVig.ag,2026-09-29T20:33:39Z,2026-09-29T20:33:39Z,Wake Forest Demon Deacons,-12.5,-109.0,2026,2026-09-29T20:34:46Z,1344,4.492670054417279,-3.3830062896500004,10.37567634406728,807aa80048d80e577104f04f9dc527bcbdecbac1e0bd777c98286ecfff8aeba7,timestamped_live_quote,FBS vs FBS
2026-09-29T20:34:46Z,8ef32c906348e926ca0fabcc25635c11,2026-10-03T16:00:00Z,Wake Forest Demon Deacons,Stanford Cardinal,betmgm,BetMGM,2026-09-29T20:34:33Z,2026-09-29T20:34:33Z,Stanford Cardinal,13.0,-110.0,2026,2026-09-29T20:34:46Z,1344,4.492670054417279,-3.3830062896500004,10.37567634406728,807aa80048d80e577104f04f9dc527bcbdecbac1e0bd777c98286ecfff8aeba7,timestamped_live_quote,FBS vs FBS
2026-09-29T20:34:46Z,8ef32c906348e926ca0fabcc25635c11,2026-10-03T16:00:00Z,Wake Forest Demon Deacons,Stanford Cardinal,betmgm,BetMGM,2026-09-29T20:34:33Z,2026-09-29T20:34:33Z,Wake Forest Demon Deacons,-13.0,-108.0,2026,2026-09-29T20:34:46Z,1344,4.492670054417279,-3.3830062896500004,10.37567634406728,807aa80048d80e577104f04f9dc527bcbdecbac1e0bd777c98286ecfff8aeba7,timestamped_live_quote,FBS vs FBS
2026-09-29T20:34:46Z,8ef32c906348e926ca0fabcc25635c11,2026-10-03T16:00:00Z,Wake Forest Demon Deacons,Stanford Cardinal,mybookieag,MyBookie.ag,2026-09-29T20:33:40Z,2026-09-29T20:33:40Z,Stanford Cardinal,12.5,-110.0,2026,2026-09-29T20:34:46Z,1344,4.492670054417279,-3.3830062896500004,10.37567634406728,807aa80048d80e577104f04f9dc527bcbdecbac1e0bd777c98286ecfff8aeba7,timestamped_live_quote,FBS vs FBS
2026-09-29T20:34:46Z,8ef32c906348e926ca0fabcc25635c11,2026-10-03T16:00:00Z,Wake Forest Demon Deacons,Stanford Cardinal,mybookieag,MyBookie.ag,2026-09-29T20:33:40Z,2026-09-29T20:33:40Z,Wake Forest Demon Deacons,-12.5,-110.0,2026,2026-09-29T20:34:46Z,1344,4.492670054417279,-3.3830062896500004,10.37567634406728,807aa80048d80e577104f04f9dc527bcbdecbac1e0bd777c98286ecfff8aeba7,timestamped_live_quote,FBS vs FBS
2026-09-29T20:34:46Z,8ef32c906348e926ca0fabcc25635c11,2026-10-03T16:00:00Z,Wake Forest Demon Deacons,Stanford Cardinal,betus,BetUS,2026-09-29T20:34:18Z,2026-09-29T20:34:18Z,Stanford Cardinal,12.5,-110.0,2026,2026-09-29T20:34:46Z,1344,4.492670054417279,-3.3830062896500004,10.37567634406728,807aa80048d80e577104f04f9dc527bcbdecbac1e0bd777c98286ecfff8aeba7,timestamped_live_quote,FBS vs FBS
2026-09-29T20:34:46Z,8ef32c906348e926ca0fabcc25635c11,2026-10-03T16:00:00Z,Wake Forest Demon Deacons,Stanford Cardinal,betus,BetUS,2026-09-29T20:34:18Z,2026-09-29T20:34:18Z,Wake Forest Demon Deacons,-12.5,-110.0,2026,2026-09-29T20:34:46Z,1344,4.492670054417279,-3.3830062896500004,10.37567634406728,807aa80048d80e577104f04f9dc527bcbdecbac1e0bd777c98286ecfff8aeba7,timestamped_live_quote,FBS vs FBS
2026-09-29T20:34:46Z,8ef32c906348e926ca0fabcc25635c11,2026-10-03T16:00:00Z,Wake Forest Demon Deacons,Stanford Cardinal,bovada,Bovada,2026-09-29T20:33:33Z,2026-09-29T20:33:33Z,Stanford Cardinal,13.0,-110.0,2026,2026-09-29T20:34:46Z,1344,4.492670054417279,-3.3830062896500004,10.37567634406728,807aa80048d80e577104f04f9dc527bcbdecbac1e0bd777c98286ecfff8aeba7,timestamped_live_quote,FBS vs FBS
2026-09-29T20:34:46Z,8ef32c906348e926ca0fabcc25635c11,2026-10-03T16:00:00Z,Wake Forest Demon Deacons,Stanford Cardinal,bovada,Bovada,2026-09-29T20:33:33Z,2026-09-29T20:33:33Z,Wake Forest Demon Deacons,-13.0,-110.0,2026,2026-09-29T20:34:46Z,1344,4.492670054417279,-3.3830062896500004,10.37567634406728,807aa80048d80e577104f04f9dc527bcbdecbac1e0bd777c98286ecfff8aeba7,timestamped_live_quote,FBS vs FBS
2026-09-29T20:34:46Z,94769faaa7a5aba0474291fc9c2d3d6d,2026-10-03T16:00:00Z,UConn Huskies,Syracuse Orange,fanduel,FanDuel,2026-09-29T20:34:20Z,2026-09-29T20:34:20Z,Syracuse Orange,-6.5,-110.0,2026,2026-09-29T20:34:46Z,1344,5.989046472863379,7.135774234137429,1.3532722387259497,807aa80048d80e577104f04f9dc527bcbdecbac1e0bd777c98286ecfff8aeba7,timestamped_live_quote,FBS vs FBS
2026-09-29T20:34:46Z,94769faaa7a5aba0474291fc9c2d3d6d,2026-10-03T16:00:00Z,UConn Huskies,Syracuse Orange,fanduel,FanDuel,2026-09-29T20:34:20Z,2026-09-29T20:34:20Z,UConn Huskies,6.5,-110.0,2026,2026-09-29T20:34:46Z,1344,5.989046472863379,7.135774234137429,1.3532722387259497,807aa80048d80e577104f04f9dc527bcbdecbac1e0bd777c98286ecfff8aeba7,timestamped_live_quote,FBS vs FBS
2026-09-29T20:34:46Z,94769faaa7a5aba0474291fc9c2d3d6d,2026-10-03T16:00:00Z,UConn Huskies,Syracuse Orange,betrivers,BetRivers,2026-09-29T20:34:19Z,2026-09-29T20:34:19Z,Syracuse Orange,-6.0,-115.0,2026,2026-09-29T20:34:46Z,1344,5.989046472863379,7.135774234137429,1.3532722387259497,807aa80048d80e577104f04f9dc527bcbdecbac1e0bd777c98286ecfff8aeba7,timestamped_live_quote,FBS vs FBS
2026-09-29T20:34:46Z,94769faaa7a5aba0474291fc9c2d3d6d,2026-10-03T16:00:00Z,UConn Huskies,Syracuse Orange,betrivers,BetRivers,2026-09-29T20:34:19Z,2026-09-29T20:34:19Z,UConn Huskies,6.0,-108.0,2026,2026-09-29T20:34:46Z,1344,5.989046472863379,7.135774234137429,1.3532722387259497,807aa80048d80e577104f04f9dc527bcbdecbac1e0bd777c98286ecfff8aeba7,timestamped_live_quote,FBS vs FBS
2026-09-29T20:34:46Z,94769faaa7a5aba0474291fc9c2d3d6d,2026-10-03T16:00:00Z,UConn Huskies,Syracuse Orange,lowvig,LowVig.ag,2026-09-29T20:33:39Z,2026-09-29T20:33:39Z,Syracuse Orange,-6.0,-117.0,2026,2026-09-29T20:34:46Z,1344,5.989046472863379,7.135774234137429,1.3532722387259497,807aa80048d80e577104f04f9dc527bcbdecbac1e0bd777c98286ecfff8aeba7,timestamped_live_quote,FBS vs FBS
2026-09-29T20:34:46Z,94769faaa7a5aba0474291fc9c2d3d6d,2026-10-03T16:00:00Z,UConn Huskies,Syracuse Orange,lowvig,LowVig.ag,2026-09-29T20:33:39Z,2026-09-29T20:33:39Z,UConn Huskies,6.0,105.0,2026,2026-09-29T20:34:46Z,1344,5.989046472863379,7.135774234137429,1.3532722387259497,807aa80048d80e577104f04f9dc527bcbdecbac1e0bd777c98286ecfff8aeba7,timestamped_live_quote,FBS vs FBS
2026-09-29T20:34:46Z,94769faaa7a5aba0474291fc9c2d3d6d,2026-10-03T16:00:00Z,UConn Huskies,Syracuse Orange,betonlineag,BetOnline.ag,2026-09-29T20:34:16Z,2026-09-29T20:34:16Z,Syracuse Orange,-6.0,-121.0,2026,2026-09-29T20:34:46Z,1344,5.989046472863379,7.135774234137429,1.3532722387259497,807aa80048d80e577104f04f9dc527bcbdecbac1e0bd777c98286ecfff8aeba7,timestamped_live_quote,FBS vs FBS
2026-09-29T20:34:46Z,94769faaa7a5aba0474291fc9c2d3d6d,2026-10-03T16:00:00Z,UConn Huskies,Syracuse Orange,betonlineag,BetOnline.ag,2026-09-29T20:34:16Z,2026-09-29T20:34:16Z,UConn Huskies,6.0,101.0,2026,2026-09-29T20:34:46Z,1344,5.989046472863379,7.135774234137429,1.3532722387259497,807aa80048d80e577104f04f9dc527bcbdecbac1e0bd777c98286ecfff8aeba7,timestamped_live_quote,FBS vs FBS
2026-09-29T20:34:46Z,94769faaa7a5aba0474291fc9c2d3d6d,2026-10-03T16:00:00Z,UConn Huskies,Syracuse Orange,draftkings,DraftKings,2026-09-29T20:34:00Z,2026-09-29T20:34:00Z,Syracuse Orange,-6.5,-110.0,2026,2026-09-29T20:34:46Z,1344,5.989046472863379,7.135774234137429,1.3532722387259497,807aa80048d80e577104f04f9dc527bcbdecbac1e0bd777c98286ecfff8aeba7,timestamped_live_quote,FBS vs FBS
2026-09-29T20:34:46Z,94769faaa7a5aba0474291fc9c2d3d6d,2026-10-03T16:00:00Z,UConn Huskies,Syracuse Orange,draftkings,DraftKings,2026-09-29T20:34:00Z,2026-09-29T20:34:00Z,UConn Huskies,6.5,-110.0,2026,2026-09-29T20:34:46Z,1344,5.989046472863379,7.135774234137429,1.3532722387259497,807aa80048d80e577104f04f9dc527bcbdecbac1e0bd777c98286ecfff8aeba7,timestamped_live_quote,FBS vs FBS
2026-09-29T20:34:46Z,94769faaa7a5aba0474291fc9c2d3d6d,2026-10-03T16:00:00Z,UConn Huskies,Syracuse Orange,mybookieag,MyBookie.ag,2026-09-29T20:33:40Z,2026-09-29T20:33:40Z,Syracuse Orange,-6.5,-110.0,2026,2026-09-29T20:34:46Z,1344,5.989046472863379,7.135774234137429,1.3532722387259497,807aa80048d80e577104f04f9dc527bcbdecbac1e0bd777c98286ecfff8aeba7,timestamped_live_quote,FBS vs FBS
2026-09-29T20:34:46Z,94769faaa7a5aba0474291fc9c2d3d6d,2026-10-03T16:00:00Z,UConn Huskies,Syracuse Orange,mybookieag,MyBookie.ag,2026-09-29T20:33:40Z,2026-09-29T20:33:40Z,UConn Huskies,6.5,-110.0,2026,2026-09-29T20:34:46Z,1344,5.989046472863379,7.135774234137429,1.3532722387259497,807aa80048d80e577104f04f9dc527bcbdecbac1e0bd777c98286ecfff8aeba7,timestamped_live_quote,FBS vs FBS
2026-09-29T20:34:46Z,94769faaa7a5aba0474291fc9c2d3d6d,2026-10-03T16:00:00Z,UConn Huskies,Syracuse Orange,betus,BetUS,2026-09-29T20:34:18Z,2026-09-29T20:34:18Z,Syracuse Orange,-6.0,-120.0,2026,2026-09-29T20:34:46Z,1344,5.989046472863379,7.135774234137429,1.3532722387259497,807aa80048d80e577104f04f9dc527bcbdecbac1e0bd777c98286ecfff8aeba7,timestamped_live_quote,FBS vs FBS
2026-09-29T20:34:46Z,94769faaa7a5aba0474291fc9c2d3d6d,2026-10-03T16:00:00Z,UConn Huskies,Syracuse Orange,betus,BetUS,2026-09-29T20:34:18Z,2026-09-29T20:34:18Z,UConn Huskies,6.0,100.0,2026,2026-09-29T20:34:46Z,1344,5.989046472863379,7.135774234137429,1.3532722387259497,807aa80048d80e577104f04f9dc527bcbdecbac1e0bd777c98286ecfff8aeba7,timestamped_live_quote,FBS vs FBS
2026-09-29T20:34:46Z,94769faaa7a5aba0474291fc9c2d3d6d,2026-10-03T16:00:00Z,UConn Huskies,Syracuse Orange,betmgm,BetMGM,2026-09-29T20:34:33Z,2026-09-29T20:34:33Z,Syracuse Orange,-6.5,-112.0,2026,2026-09-29T20:34:46Z,1344,5.989046472863379,7.135774234137429,1.3532722387259497,807aa80048d80e577104f04f9dc527bcbdecbac1e0bd777c98286ecfff8aeba7,timestamped_live_quote,FBS vs FBS
2026-09-29T20:34:46Z,94769faaa7a5aba0474291fc9c2d3d6d,2026-10-03T16:00:00Z,UConn Huskies,Syracuse Orange,betmgm,BetMGM,2026-09-29T20:34:33Z,2026-09-29T20:34:33Z,UConn Huskies,6.5,-105.0,2026,2026-09-29T20:34:46Z,1344,5.989046472863379,7.135774234137429,1.3532722387259497,807aa80048d80e577104f04f9dc527bcbdecbac1e0bd777c98286ecfff8aeba7,timestamped_live_quote,FBS vs FBS
2026-09-29T20:34:46Z,94769faaa7a5aba0474291fc9c2d3d6d,2026-10-03T16:00:00Z,UConn Huskies,Syracuse Orange,bovada,Bovada,2026-09-29T20:33:33Z,2026-09-29T20:33:33Z,Syracuse Orange,-6.5,-110.0,2026,2026-09-29T20:34:46Z,1344,5.989046472863379,7.135774234137429,1.3532722387259497,807aa80048d80e577104f04f9dc527bcbdecbac1e0bd777c98286ecfff8aeba7,timestamped_live_quote,FBS vs FBS
2026-09-29T20:34:46Z,94769faaa7a5aba0474291fc9c2d3d6d,2026-10-03T16:00:00Z,UConn Huskies,Syracuse Orange,bovada,Bovada,2026-09-29T20:33:33Z,2026-09-29T20:33:33Z,UConn Huskies,6.5,-110.0,2026,2026-09-29T20:34:46Z,1344,5.989046472863379,7.135774234137429,1.3532722387259497,807aa80048d80e577104f04f9dc527bcbdecbac1e0bd777c98286ecfff8aeba7,timestamped_live_quote,FBS vs FBS
2026-09-29T20:34:46Z,575f5abb1af3a81091ac5a1cf1f5f927,2026-10-03T16:30:00Z,Wisconsin Badgers,Michigan State Spartans,fanduel,FanDuel,2026-09-29T20:34:20Z,2026-09-29T20:34:20Z,Michigan State Spartans,9.5,-104.0,2026,2026-09-29T20:34:46Z,1344,9.765269895235472,4.172655755028437,8.092614140207035,807aa80048d80e577104f04f9dc527bcbdecbac1e0bd777c98286ecfff8aeba7,timestamped_live_quote,FBS vs FBS
2026-09-29T20:34:46Z,575f5abb1af3a81091ac5a1cf1f5f927,2026-10-03T16:30:00Z,Wisconsin Badgers,Michigan State Spartans,fanduel,FanDuel,2026-09-29T20:34:20Z,2026-09-29T20:34:20Z,Wisconsin Badgers,-9.5,-118.0,2026,2026-09-29T20:34:46Z,1344,9.765269895235472,4.172655755028437,8.092614140207035,807aa80048d80e577104f04f9dc527bcbdecbac1e0bd777c98286ecfff8aeba7,timestamped_live_quote,FBS vs FBS
2026-09-29T20:34:46Z,575f5abb1af3a81091ac5a1cf1f5f927,2026-10-03T16:30:00Z,Wisconsin Badgers,Michigan State Spartans,draftkings,DraftKings,2026-09-29T20:34:00Z,2026-09-29T20:34:00Z,Michigan State Spartans,10.0,-108.0,2026,2026-09-29T20:34:46Z,1344,9.765269895235472,4.172655755028437,8.092614140207035,807aa80048d80e577104f04f9dc527bcbdecbac1e0bd777c98286ecfff8aeba7,timestamped_live_quote,FBS vs FBS
2026-09-29T20:34:46Z,575f5abb1af3a81091ac5a1cf1f5f927,2026-10-03T16:30:00Z,Wisconsin Badgers,Michigan State Spartans,draftkings,DraftKings,2026-09-29T20:34:00Z,2026-09-29T20:34:00Z,Wisconsin Badgers,-10.0,-112.0,2026,2026-09-29T20:34:46Z,1344,9.765269895235472,4.172655755028437,8.092614140207035,807aa80048d80e577104f04f9dc527bcbdecbac1e0bd777c98286ecfff8aeba7,timestamped_live_quote,FBS vs FBS
2026-09-29T20:34:46Z,575f5abb1af3a81091ac5a1cf1f5f927,2026-10-03T16:30:00Z,Wisconsin Badgers,Michigan State Spartans,betrivers,BetRivers,2026-09-29T20:34:19Z,2026-09-29T20:34:19Z,Michigan State Spartans,10.5,-113.0,2026,2026-09-29T20:34:46Z,1344,9.765269895235472,4.172655755028437,8.092614140207035,807aa80048d80e577104f04f9dc527bcbdecbac1e0bd777c98286ecfff8aeba7,timestamped_live_quote,FBS vs FBS
2026-09-29T20:34:46Z,575f5abb1af3a81091ac5a1cf1f5f927,2026-10-03T16:30:00Z,Wisconsin Badgers,Michigan State Spartans,betrivers,BetRivers,2026-09-29T20:34:19Z,2026-09-29T20:34:19Z,Wisconsin Badgers,-10.5,-110.0,2026,2026-09-29T20:34:46Z,1344,9.765269895235472,4.172655755028437,8.092614140207035,807aa80048d80e577104f04f9dc527bcbdecbac1e0bd777c98286ecfff8aeba7,timestamped_live_quote,FBS vs FBS
2026-09-29T20:34:46Z,575f5abb1af3a81091ac5a1cf1f5f927,2026-10-03T16:30:00Z,Wisconsin Badgers,Michigan State Spartans,betonlineag,BetOnline.ag,2026-09-29T20:34:16Z,2026-09-29T20:34:16Z,Michigan State Spartans,10.0,-110.0,2026,2026-09-29T20:34:46Z,1344,9.765269895235472,4.172655755028437,8.092614140207035,807aa80048d80e577104f04f9dc527bcbdecbac1e0bd777c98286ecfff8aeba7,timestamped_live_quote,FBS vs FBS
2026-09-29T20:34:46Z,575f5abb1af3a81091ac5a1cf1f5f927,2026-10-03T16:30:00Z,Wisconsin Badgers,Michigan State Spartans,betonlineag,BetOnline.ag,2026-09-29T20:34:16Z,2026-09-29T20:34:16Z,Wisconsin Badgers,-10.0,-110.0,2026,2026-09-29T20:34:46Z,1344,9.765269895235472,4.172655755028437,8.092614140207035,807aa80048d80e577104f04f9dc527bcbdecbac1e0bd777c98286ecfff8aeba7,timestamped_live_quote,FBS vs FBS
2026-09-29T20:34:46Z,575f5abb1af3a81091ac5a1cf1f5f927,2026-10-03T16:30:00Z,Wisconsin Badgers,Michigan State Spartans,lowvig,LowVig.ag,2026-09-29T20:33:39Z,2026-09-29T20:33:39Z,Michigan State Spartans,10.0,-106.0,2026,2026-09-29T20:34:46Z,1344,9.765269895235472,4.172655755028437,8.092614140207035,807aa80048d80e577104f04f9dc527bcbdecbac1e0bd777c98286ecfff8aeba7,timestamped_live_quote,FBS vs FBS
2026-09-29T20:34:46Z,575f5abb1af3a81091ac5a1cf1f5f927,2026-10-03T16:30:00Z,Wisconsin Badgers,Michigan State Spartans,lowvig,LowVig.ag,2026-09-29T20:33:39Z,2026-09-29T20:33:39Z,Wisconsin Badgers,-10.0,-106.0,2026,2026-09-29T20:34:46Z,1344,9.765269895235472,4.172655755028437,8.092614140207035,807aa80048d80e577104f04f9dc527bcbdecbac1e0bd777c98286ecfff8aeba7,timestamped_live_quote,FBS vs FBS
2026-09-29T20:34:46Z,575f5abb1af3a81091ac5a1cf1f5f927,2026-10-03T16:30:00Z,Wisconsin Badgers,Michigan State Spartans,mybookieag,MyBookie.ag,2026-09-29T20:33:40Z,2026-09-29T20:33:40Z,Michigan State Spartans,10.0,-110.0,2026,2026-09-29T20:34:46Z,1344,9.765269895235472,4.172655755028437,8.092614140207035,807aa80048d80e577104f04f9dc527bcbdecbac1e0bd777c98286ecfff8aeba7,timestamped_live_quote,FBS vs FBS
2026-09-29T20:34:46Z,575f5abb1af3a81091ac5a1cf1f5f927,2026-10-03T16:30:00Z,Wisconsin Badgers,Michigan State Spartans,mybookieag,MyBookie.ag,2026-09-29T20:33:40Z,2026-09-29T20:33:40Z,Wisconsin Badgers,-10.0,-110.0,2026,2026-09-29T20:34:46Z,1344,9.765269895235472,4.172655755028437,8.092614140207035,807aa80048d80e577104f04f9dc527bcbdecbac1e0bd777c98286ecfff8aeba7,timestamped_live_quote,FBS vs FBS
2026-09-29T20:34:46Z,575f5abb1af3a81091ac5a1cf1f5f927,2026-10-03T16:30:00Z,Wisconsin Badgers,Michigan State Spartans,betus,BetUS,2026-09-29T20:34:18Z,2026-09-29T20:34:18Z,Michigan State Spartans,10.0,-105.0,2026,2026-09-29T20:34:46Z,1344,9.765269895235472,4.172655755028437,8.092614140207035,807aa80048d80e577104f04f9dc527bcbdecbac1e0bd777c98286ecfff8aeba7,timestamped_live_quote,FBS vs FBS
2026-09-29T20:34:46Z,575f5abb1af3a81091ac5a1cf1f5f927,2026-10-03T16:30:00Z,Wisconsin Badgers,Michigan State Spartans,betus,BetUS,2026-09-29T20:34:18Z,2026-09-29T20:34:18Z,Wisconsin Badgers,-10.0,-115.0,2026,2026-09-29T20:34:46Z,1344,9.765269895235472,4.172655755028437,8.092614140207035,807aa80048d80e577104f04f9dc527bcbdecbac1e0bd777c98286ecfff8aeba7,timestamped_live_quote,FBS vs FBS
2026-09-29T20:34:46Z,575f5abb1af3a81091ac5a1cf1f5f927,2026-10-03T16:30:00Z,Wisconsin Badgers,Michigan State Spartans,betmgm,BetMGM,2026-09-29T20:34:33Z,2026-09-29T20:34:33Z,Michigan State Spartans,10.0,-110.0,2026,2026-09-29T20:34:46Z,1344,9.765269895235472,4.172655755028437,8.092614140207035,807aa80048d80e577104f04f9dc527bcbdecbac1e0bd777c98286ecfff8aeba7,timestamped_live_quote,FBS vs FBS
2026-09-29T20:34:46Z,575f5abb1af3a81091ac5a1cf1f5f927,2026-10-03T16:30:00Z,Wisconsin Badgers,Michigan State Spartans,betmgm,BetMGM,2026-09-29T20:34:33Z,2026-09-29T20:34:33Z,Wisconsin Badgers,-10.0,-108.0,2026,2026-09-29T20:34:46Z,1344,9.765269895235472,4.172655755028437,8.092614140207035,807aa80048d80e577104f04f9dc527bcbdecbac1e0bd777c98286ecfff8aeba7,timestamped_live_quote,FBS vs FBS
2026-09-29T20:34:46Z,575f5abb1af3a81091ac5a1cf1f5f927,2026-10-03T16:30:00Z,Wisconsin Badgers,Michigan State Spartans,bovada,Bovada,2026-09-29T20:33:33Z,2026-09-29T20:33:33Z,Michigan State Spartans,10.0,-105.0,2026,2026-09-29T20:34:46Z,1344,9.765269895235472,4.172655755028437,8.092614140207035,807aa80048d80e577104f04f9dc527bcbdecbac1e0bd777c98286ecfff8aeba7,timestamped_live_quote,FBS vs FBS
2026-09-29T20:34:46Z,575f5abb1af3a81091ac5a1cf1f5f927,2026-10-03T16:30:00Z,Wisconsin Badgers,Michigan State Spartans,bovada,Bovada,2026-09-29T20:33:33Z,2026-09-29T20:33:33Z,Wisconsin Badgers,-10.0,-115.0,2026,2026-09-29T20:34:46Z,1344,9.765269895235472,4.172655755028437,8.092614140207035,807aa80048d80e577104f04f9dc527bcbdecbac1e0bd777c98286ecfff8aeba7,timestamped_live_quote,FBS vs FBS
2026-09-29T20:34:46Z,46e1be6476ed577d1b5194b46b27c643,2026-10-03T16:45:00Z,Georgia Bulldogs,Vanderbilt Commodores,draftkings,DraftKings,2026-09-29T20:34:00Z,2026-09-29T20:34:00Z,Georgia Bulldogs,-24.5,-108.0,2026,2026-09-29T20:34:46Z,1344,19.670078309680225,6.083264807066827,16.086813502613396,807aa80048d80e577104f04f9dc527bcbdecbac1e0bd777c98286ecfff8aeba7,timestamped_live_quote,FBS vs FBS
2026-09-29T20:34:46Z,46e1be6476ed577d1b5194b46b27c643,2026-10-03T16:45:00Z,Georgia Bulldogs,Vanderbilt Commodores,draftkings,DraftKings,2026-09-29T20:34:00Z,2026-09-29T20:34:00Z,Vanderbilt Commodores,24.5,-112.0,2026,2026-09-29T20:34:46Z,1344,19.670078309680225,6.083264807066827,16.086813502613396,807aa80048d80e577104f04f9dc527bcbdecbac1e0bd777c98286ecfff8aeba7,timestamped_live_quote,FBS vs FBS
2026-09-29T20:34:46Z,46e1be6476ed577d1b5194b46b27c643,2026-10-03T16:45:00Z,Georgia Bulldogs,Vanderbilt Commodores,fanduel,FanDuel,2026-09-29T20:34:20Z,2026-09-29T20:34:19Z,Georgia Bulldogs,-24.5,-104.0,2026,2026-09-29T20:34:46Z,1344,19.670078309680225,6.083264807066827,16.086813502613396,807aa80048d80e577104f04f9dc527bcbdecbac1e0bd777c98286ecfff8aeba7,timestamped_live_quote,FBS vs FBS
2026-09-29T20:34:46Z,46e1be6476ed577d1b5194b46b27c643,2026-10-03T16:45:00Z,Georgia Bulldogs,Vanderbilt Commodores,fanduel,FanDuel,2026-09-29T20:34:20Z,2026-09-29T20:34:19Z,Vanderbilt Commodores,24.5,-118.0,2026,2026-09-29T20:34:46Z,1344,19.670078309680225,6.083264807066827,16.086813502613396,807aa80048d80e577104f04f9dc527bcbdecbac1e0bd777c98286ecfff8aeba7,timestamped_live_quote,FBS vs FBS
2026-09-29T20:34:46Z,46e1be6476ed577d1b5194b46b27c643,2026-10-03T16:45:00Z,Georgia Bulldogs,Vanderbilt Commodores,betrivers,BetRivers,2026-09-29T20:34:19Z,2026-09-29T20:34:19Z,Georgia Bulldogs,-24.0,-109.0,2026,2026-09-29T20:34:46Z,1344,19.670078309680225,6.083264807066827,16.086813502613396,807aa80048d80e577104f04f9dc527bcbdecbac1e0bd777c98286ecfff8aeba7,timestamped_live_quote,FBS vs FBS
2026-09-29T20:34:46Z,46e1be6476ed577d1b5194b46b27c643,2026-10-03T16:45:00Z,Georgia Bulldogs,Vanderbilt Commodores,betrivers,BetRivers,2026-09-29T20:34:19Z,2026-09-29T20:34:19Z,Vanderbilt Commodores,24.0,-114.0,2026,2026-09-29T20:34:46Z,1344,19.670078309680225,6.083264807066827,16.086813502613396,807aa80048d80e577104f04f9dc527bcbdecbac1e0bd777c98286ecfff8aeba7,timestamped_live_quote,FBS vs FBS
2026-09-29T20:34:46Z,46e1be6476ed577d1b5194b46b27c643,2026-10-03T16:45:00Z,Georgia Bulldogs,Vanderbilt Commodores,betonlineag,BetOnline.ag,2026-09-29T20:34:16Z,2026-09-29T20:34:16Z,Georgia Bulldogs,-24.0,-110.0,2026,2026-09-29T20:34:46Z,1344,19.670078309680225,6.083264807066827,16.086813502613396,807aa80048d80e577104f04f9dc527bcbdecbac1e0bd777c98286ecfff8aeba7,timestamped_live_quote,FBS vs FBS
2026-09-29T20:34:46Z,46e1be6476ed577d1b5194b46b27c643,2026-10-03T16:45:00Z,Georgia Bulldogs,Vanderbilt Commodores,betonlineag,BetOnline.ag,2026-09-29T20:34:16Z,2026-09-29T20:34:16Z,Vanderbilt Commodores,24.0,-110.0,2026,2026-09-29T20:34:46Z,1344,19.670078309680225,6.083264807066827,16.086813502613396,807aa80048d80e577104f04f9dc527bcbdecbac1e0bd777c98286ecfff8aeba7,timestamped_live_quote,FBS vs FBS
2026-09-29T20:34:46Z,46e1be6476ed577d1b5194b46b27c643,2026-10-03T16:45:00Z,Georgia Bulldogs,Vanderbilt Commodores,lowvig,LowVig.ag,2026-09-29T20:33:39Z,2026-09-29T20:33:39Z,Georgia Bulldogs,-24.0,-106.0,2026,2026-09-29T20:34:46Z,1344,19.670078309680225,6.083264807066827,16.086813502613396,807aa80048d80e577104f04f9dc527bcbdecbac1e0bd777c98286ecfff8aeba7,timestamped_live_quote,FBS vs FBS
2026-09-29T20:34:46Z,46e1be6476ed577d1b5194b46b27c643,2026-10-03T16:45:00Z,Georgia Bulldogs,Vanderbilt Commodores,lowvig,LowVig.ag,2026-09-29T20:33:39Z,2026-09-29T20:33:39Z,Vanderbilt Commodores,24.0,-106.0,2026,2026-09-29T20:34:46Z,1344,19.670078309680225,6.083264807066827,16.086813502613396,807aa80048d80e577104f04f9dc527bcbdecbac1e0bd777c98286ecfff8aeba7,timestamped_live_quote,FBS vs FBS
2026-09-29T20:34:46Z,46e1be6476ed577d1b5194b46b27c643,2026-10-03T16:45:00Z,Georgia Bulldogs,Vanderbilt Commodores,betmgm,BetMGM,2026-09-29T20:34:33Z,2026-09-29T20:34:33Z,Georgia Bulldogs,-24.0,-110.0,2026,2026-09-29T20:34:46Z,1344,19.670078309680225,6.083264807066827,16.086813502613396,807aa80048d80e577104f04f9dc527bcbdecbac1e0bd777c98286ecfff8aeba7,timestamped_live_quote,FBS vs FBS
2026-09-29T20:34:46Z,46e1be6476ed577d1b5194b46b27c643,2026-10-03T16:45:00Z,Georgia Bulldogs,Vanderbilt Commodores,betmgm,BetMGM,2026-09-29T20:34:33Z,2026-09-29T20:34:33Z,Vanderbilt Commodores,24.0,-108.0,2026,2026-09-29T20:34:46Z,1344,19.670078309680225,6.083264807066827,16.086813502613396,807aa80048d80e577104f04f9dc527bcbdecbac1e0bd777c98286ecfff8aeba7,timestamped_live_quote,FBS vs FBS
2026-09-29T20:34:46Z,46e1be6476ed577d1b5194b46b27c643,2026-10-03T16:45:00Z,Georgia Bulldogs,Vanderbilt Commodores,mybookieag,MyBookie.ag,2026-09-29T20:33:40Z,2026-09-29T20:33:40Z,Georgia Bulldogs,-24.5,-110.0,2026,2026-09-29T20:34:46Z,1344,19.670078309680225,6.083264807066827,16.086813502613396,807aa80048d80e577104f04f9dc527bcbdecbac1e0bd777c98286ecfff8aeba7,timestamped_live_quote,FBS vs FBS
2026-09-29T20:34:46Z,46e1be6476ed577d1b5194b46b27c643,2026-10-03T16:45:00Z,Georgia Bulldogs,Vanderbilt Commodores,mybookieag,MyBookie.ag,2026-09-29T20:33:40Z,2026-09-29T20:33:40Z,Vanderbilt Commodores,24.5,-110.0,2026,2026-09-29T20:34:46Z,1344,19.670078309680225,6.083264807066827,16.086813502613396,807aa80048d80e577104f04f9dc527bcbdecbac1e0bd777c98286ecfff8aeba7,timestamped_live_quote,FBS vs FBS
2026-09-29T20:34:46Z,46e1be6476ed577d1b5194b46b27c643,2026-10-03T16:45:00Z,Georgia Bulldogs,Vanderbilt Commodores,betus,BetUS,2026-09-29T20:34:18Z,2026-09-29T20:34:18Z,Georgia Bulldogs,-24.5,-110.0,2026,2026-09-29T20:34:46Z,1344,19.670078309680225,6.083264807066827,16.086813502613396,807aa80048d80e577104f04f9dc527bcbdecbac1e0bd777c98286ecfff8aeba7,timestamped_live_quote,FBS vs FBS
2026-09-29T20:34:46Z,46e1be6476ed577d1b5194b46b27c643,2026-10-03T16:45:00Z,Georgia Bulldogs,Vanderbilt Commodores,betus,BetUS,2026-09-29T20:34:18Z,2026-09-29T20:34:18Z,Vanderbilt Commodores,24.5,-110.0,2026,2026-09-29T20:34:46Z,1344,19.670078309680225,6.083264807066827,16.086813502613396,807aa80048d80e577104f04f9dc527bcbdecbac1e0bd777c98286ecfff8aeba7,timestamped_live_quote,FBS vs FBS
2026-09-29T20:34:46Z,46e1be6476ed577d1b5194b46b27c643,2026-10-03T16:45:00Z,Georgia Bulldogs,Vanderbilt Commodores,bovada,Bovada,2026-09-29T20:33:33Z,2026-09-29T20:33:33Z,Georgia Bulldogs,-23.5,-115.0,2026,2026-09-29T20:34:46Z,1344,19.670078309680225,6.083264807066827,16.086813502613396,807aa80048d80e577104f04f9dc527bcbdecbac1e0bd777c98286ecfff8aeba7,timestamped_live_quote,FBS vs FBS
2026-09-29T20:34:46Z,46e1be6476ed577d1b5194b46b27c643,2026-10-03T16:45:00Z,Georgia Bulldogs,Vanderbilt Commodores,bovada,Bovada,2026-09-29T20:33:33Z,2026-09-29T20:33:33Z,Vanderbilt Commodores,23.5,-105.0,2026,2026-09-29T20:34:46Z,1344,19.670078309680225,6.083264807066827,16.086813502613396,807aa80048d80e577104f04f9dc527bcbdecbac1e0bd777c98286ecfff8aeba7,timestamped_live_quote,FBS vs FBS
2026-09-29T20:34:46Z,031ad65ec032d459cda2cee30378e4a4,2026-10-03T17:00:00Z,Buffalo Bulls,Western Michigan Broncos,draftkings,DraftKings,2026-09-29T20:34:00Z,2026-09-29T20:34:00Z,Buffalo Bulls,13.5,-108.0,2026,2026-09-29T20:34:46Z,1344,-4.999704415630837,3.2442316063219843,-5.7439360219528215,807aa80048d80e577104f04f9dc527bcbdecbac1e0bd777c98286ecfff8aeba7,timestamped_live_quote,FBS vs FBS
2026-09-29T20:34:46Z,031ad65ec032d459cda2cee30378e4a4,2026-10-03T17:00:00Z,Buffalo Bulls,Western Michigan Broncos,draftkings,DraftKings,2026-09-29T20:34:00Z,2026-09-29T20:34:00Z,Western Michigan Broncos,-13.5,-112.0,2026,2026-09-29T20:34:46Z,1344,-4.999704415630837,3.2442316063219843,-5.7439360219528215,807aa80048d80e577104f04f9dc527bcbdecbac1e0bd777c98286ecfff8aeba7,timestamped_live_quote,FBS vs FBS
2026-09-29T20:34:46Z,031ad65ec032d459cda2cee30378e4a4,2026-10-03T17:00:00Z,Buffalo Bulls,Western Michigan Broncos,lowvig,LowVig.ag,2026-09-29T20:33:39Z,2026-09-29T20:33:39Z,Buffalo Bulls,13.5,-106.0,2026,2026-09-29T20:34:46Z,1344,-4.999704415630837,3.2442316063219843,-5.7439360219528215,807aa80048d80e577104f04f9dc527bcbdecbac1e0bd777c98286ecfff8aeba7,timestamped_live_quote,FBS vs FBS
2026-09-29T20:34:46Z,031ad65ec032d459cda2cee30378e4a4,2026-10-03T17:00:00Z,Buffalo Bulls,Western Michigan Broncos,lowvig,LowVig.ag,2026-09-29T20:33:39Z,2026-09-29T20:33:39Z,Western Michigan Broncos,-13.5,-106.0,2026,2026-09-29T20:34:46Z,1344,-4.999704415630837,3.2442316063219843,-5.7439360219528215,807aa80048d80e577104f04f9dc527bcbdecbac1e0bd777c98286ecfff8aeba7,timestamped_live_quote,FBS vs FBS
2026-09-29T20:34:46Z,031ad65ec032d459cda2cee30378e4a4,2026-10-03T17:00:00Z,Buffalo Bulls,Western Michigan Broncos,betonlineag,BetOnline.ag,2026-09-29T20:34:16Z,2026-09-29T20:34:16Z,Buffalo Bulls,13.5,-110.0,2026,2026-09-29T20:34:46Z,1344,-4.999704415630837,3.2442316063219843,-5.7439360219528215,807aa80048d80e577104f04f9dc527bcbdecbac1e0bd777c98286ecfff8aeba7,timestamped_live_quote,FBS vs FBS
2026-09-29T20:34:46Z,031ad65ec032d459cda2cee30378e4a4,2026-10-03T17:00:00Z,Buffalo Bulls,Western Michigan Broncos,betonlineag,BetOnline.ag,2026-09-29T20:34:16Z,2026-09-29T20:34:16Z,Western Michigan Broncos,-13.5,-110.0,2026,2026-09-29T20:34:46Z,1344,-4.999704415630837,3.2442316063219843,-5.7439360219528215,807aa80048d80e577104f04f9dc527bcbdecbac1e0bd777c98286ecfff8aeba7,timestamped_live_quote,FBS vs FBS
2026-09-29T20:34:46Z,031ad65ec032d459cda2cee30378e4a4,2026-10-03T17:00:00Z,Buffalo Bulls,Western Michigan Broncos,fanduel,FanDuel,2026-09-29T20:34:20Z,2026-09-29T20:34:20Z,Buffalo Bulls,13.5,-108.0,2026,2026-09-29T20:34:46Z,1344,-4.999704415630837,3.2442316063219843,-5.7439360219528215,807aa80048d80e577104f04f9dc527bcbdecbac1e0bd777c98286ecfff8aeba7,timestamped_live_quote,FBS vs FBS
2026-09-29T20:34:46Z,031ad65ec032d459cda2cee30378e4a4,2026-10-03T17:00:00Z,Buffalo Bulls,Western Michigan Broncos,fanduel,FanDuel,2026-09-29T20:34:20Z,2026-09-29T20:34:20Z,Western Michigan Broncos,-13.5,-112.0,2026,2026-09-29T20:34:46Z,1344,-4.999704415630837,3.2442316063219843,-5.7439360219528215,807aa80048d80e577104f04f9dc527bcbdecbac1e0bd777c98286ecfff8aeba7,timestamped_live_quote,FBS vs FBS
2026-09-29T20:34:46Z,031ad65ec032d459cda2cee30378e4a4,2026-10-03T17:00:00Z,Buffalo Bulls,Western Michigan Broncos,mybookieag,MyBookie.ag,2026-09-29T20:33:40Z,2026-09-29T20:33:40Z,Buffalo Bulls,13.5,-110.0,2026,2026-09-29T20:34:46Z,1344,-4.999704415630837,3.2442316063219843,-5.7439360219528215,807aa80048d80e577104f04f9dc527bcbdecbac1e0bd777c98286ecfff8aeba7,timestamped_live_quote,FBS vs FBS
2026-09-29T20:34:46Z,031ad65ec032d459cda2cee30378e4a4,2026-10-03T17:00:00Z,Buffalo Bulls,Western Michigan Broncos,mybookieag,MyBookie.ag,2026-09-29T20:33:40Z,2026-09-29T20:33:40Z,Western Michigan Broncos,-13.5,-110.0,2026,2026-09-29T20:34:46Z,1344,-4.999704415630837,3.2442316063219843,-5.7439360219528215,807aa80048d80e577104f04f9dc527bcbdecbac1e0bd777c98286ecfff8aeba7,timestamped_live_quote,FBS vs FBS
2026-09-29T20:34:46Z,031ad65ec032d459cda2cee30378e4a4,2026-10-03T17:00:00Z,Buffalo Bulls,Western Michigan Broncos,betus,BetUS,2026-09-29T20:34:18Z,2026-09-29T20:34:18Z,Buffalo Bulls,13.5,-110.0,2026,2026-09-29T20:34:46Z,1344,-4.999704415630837,3.2442316063219843,-5.7439360219528215,807aa80048d80e577104f04f9dc527bcbdecbac1e0bd777c98286ecfff8aeba7,timestamped_live_quote,FBS vs FBS
2026-09-29T20:34:46Z,031ad65ec032d459cda2cee30378e4a4,2026-10-03T17:00:00Z,Buffalo Bulls,Western Michigan Broncos,betus,BetUS,2026-09-29T20:34:18Z,2026-09-29T20:34:18Z,Western Michigan Broncos,-13.5,-110.0,2026,2026-09-29T20:34:46Z,1344,-4.999704415630837,3.2442316063219843,-5.7439360219528215,807aa80048d80e577104f04f9dc527bcbdecbac1e0bd777c98286ecfff8aeba7,timestamped_live_quote,FBS vs FBS
2026-09-29T20:34:46Z,031ad65ec032d459cda2cee30378e4a4,2026-10-03T17:00:00Z,Buffalo Bulls,Western Michigan Broncos,betmgm,BetMGM,2026-09-29T20:34:33Z,2026-09-29T20:34:33Z,Buffalo Bulls,13.5,-105.0,2026,2026-09-29T20:34:46Z,1344,-4.999704415630837,3.2442316063219843,-5.7439360219528215,807aa80048d80e577104f04f9dc527bcbdecbac1e0bd777c98286ecfff8aeba7,timestamped_live_quote,FBS vs FBS
2026-09-29T20:34:46Z,031ad65ec032d459cda2cee30378e4a4,2026-10-03T17:00:00Z,Buffalo Bulls,Western Michigan Broncos,betmgm,BetMGM,2026-09-29T20:34:33Z,2026-09-29T20:34:33Z,Western Michigan Broncos,-13.5,-112.0,2026,2026-09-29T20:34:46Z,1344,-4.999704415630837,3.2442316063219843,-5.7439360219528215,807aa80048d80e577104f04f9dc527bcbdecbac1e0bd777c98286ecfff8aeba7,timestamped_live_quote,FBS vs FBS
2026-09-29T20:34:46Z,031ad65ec032d459cda2cee30378e4a4,2026-10-03T17:00:00Z,Buffalo Bulls,Western Michigan Broncos,betrivers,BetRivers,2026-09-29T20:34:19Z,2026-09-29T20:34:19Z,Buffalo Bulls,14.0,-117.0,2026,2026-09-29T20:34:46Z,1344,-4.999704415630837,3.2442316063219843,-5.7439360219528215,807aa80048d80e577104f04f9dc527bcbdecbac1e0bd777c98286ecfff8aeba7,timestamped_live_quote,FBS vs FBS
2026-09-29T20:34:46Z,031ad65ec032d459cda2cee30378e4a4,2026-10-03T17:00:00Z,Buffalo Bulls,Western Michigan Broncos,betrivers,BetRivers,2026-09-29T20:34:19Z,2026-09-29T20:34:19Z,Western Michigan Broncos,-14.0,-107.0,2026,2026-09-29T20:34:46Z,1344,-4.999704415630837,3.2442316063219843,-5.7439360219528215,807aa80048d80e577104f04f9dc527bcbdecbac1e0bd777c98286ecfff8aeba7,timestamped_live_quote,FBS vs FBS
2026-09-29T20:34:46Z,031ad65ec032d459cda2cee30378e4a4,2026-10-03T17:00:00Z,Buffalo Bulls,Western Michigan Broncos,bovada,Bovada,2026-09-29T20:33:33Z,2026-09-29T20:33:33Z,Buffalo Bulls,13.5,-110.0,2026,2026-09-29T20:34:46Z,1344,-4.999704415630837,3.2442316063219843,-5.7439360219528215,807aa80048d80e577104f04f9dc527bcbdecbac1e0bd777c98286ecfff8aeba7,timestamped_live_quote,FBS vs FBS
2026-09-29T20:34:46Z,031ad65ec032d459cda2cee30378e4a4,2026-10-03T17:00:00Z,Buffalo Bulls,Western Michigan Broncos,bovada,Bovada,2026-09-29T20:33:33Z,2026-09-29T20:33:33Z,Western Michigan Broncos,-13.5,-110.0,2026,2026-09-29T20:34:46Z,1344,-4.999704415630837,3.2442316063219843,-5.7439360219528215,807aa80048d80e577104f04f9dc527bcbdecbac1e0bd777c98286ecfff8aeba7,timestamped_live_quote,FBS vs FBS
2026-09-29T20:34:46Z,c3437a49d4efdbca5669e7edfb5af569,2026-10-03T18:00:00Z,Ball State Cardinals,Toledo Rockets,fanduel,FanDuel,2026-09-29T20:34:20Z,2026-09-29T20:34:20Z,Ball State Cardinals,19.5,-108.0,2026,2026-09-29T20:34:46Z,1344,-7.295338702438829,7.680776403009596,-12.476115105448425,807aa80048d80e577104f04f9dc527bcbdecbac1e0bd777c98286ecfff8aeba7,timestamped_live_quote,FBS vs FBS
2026-09-29T20:34:46Z,c3437a49d4efdbca5669e7edfb5af569,2026-10-03T18:00:00Z,Ball State Cardinals,Toledo Rockets,fanduel,FanDuel,2026-09-29T20:34:20Z,2026-09-29T20:34:20Z,Toledo Rockets,-19.5,-112.0,2026,2026-09-29T20:34:46Z,1344,-7.295338702438829,7.680776403009596,-12.476115105448425,807aa80048d80e577104f04f9dc527bcbdecbac1e0bd777c98286ecfff8aeba7,timestamped_live_quote,FBS vs FBS
2026-09-29T20:34:46Z,c3437a49d4efdbca5669e7edfb5af569,2026-10-03T18:00:00Z,Ball State Cardinals,Toledo Rockets,betrivers,BetRivers,2026-09-29T20:34:19Z,2026-09-29T20:34:19Z,Ball State Cardinals,19.5,-110.0,2026,2026-09-29T20:34:46Z,1344,-7.295338702438829,7.680776403009596,-12.476115105448425,807aa80048d80e577104f04f9dc527bcbdecbac1e0bd777c98286ecfff8aeba7,timestamped_live_quote,FBS vs FBS
2026-09-29T20:34:46Z,c3437a49d4efdbca5669e7edfb5af569,2026-10-03T18:00:00Z,Ball State Cardinals,Toledo Rockets,betrivers,BetRivers,2026-09-29T20:34:19Z,2026-09-29T20:34:19Z,Toledo Rockets,-19.5,-113.0,2026,2026-09-29T20:34:46Z,1344,-7.295338702438829,7.680776403009596,-12.476115105448425,807aa80048d80e577104f04f9dc527bcbdecbac1e0bd777c98286ecfff8aeba7,timestamped_live_quote,FBS vs FBS
2026-09-29T20:34:46Z,c3437a49d4efdbca5669e7edfb5af569,2026-10-03T18:00:00Z,Ball State Cardinals,Toledo Rockets,draftkings,DraftKings,2026-09-29T20:34:00Z,2026-09-29T20:34:00Z,Ball State Cardinals,19.5,-112.0,2026,2026-09-29T20:34:46Z,1344,-7.295338702438829,7.680776403009596,-12.476115105448425,807aa80048d80e577104f04f9dc527bcbdecbac1e0bd777c98286ecfff8aeba7,timestamped_live_quote,FBS vs FBS
2026-09-29T20:34:46Z,c3437a49d4efdbca5669e7edfb5af569,2026-10-03T18:00:00Z,Ball State Cardinals,Toledo Rockets,draftkings,DraftKings,2026-09-29T20:34:00Z,2026-09-29T20:34:00Z,Toledo Rockets,-19.5,-108.0,2026,2026-09-29T20:34:46Z,1344,-7.295338702438829,7.680776403009596,-12.476115105448425,807aa80048d80e577104f04f9dc527bcbdecbac1e0bd777c98286ecfff8aeba7,timestamped_live_quote,FBS vs FBS
2026-09-29T20:34:46Z,c3437a49d4efdbca5669e7edfb5af569,2026-10-03T18:00:00Z,Ball State Cardinals,Toledo Rockets,betonlineag,BetOnline.ag,2026-09-29T20:34:16Z,2026-09-29T20:34:16Z,Ball State Cardinals,19.5,-110.0,2026,2026-09-29T20:34:46Z,1344,-7.295338702438829,7.680776403009596,-12.476115105448425,807aa80048d80e577104f04f9dc527bcbdecbac1e0bd777c98286ecfff8aeba7,timestamped_live_quote,FBS vs FBS
2026-09-29T20:34:46Z,c3437a49d4efdbca5669e7edfb5af569,2026-10-03T18:00:00Z,Ball State Cardinals,Toledo Rockets,betonlineag,BetOnline.ag,2026-09-29T20:34:16Z,2026-09-29T20:34:16Z,Toledo Rockets,-19.5,-110.0,2026,2026-09-29T20:34:46Z,1344,-7.295338702438829,7.680776403009596,-12.476115105448425,807aa80048d80e577104f04f9dc527bcbdecbac1e0bd777c98286ecfff8aeba7,timestamped_live_quote,FBS vs FBS
2026-09-29T20:34:46Z,c3437a49d4efdbca5669e7edfb5af569,2026-10-03T18:00:00Z,Ball State Cardinals,Toledo Rockets,lowvig,LowVig.ag,2026-09-29T20:33:39Z,2026-09-29T20:33:39Z,Ball State Cardinals,19.5,-106.0,2026,2026-09-29T20:34:46Z,1344,-7.295338702438829,7.680776403009596,-12.476115105448425,807aa80048d80e577104f04f9dc527bcbdecbac1e0bd777c98286ecfff8aeba7,timestamped_live_quote,FBS vs FBS
2026-09-29T20:34:46Z,c3437a49d4efdbca5669e7edfb5af569,2026-10-03T18:00:00Z,Ball State Cardinals,Toledo Rockets,lowvig,LowVig.ag,2026-09-29T20:33:39Z,2026-09-29T20:33:39Z,Toledo Rockets,-19.5,-106.0,2026,2026-09-29T20:34:46Z,1344,-7.295338702438829,7.680776403009596,-12.476115105448425,807aa80048d80e577104f04f9dc527bcbdecbac1e0bd777c98286ecfff8aeba7,timestamped_live_quote,FBS vs FBS
2026-09-29T20:34:46Z,c3437a49d4efdbca5669e7edfb5af569,2026-10-03T18:00:00Z,Ball State Cardinals,Toledo Rockets,betmgm,BetMGM,2026-09-29T20:34:33Z,2026-09-29T20:34:33Z,Ball State Cardinals,19.5,-110.0,2026,2026-09-29T20:34:46Z,1344,-7.295338702438829,7.680776403009596,-12.476115105448425,807aa80048d80e577104f04f9dc527bcbdecbac1e0bd777c98286ecfff8aeba7,timestamped_live_quote,FBS vs FBS
2026-09-29T20:34:46Z,c3437a49d4efdbca5669e7edfb5af569,2026-10-03T18:00:00Z,Ball State Cardinals,Toledo Rockets,betmgm,BetMGM,2026-09-29T20:34:33Z,2026-09-29T20:34:33Z,Toledo Rockets,-19.5,-108.0,2026,2026-09-29T20:34:46Z,1344,-7.295338702438829,7.680776403009596,-12.476115105448425,807aa80048d80e577104f04f9dc527bcbdecbac1e0bd777c98286ecfff8aeba7,timestamped_live_quote,FBS vs FBS
2026-09-29T20:34:46Z,c3437a49d4efdbca5669e7edfb5af569,2026-10-03T18:00:00Z,Ball State Cardinals,Toledo Rockets,mybookieag,MyBookie.ag,2026-09-29T20:33:40Z,2026-09-29T20:33:40Z,Ball State Cardinals,19.5,-110.0,2026,2026-09-29T20:34:46Z,1344,-7.295338702438829,7.680776403009596,-12.476115105448425,807aa80048d80e577104f04f9dc527bcbdecbac1e0bd777c98286ecfff8aeba7,timestamped_live_quote,FBS vs FBS
2026-09-29T20:34:46Z,c3437a49d4efdbca5669e7edfb5af569,2026-10-03T18:00:00Z,Ball State Cardinals,Toledo Rockets,mybookieag,MyBookie.ag,2026-09-29T20:33:40Z,2026-09-29T20:33:40Z,Toledo Rockets,-19.5,-110.0,2026,2026-09-29T20:34:46Z,1344,-7.295338702438829,7.680776403009596,-12.476115105448425,807aa80048d80e577104f04f9dc527bcbdecbac1e0bd777c98286ecfff8aeba7,timestamped_live_quote,FBS vs FBS
2026-09-29T20:34:46Z,c3437a49d4efdbca5669e7edfb5af569,2026-10-03T18:00:00Z,Ball State Cardinals,Toledo Rockets,betus,BetUS,2026-09-29T20:34:18Z,2026-09-29T20:34:18Z,Ball State Cardinals,19.5,-110.0,2026,2026-09-29T20:34:46Z,1344,-7.295338702438829,7.680776403009596,-12.476115105448425,807aa80048d80e577104f04f9dc527bcbdecbac1e0bd777c98286ecfff8aeba7,timestamped_live_quote,FBS vs FBS
2026-09-29T20:34:46Z,c3437a49d4efdbca5669e7edfb5af569,2026-10-03T18:00:00Z,Ball State Cardinals,Toledo Rockets,betus,BetUS,2026-09-29T20:34:18Z,2026-09-29T20:34:18Z,Toledo Rockets,-19.5,-110.0,2026,2026-09-29T20:34:46Z,1344,-7.295338702438829,7.680776403009596,-12.476115105448425,807aa80048d80e577104f04f9dc527bcbdecbac1e0bd777c98286ecfff8aeba7,timestamped_live_quote,FBS vs FBS
2026-09-29T20:34:46Z,c3437a49d4efdbca5669e7edfb5af569,2026-10-03T18:00:00Z,Ball State Cardinals,Toledo Rockets,bovada,Bovada,2026-09-29T20:33:33Z,2026-09-29T20:33:33Z,Ball State Cardinals,19.5,-110.0,2026,2026-09-29T20:34:46Z,1344,-7.295338702438829,7.680776403009596,-12.476115105448425,807aa80048d80e577104f04f9dc527bcbdecbac1e0bd777c98286ecfff8aeba7,timestamped_live_quote,FBS vs FBS
2026-09-29T20:34:46Z,c3437a49d4efdbca5669e7edfb5af569,2026-10-03T18:00:00Z,Ball State Cardinals,Toledo Rockets,bovada,Bovada,2026-09-29T20:33:33Z,2026-09-29T20:33:33Z,Toledo Rockets,-19.5,-110.0,2026,2026-09-29T20:34:46Z,1344,-7.295338702438829,7.680776403009596,-12.476115105448425,807aa80048d80e577104f04f9dc527bcbdecbac1e0bd777c98286ecfff8aeba7,timestamped_live_quote,FBS vs FBS
2026-09-29T20:34:46Z,afbc95d529430ef9797b428b2a9db1ab,2026-10-03T19:30:00Z,Central Michigan Chippewas,Akron Zips,fanduel,FanDuel,2026-09-29T20:34:20Z,2026-09-29T20:34:20Z,Akron Zips,6.5,-110.0,2026,2026-09-29T20:34:46Z,1344,-3.7993499695998407,-4.808318895585516,3.508968925985675,807aa80048d80e577104f04f9dc527bcbdecbac1e0bd777c98286ecfff8aeba7,timestamped_live_quote,FBS vs FBS
2026-09-29T20:34:46Z,afbc95d529430ef9797b428b2a9db1ab,2026-10-03T19:30:00Z,Central Michigan Chippewas,Akron Zips,fanduel,FanDuel,2026-09-29T20:34:20Z,2026-09-29T20:34:20Z,Central Michigan Chippewas,-6.5,-110.0,2026,2026-09-29T20:34:46Z,1344,-3.7993499695998407,-4.808318895585516,3.508968925985675,807aa80048d80e577104f04f9dc527bcbdecbac1e0bd777c98286ecfff8aeba7,timestamped_live_quote,FBS vs FBS
2026-09-29T20:34:46Z,afbc95d529430ef9797b428b2a9db1ab,2026-10-03T19:30:00Z,Central Michigan Chippewas,Akron Zips,betrivers,BetRivers,2026-09-29T20:34:19Z,2026-09-29T20:34:19Z,Akron Zips,6.5,-114.0,2026,2026-09-29T20:34:46Z,1344,-3.7993499695998407,-4.808318895585516,3.508968925985675,807aa80048d80e577104f04f9dc527bcbdecbac1e0bd777c98286ecfff8aeba7,timestamped_live_quote,FBS vs FBS
2026-09-29T20:34:46Z,afbc95d529430ef9797b428b2a9db1ab,2026-10-03T19:30:00Z,Central Michigan Chippewas,Akron Zips,betrivers,BetRivers,2026-09-29T20:34:19Z,2026-09-29T20:34:19Z,Central Michigan Chippewas,-6.5,-109.0,2026,2026-09-29T20:34:46Z,1344,-3.7993499695998407,-4.808318895585516,3.508968925985675,807aa80048d80e577104f04f9dc527bcbdecbac1e0bd777c98286ecfff8aeba7,timestamped_live_quote,FBS vs FBS
2026-09-29T20:34:46Z,afbc95d529430ef9797b428b2a9db1ab,2026-10-03T19:30:00Z,Central Michigan Chippewas,Akron Zips,draftkings,DraftKings,2026-09-29T20:34:00Z,2026-09-29T20:34:00Z,Akron Zips,6.5,-108.0,2026,2026-09-29T20:34:46Z,1344,-3.7993499695998407,-4.808318895585516,3.508968925985675,807aa80048d80e577104f04f9dc527bcbdecbac1e0bd777c98286ecfff8aeba7,timestamped_live_quote,FBS vs FBS
2026-09-29T20:34:46Z,afbc95d529430ef9797b428b2a9db1ab,2026-10-03T19:30:00Z,Central Michigan Chippewas,Akron Zips,draftkings,DraftKings,2026-09-29T20:34:00Z,2026-09-29T20:34:00Z,Central Michigan Chippewas,-6.5,-112.0,2026,2026-09-29T20:34:46Z,1344,-3.7993499695998407,-4.808318895585516,3.508968925985675,807aa80048d80e577104f04f9dc527bcbdecbac1e0bd777c98286ecfff8aeba7,timestamped_live_quote,FBS vs FBS
2026-09-29T20:34:46Z,afbc95d529430ef9797b428b2a9db1ab,2026-10-03T19:30:00Z,Central Michigan Chippewas,Akron Zips,lowvig,LowVig.ag,2026-09-29T20:33:39Z,2026-09-29T20:33:39Z,Akron Zips,6.5,-103.0,2026,2026-09-29T20:34:46Z,1344,-3.7993499695998407,-4.808318895585516,3.508968925985675,807aa80048d80e577104f04f9dc527bcbdecbac1e0bd777c98286ecfff8aeba7,timestamped_live_quote,FBS vs FBS
2026-09-29T20:34:46Z,afbc95d529430ef9797b428b2a9db1ab,2026-10-03T19:30:00Z,Central Michigan Chippewas,Akron Zips,lowvig,LowVig.ag,2026-09-29T20:33:39Z,2026-09-29T20:33:39Z,Central Michigan Chippewas,-6.5,-109.0,2026,2026-09-29T20:34:46Z,1344,-3.7993499695998407,-4.808318895585516,3.508968925985675,807aa80048d80e577104f04f9dc527bcbdecbac1e0bd777c98286ecfff8aeba7,timestamped_live_quote,FBS vs FBS
2026-09-29T20:34:46Z,afbc95d529430ef9797b428b2a9db1ab,2026-10-03T19:30:00Z,Central Michigan Chippewas,Akron Zips,betonlineag,BetOnline.ag,2026-09-29T20:34:16Z,2026-09-29T20:34:16Z,Akron Zips,6.5,-107.0,2026,2026-09-29T20:34:46Z,1344,-3.7993499695998407,-4.808318895585516,3.508968925985675,807aa80048d80e577104f04f9dc527bcbdecbac1e0bd777c98286ecfff8aeba7,timestamped_live_quote,FBS vs FBS
2026-09-29T20:34:46Z,afbc95d529430ef9797b428b2a9db1ab,2026-10-03T19:30:00Z,Central Michigan Chippewas,Akron Zips,betonlineag,BetOnline.ag,2026-09-29T20:34:16Z,2026-09-29T20:34:16Z,Central Michigan Chippewas,-6.5,-113.0,2026,2026-09-29T20:34:46Z,1344,-3.7993499695998407,-4.808318895585516,3.508968925985675,807aa80048d80e577104f04f9dc527bcbdecbac1e0bd777c98286ecfff8aeba7,timestamped_live_quote,FBS vs FBS
2026-09-29T20:34:46Z,afbc95d529430ef9797b428b2a9db1ab,2026-10-03T19:30:00Z,Central Michigan Chippewas,Akron Zips,mybookieag,MyBookie.ag,2026-09-29T20:33:40Z,2026-09-29T20:33:40Z,Akron Zips,6.5,-110.0,2026,2026-09-29T20:34:46Z,1344,-3.7993499695998407,-4.808318895585516,3.508968925985675,807aa80048d80e577104f04f9dc527bcbdecbac1e0bd777c98286ecfff8aeba7,timestamped_live_quote,FBS vs FBS
2026-09-29T20:34:46Z,afbc95d529430ef9797b428b2a9db1ab,2026-10-03T19:30:00Z,Central Michigan Chippewas,Akron Zips,mybookieag,MyBookie.ag,2026-09-29T20:33:40Z,2026-09-29T20:33:40Z,Central Michigan Chippewas,-6.5,-110.0,2026,2026-09-29T20:34:46Z,1344,-3.7993499695998407,-4.808318895585516,3.508968925985675,807aa80048d80e577104f04f9dc527bcbdecbac1e0bd777c98286ecfff8aeba7,timestamped_live_quote,FBS vs FBS
2026-09-29T20:34:46Z,afbc95d529430ef9797b428b2a9db1ab,2026-10-03T19:30:00Z,Central Michigan Chippewas,Akron Zips,betmgm,BetMGM,2026-09-29T20:34:33Z,2026-09-29T20:34:33Z,Akron Zips,6.5,-108.0,2026,2026-09-29T20:34:46Z,1344,-3.7993499695998407,-4.808318895585516,3.508968925985675,807aa80048d80e577104f04f9dc527bcbdecbac1e0bd777c98286ecfff8aeba7,timestamped_live_quote,FBS vs FBS
2026-09-29T20:34:46Z,afbc95d529430ef9797b428b2a9db1ab,2026-10-03T19:30:00Z,Central Michigan Chippewas,Akron Zips,betmgm,BetMGM,2026-09-29T20:34:33Z,2026-09-29T20:34:33Z,Central Michigan Chippewas,-6.5,-110.0,2026,2026-09-29T20:34:46Z,1344,-3.7993499695998407,-4.808318895585516,3.508968925985675,807aa80048d80e577104f04f9dc527bcbdecbac1e0bd777c98286ecfff8aeba7,timestamped_live_quote,FBS vs FBS
2026-09-29T20:34:46Z,afbc95d529430ef9797b428b2a9db1ab,2026-10-03T19:30:00Z,Central Michigan Chippewas,Akron Zips,betus,BetUS,2026-09-29T20:34:18Z,2026-09-29T20:34:18Z,Akron Zips,6.5,-105.0,2026,2026-09-29T20:34:46Z,1344,-3.7993499695998407,-4.808318895585516,3.508968925985675,807aa80048d80e577104f04f9dc527bcbdecbac1e0bd777c98286ecfff8aeba7,timestamped_live_quote,FBS vs FBS
2026-09-29T20:34:46Z,afbc95d529430ef9797b428b2a9db1ab,2026-10-03T19:30:00Z,Central Michigan Chippewas,Akron Zips,betus,BetUS,2026-09-29T20:34:18Z,2026-09-29T20:34:18Z,Central Michigan Chippewas,-6.5,-115.0,2026,2026-09-29T20:34:46Z,1344,-3.7993499695998407,-4.808318895585516,3.508968925985675,807aa80048d80e577104f04f9dc527bcbdecbac1e0bd777c98286ecfff8aeba7,timestamped_live_quote,FBS vs FBS
2026-09-29T20:34:46Z,afbc95d529430ef9797b428b2a9db1ab,2026-10-03T19:30:00Z,Central Michigan Chippewas,Akron Zips,bovada,Bovada,2026-09-29T20:33:33Z,2026-09-29T20:33:33Z,Akron Zips,6.5,-105.0,2026,2026-09-29T20:34:46Z,1344,-3.7993499695998407,-4.808318895585516,3.508968925985675,807aa80048d80e577104f04f9dc527bcbdecbac1e0bd777c98286ecfff8aeba7,timestamped_live_quote,FBS vs FBS
2026-09-29T20:34:46Z,afbc95d529430ef9797b428b2a9db1ab,2026-10-03T19:30:00Z,Central Michigan Chippewas,Akron Zips,bovada,Bovada,2026-09-29T20:33:33Z,2026-09-29T20:33:33Z,Central Michigan Chippewas,-6.5,-115.0,2026,2026-09-29T20:34:46Z,1344,-3.7993499695998407,-4.808318895585516,3.508968925985675,807aa80048d80e577104f04f9dc527bcbdecbac1e0bd777c98286ecfff8aeba7,timestamped_live_quote,FBS vs FBS
2026-09-29T20:34:46Z,f2defdeeb6cb3aa4a86b01a7a5b1ece4,2026-10-03T19:30:00Z,Tennessee Volunteers,Auburn Tigers,draftkings,DraftKings,2026-09-29T20:34:00Z,2026-09-29T20:34:00Z,Auburn Tigers,7.0,-108.0,2026,2026-09-29T20:34:46Z,1344,13.890528683212763,7.206044934251761,9.184483748961002,807aa80048d80e577104f04f9dc527bcbdecbac1e0bd777c98286ecfff8aeba7,timestamped_live_quote,FBS vs FBS
2026-09-29T20:34:46Z,f2defdeeb6cb3aa4a86b01a7a5b1ece4,2026-10-03T19:30:00Z,Tennessee Volunteers,Auburn Tigers,draftkings,DraftKings,2026-09-29T20:34:00Z,2026-09-29T20:34:00Z,Tennessee Volunteers,-7.0,-112.0,2026,2026-09-29T20:34:46Z,1344,13.890528683212763,7.206044934251761,9.184483748961002,807aa80048d80e577104f04f9dc527bcbdecbac1e0bd777c98286ecfff8aeba7,timestamped_live_quote,FBS vs FBS
2026-09-29T20:34:46Z,f2defdeeb6cb3aa4a86b01a7a5b1ece4,2026-10-03T19:30:00Z,Tennessee Volunteers,Auburn Tigers,fanduel,FanDuel,2026-09-29T20:34:20Z,2026-09-29T20:34:19Z,Auburn Tigers,7.5,-122.0,2026,2026-09-29T20:34:46Z,1344,13.890528683212763,7.206044934251761,9.184483748961002,807aa80048d80e577104f04f9dc527bcbdecbac1e0bd777c98286ecfff8aeba7,timestamped_live_quote,FBS vs FBS
2026-09-29T20:34:46Z,f2defdeeb6cb3aa4a86b01a7a5b1ece4,2026-10-03T19:30:00Z,Tennessee Volunteers,Auburn Tigers,fanduel,FanDuel,2026-09-29T20:34:20Z,2026-09-29T20:34:19Z,Tennessee Volunteers,-7.5,100.0,2026,2026-09-29T20:34:46Z,1344,13.890528683212763,7.206044934251761,9.184483748961002,807aa80048d80e577104f04f9dc527bcbdecbac1e0bd777c98286ecfff8aeba7,timestamped_live_quote,FBS vs FBS
2026-09-29T20:34:46Z,f2defdeeb6cb3aa4a86b01a7a5b1ece4,2026-10-03T19:30:00Z,Tennessee Volunteers,Auburn Tigers,betrivers,BetRivers,2026-09-29T20:34:19Z,2026-09-29T20:34:19Z,Auburn Tigers,7.0,-109.0,2026,2026-09-29T20:34:46Z,1344,13.890528683212763,7.206044934251761,9.184483748961002,807aa80048d80e577104f04f9dc527bcbdecbac1e0bd777c98286ecfff8aeba7,timestamped_live_quote,FBS vs FBS
2026-09-29T20:34:46Z,f2defdeeb6cb3aa4a86b01a7a5b1ece4,2026-10-03T19:30:00Z,Tennessee Volunteers,Auburn Tigers,betrivers,BetRivers,2026-09-29T20:34:19Z,2026-09-29T20:34:19Z,Tennessee Volunteers,-7.0,-114.0,2026,2026-09-29T20:34:46Z,1344,13.890528683212763,7.206044934251761,9.184483748961002,807aa80048d80e577104f04f9dc527bcbdecbac1e0bd777c98286ecfff8aeba7,timestamped_live_quote,FBS vs FBS
2026-09-29T20:34:46Z,f2defdeeb6cb3aa4a86b01a7a5b1ece4,2026-10-03T19:30:00Z,Tennessee Volunteers,Auburn Tigers,lowvig,LowVig.ag,2026-09-29T20:33:39Z,2026-09-29T20:33:39Z,Auburn Tigers,7.0,-103.0,2026,2026-09-29T20:34:46Z,1344,13.890528683212763,7.206044934251761,9.184483748961002,807aa80048d80e577104f04f9dc527bcbdecbac1e0bd777c98286ecfff8aeba7,timestamped_live_quote,FBS vs FBS
2026-09-29T20:34:46Z,f2defdeeb6cb3aa4a86b01a7a5b1ece4,2026-10-03T19:30:00Z,Tennessee Volunteers,Auburn Tigers,lowvig,LowVig.ag,2026-09-29T20:33:39Z,2026-09-29T20:33:39Z,Tennessee Volunteers,-7.0,-109.0,2026,2026-09-29T20:34:46Z,1344,13.890528683212763,7.206044934251761,9.184483748961002,807aa80048d80e577104f04f9dc527bcbdecbac1e0bd777c98286ecfff8aeba7,timestamped_live_quote,FBS vs FBS
2026-09-29T20:34:46Z,f2defdeeb6cb3aa4a86b01a7a5b1ece4,2026-10-03T19:30:00Z,Tennessee Volunteers,Auburn Tigers,betonlineag,BetOnline.ag,2026-09-29T20:34:16Z,2026-09-29T20:34:16Z,Auburn Tigers,7.0,-107.0,2026,2026-09-29T20:34:46Z,1344,13.890528683212763,7.206044934251761,9.184483748961002,807aa80048d80e577104f04f9dc527bcbdecbac1e0bd777c98286ecfff8aeba7,timestamped_live_quote,FBS vs FBS
2026-09-29T20:34:46Z,f2defdeeb6cb3aa4a86b01a7a5b1ece4,2026-10-03T19:30:00Z,Tennessee Volunteers,Auburn Tigers,betonlineag,BetOnline.ag,2026-09-29T20:34:16Z,2026-09-29T20:34:16Z,Tennessee Volunteers,-7.0,-113.0,2026,2026-09-29T20:34:46Z,1344,13.890528683212763,7.206044934251761,9.184483748961002,807aa80048d80e577104f04f9dc527bcbdecbac1e0bd777c98286ecfff8aeba7,timestamped_live_quote,FBS vs FBS
2026-09-29T20:34:46Z,f2defdeeb6cb3aa4a86b01a7a5b1ece4,2026-10-03T19:30:00Z,Tennessee Volunteers,Auburn Tigers,mybookieag,MyBookie.ag,2026-09-29T20:33:40Z,2026-09-29T20:33:40Z,Auburn Tigers,7.0,-110.0,2026,2026-09-29T20:34:46Z,1344,13.890528683212763,7.206044934251761,9.184483748961002,807aa80048d80e577104f04f9dc527bcbdecbac1e0bd777c98286ecfff8aeba7,timestamped_live_quote,FBS vs FBS
2026-09-29T20:34:46Z,f2defdeeb6cb3aa4a86b01a7a5b1ece4,2026-10-03T19:30:00Z,Tennessee Volunteers,Auburn Tigers,mybookieag,MyBookie.ag,2026-09-29T20:33:40Z,2026-09-29T20:33:40Z,Tennessee Volunteers,-7.0,-110.0,2026,2026-09-29T20:34:46Z,1344,13.890528683212763,7.206044934251761,9.184483748961002,807aa80048d80e577104f04f9dc527bcbdecbac1e0bd777c98286ecfff8aeba7,timestamped_live_quote,FBS vs FBS
2026-09-29T20:34:46Z,f2defdeeb6cb3aa4a86b01a7a5b1ece4,2026-10-03T19:30:00Z,Tennessee Volunteers,Auburn Tigers,betmgm,BetMGM,2026-09-29T20:34:33Z,2026-09-29T20:34:33Z,Auburn Tigers,7.0,-108.0,2026,2026-09-29T20:34:46Z,1344,13.890528683212763,7.206044934251761,9.184483748961002,807aa80048d80e577104f04f9dc527bcbdecbac1e0bd777c98286ecfff8aeba7,timestamped_live_quote,FBS vs FBS
2026-09-29T20:34:46Z,f2defdeeb6cb3aa4a86b01a7a5b1ece4,2026-10-03T19:30:00Z,Tennessee Volunteers,Auburn Tigers,betmgm,BetMGM,2026-09-29T20:34:33Z,2026-09-29T20:34:33Z,Tennessee Volunteers,-7.0,-110.0,2026,2026-09-29T20:34:46Z,1344,13.890528683212763,7.206044934251761,9.184483748961002,807aa80048d80e577104f04f9dc527bcbdecbac1e0bd777c98286ecfff8aeba7,timestamped_live_quote,FBS vs FBS
2026-09-29T20:34:46Z,f2defdeeb6cb3aa4a86b01a7a5b1ece4,2026-10-03T19:30:00Z,Tennessee Volunteers,Auburn Tigers,betus,BetUS,2026-09-29T20:34:18Z,2026-09-29T20:34:18Z,Auburn Tigers,7.0,-107.0,2026,2026-09-29T20:34:46Z,1344,13.890528683212763,7.206044934251761,9.184483748961002,807aa80048d80e577104f04f9dc527bcbdecbac1e0bd777c98286ecfff8aeba7,timestamped_live_quote,FBS vs FBS
2026-09-29T20:34:46Z,f2defdeeb6cb3aa4a86b01a7a5b1ece4,2026-10-03T19:30:00Z,Tennessee Volunteers,Auburn Tigers,betus,BetUS,2026-09-29T20:34:18Z,2026-09-29T20:34:18Z,Tennessee Volunteers,-7.0,-113.0,2026,2026-09-29T20:34:46Z,1344,13.890528683212763,7.206044934251761,9.184483748961002,807aa80048d80e577104f04f9dc527bcbdecbac1e0bd777c98286ecfff8aeba7,timestamped_live_quote,FBS vs FBS
2026-09-29T20:34:46Z,f2defdeeb6cb3aa4a86b01a7a5b1ece4,2026-10-03T19:30:00Z,Tennessee Volunteers,Auburn Tigers,bovada,Bovada,2026-09-29T20:33:33Z,2026-09-29T20:33:33Z,Auburn Tigers,7.0,-110.0,2026,2026-09-29T20:34:46Z,1344,13.890528683212763,7.206044934251761,9.184483748961002,807aa80048d80e577104f04f9dc527bcbdecbac1e0bd777c98286ecfff8aeba7,timestamped_live_quote,FBS vs FBS
2026-09-29T20:34:46Z,f2defdeeb6cb3aa4a86b01a7a5b1ece4,2026-10-03T19:30:00Z,Tennessee Volunteers,Auburn Tigers,bovada,Bovada,2026-09-29T20:33:33Z,2026-09-29T20:33:33Z,Tennessee Volunteers,-7.0,-110.0,2026,2026-09-29T20:34:46Z,1344,13.890528683212763,7.206044934251761,9.184483748961002,807aa80048d80e577104f04f9dc527bcbdecbac1e0bd777c98286ecfff8aeba7,timestamped_live_quote,FBS vs FBS
2026-09-29T20:34:46Z,766a0470521ac4a0fad476df45c1438b,2026-10-03T19:30:00Z,Miami (OH) RedHawks,Bowling Green Falcons,draftkings,DraftKings,2026-09-29T20:34:00Z,2026-09-29T20:34:00Z,Bowling Green Falcons,13.5,-115.0,2026,2026-09-29T20:34:46Z,1344,1.8015216695079732,-9.546498870581802,13.848020540089776,807aa80048d80e577104f04f9dc527bcbdecbac1e0bd777c98286ecfff8aeba7,timestamped_live_quote,FBS vs FBS
2026-09-29T20:34:46Z,766a0470521ac4a0fad476df45c1438b,2026-10-03T19:30:00Z,Miami (OH) RedHawks,Bowling Green Falcons,draftkings,DraftKings,2026-09-29T20:34:00Z,2026-09-29T20:34:00Z,Miami (OH) RedHawks,-13.5,-105.0,2026,2026-09-29T20:34:46Z,1344,1.8015216695079732,-9.546498870581802,13.848020540089776,807aa80048d80e577104f04f9dc527bcbdecbac1e0bd777c98286ecfff8aeba7,timestamped_live_quote,FBS vs FBS
2026-09-29T20:34:46Z,766a0470521ac4a0fad476df45c1438b,2026-10-03T19:30:00Z,Miami (OH) RedHawks,Bowling Green Falcons,betonlineag,BetOnline.ag,2026-09-29T20:34:16Z,2026-09-29T20:34:16Z,Bowling Green Falcons,13.0,-110.0,2026,2026-09-29T20:34:46Z,1344,1.8015216695079732,-9.546498870581802,13.848020540089776,807aa80048d80e577104f04f9dc527bcbdecbac1e0bd777c98286ecfff8aeba7,timestamped_live_quote,FBS vs FBS
2026-09-29T20:34:46Z,766a0470521ac4a0fad476df45c1438b,2026-10-03T19:30:00Z,Miami (OH) RedHawks,Bowling Green Falcons,betonlineag,BetOnline.ag,2026-09-29T20:34:16Z,2026-09-29T20:34:16Z,Miami (OH) RedHawks,-13.0,-110.0,2026,2026-09-29T20:34:46Z,1344,1.8015216695079732,-9.546498870581802,13.848020540089776,807aa80048d80e577104f04f9dc527bcbdecbac1e0bd777c98286ecfff8aeba7,timestamped_live_quote,FBS vs FBS
2026-09-29T20:34:46Z,766a0470521ac4a0fad476df45c1438b,2026-10-03T19:30:00Z,Miami (OH) RedHawks,Bowling Green Falcons,lowvig,LowVig.ag,2026-09-29T20:33:39Z,2026-09-29T20:33:39Z,Bowling Green Falcons,13.0,-106.0,2026,2026-09-29T20:34:46Z,1344,1.8015216695079732,-9.546498870581802,13.848020540089776,807aa80048d80e577104f04f9dc527bcbdecbac1e0bd777c98286ecfff8aeba7,timestamped_live_quote,FBS vs FBS
2026-09-29T20:34:46Z,766a0470521ac4a0fad476df45c1438b,2026-10-03T19:30:00Z,Miami (OH) RedHawks,Bowling Green Falcons,lowvig,LowVig.ag,2026-09-29T20:33:39Z,2026-09-29T20:33:39Z,Miami (OH) RedHawks,-13.0,-106.0,2026,2026-09-29T20:34:46Z,1344,1.8015216695079732,-9.546498870581802,13.848020540089776,807aa80048d80e577104f04f9dc527bcbdecbac1e0bd777c98286ecfff8aeba7,timestamped_live_quote,FBS vs FBS
2026-09-29T20:34:46Z,766a0470521ac4a0fad476df45c1438b,2026-10-03T19:30:00Z,Miami (OH) RedHawks,Bowling Green Falcons,fanduel,FanDuel,2026-09-29T20:34:20Z,2026-09-29T20:34:20Z,Bowling Green Falcons,13.5,-115.0,2026,2026-09-29T20:34:46Z,1344,1.8015216695079732,-9.546498870581802,13.848020540089776,807aa80048d80e577104f04f9dc527bcbdecbac1e0bd777c98286ecfff8aeba7,timestamped_live_quote,FBS vs FBS
2026-09-29T20:34:46Z,766a0470521ac4a0fad476df45c1438b,2026-10-03T19:30:00Z,Miami (OH) RedHawks,Bowling Green Falcons,fanduel,FanDuel,2026-09-29T20:34:20Z,2026-09-29T20:34:20Z,Miami (OH) RedHawks,-13.5,-105.0,2026,2026-09-29T20:34:46Z,1344,1.8015216695079732,-9.546498870581802,13.848020540089776,807aa80048d80e577104f04f9dc527bcbdecbac1e0bd777c98286ecfff8aeba7,timestamped_live_quote,FBS vs FBS
2026-09-29T20:34:46Z,766a0470521ac4a0fad476df45c1438b,2026-10-03T19:30:00Z,Miami (OH) RedHawks,Bowling Green Falcons,mybookieag,MyBookie.ag,2026-09-29T20:33:40Z,2026-09-29T20:33:40Z,Bowling Green Falcons,13.0,-110.0,2026,2026-09-29T20:34:46Z,1344,1.8015216695079732,-9.546498870581802,13.848020540089776,807aa80048d80e577104f04f9dc527bcbdecbac1e0bd777c98286ecfff8aeba7,timestamped_live_quote,FBS vs FBS
2026-09-29T20:34:46Z,766a0470521ac4a0fad476df45c1438b,2026-10-03T19:30:00Z,Miami (OH) RedHawks,Bowling Green Falcons,mybookieag,MyBookie.ag,2026-09-29T20:33:40Z,2026-09-29T20:33:40Z,Miami (OH) RedHawks,-13.0,-110.0,2026,2026-09-29T20:34:46Z,1344,1.8015216695079732,-9.546498870581802,13.848020540089776,807aa80048d80e577104f04f9dc527bcbdecbac1e0bd777c98286ecfff8aeba7,timestamped_live_quote,FBS vs FBS
2026-09-29T20:34:46Z,766a0470521ac4a0fad476df45c1438b,2026-10-03T19:30:00Z,Miami (OH) RedHawks,Bowling Green Falcons,betmgm,BetMGM,2026-09-29T20:34:33Z,2026-09-29T20:34:33Z,Bowling Green Falcons,13.0,-110.0,2026,2026-09-29T20:34:46Z,1344,1.8015216695079732,-9.546498870581802,13.848020540089776,807aa80048d80e577104f04f9dc527bcbdecbac1e0bd777c98286ecfff8aeba7,timestamped_live_quote,FBS vs FBS
2026-09-29T20:34:46Z,766a0470521ac4a0fad476df45c1438b,2026-10-03T19:30:00Z,Miami (OH) RedHawks,Bowling Green Falcons,betmgm,BetMGM,2026-09-29T20:34:33Z,2026-09-29T20:34:33Z,Miami (OH) RedHawks,-13.0,-108.0,2026,2026-09-29T20:34:46Z,1344,1.8015216695079732,-9.546498870581802,13.848020540089776,807aa80048d80e577104f04f9dc527bcbdecbac1e0bd777c98286ecfff8aeba7,timestamped_live_quote,FBS vs FBS
2026-09-29T20:34:46Z,766a0470521ac4a0fad476df45c1438b,2026-10-03T19:30:00Z,Miami (OH) RedHawks,Bowling Green Falcons,betus,BetUS,2026-09-29T20:34:18Z,2026-09-29T20:34:18Z,Bowling Green Falcons,13.0,-110.0,2026,2026-09-29T20:34:46Z,1344,1.8015216695079732,-9.546498870581802,13.848020540089776,807aa80048d80e577104f04f9dc527bcbdecbac1e0bd777c98286ecfff8aeba7,timestamped_live_quote,FBS vs FBS
2026-09-29T20:34:46Z,766a0470521ac4a0fad476df45c1438b,2026-10-03T19:30:00Z,Miami (OH) RedHawks,Bowling Green Falcons,betus,BetUS,2026-09-29T20:34:18Z,2026-09-29T20:34:18Z,Miami (OH) RedHawks,-13.0,-110.0,2026,2026-09-29T20:34:46Z,1344,1.8015216695079732,-9.546498870581802,13.848020540089776,807aa80048d80e577104f04f9dc527bcbdecbac1e0bd777c98286ecfff8aeba7,timestamped_live_quote,FBS vs FBS
2026-09-29T20:34:46Z,766a0470521ac4a0fad476df45c1438b,2026-10-03T19:30:00Z,Miami (OH) RedHawks,Bowling Green Falcons,bovada,Bovada,2026-09-29T20:33:33Z,2026-09-29T20:33:33Z,Bowling Green Falcons,13.0,-110.0,2026,2026-09-29T20:34:46Z,1344,1.8015216695079732,-9.546498870581802,13.848020540089776,807aa80048d80e577104f04f9dc527bcbdecbac1e0bd777c98286ecfff8aeba7,timestamped_live_quote,FBS vs FBS
2026-09-29T20:34:46Z,766a0470521ac4a0fad476df45c1438b,2026-10-03T19:30:00Z,Miami (OH) RedHawks,Bowling Green Falcons,bovada,Bovada,2026-09-29T20:33:33Z,2026-09-29T20:33:33Z,Miami (OH) RedHawks,-13.0,-110.0,2026,2026-09-29T20:34:46Z,1344,1.8015216695079732,-9.546498870581802,13.848020540089776,807aa80048d80e577104f04f9dc527bcbdecbac1e0bd777c98286ecfff8aeba7,timestamped_live_quote,FBS vs FBS
2026-09-29T20:34:46Z,766a0470521ac4a0fad476df45c1438b,2026-10-03T19:30:00Z,Miami (OH) RedHawks,Bowling Green Falcons,betrivers,BetRivers,2026-09-29T20:34:19Z,2026-09-29T20:34:19Z,Bowling Green Falcons,14.0,-115.0,2026,2026-09-29T20:34:46Z,1344,1.8015216695079732,-9.546498870581802,13.848020540089776,807aa80048d80e577104f04f9dc527bcbdecbac1e0bd777c98286ecfff8aeba7,timestamped_live_quote,FBS vs FBS
2026-09-29T20:34:46Z,766a0470521ac4a0fad476df45c1438b,2026-10-03T19:30:00Z,Miami (OH) RedHawks,Bowling Green Falcons,betrivers,BetRivers,2026-09-29T20:34:19Z,2026-09-29T20:34:19Z,Miami (OH) RedHawks,-14.0,-108.0,2026,2026-09-29T20:34:46Z,1344,1.8015216695079732,-9.546498870581802,13.848020540089776,807aa80048d80e577104f04f9dc527bcbdecbac1e0bd777c98286ecfff8aeba7,timestamped_live_quote,FBS vs FBS
2026-09-29T20:34:46Z,f28938b05f7d4b4187e879917f6e583a,2026-10-03T19:30:00Z,UNLV Rebels,California Golden Bears,fanduel,FanDuel,2026-09-29T20:34:20Z,2026-09-29T20:34:20Z,California Golden Bears,2.5,-108.0,2026,2026-09-29T20:34:46Z,1344,0.7654832218624095,1.879197016081762,1.3862862057806475,807aa80048d80e577104f04f9dc527bcbdecbac1e0bd777c98286ecfff8aeba7,timestamped_live_quote,FBS vs FBS
2026-09-29T20:34:46Z,f28938b05f7d4b4187e879917f6e583a,2026-10-03T19:30:00Z,UNLV Rebels,California Golden Bears,fanduel,FanDuel,2026-09-29T20:34:20Z,2026-09-29T20:34:20Z,UNLV Rebels,-2.5,-112.0,2026,2026-09-29T20:34:46Z,1344,0.7654832218624095,1.879197016081762,1.3862862057806475,807aa80048d80e577104f04f9dc527bcbdecbac1e0bd777c98286ecfff8aeba7,timestamped_live_quote,FBS vs FBS
2026-09-29T20:34:46Z,f28938b05f7d4b4187e879917f6e583a,2026-10-03T19:30:00Z,UNLV Rebels,California Golden Bears,betrivers,BetRivers,2026-09-29T20:34:19Z,2026-09-29T20:34:19Z,California Golden Bears,2.0,-110.0,2026,2026-09-29T20:34:46Z,1344,0.7654832218624095,1.879197016081762,1.3862862057806475,807aa80048d80e577104f04f9dc527bcbdecbac1e0bd777c98286ecfff8aeba7,timestamped_live_quote,FBS vs FBS
2026-09-29T20:34:46Z,f28938b05f7d4b4187e879917f6e583a,2026-10-03T19:30:00Z,UNLV Rebels,California Golden Bears,betrivers,BetRivers,2026-09-29T20:34:19Z,2026-09-29T20:34:19Z,UNLV Rebels,-2.0,-113.0,2026,2026-09-29T20:34:46Z,1344,0.7654832218624095,1.879197016081762,1.3862862057806475,807aa80048d80e577104f04f9dc527bcbdecbac1e0bd777c98286ecfff8aeba7,timestamped_live_quote,FBS vs FBS
2026-09-29T20:34:46Z,f28938b05f7d4b4187e879917f6e583a,2026-10-03T19:30:00Z,UNLV Rebels,California Golden Bears,lowvig,LowVig.ag,2026-09-29T20:33:39Z,2026-09-29T20:33:39Z,California Golden Bears,3.0,-106.0,2026,2026-09-29T20:34:46Z,1344,0.7654832218624095,1.879197016081762,1.3862862057806475,807aa80048d80e577104f04f9dc527bcbdecbac1e0bd777c98286ecfff8aeba7,timestamped_live_quote,FBS vs FBS
2026-09-29T20:34:46Z,f28938b05f7d4b4187e879917f6e583a,2026-10-03T19:30:00Z,UNLV Rebels,California Golden Bears,lowvig,LowVig.ag,2026-09-29T20:33:39Z,2026-09-29T20:33:39Z,UNLV Rebels,-3.0,-106.0,2026,2026-09-29T20:34:46Z,1344,0.7654832218624095,1.879197016081762,1.3862862057806475,807aa80048d80e577104f04f9dc527bcbdecbac1e0bd777c98286ecfff8aeba7,timestamped_live_quote,FBS vs FBS
2026-09-29T20:34:46Z,f28938b05f7d4b4187e879917f6e583a,2026-10-03T19:30:00Z,UNLV Rebels,California Golden Bears,betonlineag,BetOnline.ag,2026-09-29T20:34:16Z,2026-09-29T20:34:16Z,California Golden Bears,3.0,-110.0,2026,2026-09-29T20:34:46Z,1344,0.7654832218624095,1.879197016081762,1.3862862057806475,807aa80048d80e577104f04f9dc527bcbdecbac1e0bd777c98286ecfff8aeba7,timestamped_live_quote,FBS vs FBS
2026-09-29T20:34:46Z,f28938b05f7d4b4187e879917f6e583a,2026-10-03T19:30:00Z,UNLV Rebels,California Golden Bears,betonlineag,BetOnline.ag,2026-09-29T20:34:16Z,2026-09-29T20:34:16Z,UNLV Rebels,-3.0,-110.0,2026,2026-09-29T20:34:46Z,1344,0.7654832218624095,1.879197016081762,1.3862862057806475,807aa80048d80e577104f04f9dc527bcbdecbac1e0bd777c98286ecfff8aeba7,timestamped_live_quote,FBS vs FBS
2026-09-29T20:34:46Z,f28938b05f7d4b4187e879917f6e583a,2026-10-03T19:30:00Z,UNLV Rebels,California Golden Bears,draftkings,DraftKings,2026-09-29T20:34:00Z,2026-09-29T20:34:00Z,California Golden Bears,2.5,-108.0,2026,2026-09-29T20:34:46Z,1344,0.7654832218624095,1.879197016081762,1.3862862057806475,807aa80048d80e577104f04f9dc527bcbdecbac1e0bd777c98286ecfff8aeba7,timestamped_live_quote,FBS vs FBS
2026-09-29T20:34:46Z,f28938b05f7d4b4187e879917f6e583a,2026-10-03T19:30:00Z,UNLV Rebels,California Golden Bears,draftkings,DraftKings,2026-09-29T20:34:00Z,2026-09-29T20:34:00Z,UNLV Rebels,-2.5,-112.0,2026,2026-09-29T20:34:46Z,1344,0.7654832218624095,1.879197016081762,1.3862862057806475,807aa80048d80e577104f04f9dc527bcbdecbac1e0bd777c98286ecfff8aeba7,timestamped_live_quote,FBS vs FBS
2026-09-29T20:34:46Z,f28938b05f7d4b4187e879917f6e583a,2026-10-03T19:30:00Z,UNLV Rebels,California Golden Bears,mybookieag,MyBookie.ag,2026-09-29T20:33:40Z,2026-09-29T20:33:40Z,California Golden Bears,2.5,-110.0,2026,2026-09-29T20:34:46Z,1344,0.7654832218624095,1.879197016081762,1.3862862057806475,807aa80048d80e577104f04f9dc527bcbdecbac1e0bd777c98286ecfff8aeba7,timestamped_live_quote,FBS vs FBS
2026-09-29T20:34:46Z,f28938b05f7d4b4187e879917f6e583a,2026-10-03T19:30:00Z,UNLV Rebels,California Golden Bears,mybookieag,MyBookie.ag,2026-09-29T20:33:40Z,2026-09-29T20:33:40Z,UNLV Rebels,-2.5,-110.0,2026,2026-09-29T20:34:46Z,1344,0.7654832218624095,1.879197016081762,1.3862862057806475,807aa80048d80e577104f04f9dc527bcbdecbac1e0bd777c98286ecfff8aeba7,timestamped_live_quote,FBS vs FBS
2026-09-29T20:34:46Z,f28938b05f7d4b4187e879917f6e583a,2026-10-03T19:30:00Z,UNLV Rebels,California Golden Bears,betmgm,BetMGM,2026-09-29T20:34:33Z,2026-09-29T20:34:33Z,California Golden Bears,2.5,-105.0,2026,2026-09-29T20:34:46Z,1344,0.7654832218624095,1.879197016081762,1.3862862057806475,807aa80048d80e577104f04f9dc527bcbdecbac1e0bd777c98286ecfff8aeba7,timestamped_live_quote,FBS vs FBS
2026-09-29T20:34:46Z,f28938b05f7d4b4187e879917f6e583a,2026-10-03T19:30:00Z,UNLV Rebels,California Golden Bears,betmgm,BetMGM,2026-09-29T20:34:33Z,2026-09-29T20:34:33Z,UNLV Rebels,-2.5,-115.0,2026,2026-09-29T20:34:46Z,1344,0.7654832218624095,1.879197016081762,1.3862862057806475,807aa80048d80e577104f04f9dc527bcbdecbac1e0bd777c98286ecfff8aeba7,timestamped_live_quote,FBS vs FBS
2026-09-29T20:34:46Z,f28938b05f7d4b4187e879917f6e583a,2026-10-03T19:30:00Z,UNLV Rebels,California Golden Bears,betus,BetUS,2026-09-29T20:34:18Z,2026-09-29T20:34:18Z,California Golden Bears,3.0,-110.0,2026,2026-09-29T20:34:46Z,1344,0.7654832218624095,1.879197016081762,1.3862862057806475,807aa80048d80e577104f04f9dc527bcbdecbac1e0bd777c98286ecfff8aeba7,timestamped_live_quote,FBS vs FBS
2026-09-29T20:34:46Z,f28938b05f7d4b4187e879917f6e583a,2026-10-03T19:30:00Z,UNLV Rebels,California Golden Bears,betus,BetUS,2026-09-29T20:34:18Z,2026-09-29T20:34:18Z,UNLV Rebels,-3.0,-110.0,2026,2026-09-29T20:34:46Z,1344,0.7654832218624095,1.879197016081762,1.3862862057806475,807aa80048d80e577104f04f9dc527bcbdecbac1e0bd777c98286ecfff8aeba7,timestamped_live_quote,FBS vs FBS
2026-09-29T20:34:46Z,f28938b05f7d4b4187e879917f6e583a,2026-10-03T19:30:00Z,UNLV Rebels,California Golden Bears,bovada,Bovada,2026-09-29T20:33:33Z,2026-09-29T20:33:33Z,California Golden Bears,3.0,-115.0,2026,2026-09-29T20:34:46Z,1344,0.7654832218624095,1.879197016081762,1.3862862057806475,807aa80048d80e577104f04f9dc527bcbdecbac1e0bd777c98286ecfff8aeba7,timestamped_live_quote,FBS vs FBS
2026-09-29T20:34:46Z,f28938b05f7d4b4187e879917f6e583a,2026-10-03T19:30:00Z,UNLV Rebels,California Golden Bears,bovada,Bovada,2026-09-29T20:33:33Z,2026-09-29T20:33:33Z,UNLV Rebels,-3.0,-105.0,2026,2026-09-29T20:34:46Z,1344,0.7654832218624095,1.879197016081762,1.3862862057806475,807aa80048d80e577104f04f9dc527bcbdecbac1e0bd777c98286ecfff8aeba7,timestamped_live_quote,FBS vs FBS
2026-09-29T20:34:46Z,9b2bcb758c7d7f4cb25d5102e4e9068e,2026-10-03T19:30:00Z,Charlotte 49ers,Memphis Tigers,draftkings,DraftKings,2026-09-29T20:34:00Z,2026-09-29T20:34:00Z,Charlotte 49ers,20.5,-112.0,2026,2026-09-29T20:34:46Z,1344,-7.036375313707103,4.572140540305468,-9.10851585401257,807aa80048d80e577104f04f9dc527bcbdecbac1e0bd777c98286ecfff8aeba7,timestamped_live_quote,FBS vs FBS
2026-09-29T20:34:46Z,9b2bcb758c7d7f4cb25d5102e4e9068e,2026-10-03T19:30:00Z,Charlotte 49ers,Memphis Tigers,draftkings,DraftKings,2026-09-29T20:34:00Z,2026-09-29T20:34:00Z,Memphis Tigers,-20.5,-108.0,2026,2026-09-29T20:34:46Z,1344,-7.036375313707103,4.572140540305468,-9.10851585401257,807aa80048d80e577104f04f9dc527bcbdecbac1e0bd777c98286ecfff8aeba7,timestamped_live_quote,FBS vs FBS
2026-09-29T20:34:46Z,9b2bcb758c7d7f4cb25d5102e4e9068e,2026-10-03T19:30:00Z,Charlotte 49ers,Memphis Tigers,betonlineag,BetOnline.ag,2026-09-29T20:34:16Z,2026-09-29T20:34:16Z,Charlotte 49ers,20.0,-105.0,2026,2026-09-29T20:34:46Z,1344,-7.036375313707103,4.572140540305468,-9.10851585401257,807aa80048d80e577104f04f9dc527bcbdecbac1e0bd777c98286ecfff8aeba7,timestamped_live_quote,FBS vs FBS
2026-09-29T20:34:46Z,9b2bcb758c7d7f4cb25d5102e4e9068e,2026-10-03T19:30:00Z,Charlotte 49ers,Memphis Tigers,betonlineag,BetOnline.ag,2026-09-29T20:34:16Z,2026-09-29T20:34:16Z,Memphis Tigers,-20.0,-115.0,2026,2026-09-29T20:34:46Z,1344,-7.036375313707103,4.572140540305468,-9.10851585401257,807aa80048d80e577104f04f9dc527bcbdecbac1e0bd777c98286ecfff8aeba7,timestamped_live_quote,FBS vs FBS
2026-09-29T20:34:46Z,9b2bcb758c7d7f4cb25d5102e4e9068e,2026-10-03T19:30:00Z,Charlotte 49ers,Memphis Tigers,lowvig,LowVig.ag,2026-09-29T20:33:39Z,2026-09-29T20:33:39Z,Charlotte 49ers,20.0,-101.0,2026,2026-09-29T20:34:46Z,1344,-7.036375313707103,4.572140540305468,-9.10851585401257,807aa80048d80e577104f04f9dc527bcbdecbac1e0bd777c98286ecfff8aeba7,timestamped_live_quote,FBS vs FBS
2026-09-29T20:34:46Z,9b2bcb758c7d7f4cb25d5102e4e9068e,2026-10-03T19:30:00Z,Charlotte 49ers,Memphis Tigers,lowvig,LowVig.ag,2026-09-29T20:33:39Z,2026-09-29T20:33:39Z,Memphis Tigers,-20.0,-111.0,2026,2026-09-29T20:34:46Z,1344,-7.036375313707103,4.572140540305468,-9.10851585401257,807aa80048d80e577104f04f9dc527bcbdecbac1e0bd777c98286ecfff8aeba7,timestamped_live_quote,FBS vs FBS
2026-09-29T20:34:46Z,9b2bcb758c7d7f4cb25d5102e4e9068e,2026-10-03T19:30:00Z,Charlotte 49ers,Memphis Tigers,fanduel,FanDuel,2026-09-29T20:34:20Z,2026-09-29T20:34:20Z,Charlotte 49ers,20.5,-112.0,2026,2026-09-29T20:34:46Z,1344,-7.036375313707103,4.572140540305468,-9.10851585401257,807aa80048d80e577104f04f9dc527bcbdecbac1e0bd777c98286ecfff8aeba7,timestamped_live_quote,FBS vs FBS
2026-09-29T20:34:46Z,9b2bcb758c7d7f4cb25d5102e4e9068e,2026-10-03T19:30:00Z,Charlotte 49ers,Memphis Tigers,fanduel,FanDuel,2026-09-29T20:34:20Z,2026-09-29T20:34:20Z,Memphis Tigers,-20.5,-108.0,2026,2026-09-29T20:34:46Z,1344,-7.036375313707103,4.572140540305468,-9.10851585401257,807aa80048d80e577104f04f9dc527bcbdecbac1e0bd777c98286ecfff8aeba7,timestamped_live_quote,FBS vs FBS
2026-09-29T20:34:46Z,9b2bcb758c7d7f4cb25d5102e4e9068e,2026-10-03T19:30:00Z,Charlotte 49ers,Memphis Tigers,mybookieag,MyBookie.ag,2026-09-29T20:33:40Z,2026-09-29T20:33:40Z,Charlotte 49ers,20.5,-110.0,2026,2026-09-29T20:34:46Z,1344,-7.036375313707103,4.572140540305468,-9.10851585401257,807aa80048d80e577104f04f9dc527bcbdecbac1e0bd777c98286ecfff8aeba7,timestamped_live_quote,FBS vs FBS
2026-09-29T20:34:46Z,9b2bcb758c7d7f4cb25d5102e4e9068e,2026-10-03T19:30:00Z,Charlotte 49ers,Memphis Tigers,mybookieag,MyBookie.ag,2026-09-29T20:33:40Z,2026-09-29T20:33:40Z,Memphis Tigers,-20.5,-110.0,2026,2026-09-29T20:34:46Z,1344,-7.036375313707103,4.572140540305468,-9.10851585401257,807aa80048d80e577104f04f9dc527bcbdecbac1e0bd777c98286ecfff8aeba7,timestamped_live_quote,FBS vs FBS
2026-09-29T20:34:46Z,9b2bcb758c7d7f4cb25d5102e4e9068e,2026-10-03T19:30:00Z,Charlotte 49ers,Memphis Tigers,betmgm,BetMGM,2026-09-29T20:34:33Z,2026-09-29T20:34:33Z,Charlotte 49ers,20.0,-108.0,2026,2026-09-29T20:34:46Z,1344,-7.036375313707103,4.572140540305468,-9.10851585401257,807aa80048d80e577104f04f9dc527bcbdecbac1e0bd777c98286ecfff8aeba7,timestamped_live_quote,FBS vs FBS
2026-09-29T20:34:46Z,9b2bcb758c7d7f4cb25d5102e4e9068e,2026-10-03T19:30:00Z,Charlotte 49ers,Memphis Tigers,betmgm,BetMGM,2026-09-29T20:34:33Z,2026-09-29T20:34:33Z,Memphis Tigers,-20.0,-110.0,2026,2026-09-29T20:34:46Z,1344,-7.036375313707103,4.572140540305468,-9.10851585401257,807aa80048d80e577104f04f9dc527bcbdecbac1e0bd777c98286ecfff8aeba7,timestamped_live_quote,FBS vs FBS
2026-09-29T20:34:46Z,9b2bcb758c7d7f4cb25d5102e4e9068e,2026-10-03T19:30:00Z,Charlotte 49ers,Memphis Tigers,betus,BetUS,2026-09-29T20:34:18Z,2026-09-29T20:34:18Z,Charlotte 49ers,20.0,-105.0,2026,2026-09-29T20:34:46Z,1344,-7.036375313707103,4.572140540305468,-9.10851585401257,807aa80048d80e577104f04f9dc527bcbdecbac1e0bd777c98286ecfff8aeba7,timestamped_live_quote,FBS vs FBS
2026-09-29T20:34:46Z,9b2bcb758c7d7f4cb25d5102e4e9068e,2026-10-03T19:30:00Z,Charlotte 49ers,Memphis Tigers,betus,BetUS,2026-09-29T20:34:18Z,2026-09-29T20:34:18Z,Memphis Tigers,-20.0,-115.0,2026,2026-09-29T20:34:46Z,1344,-7.036375313707103,4.572140540305468,-9.10851585401257,807aa80048d80e577104f04f9dc527bcbdecbac1e0bd777c98286ecfff8aeba7,timestamped_live_quote,FBS vs FBS
2026-09-29T20:34:46Z,9b2bcb758c7d7f4cb25d5102e4e9068e,2026-10-03T19:30:00Z,Charlotte 49ers,Memphis Tigers,bovada,Bovada,2026-09-29T20:33:33Z,2026-09-29T20:33:33Z,Charlotte 49ers,20.0,-110.0,2026,2026-09-29T20:34:46Z,1344,-7.036375313707103,4.572140540305468,-9.10851585401257,807aa80048d80e577104f04f9dc527bcbdecbac1e0bd777c98286ecfff8aeba7,timestamped_live_quote,FBS vs FBS
2026-09-29T20:34:46Z,9b2bcb758c7d7f4cb25d5102e4e9068e,2026-10-03T19:30:00Z,Charlotte 49ers,Memphis Tigers,bovada,Bovada,2026-09-29T20:33:33Z,2026-09-29T20:33:33Z,Memphis Tigers,-20.0,-110.0,2026,2026-09-29T20:34:46Z,1344,-7.036375313707103,4.572140540305468,-9.10851585401257,807aa80048d80e577104f04f9dc527bcbdecbac1e0bd777c98286ecfff8aeba7,timestamped_live_quote,FBS vs FBS
2026-09-29T20:34:46Z,9b2bcb758c7d7f4cb25d5102e4e9068e,2026-10-03T19:30:00Z,Charlotte 49ers,Memphis Tigers,betrivers,BetRivers,2026-09-29T20:34:19Z,2026-09-29T20:34:19Z,Charlotte 49ers,20.5,-109.0,2026,2026-09-29T20:34:46Z,1344,-7.036375313707103,4.572140540305468,-9.10851585401257,807aa80048d80e577104f04f9dc527bcbdecbac1e0bd777c98286ecfff8aeba7,timestamped_live_quote,FBS vs FBS
2026-09-29T20:34:46Z,9b2bcb758c7d7f4cb25d5102e4e9068e,2026-10-03T19:30:00Z,Charlotte 49ers,Memphis Tigers,betrivers,BetRivers,2026-09-29T20:34:19Z,2026-09-29T20:34:19Z,Memphis Tigers,-20.5,-113.0,2026,2026-09-29T20:34:46Z,1344,-7.036375313707103,4.572140540305468,-9.10851585401257,807aa80048d80e577104f04f9dc527bcbdecbac1e0bd777c98286ecfff8aeba7,timestamped_live_quote,FBS vs FBS
2026-09-29T20:34:46Z,7e0abfe1077b7d41d61b918ef53d247b,2026-10-03T19:30:00Z,UMass Minutemen,Eastern Michigan Eagles,draftkings,DraftKings,2026-09-29T20:34:00Z,2026-09-29T20:34:00Z,Eastern Michigan Eagles,6.5,-115.0,2026,2026-09-29T20:34:46Z,1344,10.186608107642327,-4.957273292715573,17.6438814003579,807aa80048d80e577104f04f9dc527bcbdecbac1e0bd777c98286ecfff8aeba7,timestamped_live_quote,FBS vs FBS
2026-09-29T20:34:46Z,7e0abfe1077b7d41d61b918ef53d247b,2026-10-03T19:30:00Z,UMass Minutemen,Eastern Michigan Eagles,draftkings,DraftKings,2026-09-29T20:34:00Z,2026-09-29T20:34:00Z,UMass Minutemen,-6.5,-105.0,2026,2026-09-29T20:34:46Z,1344,10.186608107642327,-4.957273292715573,17.6438814003579,807aa80048d80e577104f04f9dc527bcbdecbac1e0bd777c98286ecfff8aeba7,timestamped_live_quote,FBS vs FBS
2026-09-29T20:34:46Z,7e0abfe1077b7d41d61b918ef53d247b,2026-10-03T19:30:00Z,UMass Minutemen,Eastern Michigan Eagles,lowvig,LowVig.ag,2026-09-29T20:33:39Z,2026-09-29T20:33:39Z,Eastern Michigan Eagles,6.5,-106.0,2026,2026-09-29T20:34:46Z,1344,10.186608107642327,-4.957273292715573,17.6438814003579,807aa80048d80e577104f04f9dc527bcbdecbac1e0bd777c98286ecfff8aeba7,timestamped_live_quote,FBS vs FBS
2026-09-29T20:34:46Z,7e0abfe1077b7d41d61b918ef53d247b,2026-10-03T19:30:00Z,UMass Minutemen,Eastern Michigan Eagles,lowvig,LowVig.ag,2026-09-29T20:33:39Z,2026-09-29T20:33:39Z,UMass Minutemen,-6.5,-106.0,2026,2026-09-29T20:34:46Z,1344,10.186608107642327,-4.957273292715573,17.6438814003579,807aa80048d80e577104f04f9dc527bcbdecbac1e0bd777c98286ecfff8aeba7,timestamped_live_quote,FBS vs FBS
2026-09-29T20:34:46Z,7e0abfe1077b7d41d61b918ef53d247b,2026-10-03T19:30:00Z,UMass Minutemen,Eastern Michigan Eagles,betonlineag,BetOnline.ag,2026-09-29T20:34:16Z,2026-09-29T20:34:16Z,Eastern Michigan Eagles,6.5,-110.0,2026,2026-09-29T20:34:46Z,1344,10.186608107642327,-4.957273292715573,17.6438814003579,807aa80048d80e577104f04f9dc527bcbdecbac1e0bd777c98286ecfff8aeba7,timestamped_live_quote,FBS vs FBS
2026-09-29T20:34:46Z,7e0abfe1077b7d41d61b918ef53d247b,2026-10-03T19:30:00Z,UMass Minutemen,Eastern Michigan Eagles,betonlineag,BetOnline.ag,2026-09-29T20:34:16Z,2026-09-29T20:34:16Z,UMass Minutemen,-6.5,-110.0,2026,2026-09-29T20:34:46Z,1344,10.186608107642327,-4.957273292715573,17.6438814003579,807aa80048d80e577104f04f9dc527bcbdecbac1e0bd777c98286ecfff8aeba7,timestamped_live_quote,FBS vs FBS
2026-09-29T20:34:46Z,7e0abfe1077b7d41d61b918ef53d247b,2026-10-03T19:30:00Z,UMass Minutemen,Eastern Michigan Eagles,fanduel,FanDuel,2026-09-29T20:34:20Z,2026-09-29T20:34:20Z,Eastern Michigan Eagles,6.5,-102.0,2026,2026-09-29T20:34:46Z,1344,10.186608107642327,-4.957273292715573,17.6438814003579,807aa80048d80e577104f04f9dc527bcbdecbac1e0bd777c98286ecfff8aeba7,timestamped_live_quote,FBS vs FBS
2026-09-29T20:34:46Z,7e0abfe1077b7d41d61b918ef53d247b,2026-10-03T19:30:00Z,UMass Minutemen,Eastern Michigan Eagles,fanduel,FanDuel,2026-09-29T20:34:20Z,2026-09-29T20:34:20Z,UMass Minutemen,-6.5,-120.0,2026,2026-09-29T20:34:46Z,1344,10.186608107642327,-4.957273292715573,17.6438814003579,807aa80048d80e577104f04f9dc527bcbdecbac1e0bd777c98286ecfff8aeba7,timestamped_live_quote,FBS vs FBS
2026-09-29T20:34:46Z,7e0abfe1077b7d41d61b918ef53d247b,2026-10-03T19:30:00Z,UMass Minutemen,Eastern Michigan Eagles,betmgm,BetMGM,2026-09-29T20:34:33Z,2026-09-29T20:34:33Z,Eastern Michigan Eagles,6.5,-110.0,2026,2026-09-29T20:34:46Z,1344,10.186608107642327,-4.957273292715573,17.6438814003579,807aa80048d80e577104f04f9dc527bcbdecbac1e0bd777c98286ecfff8aeba7,timestamped_live_quote,FBS vs FBS
2026-09-29T20:34:46Z,7e0abfe1077b7d41d61b918ef53d247b,2026-10-03T19:30:00Z,UMass Minutemen,Eastern Michigan Eagles,betmgm,BetMGM,2026-09-29T20:34:33Z,2026-09-29T20:34:33Z,UMass Minutemen,-6.5,-110.0,2026,2026-09-29T20:34:46Z,1344,10.186608107642327,-4.957273292715573,17.6438814003579,807aa80048d80e577104f04f9dc527bcbdecbac1e0bd777c98286ecfff8aeba7,timestamped_live_quote,FBS vs FBS
2026-09-29T20:34:46Z,7e0abfe1077b7d41d61b918ef53d247b,2026-10-03T19:30:00Z,UMass Minutemen,Eastern Michigan Eagles,betus,BetUS,2026-09-29T20:34:18Z,2026-09-29T20:34:18Z,Eastern Michigan Eagles,6.5,-110.0,2026,2026-09-29T20:34:46Z,1344,10.186608107642327,-4.957273292715573,17.6438814003579,807aa80048d80e577104f04f9dc527bcbdecbac1e0bd777c98286ecfff8aeba7,timestamped_live_quote,FBS vs FBS
2026-09-29T20:34:46Z,7e0abfe1077b7d41d61b918ef53d247b,2026-10-03T19:30:00Z,UMass Minutemen,Eastern Michigan Eagles,betus,BetUS,2026-09-29T20:34:18Z,2026-09-29T20:34:18Z,UMass Minutemen,-6.5,-110.0,2026,2026-09-29T20:34:46Z,1344,10.186608107642327,-4.957273292715573,17.6438814003579,807aa80048d80e577104f04f9dc527bcbdecbac1e0bd777c98286ecfff8aeba7,timestamped_live_quote,FBS vs FBS
2026-09-29T20:34:46Z,7e0abfe1077b7d41d61b918ef53d247b,2026-10-03T19:30:00Z,UMass Minutemen,Eastern Michigan Eagles,betrivers,BetRivers,2026-09-29T20:34:19Z,2026-09-29T20:34:19Z,Eastern Michigan Eagles,6.0,-108.0,2026,2026-09-29T20:34:46Z,1344,10.186608107642327,-4.957273292715573,17.6438814003579,807aa80048d80e577104f04f9dc527bcbdecbac1e0bd777c98286ecfff8aeba7,timestamped_live_quote,FBS vs FBS
2026-09-29T20:34:46Z,7e0abfe1077b7d41d61b918ef53d247b,2026-10-03T19:30:00Z,UMass Minutemen,Eastern Michigan Eagles,betrivers,BetRivers,2026-09-29T20:34:19Z,2026-09-29T20:34:19Z,UMass Minutemen,-6.0,-115.0,2026,2026-09-29T20:34:46Z,1344,10.186608107642327,-4.957273292715573,17.6438814003579,807aa80048d80e577104f04f9dc527bcbdecbac1e0bd777c98286ecfff8aeba7,timestamped_live_quote,FBS vs FBS
2026-09-29T20:34:46Z,7e0abfe1077b7d41d61b918ef53d247b,2026-10-03T19:30:00Z,UMass Minutemen,Eastern Michigan Eagles,bovada,Bovada,2026-09-29T20:33:33Z,2026-09-29T20:33:33Z,Eastern Michigan Eagles,6.5,-115.0,2026,2026-09-29T20:34:46Z,1344,10.186608107642327,-4.957273292715573,17.6438814003579,807aa80048d80e577104f04f9dc527bcbdecbac1e0bd777c98286ecfff8aeba7,timestamped_live_quote,FBS vs FBS
2026-09-29T20:34:46Z,7e0abfe1077b7d41d61b918ef53d247b,2026-10-03T19:30:00Z,UMass Minutemen,Eastern Michigan Eagles,bovada,Bovada,2026-09-29T20:33:33Z,2026-09-29T20:33:33Z,UMass Minutemen,-6.5,-105.0,2026,2026-09-29T20:34:46Z,1344,10.186608107642327,-4.957273292715573,17.6438814003579,807aa80048d80e577104f04f9dc527bcbdecbac1e0bd777c98286ecfff8aeba7,timestamped_live_quote,FBS vs FBS
2026-09-29T20:34:46Z,6d39ea01c532535edf756b8086656518,2026-10-03T19:30:00Z,Missouri Tigers,Florida Gators,draftkings,DraftKings,2026-09-29T20:34:00Z,2026-09-29T20:34:00Z,Florida Gators,-5.5,-105.0,2026,2026-09-29T20:34:46Z,1344,9.329037182250332,16.703902353880597,-4.874865171630265,807aa80048d80e577104f04f9dc527bcbdecbac1e0bd777c98286ecfff8aeba7,timestamped_live_quote,FBS vs FBS
2026-09-29T20:34:46Z,6d39ea01c532535edf756b8086656518,2026-10-03T19:30:00Z,Missouri Tigers,Florida Gators,draftkings,DraftKings,2026-09-29T20:34:00Z,2026-09-29T20:34:00Z,Missouri Tigers,5.5,-115.0,2026,2026-09-29T20:34:46Z,1344,9.329037182250332,16.703902353880597,-4.874865171630265,807aa80048d80e577104f04f9dc527bcbdecbac1e0bd777c98286ecfff8aeba7,timestamped_live_quote,FBS vs FBS
2026-09-29T20:34:46Z,6d39ea01c532535edf756b8086656518,2026-10-03T19:30:00Z,Missouri Tigers,Florida Gators,fanduel,FanDuel,2026-09-29T20:34:20Z,2026-09-29T20:34:19Z,Florida Gators,-4.5,-115.0,2026,2026-09-29T20:34:46Z,1344,9.329037182250332,16.703902353880597,-4.874865171630265,807aa80048d80e577104f04f9dc527bcbdecbac1e0bd777c98286ecfff8aeba7,timestamped_live_quote,FBS vs FBS
2026-09-29T20:34:46Z,6d39ea01c532535edf756b8086656518,2026-10-03T19:30:00Z,Missouri Tigers,Florida Gators,fanduel,FanDuel,2026-09-29T20:34:20Z,2026-09-29T20:34:19Z,Missouri Tigers,4.5,-105.0,2026,2026-09-29T20:34:46Z,1344,9.329037182250332,16.703902353880597,-4.874865171630265,807aa80048d80e577104f04f9dc527bcbdecbac1e0bd777c98286ecfff8aeba7,timestamped_live_quote,FBS vs FBS
2026-09-29T20:34:46Z,6d39ea01c532535edf756b8086656518,2026-10-03T19:30:00Z,Missouri Tigers,Florida Gators,betrivers,BetRivers,2026-09-29T20:34:19Z,2026-09-29T20:34:19Z,Florida Gators,-5.5,-113.0,2026,2026-09-29T20:34:46Z,1344,9.329037182250332,16.703902353880597,-4.874865171630265,807aa80048d80e577104f04f9dc527bcbdecbac1e0bd777c98286ecfff8aeba7,timestamped_live_quote,FBS vs FBS
2026-09-29T20:34:46Z,6d39ea01c532535edf756b8086656518,2026-10-03T19:30:00Z,Missouri Tigers,Florida Gators,betrivers,BetRivers,2026-09-29T20:34:19Z,2026-09-29T20:34:19Z,Missouri Tigers,5.5,-110.0,2026,2026-09-29T20:34:46Z,1344,9.329037182250332,16.703902353880597,-4.874865171630265,807aa80048d80e577104f04f9dc527bcbdecbac1e0bd777c98286ecfff8aeba7,timestamped_live_quote,FBS vs FBS
2026-09-29T20:34:46Z,6d39ea01c532535edf756b8086656518,2026-10-03T19:30:00Z,Missouri Tigers,Florida Gators,betonlineag,BetOnline.ag,2026-09-29T20:34:16Z,2026-09-29T20:34:16Z,Florida Gators,-5.0,-110.0,2026,2026-09-29T20:34:46Z,1344,9.329037182250332,16.703902353880597,-4.874865171630265,807aa80048d80e577104f04f9dc527bcbdecbac1e0bd777c98286ecfff8aeba7,timestamped_live_quote,FBS vs FBS
2026-09-29T20:34:46Z,6d39ea01c532535edf756b8086656518,2026-10-03T19:30:00Z,Missouri Tigers,Florida Gators,betonlineag,BetOnline.ag,2026-09-29T20:34:16Z,2026-09-29T20:34:16Z,Missouri Tigers,5.0,-110.0,2026,2026-09-29T20:34:46Z,1344,9.329037182250332,16.703902353880597,-4.874865171630265,807aa80048d80e577104f04f9dc527bcbdecbac1e0bd777c98286ecfff8aeba7,timestamped_live_quote,FBS vs FBS
2026-09-29T20:34:46Z,6d39ea01c532535edf756b8086656518,2026-10-03T19:30:00Z,Missouri Tigers,Florida Gators,lowvig,LowVig.ag,2026-09-29T20:33:39Z,2026-09-29T20:33:39Z,Florida Gators,-5.0,-106.0,2026,2026-09-29T20:34:46Z,1344,9.329037182250332,16.703902353880597,-4.874865171630265,807aa80048d80e577104f04f9dc527bcbdecbac1e0bd777c98286ecfff8aeba7,timestamped_live_quote,FBS vs FBS
2026-09-29T20:34:46Z,6d39ea01c532535edf756b8086656518,2026-10-03T19:30:00Z,Missouri Tigers,Florida Gators,lowvig,LowVig.ag,2026-09-29T20:33:39Z,2026-09-29T20:33:39Z,Missouri Tigers,5.0,-106.0,2026,2026-09-29T20:34:46Z,1344,9.329037182250332,16.703902353880597,-4.874865171630265,807aa80048d80e577104f04f9dc527bcbdecbac1e0bd777c98286ecfff8aeba7,timestamped_live_quote,FBS vs FBS
2026-09-29T20:34:46Z,6d39ea01c532535edf756b8086656518,2026-10-03T19:30:00Z,Missouri Tigers,Florida Gators,mybookieag,MyBookie.ag,2026-09-29T20:33:40Z,2026-09-29T20:33:40Z,Florida Gators,-5.0,-110.0,2026,2026-09-29T20:34:46Z,1344,9.329037182250332,16.703902353880597,-4.874865171630265,807aa80048d80e577104f04f9dc527bcbdecbac1e0bd777c98286ecfff8aeba7,timestamped_live_quote,FBS vs FBS
2026-09-29T20:34:46Z,6d39ea01c532535edf756b8086656518,2026-10-03T19:30:00Z,Missouri Tigers,Florida Gators,mybookieag,MyBookie.ag,2026-09-29T20:33:40Z,2026-09-29T20:33:40Z,Missouri Tigers,5.0,-110.0,2026,2026-09-29T20:34:46Z,1344,9.329037182250332,16.703902353880597,-4.874865171630265,807aa80048d80e577104f04f9dc527bcbdecbac1e0bd777c98286ecfff8aeba7,timestamped_live_quote,FBS vs FBS
2026-09-29T20:34:46Z,6d39ea01c532535edf756b8086656518,2026-10-03T19:30:00Z,Missouri Tigers,Florida Gators,betmgm,BetMGM,2026-09-29T20:34:33Z,2026-09-29T20:34:33Z,Florida Gators,-5.0,-108.0,2026,2026-09-29T20:34:46Z,1344,9.329037182250332,16.703902353880597,-4.874865171630265,807aa80048d80e577104f04f9dc527bcbdecbac1e0bd777c98286ecfff8aeba7,timestamped_live_quote,FBS vs FBS
2026-09-29T20:34:46Z,6d39ea01c532535edf756b8086656518,2026-10-03T19:30:00Z,Missouri Tigers,Florida Gators,betmgm,BetMGM,2026-09-29T20:34:33Z,2026-09-29T20:34:33Z,Missouri Tigers,5.0,-110.0,2026,2026-09-29T20:34:46Z,1344,9.329037182250332,16.703902353880597,-4.874865171630265,807aa80048d80e577104f04f9dc527bcbdecbac1e0bd777c98286ecfff8aeba7,timestamped_live_quote,FBS vs FBS
2026-09-29T20:34:46Z,6d39ea01c532535edf756b8086656518,2026-10-03T19:30:00Z,Missouri Tigers,Florida Gators,betus,BetUS,2026-09-29T20:34:18Z,2026-09-29T20:34:18Z,Florida Gators,-5.0,-110.0,2026,2026-09-29T20:34:46Z,1344,9.329037182250332,16.703902353880597,-4.874865171630265,807aa80048d80e577104f04f9dc527bcbdecbac1e0bd777c98286ecfff8aeba7,timestamped_live_quote,FBS vs FBS
2026-09-29T20:34:46Z,6d39ea01c532535edf756b8086656518,2026-10-03T19:30:00Z,Missouri Tigers,Florida Gators,betus,BetUS,2026-09-29T20:34:18Z,2026-09-29T20:34:18Z,Missouri Tigers,5.0,-110.0,2026,2026-09-29T20:34:46Z,1344,9.329037182250332,16.703902353880597,-4.874865171630265,807aa80048d80e577104f04f9dc527bcbdecbac1e0bd777c98286ecfff8aeba7,timestamped_live_quote,FBS vs FBS
2026-09-29T20:34:46Z,6d39ea01c532535edf756b8086656518,2026-10-03T19:30:00Z,Missouri Tigers,Florida Gators,bovada,Bovada,2026-09-29T20:33:33Z,2026-09-29T20:33:33Z,Florida Gators,-5.5,-110.0,2026,2026-09-29T20:34:46Z,1344,9.329037182250332,16.703902353880597,-4.874865171630265,807aa80048d80e577104f04f9dc527bcbdecbac1e0bd777c98286ecfff8aeba7,timestamped_live_quote,FBS vs FBS
2026-09-29T20:34:46Z,6d39ea01c532535edf756b8086656518,2026-10-03T19:30:00Z,Missouri Tigers,Florida Gators,bovada,Bovada,2026-09-29T20:33:33Z,2026-09-29T20:33:33Z,Missouri Tigers,5.5,-110.0,2026,2026-09-29T20:34:46Z,1344,9.329037182250332,16.703902353880597,-4.874865171630265,807aa80048d80e577104f04f9dc527bcbdecbac1e0bd777c98286ecfff8aeba7,timestamped_live_quote,FBS vs FBS
2026-09-29T20:34:46Z,296c3e1c69d11f640690b6f9bd37d424,2026-10-03T19:30:00Z,Florida State Seminoles,Virginia Cavaliers,fanduel,FanDuel,2026-09-29T20:34:20Z,2026-09-29T20:34:19Z,Florida State Seminoles,2.5,-105.0,2026,2026-09-29T20:34:46Z,1344,5.079551654073411,14.849695049739546,-7.270143395666135,807aa80048d80e577104f04f9dc527bcbdecbac1e0bd777c98286ecfff8aeba7,timestamped_live_quote,FBS vs FBS
2026-09-29T20:34:46Z,296c3e1c69d11f640690b6f9bd37d424,2026-10-03T19:30:00Z,Florida State Seminoles,Virginia Cavaliers,fanduel,FanDuel,2026-09-29T20:34:20Z,2026-09-29T20:34:19Z,Virginia Cavaliers,-2.5,-115.0,2026,2026-09-29T20:34:46Z,1344,5.079551654073411,14.849695049739546,-7.270143395666135,807aa80048d80e577104f04f9dc527bcbdecbac1e0bd777c98286ecfff8aeba7,timestamped_live_quote,FBS vs FBS
2026-09-29T20:34:46Z,296c3e1c69d11f640690b6f9bd37d424,2026-10-03T19:30:00Z,Florida State Seminoles,Virginia Cavaliers,draftkings,DraftKings,2026-09-29T20:34:00Z,2026-09-29T20:34:00Z,Florida State Seminoles,2.5,-105.0,2026,2026-09-29T20:34:46Z,1344,5.079551654073411,14.849695049739546,-7.270143395666135,807aa80048d80e577104f04f9dc527bcbdecbac1e0bd777c98286ecfff8aeba7,timestamped_live_quote,FBS vs FBS
2026-09-29T20:34:46Z,296c3e1c69d11f640690b6f9bd37d424,2026-10-03T19:30:00Z,Florida State Seminoles,Virginia Cavaliers,draftkings,DraftKings,2026-09-29T20:34:00Z,2026-09-29T20:34:00Z,Virginia Cavaliers,-2.5,-115.0,2026,2026-09-29T20:34:46Z,1344,5.079551654073411,14.849695049739546,-7.270143395666135,807aa80048d80e577104f04f9dc527bcbdecbac1e0bd777c98286ecfff8aeba7,timestamped_live_quote,FBS vs FBS
2026-09-29T20:34:46Z,296c3e1c69d11f640690b6f9bd37d424,2026-10-03T19:30:00Z,Florida State Seminoles,Virginia Cavaliers,betrivers,BetRivers,2026-09-29T20:34:19Z,2026-09-29T20:34:19Z,Florida State Seminoles,2.5,-112.0,2026,2026-09-29T20:34:46Z,1344,5.079551654073411,14.849695049739546,-7.270143395666135,807aa80048d80e577104f04f9dc527bcbdecbac1e0bd777c98286ecfff8aeba7,timestamped_live_quote,FBS vs FBS
2026-09-29T20:34:46Z,296c3e1c69d11f640690b6f9bd37d424,2026-10-03T19:30:00Z,Florida State Seminoles,Virginia Cavaliers,betrivers,BetRivers,2026-09-29T20:34:19Z,2026-09-29T20:34:19Z,Virginia Cavaliers,-2.5,-112.0,2026,2026-09-29T20:34:46Z,1344,5.079551654073411,14.849695049739546,-7.270143395666135,807aa80048d80e577104f04f9dc527bcbdecbac1e0bd777c98286ecfff8aeba7,timestamped_live_quote,FBS vs FBS
2026-09-29T20:34:46Z,296c3e1c69d11f640690b6f9bd37d424,2026-10-03T19:30:00Z,Florida State Seminoles,Virginia Cavaliers,betonlineag,BetOnline.ag,2026-09-29T20:34:16Z,2026-09-29T20:34:16Z,Florida State Seminoles,2.5,-105.0,2026,2026-09-29T20:34:46Z,1344,5.079551654073411,14.849695049739546,-7.270143395666135,807aa80048d80e577104f04f9dc527bcbdecbac1e0bd777c98286ecfff8aeba7,timestamped_live_quote,FBS vs FBS
2026-09-29T20:34:46Z,296c3e1c69d11f640690b6f9bd37d424,2026-10-03T19:30:00Z,Florida State Seminoles,Virginia Cavaliers,betonlineag,BetOnline.ag,2026-09-29T20:34:16Z,2026-09-29T20:34:16Z,Virginia Cavaliers,-2.5,-115.0,2026,2026-09-29T20:34:46Z,1344,5.079551654073411,14.849695049739546,-7.270143395666135,807aa80048d80e577104f04f9dc527bcbdecbac1e0bd777c98286ecfff8aeba7,timestamped_live_quote,FBS vs FBS
2026-09-29T20:34:46Z,296c3e1c69d11f640690b6f9bd37d424,2026-10-03T19:30:00Z,Florida State Seminoles,Virginia Cavaliers,lowvig,LowVig.ag,2026-09-29T20:33:39Z,2026-09-29T20:33:39Z,Florida State Seminoles,2.5,-101.0,2026,2026-09-29T20:34:46Z,1344,5.079551654073411,14.849695049739546,-7.270143395666135,807aa80048d80e577104f04f9dc527bcbdecbac1e0bd777c98286ecfff8aeba7,timestamped_live_quote,FBS vs FBS
2026-09-29T20:34:46Z,296c3e1c69d11f640690b6f9bd37d424,2026-10-03T19:30:00Z,Florida State Seminoles,Virginia Cavaliers,lowvig,LowVig.ag,2026-09-29T20:33:39Z,2026-09-29T20:33:39Z,Virginia Cavaliers,-2.5,-111.0,2026,2026-09-29T20:34:46Z,1344,5.079551654073411,14.849695049739546,-7.270143395666135,807aa80048d80e577104f04f9dc527bcbdecbac1e0bd777c98286ecfff8aeba7,timestamped_live_quote,FBS vs FBS
2026-09-29T20:34:46Z,296c3e1c69d11f640690b6f9bd37d424,2026-10-03T19:30:00Z,Florida State Seminoles,Virginia Cavaliers,mybookieag,MyBookie.ag,2026-09-29T20:33:40Z,2026-09-29T20:33:40Z,Florida State Seminoles,2.5,-110.0,2026,2026-09-29T20:34:46Z,1344,5.079551654073411,14.849695049739546,-7.270143395666135,807aa80048d80e577104f04f9dc527bcbdecbac1e0bd777c98286ecfff8aeba7,timestamped_live_quote,FBS vs FBS
2026-09-29T20:34:46Z,296c3e1c69d11f640690b6f9bd37d424,2026-10-03T19:30:00Z,Florida State Seminoles,Virginia Cavaliers,mybookieag,MyBookie.ag,2026-09-29T20:33:40Z,2026-09-29T20:33:40Z,Virginia Cavaliers,-2.5,-110.0,2026,2026-09-29T20:34:46Z,1344,5.079551654073411,14.849695049739546,-7.270143395666135,807aa80048d80e577104f04f9dc527bcbdecbac1e0bd777c98286ecfff8aeba7,timestamped_live_quote,FBS vs FBS
2026-09-29T20:34:46Z,296c3e1c69d11f640690b6f9bd37d424,2026-10-03T19:30:00Z,Florida State Seminoles,Virginia Cavaliers,betmgm,BetMGM,2026-09-29T20:34:33Z,2026-09-29T20:34:33Z,Florida State Seminoles,2.5,-102.0,2026,2026-09-29T20:34:46Z,1344,5.079551654073411,14.849695049739546,-7.270143395666135,807aa80048d80e577104f04f9dc527bcbdecbac1e0bd777c98286ecfff8aeba7,timestamped_live_quote,FBS vs FBS
2026-09-29T20:34:46Z,296c3e1c69d11f640690b6f9bd37d424,2026-10-03T19:30:00Z,Florida State Seminoles,Virginia Cavaliers,betmgm,BetMGM,2026-09-29T20:34:33Z,2026-09-29T20:34:33Z,Virginia Cavaliers,-2.5,-118.0,2026,2026-09-29T20:34:46Z,1344,5.079551654073411,14.849695049739546,-7.270143395666135,807aa80048d80e577104f04f9dc527bcbdecbac1e0bd777c98286ecfff8aeba7,timestamped_live_quote,FBS vs FBS
2026-09-29T20:34:46Z,296c3e1c69d11f640690b6f9bd37d424,2026-10-03T19:30:00Z,Florida State Seminoles,Virginia Cavaliers,betus,BetUS,2026-09-29T20:34:18Z,2026-09-29T20:34:18Z,Florida State Seminoles,2.5,-105.0,2026,2026-09-29T20:34:46Z,1344,5.079551654073411,14.849695049739546,-7.270143395666135,807aa80048d80e577104f04f9dc527bcbdecbac1e0bd777c98286ecfff8aeba7,timestamped_live_quote,FBS vs FBS
2026-09-29T20:34:46Z,296c3e1c69d11f640690b6f9bd37d424,2026-10-03T19:30:00Z,Florida State Seminoles,Virginia Cavaliers,betus,BetUS,2026-09-29T20:34:18Z,2026-09-29T20:34:18Z,Virginia Cavaliers,-2.5,-115.0,2026,2026-09-29T20:34:46Z,1344,5.079551654073411,14.849695049739546,-7.270143395666135,807aa80048d80e577104f04f9dc527bcbdecbac1e0bd777c98286ecfff8aeba7,timestamped_live_quote,FBS vs FBS
2026-09-29T20:34:46Z,296c3e1c69d11f640690b6f9bd37d424,2026-10-03T19:30:00Z,Florida State Seminoles,Virginia Cavaliers,bovada,Bovada,2026-09-29T20:33:33Z,2026-09-29T20:33:33Z,Florida State Seminoles,3.0,-120.0,2026,2026-09-29T20:34:46Z,1344,5.079551654073411,14.849695049739546,-7.270143395666135,807aa80048d80e577104f04f9dc527bcbdecbac1e0bd777c98286ecfff8aeba7,timestamped_live_quote,FBS vs FBS
2026-09-29T20:34:46Z,296c3e1c69d11f640690b6f9bd37d424,2026-10-03T19:30:00Z,Florida State Seminoles,Virginia Cavaliers,bovada,Bovada,2026-09-29T20:33:33Z,2026-09-29T20:33:33Z,Virginia Cavaliers,-3.0,100.0,2026,2026-09-29T20:34:46Z,1344,5.079551654073411,14.849695049739546,-7.270143395666135,807aa80048d80e577104f04f9dc527bcbdecbac1e0bd777c98286ecfff8aeba7,timestamped_live_quote,FBS vs FBS
2026-09-29T20:34:46Z,e4f058459f5ee64f3cff3ac1aed79e64,2026-10-03T19:30:00Z,Georgia State Panthers,Old Dominion Monarchs,fanduel,FanDuel,2026-09-29T20:34:20Z,2026-09-29T20:34:20Z,Georgia State Panthers,-2.5,-106.0,2026,2026-09-29T20:34:46Z,1344,8.856887658416872,-0.8321688426994749,12.189056501116347,807aa80048d80e577104f04f9dc527bcbdecbac1e0bd777c98286ecfff8aeba7,timestamped_live_quote,FBS vs FBS
2026-09-29T20:34:46Z,e4f058459f5ee64f3cff3ac1aed79e64,2026-10-03T19:30:00Z,Georgia State Panthers,Old Dominion Monarchs,fanduel,FanDuel,2026-09-29T20:34:20Z,2026-09-29T20:34:20Z,Old Dominion Monarchs,2.5,-114.0,2026,2026-09-29T20:34:46Z,1344,8.856887658416872,-0.8321688426994749,12.189056501116347,807aa80048d80e577104f04f9dc527bcbdecbac1e0bd777c98286ecfff8aeba7,timestamped_live_quote,FBS vs FBS
2026-09-29T20:34:46Z,e4f058459f5ee64f3cff3ac1aed79e64,2026-10-03T19:30:00Z,Georgia State Panthers,Old Dominion Monarchs,draftkings,DraftKings,2026-09-29T20:34:00Z,2026-09-29T20:34:00Z,Georgia State Panthers,-1.5,-115.0,2026,2026-09-29T20:34:46Z,1344,8.856887658416872,-0.8321688426994749,12.189056501116347,807aa80048d80e577104f04f9dc527bcbdecbac1e0bd777c98286ecfff8aeba7,timestamped_live_quote,FBS vs FBS
2026-09-29T20:34:46Z,e4f058459f5ee64f3cff3ac1aed79e64,2026-10-03T19:30:00Z,Georgia State Panthers,Old Dominion Monarchs,draftkings,DraftKings,2026-09-29T20:34:00Z,2026-09-29T20:34:00Z,Old Dominion Monarchs,1.5,-105.0,2026,2026-09-29T20:34:46Z,1344,8.856887658416872,-0.8321688426994749,12.189056501116347,807aa80048d80e577104f04f9dc527bcbdecbac1e0bd777c98286ecfff8aeba7,timestamped_live_quote,FBS vs FBS
2026-09-29T20:34:46Z,e4f058459f5ee64f3cff3ac1aed79e64,2026-10-03T19:30:00Z,Georgia State Panthers,Old Dominion Monarchs,betrivers,BetRivers,2026-09-29T20:34:19Z,2026-09-29T20:34:19Z,Georgia State Panthers,-1.5,-113.0,2026,2026-09-29T20:34:46Z,1344,8.856887658416872,-0.8321688426994749,12.189056501116347,807aa80048d80e577104f04f9dc527bcbdecbac1e0bd777c98286ecfff8aeba7,timestamped_live_quote,FBS vs FBS
2026-09-29T20:34:46Z,e4f058459f5ee64f3cff3ac1aed79e64,2026-10-03T19:30:00Z,Georgia State Panthers,Old Dominion Monarchs,betrivers,BetRivers,2026-09-29T20:34:19Z,2026-09-29T20:34:19Z,Old Dominion Monarchs,1.5,-110.0,2026,2026-09-29T20:34:46Z,1344,8.856887658416872,-0.8321688426994749,12.189056501116347,807aa80048d80e577104f04f9dc527bcbdecbac1e0bd777c98286ecfff8aeba7,timestamped_live_quote,FBS vs FBS
2026-09-29T20:34:46Z,e4f058459f5ee64f3cff3ac1aed79e64,2026-10-03T19:30:00Z,Georgia State Panthers,Old Dominion Monarchs,lowvig,LowVig.ag,2026-09-29T20:33:39Z,2026-09-29T20:33:39Z,Georgia State Panthers,-2.5,-109.0,2026,2026-09-29T20:34:46Z,1344,8.856887658416872,-0.8321688426994749,12.189056501116347,807aa80048d80e577104f04f9dc527bcbdecbac1e0bd777c98286ecfff8aeba7,timestamped_live_quote,FBS vs FBS
2026-09-29T20:34:46Z,e4f058459f5ee64f3cff3ac1aed79e64,2026-10-03T19:30:00Z,Georgia State Panthers,Old Dominion Monarchs,lowvig,LowVig.ag,2026-09-29T20:33:39Z,2026-09-29T20:33:39Z,Old Dominion Monarchs,2.5,-103.0,2026,2026-09-29T20:34:46Z,1344,8.856887658416872,-0.8321688426994749,12.189056501116347,807aa80048d80e577104f04f9dc527bcbdecbac1e0bd777c98286ecfff8aeba7,timestamped_live_quote,FBS vs FBS
2026-09-29T20:34:46Z,e4f058459f5ee64f3cff3ac1aed79e64,2026-10-03T19:30:00Z,Georgia State Panthers,Old Dominion Monarchs,betonlineag,BetOnline.ag,2026-09-29T20:34:16Z,2026-09-29T20:34:16Z,Georgia State Panthers,-2.5,-113.0,2026,2026-09-29T20:34:46Z,1344,8.856887658416872,-0.8321688426994749,12.189056501116347,807aa80048d80e577104f04f9dc527bcbdecbac1e0bd777c98286ecfff8aeba7,timestamped_live_quote,FBS vs FBS
2026-09-29T20:34:46Z,e4f058459f5ee64f3cff3ac1aed79e64,2026-10-03T19:30:00Z,Georgia State Panthers,Old Dominion Monarchs,betonlineag,BetOnline.ag,2026-09-29T20:34:16Z,2026-09-29T20:34:16Z,Old Dominion Monarchs,2.5,-107.0,2026,2026-09-29T20:34:46Z,1344,8.856887658416872,-0.8321688426994749,12.189056501116347,807aa80048d80e577104f04f9dc527bcbdecbac1e0bd777c98286ecfff8aeba7,timestamped_live_quote,FBS vs FBS
2026-09-29T20:34:46Z,e4f058459f5ee64f3cff3ac1aed79e64,2026-10-03T19:30:00Z,Georgia State Panthers,Old Dominion Monarchs,mybookieag,MyBookie.ag,2026-09-29T20:33:40Z,2026-09-29T20:33:40Z,Georgia State Panthers,-1.5,-110.0,2026,2026-09-29T20:34:46Z,1344,8.856887658416872,-0.8321688426994749,12.189056501116347,807aa80048d80e577104f04f9dc527bcbdecbac1e0bd777c98286ecfff8aeba7,timestamped_live_quote,FBS vs FBS
2026-09-29T20:34:46Z,e4f058459f5ee64f3cff3ac1aed79e64,2026-10-03T19:30:00Z,Georgia State Panthers,Old Dominion Monarchs,mybookieag,MyBookie.ag,2026-09-29T20:33:40Z,2026-09-29T20:33:40Z,Old Dominion Monarchs,1.5,-110.0,2026,2026-09-29T20:34:46Z,1344,8.856887658416872,-0.8321688426994749,12.189056501116347,807aa80048d80e577104f04f9dc527bcbdecbac1e0bd777c98286ecfff8aeba7,timestamped_live_quote,FBS vs FBS
2026-09-29T20:34:46Z,e4f058459f5ee64f3cff3ac1aed79e64,2026-10-03T19:30:00Z,Georgia State Panthers,Old Dominion Monarchs,betmgm,BetMGM,2026-09-29T20:34:33Z,2026-09-29T20:34:33Z,Georgia State Panthers,-2.0,-110.0,2026,2026-09-29T20:34:46Z,1344,8.856887658416872,-0.8321688426994749,12.189056501116347,807aa80048d80e577104f04f9dc527bcbdecbac1e0bd777c98286ecfff8aeba7,timestamped_live_quote,FBS vs FBS
2026-09-29T20:34:46Z,e4f058459f5ee64f3cff3ac1aed79e64,2026-10-03T19:30:00Z,Georgia State Panthers,Old Dominion Monarchs,betmgm,BetMGM,2026-09-29T20:34:33Z,2026-09-29T20:34:33Z,Old Dominion Monarchs,2.0,-110.0,2026,2026-09-29T20:34:46Z,1344,8.856887658416872,-0.8321688426994749,12.189056501116347,807aa80048d80e577104f04f9dc527bcbdecbac1e0bd777c98286ecfff8aeba7,timestamped_live_quote,FBS vs FBS
2026-09-29T20:34:46Z,e4f058459f5ee64f3cff3ac1aed79e64,2026-10-03T19:30:00Z,Georgia State Panthers,Old Dominion Monarchs,betus,BetUS,2026-09-29T20:34:18Z,2026-09-29T20:34:18Z,Georgia State Panthers,-2.5,-115.0,2026,2026-09-29T20:34:46Z,1344,8.856887658416872,-0.8321688426994749,12.189056501116347,807aa80048d80e577104f04f9dc527bcbdecbac1e0bd777c98286ecfff8aeba7,timestamped_live_quote,FBS vs FBS
2026-09-29T20:34:46Z,e4f058459f5ee64f3cff3ac1aed79e64,2026-10-03T19:30:00Z,Georgia State Panthers,Old Dominion Monarchs,betus,BetUS,2026-09-29T20:34:18Z,2026-09-29T20:34:18Z,Old Dominion Monarchs,2.5,-105.0,2026,2026-09-29T20:34:46Z,1344,8.856887658416872,-0.8321688426994749,12.189056501116347,807aa80048d80e577104f04f9dc527bcbdecbac1e0bd777c98286ecfff8aeba7,timestamped_live_quote,FBS vs FBS
2026-09-29T20:34:46Z,e4f058459f5ee64f3cff3ac1aed79e64,2026-10-03T19:30:00Z,Georgia State Panthers,Old Dominion Monarchs,bovada,Bovada,2026-09-29T20:33:33Z,2026-09-29T20:33:33Z,Georgia State Panthers,-1.5,-110.0,2026,2026-09-29T20:34:46Z,1344,8.856887658416872,-0.8321688426994749,12.189056501116347,807aa80048d80e577104f04f9dc527bcbdecbac1e0bd777c98286ecfff8aeba7,timestamped_live_quote,FBS vs FBS
2026-09-29T20:34:46Z,e4f058459f5ee64f3cff3ac1aed79e64,2026-10-03T19:30:00Z,Georgia State Panthers,Old Dominion Monarchs,bovada,Bovada,2026-09-29T20:33:33Z,2026-09-29T20:33:33Z,Old Dominion Monarchs,1.5,-110.0,2026,2026-09-29T20:34:46Z,1344,8.856887658416872,-0.8321688426994749,12.189056501116347,807aa80048d80e577104f04f9dc527bcbdecbac1e0bd777c98286ecfff8aeba7,timestamped_live_quote,FBS vs FBS
2026-09-29T20:34:46Z,b163da8a283ade5bd6428a3ca01da8b8,2026-10-03T19:30:00Z,Iowa Hawkeyes,Ohio State Buckeyes,draftkings,DraftKings,2026-09-29T20:34:00Z,2026-09-29T20:34:00Z,Iowa Hawkeyes,14.0,-110.0,2026,2026-09-29T20:34:46Z,1344,12.926648749051916,16.447938611300437,-1.021289862248521,807aa80048d80e577104f04f9dc527bcbdecbac1e0bd777c98286ecfff8aeba7,timestamped_live_quote,FBS vs FBS
2026-09-29T20:34:46Z,b163da8a283ade5bd6428a3ca01da8b8,2026-10-03T19:30:00Z,Iowa Hawkeyes,Ohio State Buckeyes,draftkings,DraftKings,2026-09-29T20:34:00Z,2026-09-29T20:34:00Z,Ohio State Buckeyes,-14.0,-110.0,2026,2026-09-29T20:34:46Z,1344,12.926648749051916,16.447938611300437,-1.021289862248521,807aa80048d80e577104f04f9dc527bcbdecbac1e0bd777c98286ecfff8aeba7,timestamped_live_quote,FBS vs FBS
2026-09-29T20:34:46Z,b163da8a283ade5bd6428a3ca01da8b8,2026-10-03T19:30:00Z,Iowa Hawkeyes,Ohio State Buckeyes,fanduel,FanDuel,2026-09-29T20:34:20Z,2026-09-29T20:34:19Z,Iowa Hawkeyes,13.5,100.0,2026,2026-09-29T20:34:46Z,1344,12.926648749051916,16.447938611300437,-1.021289862248521,807aa80048d80e577104f04f9dc527bcbdecbac1e0bd777c98286ecfff8aeba7,timestamped_live_quote,FBS vs FBS
2026-09-29T20:34:46Z,b163da8a283ade5bd6428a3ca01da8b8,2026-10-03T19:30:00Z,Iowa Hawkeyes,Ohio State Buckeyes,fanduel,FanDuel,2026-09-29T20:34:20Z,2026-09-29T20:34:19Z,Ohio State Buckeyes,-13.5,-122.0,2026,2026-09-29T20:34:46Z,1344,12.926648749051916,16.447938611300437,-1.021289862248521,807aa80048d80e577104f04f9dc527bcbdecbac1e0bd777c98286ecfff8aeba7,timestamped_live_quote,FBS vs FBS
2026-09-29T20:34:46Z,b163da8a283ade5bd6428a3ca01da8b8,2026-10-03T19:30:00Z,Iowa Hawkeyes,Ohio State Buckeyes,betmgm,BetMGM,2026-09-29T20:34:33Z,2026-09-29T20:34:33Z,Iowa Hawkeyes,14.0,-108.0,2026,2026-09-29T20:34:46Z,1344,12.926648749051916,16.447938611300437,-1.021289862248521,807aa80048d80e577104f04f9dc527bcbdecbac1e0bd777c98286ecfff8aeba7,timestamped_live_quote,FBS vs FBS
2026-09-29T20:34:46Z,b163da8a283ade5bd6428a3ca01da8b8,2026-10-03T19:30:00Z,Iowa Hawkeyes,Ohio State Buckeyes,betmgm,BetMGM,2026-09-29T20:34:33Z,2026-09-29T20:34:33Z,Ohio State Buckeyes,-14.0,-110.0,2026,2026-09-29T20:34:46Z,1344,12.926648749051916,16.447938611300437,-1.021289862248521,807aa80048d80e577104f04f9dc527bcbdecbac1e0bd777c98286ecfff8aeba7,timestamped_live_quote,FBS vs FBS
2026-09-29T20:34:46Z,b163da8a283ade5bd6428a3ca01da8b8,2026-10-03T19:30:00Z,Iowa Hawkeyes,Ohio State Buckeyes,betrivers,BetRivers,2026-09-29T20:34:19Z,2026-09-29T20:34:19Z,Iowa Hawkeyes,14.0,-109.0,2026,2026-09-29T20:34:46Z,1344,12.926648749051916,16.447938611300437,-1.021289862248521,807aa80048d80e577104f04f9dc527bcbdecbac1e0bd777c98286ecfff8aeba7,timestamped_live_quote,FBS vs FBS
2026-09-29T20:34:46Z,b163da8a283ade5bd6428a3ca01da8b8,2026-10-03T19:30:00Z,Iowa Hawkeyes,Ohio State Buckeyes,betrivers,BetRivers,2026-09-29T20:34:19Z,2026-09-29T20:34:19Z,Ohio State Buckeyes,-14.0,-114.0,2026,2026-09-29T20:34:46Z,1344,12.926648749051916,16.447938611300437,-1.021289862248521,807aa80048d80e577104f04f9dc527bcbdecbac1e0bd777c98286ecfff8aeba7,timestamped_live_quote,FBS vs FBS
2026-09-29T20:34:46Z,b163da8a283ade5bd6428a3ca01da8b8,2026-10-03T19:30:00Z,Iowa Hawkeyes,Ohio State Buckeyes,betonlineag,BetOnline.ag,2026-09-29T20:34:16Z,2026-09-29T20:34:16Z,Iowa Hawkeyes,14.0,-104.0,2026,2026-09-29T20:34:46Z,1344,12.926648749051916,16.447938611300437,-1.021289862248521,807aa80048d80e577104f04f9dc527bcbdecbac1e0bd777c98286ecfff8aeba7,timestamped_live_quote,FBS vs FBS
2026-09-29T20:34:46Z,b163da8a283ade5bd6428a3ca01da8b8,2026-10-03T19:30:00Z,Iowa Hawkeyes,Ohio State Buckeyes,betonlineag,BetOnline.ag,2026-09-29T20:34:16Z,2026-09-29T20:34:16Z,Ohio State Buckeyes,-14.0,-116.0,2026,2026-09-29T20:34:46Z,1344,12.926648749051916,16.447938611300437,-1.021289862248521,807aa80048d80e577104f04f9dc527bcbdecbac1e0bd777c98286ecfff8aeba7,timestamped_live_quote,FBS vs FBS
2026-09-29T20:34:46Z,b163da8a283ade5bd6428a3ca01da8b8,2026-10-03T19:30:00Z,Iowa Hawkeyes,Ohio State Buckeyes,lowvig,LowVig.ag,2026-09-29T20:33:39Z,2026-09-29T20:33:39Z,Iowa Hawkeyes,14.0,100.0,2026,2026-09-29T20:34:46Z,1344,12.926648749051916,16.447938611300437,-1.021289862248521,807aa80048d80e577104f04f9dc527bcbdecbac1e0bd777c98286ecfff8aeba7,timestamped_live_quote,FBS vs FBS
2026-09-29T20:34:46Z,b163da8a283ade5bd6428a3ca01da8b8,2026-10-03T19:30:00Z,Iowa Hawkeyes,Ohio State Buckeyes,lowvig,LowVig.ag,2026-09-29T20:33:39Z,2026-09-29T20:33:39Z,Ohio State Buckeyes,-14.0,-112.0,2026,2026-09-29T20:34:46Z,1344,12.926648749051916,16.447938611300437,-1.021289862248521,807aa80048d80e577104f04f9dc527bcbdecbac1e0bd777c98286ecfff8aeba7,timestamped_live_quote,FBS vs FBS
2026-09-29T20:34:46Z,b163da8a283ade5bd6428a3ca01da8b8,2026-10-03T19:30:00Z,Iowa Hawkeyes,Ohio State Buckeyes,mybookieag,MyBookie.ag,2026-09-29T20:33:40Z,2026-09-29T20:33:40Z,Iowa Hawkeyes,13.5,-110.0,2026,2026-09-29T20:34:46Z,1344,12.926648749051916,16.447938611300437,-1.021289862248521,807aa80048d80e577104f04f9dc527bcbdecbac1e0bd777c98286ecfff8aeba7,timestamped_live_quote,FBS vs FBS
2026-09-29T20:34:46Z,b163da8a283ade5bd6428a3ca01da8b8,2026-10-03T19:30:00Z,Iowa Hawkeyes,Ohio State Buckeyes,mybookieag,MyBookie.ag,2026-09-29T20:33:40Z,2026-09-29T20:33:40Z,Ohio State Buckeyes,-13.5,-110.0,2026,2026-09-29T20:34:46Z,1344,12.926648749051916,16.447938611300437,-1.021289862248521,807aa80048d80e577104f04f9dc527bcbdecbac1e0bd777c98286ecfff8aeba7,timestamped_live_quote,FBS vs FBS
2026-09-29T20:34:46Z,b163da8a283ade5bd6428a3ca01da8b8,2026-10-03T19:30:00Z,Iowa Hawkeyes,Ohio State Buckeyes,betus,BetUS,2026-09-29T20:34:18Z,2026-09-29T20:34:18Z,Iowa Hawkeyes,14.0,-110.0,2026,2026-09-29T20:34:46Z,1344,12.926648749051916,16.447938611300437,-1.021289862248521,807aa80048d80e577104f04f9dc527bcbdecbac1e0bd777c98286ecfff8aeba7,timestamped_live_quote,FBS vs FBS
2026-09-29T20:34:46Z,b163da8a283ade5bd6428a3ca01da8b8,2026-10-03T19:30:00Z,Iowa Hawkeyes,Ohio State Buckeyes,betus,BetUS,2026-09-29T20:34:18Z,2026-09-29T20:34:18Z,Ohio State Buckeyes,-14.0,-110.0,2026,2026-09-29T20:34:46Z,1344,12.926648749051916,16.447938611300437,-1.021289862248521,807aa80048d80e577104f04f9dc527bcbdecbac1e0bd777c98286ecfff8aeba7,timestamped_live_quote,FBS vs FBS
2026-09-29T20:34:46Z,b163da8a283ade5bd6428a3ca01da8b8,2026-10-03T19:30:00Z,Iowa Hawkeyes,Ohio State Buckeyes,bovada,Bovada,2026-09-29T20:33:33Z,2026-09-29T20:33:33Z,Iowa Hawkeyes,14.0,-105.0,2026,2026-09-29T20:34:46Z,1344,12.926648749051916,16.447938611300437,-1.021289862248521,807aa80048d80e577104f04f9dc527bcbdecbac1e0bd777c98286ecfff8aeba7,timestamped_live_quote,FBS vs FBS
2026-09-29T20:34:46Z,b163da8a283ade5bd6428a3ca01da8b8,2026-10-03T19:30:00Z,Iowa Hawkeyes,Ohio State Buckeyes,bovada,Bovada,2026-09-29T20:33:33Z,2026-09-29T20:33:33Z,Ohio State Buckeyes,-14.0,-115.0,2026,2026-09-29T20:34:46Z,1344,12.926648749051916,16.447938611300437,-1.021289862248521,807aa80048d80e577104f04f9dc527bcbdecbac1e0bd777c98286ecfff8aeba7,timestamped_live_quote,FBS vs FBS
2026-09-29T20:34:46Z,c1c548c80e674e3a37dcc2551beba599,2026-10-03T19:30:00Z,Kent State Golden Flashes,Ohio Bobcats,fanduel,FanDuel,2026-09-29T20:34:20Z,2026-09-29T20:34:20Z,Kent State Golden Flashes,3.5,-120.0,2026,2026-09-29T20:34:46Z,1344,-8.22849196062735,1.3002470692081236,-7.028739029835474,807aa80048d80e577104f04f9dc527bcbdecbac1e0bd777c98286ecfff8aeba7,timestamped_live_quote,FBS vs FBS
2026-09-29T20:34:46Z,c1c548c80e674e3a37dcc2551beba599,2026-10-03T19:30:00Z,Kent State Golden Flashes,Ohio Bobcats,fanduel,FanDuel,2026-09-29T20:34:20Z,2026-09-29T20:34:20Z,Ohio Bobcats,-3.5,-102.0,2026,2026-09-29T20:34:46Z,1344,-8.22849196062735,1.3002470692081236,-7.028739029835474,807aa80048d80e577104f04f9dc527bcbdecbac1e0bd777c98286ecfff8aeba7,timestamped_live_quote,FBS vs FBS
2026-09-29T20:34:46Z,c1c548c80e674e3a37dcc2551beba599,2026-10-03T19:30:00Z,Kent State Golden Flashes,Ohio Bobcats,betrivers,BetRivers,2026-09-29T20:34:19Z,2026-09-29T20:34:19Z,Kent State Golden Flashes,3.0,-110.0,2026,2026-09-29T20:34:46Z,1344,-8.22849196062735,1.3002470692081236,-7.028739029835474,807aa80048d80e577104f04f9dc527bcbdecbac1e0bd777c98286ecfff8aeba7,timestamped_live_quote,FBS vs FBS
2026-09-29T20:34:46Z,c1c548c80e674e3a37dcc2551beba599,2026-10-03T19:30:00Z,Kent State Golden Flashes,Ohio Bobcats,betrivers,BetRivers,2026-09-29T20:34:19Z,2026-09-29T20:34:19Z,Ohio Bobcats,-3.0,-113.0,2026,2026-09-29T20:34:46Z,1344,-8.22849196062735,1.3002470692081236,-7.028739029835474,807aa80048d80e577104f04f9dc527bcbdecbac1e0bd777c98286ecfff8aeba7,timestamped_live_quote,FBS vs FBS
2026-09-29T20:34:46Z,c1c548c80e674e3a37dcc2551beba599,2026-10-03T19:30:00Z,Kent State Golden Flashes,Ohio Bobcats,draftkings,DraftKings,2026-09-29T20:34:00Z,2026-09-29T20:34:00Z,Kent State Golden Flashes,3.0,-105.0,2026,2026-09-29T20:34:46Z,1344,-8.22849196062735,1.3002470692081236,-7.028739029835474,807aa80048d80e577104f04f9dc527bcbdecbac1e0bd777c98286ecfff8aeba7,timestamped_live_quote,FBS vs FBS
2026-09-29T20:34:46Z,c1c548c80e674e3a37dcc2551beba599,2026-10-03T19:30:00Z,Kent State Golden Flashes,Ohio Bobcats,draftkings,DraftKings,2026-09-29T20:34:00Z,2026-09-29T20:34:00Z,Ohio Bobcats,-3.0,-115.0,2026,2026-09-29T20:34:46Z,1344,-8.22849196062735,1.3002470692081236,-7.028739029835474,807aa80048d80e577104f04f9dc527bcbdecbac1e0bd777c98286ecfff8aeba7,timestamped_live_quote,FBS vs FBS
2026-09-29T20:34:46Z,c1c548c80e674e3a37dcc2551beba599,2026-10-03T19:30:00Z,Kent State Golden Flashes,Ohio Bobcats,lowvig,LowVig.ag,2026-09-29T20:33:39Z,2026-09-29T20:33:39Z,Kent State Golden Flashes,3.0,-101.0,2026,2026-09-29T20:34:46Z,1344,-8.22849196062735,1.3002470692081236,-7.028739029835474,807aa80048d80e577104f04f9dc527bcbdecbac1e0bd777c98286ecfff8aeba7,timestamped_live_quote,FBS vs FBS
2026-09-29T20:34:46Z,c1c548c80e674e3a37dcc2551beba599,2026-10-03T19:30:00Z,Kent State Golden Flashes,Ohio Bobcats,lowvig,LowVig.ag,2026-09-29T20:33:39Z,2026-09-29T20:33:39Z,Ohio Bobcats,-3.0,-111.0,2026,2026-09-29T20:34:46Z,1344,-8.22849196062735,1.3002470692081236,-7.028739029835474,807aa80048d80e577104f04f9dc527bcbdecbac1e0bd777c98286ecfff8aeba7,timestamped_live_quote,FBS vs FBS
2026-09-29T20:34:46Z,c1c548c80e674e3a37dcc2551beba599,2026-10-03T19:30:00Z,Kent State Golden Flashes,Ohio Bobcats,betonlineag,BetOnline.ag,2026-09-29T20:34:16Z,2026-09-29T20:34:16Z,Kent State Golden Flashes,3.0,-105.0,2026,2026-09-29T20:34:46Z,1344,-8.22849196062735,1.3002470692081236,-7.028739029835474,807aa80048d80e577104f04f9dc527bcbdecbac1e0bd777c98286ecfff8aeba7,timestamped_live_quote,FBS vs FBS
2026-09-29T20:34:46Z,c1c548c80e674e3a37dcc2551beba599,2026-10-03T19:30:00Z,Kent State Golden Flashes,Ohio Bobcats,betonlineag,BetOnline.ag,2026-09-29T20:34:16Z,2026-09-29T20:34:16Z,Ohio Bobcats,-3.0,-115.0,2026,2026-09-29T20:34:46Z,1344,-8.22849196062735,1.3002470692081236,-7.028739029835474,807aa80048d80e577104f04f9dc527bcbdecbac1e0bd777c98286ecfff8aeba7,timestamped_live_quote,FBS vs FBS
2026-09-29T20:34:46Z,c1c548c80e674e3a37dcc2551beba599,2026-10-03T19:30:00Z,Kent State Golden Flashes,Ohio Bobcats,mybookieag,MyBookie.ag,2026-09-29T20:33:40Z,2026-09-29T20:33:40Z,Kent State Golden Flashes,3.0,-110.0,2026,2026-09-29T20:34:46Z,1344,-8.22849196062735,1.3002470692081236,-7.028739029835474,807aa80048d80e577104f04f9dc527bcbdecbac1e0bd777c98286ecfff8aeba7,timestamped_live_quote,FBS vs FBS
2026-09-29T20:34:46Z,c1c548c80e674e3a37dcc2551beba599,2026-10-03T19:30:00Z,Kent State Golden Flashes,Ohio Bobcats,mybookieag,MyBookie.ag,2026-09-29T20:33:40Z,2026-09-29T20:33:40Z,Ohio Bobcats,-3.0,-110.0,2026,2026-09-29T20:34:46Z,1344,-8.22849196062735,1.3002470692081236,-7.028739029835474,807aa80048d80e577104f04f9dc527bcbdecbac1e0bd777c98286ecfff8aeba7,timestamped_live_quote,FBS vs FBS
2026-09-29T20:34:46Z,c1c548c80e674e3a37dcc2551beba599,2026-10-03T19:30:00Z,Kent State Golden Flashes,Ohio Bobcats,betmgm,BetMGM,2026-09-29T20:34:33Z,2026-09-29T20:34:33Z,Kent State Golden Flashes,3.0,-102.0,2026,2026-09-29T20:34:46Z,1344,-8.22849196062735,1.3002470692081236,-7.028739029835474,807aa80048d80e577104f04f9dc527bcbdecbac1e0bd777c98286ecfff8aeba7,timestamped_live_quote,FBS vs FBS
2026-09-29T20:34:46Z,c1c548c80e674e3a37dcc2551beba599,2026-10-03T19:30:00Z,Kent State Golden Flashes,Ohio Bobcats,betmgm,BetMGM,2026-09-29T20:34:33Z,2026-09-29T20:34:33Z,Ohio Bobcats,-3.0,-118.0,2026,2026-09-29T20:34:46Z,1344,-8.22849196062735,1.3002470692081236,-7.028739029835474,807aa80048d80e577104f04f9dc527bcbdecbac1e0bd777c98286ecfff8aeba7,timestamped_live_quote,FBS vs FBS
2026-09-29T20:34:46Z,c1c548c80e674e3a37dcc2551beba599,2026-10-03T19:30:00Z,Kent State Golden Flashes,Ohio Bobcats,betus,BetUS,2026-09-29T20:34:18Z,2026-09-29T20:34:18Z,Kent State Golden Flashes,3.0,-105.0,2026,2026-09-29T20:34:46Z,1344,-8.22849196062735,1.3002470692081236,-7.028739029835474,807aa80048d80e577104f04f9dc527bcbdecbac1e0bd777c98286ecfff8aeba7,timestamped_live_quote,FBS vs FBS
2026-09-29T20:34:46Z,c1c548c80e674e3a37dcc2551beba599,2026-10-03T19:30:00Z,Kent State Golden Flashes,Ohio Bobcats,betus,BetUS,2026-09-29T20:34:18Z,2026-09-29T20:34:18Z,Ohio Bobcats,-3.0,-115.0,2026,2026-09-29T20:34:46Z,1344,-8.22849196062735,1.3002470692081236,-7.028739029835474,807aa80048d80e577104f04f9dc527bcbdecbac1e0bd777c98286ecfff8aeba7,timestamped_live_quote,FBS vs FBS
2026-09-29T20:34:46Z,c1c548c80e674e3a37dcc2551beba599,2026-10-03T19:30:00Z,Kent State Golden Flashes,Ohio Bobcats,bovada,Bovada,2026-09-29T20:33:33Z,2026-09-29T20:33:33Z,Kent State Golden Flashes,3.0,-105.0,2026,2026-09-29T20:34:46Z,1344,-8.22849196062735,1.3002470692081236,-7.028739029835474,807aa80048d80e577104f04f9dc527bcbdecbac1e0bd777c98286ecfff8aeba7,timestamped_live_quote,FBS vs FBS
2026-09-29T20:34:46Z,c1c548c80e674e3a37dcc2551beba599,2026-10-03T19:30:00Z,Kent State Golden Flashes,Ohio Bobcats,bovada,Bovada,2026-09-29T20:33:33Z,2026-09-29T20:33:33Z,Ohio Bobcats,-3.0,-115.0,2026,2026-09-29T20:34:46Z,1344,-8.22849196062735,1.3002470692081236,-7.028739029835474,807aa80048d80e577104f04f9dc527bcbdecbac1e0bd777c98286ecfff8aeba7,timestamped_live_quote,FBS vs FBS
2026-09-29T20:34:46Z,a77fd3143159a9d16a75685528d9960b,2026-10-03T19:30:00Z,NC State Wolfpack,Louisville Cardinals,draftkings,DraftKings,2026-09-29T20:34:00Z,2026-09-29T20:34:00Z,Louisville Cardinals,-4.0,-105.0,2026,2026-09-29T20:34:46Z,1344,9.101931898494797,6.711019198830559,4.890912699664238,807aa80048d80e577104f04f9dc527bcbdecbac1e0bd777c98286ecfff8aeba7,timestamped_live_quote,FBS vs FBS
2026-09-29T20:34:46Z,a77fd3143159a9d16a75685528d9960b,2026-10-03T19:30:00Z,NC State Wolfpack,Louisville Cardinals,draftkings,DraftKings,2026-09-29T20:34:00Z,2026-09-29T20:34:00Z,NC State Wolfpack,4.0,-115.0,2026,2026-09-29T20:34:46Z,1344,9.101931898494797,6.711019198830559,4.890912699664238,807aa80048d80e577104f04f9dc527bcbdecbac1e0bd777c98286ecfff8aeba7,timestamped_live_quote,FBS vs FBS
2026-09-29T20:34:46Z,a77fd3143159a9d16a75685528d9960b,2026-10-03T19:30:00Z,NC State Wolfpack,Louisville Cardinals,fanduel,FanDuel,2026-09-29T20:34:20Z,2026-09-29T20:34:19Z,Louisville Cardinals,-3.5,-112.0,2026,2026-09-29T20:34:46Z,1344,9.101931898494797,6.711019198830559,4.890912699664238,807aa80048d80e577104f04f9dc527bcbdecbac1e0bd777c98286ecfff8aeba7,timestamped_live_quote,FBS vs FBS
2026-09-29T20:34:46Z,a77fd3143159a9d16a75685528d9960b,2026-10-03T19:30:00Z,NC State Wolfpack,Louisville Cardinals,fanduel,FanDuel,2026-09-29T20:34:20Z,2026-09-29T20:34:19Z,NC State Wolfpack,3.5,-108.0,2026,2026-09-29T20:34:46Z,1344,9.101931898494797,6.711019198830559,4.890912699664238,807aa80048d80e577104f04f9dc527bcbdecbac1e0bd777c98286ecfff8aeba7,timestamped_live_quote,FBS vs FBS
2026-09-29T20:34:46Z,a77fd3143159a9d16a75685528d9960b,2026-10-03T19:30:00Z,NC State Wolfpack,Louisville Cardinals,betrivers,BetRivers,2026-09-29T20:34:19Z,2026-09-29T20:34:19Z,Louisville Cardinals,-3.5,-114.0,2026,2026-09-29T20:34:46Z,1344,9.101931898494797,6.711019198830559,4.890912699664238,807aa80048d80e577104f04f9dc527bcbdecbac1e0bd777c98286ecfff8aeba7,timestamped_live_quote,FBS vs FBS
2026-09-29T20:34:46Z,a77fd3143159a9d16a75685528d9960b,2026-10-03T19:30:00Z,NC State Wolfpack,Louisville Cardinals,betrivers,BetRivers,2026-09-29T20:34:19Z,2026-09-29T20:34:19Z,NC State Wolfpack,3.5,-109.0,2026,2026-09-29T20:34:46Z,1344,9.101931898494797,6.711019198830559,4.890912699664238,807aa80048d80e577104f04f9dc527bcbdecbac1e0bd777c98286ecfff8aeba7,timestamped_live_quote,FBS vs FBS
2026-09-29T20:34:46Z,a77fd3143159a9d16a75685528d9960b,2026-10-03T19:30:00Z,NC State Wolfpack,Louisville Cardinals,betonlineag,BetOnline.ag,2026-09-29T20:34:16Z,2026-09-29T20:34:16Z,Louisville Cardinals,-3.5,-110.0,2026,2026-09-29T20:34:46Z,1344,9.101931898494797,6.711019198830559,4.890912699664238,807aa80048d80e577104f04f9dc527bcbdecbac1e0bd777c98286ecfff8aeba7,timestamped_live_quote,FBS vs FBS
2026-09-29T20:34:46Z,a77fd3143159a9d16a75685528d9960b,2026-10-03T19:30:00Z,NC State Wolfpack,Louisville Cardinals,betonlineag,BetOnline.ag,2026-09-29T20:34:16Z,2026-09-29T20:34:16Z,NC State Wolfpack,3.5,-110.0,2026,2026-09-29T20:34:46Z,1344,9.101931898494797,6.711019198830559,4.890912699664238,807aa80048d80e577104f04f9dc527bcbdecbac1e0bd777c98286ecfff8aeba7,timestamped_live_quote,FBS vs FBS
2026-09-29T20:34:46Z,a77fd3143159a9d16a75685528d9960b,2026-10-03T19:30:00Z,NC State Wolfpack,Louisville Cardinals,lowvig,LowVig.ag,2026-09-29T20:33:39Z,2026-09-29T20:33:39Z,Louisville Cardinals,-3.5,-106.0,2026,2026-09-29T20:34:46Z,1344,9.101931898494797,6.711019198830559,4.890912699664238,807aa80048d80e577104f04f9dc527bcbdecbac1e0bd777c98286ecfff8aeba7,timestamped_live_quote,FBS vs FBS
2026-09-29T20:34:46Z,a77fd3143159a9d16a75685528d9960b,2026-10-03T19:30:00Z,NC State Wolfpack,Louisville Cardinals,lowvig,LowVig.ag,2026-09-29T20:33:39Z,2026-09-29T20:33:39Z,NC State Wolfpack,3.5,-106.0,2026,2026-09-29T20:34:46Z,1344,9.101931898494797,6.711019198830559,4.890912699664238,807aa80048d80e577104f04f9dc527bcbdecbac1e0bd777c98286ecfff8aeba7,timestamped_live_quote,FBS vs FBS
2026-09-29T20:34:46Z,a77fd3143159a9d16a75685528d9960b,2026-10-03T19:30:00Z,NC State Wolfpack,Louisville Cardinals,mybookieag,MyBookie.ag,2026-09-29T20:33:40Z,2026-09-29T20:33:40Z,Louisville Cardinals,-4.0,-110.0,2026,2026-09-29T20:34:46Z,1344,9.101931898494797,6.711019198830559,4.890912699664238,807aa80048d80e577104f04f9dc527bcbdecbac1e0bd777c98286ecfff8aeba7,timestamped_live_quote,FBS vs FBS
2026-09-29T20:34:46Z,a77fd3143159a9d16a75685528d9960b,2026-10-03T19:30:00Z,NC State Wolfpack,Louisville Cardinals,mybookieag,MyBookie.ag,2026-09-29T20:33:40Z,2026-09-29T20:33:40Z,NC State Wolfpack,4.0,-110.0,2026,2026-09-29T20:34:46Z,1344,9.101931898494797,6.711019198830559,4.890912699664238,807aa80048d80e577104f04f9dc527bcbdecbac1e0bd777c98286ecfff8aeba7,timestamped_live_quote,FBS vs FBS
2026-09-29T20:34:46Z,a77fd3143159a9d16a75685528d9960b,2026-10-03T19:30:00Z,NC State Wolfpack,Louisville Cardinals,betmgm,BetMGM,2026-09-29T20:34:33Z,2026-09-29T20:34:33Z,Louisville Cardinals,-3.5,-110.0,2026,2026-09-29T20:34:46Z,1344,9.101931898494797,6.711019198830559,4.890912699664238,807aa80048d80e577104f04f9dc527bcbdecbac1e0bd777c98286ecfff8aeba7,timestamped_live_quote,FBS vs FBS
2026-09-29T20:34:46Z,a77fd3143159a9d16a75685528d9960b,2026-10-03T19:30:00Z,NC State Wolfpack,Louisville Cardinals,betmgm,BetMGM,2026-09-29T20:34:33Z,2026-09-29T20:34:33Z,NC State Wolfpack,3.5,-108.0,2026,2026-09-29T20:34:46Z,1344,9.101931898494797,6.711019198830559,4.890912699664238,807aa80048d80e577104f04f9dc527bcbdecbac1e0bd777c98286ecfff8aeba7,timestamped_live_quote,FBS vs FBS
2026-09-29T20:34:46Z,a77fd3143159a9d16a75685528d9960b,2026-10-03T19:30:00Z,NC State Wolfpack,Louisville Cardinals,betus,BetUS,2026-09-29T20:34:18Z,2026-09-29T20:34:18Z,Louisville Cardinals,-3.5,-110.0,2026,2026-09-29T20:34:46Z,1344,9.101931898494797,6.711019198830559,4.890912699664238,807aa80048d80e577104f04f9dc527bcbdecbac1e0bd777c98286ecfff8aeba7,timestamped_live_quote,FBS vs FBS
2026-09-29T20:34:46Z,a77fd3143159a9d16a75685528d9960b,2026-10-03T19:30:00Z,NC State Wolfpack,Louisville Cardinals,betus,BetUS,2026-09-29T20:34:18Z,2026-09-29T20:34:18Z,NC State Wolfpack,3.5,-110.0,2026,2026-09-29T20:34:46Z,1344,9.101931898494797,6.711019198830559,4.890912699664238,807aa80048d80e577104f04f9dc527bcbdecbac1e0bd777c98286ecfff8aeba7,timestamped_live_quote,FBS vs FBS
2026-09-29T20:34:46Z,a77fd3143159a9d16a75685528d9960b,2026-10-03T19:30:00Z,NC State Wolfpack,Louisville Cardinals,bovada,Bovada,2026-09-29T20:33:33Z,2026-09-29T20:33:33Z,Louisville Cardinals,-4.0,-105.0,2026,2026-09-29T20:34:46Z,1344,9.101931898494797,6.711019198830559,4.890912699664238,807aa80048d80e577104f04f9dc527bcbdecbac1e0bd777c98286ecfff8aeba7,timestamped_live_quote,FBS vs FBS
2026-09-29T20:34:46Z,a77fd3143159a9d16a75685528d9960b,2026-10-03T19:30:00Z,NC State Wolfpack,Louisville Cardinals,bovada,Bovada,2026-09-29T20:33:33Z,2026-09-29T20:33:33Z,NC State Wolfpack,4.0,-115.0,2026,2026-09-29T20:34:46Z,1344,9.101931898494797,6.711019198830559,4.890912699664238,807aa80048d80e577104f04f9dc527bcbdecbac1e0bd777c98286ecfff8aeba7,timestamped_live_quote,FBS vs FBS
2026-09-29T20:34:46Z,b36c1d83299d019b7833660a29e9da9c,2026-10-03T19:30:00Z,North Dakota State Bison,Wyoming Cowboys,fanduel,FanDuel,2026-09-29T20:34:20Z,2026-09-29T20:34:20Z,North Dakota State Bison,-18.5,-110.0,2026,2026-09-29T20:34:46Z,1344,,,,807aa80048d80e577104f04f9dc527bcbdecbac1e0bd777c98286ecfff8aeba7,division_safety_suppressed,Unverified division / FCS: model suppressed
2026-09-29T20:34:46Z,b36c1d83299d019b7833660a29e9da9c,2026-10-03T19:30:00Z,North Dakota State Bison,Wyoming Cowboys,fanduel,FanDuel,2026-09-29T20:34:20Z,2026-09-29T20:34:20Z,Wyoming Cowboys,18.5,-110.0,2026,2026-09-29T20:34:46Z,1344,,,,807aa80048d80e577104f04f9dc527bcbdecbac1e0bd777c98286ecfff8aeba7,division_safety_suppressed,Unverified division / FCS: model suppressed
2026-09-29T20:34:46Z,b36c1d83299d019b7833660a29e9da9c,2026-10-03T19:30:00Z,North Dakota State Bison,Wyoming Cowboys,draftkings,DraftKings,2026-09-29T20:34:00Z,2026-09-29T20:34:00Z,North Dakota State Bison,-18.5,-110.0,2026,2026-09-29T20:34:46Z,1344,,,,807aa80048d80e577104f04f9dc527bcbdecbac1e0bd777c98286ecfff8aeba7,division_safety_suppressed,Unverified division / FCS: model suppressed
2026-09-29T20:34:46Z,b36c1d83299d019b7833660a29e9da9c,2026-10-03T19:30:00Z,North Dakota State Bison,Wyoming Cowboys,draftkings,DraftKings,2026-09-29T20:34:00Z,2026-09-29T20:34:00Z,Wyoming Cowboys,18.5,-110.0,2026,2026-09-29T20:34:46Z,1344,,,,807aa80048d80e577104f04f9dc527bcbdecbac1e0bd777c98286ecfff8aeba7,division_safety_suppressed,Unverified division / FCS: model suppressed
2026-09-29T20:34:46Z,b36c1d83299d019b7833660a29e9da9c,2026-10-03T19:30:00Z,North Dakota State Bison,Wyoming Cowboys,lowvig,LowVig.ag,2026-09-29T20:33:39Z,2026-09-29T20:33:39Z,North Dakota State Bison,-18.0,-111.0,2026,2026-09-29T20:34:46Z,1344,,,,807aa80048d80e577104f04f9dc527bcbdecbac1e0bd777c98286ecfff8aeba7,division_safety_suppressed,Unverified division / FCS: model suppressed
2026-09-29T20:34:46Z,b36c1d83299d019b7833660a29e9da9c,2026-10-03T19:30:00Z,North Dakota State Bison,Wyoming Cowboys,lowvig,LowVig.ag,2026-09-29T20:33:39Z,2026-09-29T20:33:39Z,Wyoming Cowboys,18.0,-101.0,2026,2026-09-29T20:34:46Z,1344,,,,807aa80048d80e577104f04f9dc527bcbdecbac1e0bd777c98286ecfff8aeba7,division_safety_suppressed,Unverified division / FCS: model suppressed
2026-09-29T20:34:46Z,b36c1d83299d019b7833660a29e9da9c,2026-10-03T19:30:00Z,North Dakota State Bison,Wyoming Cowboys,betonlineag,BetOnline.ag,2026-09-29T20:34:16Z,2026-09-29T20:34:16Z,North Dakota State Bison,-18.0,-115.0,2026,2026-09-29T20:34:46Z,1344,,,,807aa80048d80e577104f04f9dc527bcbdecbac1e0bd777c98286ecfff8aeba7,division_safety_suppressed,Unverified division / FCS: model suppressed
2026-09-29T20:34:46Z,b36c1d83299d019b7833660a29e9da9c,2026-10-03T19:30:00Z,North Dakota State Bison,Wyoming Cowboys,betonlineag,BetOnline.ag,2026-09-29T20:34:16Z,2026-09-29T20:34:16Z,Wyoming Cowboys,18.0,-105.0,2026,2026-09-29T20:34:46Z,1344,,,,807aa80048d80e577104f04f9dc527bcbdecbac1e0bd777c98286ecfff8aeba7,division_safety_suppressed,Unverified division / FCS: model suppressed
2026-09-29T20:34:46Z,b36c1d83299d019b7833660a29e9da9c,2026-10-03T19:30:00Z,North Dakota State Bison,Wyoming Cowboys,mybookieag,MyBookie.ag,2026-09-29T20:33:40Z,2026-09-29T20:33:40Z,North Dakota State Bison,-19.0,-110.0,2026,2026-09-29T20:34:46Z,1344,,,,807aa80048d80e577104f04f9dc527bcbdecbac1e0bd777c98286ecfff8aeba7,division_safety_suppressed,Unverified division / FCS: model suppressed
2026-09-29T20:34:46Z,b36c1d83299d019b7833660a29e9da9c,2026-10-03T19:30:00Z,North Dakota State Bison,Wyoming Cowboys,mybookieag,MyBookie.ag,2026-09-29T20:33:40Z,2026-09-29T20:33:40Z,Wyoming Cowboys,19.0,-110.0,2026,2026-09-29T20:34:46Z,1344,,,,807aa80048d80e577104f04f9dc527bcbdecbac1e0bd777c98286ecfff8aeba7,division_safety_suppressed,Unverified division / FCS: model suppressed
2026-09-29T20:34:46Z,b36c1d83299d019b7833660a29e9da9c,2026-10-03T19:30:00Z,North Dakota State Bison,Wyoming Cowboys,betmgm,BetMGM,2026-09-29T20:34:33Z,2026-09-29T20:34:33Z,North Dakota State Bison,-18.5,-108.0,2026,2026-09-29T20:34:46Z,1344,,,,807aa80048d80e577104f04f9dc527bcbdecbac1e0bd777c98286ecfff8aeba7,division_safety_suppressed,Unverified division / FCS: model suppressed
2026-09-29T20:34:46Z,b36c1d83299d019b7833660a29e9da9c,2026-10-03T19:30:00Z,North Dakota State Bison,Wyoming Cowboys,betmgm,BetMGM,2026-09-29T20:34:33Z,2026-09-29T20:34:33Z,Wyoming Cowboys,18.5,-110.0,2026,2026-09-29T20:34:46Z,1344,,,,807aa80048d80e577104f04f9dc527bcbdecbac1e0bd777c98286ecfff8aeba7,division_safety_suppressed,Unverified division / FCS: model suppressed
2026-09-29T20:34:46Z,b36c1d83299d019b7833660a29e9da9c,2026-10-03T19:30:00Z,North Dakota State Bison,Wyoming Cowboys,betus,BetUS,2026-09-29T20:34:18Z,2026-09-29T20:34:18Z,North Dakota State Bison,-18.0,-115.0,2026,2026-09-29T20:34:46Z,1344,,,,807aa80048d80e577104f04f9dc527bcbdecbac1e0bd777c98286ecfff8aeba7,division_safety_suppressed,Unverified division / FCS: model suppressed
2026-09-29T20:34:46Z,b36c1d83299d019b7833660a29e9da9c,2026-10-03T19:30:00Z,North Dakota State Bison,Wyoming Cowboys,betus,BetUS,2026-09-29T20:34:18Z,2026-09-29T20:34:18Z,Wyoming Cowboys,18.0,-105.0,2026,2026-09-29T20:34:46Z,1344,,,,807aa80048d80e577104f04f9dc527bcbdecbac1e0bd777c98286ecfff8aeba7,division_safety_suppressed,Unverified division / FCS: model suppressed
2026-09-29T20:34:46Z,b36c1d83299d019b7833660a29e9da9c,2026-10-03T19:30:00Z,North Dakota State Bison,Wyoming Cowboys,betrivers,BetRivers,2026-09-29T20:34:19Z,2026-09-29T20:34:19Z,North Dakota State Bison,-19.5,-110.0,2026,2026-09-29T20:34:46Z,1344,,,,807aa80048d80e577104f04f9dc527bcbdecbac1e0bd777c98286ecfff8aeba7,division_safety_suppressed,Unverified division / FCS: model suppressed
2026-09-29T20:34:46Z,b36c1d83299d019b7833660a29e9da9c,2026-10-03T19:30:00Z,North Dakota State Bison,Wyoming Cowboys,betrivers,BetRivers,2026-09-29T20:34:19Z,2026-09-29T20:34:19Z,Wyoming Cowboys,19.5,-113.0,2026,2026-09-29T20:34:46Z,1344,,,,807aa80048d80e577104f04f9dc527bcbdecbac1e0bd777c98286ecfff8aeba7,division_safety_suppressed,Unverified division / FCS: model suppressed
2026-09-29T20:34:46Z,b36c1d83299d019b7833660a29e9da9c,2026-10-03T19:30:00Z,North Dakota State Bison,Wyoming Cowboys,bovada,Bovada,2026-09-29T20:33:33Z,2026-09-29T20:33:33Z,North Dakota State Bison,-18.0,-110.0,2026,2026-09-29T20:34:46Z,1344,,,,807aa80048d80e577104f04f9dc527bcbdecbac1e0bd777c98286ecfff8aeba7,division_safety_suppressed,Unverified division / FCS: model suppressed
2026-09-29T20:34:46Z,b36c1d83299d019b7833660a29e9da9c,2026-10-03T19:30:00Z,North Dakota State Bison,Wyoming Cowboys,bovada,Bovada,2026-09-29T20:33:33Z,2026-09-29T20:33:33Z,Wyoming Cowboys,18.0,-110.0,2026,2026-09-29T20:34:46Z,1344,,,,807aa80048d80e577104f04f9dc527bcbdecbac1e0bd777c98286ecfff8aeba7,division_safety_suppressed,Unverified division / FCS: model suppressed
2026-09-29T20:34:46Z,7e365956ef23823565a044a5af18736a,2026-10-03T19:45:00Z,James Madison Dukes,Marshall Thundering Herd,fanduel,FanDuel,2026-09-29T20:34:20Z,2026-09-29T20:34:20Z,James Madison Dukes,-18.5,-110.0,2026,2026-09-29T20:34:46Z,1344,15.351953422559099,-3.1087362778305163,20.960689700389615,807aa80048d80e577104f04f9dc527bcbdecbac1e0bd777c98286ecfff8aeba7,timestamped_live_quote,FBS vs FBS
2026-09-29T20:34:46Z,7e365956ef23823565a044a5af18736a,2026-10-03T19:45:00Z,James Madison Dukes,Marshall Thundering Herd,fanduel,FanDuel,2026-09-29T20:34:20Z,2026-09-29T20:34:20Z,Marshall Thundering Herd,18.5,-110.0,2026,2026-09-29T20:34:46Z,1344,15.351953422559099,-3.1087362778305163,20.960689700389615,807aa80048d80e577104f04f9dc527bcbdecbac1e0bd777c98286ecfff8aeba7,timestamped_live_quote,FBS vs FBS
2026-09-29T20:34:46Z,7e365956ef23823565a044a5af18736a,2026-10-03T19:45:00Z,James Madison Dukes,Marshall Thundering Herd,betrivers,BetRivers,2026-09-29T20:34:19Z,2026-09-29T20:34:19Z,James Madison Dukes,-17.5,-108.0,2026,2026-09-29T20:34:46Z,1344,15.351953422559099,-3.1087362778305163,20.960689700389615,807aa80048d80e577104f04f9dc527bcbdecbac1e0bd777c98286ecfff8aeba7,timestamped_live_quote,FBS vs FBS
2026-09-29T20:34:46Z,7e365956ef23823565a044a5af18736a,2026-10-03T19:45:00Z,James Madison Dukes,Marshall Thundering Herd,betrivers,BetRivers,2026-09-29T20:34:19Z,2026-09-29T20:34:19Z,Marshall Thundering Herd,17.5,-114.0,2026,2026-09-29T20:34:46Z,1344,15.351953422559099,-3.1087362778305163,20.960689700389615,807aa80048d80e577104f04f9dc527bcbdecbac1e0bd777c98286ecfff8aeba7,timestamped_live_quote,FBS vs FBS
2026-09-29T20:34:46Z,7e365956ef23823565a044a5af18736a,2026-10-03T19:45:00Z,James Madison Dukes,Marshall Thundering Herd,draftkings,DraftKings,2026-09-29T20:34:00Z,2026-09-29T20:34:00Z,James Madison Dukes,-18.5,-105.0,2026,2026-09-29T20:34:46Z,1344,15.351953422559099,-3.1087362778305163,20.960689700389615,807aa80048d80e577104f04f9dc527bcbdecbac1e0bd777c98286ecfff8aeba7,timestamped_live_quote,FBS vs FBS
2026-09-29T20:34:46Z,7e365956ef23823565a044a5af18736a,2026-10-03T19:45:00Z,James Madison Dukes,Marshall Thundering Herd,draftkings,DraftKings,2026-09-29T20:34:00Z,2026-09-29T20:34:00Z,Marshall Thundering Herd,18.5,-115.0,2026,2026-09-29T20:34:46Z,1344,15.351953422559099,-3.1087362778305163,20.960689700389615,807aa80048d80e577104f04f9dc527bcbdecbac1e0bd777c98286ecfff8aeba7,timestamped_live_quote,FBS vs FBS
2026-09-29T20:34:46Z,7e365956ef23823565a044a5af18736a,2026-10-03T19:45:00Z,James Madison Dukes,Marshall Thundering Herd,lowvig,LowVig.ag,2026-09-29T20:33:39Z,2026-09-29T20:33:39Z,James Madison Dukes,-18.5,-106.0,2026,2026-09-29T20:34:46Z,1344,15.351953422559099,-3.1087362778305163,20.960689700389615,807aa80048d80e577104f04f9dc527bcbdecbac1e0bd777c98286ecfff8aeba7,timestamped_live_quote,FBS vs FBS
2026-09-29T20:34:46Z,7e365956ef23823565a044a5af18736a,2026-10-03T19:45:00Z,James Madison Dukes,Marshall Thundering Herd,lowvig,LowVig.ag,2026-09-29T20:33:39Z,2026-09-29T20:33:39Z,Marshall Thundering Herd,18.5,-106.0,2026,2026-09-29T20:34:46Z,1344,15.351953422559099,-3.1087362778305163,20.960689700389615,807aa80048d80e577104f04f9dc527bcbdecbac1e0bd777c98286ecfff8aeba7,timestamped_live_quote,FBS vs FBS
2026-09-29T20:34:46Z,7e365956ef23823565a044a5af18736a,2026-10-03T19:45:00Z,James Madison Dukes,Marshall Thundering Herd,betonlineag,BetOnline.ag,2026-09-29T20:34:16Z,2026-09-29T20:34:16Z,James Madison Dukes,-18.5,-110.0,2026,2026-09-29T20:34:46Z,1344,15.351953422559099,-3.1087362778305163,20.960689700389615,807aa80048d80e577104f04f9dc527bcbdecbac1e0bd777c98286ecfff8aeba7,timestamped_live_quote,FBS vs FBS
2026-09-29T20:34:46Z,7e365956ef23823565a044a5af18736a,2026-10-03T19:45:00Z,James Madison Dukes,Marshall Thundering Herd,betonlineag,BetOnline.ag,2026-09-29T20:34:16Z,2026-09-29T20:34:16Z,Marshall Thundering Herd,18.5,-110.0,2026,2026-09-29T20:34:46Z,1344,15.351953422559099,-3.1087362778305163,20.960689700389615,807aa80048d80e577104f04f9dc527bcbdecbac1e0bd777c98286ecfff8aeba7,timestamped_live_quote,FBS vs FBS
2026-09-29T20:34:46Z,7e365956ef23823565a044a5af18736a,2026-10-03T19:45:00Z,James Madison Dukes,Marshall Thundering Herd,mybookieag,MyBookie.ag,2026-09-29T20:33:40Z,2026-09-29T20:33:40Z,James Madison Dukes,-18.5,-110.0,2026,2026-09-29T20:34:46Z,1344,15.351953422559099,-3.1087362778305163,20.960689700389615,807aa80048d80e577104f04f9dc527bcbdecbac1e0bd777c98286ecfff8aeba7,timestamped_live_quote,FBS vs FBS
2026-09-29T20:34:46Z,7e365956ef23823565a044a5af18736a,2026-10-03T19:45:00Z,James Madison Dukes,Marshall Thundering Herd,mybookieag,MyBookie.ag,2026-09-29T20:33:40Z,2026-09-29T20:33:40Z,Marshall Thundering Herd,18.5,-110.0,2026,2026-09-29T20:34:46Z,1344,15.351953422559099,-3.1087362778305163,20.960689700389615,807aa80048d80e577104f04f9dc527bcbdecbac1e0bd777c98286ecfff8aeba7,timestamped_live_quote,FBS vs FBS
2026-09-29T20:34:46Z,7e365956ef23823565a044a5af18736a,2026-10-03T19:45:00Z,James Madison Dukes,Marshall Thundering Herd,betus,BetUS,2026-09-29T20:34:18Z,2026-09-29T20:34:18Z,James Madison Dukes,-18.5,-110.0,2026,2026-09-29T20:34:46Z,1344,15.351953422559099,-3.1087362778305163,20.960689700389615,807aa80048d80e577104f04f9dc527bcbdecbac1e0bd777c98286ecfff8aeba7,timestamped_live_quote,FBS vs FBS
2026-09-29T20:34:46Z,7e365956ef23823565a044a5af18736a,2026-10-03T19:45:00Z,James Madison Dukes,Marshall Thundering Herd,betus,BetUS,2026-09-29T20:34:18Z,2026-09-29T20:34:18Z,Marshall Thundering Herd,18.5,-110.0,2026,2026-09-29T20:34:46Z,1344,15.351953422559099,-3.1087362778305163,20.960689700389615,807aa80048d80e577104f04f9dc527bcbdecbac1e0bd777c98286ecfff8aeba7,timestamped_live_quote,FBS vs FBS
2026-09-29T20:34:46Z,7e365956ef23823565a044a5af18736a,2026-10-03T19:45:00Z,James Madison Dukes,Marshall Thundering Herd,betmgm,BetMGM,2026-09-29T20:34:33Z,2026-09-29T20:34:33Z,James Madison Dukes,-18.5,-108.0,2026,2026-09-29T20:34:46Z,1344,15.351953422559099,-3.1087362778305163,20.960689700389615,807aa80048d80e577104f04f9dc527bcbdecbac1e0bd777c98286ecfff8aeba7,timestamped_live_quote,FBS vs FBS
2026-09-29T20:34:46Z,7e365956ef23823565a044a5af18736a,2026-10-03T19:45:00Z,James Madison Dukes,Marshall Thundering Herd,betmgm,BetMGM,2026-09-29T20:34:33Z,2026-09-29T20:34:33Z,Marshall Thundering Herd,18.5,-110.0,2026,2026-09-29T20:34:46Z,1344,15.351953422559099,-3.1087362778305163,20.960689700389615,807aa80048d80e577104f04f9dc527bcbdecbac1e0bd777c98286ecfff8aeba7,timestamped_live_quote,FBS vs FBS
2026-09-29T20:34:46Z,7e365956ef23823565a044a5af18736a,2026-10-03T19:45:00Z,James Madison Dukes,Marshall Thundering Herd,bovada,Bovada,2026-09-29T20:33:33Z,2026-09-29T20:33:33Z,James Madison Dukes,-18.5,-110.0,2026,2026-09-29T20:34:46Z,1344,15.351953422559099,-3.1087362778305163,20.960689700389615,807aa80048d80e577104f04f9dc527bcbdecbac1e0bd777c98286ecfff8aeba7,timestamped_live_quote,FBS vs FBS
2026-09-29T20:34:46Z,7e365956ef23823565a044a5af18736a,2026-10-03T19:45:00Z,James Madison Dukes,Marshall Thundering Herd,bovada,Bovada,2026-09-29T20:33:33Z,2026-09-29T20:33:33Z,Marshall Thundering Herd,18.5,-110.0,2026,2026-09-29T20:34:46Z,1344,15.351953422559099,-3.1087362778305163,20.960689700389615,807aa80048d80e577104f04f9dc527bcbdecbac1e0bd777c98286ecfff8aeba7,timestamped_live_quote,FBS vs FBS
2026-09-29T20:34:46Z,0e62429ed73f84f87f603d376477749c,2026-10-03T20:00:00Z,Nebraska Cornhuskers,Maryland Terrapins,fanduel,FanDuel,2026-09-29T20:34:20Z,2026-09-29T20:34:19Z,Maryland Terrapins,14.5,-110.0,2026,2026-09-29T20:34:46Z,1344,14.840657428254152,5.1106289410611865,12.230028487192966,807aa80048d80e577104f04f9dc527bcbdecbac1e0bd777c98286ecfff8aeba7,timestamped_live_quote,FBS vs FBS
2026-09-29T20:34:46Z,0e62429ed73f84f87f603d376477749c,2026-10-03T20:00:00Z,Nebraska Cornhuskers,Maryland Terrapins,fanduel,FanDuel,2026-09-29T20:34:20Z,2026-09-29T20:34:19Z,Nebraska Cornhuskers,-14.5,-110.0,2026,2026-09-29T20:34:46Z,1344,14.840657428254152,5.1106289410611865,12.230028487192966,807aa80048d80e577104f04f9dc527bcbdecbac1e0bd777c98286ecfff8aeba7,timestamped_live_quote,FBS vs FBS
2026-09-29T20:34:46Z,0e62429ed73f84f87f603d376477749c,2026-10-03T20:00:00Z,Nebraska Cornhuskers,Maryland Terrapins,betrivers,BetRivers,2026-09-29T20:34:19Z,2026-09-29T20:34:19Z,Maryland Terrapins,14.5,-110.0,2026,2026-09-29T20:34:46Z,1344,14.840657428254152,5.1106289410611865,12.230028487192966,807aa80048d80e577104f04f9dc527bcbdecbac1e0bd777c98286ecfff8aeba7,timestamped_live_quote,FBS vs FBS
2026-09-29T20:34:46Z,0e62429ed73f84f87f603d376477749c,2026-10-03T20:00:00Z,Nebraska Cornhuskers,Maryland Terrapins,betrivers,BetRivers,2026-09-29T20:34:19Z,2026-09-29T20:34:19Z,Nebraska Cornhuskers,-14.5,-113.0,2026,2026-09-29T20:34:46Z,1344,14.840657428254152,5.1106289410611865,12.230028487192966,807aa80048d80e577104f04f9dc527bcbdecbac1e0bd777c98286ecfff8aeba7,timestamped_live_quote,FBS vs FBS
2026-09-29T20:34:46Z,0e62429ed73f84f87f603d376477749c,2026-10-03T20:00:00Z,Nebraska Cornhuskers,Maryland Terrapins,draftkings,DraftKings,2026-09-29T20:34:00Z,2026-09-29T20:34:00Z,Maryland Terrapins,14.5,-108.0,2026,2026-09-29T20:34:46Z,1344,14.840657428254152,5.1106289410611865,12.230028487192966,807aa80048d80e577104f04f9dc527bcbdecbac1e0bd777c98286ecfff8aeba7,timestamped_live_quote,FBS vs FBS
2026-09-29T20:34:46Z,0e62429ed73f84f87f603d376477749c,2026-10-03T20:00:00Z,Nebraska Cornhuskers,Maryland Terrapins,draftkings,DraftKings,2026-09-29T20:34:00Z,2026-09-29T20:34:00Z,Nebraska Cornhuskers,-14.5,-112.0,2026,2026-09-29T20:34:46Z,1344,14.840657428254152,5.1106289410611865,12.230028487192966,807aa80048d80e577104f04f9dc527bcbdecbac1e0bd777c98286ecfff8aeba7,timestamped_live_quote,FBS vs FBS
2026-09-29T20:34:46Z,0e62429ed73f84f87f603d376477749c,2026-10-03T20:00:00Z,Nebraska Cornhuskers,Maryland Terrapins,betonlineag,BetOnline.ag,2026-09-29T20:34:16Z,2026-09-29T20:34:16Z,Maryland Terrapins,14.5,-107.0,2026,2026-09-29T20:34:46Z,1344,14.840657428254152,5.1106289410611865,12.230028487192966,807aa80048d80e577104f04f9dc527bcbdecbac1e0bd777c98286ecfff8aeba7,timestamped_live_quote,FBS vs FBS
2026-09-29T20:34:46Z,0e62429ed73f84f87f603d376477749c,2026-10-03T20:00:00Z,Nebraska Cornhuskers,Maryland Terrapins,betonlineag,BetOnline.ag,2026-09-29T20:34:16Z,2026-09-29T20:34:16Z,Nebraska Cornhuskers,-14.5,-113.0,2026,2026-09-29T20:34:46Z,1344,14.840657428254152,5.1106289410611865,12.230028487192966,807aa80048d80e577104f04f9dc527bcbdecbac1e0bd777c98286ecfff8aeba7,timestamped_live_quote,FBS vs FBS
2026-09-29T20:34:46Z,0e62429ed73f84f87f603d376477749c,2026-10-03T20:00:00Z,Nebraska Cornhuskers,Maryland Terrapins,lowvig,LowVig.ag,2026-09-29T20:33:39Z,2026-09-29T20:33:39Z,Maryland Terrapins,14.5,-103.0,2026,2026-09-29T20:34:46Z,1344,14.840657428254152,5.1106289410611865,12.230028487192966,807aa80048d80e577104f04f9dc527bcbdecbac1e0bd777c98286ecfff8aeba7,timestamped_live_quote,FBS vs FBS
2026-09-29T20:34:46Z,0e62429ed73f84f87f603d376477749c,2026-10-03T20:00:00Z,Nebraska Cornhuskers,Maryland Terrapins,lowvig,LowVig.ag,2026-09-29T20:33:39Z,2026-09-29T20:33:39Z,Nebraska Cornhuskers,-14.5,-109.0,2026,2026-09-29T20:34:46Z,1344,14.840657428254152,5.1106289410611865,12.230028487192966,807aa80048d80e577104f04f9dc527bcbdecbac1e0bd777c98286ecfff8aeba7,timestamped_live_quote,FBS vs FBS
2026-09-29T20:34:46Z,0e62429ed73f84f87f603d376477749c,2026-10-03T20:00:00Z,Nebraska Cornhuskers,Maryland Terrapins,mybookieag,MyBookie.ag,2026-09-29T20:33:40Z,2026-09-29T20:33:40Z,Maryland Terrapins,14.5,-110.0,2026,2026-09-29T20:34:46Z,1344,14.840657428254152,5.1106289410611865,12.230028487192966,807aa80048d80e577104f04f9dc527bcbdecbac1e0bd777c98286ecfff8aeba7,timestamped_live_quote,FBS vs FBS
2026-09-29T20:34:46Z,0e62429ed73f84f87f603d376477749c,2026-10-03T20:00:00Z,Nebraska Cornhuskers,Maryland Terrapins,mybookieag,MyBookie.ag,2026-09-29T20:33:40Z,2026-09-29T20:33:40Z,Nebraska Cornhuskers,-14.5,-110.0,2026,2026-09-29T20:34:46Z,1344,14.840657428254152,5.1106289410611865,12.230028487192966,807aa80048d80e577104f04f9dc527bcbdecbac1e0bd777c98286ecfff8aeba7,timestamped_live_quote,FBS vs FBS
2026-09-29T20:34:46Z,0e62429ed73f84f87f603d376477749c,2026-10-03T20:00:00Z,Nebraska Cornhuskers,Maryland Terrapins,betmgm,BetMGM,2026-09-29T20:34:33Z,2026-09-29T20:34:33Z,Maryland Terrapins,14.5,-110.0,2026,2026-09-29T20:34:46Z,1344,14.840657428254152,5.1106289410611865,12.230028487192966,807aa80048d80e577104f04f9dc527bcbdecbac1e0bd777c98286ecfff8aeba7,timestamped_live_quote,FBS vs FBS
2026-09-29T20:34:46Z,0e62429ed73f84f87f603d376477749c,2026-10-03T20:00:00Z,Nebraska Cornhuskers,Maryland Terrapins,betmgm,BetMGM,2026-09-29T20:34:33Z,2026-09-29T20:34:33Z,Nebraska Cornhuskers,-14.5,-108.0,2026,2026-09-29T20:34:46Z,1344,14.840657428254152,5.1106289410611865,12.230028487192966,807aa80048d80e577104f04f9dc527bcbdecbac1e0bd777c98286ecfff8aeba7,timestamped_live_quote,FBS vs FBS
2026-09-29T20:34:46Z,0e62429ed73f84f87f603d376477749c,2026-10-03T20:00:00Z,Nebraska Cornhuskers,Maryland Terrapins,betus,BetUS,2026-09-29T20:34:18Z,2026-09-29T20:34:18Z,Maryland Terrapins,15.0,-110.0,2026,2026-09-29T20:34:46Z,1344,14.840657428254152,5.1106289410611865,12.230028487192966,807aa80048d80e577104f04f9dc527bcbdecbac1e0bd777c98286ecfff8aeba7,timestamped_live_quote,FBS vs FBS
2026-09-29T20:34:46Z,0e62429ed73f84f87f603d376477749c,2026-10-03T20:00:00Z,Nebraska Cornhuskers,Maryland Terrapins,betus,BetUS,2026-09-29T20:34:18Z,2026-09-29T20:34:18Z,Nebraska Cornhuskers,-15.0,-110.0,2026,2026-09-29T20:34:46Z,1344,14.840657428254152,5.1106289410611865,12.230028487192966,807aa80048d80e577104f04f9dc527bcbdecbac1e0bd777c98286ecfff8aeba7,timestamped_live_quote,FBS vs FBS
2026-09-29T20:34:46Z,0e62429ed73f84f87f603d376477749c,2026-10-03T20:00:00Z,Nebraska Cornhuskers,Maryland Terrapins,bovada,Bovada,2026-09-29T20:33:33Z,2026-09-29T20:33:33Z,Maryland Terrapins,14.5,-110.0,2026,2026-09-29T20:34:46Z,1344,14.840657428254152,5.1106289410611865,12.230028487192966,807aa80048d80e577104f04f9dc527bcbdecbac1e0bd777c98286ecfff8aeba7,timestamped_live_quote,FBS vs FBS
2026-09-29T20:34:46Z,0e62429ed73f84f87f603d376477749c,2026-10-03T20:00:00Z,Nebraska Cornhuskers,Maryland Terrapins,bovada,Bovada,2026-09-29T20:33:33Z,2026-09-29T20:33:33Z,Nebraska Cornhuskers,-14.5,-110.0,2026,2026-09-29T20:34:46Z,1344,14.840657428254152,5.1106289410611865,12.230028487192966,807aa80048d80e577104f04f9dc527bcbdecbac1e0bd777c98286ecfff8aeba7,timestamped_live_quote,FBS vs FBS
2026-09-29T20:34:46Z,e7e3e3bfc3fd7fca7550ecf48cb78666,2026-10-03T20:00:00Z,New Mexico Lobos,UTEP Miners,draftkings,DraftKings,2026-09-29T20:34:00Z,2026-09-29T20:34:00Z,New Mexico Lobos,-22.5,-112.0,2026,2026-09-29T20:34:46Z,1344,11.843249834156492,-7.720074412950458,22.063324247106948,807aa80048d80e577104f04f9dc527bcbdecbac1e0bd777c98286ecfff8aeba7,timestamped_live_quote,FBS vs FBS
2026-09-29T20:34:46Z,e7e3e3bfc3fd7fca7550ecf48cb78666,2026-10-03T20:00:00Z,New Mexico Lobos,UTEP Miners,draftkings,DraftKings,2026-09-29T20:34:00Z,2026-09-29T20:34:00Z,UTEP Miners,22.5,-108.0,2026,2026-09-29T20:34:46Z,1344,11.843249834156492,-7.720074412950458,22.063324247106948,807aa80048d80e577104f04f9dc527bcbdecbac1e0bd777c98286ecfff8aeba7,timestamped_live_quote,FBS vs FBS
2026-09-29T20:34:46Z,e7e3e3bfc3fd7fca7550ecf48cb78666,2026-10-03T20:00:00Z,New Mexico Lobos,UTEP Miners,betonlineag,BetOnline.ag,2026-09-29T20:34:16Z,2026-09-29T20:34:16Z,New Mexico Lobos,-22.5,-110.0,2026,2026-09-29T20:34:46Z,1344,11.843249834156492,-7.720074412950458,22.063324247106948,807aa80048d80e577104f04f9dc527bcbdecbac1e0bd777c98286ecfff8aeba7,timestamped_live_quote,FBS vs FBS
2026-09-29T20:34:46Z,e7e3e3bfc3fd7fca7550ecf48cb78666,2026-10-03T20:00:00Z,New Mexico Lobos,UTEP Miners,betonlineag,BetOnline.ag,2026-09-29T20:34:16Z,2026-09-29T20:34:16Z,UTEP Miners,22.5,-110.0,2026,2026-09-29T20:34:46Z,1344,11.843249834156492,-7.720074412950458,22.063324247106948,807aa80048d80e577104f04f9dc527bcbdecbac1e0bd777c98286ecfff8aeba7,timestamped_live_quote,FBS vs FBS
2026-09-29T20:34:46Z,e7e3e3bfc3fd7fca7550ecf48cb78666,2026-10-03T20:00:00Z,New Mexico Lobos,UTEP Miners,lowvig,LowVig.ag,2026-09-29T20:33:39Z,2026-09-29T20:33:39Z,New Mexico Lobos,-22.5,-106.0,2026,2026-09-29T20:34:46Z,1344,11.843249834156492,-7.720074412950458,22.063324247106948,807aa80048d80e577104f04f9dc527bcbdecbac1e0bd777c98286ecfff8aeba7,timestamped_live_quote,FBS vs FBS
2026-09-29T20:34:46Z,e7e3e3bfc3fd7fca7550ecf48cb78666,2026-10-03T20:00:00Z,New Mexico Lobos,UTEP Miners,lowvig,LowVig.ag,2026-09-29T20:33:39Z,2026-09-29T20:33:39Z,UTEP Miners,22.5,-106.0,2026,2026-09-29T20:34:46Z,1344,11.843249834156492,-7.720074412950458,22.063324247106948,807aa80048d80e577104f04f9dc527bcbdecbac1e0bd777c98286ecfff8aeba7,timestamped_live_quote,FBS vs FBS
2026-09-29T20:34:46Z,e7e3e3bfc3fd7fca7550ecf48cb78666,2026-10-03T20:00:00Z,New Mexico Lobos,UTEP Miners,fanduel,FanDuel,2026-09-29T20:34:20Z,2026-09-29T20:34:20Z,New Mexico Lobos,-22.5,-110.0,2026,2026-09-29T20:34:46Z,1344,11.843249834156492,-7.720074412950458,22.063324247106948,807aa80048d80e577104f04f9dc527bcbdecbac1e0bd777c98286ecfff8aeba7,timestamped_live_quote,FBS vs FBS
2026-09-29T20:34:46Z,e7e3e3bfc3fd7fca7550ecf48cb78666,2026-10-03T20:00:00Z,New Mexico Lobos,UTEP Miners,fanduel,FanDuel,2026-09-29T20:34:20Z,2026-09-29T20:34:20Z,UTEP Miners,22.5,-110.0,2026,2026-09-29T20:34:46Z,1344,11.843249834156492,-7.720074412950458,22.063324247106948,807aa80048d80e577104f04f9dc527bcbdecbac1e0bd777c98286ecfff8aeba7,timestamped_live_quote,FBS vs FBS
2026-09-29T20:34:46Z,e7e3e3bfc3fd7fca7550ecf48cb78666,2026-10-03T20:00:00Z,New Mexico Lobos,UTEP Miners,mybookieag,MyBookie.ag,2026-09-29T20:33:40Z,2026-09-29T20:33:40Z,New Mexico Lobos,-22.5,-110.0,2026,2026-09-29T20:34:46Z,1344,11.843249834156492,-7.720074412950458,22.063324247106948,807aa80048d80e577104f04f9dc527bcbdecbac1e0bd777c98286ecfff8aeba7,timestamped_live_quote,FBS vs FBS
2026-09-29T20:34:46Z,e7e3e3bfc3fd7fca7550ecf48cb78666,2026-10-03T20:00:00Z,New Mexico Lobos,UTEP Miners,mybookieag,MyBookie.ag,2026-09-29T20:33:40Z,2026-09-29T20:33:40Z,UTEP Miners,22.5,-110.0,2026,2026-09-29T20:34:46Z,1344,11.843249834156492,-7.720074412950458,22.063324247106948,807aa80048d80e577104f04f9dc527bcbdecbac1e0bd777c98286ecfff8aeba7,timestamped_live_quote,FBS vs FBS
2026-09-29T20:34:46Z,e7e3e3bfc3fd7fca7550ecf48cb78666,2026-10-03T20:00:00Z,New Mexico Lobos,UTEP Miners,betmgm,BetMGM,2026-09-29T20:34:33Z,2026-09-29T20:34:33Z,New Mexico Lobos,-22.5,-110.0,2026,2026-09-29T20:34:46Z,1344,11.843249834156492,-7.720074412950458,22.063324247106948,807aa80048d80e577104f04f9dc527bcbdecbac1e0bd777c98286ecfff8aeba7,timestamped_live_quote,FBS vs FBS
2026-09-29T20:34:46Z,e7e3e3bfc3fd7fca7550ecf48cb78666,2026-10-03T20:00:00Z,New Mexico Lobos,UTEP Miners,betmgm,BetMGM,2026-09-29T20:34:33Z,2026-09-29T20:34:33Z,UTEP Miners,22.5,-108.0,2026,2026-09-29T20:34:46Z,1344,11.843249834156492,-7.720074412950458,22.063324247106948,807aa80048d80e577104f04f9dc527bcbdecbac1e0bd777c98286ecfff8aeba7,timestamped_live_quote,FBS vs FBS
2026-09-29T20:34:46Z,e7e3e3bfc3fd7fca7550ecf48cb78666,2026-10-03T20:00:00Z,New Mexico Lobos,UTEP Miners,betus,BetUS,2026-09-29T20:34:18Z,2026-09-29T20:34:18Z,New Mexico Lobos,-22.5,-110.0,2026,2026-09-29T20:34:46Z,1344,11.843249834156492,-7.720074412950458,22.063324247106948,807aa80048d80e577104f04f9dc527bcbdecbac1e0bd777c98286ecfff8aeba7,timestamped_live_quote,FBS vs FBS
2026-09-29T20:34:46Z,e7e3e3bfc3fd7fca7550ecf48cb78666,2026-10-03T20:00:00Z,New Mexico Lobos,UTEP Miners,betus,BetUS,2026-09-29T20:34:18Z,2026-09-29T20:34:18Z,UTEP Miners,22.5,-110.0,2026,2026-09-29T20:34:46Z,1344,11.843249834156492,-7.720074412950458,22.063324247106948,807aa80048d80e577104f04f9dc527bcbdecbac1e0bd777c98286ecfff8aeba7,timestamped_live_quote,FBS vs FBS
2026-09-29T20:34:46Z,e7e3e3bfc3fd7fca7550ecf48cb78666,2026-10-03T20:00:00Z,New Mexico Lobos,UTEP Miners,betrivers,BetRivers,2026-09-29T20:34:19Z,2026-09-29T20:34:19Z,New Mexico Lobos,-23.5,-113.0,2026,2026-09-29T20:34:46Z,1344,11.843249834156492,-7.720074412950458,22.063324247106948,807aa80048d80e577104f04f9dc527bcbdecbac1e0bd777c98286ecfff8aeba7,timestamped_live_quote,FBS vs FBS
2026-09-29T20:34:46Z,e7e3e3bfc3fd7fca7550ecf48cb78666,2026-10-03T20:00:00Z,New Mexico Lobos,UTEP Miners,betrivers,BetRivers,2026-09-29T20:34:19Z,2026-09-29T20:34:19Z,UTEP Miners,23.5,-110.0,2026,2026-09-29T20:34:46Z,1344,11.843249834156492,-7.720074412950458,22.063324247106948,807aa80048d80e577104f04f9dc527bcbdecbac1e0bd777c98286ecfff8aeba7,timestamped_live_quote,FBS vs FBS
2026-09-29T20:34:46Z,e7e3e3bfc3fd7fca7550ecf48cb78666,2026-10-03T20:00:00Z,New Mexico Lobos,UTEP Miners,bovada,Bovada,2026-09-29T20:33:33Z,2026-09-29T20:33:33Z,New Mexico Lobos,-23.0,-110.0,2026,2026-09-29T20:34:46Z,1344,11.843249834156492,-7.720074412950458,22.063324247106948,807aa80048d80e577104f04f9dc527bcbdecbac1e0bd777c98286ecfff8aeba7,timestamped_live_quote,FBS vs FBS
2026-09-29T20:34:46Z,e7e3e3bfc3fd7fca7550ecf48cb78666,2026-10-03T20:00:00Z,New Mexico Lobos,UTEP Miners,bovada,Bovada,2026-09-29T20:33:33Z,2026-09-29T20:33:33Z,UTEP Miners,23.0,-110.0,2026,2026-09-29T20:34:46Z,1344,11.843249834156492,-7.720074412950458,22.063324247106948,807aa80048d80e577104f04f9dc527bcbdecbac1e0bd777c98286ecfff8aeba7,timestamped_live_quote,FBS vs FBS
2026-09-29T20:34:46Z,0cdf52fe0d6bfe0664b76a2102f8b605,2026-10-03T20:15:00Z,Illinois Fighting Illini,Purdue Boilermakers,fanduel,FanDuel,2026-09-29T20:34:20Z,2026-09-29T20:34:20Z,Illinois Fighting Illini,-10.5,-102.0,2026,2026-09-29T20:34:46Z,1344,6.627533793059267,-0.04015275897200191,9.167686552031268,807aa80048d80e577104f04f9dc527bcbdecbac1e0bd777c98286ecfff8aeba7,timestamped_live_quote,FBS vs FBS
2026-09-29T20:34:46Z,0cdf52fe0d6bfe0664b76a2102f8b605,2026-10-03T20:15:00Z,Illinois Fighting Illini,Purdue Boilermakers,fanduel,FanDuel,2026-09-29T20:34:20Z,2026-09-29T20:34:20Z,Purdue Boilermakers,10.5,-120.0,2026,2026-09-29T20:34:46Z,1344,6.627533793059267,-0.04015275897200191,9.167686552031268,807aa80048d80e577104f04f9dc527bcbdecbac1e0bd777c98286ecfff8aeba7,timestamped_live_quote,FBS vs FBS
2026-09-29T20:34:46Z,0cdf52fe0d6bfe0664b76a2102f8b605,2026-10-03T20:15:00Z,Illinois Fighting Illini,Purdue Boilermakers,betrivers,BetRivers,2026-09-29T20:34:19Z,2026-09-29T20:34:19Z,Illinois Fighting Illini,-11.0,-109.0,2026,2026-09-29T20:34:46Z,1344,6.627533793059267,-0.04015275897200191,9.167686552031268,807aa80048d80e577104f04f9dc527bcbdecbac1e0bd777c98286ecfff8aeba7,timestamped_live_quote,FBS vs FBS
2026-09-29T20:34:46Z,0cdf52fe0d6bfe0664b76a2102f8b605,2026-10-03T20:15:00Z,Illinois Fighting Illini,Purdue Boilermakers,betrivers,BetRivers,2026-09-29T20:34:19Z,2026-09-29T20:34:19Z,Purdue Boilermakers,11.0,-113.0,2026,2026-09-29T20:34:46Z,1344,6.627533793059267,-0.04015275897200191,9.167686552031268,807aa80048d80e577104f04f9dc527bcbdecbac1e0bd777c98286ecfff8aeba7,timestamped_live_quote,FBS vs FBS
2026-09-29T20:34:46Z,0cdf52fe0d6bfe0664b76a2102f8b605,2026-10-03T20:15:00Z,Illinois Fighting Illini,Purdue Boilermakers,draftkings,DraftKings,2026-09-29T20:34:00Z,2026-09-29T20:34:00Z,Illinois Fighting Illini,-10.0,-110.0,2026,2026-09-29T20:34:46Z,1344,6.627533793059267,-0.04015275897200191,9.167686552031268,807aa80048d80e577104f04f9dc527bcbdecbac1e0bd777c98286ecfff8aeba7,timestamped_live_quote,FBS vs FBS
2026-09-29T20:34:46Z,0cdf52fe0d6bfe0664b76a2102f8b605,2026-10-03T20:15:00Z,Illinois Fighting Illini,Purdue Boilermakers,draftkings,DraftKings,2026-09-29T20:34:00Z,2026-09-29T20:34:00Z,Purdue Boilermakers,10.0,-110.0,2026,2026-09-29T20:34:46Z,1344,6.627533793059267,-0.04015275897200191,9.167686552031268,807aa80048d80e577104f04f9dc527bcbdecbac1e0bd777c98286ecfff8aeba7,timestamped_live_quote,FBS vs FBS
2026-09-29T20:34:46Z,0cdf52fe0d6bfe0664b76a2102f8b605,2026-10-03T20:15:00Z,Illinois Fighting Illini,Purdue Boilermakers,betonlineag,BetOnline.ag,2026-09-29T20:34:16Z,2026-09-29T20:34:16Z,Illinois Fighting Illini,-10.0,-105.0,2026,2026-09-29T20:34:46Z,1344,6.627533793059267,-0.04015275897200191,9.167686552031268,807aa80048d80e577104f04f9dc527bcbdecbac1e0bd777c98286ecfff8aeba7,timestamped_live_quote,FBS vs FBS
2026-09-29T20:34:46Z,0cdf52fe0d6bfe0664b76a2102f8b605,2026-10-03T20:15:00Z,Illinois Fighting Illini,Purdue Boilermakers,betonlineag,BetOnline.ag,2026-09-29T20:34:16Z,2026-09-29T20:34:16Z,Purdue Boilermakers,10.0,-115.0,2026,2026-09-29T20:34:46Z,1344,6.627533793059267,-0.04015275897200191,9.167686552031268,807aa80048d80e577104f04f9dc527bcbdecbac1e0bd777c98286ecfff8aeba7,timestamped_live_quote,FBS vs FBS
2026-09-29T20:34:46Z,0cdf52fe0d6bfe0664b76a2102f8b605,2026-10-03T20:15:00Z,Illinois Fighting Illini,Purdue Boilermakers,lowvig,LowVig.ag,2026-09-29T20:33:39Z,2026-09-29T20:33:39Z,Illinois Fighting Illini,-10.0,-101.0,2026,2026-09-29T20:34:46Z,1344,6.627533793059267,-0.04015275897200191,9.167686552031268,807aa80048d80e577104f04f9dc527bcbdecbac1e0bd777c98286ecfff8aeba7,timestamped_live_quote,FBS vs FBS
2026-09-29T20:34:46Z,0cdf52fe0d6bfe0664b76a2102f8b605,2026-10-03T20:15:00Z,Illinois Fighting Illini,Purdue Boilermakers,lowvig,LowVig.ag,2026-09-29T20:33:39Z,2026-09-29T20:33:39Z,Purdue Boilermakers,10.0,-111.0,2026,2026-09-29T20:34:46Z,1344,6.627533793059267,-0.04015275897200191,9.167686552031268,807aa80048d80e577104f04f9dc527bcbdecbac1e0bd777c98286ecfff8aeba7,timestamped_live_quote,FBS vs FBS
2026-09-29T20:34:46Z,0cdf52fe0d6bfe0664b76a2102f8b605,2026-10-03T20:15:00Z,Illinois Fighting Illini,Purdue Boilermakers,mybookieag,MyBookie.ag,2026-09-29T20:33:40Z,2026-09-29T20:33:40Z,Illinois Fighting Illini,-10.0,-110.0,2026,2026-09-29T20:34:46Z,1344,6.627533793059267,-0.04015275897200191,9.167686552031268,807aa80048d80e577104f04f9dc527bcbdecbac1e0bd777c98286ecfff8aeba7,timestamped_live_quote,FBS vs FBS
2026-09-29T20:34:46Z,0cdf52fe0d6bfe0664b76a2102f8b605,2026-10-03T20:15:00Z,Illinois Fighting Illini,Purdue Boilermakers,mybookieag,MyBookie.ag,2026-09-29T20:33:40Z,2026-09-29T20:33:40Z,Purdue Boilermakers,10.0,-110.0,2026,2026-09-29T20:34:46Z,1344,6.627533793059267,-0.04015275897200191,9.167686552031268,807aa80048d80e577104f04f9dc527bcbdecbac1e0bd777c98286ecfff8aeba7,timestamped_live_quote,FBS vs FBS
2026-09-29T20:34:46Z,0cdf52fe0d6bfe0664b76a2102f8b605,2026-10-03T20:15:00Z,Illinois Fighting Illini,Purdue Boilermakers,betmgm,BetMGM,2026-09-29T20:34:33Z,2026-09-29T20:34:33Z,Illinois Fighting Illini,-10.0,-105.0,2026,2026-09-29T20:34:46Z,1344,6.627533793059267,-0.04015275897200191,9.167686552031268,807aa80048d80e577104f04f9dc527bcbdecbac1e0bd777c98286ecfff8aeba7,timestamped_live_quote,FBS vs FBS
2026-09-29T20:34:46Z,0cdf52fe0d6bfe0664b76a2102f8b605,2026-10-03T20:15:00Z,Illinois Fighting Illini,Purdue Boilermakers,betmgm,BetMGM,2026-09-29T20:34:33Z,2026-09-29T20:34:33Z,Purdue Boilermakers,10.0,-112.0,2026,2026-09-29T20:34:46Z,1344,6.627533793059267,-0.04015275897200191,9.167686552031268,807aa80048d80e577104f04f9dc527bcbdecbac1e0bd777c98286ecfff8aeba7,timestamped_live_quote,FBS vs FBS
2026-09-29T20:34:46Z,0cdf52fe0d6bfe0664b76a2102f8b605,2026-10-03T20:15:00Z,Illinois Fighting Illini,Purdue Boilermakers,betus,BetUS,2026-09-29T20:34:18Z,2026-09-29T20:34:18Z,Illinois Fighting Illini,-10.0,-110.0,2026,2026-09-29T20:34:46Z,1344,6.627533793059267,-0.04015275897200191,9.167686552031268,807aa80048d80e577104f04f9dc527bcbdecbac1e0bd777c98286ecfff8aeba7,timestamped_live_quote,FBS vs FBS
2026-09-29T20:34:46Z,0cdf52fe0d6bfe0664b76a2102f8b605,2026-10-03T20:15:00Z,Illinois Fighting Illini,Purdue Boilermakers,betus,BetUS,2026-09-29T20:34:18Z,2026-09-29T20:34:18Z,Purdue Boilermakers,10.0,-110.0,2026,2026-09-29T20:34:46Z,1344,6.627533793059267,-0.04015275897200191,9.167686552031268,807aa80048d80e577104f04f9dc527bcbdecbac1e0bd777c98286ecfff8aeba7,timestamped_live_quote,FBS vs FBS
2026-09-29T20:34:46Z,0cdf52fe0d6bfe0664b76a2102f8b605,2026-10-03T20:15:00Z,Illinois Fighting Illini,Purdue Boilermakers,bovada,Bovada,2026-09-29T20:33:33Z,2026-09-29T20:33:33Z,Illinois Fighting Illini,-10.0,-115.0,2026,2026-09-29T20:34:46Z,1344,6.627533793059267,-0.04015275897200191,9.167686552031268,807aa80048d80e577104f04f9dc527bcbdecbac1e0bd777c98286ecfff8aeba7,timestamped_live_quote,FBS vs FBS
2026-09-29T20:34:46Z,0cdf52fe0d6bfe0664b76a2102f8b605,2026-10-03T20:15:00Z,Illinois Fighting Illini,Purdue Boilermakers,bovada,Bovada,2026-09-29T20:33:33Z,2026-09-29T20:33:33Z,Purdue Boilermakers,10.0,-105.0,2026,2026-09-29T20:34:46Z,1344,6.627533793059267,-0.04015275897200191,9.167686552031268,807aa80048d80e577104f04f9dc527bcbdecbac1e0bd777c98286ecfff8aeba7,timestamped_live_quote,FBS vs FBS
2026-09-29T20:34:46Z,59abc1d6262d2ea6a72c4daad4c83af2,2026-10-03T20:15:00Z,South Carolina Gamecocks,Kentucky Wildcats,draftkings,DraftKings,2026-09-29T20:34:00Z,2026-09-29T20:34:00Z,Kentucky Wildcats,2.5,-102.0,2026,2026-09-29T20:34:46Z,1344,7.54694231566085,8.156413544188013,1.8905287714728374,807aa80048d80e577104f04f9dc527bcbdecbac1e0bd777c98286ecfff8aeba7,timestamped_live_quote,FBS vs FBS
2026-09-29T20:34:46Z,59abc1d6262d2ea6a72c4daad4c83af2,2026-10-03T20:15:00Z,South Carolina Gamecocks,Kentucky Wildcats,draftkings,DraftKings,2026-09-29T20:34:00Z,2026-09-29T20:34:00Z,South Carolina Gamecocks,-2.5,-118.0,2026,2026-09-29T20:34:46Z,1344,7.54694231566085,8.156413544188013,1.8905287714728374,807aa80048d80e577104f04f9dc527bcbdecbac1e0bd777c98286ecfff8aeba7,timestamped_live_quote,FBS vs FBS
2026-09-29T20:34:46Z,59abc1d6262d2ea6a72c4daad4c83af2,2026-10-03T20:15:00Z,South Carolina Gamecocks,Kentucky Wildcats,fanduel,FanDuel,2026-09-29T20:34:20Z,2026-09-29T20:34:20Z,Kentucky Wildcats,2.5,-102.0,2026,2026-09-29T20:34:46Z,1344,7.54694231566085,8.156413544188013,1.8905287714728374,807aa80048d80e577104f04f9dc527bcbdecbac1e0bd777c98286ecfff8aeba7,timestamped_live_quote,FBS vs FBS
2026-09-29T20:34:46Z,59abc1d6262d2ea6a72c4daad4c83af2,2026-10-03T20:15:00Z,South Carolina Gamecocks,Kentucky Wildcats,fanduel,FanDuel,2026-09-29T20:34:20Z,2026-09-29T20:34:20Z,South Carolina Gamecocks,-2.5,-120.0,2026,2026-09-29T20:34:46Z,1344,7.54694231566085,8.156413544188013,1.8905287714728374,807aa80048d80e577104f04f9dc527bcbdecbac1e0bd777c98286ecfff8aeba7,timestamped_live_quote,FBS vs FBS
2026-09-29T20:34:46Z,59abc1d6262d2ea6a72c4daad4c83af2,2026-10-03T20:15:00Z,South Carolina Gamecocks,Kentucky Wildcats,betrivers,BetRivers,2026-09-29T20:34:19Z,2026-09-29T20:34:19Z,Kentucky Wildcats,3.0,-117.0,2026,2026-09-29T20:34:46Z,1344,7.54694231566085,8.156413544188013,1.8905287714728374,807aa80048d80e577104f04f9dc527bcbdecbac1e0bd777c98286ecfff8aeba7,timestamped_live_quote,FBS vs FBS
2026-09-29T20:34:46Z,59abc1d6262d2ea6a72c4daad4c83af2,2026-10-03T20:15:00Z,South Carolina Gamecocks,Kentucky Wildcats,betrivers,BetRivers,2026-09-29T20:34:19Z,2026-09-29T20:34:19Z,South Carolina Gamecocks,-3.0,-107.0,2026,2026-09-29T20:34:46Z,1344,7.54694231566085,8.156413544188013,1.8905287714728374,807aa80048d80e577104f04f9dc527bcbdecbac1e0bd777c98286ecfff8aeba7,timestamped_live_quote,FBS vs FBS
2026-09-29T20:34:46Z,59abc1d6262d2ea6a72c4daad4c83af2,2026-10-03T20:15:00Z,South Carolina Gamecocks,Kentucky Wildcats,betonlineag,BetOnline.ag,2026-09-29T20:34:16Z,2026-09-29T20:34:16Z,Kentucky Wildcats,2.5,-103.0,2026,2026-09-29T20:34:46Z,1344,7.54694231566085,8.156413544188013,1.8905287714728374,807aa80048d80e577104f04f9dc527bcbdecbac1e0bd777c98286ecfff8aeba7,timestamped_live_quote,FBS vs FBS
2026-09-29T20:34:46Z,59abc1d6262d2ea6a72c4daad4c83af2,2026-10-03T20:15:00Z,South Carolina Gamecocks,Kentucky Wildcats,betonlineag,BetOnline.ag,2026-09-29T20:34:16Z,2026-09-29T20:34:16Z,South Carolina Gamecocks,-2.5,-117.0,2026,2026-09-29T20:34:46Z,1344,7.54694231566085,8.156413544188013,1.8905287714728374,807aa80048d80e577104f04f9dc527bcbdecbac1e0bd777c98286ecfff8aeba7,timestamped_live_quote,FBS vs FBS
2026-09-29T20:34:46Z,59abc1d6262d2ea6a72c4daad4c83af2,2026-10-03T20:15:00Z,South Carolina Gamecocks,Kentucky Wildcats,lowvig,LowVig.ag,2026-09-29T20:33:39Z,2026-09-29T20:33:39Z,Kentucky Wildcats,2.5,101.0,2026,2026-09-29T20:34:46Z,1344,7.54694231566085,8.156413544188013,1.8905287714728374,807aa80048d80e577104f04f9dc527bcbdecbac1e0bd777c98286ecfff8aeba7,timestamped_live_quote,FBS vs FBS
2026-09-29T20:34:46Z,59abc1d6262d2ea6a72c4daad4c83af2,2026-10-03T20:15:00Z,South Carolina Gamecocks,Kentucky Wildcats,lowvig,LowVig.ag,2026-09-29T20:33:39Z,2026-09-29T20:33:39Z,South Carolina Gamecocks,-2.5,-113.0,2026,2026-09-29T20:34:46Z,1344,7.54694231566085,8.156413544188013,1.8905287714728374,807aa80048d80e577104f04f9dc527bcbdecbac1e0bd777c98286ecfff8aeba7,timestamped_live_quote,FBS vs FBS
2026-09-29T20:34:46Z,59abc1d6262d2ea6a72c4daad4c83af2,2026-10-03T20:15:00Z,South Carolina Gamecocks,Kentucky Wildcats,mybookieag,MyBookie.ag,2026-09-29T20:33:40Z,2026-09-29T20:33:40Z,Kentucky Wildcats,2.5,-110.0,2026,2026-09-29T20:34:46Z,1344,7.54694231566085,8.156413544188013,1.8905287714728374,807aa80048d80e577104f04f9dc527bcbdecbac1e0bd777c98286ecfff8aeba7,timestamped_live_quote,FBS vs FBS
2026-09-29T20:34:46Z,59abc1d6262d2ea6a72c4daad4c83af2,2026-10-03T20:15:00Z,South Carolina Gamecocks,Kentucky Wildcats,mybookieag,MyBookie.ag,2026-09-29T20:33:40Z,2026-09-29T20:33:40Z,South Carolina Gamecocks,-2.5,-110.0,2026,2026-09-29T20:34:46Z,1344,7.54694231566085,8.156413544188013,1.8905287714728374,807aa80048d80e577104f04f9dc527bcbdecbac1e0bd777c98286ecfff8aeba7,timestamped_live_quote,FBS vs FBS
2026-09-29T20:34:46Z,59abc1d6262d2ea6a72c4daad4c83af2,2026-10-03T20:15:00Z,South Carolina Gamecocks,Kentucky Wildcats,betmgm,BetMGM,2026-09-29T20:34:33Z,2026-09-29T20:34:33Z,Kentucky Wildcats,3.0,-110.0,2026,2026-09-29T20:34:46Z,1344,7.54694231566085,8.156413544188013,1.8905287714728374,807aa80048d80e577104f04f9dc527bcbdecbac1e0bd777c98286ecfff8aeba7,timestamped_live_quote,FBS vs FBS
2026-09-29T20:34:46Z,59abc1d6262d2ea6a72c4daad4c83af2,2026-10-03T20:15:00Z,South Carolina Gamecocks,Kentucky Wildcats,betmgm,BetMGM,2026-09-29T20:34:33Z,2026-09-29T20:34:33Z,South Carolina Gamecocks,-3.0,-108.0,2026,2026-09-29T20:34:46Z,1344,7.54694231566085,8.156413544188013,1.8905287714728374,807aa80048d80e577104f04f9dc527bcbdecbac1e0bd777c98286ecfff8aeba7,timestamped_live_quote,FBS vs FBS
2026-09-29T20:34:46Z,59abc1d6262d2ea6a72c4daad4c83af2,2026-10-03T20:15:00Z,South Carolina Gamecocks,Kentucky Wildcats,betus,BetUS,2026-09-29T20:34:18Z,2026-09-29T20:34:18Z,Kentucky Wildcats,2.5,-105.0,2026,2026-09-29T20:34:46Z,1344,7.54694231566085,8.156413544188013,1.8905287714728374,807aa80048d80e577104f04f9dc527bcbdecbac1e0bd777c98286ecfff8aeba7,timestamped_live_quote,FBS vs FBS
2026-09-29T20:34:46Z,59abc1d6262d2ea6a72c4daad4c83af2,2026-10-03T20:15:00Z,South Carolina Gamecocks,Kentucky Wildcats,betus,BetUS,2026-09-29T20:34:18Z,2026-09-29T20:34:18Z,South Carolina Gamecocks,-2.5,-115.0,2026,2026-09-29T20:34:46Z,1344,7.54694231566085,8.156413544188013,1.8905287714728374,807aa80048d80e577104f04f9dc527bcbdecbac1e0bd777c98286ecfff8aeba7,timestamped_live_quote,FBS vs FBS
2026-09-29T20:34:46Z,59abc1d6262d2ea6a72c4daad4c83af2,2026-10-03T20:15:00Z,South Carolina Gamecocks,Kentucky Wildcats,bovada,Bovada,2026-09-29T20:33:33Z,2026-09-29T20:33:33Z,Kentucky Wildcats,3.0,-115.0,2026,2026-09-29T20:34:46Z,1344,7.54694231566085,8.156413544188013,1.8905287714728374,807aa80048d80e577104f04f9dc527bcbdecbac1e0bd777c98286ecfff8aeba7,timestamped_live_quote,FBS vs FBS
2026-09-29T20:34:46Z,59abc1d6262d2ea6a72c4daad4c83af2,2026-10-03T20:15:00Z,South Carolina Gamecocks,Kentucky Wildcats,bovada,Bovada,2026-09-29T20:33:33Z,2026-09-29T20:33:33Z,South Carolina Gamecocks,-3.0,-105.0,2026,2026-09-29T20:34:46Z,1344,7.54694231566085,8.156413544188013,1.8905287714728374,807aa80048d80e577104f04f9dc527bcbdecbac1e0bd777c98286ecfff8aeba7,timestamped_live_quote,FBS vs FBS
2026-09-29T20:34:46Z,b30387175520051e2889230030365494,2026-10-03T22:00:00Z,Colorado State Rams,Oregon State Beavers,fanduel,FanDuel,2026-09-29T20:34:20Z,2026-09-29T20:34:20Z,Colorado State Rams,6.5,-110.0,2026,2026-09-29T20:34:46Z,1344,3.9067644541685986,7.353236520476858,-0.9464720663082593,807aa80048d80e577104f04f9dc527bcbdecbac1e0bd777c98286ecfff8aeba7,timestamped_live_quote,FBS vs FBS
2026-09-29T20:34:46Z,b30387175520051e2889230030365494,2026-10-03T22:00:00Z,Colorado State Rams,Oregon State Beavers,fanduel,FanDuel,2026-09-29T20:34:20Z,2026-09-29T20:34:20Z,Oregon State Beavers,-6.5,-110.0,2026,2026-09-29T20:34:46Z,1344,3.9067644541685986,7.353236520476858,-0.9464720663082593,807aa80048d80e577104f04f9dc527bcbdecbac1e0bd777c98286ecfff8aeba7,timestamped_live_quote,FBS vs FBS
2026-09-29T20:34:46Z,b30387175520051e2889230030365494,2026-10-03T22:00:00Z,Colorado State Rams,Oregon State Beavers,betrivers,BetRivers,2026-09-29T20:34:19Z,2026-09-29T20:34:19Z,Colorado State Rams,6.0,-108.0,2026,2026-09-29T20:34:46Z,1344,3.9067644541685986,7.353236520476858,-0.9464720663082593,807aa80048d80e577104f04f9dc527bcbdecbac1e0bd777c98286ecfff8aeba7,timestamped_live_quote,FBS vs FBS
2026-09-29T20:34:46Z,b30387175520051e2889230030365494,2026-10-03T22:00:00Z,Colorado State Rams,Oregon State Beavers,betrivers,BetRivers,2026-09-29T20:34:19Z,2026-09-29T20:34:19Z,Oregon State Beavers,-6.0,-114.0,2026,2026-09-29T20:34:46Z,1344,3.9067644541685986,7.353236520476858,-0.9464720663082593,807aa80048d80e577104f04f9dc527bcbdecbac1e0bd777c98286ecfff8aeba7,timestamped_live_quote,FBS vs FBS
2026-09-29T20:34:46Z,b30387175520051e2889230030365494,2026-10-03T22:00:00Z,Colorado State Rams,Oregon State Beavers,betonlineag,BetOnline.ag,2026-09-29T20:34:16Z,2026-09-29T20:34:16Z,Colorado State Rams,6.5,-105.0,2026,2026-09-29T20:34:46Z,1344,3.9067644541685986,7.353236520476858,-0.9464720663082593,807aa80048d80e577104f04f9dc527bcbdecbac1e0bd777c98286ecfff8aeba7,timestamped_live_quote,FBS vs FBS
2026-09-29T20:34:46Z,b30387175520051e2889230030365494,2026-10-03T22:00:00Z,Colorado State Rams,Oregon State Beavers,betonlineag,BetOnline.ag,2026-09-29T20:34:16Z,2026-09-29T20:34:16Z,Oregon State Beavers,-6.5,-115.0,2026,2026-09-29T20:34:46Z,1344,3.9067644541685986,7.353236520476858,-0.9464720663082593,807aa80048d80e577104f04f9dc527bcbdecbac1e0bd777c98286ecfff8aeba7,timestamped_live_quote,FBS vs FBS
2026-09-29T20:34:46Z,b30387175520051e2889230030365494,2026-10-03T22:00:00Z,Colorado State Rams,Oregon State Beavers,lowvig,LowVig.ag,2026-09-29T20:33:39Z,2026-09-29T20:33:39Z,Colorado State Rams,6.5,-104.0,2026,2026-09-29T20:34:46Z,1344,3.9067644541685986,7.353236520476858,-0.9464720663082593,807aa80048d80e577104f04f9dc527bcbdecbac1e0bd777c98286ecfff8aeba7,timestamped_live_quote,FBS vs FBS
2026-09-29T20:34:46Z,b30387175520051e2889230030365494,2026-10-03T22:00:00Z,Colorado State Rams,Oregon State Beavers,lowvig,LowVig.ag,2026-09-29T20:33:39Z,2026-09-29T20:33:39Z,Oregon State Beavers,-6.5,-108.0,2026,2026-09-29T20:34:46Z,1344,3.9067644541685986,7.353236520476858,-0.9464720663082593,807aa80048d80e577104f04f9dc527bcbdecbac1e0bd777c98286ecfff8aeba7,timestamped_live_quote,FBS vs FBS
2026-09-29T20:34:46Z,b30387175520051e2889230030365494,2026-10-03T22:00:00Z,Colorado State Rams,Oregon State Beavers,draftkings,DraftKings,2026-09-29T20:34:00Z,2026-09-29T20:34:00Z,Colorado State Rams,6.0,-105.0,2026,2026-09-29T20:34:46Z,1344,3.9067644541685986,7.353236520476858,-0.9464720663082593,807aa80048d80e577104f04f9dc527bcbdecbac1e0bd777c98286ecfff8aeba7,timestamped_live_quote,FBS vs FBS
2026-09-29T20:34:46Z,b30387175520051e2889230030365494,2026-10-03T22:00:00Z,Colorado State Rams,Oregon State Beavers,draftkings,DraftKings,2026-09-29T20:34:00Z,2026-09-29T20:34:00Z,Oregon State Beavers,-6.0,-115.0,2026,2026-09-29T20:34:46Z,1344,3.9067644541685986,7.353236520476858,-0.9464720663082593,807aa80048d80e577104f04f9dc527bcbdecbac1e0bd777c98286ecfff8aeba7,timestamped_live_quote,FBS vs FBS
2026-09-29T20:34:46Z,b30387175520051e2889230030365494,2026-10-03T22:00:00Z,Colorado State Rams,Oregon State Beavers,mybookieag,MyBookie.ag,2026-09-29T20:33:40Z,2026-09-29T20:33:40Z,Colorado State Rams,6.0,-110.0,2026,2026-09-29T20:34:46Z,1344,3.9067644541685986,7.353236520476858,-0.9464720663082593,807aa80048d80e577104f04f9dc527bcbdecbac1e0bd777c98286ecfff8aeba7,timestamped_live_quote,FBS vs FBS
2026-09-29T20:34:46Z,b30387175520051e2889230030365494,2026-10-03T22:00:00Z,Colorado State Rams,Oregon State Beavers,mybookieag,MyBookie.ag,2026-09-29T20:33:40Z,2026-09-29T20:33:40Z,Oregon State Beavers,-6.0,-110.0,2026,2026-09-29T20:34:46Z,1344,3.9067644541685986,7.353236520476858,-0.9464720663082593,807aa80048d80e577104f04f9dc527bcbdecbac1e0bd777c98286ecfff8aeba7,timestamped_live_quote,FBS vs FBS
2026-09-29T20:34:46Z,b30387175520051e2889230030365494,2026-10-03T22:00:00Z,Colorado State Rams,Oregon State Beavers,betmgm,BetMGM,2026-09-29T20:34:33Z,2026-09-29T20:34:33Z,Colorado State Rams,6.5,-110.0,2026,2026-09-29T20:34:46Z,1344,3.9067644541685986,7.353236520476858,-0.9464720663082593,807aa80048d80e577104f04f9dc527bcbdecbac1e0bd777c98286ecfff8aeba7,timestamped_live_quote,FBS vs FBS
2026-09-29T20:34:46Z,b30387175520051e2889230030365494,2026-10-03T22:00:00Z,Colorado State Rams,Oregon State Beavers,betmgm,BetMGM,2026-09-29T20:34:33Z,2026-09-29T20:34:33Z,Oregon State Beavers,-6.5,-108.0,2026,2026-09-29T20:34:46Z,1344,3.9067644541685986,7.353236520476858,-0.9464720663082593,807aa80048d80e577104f04f9dc527bcbdecbac1e0bd777c98286ecfff8aeba7,timestamped_live_quote,FBS vs FBS
2026-09-29T20:34:46Z,b30387175520051e2889230030365494,2026-10-03T22:00:00Z,Colorado State Rams,Oregon State Beavers,betus,BetUS,2026-09-29T20:34:18Z,2026-09-29T20:34:18Z,Colorado State Rams,6.5,-110.0,2026,2026-09-29T20:34:46Z,1344,3.9067644541685986,7.353236520476858,-0.9464720663082593,807aa80048d80e577104f04f9dc527bcbdecbac1e0bd777c98286ecfff8aeba7,timestamped_live_quote,FBS vs FBS
2026-09-29T20:34:46Z,b30387175520051e2889230030365494,2026-10-03T22:00:00Z,Colorado State Rams,Oregon State Beavers,betus,BetUS,2026-09-29T20:34:18Z,2026-09-29T20:34:18Z,Oregon State Beavers,-6.5,-110.0,2026,2026-09-29T20:34:46Z,1344,3.9067644541685986,7.353236520476858,-0.9464720663082593,807aa80048d80e577104f04f9dc527bcbdecbac1e0bd777c98286ecfff8aeba7,timestamped_live_quote,FBS vs FBS
2026-09-29T20:34:46Z,b30387175520051e2889230030365494,2026-10-03T22:00:00Z,Colorado State Rams,Oregon State Beavers,bovada,Bovada,2026-09-29T20:33:33Z,2026-09-29T20:33:33Z,Colorado State Rams,6.5,-115.0,2026,2026-09-29T20:34:46Z,1344,3.9067644541685986,7.353236520476858,-0.9464720663082593,807aa80048d80e577104f04f9dc527bcbdecbac1e0bd777c98286ecfff8aeba7,timestamped_live_quote,FBS vs FBS
2026-09-29T20:34:46Z,b30387175520051e2889230030365494,2026-10-03T22:00:00Z,Colorado State Rams,Oregon State Beavers,bovada,Bovada,2026-09-29T20:33:33Z,2026-09-29T20:33:33Z,Oregon State Beavers,-6.5,-105.0,2026,2026-09-29T20:34:46Z,1344,3.9067644541685986,7.353236520476858,-0.9464720663082593,807aa80048d80e577104f04f9dc527bcbdecbac1e0bd777c98286ecfff8aeba7,timestamped_live_quote,FBS vs FBS
2026-09-29T20:34:46Z,ff98b80b07e2f42c76c2c255e6611247,2026-10-03T23:00:00Z,Texas A&M Aggies,Arkansas Razorbacks,fanduel,FanDuel,2026-09-29T20:34:20Z,2026-09-29T20:34:20Z,Arkansas Razorbacks,13.5,-102.0,2026,2026-09-29T20:34:46Z,1344,7.449359004666151,2.7018472792385064,7.247511725427644,807aa80048d80e577104f04f9dc527bcbdecbac1e0bd777c98286ecfff8aeba7,timestamped_live_quote,FBS vs FBS
2026-09-29T20:34:46Z,ff98b80b07e2f42c76c2c255e6611247,2026-10-03T23:00:00Z,Texas A&M Aggies,Arkansas Razorbacks,fanduel,FanDuel,2026-09-29T20:34:20Z,2026-09-29T20:34:20Z,Texas A&M Aggies,-13.5,-120.0,2026,2026-09-29T20:34:46Z,1344,7.449359004666151,2.7018472792385064,7.247511725427644,807aa80048d80e577104f04f9dc527bcbdecbac1e0bd777c98286ecfff8aeba7,timestamped_live_quote,FBS vs FBS
2026-09-29T20:34:46Z,ff98b80b07e2f42c76c2c255e6611247,2026-10-03T23:00:00Z,Texas A&M Aggies,Arkansas Razorbacks,betrivers,BetRivers,2026-09-29T20:34:19Z,2026-09-29T20:34:19Z,Arkansas Razorbacks,14.0,-112.0,2026,2026-09-29T20:34:46Z,1344,7.449359004666151,2.7018472792385064,7.247511725427644,807aa80048d80e577104f04f9dc527bcbdecbac1e0bd777c98286ecfff8aeba7,timestamped_live_quote,FBS vs FBS
2026-09-29T20:34:46Z,ff98b80b07e2f42c76c2c255e6611247,2026-10-03T23:00:00Z,Texas A&M Aggies,Arkansas Razorbacks,betrivers,BetRivers,2026-09-29T20:34:19Z,2026-09-29T20:34:19Z,Texas A&M Aggies,-14.0,-112.0,2026,2026-09-29T20:34:46Z,1344,7.449359004666151,2.7018472792385064,7.247511725427644,807aa80048d80e577104f04f9dc527bcbdecbac1e0bd777c98286ecfff8aeba7,timestamped_live_quote,FBS vs FBS
2026-09-29T20:34:46Z,ff98b80b07e2f42c76c2c255e6611247,2026-10-03T23:00:00Z,Texas A&M Aggies,Arkansas Razorbacks,betonlineag,BetOnline.ag,2026-09-29T20:34:16Z,2026-09-29T20:34:16Z,Arkansas Razorbacks,14.0,-110.0,2026,2026-09-29T20:34:46Z,1344,7.449359004666151,2.7018472792385064,7.247511725427644,807aa80048d80e577104f04f9dc527bcbdecbac1e0bd777c98286ecfff8aeba7,timestamped_live_quote,FBS vs FBS
2026-09-29T20:34:46Z,ff98b80b07e2f42c76c2c255e6611247,2026-10-03T23:00:00Z,Texas A&M Aggies,Arkansas Razorbacks,betonlineag,BetOnline.ag,2026-09-29T20:34:16Z,2026-09-29T20:34:16Z,Texas A&M Aggies,-14.0,-110.0,2026,2026-09-29T20:34:46Z,1344,7.449359004666151,2.7018472792385064,7.247511725427644,807aa80048d80e577104f04f9dc527bcbdecbac1e0bd777c98286ecfff8aeba7,timestamped_live_quote,FBS vs FBS
2026-09-29T20:34:46Z,ff98b80b07e2f42c76c2c255e6611247,2026-10-03T23:00:00Z,Texas A&M Aggies,Arkansas Razorbacks,lowvig,LowVig.ag,2026-09-29T20:33:39Z,2026-09-29T20:33:39Z,Arkansas Razorbacks,14.0,-106.0,2026,2026-09-29T20:34:46Z,1344,7.449359004666151,2.7018472792385064,7.247511725427644,807aa80048d80e577104f04f9dc527bcbdecbac1e0bd777c98286ecfff8aeba7,timestamped_live_quote,FBS vs FBS
2026-09-29T20:34:46Z,ff98b80b07e2f42c76c2c255e6611247,2026-10-03T23:00:00Z,Texas A&M Aggies,Arkansas Razorbacks,lowvig,LowVig.ag,2026-09-29T20:33:39Z,2026-09-29T20:33:39Z,Texas A&M Aggies,-14.0,-106.0,2026,2026-09-29T20:34:46Z,1344,7.449359004666151,2.7018472792385064,7.247511725427644,807aa80048d80e577104f04f9dc527bcbdecbac1e0bd777c98286ecfff8aeba7,timestamped_live_quote,FBS vs FBS
2026-09-29T20:34:46Z,ff98b80b07e2f42c76c2c255e6611247,2026-10-03T23:00:00Z,Texas A&M Aggies,Arkansas Razorbacks,draftkings,DraftKings,2026-09-29T20:34:00Z,2026-09-29T20:34:00Z,Arkansas Razorbacks,14.0,-110.0,2026,2026-09-29T20:34:46Z,1344,7.449359004666151,2.7018472792385064,7.247511725427644,807aa80048d80e577104f04f9dc527bcbdecbac1e0bd777c98286ecfff8aeba7,timestamped_live_quote,FBS vs FBS
2026-09-29T20:34:46Z,ff98b80b07e2f42c76c2c255e6611247,2026-10-03T23:00:00Z,Texas A&M Aggies,Arkansas Razorbacks,draftkings,DraftKings,2026-09-29T20:34:00Z,2026-09-29T20:34:00Z,Texas A&M Aggies,-14.0,-110.0,2026,2026-09-29T20:34:46Z,1344,7.449359004666151,2.7018472792385064,7.247511725427644,807aa80048d80e577104f04f9dc527bcbdecbac1e0bd777c98286ecfff8aeba7,timestamped_live_quote,FBS vs FBS
2026-09-29T20:34:46Z,ff98b80b07e2f42c76c2c255e6611247,2026-10-03T23:00:00Z,Texas A&M Aggies,Arkansas Razorbacks,mybookieag,MyBookie.ag,2026-09-29T20:33:40Z,2026-09-29T20:33:40Z,Arkansas Razorbacks,14.0,-110.0,2026,2026-09-29T20:34:46Z,1344,7.449359004666151,2.7018472792385064,7.247511725427644,807aa80048d80e577104f04f9dc527bcbdecbac1e0bd777c98286ecfff8aeba7,timestamped_live_quote,FBS vs FBS
2026-09-29T20:34:46Z,ff98b80b07e2f42c76c2c255e6611247,2026-10-03T23:00:00Z,Texas A&M Aggies,Arkansas Razorbacks,mybookieag,MyBookie.ag,2026-09-29T20:33:40Z,2026-09-29T20:33:40Z,Texas A&M Aggies,-14.0,-110.0,2026,2026-09-29T20:34:46Z,1344,7.449359004666151,2.7018472792385064,7.247511725427644,807aa80048d80e577104f04f9dc527bcbdecbac1e0bd777c98286ecfff8aeba7,timestamped_live_quote,FBS vs FBS
2026-09-29T20:34:46Z,ff98b80b07e2f42c76c2c255e6611247,2026-10-03T23:00:00Z,Texas A&M Aggies,Arkansas Razorbacks,betus,BetUS,2026-09-29T20:34:18Z,2026-09-29T20:34:18Z,Arkansas Razorbacks,14.0,-110.0,2026,2026-09-29T20:34:46Z,1344,7.449359004666151,2.7018472792385064,7.247511725427644,807aa80048d80e577104f04f9dc527bcbdecbac1e0bd777c98286ecfff8aeba7,timestamped_live_quote,FBS vs FBS
2026-09-29T20:34:46Z,ff98b80b07e2f42c76c2c255e6611247,2026-10-03T23:00:00Z,Texas A&M Aggies,Arkansas Razorbacks,betus,BetUS,2026-09-29T20:34:18Z,2026-09-29T20:34:18Z,Texas A&M Aggies,-14.0,-110.0,2026,2026-09-29T20:34:46Z,1344,7.449359004666151,2.7018472792385064,7.247511725427644,807aa80048d80e577104f04f9dc527bcbdecbac1e0bd777c98286ecfff8aeba7,timestamped_live_quote,FBS vs FBS
2026-09-29T20:34:46Z,ff98b80b07e2f42c76c2c255e6611247,2026-10-03T23:00:00Z,Texas A&M Aggies,Arkansas Razorbacks,betmgm,BetMGM,2026-09-29T20:34:33Z,2026-09-29T20:34:33Z,Arkansas Razorbacks,14.0,-110.0,2026,2026-09-29T20:34:46Z,1344,7.449359004666151,2.7018472792385064,7.247511725427644,807aa80048d80e577104f04f9dc527bcbdecbac1e0bd777c98286ecfff8aeba7,timestamped_live_quote,FBS vs FBS
2026-09-29T20:34:46Z,ff98b80b07e2f42c76c2c255e6611247,2026-10-03T23:00:00Z,Texas A&M Aggies,Arkansas Razorbacks,betmgm,BetMGM,2026-09-29T20:34:33Z,2026-09-29T20:34:33Z,Texas A&M Aggies,-14.0,-108.0,2026,2026-09-29T20:34:46Z,1344,7.449359004666151,2.7018472792385064,7.247511725427644,807aa80048d80e577104f04f9dc527bcbdecbac1e0bd777c98286ecfff8aeba7,timestamped_live_quote,FBS vs FBS
2026-09-29T20:34:46Z,ff98b80b07e2f42c76c2c255e6611247,2026-10-03T23:00:00Z,Texas A&M Aggies,Arkansas Razorbacks,bovada,Bovada,2026-09-29T20:33:33Z,2026-09-29T20:33:33Z,Arkansas Razorbacks,14.0,-115.0,2026,2026-09-29T20:34:46Z,1344,7.449359004666151,2.7018472792385064,7.247511725427644,807aa80048d80e577104f04f9dc527bcbdecbac1e0bd777c98286ecfff8aeba7,timestamped_live_quote,FBS vs FBS
2026-09-29T20:34:46Z,ff98b80b07e2f42c76c2c255e6611247,2026-10-03T23:00:00Z,Texas A&M Aggies,Arkansas Razorbacks,bovada,Bovada,2026-09-29T20:33:33Z,2026-09-29T20:33:33Z,Texas A&M Aggies,-14.0,-105.0,2026,2026-09-29T20:34:46Z,1344,7.449359004666151,2.7018472792385064,7.247511725427644,807aa80048d80e577104f04f9dc527bcbdecbac1e0bd777c98286ecfff8aeba7,timestamped_live_quote,FBS vs FBS
2026-09-29T20:34:46Z,b58c0d24e66471e6095c0a5f9afb7ce3,2026-10-03T23:00:00Z,TCU Horned Frogs,BYU Cougars,draftkings,DraftKings,2026-09-29T20:34:00Z,2026-09-29T20:34:00Z,BYU Cougars,-6.5,-112.0,2026,2026-09-29T20:34:46Z,1344,10.448063862908038,11.107333717418527,1.8407301454895109,807aa80048d80e577104f04f9dc527bcbdecbac1e0bd777c98286ecfff8aeba7,timestamped_live_quote,FBS vs FBS
2026-09-29T20:34:46Z,b58c0d24e66471e6095c0a5f9afb7ce3,2026-10-03T23:00:00Z,TCU Horned Frogs,BYU Cougars,draftkings,DraftKings,2026-09-29T20:34:00Z,2026-09-29T20:34:00Z,TCU Horned Frogs,6.5,-108.0,2026,2026-09-29T20:34:46Z,1344,10.448063862908038,11.107333717418527,1.8407301454895109,807aa80048d80e577104f04f9dc527bcbdecbac1e0bd777c98286ecfff8aeba7,timestamped_live_quote,FBS vs FBS
2026-09-29T20:34:46Z,b58c0d24e66471e6095c0a5f9afb7ce3,2026-10-03T23:00:00Z,TCU Horned Frogs,BYU Cougars,fanduel,FanDuel,2026-09-29T20:34:20Z,2026-09-29T20:34:20Z,BYU Cougars,-6.5,-110.0,2026,2026-09-29T20:34:46Z,1344,10.448063862908038,11.107333717418527,1.8407301454895109,807aa80048d80e577104f04f9dc527bcbdecbac1e0bd777c98286ecfff8aeba7,timestamped_live_quote,FBS vs FBS
2026-09-29T20:34:46Z,b58c0d24e66471e6095c0a5f9afb7ce3,2026-10-03T23:00:00Z,TCU Horned Frogs,BYU Cougars,fanduel,FanDuel,2026-09-29T20:34:20Z,2026-09-29T20:34:20Z,TCU Horned Frogs,6.5,-110.0,2026,2026-09-29T20:34:46Z,1344,10.448063862908038,11.107333717418527,1.8407301454895109,807aa80048d80e577104f04f9dc527bcbdecbac1e0bd777c98286ecfff8aeba7,timestamped_live_quote,FBS vs FBS
2026-09-29T20:34:46Z,b58c0d24e66471e6095c0a5f9afb7ce3,2026-10-03T23:00:00Z,TCU Horned Frogs,BYU Cougars,betrivers,BetRivers,2026-09-29T20:34:19Z,2026-09-29T20:34:19Z,BYU Cougars,-6.5,-109.0,2026,2026-09-29T20:34:46Z,1344,10.448063862908038,11.107333717418527,1.8407301454895109,807aa80048d80e577104f04f9dc527bcbdecbac1e0bd777c98286ecfff8aeba7,timestamped_live_quote,FBS vs FBS
2026-09-29T20:34:46Z,b58c0d24e66471e6095c0a5f9afb7ce3,2026-10-03T23:00:00Z,TCU Horned Frogs,BYU Cougars,betrivers,BetRivers,2026-09-29T20:34:19Z,2026-09-29T20:34:19Z,TCU Horned Frogs,6.5,-114.0,2026,2026-09-29T20:34:46Z,1344,10.448063862908038,11.107333717418527,1.8407301454895109,807aa80048d80e577104f04f9dc527bcbdecbac1e0bd777c98286ecfff8aeba7,timestamped_live_quote,FBS vs FBS
2026-09-29T20:34:46Z,b58c0d24e66471e6095c0a5f9afb7ce3,2026-10-03T23:00:00Z,TCU Horned Frogs,BYU Cougars,betonlineag,BetOnline.ag,2026-09-29T20:34:16Z,2026-09-29T20:34:16Z,BYU Cougars,-6.5,-113.0,2026,2026-09-29T20:34:46Z,1344,10.448063862908038,11.107333717418527,1.8407301454895109,807aa80048d80e577104f04f9dc527bcbdecbac1e0bd777c98286ecfff8aeba7,timestamped_live_quote,FBS vs FBS
2026-09-29T20:34:46Z,b58c0d24e66471e6095c0a5f9afb7ce3,2026-10-03T23:00:00Z,TCU Horned Frogs,BYU Cougars,betonlineag,BetOnline.ag,2026-09-29T20:34:16Z,2026-09-29T20:34:16Z,TCU Horned Frogs,6.5,-107.0,2026,2026-09-29T20:34:46Z,1344,10.448063862908038,11.107333717418527,1.8407301454895109,807aa80048d80e577104f04f9dc527bcbdecbac1e0bd777c98286ecfff8aeba7,timestamped_live_quote,FBS vs FBS
2026-09-29T20:34:46Z,b58c0d24e66471e6095c0a5f9afb7ce3,2026-10-03T23:00:00Z,TCU Horned Frogs,BYU Cougars,lowvig,LowVig.ag,2026-09-29T20:33:39Z,2026-09-29T20:33:39Z,BYU Cougars,-6.5,-109.0,2026,2026-09-29T20:34:46Z,1344,10.448063862908038,11.107333717418527,1.8407301454895109,807aa80048d80e577104f04f9dc527bcbdecbac1e0bd777c98286ecfff8aeba7,timestamped_live_quote,FBS vs FBS
2026-09-29T20:34:46Z,b58c0d24e66471e6095c0a5f9afb7ce3,2026-10-03T23:00:00Z,TCU Horned Frogs,BYU Cougars,lowvig,LowVig.ag,2026-09-29T20:33:39Z,2026-09-29T20:33:39Z,TCU Horned Frogs,6.5,-103.0,2026,2026-09-29T20:34:46Z,1344,10.448063862908038,11.107333717418527,1.8407301454895109,807aa80048d80e577104f04f9dc527bcbdecbac1e0bd777c98286ecfff8aeba7,timestamped_live_quote,FBS vs FBS
2026-09-29T20:34:46Z,b58c0d24e66471e6095c0a5f9afb7ce3,2026-10-03T23:00:00Z,TCU Horned Frogs,BYU Cougars,mybookieag,MyBookie.ag,2026-09-29T20:33:40Z,2026-09-29T20:33:40Z,BYU Cougars,-6.5,-110.0,2026,2026-09-29T20:34:46Z,1344,10.448063862908038,11.107333717418527,1.8407301454895109,807aa80048d80e577104f04f9dc527bcbdecbac1e0bd777c98286ecfff8aeba7,timestamped_live_quote,FBS vs FBS
2026-09-29T20:34:46Z,b58c0d24e66471e6095c0a5f9afb7ce3,2026-10-03T23:00:00Z,TCU Horned Frogs,BYU Cougars,mybookieag,MyBookie.ag,2026-09-29T20:33:40Z,2026-09-29T20:33:40Z,TCU Horned Frogs,6.5,-110.0,2026,2026-09-29T20:34:46Z,1344,10.448063862908038,11.107333717418527,1.8407301454895109,807aa80048d80e577104f04f9dc527bcbdecbac1e0bd777c98286ecfff8aeba7,timestamped_live_quote,FBS vs FBS
2026-09-29T20:34:46Z,b58c0d24e66471e6095c0a5f9afb7ce3,2026-10-03T23:00:00Z,TCU Horned Frogs,BYU Cougars,betus,BetUS,2026-09-29T20:34:18Z,2026-09-29T20:34:18Z,BYU Cougars,-6.5,-110.0,2026,2026-09-29T20:34:46Z,1344,10.448063862908038,11.107333717418527,1.8407301454895109,807aa80048d80e577104f04f9dc527bcbdecbac1e0bd777c98286ecfff8aeba7,timestamped_live_quote,FBS vs FBS
2026-09-29T20:34:46Z,b58c0d24e66471e6095c0a5f9afb7ce3,2026-10-03T23:00:00Z,TCU Horned Frogs,BYU Cougars,betus,BetUS,2026-09-29T20:34:18Z,2026-09-29T20:34:18Z,TCU Horned Frogs,6.5,-110.0,2026,2026-09-29T20:34:46Z,1344,10.448063862908038,11.107333717418527,1.8407301454895109,807aa80048d80e577104f04f9dc527bcbdecbac1e0bd777c98286ecfff8aeba7,timestamped_live_quote,FBS vs FBS
2026-09-29T20:34:46Z,b58c0d24e66471e6095c0a5f9afb7ce3,2026-10-03T23:00:00Z,TCU Horned Frogs,BYU Cougars,betmgm,BetMGM,2026-09-29T20:34:33Z,2026-09-29T20:34:33Z,BYU Cougars,-6.5,-110.0,2026,2026-09-29T20:34:46Z,1344,10.448063862908038,11.107333717418527,1.8407301454895109,807aa80048d80e577104f04f9dc527bcbdecbac1e0bd777c98286ecfff8aeba7,timestamped_live_quote,FBS vs FBS
2026-09-29T20:34:46Z,b58c0d24e66471e6095c0a5f9afb7ce3,2026-10-03T23:00:00Z,TCU Horned Frogs,BYU Cougars,betmgm,BetMGM,2026-09-29T20:34:33Z,2026-09-29T20:34:33Z,TCU Horned Frogs,6.5,-108.0,2026,2026-09-29T20:34:46Z,1344,10.448063862908038,11.107333717418527,1.8407301454895109,807aa80048d80e577104f04f9dc527bcbdecbac1e0bd777c98286ecfff8aeba7,timestamped_live_quote,FBS vs FBS
2026-09-29T20:34:46Z,b58c0d24e66471e6095c0a5f9afb7ce3,2026-10-03T23:00:00Z,TCU Horned Frogs,BYU Cougars,bovada,Bovada,2026-09-29T20:33:33Z,2026-09-29T20:33:33Z,BYU Cougars,-6.5,-115.0,2026,2026-09-29T20:34:46Z,1344,10.448063862908038,11.107333717418527,1.8407301454895109,807aa80048d80e577104f04f9dc527bcbdecbac1e0bd777c98286ecfff8aeba7,timestamped_live_quote,FBS vs FBS
2026-09-29T20:34:46Z,b58c0d24e66471e6095c0a5f9afb7ce3,2026-10-03T23:00:00Z,TCU Horned Frogs,BYU Cougars,bovada,Bovada,2026-09-29T20:33:33Z,2026-09-29T20:33:33Z,TCU Horned Frogs,6.5,-105.0,2026,2026-09-29T20:34:46Z,1344,10.448063862908038,11.107333717418527,1.8407301454895109,807aa80048d80e577104f04f9dc527bcbdecbac1e0bd777c98286ecfff8aeba7,timestamped_live_quote,FBS vs FBS
2026-09-29T20:34:46Z,5efdb3515c882453d9abcd27db28f78b,2026-10-03T23:00:00Z,Coastal Carolina Chanticleers,Georgia Southern Eagles,draftkings,DraftKings,2026-09-29T20:34:00Z,2026-09-29T20:34:00Z,Coastal Carolina Chanticleers,2.5,-110.0,2026,2026-09-29T20:34:46Z,1344,1.801063250513203,2.559819946466595,1.741243304046608,807aa80048d80e577104f04f9dc527bcbdecbac1e0bd777c98286ecfff8aeba7,timestamped_live_quote,FBS vs FBS
2026-09-29T20:34:46Z,5efdb3515c882453d9abcd27db28f78b,2026-10-03T23:00:00Z,Coastal Carolina Chanticleers,Georgia Southern Eagles,draftkings,DraftKings,2026-09-29T20:34:00Z,2026-09-29T20:34:00Z,Georgia Southern Eagles,-2.5,-110.0,2026,2026-09-29T20:34:46Z,1344,1.801063250513203,2.559819946466595,1.741243304046608,807aa80048d80e577104f04f9dc527bcbdecbac1e0bd777c98286ecfff8aeba7,timestamped_live_quote,FBS vs FBS
2026-09-29T20:34:46Z,5efdb3515c882453d9abcd27db28f78b,2026-10-03T23:00:00Z,Coastal Carolina Chanticleers,Georgia Southern Eagles,lowvig,LowVig.ag,2026-09-29T20:33:39Z,2026-09-29T20:33:39Z,Coastal Carolina Chanticleers,2.5,-106.0,2026,2026-09-29T20:34:46Z,1344,1.801063250513203,2.559819946466595,1.741243304046608,807aa80048d80e577104f04f9dc527bcbdecbac1e0bd777c98286ecfff8aeba7,timestamped_live_quote,FBS vs FBS
2026-09-29T20:34:46Z,5efdb3515c882453d9abcd27db28f78b,2026-10-03T23:00:00Z,Coastal Carolina Chanticleers,Georgia Southern Eagles,lowvig,LowVig.ag,2026-09-29T20:33:39Z,2026-09-29T20:33:39Z,Georgia Southern Eagles,-2.5,-106.0,2026,2026-09-29T20:34:46Z,1344,1.801063250513203,2.559819946466595,1.741243304046608,807aa80048d80e577104f04f9dc527bcbdecbac1e0bd777c98286ecfff8aeba7,timestamped_live_quote,FBS vs FBS
2026-09-29T20:34:46Z,5efdb3515c882453d9abcd27db28f78b,2026-10-03T23:00:00Z,Coastal Carolina Chanticleers,Georgia Southern Eagles,betonlineag,BetOnline.ag,2026-09-29T20:34:16Z,2026-09-29T20:34:16Z,Coastal Carolina Chanticleers,2.5,-110.0,2026,2026-09-29T20:34:46Z,1344,1.801063250513203,2.559819946466595,1.741243304046608,807aa80048d80e577104f04f9dc527bcbdecbac1e0bd777c98286ecfff8aeba7,timestamped_live_quote,FBS vs FBS
2026-09-29T20:34:46Z,5efdb3515c882453d9abcd27db28f78b,2026-10-03T23:00:00Z,Coastal Carolina Chanticleers,Georgia Southern Eagles,betonlineag,BetOnline.ag,2026-09-29T20:34:16Z,2026-09-29T20:34:16Z,Georgia Southern Eagles,-2.5,-110.0,2026,2026-09-29T20:34:46Z,1344,1.801063250513203,2.559819946466595,1.741243304046608,807aa80048d80e577104f04f9dc527bcbdecbac1e0bd777c98286ecfff8aeba7,timestamped_live_quote,FBS vs FBS
2026-09-29T20:34:46Z,5efdb3515c882453d9abcd27db28f78b,2026-10-03T23:00:00Z,Coastal Carolina Chanticleers,Georgia Southern Eagles,fanduel,FanDuel,2026-09-29T20:34:20Z,2026-09-29T20:34:20Z,Coastal Carolina Chanticleers,2.5,-110.0,2026,2026-09-29T20:34:46Z,1344,1.801063250513203,2.559819946466595,1.741243304046608,807aa80048d80e577104f04f9dc527bcbdecbac1e0bd777c98286ecfff8aeba7,timestamped_live_quote,FBS vs FBS
2026-09-29T20:34:46Z,5efdb3515c882453d9abcd27db28f78b,2026-10-03T23:00:00Z,Coastal Carolina Chanticleers,Georgia Southern Eagles,fanduel,FanDuel,2026-09-29T20:34:20Z,2026-09-29T20:34:20Z,Georgia Southern Eagles,-2.5,-110.0,2026,2026-09-29T20:34:46Z,1344,1.801063250513203,2.559819946466595,1.741243304046608,807aa80048d80e577104f04f9dc527bcbdecbac1e0bd777c98286ecfff8aeba7,timestamped_live_quote,FBS vs FBS
2026-09-29T20:34:46Z,5efdb3515c882453d9abcd27db28f78b,2026-10-03T23:00:00Z,Coastal Carolina Chanticleers,Georgia Southern Eagles,mybookieag,MyBookie.ag,2026-09-29T20:33:40Z,2026-09-29T20:33:40Z,Coastal Carolina Chanticleers,2.5,-110.0,2026,2026-09-29T20:34:46Z,1344,1.801063250513203,2.559819946466595,1.741243304046608,807aa80048d80e577104f04f9dc527bcbdecbac1e0bd777c98286ecfff8aeba7,timestamped_live_quote,FBS vs FBS
2026-09-29T20:34:46Z,5efdb3515c882453d9abcd27db28f78b,2026-10-03T23:00:00Z,Coastal Carolina Chanticleers,Georgia Southern Eagles,mybookieag,MyBookie.ag,2026-09-29T20:33:40Z,2026-09-29T20:33:40Z,Georgia Southern Eagles,-2.5,-110.0,2026,2026-09-29T20:34:46Z,1344,1.801063250513203,2.559819946466595,1.741243304046608,807aa80048d80e577104f04f9dc527bcbdecbac1e0bd777c98286ecfff8aeba7,timestamped_live_quote,FBS vs FBS
2026-09-29T20:34:46Z,5efdb3515c882453d9abcd27db28f78b,2026-10-03T23:00:00Z,Coastal Carolina Chanticleers,Georgia Southern Eagles,betus,BetUS,2026-09-29T20:34:18Z,2026-09-29T20:34:18Z,Coastal Carolina Chanticleers,2.5,-110.0,2026,2026-09-29T20:34:46Z,1344,1.801063250513203,2.559819946466595,1.741243304046608,807aa80048d80e577104f04f9dc527bcbdecbac1e0bd777c98286ecfff8aeba7,timestamped_live_quote,FBS vs FBS
2026-09-29T20:34:46Z,5efdb3515c882453d9abcd27db28f78b,2026-10-03T23:00:00Z,Coastal Carolina Chanticleers,Georgia Southern Eagles,betus,BetUS,2026-09-29T20:34:18Z,2026-09-29T20:34:18Z,Georgia Southern Eagles,-2.5,-110.0,2026,2026-09-29T20:34:46Z,1344,1.801063250513203,2.559819946466595,1.741243304046608,807aa80048d80e577104f04f9dc527bcbdecbac1e0bd777c98286ecfff8aeba7,timestamped_live_quote,FBS vs FBS
2026-09-29T20:34:46Z,5efdb3515c882453d9abcd27db28f78b,2026-10-03T23:00:00Z,Coastal Carolina Chanticleers,Georgia Southern Eagles,betmgm,BetMGM,2026-09-29T20:34:33Z,2026-09-29T20:34:33Z,Coastal Carolina Chanticleers,2.5,-110.0,2026,2026-09-29T20:34:46Z,1344,1.801063250513203,2.559819946466595,1.741243304046608,807aa80048d80e577104f04f9dc527bcbdecbac1e0bd777c98286ecfff8aeba7,timestamped_live_quote,FBS vs FBS
2026-09-29T20:34:46Z,5efdb3515c882453d9abcd27db28f78b,2026-10-03T23:00:00Z,Coastal Carolina Chanticleers,Georgia Southern Eagles,betmgm,BetMGM,2026-09-29T20:34:33Z,2026-09-29T20:34:33Z,Georgia Southern Eagles,-2.5,-108.0,2026,2026-09-29T20:34:46Z,1344,1.801063250513203,2.559819946466595,1.741243304046608,807aa80048d80e577104f04f9dc527bcbdecbac1e0bd777c98286ecfff8aeba7,timestamped_live_quote,FBS vs FBS
2026-09-29T20:34:46Z,5efdb3515c882453d9abcd27db28f78b,2026-10-03T23:00:00Z,Coastal Carolina Chanticleers,Georgia Southern Eagles,betrivers,BetRivers,2026-09-29T20:34:19Z,2026-09-29T20:34:19Z,Coastal Carolina Chanticleers,2.0,-115.0,2026,2026-09-29T20:34:46Z,1344,1.801063250513203,2.559819946466595,1.741243304046608,807aa80048d80e577104f04f9dc527bcbdecbac1e0bd777c98286ecfff8aeba7,timestamped_live_quote,FBS vs FBS
2026-09-29T20:34:46Z,5efdb3515c882453d9abcd27db28f78b,2026-10-03T23:00:00Z,Coastal Carolina Chanticleers,Georgia Southern Eagles,betrivers,BetRivers,2026-09-29T20:34:19Z,2026-09-29T20:34:19Z,Georgia Southern Eagles,-2.0,-108.0,2026,2026-09-29T20:34:46Z,1344,1.801063250513203,2.559819946466595,1.741243304046608,807aa80048d80e577104f04f9dc527bcbdecbac1e0bd777c98286ecfff8aeba7,timestamped_live_quote,FBS vs FBS
2026-09-29T20:34:46Z,5efdb3515c882453d9abcd27db28f78b,2026-10-03T23:00:00Z,Coastal Carolina Chanticleers,Georgia Southern Eagles,bovada,Bovada,2026-09-29T20:33:33Z,2026-09-29T20:33:33Z,Coastal Carolina Chanticleers,2.5,-110.0,2026,2026-09-29T20:34:46Z,1344,1.801063250513203,2.559819946466595,1.741243304046608,807aa80048d80e577104f04f9dc527bcbdecbac1e0bd777c98286ecfff8aeba7,timestamped_live_quote,FBS vs FBS
2026-09-29T20:34:46Z,5efdb3515c882453d9abcd27db28f78b,2026-10-03T23:00:00Z,Coastal Carolina Chanticleers,Georgia Southern Eagles,bovada,Bovada,2026-09-29T20:33:33Z,2026-09-29T20:33:33Z,Georgia Southern Eagles,-2.5,-110.0,2026,2026-09-29T20:34:46Z,1344,1.801063250513203,2.559819946466595,1.741243304046608,807aa80048d80e577104f04f9dc527bcbdecbac1e0bd777c98286ecfff8aeba7,timestamped_live_quote,FBS vs FBS
2026-09-29T20:34:46Z,279230b2d38c4e97187c3f065501a4cf,2026-10-03T23:00:00Z,Rice Owls,UTSA Roadrunners,fanduel,FanDuel,2026-09-29T20:34:20Z,2026-09-29T20:34:20Z,Rice Owls,11.5,-105.0,2026,2026-09-29T20:34:46Z,1344,-2.3610888778573025,6.350287217895821,-6.211376095753124,807aa80048d80e577104f04f9dc527bcbdecbac1e0bd777c98286ecfff8aeba7,timestamped_live_quote,FBS vs FBS
2026-09-29T20:34:46Z,279230b2d38c4e97187c3f065501a4cf,2026-10-03T23:00:00Z,Rice Owls,UTSA Roadrunners,fanduel,FanDuel,2026-09-29T20:34:20Z,2026-09-29T20:34:20Z,UTSA Roadrunners,-11.5,-115.0,2026,2026-09-29T20:34:46Z,1344,-2.3610888778573025,6.350287217895821,-6.211376095753124,807aa80048d80e577104f04f9dc527bcbdecbac1e0bd777c98286ecfff8aeba7,timestamped_live_quote,FBS vs FBS
2026-09-29T20:34:46Z,279230b2d38c4e97187c3f065501a4cf,2026-10-03T23:00:00Z,Rice Owls,UTSA Roadrunners,betrivers,BetRivers,2026-09-29T20:34:19Z,2026-09-29T20:34:19Z,Rice Owls,11.0,-109.0,2026,2026-09-29T20:34:46Z,1344,-2.3610888778573025,6.350287217895821,-6.211376095753124,807aa80048d80e577104f04f9dc527bcbdecbac1e0bd777c98286ecfff8aeba7,timestamped_live_quote,FBS vs FBS
2026-09-29T20:34:46Z,279230b2d38c4e97187c3f065501a4cf,2026-10-03T23:00:00Z,Rice Owls,UTSA Roadrunners,betrivers,BetRivers,2026-09-29T20:34:19Z,2026-09-29T20:34:19Z,UTSA Roadrunners,-11.0,-114.0,2026,2026-09-29T20:34:46Z,1344,-2.3610888778573025,6.350287217895821,-6.211376095753124,807aa80048d80e577104f04f9dc527bcbdecbac1e0bd777c98286ecfff8aeba7,timestamped_live_quote,FBS vs FBS
2026-09-29T20:34:46Z,279230b2d38c4e97187c3f065501a4cf,2026-10-03T23:00:00Z,Rice Owls,UTSA Roadrunners,draftkings,DraftKings,2026-09-29T20:34:00Z,2026-09-29T20:34:00Z,Rice Owls,11.5,-112.0,2026,2026-09-29T20:34:46Z,1344,-2.3610888778573025,6.350287217895821,-6.211376095753124,807aa80048d80e577104f04f9dc527bcbdecbac1e0bd777c98286ecfff8aeba7,timestamped_live_quote,FBS vs FBS
2026-09-29T20:34:46Z,279230b2d38c4e97187c3f065501a4cf,2026-10-03T23:00:00Z,Rice Owls,UTSA Roadrunners,draftkings,DraftKings,2026-09-29T20:34:00Z,2026-09-29T20:34:00Z,UTSA Roadrunners,-11.5,-108.0,2026,2026-09-29T20:34:46Z,1344,-2.3610888778573025,6.350287217895821,-6.211376095753124,807aa80048d80e577104f04f9dc527bcbdecbac1e0bd777c98286ecfff8aeba7,timestamped_live_quote,FBS vs FBS
2026-09-29T20:34:46Z,279230b2d38c4e97187c3f065501a4cf,2026-10-03T23:00:00Z,Rice Owls,UTSA Roadrunners,betonlineag,BetOnline.ag,2026-09-29T20:34:16Z,2026-09-29T20:34:16Z,Rice Owls,11.5,-110.0,2026,2026-09-29T20:34:46Z,1344,-2.3610888778573025,6.350287217895821,-6.211376095753124,807aa80048d80e577104f04f9dc527bcbdecbac1e0bd777c98286ecfff8aeba7,timestamped_live_quote,FBS vs FBS
2026-09-29T20:34:46Z,279230b2d38c4e97187c3f065501a4cf,2026-10-03T23:00:00Z,Rice Owls,UTSA Roadrunners,betonlineag,BetOnline.ag,2026-09-29T20:34:16Z,2026-09-29T20:34:16Z,UTSA Roadrunners,-11.5,-110.0,2026,2026-09-29T20:34:46Z,1344,-2.3610888778573025,6.350287217895821,-6.211376095753124,807aa80048d80e577104f04f9dc527bcbdecbac1e0bd777c98286ecfff8aeba7,timestamped_live_quote,FBS vs FBS
2026-09-29T20:34:46Z,279230b2d38c4e97187c3f065501a4cf,2026-10-03T23:00:00Z,Rice Owls,UTSA Roadrunners,lowvig,LowVig.ag,2026-09-29T20:33:39Z,2026-09-29T20:33:39Z,Rice Owls,11.5,-106.0,2026,2026-09-29T20:34:46Z,1344,-2.3610888778573025,6.350287217895821,-6.211376095753124,807aa80048d80e577104f04f9dc527bcbdecbac1e0bd777c98286ecfff8aeba7,timestamped_live_quote,FBS vs FBS
2026-09-29T20:34:46Z,279230b2d38c4e97187c3f065501a4cf,2026-10-03T23:00:00Z,Rice Owls,UTSA Roadrunners,lowvig,LowVig.ag,2026-09-29T20:33:39Z,2026-09-29T20:33:39Z,UTSA Roadrunners,-11.5,-106.0,2026,2026-09-29T20:34:46Z,1344,-2.3610888778573025,6.350287217895821,-6.211376095753124,807aa80048d80e577104f04f9dc527bcbdecbac1e0bd777c98286ecfff8aeba7,timestamped_live_quote,FBS vs FBS
2026-09-29T20:34:46Z,279230b2d38c4e97187c3f065501a4cf,2026-10-03T23:00:00Z,Rice Owls,UTSA Roadrunners,mybookieag,MyBookie.ag,2026-09-29T20:33:40Z,2026-09-29T20:33:40Z,Rice Owls,11.5,-110.0,2026,2026-09-29T20:34:46Z,1344,-2.3610888778573025,6.350287217895821,-6.211376095753124,807aa80048d80e577104f04f9dc527bcbdecbac1e0bd777c98286ecfff8aeba7,timestamped_live_quote,FBS vs FBS
2026-09-29T20:34:46Z,279230b2d38c4e97187c3f065501a4cf,2026-10-03T23:00:00Z,Rice Owls,UTSA Roadrunners,mybookieag,MyBookie.ag,2026-09-29T20:33:40Z,2026-09-29T20:33:40Z,UTSA Roadrunners,-11.5,-110.0,2026,2026-09-29T20:34:46Z,1344,-2.3610888778573025,6.350287217895821,-6.211376095753124,807aa80048d80e577104f04f9dc527bcbdecbac1e0bd777c98286ecfff8aeba7,timestamped_live_quote,FBS vs FBS
2026-09-29T20:34:46Z,279230b2d38c4e97187c3f065501a4cf,2026-10-03T23:00:00Z,Rice Owls,UTSA Roadrunners,betus,BetUS,2026-09-29T20:34:18Z,2026-09-29T20:34:18Z,Rice Owls,11.5,-110.0,2026,2026-09-29T20:34:46Z,1344,-2.3610888778573025,6.350287217895821,-6.211376095753124,807aa80048d80e577104f04f9dc527bcbdecbac1e0bd777c98286ecfff8aeba7,timestamped_live_quote,FBS vs FBS
2026-09-29T20:34:46Z,279230b2d38c4e97187c3f065501a4cf,2026-10-03T23:00:00Z,Rice Owls,UTSA Roadrunners,betus,BetUS,2026-09-29T20:34:18Z,2026-09-29T20:34:18Z,UTSA Roadrunners,-11.5,-110.0,2026,2026-09-29T20:34:46Z,1344,-2.3610888778573025,6.350287217895821,-6.211376095753124,807aa80048d80e577104f04f9dc527bcbdecbac1e0bd777c98286ecfff8aeba7,timestamped_live_quote,FBS vs FBS
2026-09-29T20:34:46Z,279230b2d38c4e97187c3f065501a4cf,2026-10-03T23:00:00Z,Rice Owls,UTSA Roadrunners,betmgm,BetMGM,2026-09-29T20:34:33Z,2026-09-29T20:34:33Z,Rice Owls,11.5,-110.0,2026,2026-09-29T20:34:46Z,1344,-2.3610888778573025,6.350287217895821,-6.211376095753124,807aa80048d80e577104f04f9dc527bcbdecbac1e0bd777c98286ecfff8aeba7,timestamped_live_quote,FBS vs FBS
2026-09-29T20:34:46Z,279230b2d38c4e97187c3f065501a4cf,2026-10-03T23:00:00Z,Rice Owls,UTSA Roadrunners,betmgm,BetMGM,2026-09-29T20:34:33Z,2026-09-29T20:34:33Z,UTSA Roadrunners,-11.5,-108.0,2026,2026-09-29T20:34:46Z,1344,-2.3610888778573025,6.350287217895821,-6.211376095753124,807aa80048d80e577104f04f9dc527bcbdecbac1e0bd777c98286ecfff8aeba7,timestamped_live_quote,FBS vs FBS
2026-09-29T20:34:46Z,279230b2d38c4e97187c3f065501a4cf,2026-10-03T23:00:00Z,Rice Owls,UTSA Roadrunners,bovada,Bovada,2026-09-29T20:33:33Z,2026-09-29T20:33:33Z,Rice Owls,11.5,-110.0,2026,2026-09-29T20:34:46Z,1344,-2.3610888778573025,6.350287217895821,-6.211376095753124,807aa80048d80e577104f04f9dc527bcbdecbac1e0bd777c98286ecfff8aeba7,timestamped_live_quote,FBS vs FBS
2026-09-29T20:34:46Z,279230b2d38c4e97187c3f065501a4cf,2026-10-03T23:00:00Z,Rice Owls,UTSA Roadrunners,bovada,Bovada,2026-09-29T20:33:33Z,2026-09-29T20:33:33Z,UTSA Roadrunners,-11.5,-110.0,2026,2026-09-29T20:34:46Z,1344,-2.3610888778573025,6.350287217895821,-6.211376095753124,807aa80048d80e577104f04f9dc527bcbdecbac1e0bd777c98286ecfff8aeba7,timestamped_live_quote,FBS vs FBS
2026-09-29T20:34:46Z,4c84a699496b71ee1e626e3c7f5689c9,2026-10-03T23:00:00Z,South Alabama Jaguars,UL Monroe Warhawks,fanduel,FanDuel,2026-09-29T20:34:20Z,2026-09-29T20:34:20Z,South Alabama Jaguars,-13.5,-115.0,2026,2026-09-29T20:34:46Z,1344,1.2947124275466833,-9.450244026325375,13.244956453872058,807aa80048d80e577104f04f9dc527bcbdecbac1e0bd777c98286ecfff8aeba7,timestamped_live_quote,FBS vs FBS
2026-09-29T20:34:46Z,4c84a699496b71ee1e626e3c7f5689c9,2026-10-03T23:00:00Z,South Alabama Jaguars,UL Monroe Warhawks,fanduel,FanDuel,2026-09-29T20:34:20Z,2026-09-29T20:34:20Z,UL Monroe Warhawks,13.5,-105.0,2026,2026-09-29T20:34:46Z,1344,1.2947124275466833,-9.450244026325375,13.244956453872058,807aa80048d80e577104f04f9dc527bcbdecbac1e0bd777c98286ecfff8aeba7,timestamped_live_quote,FBS vs FBS
2026-09-29T20:34:46Z,4c84a699496b71ee1e626e3c7f5689c9,2026-10-03T23:00:00Z,South Alabama Jaguars,UL Monroe Warhawks,betrivers,BetRivers,2026-09-29T20:34:19Z,2026-09-29T20:34:19Z,South Alabama Jaguars,-14.0,-109.0,2026,2026-09-29T20:34:46Z,1344,1.2947124275466833,-9.450244026325375,13.244956453872058,807aa80048d80e577104f04f9dc527bcbdecbac1e0bd777c98286ecfff8aeba7,timestamped_live_quote,FBS vs FBS
2026-09-29T20:34:46Z,4c84a699496b71ee1e626e3c7f5689c9,2026-10-03T23:00:00Z,South Alabama Jaguars,UL Monroe Warhawks,betrivers,BetRivers,2026-09-29T20:34:19Z,2026-09-29T20:34:19Z,UL Monroe Warhawks,14.0,-113.0,2026,2026-09-29T20:34:46Z,1344,1.2947124275466833,-9.450244026325375,13.244956453872058,807aa80048d80e577104f04f9dc527bcbdecbac1e0bd777c98286ecfff8aeba7,timestamped_live_quote,FBS vs FBS
2026-09-29T20:34:46Z,4c84a699496b71ee1e626e3c7f5689c9,2026-10-03T23:00:00Z,South Alabama Jaguars,UL Monroe Warhawks,draftkings,DraftKings,2026-09-29T20:34:00Z,2026-09-29T20:34:00Z,South Alabama Jaguars,-14.0,-108.0,2026,2026-09-29T20:34:46Z,1344,1.2947124275466833,-9.450244026325375,13.244956453872058,807aa80048d80e577104f04f9dc527bcbdecbac1e0bd777c98286ecfff8aeba7,timestamped_live_quote,FBS vs FBS
2026-09-29T20:34:46Z,4c84a699496b71ee1e626e3c7f5689c9,2026-10-03T23:00:00Z,South Alabama Jaguars,UL Monroe Warhawks,draftkings,DraftKings,2026-09-29T20:34:00Z,2026-09-29T20:34:00Z,UL Monroe Warhawks,14.0,-112.0,2026,2026-09-29T20:34:46Z,1344,1.2947124275466833,-9.450244026325375,13.244956453872058,807aa80048d80e577104f04f9dc527bcbdecbac1e0bd777c98286ecfff8aeba7,timestamped_live_quote,FBS vs FBS
2026-09-29T20:34:46Z,4c84a699496b71ee1e626e3c7f5689c9,2026-10-03T23:00:00Z,South Alabama Jaguars,UL Monroe Warhawks,lowvig,LowVig.ag,2026-09-29T20:33:39Z,2026-09-29T20:33:39Z,South Alabama Jaguars,-14.0,-104.0,2026,2026-09-29T20:34:46Z,1344,1.2947124275466833,-9.450244026325375,13.244956453872058,807aa80048d80e577104f04f9dc527bcbdecbac1e0bd777c98286ecfff8aeba7,timestamped_live_quote,FBS vs FBS
2026-09-29T20:34:46Z,4c84a699496b71ee1e626e3c7f5689c9,2026-10-03T23:00:00Z,South Alabama Jaguars,UL Monroe Warhawks,lowvig,LowVig.ag,2026-09-29T20:33:39Z,2026-09-29T20:33:39Z,UL Monroe Warhawks,14.0,-108.0,2026,2026-09-29T20:34:46Z,1344,1.2947124275466833,-9.450244026325375,13.244956453872058,807aa80048d80e577104f04f9dc527bcbdecbac1e0bd777c98286ecfff8aeba7,timestamped_live_quote,FBS vs FBS
2026-09-29T20:34:46Z,4c84a699496b71ee1e626e3c7f5689c9,2026-10-03T23:00:00Z,South Alabama Jaguars,UL Monroe Warhawks,betonlineag,BetOnline.ag,2026-09-29T20:34:16Z,2026-09-29T20:34:16Z,South Alabama Jaguars,-14.0,-108.0,2026,2026-09-29T20:34:46Z,1344,1.2947124275466833,-9.450244026325375,13.244956453872058,807aa80048d80e577104f04f9dc527bcbdecbac1e0bd777c98286ecfff8aeba7,timestamped_live_quote,FBS vs FBS
2026-09-29T20:34:46Z,4c84a699496b71ee1e626e3c7f5689c9,2026-10-03T23:00:00Z,South Alabama Jaguars,UL Monroe Warhawks,betonlineag,BetOnline.ag,2026-09-29T20:34:16Z,2026-09-29T20:34:16Z,UL Monroe Warhawks,14.0,-112.0,2026,2026-09-29T20:34:46Z,1344,1.2947124275466833,-9.450244026325375,13.244956453872058,807aa80048d80e577104f04f9dc527bcbdecbac1e0bd777c98286ecfff8aeba7,timestamped_live_quote,FBS vs FBS
2026-09-29T20:34:46Z,4c84a699496b71ee1e626e3c7f5689c9,2026-10-03T23:00:00Z,South Alabama Jaguars,UL Monroe Warhawks,mybookieag,MyBookie.ag,2026-09-29T20:33:40Z,2026-09-29T20:33:40Z,South Alabama Jaguars,-14.0,-110.0,2026,2026-09-29T20:34:46Z,1344,1.2947124275466833,-9.450244026325375,13.244956453872058,807aa80048d80e577104f04f9dc527bcbdecbac1e0bd777c98286ecfff8aeba7,timestamped_live_quote,FBS vs FBS
2026-09-29T20:34:46Z,4c84a699496b71ee1e626e3c7f5689c9,2026-10-03T23:00:00Z,South Alabama Jaguars,UL Monroe Warhawks,mybookieag,MyBookie.ag,2026-09-29T20:33:40Z,2026-09-29T20:33:40Z,UL Monroe Warhawks,14.0,-110.0,2026,2026-09-29T20:34:46Z,1344,1.2947124275466833,-9.450244026325375,13.244956453872058,807aa80048d80e577104f04f9dc527bcbdecbac1e0bd777c98286ecfff8aeba7,timestamped_live_quote,FBS vs FBS
2026-09-29T20:34:46Z,4c84a699496b71ee1e626e3c7f5689c9,2026-10-03T23:00:00Z,South Alabama Jaguars,UL Monroe Warhawks,betus,BetUS,2026-09-29T20:34:18Z,2026-09-29T20:34:18Z,South Alabama Jaguars,-14.0,-110.0,2026,2026-09-29T20:34:46Z,1344,1.2947124275466833,-9.450244026325375,13.244956453872058,807aa80048d80e577104f04f9dc527bcbdecbac1e0bd777c98286ecfff8aeba7,timestamped_live_quote,FBS vs FBS
2026-09-29T20:34:46Z,4c84a699496b71ee1e626e3c7f5689c9,2026-10-03T23:00:00Z,South Alabama Jaguars,UL Monroe Warhawks,betus,BetUS,2026-09-29T20:34:18Z,2026-09-29T20:34:18Z,UL Monroe Warhawks,14.0,-110.0,2026,2026-09-29T20:34:46Z,1344,1.2947124275466833,-9.450244026325375,13.244956453872058,807aa80048d80e577104f04f9dc527bcbdecbac1e0bd777c98286ecfff8aeba7,timestamped_live_quote,FBS vs FBS
2026-09-29T20:34:46Z,4c84a699496b71ee1e626e3c7f5689c9,2026-10-03T23:00:00Z,South Alabama Jaguars,UL Monroe Warhawks,betmgm,BetMGM,2026-09-29T20:34:33Z,2026-09-29T20:34:33Z,South Alabama Jaguars,-14.0,-108.0,2026,2026-09-29T20:34:46Z,1344,1.2947124275466833,-9.450244026325375,13.244956453872058,807aa80048d80e577104f04f9dc527bcbdecbac1e0bd777c98286ecfff8aeba7,timestamped_live_quote,FBS vs FBS
2026-09-29T20:34:46Z,4c84a699496b71ee1e626e3c7f5689c9,2026-10-03T23:00:00Z,South Alabama Jaguars,UL Monroe Warhawks,betmgm,BetMGM,2026-09-29T20:34:33Z,2026-09-29T20:34:33Z,UL Monroe Warhawks,14.0,-110.0,2026,2026-09-29T20:34:46Z,1344,1.2947124275466833,-9.450244026325375,13.244956453872058,807aa80048d80e577104f04f9dc527bcbdecbac1e0bd777c98286ecfff8aeba7,timestamped_live_quote,FBS vs FBS
2026-09-29T20:34:46Z,4c84a699496b71ee1e626e3c7f5689c9,2026-10-03T23:00:00Z,South Alabama Jaguars,UL Monroe Warhawks,bovada,Bovada,2026-09-29T20:33:33Z,2026-09-29T20:33:33Z,South Alabama Jaguars,-14.0,-105.0,2026,2026-09-29T20:34:46Z,1344,1.2947124275466833,-9.450244026325375,13.244956453872058,807aa80048d80e577104f04f9dc527bcbdecbac1e0bd777c98286ecfff8aeba7,timestamped_live_quote,FBS vs FBS
2026-09-29T20:34:46Z,4c84a699496b71ee1e626e3c7f5689c9,2026-10-03T23:00:00Z,South Alabama Jaguars,UL Monroe Warhawks,bovada,Bovada,2026-09-29T20:33:33Z,2026-09-29T20:33:33Z,UL Monroe Warhawks,14.0,-115.0,2026,2026-09-29T20:34:46Z,1344,1.2947124275466833,-9.450244026325375,13.244956453872058,807aa80048d80e577104f04f9dc527bcbdecbac1e0bd777c98286ecfff8aeba7,timestamped_live_quote,FBS vs FBS
2026-09-29T20:34:46Z,6246661a676eeaa850a3e36e311fce63,2026-10-03T23:30:00Z,Louisiana Tech Bulldogs,Army Black Knights,draftkings,DraftKings,2026-09-29T20:34:00Z,2026-09-29T20:34:00Z,Army Black Knights,-2.5,-105.0,2026,2026-09-29T20:34:46Z,1344,4.541599259603864,9.009137034678993,-1.9675377750751286,807aa80048d80e577104f04f9dc527bcbdecbac1e0bd777c98286ecfff8aeba7,timestamped_live_quote,FBS vs FBS
2026-09-29T20:34:46Z,6246661a676eeaa850a3e36e311fce63,2026-10-03T23:30:00Z,Louisiana Tech Bulldogs,Army Black Knights,draftkings,DraftKings,2026-09-29T20:34:00Z,2026-09-29T20:34:00Z,Louisiana Tech Bulldogs,2.5,-115.0,2026,2026-09-29T20:34:46Z,1344,4.541599259603864,9.009137034678993,-1.9675377750751286,807aa80048d80e577104f04f9dc527bcbdecbac1e0bd777c98286ecfff8aeba7,timestamped_live_quote,FBS vs FBS
2026-09-29T20:34:46Z,6246661a676eeaa850a3e36e311fce63,2026-10-03T23:30:00Z,Louisiana Tech Bulldogs,Army Black Knights,betonlineag,BetOnline.ag,2026-09-29T20:34:16Z,2026-09-29T20:34:16Z,Army Black Knights,-1.5,-110.0,2026,2026-09-29T20:34:46Z,1344,4.541599259603864,9.009137034678993,-1.9675377750751286,807aa80048d80e577104f04f9dc527bcbdecbac1e0bd777c98286ecfff8aeba7,timestamped_live_quote,FBS vs FBS
2026-09-29T20:34:46Z,6246661a676eeaa850a3e36e311fce63,2026-10-03T23:30:00Z,Louisiana Tech Bulldogs,Army Black Knights,betonlineag,BetOnline.ag,2026-09-29T20:34:16Z,2026-09-29T20:34:16Z,Louisiana Tech Bulldogs,1.5,-110.0,2026,2026-09-29T20:34:46Z,1344,4.541599259603864,9.009137034678993,-1.9675377750751286,807aa80048d80e577104f04f9dc527bcbdecbac1e0bd777c98286ecfff8aeba7,timestamped_live_quote,FBS vs FBS
2026-09-29T20:34:46Z,6246661a676eeaa850a3e36e311fce63,2026-10-03T23:30:00Z,Louisiana Tech Bulldogs,Army Black Knights,lowvig,LowVig.ag,2026-09-29T20:33:39Z,2026-09-29T20:33:39Z,Army Black Knights,-1.5,-106.0,2026,2026-09-29T20:34:46Z,1344,4.541599259603864,9.009137034678993,-1.9675377750751286,807aa80048d80e577104f04f9dc527bcbdecbac1e0bd777c98286ecfff8aeba7,timestamped_live_quote,FBS vs FBS
2026-09-29T20:34:46Z,6246661a676eeaa850a3e36e311fce63,2026-10-03T23:30:00Z,Louisiana Tech Bulldogs,Army Black Knights,lowvig,LowVig.ag,2026-09-29T20:33:39Z,2026-09-29T20:33:39Z,Louisiana Tech Bulldogs,1.5,-106.0,2026,2026-09-29T20:34:46Z,1344,4.541599259603864,9.009137034678993,-1.9675377750751286,807aa80048d80e577104f04f9dc527bcbdecbac1e0bd777c98286ecfff8aeba7,timestamped_live_quote,FBS vs FBS
2026-09-29T20:34:46Z,6246661a676eeaa850a3e36e311fce63,2026-10-03T23:30:00Z,Louisiana Tech Bulldogs,Army Black Knights,fanduel,FanDuel,2026-09-29T20:34:20Z,2026-09-29T20:34:20Z,Army Black Knights,-2.5,-105.0,2026,2026-09-29T20:34:46Z,1344,4.541599259603864,9.009137034678993,-1.9675377750751286,807aa80048d80e577104f04f9dc527bcbdecbac1e0bd777c98286ecfff8aeba7,timestamped_live_quote,FBS vs FBS
2026-09-29T20:34:46Z,6246661a676eeaa850a3e36e311fce63,2026-10-03T23:30:00Z,Louisiana Tech Bulldogs,Army Black Knights,fanduel,FanDuel,2026-09-29T20:34:20Z,2026-09-29T20:34:20Z,Louisiana Tech Bulldogs,2.5,-115.0,2026,2026-09-29T20:34:46Z,1344,4.541599259603864,9.009137034678993,-1.9675377750751286,807aa80048d80e577104f04f9dc527bcbdecbac1e0bd777c98286ecfff8aeba7,timestamped_live_quote,FBS vs FBS
2026-09-29T20:34:46Z,6246661a676eeaa850a3e36e311fce63,2026-10-03T23:30:00Z,Louisiana Tech Bulldogs,Army Black Knights,mybookieag,MyBookie.ag,2026-09-29T20:33:40Z,2026-09-29T20:33:40Z,Army Black Knights,-2.0,-110.0,2026,2026-09-29T20:34:46Z,1344,4.541599259603864,9.009137034678993,-1.9675377750751286,807aa80048d80e577104f04f9dc527bcbdecbac1e0bd777c98286ecfff8aeba7,timestamped_live_quote,FBS vs FBS
2026-09-29T20:34:46Z,6246661a676eeaa850a3e36e311fce63,2026-10-03T23:30:00Z,Louisiana Tech Bulldogs,Army Black Knights,mybookieag,MyBookie.ag,2026-09-29T20:33:40Z,2026-09-29T20:33:40Z,Louisiana Tech Bulldogs,2.0,-110.0,2026,2026-09-29T20:34:46Z,1344,4.541599259603864,9.009137034678993,-1.9675377750751286,807aa80048d80e577104f04f9dc527bcbdecbac1e0bd777c98286ecfff8aeba7,timestamped_live_quote,FBS vs FBS
2026-09-29T20:34:46Z,6246661a676eeaa850a3e36e311fce63,2026-10-03T23:30:00Z,Louisiana Tech Bulldogs,Army Black Knights,betus,BetUS,2026-09-29T20:34:18Z,2026-09-29T20:34:18Z,Army Black Knights,-1.5,-110.0,2026,2026-09-29T20:34:46Z,1344,4.541599259603864,9.009137034678993,-1.9675377750751286,807aa80048d80e577104f04f9dc527bcbdecbac1e0bd777c98286ecfff8aeba7,timestamped_live_quote,FBS vs FBS
2026-09-29T20:34:46Z,6246661a676eeaa850a3e36e311fce63,2026-10-03T23:30:00Z,Louisiana Tech Bulldogs,Army Black Knights,betus,BetUS,2026-09-29T20:34:18Z,2026-09-29T20:34:18Z,Louisiana Tech Bulldogs,1.5,-110.0,2026,2026-09-29T20:34:46Z,1344,4.541599259603864,9.009137034678993,-1.9675377750751286,807aa80048d80e577104f04f9dc527bcbdecbac1e0bd777c98286ecfff8aeba7,timestamped_live_quote,FBS vs FBS
2026-09-29T20:34:46Z,6246661a676eeaa850a3e36e311fce63,2026-10-03T23:30:00Z,Louisiana Tech Bulldogs,Army Black Knights,betmgm,BetMGM,2026-09-29T20:34:33Z,2026-09-29T20:34:33Z,Army Black Knights,-2.0,-108.0,2026,2026-09-29T20:34:46Z,1344,4.541599259603864,9.009137034678993,-1.9675377750751286,807aa80048d80e577104f04f9dc527bcbdecbac1e0bd777c98286ecfff8aeba7,timestamped_live_quote,FBS vs FBS
2026-09-29T20:34:46Z,6246661a676eeaa850a3e36e311fce63,2026-10-03T23:30:00Z,Louisiana Tech Bulldogs,Army Black Knights,betmgm,BetMGM,2026-09-29T20:34:33Z,2026-09-29T20:34:33Z,Louisiana Tech Bulldogs,2.0,-110.0,2026,2026-09-29T20:34:46Z,1344,4.541599259603864,9.009137034678993,-1.9675377750751286,807aa80048d80e577104f04f9dc527bcbdecbac1e0bd777c98286ecfff8aeba7,timestamped_live_quote,FBS vs FBS
2026-09-29T20:34:46Z,6246661a676eeaa850a3e36e311fce63,2026-10-03T23:30:00Z,Louisiana Tech Bulldogs,Army Black Knights,bovada,Bovada,2026-09-29T20:33:33Z,2026-09-29T20:33:33Z,Army Black Knights,-2.5,-110.0,2026,2026-09-29T20:34:46Z,1344,4.541599259603864,9.009137034678993,-1.9675377750751286,807aa80048d80e577104f04f9dc527bcbdecbac1e0bd777c98286ecfff8aeba7,timestamped_live_quote,FBS vs FBS
2026-09-29T20:34:46Z,6246661a676eeaa850a3e36e311fce63,2026-10-03T23:30:00Z,Louisiana Tech Bulldogs,Army Black Knights,bovada,Bovada,2026-09-29T20:33:33Z,2026-09-29T20:33:33Z,Louisiana Tech Bulldogs,2.5,-110.0,2026,2026-09-29T20:34:46Z,1344,4.541599259603864,9.009137034678993,-1.9675377750751286,807aa80048d80e577104f04f9dc527bcbdecbac1e0bd777c98286ecfff8aeba7,timestamped_live_quote,FBS vs FBS
2026-09-29T20:34:46Z,6246661a676eeaa850a3e36e311fce63,2026-10-03T23:30:00Z,Louisiana Tech Bulldogs,Army Black Knights,betrivers,BetRivers,2026-09-29T20:34:19Z,2026-09-29T20:34:19Z,Army Black Knights,-2.0,-114.0,2026,2026-09-29T20:34:46Z,1344,4.541599259603864,9.009137034678993,-1.9675377750751286,807aa80048d80e577104f04f9dc527bcbdecbac1e0bd777c98286ecfff8aeba7,timestamped_live_quote,FBS vs FBS
2026-09-29T20:34:46Z,6246661a676eeaa850a3e36e311fce63,2026-10-03T23:30:00Z,Louisiana Tech Bulldogs,Army Black Knights,betrivers,BetRivers,2026-09-29T20:34:19Z,2026-09-29T20:34:19Z,Louisiana Tech Bulldogs,2.0,-109.0,2026,2026-09-29T20:34:46Z,1344,4.541599259603864,9.009137034678993,-1.9675377750751286,807aa80048d80e577104f04f9dc527bcbdecbac1e0bd777c98286ecfff8aeba7,timestamped_live_quote,FBS vs FBS
2026-09-29T20:34:46Z,a2f7df0b000c054abd3cbc6f4a4b2432,2026-10-03T23:30:00Z,Boise State Broncos,Utah State Aggies,fanduel,FanDuel,2026-09-29T20:34:20Z,2026-09-29T20:34:20Z,Boise State Broncos,-20.5,-108.0,2026,2026-09-29T20:34:46Z,1344,9.563150560618105,-0.8394877930819681,12.902638353700073,807aa80048d80e577104f04f9dc527bcbdecbac1e0bd777c98286ecfff8aeba7,timestamped_live_quote,FBS vs FBS
2026-09-29T20:34:46Z,a2f7df0b000c054abd3cbc6f4a4b2432,2026-10-03T23:30:00Z,Boise State Broncos,Utah State Aggies,fanduel,FanDuel,2026-09-29T20:34:20Z,2026-09-29T20:34:20Z,Utah State Aggies,20.5,-112.0,2026,2026-09-29T20:34:46Z,1344,9.563150560618105,-0.8394877930819681,12.902638353700073,807aa80048d80e577104f04f9dc527bcbdecbac1e0bd777c98286ecfff8aeba7,timestamped_live_quote,FBS vs FBS
2026-09-29T20:34:46Z,a2f7df0b000c054abd3cbc6f4a4b2432,2026-10-03T23:30:00Z,Boise State Broncos,Utah State Aggies,betrivers,BetRivers,2026-09-29T20:34:19Z,2026-09-29T20:34:19Z,Boise State Broncos,-21.0,-108.0,2026,2026-09-29T20:34:46Z,1344,9.563150560618105,-0.8394877930819681,12.902638353700073,807aa80048d80e577104f04f9dc527bcbdecbac1e0bd777c98286ecfff8aeba7,timestamped_live_quote,FBS vs FBS
2026-09-29T20:34:46Z,a2f7df0b000c054abd3cbc6f4a4b2432,2026-10-03T23:30:00Z,Boise State Broncos,Utah State Aggies,betrivers,BetRivers,2026-09-29T20:34:19Z,2026-09-29T20:34:19Z,Utah State Aggies,21.0,-114.0,2026,2026-09-29T20:34:46Z,1344,9.563150560618105,-0.8394877930819681,12.902638353700073,807aa80048d80e577104f04f9dc527bcbdecbac1e0bd777c98286ecfff8aeba7,timestamped_live_quote,FBS vs FBS
2026-09-29T20:34:46Z,a2f7df0b000c054abd3cbc6f4a4b2432,2026-10-03T23:30:00Z,Boise State Broncos,Utah State Aggies,betonlineag,BetOnline.ag,2026-09-29T20:34:16Z,2026-09-29T20:34:16Z,Boise State Broncos,-20.5,-110.0,2026,2026-09-29T20:34:46Z,1344,9.563150560618105,-0.8394877930819681,12.902638353700073,807aa80048d80e577104f04f9dc527bcbdecbac1e0bd777c98286ecfff8aeba7,timestamped_live_quote,FBS vs FBS
2026-09-29T20:34:46Z,a2f7df0b000c054abd3cbc6f4a4b2432,2026-10-03T23:30:00Z,Boise State Broncos,Utah State Aggies,betonlineag,BetOnline.ag,2026-09-29T20:34:16Z,2026-09-29T20:34:16Z,Utah State Aggies,20.5,-110.0,2026,2026-09-29T20:34:46Z,1344,9.563150560618105,-0.8394877930819681,12.902638353700073,807aa80048d80e577104f04f9dc527bcbdecbac1e0bd777c98286ecfff8aeba7,timestamped_live_quote,FBS vs FBS
2026-09-29T20:34:46Z,a2f7df0b000c054abd3cbc6f4a4b2432,2026-10-03T23:30:00Z,Boise State Broncos,Utah State Aggies,lowvig,LowVig.ag,2026-09-29T20:33:39Z,2026-09-29T20:33:39Z,Boise State Broncos,-20.5,-106.0,2026,2026-09-29T20:34:46Z,1344,9.563150560618105,-0.8394877930819681,12.902638353700073,807aa80048d80e577104f04f9dc527bcbdecbac1e0bd777c98286ecfff8aeba7,timestamped_live_quote,FBS vs FBS
2026-09-29T20:34:46Z,a2f7df0b000c054abd3cbc6f4a4b2432,2026-10-03T23:30:00Z,Boise State Broncos,Utah State Aggies,lowvig,LowVig.ag,2026-09-29T20:33:39Z,2026-09-29T20:33:39Z,Utah State Aggies,20.5,-106.0,2026,2026-09-29T20:34:46Z,1344,9.563150560618105,-0.8394877930819681,12.902638353700073,807aa80048d80e577104f04f9dc527bcbdecbac1e0bd777c98286ecfff8aeba7,timestamped_live_quote,FBS vs FBS
2026-09-29T20:34:46Z,a2f7df0b000c054abd3cbc6f4a4b2432,2026-10-03T23:30:00Z,Boise State Broncos,Utah State Aggies,draftkings,DraftKings,2026-09-29T20:34:00Z,2026-09-29T20:34:00Z,Boise State Broncos,-20.5,-110.0,2026,2026-09-29T20:34:46Z,1344,9.563150560618105,-0.8394877930819681,12.902638353700073,807aa80048d80e577104f04f9dc527bcbdecbac1e0bd777c98286ecfff8aeba7,timestamped_live_quote,FBS vs FBS
2026-09-29T20:34:46Z,a2f7df0b000c054abd3cbc6f4a4b2432,2026-10-03T23:30:00Z,Boise State Broncos,Utah State Aggies,draftkings,DraftKings,2026-09-29T20:34:00Z,2026-09-29T20:34:00Z,Utah State Aggies,20.5,-110.0,2026,2026-09-29T20:34:46Z,1344,9.563150560618105,-0.8394877930819681,12.902638353700073,807aa80048d80e577104f04f9dc527bcbdecbac1e0bd777c98286ecfff8aeba7,timestamped_live_quote,FBS vs FBS
2026-09-29T20:34:46Z,a2f7df0b000c054abd3cbc6f4a4b2432,2026-10-03T23:30:00Z,Boise State Broncos,Utah State Aggies,mybookieag,MyBookie.ag,2026-09-29T20:33:40Z,2026-09-29T20:33:40Z,Boise State Broncos,-20.5,-110.0,2026,2026-09-29T20:34:46Z,1344,9.563150560618105,-0.8394877930819681,12.902638353700073,807aa80048d80e577104f04f9dc527bcbdecbac1e0bd777c98286ecfff8aeba7,timestamped_live_quote,FBS vs FBS
2026-09-29T20:34:46Z,a2f7df0b000c054abd3cbc6f4a4b2432,2026-10-03T23:30:00Z,Boise State Broncos,Utah State Aggies,mybookieag,MyBookie.ag,2026-09-29T20:33:40Z,2026-09-29T20:33:40Z,Utah State Aggies,20.5,-110.0,2026,2026-09-29T20:34:46Z,1344,9.563150560618105,-0.8394877930819681,12.902638353700073,807aa80048d80e577104f04f9dc527bcbdecbac1e0bd777c98286ecfff8aeba7,timestamped_live_quote,FBS vs FBS
2026-09-29T20:34:46Z,a2f7df0b000c054abd3cbc6f4a4b2432,2026-10-03T23:30:00Z,Boise State Broncos,Utah State Aggies,betus,BetUS,2026-09-29T20:34:18Z,2026-09-29T20:34:18Z,Boise State Broncos,-20.5,-110.0,2026,2026-09-29T20:34:46Z,1344,9.563150560618105,-0.8394877930819681,12.902638353700073,807aa80048d80e577104f04f9dc527bcbdecbac1e0bd777c98286ecfff8aeba7,timestamped_live_quote,FBS vs FBS
2026-09-29T20:34:46Z,a2f7df0b000c054abd3cbc6f4a4b2432,2026-10-03T23:30:00Z,Boise State Broncos,Utah State Aggies,betus,BetUS,2026-09-29T20:34:18Z,2026-09-29T20:34:18Z,Utah State Aggies,20.5,-110.0,2026,2026-09-29T20:34:46Z,1344,9.563150560618105,-0.8394877930819681,12.902638353700073,807aa80048d80e577104f04f9dc527bcbdecbac1e0bd777c98286ecfff8aeba7,timestamped_live_quote,FBS vs FBS
2026-09-29T20:34:46Z,a2f7df0b000c054abd3cbc6f4a4b2432,2026-10-03T23:30:00Z,Boise State Broncos,Utah State Aggies,betmgm,BetMGM,2026-09-29T20:34:33Z,2026-09-29T20:34:33Z,Boise State Broncos,-20.5,-108.0,2026,2026-09-29T20:34:46Z,1344,9.563150560618105,-0.8394877930819681,12.902638353700073,807aa80048d80e577104f04f9dc527bcbdecbac1e0bd777c98286ecfff8aeba7,timestamped_live_quote,FBS vs FBS
2026-09-29T20:34:46Z,a2f7df0b000c054abd3cbc6f4a4b2432,2026-10-03T23:30:00Z,Boise State Broncos,Utah State Aggies,betmgm,BetMGM,2026-09-29T20:34:33Z,2026-09-29T20:34:33Z,Utah State Aggies,20.5,-110.0,2026,2026-09-29T20:34:46Z,1344,9.563150560618105,-0.8394877930819681,12.902638353700073,807aa80048d80e577104f04f9dc527bcbdecbac1e0bd777c98286ecfff8aeba7,timestamped_live_quote,FBS vs FBS
2026-09-29T20:34:46Z,a2f7df0b000c054abd3cbc6f4a4b2432,2026-10-03T23:30:00Z,Boise State Broncos,Utah State Aggies,bovada,Bovada,2026-09-29T20:33:33Z,2026-09-29T20:33:33Z,Boise State Broncos,-20.5,-110.0,2026,2026-09-29T20:34:46Z,1344,9.563150560618105,-0.8394877930819681,12.902638353700073,807aa80048d80e577104f04f9dc527bcbdecbac1e0bd777c98286ecfff8aeba7,timestamped_live_quote,FBS vs FBS
2026-09-29T20:34:46Z,a2f7df0b000c054abd3cbc6f4a4b2432,2026-10-03T23:30:00Z,Boise State Broncos,Utah State Aggies,bovada,Bovada,2026-09-29T20:33:33Z,2026-09-29T20:33:33Z,Utah State Aggies,20.5,-110.0,2026,2026-09-29T20:34:46Z,1344,9.563150560618105,-0.8394877930819681,12.902638353700073,807aa80048d80e577104f04f9dc527bcbdecbac1e0bd777c98286ecfff8aeba7,timestamped_live_quote,FBS vs FBS
2026-09-29T20:34:46Z,932c7f6dfe06be77192fe000e9f3ac9d,2026-10-03T23:30:00Z,Clemson Tigers,Miami Hurricanes,draftkings,DraftKings,2026-09-29T20:34:00Z,2026-09-29T20:34:00Z,Clemson Tigers,16.5,-108.0,2026,2026-09-29T20:34:46Z,1344,2.567187352348666,20.078812891065173,-15.011625538716508,807aa80048d80e577104f04f9dc527bcbdecbac1e0bd777c98286ecfff8aeba7,timestamped_live_quote,FBS vs FBS
2026-09-29T20:34:46Z,932c7f6dfe06be77192fe000e9f3ac9d,2026-10-03T23:30:00Z,Clemson Tigers,Miami Hurricanes,draftkings,DraftKings,2026-09-29T20:34:00Z,2026-09-29T20:34:00Z,Miami Hurricanes,-16.5,-112.0,2026,2026-09-29T20:34:46Z,1344,2.567187352348666,20.078812891065173,-15.011625538716508,807aa80048d80e577104f04f9dc527bcbdecbac1e0bd777c98286ecfff8aeba7,timestamped_live_quote,FBS vs FBS
2026-09-29T20:34:46Z,932c7f6dfe06be77192fe000e9f3ac9d,2026-10-03T23:30:00Z,Clemson Tigers,Miami Hurricanes,betmgm,BetMGM,2026-09-29T20:34:33Z,2026-09-29T20:34:33Z,Clemson Tigers,16.5,-105.0,2026,2026-09-29T20:34:46Z,1344,2.567187352348666,20.078812891065173,-15.011625538716508,807aa80048d80e577104f04f9dc527bcbdecbac1e0bd777c98286ecfff8aeba7,timestamped_live_quote,FBS vs FBS
2026-09-29T20:34:46Z,932c7f6dfe06be77192fe000e9f3ac9d,2026-10-03T23:30:00Z,Clemson Tigers,Miami Hurricanes,betmgm,BetMGM,2026-09-29T20:34:33Z,2026-09-29T20:34:33Z,Miami Hurricanes,-16.5,-112.0,2026,2026-09-29T20:34:46Z,1344,2.567187352348666,20.078812891065173,-15.011625538716508,807aa80048d80e577104f04f9dc527bcbdecbac1e0bd777c98286ecfff8aeba7,timestamped_live_quote,FBS vs FBS
2026-09-29T20:34:46Z,932c7f6dfe06be77192fe000e9f3ac9d,2026-10-03T23:30:00Z,Clemson Tigers,Miami Hurricanes,mybookieag,MyBookie.ag,2026-09-29T20:33:40Z,2026-09-29T20:33:40Z,Clemson Tigers,16.5,-110.0,2026,2026-09-29T20:34:46Z,1344,2.567187352348666,20.078812891065173,-15.011625538716508,807aa80048d80e577104f04f9dc527bcbdecbac1e0bd777c98286ecfff8aeba7,timestamped_live_quote,FBS vs FBS
2026-09-29T20:34:46Z,932c7f6dfe06be77192fe000e9f3ac9d,2026-10-03T23:30:00Z,Clemson Tigers,Miami Hurricanes,mybookieag,MyBookie.ag,2026-09-29T20:33:40Z,2026-09-29T20:33:40Z,Miami Hurricanes,-16.5,-110.0,2026,2026-09-29T20:34:46Z,1344,2.567187352348666,20.078812891065173,-15.011625538716508,807aa80048d80e577104f04f9dc527bcbdecbac1e0bd777c98286ecfff8aeba7,timestamped_live_quote,FBS vs FBS
2026-09-29T20:34:46Z,932c7f6dfe06be77192fe000e9f3ac9d,2026-10-03T23:30:00Z,Clemson Tigers,Miami Hurricanes,fanduel,FanDuel,2026-09-29T20:34:20Z,2026-09-29T20:34:19Z,Clemson Tigers,16.5,-104.0,2026,2026-09-29T20:34:46Z,1344,2.567187352348666,20.078812891065173,-15.011625538716508,807aa80048d80e577104f04f9dc527bcbdecbac1e0bd777c98286ecfff8aeba7,timestamped_live_quote,FBS vs FBS
2026-09-29T20:34:46Z,932c7f6dfe06be77192fe000e9f3ac9d,2026-10-03T23:30:00Z,Clemson Tigers,Miami Hurricanes,fanduel,FanDuel,2026-09-29T20:34:20Z,2026-09-29T20:34:19Z,Miami Hurricanes,-16.5,-118.0,2026,2026-09-29T20:34:46Z,1344,2.567187352348666,20.078812891065173,-15.011625538716508,807aa80048d80e577104f04f9dc527bcbdecbac1e0bd777c98286ecfff8aeba7,timestamped_live_quote,FBS vs FBS
2026-09-29T20:34:46Z,932c7f6dfe06be77192fe000e9f3ac9d,2026-10-03T23:30:00Z,Clemson Tigers,Miami Hurricanes,betrivers,BetRivers,2026-09-29T20:34:19Z,2026-09-29T20:34:19Z,Clemson Tigers,17.0,-115.0,2026,2026-09-29T20:34:46Z,1344,2.567187352348666,20.078812891065173,-15.011625538716508,807aa80048d80e577104f04f9dc527bcbdecbac1e0bd777c98286ecfff8aeba7,timestamped_live_quote,FBS vs FBS
2026-09-29T20:34:46Z,932c7f6dfe06be77192fe000e9f3ac9d,2026-10-03T23:30:00Z,Clemson Tigers,Miami Hurricanes,betrivers,BetRivers,2026-09-29T20:34:19Z,2026-09-29T20:34:19Z,Miami Hurricanes,-17.0,-108.0,2026,2026-09-29T20:34:46Z,1344,2.567187352348666,20.078812891065173,-15.011625538716508,807aa80048d80e577104f04f9dc527bcbdecbac1e0bd777c98286ecfff8aeba7,timestamped_live_quote,FBS vs FBS
2026-09-29T20:34:46Z,932c7f6dfe06be77192fe000e9f3ac9d,2026-10-03T23:30:00Z,Clemson Tigers,Miami Hurricanes,lowvig,LowVig.ag,2026-09-29T20:33:39Z,2026-09-29T20:33:39Z,Clemson Tigers,16.5,-101.0,2026,2026-09-29T20:34:46Z,1344,2.567187352348666,20.078812891065173,-15.011625538716508,807aa80048d80e577104f04f9dc527bcbdecbac1e0bd777c98286ecfff8aeba7,timestamped_live_quote,FBS vs FBS
2026-09-29T20:34:46Z,932c7f6dfe06be77192fe000e9f3ac9d,2026-10-03T23:30:00Z,Clemson Tigers,Miami Hurricanes,lowvig,LowVig.ag,2026-09-29T20:33:39Z,2026-09-29T20:33:39Z,Miami Hurricanes,-16.5,-111.0,2026,2026-09-29T20:34:46Z,1344,2.567187352348666,20.078812891065173,-15.011625538716508,807aa80048d80e577104f04f9dc527bcbdecbac1e0bd777c98286ecfff8aeba7,timestamped_live_quote,FBS vs FBS
2026-09-29T20:34:46Z,932c7f6dfe06be77192fe000e9f3ac9d,2026-10-03T23:30:00Z,Clemson Tigers,Miami Hurricanes,betonlineag,BetOnline.ag,2026-09-29T20:34:16Z,2026-09-29T20:34:16Z,Clemson Tigers,16.5,-105.0,2026,2026-09-29T20:34:46Z,1344,2.567187352348666,20.078812891065173,-15.011625538716508,807aa80048d80e577104f04f9dc527bcbdecbac1e0bd777c98286ecfff8aeba7,timestamped_live_quote,FBS vs FBS
2026-09-29T20:34:46Z,932c7f6dfe06be77192fe000e9f3ac9d,2026-10-03T23:30:00Z,Clemson Tigers,Miami Hurricanes,betonlineag,BetOnline.ag,2026-09-29T20:34:16Z,2026-09-29T20:34:16Z,Miami Hurricanes,-16.5,-115.0,2026,2026-09-29T20:34:46Z,1344,2.567187352348666,20.078812891065173,-15.011625538716508,807aa80048d80e577104f04f9dc527bcbdecbac1e0bd777c98286ecfff8aeba7,timestamped_live_quote,FBS vs FBS
2026-09-29T20:34:46Z,932c7f6dfe06be77192fe000e9f3ac9d,2026-10-03T23:30:00Z,Clemson Tigers,Miami Hurricanes,betus,BetUS,2026-09-29T20:34:18Z,2026-09-29T20:34:18Z,Clemson Tigers,16.5,-110.0,2026,2026-09-29T20:34:46Z,1344,2.567187352348666,20.078812891065173,-15.011625538716508,807aa80048d80e577104f04f9dc527bcbdecbac1e0bd777c98286ecfff8aeba7,timestamped_live_quote,FBS vs FBS
2026-09-29T20:34:46Z,932c7f6dfe06be77192fe000e9f3ac9d,2026-10-03T23:30:00Z,Clemson Tigers,Miami Hurricanes,betus,BetUS,2026-09-29T20:34:18Z,2026-09-29T20:34:18Z,Miami Hurricanes,-16.5,-110.0,2026,2026-09-29T20:34:46Z,1344,2.567187352348666,20.078812891065173,-15.011625538716508,807aa80048d80e577104f04f9dc527bcbdecbac1e0bd777c98286ecfff8aeba7,timestamped_live_quote,FBS vs FBS
2026-09-29T20:34:46Z,932c7f6dfe06be77192fe000e9f3ac9d,2026-10-03T23:30:00Z,Clemson Tigers,Miami Hurricanes,bovada,Bovada,2026-09-29T20:33:33Z,2026-09-29T20:33:33Z,Clemson Tigers,16.5,-110.0,2026,2026-09-29T20:34:46Z,1344,2.567187352348666,20.078812891065173,-15.011625538716508,807aa80048d80e577104f04f9dc527bcbdecbac1e0bd777c98286ecfff8aeba7,timestamped_live_quote,FBS vs FBS
2026-09-29T20:34:46Z,932c7f6dfe06be77192fe000e9f3ac9d,2026-10-03T23:30:00Z,Clemson Tigers,Miami Hurricanes,bovada,Bovada,2026-09-29T20:33:33Z,2026-09-29T20:33:33Z,Miami Hurricanes,-16.5,-110.0,2026,2026-09-29T20:34:46Z,1344,2.567187352348666,20.078812891065173,-15.011625538716508,807aa80048d80e577104f04f9dc527bcbdecbac1e0bd777c98286ecfff8aeba7,timestamped_live_quote,FBS vs FBS
2026-09-29T20:34:46Z,6338f8a71aba32414791add2d358472d,2026-10-03T23:30:00Z,South Florida Bulls,Temple Owls,fanduel,FanDuel,2026-09-29T20:34:20Z,2026-09-29T20:34:20Z,South Florida Bulls,-6.5,-118.0,2026,2026-09-29T20:34:46Z,1344,7.347973856109944,2.9231649589564714,6.924808897153473,807aa80048d80e577104f04f9dc527bcbdecbac1e0bd777c98286ecfff8aeba7,timestamped_live_quote,FBS vs FBS
2026-09-29T20:34:46Z,6338f8a71aba32414791add2d358472d,2026-10-03T23:30:00Z,South Florida Bulls,Temple Owls,fanduel,FanDuel,2026-09-29T20:34:20Z,2026-09-29T20:34:20Z,Temple Owls,6.5,-104.0,2026,2026-09-29T20:34:46Z,1344,7.347973856109944,2.9231649589564714,6.924808897153473,807aa80048d80e577104f04f9dc527bcbdecbac1e0bd777c98286ecfff8aeba7,timestamped_live_quote,FBS vs FBS
2026-09-29T20:34:46Z,6338f8a71aba32414791add2d358472d,2026-10-03T23:30:00Z,South Florida Bulls,Temple Owls,draftkings,DraftKings,2026-09-29T20:34:00Z,2026-09-29T20:34:00Z,South Florida Bulls,-6.5,-108.0,2026,2026-09-29T20:34:46Z,1344,7.347973856109944,2.9231649589564714,6.924808897153473,807aa80048d80e577104f04f9dc527bcbdecbac1e0bd777c98286ecfff8aeba7,timestamped_live_quote,FBS vs FBS
2026-09-29T20:34:46Z,6338f8a71aba32414791add2d358472d,2026-10-03T23:30:00Z,South Florida Bulls,Temple Owls,draftkings,DraftKings,2026-09-29T20:34:00Z,2026-09-29T20:34:00Z,Temple Owls,6.5,-112.0,2026,2026-09-29T20:34:46Z,1344,7.347973856109944,2.9231649589564714,6.924808897153473,807aa80048d80e577104f04f9dc527bcbdecbac1e0bd777c98286ecfff8aeba7,timestamped_live_quote,FBS vs FBS
2026-09-29T20:34:46Z,6338f8a71aba32414791add2d358472d,2026-10-03T23:30:00Z,South Florida Bulls,Temple Owls,betonlineag,BetOnline.ag,2026-09-29T20:34:16Z,2026-09-29T20:34:16Z,South Florida Bulls,-6.5,-109.0,2026,2026-09-29T20:34:46Z,1344,7.347973856109944,2.9231649589564714,6.924808897153473,807aa80048d80e577104f04f9dc527bcbdecbac1e0bd777c98286ecfff8aeba7,timestamped_live_quote,FBS vs FBS
2026-09-29T20:34:46Z,6338f8a71aba32414791add2d358472d,2026-10-03T23:30:00Z,South Florida Bulls,Temple Owls,betonlineag,BetOnline.ag,2026-09-29T20:34:16Z,2026-09-29T20:34:16Z,Temple Owls,6.5,-111.0,2026,2026-09-29T20:34:46Z,1344,7.347973856109944,2.9231649589564714,6.924808897153473,807aa80048d80e577104f04f9dc527bcbdecbac1e0bd777c98286ecfff8aeba7,timestamped_live_quote,FBS vs FBS
2026-09-29T20:34:46Z,6338f8a71aba32414791add2d358472d,2026-10-03T23:30:00Z,South Florida Bulls,Temple Owls,lowvig,LowVig.ag,2026-09-29T20:33:39Z,2026-09-29T20:33:39Z,South Florida Bulls,-6.5,-105.0,2026,2026-09-29T20:34:46Z,1344,7.347973856109944,2.9231649589564714,6.924808897153473,807aa80048d80e577104f04f9dc527bcbdecbac1e0bd777c98286ecfff8aeba7,timestamped_live_quote,FBS vs FBS
2026-09-29T20:34:46Z,6338f8a71aba32414791add2d358472d,2026-10-03T23:30:00Z,South Florida Bulls,Temple Owls,lowvig,LowVig.ag,2026-09-29T20:33:39Z,2026-09-29T20:33:39Z,Temple Owls,6.5,-107.0,2026,2026-09-29T20:34:46Z,1344,7.347973856109944,2.9231649589564714,6.924808897153473,807aa80048d80e577104f04f9dc527bcbdecbac1e0bd777c98286ecfff8aeba7,timestamped_live_quote,FBS vs FBS
2026-09-29T20:34:46Z,6338f8a71aba32414791add2d358472d,2026-10-03T23:30:00Z,South Florida Bulls,Temple Owls,betrivers,BetRivers,2026-09-29T20:34:19Z,2026-09-29T20:34:19Z,South Florida Bulls,-6.0,-113.0,2026,2026-09-29T20:34:46Z,1344,7.347973856109944,2.9231649589564714,6.924808897153473,807aa80048d80e577104f04f9dc527bcbdecbac1e0bd777c98286ecfff8aeba7,timestamped_live_quote,FBS vs FBS
2026-09-29T20:34:46Z,6338f8a71aba32414791add2d358472d,2026-10-03T23:30:00Z,South Florida Bulls,Temple Owls,betrivers,BetRivers,2026-09-29T20:34:19Z,2026-09-29T20:34:19Z,Temple Owls,6.0,-109.0,2026,2026-09-29T20:34:46Z,1344,7.347973856109944,2.9231649589564714,6.924808897153473,807aa80048d80e577104f04f9dc527bcbdecbac1e0bd777c98286ecfff8aeba7,timestamped_live_quote,FBS vs FBS
2026-09-29T20:34:46Z,6338f8a71aba32414791add2d358472d,2026-10-03T23:30:00Z,South Florida Bulls,Temple Owls,mybookieag,MyBookie.ag,2026-09-29T20:33:40Z,2026-09-29T20:33:40Z,South Florida Bulls,-6.0,-110.0,2026,2026-09-29T20:34:46Z,1344,7.347973856109944,2.9231649589564714,6.924808897153473,807aa80048d80e577104f04f9dc527bcbdecbac1e0bd777c98286ecfff8aeba7,timestamped_live_quote,FBS vs FBS
2026-09-29T20:34:46Z,6338f8a71aba32414791add2d358472d,2026-10-03T23:30:00Z,South Florida Bulls,Temple Owls,mybookieag,MyBookie.ag,2026-09-29T20:33:40Z,2026-09-29T20:33:40Z,Temple Owls,6.0,-110.0,2026,2026-09-29T20:34:46Z,1344,7.347973856109944,2.9231649589564714,6.924808897153473,807aa80048d80e577104f04f9dc527bcbdecbac1e0bd777c98286ecfff8aeba7,timestamped_live_quote,FBS vs FBS
2026-09-29T20:34:46Z,6338f8a71aba32414791add2d358472d,2026-10-03T23:30:00Z,South Florida Bulls,Temple Owls,betus,BetUS,2026-09-29T20:34:18Z,2026-09-29T20:34:18Z,South Florida Bulls,-6.5,-110.0,2026,2026-09-29T20:34:46Z,1344,7.347973856109944,2.9231649589564714,6.924808897153473,807aa80048d80e577104f04f9dc527bcbdecbac1e0bd777c98286ecfff8aeba7,timestamped_live_quote,FBS vs FBS
2026-09-29T20:34:46Z,6338f8a71aba32414791add2d358472d,2026-10-03T23:30:00Z,South Florida Bulls,Temple Owls,betus,BetUS,2026-09-29T20:34:18Z,2026-09-29T20:34:18Z,Temple Owls,6.5,-110.0,2026,2026-09-29T20:34:46Z,1344,7.347973856109944,2.9231649589564714,6.924808897153473,807aa80048d80e577104f04f9dc527bcbdecbac1e0bd777c98286ecfff8aeba7,timestamped_live_quote,FBS vs FBS
2026-09-29T20:34:46Z,6338f8a71aba32414791add2d358472d,2026-10-03T23:30:00Z,South Florida Bulls,Temple Owls,betmgm,BetMGM,2026-09-29T20:34:33Z,2026-09-29T20:34:33Z,South Florida Bulls,-6.5,-110.0,2026,2026-09-29T20:34:46Z,1344,7.347973856109944,2.9231649589564714,6.924808897153473,807aa80048d80e577104f04f9dc527bcbdecbac1e0bd777c98286ecfff8aeba7,timestamped_live_quote,FBS vs FBS
2026-09-29T20:34:46Z,6338f8a71aba32414791add2d358472d,2026-10-03T23:30:00Z,South Florida Bulls,Temple Owls,betmgm,BetMGM,2026-09-29T20:34:33Z,2026-09-29T20:34:33Z,Temple Owls,6.5,-108.0,2026,2026-09-29T20:34:46Z,1344,7.347973856109944,2.9231649589564714,6.924808897153473,807aa80048d80e577104f04f9dc527bcbdecbac1e0bd777c98286ecfff8aeba7,timestamped_live_quote,FBS vs FBS
2026-09-29T20:34:46Z,6338f8a71aba32414791add2d358472d,2026-10-03T23:30:00Z,South Florida Bulls,Temple Owls,bovada,Bovada,2026-09-29T20:33:33Z,2026-09-29T20:33:33Z,South Florida Bulls,-6.5,-105.0,2026,2026-09-29T20:34:46Z,1344,7.347973856109944,2.9231649589564714,6.924808897153473,807aa80048d80e577104f04f9dc527bcbdecbac1e0bd777c98286ecfff8aeba7,timestamped_live_quote,FBS vs FBS
2026-09-29T20:34:46Z,6338f8a71aba32414791add2d358472d,2026-10-03T23:30:00Z,South Florida Bulls,Temple Owls,bovada,Bovada,2026-09-29T20:33:33Z,2026-09-29T20:33:33Z,Temple Owls,6.5,-115.0,2026,2026-09-29T20:34:46Z,1344,7.347973856109944,2.9231649589564714,6.924808897153473,807aa80048d80e577104f04f9dc527bcbdecbac1e0bd777c98286ecfff8aeba7,timestamped_live_quote,FBS vs FBS
2026-09-29T20:34:46Z,f981648dba0e71d8517d47d31aa2633d,2026-10-03T23:30:00Z,USC Trojans,Washington Huskies,draftkings,DraftKings,2026-09-29T20:34:00Z,2026-09-29T20:34:00Z,USC Trojans,-9.5,-115.0,2026,2026-09-29T20:34:46Z,1344,9.539312484093841,4.701284481318983,7.338028002774858,807aa80048d80e577104f04f9dc527bcbdecbac1e0bd777c98286ecfff8aeba7,timestamped_live_quote,FBS vs FBS
2026-09-29T20:34:46Z,f981648dba0e71d8517d47d31aa2633d,2026-10-03T23:30:00Z,USC Trojans,Washington Huskies,draftkings,DraftKings,2026-09-29T20:34:00Z,2026-09-29T20:34:00Z,Washington Huskies,9.5,-105.0,2026,2026-09-29T20:34:46Z,1344,9.539312484093841,4.701284481318983,7.338028002774858,807aa80048d80e577104f04f9dc527bcbdecbac1e0bd777c98286ecfff8aeba7,timestamped_live_quote,FBS vs FBS
2026-09-29T20:34:46Z,f981648dba0e71d8517d47d31aa2633d,2026-10-03T23:30:00Z,USC Trojans,Washington Huskies,fanduel,FanDuel,2026-09-29T20:34:20Z,2026-09-29T20:34:20Z,USC Trojans,-9.5,-115.0,2026,2026-09-29T20:34:46Z,1344,9.539312484093841,4.701284481318983,7.338028002774858,807aa80048d80e577104f04f9dc527bcbdecbac1e0bd777c98286ecfff8aeba7,timestamped_live_quote,FBS vs FBS
2026-09-29T20:34:46Z,f981648dba0e71d8517d47d31aa2633d,2026-10-03T23:30:00Z,USC Trojans,Washington Huskies,fanduel,FanDuel,2026-09-29T20:34:20Z,2026-09-29T20:34:20Z,Washington Huskies,9.5,-105.0,2026,2026-09-29T20:34:46Z,1344,9.539312484093841,4.701284481318983,7.338028002774858,807aa80048d80e577104f04f9dc527bcbdecbac1e0bd777c98286ecfff8aeba7,timestamped_live_quote,FBS vs FBS
2026-09-29T20:34:46Z,f981648dba0e71d8517d47d31aa2633d,2026-10-03T23:30:00Z,USC Trojans,Washington Huskies,betrivers,BetRivers,2026-09-29T20:34:19Z,2026-09-29T20:34:19Z,USC Trojans,-10.0,-110.0,2026,2026-09-29T20:34:46Z,1344,9.539312484093841,4.701284481318983,7.338028002774858,807aa80048d80e577104f04f9dc527bcbdecbac1e0bd777c98286ecfff8aeba7,timestamped_live_quote,FBS vs FBS
2026-09-29T20:34:46Z,f981648dba0e71d8517d47d31aa2633d,2026-10-03T23:30:00Z,USC Trojans,Washington Huskies,betrivers,BetRivers,2026-09-29T20:34:19Z,2026-09-29T20:34:19Z,Washington Huskies,10.0,-113.0,2026,2026-09-29T20:34:46Z,1344,9.539312484093841,4.701284481318983,7.338028002774858,807aa80048d80e577104f04f9dc527bcbdecbac1e0bd777c98286ecfff8aeba7,timestamped_live_quote,FBS vs FBS
2026-09-29T20:34:46Z,f981648dba0e71d8517d47d31aa2633d,2026-10-03T23:30:00Z,USC Trojans,Washington Huskies,lowvig,LowVig.ag,2026-09-29T20:33:39Z,2026-09-29T20:33:39Z,USC Trojans,-9.0,-112.0,2026,2026-09-29T20:34:46Z,1344,9.539312484093841,4.701284481318983,7.338028002774858,807aa80048d80e577104f04f9dc527bcbdecbac1e0bd777c98286ecfff8aeba7,timestamped_live_quote,FBS vs FBS
2026-09-29T20:34:46Z,f981648dba0e71d8517d47d31aa2633d,2026-10-03T23:30:00Z,USC Trojans,Washington Huskies,lowvig,LowVig.ag,2026-09-29T20:33:39Z,2026-09-29T20:33:39Z,Washington Huskies,9.0,100.0,2026,2026-09-29T20:34:46Z,1344,9.539312484093841,4.701284481318983,7.338028002774858,807aa80048d80e577104f04f9dc527bcbdecbac1e0bd777c98286ecfff8aeba7,timestamped_live_quote,FBS vs FBS
2026-09-29T20:34:46Z,f981648dba0e71d8517d47d31aa2633d,2026-10-03T23:30:00Z,USC Trojans,Washington Huskies,betonlineag,BetOnline.ag,2026-09-29T20:34:16Z,2026-09-29T20:34:16Z,USC Trojans,-9.0,-116.0,2026,2026-09-29T20:34:46Z,1344,9.539312484093841,4.701284481318983,7.338028002774858,807aa80048d80e577104f04f9dc527bcbdecbac1e0bd777c98286ecfff8aeba7,timestamped_live_quote,FBS vs FBS
2026-09-29T20:34:46Z,f981648dba0e71d8517d47d31aa2633d,2026-10-03T23:30:00Z,USC Trojans,Washington Huskies,betonlineag,BetOnline.ag,2026-09-29T20:34:16Z,2026-09-29T20:34:16Z,Washington Huskies,9.0,-104.0,2026,2026-09-29T20:34:46Z,1344,9.539312484093841,4.701284481318983,7.338028002774858,807aa80048d80e577104f04f9dc527bcbdecbac1e0bd777c98286ecfff8aeba7,timestamped_live_quote,FBS vs FBS
2026-09-29T20:34:46Z,f981648dba0e71d8517d47d31aa2633d,2026-10-03T23:30:00Z,USC Trojans,Washington Huskies,betus,BetUS,2026-09-29T20:34:18Z,2026-09-29T20:34:18Z,USC Trojans,-9.5,-110.0,2026,2026-09-29T20:34:46Z,1344,9.539312484093841,4.701284481318983,7.338028002774858,807aa80048d80e577104f04f9dc527bcbdecbac1e0bd777c98286ecfff8aeba7,timestamped_live_quote,FBS vs FBS
2026-09-29T20:34:46Z,f981648dba0e71d8517d47d31aa2633d,2026-10-03T23:30:00Z,USC Trojans,Washington Huskies,betus,BetUS,2026-09-29T20:34:18Z,2026-09-29T20:34:18Z,Washington Huskies,9.5,-110.0,2026,2026-09-29T20:34:46Z,1344,9.539312484093841,4.701284481318983,7.338028002774858,807aa80048d80e577104f04f9dc527bcbdecbac1e0bd777c98286ecfff8aeba7,timestamped_live_quote,FBS vs FBS
2026-09-29T20:34:46Z,f981648dba0e71d8517d47d31aa2633d,2026-10-03T23:30:00Z,USC Trojans,Washington Huskies,betmgm,BetMGM,2026-09-29T20:34:33Z,2026-09-29T20:34:33Z,USC Trojans,-9.5,-110.0,2026,2026-09-29T20:34:46Z,1344,9.539312484093841,4.701284481318983,7.338028002774858,807aa80048d80e577104f04f9dc527bcbdecbac1e0bd777c98286ecfff8aeba7,timestamped_live_quote,FBS vs FBS
2026-09-29T20:34:46Z,f981648dba0e71d8517d47d31aa2633d,2026-10-03T23:30:00Z,USC Trojans,Washington Huskies,betmgm,BetMGM,2026-09-29T20:34:33Z,2026-09-29T20:34:33Z,Washington Huskies,9.5,-108.0,2026,2026-09-29T20:34:46Z,1344,9.539312484093841,4.701284481318983,7.338028002774858,807aa80048d80e577104f04f9dc527bcbdecbac1e0bd777c98286ecfff8aeba7,timestamped_live_quote,FBS vs FBS
2026-09-29T20:34:46Z,f981648dba0e71d8517d47d31aa2633d,2026-10-03T23:30:00Z,USC Trojans,Washington Huskies,mybookieag,MyBookie.ag,2026-09-29T20:33:40Z,2026-09-29T20:33:40Z,USC Trojans,-9.5,-110.0,2026,2026-09-29T20:34:46Z,1344,9.539312484093841,4.701284481318983,7.338028002774858,807aa80048d80e577104f04f9dc527bcbdecbac1e0bd777c98286ecfff8aeba7,timestamped_live_quote,FBS vs FBS
2026-09-29T20:34:46Z,f981648dba0e71d8517d47d31aa2633d,2026-10-03T23:30:00Z,USC Trojans,Washington Huskies,mybookieag,MyBookie.ag,2026-09-29T20:33:40Z,2026-09-29T20:33:40Z,Washington Huskies,9.5,-110.0,2026,2026-09-29T20:34:46Z,1344,9.539312484093841,4.701284481318983,7.338028002774858,807aa80048d80e577104f04f9dc527bcbdecbac1e0bd777c98286ecfff8aeba7,timestamped_live_quote,FBS vs FBS
2026-09-29T20:34:46Z,f981648dba0e71d8517d47d31aa2633d,2026-10-03T23:30:00Z,USC Trojans,Washington Huskies,bovada,Bovada,2026-09-29T20:33:33Z,2026-09-29T20:33:33Z,USC Trojans,-9.5,-110.0,2026,2026-09-29T20:34:46Z,1344,9.539312484093841,4.701284481318983,7.338028002774858,807aa80048d80e577104f04f9dc527bcbdecbac1e0bd777c98286ecfff8aeba7,timestamped_live_quote,FBS vs FBS
2026-09-29T20:34:46Z,f981648dba0e71d8517d47d31aa2633d,2026-10-03T23:30:00Z,USC Trojans,Washington Huskies,bovada,Bovada,2026-09-29T20:33:33Z,2026-09-29T20:33:33Z,Washington Huskies,9.5,-110.0,2026,2026-09-29T20:34:46Z,1344,9.539312484093841,4.701284481318983,7.338028002774858,807aa80048d80e577104f04f9dc527bcbdecbac1e0bd777c98286ecfff8aeba7,timestamped_live_quote,FBS vs FBS
2026-09-29T20:34:46Z,253e389201e449a2984a194e3eebf7f8,2026-10-03T23:31:00Z,Colorado Buffaloes,Texas Tech Red Raiders,fanduel,FanDuel,2026-09-29T20:34:20Z,2026-09-29T20:34:20Z,Colorado Buffaloes,13.5,-115.0,2026,2026-09-29T20:34:46Z,1344,1.1074993310385604,10.64804832956414,-7.04054899852558,807aa80048d80e577104f04f9dc527bcbdecbac1e0bd777c98286ecfff8aeba7,timestamped_live_quote,FBS vs FBS
2026-09-29T20:34:46Z,253e389201e449a2984a194e3eebf7f8,2026-10-03T23:31:00Z,Colorado Buffaloes,Texas Tech Red Raiders,fanduel,FanDuel,2026-09-29T20:34:20Z,2026-09-29T20:34:20Z,Texas Tech Red Raiders,-13.5,-105.0,2026,2026-09-29T20:34:46Z,1344,1.1074993310385604,10.64804832956414,-7.04054899852558,807aa80048d80e577104f04f9dc527bcbdecbac1e0bd777c98286ecfff8aeba7,timestamped_live_quote,FBS vs FBS
2026-09-29T20:34:46Z,253e389201e449a2984a194e3eebf7f8,2026-10-03T23:31:00Z,Colorado Buffaloes,Texas Tech Red Raiders,betrivers,BetRivers,2026-09-29T20:34:19Z,2026-09-29T20:34:19Z,Colorado Buffaloes,13.5,-114.0,2026,2026-09-29T20:34:46Z,1344,1.1074993310385604,10.64804832956414,-7.04054899852558,807aa80048d80e577104f04f9dc527bcbdecbac1e0bd777c98286ecfff8aeba7,timestamped_live_quote,FBS vs FBS
2026-09-29T20:34:46Z,253e389201e449a2984a194e3eebf7f8,2026-10-03T23:31:00Z,Colorado Buffaloes,Texas Tech Red Raiders,betrivers,BetRivers,2026-09-29T20:34:19Z,2026-09-29T20:34:19Z,Texas Tech Red Raiders,-13.5,-109.0,2026,2026-09-29T20:34:46Z,1344,1.1074993310385604,10.64804832956414,-7.04054899852558,807aa80048d80e577104f04f9dc527bcbdecbac1e0bd777c98286ecfff8aeba7,timestamped_live_quote,FBS vs FBS
2026-09-29T20:34:46Z,253e389201e449a2984a194e3eebf7f8,2026-10-03T23:31:00Z,Colorado Buffaloes,Texas Tech Red Raiders,draftkings,DraftKings,2026-09-29T20:34:00Z,2026-09-29T20:34:00Z,Colorado Buffaloes,12.5,-108.0,2026,2026-09-29T20:34:46Z,1344,1.1074993310385604,10.64804832956414,-7.04054899852558,807aa80048d80e577104f04f9dc527bcbdecbac1e0bd777c98286ecfff8aeba7,timestamped_live_quote,FBS vs FBS
2026-09-29T20:34:46Z,253e389201e449a2984a194e3eebf7f8,2026-10-03T23:31:00Z,Colorado Buffaloes,Texas Tech Red Raiders,draftkings,DraftKings,2026-09-29T20:34:00Z,2026-09-29T20:34:00Z,Texas Tech Red Raiders,-12.5,-112.0,2026,2026-09-29T20:34:46Z,1344,1.1074993310385604,10.64804832956414,-7.04054899852558,807aa80048d80e577104f04f9dc527bcbdecbac1e0bd777c98286ecfff8aeba7,timestamped_live_quote,FBS vs FBS
2026-09-29T20:34:46Z,253e389201e449a2984a194e3eebf7f8,2026-10-03T23:31:00Z,Colorado Buffaloes,Texas Tech Red Raiders,lowvig,LowVig.ag,2026-09-29T20:33:39Z,2026-09-29T20:33:39Z,Colorado Buffaloes,13.0,-111.0,2026,2026-09-29T20:34:46Z,1344,1.1074993310385604,10.64804832956414,-7.04054899852558,807aa80048d80e577104f04f9dc527bcbdecbac1e0bd777c98286ecfff8aeba7,timestamped_live_quote,FBS vs FBS
2026-09-29T20:34:46Z,253e389201e449a2984a194e3eebf7f8,2026-10-03T23:31:00Z,Colorado Buffaloes,Texas Tech Red Raiders,lowvig,LowVig.ag,2026-09-29T20:33:39Z,2026-09-29T20:33:39Z,Texas Tech Red Raiders,-13.0,-101.0,2026,2026-09-29T20:34:46Z,1344,1.1074993310385604,10.64804832956414,-7.04054899852558,807aa80048d80e577104f04f9dc527bcbdecbac1e0bd777c98286ecfff8aeba7,timestamped_live_quote,FBS vs FBS
2026-09-29T20:34:46Z,253e389201e449a2984a194e3eebf7f8,2026-10-03T23:31:00Z,Colorado Buffaloes,Texas Tech Red Raiders,betonlineag,BetOnline.ag,2026-09-29T20:34:16Z,2026-09-29T20:34:16Z,Colorado Buffaloes,13.0,-115.0,2026,2026-09-29T20:34:46Z,1344,1.1074993310385604,10.64804832956414,-7.04054899852558,807aa80048d80e577104f04f9dc527bcbdecbac1e0bd777c98286ecfff8aeba7,timestamped_live_quote,FBS vs FBS
2026-09-29T20:34:46Z,253e389201e449a2984a194e3eebf7f8,2026-10-03T23:31:00Z,Colorado Buffaloes,Texas Tech Red Raiders,betonlineag,BetOnline.ag,2026-09-29T20:34:16Z,2026-09-29T20:34:16Z,Texas Tech Red Raiders,-13.0,-105.0,2026,2026-09-29T20:34:46Z,1344,1.1074993310385604,10.64804832956414,-7.04054899852558,807aa80048d80e577104f04f9dc527bcbdecbac1e0bd777c98286ecfff8aeba7,timestamped_live_quote,FBS vs FBS
2026-09-29T20:34:46Z,253e389201e449a2984a194e3eebf7f8,2026-10-03T23:31:00Z,Colorado Buffaloes,Texas Tech Red Raiders,mybookieag,MyBookie.ag,2026-09-29T20:33:40Z,2026-09-29T20:33:40Z,Colorado Buffaloes,13.5,-110.0,2026,2026-09-29T20:34:46Z,1344,1.1074993310385604,10.64804832956414,-7.04054899852558,807aa80048d80e577104f04f9dc527bcbdecbac1e0bd777c98286ecfff8aeba7,timestamped_live_quote,FBS vs FBS
2026-09-29T20:34:46Z,253e389201e449a2984a194e3eebf7f8,2026-10-03T23:31:00Z,Colorado Buffaloes,Texas Tech Red Raiders,mybookieag,MyBookie.ag,2026-09-29T20:33:40Z,2026-09-29T20:33:40Z,Texas Tech Red Raiders,-13.5,-110.0,2026,2026-09-29T20:34:46Z,1344,1.1074993310385604,10.64804832956414,-7.04054899852558,807aa80048d80e577104f04f9dc527bcbdecbac1e0bd777c98286ecfff8aeba7,timestamped_live_quote,FBS vs FBS
2026-09-29T20:34:46Z,253e389201e449a2984a194e3eebf7f8,2026-10-03T23:31:00Z,Colorado Buffaloes,Texas Tech Red Raiders,betus,BetUS,2026-09-29T20:34:18Z,2026-09-29T20:34:18Z,Colorado Buffaloes,13.0,-110.0,2026,2026-09-29T20:34:46Z,1344,1.1074993310385604,10.64804832956414,-7.04054899852558,807aa80048d80e577104f04f9dc527bcbdecbac1e0bd777c98286ecfff8aeba7,timestamped_live_quote,FBS vs FBS
2026-09-29T20:34:46Z,253e389201e449a2984a194e3eebf7f8,2026-10-03T23:31:00Z,Colorado Buffaloes,Texas Tech Red Raiders,betus,BetUS,2026-09-29T20:34:18Z,2026-09-29T20:34:18Z,Texas Tech Red Raiders,-13.0,-110.0,2026,2026-09-29T20:34:46Z,1344,1.1074993310385604,10.64804832956414,-7.04054899852558,807aa80048d80e577104f04f9dc527bcbdecbac1e0bd777c98286ecfff8aeba7,timestamped_live_quote,FBS vs FBS
2026-09-29T20:34:46Z,253e389201e449a2984a194e3eebf7f8,2026-10-03T23:31:00Z,Colorado Buffaloes,Texas Tech Red Raiders,betmgm,BetMGM,2026-09-29T20:34:33Z,2026-09-29T20:34:33Z,Colorado Buffaloes,12.5,-108.0,2026,2026-09-29T20:34:46Z,1344,1.1074993310385604,10.64804832956414,-7.04054899852558,807aa80048d80e577104f04f9dc527bcbdecbac1e0bd777c98286ecfff8aeba7,timestamped_live_quote,FBS vs FBS
2026-09-29T20:34:46Z,253e389201e449a2984a194e3eebf7f8,2026-10-03T23:31:00Z,Colorado Buffaloes,Texas Tech Red Raiders,betmgm,BetMGM,2026-09-29T20:34:33Z,2026-09-29T20:34:33Z,Texas Tech Red Raiders,-12.5,-110.0,2026,2026-09-29T20:34:46Z,1344,1.1074993310385604,10.64804832956414,-7.04054899852558,807aa80048d80e577104f04f9dc527bcbdecbac1e0bd777c98286ecfff8aeba7,timestamped_live_quote,FBS vs FBS
2026-09-29T20:34:46Z,253e389201e449a2984a194e3eebf7f8,2026-10-03T23:31:00Z,Colorado Buffaloes,Texas Tech Red Raiders,bovada,Bovada,2026-09-29T20:33:33Z,2026-09-29T20:33:33Z,Colorado Buffaloes,13.0,-110.0,2026,2026-09-29T20:34:46Z,1344,1.1074993310385604,10.64804832956414,-7.04054899852558,807aa80048d80e577104f04f9dc527bcbdecbac1e0bd777c98286ecfff8aeba7,timestamped_live_quote,FBS vs FBS
2026-09-29T20:34:46Z,253e389201e449a2984a194e3eebf7f8,2026-10-03T23:31:00Z,Colorado Buffaloes,Texas Tech Red Raiders,bovada,Bovada,2026-09-29T20:33:33Z,2026-09-29T20:33:33Z,Texas Tech Red Raiders,-13.0,-110.0,2026,2026-09-29T20:34:46Z,1344,1.1074993310385604,10.64804832956414,-7.04054899852558,807aa80048d80e577104f04f9dc527bcbdecbac1e0bd777c98286ecfff8aeba7,timestamped_live_quote,FBS vs FBS
2026-09-29T20:34:46Z,1d3756ab74c013c39510958b5a632b74,2026-10-04T00:00:00Z,Louisiana Ragin Cajuns,Arkansas State Red Wolves,draftkings,DraftKings,2026-09-29T20:34:00Z,2026-09-29T20:34:00Z,Arkansas State Red Wolves,6.5,-105.0,2026,2026-09-29T20:34:46Z,1344,5.856247593614552,1.9042276968892304,6.4520198967253215,807aa80048d80e577104f04f9dc527bcbdecbac1e0bd777c98286ecfff8aeba7,timestamped_live_quote,FBS vs FBS
2026-09-29T20:34:46Z,1d3756ab74c013c39510958b5a632b74,2026-10-04T00:00:00Z,Louisiana Ragin Cajuns,Arkansas State Red Wolves,draftkings,DraftKings,2026-09-29T20:34:00Z,2026-09-29T20:34:00Z,Louisiana Ragin Cajuns,-6.5,-115.0,2026,2026-09-29T20:34:46Z,1344,5.856247593614552,1.9042276968892304,6.4520198967253215,807aa80048d80e577104f04f9dc527bcbdecbac1e0bd777c98286ecfff8aeba7,timestamped_live_quote,FBS vs FBS
2026-09-29T20:34:46Z,1d3756ab74c013c39510958b5a632b74,2026-10-04T00:00:00Z,Louisiana Ragin Cajuns,Arkansas State Red Wolves,betonlineag,BetOnline.ag,2026-09-29T20:34:16Z,2026-09-29T20:34:16Z,Arkansas State Red Wolves,6.5,-110.0,2026,2026-09-29T20:34:46Z,1344,5.856247593614552,1.9042276968892304,6.4520198967253215,807aa80048d80e577104f04f9dc527bcbdecbac1e0bd777c98286ecfff8aeba7,timestamped_live_quote,FBS vs FBS
2026-09-29T20:34:46Z,1d3756ab74c013c39510958b5a632b74,2026-10-04T00:00:00Z,Louisiana Ragin Cajuns,Arkansas State Red Wolves,betonlineag,BetOnline.ag,2026-09-29T20:34:16Z,2026-09-29T20:34:16Z,Louisiana Ragin Cajuns,-6.5,-110.0,2026,2026-09-29T20:34:46Z,1344,5.856247593614552,1.9042276968892304,6.4520198967253215,807aa80048d80e577104f04f9dc527bcbdecbac1e0bd777c98286ecfff8aeba7,timestamped_live_quote,FBS vs FBS
2026-09-29T20:34:46Z,1d3756ab74c013c39510958b5a632b74,2026-10-04T00:00:00Z,Louisiana Ragin Cajuns,Arkansas State Red Wolves,lowvig,LowVig.ag,2026-09-29T20:33:39Z,2026-09-29T20:33:39Z,Arkansas State Red Wolves,6.5,-106.0,2026,2026-09-29T20:34:46Z,1344,5.856247593614552,1.9042276968892304,6.4520198967253215,807aa80048d80e577104f04f9dc527bcbdecbac1e0bd777c98286ecfff8aeba7,timestamped_live_quote,FBS vs FBS
2026-09-29T20:34:46Z,1d3756ab74c013c39510958b5a632b74,2026-10-04T00:00:00Z,Louisiana Ragin Cajuns,Arkansas State Red Wolves,lowvig,LowVig.ag,2026-09-29T20:33:39Z,2026-09-29T20:33:39Z,Louisiana Ragin Cajuns,-6.5,-106.0,2026,2026-09-29T20:34:46Z,1344,5.856247593614552,1.9042276968892304,6.4520198967253215,807aa80048d80e577104f04f9dc527bcbdecbac1e0bd777c98286ecfff8aeba7,timestamped_live_quote,FBS vs FBS
2026-09-29T20:34:46Z,1d3756ab74c013c39510958b5a632b74,2026-10-04T00:00:00Z,Louisiana Ragin Cajuns,Arkansas State Red Wolves,fanduel,FanDuel,2026-09-29T20:34:20Z,2026-09-29T20:34:20Z,Arkansas State Red Wolves,6.5,-110.0,2026,2026-09-29T20:34:46Z,1344,5.856247593614552,1.9042276968892304,6.4520198967253215,807aa80048d80e577104f04f9dc527bcbdecbac1e0bd777c98286ecfff8aeba7,timestamped_live_quote,FBS vs FBS
2026-09-29T20:34:46Z,1d3756ab74c013c39510958b5a632b74,2026-10-04T00:00:00Z,Louisiana Ragin Cajuns,Arkansas State Red Wolves,fanduel,FanDuel,2026-09-29T20:34:20Z,2026-09-29T20:34:20Z,Louisiana Ragin Cajuns,-6.5,-110.0,2026,2026-09-29T20:34:46Z,1344,5.856247593614552,1.9042276968892304,6.4520198967253215,807aa80048d80e577104f04f9dc527bcbdecbac1e0bd777c98286ecfff8aeba7,timestamped_live_quote,FBS vs FBS
2026-09-29T20:34:46Z,1d3756ab74c013c39510958b5a632b74,2026-10-04T00:00:00Z,Louisiana Ragin Cajuns,Arkansas State Red Wolves,mybookieag,MyBookie.ag,2026-09-29T20:33:40Z,2026-09-29T20:33:40Z,Arkansas State Red Wolves,6.5,-110.0,2026,2026-09-29T20:34:46Z,1344,5.856247593614552,1.9042276968892304,6.4520198967253215,807aa80048d80e577104f04f9dc527bcbdecbac1e0bd777c98286ecfff8aeba7,timestamped_live_quote,FBS vs FBS
2026-09-29T20:34:46Z,1d3756ab74c013c39510958b5a632b74,2026-10-04T00:00:00Z,Louisiana Ragin Cajuns,Arkansas State Red Wolves,mybookieag,MyBookie.ag,2026-09-29T20:33:40Z,2026-09-29T20:33:40Z,Louisiana Ragin Cajuns,-6.5,-110.0,2026,2026-09-29T20:34:46Z,1344,5.856247593614552,1.9042276968892304,6.4520198967253215,807aa80048d80e577104f04f9dc527bcbdecbac1e0bd777c98286ecfff8aeba7,timestamped_live_quote,FBS vs FBS
2026-09-29T20:34:46Z,1d3756ab74c013c39510958b5a632b74,2026-10-04T00:00:00Z,Louisiana Ragin Cajuns,Arkansas State Red Wolves,betus,BetUS,2026-09-29T20:34:18Z,2026-09-29T20:34:18Z,Arkansas State Red Wolves,6.5,-110.0,2026,2026-09-29T20:34:46Z,1344,5.856247593614552,1.9042276968892304,6.4520198967253215,807aa80048d80e577104f04f9dc527bcbdecbac1e0bd777c98286ecfff8aeba7,timestamped_live_quote,FBS vs FBS
2026-09-29T20:34:46Z,1d3756ab74c013c39510958b5a632b74,2026-10-04T00:00:00Z,Louisiana Ragin Cajuns,Arkansas State Red Wolves,betus,BetUS,2026-09-29T20:34:18Z,2026-09-29T20:34:18Z,Louisiana Ragin Cajuns,-6.5,-110.0,2026,2026-09-29T20:34:46Z,1344,5.856247593614552,1.9042276968892304,6.4520198967253215,807aa80048d80e577104f04f9dc527bcbdecbac1e0bd777c98286ecfff8aeba7,timestamped_live_quote,FBS vs FBS
2026-09-29T20:34:46Z,1d3756ab74c013c39510958b5a632b74,2026-10-04T00:00:00Z,Louisiana Ragin Cajuns,Arkansas State Red Wolves,betmgm,BetMGM,2026-09-29T20:34:33Z,2026-09-29T20:34:33Z,Arkansas State Red Wolves,6.5,-108.0,2026,2026-09-29T20:34:46Z,1344,5.856247593614552,1.9042276968892304,6.4520198967253215,807aa80048d80e577104f04f9dc527bcbdecbac1e0bd777c98286ecfff8aeba7,timestamped_live_quote,FBS vs FBS
2026-09-29T20:34:46Z,1d3756ab74c013c39510958b5a632b74,2026-10-04T00:00:00Z,Louisiana Ragin Cajuns,Arkansas State Red Wolves,betmgm,BetMGM,2026-09-29T20:34:33Z,2026-09-29T20:34:33Z,Louisiana Ragin Cajuns,-6.5,-110.0,2026,2026-09-29T20:34:46Z,1344,5.856247593614552,1.9042276968892304,6.4520198967253215,807aa80048d80e577104f04f9dc527bcbdecbac1e0bd777c98286ecfff8aeba7,timestamped_live_quote,FBS vs FBS
2026-09-29T20:34:46Z,1d3756ab74c013c39510958b5a632b74,2026-10-04T00:00:00Z,Louisiana Ragin Cajuns,Arkansas State Red Wolves,bovada,Bovada,2026-09-29T20:33:33Z,2026-09-29T20:33:33Z,Arkansas State Red Wolves,6.5,-105.0,2026,2026-09-29T20:34:46Z,1344,5.856247593614552,1.9042276968892304,6.4520198967253215,807aa80048d80e577104f04f9dc527bcbdecbac1e0bd777c98286ecfff8aeba7,timestamped_live_quote,FBS vs FBS
2026-09-29T20:34:46Z,1d3756ab74c013c39510958b5a632b74,2026-10-04T00:00:00Z,Louisiana Ragin Cajuns,Arkansas State Red Wolves,bovada,Bovada,2026-09-29T20:33:33Z,2026-09-29T20:33:33Z,Louisiana Ragin Cajuns,-6.5,-115.0,2026,2026-09-29T20:34:46Z,1344,5.856247593614552,1.9042276968892304,6.4520198967253215,807aa80048d80e577104f04f9dc527bcbdecbac1e0bd777c98286ecfff8aeba7,timestamped_live_quote,FBS vs FBS
2026-09-29T20:34:46Z,1d3756ab74c013c39510958b5a632b74,2026-10-04T00:00:00Z,Louisiana Ragin Cajuns,Arkansas State Red Wolves,betrivers,BetRivers,2026-09-29T20:34:19Z,2026-09-29T20:34:19Z,Arkansas State Red Wolves,7.0,-117.0,2026,2026-09-29T20:34:46Z,1344,5.856247593614552,1.9042276968892304,6.4520198967253215,807aa80048d80e577104f04f9dc527bcbdecbac1e0bd777c98286ecfff8aeba7,timestamped_live_quote,FBS vs FBS
2026-09-29T20:34:46Z,1d3756ab74c013c39510958b5a632b74,2026-10-04T00:00:00Z,Louisiana Ragin Cajuns,Arkansas State Red Wolves,betrivers,BetRivers,2026-09-29T20:34:19Z,2026-09-29T20:34:19Z,Louisiana Ragin Cajuns,-7.0,-106.0,2026,2026-09-29T20:34:46Z,1344,5.856247593614552,1.9042276968892304,6.4520198967253215,807aa80048d80e577104f04f9dc527bcbdecbac1e0bd777c98286ecfff8aeba7,timestamped_live_quote,FBS vs FBS
2026-09-29T20:34:46Z,9dcccf34095cde7b0fe36250bb5be6f6,2026-10-04T00:00:00Z,Rutgers Scarlet Knights,Indiana Hoosiers,fanduel,FanDuel,2026-09-29T20:34:20Z,2026-09-29T20:34:20Z,Indiana Hoosiers,-24.5,-104.0,2026,2026-09-29T20:34:46Z,1344,3.037747222954825,15.607256487625873,-10.069509264671048,807aa80048d80e577104f04f9dc527bcbdecbac1e0bd777c98286ecfff8aeba7,timestamped_live_quote,FBS vs FBS
2026-09-29T20:34:46Z,9dcccf34095cde7b0fe36250bb5be6f6,2026-10-04T00:00:00Z,Rutgers Scarlet Knights,Indiana Hoosiers,fanduel,FanDuel,2026-09-29T20:34:20Z,2026-09-29T20:34:20Z,Rutgers Scarlet Knights,24.5,-118.0,2026,2026-09-29T20:34:46Z,1344,3.037747222954825,15.607256487625873,-10.069509264671048,807aa80048d80e577104f04f9dc527bcbdecbac1e0bd777c98286ecfff8aeba7,timestamped_live_quote,FBS vs FBS
2026-09-29T20:34:46Z,9dcccf34095cde7b0fe36250bb5be6f6,2026-10-04T00:00:00Z,Rutgers Scarlet Knights,Indiana Hoosiers,draftkings,DraftKings,2026-09-29T20:34:00Z,2026-09-29T20:34:00Z,Indiana Hoosiers,-24.5,-105.0,2026,2026-09-29T20:34:46Z,1344,3.037747222954825,15.607256487625873,-10.069509264671048,807aa80048d80e577104f04f9dc527bcbdecbac1e0bd777c98286ecfff8aeba7,timestamped_live_quote,FBS vs FBS
2026-09-29T20:34:46Z,9dcccf34095cde7b0fe36250bb5be6f6,2026-10-04T00:00:00Z,Rutgers Scarlet Knights,Indiana Hoosiers,draftkings,DraftKings,2026-09-29T20:34:00Z,2026-09-29T20:34:00Z,Rutgers Scarlet Knights,24.5,-115.0,2026,2026-09-29T20:34:46Z,1344,3.037747222954825,15.607256487625873,-10.069509264671048,807aa80048d80e577104f04f9dc527bcbdecbac1e0bd777c98286ecfff8aeba7,timestamped_live_quote,FBS vs FBS
2026-09-29T20:34:46Z,9dcccf34095cde7b0fe36250bb5be6f6,2026-10-04T00:00:00Z,Rutgers Scarlet Knights,Indiana Hoosiers,betrivers,BetRivers,2026-09-29T20:34:19Z,2026-09-29T20:34:19Z,Indiana Hoosiers,-24.0,-110.0,2026,2026-09-29T20:34:46Z,1344,3.037747222954825,15.607256487625873,-10.069509264671048,807aa80048d80e577104f04f9dc527bcbdecbac1e0bd777c98286ecfff8aeba7,timestamped_live_quote,FBS vs FBS
2026-09-29T20:34:46Z,9dcccf34095cde7b0fe36250bb5be6f6,2026-10-04T00:00:00Z,Rutgers Scarlet Knights,Indiana Hoosiers,betrivers,BetRivers,2026-09-29T20:34:19Z,2026-09-29T20:34:19Z,Rutgers Scarlet Knights,24.0,-113.0,2026,2026-09-29T20:34:46Z,1344,3.037747222954825,15.607256487625873,-10.069509264671048,807aa80048d80e577104f04f9dc527bcbdecbac1e0bd777c98286ecfff8aeba7,timestamped_live_quote,FBS vs FBS
2026-09-29T20:34:46Z,9dcccf34095cde7b0fe36250bb5be6f6,2026-10-04T00:00:00Z,Rutgers Scarlet Knights,Indiana Hoosiers,lowvig,LowVig.ag,2026-09-29T20:33:39Z,2026-09-29T20:33:39Z,Indiana Hoosiers,-24.0,-111.0,2026,2026-09-29T20:34:46Z,1344,3.037747222954825,15.607256487625873,-10.069509264671048,807aa80048d80e577104f04f9dc527bcbdecbac1e0bd777c98286ecfff8aeba7,timestamped_live_quote,FBS vs FBS
2026-09-29T20:34:46Z,9dcccf34095cde7b0fe36250bb5be6f6,2026-10-04T00:00:00Z,Rutgers Scarlet Knights,Indiana Hoosiers,lowvig,LowVig.ag,2026-09-29T20:33:39Z,2026-09-29T20:33:39Z,Rutgers Scarlet Knights,24.0,-101.0,2026,2026-09-29T20:34:46Z,1344,3.037747222954825,15.607256487625873,-10.069509264671048,807aa80048d80e577104f04f9dc527bcbdecbac1e0bd777c98286ecfff8aeba7,timestamped_live_quote,FBS vs FBS
2026-09-29T20:34:46Z,9dcccf34095cde7b0fe36250bb5be6f6,2026-10-04T00:00:00Z,Rutgers Scarlet Knights,Indiana Hoosiers,betonlineag,BetOnline.ag,2026-09-29T20:34:16Z,2026-09-29T20:34:16Z,Indiana Hoosiers,-24.0,-115.0,2026,2026-09-29T20:34:46Z,1344,3.037747222954825,15.607256487625873,-10.069509264671048,807aa80048d80e577104f04f9dc527bcbdecbac1e0bd777c98286ecfff8aeba7,timestamped_live_quote,FBS vs FBS
2026-09-29T20:34:46Z,9dcccf34095cde7b0fe36250bb5be6f6,2026-10-04T00:00:00Z,Rutgers Scarlet Knights,Indiana Hoosiers,betonlineag,BetOnline.ag,2026-09-29T20:34:16Z,2026-09-29T20:34:16Z,Rutgers Scarlet Knights,24.0,-105.0,2026,2026-09-29T20:34:46Z,1344,3.037747222954825,15.607256487625873,-10.069509264671048,807aa80048d80e577104f04f9dc527bcbdecbac1e0bd777c98286ecfff8aeba7,timestamped_live_quote,FBS vs FBS
2026-09-29T20:34:46Z,9dcccf34095cde7b0fe36250bb5be6f6,2026-10-04T00:00:00Z,Rutgers Scarlet Knights,Indiana Hoosiers,mybookieag,MyBookie.ag,2026-09-29T20:33:40Z,2026-09-29T20:33:40Z,Indiana Hoosiers,-24.0,-110.0,2026,2026-09-29T20:34:46Z,1344,3.037747222954825,15.607256487625873,-10.069509264671048,807aa80048d80e577104f04f9dc527bcbdecbac1e0bd777c98286ecfff8aeba7,timestamped_live_quote,FBS vs FBS
2026-09-29T20:34:46Z,9dcccf34095cde7b0fe36250bb5be6f6,2026-10-04T00:00:00Z,Rutgers Scarlet Knights,Indiana Hoosiers,mybookieag,MyBookie.ag,2026-09-29T20:33:40Z,2026-09-29T20:33:40Z,Rutgers Scarlet Knights,24.0,-110.0,2026,2026-09-29T20:34:46Z,1344,3.037747222954825,15.607256487625873,-10.069509264671048,807aa80048d80e577104f04f9dc527bcbdecbac1e0bd777c98286ecfff8aeba7,timestamped_live_quote,FBS vs FBS
2026-09-29T20:34:46Z,9dcccf34095cde7b0fe36250bb5be6f6,2026-10-04T00:00:00Z,Rutgers Scarlet Knights,Indiana Hoosiers,betus,BetUS,2026-09-29T20:34:18Z,2026-09-29T20:34:18Z,Indiana Hoosiers,-24.0,-115.0,2026,2026-09-29T20:34:46Z,1344,3.037747222954825,15.607256487625873,-10.069509264671048,807aa80048d80e577104f04f9dc527bcbdecbac1e0bd777c98286ecfff8aeba7,timestamped_live_quote,FBS vs FBS
2026-09-29T20:34:46Z,9dcccf34095cde7b0fe36250bb5be6f6,2026-10-04T00:00:00Z,Rutgers Scarlet Knights,Indiana Hoosiers,betus,BetUS,2026-09-29T20:34:18Z,2026-09-29T20:34:18Z,Rutgers Scarlet Knights,24.0,-105.0,2026,2026-09-29T20:34:46Z,1344,3.037747222954825,15.607256487625873,-10.069509264671048,807aa80048d80e577104f04f9dc527bcbdecbac1e0bd777c98286ecfff8aeba7,timestamped_live_quote,FBS vs FBS
2026-09-29T20:34:46Z,9dcccf34095cde7b0fe36250bb5be6f6,2026-10-04T00:00:00Z,Rutgers Scarlet Knights,Indiana Hoosiers,betmgm,BetMGM,2026-09-29T20:34:33Z,2026-09-29T20:34:33Z,Indiana Hoosiers,-24.0,-112.0,2026,2026-09-29T20:34:46Z,1344,3.037747222954825,15.607256487625873,-10.069509264671048,807aa80048d80e577104f04f9dc527bcbdecbac1e0bd777c98286ecfff8aeba7,timestamped_live_quote,FBS vs FBS
2026-09-29T20:34:46Z,9dcccf34095cde7b0fe36250bb5be6f6,2026-10-04T00:00:00Z,Rutgers Scarlet Knights,Indiana Hoosiers,betmgm,BetMGM,2026-09-29T20:34:33Z,2026-09-29T20:34:33Z,Rutgers Scarlet Knights,24.0,-105.0,2026,2026-09-29T20:34:46Z,1344,3.037747222954825,15.607256487625873,-10.069509264671048,807aa80048d80e577104f04f9dc527bcbdecbac1e0bd777c98286ecfff8aeba7,timestamped_live_quote,FBS vs FBS
2026-09-29T20:34:46Z,9dcccf34095cde7b0fe36250bb5be6f6,2026-10-04T00:00:00Z,Rutgers Scarlet Knights,Indiana Hoosiers,bovada,Bovada,2026-09-29T20:33:33Z,2026-09-29T20:33:33Z,Indiana Hoosiers,-24.5,-105.0,2026,2026-09-29T20:34:46Z,1344,3.037747222954825,15.607256487625873,-10.069509264671048,807aa80048d80e577104f04f9dc527bcbdecbac1e0bd777c98286ecfff8aeba7,timestamped_live_quote,FBS vs FBS
2026-09-29T20:34:46Z,9dcccf34095cde7b0fe36250bb5be6f6,2026-10-04T00:00:00Z,Rutgers Scarlet Knights,Indiana Hoosiers,bovada,Bovada,2026-09-29T20:33:33Z,2026-09-29T20:33:33Z,Rutgers Scarlet Knights,24.5,-115.0,2026,2026-09-29T20:34:46Z,1344,3.037747222954825,15.607256487625873,-10.069509264671048,807aa80048d80e577104f04f9dc527bcbdecbac1e0bd777c98286ecfff8aeba7,timestamped_live_quote,FBS vs FBS
2026-09-29T20:34:46Z,23025b717a93bdd8f30424e90a97d68f,2026-10-04T01:30:00Z,Washington State Cougars,Fresno State Bulldogs,fanduel,FanDuel,2026-09-29T20:34:20Z,2026-09-29T20:34:20Z,Fresno State Bulldogs,2.5,-115.0,2026,2026-09-29T20:34:46Z,1344,0.542465829388072,4.630477553075885,-1.5880117236878126,807aa80048d80e577104f04f9dc527bcbdecbac1e0bd777c98286ecfff8aeba7,timestamped_live_quote,FBS vs FBS
2026-09-29T20:34:46Z,23025b717a93bdd8f30424e90a97d68f,2026-10-04T01:30:00Z,Washington State Cougars,Fresno State Bulldogs,fanduel,FanDuel,2026-09-29T20:34:20Z,2026-09-29T20:34:20Z,Washington State Cougars,-2.5,-105.0,2026,2026-09-29T20:34:46Z,1344,0.542465829388072,4.630477553075885,-1.5880117236878126,807aa80048d80e577104f04f9dc527bcbdecbac1e0bd777c98286ecfff8aeba7,timestamped_live_quote,FBS vs FBS
2026-09-29T20:34:46Z,23025b717a93bdd8f30424e90a97d68f,2026-10-04T01:30:00Z,Washington State Cougars,Fresno State Bulldogs,betonlineag,BetOnline.ag,2026-09-29T20:34:16Z,2026-09-29T20:34:16Z,Fresno State Bulldogs,2.0,-110.0,2026,2026-09-29T20:34:46Z,1344,0.542465829388072,4.630477553075885,-1.5880117236878126,807aa80048d80e577104f04f9dc527bcbdecbac1e0bd777c98286ecfff8aeba7,timestamped_live_quote,FBS vs FBS
2026-09-29T20:34:46Z,23025b717a93bdd8f30424e90a97d68f,2026-10-04T01:30:00Z,Washington State Cougars,Fresno State Bulldogs,betonlineag,BetOnline.ag,2026-09-29T20:34:16Z,2026-09-29T20:34:16Z,Washington State Cougars,-2.0,-110.0,2026,2026-09-29T20:34:46Z,1344,0.542465829388072,4.630477553075885,-1.5880117236878126,807aa80048d80e577104f04f9dc527bcbdecbac1e0bd777c98286ecfff8aeba7,timestamped_live_quote,FBS vs FBS
2026-09-29T20:34:46Z,23025b717a93bdd8f30424e90a97d68f,2026-10-04T01:30:00Z,Washington State Cougars,Fresno State Bulldogs,lowvig,LowVig.ag,2026-09-29T20:33:39Z,2026-09-29T20:33:39Z,Fresno State Bulldogs,2.0,-106.0,2026,2026-09-29T20:34:46Z,1344,0.542465829388072,4.630477553075885,-1.5880117236878126,807aa80048d80e577104f04f9dc527bcbdecbac1e0bd777c98286ecfff8aeba7,timestamped_live_quote,FBS vs FBS
2026-09-29T20:34:46Z,23025b717a93bdd8f30424e90a97d68f,2026-10-04T01:30:00Z,Washington State Cougars,Fresno State Bulldogs,lowvig,LowVig.ag,2026-09-29T20:33:39Z,2026-09-29T20:33:39Z,Washington State Cougars,-2.0,-106.0,2026,2026-09-29T20:34:46Z,1344,0.542465829388072,4.630477553075885,-1.5880117236878126,807aa80048d80e577104f04f9dc527bcbdecbac1e0bd777c98286ecfff8aeba7,timestamped_live_quote,FBS vs FBS
2026-09-29T20:34:46Z,23025b717a93bdd8f30424e90a97d68f,2026-10-04T01:30:00Z,Washington State Cougars,Fresno State Bulldogs,betrivers,BetRivers,2026-09-29T20:34:19Z,2026-09-29T20:34:19Z,Fresno State Bulldogs,2.5,-114.0,2026,2026-09-29T20:34:46Z,1344,0.542465829388072,4.630477553075885,-1.5880117236878126,807aa80048d80e577104f04f9dc527bcbdecbac1e0bd777c98286ecfff8aeba7,timestamped_live_quote,FBS vs FBS
2026-09-29T20:34:46Z,23025b717a93bdd8f30424e90a97d68f,2026-10-04T01:30:00Z,Washington State Cougars,Fresno State Bulldogs,betrivers,BetRivers,2026-09-29T20:34:19Z,2026-09-29T20:34:19Z,Washington State Cougars,-2.5,-108.0,2026,2026-09-29T20:34:46Z,1344,0.542465829388072,4.630477553075885,-1.5880117236878126,807aa80048d80e577104f04f9dc527bcbdecbac1e0bd777c98286ecfff8aeba7,timestamped_live_quote,FBS vs FBS
2026-09-29T20:34:46Z,23025b717a93bdd8f30424e90a97d68f,2026-10-04T01:30:00Z,Washington State Cougars,Fresno State Bulldogs,draftkings,DraftKings,2026-09-29T20:34:00Z,2026-09-29T20:34:00Z,Fresno State Bulldogs,2.5,-110.0,2026,2026-09-29T20:34:46Z,1344,0.542465829388072,4.630477553075885,-1.5880117236878126,807aa80048d80e577104f04f9dc527bcbdecbac1e0bd777c98286ecfff8aeba7,timestamped_live_quote,FBS vs FBS
2026-09-29T20:34:46Z,23025b717a93bdd8f30424e90a97d68f,2026-10-04T01:30:00Z,Washington State Cougars,Fresno State Bulldogs,draftkings,DraftKings,2026-09-29T20:34:00Z,2026-09-29T20:34:00Z,Washington State Cougars,-2.5,-110.0,2026,2026-09-29T20:34:46Z,1344,0.542465829388072,4.630477553075885,-1.5880117236878126,807aa80048d80e577104f04f9dc527bcbdecbac1e0bd777c98286ecfff8aeba7,timestamped_live_quote,FBS vs FBS
2026-09-29T20:34:46Z,23025b717a93bdd8f30424e90a97d68f,2026-10-04T01:30:00Z,Washington State Cougars,Fresno State Bulldogs,mybookieag,MyBookie.ag,2026-09-29T20:33:40Z,2026-09-29T20:33:40Z,Fresno State Bulldogs,2.0,-110.0,2026,2026-09-29T20:34:46Z,1344,0.542465829388072,4.630477553075885,-1.5880117236878126,807aa80048d80e577104f04f9dc527bcbdecbac1e0bd777c98286ecfff8aeba7,timestamped_live_quote,FBS vs FBS
2026-09-29T20:34:46Z,23025b717a93bdd8f30424e90a97d68f,2026-10-04T01:30:00Z,Washington State Cougars,Fresno State Bulldogs,mybookieag,MyBookie.ag,2026-09-29T20:33:40Z,2026-09-29T20:33:40Z,Washington State Cougars,-2.0,-110.0,2026,2026-09-29T20:34:46Z,1344,0.542465829388072,4.630477553075885,-1.5880117236878126,807aa80048d80e577104f04f9dc527bcbdecbac1e0bd777c98286ecfff8aeba7,timestamped_live_quote,FBS vs FBS
2026-09-29T20:34:46Z,23025b717a93bdd8f30424e90a97d68f,2026-10-04T01:30:00Z,Washington State Cougars,Fresno State Bulldogs,betus,BetUS,2026-09-29T20:34:18Z,2026-09-29T20:34:18Z,Fresno State Bulldogs,2.0,-110.0,2026,2026-09-29T20:34:46Z,1344,0.542465829388072,4.630477553075885,-1.5880117236878126,807aa80048d80e577104f04f9dc527bcbdecbac1e0bd777c98286ecfff8aeba7,timestamped_live_quote,FBS vs FBS
2026-09-29T20:34:46Z,23025b717a93bdd8f30424e90a97d68f,2026-10-04T01:30:00Z,Washington State Cougars,Fresno State Bulldogs,betus,BetUS,2026-09-29T20:34:18Z,2026-09-29T20:34:18Z,Washington State Cougars,-2.0,-110.0,2026,2026-09-29T20:34:46Z,1344,0.542465829388072,4.630477553075885,-1.5880117236878126,807aa80048d80e577104f04f9dc527bcbdecbac1e0bd777c98286ecfff8aeba7,timestamped_live_quote,FBS vs FBS
2026-09-29T20:34:46Z,23025b717a93bdd8f30424e90a97d68f,2026-10-04T01:30:00Z,Washington State Cougars,Fresno State Bulldogs,betmgm,BetMGM,2026-09-29T20:34:33Z,2026-09-29T20:34:33Z,Fresno State Bulldogs,2.5,-110.0,2026,2026-09-29T20:34:46Z,1344,0.542465829388072,4.630477553075885,-1.5880117236878126,807aa80048d80e577104f04f9dc527bcbdecbac1e0bd777c98286ecfff8aeba7,timestamped_live_quote,FBS vs FBS
2026-09-29T20:34:46Z,23025b717a93bdd8f30424e90a97d68f,2026-10-04T01:30:00Z,Washington State Cougars,Fresno State Bulldogs,betmgm,BetMGM,2026-09-29T20:34:33Z,2026-09-29T20:34:33Z,Washington State Cougars,-2.5,-110.0,2026,2026-09-29T20:34:46Z,1344,0.542465829388072,4.630477553075885,-1.5880117236878126,807aa80048d80e577104f04f9dc527bcbdecbac1e0bd777c98286ecfff8aeba7,timestamped_live_quote,FBS vs FBS
2026-09-29T20:34:46Z,23025b717a93bdd8f30424e90a97d68f,2026-10-04T01:30:00Z,Washington State Cougars,Fresno State Bulldogs,bovada,Bovada,2026-09-29T20:33:33Z,2026-09-29T20:33:33Z,Fresno State Bulldogs,2.5,-105.0,2026,2026-09-29T20:34:46Z,1344,0.542465829388072,4.630477553075885,-1.5880117236878126,807aa80048d80e577104f04f9dc527bcbdecbac1e0bd777c98286ecfff8aeba7,timestamped_live_quote,FBS vs FBS
2026-09-29T20:34:46Z,23025b717a93bdd8f30424e90a97d68f,2026-10-04T01:30:00Z,Washington State Cougars,Fresno State Bulldogs,bovada,Bovada,2026-09-29T20:33:33Z,2026-09-29T20:33:33Z,Washington State Cougars,-2.5,-115.0,2026,2026-09-29T20:34:46Z,1344,0.542465829388072,4.630477553075885,-1.5880117236878126,807aa80048d80e577104f04f9dc527bcbdecbac1e0bd777c98286ecfff8aeba7,timestamped_live_quote,FBS vs FBS
2026-09-29T20:34:46Z,4ec93b02d04c2a019ebd6f4ccd9f7af5,2026-10-04T02:30:00Z,Arizona State Sun Devils,Baylor Bears,fanduel,FanDuel,2026-09-29T20:34:20Z,2026-09-29T20:34:20Z,Arizona State Sun Devils,-4.5,-105.0,2026,2026-09-29T20:34:46Z,1344,7.542964968269215,9.117203447573525,0.9257615206956897,807aa80048d80e577104f04f9dc527bcbdecbac1e0bd777c98286ecfff8aeba7,timestamped_live_quote,FBS vs FBS
2026-09-29T20:34:46Z,4ec93b02d04c2a019ebd6f4ccd9f7af5,2026-10-04T02:30:00Z,Arizona State Sun Devils,Baylor Bears,fanduel,FanDuel,2026-09-29T20:34:20Z,2026-09-29T20:34:20Z,Baylor Bears,4.5,-115.0,2026,2026-09-29T20:34:46Z,1344,7.542964968269215,9.117203447573525,0.9257615206956897,807aa80048d80e577104f04f9dc527bcbdecbac1e0bd777c98286ecfff8aeba7,timestamped_live_quote,FBS vs FBS
2026-09-29T20:34:46Z,4ec93b02d04c2a019ebd6f4ccd9f7af5,2026-10-04T02:30:00Z,Arizona State Sun Devils,Baylor Bears,betrivers,BetRivers,2026-09-29T20:34:19Z,2026-09-29T20:34:19Z,Arizona State Sun Devils,-4.0,-114.0,2026,2026-09-29T20:34:46Z,1344,7.542964968269215,9.117203447573525,0.9257615206956897,807aa80048d80e577104f04f9dc527bcbdecbac1e0bd777c98286ecfff8aeba7,timestamped_live_quote,FBS vs FBS
2026-09-29T20:34:46Z,4ec93b02d04c2a019ebd6f4ccd9f7af5,2026-10-04T02:30:00Z,Arizona State Sun Devils,Baylor Bears,betrivers,BetRivers,2026-09-29T20:34:19Z,2026-09-29T20:34:19Z,Baylor Bears,4.0,-109.0,2026,2026-09-29T20:34:46Z,1344,7.542964968269215,9.117203447573525,0.9257615206956897,807aa80048d80e577104f04f9dc527bcbdecbac1e0bd777c98286ecfff8aeba7,timestamped_live_quote,FBS vs FBS
2026-09-29T20:34:46Z,4ec93b02d04c2a019ebd6f4ccd9f7af5,2026-10-04T02:30:00Z,Arizona State Sun Devils,Baylor Bears,betonlineag,BetOnline.ag,2026-09-29T20:34:16Z,2026-09-29T20:34:16Z,Arizona State Sun Devils,-3.5,-108.0,2026,2026-09-29T20:34:46Z,1344,7.542964968269215,9.117203447573525,0.9257615206956897,807aa80048d80e577104f04f9dc527bcbdecbac1e0bd777c98286ecfff8aeba7,timestamped_live_quote,FBS vs FBS
2026-09-29T20:34:46Z,4ec93b02d04c2a019ebd6f4ccd9f7af5,2026-10-04T02:30:00Z,Arizona State Sun Devils,Baylor Bears,betonlineag,BetOnline.ag,2026-09-29T20:34:16Z,2026-09-29T20:34:16Z,Baylor Bears,3.5,-112.0,2026,2026-09-29T20:34:46Z,1344,7.542964968269215,9.117203447573525,0.9257615206956897,807aa80048d80e577104f04f9dc527bcbdecbac1e0bd777c98286ecfff8aeba7,timestamped_live_quote,FBS vs FBS
2026-09-29T20:34:46Z,4ec93b02d04c2a019ebd6f4ccd9f7af5,2026-10-04T02:30:00Z,Arizona State Sun Devils,Baylor Bears,lowvig,LowVig.ag,2026-09-29T20:33:39Z,2026-09-29T20:33:39Z,Arizona State Sun Devils,-3.5,-104.0,2026,2026-09-29T20:34:46Z,1344,7.542964968269215,9.117203447573525,0.9257615206956897,807aa80048d80e577104f04f9dc527bcbdecbac1e0bd777c98286ecfff8aeba7,timestamped_live_quote,FBS vs FBS
2026-09-29T20:34:46Z,4ec93b02d04c2a019ebd6f4ccd9f7af5,2026-10-04T02:30:00Z,Arizona State Sun Devils,Baylor Bears,lowvig,LowVig.ag,2026-09-29T20:33:39Z,2026-09-29T20:33:39Z,Baylor Bears,3.5,-108.0,2026,2026-09-29T20:34:46Z,1344,7.542964968269215,9.117203447573525,0.9257615206956897,807aa80048d80e577104f04f9dc527bcbdecbac1e0bd777c98286ecfff8aeba7,timestamped_live_quote,FBS vs FBS
2026-09-29T20:34:46Z,4ec93b02d04c2a019ebd6f4ccd9f7af5,2026-10-04T02:30:00Z,Arizona State Sun Devils,Baylor Bears,draftkings,DraftKings,2026-09-29T20:34:00Z,2026-09-29T20:34:00Z,Arizona State Sun Devils,-4.0,-112.0,2026,2026-09-29T20:34:46Z,1344,7.542964968269215,9.117203447573525,0.9257615206956897,807aa80048d80e577104f04f9dc527bcbdecbac1e0bd777c98286ecfff8aeba7,timestamped_live_quote,FBS vs FBS
2026-09-29T20:34:46Z,4ec93b02d04c2a019ebd6f4ccd9f7af5,2026-10-04T02:30:00Z,Arizona State Sun Devils,Baylor Bears,draftkings,DraftKings,2026-09-29T20:34:00Z,2026-09-29T20:34:00Z,Baylor Bears,4.0,-108.0,2026,2026-09-29T20:34:46Z,1344,7.542964968269215,9.117203447573525,0.9257615206956897,807aa80048d80e577104f04f9dc527bcbdecbac1e0bd777c98286ecfff8aeba7,timestamped_live_quote,FBS vs FBS
2026-09-29T20:34:46Z,4ec93b02d04c2a019ebd6f4ccd9f7af5,2026-10-04T02:30:00Z,Arizona State Sun Devils,Baylor Bears,mybookieag,MyBookie.ag,2026-09-29T20:33:40Z,2026-09-29T20:33:40Z,Arizona State Sun Devils,-4.0,-110.0,2026,2026-09-29T20:34:46Z,1344,7.542964968269215,9.117203447573525,0.9257615206956897,807aa80048d80e577104f04f9dc527bcbdecbac1e0bd777c98286ecfff8aeba7,timestamped_live_quote,FBS vs FBS
2026-09-29T20:34:46Z,4ec93b02d04c2a019ebd6f4ccd9f7af5,2026-10-04T02:30:00Z,Arizona State Sun Devils,Baylor Bears,mybookieag,MyBookie.ag,2026-09-29T20:33:40Z,2026-09-29T20:33:40Z,Baylor Bears,4.0,-110.0,2026,2026-09-29T20:34:46Z,1344,7.542964968269215,9.117203447573525,0.9257615206956897,807aa80048d80e577104f04f9dc527bcbdecbac1e0bd777c98286ecfff8aeba7,timestamped_live_quote,FBS vs FBS
2026-09-29T20:34:46Z,4ec93b02d04c2a019ebd6f4ccd9f7af5,2026-10-04T02:30:00Z,Arizona State Sun Devils,Baylor Bears,betus,BetUS,2026-09-29T20:34:18Z,2026-09-29T20:34:18Z,Arizona State Sun Devils,-3.5,-110.0,2026,2026-09-29T20:34:46Z,1344,7.542964968269215,9.117203447573525,0.9257615206956897,807aa80048d80e577104f04f9dc527bcbdecbac1e0bd777c98286ecfff8aeba7,timestamped_live_quote,FBS vs FBS
2026-09-29T20:34:46Z,4ec93b02d04c2a019ebd6f4ccd9f7af5,2026-10-04T02:30:00Z,Arizona State Sun Devils,Baylor Bears,betus,BetUS,2026-09-29T20:34:18Z,2026-09-29T20:34:18Z,Baylor Bears,3.5,-110.0,2026,2026-09-29T20:34:46Z,1344,7.542964968269215,9.117203447573525,0.9257615206956897,807aa80048d80e577104f04f9dc527bcbdecbac1e0bd777c98286ecfff8aeba7,timestamped_live_quote,FBS vs FBS
2026-09-29T20:34:46Z,4ec93b02d04c2a019ebd6f4ccd9f7af5,2026-10-04T02:30:00Z,Arizona State Sun Devils,Baylor Bears,betmgm,BetMGM,2026-09-29T20:34:33Z,2026-09-29T20:34:33Z,Arizona State Sun Devils,-4.0,-110.0,2026,2026-09-29T20:34:46Z,1344,7.542964968269215,9.117203447573525,0.9257615206956897,807aa80048d80e577104f04f9dc527bcbdecbac1e0bd777c98286ecfff8aeba7,timestamped_live_quote,FBS vs FBS
2026-09-29T20:34:46Z,4ec93b02d04c2a019ebd6f4ccd9f7af5,2026-10-04T02:30:00Z,Arizona State Sun Devils,Baylor Bears,betmgm,BetMGM,2026-09-29T20:34:33Z,2026-09-29T20:34:33Z,Baylor Bears,4.0,-108.0,2026,2026-09-29T20:34:46Z,1344,7.542964968269215,9.117203447573525,0.9257615206956897,807aa80048d80e577104f04f9dc527bcbdecbac1e0bd777c98286ecfff8aeba7,timestamped_live_quote,FBS vs FBS
2026-09-29T20:34:46Z,4ec93b02d04c2a019ebd6f4ccd9f7af5,2026-10-04T02:30:00Z,Arizona State Sun Devils,Baylor Bears,bovada,Bovada,2026-09-29T20:33:33Z,2026-09-29T20:33:33Z,Arizona State Sun Devils,-4.0,-110.0,2026,2026-09-29T20:34:46Z,1344,7.542964968269215,9.117203447573525,0.9257615206956897,807aa80048d80e577104f04f9dc527bcbdecbac1e0bd777c98286ecfff8aeba7,timestamped_live_quote,FBS vs FBS
2026-09-29T20:34:46Z,4ec93b02d04c2a019ebd6f4ccd9f7af5,2026-10-04T02:30:00Z,Arizona State Sun Devils,Baylor Bears,bovada,Bovada,2026-09-29T20:33:33Z,2026-09-29T20:33:33Z,Baylor Bears,4.0,-110.0,2026,2026-09-29T20:34:46Z,1344,7.542964968269215,9.117203447573525,0.9257615206956897,807aa80048d80e577104f04f9dc527bcbdecbac1e0bd777c98286ecfff8aeba7,timestamped_live_quote,FBS vs FBS
2026-09-29T20:34:46Z,f73081099f845f23ea7f41ef09128cdd,2026-10-04T02:30:00Z,San Diego State Aztecs,Texas State Bobcats,fanduel,FanDuel,2026-09-29T20:34:20Z,2026-09-29T20:34:20Z,San Diego State Aztecs,4.5,-115.0,2026,2026-09-29T20:34:46Z,1344,-0.08737864701266375,4.149691570874174,-1.7370702178868385,807aa80048d80e577104f04f9dc527bcbdecbac1e0bd777c98286ecfff8aeba7,timestamped_live_quote,FBS vs FBS
2026-09-29T20:34:46Z,f73081099f845f23ea7f41ef09128cdd,2026-10-04T02:30:00Z,San Diego State Aztecs,Texas State Bobcats,fanduel,FanDuel,2026-09-29T20:34:20Z,2026-09-29T20:34:20Z,Texas State Bobcats,-4.5,-105.0,2026,2026-09-29T20:34:46Z,1344,-0.08737864701266375,4.149691570874174,-1.7370702178868385,807aa80048d80e577104f04f9dc527bcbdecbac1e0bd777c98286ecfff8aeba7,timestamped_live_quote,FBS vs FBS
2026-09-29T20:34:46Z,f73081099f845f23ea7f41ef09128cdd,2026-10-04T02:30:00Z,San Diego State Aztecs,Texas State Bobcats,betonlineag,BetOnline.ag,2026-09-29T20:34:16Z,2026-09-29T20:34:16Z,San Diego State Aztecs,4.5,-115.0,2026,2026-09-29T20:34:46Z,1344,-0.08737864701266375,4.149691570874174,-1.7370702178868385,807aa80048d80e577104f04f9dc527bcbdecbac1e0bd777c98286ecfff8aeba7,timestamped_live_quote,FBS vs FBS
2026-09-29T20:34:46Z,f73081099f845f23ea7f41ef09128cdd,2026-10-04T02:30:00Z,San Diego State Aztecs,Texas State Bobcats,betonlineag,BetOnline.ag,2026-09-29T20:34:16Z,2026-09-29T20:34:16Z,Texas State Bobcats,-4.5,-105.0,2026,2026-09-29T20:34:46Z,1344,-0.08737864701266375,4.149691570874174,-1.7370702178868385,807aa80048d80e577104f04f9dc527bcbdecbac1e0bd777c98286ecfff8aeba7,timestamped_live_quote,FBS vs FBS
2026-09-29T20:34:46Z,f73081099f845f23ea7f41ef09128cdd,2026-10-04T02:30:00Z,San Diego State Aztecs,Texas State Bobcats,lowvig,LowVig.ag,2026-09-29T20:33:39Z,2026-09-29T20:33:39Z,San Diego State Aztecs,4.5,-111.0,2026,2026-09-29T20:34:46Z,1344,-0.08737864701266375,4.149691570874174,-1.7370702178868385,807aa80048d80e577104f04f9dc527bcbdecbac1e0bd777c98286ecfff8aeba7,timestamped_live_quote,FBS vs FBS
2026-09-29T20:34:46Z,f73081099f845f23ea7f41ef09128cdd,2026-10-04T02:30:00Z,San Diego State Aztecs,Texas State Bobcats,lowvig,LowVig.ag,2026-09-29T20:33:39Z,2026-09-29T20:33:39Z,Texas State Bobcats,-4.5,-101.0,2026,2026-09-29T20:34:46Z,1344,-0.08737864701266375,4.149691570874174,-1.7370702178868385,807aa80048d80e577104f04f9dc527bcbdecbac1e0bd777c98286ecfff8aeba7,timestamped_live_quote,FBS vs FBS
2026-09-29T20:34:46Z,f73081099f845f23ea7f41ef09128cdd,2026-10-04T02:30:00Z,San Diego State Aztecs,Texas State Bobcats,betrivers,BetRivers,2026-09-29T20:34:19Z,2026-09-29T20:34:19Z,San Diego State Aztecs,4.5,-115.0,2026,2026-09-29T20:34:46Z,1344,-0.08737864701266375,4.149691570874174,-1.7370702178868385,807aa80048d80e577104f04f9dc527bcbdecbac1e0bd777c98286ecfff8aeba7,timestamped_live_quote,FBS vs FBS
2026-09-29T20:34:46Z,f73081099f845f23ea7f41ef09128cdd,2026-10-04T02:30:00Z,San Diego State Aztecs,Texas State Bobcats,betrivers,BetRivers,2026-09-29T20:34:19Z,2026-09-29T20:34:19Z,Texas State Bobcats,-4.5,-108.0,2026,2026-09-29T20:34:46Z,1344,-0.08737864701266375,4.149691570874174,-1.7370702178868385,807aa80048d80e577104f04f9dc527bcbdecbac1e0bd777c98286ecfff8aeba7,timestamped_live_quote,FBS vs FBS
2026-09-29T20:34:46Z,f73081099f845f23ea7f41ef09128cdd,2026-10-04T02:30:00Z,San Diego State Aztecs,Texas State Bobcats,draftkings,DraftKings,2026-09-29T20:34:00Z,2026-09-29T20:34:00Z,San Diego State Aztecs,4.5,-115.0,2026,2026-09-29T20:34:46Z,1344,-0.08737864701266375,4.149691570874174,-1.7370702178868385,807aa80048d80e577104f04f9dc527bcbdecbac1e0bd777c98286ecfff8aeba7,timestamped_live_quote,FBS vs FBS
2026-09-29T20:34:46Z,f73081099f845f23ea7f41ef09128cdd,2026-10-04T02:30:00Z,San Diego State Aztecs,Texas State Bobcats,draftkings,DraftKings,2026-09-29T20:34:00Z,2026-09-29T20:34:00Z,Texas State Bobcats,-4.5,-105.0,2026,2026-09-29T20:34:46Z,1344,-0.08737864701266375,4.149691570874174,-1.7370702178868385,807aa80048d80e577104f04f9dc527bcbdecbac1e0bd777c98286ecfff8aeba7,timestamped_live_quote,FBS vs FBS
2026-09-29T20:34:46Z,f73081099f845f23ea7f41ef09128cdd,2026-10-04T02:30:00Z,San Diego State Aztecs,Texas State Bobcats,mybookieag,MyBookie.ag,2026-09-29T20:33:40Z,2026-09-29T20:33:40Z,San Diego State Aztecs,4.5,-110.0,2026,2026-09-29T20:34:46Z,1344,-0.08737864701266375,4.149691570874174,-1.7370702178868385,807aa80048d80e577104f04f9dc527bcbdecbac1e0bd777c98286ecfff8aeba7,timestamped_live_quote,FBS vs FBS
2026-09-29T20:34:46Z,f73081099f845f23ea7f41ef09128cdd,2026-10-04T02:30:00Z,San Diego State Aztecs,Texas State Bobcats,mybookieag,MyBookie.ag,2026-09-29T20:33:40Z,2026-09-29T20:33:40Z,Texas State Bobcats,-4.5,-110.0,2026,2026-09-29T20:34:46Z,1344,-0.08737864701266375,4.149691570874174,-1.7370702178868385,807aa80048d80e577104f04f9dc527bcbdecbac1e0bd777c98286ecfff8aeba7,timestamped_live_quote,FBS vs FBS
2026-09-29T20:34:46Z,f73081099f845f23ea7f41ef09128cdd,2026-10-04T02:30:00Z,San Diego State Aztecs,Texas State Bobcats,betus,BetUS,2026-09-29T20:34:18Z,2026-09-29T20:34:18Z,San Diego State Aztecs,4.5,-110.0,2026,2026-09-29T20:34:46Z,1344,-0.08737864701266375,4.149691570874174,-1.7370702178868385,807aa80048d80e577104f04f9dc527bcbdecbac1e0bd777c98286ecfff8aeba7,timestamped_live_quote,FBS vs FBS
2026-09-29T20:34:46Z,f73081099f845f23ea7f41ef09128cdd,2026-10-04T02:30:00Z,San Diego State Aztecs,Texas State Bobcats,betus,BetUS,2026-09-29T20:34:18Z,2026-09-29T20:34:18Z,Texas State Bobcats,-4.5,-110.0,2026,2026-09-29T20:34:46Z,1344,-0.08737864701266375,4.149691570874174,-1.7370702178868385,807aa80048d80e577104f04f9dc527bcbdecbac1e0bd777c98286ecfff8aeba7,timestamped_live_quote,FBS vs FBS
2026-09-29T20:34:46Z,f73081099f845f23ea7f41ef09128cdd,2026-10-04T02:30:00Z,San Diego State Aztecs,Texas State Bobcats,betmgm,BetMGM,2026-09-29T20:34:33Z,2026-09-29T20:34:33Z,San Diego State Aztecs,4.0,-108.0,2026,2026-09-29T20:34:46Z,1344,-0.08737864701266375,4.149691570874174,-1.7370702178868385,807aa80048d80e577104f04f9dc527bcbdecbac1e0bd777c98286ecfff8aeba7,timestamped_live_quote,FBS vs FBS
2026-09-29T20:34:46Z,f73081099f845f23ea7f41ef09128cdd,2026-10-04T02:30:00Z,San Diego State Aztecs,Texas State Bobcats,betmgm,BetMGM,2026-09-29T20:34:33Z,2026-09-29T20:34:33Z,Texas State Bobcats,-4.0,-110.0,2026,2026-09-29T20:34:46Z,1344,-0.08737864701266375,4.149691570874174,-1.7370702178868385,807aa80048d80e577104f04f9dc527bcbdecbac1e0bd777c98286ecfff8aeba7,timestamped_live_quote,FBS vs FBS
2026-09-29T20:34:46Z,f73081099f845f23ea7f41ef09128cdd,2026-10-04T02:30:00Z,San Diego State Aztecs,Texas State Bobcats,bovada,Bovada,2026-09-29T20:33:33Z,2026-09-29T20:33:33Z,San Diego State Aztecs,4.0,-115.0,2026,2026-09-29T20:34:46Z,1344,-0.08737864701266375,4.149691570874174,-1.7370702178868385,807aa80048d80e577104f04f9dc527bcbdecbac1e0bd777c98286ecfff8aeba7,timestamped_live_quote,FBS vs FBS
2026-09-29T20:34:46Z,f73081099f845f23ea7f41ef09128cdd,2026-10-04T02:30:00Z,San Diego State Aztecs,Texas State Bobcats,bovada,Bovada,2026-09-29T20:33:33Z,2026-09-29T20:33:33Z,Texas State Bobcats,-4.0,-105.0,2026,2026-09-29T20:34:46Z,1344,-0.08737864701266375,4.149691570874174,-1.7370702178868385,807aa80048d80e577104f04f9dc527bcbdecbac1e0bd777c98286ecfff8aeba7,timestamped_live_quote,FBS vs FBS
2026-09-29T20:34:46Z,63dded0ee467d6f6d03c41673569238d,2026-10-04T03:00:00Z,Arizona Wildcats,Cincinnati Bearcats,fanduel,FanDuel,2026-09-29T20:34:20Z,2026-09-29T20:34:20Z,Arizona Wildcats,-7.5,108.0,2026,2026-09-29T20:34:46Z,1344,7.099006342407677,10.010435143603644,-0.41142880119596725,807aa80048d80e577104f04f9dc527bcbdecbac1e0bd777c98286ecfff8aeba7,timestamped_live_quote,FBS vs FBS
2026-09-29T20:34:46Z,63dded0ee467d6f6d03c41673569238d,2026-10-04T03:00:00Z,Arizona Wildcats,Cincinnati Bearcats,fanduel,FanDuel,2026-09-29T20:34:20Z,2026-09-29T20:34:20Z,Cincinnati Bearcats,7.5,-132.0,2026,2026-09-29T20:34:46Z,1344,7.099006342407677,10.010435143603644,-0.41142880119596725,807aa80048d80e577104f04f9dc527bcbdecbac1e0bd777c98286ecfff8aeba7,timestamped_live_quote,FBS vs FBS
2026-09-29T20:34:46Z,63dded0ee467d6f6d03c41673569238d,2026-10-04T03:00:00Z,Arizona Wildcats,Cincinnati Bearcats,draftkings,DraftKings,2026-09-29T20:34:00Z,2026-09-29T20:34:00Z,Arizona Wildcats,-7.0,-112.0,2026,2026-09-29T20:34:46Z,1344,7.099006342407677,10.010435143603644,-0.41142880119596725,807aa80048d80e577104f04f9dc527bcbdecbac1e0bd777c98286ecfff8aeba7,timestamped_live_quote,FBS vs FBS
2026-09-29T20:34:46Z,63dded0ee467d6f6d03c41673569238d,2026-10-04T03:00:00Z,Arizona Wildcats,Cincinnati Bearcats,draftkings,DraftKings,2026-09-29T20:34:00Z,2026-09-29T20:34:00Z,Cincinnati Bearcats,7.0,-108.0,2026,2026-09-29T20:34:46Z,1344,7.099006342407677,10.010435143603644,-0.41142880119596725,807aa80048d80e577104f04f9dc527bcbdecbac1e0bd777c98286ecfff8aeba7,timestamped_live_quote,FBS vs FBS
2026-09-29T20:34:46Z,63dded0ee467d6f6d03c41673569238d,2026-10-04T03:00:00Z,Arizona Wildcats,Cincinnati Bearcats,betrivers,BetRivers,2026-09-29T20:34:19Z,2026-09-29T20:34:19Z,Arizona Wildcats,-7.0,-118.0,2026,2026-09-29T20:34:46Z,1344,7.099006342407677,10.010435143603644,-0.41142880119596725,807aa80048d80e577104f04f9dc527bcbdecbac1e0bd777c98286ecfff8aeba7,timestamped_live_quote,FBS vs FBS
2026-09-29T20:34:46Z,63dded0ee467d6f6d03c41673569238d,2026-10-04T03:00:00Z,Arizona Wildcats,Cincinnati Bearcats,betrivers,BetRivers,2026-09-29T20:34:19Z,2026-09-29T20:34:19Z,Cincinnati Bearcats,7.0,-106.0,2026,2026-09-29T20:34:46Z,1344,7.099006342407677,10.010435143603644,-0.41142880119596725,807aa80048d80e577104f04f9dc527bcbdecbac1e0bd777c98286ecfff8aeba7,timestamped_live_quote,FBS vs FBS
2026-09-29T20:34:46Z,63dded0ee467d6f6d03c41673569238d,2026-10-04T03:00:00Z,Arizona Wildcats,Cincinnati Bearcats,lowvig,LowVig.ag,2026-09-29T20:33:39Z,2026-09-29T20:33:39Z,Arizona Wildcats,-7.0,-111.0,2026,2026-09-29T20:34:46Z,1344,7.099006342407677,10.010435143603644,-0.41142880119596725,807aa80048d80e577104f04f9dc527bcbdecbac1e0bd777c98286ecfff8aeba7,timestamped_live_quote,FBS vs FBS
2026-09-29T20:34:46Z,63dded0ee467d6f6d03c41673569238d,2026-10-04T03:00:00Z,Arizona Wildcats,Cincinnati Bearcats,lowvig,LowVig.ag,2026-09-29T20:33:39Z,2026-09-29T20:33:39Z,Cincinnati Bearcats,7.0,-101.0,2026,2026-09-29T20:34:46Z,1344,7.099006342407677,10.010435143603644,-0.41142880119596725,807aa80048d80e577104f04f9dc527bcbdecbac1e0bd777c98286ecfff8aeba7,timestamped_live_quote,FBS vs FBS
2026-09-29T20:34:46Z,63dded0ee467d6f6d03c41673569238d,2026-10-04T03:00:00Z,Arizona Wildcats,Cincinnati Bearcats,betonlineag,BetOnline.ag,2026-09-29T20:34:16Z,2026-09-29T20:34:16Z,Arizona Wildcats,-7.0,-115.0,2026,2026-09-29T20:34:46Z,1344,7.099006342407677,10.010435143603644,-0.41142880119596725,807aa80048d80e577104f04f9dc527bcbdecbac1e0bd777c98286ecfff8aeba7,timestamped_live_quote,FBS vs FBS
2026-09-29T20:34:46Z,63dded0ee467d6f6d03c41673569238d,2026-10-04T03:00:00Z,Arizona Wildcats,Cincinnati Bearcats,betonlineag,BetOnline.ag,2026-09-29T20:34:16Z,2026-09-29T20:34:16Z,Cincinnati Bearcats,7.0,-105.0,2026,2026-09-29T20:34:46Z,1344,7.099006342407677,10.010435143603644,-0.41142880119596725,807aa80048d80e577104f04f9dc527bcbdecbac1e0bd777c98286ecfff8aeba7,timestamped_live_quote,FBS vs FBS
2026-09-29T20:34:46Z,63dded0ee467d6f6d03c41673569238d,2026-10-04T03:00:00Z,Arizona Wildcats,Cincinnati Bearcats,mybookieag,MyBookie.ag,2026-09-29T20:33:40Z,2026-09-29T20:33:40Z,Arizona Wildcats,-7.0,-110.0,2026,2026-09-29T20:34:46Z,1344,7.099006342407677,10.010435143603644,-0.41142880119596725,807aa80048d80e577104f04f9dc527bcbdecbac1e0bd777c98286ecfff8aeba7,timestamped_live_quote,FBS vs FBS
2026-09-29T20:34:46Z,63dded0ee467d6f6d03c41673569238d,2026-10-04T03:00:00Z,Arizona Wildcats,Cincinnati Bearcats,mybookieag,MyBookie.ag,2026-09-29T20:33:40Z,2026-09-29T20:33:40Z,Cincinnati Bearcats,7.0,-110.0,2026,2026-09-29T20:34:46Z,1344,7.099006342407677,10.010435143603644,-0.41142880119596725,807aa80048d80e577104f04f9dc527bcbdecbac1e0bd777c98286ecfff8aeba7,timestamped_live_quote,FBS vs FBS
2026-09-29T20:34:46Z,63dded0ee467d6f6d03c41673569238d,2026-10-04T03:00:00Z,Arizona Wildcats,Cincinnati Bearcats,betus,BetUS,2026-09-29T20:34:18Z,2026-09-29T20:34:18Z,Arizona Wildcats,-7.0,-115.0,2026,2026-09-29T20:34:46Z,1344,7.099006342407677,10.010435143603644,-0.41142880119596725,807aa80048d80e577104f04f9dc527bcbdecbac1e0bd777c98286ecfff8aeba7,timestamped_live_quote,FBS vs FBS
2026-09-29T20:34:46Z,63dded0ee467d6f6d03c41673569238d,2026-10-04T03:00:00Z,Arizona Wildcats,Cincinnati Bearcats,betus,BetUS,2026-09-29T20:34:18Z,2026-09-29T20:34:18Z,Cincinnati Bearcats,7.0,-105.0,2026,2026-09-29T20:34:46Z,1344,7.099006342407677,10.010435143603644,-0.41142880119596725,807aa80048d80e577104f04f9dc527bcbdecbac1e0bd777c98286ecfff8aeba7,timestamped_live_quote,FBS vs FBS
2026-09-29T20:34:46Z,63dded0ee467d6f6d03c41673569238d,2026-10-04T03:00:00Z,Arizona Wildcats,Cincinnati Bearcats,betmgm,BetMGM,2026-09-29T20:34:33Z,2026-09-29T20:34:33Z,Arizona Wildcats,-7.0,-110.0,2026,2026-09-29T20:34:46Z,1344,7.099006342407677,10.010435143603644,-0.41142880119596725,807aa80048d80e577104f04f9dc527bcbdecbac1e0bd777c98286ecfff8aeba7,timestamped_live_quote,FBS vs FBS
2026-09-29T20:34:46Z,63dded0ee467d6f6d03c41673569238d,2026-10-04T03:00:00Z,Arizona Wildcats,Cincinnati Bearcats,betmgm,BetMGM,2026-09-29T20:34:33Z,2026-09-29T20:34:33Z,Cincinnati Bearcats,7.0,-108.0,2026,2026-09-29T20:34:46Z,1344,7.099006342407677,10.010435143603644,-0.41142880119596725,807aa80048d80e577104f04f9dc527bcbdecbac1e0bd777c98286ecfff8aeba7,timestamped_live_quote,FBS vs FBS
2026-09-29T20:34:46Z,63dded0ee467d6f6d03c41673569238d,2026-10-04T03:00:00Z,Arizona Wildcats,Cincinnati Bearcats,bovada,Bovada,2026-09-29T20:33:33Z,2026-09-29T20:33:33Z,Arizona Wildcats,-7.0,-115.0,2026,2026-09-29T20:34:46Z,1344,7.099006342407677,10.010435143603644,-0.41142880119596725,807aa80048d80e577104f04f9dc527bcbdecbac1e0bd777c98286ecfff8aeba7,timestamped_live_quote,FBS vs FBS
2026-09-29T20:34:46Z,63dded0ee467d6f6d03c41673569238d,2026-10-04T03:00:00Z,Arizona Wildcats,Cincinnati Bearcats,bovada,Bovada,2026-09-29T20:33:33Z,2026-09-29T20:33:33Z,Cincinnati Bearcats,7.0,-105.0,2026,2026-09-29T20:34:46Z,1344,7.099006342407677,10.010435143603644,-0.41142880119596725,807aa80048d80e577104f04f9dc527bcbdecbac1e0bd777c98286ecfff8aeba7,timestamped_live_quote,FBS vs FBS
2026-09-29T20:34:46Z,4d9e59b57798afb31927c84e1f6dc25e,2026-10-04T03:59:00Z,Hawaii Rainbow Warriors,San Jose State Spartans,fanduel,FanDuel,2026-09-29T20:34:20Z,2026-09-29T20:34:20Z,Hawaii Rainbow Warriors,-2.5,-115.0,2026,2026-09-29T20:34:46Z,1344,-4.882696569374028,-1.1553446769827669,-1.227351892391261,807aa80048d80e577104f04f9dc527bcbdecbac1e0bd777c98286ecfff8aeba7,timestamped_live_quote,FBS vs FBS
2026-09-29T20:34:46Z,4d9e59b57798afb31927c84e1f6dc25e,2026-10-04T03:59:00Z,Hawaii Rainbow Warriors,San Jose State Spartans,fanduel,FanDuel,2026-09-29T20:34:20Z,2026-09-29T20:34:20Z,San Jose State Spartans,2.5,-105.0,2026,2026-09-29T20:34:46Z,1344,-4.882696569374028,-1.1553446769827669,-1.227351892391261,807aa80048d80e577104f04f9dc527bcbdecbac1e0bd777c98286ecfff8aeba7,timestamped_live_quote,FBS vs FBS
2026-09-29T20:34:46Z,4d9e59b57798afb31927c84e1f6dc25e,2026-10-04T03:59:00Z,Hawaii Rainbow Warriors,San Jose State Spartans,betrivers,BetRivers,2026-09-29T20:34:19Z,2026-09-29T20:34:19Z,Hawaii Rainbow Warriors,-3.0,-106.0,2026,2026-09-29T20:34:46Z,1344,-4.882696569374028,-1.1553446769827669,-1.227351892391261,807aa80048d80e577104f04f9dc527bcbdecbac1e0bd777c98286ecfff8aeba7,timestamped_live_quote,FBS vs FBS
2026-09-29T20:34:46Z,4d9e59b57798afb31927c84e1f6dc25e,2026-10-04T03:59:00Z,Hawaii Rainbow Warriors,San Jose State Spartans,betrivers,BetRivers,2026-09-29T20:34:19Z,2026-09-29T20:34:19Z,San Jose State Spartans,3.0,-118.0,2026,2026-09-29T20:34:46Z,1344,-4.882696569374028,-1.1553446769827669,-1.227351892391261,807aa80048d80e577104f04f9dc527bcbdecbac1e0bd777c98286ecfff8aeba7,timestamped_live_quote,FBS vs FBS
2026-09-29T20:34:46Z,4d9e59b57798afb31927c84e1f6dc25e,2026-10-04T03:59:00Z,Hawaii Rainbow Warriors,San Jose State Spartans,betonlineag,BetOnline.ag,2026-09-29T20:34:16Z,2026-09-29T20:34:16Z,Hawaii Rainbow Warriors,-3.0,-102.0,2026,2026-09-29T20:34:46Z,1344,-4.882696569374028,-1.1553446769827669,-1.227351892391261,807aa80048d80e577104f04f9dc527bcbdecbac1e0bd777c98286ecfff8aeba7,timestamped_live_quote,FBS vs FBS
2026-09-29T20:34:46Z,4d9e59b57798afb31927c84e1f6dc25e,2026-10-04T03:59:00Z,Hawaii Rainbow Warriors,San Jose State Spartans,betonlineag,BetOnline.ag,2026-09-29T20:34:16Z,2026-09-29T20:34:16Z,San Jose State Spartans,3.0,-118.0,2026,2026-09-29T20:34:46Z,1344,-4.882696569374028,-1.1553446769827669,-1.227351892391261,807aa80048d80e577104f04f9dc527bcbdecbac1e0bd777c98286ecfff8aeba7,timestamped_live_quote,FBS vs FBS
2026-09-29T20:34:46Z,4d9e59b57798afb31927c84e1f6dc25e,2026-10-04T03:59:00Z,Hawaii Rainbow Warriors,San Jose State Spartans,lowvig,LowVig.ag,2026-09-29T20:33:39Z,2026-09-29T20:33:39Z,Hawaii Rainbow Warriors,-3.0,102.0,2026,2026-09-29T20:34:46Z,1344,-4.882696569374028,-1.1553446769827669,-1.227351892391261,807aa80048d80e577104f04f9dc527bcbdecbac1e0bd777c98286ecfff8aeba7,timestamped_live_quote,FBS vs FBS
2026-09-29T20:34:46Z,4d9e59b57798afb31927c84e1f6dc25e,2026-10-04T03:59:00Z,Hawaii Rainbow Warriors,San Jose State Spartans,lowvig,LowVig.ag,2026-09-29T20:33:39Z,2026-09-29T20:33:39Z,San Jose State Spartans,3.0,-114.0,2026,2026-09-29T20:34:46Z,1344,-4.882696569374028,-1.1553446769827669,-1.227351892391261,807aa80048d80e577104f04f9dc527bcbdecbac1e0bd777c98286ecfff8aeba7,timestamped_live_quote,FBS vs FBS
2026-09-29T20:34:46Z,4d9e59b57798afb31927c84e1f6dc25e,2026-10-04T03:59:00Z,Hawaii Rainbow Warriors,San Jose State Spartans,draftkings,DraftKings,2026-09-29T20:34:00Z,2026-09-29T20:34:00Z,Hawaii Rainbow Warriors,-3.0,-105.0,2026,2026-09-29T20:34:46Z,1344,-4.882696569374028,-1.1553446769827669,-1.227351892391261,807aa80048d80e577104f04f9dc527bcbdecbac1e0bd777c98286ecfff8aeba7,timestamped_live_quote,FBS vs FBS
2026-09-29T20:34:46Z,4d9e59b57798afb31927c84e1f6dc25e,2026-10-04T03:59:00Z,Hawaii Rainbow Warriors,San Jose State Spartans,draftkings,DraftKings,2026-09-29T20:34:00Z,2026-09-29T20:34:00Z,San Jose State Spartans,3.0,-115.0,2026,2026-09-29T20:34:46Z,1344,-4.882696569374028,-1.1553446769827669,-1.227351892391261,807aa80048d80e577104f04f9dc527bcbdecbac1e0bd777c98286ecfff8aeba7,timestamped_live_quote,FBS vs FBS
2026-09-29T20:34:46Z,4d9e59b57798afb31927c84e1f6dc25e,2026-10-04T03:59:00Z,Hawaii Rainbow Warriors,San Jose State Spartans,mybookieag,MyBookie.ag,2026-09-29T20:33:40Z,2026-09-29T20:33:40Z,Hawaii Rainbow Warriors,-3.0,-110.0,2026,2026-09-29T20:34:46Z,1344,-4.882696569374028,-1.1553446769827669,-1.227351892391261,807aa80048d80e577104f04f9dc527bcbdecbac1e0bd777c98286ecfff8aeba7,timestamped_live_quote,FBS vs FBS
2026-09-29T20:34:46Z,4d9e59b57798afb31927c84e1f6dc25e,2026-10-04T03:59:00Z,Hawaii Rainbow Warriors,San Jose State Spartans,mybookieag,MyBookie.ag,2026-09-29T20:33:40Z,2026-09-29T20:33:40Z,San Jose State Spartans,3.0,-110.0,2026,2026-09-29T20:34:46Z,1344,-4.882696569374028,-1.1553446769827669,-1.227351892391261,807aa80048d80e577104f04f9dc527bcbdecbac1e0bd777c98286ecfff8aeba7,timestamped_live_quote,FBS vs FBS
2026-09-29T20:34:46Z,4d9e59b57798afb31927c84e1f6dc25e,2026-10-04T03:59:00Z,Hawaii Rainbow Warriors,San Jose State Spartans,betus,BetUS,2026-09-29T20:34:18Z,2026-09-29T20:34:18Z,Hawaii Rainbow Warriors,-3.0,100.0,2026,2026-09-29T20:34:46Z,1344,-4.882696569374028,-1.1553446769827669,-1.227351892391261,807aa80048d80e577104f04f9dc527bcbdecbac1e0bd777c98286ecfff8aeba7,timestamped_live_quote,FBS vs FBS
2026-09-29T20:34:46Z,4d9e59b57798afb31927c84e1f6dc25e,2026-10-04T03:59:00Z,Hawaii Rainbow Warriors,San Jose State Spartans,betus,BetUS,2026-09-29T20:34:18Z,2026-09-29T20:34:18Z,San Jose State Spartans,3.0,-120.0,2026,2026-09-29T20:34:46Z,1344,-4.882696569374028,-1.1553446769827669,-1.227351892391261,807aa80048d80e577104f04f9dc527bcbdecbac1e0bd777c98286ecfff8aeba7,timestamped_live_quote,FBS vs FBS
2026-09-29T20:34:46Z,4d9e59b57798afb31927c84e1f6dc25e,2026-10-04T03:59:00Z,Hawaii Rainbow Warriors,San Jose State Spartans,betmgm,BetMGM,2026-09-29T20:34:33Z,2026-09-29T20:34:33Z,Hawaii Rainbow Warriors,-2.5,-115.0,2026,2026-09-29T20:34:46Z,1344,-4.882696569374028,-1.1553446769827669,-1.227351892391261,807aa80048d80e577104f04f9dc527bcbdecbac1e0bd777c98286ecfff8aeba7,timestamped_live_quote,FBS vs FBS
2026-09-29T20:34:46Z,4d9e59b57798afb31927c84e1f6dc25e,2026-10-04T03:59:00Z,Hawaii Rainbow Warriors,San Jose State Spartans,betmgm,BetMGM,2026-09-29T20:34:33Z,2026-09-29T20:34:33Z,San Jose State Spartans,2.5,-102.0,2026,2026-09-29T20:34:46Z,1344,-4.882696569374028,-1.1553446769827669,-1.227351892391261,807aa80048d80e577104f04f9dc527bcbdecbac1e0bd777c98286ecfff8aeba7,timestamped_live_quote,FBS vs FBS
2026-09-29T20:34:46Z,4d9e59b57798afb31927c84e1f6dc25e,2026-10-04T03:59:00Z,Hawaii Rainbow Warriors,San Jose State Spartans,bovada,Bovada,2026-09-29T20:33:33Z,2026-09-29T20:33:33Z,Hawaii Rainbow Warriors,-2.5,-120.0,2026,2026-09-29T20:34:46Z,1344,-4.882696569374028,-1.1553446769827669,-1.227351892391261,807aa80048d80e577104f04f9dc527bcbdecbac1e0bd777c98286ecfff8aeba7,timestamped_live_quote,FBS vs FBS
2026-09-29T20:34:46Z,4d9e59b57798afb31927c84e1f6dc25e,2026-10-04T03:59:00Z,Hawaii Rainbow Warriors,San Jose State Spartans,bovada,Bovada,2026-09-29T20:33:33Z,2026-09-29T20:33:33Z,San Jose State Spartans,2.5,100.0,2026,2026-09-29T20:34:46Z,1344,-4.882696569374028,-1.1553446769827669,-1.227351892391261,807aa80048d80e577104f04f9dc527bcbdecbac1e0bd777c98286ecfff8aeba7,timestamped_live_quote,FBS vs FBS
2026-09-29T20:34:46Z,82b83ec87fc2be5faa2e9f26ac50edef,2026-10-10T19:30:00Z,Oklahoma Sooners,Texas Longhorns,fanduel,FanDuel,2026-09-29T20:34:20Z,2026-09-29T20:34:19Z,Oklahoma Sooners,9.5,-106.0,2026,2026-09-29T20:34:46Z,1344,6.711060885547835,14.479805760410393,-5.268744874862558,807aa80048d80e577104f04f9dc527bcbdecbac1e0bd777c98286ecfff8aeba7,timestamped_live_quote,FBS vs FBS
2026-09-29T20:34:46Z,82b83ec87fc2be5faa2e9f26ac50edef,2026-10-10T19:30:00Z,Oklahoma Sooners,Texas Longhorns,fanduel,FanDuel,2026-09-29T20:34:20Z,2026-09-29T20:34:19Z,Texas Longhorns,-9.5,-114.0,2026,2026-09-29T20:34:46Z,1344,6.711060885547835,14.479805760410393,-5.268744874862558,807aa80048d80e577104f04f9dc527bcbdecbac1e0bd777c98286ecfff8aeba7,timestamped_live_quote,FBS vs FBS
2026-09-29T20:34:46Z,3ad908e99942c191b72d855b6f1b508f,2026-10-10T19:30:00Z,Oregon Ducks,UCLA Bruins,fanduel,FanDuel,2026-09-29T20:34:20Z,2026-09-29T20:34:20Z,Oregon Ducks,-12.5,-115.0,2026,2026-09-29T20:34:46Z,1344,13.984684664182035,13.857786818894796,2.626897845287239,807aa80048d80e577104f04f9dc527bcbdecbac1e0bd777c98286ecfff8aeba7,timestamped_live_quote,FBS vs FBS
2026-09-29T20:34:46Z,3ad908e99942c191b72d855b6f1b508f,2026-10-10T19:30:00Z,Oregon Ducks,UCLA Bruins,fanduel,FanDuel,2026-09-29T20:34:20Z,2026-09-29T20:34:20Z,UCLA Bruins,12.5,-105.0,2026,2026-09-29T20:34:46Z,1344,13.984684664182035,13.857786818894796,2.626897845287239,807aa80048d80e577104f04f9dc527bcbdecbac1e0bd777c98286ecfff8aeba7,timestamped_live_quote,FBS vs FBS
