captured_at_utc,game_id,kickoff_utc,home_team,away_team,sportsbook_key,sportsbook,bookmaker_last_update_utc,market_last_update_utc,selection,spread,american_odds,season,ratings_asof_utc,ratings_training_games,home_rating,away_rating,projected_home_margin,ratings_input_sha256,capture_status,division_status
2026-09-26T12:35:36Z,11ea90adf014a268d12caa9978b05bd8,2026-09-26T16:00:00Z,Akron Zips,UNLV Rebels,fanduel,FanDuel,2026-09-26T12:35:11Z,2026-09-26T12:35:11Z,Akron Zips,13.5,-110.0,2026,2026-09-26T12:35:36Z,1070,-1.0628296823643175,-3.906871318515212,5.3440416361508944,b4347a6d6451334b228bf748d98cbd30b34b222852b6631cc98ff41b5e407018,timestamped_live_quote,FBS vs FBS
2026-09-26T12:35:36Z,11ea90adf014a268d12caa9978b05bd8,2026-09-26T16:00:00Z,Akron Zips,UNLV Rebels,fanduel,FanDuel,2026-09-26T12:35:11Z,2026-09-26T12:35:11Z,UNLV Rebels,-13.5,-110.0,2026,2026-09-26T12:35:36Z,1070,-1.0628296823643175,-3.906871318515212,5.3440416361508944,b4347a6d6451334b228bf748d98cbd30b34b222852b6631cc98ff41b5e407018,timestamped_live_quote,FBS vs FBS
2026-09-26T12:35:36Z,11ea90adf014a268d12caa9978b05bd8,2026-09-26T16:00:00Z,Akron Zips,UNLV Rebels,mybookieag,MyBookie.ag,2026-09-26T12:35:13Z,2026-09-26T12:35:13Z,Akron Zips,13.5,-110.0,2026,2026-09-26T12:35:36Z,1070,-1.0628296823643175,-3.906871318515212,5.3440416361508944,b4347a6d6451334b228bf748d98cbd30b34b222852b6631cc98ff41b5e407018,timestamped_live_quote,FBS vs FBS
2026-09-26T12:35:36Z,11ea90adf014a268d12caa9978b05bd8,2026-09-26T16:00:00Z,Akron Zips,UNLV Rebels,mybookieag,MyBookie.ag,2026-09-26T12:35:13Z,2026-09-26T12:35:13Z,UNLV Rebels,-13.5,-110.0,2026,2026-09-26T12:35:36Z,1070,-1.0628296823643175,-3.906871318515212,5.3440416361508944,b4347a6d6451334b228bf748d98cbd30b34b222852b6631cc98ff41b5e407018,timestamped_live_quote,FBS vs FBS
2026-09-26T12:35:36Z,11ea90adf014a268d12caa9978b05bd8,2026-09-26T16:00:00Z,Akron Zips,UNLV Rebels,betrivers,BetRivers,2026-09-26T12:34:37Z,2026-09-26T12:34:37Z,Akron Zips,12.5,-112.0,2026,2026-09-26T12:35:36Z,1070,-1.0628296823643175,-3.906871318515212,5.3440416361508944,b4347a6d6451334b228bf748d98cbd30b34b222852b6631cc98ff41b5e407018,timestamped_live_quote,FBS vs FBS
2026-09-26T12:35:36Z,11ea90adf014a268d12caa9978b05bd8,2026-09-26T16:00:00Z,Akron Zips,UNLV Rebels,betrivers,BetRivers,2026-09-26T12:34:37Z,2026-09-26T12:34:37Z,UNLV Rebels,-12.5,-110.0,2026,2026-09-26T12:35:36Z,1070,-1.0628296823643175,-3.906871318515212,5.3440416361508944,b4347a6d6451334b228bf748d98cbd30b34b222852b6631cc98ff41b5e407018,timestamped_live_quote,FBS vs FBS
2026-09-26T12:35:36Z,11ea90adf014a268d12caa9978b05bd8,2026-09-26T16:00:00Z,Akron Zips,UNLV Rebels,draftkings,DraftKings,2026-09-26T12:34:54Z,2026-09-26T12:34:54Z,Akron Zips,13.5,-112.0,2026,2026-09-26T12:35:36Z,1070,-1.0628296823643175,-3.906871318515212,5.3440416361508944,b4347a6d6451334b228bf748d98cbd30b34b222852b6631cc98ff41b5e407018,timestamped_live_quote,FBS vs FBS
2026-09-26T12:35:36Z,11ea90adf014a268d12caa9978b05bd8,2026-09-26T16:00:00Z,Akron Zips,UNLV Rebels,draftkings,DraftKings,2026-09-26T12:34:54Z,2026-09-26T12:34:54Z,UNLV Rebels,-13.5,-108.0,2026,2026-09-26T12:35:36Z,1070,-1.0628296823643175,-3.906871318515212,5.3440416361508944,b4347a6d6451334b228bf748d98cbd30b34b222852b6631cc98ff41b5e407018,timestamped_live_quote,FBS vs FBS
2026-09-26T12:35:36Z,11ea90adf014a268d12caa9978b05bd8,2026-09-26T16:00:00Z,Akron Zips,UNLV Rebels,lowvig,LowVig.ag,2026-09-26T12:34:53Z,2026-09-26T12:34:53Z,Akron Zips,13.5,-106.0,2026,2026-09-26T12:35:36Z,1070,-1.0628296823643175,-3.906871318515212,5.3440416361508944,b4347a6d6451334b228bf748d98cbd30b34b222852b6631cc98ff41b5e407018,timestamped_live_quote,FBS vs FBS
2026-09-26T12:35:36Z,11ea90adf014a268d12caa9978b05bd8,2026-09-26T16:00:00Z,Akron Zips,UNLV Rebels,lowvig,LowVig.ag,2026-09-26T12:34:53Z,2026-09-26T12:34:53Z,UNLV Rebels,-13.5,-106.0,2026,2026-09-26T12:35:36Z,1070,-1.0628296823643175,-3.906871318515212,5.3440416361508944,b4347a6d6451334b228bf748d98cbd30b34b222852b6631cc98ff41b5e407018,timestamped_live_quote,FBS vs FBS
2026-09-26T12:35:36Z,11ea90adf014a268d12caa9978b05bd8,2026-09-26T16:00:00Z,Akron Zips,UNLV Rebels,betonlineag,BetOnline.ag,2026-09-26T12:35:29Z,2026-09-26T12:35:29Z,Akron Zips,13.5,-115.0,2026,2026-09-26T12:35:36Z,1070,-1.0628296823643175,-3.906871318515212,5.3440416361508944,b4347a6d6451334b228bf748d98cbd30b34b222852b6631cc98ff41b5e407018,timestamped_live_quote,FBS vs FBS
2026-09-26T12:35:36Z,11ea90adf014a268d12caa9978b05bd8,2026-09-26T16:00:00Z,Akron Zips,UNLV Rebels,betonlineag,BetOnline.ag,2026-09-26T12:35:29Z,2026-09-26T12:35:29Z,UNLV Rebels,-13.5,-105.0,2026,2026-09-26T12:35:36Z,1070,-1.0628296823643175,-3.906871318515212,5.3440416361508944,b4347a6d6451334b228bf748d98cbd30b34b222852b6631cc98ff41b5e407018,timestamped_live_quote,FBS vs FBS
2026-09-26T12:35:36Z,11ea90adf014a268d12caa9978b05bd8,2026-09-26T16:00:00Z,Akron Zips,UNLV Rebels,betus,BetUS,2026-09-26T12:35:11Z,2026-09-26T12:35:11Z,Akron Zips,13.5,-110.0,2026,2026-09-26T12:35:36Z,1070,-1.0628296823643175,-3.906871318515212,5.3440416361508944,b4347a6d6451334b228bf748d98cbd30b34b222852b6631cc98ff41b5e407018,timestamped_live_quote,FBS vs FBS
2026-09-26T12:35:36Z,11ea90adf014a268d12caa9978b05bd8,2026-09-26T16:00:00Z,Akron Zips,UNLV Rebels,betus,BetUS,2026-09-26T12:35:11Z,2026-09-26T12:35:11Z,UNLV Rebels,-13.5,-110.0,2026,2026-09-26T12:35:36Z,1070,-1.0628296823643175,-3.906871318515212,5.3440416361508944,b4347a6d6451334b228bf748d98cbd30b34b222852b6631cc98ff41b5e407018,timestamped_live_quote,FBS vs FBS
2026-09-26T12:35:36Z,11ea90adf014a268d12caa9978b05bd8,2026-09-26T16:00:00Z,Akron Zips,UNLV Rebels,betmgm,BetMGM,2026-09-26T12:34:23Z,2026-09-26T12:34:22Z,Akron Zips,13.0,-108.0,2026,2026-09-26T12:35:36Z,1070,-1.0628296823643175,-3.906871318515212,5.3440416361508944,b4347a6d6451334b228bf748d98cbd30b34b222852b6631cc98ff41b5e407018,timestamped_live_quote,FBS vs FBS
2026-09-26T12:35:36Z,11ea90adf014a268d12caa9978b05bd8,2026-09-26T16:00:00Z,Akron Zips,UNLV Rebels,betmgm,BetMGM,2026-09-26T12:34:23Z,2026-09-26T12:34:22Z,UNLV Rebels,-13.0,-110.0,2026,2026-09-26T12:35:36Z,1070,-1.0628296823643175,-3.906871318515212,5.3440416361508944,b4347a6d6451334b228bf748d98cbd30b34b222852b6631cc98ff41b5e407018,timestamped_live_quote,FBS vs FBS
2026-09-26T12:35:36Z,11ea90adf014a268d12caa9978b05bd8,2026-09-26T16:00:00Z,Akron Zips,UNLV Rebels,bovada,Bovada,2026-09-26T12:34:07Z,2026-09-26T12:34:07Z,Akron Zips,13.5,-110.0,2026,2026-09-26T12:35:36Z,1070,-1.0628296823643175,-3.906871318515212,5.3440416361508944,b4347a6d6451334b228bf748d98cbd30b34b222852b6631cc98ff41b5e407018,timestamped_live_quote,FBS vs FBS
2026-09-26T12:35:36Z,11ea90adf014a268d12caa9978b05bd8,2026-09-26T16:00:00Z,Akron Zips,UNLV Rebels,bovada,Bovada,2026-09-26T12:34:07Z,2026-09-26T12:34:07Z,UNLV Rebels,-13.5,-110.0,2026,2026-09-26T12:35:36Z,1070,-1.0628296823643175,-3.906871318515212,5.3440416361508944,b4347a6d6451334b228bf748d98cbd30b34b222852b6631cc98ff41b5e407018,timestamped_live_quote,FBS vs FBS
2026-09-26T12:35:36Z,a14ae60e9aac7b91d0acbdae745873b4,2026-09-26T16:00:00Z,Kent State Golden Flashes,Ball State Cardinals,fanduel,FanDuel,2026-09-26T12:35:11Z,2026-09-26T12:35:11Z,Ball State Cardinals,2.5,100.0,2026,2026-09-26T12:35:36Z,1070,-9.861054608271804,-6.003012575725365,-1.3580420325464386,b4347a6d6451334b228bf748d98cbd30b34b222852b6631cc98ff41b5e407018,timestamped_live_quote,FBS vs FBS
2026-09-26T12:35:36Z,a14ae60e9aac7b91d0acbdae745873b4,2026-09-26T16:00:00Z,Kent State Golden Flashes,Ball State Cardinals,fanduel,FanDuel,2026-09-26T12:35:11Z,2026-09-26T12:35:11Z,Kent State Golden Flashes,-2.5,-122.0,2026,2026-09-26T12:35:36Z,1070,-9.861054608271804,-6.003012575725365,-1.3580420325464386,b4347a6d6451334b228bf748d98cbd30b34b222852b6631cc98ff41b5e407018,timestamped_live_quote,FBS vs FBS
2026-09-26T12:35:36Z,a14ae60e9aac7b91d0acbdae745873b4,2026-09-26T16:00:00Z,Kent State Golden Flashes,Ball State Cardinals,mybookieag,MyBookie.ag,2026-09-26T12:35:13Z,2026-09-26T12:35:13Z,Ball State Cardinals,3.0,-110.0,2026,2026-09-26T12:35:36Z,1070,-9.861054608271804,-6.003012575725365,-1.3580420325464386,b4347a6d6451334b228bf748d98cbd30b34b222852b6631cc98ff41b5e407018,timestamped_live_quote,FBS vs FBS
2026-09-26T12:35:36Z,a14ae60e9aac7b91d0acbdae745873b4,2026-09-26T16:00:00Z,Kent State Golden Flashes,Ball State Cardinals,mybookieag,MyBookie.ag,2026-09-26T12:35:13Z,2026-09-26T12:35:13Z,Kent State Golden Flashes,-3.0,-110.0,2026,2026-09-26T12:35:36Z,1070,-9.861054608271804,-6.003012575725365,-1.3580420325464386,b4347a6d6451334b228bf748d98cbd30b34b222852b6631cc98ff41b5e407018,timestamped_live_quote,FBS vs FBS
2026-09-26T12:35:36Z,a14ae60e9aac7b91d0acbdae745873b4,2026-09-26T16:00:00Z,Kent State Golden Flashes,Ball State Cardinals,betrivers,BetRivers,2026-09-26T12:34:37Z,2026-09-26T12:34:37Z,Ball State Cardinals,3.0,-107.0,2026,2026-09-26T12:35:36Z,1070,-9.861054608271804,-6.003012575725365,-1.3580420325464386,b4347a6d6451334b228bf748d98cbd30b34b222852b6631cc98ff41b5e407018,timestamped_live_quote,FBS vs FBS
2026-09-26T12:35:36Z,a14ae60e9aac7b91d0acbdae745873b4,2026-09-26T16:00:00Z,Kent State Golden Flashes,Ball State Cardinals,betrivers,BetRivers,2026-09-26T12:34:37Z,2026-09-26T12:34:37Z,Kent State Golden Flashes,-3.0,-115.0,2026,2026-09-26T12:35:36Z,1070,-9.861054608271804,-6.003012575725365,-1.3580420325464386,b4347a6d6451334b228bf748d98cbd30b34b222852b6631cc98ff41b5e407018,timestamped_live_quote,FBS vs FBS
2026-09-26T12:35:36Z,a14ae60e9aac7b91d0acbdae745873b4,2026-09-26T16:00:00Z,Kent State Golden Flashes,Ball State Cardinals,draftkings,DraftKings,2026-09-26T12:34:54Z,2026-09-26T12:34:54Z,Ball State Cardinals,3.0,-108.0,2026,2026-09-26T12:35:36Z,1070,-9.861054608271804,-6.003012575725365,-1.3580420325464386,b4347a6d6451334b228bf748d98cbd30b34b222852b6631cc98ff41b5e407018,timestamped_live_quote,FBS vs FBS
2026-09-26T12:35:36Z,a14ae60e9aac7b91d0acbdae745873b4,2026-09-26T16:00:00Z,Kent State Golden Flashes,Ball State Cardinals,draftkings,DraftKings,2026-09-26T12:34:54Z,2026-09-26T12:34:54Z,Kent State Golden Flashes,-3.0,-112.0,2026,2026-09-26T12:35:36Z,1070,-9.861054608271804,-6.003012575725365,-1.3580420325464386,b4347a6d6451334b228bf748d98cbd30b34b222852b6631cc98ff41b5e407018,timestamped_live_quote,FBS vs FBS
2026-09-26T12:35:36Z,a14ae60e9aac7b91d0acbdae745873b4,2026-09-26T16:00:00Z,Kent State Golden Flashes,Ball State Cardinals,lowvig,LowVig.ag,2026-09-26T12:34:53Z,2026-09-26T12:34:53Z,Ball State Cardinals,3.0,-104.0,2026,2026-09-26T12:35:36Z,1070,-9.861054608271804,-6.003012575725365,-1.3580420325464386,b4347a6d6451334b228bf748d98cbd30b34b222852b6631cc98ff41b5e407018,timestamped_live_quote,FBS vs FBS
2026-09-26T12:35:36Z,a14ae60e9aac7b91d0acbdae745873b4,2026-09-26T16:00:00Z,Kent State Golden Flashes,Ball State Cardinals,lowvig,LowVig.ag,2026-09-26T12:34:53Z,2026-09-26T12:34:53Z,Kent State Golden Flashes,-3.0,-108.0,2026,2026-09-26T12:35:36Z,1070,-9.861054608271804,-6.003012575725365,-1.3580420325464386,b4347a6d6451334b228bf748d98cbd30b34b222852b6631cc98ff41b5e407018,timestamped_live_quote,FBS vs FBS
2026-09-26T12:35:36Z,a14ae60e9aac7b91d0acbdae745873b4,2026-09-26T16:00:00Z,Kent State Golden Flashes,Ball State Cardinals,betonlineag,BetOnline.ag,2026-09-26T12:35:29Z,2026-09-26T12:35:29Z,Ball State Cardinals,3.0,-108.0,2026,2026-09-26T12:35:36Z,1070,-9.861054608271804,-6.003012575725365,-1.3580420325464386,b4347a6d6451334b228bf748d98cbd30b34b222852b6631cc98ff41b5e407018,timestamped_live_quote,FBS vs FBS
2026-09-26T12:35:36Z,a14ae60e9aac7b91d0acbdae745873b4,2026-09-26T16:00:00Z,Kent State Golden Flashes,Ball State Cardinals,betonlineag,BetOnline.ag,2026-09-26T12:35:29Z,2026-09-26T12:35:29Z,Kent State Golden Flashes,-3.0,-112.0,2026,2026-09-26T12:35:36Z,1070,-9.861054608271804,-6.003012575725365,-1.3580420325464386,b4347a6d6451334b228bf748d98cbd30b34b222852b6631cc98ff41b5e407018,timestamped_live_quote,FBS vs FBS
2026-09-26T12:35:36Z,a14ae60e9aac7b91d0acbdae745873b4,2026-09-26T16:00:00Z,Kent State Golden Flashes,Ball State Cardinals,betmgm,BetMGM,2026-09-26T12:34:23Z,2026-09-26T12:34:22Z,Ball State Cardinals,3.0,-110.0,2026,2026-09-26T12:35:36Z,1070,-9.861054608271804,-6.003012575725365,-1.3580420325464386,b4347a6d6451334b228bf748d98cbd30b34b222852b6631cc98ff41b5e407018,timestamped_live_quote,FBS vs FBS
2026-09-26T12:35:36Z,a14ae60e9aac7b91d0acbdae745873b4,2026-09-26T16:00:00Z,Kent State Golden Flashes,Ball State Cardinals,betmgm,BetMGM,2026-09-26T12:34:23Z,2026-09-26T12:34:22Z,Kent State Golden Flashes,-3.0,-108.0,2026,2026-09-26T12:35:36Z,1070,-9.861054608271804,-6.003012575725365,-1.3580420325464386,b4347a6d6451334b228bf748d98cbd30b34b222852b6631cc98ff41b5e407018,timestamped_live_quote,FBS vs FBS
2026-09-26T12:35:36Z,a14ae60e9aac7b91d0acbdae745873b4,2026-09-26T16:00:00Z,Kent State Golden Flashes,Ball State Cardinals,betus,BetUS,2026-09-26T12:35:11Z,2026-09-26T12:35:11Z,Ball State Cardinals,3.0,-105.0,2026,2026-09-26T12:35:36Z,1070,-9.861054608271804,-6.003012575725365,-1.3580420325464386,b4347a6d6451334b228bf748d98cbd30b34b222852b6631cc98ff41b5e407018,timestamped_live_quote,FBS vs FBS
2026-09-26T12:35:36Z,a14ae60e9aac7b91d0acbdae745873b4,2026-09-26T16:00:00Z,Kent State Golden Flashes,Ball State Cardinals,betus,BetUS,2026-09-26T12:35:11Z,2026-09-26T12:35:11Z,Kent State Golden Flashes,-3.0,-115.0,2026,2026-09-26T12:35:36Z,1070,-9.861054608271804,-6.003012575725365,-1.3580420325464386,b4347a6d6451334b228bf748d98cbd30b34b222852b6631cc98ff41b5e407018,timestamped_live_quote,FBS vs FBS
2026-09-26T12:35:36Z,a14ae60e9aac7b91d0acbdae745873b4,2026-09-26T16:00:00Z,Kent State Golden Flashes,Ball State Cardinals,bovada,Bovada,2026-09-26T12:34:07Z,2026-09-26T12:34:07Z,Ball State Cardinals,3.0,-110.0,2026,2026-09-26T12:35:36Z,1070,-9.861054608271804,-6.003012575725365,-1.3580420325464386,b4347a6d6451334b228bf748d98cbd30b34b222852b6631cc98ff41b5e407018,timestamped_live_quote,FBS vs FBS
2026-09-26T12:35:36Z,a14ae60e9aac7b91d0acbdae745873b4,2026-09-26T16:00:00Z,Kent State Golden Flashes,Ball State Cardinals,bovada,Bovada,2026-09-26T12:34:07Z,2026-09-26T12:34:07Z,Kent State Golden Flashes,-3.0,-110.0,2026,2026-09-26T12:35:36Z,1070,-9.861054608271804,-6.003012575725365,-1.3580420325464386,b4347a6d6451334b228bf748d98cbd30b34b222852b6631cc98ff41b5e407018,timestamped_live_quote,FBS vs FBS
2026-09-26T12:35:36Z,90cacdc25f25e1f13b13e031a7fee9b7,2026-09-26T16:00:00Z,Baylor Bears,Colorado Buffaloes,fanduel,FanDuel,2026-09-26T12:35:11Z,2026-09-26T12:35:11Z,Baylor Bears,-9.5,-112.0,2026,2026-09-26T12:35:36Z,1070,8.782565521716549,1.4642794236209558,9.818286098095594,b4347a6d6451334b228bf748d98cbd30b34b222852b6631cc98ff41b5e407018,timestamped_live_quote,FBS vs FBS
2026-09-26T12:35:36Z,90cacdc25f25e1f13b13e031a7fee9b7,2026-09-26T16:00:00Z,Baylor Bears,Colorado Buffaloes,fanduel,FanDuel,2026-09-26T12:35:11Z,2026-09-26T12:35:11Z,Colorado Buffaloes,9.5,-108.0,2026,2026-09-26T12:35:36Z,1070,8.782565521716549,1.4642794236209558,9.818286098095594,b4347a6d6451334b228bf748d98cbd30b34b222852b6631cc98ff41b5e407018,timestamped_live_quote,FBS vs FBS
2026-09-26T12:35:36Z,90cacdc25f25e1f13b13e031a7fee9b7,2026-09-26T16:00:00Z,Baylor Bears,Colorado Buffaloes,mybookieag,MyBookie.ag,2026-09-26T12:35:13Z,2026-09-26T12:35:13Z,Baylor Bears,-9.5,-110.0,2026,2026-09-26T12:35:36Z,1070,8.782565521716549,1.4642794236209558,9.818286098095594,b4347a6d6451334b228bf748d98cbd30b34b222852b6631cc98ff41b5e407018,timestamped_live_quote,FBS vs FBS
2026-09-26T12:35:36Z,90cacdc25f25e1f13b13e031a7fee9b7,2026-09-26T16:00:00Z,Baylor Bears,Colorado Buffaloes,mybookieag,MyBookie.ag,2026-09-26T12:35:13Z,2026-09-26T12:35:13Z,Colorado Buffaloes,9.5,-110.0,2026,2026-09-26T12:35:36Z,1070,8.782565521716549,1.4642794236209558,9.818286098095594,b4347a6d6451334b228bf748d98cbd30b34b222852b6631cc98ff41b5e407018,timestamped_live_quote,FBS vs FBS
2026-09-26T12:35:36Z,90cacdc25f25e1f13b13e031a7fee9b7,2026-09-26T16:00:00Z,Baylor Bears,Colorado Buffaloes,betrivers,BetRivers,2026-09-26T12:34:37Z,2026-09-26T12:34:37Z,Baylor Bears,-10.0,-108.0,2026,2026-09-26T12:35:36Z,1070,8.782565521716549,1.4642794236209558,9.818286098095594,b4347a6d6451334b228bf748d98cbd30b34b222852b6631cc98ff41b5e407018,timestamped_live_quote,FBS vs FBS
2026-09-26T12:35:36Z,90cacdc25f25e1f13b13e031a7fee9b7,2026-09-26T16:00:00Z,Baylor Bears,Colorado Buffaloes,betrivers,BetRivers,2026-09-26T12:34:37Z,2026-09-26T12:34:37Z,Colorado Buffaloes,10.0,-115.0,2026,2026-09-26T12:35:36Z,1070,8.782565521716549,1.4642794236209558,9.818286098095594,b4347a6d6451334b228bf748d98cbd30b34b222852b6631cc98ff41b5e407018,timestamped_live_quote,FBS vs FBS
2026-09-26T12:35:36Z,90cacdc25f25e1f13b13e031a7fee9b7,2026-09-26T16:00:00Z,Baylor Bears,Colorado Buffaloes,draftkings,DraftKings,2026-09-26T12:34:54Z,2026-09-26T12:34:54Z,Baylor Bears,-9.5,-115.0,2026,2026-09-26T12:35:36Z,1070,8.782565521716549,1.4642794236209558,9.818286098095594,b4347a6d6451334b228bf748d98cbd30b34b222852b6631cc98ff41b5e407018,timestamped_live_quote,FBS vs FBS
2026-09-26T12:35:36Z,90cacdc25f25e1f13b13e031a7fee9b7,2026-09-26T16:00:00Z,Baylor Bears,Colorado Buffaloes,draftkings,DraftKings,2026-09-26T12:34:54Z,2026-09-26T12:34:54Z,Colorado Buffaloes,9.5,-105.0,2026,2026-09-26T12:35:36Z,1070,8.782565521716549,1.4642794236209558,9.818286098095594,b4347a6d6451334b228bf748d98cbd30b34b222852b6631cc98ff41b5e407018,timestamped_live_quote,FBS vs FBS
2026-09-26T12:35:36Z,90cacdc25f25e1f13b13e031a7fee9b7,2026-09-26T16:00:00Z,Baylor Bears,Colorado Buffaloes,betonlineag,BetOnline.ag,2026-09-26T12:35:29Z,2026-09-26T12:35:29Z,Baylor Bears,-9.5,-110.0,2026,2026-09-26T12:35:36Z,1070,8.782565521716549,1.4642794236209558,9.818286098095594,b4347a6d6451334b228bf748d98cbd30b34b222852b6631cc98ff41b5e407018,timestamped_live_quote,FBS vs FBS
2026-09-26T12:35:36Z,90cacdc25f25e1f13b13e031a7fee9b7,2026-09-26T16:00:00Z,Baylor Bears,Colorado Buffaloes,betonlineag,BetOnline.ag,2026-09-26T12:35:29Z,2026-09-26T12:35:29Z,Colorado Buffaloes,9.5,-110.0,2026,2026-09-26T12:35:36Z,1070,8.782565521716549,1.4642794236209558,9.818286098095594,b4347a6d6451334b228bf748d98cbd30b34b222852b6631cc98ff41b5e407018,timestamped_live_quote,FBS vs FBS
2026-09-26T12:35:36Z,90cacdc25f25e1f13b13e031a7fee9b7,2026-09-26T16:00:00Z,Baylor Bears,Colorado Buffaloes,lowvig,LowVig.ag,2026-09-26T12:34:53Z,2026-09-26T12:34:53Z,Baylor Bears,-9.5,-106.0,2026,2026-09-26T12:35:36Z,1070,8.782565521716549,1.4642794236209558,9.818286098095594,b4347a6d6451334b228bf748d98cbd30b34b222852b6631cc98ff41b5e407018,timestamped_live_quote,FBS vs FBS
2026-09-26T12:35:36Z,90cacdc25f25e1f13b13e031a7fee9b7,2026-09-26T16:00:00Z,Baylor Bears,Colorado Buffaloes,lowvig,LowVig.ag,2026-09-26T12:34:53Z,2026-09-26T12:34:53Z,Colorado Buffaloes,9.5,-106.0,2026,2026-09-26T12:35:36Z,1070,8.782565521716549,1.4642794236209558,9.818286098095594,b4347a6d6451334b228bf748d98cbd30b34b222852b6631cc98ff41b5e407018,timestamped_live_quote,FBS vs FBS
2026-09-26T12:35:36Z,90cacdc25f25e1f13b13e031a7fee9b7,2026-09-26T16:00:00Z,Baylor Bears,Colorado Buffaloes,betmgm,BetMGM,2026-09-26T12:34:23Z,2026-09-26T12:34:22Z,Baylor Bears,-9.5,-110.0,2026,2026-09-26T12:35:36Z,1070,8.782565521716549,1.4642794236209558,9.818286098095594,b4347a6d6451334b228bf748d98cbd30b34b222852b6631cc98ff41b5e407018,timestamped_live_quote,FBS vs FBS
2026-09-26T12:35:36Z,90cacdc25f25e1f13b13e031a7fee9b7,2026-09-26T16:00:00Z,Baylor Bears,Colorado Buffaloes,betmgm,BetMGM,2026-09-26T12:34:23Z,2026-09-26T12:34:22Z,Colorado Buffaloes,9.5,-108.0,2026,2026-09-26T12:35:36Z,1070,8.782565521716549,1.4642794236209558,9.818286098095594,b4347a6d6451334b228bf748d98cbd30b34b222852b6631cc98ff41b5e407018,timestamped_live_quote,FBS vs FBS
2026-09-26T12:35:36Z,90cacdc25f25e1f13b13e031a7fee9b7,2026-09-26T16:00:00Z,Baylor Bears,Colorado Buffaloes,betus,BetUS,2026-09-26T12:35:11Z,2026-09-26T12:35:11Z,Baylor Bears,-9.5,-110.0,2026,2026-09-26T12:35:36Z,1070,8.782565521716549,1.4642794236209558,9.818286098095594,b4347a6d6451334b228bf748d98cbd30b34b222852b6631cc98ff41b5e407018,timestamped_live_quote,FBS vs FBS
2026-09-26T12:35:36Z,90cacdc25f25e1f13b13e031a7fee9b7,2026-09-26T16:00:00Z,Baylor Bears,Colorado Buffaloes,betus,BetUS,2026-09-26T12:35:11Z,2026-09-26T12:35:11Z,Colorado Buffaloes,9.5,-110.0,2026,2026-09-26T12:35:36Z,1070,8.782565521716549,1.4642794236209558,9.818286098095594,b4347a6d6451334b228bf748d98cbd30b34b222852b6631cc98ff41b5e407018,timestamped_live_quote,FBS vs FBS
2026-09-26T12:35:36Z,90cacdc25f25e1f13b13e031a7fee9b7,2026-09-26T16:00:00Z,Baylor Bears,Colorado Buffaloes,bovada,Bovada,2026-09-26T12:34:07Z,2026-09-26T12:34:07Z,Baylor Bears,-9.0,-110.0,2026,2026-09-26T12:35:36Z,1070,8.782565521716549,1.4642794236209558,9.818286098095594,b4347a6d6451334b228bf748d98cbd30b34b222852b6631cc98ff41b5e407018,timestamped_live_quote,FBS vs FBS
2026-09-26T12:35:36Z,90cacdc25f25e1f13b13e031a7fee9b7,2026-09-26T16:00:00Z,Baylor Bears,Colorado Buffaloes,bovada,Bovada,2026-09-26T12:34:07Z,2026-09-26T12:34:07Z,Colorado Buffaloes,9.0,-110.0,2026,2026-09-26T12:35:36Z,1070,8.782565521716549,1.4642794236209558,9.818286098095594,b4347a6d6451334b228bf748d98cbd30b34b222852b6631cc98ff41b5e407018,timestamped_live_quote,FBS vs FBS
2026-09-26T12:35:36Z,9d564a10d7bc7b546b2b0cf4ec3c589e,2026-09-26T16:00:00Z,Boston College Eagles,Virginia Tech Hokies,fanduel,FanDuel,2026-09-26T12:35:11Z,2026-09-26T12:35:11Z,Boston College Eagles,13.5,100.0,2026,2026-09-26T12:35:36Z,1070,-0.7667463494478165,14.326266265679099,-12.593012615126915,b4347a6d6451334b228bf748d98cbd30b34b222852b6631cc98ff41b5e407018,timestamped_live_quote,FBS vs FBS
2026-09-26T12:35:36Z,9d564a10d7bc7b546b2b0cf4ec3c589e,2026-09-26T16:00:00Z,Boston College Eagles,Virginia Tech Hokies,fanduel,FanDuel,2026-09-26T12:35:11Z,2026-09-26T12:35:11Z,Virginia Tech Hokies,-13.5,-122.0,2026,2026-09-26T12:35:36Z,1070,-0.7667463494478165,14.326266265679099,-12.593012615126915,b4347a6d6451334b228bf748d98cbd30b34b222852b6631cc98ff41b5e407018,timestamped_live_quote,FBS vs FBS
2026-09-26T12:35:36Z,9d564a10d7bc7b546b2b0cf4ec3c589e,2026-09-26T16:00:00Z,Boston College Eagles,Virginia Tech Hokies,mybookieag,MyBookie.ag,2026-09-26T12:35:13Z,2026-09-26T12:35:13Z,Boston College Eagles,14.0,-110.0,2026,2026-09-26T12:35:36Z,1070,-0.7667463494478165,14.326266265679099,-12.593012615126915,b4347a6d6451334b228bf748d98cbd30b34b222852b6631cc98ff41b5e407018,timestamped_live_quote,FBS vs FBS
2026-09-26T12:35:36Z,9d564a10d7bc7b546b2b0cf4ec3c589e,2026-09-26T16:00:00Z,Boston College Eagles,Virginia Tech Hokies,mybookieag,MyBookie.ag,2026-09-26T12:35:13Z,2026-09-26T12:35:13Z,Virginia Tech Hokies,-14.0,-110.0,2026,2026-09-26T12:35:36Z,1070,-0.7667463494478165,14.326266265679099,-12.593012615126915,b4347a6d6451334b228bf748d98cbd30b34b222852b6631cc98ff41b5e407018,timestamped_live_quote,FBS vs FBS
2026-09-26T12:35:36Z,9d564a10d7bc7b546b2b0cf4ec3c589e,2026-09-26T16:00:00Z,Boston College Eagles,Virginia Tech Hokies,betrivers,BetRivers,2026-09-26T12:34:37Z,2026-09-26T12:34:37Z,Boston College Eagles,14.0,-115.0,2026,2026-09-26T12:35:36Z,1070,-0.7667463494478165,14.326266265679099,-12.593012615126915,b4347a6d6451334b228bf748d98cbd30b34b222852b6631cc98ff41b5e407018,timestamped_live_quote,FBS vs FBS
2026-09-26T12:35:36Z,9d564a10d7bc7b546b2b0cf4ec3c589e,2026-09-26T16:00:00Z,Boston College Eagles,Virginia Tech Hokies,betrivers,BetRivers,2026-09-26T12:34:37Z,2026-09-26T12:34:37Z,Virginia Tech Hokies,-14.0,-108.0,2026,2026-09-26T12:35:36Z,1070,-0.7667463494478165,14.326266265679099,-12.593012615126915,b4347a6d6451334b228bf748d98cbd30b34b222852b6631cc98ff41b5e407018,timestamped_live_quote,FBS vs FBS
2026-09-26T12:35:36Z,9d564a10d7bc7b546b2b0cf4ec3c589e,2026-09-26T16:00:00Z,Boston College Eagles,Virginia Tech Hokies,draftkings,DraftKings,2026-09-26T12:34:54Z,2026-09-26T12:34:54Z,Boston College Eagles,14.0,-105.0,2026,2026-09-26T12:35:36Z,1070,-0.7667463494478165,14.326266265679099,-12.593012615126915,b4347a6d6451334b228bf748d98cbd30b34b222852b6631cc98ff41b5e407018,timestamped_live_quote,FBS vs FBS
2026-09-26T12:35:36Z,9d564a10d7bc7b546b2b0cf4ec3c589e,2026-09-26T16:00:00Z,Boston College Eagles,Virginia Tech Hokies,draftkings,DraftKings,2026-09-26T12:34:54Z,2026-09-26T12:34:54Z,Virginia Tech Hokies,-14.0,-115.0,2026,2026-09-26T12:35:36Z,1070,-0.7667463494478165,14.326266265679099,-12.593012615126915,b4347a6d6451334b228bf748d98cbd30b34b222852b6631cc98ff41b5e407018,timestamped_live_quote,FBS vs FBS
2026-09-26T12:35:36Z,9d564a10d7bc7b546b2b0cf4ec3c589e,2026-09-26T16:00:00Z,Boston College Eagles,Virginia Tech Hokies,lowvig,LowVig.ag,2026-09-26T12:34:53Z,2026-09-26T12:34:53Z,Boston College Eagles,14.0,-101.0,2026,2026-09-26T12:35:36Z,1070,-0.7667463494478165,14.326266265679099,-12.593012615126915,b4347a6d6451334b228bf748d98cbd30b34b222852b6631cc98ff41b5e407018,timestamped_live_quote,FBS vs FBS
2026-09-26T12:35:36Z,9d564a10d7bc7b546b2b0cf4ec3c589e,2026-09-26T16:00:00Z,Boston College Eagles,Virginia Tech Hokies,lowvig,LowVig.ag,2026-09-26T12:34:53Z,2026-09-26T12:34:53Z,Virginia Tech Hokies,-14.0,-111.0,2026,2026-09-26T12:35:36Z,1070,-0.7667463494478165,14.326266265679099,-12.593012615126915,b4347a6d6451334b228bf748d98cbd30b34b222852b6631cc98ff41b5e407018,timestamped_live_quote,FBS vs FBS
2026-09-26T12:35:36Z,9d564a10d7bc7b546b2b0cf4ec3c589e,2026-09-26T16:00:00Z,Boston College Eagles,Virginia Tech Hokies,betonlineag,BetOnline.ag,2026-09-26T12:35:29Z,2026-09-26T12:35:29Z,Boston College Eagles,14.0,-105.0,2026,2026-09-26T12:35:36Z,1070,-0.7667463494478165,14.326266265679099,-12.593012615126915,b4347a6d6451334b228bf748d98cbd30b34b222852b6631cc98ff41b5e407018,timestamped_live_quote,FBS vs FBS
2026-09-26T12:35:36Z,9d564a10d7bc7b546b2b0cf4ec3c589e,2026-09-26T16:00:00Z,Boston College Eagles,Virginia Tech Hokies,betonlineag,BetOnline.ag,2026-09-26T12:35:29Z,2026-09-26T12:35:29Z,Virginia Tech Hokies,-14.0,-115.0,2026,2026-09-26T12:35:36Z,1070,-0.7667463494478165,14.326266265679099,-12.593012615126915,b4347a6d6451334b228bf748d98cbd30b34b222852b6631cc98ff41b5e407018,timestamped_live_quote,FBS vs FBS
2026-09-26T12:35:36Z,9d564a10d7bc7b546b2b0cf4ec3c589e,2026-09-26T16:00:00Z,Boston College Eagles,Virginia Tech Hokies,betus,BetUS,2026-09-26T12:35:11Z,2026-09-26T12:35:11Z,Boston College Eagles,14.0,-105.0,2026,2026-09-26T12:35:36Z,1070,-0.7667463494478165,14.326266265679099,-12.593012615126915,b4347a6d6451334b228bf748d98cbd30b34b222852b6631cc98ff41b5e407018,timestamped_live_quote,FBS vs FBS
2026-09-26T12:35:36Z,9d564a10d7bc7b546b2b0cf4ec3c589e,2026-09-26T16:00:00Z,Boston College Eagles,Virginia Tech Hokies,betus,BetUS,2026-09-26T12:35:11Z,2026-09-26T12:35:11Z,Virginia Tech Hokies,-14.0,-115.0,2026,2026-09-26T12:35:36Z,1070,-0.7667463494478165,14.326266265679099,-12.593012615126915,b4347a6d6451334b228bf748d98cbd30b34b222852b6631cc98ff41b5e407018,timestamped_live_quote,FBS vs FBS
2026-09-26T12:35:36Z,9d564a10d7bc7b546b2b0cf4ec3c589e,2026-09-26T16:00:00Z,Boston College Eagles,Virginia Tech Hokies,betmgm,BetMGM,2026-09-26T12:34:23Z,2026-09-26T12:34:22Z,Boston College Eagles,14.0,-108.0,2026,2026-09-26T12:35:36Z,1070,-0.7667463494478165,14.326266265679099,-12.593012615126915,b4347a6d6451334b228bf748d98cbd30b34b222852b6631cc98ff41b5e407018,timestamped_live_quote,FBS vs FBS
2026-09-26T12:35:36Z,9d564a10d7bc7b546b2b0cf4ec3c589e,2026-09-26T16:00:00Z,Boston College Eagles,Virginia Tech Hokies,betmgm,BetMGM,2026-09-26T12:34:23Z,2026-09-26T12:34:22Z,Virginia Tech Hokies,-14.0,-110.0,2026,2026-09-26T12:35:36Z,1070,-0.7667463494478165,14.326266265679099,-12.593012615126915,b4347a6d6451334b228bf748d98cbd30b34b222852b6631cc98ff41b5e407018,timestamped_live_quote,FBS vs FBS
2026-09-26T12:35:36Z,9d564a10d7bc7b546b2b0cf4ec3c589e,2026-09-26T16:00:00Z,Boston College Eagles,Virginia Tech Hokies,bovada,Bovada,2026-09-26T12:34:07Z,2026-09-26T12:34:07Z,Boston College Eagles,14.0,-105.0,2026,2026-09-26T12:35:36Z,1070,-0.7667463494478165,14.326266265679099,-12.593012615126915,b4347a6d6451334b228bf748d98cbd30b34b222852b6631cc98ff41b5e407018,timestamped_live_quote,FBS vs FBS
2026-09-26T12:35:36Z,9d564a10d7bc7b546b2b0cf4ec3c589e,2026-09-26T16:00:00Z,Boston College Eagles,Virginia Tech Hokies,bovada,Bovada,2026-09-26T12:34:07Z,2026-09-26T12:34:07Z,Virginia Tech Hokies,-14.0,-115.0,2026,2026-09-26T12:35:36Z,1070,-0.7667463494478165,14.326266265679099,-12.593012615126915,b4347a6d6451334b228bf748d98cbd30b34b222852b6631cc98ff41b5e407018,timestamped_live_quote,FBS vs FBS
2026-09-26T12:35:36Z,0224670d32f98caf247dd7d7ffaa6ee6,2026-09-26T16:00:00Z,Pittsburgh Panthers,Bucknell Bison,fanduel,FanDuel,2026-09-26T12:35:11Z,2026-09-26T12:35:11Z,Bucknell Bison,54.5,-110.0,2026,2026-09-26T12:35:36Z,1070,,,,b4347a6d6451334b228bf748d98cbd30b34b222852b6631cc98ff41b5e407018,division_safety_suppressed,Unverified division / FCS: model suppressed
2026-09-26T12:35:36Z,0224670d32f98caf247dd7d7ffaa6ee6,2026-09-26T16:00:00Z,Pittsburgh Panthers,Bucknell Bison,fanduel,FanDuel,2026-09-26T12:35:11Z,2026-09-26T12:35:11Z,Pittsburgh Panthers,-54.5,-110.0,2026,2026-09-26T12:35:36Z,1070,,,,b4347a6d6451334b228bf748d98cbd30b34b222852b6631cc98ff41b5e407018,division_safety_suppressed,Unverified division / FCS: model suppressed
2026-09-26T12:35:36Z,0224670d32f98caf247dd7d7ffaa6ee6,2026-09-26T16:00:00Z,Pittsburgh Panthers,Bucknell Bison,betrivers,BetRivers,2026-09-26T12:34:37Z,2026-09-26T12:34:37Z,Bucknell Bison,51.5,110.0,2026,2026-09-26T12:35:36Z,1070,,,,b4347a6d6451334b228bf748d98cbd30b34b222852b6631cc98ff41b5e407018,division_safety_suppressed,Unverified division / FCS: model suppressed
2026-09-26T12:35:36Z,0224670d32f98caf247dd7d7ffaa6ee6,2026-09-26T16:00:00Z,Pittsburgh Panthers,Bucknell Bison,betrivers,BetRivers,2026-09-26T12:34:37Z,2026-09-26T12:34:37Z,Pittsburgh Panthers,-51.5,-136.0,2026,2026-09-26T12:35:36Z,1070,,,,b4347a6d6451334b228bf748d98cbd30b34b222852b6631cc98ff41b5e407018,division_safety_suppressed,Unverified division / FCS: model suppressed
2026-09-26T12:35:36Z,0224670d32f98caf247dd7d7ffaa6ee6,2026-09-26T16:00:00Z,Pittsburgh Panthers,Bucknell Bison,draftkings,DraftKings,2026-09-26T12:34:54Z,2026-09-26T12:34:54Z,Bucknell Bison,54.5,-112.0,2026,2026-09-26T12:35:36Z,1070,,,,b4347a6d6451334b228bf748d98cbd30b34b222852b6631cc98ff41b5e407018,division_safety_suppressed,Unverified division / FCS: model suppressed
2026-09-26T12:35:36Z,0224670d32f98caf247dd7d7ffaa6ee6,2026-09-26T16:00:00Z,Pittsburgh Panthers,Bucknell Bison,draftkings,DraftKings,2026-09-26T12:34:54Z,2026-09-26T12:34:54Z,Pittsburgh Panthers,-54.5,-108.0,2026,2026-09-26T12:35:36Z,1070,,,,b4347a6d6451334b228bf748d98cbd30b34b222852b6631cc98ff41b5e407018,division_safety_suppressed,Unverified division / FCS: model suppressed
2026-09-26T12:35:36Z,0224670d32f98caf247dd7d7ffaa6ee6,2026-09-26T16:00:00Z,Pittsburgh Panthers,Bucknell Bison,lowvig,LowVig.ag,2026-09-26T12:34:53Z,2026-09-26T12:34:53Z,Bucknell Bison,52.5,105.0,2026,2026-09-26T12:35:36Z,1070,,,,b4347a6d6451334b228bf748d98cbd30b34b222852b6631cc98ff41b5e407018,division_safety_suppressed,Unverified division / FCS: model suppressed
2026-09-26T12:35:36Z,0224670d32f98caf247dd7d7ffaa6ee6,2026-09-26T16:00:00Z,Pittsburgh Panthers,Bucknell Bison,lowvig,LowVig.ag,2026-09-26T12:34:53Z,2026-09-26T12:34:53Z,Pittsburgh Panthers,-52.5,-125.0,2026,2026-09-26T12:35:36Z,1070,,,,b4347a6d6451334b228bf748d98cbd30b34b222852b6631cc98ff41b5e407018,division_safety_suppressed,Unverified division / FCS: model suppressed
2026-09-26T12:35:36Z,0224670d32f98caf247dd7d7ffaa6ee6,2026-09-26T16:00:00Z,Pittsburgh Panthers,Bucknell Bison,betonlineag,BetOnline.ag,2026-09-26T12:35:29Z,2026-09-26T12:35:29Z,Bucknell Bison,52.5,105.0,2026,2026-09-26T12:35:36Z,1070,,,,b4347a6d6451334b228bf748d98cbd30b34b222852b6631cc98ff41b5e407018,division_safety_suppressed,Unverified division / FCS: model suppressed
2026-09-26T12:35:36Z,0224670d32f98caf247dd7d7ffaa6ee6,2026-09-26T16:00:00Z,Pittsburgh Panthers,Bucknell Bison,betonlineag,BetOnline.ag,2026-09-26T12:35:29Z,2026-09-26T12:35:29Z,Pittsburgh Panthers,-52.5,-125.0,2026,2026-09-26T12:35:36Z,1070,,,,b4347a6d6451334b228bf748d98cbd30b34b222852b6631cc98ff41b5e407018,division_safety_suppressed,Unverified division / FCS: model suppressed
2026-09-26T12:35:36Z,0224670d32f98caf247dd7d7ffaa6ee6,2026-09-26T16:00:00Z,Pittsburgh Panthers,Bucknell Bison,bovada,Bovada,2026-09-26T12:34:07Z,2026-09-26T12:34:07Z,Bucknell Bison,53.5,-110.0,2026,2026-09-26T12:35:36Z,1070,,,,b4347a6d6451334b228bf748d98cbd30b34b222852b6631cc98ff41b5e407018,division_safety_suppressed,Unverified division / FCS: model suppressed
2026-09-26T12:35:36Z,0224670d32f98caf247dd7d7ffaa6ee6,2026-09-26T16:00:00Z,Pittsburgh Panthers,Bucknell Bison,bovada,Bovada,2026-09-26T12:34:07Z,2026-09-26T12:34:07Z,Pittsburgh Panthers,-53.5,-110.0,2026,2026-09-26T12:35:36Z,1070,,,,b4347a6d6451334b228bf748d98cbd30b34b222852b6631cc98ff41b5e407018,division_safety_suppressed,Unverified division / FCS: model suppressed
2026-09-26T12:35:36Z,fb1e2c999364a411be347389aec1d827,2026-09-26T16:00:00Z,UTSA Roadrunners,Colorado State Rams,fanduel,FanDuel,2026-09-26T12:35:11Z,2026-09-26T12:35:11Z,Colorado State Rams,13.5,102.0,2026,2026-09-26T12:35:36Z,1070,3.419508558458363,4.917199487230163,1.0023090712282001,b4347a6d6451334b228bf748d98cbd30b34b222852b6631cc98ff41b5e407018,timestamped_live_quote,FBS vs FBS
2026-09-26T12:35:36Z,fb1e2c999364a411be347389aec1d827,2026-09-26T16:00:00Z,UTSA Roadrunners,Colorado State Rams,fanduel,FanDuel,2026-09-26T12:35:11Z,2026-09-26T12:35:11Z,UTSA Roadrunners,-13.5,-124.0,2026,2026-09-26T12:35:36Z,1070,3.419508558458363,4.917199487230163,1.0023090712282001,b4347a6d6451334b228bf748d98cbd30b34b222852b6631cc98ff41b5e407018,timestamped_live_quote,FBS vs FBS
2026-09-26T12:35:36Z,fb1e2c999364a411be347389aec1d827,2026-09-26T16:00:00Z,UTSA Roadrunners,Colorado State Rams,mybookieag,MyBookie.ag,2026-09-26T12:35:13Z,2026-09-26T12:35:13Z,Colorado State Rams,14.0,-110.0,2026,2026-09-26T12:35:36Z,1070,3.419508558458363,4.917199487230163,1.0023090712282001,b4347a6d6451334b228bf748d98cbd30b34b222852b6631cc98ff41b5e407018,timestamped_live_quote,FBS vs FBS
2026-09-26T12:35:36Z,fb1e2c999364a411be347389aec1d827,2026-09-26T16:00:00Z,UTSA Roadrunners,Colorado State Rams,mybookieag,MyBookie.ag,2026-09-26T12:35:13Z,2026-09-26T12:35:13Z,UTSA Roadrunners,-14.0,-110.0,2026,2026-09-26T12:35:36Z,1070,3.419508558458363,4.917199487230163,1.0023090712282001,b4347a6d6451334b228bf748d98cbd30b34b222852b6631cc98ff41b5e407018,timestamped_live_quote,FBS vs FBS
2026-09-26T12:35:36Z,fb1e2c999364a411be347389aec1d827,2026-09-26T16:00:00Z,UTSA Roadrunners,Colorado State Rams,betrivers,BetRivers,2026-09-26T12:34:37Z,2026-09-26T12:34:37Z,Colorado State Rams,14.0,-109.0,2026,2026-09-26T12:35:36Z,1070,3.419508558458363,4.917199487230163,1.0023090712282001,b4347a6d6451334b228bf748d98cbd30b34b222852b6631cc98ff41b5e407018,timestamped_live_quote,FBS vs FBS
2026-09-26T12:35:36Z,fb1e2c999364a411be347389aec1d827,2026-09-26T16:00:00Z,UTSA Roadrunners,Colorado State Rams,betrivers,BetRivers,2026-09-26T12:34:37Z,2026-09-26T12:34:37Z,UTSA Roadrunners,-14.0,-114.0,2026,2026-09-26T12:35:36Z,1070,3.419508558458363,4.917199487230163,1.0023090712282001,b4347a6d6451334b228bf748d98cbd30b34b222852b6631cc98ff41b5e407018,timestamped_live_quote,FBS vs FBS
2026-09-26T12:35:36Z,fb1e2c999364a411be347389aec1d827,2026-09-26T16:00:00Z,UTSA Roadrunners,Colorado State Rams,draftkings,DraftKings,2026-09-26T12:34:54Z,2026-09-26T12:34:54Z,Colorado State Rams,14.0,-108.0,2026,2026-09-26T12:35:36Z,1070,3.419508558458363,4.917199487230163,1.0023090712282001,b4347a6d6451334b228bf748d98cbd30b34b222852b6631cc98ff41b5e407018,timestamped_live_quote,FBS vs FBS
2026-09-26T12:35:36Z,fb1e2c999364a411be347389aec1d827,2026-09-26T16:00:00Z,UTSA Roadrunners,Colorado State Rams,draftkings,DraftKings,2026-09-26T12:34:54Z,2026-09-26T12:34:54Z,UTSA Roadrunners,-14.0,-112.0,2026,2026-09-26T12:35:36Z,1070,3.419508558458363,4.917199487230163,1.0023090712282001,b4347a6d6451334b228bf748d98cbd30b34b222852b6631cc98ff41b5e407018,timestamped_live_quote,FBS vs FBS
2026-09-26T12:35:36Z,fb1e2c999364a411be347389aec1d827,2026-09-26T16:00:00Z,UTSA Roadrunners,Colorado State Rams,lowvig,LowVig.ag,2026-09-26T12:34:53Z,2026-09-26T12:34:53Z,Colorado State Rams,14.0,-106.0,2026,2026-09-26T12:35:36Z,1070,3.419508558458363,4.917199487230163,1.0023090712282001,b4347a6d6451334b228bf748d98cbd30b34b222852b6631cc98ff41b5e407018,timestamped_live_quote,FBS vs FBS
2026-09-26T12:35:36Z,fb1e2c999364a411be347389aec1d827,2026-09-26T16:00:00Z,UTSA Roadrunners,Colorado State Rams,lowvig,LowVig.ag,2026-09-26T12:34:53Z,2026-09-26T12:34:53Z,UTSA Roadrunners,-14.0,-106.0,2026,2026-09-26T12:35:36Z,1070,3.419508558458363,4.917199487230163,1.0023090712282001,b4347a6d6451334b228bf748d98cbd30b34b222852b6631cc98ff41b5e407018,timestamped_live_quote,FBS vs FBS
2026-09-26T12:35:36Z,fb1e2c999364a411be347389aec1d827,2026-09-26T16:00:00Z,UTSA Roadrunners,Colorado State Rams,betonlineag,BetOnline.ag,2026-09-26T12:35:29Z,2026-09-26T12:35:29Z,Colorado State Rams,14.0,-110.0,2026,2026-09-26T12:35:36Z,1070,3.419508558458363,4.917199487230163,1.0023090712282001,b4347a6d6451334b228bf748d98cbd30b34b222852b6631cc98ff41b5e407018,timestamped_live_quote,FBS vs FBS
2026-09-26T12:35:36Z,fb1e2c999364a411be347389aec1d827,2026-09-26T16:00:00Z,UTSA Roadrunners,Colorado State Rams,betonlineag,BetOnline.ag,2026-09-26T12:35:29Z,2026-09-26T12:35:29Z,UTSA Roadrunners,-14.0,-110.0,2026,2026-09-26T12:35:36Z,1070,3.419508558458363,4.917199487230163,1.0023090712282001,b4347a6d6451334b228bf748d98cbd30b34b222852b6631cc98ff41b5e407018,timestamped_live_quote,FBS vs FBS
2026-09-26T12:35:36Z,fb1e2c999364a411be347389aec1d827,2026-09-26T16:00:00Z,UTSA Roadrunners,Colorado State Rams,betmgm,BetMGM,2026-09-26T12:34:23Z,2026-09-26T12:34:22Z,Colorado State Rams,14.0,-108.0,2026,2026-09-26T12:35:36Z,1070,3.419508558458363,4.917199487230163,1.0023090712282001,b4347a6d6451334b228bf748d98cbd30b34b222852b6631cc98ff41b5e407018,timestamped_live_quote,FBS vs FBS
2026-09-26T12:35:36Z,fb1e2c999364a411be347389aec1d827,2026-09-26T16:00:00Z,UTSA Roadrunners,Colorado State Rams,betmgm,BetMGM,2026-09-26T12:34:23Z,2026-09-26T12:34:22Z,UTSA Roadrunners,-14.0,-110.0,2026,2026-09-26T12:35:36Z,1070,3.419508558458363,4.917199487230163,1.0023090712282001,b4347a6d6451334b228bf748d98cbd30b34b222852b6631cc98ff41b5e407018,timestamped_live_quote,FBS vs FBS
2026-09-26T12:35:36Z,fb1e2c999364a411be347389aec1d827,2026-09-26T16:00:00Z,UTSA Roadrunners,Colorado State Rams,betus,BetUS,2026-09-26T12:35:11Z,2026-09-26T12:35:11Z,Colorado State Rams,14.0,-110.0,2026,2026-09-26T12:35:36Z,1070,3.419508558458363,4.917199487230163,1.0023090712282001,b4347a6d6451334b228bf748d98cbd30b34b222852b6631cc98ff41b5e407018,timestamped_live_quote,FBS vs FBS
2026-09-26T12:35:36Z,fb1e2c999364a411be347389aec1d827,2026-09-26T16:00:00Z,UTSA Roadrunners,Colorado State Rams,betus,BetUS,2026-09-26T12:35:11Z,2026-09-26T12:35:11Z,UTSA Roadrunners,-14.0,-110.0,2026,2026-09-26T12:35:36Z,1070,3.419508558458363,4.917199487230163,1.0023090712282001,b4347a6d6451334b228bf748d98cbd30b34b222852b6631cc98ff41b5e407018,timestamped_live_quote,FBS vs FBS
2026-09-26T12:35:36Z,fb1e2c999364a411be347389aec1d827,2026-09-26T16:00:00Z,UTSA Roadrunners,Colorado State Rams,bovada,Bovada,2026-09-26T12:34:07Z,2026-09-26T12:34:07Z,Colorado State Rams,14.0,-110.0,2026,2026-09-26T12:35:36Z,1070,3.419508558458363,4.917199487230163,1.0023090712282001,b4347a6d6451334b228bf748d98cbd30b34b222852b6631cc98ff41b5e407018,timestamped_live_quote,FBS vs FBS
2026-09-26T12:35:36Z,fb1e2c999364a411be347389aec1d827,2026-09-26T16:00:00Z,UTSA Roadrunners,Colorado State Rams,bovada,Bovada,2026-09-26T12:34:07Z,2026-09-26T12:34:07Z,UTSA Roadrunners,-14.0,-110.0,2026,2026-09-26T12:35:36Z,1070,3.419508558458363,4.917199487230163,1.0023090712282001,b4347a6d6451334b228bf748d98cbd30b34b222852b6631cc98ff41b5e407018,timestamped_live_quote,FBS vs FBS
2026-09-26T12:35:36Z,6de44361bd6b6afc20b9bbefcc219f2a,2026-09-26T16:00:00Z,Ohio State Buckeyes,Illinois Fighting Illini,fanduel,FanDuel,2026-09-26T12:35:11Z,2026-09-26T12:35:10Z,Illinois Fighting Illini,27.5,-122.0,2026,2026-09-26T12:35:36Z,1070,14.49943099798863,6.94103485294099,10.058396145047642,b4347a6d6451334b228bf748d98cbd30b34b222852b6631cc98ff41b5e407018,timestamped_live_quote,FBS vs FBS
2026-09-26T12:35:36Z,6de44361bd6b6afc20b9bbefcc219f2a,2026-09-26T16:00:00Z,Ohio State Buckeyes,Illinois Fighting Illini,fanduel,FanDuel,2026-09-26T12:35:11Z,2026-09-26T12:35:10Z,Ohio State Buckeyes,-27.5,100.0,2026,2026-09-26T12:35:36Z,1070,14.49943099798863,6.94103485294099,10.058396145047642,b4347a6d6451334b228bf748d98cbd30b34b222852b6631cc98ff41b5e407018,timestamped_live_quote,FBS vs FBS
2026-09-26T12:35:36Z,6de44361bd6b6afc20b9bbefcc219f2a,2026-09-26T16:00:00Z,Ohio State Buckeyes,Illinois Fighting Illini,draftkings,DraftKings,2026-09-26T12:34:54Z,2026-09-26T12:34:54Z,Illinois Fighting Illini,26.5,-112.0,2026,2026-09-26T12:35:36Z,1070,14.49943099798863,6.94103485294099,10.058396145047642,b4347a6d6451334b228bf748d98cbd30b34b222852b6631cc98ff41b5e407018,timestamped_live_quote,FBS vs FBS
2026-09-26T12:35:36Z,6de44361bd6b6afc20b9bbefcc219f2a,2026-09-26T16:00:00Z,Ohio State Buckeyes,Illinois Fighting Illini,draftkings,DraftKings,2026-09-26T12:34:54Z,2026-09-26T12:34:54Z,Ohio State Buckeyes,-26.5,-108.0,2026,2026-09-26T12:35:36Z,1070,14.49943099798863,6.94103485294099,10.058396145047642,b4347a6d6451334b228bf748d98cbd30b34b222852b6631cc98ff41b5e407018,timestamped_live_quote,FBS vs FBS
2026-09-26T12:35:36Z,6de44361bd6b6afc20b9bbefcc219f2a,2026-09-26T16:00:00Z,Ohio State Buckeyes,Illinois Fighting Illini,betrivers,BetRivers,2026-09-26T12:34:37Z,2026-09-26T12:34:37Z,Illinois Fighting Illini,27.0,-114.0,2026,2026-09-26T12:35:36Z,1070,14.49943099798863,6.94103485294099,10.058396145047642,b4347a6d6451334b228bf748d98cbd30b34b222852b6631cc98ff41b5e407018,timestamped_live_quote,FBS vs FBS
2026-09-26T12:35:36Z,6de44361bd6b6afc20b9bbefcc219f2a,2026-09-26T16:00:00Z,Ohio State Buckeyes,Illinois Fighting Illini,betrivers,BetRivers,2026-09-26T12:34:37Z,2026-09-26T12:34:37Z,Ohio State Buckeyes,-27.0,-109.0,2026,2026-09-26T12:35:36Z,1070,14.49943099798863,6.94103485294099,10.058396145047642,b4347a6d6451334b228bf748d98cbd30b34b222852b6631cc98ff41b5e407018,timestamped_live_quote,FBS vs FBS
2026-09-26T12:35:36Z,6de44361bd6b6afc20b9bbefcc219f2a,2026-09-26T16:00:00Z,Ohio State Buckeyes,Illinois Fighting Illini,betmgm,BetMGM,2026-09-26T12:34:23Z,2026-09-26T12:34:22Z,Illinois Fighting Illini,26.0,-110.0,2026,2026-09-26T12:35:36Z,1070,14.49943099798863,6.94103485294099,10.058396145047642,b4347a6d6451334b228bf748d98cbd30b34b222852b6631cc98ff41b5e407018,timestamped_live_quote,FBS vs FBS
2026-09-26T12:35:36Z,6de44361bd6b6afc20b9bbefcc219f2a,2026-09-26T16:00:00Z,Ohio State Buckeyes,Illinois Fighting Illini,betmgm,BetMGM,2026-09-26T12:34:23Z,2026-09-26T12:34:22Z,Ohio State Buckeyes,-26.0,-108.0,2026,2026-09-26T12:35:36Z,1070,14.49943099798863,6.94103485294099,10.058396145047642,b4347a6d6451334b228bf748d98cbd30b34b222852b6631cc98ff41b5e407018,timestamped_live_quote,FBS vs FBS
2026-09-26T12:35:36Z,6de44361bd6b6afc20b9bbefcc219f2a,2026-09-26T16:00:00Z,Ohio State Buckeyes,Illinois Fighting Illini,mybookieag,MyBookie.ag,2026-09-26T12:35:13Z,2026-09-26T12:35:13Z,Illinois Fighting Illini,26.0,-110.0,2026,2026-09-26T12:35:36Z,1070,14.49943099798863,6.94103485294099,10.058396145047642,b4347a6d6451334b228bf748d98cbd30b34b222852b6631cc98ff41b5e407018,timestamped_live_quote,FBS vs FBS
2026-09-26T12:35:36Z,6de44361bd6b6afc20b9bbefcc219f2a,2026-09-26T16:00:00Z,Ohio State Buckeyes,Illinois Fighting Illini,mybookieag,MyBookie.ag,2026-09-26T12:35:13Z,2026-09-26T12:35:13Z,Ohio State Buckeyes,-26.0,-110.0,2026,2026-09-26T12:35:36Z,1070,14.49943099798863,6.94103485294099,10.058396145047642,b4347a6d6451334b228bf748d98cbd30b34b222852b6631cc98ff41b5e407018,timestamped_live_quote,FBS vs FBS
2026-09-26T12:35:36Z,6de44361bd6b6afc20b9bbefcc219f2a,2026-09-26T16:00:00Z,Ohio State Buckeyes,Illinois Fighting Illini,betonlineag,BetOnline.ag,2026-09-26T12:35:29Z,2026-09-26T12:35:29Z,Illinois Fighting Illini,25.5,-106.0,2026,2026-09-26T12:35:36Z,1070,14.49943099798863,6.94103485294099,10.058396145047642,b4347a6d6451334b228bf748d98cbd30b34b222852b6631cc98ff41b5e407018,timestamped_live_quote,FBS vs FBS
2026-09-26T12:35:36Z,6de44361bd6b6afc20b9bbefcc219f2a,2026-09-26T16:00:00Z,Ohio State Buckeyes,Illinois Fighting Illini,betonlineag,BetOnline.ag,2026-09-26T12:35:29Z,2026-09-26T12:35:29Z,Ohio State Buckeyes,-25.5,-114.0,2026,2026-09-26T12:35:36Z,1070,14.49943099798863,6.94103485294099,10.058396145047642,b4347a6d6451334b228bf748d98cbd30b34b222852b6631cc98ff41b5e407018,timestamped_live_quote,FBS vs FBS
2026-09-26T12:35:36Z,6de44361bd6b6afc20b9bbefcc219f2a,2026-09-26T16:00:00Z,Ohio State Buckeyes,Illinois Fighting Illini,lowvig,LowVig.ag,2026-09-26T12:34:53Z,2026-09-26T12:34:53Z,Illinois Fighting Illini,25.5,-102.0,2026,2026-09-26T12:35:36Z,1070,14.49943099798863,6.94103485294099,10.058396145047642,b4347a6d6451334b228bf748d98cbd30b34b222852b6631cc98ff41b5e407018,timestamped_live_quote,FBS vs FBS
2026-09-26T12:35:36Z,6de44361bd6b6afc20b9bbefcc219f2a,2026-09-26T16:00:00Z,Ohio State Buckeyes,Illinois Fighting Illini,lowvig,LowVig.ag,2026-09-26T12:34:53Z,2026-09-26T12:34:53Z,Ohio State Buckeyes,-25.5,-110.0,2026,2026-09-26T12:35:36Z,1070,14.49943099798863,6.94103485294099,10.058396145047642,b4347a6d6451334b228bf748d98cbd30b34b222852b6631cc98ff41b5e407018,timestamped_live_quote,FBS vs FBS
2026-09-26T12:35:36Z,6de44361bd6b6afc20b9bbefcc219f2a,2026-09-26T16:00:00Z,Ohio State Buckeyes,Illinois Fighting Illini,betus,BetUS,2026-09-26T12:35:11Z,2026-09-26T12:35:11Z,Illinois Fighting Illini,25.5,-110.0,2026,2026-09-26T12:35:36Z,1070,14.49943099798863,6.94103485294099,10.058396145047642,b4347a6d6451334b228bf748d98cbd30b34b222852b6631cc98ff41b5e407018,timestamped_live_quote,FBS vs FBS
2026-09-26T12:35:36Z,6de44361bd6b6afc20b9bbefcc219f2a,2026-09-26T16:00:00Z,Ohio State Buckeyes,Illinois Fighting Illini,betus,BetUS,2026-09-26T12:35:11Z,2026-09-26T12:35:11Z,Ohio State Buckeyes,-25.5,-110.0,2026,2026-09-26T12:35:36Z,1070,14.49943099798863,6.94103485294099,10.058396145047642,b4347a6d6451334b228bf748d98cbd30b34b222852b6631cc98ff41b5e407018,timestamped_live_quote,FBS vs FBS
2026-09-26T12:35:36Z,6de44361bd6b6afc20b9bbefcc219f2a,2026-09-26T16:00:00Z,Ohio State Buckeyes,Illinois Fighting Illini,bovada,Bovada,2026-09-26T12:34:07Z,2026-09-26T12:34:07Z,Illinois Fighting Illini,26.5,-110.0,2026,2026-09-26T12:35:36Z,1070,14.49943099798863,6.94103485294099,10.058396145047642,b4347a6d6451334b228bf748d98cbd30b34b222852b6631cc98ff41b5e407018,timestamped_live_quote,FBS vs FBS
2026-09-26T12:35:36Z,6de44361bd6b6afc20b9bbefcc219f2a,2026-09-26T16:00:00Z,Ohio State Buckeyes,Illinois Fighting Illini,bovada,Bovada,2026-09-26T12:34:07Z,2026-09-26T12:34:07Z,Ohio State Buckeyes,-26.5,-110.0,2026,2026-09-26T12:35:36Z,1070,14.49943099798863,6.94103485294099,10.058396145047642,b4347a6d6451334b228bf748d98cbd30b34b222852b6631cc98ff41b5e407018,timestamped_live_quote,FBS vs FBS
2026-09-26T12:35:36Z,f6b6590d0b66bbb4fcbb391289794963,2026-09-26T16:00:00Z,Louisville Cardinals,Wake Forest Demon Deacons,draftkings,DraftKings,2026-09-26T12:34:54Z,2026-09-26T12:34:54Z,Louisville Cardinals,-12.5,-110.0,2026,2026-09-26T12:35:36Z,1070,8.365894147869351,3.779109154195434,7.086784993673918,b4347a6d6451334b228bf748d98cbd30b34b222852b6631cc98ff41b5e407018,timestamped_live_quote,FBS vs FBS
2026-09-26T12:35:36Z,f6b6590d0b66bbb4fcbb391289794963,2026-09-26T16:00:00Z,Louisville Cardinals,Wake Forest Demon Deacons,draftkings,DraftKings,2026-09-26T12:34:54Z,2026-09-26T12:34:54Z,Wake Forest Demon Deacons,12.5,-110.0,2026,2026-09-26T12:35:36Z,1070,8.365894147869351,3.779109154195434,7.086784993673918,b4347a6d6451334b228bf748d98cbd30b34b222852b6631cc98ff41b5e407018,timestamped_live_quote,FBS vs FBS
2026-09-26T12:35:36Z,f6b6590d0b66bbb4fcbb391289794963,2026-09-26T16:00:00Z,Louisville Cardinals,Wake Forest Demon Deacons,mybookieag,MyBookie.ag,2026-09-26T12:35:13Z,2026-09-26T12:35:13Z,Louisville Cardinals,-12.5,-110.0,2026,2026-09-26T12:35:36Z,1070,8.365894147869351,3.779109154195434,7.086784993673918,b4347a6d6451334b228bf748d98cbd30b34b222852b6631cc98ff41b5e407018,timestamped_live_quote,FBS vs FBS
2026-09-26T12:35:36Z,f6b6590d0b66bbb4fcbb391289794963,2026-09-26T16:00:00Z,Louisville Cardinals,Wake Forest Demon Deacons,mybookieag,MyBookie.ag,2026-09-26T12:35:13Z,2026-09-26T12:35:13Z,Wake Forest Demon Deacons,12.5,-110.0,2026,2026-09-26T12:35:36Z,1070,8.365894147869351,3.779109154195434,7.086784993673918,b4347a6d6451334b228bf748d98cbd30b34b222852b6631cc98ff41b5e407018,timestamped_live_quote,FBS vs FBS
2026-09-26T12:35:36Z,f6b6590d0b66bbb4fcbb391289794963,2026-09-26T16:00:00Z,Louisville Cardinals,Wake Forest Demon Deacons,betrivers,BetRivers,2026-09-26T12:34:37Z,2026-09-26T12:34:37Z,Louisville Cardinals,-13.5,-109.0,2026,2026-09-26T12:35:36Z,1070,8.365894147869351,3.779109154195434,7.086784993673918,b4347a6d6451334b228bf748d98cbd30b34b222852b6631cc98ff41b5e407018,timestamped_live_quote,FBS vs FBS
2026-09-26T12:35:36Z,f6b6590d0b66bbb4fcbb391289794963,2026-09-26T16:00:00Z,Louisville Cardinals,Wake Forest Demon Deacons,betrivers,BetRivers,2026-09-26T12:34:37Z,2026-09-26T12:34:37Z,Wake Forest Demon Deacons,13.5,-114.0,2026,2026-09-26T12:35:36Z,1070,8.365894147869351,3.779109154195434,7.086784993673918,b4347a6d6451334b228bf748d98cbd30b34b222852b6631cc98ff41b5e407018,timestamped_live_quote,FBS vs FBS
2026-09-26T12:35:36Z,f6b6590d0b66bbb4fcbb391289794963,2026-09-26T16:00:00Z,Louisville Cardinals,Wake Forest Demon Deacons,fanduel,FanDuel,2026-09-26T12:35:11Z,2026-09-26T12:35:11Z,Louisville Cardinals,-12.5,-110.0,2026,2026-09-26T12:35:36Z,1070,8.365894147869351,3.779109154195434,7.086784993673918,b4347a6d6451334b228bf748d98cbd30b34b222852b6631cc98ff41b5e407018,timestamped_live_quote,FBS vs FBS
2026-09-26T12:35:36Z,f6b6590d0b66bbb4fcbb391289794963,2026-09-26T16:00:00Z,Louisville Cardinals,Wake Forest Demon Deacons,fanduel,FanDuel,2026-09-26T12:35:11Z,2026-09-26T12:35:11Z,Wake Forest Demon Deacons,12.5,-110.0,2026,2026-09-26T12:35:36Z,1070,8.365894147869351,3.779109154195434,7.086784993673918,b4347a6d6451334b228bf748d98cbd30b34b222852b6631cc98ff41b5e407018,timestamped_live_quote,FBS vs FBS
2026-09-26T12:35:36Z,f6b6590d0b66bbb4fcbb391289794963,2026-09-26T16:00:00Z,Louisville Cardinals,Wake Forest Demon Deacons,betonlineag,BetOnline.ag,2026-09-26T12:35:29Z,2026-09-26T12:35:29Z,Louisville Cardinals,-12.0,-105.0,2026,2026-09-26T12:35:36Z,1070,8.365894147869351,3.779109154195434,7.086784993673918,b4347a6d6451334b228bf748d98cbd30b34b222852b6631cc98ff41b5e407018,timestamped_live_quote,FBS vs FBS
2026-09-26T12:35:36Z,f6b6590d0b66bbb4fcbb391289794963,2026-09-26T16:00:00Z,Louisville Cardinals,Wake Forest Demon Deacons,betonlineag,BetOnline.ag,2026-09-26T12:35:29Z,2026-09-26T12:35:29Z,Wake Forest Demon Deacons,12.0,-115.0,2026,2026-09-26T12:35:36Z,1070,8.365894147869351,3.779109154195434,7.086784993673918,b4347a6d6451334b228bf748d98cbd30b34b222852b6631cc98ff41b5e407018,timestamped_live_quote,FBS vs FBS
2026-09-26T12:35:36Z,f6b6590d0b66bbb4fcbb391289794963,2026-09-26T16:00:00Z,Louisville Cardinals,Wake Forest Demon Deacons,lowvig,LowVig.ag,2026-09-26T12:34:53Z,2026-09-26T12:34:53Z,Louisville Cardinals,-12.0,-103.0,2026,2026-09-26T12:35:36Z,1070,8.365894147869351,3.779109154195434,7.086784993673918,b4347a6d6451334b228bf748d98cbd30b34b222852b6631cc98ff41b5e407018,timestamped_live_quote,FBS vs FBS
2026-09-26T12:35:36Z,f6b6590d0b66bbb4fcbb391289794963,2026-09-26T16:00:00Z,Louisville Cardinals,Wake Forest Demon Deacons,lowvig,LowVig.ag,2026-09-26T12:34:53Z,2026-09-26T12:34:53Z,Wake Forest Demon Deacons,12.0,-109.0,2026,2026-09-26T12:35:36Z,1070,8.365894147869351,3.779109154195434,7.086784993673918,b4347a6d6451334b228bf748d98cbd30b34b222852b6631cc98ff41b5e407018,timestamped_live_quote,FBS vs FBS
2026-09-26T12:35:36Z,f6b6590d0b66bbb4fcbb391289794963,2026-09-26T16:00:00Z,Louisville Cardinals,Wake Forest Demon Deacons,betus,BetUS,2026-09-26T12:35:11Z,2026-09-26T12:35:11Z,Louisville Cardinals,-11.5,-110.0,2026,2026-09-26T12:35:36Z,1070,8.365894147869351,3.779109154195434,7.086784993673918,b4347a6d6451334b228bf748d98cbd30b34b222852b6631cc98ff41b5e407018,timestamped_live_quote,FBS vs FBS
2026-09-26T12:35:36Z,f6b6590d0b66bbb4fcbb391289794963,2026-09-26T16:00:00Z,Louisville Cardinals,Wake Forest Demon Deacons,betus,BetUS,2026-09-26T12:35:11Z,2026-09-26T12:35:11Z,Wake Forest Demon Deacons,11.5,-110.0,2026,2026-09-26T12:35:36Z,1070,8.365894147869351,3.779109154195434,7.086784993673918,b4347a6d6451334b228bf748d98cbd30b34b222852b6631cc98ff41b5e407018,timestamped_live_quote,FBS vs FBS
2026-09-26T12:35:36Z,f6b6590d0b66bbb4fcbb391289794963,2026-09-26T16:00:00Z,Louisville Cardinals,Wake Forest Demon Deacons,betmgm,BetMGM,2026-09-26T12:34:23Z,2026-09-26T12:34:22Z,Louisville Cardinals,-12.0,-110.0,2026,2026-09-26T12:35:36Z,1070,8.365894147869351,3.779109154195434,7.086784993673918,b4347a6d6451334b228bf748d98cbd30b34b222852b6631cc98ff41b5e407018,timestamped_live_quote,FBS vs FBS
2026-09-26T12:35:36Z,f6b6590d0b66bbb4fcbb391289794963,2026-09-26T16:00:00Z,Louisville Cardinals,Wake Forest Demon Deacons,betmgm,BetMGM,2026-09-26T12:34:23Z,2026-09-26T12:34:22Z,Wake Forest Demon Deacons,12.0,-108.0,2026,2026-09-26T12:35:36Z,1070,8.365894147869351,3.779109154195434,7.086784993673918,b4347a6d6451334b228bf748d98cbd30b34b222852b6631cc98ff41b5e407018,timestamped_live_quote,FBS vs FBS
2026-09-26T12:35:36Z,f6b6590d0b66bbb4fcbb391289794963,2026-09-26T16:00:00Z,Louisville Cardinals,Wake Forest Demon Deacons,bovada,Bovada,2026-09-26T12:34:07Z,2026-09-26T12:34:07Z,Louisville Cardinals,-12.5,-115.0,2026,2026-09-26T12:35:36Z,1070,8.365894147869351,3.779109154195434,7.086784993673918,b4347a6d6451334b228bf748d98cbd30b34b222852b6631cc98ff41b5e407018,timestamped_live_quote,FBS vs FBS
2026-09-26T12:35:36Z,f6b6590d0b66bbb4fcbb391289794963,2026-09-26T16:00:00Z,Louisville Cardinals,Wake Forest Demon Deacons,bovada,Bovada,2026-09-26T12:34:07Z,2026-09-26T12:34:07Z,Wake Forest Demon Deacons,12.5,-105.0,2026,2026-09-26T12:35:36Z,1070,8.365894147869351,3.779109154195434,7.086784993673918,b4347a6d6451334b228bf748d98cbd30b34b222852b6631cc98ff41b5e407018,timestamped_live_quote,FBS vs FBS
2026-09-26T12:35:36Z,5c60d6ce348eae3327bc83534dd7522b,2026-09-26T16:00:00Z,Texas Tech Red Raiders,Sam Houston State Bearkats,fanduel,FanDuel,2026-09-26T12:35:11Z,2026-09-26T12:35:11Z,Sam Houston State Bearkats,34.5,-110.0,2026,2026-09-26T12:35:36Z,1070,6.419174211549708,7.263300930707589,1.655873280842119,b4347a6d6451334b228bf748d98cbd30b34b222852b6631cc98ff41b5e407018,timestamped_live_quote,FBS vs FBS
2026-09-26T12:35:36Z,5c60d6ce348eae3327bc83534dd7522b,2026-09-26T16:00:00Z,Texas Tech Red Raiders,Sam Houston State Bearkats,fanduel,FanDuel,2026-09-26T12:35:11Z,2026-09-26T12:35:11Z,Texas Tech Red Raiders,-34.5,-110.0,2026,2026-09-26T12:35:36Z,1070,6.419174211549708,7.263300930707589,1.655873280842119,b4347a6d6451334b228bf748d98cbd30b34b222852b6631cc98ff41b5e407018,timestamped_live_quote,FBS vs FBS
2026-09-26T12:35:36Z,5c60d6ce348eae3327bc83534dd7522b,2026-09-26T16:00:00Z,Texas Tech Red Raiders,Sam Houston State Bearkats,betrivers,BetRivers,2026-09-26T12:34:37Z,2026-09-26T12:34:37Z,Sam Houston State Bearkats,34.5,-112.0,2026,2026-09-26T12:35:36Z,1070,6.419174211549708,7.263300930707589,1.655873280842119,b4347a6d6451334b228bf748d98cbd30b34b222852b6631cc98ff41b5e407018,timestamped_live_quote,FBS vs FBS
2026-09-26T12:35:36Z,5c60d6ce348eae3327bc83534dd7522b,2026-09-26T16:00:00Z,Texas Tech Red Raiders,Sam Houston State Bearkats,betrivers,BetRivers,2026-09-26T12:34:37Z,2026-09-26T12:34:37Z,Texas Tech Red Raiders,-34.5,-112.0,2026,2026-09-26T12:35:36Z,1070,6.419174211549708,7.263300930707589,1.655873280842119,b4347a6d6451334b228bf748d98cbd30b34b222852b6631cc98ff41b5e407018,timestamped_live_quote,FBS vs FBS
2026-09-26T12:35:36Z,5c60d6ce348eae3327bc83534dd7522b,2026-09-26T16:00:00Z,Texas Tech Red Raiders,Sam Houston State Bearkats,draftkings,DraftKings,2026-09-26T12:34:54Z,2026-09-26T12:34:54Z,Sam Houston State Bearkats,34.5,-112.0,2026,2026-09-26T12:35:36Z,1070,6.419174211549708,7.263300930707589,1.655873280842119,b4347a6d6451334b228bf748d98cbd30b34b222852b6631cc98ff41b5e407018,timestamped_live_quote,FBS vs FBS
2026-09-26T12:35:36Z,5c60d6ce348eae3327bc83534dd7522b,2026-09-26T16:00:00Z,Texas Tech Red Raiders,Sam Houston State Bearkats,draftkings,DraftKings,2026-09-26T12:34:54Z,2026-09-26T12:34:54Z,Texas Tech Red Raiders,-34.5,-108.0,2026,2026-09-26T12:35:36Z,1070,6.419174211549708,7.263300930707589,1.655873280842119,b4347a6d6451334b228bf748d98cbd30b34b222852b6631cc98ff41b5e407018,timestamped_live_quote,FBS vs FBS
2026-09-26T12:35:36Z,5c60d6ce348eae3327bc83534dd7522b,2026-09-26T16:00:00Z,Texas Tech Red Raiders,Sam Houston State Bearkats,betonlineag,BetOnline.ag,2026-09-26T12:35:29Z,2026-09-26T12:35:29Z,Sam Houston State Bearkats,34.5,-110.0,2026,2026-09-26T12:35:36Z,1070,6.419174211549708,7.263300930707589,1.655873280842119,b4347a6d6451334b228bf748d98cbd30b34b222852b6631cc98ff41b5e407018,timestamped_live_quote,FBS vs FBS
2026-09-26T12:35:36Z,5c60d6ce348eae3327bc83534dd7522b,2026-09-26T16:00:00Z,Texas Tech Red Raiders,Sam Houston State Bearkats,betonlineag,BetOnline.ag,2026-09-26T12:35:29Z,2026-09-26T12:35:29Z,Texas Tech Red Raiders,-34.5,-110.0,2026,2026-09-26T12:35:36Z,1070,6.419174211549708,7.263300930707589,1.655873280842119,b4347a6d6451334b228bf748d98cbd30b34b222852b6631cc98ff41b5e407018,timestamped_live_quote,FBS vs FBS
2026-09-26T12:35:36Z,5c60d6ce348eae3327bc83534dd7522b,2026-09-26T16:00:00Z,Texas Tech Red Raiders,Sam Houston State Bearkats,lowvig,LowVig.ag,2026-09-26T12:34:53Z,2026-09-26T12:34:53Z,Sam Houston State Bearkats,34.5,-106.0,2026,2026-09-26T12:35:36Z,1070,6.419174211549708,7.263300930707589,1.655873280842119,b4347a6d6451334b228bf748d98cbd30b34b222852b6631cc98ff41b5e407018,timestamped_live_quote,FBS vs FBS
2026-09-26T12:35:36Z,5c60d6ce348eae3327bc83534dd7522b,2026-09-26T16:00:00Z,Texas Tech Red Raiders,Sam Houston State Bearkats,lowvig,LowVig.ag,2026-09-26T12:34:53Z,2026-09-26T12:34:53Z,Texas Tech Red Raiders,-34.5,-106.0,2026,2026-09-26T12:35:36Z,1070,6.419174211549708,7.263300930707589,1.655873280842119,b4347a6d6451334b228bf748d98cbd30b34b222852b6631cc98ff41b5e407018,timestamped_live_quote,FBS vs FBS
2026-09-26T12:35:36Z,5c60d6ce348eae3327bc83534dd7522b,2026-09-26T16:00:00Z,Texas Tech Red Raiders,Sam Houston State Bearkats,betus,BetUS,2026-09-26T12:35:11Z,2026-09-26T12:35:11Z,Sam Houston State Bearkats,34.5,-110.0,2026,2026-09-26T12:35:36Z,1070,6.419174211549708,7.263300930707589,1.655873280842119,b4347a6d6451334b228bf748d98cbd30b34b222852b6631cc98ff41b5e407018,timestamped_live_quote,FBS vs FBS
2026-09-26T12:35:36Z,5c60d6ce348eae3327bc83534dd7522b,2026-09-26T16:00:00Z,Texas Tech Red Raiders,Sam Houston State Bearkats,betus,BetUS,2026-09-26T12:35:11Z,2026-09-26T12:35:11Z,Texas Tech Red Raiders,-34.5,-110.0,2026,2026-09-26T12:35:36Z,1070,6.419174211549708,7.263300930707589,1.655873280842119,b4347a6d6451334b228bf748d98cbd30b34b222852b6631cc98ff41b5e407018,timestamped_live_quote,FBS vs FBS
2026-09-26T12:35:36Z,5c60d6ce348eae3327bc83534dd7522b,2026-09-26T16:00:00Z,Texas Tech Red Raiders,Sam Houston State Bearkats,betmgm,BetMGM,2026-09-26T12:34:23Z,2026-09-26T12:34:22Z,Sam Houston State Bearkats,34.5,-110.0,2026,2026-09-26T12:35:36Z,1070,6.419174211549708,7.263300930707589,1.655873280842119,b4347a6d6451334b228bf748d98cbd30b34b222852b6631cc98ff41b5e407018,timestamped_live_quote,FBS vs FBS
2026-09-26T12:35:36Z,5c60d6ce348eae3327bc83534dd7522b,2026-09-26T16:00:00Z,Texas Tech Red Raiders,Sam Houston State Bearkats,betmgm,BetMGM,2026-09-26T12:34:23Z,2026-09-26T12:34:22Z,Texas Tech Red Raiders,-34.5,-108.0,2026,2026-09-26T12:35:36Z,1070,6.419174211549708,7.263300930707589,1.655873280842119,b4347a6d6451334b228bf748d98cbd30b34b222852b6631cc98ff41b5e407018,timestamped_live_quote,FBS vs FBS
2026-09-26T12:35:36Z,5c60d6ce348eae3327bc83534dd7522b,2026-09-26T16:00:00Z,Texas Tech Red Raiders,Sam Houston State Bearkats,bovada,Bovada,2026-09-26T12:34:07Z,2026-09-26T12:34:07Z,Sam Houston State Bearkats,34.5,-105.0,2026,2026-09-26T12:35:36Z,1070,6.419174211549708,7.263300930707589,1.655873280842119,b4347a6d6451334b228bf748d98cbd30b34b222852b6631cc98ff41b5e407018,timestamped_live_quote,FBS vs FBS
2026-09-26T12:35:36Z,5c60d6ce348eae3327bc83534dd7522b,2026-09-26T16:00:00Z,Texas Tech Red Raiders,Sam Houston State Bearkats,bovada,Bovada,2026-09-26T12:34:07Z,2026-09-26T12:34:07Z,Texas Tech Red Raiders,-34.5,-115.0,2026,2026-09-26T12:35:36Z,1070,6.419174211549708,7.263300930707589,1.655873280842119,b4347a6d6451334b228bf748d98cbd30b34b222852b6631cc98ff41b5e407018,timestamped_live_quote,FBS vs FBS
2026-09-26T12:35:36Z,e257aae5483bbfc89e2c570fc9304e1c,2026-09-26T16:00:00Z,Toledo Rockets,San Diego State Aztecs,fanduel,FanDuel,2026-09-26T12:35:11Z,2026-09-26T12:35:11Z,San Diego State Aztecs,2.5,100.0,2026,2026-09-26T12:35:36Z,1070,5.6063453415793445,0.6603536238090124,7.445991717770332,b4347a6d6451334b228bf748d98cbd30b34b222852b6631cc98ff41b5e407018,timestamped_live_quote,FBS vs FBS
2026-09-26T12:35:36Z,e257aae5483bbfc89e2c570fc9304e1c,2026-09-26T16:00:00Z,Toledo Rockets,San Diego State Aztecs,fanduel,FanDuel,2026-09-26T12:35:11Z,2026-09-26T12:35:11Z,Toledo Rockets,-2.5,-122.0,2026,2026-09-26T12:35:36Z,1070,5.6063453415793445,0.6603536238090124,7.445991717770332,b4347a6d6451334b228bf748d98cbd30b34b222852b6631cc98ff41b5e407018,timestamped_live_quote,FBS vs FBS
2026-09-26T12:35:36Z,e257aae5483bbfc89e2c570fc9304e1c,2026-09-26T16:00:00Z,Toledo Rockets,San Diego State Aztecs,mybookieag,MyBookie.ag,2026-09-26T12:35:13Z,2026-09-26T12:35:13Z,San Diego State Aztecs,3.0,-110.0,2026,2026-09-26T12:35:36Z,1070,5.6063453415793445,0.6603536238090124,7.445991717770332,b4347a6d6451334b228bf748d98cbd30b34b222852b6631cc98ff41b5e407018,timestamped_live_quote,FBS vs FBS
2026-09-26T12:35:36Z,e257aae5483bbfc89e2c570fc9304e1c,2026-09-26T16:00:00Z,Toledo Rockets,San Diego State Aztecs,mybookieag,MyBookie.ag,2026-09-26T12:35:13Z,2026-09-26T12:35:13Z,Toledo Rockets,-3.0,-110.0,2026,2026-09-26T12:35:36Z,1070,5.6063453415793445,0.6603536238090124,7.445991717770332,b4347a6d6451334b228bf748d98cbd30b34b222852b6631cc98ff41b5e407018,timestamped_live_quote,FBS vs FBS
2026-09-26T12:35:36Z,e257aae5483bbfc89e2c570fc9304e1c,2026-09-26T16:00:00Z,Toledo Rockets,San Diego State Aztecs,betrivers,BetRivers,2026-09-26T12:34:37Z,2026-09-26T12:34:37Z,San Diego State Aztecs,3.0,-115.0,2026,2026-09-26T12:35:36Z,1070,5.6063453415793445,0.6603536238090124,7.445991717770332,b4347a6d6451334b228bf748d98cbd30b34b222852b6631cc98ff41b5e407018,timestamped_live_quote,FBS vs FBS
2026-09-26T12:35:36Z,e257aae5483bbfc89e2c570fc9304e1c,2026-09-26T16:00:00Z,Toledo Rockets,San Diego State Aztecs,betrivers,BetRivers,2026-09-26T12:34:37Z,2026-09-26T12:34:37Z,Toledo Rockets,-3.0,-107.0,2026,2026-09-26T12:35:36Z,1070,5.6063453415793445,0.6603536238090124,7.445991717770332,b4347a6d6451334b228bf748d98cbd30b34b222852b6631cc98ff41b5e407018,timestamped_live_quote,FBS vs FBS
2026-09-26T12:35:36Z,e257aae5483bbfc89e2c570fc9304e1c,2026-09-26T16:00:00Z,Toledo Rockets,San Diego State Aztecs,draftkings,DraftKings,2026-09-26T12:34:54Z,2026-09-26T12:34:54Z,San Diego State Aztecs,3.0,-118.0,2026,2026-09-26T12:35:36Z,1070,5.6063453415793445,0.6603536238090124,7.445991717770332,b4347a6d6451334b228bf748d98cbd30b34b222852b6631cc98ff41b5e407018,timestamped_live_quote,FBS vs FBS
2026-09-26T12:35:36Z,e257aae5483bbfc89e2c570fc9304e1c,2026-09-26T16:00:00Z,Toledo Rockets,San Diego State Aztecs,draftkings,DraftKings,2026-09-26T12:34:54Z,2026-09-26T12:34:54Z,Toledo Rockets,-3.0,-102.0,2026,2026-09-26T12:35:36Z,1070,5.6063453415793445,0.6603536238090124,7.445991717770332,b4347a6d6451334b228bf748d98cbd30b34b222852b6631cc98ff41b5e407018,timestamped_live_quote,FBS vs FBS
2026-09-26T12:35:36Z,e257aae5483bbfc89e2c570fc9304e1c,2026-09-26T16:00:00Z,Toledo Rockets,San Diego State Aztecs,lowvig,LowVig.ag,2026-09-26T12:34:53Z,2026-09-26T12:34:53Z,San Diego State Aztecs,2.5,-104.0,2026,2026-09-26T12:35:36Z,1070,5.6063453415793445,0.6603536238090124,7.445991717770332,b4347a6d6451334b228bf748d98cbd30b34b222852b6631cc98ff41b5e407018,timestamped_live_quote,FBS vs FBS
2026-09-26T12:35:36Z,e257aae5483bbfc89e2c570fc9304e1c,2026-09-26T16:00:00Z,Toledo Rockets,San Diego State Aztecs,lowvig,LowVig.ag,2026-09-26T12:34:53Z,2026-09-26T12:34:53Z,Toledo Rockets,-2.5,-108.0,2026,2026-09-26T12:35:36Z,1070,5.6063453415793445,0.6603536238090124,7.445991717770332,b4347a6d6451334b228bf748d98cbd30b34b222852b6631cc98ff41b5e407018,timestamped_live_quote,FBS vs FBS
2026-09-26T12:35:36Z,e257aae5483bbfc89e2c570fc9304e1c,2026-09-26T16:00:00Z,Toledo Rockets,San Diego State Aztecs,betonlineag,BetOnline.ag,2026-09-26T12:35:29Z,2026-09-26T12:35:29Z,San Diego State Aztecs,2.5,-108.0,2026,2026-09-26T12:35:36Z,1070,5.6063453415793445,0.6603536238090124,7.445991717770332,b4347a6d6451334b228bf748d98cbd30b34b222852b6631cc98ff41b5e407018,timestamped_live_quote,FBS vs FBS
2026-09-26T12:35:36Z,e257aae5483bbfc89e2c570fc9304e1c,2026-09-26T16:00:00Z,Toledo Rockets,San Diego State Aztecs,betonlineag,BetOnline.ag,2026-09-26T12:35:29Z,2026-09-26T12:35:29Z,Toledo Rockets,-2.5,-112.0,2026,2026-09-26T12:35:36Z,1070,5.6063453415793445,0.6603536238090124,7.445991717770332,b4347a6d6451334b228bf748d98cbd30b34b222852b6631cc98ff41b5e407018,timestamped_live_quote,FBS vs FBS
2026-09-26T12:35:36Z,e257aae5483bbfc89e2c570fc9304e1c,2026-09-26T16:00:00Z,Toledo Rockets,San Diego State Aztecs,betus,BetUS,2026-09-26T12:35:11Z,2026-09-26T12:35:11Z,San Diego State Aztecs,2.5,-110.0,2026,2026-09-26T12:35:36Z,1070,5.6063453415793445,0.6603536238090124,7.445991717770332,b4347a6d6451334b228bf748d98cbd30b34b222852b6631cc98ff41b5e407018,timestamped_live_quote,FBS vs FBS
2026-09-26T12:35:36Z,e257aae5483bbfc89e2c570fc9304e1c,2026-09-26T16:00:00Z,Toledo Rockets,San Diego State Aztecs,betus,BetUS,2026-09-26T12:35:11Z,2026-09-26T12:35:11Z,Toledo Rockets,-2.5,-110.0,2026,2026-09-26T12:35:36Z,1070,5.6063453415793445,0.6603536238090124,7.445991717770332,b4347a6d6451334b228bf748d98cbd30b34b222852b6631cc98ff41b5e407018,timestamped_live_quote,FBS vs FBS
2026-09-26T12:35:36Z,e257aae5483bbfc89e2c570fc9304e1c,2026-09-26T16:00:00Z,Toledo Rockets,San Diego State Aztecs,betmgm,BetMGM,2026-09-26T12:34:23Z,2026-09-26T12:34:22Z,San Diego State Aztecs,3.0,-112.0,2026,2026-09-26T12:35:36Z,1070,5.6063453415793445,0.6603536238090124,7.445991717770332,b4347a6d6451334b228bf748d98cbd30b34b222852b6631cc98ff41b5e407018,timestamped_live_quote,FBS vs FBS
2026-09-26T12:35:36Z,e257aae5483bbfc89e2c570fc9304e1c,2026-09-26T16:00:00Z,Toledo Rockets,San Diego State Aztecs,betmgm,BetMGM,2026-09-26T12:34:23Z,2026-09-26T12:34:22Z,Toledo Rockets,-3.0,-105.0,2026,2026-09-26T12:35:36Z,1070,5.6063453415793445,0.6603536238090124,7.445991717770332,b4347a6d6451334b228bf748d98cbd30b34b222852b6631cc98ff41b5e407018,timestamped_live_quote,FBS vs FBS
2026-09-26T12:35:36Z,e257aae5483bbfc89e2c570fc9304e1c,2026-09-26T16:00:00Z,Toledo Rockets,San Diego State Aztecs,bovada,Bovada,2026-09-26T12:34:07Z,2026-09-26T12:34:07Z,San Diego State Aztecs,2.5,-105.0,2026,2026-09-26T12:35:36Z,1070,5.6063453415793445,0.6603536238090124,7.445991717770332,b4347a6d6451334b228bf748d98cbd30b34b222852b6631cc98ff41b5e407018,timestamped_live_quote,FBS vs FBS
2026-09-26T12:35:36Z,e257aae5483bbfc89e2c570fc9304e1c,2026-09-26T16:00:00Z,Toledo Rockets,San Diego State Aztecs,bovada,Bovada,2026-09-26T12:34:07Z,2026-09-26T12:34:07Z,Toledo Rockets,-2.5,-115.0,2026,2026-09-26T12:35:36Z,1070,5.6063453415793445,0.6603536238090124,7.445991717770332,b4347a6d6451334b228bf748d98cbd30b34b222852b6631cc98ff41b5e407018,timestamped_live_quote,FBS vs FBS
2026-09-26T12:35:36Z,69b1a0ff5fb2c67c6627b5c8cf8368cb,2026-09-26T16:00:00Z,Tennessee Volunteers,Texas Longhorns,draftkings,DraftKings,2026-09-26T12:34:54Z,2026-09-26T12:34:54Z,Tennessee Volunteers,5.5,-115.0,2026,2026-09-26T12:35:36Z,1070,14.78537578672897,11.860084169917538,5.425291616811432,b4347a6d6451334b228bf748d98cbd30b34b222852b6631cc98ff41b5e407018,timestamped_live_quote,FBS vs FBS
2026-09-26T12:35:36Z,69b1a0ff5fb2c67c6627b5c8cf8368cb,2026-09-26T16:00:00Z,Tennessee Volunteers,Texas Longhorns,draftkings,DraftKings,2026-09-26T12:34:54Z,2026-09-26T12:34:54Z,Texas Longhorns,-5.5,-105.0,2026,2026-09-26T12:35:36Z,1070,14.78537578672897,11.860084169917538,5.425291616811432,b4347a6d6451334b228bf748d98cbd30b34b222852b6631cc98ff41b5e407018,timestamped_live_quote,FBS vs FBS
2026-09-26T12:35:36Z,69b1a0ff5fb2c67c6627b5c8cf8368cb,2026-09-26T16:00:00Z,Tennessee Volunteers,Texas Longhorns,mybookieag,MyBookie.ag,2026-09-26T12:35:13Z,2026-09-26T12:35:12Z,Tennessee Volunteers,5.5,-110.0,2026,2026-09-26T12:35:36Z,1070,14.78537578672897,11.860084169917538,5.425291616811432,b4347a6d6451334b228bf748d98cbd30b34b222852b6631cc98ff41b5e407018,timestamped_live_quote,FBS vs FBS
2026-09-26T12:35:36Z,69b1a0ff5fb2c67c6627b5c8cf8368cb,2026-09-26T16:00:00Z,Tennessee Volunteers,Texas Longhorns,mybookieag,MyBookie.ag,2026-09-26T12:35:13Z,2026-09-26T12:35:12Z,Texas Longhorns,-5.5,-110.0,2026,2026-09-26T12:35:36Z,1070,14.78537578672897,11.860084169917538,5.425291616811432,b4347a6d6451334b228bf748d98cbd30b34b222852b6631cc98ff41b5e407018,timestamped_live_quote,FBS vs FBS
2026-09-26T12:35:36Z,69b1a0ff5fb2c67c6627b5c8cf8368cb,2026-09-26T16:00:00Z,Tennessee Volunteers,Texas Longhorns,fanduel,FanDuel,2026-09-26T12:35:11Z,2026-09-26T12:35:11Z,Tennessee Volunteers,5.5,-115.0,2026,2026-09-26T12:35:36Z,1070,14.78537578672897,11.860084169917538,5.425291616811432,b4347a6d6451334b228bf748d98cbd30b34b222852b6631cc98ff41b5e407018,timestamped_live_quote,FBS vs FBS
2026-09-26T12:35:36Z,69b1a0ff5fb2c67c6627b5c8cf8368cb,2026-09-26T16:00:00Z,Tennessee Volunteers,Texas Longhorns,fanduel,FanDuel,2026-09-26T12:35:11Z,2026-09-26T12:35:11Z,Texas Longhorns,-5.5,-105.0,2026,2026-09-26T12:35:36Z,1070,14.78537578672897,11.860084169917538,5.425291616811432,b4347a6d6451334b228bf748d98cbd30b34b222852b6631cc98ff41b5e407018,timestamped_live_quote,FBS vs FBS
2026-09-26T12:35:36Z,69b1a0ff5fb2c67c6627b5c8cf8368cb,2026-09-26T16:00:00Z,Tennessee Volunteers,Texas Longhorns,betrivers,BetRivers,2026-09-26T12:34:37Z,2026-09-26T12:34:37Z,Tennessee Volunteers,5.0,-113.0,2026,2026-09-26T12:35:36Z,1070,14.78537578672897,11.860084169917538,5.425291616811432,b4347a6d6451334b228bf748d98cbd30b34b222852b6631cc98ff41b5e407018,timestamped_live_quote,FBS vs FBS
2026-09-26T12:35:36Z,69b1a0ff5fb2c67c6627b5c8cf8368cb,2026-09-26T16:00:00Z,Tennessee Volunteers,Texas Longhorns,betrivers,BetRivers,2026-09-26T12:34:37Z,2026-09-26T12:34:37Z,Texas Longhorns,-5.0,-110.0,2026,2026-09-26T12:35:36Z,1070,14.78537578672897,11.860084169917538,5.425291616811432,b4347a6d6451334b228bf748d98cbd30b34b222852b6631cc98ff41b5e407018,timestamped_live_quote,FBS vs FBS
2026-09-26T12:35:36Z,69b1a0ff5fb2c67c6627b5c8cf8368cb,2026-09-26T16:00:00Z,Tennessee Volunteers,Texas Longhorns,lowvig,LowVig.ag,2026-09-26T12:34:53Z,2026-09-26T12:34:53Z,Tennessee Volunteers,5.5,-110.0,2026,2026-09-26T12:35:36Z,1070,14.78537578672897,11.860084169917538,5.425291616811432,b4347a6d6451334b228bf748d98cbd30b34b222852b6631cc98ff41b5e407018,timestamped_live_quote,FBS vs FBS
2026-09-26T12:35:36Z,69b1a0ff5fb2c67c6627b5c8cf8368cb,2026-09-26T16:00:00Z,Tennessee Volunteers,Texas Longhorns,lowvig,LowVig.ag,2026-09-26T12:34:53Z,2026-09-26T12:34:53Z,Texas Longhorns,-5.5,-102.0,2026,2026-09-26T12:35:36Z,1070,14.78537578672897,11.860084169917538,5.425291616811432,b4347a6d6451334b228bf748d98cbd30b34b222852b6631cc98ff41b5e407018,timestamped_live_quote,FBS vs FBS
2026-09-26T12:35:36Z,69b1a0ff5fb2c67c6627b5c8cf8368cb,2026-09-26T16:00:00Z,Tennessee Volunteers,Texas Longhorns,betonlineag,BetOnline.ag,2026-09-26T12:35:29Z,2026-09-26T12:35:29Z,Tennessee Volunteers,5.5,-114.0,2026,2026-09-26T12:35:36Z,1070,14.78537578672897,11.860084169917538,5.425291616811432,b4347a6d6451334b228bf748d98cbd30b34b222852b6631cc98ff41b5e407018,timestamped_live_quote,FBS vs FBS
2026-09-26T12:35:36Z,69b1a0ff5fb2c67c6627b5c8cf8368cb,2026-09-26T16:00:00Z,Tennessee Volunteers,Texas Longhorns,betonlineag,BetOnline.ag,2026-09-26T12:35:29Z,2026-09-26T12:35:29Z,Texas Longhorns,-5.5,-106.0,2026,2026-09-26T12:35:36Z,1070,14.78537578672897,11.860084169917538,5.425291616811432,b4347a6d6451334b228bf748d98cbd30b34b222852b6631cc98ff41b5e407018,timestamped_live_quote,FBS vs FBS
2026-09-26T12:35:36Z,69b1a0ff5fb2c67c6627b5c8cf8368cb,2026-09-26T16:00:00Z,Tennessee Volunteers,Texas Longhorns,betus,BetUS,2026-09-26T12:35:11Z,2026-09-26T12:35:11Z,Tennessee Volunteers,5.5,-115.0,2026,2026-09-26T12:35:36Z,1070,14.78537578672897,11.860084169917538,5.425291616811432,b4347a6d6451334b228bf748d98cbd30b34b222852b6631cc98ff41b5e407018,timestamped_live_quote,FBS vs FBS
2026-09-26T12:35:36Z,69b1a0ff5fb2c67c6627b5c8cf8368cb,2026-09-26T16:00:00Z,Tennessee Volunteers,Texas Longhorns,betus,BetUS,2026-09-26T12:35:11Z,2026-09-26T12:35:11Z,Texas Longhorns,-5.5,-105.0,2026,2026-09-26T12:35:36Z,1070,14.78537578672897,11.860084169917538,5.425291616811432,b4347a6d6451334b228bf748d98cbd30b34b222852b6631cc98ff41b5e407018,timestamped_live_quote,FBS vs FBS
2026-09-26T12:35:36Z,69b1a0ff5fb2c67c6627b5c8cf8368cb,2026-09-26T16:00:00Z,Tennessee Volunteers,Texas Longhorns,betmgm,BetMGM,2026-09-26T12:34:23Z,2026-09-26T12:34:22Z,Tennessee Volunteers,5.0,-110.0,2026,2026-09-26T12:35:36Z,1070,14.78537578672897,11.860084169917538,5.425291616811432,b4347a6d6451334b228bf748d98cbd30b34b222852b6631cc98ff41b5e407018,timestamped_live_quote,FBS vs FBS
2026-09-26T12:35:36Z,69b1a0ff5fb2c67c6627b5c8cf8368cb,2026-09-26T16:00:00Z,Tennessee Volunteers,Texas Longhorns,betmgm,BetMGM,2026-09-26T12:34:23Z,2026-09-26T12:34:22Z,Texas Longhorns,-5.0,-108.0,2026,2026-09-26T12:35:36Z,1070,14.78537578672897,11.860084169917538,5.425291616811432,b4347a6d6451334b228bf748d98cbd30b34b222852b6631cc98ff41b5e407018,timestamped_live_quote,FBS vs FBS
2026-09-26T12:35:36Z,69b1a0ff5fb2c67c6627b5c8cf8368cb,2026-09-26T16:00:00Z,Tennessee Volunteers,Texas Longhorns,bovada,Bovada,2026-09-26T12:34:07Z,2026-09-26T12:34:07Z,Tennessee Volunteers,5.0,-110.0,2026,2026-09-26T12:35:36Z,1070,14.78537578672897,11.860084169917538,5.425291616811432,b4347a6d6451334b228bf748d98cbd30b34b222852b6631cc98ff41b5e407018,timestamped_live_quote,FBS vs FBS
2026-09-26T12:35:36Z,69b1a0ff5fb2c67c6627b5c8cf8368cb,2026-09-26T16:00:00Z,Tennessee Volunteers,Texas Longhorns,bovada,Bovada,2026-09-26T12:34:07Z,2026-09-26T12:34:07Z,Texas Longhorns,-5.0,-110.0,2026,2026-09-26T12:35:36Z,1070,14.78537578672897,11.860084169917538,5.425291616811432,b4347a6d6451334b228bf748d98cbd30b34b222852b6631cc98ff41b5e407018,timestamped_live_quote,FBS vs FBS
2026-09-26T12:35:36Z,11c5e9c2cf899388abd0dae30ea71db9,2026-09-26T16:45:00Z,Kentucky Wildcats,South Alabama Jaguars,fanduel,FanDuel,2026-09-26T12:35:11Z,2026-09-26T12:35:11Z,Kentucky Wildcats,-20.5,-110.0,2026,2026-09-26T12:35:36Z,1070,5.476478019804384,2.8563682283217178,5.120109791482666,b4347a6d6451334b228bf748d98cbd30b34b222852b6631cc98ff41b5e407018,timestamped_live_quote,FBS vs FBS
2026-09-26T12:35:36Z,11c5e9c2cf899388abd0dae30ea71db9,2026-09-26T16:45:00Z,Kentucky Wildcats,South Alabama Jaguars,fanduel,FanDuel,2026-09-26T12:35:11Z,2026-09-26T12:35:11Z,South Alabama Jaguars,20.5,-110.0,2026,2026-09-26T12:35:36Z,1070,5.476478019804384,2.8563682283217178,5.120109791482666,b4347a6d6451334b228bf748d98cbd30b34b222852b6631cc98ff41b5e407018,timestamped_live_quote,FBS vs FBS
2026-09-26T12:35:36Z,11c5e9c2cf899388abd0dae30ea71db9,2026-09-26T16:45:00Z,Kentucky Wildcats,South Alabama Jaguars,mybookieag,MyBookie.ag,2026-09-26T12:35:13Z,2026-09-26T12:35:13Z,Kentucky Wildcats,-20.5,-110.0,2026,2026-09-26T12:35:36Z,1070,5.476478019804384,2.8563682283217178,5.120109791482666,b4347a6d6451334b228bf748d98cbd30b34b222852b6631cc98ff41b5e407018,timestamped_live_quote,FBS vs FBS
2026-09-26T12:35:36Z,11c5e9c2cf899388abd0dae30ea71db9,2026-09-26T16:45:00Z,Kentucky Wildcats,South Alabama Jaguars,mybookieag,MyBookie.ag,2026-09-26T12:35:13Z,2026-09-26T12:35:13Z,South Alabama Jaguars,20.5,-110.0,2026,2026-09-26T12:35:36Z,1070,5.476478019804384,2.8563682283217178,5.120109791482666,b4347a6d6451334b228bf748d98cbd30b34b222852b6631cc98ff41b5e407018,timestamped_live_quote,FBS vs FBS
2026-09-26T12:35:36Z,11c5e9c2cf899388abd0dae30ea71db9,2026-09-26T16:45:00Z,Kentucky Wildcats,South Alabama Jaguars,betrivers,BetRivers,2026-09-26T12:34:37Z,2026-09-26T12:34:37Z,Kentucky Wildcats,-20.5,-114.0,2026,2026-09-26T12:35:36Z,1070,5.476478019804384,2.8563682283217178,5.120109791482666,b4347a6d6451334b228bf748d98cbd30b34b222852b6631cc98ff41b5e407018,timestamped_live_quote,FBS vs FBS
2026-09-26T12:35:36Z,11c5e9c2cf899388abd0dae30ea71db9,2026-09-26T16:45:00Z,Kentucky Wildcats,South Alabama Jaguars,betrivers,BetRivers,2026-09-26T12:34:37Z,2026-09-26T12:34:37Z,South Alabama Jaguars,20.5,-109.0,2026,2026-09-26T12:35:36Z,1070,5.476478019804384,2.8563682283217178,5.120109791482666,b4347a6d6451334b228bf748d98cbd30b34b222852b6631cc98ff41b5e407018,timestamped_live_quote,FBS vs FBS
2026-09-26T12:35:36Z,11c5e9c2cf899388abd0dae30ea71db9,2026-09-26T16:45:00Z,Kentucky Wildcats,South Alabama Jaguars,draftkings,DraftKings,2026-09-26T12:34:55Z,2026-09-26T12:34:54Z,Kentucky Wildcats,-20.5,-110.0,2026,2026-09-26T12:35:36Z,1070,5.476478019804384,2.8563682283217178,5.120109791482666,b4347a6d6451334b228bf748d98cbd30b34b222852b6631cc98ff41b5e407018,timestamped_live_quote,FBS vs FBS
2026-09-26T12:35:36Z,11c5e9c2cf899388abd0dae30ea71db9,2026-09-26T16:45:00Z,Kentucky Wildcats,South Alabama Jaguars,draftkings,DraftKings,2026-09-26T12:34:55Z,2026-09-26T12:34:54Z,South Alabama Jaguars,20.5,-110.0,2026,2026-09-26T12:35:36Z,1070,5.476478019804384,2.8563682283217178,5.120109791482666,b4347a6d6451334b228bf748d98cbd30b34b222852b6631cc98ff41b5e407018,timestamped_live_quote,FBS vs FBS
2026-09-26T12:35:36Z,11c5e9c2cf899388abd0dae30ea71db9,2026-09-26T16:45:00Z,Kentucky Wildcats,South Alabama Jaguars,lowvig,LowVig.ag,2026-09-26T12:34:53Z,2026-09-26T12:34:53Z,Kentucky Wildcats,-20.5,-112.0,2026,2026-09-26T12:35:36Z,1070,5.476478019804384,2.8563682283217178,5.120109791482666,b4347a6d6451334b228bf748d98cbd30b34b222852b6631cc98ff41b5e407018,timestamped_live_quote,FBS vs FBS
2026-09-26T12:35:36Z,11c5e9c2cf899388abd0dae30ea71db9,2026-09-26T16:45:00Z,Kentucky Wildcats,South Alabama Jaguars,lowvig,LowVig.ag,2026-09-26T12:34:53Z,2026-09-26T12:34:53Z,South Alabama Jaguars,20.5,100.0,2026,2026-09-26T12:35:36Z,1070,5.476478019804384,2.8563682283217178,5.120109791482666,b4347a6d6451334b228bf748d98cbd30b34b222852b6631cc98ff41b5e407018,timestamped_live_quote,FBS vs FBS
2026-09-26T12:35:36Z,11c5e9c2cf899388abd0dae30ea71db9,2026-09-26T16:45:00Z,Kentucky Wildcats,South Alabama Jaguars,betonlineag,BetOnline.ag,2026-09-26T12:35:29Z,2026-09-26T12:35:29Z,Kentucky Wildcats,-20.5,-115.0,2026,2026-09-26T12:35:36Z,1070,5.476478019804384,2.8563682283217178,5.120109791482666,b4347a6d6451334b228bf748d98cbd30b34b222852b6631cc98ff41b5e407018,timestamped_live_quote,FBS vs FBS
2026-09-26T12:35:36Z,11c5e9c2cf899388abd0dae30ea71db9,2026-09-26T16:45:00Z,Kentucky Wildcats,South Alabama Jaguars,betonlineag,BetOnline.ag,2026-09-26T12:35:29Z,2026-09-26T12:35:29Z,South Alabama Jaguars,20.5,-105.0,2026,2026-09-26T12:35:36Z,1070,5.476478019804384,2.8563682283217178,5.120109791482666,b4347a6d6451334b228bf748d98cbd30b34b222852b6631cc98ff41b5e407018,timestamped_live_quote,FBS vs FBS
2026-09-26T12:35:36Z,11c5e9c2cf899388abd0dae30ea71db9,2026-09-26T16:45:00Z,Kentucky Wildcats,South Alabama Jaguars,betus,BetUS,2026-09-26T12:35:11Z,2026-09-26T12:35:11Z,Kentucky Wildcats,-20.5,-110.0,2026,2026-09-26T12:35:36Z,1070,5.476478019804384,2.8563682283217178,5.120109791482666,b4347a6d6451334b228bf748d98cbd30b34b222852b6631cc98ff41b5e407018,timestamped_live_quote,FBS vs FBS
2026-09-26T12:35:36Z,11c5e9c2cf899388abd0dae30ea71db9,2026-09-26T16:45:00Z,Kentucky Wildcats,South Alabama Jaguars,betus,BetUS,2026-09-26T12:35:11Z,2026-09-26T12:35:11Z,South Alabama Jaguars,20.5,-110.0,2026,2026-09-26T12:35:36Z,1070,5.476478019804384,2.8563682283217178,5.120109791482666,b4347a6d6451334b228bf748d98cbd30b34b222852b6631cc98ff41b5e407018,timestamped_live_quote,FBS vs FBS
2026-09-26T12:35:36Z,11c5e9c2cf899388abd0dae30ea71db9,2026-09-26T16:45:00Z,Kentucky Wildcats,South Alabama Jaguars,betmgm,BetMGM,2026-09-26T12:34:23Z,2026-09-26T12:34:22Z,Kentucky Wildcats,-20.5,-108.0,2026,2026-09-26T12:35:36Z,1070,5.476478019804384,2.8563682283217178,5.120109791482666,b4347a6d6451334b228bf748d98cbd30b34b222852b6631cc98ff41b5e407018,timestamped_live_quote,FBS vs FBS
2026-09-26T12:35:36Z,11c5e9c2cf899388abd0dae30ea71db9,2026-09-26T16:45:00Z,Kentucky Wildcats,South Alabama Jaguars,betmgm,BetMGM,2026-09-26T12:34:23Z,2026-09-26T12:34:22Z,South Alabama Jaguars,20.5,-110.0,2026,2026-09-26T12:35:36Z,1070,5.476478019804384,2.8563682283217178,5.120109791482666,b4347a6d6451334b228bf748d98cbd30b34b222852b6631cc98ff41b5e407018,timestamped_live_quote,FBS vs FBS
2026-09-26T12:35:36Z,11c5e9c2cf899388abd0dae30ea71db9,2026-09-26T16:45:00Z,Kentucky Wildcats,South Alabama Jaguars,bovada,Bovada,2026-09-26T12:34:07Z,2026-09-26T12:34:07Z,Kentucky Wildcats,-20.5,-115.0,2026,2026-09-26T12:35:36Z,1070,5.476478019804384,2.8563682283217178,5.120109791482666,b4347a6d6451334b228bf748d98cbd30b34b222852b6631cc98ff41b5e407018,timestamped_live_quote,FBS vs FBS
2026-09-26T12:35:36Z,11c5e9c2cf899388abd0dae30ea71db9,2026-09-26T16:45:00Z,Kentucky Wildcats,South Alabama Jaguars,bovada,Bovada,2026-09-26T12:34:07Z,2026-09-26T12:34:07Z,South Alabama Jaguars,20.5,-105.0,2026,2026-09-26T12:35:36Z,1070,5.476478019804384,2.8563682283217178,5.120109791482666,b4347a6d6451334b228bf748d98cbd30b34b222852b6631cc98ff41b5e407018,timestamped_live_quote,FBS vs FBS
2026-09-26T12:35:36Z,145de4ffc7429aeb39cab1b17c223743,2026-09-26T17:00:00Z,Eastern Michigan Eagles,Lindenwood Lions,fanduel,FanDuel,2026-09-26T12:35:11Z,2026-09-26T12:35:11Z,Eastern Michigan Eagles,-26.5,-110.0,2026,2026-09-26T12:35:36Z,1070,,,,b4347a6d6451334b228bf748d98cbd30b34b222852b6631cc98ff41b5e407018,division_safety_suppressed,Unverified division / FCS: model suppressed
2026-09-26T12:35:36Z,145de4ffc7429aeb39cab1b17c223743,2026-09-26T17:00:00Z,Eastern Michigan Eagles,Lindenwood Lions,fanduel,FanDuel,2026-09-26T12:35:11Z,2026-09-26T12:35:11Z,Lindenwood Lions,26.5,-110.0,2026,2026-09-26T12:35:36Z,1070,,,,b4347a6d6451334b228bf748d98cbd30b34b222852b6631cc98ff41b5e407018,division_safety_suppressed,Unverified division / FCS: model suppressed
2026-09-26T12:35:36Z,145de4ffc7429aeb39cab1b17c223743,2026-09-26T17:00:00Z,Eastern Michigan Eagles,Lindenwood Lions,betrivers,BetRivers,2026-09-26T12:34:37Z,2026-09-26T12:34:37Z,Eastern Michigan Eagles,-26.5,-113.0,2026,2026-09-26T12:35:36Z,1070,,,,b4347a6d6451334b228bf748d98cbd30b34b222852b6631cc98ff41b5e407018,division_safety_suppressed,Unverified division / FCS: model suppressed
2026-09-26T12:35:36Z,145de4ffc7429aeb39cab1b17c223743,2026-09-26T17:00:00Z,Eastern Michigan Eagles,Lindenwood Lions,betrivers,BetRivers,2026-09-26T12:34:37Z,2026-09-26T12:34:37Z,Lindenwood Lions,26.5,-109.0,2026,2026-09-26T12:35:36Z,1070,,,,b4347a6d6451334b228bf748d98cbd30b34b222852b6631cc98ff41b5e407018,division_safety_suppressed,Unverified division / FCS: model suppressed
2026-09-26T12:35:36Z,145de4ffc7429aeb39cab1b17c223743,2026-09-26T17:00:00Z,Eastern Michigan Eagles,Lindenwood Lions,draftkings,DraftKings,2026-09-26T12:34:55Z,2026-09-26T12:34:54Z,Eastern Michigan Eagles,-25.5,-110.0,2026,2026-09-26T12:35:36Z,1070,,,,b4347a6d6451334b228bf748d98cbd30b34b222852b6631cc98ff41b5e407018,division_safety_suppressed,Unverified division / FCS: model suppressed
2026-09-26T12:35:36Z,145de4ffc7429aeb39cab1b17c223743,2026-09-26T17:00:00Z,Eastern Michigan Eagles,Lindenwood Lions,draftkings,DraftKings,2026-09-26T12:34:55Z,2026-09-26T12:34:54Z,Lindenwood Lions,25.5,-110.0,2026,2026-09-26T12:35:36Z,1070,,,,b4347a6d6451334b228bf748d98cbd30b34b222852b6631cc98ff41b5e407018,division_safety_suppressed,Unverified division / FCS: model suppressed
2026-09-26T12:35:36Z,145de4ffc7429aeb39cab1b17c223743,2026-09-26T17:00:00Z,Eastern Michigan Eagles,Lindenwood Lions,lowvig,LowVig.ag,2026-09-26T12:34:53Z,2026-09-26T12:34:53Z,Eastern Michigan Eagles,-25.5,-110.0,2026,2026-09-26T12:35:36Z,1070,,,,b4347a6d6451334b228bf748d98cbd30b34b222852b6631cc98ff41b5e407018,division_safety_suppressed,Unverified division / FCS: model suppressed
2026-09-26T12:35:36Z,145de4ffc7429aeb39cab1b17c223743,2026-09-26T17:00:00Z,Eastern Michigan Eagles,Lindenwood Lions,lowvig,LowVig.ag,2026-09-26T12:34:53Z,2026-09-26T12:34:53Z,Lindenwood Lions,25.5,-110.0,2026,2026-09-26T12:35:36Z,1070,,,,b4347a6d6451334b228bf748d98cbd30b34b222852b6631cc98ff41b5e407018,division_safety_suppressed,Unverified division / FCS: model suppressed
2026-09-26T12:35:36Z,145de4ffc7429aeb39cab1b17c223743,2026-09-26T17:00:00Z,Eastern Michigan Eagles,Lindenwood Lions,betonlineag,BetOnline.ag,2026-09-26T12:35:29Z,2026-09-26T12:35:29Z,Eastern Michigan Eagles,-25.5,-110.0,2026,2026-09-26T12:35:36Z,1070,,,,b4347a6d6451334b228bf748d98cbd30b34b222852b6631cc98ff41b5e407018,division_safety_suppressed,Unverified division / FCS: model suppressed
2026-09-26T12:35:36Z,145de4ffc7429aeb39cab1b17c223743,2026-09-26T17:00:00Z,Eastern Michigan Eagles,Lindenwood Lions,betonlineag,BetOnline.ag,2026-09-26T12:35:29Z,2026-09-26T12:35:29Z,Lindenwood Lions,25.5,-110.0,2026,2026-09-26T12:35:36Z,1070,,,,b4347a6d6451334b228bf748d98cbd30b34b222852b6631cc98ff41b5e407018,division_safety_suppressed,Unverified division / FCS: model suppressed
2026-09-26T12:35:36Z,145de4ffc7429aeb39cab1b17c223743,2026-09-26T17:00:00Z,Eastern Michigan Eagles,Lindenwood Lions,bovada,Bovada,2026-09-26T12:34:07Z,2026-09-26T12:34:07Z,Eastern Michigan Eagles,-25.5,-105.0,2026,2026-09-26T12:35:36Z,1070,,,,b4347a6d6451334b228bf748d98cbd30b34b222852b6631cc98ff41b5e407018,division_safety_suppressed,Unverified division / FCS: model suppressed
2026-09-26T12:35:36Z,145de4ffc7429aeb39cab1b17c223743,2026-09-26T17:00:00Z,Eastern Michigan Eagles,Lindenwood Lions,bovada,Bovada,2026-09-26T12:34:07Z,2026-09-26T12:34:07Z,Lindenwood Lions,25.5,-115.0,2026,2026-09-26T12:35:36Z,1070,,,,b4347a6d6451334b228bf748d98cbd30b34b222852b6631cc98ff41b5e407018,division_safety_suppressed,Unverified division / FCS: model suppressed
2026-09-26T12:35:36Z,c48f042c91328d4d0c6351fc82286879,2026-09-26T17:30:00Z,Maryland Terrapins,UCLA Bruins,draftkings,DraftKings,2026-09-26T12:34:55Z,2026-09-26T12:34:54Z,Maryland Terrapins,1.5,-110.0,2026,2026-09-26T12:35:36Z,1070,12.416874875173544,7.790543227887867,7.126331647285677,b4347a6d6451334b228bf748d98cbd30b34b222852b6631cc98ff41b5e407018,timestamped_live_quote,FBS vs FBS
2026-09-26T12:35:36Z,c48f042c91328d4d0c6351fc82286879,2026-09-26T17:30:00Z,Maryland Terrapins,UCLA Bruins,draftkings,DraftKings,2026-09-26T12:34:55Z,2026-09-26T12:34:54Z,UCLA Bruins,-1.5,-110.0,2026,2026-09-26T12:35:36Z,1070,12.416874875173544,7.790543227887867,7.126331647285677,b4347a6d6451334b228bf748d98cbd30b34b222852b6631cc98ff41b5e407018,timestamped_live_quote,FBS vs FBS
2026-09-26T12:35:36Z,c48f042c91328d4d0c6351fc82286879,2026-09-26T17:30:00Z,Maryland Terrapins,UCLA Bruins,fanduel,FanDuel,2026-09-26T12:35:11Z,2026-09-26T12:35:11Z,Maryland Terrapins,1.5,-106.0,2026,2026-09-26T12:35:36Z,1070,12.416874875173544,7.790543227887867,7.126331647285677,b4347a6d6451334b228bf748d98cbd30b34b222852b6631cc98ff41b5e407018,timestamped_live_quote,FBS vs FBS
2026-09-26T12:35:36Z,c48f042c91328d4d0c6351fc82286879,2026-09-26T17:30:00Z,Maryland Terrapins,UCLA Bruins,fanduel,FanDuel,2026-09-26T12:35:11Z,2026-09-26T12:35:11Z,UCLA Bruins,-1.5,-114.0,2026,2026-09-26T12:35:36Z,1070,12.416874875173544,7.790543227887867,7.126331647285677,b4347a6d6451334b228bf748d98cbd30b34b222852b6631cc98ff41b5e407018,timestamped_live_quote,FBS vs FBS
2026-09-26T12:35:36Z,c48f042c91328d4d0c6351fc82286879,2026-09-26T17:30:00Z,Maryland Terrapins,UCLA Bruins,betrivers,BetRivers,2026-09-26T12:34:37Z,2026-09-26T12:34:37Z,Maryland Terrapins,1.5,-110.0,2026,2026-09-26T12:35:36Z,1070,12.416874875173544,7.790543227887867,7.126331647285677,b4347a6d6451334b228bf748d98cbd30b34b222852b6631cc98ff41b5e407018,timestamped_live_quote,FBS vs FBS
2026-09-26T12:35:36Z,c48f042c91328d4d0c6351fc82286879,2026-09-26T17:30:00Z,Maryland Terrapins,UCLA Bruins,betrivers,BetRivers,2026-09-26T12:34:37Z,2026-09-26T12:34:37Z,UCLA Bruins,-1.5,-113.0,2026,2026-09-26T12:35:36Z,1070,12.416874875173544,7.790543227887867,7.126331647285677,b4347a6d6451334b228bf748d98cbd30b34b222852b6631cc98ff41b5e407018,timestamped_live_quote,FBS vs FBS
2026-09-26T12:35:36Z,c48f042c91328d4d0c6351fc82286879,2026-09-26T17:30:00Z,Maryland Terrapins,UCLA Bruins,mybookieag,MyBookie.ag,2026-09-26T12:35:13Z,2026-09-26T12:35:13Z,Maryland Terrapins,1.5,-110.0,2026,2026-09-26T12:35:36Z,1070,12.416874875173544,7.790543227887867,7.126331647285677,b4347a6d6451334b228bf748d98cbd30b34b222852b6631cc98ff41b5e407018,timestamped_live_quote,FBS vs FBS
2026-09-26T12:35:36Z,c48f042c91328d4d0c6351fc82286879,2026-09-26T17:30:00Z,Maryland Terrapins,UCLA Bruins,mybookieag,MyBookie.ag,2026-09-26T12:35:13Z,2026-09-26T12:35:13Z,UCLA Bruins,-1.5,-110.0,2026,2026-09-26T12:35:36Z,1070,12.416874875173544,7.790543227887867,7.126331647285677,b4347a6d6451334b228bf748d98cbd30b34b222852b6631cc98ff41b5e407018,timestamped_live_quote,FBS vs FBS
2026-09-26T12:35:36Z,c48f042c91328d4d0c6351fc82286879,2026-09-26T17:30:00Z,Maryland Terrapins,UCLA Bruins,betonlineag,BetOnline.ag,2026-09-26T12:35:29Z,2026-09-26T12:35:29Z,Maryland Terrapins,1.5,-110.0,2026,2026-09-26T12:35:36Z,1070,12.416874875173544,7.790543227887867,7.126331647285677,b4347a6d6451334b228bf748d98cbd30b34b222852b6631cc98ff41b5e407018,timestamped_live_quote,FBS vs FBS
2026-09-26T12:35:36Z,c48f042c91328d4d0c6351fc82286879,2026-09-26T17:30:00Z,Maryland Terrapins,UCLA Bruins,betonlineag,BetOnline.ag,2026-09-26T12:35:29Z,2026-09-26T12:35:29Z,UCLA Bruins,-1.5,-110.0,2026,2026-09-26T12:35:36Z,1070,12.416874875173544,7.790543227887867,7.126331647285677,b4347a6d6451334b228bf748d98cbd30b34b222852b6631cc98ff41b5e407018,timestamped_live_quote,FBS vs FBS
2026-09-26T12:35:36Z,c48f042c91328d4d0c6351fc82286879,2026-09-26T17:30:00Z,Maryland Terrapins,UCLA Bruins,lowvig,LowVig.ag,2026-09-26T12:34:53Z,2026-09-26T12:34:53Z,Maryland Terrapins,1.5,-106.0,2026,2026-09-26T12:35:36Z,1070,12.416874875173544,7.790543227887867,7.126331647285677,b4347a6d6451334b228bf748d98cbd30b34b222852b6631cc98ff41b5e407018,timestamped_live_quote,FBS vs FBS
2026-09-26T12:35:36Z,c48f042c91328d4d0c6351fc82286879,2026-09-26T17:30:00Z,Maryland Terrapins,UCLA Bruins,lowvig,LowVig.ag,2026-09-26T12:34:53Z,2026-09-26T12:34:53Z,UCLA Bruins,-1.5,-106.0,2026,2026-09-26T12:35:36Z,1070,12.416874875173544,7.790543227887867,7.126331647285677,b4347a6d6451334b228bf748d98cbd30b34b222852b6631cc98ff41b5e407018,timestamped_live_quote,FBS vs FBS
2026-09-26T12:35:36Z,c48f042c91328d4d0c6351fc82286879,2026-09-26T17:30:00Z,Maryland Terrapins,UCLA Bruins,betus,BetUS,2026-09-26T12:35:11Z,2026-09-26T12:35:11Z,Maryland Terrapins,1.5,-110.0,2026,2026-09-26T12:35:36Z,1070,12.416874875173544,7.790543227887867,7.126331647285677,b4347a6d6451334b228bf748d98cbd30b34b222852b6631cc98ff41b5e407018,timestamped_live_quote,FBS vs FBS
2026-09-26T12:35:36Z,c48f042c91328d4d0c6351fc82286879,2026-09-26T17:30:00Z,Maryland Terrapins,UCLA Bruins,betus,BetUS,2026-09-26T12:35:11Z,2026-09-26T12:35:11Z,UCLA Bruins,-1.5,-110.0,2026,2026-09-26T12:35:36Z,1070,12.416874875173544,7.790543227887867,7.126331647285677,b4347a6d6451334b228bf748d98cbd30b34b222852b6631cc98ff41b5e407018,timestamped_live_quote,FBS vs FBS
2026-09-26T12:35:36Z,c48f042c91328d4d0c6351fc82286879,2026-09-26T17:30:00Z,Maryland Terrapins,UCLA Bruins,betmgm,BetMGM,2026-09-26T12:34:23Z,2026-09-26T12:34:22Z,Maryland Terrapins,1.5,-110.0,2026,2026-09-26T12:35:36Z,1070,12.416874875173544,7.790543227887867,7.126331647285677,b4347a6d6451334b228bf748d98cbd30b34b222852b6631cc98ff41b5e407018,timestamped_live_quote,FBS vs FBS
2026-09-26T12:35:36Z,c48f042c91328d4d0c6351fc82286879,2026-09-26T17:30:00Z,Maryland Terrapins,UCLA Bruins,betmgm,BetMGM,2026-09-26T12:34:23Z,2026-09-26T12:34:22Z,UCLA Bruins,-1.5,-110.0,2026,2026-09-26T12:35:36Z,1070,12.416874875173544,7.790543227887867,7.126331647285677,b4347a6d6451334b228bf748d98cbd30b34b222852b6631cc98ff41b5e407018,timestamped_live_quote,FBS vs FBS
2026-09-26T12:35:36Z,c48f042c91328d4d0c6351fc82286879,2026-09-26T17:30:00Z,Maryland Terrapins,UCLA Bruins,bovada,Bovada,2026-09-26T12:34:07Z,2026-09-26T12:34:07Z,Maryland Terrapins,1.5,-110.0,2026,2026-09-26T12:35:36Z,1070,12.416874875173544,7.790543227887867,7.126331647285677,b4347a6d6451334b228bf748d98cbd30b34b222852b6631cc98ff41b5e407018,timestamped_live_quote,FBS vs FBS
2026-09-26T12:35:36Z,c48f042c91328d4d0c6351fc82286879,2026-09-26T17:30:00Z,Maryland Terrapins,UCLA Bruins,bovada,Bovada,2026-09-26T12:34:07Z,2026-09-26T12:34:07Z,UCLA Bruins,-1.5,-110.0,2026,2026-09-26T12:35:36Z,1070,12.416874875173544,7.790543227887867,7.126331647285677,b4347a6d6451334b228bf748d98cbd30b34b222852b6631cc98ff41b5e407018,timestamped_live_quote,FBS vs FBS
2026-09-26T12:35:36Z,24fb2d1fd0598bde048322b6463e0c78,2026-09-26T18:00:00Z,Georgia State Panthers,Northern Illinois Huskies,fanduel,FanDuel,2026-09-26T12:35:11Z,2026-09-26T12:35:11Z,Georgia State Panthers,-10.5,-110.0,2026,2026-09-26T12:35:36Z,1070,7.77789098875348,-4.342384644205373,14.620275632958853,b4347a6d6451334b228bf748d98cbd30b34b222852b6631cc98ff41b5e407018,timestamped_live_quote,FBS vs FBS
2026-09-26T12:35:36Z,24fb2d1fd0598bde048322b6463e0c78,2026-09-26T18:00:00Z,Georgia State Panthers,Northern Illinois Huskies,fanduel,FanDuel,2026-09-26T12:35:11Z,2026-09-26T12:35:11Z,Northern Illinois Huskies,10.5,-110.0,2026,2026-09-26T12:35:36Z,1070,7.77789098875348,-4.342384644205373,14.620275632958853,b4347a6d6451334b228bf748d98cbd30b34b222852b6631cc98ff41b5e407018,timestamped_live_quote,FBS vs FBS
2026-09-26T12:35:36Z,24fb2d1fd0598bde048322b6463e0c78,2026-09-26T18:00:00Z,Georgia State Panthers,Northern Illinois Huskies,mybookieag,MyBookie.ag,2026-09-26T12:35:13Z,2026-09-26T12:35:13Z,Georgia State Panthers,-10.5,-110.0,2026,2026-09-26T12:35:36Z,1070,7.77789098875348,-4.342384644205373,14.620275632958853,b4347a6d6451334b228bf748d98cbd30b34b222852b6631cc98ff41b5e407018,timestamped_live_quote,FBS vs FBS
2026-09-26T12:35:36Z,24fb2d1fd0598bde048322b6463e0c78,2026-09-26T18:00:00Z,Georgia State Panthers,Northern Illinois Huskies,mybookieag,MyBookie.ag,2026-09-26T12:35:13Z,2026-09-26T12:35:13Z,Northern Illinois Huskies,10.5,-110.0,2026,2026-09-26T12:35:36Z,1070,7.77789098875348,-4.342384644205373,14.620275632958853,b4347a6d6451334b228bf748d98cbd30b34b222852b6631cc98ff41b5e407018,timestamped_live_quote,FBS vs FBS
2026-09-26T12:35:36Z,24fb2d1fd0598bde048322b6463e0c78,2026-09-26T18:00:00Z,Georgia State Panthers,Northern Illinois Huskies,betrivers,BetRivers,2026-09-26T12:34:37Z,2026-09-26T12:34:37Z,Georgia State Panthers,-10.0,-109.0,2026,2026-09-26T12:35:36Z,1070,7.77789098875348,-4.342384644205373,14.620275632958853,b4347a6d6451334b228bf748d98cbd30b34b222852b6631cc98ff41b5e407018,timestamped_live_quote,FBS vs FBS
2026-09-26T12:35:36Z,24fb2d1fd0598bde048322b6463e0c78,2026-09-26T18:00:00Z,Georgia State Panthers,Northern Illinois Huskies,betrivers,BetRivers,2026-09-26T12:34:37Z,2026-09-26T12:34:37Z,Northern Illinois Huskies,10.0,-113.0,2026,2026-09-26T12:35:36Z,1070,7.77789098875348,-4.342384644205373,14.620275632958853,b4347a6d6451334b228bf748d98cbd30b34b222852b6631cc98ff41b5e407018,timestamped_live_quote,FBS vs FBS
2026-09-26T12:35:36Z,24fb2d1fd0598bde048322b6463e0c78,2026-09-26T18:00:00Z,Georgia State Panthers,Northern Illinois Huskies,draftkings,DraftKings,2026-09-26T12:34:55Z,2026-09-26T12:34:54Z,Georgia State Panthers,-10.5,-108.0,2026,2026-09-26T12:35:36Z,1070,7.77789098875348,-4.342384644205373,14.620275632958853,b4347a6d6451334b228bf748d98cbd30b34b222852b6631cc98ff41b5e407018,timestamped_live_quote,FBS vs FBS
2026-09-26T12:35:36Z,24fb2d1fd0598bde048322b6463e0c78,2026-09-26T18:00:00Z,Georgia State Panthers,Northern Illinois Huskies,draftkings,DraftKings,2026-09-26T12:34:55Z,2026-09-26T12:34:54Z,Northern Illinois Huskies,10.5,-112.0,2026,2026-09-26T12:35:36Z,1070,7.77789098875348,-4.342384644205373,14.620275632958853,b4347a6d6451334b228bf748d98cbd30b34b222852b6631cc98ff41b5e407018,timestamped_live_quote,FBS vs FBS
2026-09-26T12:35:36Z,24fb2d1fd0598bde048322b6463e0c78,2026-09-26T18:00:00Z,Georgia State Panthers,Northern Illinois Huskies,lowvig,LowVig.ag,2026-09-26T12:34:53Z,2026-09-26T12:34:53Z,Georgia State Panthers,-10.5,-103.0,2026,2026-09-26T12:35:36Z,1070,7.77789098875348,-4.342384644205373,14.620275632958853,b4347a6d6451334b228bf748d98cbd30b34b222852b6631cc98ff41b5e407018,timestamped_live_quote,FBS vs FBS
2026-09-26T12:35:36Z,24fb2d1fd0598bde048322b6463e0c78,2026-09-26T18:00:00Z,Georgia State Panthers,Northern Illinois Huskies,lowvig,LowVig.ag,2026-09-26T12:34:53Z,2026-09-26T12:34:53Z,Northern Illinois Huskies,10.5,-109.0,2026,2026-09-26T12:35:36Z,1070,7.77789098875348,-4.342384644205373,14.620275632958853,b4347a6d6451334b228bf748d98cbd30b34b222852b6631cc98ff41b5e407018,timestamped_live_quote,FBS vs FBS
2026-09-26T12:35:36Z,24fb2d1fd0598bde048322b6463e0c78,2026-09-26T18:00:00Z,Georgia State Panthers,Northern Illinois Huskies,betonlineag,BetOnline.ag,2026-09-26T12:35:29Z,2026-09-26T12:35:29Z,Georgia State Panthers,-10.5,-107.0,2026,2026-09-26T12:35:36Z,1070,7.77789098875348,-4.342384644205373,14.620275632958853,b4347a6d6451334b228bf748d98cbd30b34b222852b6631cc98ff41b5e407018,timestamped_live_quote,FBS vs FBS
2026-09-26T12:35:36Z,24fb2d1fd0598bde048322b6463e0c78,2026-09-26T18:00:00Z,Georgia State Panthers,Northern Illinois Huskies,betonlineag,BetOnline.ag,2026-09-26T12:35:29Z,2026-09-26T12:35:29Z,Northern Illinois Huskies,10.5,-113.0,2026,2026-09-26T12:35:36Z,1070,7.77789098875348,-4.342384644205373,14.620275632958853,b4347a6d6451334b228bf748d98cbd30b34b222852b6631cc98ff41b5e407018,timestamped_live_quote,FBS vs FBS
2026-09-26T12:35:36Z,24fb2d1fd0598bde048322b6463e0c78,2026-09-26T18:00:00Z,Georgia State Panthers,Northern Illinois Huskies,betmgm,BetMGM,2026-09-26T12:34:23Z,2026-09-26T12:34:22Z,Georgia State Panthers,-10.5,-108.0,2026,2026-09-26T12:35:36Z,1070,7.77789098875348,-4.342384644205373,14.620275632958853,b4347a6d6451334b228bf748d98cbd30b34b222852b6631cc98ff41b5e407018,timestamped_live_quote,FBS vs FBS
2026-09-26T12:35:36Z,24fb2d1fd0598bde048322b6463e0c78,2026-09-26T18:00:00Z,Georgia State Panthers,Northern Illinois Huskies,betmgm,BetMGM,2026-09-26T12:34:23Z,2026-09-26T12:34:22Z,Northern Illinois Huskies,10.5,-110.0,2026,2026-09-26T12:35:36Z,1070,7.77789098875348,-4.342384644205373,14.620275632958853,b4347a6d6451334b228bf748d98cbd30b34b222852b6631cc98ff41b5e407018,timestamped_live_quote,FBS vs FBS
2026-09-26T12:35:36Z,24fb2d1fd0598bde048322b6463e0c78,2026-09-26T18:00:00Z,Georgia State Panthers,Northern Illinois Huskies,betus,BetUS,2026-09-26T12:35:11Z,2026-09-26T12:35:11Z,Georgia State Panthers,-10.5,-105.0,2026,2026-09-26T12:35:36Z,1070,7.77789098875348,-4.342384644205373,14.620275632958853,b4347a6d6451334b228bf748d98cbd30b34b222852b6631cc98ff41b5e407018,timestamped_live_quote,FBS vs FBS
2026-09-26T12:35:36Z,24fb2d1fd0598bde048322b6463e0c78,2026-09-26T18:00:00Z,Georgia State Panthers,Northern Illinois Huskies,betus,BetUS,2026-09-26T12:35:11Z,2026-09-26T12:35:11Z,Northern Illinois Huskies,10.5,-115.0,2026,2026-09-26T12:35:36Z,1070,7.77789098875348,-4.342384644205373,14.620275632958853,b4347a6d6451334b228bf748d98cbd30b34b222852b6631cc98ff41b5e407018,timestamped_live_quote,FBS vs FBS
2026-09-26T12:35:36Z,24fb2d1fd0598bde048322b6463e0c78,2026-09-26T18:00:00Z,Georgia State Panthers,Northern Illinois Huskies,bovada,Bovada,2026-09-26T12:34:07Z,2026-09-26T12:34:07Z,Georgia State Panthers,-10.5,-105.0,2026,2026-09-26T12:35:36Z,1070,7.77789098875348,-4.342384644205373,14.620275632958853,b4347a6d6451334b228bf748d98cbd30b34b222852b6631cc98ff41b5e407018,timestamped_live_quote,FBS vs FBS
2026-09-26T12:35:36Z,24fb2d1fd0598bde048322b6463e0c78,2026-09-26T18:00:00Z,Georgia State Panthers,Northern Illinois Huskies,bovada,Bovada,2026-09-26T12:34:07Z,2026-09-26T12:34:07Z,Northern Illinois Huskies,10.5,-115.0,2026,2026-09-26T12:35:36Z,1070,7.77789098875348,-4.342384644205373,14.620275632958853,b4347a6d6451334b228bf748d98cbd30b34b222852b6631cc98ff41b5e407018,timestamped_live_quote,FBS vs FBS
2026-09-26T12:35:36Z,bf2cffa30d89eb2ce1b4d0f91561f66d,2026-09-26T18:00:00Z,Purdue Boilermakers,Notre Dame Fighting Irish,fanduel,FanDuel,2026-09-26T12:35:11Z,2026-09-26T12:35:10Z,Notre Dame Fighting Irish,-27.5,-118.0,2026,2026-09-26T12:35:36Z,1070,2.511501592724596,14.392368069487839,-9.380866476763243,b4347a6d6451334b228bf748d98cbd30b34b222852b6631cc98ff41b5e407018,timestamped_live_quote,FBS vs FBS
2026-09-26T12:35:36Z,bf2cffa30d89eb2ce1b4d0f91561f66d,2026-09-26T18:00:00Z,Purdue Boilermakers,Notre Dame Fighting Irish,fanduel,FanDuel,2026-09-26T12:35:11Z,2026-09-26T12:35:10Z,Purdue Boilermakers,27.5,-104.0,2026,2026-09-26T12:35:36Z,1070,2.511501592724596,14.392368069487839,-9.380866476763243,b4347a6d6451334b228bf748d98cbd30b34b222852b6631cc98ff41b5e407018,timestamped_live_quote,FBS vs FBS
2026-09-26T12:35:36Z,bf2cffa30d89eb2ce1b4d0f91561f66d,2026-09-26T18:00:00Z,Purdue Boilermakers,Notre Dame Fighting Irish,draftkings,DraftKings,2026-09-26T12:34:55Z,2026-09-26T12:34:54Z,Notre Dame Fighting Irish,-27.5,-112.0,2026,2026-09-26T12:35:36Z,1070,2.511501592724596,14.392368069487839,-9.380866476763243,b4347a6d6451334b228bf748d98cbd30b34b222852b6631cc98ff41b5e407018,timestamped_live_quote,FBS vs FBS
2026-09-26T12:35:36Z,bf2cffa30d89eb2ce1b4d0f91561f66d,2026-09-26T18:00:00Z,Purdue Boilermakers,Notre Dame Fighting Irish,draftkings,DraftKings,2026-09-26T12:34:55Z,2026-09-26T12:34:54Z,Purdue Boilermakers,27.5,-108.0,2026,2026-09-26T12:35:36Z,1070,2.511501592724596,14.392368069487839,-9.380866476763243,b4347a6d6451334b228bf748d98cbd30b34b222852b6631cc98ff41b5e407018,timestamped_live_quote,FBS vs FBS
2026-09-26T12:35:36Z,bf2cffa30d89eb2ce1b4d0f91561f66d,2026-09-26T18:00:00Z,Purdue Boilermakers,Notre Dame Fighting Irish,mybookieag,MyBookie.ag,2026-09-26T12:35:13Z,2026-09-26T12:35:13Z,Notre Dame Fighting Irish,-27.5,-110.0,2026,2026-09-26T12:35:36Z,1070,2.511501592724596,14.392368069487839,-9.380866476763243,b4347a6d6451334b228bf748d98cbd30b34b222852b6631cc98ff41b5e407018,timestamped_live_quote,FBS vs FBS
2026-09-26T12:35:36Z,bf2cffa30d89eb2ce1b4d0f91561f66d,2026-09-26T18:00:00Z,Purdue Boilermakers,Notre Dame Fighting Irish,mybookieag,MyBookie.ag,2026-09-26T12:35:13Z,2026-09-26T12:35:13Z,Purdue Boilermakers,27.5,-110.0,2026,2026-09-26T12:35:36Z,1070,2.511501592724596,14.392368069487839,-9.380866476763243,b4347a6d6451334b228bf748d98cbd30b34b222852b6631cc98ff41b5e407018,timestamped_live_quote,FBS vs FBS
2026-09-26T12:35:36Z,bf2cffa30d89eb2ce1b4d0f91561f66d,2026-09-26T18:00:00Z,Purdue Boilermakers,Notre Dame Fighting Irish,betrivers,BetRivers,2026-09-26T12:34:37Z,2026-09-26T12:34:37Z,Notre Dame Fighting Irish,-27.5,-109.0,2026,2026-09-26T12:35:36Z,1070,2.511501592724596,14.392368069487839,-9.380866476763243,b4347a6d6451334b228bf748d98cbd30b34b222852b6631cc98ff41b5e407018,timestamped_live_quote,FBS vs FBS
2026-09-26T12:35:36Z,bf2cffa30d89eb2ce1b4d0f91561f66d,2026-09-26T18:00:00Z,Purdue Boilermakers,Notre Dame Fighting Irish,betrivers,BetRivers,2026-09-26T12:34:37Z,2026-09-26T12:34:37Z,Purdue Boilermakers,27.5,-114.0,2026,2026-09-26T12:35:36Z,1070,2.511501592724596,14.392368069487839,-9.380866476763243,b4347a6d6451334b228bf748d98cbd30b34b222852b6631cc98ff41b5e407018,timestamped_live_quote,FBS vs FBS
2026-09-26T12:35:36Z,bf2cffa30d89eb2ce1b4d0f91561f66d,2026-09-26T18:00:00Z,Purdue Boilermakers,Notre Dame Fighting Irish,betonlineag,BetOnline.ag,2026-09-26T12:35:29Z,2026-09-26T12:35:29Z,Notre Dame Fighting Irish,-27.0,-110.0,2026,2026-09-26T12:35:36Z,1070,2.511501592724596,14.392368069487839,-9.380866476763243,b4347a6d6451334b228bf748d98cbd30b34b222852b6631cc98ff41b5e407018,timestamped_live_quote,FBS vs FBS
2026-09-26T12:35:36Z,bf2cffa30d89eb2ce1b4d0f91561f66d,2026-09-26T18:00:00Z,Purdue Boilermakers,Notre Dame Fighting Irish,betonlineag,BetOnline.ag,2026-09-26T12:35:29Z,2026-09-26T12:35:29Z,Purdue Boilermakers,27.0,-110.0,2026,2026-09-26T12:35:36Z,1070,2.511501592724596,14.392368069487839,-9.380866476763243,b4347a6d6451334b228bf748d98cbd30b34b222852b6631cc98ff41b5e407018,timestamped_live_quote,FBS vs FBS
2026-09-26T12:35:36Z,bf2cffa30d89eb2ce1b4d0f91561f66d,2026-09-26T18:00:00Z,Purdue Boilermakers,Notre Dame Fighting Irish,lowvig,LowVig.ag,2026-09-26T12:34:53Z,2026-09-26T12:34:53Z,Notre Dame Fighting Irish,-27.0,-106.0,2026,2026-09-26T12:35:36Z,1070,2.511501592724596,14.392368069487839,-9.380866476763243,b4347a6d6451334b228bf748d98cbd30b34b222852b6631cc98ff41b5e407018,timestamped_live_quote,FBS vs FBS
2026-09-26T12:35:36Z,bf2cffa30d89eb2ce1b4d0f91561f66d,2026-09-26T18:00:00Z,Purdue Boilermakers,Notre Dame Fighting Irish,lowvig,LowVig.ag,2026-09-26T12:34:53Z,2026-09-26T12:34:53Z,Purdue Boilermakers,27.0,-106.0,2026,2026-09-26T12:35:36Z,1070,2.511501592724596,14.392368069487839,-9.380866476763243,b4347a6d6451334b228bf748d98cbd30b34b222852b6631cc98ff41b5e407018,timestamped_live_quote,FBS vs FBS
2026-09-26T12:35:36Z,bf2cffa30d89eb2ce1b4d0f91561f66d,2026-09-26T18:00:00Z,Purdue Boilermakers,Notre Dame Fighting Irish,betmgm,BetMGM,2026-09-26T12:34:23Z,2026-09-26T12:34:22Z,Notre Dame Fighting Irish,-27.5,-108.0,2026,2026-09-26T12:35:36Z,1070,2.511501592724596,14.392368069487839,-9.380866476763243,b4347a6d6451334b228bf748d98cbd30b34b222852b6631cc98ff41b5e407018,timestamped_live_quote,FBS vs FBS
2026-09-26T12:35:36Z,bf2cffa30d89eb2ce1b4d0f91561f66d,2026-09-26T18:00:00Z,Purdue Boilermakers,Notre Dame Fighting Irish,betmgm,BetMGM,2026-09-26T12:34:23Z,2026-09-26T12:34:22Z,Purdue Boilermakers,27.5,-110.0,2026,2026-09-26T12:35:36Z,1070,2.511501592724596,14.392368069487839,-9.380866476763243,b4347a6d6451334b228bf748d98cbd30b34b222852b6631cc98ff41b5e407018,timestamped_live_quote,FBS vs FBS
2026-09-26T12:35:36Z,bf2cffa30d89eb2ce1b4d0f91561f66d,2026-09-26T18:00:00Z,Purdue Boilermakers,Notre Dame Fighting Irish,betus,BetUS,2026-09-26T12:35:11Z,2026-09-26T12:35:11Z,Notre Dame Fighting Irish,-27.0,-110.0,2026,2026-09-26T12:35:36Z,1070,2.511501592724596,14.392368069487839,-9.380866476763243,b4347a6d6451334b228bf748d98cbd30b34b222852b6631cc98ff41b5e407018,timestamped_live_quote,FBS vs FBS
2026-09-26T12:35:36Z,bf2cffa30d89eb2ce1b4d0f91561f66d,2026-09-26T18:00:00Z,Purdue Boilermakers,Notre Dame Fighting Irish,betus,BetUS,2026-09-26T12:35:11Z,2026-09-26T12:35:11Z,Purdue Boilermakers,27.0,-110.0,2026,2026-09-26T12:35:36Z,1070,2.511501592724596,14.392368069487839,-9.380866476763243,b4347a6d6451334b228bf748d98cbd30b34b222852b6631cc98ff41b5e407018,timestamped_live_quote,FBS vs FBS
2026-09-26T12:35:36Z,bf2cffa30d89eb2ce1b4d0f91561f66d,2026-09-26T18:00:00Z,Purdue Boilermakers,Notre Dame Fighting Irish,bovada,Bovada,2026-09-26T12:34:07Z,2026-09-26T12:34:07Z,Notre Dame Fighting Irish,-28.0,100.0,2026,2026-09-26T12:35:36Z,1070,2.511501592724596,14.392368069487839,-9.380866476763243,b4347a6d6451334b228bf748d98cbd30b34b222852b6631cc98ff41b5e407018,timestamped_live_quote,FBS vs FBS
2026-09-26T12:35:36Z,bf2cffa30d89eb2ce1b4d0f91561f66d,2026-09-26T18:00:00Z,Purdue Boilermakers,Notre Dame Fighting Irish,bovada,Bovada,2026-09-26T12:34:07Z,2026-09-26T12:34:07Z,Purdue Boilermakers,28.0,-120.0,2026,2026-09-26T12:35:36Z,1070,2.511501592724596,14.392368069487839,-9.380866476763243,b4347a6d6451334b228bf748d98cbd30b34b222852b6631cc98ff41b5e407018,timestamped_live_quote,FBS vs FBS
2026-09-26T12:35:36Z,752cd9cc9331543601fd37f21b8c7430,2026-09-26T19:00:00Z,Florida State Seminoles,Central Arkansas Bears,fanduel,FanDuel,2026-09-26T12:35:11Z,2026-09-26T12:35:11Z,Central Arkansas Bears,46.5,-105.0,2026,2026-09-26T12:35:36Z,1070,,,,b4347a6d6451334b228bf748d98cbd30b34b222852b6631cc98ff41b5e407018,division_safety_suppressed,Unverified division / FCS: model suppressed
2026-09-26T12:35:36Z,752cd9cc9331543601fd37f21b8c7430,2026-09-26T19:00:00Z,Florida State Seminoles,Central Arkansas Bears,fanduel,FanDuel,2026-09-26T12:35:11Z,2026-09-26T12:35:11Z,Florida State Seminoles,-46.5,-115.0,2026,2026-09-26T12:35:36Z,1070,,,,b4347a6d6451334b228bf748d98cbd30b34b222852b6631cc98ff41b5e407018,division_safety_suppressed,Unverified division / FCS: model suppressed
2026-09-26T12:35:36Z,752cd9cc9331543601fd37f21b8c7430,2026-09-26T19:00:00Z,Florida State Seminoles,Central Arkansas Bears,betrivers,BetRivers,2026-09-26T12:34:37Z,2026-09-26T12:34:37Z,Central Arkansas Bears,46.0,-109.0,2026,2026-09-26T12:35:36Z,1070,,,,b4347a6d6451334b228bf748d98cbd30b34b222852b6631cc98ff41b5e407018,division_safety_suppressed,Unverified division / FCS: model suppressed
2026-09-26T12:35:36Z,752cd9cc9331543601fd37f21b8c7430,2026-09-26T19:00:00Z,Florida State Seminoles,Central Arkansas Bears,betrivers,BetRivers,2026-09-26T12:34:37Z,2026-09-26T12:34:37Z,Florida State Seminoles,-46.0,-114.0,2026,2026-09-26T12:35:36Z,1070,,,,b4347a6d6451334b228bf748d98cbd30b34b222852b6631cc98ff41b5e407018,division_safety_suppressed,Unverified division / FCS: model suppressed
2026-09-26T12:35:36Z,752cd9cc9331543601fd37f21b8c7430,2026-09-26T19:00:00Z,Florida State Seminoles,Central Arkansas Bears,draftkings,DraftKings,2026-09-26T12:34:55Z,2026-09-26T12:34:54Z,Central Arkansas Bears,46.5,-115.0,2026,2026-09-26T12:35:36Z,1070,,,,b4347a6d6451334b228bf748d98cbd30b34b222852b6631cc98ff41b5e407018,division_safety_suppressed,Unverified division / FCS: model suppressed
2026-09-26T12:35:36Z,752cd9cc9331543601fd37f21b8c7430,2026-09-26T19:00:00Z,Florida State Seminoles,Central Arkansas Bears,draftkings,DraftKings,2026-09-26T12:34:55Z,2026-09-26T12:34:54Z,Florida State Seminoles,-46.5,-105.0,2026,2026-09-26T12:35:36Z,1070,,,,b4347a6d6451334b228bf748d98cbd30b34b222852b6631cc98ff41b5e407018,division_safety_suppressed,Unverified division / FCS: model suppressed
2026-09-26T12:35:36Z,752cd9cc9331543601fd37f21b8c7430,2026-09-26T19:00:00Z,Florida State Seminoles,Central Arkansas Bears,lowvig,LowVig.ag,2026-09-26T12:34:53Z,2026-09-26T12:34:53Z,Central Arkansas Bears,45.5,-110.0,2026,2026-09-26T12:35:36Z,1070,,,,b4347a6d6451334b228bf748d98cbd30b34b222852b6631cc98ff41b5e407018,division_safety_suppressed,Unverified division / FCS: model suppressed
2026-09-26T12:35:36Z,752cd9cc9331543601fd37f21b8c7430,2026-09-26T19:00:00Z,Florida State Seminoles,Central Arkansas Bears,lowvig,LowVig.ag,2026-09-26T12:34:53Z,2026-09-26T12:34:53Z,Florida State Seminoles,-45.5,-110.0,2026,2026-09-26T12:35:36Z,1070,,,,b4347a6d6451334b228bf748d98cbd30b34b222852b6631cc98ff41b5e407018,division_safety_suppressed,Unverified division / FCS: model suppressed
2026-09-26T12:35:36Z,752cd9cc9331543601fd37f21b8c7430,2026-09-26T19:00:00Z,Florida State Seminoles,Central Arkansas Bears,betonlineag,BetOnline.ag,2026-09-26T12:35:29Z,2026-09-26T12:35:29Z,Central Arkansas Bears,45.5,-110.0,2026,2026-09-26T12:35:36Z,1070,,,,b4347a6d6451334b228bf748d98cbd30b34b222852b6631cc98ff41b5e407018,division_safety_suppressed,Unverified division / FCS: model suppressed
2026-09-26T12:35:36Z,752cd9cc9331543601fd37f21b8c7430,2026-09-26T19:00:00Z,Florida State Seminoles,Central Arkansas Bears,betonlineag,BetOnline.ag,2026-09-26T12:35:29Z,2026-09-26T12:35:29Z,Florida State Seminoles,-45.5,-110.0,2026,2026-09-26T12:35:36Z,1070,,,,b4347a6d6451334b228bf748d98cbd30b34b222852b6631cc98ff41b5e407018,division_safety_suppressed,Unverified division / FCS: model suppressed
2026-09-26T12:35:36Z,752cd9cc9331543601fd37f21b8c7430,2026-09-26T19:00:00Z,Florida State Seminoles,Central Arkansas Bears,bovada,Bovada,2026-09-26T12:34:07Z,2026-09-26T12:34:07Z,Central Arkansas Bears,46.5,-115.0,2026,2026-09-26T12:35:36Z,1070,,,,b4347a6d6451334b228bf748d98cbd30b34b222852b6631cc98ff41b5e407018,division_safety_suppressed,Unverified division / FCS: model suppressed
2026-09-26T12:35:36Z,752cd9cc9331543601fd37f21b8c7430,2026-09-26T19:00:00Z,Florida State Seminoles,Central Arkansas Bears,bovada,Bovada,2026-09-26T12:34:07Z,2026-09-26T12:34:07Z,Florida State Seminoles,-46.5,-105.0,2026,2026-09-26T12:35:36Z,1070,,,,b4347a6d6451334b228bf748d98cbd30b34b222852b6631cc98ff41b5e407018,division_safety_suppressed,Unverified division / FCS: model suppressed
2026-09-26T12:35:36Z,fc7c77e060e8ba29a61de994be1497c0,2026-09-26T19:00:00Z,Wyoming Cowboys,Hawaii Rainbow Warriors,fanduel,FanDuel,2026-09-26T12:35:11Z,2026-09-26T12:35:11Z,Hawaii Rainbow Warriors,-2.5,-120.0,2026,2026-09-26T12:35:36Z,1070,-3.3349428697353027,-3.8984818676493806,3.063538997914078,b4347a6d6451334b228bf748d98cbd30b34b222852b6631cc98ff41b5e407018,timestamped_live_quote,FBS vs FBS
2026-09-26T12:35:36Z,fc7c77e060e8ba29a61de994be1497c0,2026-09-26T19:00:00Z,Wyoming Cowboys,Hawaii Rainbow Warriors,fanduel,FanDuel,2026-09-26T12:35:11Z,2026-09-26T12:35:11Z,Wyoming Cowboys,2.5,-102.0,2026,2026-09-26T12:35:36Z,1070,-3.3349428697353027,-3.8984818676493806,3.063538997914078,b4347a6d6451334b228bf748d98cbd30b34b222852b6631cc98ff41b5e407018,timestamped_live_quote,FBS vs FBS
2026-09-26T12:35:36Z,fc7c77e060e8ba29a61de994be1497c0,2026-09-26T19:00:00Z,Wyoming Cowboys,Hawaii Rainbow Warriors,mybookieag,MyBookie.ag,2026-09-26T12:35:13Z,2026-09-26T12:35:13Z,Hawaii Rainbow Warriors,-2.5,-110.0,2026,2026-09-26T12:35:36Z,1070,-3.3349428697353027,-3.8984818676493806,3.063538997914078,b4347a6d6451334b228bf748d98cbd30b34b222852b6631cc98ff41b5e407018,timestamped_live_quote,FBS vs FBS
2026-09-26T12:35:36Z,fc7c77e060e8ba29a61de994be1497c0,2026-09-26T19:00:00Z,Wyoming Cowboys,Hawaii Rainbow Warriors,mybookieag,MyBookie.ag,2026-09-26T12:35:13Z,2026-09-26T12:35:13Z,Wyoming Cowboys,2.5,-110.0,2026,2026-09-26T12:35:36Z,1070,-3.3349428697353027,-3.8984818676493806,3.063538997914078,b4347a6d6451334b228bf748d98cbd30b34b222852b6631cc98ff41b5e407018,timestamped_live_quote,FBS vs FBS
2026-09-26T12:35:36Z,fc7c77e060e8ba29a61de994be1497c0,2026-09-26T19:00:00Z,Wyoming Cowboys,Hawaii Rainbow Warriors,betrivers,BetRivers,2026-09-26T12:34:37Z,2026-09-26T12:34:37Z,Hawaii Rainbow Warriors,-2.0,-112.0,2026,2026-09-26T12:35:36Z,1070,-3.3349428697353027,-3.8984818676493806,3.063538997914078,b4347a6d6451334b228bf748d98cbd30b34b222852b6631cc98ff41b5e407018,timestamped_live_quote,FBS vs FBS
2026-09-26T12:35:36Z,fc7c77e060e8ba29a61de994be1497c0,2026-09-26T19:00:00Z,Wyoming Cowboys,Hawaii Rainbow Warriors,betrivers,BetRivers,2026-09-26T12:34:37Z,2026-09-26T12:34:37Z,Wyoming Cowboys,2.0,-110.0,2026,2026-09-26T12:35:36Z,1070,-3.3349428697353027,-3.8984818676493806,3.063538997914078,b4347a6d6451334b228bf748d98cbd30b34b222852b6631cc98ff41b5e407018,timestamped_live_quote,FBS vs FBS
2026-09-26T12:35:36Z,fc7c77e060e8ba29a61de994be1497c0,2026-09-26T19:00:00Z,Wyoming Cowboys,Hawaii Rainbow Warriors,draftkings,DraftKings,2026-09-26T12:34:55Z,2026-09-26T12:34:54Z,Hawaii Rainbow Warriors,-2.5,-110.0,2026,2026-09-26T12:35:36Z,1070,-3.3349428697353027,-3.8984818676493806,3.063538997914078,b4347a6d6451334b228bf748d98cbd30b34b222852b6631cc98ff41b5e407018,timestamped_live_quote,FBS vs FBS
2026-09-26T12:35:36Z,fc7c77e060e8ba29a61de994be1497c0,2026-09-26T19:00:00Z,Wyoming Cowboys,Hawaii Rainbow Warriors,draftkings,DraftKings,2026-09-26T12:34:55Z,2026-09-26T12:34:54Z,Wyoming Cowboys,2.5,-110.0,2026,2026-09-26T12:35:36Z,1070,-3.3349428697353027,-3.8984818676493806,3.063538997914078,b4347a6d6451334b228bf748d98cbd30b34b222852b6631cc98ff41b5e407018,timestamped_live_quote,FBS vs FBS
2026-09-26T12:35:36Z,fc7c77e060e8ba29a61de994be1497c0,2026-09-26T19:00:00Z,Wyoming Cowboys,Hawaii Rainbow Warriors,betonlineag,BetOnline.ag,2026-09-26T12:35:29Z,2026-09-26T12:35:29Z,Hawaii Rainbow Warriors,-2.0,-108.0,2026,2026-09-26T12:35:36Z,1070,-3.3349428697353027,-3.8984818676493806,3.063538997914078,b4347a6d6451334b228bf748d98cbd30b34b222852b6631cc98ff41b5e407018,timestamped_live_quote,FBS vs FBS
2026-09-26T12:35:36Z,fc7c77e060e8ba29a61de994be1497c0,2026-09-26T19:00:00Z,Wyoming Cowboys,Hawaii Rainbow Warriors,betonlineag,BetOnline.ag,2026-09-26T12:35:29Z,2026-09-26T12:35:29Z,Wyoming Cowboys,2.0,-112.0,2026,2026-09-26T12:35:36Z,1070,-3.3349428697353027,-3.8984818676493806,3.063538997914078,b4347a6d6451334b228bf748d98cbd30b34b222852b6631cc98ff41b5e407018,timestamped_live_quote,FBS vs FBS
2026-09-26T12:35:36Z,fc7c77e060e8ba29a61de994be1497c0,2026-09-26T19:00:00Z,Wyoming Cowboys,Hawaii Rainbow Warriors,lowvig,LowVig.ag,2026-09-26T12:34:53Z,2026-09-26T12:34:53Z,Hawaii Rainbow Warriors,-2.0,-104.0,2026,2026-09-26T12:35:36Z,1070,-3.3349428697353027,-3.8984818676493806,3.063538997914078,b4347a6d6451334b228bf748d98cbd30b34b222852b6631cc98ff41b5e407018,timestamped_live_quote,FBS vs FBS
2026-09-26T12:35:36Z,fc7c77e060e8ba29a61de994be1497c0,2026-09-26T19:00:00Z,Wyoming Cowboys,Hawaii Rainbow Warriors,lowvig,LowVig.ag,2026-09-26T12:34:53Z,2026-09-26T12:34:53Z,Wyoming Cowboys,2.0,-108.0,2026,2026-09-26T12:35:36Z,1070,-3.3349428697353027,-3.8984818676493806,3.063538997914078,b4347a6d6451334b228bf748d98cbd30b34b222852b6631cc98ff41b5e407018,timestamped_live_quote,FBS vs FBS
2026-09-26T12:35:36Z,fc7c77e060e8ba29a61de994be1497c0,2026-09-26T19:00:00Z,Wyoming Cowboys,Hawaii Rainbow Warriors,betmgm,BetMGM,2026-09-26T12:34:23Z,2026-09-26T12:34:22Z,Hawaii Rainbow Warriors,-2.5,-110.0,2026,2026-09-26T12:35:36Z,1070,-3.3349428697353027,-3.8984818676493806,3.063538997914078,b4347a6d6451334b228bf748d98cbd30b34b222852b6631cc98ff41b5e407018,timestamped_live_quote,FBS vs FBS
2026-09-26T12:35:36Z,fc7c77e060e8ba29a61de994be1497c0,2026-09-26T19:00:00Z,Wyoming Cowboys,Hawaii Rainbow Warriors,betmgm,BetMGM,2026-09-26T12:34:23Z,2026-09-26T12:34:22Z,Wyoming Cowboys,2.5,-108.0,2026,2026-09-26T12:35:36Z,1070,-3.3349428697353027,-3.8984818676493806,3.063538997914078,b4347a6d6451334b228bf748d98cbd30b34b222852b6631cc98ff41b5e407018,timestamped_live_quote,FBS vs FBS
2026-09-26T12:35:36Z,fc7c77e060e8ba29a61de994be1497c0,2026-09-26T19:00:00Z,Wyoming Cowboys,Hawaii Rainbow Warriors,betus,BetUS,2026-09-26T12:35:11Z,2026-09-26T12:35:11Z,Hawaii Rainbow Warriors,-2.5,-110.0,2026,2026-09-26T12:35:36Z,1070,-3.3349428697353027,-3.8984818676493806,3.063538997914078,b4347a6d6451334b228bf748d98cbd30b34b222852b6631cc98ff41b5e407018,timestamped_live_quote,FBS vs FBS
2026-09-26T12:35:36Z,fc7c77e060e8ba29a61de994be1497c0,2026-09-26T19:00:00Z,Wyoming Cowboys,Hawaii Rainbow Warriors,betus,BetUS,2026-09-26T12:35:11Z,2026-09-26T12:35:11Z,Wyoming Cowboys,2.5,-110.0,2026,2026-09-26T12:35:36Z,1070,-3.3349428697353027,-3.8984818676493806,3.063538997914078,b4347a6d6451334b228bf748d98cbd30b34b222852b6631cc98ff41b5e407018,timestamped_live_quote,FBS vs FBS
2026-09-26T12:35:36Z,fc7c77e060e8ba29a61de994be1497c0,2026-09-26T19:00:00Z,Wyoming Cowboys,Hawaii Rainbow Warriors,bovada,Bovada,2026-09-26T12:34:07Z,2026-09-26T12:34:07Z,Hawaii Rainbow Warriors,-2.5,-110.0,2026,2026-09-26T12:35:36Z,1070,-3.3349428697353027,-3.8984818676493806,3.063538997914078,b4347a6d6451334b228bf748d98cbd30b34b222852b6631cc98ff41b5e407018,timestamped_live_quote,FBS vs FBS
2026-09-26T12:35:36Z,fc7c77e060e8ba29a61de994be1497c0,2026-09-26T19:00:00Z,Wyoming Cowboys,Hawaii Rainbow Warriors,bovada,Bovada,2026-09-26T12:34:07Z,2026-09-26T12:34:07Z,Wyoming Cowboys,2.5,-110.0,2026,2026-09-26T12:35:36Z,1070,-3.3349428697353027,-3.8984818676493806,3.063538997914078,b4347a6d6451334b228bf748d98cbd30b34b222852b6631cc98ff41b5e407018,timestamped_live_quote,FBS vs FBS
2026-09-26T12:35:36Z,f0985218c2ed146bb0295c4e9c4a0dd7,2026-09-26T19:30:00Z,Western Michigan Broncos,Boise State Broncos,draftkings,DraftKings,2026-09-26T12:34:55Z,2026-09-26T12:34:54Z,Boise State Broncos,-7.5,-102.0,2026,2026-09-26T12:35:36Z,1070,6.510636433104894,6.206081072038236,2.804555361066658,b4347a6d6451334b228bf748d98cbd30b34b222852b6631cc98ff41b5e407018,timestamped_live_quote,FBS vs FBS
2026-09-26T12:35:36Z,f0985218c2ed146bb0295c4e9c4a0dd7,2026-09-26T19:30:00Z,Western Michigan Broncos,Boise State Broncos,draftkings,DraftKings,2026-09-26T12:34:55Z,2026-09-26T12:34:54Z,Western Michigan Broncos,7.5,-118.0,2026,2026-09-26T12:35:36Z,1070,6.510636433104894,6.206081072038236,2.804555361066658,b4347a6d6451334b228bf748d98cbd30b34b222852b6631cc98ff41b5e407018,timestamped_live_quote,FBS vs FBS
2026-09-26T12:35:36Z,f0985218c2ed146bb0295c4e9c4a0dd7,2026-09-26T19:30:00Z,Western Michigan Broncos,Boise State Broncos,fanduel,FanDuel,2026-09-26T12:35:11Z,2026-09-26T12:35:11Z,Boise State Broncos,-7.5,-102.0,2026,2026-09-26T12:35:36Z,1070,6.510636433104894,6.206081072038236,2.804555361066658,b4347a6d6451334b228bf748d98cbd30b34b222852b6631cc98ff41b5e407018,timestamped_live_quote,FBS vs FBS
2026-09-26T12:35:36Z,f0985218c2ed146bb0295c4e9c4a0dd7,2026-09-26T19:30:00Z,Western Michigan Broncos,Boise State Broncos,fanduel,FanDuel,2026-09-26T12:35:11Z,2026-09-26T12:35:11Z,Western Michigan Broncos,7.5,-120.0,2026,2026-09-26T12:35:36Z,1070,6.510636433104894,6.206081072038236,2.804555361066658,b4347a6d6451334b228bf748d98cbd30b34b222852b6631cc98ff41b5e407018,timestamped_live_quote,FBS vs FBS
2026-09-26T12:35:36Z,f0985218c2ed146bb0295c4e9c4a0dd7,2026-09-26T19:30:00Z,Western Michigan Broncos,Boise State Broncos,mybookieag,MyBookie.ag,2026-09-26T12:35:13Z,2026-09-26T12:35:13Z,Boise State Broncos,-7.5,-110.0,2026,2026-09-26T12:35:36Z,1070,6.510636433104894,6.206081072038236,2.804555361066658,b4347a6d6451334b228bf748d98cbd30b34b222852b6631cc98ff41b5e407018,timestamped_live_quote,FBS vs FBS
2026-09-26T12:35:36Z,f0985218c2ed146bb0295c4e9c4a0dd7,2026-09-26T19:30:00Z,Western Michigan Broncos,Boise State Broncos,mybookieag,MyBookie.ag,2026-09-26T12:35:13Z,2026-09-26T12:35:13Z,Western Michigan Broncos,7.5,-110.0,2026,2026-09-26T12:35:36Z,1070,6.510636433104894,6.206081072038236,2.804555361066658,b4347a6d6451334b228bf748d98cbd30b34b222852b6631cc98ff41b5e407018,timestamped_live_quote,FBS vs FBS
2026-09-26T12:35:36Z,f0985218c2ed146bb0295c4e9c4a0dd7,2026-09-26T19:30:00Z,Western Michigan Broncos,Boise State Broncos,betrivers,BetRivers,2026-09-26T12:34:37Z,2026-09-26T12:34:37Z,Boise State Broncos,-7.0,-115.0,2026,2026-09-26T12:35:36Z,1070,6.510636433104894,6.206081072038236,2.804555361066658,b4347a6d6451334b228bf748d98cbd30b34b222852b6631cc98ff41b5e407018,timestamped_live_quote,FBS vs FBS
2026-09-26T12:35:36Z,f0985218c2ed146bb0295c4e9c4a0dd7,2026-09-26T19:30:00Z,Western Michigan Broncos,Boise State Broncos,betrivers,BetRivers,2026-09-26T12:34:37Z,2026-09-26T12:34:37Z,Western Michigan Broncos,7.0,-108.0,2026,2026-09-26T12:35:36Z,1070,6.510636433104894,6.206081072038236,2.804555361066658,b4347a6d6451334b228bf748d98cbd30b34b222852b6631cc98ff41b5e407018,timestamped_live_quote,FBS vs FBS
2026-09-26T12:35:36Z,f0985218c2ed146bb0295c4e9c4a0dd7,2026-09-26T19:30:00Z,Western Michigan Broncos,Boise State Broncos,lowvig,LowVig.ag,2026-09-26T12:34:53Z,2026-09-26T12:34:53Z,Boise State Broncos,-7.5,100.0,2026,2026-09-26T12:35:36Z,1070,6.510636433104894,6.206081072038236,2.804555361066658,b4347a6d6451334b228bf748d98cbd30b34b222852b6631cc98ff41b5e407018,timestamped_live_quote,FBS vs FBS
2026-09-26T12:35:36Z,f0985218c2ed146bb0295c4e9c4a0dd7,2026-09-26T19:30:00Z,Western Michigan Broncos,Boise State Broncos,lowvig,LowVig.ag,2026-09-26T12:34:53Z,2026-09-26T12:34:53Z,Western Michigan Broncos,7.5,-112.0,2026,2026-09-26T12:35:36Z,1070,6.510636433104894,6.206081072038236,2.804555361066658,b4347a6d6451334b228bf748d98cbd30b34b222852b6631cc98ff41b5e407018,timestamped_live_quote,FBS vs FBS
2026-09-26T12:35:36Z,f0985218c2ed146bb0295c4e9c4a0dd7,2026-09-26T19:30:00Z,Western Michigan Broncos,Boise State Broncos,betonlineag,BetOnline.ag,2026-09-26T12:35:29Z,2026-09-26T12:35:29Z,Boise State Broncos,-7.5,-104.0,2026,2026-09-26T12:35:36Z,1070,6.510636433104894,6.206081072038236,2.804555361066658,b4347a6d6451334b228bf748d98cbd30b34b222852b6631cc98ff41b5e407018,timestamped_live_quote,FBS vs FBS
2026-09-26T12:35:36Z,f0985218c2ed146bb0295c4e9c4a0dd7,2026-09-26T19:30:00Z,Western Michigan Broncos,Boise State Broncos,betonlineag,BetOnline.ag,2026-09-26T12:35:29Z,2026-09-26T12:35:29Z,Western Michigan Broncos,7.5,-116.0,2026,2026-09-26T12:35:36Z,1070,6.510636433104894,6.206081072038236,2.804555361066658,b4347a6d6451334b228bf748d98cbd30b34b222852b6631cc98ff41b5e407018,timestamped_live_quote,FBS vs FBS
2026-09-26T12:35:36Z,f0985218c2ed146bb0295c4e9c4a0dd7,2026-09-26T19:30:00Z,Western Michigan Broncos,Boise State Broncos,betmgm,BetMGM,2026-09-26T12:34:23Z,2026-09-26T12:34:22Z,Boise State Broncos,-7.0,-115.0,2026,2026-09-26T12:35:36Z,1070,6.510636433104894,6.206081072038236,2.804555361066658,b4347a6d6451334b228bf748d98cbd30b34b222852b6631cc98ff41b5e407018,timestamped_live_quote,FBS vs FBS
2026-09-26T12:35:36Z,f0985218c2ed146bb0295c4e9c4a0dd7,2026-09-26T19:30:00Z,Western Michigan Broncos,Boise State Broncos,betmgm,BetMGM,2026-09-26T12:34:23Z,2026-09-26T12:34:22Z,Western Michigan Broncos,7.0,-105.0,2026,2026-09-26T12:35:36Z,1070,6.510636433104894,6.206081072038236,2.804555361066658,b4347a6d6451334b228bf748d98cbd30b34b222852b6631cc98ff41b5e407018,timestamped_live_quote,FBS vs FBS
2026-09-26T12:35:36Z,f0985218c2ed146bb0295c4e9c4a0dd7,2026-09-26T19:30:00Z,Western Michigan Broncos,Boise State Broncos,betus,BetUS,2026-09-26T12:35:11Z,2026-09-26T12:35:11Z,Boise State Broncos,-7.5,-105.0,2026,2026-09-26T12:35:36Z,1070,6.510636433104894,6.206081072038236,2.804555361066658,b4347a6d6451334b228bf748d98cbd30b34b222852b6631cc98ff41b5e407018,timestamped_live_quote,FBS vs FBS
2026-09-26T12:35:36Z,f0985218c2ed146bb0295c4e9c4a0dd7,2026-09-26T19:30:00Z,Western Michigan Broncos,Boise State Broncos,betus,BetUS,2026-09-26T12:35:11Z,2026-09-26T12:35:11Z,Western Michigan Broncos,7.5,-115.0,2026,2026-09-26T12:35:36Z,1070,6.510636433104894,6.206081072038236,2.804555361066658,b4347a6d6451334b228bf748d98cbd30b34b222852b6631cc98ff41b5e407018,timestamped_live_quote,FBS vs FBS
2026-09-26T12:35:36Z,f0985218c2ed146bb0295c4e9c4a0dd7,2026-09-26T19:30:00Z,Western Michigan Broncos,Boise State Broncos,bovada,Bovada,2026-09-26T12:34:07Z,2026-09-26T12:34:07Z,Boise State Broncos,-7.5,-105.0,2026,2026-09-26T12:35:36Z,1070,6.510636433104894,6.206081072038236,2.804555361066658,b4347a6d6451334b228bf748d98cbd30b34b222852b6631cc98ff41b5e407018,timestamped_live_quote,FBS vs FBS
2026-09-26T12:35:36Z,f0985218c2ed146bb0295c4e9c4a0dd7,2026-09-26T19:30:00Z,Western Michigan Broncos,Boise State Broncos,bovada,Bovada,2026-09-26T12:34:07Z,2026-09-26T12:34:07Z,Western Michigan Broncos,7.5,-115.0,2026,2026-09-26T12:35:36Z,1070,6.510636433104894,6.206081072038236,2.804555361066658,b4347a6d6451334b228bf748d98cbd30b34b222852b6631cc98ff41b5e407018,timestamped_live_quote,FBS vs FBS
2026-09-26T12:35:36Z,cb572f5b26d6a57bdac171baff0aec1c,2026-09-26T19:30:00Z,Buffalo Bulls,Robert Morris Colonials,fanduel,FanDuel,2026-09-26T12:35:11Z,2026-09-26T12:35:11Z,Buffalo Bulls,-28.5,-114.0,2026,2026-09-26T12:35:36Z,1070,,,,b4347a6d6451334b228bf748d98cbd30b34b222852b6631cc98ff41b5e407018,division_safety_suppressed,Unverified division / FCS: model suppressed
2026-09-26T12:35:36Z,cb572f5b26d6a57bdac171baff0aec1c,2026-09-26T19:30:00Z,Buffalo Bulls,Robert Morris Colonials,fanduel,FanDuel,2026-09-26T12:35:11Z,2026-09-26T12:35:11Z,Robert Morris Colonials,28.5,-106.0,2026,2026-09-26T12:35:36Z,1070,,,,b4347a6d6451334b228bf748d98cbd30b34b222852b6631cc98ff41b5e407018,division_safety_suppressed,Unverified division / FCS: model suppressed
2026-09-26T12:35:36Z,cb572f5b26d6a57bdac171baff0aec1c,2026-09-26T19:30:00Z,Buffalo Bulls,Robert Morris Colonials,betrivers,BetRivers,2026-09-26T12:34:37Z,2026-09-26T12:34:37Z,Buffalo Bulls,-28.5,-110.0,2026,2026-09-26T12:35:36Z,1070,,,,b4347a6d6451334b228bf748d98cbd30b34b222852b6631cc98ff41b5e407018,division_safety_suppressed,Unverified division / FCS: model suppressed
2026-09-26T12:35:36Z,cb572f5b26d6a57bdac171baff0aec1c,2026-09-26T19:30:00Z,Buffalo Bulls,Robert Morris Colonials,betrivers,BetRivers,2026-09-26T12:34:37Z,2026-09-26T12:34:37Z,Robert Morris Colonials,28.5,-112.0,2026,2026-09-26T12:35:36Z,1070,,,,b4347a6d6451334b228bf748d98cbd30b34b222852b6631cc98ff41b5e407018,division_safety_suppressed,Unverified division / FCS: model suppressed
2026-09-26T12:35:36Z,cb572f5b26d6a57bdac171baff0aec1c,2026-09-26T19:30:00Z,Buffalo Bulls,Robert Morris Colonials,draftkings,DraftKings,2026-09-26T12:34:55Z,2026-09-26T12:34:54Z,Buffalo Bulls,-28.5,-110.0,2026,2026-09-26T12:35:36Z,1070,,,,b4347a6d6451334b228bf748d98cbd30b34b222852b6631cc98ff41b5e407018,division_safety_suppressed,Unverified division / FCS: model suppressed
2026-09-26T12:35:36Z,cb572f5b26d6a57bdac171baff0aec1c,2026-09-26T19:30:00Z,Buffalo Bulls,Robert Morris Colonials,draftkings,DraftKings,2026-09-26T12:34:55Z,2026-09-26T12:34:54Z,Robert Morris Colonials,28.5,-110.0,2026,2026-09-26T12:35:36Z,1070,,,,b4347a6d6451334b228bf748d98cbd30b34b222852b6631cc98ff41b5e407018,division_safety_suppressed,Unverified division / FCS: model suppressed
2026-09-26T12:35:36Z,cb572f5b26d6a57bdac171baff0aec1c,2026-09-26T19:30:00Z,Buffalo Bulls,Robert Morris Colonials,lowvig,LowVig.ag,2026-09-26T12:34:53Z,2026-09-26T12:34:53Z,Buffalo Bulls,-28.5,-110.0,2026,2026-09-26T12:35:36Z,1070,,,,b4347a6d6451334b228bf748d98cbd30b34b222852b6631cc98ff41b5e407018,division_safety_suppressed,Unverified division / FCS: model suppressed
2026-09-26T12:35:36Z,cb572f5b26d6a57bdac171baff0aec1c,2026-09-26T19:30:00Z,Buffalo Bulls,Robert Morris Colonials,lowvig,LowVig.ag,2026-09-26T12:34:53Z,2026-09-26T12:34:53Z,Robert Morris Colonials,28.5,-110.0,2026,2026-09-26T12:35:36Z,1070,,,,b4347a6d6451334b228bf748d98cbd30b34b222852b6631cc98ff41b5e407018,division_safety_suppressed,Unverified division / FCS: model suppressed
2026-09-26T12:35:36Z,cb572f5b26d6a57bdac171baff0aec1c,2026-09-26T19:30:00Z,Buffalo Bulls,Robert Morris Colonials,betonlineag,BetOnline.ag,2026-09-26T12:35:29Z,2026-09-26T12:35:29Z,Buffalo Bulls,-28.5,-110.0,2026,2026-09-26T12:35:36Z,1070,,,,b4347a6d6451334b228bf748d98cbd30b34b222852b6631cc98ff41b5e407018,division_safety_suppressed,Unverified division / FCS: model suppressed
2026-09-26T12:35:36Z,cb572f5b26d6a57bdac171baff0aec1c,2026-09-26T19:30:00Z,Buffalo Bulls,Robert Morris Colonials,betonlineag,BetOnline.ag,2026-09-26T12:35:29Z,2026-09-26T12:35:29Z,Robert Morris Colonials,28.5,-110.0,2026,2026-09-26T12:35:36Z,1070,,,,b4347a6d6451334b228bf748d98cbd30b34b222852b6631cc98ff41b5e407018,division_safety_suppressed,Unverified division / FCS: model suppressed
2026-09-26T12:35:36Z,cb572f5b26d6a57bdac171baff0aec1c,2026-09-26T19:30:00Z,Buffalo Bulls,Robert Morris Colonials,bovada,Bovada,2026-09-26T12:34:07Z,2026-09-26T12:34:07Z,Buffalo Bulls,-28.5,-110.0,2026,2026-09-26T12:35:36Z,1070,,,,b4347a6d6451334b228bf748d98cbd30b34b222852b6631cc98ff41b5e407018,division_safety_suppressed,Unverified division / FCS: model suppressed
2026-09-26T12:35:36Z,cb572f5b26d6a57bdac171baff0aec1c,2026-09-26T19:30:00Z,Buffalo Bulls,Robert Morris Colonials,bovada,Bovada,2026-09-26T12:34:07Z,2026-09-26T12:34:07Z,Robert Morris Colonials,28.5,-110.0,2026,2026-09-26T12:35:36Z,1070,,,,b4347a6d6451334b228bf748d98cbd30b34b222852b6631cc98ff41b5e407018,division_safety_suppressed,Unverified division / FCS: model suppressed
2026-09-26T12:35:36Z,e7aa82b55e371e67938eb4c52562f155,2026-09-26T19:30:00Z,Duke Blue Devils,William and Mary Tribe,fanduel,FanDuel,2026-09-26T12:35:11Z,2026-09-26T12:35:11Z,Duke Blue Devils,-43.5,-110.0,2026,2026-09-26T12:35:36Z,1070,,,,b4347a6d6451334b228bf748d98cbd30b34b222852b6631cc98ff41b5e407018,division_safety_suppressed,Unverified division / FCS: model suppressed
2026-09-26T12:35:36Z,e7aa82b55e371e67938eb4c52562f155,2026-09-26T19:30:00Z,Duke Blue Devils,William and Mary Tribe,fanduel,FanDuel,2026-09-26T12:35:11Z,2026-09-26T12:35:11Z,William and Mary Tribe,43.5,-110.0,2026,2026-09-26T12:35:36Z,1070,,,,b4347a6d6451334b228bf748d98cbd30b34b222852b6631cc98ff41b5e407018,division_safety_suppressed,Unverified division / FCS: model suppressed
2026-09-26T12:35:36Z,e7aa82b55e371e67938eb4c52562f155,2026-09-26T19:30:00Z,Duke Blue Devils,William and Mary Tribe,betrivers,BetRivers,2026-09-26T12:34:37Z,2026-09-26T12:34:37Z,Duke Blue Devils,-43.5,-113.0,2026,2026-09-26T12:35:36Z,1070,,,,b4347a6d6451334b228bf748d98cbd30b34b222852b6631cc98ff41b5e407018,division_safety_suppressed,Unverified division / FCS: model suppressed
2026-09-26T12:35:36Z,e7aa82b55e371e67938eb4c52562f155,2026-09-26T19:30:00Z,Duke Blue Devils,William and Mary Tribe,betrivers,BetRivers,2026-09-26T12:34:37Z,2026-09-26T12:34:37Z,William and Mary Tribe,43.5,-110.0,2026,2026-09-26T12:35:36Z,1070,,,,b4347a6d6451334b228bf748d98cbd30b34b222852b6631cc98ff41b5e407018,division_safety_suppressed,Unverified division / FCS: model suppressed
2026-09-26T12:35:36Z,e7aa82b55e371e67938eb4c52562f155,2026-09-26T19:30:00Z,Duke Blue Devils,William and Mary Tribe,draftkings,DraftKings,2026-09-26T12:34:55Z,2026-09-26T12:34:54Z,Duke Blue Devils,-43.5,-115.0,2026,2026-09-26T12:35:36Z,1070,,,,b4347a6d6451334b228bf748d98cbd30b34b222852b6631cc98ff41b5e407018,division_safety_suppressed,Unverified division / FCS: model suppressed
2026-09-26T12:35:36Z,e7aa82b55e371e67938eb4c52562f155,2026-09-26T19:30:00Z,Duke Blue Devils,William and Mary Tribe,draftkings,DraftKings,2026-09-26T12:34:55Z,2026-09-26T12:34:54Z,William and Mary Tribe,43.5,-105.0,2026,2026-09-26T12:35:36Z,1070,,,,b4347a6d6451334b228bf748d98cbd30b34b222852b6631cc98ff41b5e407018,division_safety_suppressed,Unverified division / FCS: model suppressed
2026-09-26T12:35:36Z,e7aa82b55e371e67938eb4c52562f155,2026-09-26T19:30:00Z,Duke Blue Devils,William and Mary Tribe,lowvig,LowVig.ag,2026-09-26T12:34:53Z,2026-09-26T12:34:53Z,Duke Blue Devils,-43.5,-115.0,2026,2026-09-26T12:35:36Z,1070,,,,b4347a6d6451334b228bf748d98cbd30b34b222852b6631cc98ff41b5e407018,division_safety_suppressed,Unverified division / FCS: model suppressed
2026-09-26T12:35:36Z,e7aa82b55e371e67938eb4c52562f155,2026-09-26T19:30:00Z,Duke Blue Devils,William and Mary Tribe,lowvig,LowVig.ag,2026-09-26T12:34:53Z,2026-09-26T12:34:53Z,William and Mary Tribe,43.5,-105.0,2026,2026-09-26T12:35:36Z,1070,,,,b4347a6d6451334b228bf748d98cbd30b34b222852b6631cc98ff41b5e407018,division_safety_suppressed,Unverified division / FCS: model suppressed
2026-09-26T12:35:36Z,e7aa82b55e371e67938eb4c52562f155,2026-09-26T19:30:00Z,Duke Blue Devils,William and Mary Tribe,betonlineag,BetOnline.ag,2026-09-26T12:35:29Z,2026-09-26T12:35:29Z,Duke Blue Devils,-43.5,-115.0,2026,2026-09-26T12:35:36Z,1070,,,,b4347a6d6451334b228bf748d98cbd30b34b222852b6631cc98ff41b5e407018,division_safety_suppressed,Unverified division / FCS: model suppressed
2026-09-26T12:35:36Z,e7aa82b55e371e67938eb4c52562f155,2026-09-26T19:30:00Z,Duke Blue Devils,William and Mary Tribe,betonlineag,BetOnline.ag,2026-09-26T12:35:29Z,2026-09-26T12:35:29Z,William and Mary Tribe,43.5,-105.0,2026,2026-09-26T12:35:36Z,1070,,,,b4347a6d6451334b228bf748d98cbd30b34b222852b6631cc98ff41b5e407018,division_safety_suppressed,Unverified division / FCS: model suppressed
2026-09-26T12:35:36Z,e7aa82b55e371e67938eb4c52562f155,2026-09-26T19:30:00Z,Duke Blue Devils,William and Mary Tribe,bovada,Bovada,2026-09-26T12:34:07Z,2026-09-26T12:34:07Z,Duke Blue Devils,-44.5,-105.0,2026,2026-09-26T12:35:36Z,1070,,,,b4347a6d6451334b228bf748d98cbd30b34b222852b6631cc98ff41b5e407018,division_safety_suppressed,Unverified division / FCS: model suppressed
2026-09-26T12:35:36Z,e7aa82b55e371e67938eb4c52562f155,2026-09-26T19:30:00Z,Duke Blue Devils,William and Mary Tribe,bovada,Bovada,2026-09-26T12:34:07Z,2026-09-26T12:34:07Z,William and Mary Tribe,44.5,-115.0,2026,2026-09-26T12:35:36Z,1070,,,,b4347a6d6451334b228bf748d98cbd30b34b222852b6631cc98ff41b5e407018,division_safety_suppressed,Unverified division / FCS: model suppressed
2026-09-26T12:35:36Z,886538e98f0884df3d655d9d2d2ca567,2026-09-26T19:30:00Z,Florida Gators,Ole Miss Rebels,draftkings,DraftKings,2026-09-26T12:34:55Z,2026-09-26T12:34:54Z,Florida Gators,-3.5,-110.0,2026,2026-09-26T12:35:36Z,1070,14.343077193837598,7.224117809080865,9.618959384756732,b4347a6d6451334b228bf748d98cbd30b34b222852b6631cc98ff41b5e407018,timestamped_live_quote,FBS vs FBS
2026-09-26T12:35:36Z,886538e98f0884df3d655d9d2d2ca567,2026-09-26T19:30:00Z,Florida Gators,Ole Miss Rebels,draftkings,DraftKings,2026-09-26T12:34:55Z,2026-09-26T12:34:54Z,Ole Miss Rebels,3.5,-110.0,2026,2026-09-26T12:35:36Z,1070,14.343077193837598,7.224117809080865,9.618959384756732,b4347a6d6451334b228bf748d98cbd30b34b222852b6631cc98ff41b5e407018,timestamped_live_quote,FBS vs FBS
2026-09-26T12:35:36Z,886538e98f0884df3d655d9d2d2ca567,2026-09-26T19:30:00Z,Florida Gators,Ole Miss Rebels,fanduel,FanDuel,2026-09-26T12:35:11Z,2026-09-26T12:35:11Z,Florida Gators,-3.5,-104.0,2026,2026-09-26T12:35:36Z,1070,14.343077193837598,7.224117809080865,9.618959384756732,b4347a6d6451334b228bf748d98cbd30b34b222852b6631cc98ff41b5e407018,timestamped_live_quote,FBS vs FBS
2026-09-26T12:35:36Z,886538e98f0884df3d655d9d2d2ca567,2026-09-26T19:30:00Z,Florida Gators,Ole Miss Rebels,fanduel,FanDuel,2026-09-26T12:35:11Z,2026-09-26T12:35:11Z,Ole Miss Rebels,3.5,-118.0,2026,2026-09-26T12:35:36Z,1070,14.343077193837598,7.224117809080865,9.618959384756732,b4347a6d6451334b228bf748d98cbd30b34b222852b6631cc98ff41b5e407018,timestamped_live_quote,FBS vs FBS
2026-09-26T12:35:36Z,886538e98f0884df3d655d9d2d2ca567,2026-09-26T19:30:00Z,Florida Gators,Ole Miss Rebels,mybookieag,MyBookie.ag,2026-09-26T12:35:13Z,2026-09-26T12:35:13Z,Florida Gators,-3.5,-110.0,2026,2026-09-26T12:35:36Z,1070,14.343077193837598,7.224117809080865,9.618959384756732,b4347a6d6451334b228bf748d98cbd30b34b222852b6631cc98ff41b5e407018,timestamped_live_quote,FBS vs FBS
2026-09-26T12:35:36Z,886538e98f0884df3d655d9d2d2ca567,2026-09-26T19:30:00Z,Florida Gators,Ole Miss Rebels,mybookieag,MyBookie.ag,2026-09-26T12:35:13Z,2026-09-26T12:35:13Z,Ole Miss Rebels,3.5,-110.0,2026,2026-09-26T12:35:36Z,1070,14.343077193837598,7.224117809080865,9.618959384756732,b4347a6d6451334b228bf748d98cbd30b34b222852b6631cc98ff41b5e407018,timestamped_live_quote,FBS vs FBS
2026-09-26T12:35:36Z,886538e98f0884df3d655d9d2d2ca567,2026-09-26T19:30:00Z,Florida Gators,Ole Miss Rebels,betmgm,BetMGM,2026-09-26T12:34:23Z,2026-09-26T12:34:22Z,Florida Gators,-3.5,-108.0,2026,2026-09-26T12:35:36Z,1070,14.343077193837598,7.224117809080865,9.618959384756732,b4347a6d6451334b228bf748d98cbd30b34b222852b6631cc98ff41b5e407018,timestamped_live_quote,FBS vs FBS
2026-09-26T12:35:36Z,886538e98f0884df3d655d9d2d2ca567,2026-09-26T19:30:00Z,Florida Gators,Ole Miss Rebels,betmgm,BetMGM,2026-09-26T12:34:23Z,2026-09-26T12:34:22Z,Ole Miss Rebels,3.5,-110.0,2026,2026-09-26T12:35:36Z,1070,14.343077193837598,7.224117809080865,9.618959384756732,b4347a6d6451334b228bf748d98cbd30b34b222852b6631cc98ff41b5e407018,timestamped_live_quote,FBS vs FBS
2026-09-26T12:35:36Z,886538e98f0884df3d655d9d2d2ca567,2026-09-26T19:30:00Z,Florida Gators,Ole Miss Rebels,betrivers,BetRivers,2026-09-26T12:34:37Z,2026-09-26T12:34:37Z,Florida Gators,-3.5,-108.0,2026,2026-09-26T12:35:36Z,1070,14.343077193837598,7.224117809080865,9.618959384756732,b4347a6d6451334b228bf748d98cbd30b34b222852b6631cc98ff41b5e407018,timestamped_live_quote,FBS vs FBS
2026-09-26T12:35:36Z,886538e98f0884df3d655d9d2d2ca567,2026-09-26T19:30:00Z,Florida Gators,Ole Miss Rebels,betrivers,BetRivers,2026-09-26T12:34:37Z,2026-09-26T12:34:37Z,Ole Miss Rebels,3.5,-117.0,2026,2026-09-26T12:35:36Z,1070,14.343077193837598,7.224117809080865,9.618959384756732,b4347a6d6451334b228bf748d98cbd30b34b222852b6631cc98ff41b5e407018,timestamped_live_quote,FBS vs FBS
2026-09-26T12:35:36Z,886538e98f0884df3d655d9d2d2ca567,2026-09-26T19:30:00Z,Florida Gators,Ole Miss Rebels,betonlineag,BetOnline.ag,2026-09-26T12:35:29Z,2026-09-26T12:35:29Z,Florida Gators,-3.5,-110.0,2026,2026-09-26T12:35:36Z,1070,14.343077193837598,7.224117809080865,9.618959384756732,b4347a6d6451334b228bf748d98cbd30b34b222852b6631cc98ff41b5e407018,timestamped_live_quote,FBS vs FBS
2026-09-26T12:35:36Z,886538e98f0884df3d655d9d2d2ca567,2026-09-26T19:30:00Z,Florida Gators,Ole Miss Rebels,betonlineag,BetOnline.ag,2026-09-26T12:35:29Z,2026-09-26T12:35:29Z,Ole Miss Rebels,3.5,-110.0,2026,2026-09-26T12:35:36Z,1070,14.343077193837598,7.224117809080865,9.618959384756732,b4347a6d6451334b228bf748d98cbd30b34b222852b6631cc98ff41b5e407018,timestamped_live_quote,FBS vs FBS
2026-09-26T12:35:36Z,886538e98f0884df3d655d9d2d2ca567,2026-09-26T19:30:00Z,Florida Gators,Ole Miss Rebels,betus,BetUS,2026-09-26T12:35:11Z,2026-09-26T12:35:11Z,Florida Gators,-3.5,-110.0,2026,2026-09-26T12:35:36Z,1070,14.343077193837598,7.224117809080865,9.618959384756732,b4347a6d6451334b228bf748d98cbd30b34b222852b6631cc98ff41b5e407018,timestamped_live_quote,FBS vs FBS
2026-09-26T12:35:36Z,886538e98f0884df3d655d9d2d2ca567,2026-09-26T19:30:00Z,Florida Gators,Ole Miss Rebels,betus,BetUS,2026-09-26T12:35:11Z,2026-09-26T12:35:11Z,Ole Miss Rebels,3.5,-110.0,2026,2026-09-26T12:35:36Z,1070,14.343077193837598,7.224117809080865,9.618959384756732,b4347a6d6451334b228bf748d98cbd30b34b222852b6631cc98ff41b5e407018,timestamped_live_quote,FBS vs FBS
2026-09-26T12:35:36Z,886538e98f0884df3d655d9d2d2ca567,2026-09-26T19:30:00Z,Florida Gators,Ole Miss Rebels,bovada,Bovada,2026-09-26T12:34:07Z,2026-09-26T12:34:07Z,Florida Gators,-3.5,-110.0,2026,2026-09-26T12:35:36Z,1070,14.343077193837598,7.224117809080865,9.618959384756732,b4347a6d6451334b228bf748d98cbd30b34b222852b6631cc98ff41b5e407018,timestamped_live_quote,FBS vs FBS
2026-09-26T12:35:36Z,886538e98f0884df3d655d9d2d2ca567,2026-09-26T19:30:00Z,Florida Gators,Ole Miss Rebels,bovada,Bovada,2026-09-26T12:34:07Z,2026-09-26T12:34:07Z,Ole Miss Rebels,3.5,-110.0,2026,2026-09-26T12:35:36Z,1070,14.343077193837598,7.224117809080865,9.618959384756732,b4347a6d6451334b228bf748d98cbd30b34b222852b6631cc98ff41b5e407018,timestamped_live_quote,FBS vs FBS
2026-09-26T12:35:36Z,3085dd56723d1a49474711989dcda5bd,2026-09-26T19:30:00Z,Marshall Thundering Herd,Gardner-Webb Runnin Bulldogs,fanduel,FanDuel,2026-09-26T12:35:11Z,2026-09-26T12:35:11Z,Gardner-Webb Runnin Bulldogs,23.5,-110.0,2026,2026-09-26T12:35:36Z,1070,,,,b4347a6d6451334b228bf748d98cbd30b34b222852b6631cc98ff41b5e407018,division_safety_suppressed,Unverified division / FCS: model suppressed
2026-09-26T12:35:36Z,3085dd56723d1a49474711989dcda5bd,2026-09-26T19:30:00Z,Marshall Thundering Herd,Gardner-Webb Runnin Bulldogs,fanduel,FanDuel,2026-09-26T12:35:11Z,2026-09-26T12:35:11Z,Marshall Thundering Herd,-23.5,-110.0,2026,2026-09-26T12:35:36Z,1070,,,,b4347a6d6451334b228bf748d98cbd30b34b222852b6631cc98ff41b5e407018,division_safety_suppressed,Unverified division / FCS: model suppressed
2026-09-26T12:35:36Z,3085dd56723d1a49474711989dcda5bd,2026-09-26T19:30:00Z,Marshall Thundering Herd,Gardner-Webb Runnin Bulldogs,betrivers,BetRivers,2026-09-26T12:34:37Z,2026-09-26T12:34:37Z,Gardner-Webb Runnin Bulldogs,23.5,-112.0,2026,2026-09-26T12:35:36Z,1070,,,,b4347a6d6451334b228bf748d98cbd30b34b222852b6631cc98ff41b5e407018,division_safety_suppressed,Unverified division / FCS: model suppressed
2026-09-26T12:35:36Z,3085dd56723d1a49474711989dcda5bd,2026-09-26T19:30:00Z,Marshall Thundering Herd,Gardner-Webb Runnin Bulldogs,betrivers,BetRivers,2026-09-26T12:34:37Z,2026-09-26T12:34:37Z,Marshall Thundering Herd,-23.5,-110.0,2026,2026-09-26T12:35:36Z,1070,,,,b4347a6d6451334b228bf748d98cbd30b34b222852b6631cc98ff41b5e407018,division_safety_suppressed,Unverified division / FCS: model suppressed
2026-09-26T12:35:36Z,3085dd56723d1a49474711989dcda5bd,2026-09-26T19:30:00Z,Marshall Thundering Herd,Gardner-Webb Runnin Bulldogs,draftkings,DraftKings,2026-09-26T12:34:55Z,2026-09-26T12:34:54Z,Gardner-Webb Runnin Bulldogs,23.5,-110.0,2026,2026-09-26T12:35:36Z,1070,,,,b4347a6d6451334b228bf748d98cbd30b34b222852b6631cc98ff41b5e407018,division_safety_suppressed,Unverified division / FCS: model suppressed
2026-09-26T12:35:36Z,3085dd56723d1a49474711989dcda5bd,2026-09-26T19:30:00Z,Marshall Thundering Herd,Gardner-Webb Runnin Bulldogs,draftkings,DraftKings,2026-09-26T12:34:55Z,2026-09-26T12:34:54Z,Marshall Thundering Herd,-23.5,-110.0,2026,2026-09-26T12:35:36Z,1070,,,,b4347a6d6451334b228bf748d98cbd30b34b222852b6631cc98ff41b5e407018,division_safety_suppressed,Unverified division / FCS: model suppressed
2026-09-26T12:35:36Z,3085dd56723d1a49474711989dcda5bd,2026-09-26T19:30:00Z,Marshall Thundering Herd,Gardner-Webb Runnin Bulldogs,lowvig,LowVig.ag,2026-09-26T12:34:53Z,2026-09-26T12:34:53Z,Gardner-Webb Runnin Bulldogs,24.0,-115.0,2026,2026-09-26T12:35:36Z,1070,,,,b4347a6d6451334b228bf748d98cbd30b34b222852b6631cc98ff41b5e407018,division_safety_suppressed,Unverified division / FCS: model suppressed
2026-09-26T12:35:36Z,3085dd56723d1a49474711989dcda5bd,2026-09-26T19:30:00Z,Marshall Thundering Herd,Gardner-Webb Runnin Bulldogs,lowvig,LowVig.ag,2026-09-26T12:34:53Z,2026-09-26T12:34:53Z,Marshall Thundering Herd,-24.0,-105.0,2026,2026-09-26T12:35:36Z,1070,,,,b4347a6d6451334b228bf748d98cbd30b34b222852b6631cc98ff41b5e407018,division_safety_suppressed,Unverified division / FCS: model suppressed
2026-09-26T12:35:36Z,3085dd56723d1a49474711989dcda5bd,2026-09-26T19:30:00Z,Marshall Thundering Herd,Gardner-Webb Runnin Bulldogs,betonlineag,BetOnline.ag,2026-09-26T12:35:29Z,2026-09-26T12:35:29Z,Gardner-Webb Runnin Bulldogs,24.0,-115.0,2026,2026-09-26T12:35:36Z,1070,,,,b4347a6d6451334b228bf748d98cbd30b34b222852b6631cc98ff41b5e407018,division_safety_suppressed,Unverified division / FCS: model suppressed
2026-09-26T12:35:36Z,3085dd56723d1a49474711989dcda5bd,2026-09-26T19:30:00Z,Marshall Thundering Herd,Gardner-Webb Runnin Bulldogs,betonlineag,BetOnline.ag,2026-09-26T12:35:29Z,2026-09-26T12:35:29Z,Marshall Thundering Herd,-24.0,-105.0,2026,2026-09-26T12:35:36Z,1070,,,,b4347a6d6451334b228bf748d98cbd30b34b222852b6631cc98ff41b5e407018,division_safety_suppressed,Unverified division / FCS: model suppressed
2026-09-26T12:35:36Z,3085dd56723d1a49474711989dcda5bd,2026-09-26T19:30:00Z,Marshall Thundering Herd,Gardner-Webb Runnin Bulldogs,bovada,Bovada,2026-09-26T12:34:07Z,2026-09-26T12:34:07Z,Gardner-Webb Runnin Bulldogs,23.5,-110.0,2026,2026-09-26T12:35:36Z,1070,,,,b4347a6d6451334b228bf748d98cbd30b34b222852b6631cc98ff41b5e407018,division_safety_suppressed,Unverified division / FCS: model suppressed
2026-09-26T12:35:36Z,3085dd56723d1a49474711989dcda5bd,2026-09-26T19:30:00Z,Marshall Thundering Herd,Gardner-Webb Runnin Bulldogs,bovada,Bovada,2026-09-26T12:34:07Z,2026-09-26T12:34:07Z,Marshall Thundering Herd,-23.5,-110.0,2026,2026-09-26T12:35:36Z,1070,,,,b4347a6d6451334b228bf748d98cbd30b34b222852b6631cc98ff41b5e407018,division_safety_suppressed,Unverified division / FCS: model suppressed
2026-09-26T12:35:36Z,3848eaee7484034f3604aed922649c4e,2026-09-26T19:30:00Z,Georgia Bulldogs,Oklahoma Sooners,draftkings,DraftKings,2026-09-26T12:34:55Z,2026-09-26T12:34:54Z,Georgia Bulldogs,-13.5,-110.0,2026,2026-09-26T12:35:36Z,1070,16.285597019548014,8.845124835090063,9.940472184457951,b4347a6d6451334b228bf748d98cbd30b34b222852b6631cc98ff41b5e407018,timestamped_live_quote,FBS vs FBS
2026-09-26T12:35:36Z,3848eaee7484034f3604aed922649c4e,2026-09-26T19:30:00Z,Georgia Bulldogs,Oklahoma Sooners,draftkings,DraftKings,2026-09-26T12:34:55Z,2026-09-26T12:34:54Z,Oklahoma Sooners,13.5,-110.0,2026,2026-09-26T12:35:36Z,1070,16.285597019548014,8.845124835090063,9.940472184457951,b4347a6d6451334b228bf748d98cbd30b34b222852b6631cc98ff41b5e407018,timestamped_live_quote,FBS vs FBS
2026-09-26T12:35:36Z,3848eaee7484034f3604aed922649c4e,2026-09-26T19:30:00Z,Georgia Bulldogs,Oklahoma Sooners,mybookieag,MyBookie.ag,2026-09-26T12:35:13Z,2026-09-26T12:35:12Z,Georgia Bulldogs,-13.5,-110.0,2026,2026-09-26T12:35:36Z,1070,16.285597019548014,8.845124835090063,9.940472184457951,b4347a6d6451334b228bf748d98cbd30b34b222852b6631cc98ff41b5e407018,timestamped_live_quote,FBS vs FBS
2026-09-26T12:35:36Z,3848eaee7484034f3604aed922649c4e,2026-09-26T19:30:00Z,Georgia Bulldogs,Oklahoma Sooners,mybookieag,MyBookie.ag,2026-09-26T12:35:13Z,2026-09-26T12:35:12Z,Oklahoma Sooners,13.5,-110.0,2026,2026-09-26T12:35:36Z,1070,16.285597019548014,8.845124835090063,9.940472184457951,b4347a6d6451334b228bf748d98cbd30b34b222852b6631cc98ff41b5e407018,timestamped_live_quote,FBS vs FBS
2026-09-26T12:35:36Z,3848eaee7484034f3604aed922649c4e,2026-09-26T19:30:00Z,Georgia Bulldogs,Oklahoma Sooners,fanduel,FanDuel,2026-09-26T12:35:11Z,2026-09-26T12:35:10Z,Georgia Bulldogs,-13.5,-110.0,2026,2026-09-26T12:35:36Z,1070,16.285597019548014,8.845124835090063,9.940472184457951,b4347a6d6451334b228bf748d98cbd30b34b222852b6631cc98ff41b5e407018,timestamped_live_quote,FBS vs FBS
2026-09-26T12:35:36Z,3848eaee7484034f3604aed922649c4e,2026-09-26T19:30:00Z,Georgia Bulldogs,Oklahoma Sooners,fanduel,FanDuel,2026-09-26T12:35:11Z,2026-09-26T12:35:10Z,Oklahoma Sooners,13.5,-110.0,2026,2026-09-26T12:35:36Z,1070,16.285597019548014,8.845124835090063,9.940472184457951,b4347a6d6451334b228bf748d98cbd30b34b222852b6631cc98ff41b5e407018,timestamped_live_quote,FBS vs FBS
2026-09-26T12:35:36Z,3848eaee7484034f3604aed922649c4e,2026-09-26T19:30:00Z,Georgia Bulldogs,Oklahoma Sooners,betrivers,BetRivers,2026-09-26T12:34:37Z,2026-09-26T12:34:37Z,Georgia Bulldogs,-14.0,-108.0,2026,2026-09-26T12:35:36Z,1070,16.285597019548014,8.845124835090063,9.940472184457951,b4347a6d6451334b228bf748d98cbd30b34b222852b6631cc98ff41b5e407018,timestamped_live_quote,FBS vs FBS
2026-09-26T12:35:36Z,3848eaee7484034f3604aed922649c4e,2026-09-26T19:30:00Z,Georgia Bulldogs,Oklahoma Sooners,betrivers,BetRivers,2026-09-26T12:34:37Z,2026-09-26T12:34:37Z,Oklahoma Sooners,14.0,-115.0,2026,2026-09-26T12:35:36Z,1070,16.285597019548014,8.845124835090063,9.940472184457951,b4347a6d6451334b228bf748d98cbd30b34b222852b6631cc98ff41b5e407018,timestamped_live_quote,FBS vs FBS
2026-09-26T12:35:36Z,3848eaee7484034f3604aed922649c4e,2026-09-26T19:30:00Z,Georgia Bulldogs,Oklahoma Sooners,betmgm,BetMGM,2026-09-26T12:34:23Z,2026-09-26T12:34:22Z,Georgia Bulldogs,-13.5,-108.0,2026,2026-09-26T12:35:36Z,1070,16.285597019548014,8.845124835090063,9.940472184457951,b4347a6d6451334b228bf748d98cbd30b34b222852b6631cc98ff41b5e407018,timestamped_live_quote,FBS vs FBS
2026-09-26T12:35:36Z,3848eaee7484034f3604aed922649c4e,2026-09-26T19:30:00Z,Georgia Bulldogs,Oklahoma Sooners,betmgm,BetMGM,2026-09-26T12:34:23Z,2026-09-26T12:34:22Z,Oklahoma Sooners,13.5,-110.0,2026,2026-09-26T12:35:36Z,1070,16.285597019548014,8.845124835090063,9.940472184457951,b4347a6d6451334b228bf748d98cbd30b34b222852b6631cc98ff41b5e407018,timestamped_live_quote,FBS vs FBS
2026-09-26T12:35:36Z,3848eaee7484034f3604aed922649c4e,2026-09-26T19:30:00Z,Georgia Bulldogs,Oklahoma Sooners,betonlineag,BetOnline.ag,2026-09-26T12:35:29Z,2026-09-26T12:35:29Z,Georgia Bulldogs,-13.5,-110.0,2026,2026-09-26T12:35:36Z,1070,16.285597019548014,8.845124835090063,9.940472184457951,b4347a6d6451334b228bf748d98cbd30b34b222852b6631cc98ff41b5e407018,timestamped_live_quote,FBS vs FBS
2026-09-26T12:35:36Z,3848eaee7484034f3604aed922649c4e,2026-09-26T19:30:00Z,Georgia Bulldogs,Oklahoma Sooners,betonlineag,BetOnline.ag,2026-09-26T12:35:29Z,2026-09-26T12:35:29Z,Oklahoma Sooners,13.5,-110.0,2026,2026-09-26T12:35:36Z,1070,16.285597019548014,8.845124835090063,9.940472184457951,b4347a6d6451334b228bf748d98cbd30b34b222852b6631cc98ff41b5e407018,timestamped_live_quote,FBS vs FBS
2026-09-26T12:35:36Z,3848eaee7484034f3604aed922649c4e,2026-09-26T19:30:00Z,Georgia Bulldogs,Oklahoma Sooners,lowvig,LowVig.ag,2026-09-26T12:34:53Z,2026-09-26T12:34:53Z,Georgia Bulldogs,-13.5,-105.0,2026,2026-09-26T12:35:36Z,1070,16.285597019548014,8.845124835090063,9.940472184457951,b4347a6d6451334b228bf748d98cbd30b34b222852b6631cc98ff41b5e407018,timestamped_live_quote,FBS vs FBS
2026-09-26T12:35:36Z,3848eaee7484034f3604aed922649c4e,2026-09-26T19:30:00Z,Georgia Bulldogs,Oklahoma Sooners,lowvig,LowVig.ag,2026-09-26T12:34:53Z,2026-09-26T12:34:53Z,Oklahoma Sooners,13.5,-107.0,2026,2026-09-26T12:35:36Z,1070,16.285597019548014,8.845124835090063,9.940472184457951,b4347a6d6451334b228bf748d98cbd30b34b222852b6631cc98ff41b5e407018,timestamped_live_quote,FBS vs FBS
2026-09-26T12:35:36Z,3848eaee7484034f3604aed922649c4e,2026-09-26T19:30:00Z,Georgia Bulldogs,Oklahoma Sooners,betus,BetUS,2026-09-26T12:35:11Z,2026-09-26T12:35:11Z,Georgia Bulldogs,-13.5,-110.0,2026,2026-09-26T12:35:36Z,1070,16.285597019548014,8.845124835090063,9.940472184457951,b4347a6d6451334b228bf748d98cbd30b34b222852b6631cc98ff41b5e407018,timestamped_live_quote,FBS vs FBS
2026-09-26T12:35:36Z,3848eaee7484034f3604aed922649c4e,2026-09-26T19:30:00Z,Georgia Bulldogs,Oklahoma Sooners,betus,BetUS,2026-09-26T12:35:11Z,2026-09-26T12:35:11Z,Oklahoma Sooners,13.5,-110.0,2026,2026-09-26T12:35:36Z,1070,16.285597019548014,8.845124835090063,9.940472184457951,b4347a6d6451334b228bf748d98cbd30b34b222852b6631cc98ff41b5e407018,timestamped_live_quote,FBS vs FBS
2026-09-26T12:35:36Z,3848eaee7484034f3604aed922649c4e,2026-09-26T19:30:00Z,Georgia Bulldogs,Oklahoma Sooners,bovada,Bovada,2026-09-26T12:34:07Z,2026-09-26T12:34:07Z,Georgia Bulldogs,-13.5,-110.0,2026,2026-09-26T12:35:36Z,1070,16.285597019548014,8.845124835090063,9.940472184457951,b4347a6d6451334b228bf748d98cbd30b34b222852b6631cc98ff41b5e407018,timestamped_live_quote,FBS vs FBS
2026-09-26T12:35:36Z,3848eaee7484034f3604aed922649c4e,2026-09-26T19:30:00Z,Georgia Bulldogs,Oklahoma Sooners,bovada,Bovada,2026-09-26T12:34:07Z,2026-09-26T12:34:07Z,Oklahoma Sooners,13.5,-110.0,2026,2026-09-26T12:35:36Z,1070,16.285597019548014,8.845124835090063,9.940472184457951,b4347a6d6451334b228bf748d98cbd30b34b222852b6631cc98ff41b5e407018,timestamped_live_quote,FBS vs FBS
2026-09-26T12:35:36Z,39a3d3075172036a2b3f7d47913779b8,2026-09-26T19:30:00Z,Michigan Wolverines,Iowa Hawkeyes,draftkings,DraftKings,2026-09-26T12:34:55Z,2026-09-26T12:34:54Z,Iowa Hawkeyes,5.5,-110.0,2026,2026-09-26T12:35:36Z,1070,6.48276047467471,13.315751121651198,-4.332990646976488,b4347a6d6451334b228bf748d98cbd30b34b222852b6631cc98ff41b5e407018,timestamped_live_quote,FBS vs FBS
2026-09-26T12:35:36Z,39a3d3075172036a2b3f7d47913779b8,2026-09-26T19:30:00Z,Michigan Wolverines,Iowa Hawkeyes,draftkings,DraftKings,2026-09-26T12:34:55Z,2026-09-26T12:34:54Z,Michigan Wolverines,-5.5,-110.0,2026,2026-09-26T12:35:36Z,1070,6.48276047467471,13.315751121651198,-4.332990646976488,b4347a6d6451334b228bf748d98cbd30b34b222852b6631cc98ff41b5e407018,timestamped_live_quote,FBS vs FBS
2026-09-26T12:35:36Z,39a3d3075172036a2b3f7d47913779b8,2026-09-26T19:30:00Z,Michigan Wolverines,Iowa Hawkeyes,fanduel,FanDuel,2026-09-26T12:35:11Z,2026-09-26T12:35:11Z,Iowa Hawkeyes,5.5,-112.0,2026,2026-09-26T12:35:36Z,1070,6.48276047467471,13.315751121651198,-4.332990646976488,b4347a6d6451334b228bf748d98cbd30b34b222852b6631cc98ff41b5e407018,timestamped_live_quote,FBS vs FBS
2026-09-26T12:35:36Z,39a3d3075172036a2b3f7d47913779b8,2026-09-26T19:30:00Z,Michigan Wolverines,Iowa Hawkeyes,fanduel,FanDuel,2026-09-26T12:35:11Z,2026-09-26T12:35:11Z,Michigan Wolverines,-5.5,-108.0,2026,2026-09-26T12:35:36Z,1070,6.48276047467471,13.315751121651198,-4.332990646976488,b4347a6d6451334b228bf748d98cbd30b34b222852b6631cc98ff41b5e407018,timestamped_live_quote,FBS vs FBS
2026-09-26T12:35:36Z,39a3d3075172036a2b3f7d47913779b8,2026-09-26T19:30:00Z,Michigan Wolverines,Iowa Hawkeyes,mybookieag,MyBookie.ag,2026-09-26T12:35:13Z,2026-09-26T12:35:13Z,Iowa Hawkeyes,5.0,-110.0,2026,2026-09-26T12:35:36Z,1070,6.48276047467471,13.315751121651198,-4.332990646976488,b4347a6d6451334b228bf748d98cbd30b34b222852b6631cc98ff41b5e407018,timestamped_live_quote,FBS vs FBS
2026-09-26T12:35:36Z,39a3d3075172036a2b3f7d47913779b8,2026-09-26T19:30:00Z,Michigan Wolverines,Iowa Hawkeyes,mybookieag,MyBookie.ag,2026-09-26T12:35:13Z,2026-09-26T12:35:13Z,Michigan Wolverines,-5.0,-110.0,2026,2026-09-26T12:35:36Z,1070,6.48276047467471,13.315751121651198,-4.332990646976488,b4347a6d6451334b228bf748d98cbd30b34b222852b6631cc98ff41b5e407018,timestamped_live_quote,FBS vs FBS
2026-09-26T12:35:36Z,39a3d3075172036a2b3f7d47913779b8,2026-09-26T19:30:00Z,Michigan Wolverines,Iowa Hawkeyes,betrivers,BetRivers,2026-09-26T12:34:37Z,2026-09-26T12:34:37Z,Iowa Hawkeyes,5.5,-110.0,2026,2026-09-26T12:35:36Z,1070,6.48276047467471,13.315751121651198,-4.332990646976488,b4347a6d6451334b228bf748d98cbd30b34b222852b6631cc98ff41b5e407018,timestamped_live_quote,FBS vs FBS
2026-09-26T12:35:36Z,39a3d3075172036a2b3f7d47913779b8,2026-09-26T19:30:00Z,Michigan Wolverines,Iowa Hawkeyes,betrivers,BetRivers,2026-09-26T12:34:37Z,2026-09-26T12:34:37Z,Michigan Wolverines,-5.5,-113.0,2026,2026-09-26T12:35:36Z,1070,6.48276047467471,13.315751121651198,-4.332990646976488,b4347a6d6451334b228bf748d98cbd30b34b222852b6631cc98ff41b5e407018,timestamped_live_quote,FBS vs FBS
2026-09-26T12:35:36Z,39a3d3075172036a2b3f7d47913779b8,2026-09-26T19:30:00Z,Michigan Wolverines,Iowa Hawkeyes,betonlineag,BetOnline.ag,2026-09-26T12:35:29Z,2026-09-26T12:35:29Z,Iowa Hawkeyes,5.5,-112.0,2026,2026-09-26T12:35:36Z,1070,6.48276047467471,13.315751121651198,-4.332990646976488,b4347a6d6451334b228bf748d98cbd30b34b222852b6631cc98ff41b5e407018,timestamped_live_quote,FBS vs FBS
2026-09-26T12:35:36Z,39a3d3075172036a2b3f7d47913779b8,2026-09-26T19:30:00Z,Michigan Wolverines,Iowa Hawkeyes,betonlineag,BetOnline.ag,2026-09-26T12:35:29Z,2026-09-26T12:35:29Z,Michigan Wolverines,-5.5,-108.0,2026,2026-09-26T12:35:36Z,1070,6.48276047467471,13.315751121651198,-4.332990646976488,b4347a6d6451334b228bf748d98cbd30b34b222852b6631cc98ff41b5e407018,timestamped_live_quote,FBS vs FBS
2026-09-26T12:35:36Z,39a3d3075172036a2b3f7d47913779b8,2026-09-26T19:30:00Z,Michigan Wolverines,Iowa Hawkeyes,lowvig,LowVig.ag,2026-09-26T12:34:53Z,2026-09-26T12:34:53Z,Iowa Hawkeyes,5.5,-108.0,2026,2026-09-26T12:35:36Z,1070,6.48276047467471,13.315751121651198,-4.332990646976488,b4347a6d6451334b228bf748d98cbd30b34b222852b6631cc98ff41b5e407018,timestamped_live_quote,FBS vs FBS
2026-09-26T12:35:36Z,39a3d3075172036a2b3f7d47913779b8,2026-09-26T19:30:00Z,Michigan Wolverines,Iowa Hawkeyes,lowvig,LowVig.ag,2026-09-26T12:34:53Z,2026-09-26T12:34:53Z,Michigan Wolverines,-5.5,-104.0,2026,2026-09-26T12:35:36Z,1070,6.48276047467471,13.315751121651198,-4.332990646976488,b4347a6d6451334b228bf748d98cbd30b34b222852b6631cc98ff41b5e407018,timestamped_live_quote,FBS vs FBS
2026-09-26T12:35:36Z,39a3d3075172036a2b3f7d47913779b8,2026-09-26T19:30:00Z,Michigan Wolverines,Iowa Hawkeyes,betmgm,BetMGM,2026-09-26T12:34:23Z,2026-09-26T12:34:22Z,Iowa Hawkeyes,5.5,-110.0,2026,2026-09-26T12:35:36Z,1070,6.48276047467471,13.315751121651198,-4.332990646976488,b4347a6d6451334b228bf748d98cbd30b34b222852b6631cc98ff41b5e407018,timestamped_live_quote,FBS vs FBS
2026-09-26T12:35:36Z,39a3d3075172036a2b3f7d47913779b8,2026-09-26T19:30:00Z,Michigan Wolverines,Iowa Hawkeyes,betmgm,BetMGM,2026-09-26T12:34:23Z,2026-09-26T12:34:22Z,Michigan Wolverines,-5.5,-108.0,2026,2026-09-26T12:35:36Z,1070,6.48276047467471,13.315751121651198,-4.332990646976488,b4347a6d6451334b228bf748d98cbd30b34b222852b6631cc98ff41b5e407018,timestamped_live_quote,FBS vs FBS
2026-09-26T12:35:36Z,39a3d3075172036a2b3f7d47913779b8,2026-09-26T19:30:00Z,Michigan Wolverines,Iowa Hawkeyes,betus,BetUS,2026-09-26T12:35:11Z,2026-09-26T12:35:11Z,Iowa Hawkeyes,5.5,-110.0,2026,2026-09-26T12:35:36Z,1070,6.48276047467471,13.315751121651198,-4.332990646976488,b4347a6d6451334b228bf748d98cbd30b34b222852b6631cc98ff41b5e407018,timestamped_live_quote,FBS vs FBS
2026-09-26T12:35:36Z,39a3d3075172036a2b3f7d47913779b8,2026-09-26T19:30:00Z,Michigan Wolverines,Iowa Hawkeyes,betus,BetUS,2026-09-26T12:35:11Z,2026-09-26T12:35:11Z,Michigan Wolverines,-5.5,-110.0,2026,2026-09-26T12:35:36Z,1070,6.48276047467471,13.315751121651198,-4.332990646976488,b4347a6d6451334b228bf748d98cbd30b34b222852b6631cc98ff41b5e407018,timestamped_live_quote,FBS vs FBS
2026-09-26T12:35:36Z,39a3d3075172036a2b3f7d47913779b8,2026-09-26T19:30:00Z,Michigan Wolverines,Iowa Hawkeyes,bovada,Bovada,2026-09-26T12:34:07Z,2026-09-26T12:34:07Z,Iowa Hawkeyes,5.0,-110.0,2026,2026-09-26T12:35:36Z,1070,6.48276047467471,13.315751121651198,-4.332990646976488,b4347a6d6451334b228bf748d98cbd30b34b222852b6631cc98ff41b5e407018,timestamped_live_quote,FBS vs FBS
2026-09-26T12:35:36Z,39a3d3075172036a2b3f7d47913779b8,2026-09-26T19:30:00Z,Michigan Wolverines,Iowa Hawkeyes,bovada,Bovada,2026-09-26T12:34:07Z,2026-09-26T12:34:07Z,Michigan Wolverines,-5.0,-110.0,2026,2026-09-26T12:35:36Z,1070,6.48276047467471,13.315751121651198,-4.332990646976488,b4347a6d6451334b228bf748d98cbd30b34b222852b6631cc98ff41b5e407018,timestamped_live_quote,FBS vs FBS
2026-09-26T12:35:36Z,0dcea769daace0b6c76434589c639b11,2026-09-26T19:30:00Z,Iowa State Cyclones,Utah Utes,draftkings,DraftKings,2026-09-26T12:34:55Z,2026-09-26T12:34:54Z,Iowa State Cyclones,7.5,-112.0,2026,2026-09-26T12:35:36Z,1070,10.29799659998769,13.986431369506905,-1.1884347695192155,b4347a6d6451334b228bf748d98cbd30b34b222852b6631cc98ff41b5e407018,timestamped_live_quote,FBS vs FBS
2026-09-26T12:35:36Z,0dcea769daace0b6c76434589c639b11,2026-09-26T19:30:00Z,Iowa State Cyclones,Utah Utes,draftkings,DraftKings,2026-09-26T12:34:55Z,2026-09-26T12:34:54Z,Utah Utes,-7.5,-108.0,2026,2026-09-26T12:35:36Z,1070,10.29799659998769,13.986431369506905,-1.1884347695192155,b4347a6d6451334b228bf748d98cbd30b34b222852b6631cc98ff41b5e407018,timestamped_live_quote,FBS vs FBS
2026-09-26T12:35:36Z,0dcea769daace0b6c76434589c639b11,2026-09-26T19:30:00Z,Iowa State Cyclones,Utah Utes,mybookieag,MyBookie.ag,2026-09-26T12:35:13Z,2026-09-26T12:35:13Z,Iowa State Cyclones,7.5,-110.0,2026,2026-09-26T12:35:36Z,1070,10.29799659998769,13.986431369506905,-1.1884347695192155,b4347a6d6451334b228bf748d98cbd30b34b222852b6631cc98ff41b5e407018,timestamped_live_quote,FBS vs FBS
2026-09-26T12:35:36Z,0dcea769daace0b6c76434589c639b11,2026-09-26T19:30:00Z,Iowa State Cyclones,Utah Utes,mybookieag,MyBookie.ag,2026-09-26T12:35:13Z,2026-09-26T12:35:13Z,Utah Utes,-7.5,-110.0,2026,2026-09-26T12:35:36Z,1070,10.29799659998769,13.986431369506905,-1.1884347695192155,b4347a6d6451334b228bf748d98cbd30b34b222852b6631cc98ff41b5e407018,timestamped_live_quote,FBS vs FBS
2026-09-26T12:35:36Z,0dcea769daace0b6c76434589c639b11,2026-09-26T19:30:00Z,Iowa State Cyclones,Utah Utes,fanduel,FanDuel,2026-09-26T12:35:11Z,2026-09-26T12:35:11Z,Iowa State Cyclones,8.5,-115.0,2026,2026-09-26T12:35:36Z,1070,10.29799659998769,13.986431369506905,-1.1884347695192155,b4347a6d6451334b228bf748d98cbd30b34b222852b6631cc98ff41b5e407018,timestamped_live_quote,FBS vs FBS
2026-09-26T12:35:36Z,0dcea769daace0b6c76434589c639b11,2026-09-26T19:30:00Z,Iowa State Cyclones,Utah Utes,fanduel,FanDuel,2026-09-26T12:35:11Z,2026-09-26T12:35:11Z,Utah Utes,-8.5,-105.0,2026,2026-09-26T12:35:36Z,1070,10.29799659998769,13.986431369506905,-1.1884347695192155,b4347a6d6451334b228bf748d98cbd30b34b222852b6631cc98ff41b5e407018,timestamped_live_quote,FBS vs FBS
2026-09-26T12:35:36Z,0dcea769daace0b6c76434589c639b11,2026-09-26T19:30:00Z,Iowa State Cyclones,Utah Utes,betrivers,BetRivers,2026-09-26T12:34:37Z,2026-09-26T12:34:37Z,Iowa State Cyclones,8.0,-114.0,2026,2026-09-26T12:35:36Z,1070,10.29799659998769,13.986431369506905,-1.1884347695192155,b4347a6d6451334b228bf748d98cbd30b34b222852b6631cc98ff41b5e407018,timestamped_live_quote,FBS vs FBS
2026-09-26T12:35:36Z,0dcea769daace0b6c76434589c639b11,2026-09-26T19:30:00Z,Iowa State Cyclones,Utah Utes,betrivers,BetRivers,2026-09-26T12:34:37Z,2026-09-26T12:34:37Z,Utah Utes,-8.0,-109.0,2026,2026-09-26T12:35:36Z,1070,10.29799659998769,13.986431369506905,-1.1884347695192155,b4347a6d6451334b228bf748d98cbd30b34b222852b6631cc98ff41b5e407018,timestamped_live_quote,FBS vs FBS
2026-09-26T12:35:36Z,0dcea769daace0b6c76434589c639b11,2026-09-26T19:30:00Z,Iowa State Cyclones,Utah Utes,betonlineag,BetOnline.ag,2026-09-26T12:35:29Z,2026-09-26T12:35:29Z,Iowa State Cyclones,7.5,-110.0,2026,2026-09-26T12:35:36Z,1070,10.29799659998769,13.986431369506905,-1.1884347695192155,b4347a6d6451334b228bf748d98cbd30b34b222852b6631cc98ff41b5e407018,timestamped_live_quote,FBS vs FBS
2026-09-26T12:35:36Z,0dcea769daace0b6c76434589c639b11,2026-09-26T19:30:00Z,Iowa State Cyclones,Utah Utes,betonlineag,BetOnline.ag,2026-09-26T12:35:29Z,2026-09-26T12:35:29Z,Utah Utes,-7.5,-110.0,2026,2026-09-26T12:35:36Z,1070,10.29799659998769,13.986431369506905,-1.1884347695192155,b4347a6d6451334b228bf748d98cbd30b34b222852b6631cc98ff41b5e407018,timestamped_live_quote,FBS vs FBS
2026-09-26T12:35:36Z,0dcea769daace0b6c76434589c639b11,2026-09-26T19:30:00Z,Iowa State Cyclones,Utah Utes,betus,BetUS,2026-09-26T12:35:11Z,2026-09-26T12:35:11Z,Iowa State Cyclones,7.5,-110.0,2026,2026-09-26T12:35:36Z,1070,10.29799659998769,13.986431369506905,-1.1884347695192155,b4347a6d6451334b228bf748d98cbd30b34b222852b6631cc98ff41b5e407018,timestamped_live_quote,FBS vs FBS
2026-09-26T12:35:36Z,0dcea769daace0b6c76434589c639b11,2026-09-26T19:30:00Z,Iowa State Cyclones,Utah Utes,betus,BetUS,2026-09-26T12:35:11Z,2026-09-26T12:35:11Z,Utah Utes,-7.5,-110.0,2026,2026-09-26T12:35:36Z,1070,10.29799659998769,13.986431369506905,-1.1884347695192155,b4347a6d6451334b228bf748d98cbd30b34b222852b6631cc98ff41b5e407018,timestamped_live_quote,FBS vs FBS
2026-09-26T12:35:36Z,0dcea769daace0b6c76434589c639b11,2026-09-26T19:30:00Z,Iowa State Cyclones,Utah Utes,betmgm,BetMGM,2026-09-26T12:34:23Z,2026-09-26T12:34:22Z,Iowa State Cyclones,7.5,-110.0,2026,2026-09-26T12:35:36Z,1070,10.29799659998769,13.986431369506905,-1.1884347695192155,b4347a6d6451334b228bf748d98cbd30b34b222852b6631cc98ff41b5e407018,timestamped_live_quote,FBS vs FBS
2026-09-26T12:35:36Z,0dcea769daace0b6c76434589c639b11,2026-09-26T19:30:00Z,Iowa State Cyclones,Utah Utes,betmgm,BetMGM,2026-09-26T12:34:23Z,2026-09-26T12:34:22Z,Utah Utes,-7.5,-110.0,2026,2026-09-26T12:35:36Z,1070,10.29799659998769,13.986431369506905,-1.1884347695192155,b4347a6d6451334b228bf748d98cbd30b34b222852b6631cc98ff41b5e407018,timestamped_live_quote,FBS vs FBS
2026-09-26T12:35:36Z,0dcea769daace0b6c76434589c639b11,2026-09-26T19:30:00Z,Iowa State Cyclones,Utah Utes,bovada,Bovada,2026-09-26T12:34:07Z,2026-09-26T12:34:07Z,Iowa State Cyclones,7.5,-110.0,2026,2026-09-26T12:35:36Z,1070,10.29799659998769,13.986431369506905,-1.1884347695192155,b4347a6d6451334b228bf748d98cbd30b34b222852b6631cc98ff41b5e407018,timestamped_live_quote,FBS vs FBS
2026-09-26T12:35:36Z,0dcea769daace0b6c76434589c639b11,2026-09-26T19:30:00Z,Iowa State Cyclones,Utah Utes,bovada,Bovada,2026-09-26T12:34:07Z,2026-09-26T12:34:07Z,Utah Utes,-7.5,-110.0,2026,2026-09-26T12:35:36Z,1070,10.29799659998769,13.986431369506905,-1.1884347695192155,b4347a6d6451334b228bf748d98cbd30b34b222852b6631cc98ff41b5e407018,timestamped_live_quote,FBS vs FBS
2026-09-26T12:35:36Z,b77eb4a9bc3086105491e736c1458112,2026-09-26T19:30:00Z,Miami (OH) RedHawks,UConn Huskies,fanduel,FanDuel,2026-09-26T12:35:11Z,2026-09-26T12:35:11Z,Miami (OH) RedHawks,-3.5,-105.0,2026,2026-09-26T12:35:36Z,1070,0.14664607142248962,7.963292501110134,-5.316646429687644,b4347a6d6451334b228bf748d98cbd30b34b222852b6631cc98ff41b5e407018,timestamped_live_quote,FBS vs FBS
2026-09-26T12:35:36Z,b77eb4a9bc3086105491e736c1458112,2026-09-26T19:30:00Z,Miami (OH) RedHawks,UConn Huskies,fanduel,FanDuel,2026-09-26T12:35:11Z,2026-09-26T12:35:11Z,UConn Huskies,3.5,-115.0,2026,2026-09-26T12:35:36Z,1070,0.14664607142248962,7.963292501110134,-5.316646429687644,b4347a6d6451334b228bf748d98cbd30b34b222852b6631cc98ff41b5e407018,timestamped_live_quote,FBS vs FBS
2026-09-26T12:35:36Z,b77eb4a9bc3086105491e736c1458112,2026-09-26T19:30:00Z,Miami (OH) RedHawks,UConn Huskies,mybookieag,MyBookie.ag,2026-09-26T12:35:13Z,2026-09-26T12:35:13Z,Miami (OH) RedHawks,-3.0,-110.0,2026,2026-09-26T12:35:36Z,1070,0.14664607142248962,7.963292501110134,-5.316646429687644,b4347a6d6451334b228bf748d98cbd30b34b222852b6631cc98ff41b5e407018,timestamped_live_quote,FBS vs FBS
2026-09-26T12:35:36Z,b77eb4a9bc3086105491e736c1458112,2026-09-26T19:30:00Z,Miami (OH) RedHawks,UConn Huskies,mybookieag,MyBookie.ag,2026-09-26T12:35:13Z,2026-09-26T12:35:13Z,UConn Huskies,3.0,-110.0,2026,2026-09-26T12:35:36Z,1070,0.14664607142248962,7.963292501110134,-5.316646429687644,b4347a6d6451334b228bf748d98cbd30b34b222852b6631cc98ff41b5e407018,timestamped_live_quote,FBS vs FBS
2026-09-26T12:35:36Z,b77eb4a9bc3086105491e736c1458112,2026-09-26T19:30:00Z,Miami (OH) RedHawks,UConn Huskies,betrivers,BetRivers,2026-09-26T12:34:37Z,2026-09-26T12:34:37Z,Miami (OH) RedHawks,-3.5,-113.0,2026,2026-09-26T12:35:36Z,1070,0.14664607142248962,7.963292501110134,-5.316646429687644,b4347a6d6451334b228bf748d98cbd30b34b222852b6631cc98ff41b5e407018,timestamped_live_quote,FBS vs FBS
2026-09-26T12:35:36Z,b77eb4a9bc3086105491e736c1458112,2026-09-26T19:30:00Z,Miami (OH) RedHawks,UConn Huskies,betrivers,BetRivers,2026-09-26T12:34:37Z,2026-09-26T12:34:37Z,UConn Huskies,3.5,-109.0,2026,2026-09-26T12:35:36Z,1070,0.14664607142248962,7.963292501110134,-5.316646429687644,b4347a6d6451334b228bf748d98cbd30b34b222852b6631cc98ff41b5e407018,timestamped_live_quote,FBS vs FBS
2026-09-26T12:35:36Z,b77eb4a9bc3086105491e736c1458112,2026-09-26T19:30:00Z,Miami (OH) RedHawks,UConn Huskies,draftkings,DraftKings,2026-09-26T12:34:55Z,2026-09-26T12:34:54Z,Miami (OH) RedHawks,-3.5,-102.0,2026,2026-09-26T12:35:36Z,1070,0.14664607142248962,7.963292501110134,-5.316646429687644,b4347a6d6451334b228bf748d98cbd30b34b222852b6631cc98ff41b5e407018,timestamped_live_quote,FBS vs FBS
2026-09-26T12:35:36Z,b77eb4a9bc3086105491e736c1458112,2026-09-26T19:30:00Z,Miami (OH) RedHawks,UConn Huskies,draftkings,DraftKings,2026-09-26T12:34:55Z,2026-09-26T12:34:54Z,UConn Huskies,3.5,-118.0,2026,2026-09-26T12:35:36Z,1070,0.14664607142248962,7.963292501110134,-5.316646429687644,b4347a6d6451334b228bf748d98cbd30b34b222852b6631cc98ff41b5e407018,timestamped_live_quote,FBS vs FBS
2026-09-26T12:35:36Z,b77eb4a9bc3086105491e736c1458112,2026-09-26T19:30:00Z,Miami (OH) RedHawks,UConn Huskies,betonlineag,BetOnline.ag,2026-09-26T12:35:29Z,2026-09-26T12:35:29Z,Miami (OH) RedHawks,-3.5,-103.0,2026,2026-09-26T12:35:36Z,1070,0.14664607142248962,7.963292501110134,-5.316646429687644,b4347a6d6451334b228bf748d98cbd30b34b222852b6631cc98ff41b5e407018,timestamped_live_quote,FBS vs FBS
2026-09-26T12:35:36Z,b77eb4a9bc3086105491e736c1458112,2026-09-26T19:30:00Z,Miami (OH) RedHawks,UConn Huskies,betonlineag,BetOnline.ag,2026-09-26T12:35:29Z,2026-09-26T12:35:29Z,UConn Huskies,3.5,-117.0,2026,2026-09-26T12:35:36Z,1070,0.14664607142248962,7.963292501110134,-5.316646429687644,b4347a6d6451334b228bf748d98cbd30b34b222852b6631cc98ff41b5e407018,timestamped_live_quote,FBS vs FBS
2026-09-26T12:35:36Z,b77eb4a9bc3086105491e736c1458112,2026-09-26T19:30:00Z,Miami (OH) RedHawks,UConn Huskies,lowvig,LowVig.ag,2026-09-26T12:34:53Z,2026-09-26T12:34:53Z,Miami (OH) RedHawks,-3.5,101.0,2026,2026-09-26T12:35:36Z,1070,0.14664607142248962,7.963292501110134,-5.316646429687644,b4347a6d6451334b228bf748d98cbd30b34b222852b6631cc98ff41b5e407018,timestamped_live_quote,FBS vs FBS
2026-09-26T12:35:36Z,b77eb4a9bc3086105491e736c1458112,2026-09-26T19:30:00Z,Miami (OH) RedHawks,UConn Huskies,lowvig,LowVig.ag,2026-09-26T12:34:53Z,2026-09-26T12:34:53Z,UConn Huskies,3.5,-113.0,2026,2026-09-26T12:35:36Z,1070,0.14664607142248962,7.963292501110134,-5.316646429687644,b4347a6d6451334b228bf748d98cbd30b34b222852b6631cc98ff41b5e407018,timestamped_live_quote,FBS vs FBS
2026-09-26T12:35:36Z,b77eb4a9bc3086105491e736c1458112,2026-09-26T19:30:00Z,Miami (OH) RedHawks,UConn Huskies,betmgm,BetMGM,2026-09-26T12:34:23Z,2026-09-26T12:34:22Z,Miami (OH) RedHawks,-3.0,-118.0,2026,2026-09-26T12:35:36Z,1070,0.14664607142248962,7.963292501110134,-5.316646429687644,b4347a6d6451334b228bf748d98cbd30b34b222852b6631cc98ff41b5e407018,timestamped_live_quote,FBS vs FBS
2026-09-26T12:35:36Z,b77eb4a9bc3086105491e736c1458112,2026-09-26T19:30:00Z,Miami (OH) RedHawks,UConn Huskies,betmgm,BetMGM,2026-09-26T12:34:23Z,2026-09-26T12:34:22Z,UConn Huskies,3.0,-102.0,2026,2026-09-26T12:35:36Z,1070,0.14664607142248962,7.963292501110134,-5.316646429687644,b4347a6d6451334b228bf748d98cbd30b34b222852b6631cc98ff41b5e407018,timestamped_live_quote,FBS vs FBS
2026-09-26T12:35:36Z,b77eb4a9bc3086105491e736c1458112,2026-09-26T19:30:00Z,Miami (OH) RedHawks,UConn Huskies,betus,BetUS,2026-09-26T12:35:11Z,2026-09-26T12:35:11Z,Miami (OH) RedHawks,-3.0,-110.0,2026,2026-09-26T12:35:36Z,1070,0.14664607142248962,7.963292501110134,-5.316646429687644,b4347a6d6451334b228bf748d98cbd30b34b222852b6631cc98ff41b5e407018,timestamped_live_quote,FBS vs FBS
2026-09-26T12:35:36Z,b77eb4a9bc3086105491e736c1458112,2026-09-26T19:30:00Z,Miami (OH) RedHawks,UConn Huskies,betus,BetUS,2026-09-26T12:35:11Z,2026-09-26T12:35:11Z,UConn Huskies,3.0,-110.0,2026,2026-09-26T12:35:36Z,1070,0.14664607142248962,7.963292501110134,-5.316646429687644,b4347a6d6451334b228bf748d98cbd30b34b222852b6631cc98ff41b5e407018,timestamped_live_quote,FBS vs FBS
2026-09-26T12:35:36Z,b77eb4a9bc3086105491e736c1458112,2026-09-26T19:30:00Z,Miami (OH) RedHawks,UConn Huskies,bovada,Bovada,2026-09-26T12:34:07Z,2026-09-26T12:34:07Z,Miami (OH) RedHawks,-3.5,-105.0,2026,2026-09-26T12:35:36Z,1070,0.14664607142248962,7.963292501110134,-5.316646429687644,b4347a6d6451334b228bf748d98cbd30b34b222852b6631cc98ff41b5e407018,timestamped_live_quote,FBS vs FBS
2026-09-26T12:35:36Z,b77eb4a9bc3086105491e736c1458112,2026-09-26T19:30:00Z,Miami (OH) RedHawks,UConn Huskies,bovada,Bovada,2026-09-26T12:34:07Z,2026-09-26T12:34:07Z,UConn Huskies,3.5,-115.0,2026,2026-09-26T12:35:36Z,1070,0.14664607142248962,7.963292501110134,-5.316646429687644,b4347a6d6451334b228bf748d98cbd30b34b222852b6631cc98ff41b5e407018,timestamped_live_quote,FBS vs FBS
2026-09-26T12:35:36Z,9fe2a7b54748dc10ff57743cdd1b041c,2026-09-26T19:30:00Z,New Mexico State Aggies,New Mexico Lobos,fanduel,FanDuel,2026-09-26T12:35:11Z,2026-09-26T12:35:11Z,New Mexico Lobos,-11.5,-110.0,2026,2026-09-26T12:35:36Z,1070,-0.10536221384379495,11.409551316427716,-9.014913530271512,b4347a6d6451334b228bf748d98cbd30b34b222852b6631cc98ff41b5e407018,timestamped_live_quote,FBS vs FBS
2026-09-26T12:35:36Z,9fe2a7b54748dc10ff57743cdd1b041c,2026-09-26T19:30:00Z,New Mexico State Aggies,New Mexico Lobos,fanduel,FanDuel,2026-09-26T12:35:11Z,2026-09-26T12:35:11Z,New Mexico State Aggies,11.5,-110.0,2026,2026-09-26T12:35:36Z,1070,-0.10536221384379495,11.409551316427716,-9.014913530271512,b4347a6d6451334b228bf748d98cbd30b34b222852b6631cc98ff41b5e407018,timestamped_live_quote,FBS vs FBS
2026-09-26T12:35:36Z,9fe2a7b54748dc10ff57743cdd1b041c,2026-09-26T19:30:00Z,New Mexico State Aggies,New Mexico Lobos,betrivers,BetRivers,2026-09-26T12:34:37Z,2026-09-26T12:34:37Z,New Mexico Lobos,-11.5,-113.0,2026,2026-09-26T12:35:36Z,1070,-0.10536221384379495,11.409551316427716,-9.014913530271512,b4347a6d6451334b228bf748d98cbd30b34b222852b6631cc98ff41b5e407018,timestamped_live_quote,FBS vs FBS
2026-09-26T12:35:36Z,9fe2a7b54748dc10ff57743cdd1b041c,2026-09-26T19:30:00Z,New Mexico State Aggies,New Mexico Lobos,betrivers,BetRivers,2026-09-26T12:34:37Z,2026-09-26T12:34:37Z,New Mexico State Aggies,11.5,-110.0,2026,2026-09-26T12:35:36Z,1070,-0.10536221384379495,11.409551316427716,-9.014913530271512,b4347a6d6451334b228bf748d98cbd30b34b222852b6631cc98ff41b5e407018,timestamped_live_quote,FBS vs FBS
2026-09-26T12:35:36Z,9fe2a7b54748dc10ff57743cdd1b041c,2026-09-26T19:30:00Z,New Mexico State Aggies,New Mexico Lobos,mybookieag,MyBookie.ag,2026-09-26T12:35:13Z,2026-09-26T12:35:13Z,New Mexico Lobos,-11.5,-110.0,2026,2026-09-26T12:35:36Z,1070,-0.10536221384379495,11.409551316427716,-9.014913530271512,b4347a6d6451334b228bf748d98cbd30b34b222852b6631cc98ff41b5e407018,timestamped_live_quote,FBS vs FBS
2026-09-26T12:35:36Z,9fe2a7b54748dc10ff57743cdd1b041c,2026-09-26T19:30:00Z,New Mexico State Aggies,New Mexico Lobos,mybookieag,MyBookie.ag,2026-09-26T12:35:13Z,2026-09-26T12:35:13Z,New Mexico State Aggies,11.5,-110.0,2026,2026-09-26T12:35:36Z,1070,-0.10536221384379495,11.409551316427716,-9.014913530271512,b4347a6d6451334b228bf748d98cbd30b34b222852b6631cc98ff41b5e407018,timestamped_live_quote,FBS vs FBS
2026-09-26T12:35:36Z,9fe2a7b54748dc10ff57743cdd1b041c,2026-09-26T19:30:00Z,New Mexico State Aggies,New Mexico Lobos,draftkings,DraftKings,2026-09-26T12:34:55Z,2026-09-26T12:34:54Z,New Mexico Lobos,-11.5,-110.0,2026,2026-09-26T12:35:36Z,1070,-0.10536221384379495,11.409551316427716,-9.014913530271512,b4347a6d6451334b228bf748d98cbd30b34b222852b6631cc98ff41b5e407018,timestamped_live_quote,FBS vs FBS
2026-09-26T12:35:36Z,9fe2a7b54748dc10ff57743cdd1b041c,2026-09-26T19:30:00Z,New Mexico State Aggies,New Mexico Lobos,draftkings,DraftKings,2026-09-26T12:34:55Z,2026-09-26T12:34:54Z,New Mexico State Aggies,11.5,-110.0,2026,2026-09-26T12:35:36Z,1070,-0.10536221384379495,11.409551316427716,-9.014913530271512,b4347a6d6451334b228bf748d98cbd30b34b222852b6631cc98ff41b5e407018,timestamped_live_quote,FBS vs FBS
2026-09-26T12:35:36Z,9fe2a7b54748dc10ff57743cdd1b041c,2026-09-26T19:30:00Z,New Mexico State Aggies,New Mexico Lobos,lowvig,LowVig.ag,2026-09-26T12:34:53Z,2026-09-26T12:34:53Z,New Mexico Lobos,-11.5,-101.0,2026,2026-09-26T12:35:36Z,1070,-0.10536221384379495,11.409551316427716,-9.014913530271512,b4347a6d6451334b228bf748d98cbd30b34b222852b6631cc98ff41b5e407018,timestamped_live_quote,FBS vs FBS
2026-09-26T12:35:36Z,9fe2a7b54748dc10ff57743cdd1b041c,2026-09-26T19:30:00Z,New Mexico State Aggies,New Mexico Lobos,lowvig,LowVig.ag,2026-09-26T12:34:53Z,2026-09-26T12:34:53Z,New Mexico State Aggies,11.5,-111.0,2026,2026-09-26T12:35:36Z,1070,-0.10536221384379495,11.409551316427716,-9.014913530271512,b4347a6d6451334b228bf748d98cbd30b34b222852b6631cc98ff41b5e407018,timestamped_live_quote,FBS vs FBS
2026-09-26T12:35:36Z,9fe2a7b54748dc10ff57743cdd1b041c,2026-09-26T19:30:00Z,New Mexico State Aggies,New Mexico Lobos,betonlineag,BetOnline.ag,2026-09-26T12:35:29Z,2026-09-26T12:35:29Z,New Mexico Lobos,-11.5,-105.0,2026,2026-09-26T12:35:36Z,1070,-0.10536221384379495,11.409551316427716,-9.014913530271512,b4347a6d6451334b228bf748d98cbd30b34b222852b6631cc98ff41b5e407018,timestamped_live_quote,FBS vs FBS
2026-09-26T12:35:36Z,9fe2a7b54748dc10ff57743cdd1b041c,2026-09-26T19:30:00Z,New Mexico State Aggies,New Mexico Lobos,betonlineag,BetOnline.ag,2026-09-26T12:35:29Z,2026-09-26T12:35:29Z,New Mexico State Aggies,11.5,-115.0,2026,2026-09-26T12:35:36Z,1070,-0.10536221384379495,11.409551316427716,-9.014913530271512,b4347a6d6451334b228bf748d98cbd30b34b222852b6631cc98ff41b5e407018,timestamped_live_quote,FBS vs FBS
2026-09-26T12:35:36Z,9fe2a7b54748dc10ff57743cdd1b041c,2026-09-26T19:30:00Z,New Mexico State Aggies,New Mexico Lobos,betmgm,BetMGM,2026-09-26T12:34:23Z,2026-09-26T12:34:22Z,New Mexico Lobos,-11.0,-110.0,2026,2026-09-26T12:35:36Z,1070,-0.10536221384379495,11.409551316427716,-9.014913530271512,b4347a6d6451334b228bf748d98cbd30b34b222852b6631cc98ff41b5e407018,timestamped_live_quote,FBS vs FBS
2026-09-26T12:35:36Z,9fe2a7b54748dc10ff57743cdd1b041c,2026-09-26T19:30:00Z,New Mexico State Aggies,New Mexico Lobos,betmgm,BetMGM,2026-09-26T12:34:23Z,2026-09-26T12:34:22Z,New Mexico State Aggies,11.0,-108.0,2026,2026-09-26T12:35:36Z,1070,-0.10536221384379495,11.409551316427716,-9.014913530271512,b4347a6d6451334b228bf748d98cbd30b34b222852b6631cc98ff41b5e407018,timestamped_live_quote,FBS vs FBS
2026-09-26T12:35:36Z,9fe2a7b54748dc10ff57743cdd1b041c,2026-09-26T19:30:00Z,New Mexico State Aggies,New Mexico Lobos,betus,BetUS,2026-09-26T12:35:11Z,2026-09-26T12:35:11Z,New Mexico Lobos,-11.5,-110.0,2026,2026-09-26T12:35:36Z,1070,-0.10536221384379495,11.409551316427716,-9.014913530271512,b4347a6d6451334b228bf748d98cbd30b34b222852b6631cc98ff41b5e407018,timestamped_live_quote,FBS vs FBS
2026-09-26T12:35:36Z,9fe2a7b54748dc10ff57743cdd1b041c,2026-09-26T19:30:00Z,New Mexico State Aggies,New Mexico Lobos,betus,BetUS,2026-09-26T12:35:11Z,2026-09-26T12:35:11Z,New Mexico State Aggies,11.5,-110.0,2026,2026-09-26T12:35:36Z,1070,-0.10536221384379495,11.409551316427716,-9.014913530271512,b4347a6d6451334b228bf748d98cbd30b34b222852b6631cc98ff41b5e407018,timestamped_live_quote,FBS vs FBS
2026-09-26T12:35:36Z,9fe2a7b54748dc10ff57743cdd1b041c,2026-09-26T19:30:00Z,New Mexico State Aggies,New Mexico Lobos,bovada,Bovada,2026-09-26T12:34:07Z,2026-09-26T12:34:07Z,New Mexico Lobos,-11.0,-110.0,2026,2026-09-26T12:35:36Z,1070,-0.10536221384379495,11.409551316427716,-9.014913530271512,b4347a6d6451334b228bf748d98cbd30b34b222852b6631cc98ff41b5e407018,timestamped_live_quote,FBS vs FBS
2026-09-26T12:35:36Z,9fe2a7b54748dc10ff57743cdd1b041c,2026-09-26T19:30:00Z,New Mexico State Aggies,New Mexico Lobos,bovada,Bovada,2026-09-26T12:34:07Z,2026-09-26T12:34:07Z,New Mexico State Aggies,11.0,-110.0,2026,2026-09-26T12:35:36Z,1070,-0.10536221384379495,11.409551316427716,-9.014913530271512,b4347a6d6451334b228bf748d98cbd30b34b222852b6631cc98ff41b5e407018,timestamped_live_quote,FBS vs FBS
2026-09-26T12:35:36Z,de2c67844370661f124fd07aef585366,2026-09-26T19:30:00Z,Ohio Bobcats,Stonehill Skyhawks,fanduel,FanDuel,2026-09-26T12:35:11Z,2026-09-26T12:35:11Z,Ohio Bobcats,-32.5,-110.0,2026,2026-09-26T12:35:36Z,1070,,,,b4347a6d6451334b228bf748d98cbd30b34b222852b6631cc98ff41b5e407018,division_safety_suppressed,Unverified division / FCS: model suppressed
2026-09-26T12:35:36Z,de2c67844370661f124fd07aef585366,2026-09-26T19:30:00Z,Ohio Bobcats,Stonehill Skyhawks,fanduel,FanDuel,2026-09-26T12:35:11Z,2026-09-26T12:35:11Z,Stonehill Skyhawks,32.5,-110.0,2026,2026-09-26T12:35:36Z,1070,,,,b4347a6d6451334b228bf748d98cbd30b34b222852b6631cc98ff41b5e407018,division_safety_suppressed,Unverified division / FCS: model suppressed
2026-09-26T12:35:36Z,de2c67844370661f124fd07aef585366,2026-09-26T19:30:00Z,Ohio Bobcats,Stonehill Skyhawks,betrivers,BetRivers,2026-09-26T12:34:37Z,2026-09-26T12:34:37Z,Ohio Bobcats,-34.0,-122.0,2026,2026-09-26T12:35:36Z,1070,,,,b4347a6d6451334b228bf748d98cbd30b34b222852b6631cc98ff41b5e407018,division_safety_suppressed,Unverified division / FCS: model suppressed
2026-09-26T12:35:36Z,de2c67844370661f124fd07aef585366,2026-09-26T19:30:00Z,Ohio Bobcats,Stonehill Skyhawks,betrivers,BetRivers,2026-09-26T12:34:37Z,2026-09-26T12:34:37Z,Stonehill Skyhawks,34.0,-118.0,2026,2026-09-26T12:35:36Z,1070,,,,b4347a6d6451334b228bf748d98cbd30b34b222852b6631cc98ff41b5e407018,division_safety_suppressed,Unverified division / FCS: model suppressed
2026-09-26T12:35:36Z,de2c67844370661f124fd07aef585366,2026-09-26T19:30:00Z,Ohio Bobcats,Stonehill Skyhawks,draftkings,DraftKings,2026-09-26T12:34:55Z,2026-09-26T12:34:54Z,Ohio Bobcats,-33.5,-108.0,2026,2026-09-26T12:35:36Z,1070,,,,b4347a6d6451334b228bf748d98cbd30b34b222852b6631cc98ff41b5e407018,division_safety_suppressed,Unverified division / FCS: model suppressed
2026-09-26T12:35:36Z,de2c67844370661f124fd07aef585366,2026-09-26T19:30:00Z,Ohio Bobcats,Stonehill Skyhawks,draftkings,DraftKings,2026-09-26T12:34:55Z,2026-09-26T12:34:54Z,Stonehill Skyhawks,33.5,-112.0,2026,2026-09-26T12:35:36Z,1070,,,,b4347a6d6451334b228bf748d98cbd30b34b222852b6631cc98ff41b5e407018,division_safety_suppressed,Unverified division / FCS: model suppressed
2026-09-26T12:35:36Z,de2c67844370661f124fd07aef585366,2026-09-26T19:30:00Z,Ohio Bobcats,Stonehill Skyhawks,lowvig,LowVig.ag,2026-09-26T12:34:53Z,2026-09-26T12:34:53Z,Ohio Bobcats,-33.5,-110.0,2026,2026-09-26T12:35:36Z,1070,,,,b4347a6d6451334b228bf748d98cbd30b34b222852b6631cc98ff41b5e407018,division_safety_suppressed,Unverified division / FCS: model suppressed
2026-09-26T12:35:36Z,de2c67844370661f124fd07aef585366,2026-09-26T19:30:00Z,Ohio Bobcats,Stonehill Skyhawks,lowvig,LowVig.ag,2026-09-26T12:34:53Z,2026-09-26T12:34:53Z,Stonehill Skyhawks,33.5,-110.0,2026,2026-09-26T12:35:36Z,1070,,,,b4347a6d6451334b228bf748d98cbd30b34b222852b6631cc98ff41b5e407018,division_safety_suppressed,Unverified division / FCS: model suppressed
2026-09-26T12:35:36Z,de2c67844370661f124fd07aef585366,2026-09-26T19:30:00Z,Ohio Bobcats,Stonehill Skyhawks,betonlineag,BetOnline.ag,2026-09-26T12:35:29Z,2026-09-26T12:35:29Z,Ohio Bobcats,-33.5,-110.0,2026,2026-09-26T12:35:36Z,1070,,,,b4347a6d6451334b228bf748d98cbd30b34b222852b6631cc98ff41b5e407018,division_safety_suppressed,Unverified division / FCS: model suppressed
2026-09-26T12:35:36Z,de2c67844370661f124fd07aef585366,2026-09-26T19:30:00Z,Ohio Bobcats,Stonehill Skyhawks,betonlineag,BetOnline.ag,2026-09-26T12:35:29Z,2026-09-26T12:35:29Z,Stonehill Skyhawks,33.5,-110.0,2026,2026-09-26T12:35:36Z,1070,,,,b4347a6d6451334b228bf748d98cbd30b34b222852b6631cc98ff41b5e407018,division_safety_suppressed,Unverified division / FCS: model suppressed
2026-09-26T12:35:36Z,de2c67844370661f124fd07aef585366,2026-09-26T19:30:00Z,Ohio Bobcats,Stonehill Skyhawks,bovada,Bovada,2026-09-26T12:34:07Z,2026-09-26T12:34:07Z,Ohio Bobcats,-34.0,-105.0,2026,2026-09-26T12:35:36Z,1070,,,,b4347a6d6451334b228bf748d98cbd30b34b222852b6631cc98ff41b5e407018,division_safety_suppressed,Unverified division / FCS: model suppressed
2026-09-26T12:35:36Z,de2c67844370661f124fd07aef585366,2026-09-26T19:30:00Z,Ohio Bobcats,Stonehill Skyhawks,bovada,Bovada,2026-09-26T12:34:07Z,2026-09-26T12:34:07Z,Stonehill Skyhawks,34.0,-115.0,2026,2026-09-26T12:35:36Z,1070,,,,b4347a6d6451334b228bf748d98cbd30b34b222852b6631cc98ff41b5e407018,division_safety_suppressed,Unverified division / FCS: model suppressed
2026-09-26T12:35:36Z,32171e03f5df71b5c9057bcba40030a7,2026-09-26T19:30:00Z,UCF Knights,TCU Horned Frogs,fanduel,FanDuel,2026-09-26T12:35:11Z,2026-09-26T12:35:11Z,TCU Horned Frogs,-3.5,-102.0,2026,2026-09-26T12:35:36Z,1070,,,,b4347a6d6451334b228bf748d98cbd30b34b222852b6631cc98ff41b5e407018,division_safety_suppressed,Unverified division / FCS: model suppressed
2026-09-26T12:35:36Z,32171e03f5df71b5c9057bcba40030a7,2026-09-26T19:30:00Z,UCF Knights,TCU Horned Frogs,fanduel,FanDuel,2026-09-26T12:35:11Z,2026-09-26T12:35:11Z,UCF Knights,3.5,-120.0,2026,2026-09-26T12:35:36Z,1070,,,,b4347a6d6451334b228bf748d98cbd30b34b222852b6631cc98ff41b5e407018,division_safety_suppressed,Unverified division / FCS: model suppressed
2026-09-26T12:35:36Z,32171e03f5df71b5c9057bcba40030a7,2026-09-26T19:30:00Z,UCF Knights,TCU Horned Frogs,mybookieag,MyBookie.ag,2026-09-26T12:35:13Z,2026-09-26T12:35:13Z,TCU Horned Frogs,-3.0,-110.0,2026,2026-09-26T12:35:36Z,1070,,,,b4347a6d6451334b228bf748d98cbd30b34b222852b6631cc98ff41b5e407018,division_safety_suppressed,Unverified division / FCS: model suppressed
2026-09-26T12:35:36Z,32171e03f5df71b5c9057bcba40030a7,2026-09-26T19:30:00Z,UCF Knights,TCU Horned Frogs,mybookieag,MyBookie.ag,2026-09-26T12:35:13Z,2026-09-26T12:35:13Z,UCF Knights,3.0,-110.0,2026,2026-09-26T12:35:36Z,1070,,,,b4347a6d6451334b228bf748d98cbd30b34b222852b6631cc98ff41b5e407018,division_safety_suppressed,Unverified division / FCS: model suppressed
2026-09-26T12:35:36Z,32171e03f5df71b5c9057bcba40030a7,2026-09-26T19:30:00Z,UCF Knights,TCU Horned Frogs,betrivers,BetRivers,2026-09-26T12:34:37Z,2026-09-26T12:34:37Z,TCU Horned Frogs,-3.0,-115.0,2026,2026-09-26T12:35:36Z,1070,,,,b4347a6d6451334b228bf748d98cbd30b34b222852b6631cc98ff41b5e407018,division_safety_suppressed,Unverified division / FCS: model suppressed
2026-09-26T12:35:36Z,32171e03f5df71b5c9057bcba40030a7,2026-09-26T19:30:00Z,UCF Knights,TCU Horned Frogs,betrivers,BetRivers,2026-09-26T12:34:37Z,2026-09-26T12:34:37Z,UCF Knights,3.0,-107.0,2026,2026-09-26T12:35:36Z,1070,,,,b4347a6d6451334b228bf748d98cbd30b34b222852b6631cc98ff41b5e407018,division_safety_suppressed,Unverified division / FCS: model suppressed
2026-09-26T12:35:36Z,32171e03f5df71b5c9057bcba40030a7,2026-09-26T19:30:00Z,UCF Knights,TCU Horned Frogs,draftkings,DraftKings,2026-09-26T12:34:55Z,2026-09-26T12:34:54Z,TCU Horned Frogs,-3.0,-112.0,2026,2026-09-26T12:35:36Z,1070,,,,b4347a6d6451334b228bf748d98cbd30b34b222852b6631cc98ff41b5e407018,division_safety_suppressed,Unverified division / FCS: model suppressed
2026-09-26T12:35:36Z,32171e03f5df71b5c9057bcba40030a7,2026-09-26T19:30:00Z,UCF Knights,TCU Horned Frogs,draftkings,DraftKings,2026-09-26T12:34:55Z,2026-09-26T12:34:54Z,UCF Knights,3.0,-108.0,2026,2026-09-26T12:35:36Z,1070,,,,b4347a6d6451334b228bf748d98cbd30b34b222852b6631cc98ff41b5e407018,division_safety_suppressed,Unverified division / FCS: model suppressed
2026-09-26T12:35:36Z,32171e03f5df71b5c9057bcba40030a7,2026-09-26T19:30:00Z,UCF Knights,TCU Horned Frogs,betonlineag,BetOnline.ag,2026-09-26T12:35:29Z,2026-09-26T12:35:29Z,TCU Horned Frogs,-3.0,-114.0,2026,2026-09-26T12:35:36Z,1070,,,,b4347a6d6451334b228bf748d98cbd30b34b222852b6631cc98ff41b5e407018,division_safety_suppressed,Unverified division / FCS: model suppressed
2026-09-26T12:35:36Z,32171e03f5df71b5c9057bcba40030a7,2026-09-26T19:30:00Z,UCF Knights,TCU Horned Frogs,betonlineag,BetOnline.ag,2026-09-26T12:35:29Z,2026-09-26T12:35:29Z,UCF Knights,3.0,-106.0,2026,2026-09-26T12:35:36Z,1070,,,,b4347a6d6451334b228bf748d98cbd30b34b222852b6631cc98ff41b5e407018,division_safety_suppressed,Unverified division / FCS: model suppressed
2026-09-26T12:35:36Z,32171e03f5df71b5c9057bcba40030a7,2026-09-26T19:30:00Z,UCF Knights,TCU Horned Frogs,lowvig,LowVig.ag,2026-09-26T12:34:53Z,2026-09-26T12:34:53Z,TCU Horned Frogs,-3.0,-110.0,2026,2026-09-26T12:35:36Z,1070,,,,b4347a6d6451334b228bf748d98cbd30b34b222852b6631cc98ff41b5e407018,division_safety_suppressed,Unverified division / FCS: model suppressed
2026-09-26T12:35:36Z,32171e03f5df71b5c9057bcba40030a7,2026-09-26T19:30:00Z,UCF Knights,TCU Horned Frogs,lowvig,LowVig.ag,2026-09-26T12:34:53Z,2026-09-26T12:34:53Z,UCF Knights,3.0,-102.0,2026,2026-09-26T12:35:36Z,1070,,,,b4347a6d6451334b228bf748d98cbd30b34b222852b6631cc98ff41b5e407018,division_safety_suppressed,Unverified division / FCS: model suppressed
2026-09-26T12:35:36Z,32171e03f5df71b5c9057bcba40030a7,2026-09-26T19:30:00Z,UCF Knights,TCU Horned Frogs,betus,BetUS,2026-09-26T12:35:11Z,2026-09-26T12:35:11Z,TCU Horned Frogs,-3.0,-115.0,2026,2026-09-26T12:35:36Z,1070,,,,b4347a6d6451334b228bf748d98cbd30b34b222852b6631cc98ff41b5e407018,division_safety_suppressed,Unverified division / FCS: model suppressed
2026-09-26T12:35:36Z,32171e03f5df71b5c9057bcba40030a7,2026-09-26T19:30:00Z,UCF Knights,TCU Horned Frogs,betus,BetUS,2026-09-26T12:35:11Z,2026-09-26T12:35:11Z,UCF Knights,3.0,-105.0,2026,2026-09-26T12:35:36Z,1070,,,,b4347a6d6451334b228bf748d98cbd30b34b222852b6631cc98ff41b5e407018,division_safety_suppressed,Unverified division / FCS: model suppressed
2026-09-26T12:35:36Z,32171e03f5df71b5c9057bcba40030a7,2026-09-26T19:30:00Z,UCF Knights,TCU Horned Frogs,betmgm,BetMGM,2026-09-26T12:34:23Z,2026-09-26T12:34:22Z,TCU Horned Frogs,-3.0,-112.0,2026,2026-09-26T12:35:36Z,1070,,,,b4347a6d6451334b228bf748d98cbd30b34b222852b6631cc98ff41b5e407018,division_safety_suppressed,Unverified division / FCS: model suppressed
2026-09-26T12:35:36Z,32171e03f5df71b5c9057bcba40030a7,2026-09-26T19:30:00Z,UCF Knights,TCU Horned Frogs,betmgm,BetMGM,2026-09-26T12:34:23Z,2026-09-26T12:34:22Z,UCF Knights,3.0,-105.0,2026,2026-09-26T12:35:36Z,1070,,,,b4347a6d6451334b228bf748d98cbd30b34b222852b6631cc98ff41b5e407018,division_safety_suppressed,Unverified division / FCS: model suppressed
2026-09-26T12:35:36Z,32171e03f5df71b5c9057bcba40030a7,2026-09-26T19:30:00Z,UCF Knights,TCU Horned Frogs,bovada,Bovada,2026-09-26T12:34:07Z,2026-09-26T12:34:07Z,TCU Horned Frogs,-3.0,-110.0,2026,2026-09-26T12:35:36Z,1070,,,,b4347a6d6451334b228bf748d98cbd30b34b222852b6631cc98ff41b5e407018,division_safety_suppressed,Unverified division / FCS: model suppressed
2026-09-26T12:35:36Z,32171e03f5df71b5c9057bcba40030a7,2026-09-26T19:30:00Z,UCF Knights,TCU Horned Frogs,bovada,Bovada,2026-09-26T12:34:07Z,2026-09-26T12:34:07Z,UCF Knights,3.0,-110.0,2026,2026-09-26T12:35:36Z,1070,,,,b4347a6d6451334b228bf748d98cbd30b34b222852b6631cc98ff41b5e407018,division_safety_suppressed,Unverified division / FCS: model suppressed
2026-09-26T12:35:36Z,e3228af38572d15da53fab3ec97742a2,2026-09-26T20:00:00Z,East Carolina Pirates,North Carolina Central Eagles,fanduel,FanDuel,2026-09-26T12:35:11Z,2026-09-26T12:35:11Z,East Carolina Pirates,-35.5,-105.0,2026,2026-09-26T12:35:36Z,1070,-2.465507842654805,-4.242362003608753,4.276854160953948,b4347a6d6451334b228bf748d98cbd30b34b222852b6631cc98ff41b5e407018,timestamped_live_quote,FBS vs FBS
2026-09-26T12:35:36Z,e3228af38572d15da53fab3ec97742a2,2026-09-26T20:00:00Z,East Carolina Pirates,North Carolina Central Eagles,fanduel,FanDuel,2026-09-26T12:35:11Z,2026-09-26T12:35:11Z,North Carolina Central Eagles,35.5,-115.0,2026,2026-09-26T12:35:36Z,1070,-2.465507842654805,-4.242362003608753,4.276854160953948,b4347a6d6451334b228bf748d98cbd30b34b222852b6631cc98ff41b5e407018,timestamped_live_quote,FBS vs FBS
2026-09-26T12:35:36Z,e3228af38572d15da53fab3ec97742a2,2026-09-26T20:00:00Z,East Carolina Pirates,North Carolina Central Eagles,betrivers,BetRivers,2026-09-26T12:34:37Z,2026-09-26T12:34:37Z,East Carolina Pirates,-36.5,-113.0,2026,2026-09-26T12:35:36Z,1070,-2.465507842654805,-4.242362003608753,4.276854160953948,b4347a6d6451334b228bf748d98cbd30b34b222852b6631cc98ff41b5e407018,timestamped_live_quote,FBS vs FBS
2026-09-26T12:35:36Z,e3228af38572d15da53fab3ec97742a2,2026-09-26T20:00:00Z,East Carolina Pirates,North Carolina Central Eagles,betrivers,BetRivers,2026-09-26T12:34:37Z,2026-09-26T12:34:37Z,North Carolina Central Eagles,36.5,-109.0,2026,2026-09-26T12:35:36Z,1070,-2.465507842654805,-4.242362003608753,4.276854160953948,b4347a6d6451334b228bf748d98cbd30b34b222852b6631cc98ff41b5e407018,timestamped_live_quote,FBS vs FBS
2026-09-26T12:35:36Z,e3228af38572d15da53fab3ec97742a2,2026-09-26T20:00:00Z,East Carolina Pirates,North Carolina Central Eagles,draftkings,DraftKings,2026-09-26T12:34:55Z,2026-09-26T12:34:54Z,East Carolina Pirates,-36.5,-112.0,2026,2026-09-26T12:35:36Z,1070,-2.465507842654805,-4.242362003608753,4.276854160953948,b4347a6d6451334b228bf748d98cbd30b34b222852b6631cc98ff41b5e407018,timestamped_live_quote,FBS vs FBS
2026-09-26T12:35:36Z,e3228af38572d15da53fab3ec97742a2,2026-09-26T20:00:00Z,East Carolina Pirates,North Carolina Central Eagles,draftkings,DraftKings,2026-09-26T12:34:55Z,2026-09-26T12:34:54Z,North Carolina Central Eagles,36.5,-108.0,2026,2026-09-26T12:35:36Z,1070,-2.465507842654805,-4.242362003608753,4.276854160953948,b4347a6d6451334b228bf748d98cbd30b34b222852b6631cc98ff41b5e407018,timestamped_live_quote,FBS vs FBS
2026-09-26T12:35:36Z,e3228af38572d15da53fab3ec97742a2,2026-09-26T20:00:00Z,East Carolina Pirates,North Carolina Central Eagles,lowvig,LowVig.ag,2026-09-26T12:34:53Z,2026-09-26T12:34:53Z,East Carolina Pirates,-36.5,-115.0,2026,2026-09-26T12:35:36Z,1070,-2.465507842654805,-4.242362003608753,4.276854160953948,b4347a6d6451334b228bf748d98cbd30b34b222852b6631cc98ff41b5e407018,timestamped_live_quote,FBS vs FBS
2026-09-26T12:35:36Z,e3228af38572d15da53fab3ec97742a2,2026-09-26T20:00:00Z,East Carolina Pirates,North Carolina Central Eagles,lowvig,LowVig.ag,2026-09-26T12:34:53Z,2026-09-26T12:34:53Z,North Carolina Central Eagles,36.5,-105.0,2026,2026-09-26T12:35:36Z,1070,-2.465507842654805,-4.242362003608753,4.276854160953948,b4347a6d6451334b228bf748d98cbd30b34b222852b6631cc98ff41b5e407018,timestamped_live_quote,FBS vs FBS
2026-09-26T12:35:36Z,e3228af38572d15da53fab3ec97742a2,2026-09-26T20:00:00Z,East Carolina Pirates,North Carolina Central Eagles,betonlineag,BetOnline.ag,2026-09-26T12:35:29Z,2026-09-26T12:35:29Z,East Carolina Pirates,-36.5,-115.0,2026,2026-09-26T12:35:36Z,1070,-2.465507842654805,-4.242362003608753,4.276854160953948,b4347a6d6451334b228bf748d98cbd30b34b222852b6631cc98ff41b5e407018,timestamped_live_quote,FBS vs FBS
2026-09-26T12:35:36Z,e3228af38572d15da53fab3ec97742a2,2026-09-26T20:00:00Z,East Carolina Pirates,North Carolina Central Eagles,betonlineag,BetOnline.ag,2026-09-26T12:35:29Z,2026-09-26T12:35:29Z,North Carolina Central Eagles,36.5,-105.0,2026,2026-09-26T12:35:36Z,1070,-2.465507842654805,-4.242362003608753,4.276854160953948,b4347a6d6451334b228bf748d98cbd30b34b222852b6631cc98ff41b5e407018,timestamped_live_quote,FBS vs FBS
2026-09-26T12:35:36Z,e3228af38572d15da53fab3ec97742a2,2026-09-26T20:00:00Z,East Carolina Pirates,North Carolina Central Eagles,bovada,Bovada,2026-09-26T12:34:07Z,2026-09-26T12:34:07Z,East Carolina Pirates,-36.5,-115.0,2026,2026-09-26T12:35:36Z,1070,-2.465507842654805,-4.242362003608753,4.276854160953948,b4347a6d6451334b228bf748d98cbd30b34b222852b6631cc98ff41b5e407018,timestamped_live_quote,FBS vs FBS
2026-09-26T12:35:36Z,e3228af38572d15da53fab3ec97742a2,2026-09-26T20:00:00Z,East Carolina Pirates,North Carolina Central Eagles,bovada,Bovada,2026-09-26T12:34:07Z,2026-09-26T12:34:07Z,North Carolina Central Eagles,36.5,-105.0,2026,2026-09-26T12:35:36Z,1070,-2.465507842654805,-4.242362003608753,4.276854160953948,b4347a6d6451334b228bf748d98cbd30b34b222852b6631cc98ff41b5e407018,timestamped_live_quote,FBS vs FBS
2026-09-26T12:35:36Z,b1cdf3ac97be67ee00a53e437e4bfa78,2026-09-26T20:00:00Z,Georgia Southern Eagles,Houston Cougars,fanduel,FanDuel,2026-09-26T12:35:11Z,2026-09-26T12:35:11Z,Georgia Southern Eagles,17.5,-110.0,2026,2026-09-26T12:35:36Z,1070,3.1871191007940136,12.221023554579338,-6.533904453785324,b4347a6d6451334b228bf748d98cbd30b34b222852b6631cc98ff41b5e407018,timestamped_live_quote,FBS vs FBS
2026-09-26T12:35:36Z,b1cdf3ac97be67ee00a53e437e4bfa78,2026-09-26T20:00:00Z,Georgia Southern Eagles,Houston Cougars,fanduel,FanDuel,2026-09-26T12:35:11Z,2026-09-26T12:35:11Z,Houston Cougars,-17.5,-110.0,2026,2026-09-26T12:35:36Z,1070,3.1871191007940136,12.221023554579338,-6.533904453785324,b4347a6d6451334b228bf748d98cbd30b34b222852b6631cc98ff41b5e407018,timestamped_live_quote,FBS vs FBS
2026-09-26T12:35:36Z,b1cdf3ac97be67ee00a53e437e4bfa78,2026-09-26T20:00:00Z,Georgia Southern Eagles,Houston Cougars,mybookieag,MyBookie.ag,2026-09-26T12:35:13Z,2026-09-26T12:35:13Z,Georgia Southern Eagles,17.5,-110.0,2026,2026-09-26T12:35:36Z,1070,3.1871191007940136,12.221023554579338,-6.533904453785324,b4347a6d6451334b228bf748d98cbd30b34b222852b6631cc98ff41b5e407018,timestamped_live_quote,FBS vs FBS
2026-09-26T12:35:36Z,b1cdf3ac97be67ee00a53e437e4bfa78,2026-09-26T20:00:00Z,Georgia Southern Eagles,Houston Cougars,mybookieag,MyBookie.ag,2026-09-26T12:35:13Z,2026-09-26T12:35:13Z,Houston Cougars,-17.5,-110.0,2026,2026-09-26T12:35:36Z,1070,3.1871191007940136,12.221023554579338,-6.533904453785324,b4347a6d6451334b228bf748d98cbd30b34b222852b6631cc98ff41b5e407018,timestamped_live_quote,FBS vs FBS
2026-09-26T12:35:36Z,b1cdf3ac97be67ee00a53e437e4bfa78,2026-09-26T20:00:00Z,Georgia Southern Eagles,Houston Cougars,draftkings,DraftKings,2026-09-26T12:34:55Z,2026-09-26T12:34:54Z,Georgia Southern Eagles,17.5,-112.0,2026,2026-09-26T12:35:36Z,1070,3.1871191007940136,12.221023554579338,-6.533904453785324,b4347a6d6451334b228bf748d98cbd30b34b222852b6631cc98ff41b5e407018,timestamped_live_quote,FBS vs FBS
2026-09-26T12:35:36Z,b1cdf3ac97be67ee00a53e437e4bfa78,2026-09-26T20:00:00Z,Georgia Southern Eagles,Houston Cougars,draftkings,DraftKings,2026-09-26T12:34:55Z,2026-09-26T12:34:54Z,Houston Cougars,-17.5,-108.0,2026,2026-09-26T12:35:36Z,1070,3.1871191007940136,12.221023554579338,-6.533904453785324,b4347a6d6451334b228bf748d98cbd30b34b222852b6631cc98ff41b5e407018,timestamped_live_quote,FBS vs FBS
2026-09-26T12:35:36Z,b1cdf3ac97be67ee00a53e437e4bfa78,2026-09-26T20:00:00Z,Georgia Southern Eagles,Houston Cougars,betrivers,BetRivers,2026-09-26T12:34:37Z,2026-09-26T12:34:37Z,Georgia Southern Eagles,17.5,-110.0,2026,2026-09-26T12:35:36Z,1070,3.1871191007940136,12.221023554579338,-6.533904453785324,b4347a6d6451334b228bf748d98cbd30b34b222852b6631cc98ff41b5e407018,timestamped_live_quote,FBS vs FBS
2026-09-26T12:35:36Z,b1cdf3ac97be67ee00a53e437e4bfa78,2026-09-26T20:00:00Z,Georgia Southern Eagles,Houston Cougars,betrivers,BetRivers,2026-09-26T12:34:37Z,2026-09-26T12:34:37Z,Houston Cougars,-17.5,-114.0,2026,2026-09-26T12:35:36Z,1070,3.1871191007940136,12.221023554579338,-6.533904453785324,b4347a6d6451334b228bf748d98cbd30b34b222852b6631cc98ff41b5e407018,timestamped_live_quote,FBS vs FBS
2026-09-26T12:35:36Z,b1cdf3ac97be67ee00a53e437e4bfa78,2026-09-26T20:00:00Z,Georgia Southern Eagles,Houston Cougars,betonlineag,BetOnline.ag,2026-09-26T12:35:29Z,2026-09-26T12:35:29Z,Georgia Southern Eagles,17.0,-103.0,2026,2026-09-26T12:35:36Z,1070,3.1871191007940136,12.221023554579338,-6.533904453785324,b4347a6d6451334b228bf748d98cbd30b34b222852b6631cc98ff41b5e407018,timestamped_live_quote,FBS vs FBS
2026-09-26T12:35:36Z,b1cdf3ac97be67ee00a53e437e4bfa78,2026-09-26T20:00:00Z,Georgia Southern Eagles,Houston Cougars,betonlineag,BetOnline.ag,2026-09-26T12:35:29Z,2026-09-26T12:35:29Z,Houston Cougars,-17.0,-117.0,2026,2026-09-26T12:35:36Z,1070,3.1871191007940136,12.221023554579338,-6.533904453785324,b4347a6d6451334b228bf748d98cbd30b34b222852b6631cc98ff41b5e407018,timestamped_live_quote,FBS vs FBS
2026-09-26T12:35:36Z,b1cdf3ac97be67ee00a53e437e4bfa78,2026-09-26T20:00:00Z,Georgia Southern Eagles,Houston Cougars,lowvig,LowVig.ag,2026-09-26T12:34:53Z,2026-09-26T12:34:53Z,Georgia Southern Eagles,17.0,-102.0,2026,2026-09-26T12:35:36Z,1070,3.1871191007940136,12.221023554579338,-6.533904453785324,b4347a6d6451334b228bf748d98cbd30b34b222852b6631cc98ff41b5e407018,timestamped_live_quote,FBS vs FBS
2026-09-26T12:35:36Z,b1cdf3ac97be67ee00a53e437e4bfa78,2026-09-26T20:00:00Z,Georgia Southern Eagles,Houston Cougars,lowvig,LowVig.ag,2026-09-26T12:34:53Z,2026-09-26T12:34:53Z,Houston Cougars,-17.0,-110.0,2026,2026-09-26T12:35:36Z,1070,3.1871191007940136,12.221023554579338,-6.533904453785324,b4347a6d6451334b228bf748d98cbd30b34b222852b6631cc98ff41b5e407018,timestamped_live_quote,FBS vs FBS
2026-09-26T12:35:36Z,b1cdf3ac97be67ee00a53e437e4bfa78,2026-09-26T20:00:00Z,Georgia Southern Eagles,Houston Cougars,betmgm,BetMGM,2026-09-26T12:34:23Z,2026-09-26T12:34:22Z,Georgia Southern Eagles,17.5,-110.0,2026,2026-09-26T12:35:36Z,1070,3.1871191007940136,12.221023554579338,-6.533904453785324,b4347a6d6451334b228bf748d98cbd30b34b222852b6631cc98ff41b5e407018,timestamped_live_quote,FBS vs FBS
2026-09-26T12:35:36Z,b1cdf3ac97be67ee00a53e437e4bfa78,2026-09-26T20:00:00Z,Georgia Southern Eagles,Houston Cougars,betmgm,BetMGM,2026-09-26T12:34:23Z,2026-09-26T12:34:22Z,Houston Cougars,-17.5,-108.0,2026,2026-09-26T12:35:36Z,1070,3.1871191007940136,12.221023554579338,-6.533904453785324,b4347a6d6451334b228bf748d98cbd30b34b222852b6631cc98ff41b5e407018,timestamped_live_quote,FBS vs FBS
2026-09-26T12:35:36Z,b1cdf3ac97be67ee00a53e437e4bfa78,2026-09-26T20:00:00Z,Georgia Southern Eagles,Houston Cougars,betus,BetUS,2026-09-26T12:35:11Z,2026-09-26T12:35:11Z,Georgia Southern Eagles,17.0,-110.0,2026,2026-09-26T12:35:36Z,1070,3.1871191007940136,12.221023554579338,-6.533904453785324,b4347a6d6451334b228bf748d98cbd30b34b222852b6631cc98ff41b5e407018,timestamped_live_quote,FBS vs FBS
2026-09-26T12:35:36Z,b1cdf3ac97be67ee00a53e437e4bfa78,2026-09-26T20:00:00Z,Georgia Southern Eagles,Houston Cougars,betus,BetUS,2026-09-26T12:35:11Z,2026-09-26T12:35:11Z,Houston Cougars,-17.0,-110.0,2026,2026-09-26T12:35:36Z,1070,3.1871191007940136,12.221023554579338,-6.533904453785324,b4347a6d6451334b228bf748d98cbd30b34b222852b6631cc98ff41b5e407018,timestamped_live_quote,FBS vs FBS
2026-09-26T12:35:36Z,b1cdf3ac97be67ee00a53e437e4bfa78,2026-09-26T20:00:00Z,Georgia Southern Eagles,Houston Cougars,bovada,Bovada,2026-09-26T12:34:07Z,2026-09-26T12:34:07Z,Georgia Southern Eagles,17.0,-105.0,2026,2026-09-26T12:35:36Z,1070,3.1871191007940136,12.221023554579338,-6.533904453785324,b4347a6d6451334b228bf748d98cbd30b34b222852b6631cc98ff41b5e407018,timestamped_live_quote,FBS vs FBS
2026-09-26T12:35:36Z,b1cdf3ac97be67ee00a53e437e4bfa78,2026-09-26T20:00:00Z,Georgia Southern Eagles,Houston Cougars,bovada,Bovada,2026-09-26T12:34:07Z,2026-09-26T12:34:07Z,Houston Cougars,-17.0,-115.0,2026,2026-09-26T12:35:36Z,1070,3.1871191007940136,12.221023554579338,-6.533904453785324,b4347a6d6451334b228bf748d98cbd30b34b222852b6631cc98ff41b5e407018,timestamped_live_quote,FBS vs FBS
2026-09-26T12:35:36Z,edf8d3e3699aa5cb34c50ac7de992d37,2026-09-26T20:15:00Z,Auburn Tigers,Vanderbilt Commodores,draftkings,DraftKings,2026-09-26T12:34:55Z,2026-09-26T12:34:54Z,Auburn Tigers,-9.5,-110.0,2026,2026-09-26T12:35:36Z,1070,6.490731928390924,6.713069356709611,2.2776625716813133,b4347a6d6451334b228bf748d98cbd30b34b222852b6631cc98ff41b5e407018,timestamped_live_quote,FBS vs FBS
2026-09-26T12:35:36Z,edf8d3e3699aa5cb34c50ac7de992d37,2026-09-26T20:15:00Z,Auburn Tigers,Vanderbilt Commodores,draftkings,DraftKings,2026-09-26T12:34:55Z,2026-09-26T12:34:54Z,Vanderbilt Commodores,9.5,-110.0,2026,2026-09-26T12:35:36Z,1070,6.490731928390924,6.713069356709611,2.2776625716813133,b4347a6d6451334b228bf748d98cbd30b34b222852b6631cc98ff41b5e407018,timestamped_live_quote,FBS vs FBS
2026-09-26T12:35:36Z,edf8d3e3699aa5cb34c50ac7de992d37,2026-09-26T20:15:00Z,Auburn Tigers,Vanderbilt Commodores,mybookieag,MyBookie.ag,2026-09-26T12:35:13Z,2026-09-26T12:35:13Z,Auburn Tigers,-9.5,-110.0,2026,2026-09-26T12:35:36Z,1070,6.490731928390924,6.713069356709611,2.2776625716813133,b4347a6d6451334b228bf748d98cbd30b34b222852b6631cc98ff41b5e407018,timestamped_live_quote,FBS vs FBS
2026-09-26T12:35:36Z,edf8d3e3699aa5cb34c50ac7de992d37,2026-09-26T20:15:00Z,Auburn Tigers,Vanderbilt Commodores,mybookieag,MyBookie.ag,2026-09-26T12:35:13Z,2026-09-26T12:35:13Z,Vanderbilt Commodores,9.5,-110.0,2026,2026-09-26T12:35:36Z,1070,6.490731928390924,6.713069356709611,2.2776625716813133,b4347a6d6451334b228bf748d98cbd30b34b222852b6631cc98ff41b5e407018,timestamped_live_quote,FBS vs FBS
2026-09-26T12:35:36Z,edf8d3e3699aa5cb34c50ac7de992d37,2026-09-26T20:15:00Z,Auburn Tigers,Vanderbilt Commodores,fanduel,FanDuel,2026-09-26T12:35:11Z,2026-09-26T12:35:11Z,Auburn Tigers,-9.5,-110.0,2026,2026-09-26T12:35:36Z,1070,6.490731928390924,6.713069356709611,2.2776625716813133,b4347a6d6451334b228bf748d98cbd30b34b222852b6631cc98ff41b5e407018,timestamped_live_quote,FBS vs FBS
2026-09-26T12:35:36Z,edf8d3e3699aa5cb34c50ac7de992d37,2026-09-26T20:15:00Z,Auburn Tigers,Vanderbilt Commodores,fanduel,FanDuel,2026-09-26T12:35:11Z,2026-09-26T12:35:11Z,Vanderbilt Commodores,9.5,-110.0,2026,2026-09-26T12:35:36Z,1070,6.490731928390924,6.713069356709611,2.2776625716813133,b4347a6d6451334b228bf748d98cbd30b34b222852b6631cc98ff41b5e407018,timestamped_live_quote,FBS vs FBS
2026-09-26T12:35:36Z,edf8d3e3699aa5cb34c50ac7de992d37,2026-09-26T20:15:00Z,Auburn Tigers,Vanderbilt Commodores,betrivers,BetRivers,2026-09-26T12:34:37Z,2026-09-26T12:34:37Z,Auburn Tigers,-9.5,-113.0,2026,2026-09-26T12:35:36Z,1070,6.490731928390924,6.713069356709611,2.2776625716813133,b4347a6d6451334b228bf748d98cbd30b34b222852b6631cc98ff41b5e407018,timestamped_live_quote,FBS vs FBS
2026-09-26T12:35:36Z,edf8d3e3699aa5cb34c50ac7de992d37,2026-09-26T20:15:00Z,Auburn Tigers,Vanderbilt Commodores,betrivers,BetRivers,2026-09-26T12:34:37Z,2026-09-26T12:34:37Z,Vanderbilt Commodores,9.5,-110.0,2026,2026-09-26T12:35:36Z,1070,6.490731928390924,6.713069356709611,2.2776625716813133,b4347a6d6451334b228bf748d98cbd30b34b222852b6631cc98ff41b5e407018,timestamped_live_quote,FBS vs FBS
2026-09-26T12:35:36Z,edf8d3e3699aa5cb34c50ac7de992d37,2026-09-26T20:15:00Z,Auburn Tigers,Vanderbilt Commodores,lowvig,LowVig.ag,2026-09-26T12:34:53Z,2026-09-26T12:34:53Z,Auburn Tigers,-9.5,-115.0,2026,2026-09-26T12:35:36Z,1070,6.490731928390924,6.713069356709611,2.2776625716813133,b4347a6d6451334b228bf748d98cbd30b34b222852b6631cc98ff41b5e407018,timestamped_live_quote,FBS vs FBS
2026-09-26T12:35:36Z,edf8d3e3699aa5cb34c50ac7de992d37,2026-09-26T20:15:00Z,Auburn Tigers,Vanderbilt Commodores,lowvig,LowVig.ag,2026-09-26T12:34:53Z,2026-09-26T12:34:53Z,Vanderbilt Commodores,9.5,103.0,2026,2026-09-26T12:35:36Z,1070,6.490731928390924,6.713069356709611,2.2776625716813133,b4347a6d6451334b228bf748d98cbd30b34b222852b6631cc98ff41b5e407018,timestamped_live_quote,FBS vs FBS
2026-09-26T12:35:36Z,edf8d3e3699aa5cb34c50ac7de992d37,2026-09-26T20:15:00Z,Auburn Tigers,Vanderbilt Commodores,betonlineag,BetOnline.ag,2026-09-26T12:35:29Z,2026-09-26T12:35:29Z,Auburn Tigers,-9.5,-113.0,2026,2026-09-26T12:35:36Z,1070,6.490731928390924,6.713069356709611,2.2776625716813133,b4347a6d6451334b228bf748d98cbd30b34b222852b6631cc98ff41b5e407018,timestamped_live_quote,FBS vs FBS
2026-09-26T12:35:36Z,edf8d3e3699aa5cb34c50ac7de992d37,2026-09-26T20:15:00Z,Auburn Tigers,Vanderbilt Commodores,betonlineag,BetOnline.ag,2026-09-26T12:35:29Z,2026-09-26T12:35:29Z,Vanderbilt Commodores,9.5,-107.0,2026,2026-09-26T12:35:36Z,1070,6.490731928390924,6.713069356709611,2.2776625716813133,b4347a6d6451334b228bf748d98cbd30b34b222852b6631cc98ff41b5e407018,timestamped_live_quote,FBS vs FBS
2026-09-26T12:35:36Z,edf8d3e3699aa5cb34c50ac7de992d37,2026-09-26T20:15:00Z,Auburn Tigers,Vanderbilt Commodores,betus,BetUS,2026-09-26T12:35:11Z,2026-09-26T12:35:11Z,Auburn Tigers,-10.0,-105.0,2026,2026-09-26T12:35:36Z,1070,6.490731928390924,6.713069356709611,2.2776625716813133,b4347a6d6451334b228bf748d98cbd30b34b222852b6631cc98ff41b5e407018,timestamped_live_quote,FBS vs FBS
2026-09-26T12:35:36Z,edf8d3e3699aa5cb34c50ac7de992d37,2026-09-26T20:15:00Z,Auburn Tigers,Vanderbilt Commodores,betus,BetUS,2026-09-26T12:35:11Z,2026-09-26T12:35:11Z,Vanderbilt Commodores,10.0,-115.0,2026,2026-09-26T12:35:36Z,1070,6.490731928390924,6.713069356709611,2.2776625716813133,b4347a6d6451334b228bf748d98cbd30b34b222852b6631cc98ff41b5e407018,timestamped_live_quote,FBS vs FBS
2026-09-26T12:35:36Z,edf8d3e3699aa5cb34c50ac7de992d37,2026-09-26T20:15:00Z,Auburn Tigers,Vanderbilt Commodores,betmgm,BetMGM,2026-09-26T12:34:23Z,2026-09-26T12:34:22Z,Auburn Tigers,-9.5,-110.0,2026,2026-09-26T12:35:36Z,1070,6.490731928390924,6.713069356709611,2.2776625716813133,b4347a6d6451334b228bf748d98cbd30b34b222852b6631cc98ff41b5e407018,timestamped_live_quote,FBS vs FBS
2026-09-26T12:35:36Z,edf8d3e3699aa5cb34c50ac7de992d37,2026-09-26T20:15:00Z,Auburn Tigers,Vanderbilt Commodores,betmgm,BetMGM,2026-09-26T12:34:23Z,2026-09-26T12:34:22Z,Vanderbilt Commodores,9.5,-108.0,2026,2026-09-26T12:35:36Z,1070,6.490731928390924,6.713069356709611,2.2776625716813133,b4347a6d6451334b228bf748d98cbd30b34b222852b6631cc98ff41b5e407018,timestamped_live_quote,FBS vs FBS
2026-09-26T12:35:36Z,edf8d3e3699aa5cb34c50ac7de992d37,2026-09-26T20:15:00Z,Auburn Tigers,Vanderbilt Commodores,bovada,Bovada,2026-09-26T12:34:07Z,2026-09-26T12:34:07Z,Auburn Tigers,-9.5,-115.0,2026,2026-09-26T12:35:36Z,1070,6.490731928390924,6.713069356709611,2.2776625716813133,b4347a6d6451334b228bf748d98cbd30b34b222852b6631cc98ff41b5e407018,timestamped_live_quote,FBS vs FBS
2026-09-26T12:35:36Z,edf8d3e3699aa5cb34c50ac7de992d37,2026-09-26T20:15:00Z,Auburn Tigers,Vanderbilt Commodores,bovada,Bovada,2026-09-26T12:34:07Z,2026-09-26T12:34:07Z,Vanderbilt Commodores,9.5,-105.0,2026,2026-09-26T12:35:36Z,1070,6.490731928390924,6.713069356709611,2.2776625716813133,b4347a6d6451334b228bf748d98cbd30b34b222852b6631cc98ff41b5e407018,timestamped_live_quote,FBS vs FBS
2026-09-26T12:35:36Z,10078e86207d952986707c1ad7dc9331,2026-09-26T21:00:00Z,Bowling Green Falcons,South Florida Bulls,fanduel,FanDuel,2026-09-26T12:35:11Z,2026-09-26T12:35:11Z,Bowling Green Falcons,17.5,-110.0,2026,2026-09-26T12:35:36Z,1070,-10.630801723880285,8.284909391713752,-16.415711115594036,b4347a6d6451334b228bf748d98cbd30b34b222852b6631cc98ff41b5e407018,timestamped_live_quote,FBS vs FBS
2026-09-26T12:35:36Z,10078e86207d952986707c1ad7dc9331,2026-09-26T21:00:00Z,Bowling Green Falcons,South Florida Bulls,fanduel,FanDuel,2026-09-26T12:35:11Z,2026-09-26T12:35:11Z,South Florida Bulls,-17.5,-110.0,2026,2026-09-26T12:35:36Z,1070,-10.630801723880285,8.284909391713752,-16.415711115594036,b4347a6d6451334b228bf748d98cbd30b34b222852b6631cc98ff41b5e407018,timestamped_live_quote,FBS vs FBS
2026-09-26T12:35:36Z,10078e86207d952986707c1ad7dc9331,2026-09-26T21:00:00Z,Bowling Green Falcons,South Florida Bulls,mybookieag,MyBookie.ag,2026-09-26T12:35:13Z,2026-09-26T12:35:13Z,Bowling Green Falcons,18.5,-110.0,2026,2026-09-26T12:35:36Z,1070,-10.630801723880285,8.284909391713752,-16.415711115594036,b4347a6d6451334b228bf748d98cbd30b34b222852b6631cc98ff41b5e407018,timestamped_live_quote,FBS vs FBS
2026-09-26T12:35:36Z,10078e86207d952986707c1ad7dc9331,2026-09-26T21:00:00Z,Bowling Green Falcons,South Florida Bulls,mybookieag,MyBookie.ag,2026-09-26T12:35:13Z,2026-09-26T12:35:13Z,South Florida Bulls,-18.5,-110.0,2026,2026-09-26T12:35:36Z,1070,-10.630801723880285,8.284909391713752,-16.415711115594036,b4347a6d6451334b228bf748d98cbd30b34b222852b6631cc98ff41b5e407018,timestamped_live_quote,FBS vs FBS
2026-09-26T12:35:36Z,10078e86207d952986707c1ad7dc9331,2026-09-26T21:00:00Z,Bowling Green Falcons,South Florida Bulls,betrivers,BetRivers,2026-09-26T12:34:37Z,2026-09-26T12:34:37Z,Bowling Green Falcons,17.5,-113.0,2026,2026-09-26T12:35:36Z,1070,-10.630801723880285,8.284909391713752,-16.415711115594036,b4347a6d6451334b228bf748d98cbd30b34b222852b6631cc98ff41b5e407018,timestamped_live_quote,FBS vs FBS
2026-09-26T12:35:36Z,10078e86207d952986707c1ad7dc9331,2026-09-26T21:00:00Z,Bowling Green Falcons,South Florida Bulls,betrivers,BetRivers,2026-09-26T12:34:37Z,2026-09-26T12:34:37Z,South Florida Bulls,-17.5,-110.0,2026,2026-09-26T12:35:36Z,1070,-10.630801723880285,8.284909391713752,-16.415711115594036,b4347a6d6451334b228bf748d98cbd30b34b222852b6631cc98ff41b5e407018,timestamped_live_quote,FBS vs FBS
2026-09-26T12:35:36Z,10078e86207d952986707c1ad7dc9331,2026-09-26T21:00:00Z,Bowling Green Falcons,South Florida Bulls,draftkings,DraftKings,2026-09-26T12:34:55Z,2026-09-26T12:34:54Z,Bowling Green Falcons,18.5,-115.0,2026,2026-09-26T12:35:36Z,1070,-10.630801723880285,8.284909391713752,-16.415711115594036,b4347a6d6451334b228bf748d98cbd30b34b222852b6631cc98ff41b5e407018,timestamped_live_quote,FBS vs FBS
2026-09-26T12:35:36Z,10078e86207d952986707c1ad7dc9331,2026-09-26T21:00:00Z,Bowling Green Falcons,South Florida Bulls,draftkings,DraftKings,2026-09-26T12:34:55Z,2026-09-26T12:34:54Z,South Florida Bulls,-18.5,-105.0,2026,2026-09-26T12:35:36Z,1070,-10.630801723880285,8.284909391713752,-16.415711115594036,b4347a6d6451334b228bf748d98cbd30b34b222852b6631cc98ff41b5e407018,timestamped_live_quote,FBS vs FBS
2026-09-26T12:35:36Z,10078e86207d952986707c1ad7dc9331,2026-09-26T21:00:00Z,Bowling Green Falcons,South Florida Bulls,lowvig,LowVig.ag,2026-09-26T12:34:53Z,2026-09-26T12:34:53Z,Bowling Green Falcons,18.5,-110.0,2026,2026-09-26T12:35:36Z,1070,-10.630801723880285,8.284909391713752,-16.415711115594036,b4347a6d6451334b228bf748d98cbd30b34b222852b6631cc98ff41b5e407018,timestamped_live_quote,FBS vs FBS
2026-09-26T12:35:36Z,10078e86207d952986707c1ad7dc9331,2026-09-26T21:00:00Z,Bowling Green Falcons,South Florida Bulls,lowvig,LowVig.ag,2026-09-26T12:34:53Z,2026-09-26T12:34:53Z,South Florida Bulls,-18.5,-102.0,2026,2026-09-26T12:35:36Z,1070,-10.630801723880285,8.284909391713752,-16.415711115594036,b4347a6d6451334b228bf748d98cbd30b34b222852b6631cc98ff41b5e407018,timestamped_live_quote,FBS vs FBS
2026-09-26T12:35:36Z,10078e86207d952986707c1ad7dc9331,2026-09-26T21:00:00Z,Bowling Green Falcons,South Florida Bulls,betonlineag,BetOnline.ag,2026-09-26T12:35:29Z,2026-09-26T12:35:29Z,Bowling Green Falcons,18.5,-114.0,2026,2026-09-26T12:35:36Z,1070,-10.630801723880285,8.284909391713752,-16.415711115594036,b4347a6d6451334b228bf748d98cbd30b34b222852b6631cc98ff41b5e407018,timestamped_live_quote,FBS vs FBS
2026-09-26T12:35:36Z,10078e86207d952986707c1ad7dc9331,2026-09-26T21:00:00Z,Bowling Green Falcons,South Florida Bulls,betonlineag,BetOnline.ag,2026-09-26T12:35:29Z,2026-09-26T12:35:29Z,South Florida Bulls,-18.5,-106.0,2026,2026-09-26T12:35:36Z,1070,-10.630801723880285,8.284909391713752,-16.415711115594036,b4347a6d6451334b228bf748d98cbd30b34b222852b6631cc98ff41b5e407018,timestamped_live_quote,FBS vs FBS
2026-09-26T12:35:36Z,10078e86207d952986707c1ad7dc9331,2026-09-26T21:00:00Z,Bowling Green Falcons,South Florida Bulls,betus,BetUS,2026-09-26T12:35:11Z,2026-09-26T12:35:11Z,Bowling Green Falcons,18.5,-110.0,2026,2026-09-26T12:35:36Z,1070,-10.630801723880285,8.284909391713752,-16.415711115594036,b4347a6d6451334b228bf748d98cbd30b34b222852b6631cc98ff41b5e407018,timestamped_live_quote,FBS vs FBS
2026-09-26T12:35:36Z,10078e86207d952986707c1ad7dc9331,2026-09-26T21:00:00Z,Bowling Green Falcons,South Florida Bulls,betus,BetUS,2026-09-26T12:35:11Z,2026-09-26T12:35:11Z,South Florida Bulls,-18.5,-110.0,2026,2026-09-26T12:35:36Z,1070,-10.630801723880285,8.284909391713752,-16.415711115594036,b4347a6d6451334b228bf748d98cbd30b34b222852b6631cc98ff41b5e407018,timestamped_live_quote,FBS vs FBS
2026-09-26T12:35:36Z,10078e86207d952986707c1ad7dc9331,2026-09-26T21:00:00Z,Bowling Green Falcons,South Florida Bulls,betmgm,BetMGM,2026-09-26T12:34:23Z,2026-09-26T12:34:22Z,Bowling Green Falcons,18.0,-110.0,2026,2026-09-26T12:35:36Z,1070,-10.630801723880285,8.284909391713752,-16.415711115594036,b4347a6d6451334b228bf748d98cbd30b34b222852b6631cc98ff41b5e407018,timestamped_live_quote,FBS vs FBS
2026-09-26T12:35:36Z,10078e86207d952986707c1ad7dc9331,2026-09-26T21:00:00Z,Bowling Green Falcons,South Florida Bulls,betmgm,BetMGM,2026-09-26T12:34:23Z,2026-09-26T12:34:22Z,South Florida Bulls,-18.0,-108.0,2026,2026-09-26T12:35:36Z,1070,-10.630801723880285,8.284909391713752,-16.415711115594036,b4347a6d6451334b228bf748d98cbd30b34b222852b6631cc98ff41b5e407018,timestamped_live_quote,FBS vs FBS
2026-09-26T12:35:36Z,10078e86207d952986707c1ad7dc9331,2026-09-26T21:00:00Z,Bowling Green Falcons,South Florida Bulls,bovada,Bovada,2026-09-26T12:34:07Z,2026-09-26T12:34:07Z,Bowling Green Falcons,18.0,-110.0,2026,2026-09-26T12:35:36Z,1070,-10.630801723880285,8.284909391713752,-16.415711115594036,b4347a6d6451334b228bf748d98cbd30b34b222852b6631cc98ff41b5e407018,timestamped_live_quote,FBS vs FBS
2026-09-26T12:35:36Z,10078e86207d952986707c1ad7dc9331,2026-09-26T21:00:00Z,Bowling Green Falcons,South Florida Bulls,bovada,Bovada,2026-09-26T12:34:07Z,2026-09-26T12:34:07Z,South Florida Bulls,-18.0,-110.0,2026,2026-09-26T12:35:36Z,1070,-10.630801723880285,8.284909391713752,-16.415711115594036,b4347a6d6451334b228bf748d98cbd30b34b222852b6631cc98ff41b5e407018,timestamped_live_quote,FBS vs FBS
2026-09-26T12:35:36Z,023386f1b92db2259c7d52b2f244182f,2026-09-26T21:00:00Z,Michigan State Spartans,Nebraska Cornhuskers,draftkings,DraftKings,2026-09-26T12:34:55Z,2026-09-26T12:34:54Z,Michigan State Spartans,5.5,-102.0,2026,2026-09-26T12:35:36Z,1070,4.417467265358496,12.751325661831919,-5.833858396473422,b4347a6d6451334b228bf748d98cbd30b34b222852b6631cc98ff41b5e407018,timestamped_live_quote,FBS vs FBS
2026-09-26T12:35:36Z,023386f1b92db2259c7d52b2f244182f,2026-09-26T21:00:00Z,Michigan State Spartans,Nebraska Cornhuskers,draftkings,DraftKings,2026-09-26T12:34:55Z,2026-09-26T12:34:54Z,Nebraska Cornhuskers,-5.5,-118.0,2026,2026-09-26T12:35:36Z,1070,4.417467265358496,12.751325661831919,-5.833858396473422,b4347a6d6451334b228bf748d98cbd30b34b222852b6631cc98ff41b5e407018,timestamped_live_quote,FBS vs FBS
2026-09-26T12:35:36Z,023386f1b92db2259c7d52b2f244182f,2026-09-26T21:00:00Z,Michigan State Spartans,Nebraska Cornhuskers,mybookieag,MyBookie.ag,2026-09-26T12:35:13Z,2026-09-26T12:35:13Z,Michigan State Spartans,6.0,-110.0,2026,2026-09-26T12:35:36Z,1070,4.417467265358496,12.751325661831919,-5.833858396473422,b4347a6d6451334b228bf748d98cbd30b34b222852b6631cc98ff41b5e407018,timestamped_live_quote,FBS vs FBS
2026-09-26T12:35:36Z,023386f1b92db2259c7d52b2f244182f,2026-09-26T21:00:00Z,Michigan State Spartans,Nebraska Cornhuskers,mybookieag,MyBookie.ag,2026-09-26T12:35:13Z,2026-09-26T12:35:13Z,Nebraska Cornhuskers,-6.0,-110.0,2026,2026-09-26T12:35:36Z,1070,4.417467265358496,12.751325661831919,-5.833858396473422,b4347a6d6451334b228bf748d98cbd30b34b222852b6631cc98ff41b5e407018,timestamped_live_quote,FBS vs FBS
2026-09-26T12:35:36Z,023386f1b92db2259c7d52b2f244182f,2026-09-26T21:00:00Z,Michigan State Spartans,Nebraska Cornhuskers,fanduel,FanDuel,2026-09-26T12:35:11Z,2026-09-26T12:35:11Z,Michigan State Spartans,5.5,-102.0,2026,2026-09-26T12:35:36Z,1070,4.417467265358496,12.751325661831919,-5.833858396473422,b4347a6d6451334b228bf748d98cbd30b34b222852b6631cc98ff41b5e407018,timestamped_live_quote,FBS vs FBS
2026-09-26T12:35:36Z,023386f1b92db2259c7d52b2f244182f,2026-09-26T21:00:00Z,Michigan State Spartans,Nebraska Cornhuskers,fanduel,FanDuel,2026-09-26T12:35:11Z,2026-09-26T12:35:11Z,Nebraska Cornhuskers,-5.5,-120.0,2026,2026-09-26T12:35:36Z,1070,4.417467265358496,12.751325661831919,-5.833858396473422,b4347a6d6451334b228bf748d98cbd30b34b222852b6631cc98ff41b5e407018,timestamped_live_quote,FBS vs FBS
2026-09-26T12:35:36Z,023386f1b92db2259c7d52b2f244182f,2026-09-26T21:00:00Z,Michigan State Spartans,Nebraska Cornhuskers,betrivers,BetRivers,2026-09-26T12:34:37Z,2026-09-26T12:34:37Z,Michigan State Spartans,6.0,-113.0,2026,2026-09-26T12:35:36Z,1070,4.417467265358496,12.751325661831919,-5.833858396473422,b4347a6d6451334b228bf748d98cbd30b34b222852b6631cc98ff41b5e407018,timestamped_live_quote,FBS vs FBS
2026-09-26T12:35:36Z,023386f1b92db2259c7d52b2f244182f,2026-09-26T21:00:00Z,Michigan State Spartans,Nebraska Cornhuskers,betrivers,BetRivers,2026-09-26T12:34:37Z,2026-09-26T12:34:37Z,Nebraska Cornhuskers,-6.0,-110.0,2026,2026-09-26T12:35:36Z,1070,4.417467265358496,12.751325661831919,-5.833858396473422,b4347a6d6451334b228bf748d98cbd30b34b222852b6631cc98ff41b5e407018,timestamped_live_quote,FBS vs FBS
2026-09-26T12:35:36Z,023386f1b92db2259c7d52b2f244182f,2026-09-26T21:00:00Z,Michigan State Spartans,Nebraska Cornhuskers,betonlineag,BetOnline.ag,2026-09-26T12:35:29Z,2026-09-26T12:35:29Z,Michigan State Spartans,5.5,-105.0,2026,2026-09-26T12:35:36Z,1070,4.417467265358496,12.751325661831919,-5.833858396473422,b4347a6d6451334b228bf748d98cbd30b34b222852b6631cc98ff41b5e407018,timestamped_live_quote,FBS vs FBS
2026-09-26T12:35:36Z,023386f1b92db2259c7d52b2f244182f,2026-09-26T21:00:00Z,Michigan State Spartans,Nebraska Cornhuskers,betonlineag,BetOnline.ag,2026-09-26T12:35:29Z,2026-09-26T12:35:29Z,Nebraska Cornhuskers,-5.5,-115.0,2026,2026-09-26T12:35:36Z,1070,4.417467265358496,12.751325661831919,-5.833858396473422,b4347a6d6451334b228bf748d98cbd30b34b222852b6631cc98ff41b5e407018,timestamped_live_quote,FBS vs FBS
2026-09-26T12:35:36Z,023386f1b92db2259c7d52b2f244182f,2026-09-26T21:00:00Z,Michigan State Spartans,Nebraska Cornhuskers,lowvig,LowVig.ag,2026-09-26T12:34:53Z,2026-09-26T12:34:53Z,Michigan State Spartans,5.5,-101.0,2026,2026-09-26T12:35:36Z,1070,4.417467265358496,12.751325661831919,-5.833858396473422,b4347a6d6451334b228bf748d98cbd30b34b222852b6631cc98ff41b5e407018,timestamped_live_quote,FBS vs FBS
2026-09-26T12:35:36Z,023386f1b92db2259c7d52b2f244182f,2026-09-26T21:00:00Z,Michigan State Spartans,Nebraska Cornhuskers,lowvig,LowVig.ag,2026-09-26T12:34:53Z,2026-09-26T12:34:53Z,Nebraska Cornhuskers,-5.5,-111.0,2026,2026-09-26T12:35:36Z,1070,4.417467265358496,12.751325661831919,-5.833858396473422,b4347a6d6451334b228bf748d98cbd30b34b222852b6631cc98ff41b5e407018,timestamped_live_quote,FBS vs FBS
2026-09-26T12:35:36Z,023386f1b92db2259c7d52b2f244182f,2026-09-26T21:00:00Z,Michigan State Spartans,Nebraska Cornhuskers,betmgm,BetMGM,2026-09-26T12:34:23Z,2026-09-26T12:34:22Z,Michigan State Spartans,6.0,-110.0,2026,2026-09-26T12:35:36Z,1070,4.417467265358496,12.751325661831919,-5.833858396473422,b4347a6d6451334b228bf748d98cbd30b34b222852b6631cc98ff41b5e407018,timestamped_live_quote,FBS vs FBS
2026-09-26T12:35:36Z,023386f1b92db2259c7d52b2f244182f,2026-09-26T21:00:00Z,Michigan State Spartans,Nebraska Cornhuskers,betmgm,BetMGM,2026-09-26T12:34:23Z,2026-09-26T12:34:22Z,Nebraska Cornhuskers,-6.0,-110.0,2026,2026-09-26T12:35:36Z,1070,4.417467265358496,12.751325661831919,-5.833858396473422,b4347a6d6451334b228bf748d98cbd30b34b222852b6631cc98ff41b5e407018,timestamped_live_quote,FBS vs FBS
2026-09-26T12:35:36Z,023386f1b92db2259c7d52b2f244182f,2026-09-26T21:00:00Z,Michigan State Spartans,Nebraska Cornhuskers,betus,BetUS,2026-09-26T12:35:11Z,2026-09-26T12:35:11Z,Michigan State Spartans,5.5,-105.0,2026,2026-09-26T12:35:36Z,1070,4.417467265358496,12.751325661831919,-5.833858396473422,b4347a6d6451334b228bf748d98cbd30b34b222852b6631cc98ff41b5e407018,timestamped_live_quote,FBS vs FBS
2026-09-26T12:35:36Z,023386f1b92db2259c7d52b2f244182f,2026-09-26T21:00:00Z,Michigan State Spartans,Nebraska Cornhuskers,betus,BetUS,2026-09-26T12:35:11Z,2026-09-26T12:35:11Z,Nebraska Cornhuskers,-5.5,-115.0,2026,2026-09-26T12:35:36Z,1070,4.417467265358496,12.751325661831919,-5.833858396473422,b4347a6d6451334b228bf748d98cbd30b34b222852b6631cc98ff41b5e407018,timestamped_live_quote,FBS vs FBS
2026-09-26T12:35:36Z,023386f1b92db2259c7d52b2f244182f,2026-09-26T21:00:00Z,Michigan State Spartans,Nebraska Cornhuskers,bovada,Bovada,2026-09-26T12:34:07Z,2026-09-26T12:34:07Z,Michigan State Spartans,6.0,-115.0,2026,2026-09-26T12:35:36Z,1070,4.417467265358496,12.751325661831919,-5.833858396473422,b4347a6d6451334b228bf748d98cbd30b34b222852b6631cc98ff41b5e407018,timestamped_live_quote,FBS vs FBS
2026-09-26T12:35:36Z,023386f1b92db2259c7d52b2f244182f,2026-09-26T21:00:00Z,Michigan State Spartans,Nebraska Cornhuskers,bovada,Bovada,2026-09-26T12:34:07Z,2026-09-26T12:34:07Z,Nebraska Cornhuskers,-6.0,-105.0,2026,2026-09-26T12:35:36Z,1070,4.417467265358496,12.751325661831919,-5.833858396473422,b4347a6d6451334b228bf748d98cbd30b34b222852b6631cc98ff41b5e407018,timestamped_live_quote,FBS vs FBS
2026-09-26T12:35:36Z,9c5cf55e5371dd6178da97dcaef2bff5,2026-09-26T21:00:00Z,Penn State Nittany Lions,Wisconsin Badgers,draftkings,DraftKings,2026-09-26T12:34:55Z,2026-09-26T12:34:54Z,Penn State Nittany Lions,-10.0,-112.0,2026,2026-09-26T12:35:36Z,1070,13.901348228097234,7.686567545230595,8.714780682866639,b4347a6d6451334b228bf748d98cbd30b34b222852b6631cc98ff41b5e407018,timestamped_live_quote,FBS vs FBS
2026-09-26T12:35:36Z,9c5cf55e5371dd6178da97dcaef2bff5,2026-09-26T21:00:00Z,Penn State Nittany Lions,Wisconsin Badgers,draftkings,DraftKings,2026-09-26T12:34:55Z,2026-09-26T12:34:54Z,Wisconsin Badgers,10.0,-108.0,2026,2026-09-26T12:35:36Z,1070,13.901348228097234,7.686567545230595,8.714780682866639,b4347a6d6451334b228bf748d98cbd30b34b222852b6631cc98ff41b5e407018,timestamped_live_quote,FBS vs FBS
2026-09-26T12:35:36Z,9c5cf55e5371dd6178da97dcaef2bff5,2026-09-26T21:00:00Z,Penn State Nittany Lions,Wisconsin Badgers,fanduel,FanDuel,2026-09-26T12:35:11Z,2026-09-26T12:35:10Z,Penn State Nittany Lions,-9.5,-120.0,2026,2026-09-26T12:35:36Z,1070,13.901348228097234,7.686567545230595,8.714780682866639,b4347a6d6451334b228bf748d98cbd30b34b222852b6631cc98ff41b5e407018,timestamped_live_quote,FBS vs FBS
2026-09-26T12:35:36Z,9c5cf55e5371dd6178da97dcaef2bff5,2026-09-26T21:00:00Z,Penn State Nittany Lions,Wisconsin Badgers,fanduel,FanDuel,2026-09-26T12:35:11Z,2026-09-26T12:35:10Z,Wisconsin Badgers,9.5,-102.0,2026,2026-09-26T12:35:36Z,1070,13.901348228097234,7.686567545230595,8.714780682866639,b4347a6d6451334b228bf748d98cbd30b34b222852b6631cc98ff41b5e407018,timestamped_live_quote,FBS vs FBS
2026-09-26T12:35:36Z,9c5cf55e5371dd6178da97dcaef2bff5,2026-09-26T21:00:00Z,Penn State Nittany Lions,Wisconsin Badgers,betrivers,BetRivers,2026-09-26T12:34:37Z,2026-09-26T12:34:37Z,Penn State Nittany Lions,-10.0,-114.0,2026,2026-09-26T12:35:36Z,1070,13.901348228097234,7.686567545230595,8.714780682866639,b4347a6d6451334b228bf748d98cbd30b34b222852b6631cc98ff41b5e407018,timestamped_live_quote,FBS vs FBS
2026-09-26T12:35:36Z,9c5cf55e5371dd6178da97dcaef2bff5,2026-09-26T21:00:00Z,Penn State Nittany Lions,Wisconsin Badgers,betrivers,BetRivers,2026-09-26T12:34:37Z,2026-09-26T12:34:37Z,Wisconsin Badgers,10.0,-109.0,2026,2026-09-26T12:35:36Z,1070,13.901348228097234,7.686567545230595,8.714780682866639,b4347a6d6451334b228bf748d98cbd30b34b222852b6631cc98ff41b5e407018,timestamped_live_quote,FBS vs FBS
2026-09-26T12:35:36Z,9c5cf55e5371dd6178da97dcaef2bff5,2026-09-26T21:00:00Z,Penn State Nittany Lions,Wisconsin Badgers,mybookieag,MyBookie.ag,2026-09-26T12:35:13Z,2026-09-26T12:35:13Z,Penn State Nittany Lions,-10.0,-110.0,2026,2026-09-26T12:35:36Z,1070,13.901348228097234,7.686567545230595,8.714780682866639,b4347a6d6451334b228bf748d98cbd30b34b222852b6631cc98ff41b5e407018,timestamped_live_quote,FBS vs FBS
2026-09-26T12:35:36Z,9c5cf55e5371dd6178da97dcaef2bff5,2026-09-26T21:00:00Z,Penn State Nittany Lions,Wisconsin Badgers,mybookieag,MyBookie.ag,2026-09-26T12:35:13Z,2026-09-26T12:35:13Z,Wisconsin Badgers,10.0,-110.0,2026,2026-09-26T12:35:36Z,1070,13.901348228097234,7.686567545230595,8.714780682866639,b4347a6d6451334b228bf748d98cbd30b34b222852b6631cc98ff41b5e407018,timestamped_live_quote,FBS vs FBS
2026-09-26T12:35:36Z,9c5cf55e5371dd6178da97dcaef2bff5,2026-09-26T21:00:00Z,Penn State Nittany Lions,Wisconsin Badgers,betmgm,BetMGM,2026-09-26T12:34:23Z,2026-09-26T12:34:22Z,Penn State Nittany Lions,-10.0,-110.0,2026,2026-09-26T12:35:36Z,1070,13.901348228097234,7.686567545230595,8.714780682866639,b4347a6d6451334b228bf748d98cbd30b34b222852b6631cc98ff41b5e407018,timestamped_live_quote,FBS vs FBS
2026-09-26T12:35:36Z,9c5cf55e5371dd6178da97dcaef2bff5,2026-09-26T21:00:00Z,Penn State Nittany Lions,Wisconsin Badgers,betmgm,BetMGM,2026-09-26T12:34:23Z,2026-09-26T12:34:22Z,Wisconsin Badgers,10.0,-108.0,2026,2026-09-26T12:35:36Z,1070,13.901348228097234,7.686567545230595,8.714780682866639,b4347a6d6451334b228bf748d98cbd30b34b222852b6631cc98ff41b5e407018,timestamped_live_quote,FBS vs FBS
2026-09-26T12:35:36Z,9c5cf55e5371dd6178da97dcaef2bff5,2026-09-26T21:00:00Z,Penn State Nittany Lions,Wisconsin Badgers,lowvig,LowVig.ag,2026-09-26T12:34:53Z,2026-09-26T12:34:53Z,Penn State Nittany Lions,-10.0,-111.0,2026,2026-09-26T12:35:36Z,1070,13.901348228097234,7.686567545230595,8.714780682866639,b4347a6d6451334b228bf748d98cbd30b34b222852b6631cc98ff41b5e407018,timestamped_live_quote,FBS vs FBS
2026-09-26T12:35:36Z,9c5cf55e5371dd6178da97dcaef2bff5,2026-09-26T21:00:00Z,Penn State Nittany Lions,Wisconsin Badgers,lowvig,LowVig.ag,2026-09-26T12:34:53Z,2026-09-26T12:34:53Z,Wisconsin Badgers,10.0,-101.0,2026,2026-09-26T12:35:36Z,1070,13.901348228097234,7.686567545230595,8.714780682866639,b4347a6d6451334b228bf748d98cbd30b34b222852b6631cc98ff41b5e407018,timestamped_live_quote,FBS vs FBS
2026-09-26T12:35:36Z,9c5cf55e5371dd6178da97dcaef2bff5,2026-09-26T21:00:00Z,Penn State Nittany Lions,Wisconsin Badgers,betonlineag,BetOnline.ag,2026-09-26T12:35:29Z,2026-09-26T12:35:29Z,Penn State Nittany Lions,-10.0,-115.0,2026,2026-09-26T12:35:36Z,1070,13.901348228097234,7.686567545230595,8.714780682866639,b4347a6d6451334b228bf748d98cbd30b34b222852b6631cc98ff41b5e407018,timestamped_live_quote,FBS vs FBS
2026-09-26T12:35:36Z,9c5cf55e5371dd6178da97dcaef2bff5,2026-09-26T21:00:00Z,Penn State Nittany Lions,Wisconsin Badgers,betonlineag,BetOnline.ag,2026-09-26T12:35:29Z,2026-09-26T12:35:29Z,Wisconsin Badgers,10.0,-105.0,2026,2026-09-26T12:35:36Z,1070,13.901348228097234,7.686567545230595,8.714780682866639,b4347a6d6451334b228bf748d98cbd30b34b222852b6631cc98ff41b5e407018,timestamped_live_quote,FBS vs FBS
2026-09-26T12:35:36Z,9c5cf55e5371dd6178da97dcaef2bff5,2026-09-26T21:00:00Z,Penn State Nittany Lions,Wisconsin Badgers,betus,BetUS,2026-09-26T12:35:11Z,2026-09-26T12:35:11Z,Penn State Nittany Lions,-10.0,-110.0,2026,2026-09-26T12:35:36Z,1070,13.901348228097234,7.686567545230595,8.714780682866639,b4347a6d6451334b228bf748d98cbd30b34b222852b6631cc98ff41b5e407018,timestamped_live_quote,FBS vs FBS
2026-09-26T12:35:36Z,9c5cf55e5371dd6178da97dcaef2bff5,2026-09-26T21:00:00Z,Penn State Nittany Lions,Wisconsin Badgers,betus,BetUS,2026-09-26T12:35:11Z,2026-09-26T12:35:11Z,Wisconsin Badgers,10.0,-110.0,2026,2026-09-26T12:35:36Z,1070,13.901348228097234,7.686567545230595,8.714780682866639,b4347a6d6451334b228bf748d98cbd30b34b222852b6631cc98ff41b5e407018,timestamped_live_quote,FBS vs FBS
2026-09-26T12:35:36Z,9c5cf55e5371dd6178da97dcaef2bff5,2026-09-26T21:00:00Z,Penn State Nittany Lions,Wisconsin Badgers,bovada,Bovada,2026-09-26T12:34:07Z,2026-09-26T12:34:07Z,Penn State Nittany Lions,-10.0,-110.0,2026,2026-09-26T12:35:36Z,1070,13.901348228097234,7.686567545230595,8.714780682866639,b4347a6d6451334b228bf748d98cbd30b34b222852b6631cc98ff41b5e407018,timestamped_live_quote,FBS vs FBS
2026-09-26T12:35:36Z,9c5cf55e5371dd6178da97dcaef2bff5,2026-09-26T21:00:00Z,Penn State Nittany Lions,Wisconsin Badgers,bovada,Bovada,2026-09-26T12:34:07Z,2026-09-26T12:34:07Z,Wisconsin Badgers,10.0,-110.0,2026,2026-09-26T12:35:36Z,1070,13.901348228097234,7.686567545230595,8.714780682866639,b4347a6d6451334b228bf748d98cbd30b34b222852b6631cc98ff41b5e407018,timestamped_live_quote,FBS vs FBS
2026-09-26T12:35:36Z,ce4578738432ad6327f4e3a4909ddcb5,2026-09-26T22:00:00Z,Virginia Cavaliers,Delaware Blue Hens,fanduel,FanDuel,2026-09-26T12:35:11Z,2026-09-26T12:35:11Z,Delaware Blue Hens,19.5,-110.0,2026,2026-09-26T12:35:36Z,1070,11.46105960224382,4.530055806521395,9.431003795722425,b4347a6d6451334b228bf748d98cbd30b34b222852b6631cc98ff41b5e407018,timestamped_live_quote,FBS vs FBS
2026-09-26T12:35:36Z,ce4578738432ad6327f4e3a4909ddcb5,2026-09-26T22:00:00Z,Virginia Cavaliers,Delaware Blue Hens,fanduel,FanDuel,2026-09-26T12:35:11Z,2026-09-26T12:35:11Z,Virginia Cavaliers,-19.5,-110.0,2026,2026-09-26T12:35:36Z,1070,11.46105960224382,4.530055806521395,9.431003795722425,b4347a6d6451334b228bf748d98cbd30b34b222852b6631cc98ff41b5e407018,timestamped_live_quote,FBS vs FBS
2026-09-26T12:35:36Z,ce4578738432ad6327f4e3a4909ddcb5,2026-09-26T22:00:00Z,Virginia Cavaliers,Delaware Blue Hens,mybookieag,MyBookie.ag,2026-09-26T12:35:13Z,2026-09-26T12:35:13Z,Delaware Blue Hens,20.5,-110.0,2026,2026-09-26T12:35:36Z,1070,11.46105960224382,4.530055806521395,9.431003795722425,b4347a6d6451334b228bf748d98cbd30b34b222852b6631cc98ff41b5e407018,timestamped_live_quote,FBS vs FBS
2026-09-26T12:35:36Z,ce4578738432ad6327f4e3a4909ddcb5,2026-09-26T22:00:00Z,Virginia Cavaliers,Delaware Blue Hens,mybookieag,MyBookie.ag,2026-09-26T12:35:13Z,2026-09-26T12:35:13Z,Virginia Cavaliers,-20.5,-110.0,2026,2026-09-26T12:35:36Z,1070,11.46105960224382,4.530055806521395,9.431003795722425,b4347a6d6451334b228bf748d98cbd30b34b222852b6631cc98ff41b5e407018,timestamped_live_quote,FBS vs FBS
2026-09-26T12:35:36Z,ce4578738432ad6327f4e3a4909ddcb5,2026-09-26T22:00:00Z,Virginia Cavaliers,Delaware Blue Hens,draftkings,DraftKings,2026-09-26T12:34:55Z,2026-09-26T12:34:54Z,Delaware Blue Hens,19.5,-105.0,2026,2026-09-26T12:35:36Z,1070,11.46105960224382,4.530055806521395,9.431003795722425,b4347a6d6451334b228bf748d98cbd30b34b222852b6631cc98ff41b5e407018,timestamped_live_quote,FBS vs FBS
2026-09-26T12:35:36Z,ce4578738432ad6327f4e3a4909ddcb5,2026-09-26T22:00:00Z,Virginia Cavaliers,Delaware Blue Hens,draftkings,DraftKings,2026-09-26T12:34:55Z,2026-09-26T12:34:54Z,Virginia Cavaliers,-19.5,-115.0,2026,2026-09-26T12:35:36Z,1070,11.46105960224382,4.530055806521395,9.431003795722425,b4347a6d6451334b228bf748d98cbd30b34b222852b6631cc98ff41b5e407018,timestamped_live_quote,FBS vs FBS
2026-09-26T12:35:36Z,ce4578738432ad6327f4e3a4909ddcb5,2026-09-26T22:00:00Z,Virginia Cavaliers,Delaware Blue Hens,betrivers,BetRivers,2026-09-26T12:34:37Z,2026-09-26T12:34:37Z,Delaware Blue Hens,19.5,-110.0,2026,2026-09-26T12:35:36Z,1070,11.46105960224382,4.530055806521395,9.431003795722425,b4347a6d6451334b228bf748d98cbd30b34b222852b6631cc98ff41b5e407018,timestamped_live_quote,FBS vs FBS
2026-09-26T12:35:36Z,ce4578738432ad6327f4e3a4909ddcb5,2026-09-26T22:00:00Z,Virginia Cavaliers,Delaware Blue Hens,betrivers,BetRivers,2026-09-26T12:34:37Z,2026-09-26T12:34:37Z,Virginia Cavaliers,-19.5,-113.0,2026,2026-09-26T12:35:36Z,1070,11.46105960224382,4.530055806521395,9.431003795722425,b4347a6d6451334b228bf748d98cbd30b34b222852b6631cc98ff41b5e407018,timestamped_live_quote,FBS vs FBS
2026-09-26T12:35:36Z,ce4578738432ad6327f4e3a4909ddcb5,2026-09-26T22:00:00Z,Virginia Cavaliers,Delaware Blue Hens,lowvig,LowVig.ag,2026-09-26T12:34:53Z,2026-09-26T12:34:53Z,Delaware Blue Hens,20.0,-106.0,2026,2026-09-26T12:35:36Z,1070,11.46105960224382,4.530055806521395,9.431003795722425,b4347a6d6451334b228bf748d98cbd30b34b222852b6631cc98ff41b5e407018,timestamped_live_quote,FBS vs FBS
2026-09-26T12:35:36Z,ce4578738432ad6327f4e3a4909ddcb5,2026-09-26T22:00:00Z,Virginia Cavaliers,Delaware Blue Hens,lowvig,LowVig.ag,2026-09-26T12:34:53Z,2026-09-26T12:34:53Z,Virginia Cavaliers,-20.0,-106.0,2026,2026-09-26T12:35:36Z,1070,11.46105960224382,4.530055806521395,9.431003795722425,b4347a6d6451334b228bf748d98cbd30b34b222852b6631cc98ff41b5e407018,timestamped_live_quote,FBS vs FBS
2026-09-26T12:35:36Z,ce4578738432ad6327f4e3a4909ddcb5,2026-09-26T22:00:00Z,Virginia Cavaliers,Delaware Blue Hens,betonlineag,BetOnline.ag,2026-09-26T12:35:29Z,2026-09-26T12:35:29Z,Delaware Blue Hens,20.0,-110.0,2026,2026-09-26T12:35:36Z,1070,11.46105960224382,4.530055806521395,9.431003795722425,b4347a6d6451334b228bf748d98cbd30b34b222852b6631cc98ff41b5e407018,timestamped_live_quote,FBS vs FBS
2026-09-26T12:35:36Z,ce4578738432ad6327f4e3a4909ddcb5,2026-09-26T22:00:00Z,Virginia Cavaliers,Delaware Blue Hens,betonlineag,BetOnline.ag,2026-09-26T12:35:29Z,2026-09-26T12:35:29Z,Virginia Cavaliers,-20.0,-110.0,2026,2026-09-26T12:35:36Z,1070,11.46105960224382,4.530055806521395,9.431003795722425,b4347a6d6451334b228bf748d98cbd30b34b222852b6631cc98ff41b5e407018,timestamped_live_quote,FBS vs FBS
2026-09-26T12:35:36Z,ce4578738432ad6327f4e3a4909ddcb5,2026-09-26T22:00:00Z,Virginia Cavaliers,Delaware Blue Hens,betmgm,BetMGM,2026-09-26T12:34:23Z,2026-09-26T12:34:22Z,Delaware Blue Hens,20.0,-110.0,2026,2026-09-26T12:35:36Z,1070,11.46105960224382,4.530055806521395,9.431003795722425,b4347a6d6451334b228bf748d98cbd30b34b222852b6631cc98ff41b5e407018,timestamped_live_quote,FBS vs FBS
2026-09-26T12:35:36Z,ce4578738432ad6327f4e3a4909ddcb5,2026-09-26T22:00:00Z,Virginia Cavaliers,Delaware Blue Hens,betmgm,BetMGM,2026-09-26T12:34:23Z,2026-09-26T12:34:22Z,Virginia Cavaliers,-20.0,-110.0,2026,2026-09-26T12:35:36Z,1070,11.46105960224382,4.530055806521395,9.431003795722425,b4347a6d6451334b228bf748d98cbd30b34b222852b6631cc98ff41b5e407018,timestamped_live_quote,FBS vs FBS
2026-09-26T12:35:36Z,ce4578738432ad6327f4e3a4909ddcb5,2026-09-26T22:00:00Z,Virginia Cavaliers,Delaware Blue Hens,betus,BetUS,2026-09-26T12:35:11Z,2026-09-26T12:35:11Z,Delaware Blue Hens,20.0,-110.0,2026,2026-09-26T12:35:36Z,1070,11.46105960224382,4.530055806521395,9.431003795722425,b4347a6d6451334b228bf748d98cbd30b34b222852b6631cc98ff41b5e407018,timestamped_live_quote,FBS vs FBS
2026-09-26T12:35:36Z,ce4578738432ad6327f4e3a4909ddcb5,2026-09-26T22:00:00Z,Virginia Cavaliers,Delaware Blue Hens,betus,BetUS,2026-09-26T12:35:11Z,2026-09-26T12:35:11Z,Virginia Cavaliers,-20.0,-110.0,2026,2026-09-26T12:35:36Z,1070,11.46105960224382,4.530055806521395,9.431003795722425,b4347a6d6451334b228bf748d98cbd30b34b222852b6631cc98ff41b5e407018,timestamped_live_quote,FBS vs FBS
2026-09-26T12:35:36Z,ce4578738432ad6327f4e3a4909ddcb5,2026-09-26T22:00:00Z,Virginia Cavaliers,Delaware Blue Hens,bovada,Bovada,2026-09-26T12:34:07Z,2026-09-26T12:34:07Z,Delaware Blue Hens,20.0,-110.0,2026,2026-09-26T12:35:36Z,1070,11.46105960224382,4.530055806521395,9.431003795722425,b4347a6d6451334b228bf748d98cbd30b34b222852b6631cc98ff41b5e407018,timestamped_live_quote,FBS vs FBS
2026-09-26T12:35:36Z,ce4578738432ad6327f4e3a4909ddcb5,2026-09-26T22:00:00Z,Virginia Cavaliers,Delaware Blue Hens,bovada,Bovada,2026-09-26T12:34:07Z,2026-09-26T12:34:07Z,Virginia Cavaliers,-20.0,-110.0,2026,2026-09-26T12:35:36Z,1070,11.46105960224382,4.530055806521395,9.431003795722425,b4347a6d6451334b228bf748d98cbd30b34b222852b6631cc98ff41b5e407018,timestamped_live_quote,FBS vs FBS
2026-09-26T12:35:36Z,520a355fd43b2cfb7aed527eee4345e0,2026-09-26T22:00:00Z,Florida International Panthers,LIU Sharks,fanduel,FanDuel,2026-09-26T12:35:11Z,2026-09-26T12:35:11Z,Florida International Panthers,-35.5,-118.0,2026,2026-09-26T12:35:36Z,1070,,,,b4347a6d6451334b228bf748d98cbd30b34b222852b6631cc98ff41b5e407018,division_safety_suppressed,Unverified division / FCS: model suppressed
2026-09-26T12:35:36Z,520a355fd43b2cfb7aed527eee4345e0,2026-09-26T22:00:00Z,Florida International Panthers,LIU Sharks,fanduel,FanDuel,2026-09-26T12:35:11Z,2026-09-26T12:35:11Z,LIU Sharks,35.5,-104.0,2026,2026-09-26T12:35:36Z,1070,,,,b4347a6d6451334b228bf748d98cbd30b34b222852b6631cc98ff41b5e407018,division_safety_suppressed,Unverified division / FCS: model suppressed
2026-09-26T12:35:36Z,520a355fd43b2cfb7aed527eee4345e0,2026-09-26T22:00:00Z,Florida International Panthers,LIU Sharks,draftkings,DraftKings,2026-09-26T12:34:55Z,2026-09-26T12:34:54Z,Florida International Panthers,-36.5,-110.0,2026,2026-09-26T12:35:36Z,1070,,,,b4347a6d6451334b228bf748d98cbd30b34b222852b6631cc98ff41b5e407018,division_safety_suppressed,Unverified division / FCS: model suppressed
2026-09-26T12:35:36Z,520a355fd43b2cfb7aed527eee4345e0,2026-09-26T22:00:00Z,Florida International Panthers,LIU Sharks,draftkings,DraftKings,2026-09-26T12:34:55Z,2026-09-26T12:34:54Z,LIU Sharks,36.5,-110.0,2026,2026-09-26T12:35:36Z,1070,,,,b4347a6d6451334b228bf748d98cbd30b34b222852b6631cc98ff41b5e407018,division_safety_suppressed,Unverified division / FCS: model suppressed
2026-09-26T12:35:36Z,520a355fd43b2cfb7aed527eee4345e0,2026-09-26T22:00:00Z,Florida International Panthers,LIU Sharks,betrivers,BetRivers,2026-09-26T12:34:37Z,2026-09-26T12:34:37Z,Florida International Panthers,-36.5,-110.0,2026,2026-09-26T12:35:36Z,1070,,,,b4347a6d6451334b228bf748d98cbd30b34b222852b6631cc98ff41b5e407018,division_safety_suppressed,Unverified division / FCS: model suppressed
2026-09-26T12:35:36Z,520a355fd43b2cfb7aed527eee4345e0,2026-09-26T22:00:00Z,Florida International Panthers,LIU Sharks,betrivers,BetRivers,2026-09-26T12:34:37Z,2026-09-26T12:34:37Z,LIU Sharks,36.5,-112.0,2026,2026-09-26T12:35:36Z,1070,,,,b4347a6d6451334b228bf748d98cbd30b34b222852b6631cc98ff41b5e407018,division_safety_suppressed,Unverified division / FCS: model suppressed
2026-09-26T12:35:36Z,520a355fd43b2cfb7aed527eee4345e0,2026-09-26T22:00:00Z,Florida International Panthers,LIU Sharks,lowvig,LowVig.ag,2026-09-26T12:34:53Z,2026-09-26T12:34:53Z,Florida International Panthers,-36.5,-115.0,2026,2026-09-26T12:35:36Z,1070,,,,b4347a6d6451334b228bf748d98cbd30b34b222852b6631cc98ff41b5e407018,division_safety_suppressed,Unverified division / FCS: model suppressed
2026-09-26T12:35:36Z,520a355fd43b2cfb7aed527eee4345e0,2026-09-26T22:00:00Z,Florida International Panthers,LIU Sharks,lowvig,LowVig.ag,2026-09-26T12:34:53Z,2026-09-26T12:34:53Z,LIU Sharks,36.5,-105.0,2026,2026-09-26T12:35:36Z,1070,,,,b4347a6d6451334b228bf748d98cbd30b34b222852b6631cc98ff41b5e407018,division_safety_suppressed,Unverified division / FCS: model suppressed
2026-09-26T12:35:36Z,520a355fd43b2cfb7aed527eee4345e0,2026-09-26T22:00:00Z,Florida International Panthers,LIU Sharks,betonlineag,BetOnline.ag,2026-09-26T12:35:29Z,2026-09-26T12:35:29Z,Florida International Panthers,-36.5,-115.0,2026,2026-09-26T12:35:36Z,1070,,,,b4347a6d6451334b228bf748d98cbd30b34b222852b6631cc98ff41b5e407018,division_safety_suppressed,Unverified division / FCS: model suppressed
2026-09-26T12:35:36Z,520a355fd43b2cfb7aed527eee4345e0,2026-09-26T22:00:00Z,Florida International Panthers,LIU Sharks,betonlineag,BetOnline.ag,2026-09-26T12:35:29Z,2026-09-26T12:35:29Z,LIU Sharks,36.5,-105.0,2026,2026-09-26T12:35:36Z,1070,,,,b4347a6d6451334b228bf748d98cbd30b34b222852b6631cc98ff41b5e407018,division_safety_suppressed,Unverified division / FCS: model suppressed
2026-09-26T12:35:36Z,520a355fd43b2cfb7aed527eee4345e0,2026-09-26T22:00:00Z,Florida International Panthers,LIU Sharks,bovada,Bovada,2026-09-26T12:34:07Z,2026-09-26T12:34:07Z,Florida International Panthers,-35.5,-115.0,2026,2026-09-26T12:35:36Z,1070,,,,b4347a6d6451334b228bf748d98cbd30b34b222852b6631cc98ff41b5e407018,division_safety_suppressed,Unverified division / FCS: model suppressed
2026-09-26T12:35:36Z,520a355fd43b2cfb7aed527eee4345e0,2026-09-26T22:00:00Z,Florida International Panthers,LIU Sharks,bovada,Bovada,2026-09-26T12:34:07Z,2026-09-26T12:34:07Z,LIU Sharks,35.5,-105.0,2026,2026-09-26T12:35:36Z,1070,,,,b4347a6d6451334b228bf748d98cbd30b34b222852b6631cc98ff41b5e407018,division_safety_suppressed,Unverified division / FCS: model suppressed
2026-09-26T12:35:36Z,ed1c259773ba7494570a1611b44adb30,2026-09-26T22:00:00Z,Texas State Bobcats,Incarnate Word Cardinals,fanduel,FanDuel,2026-09-26T12:35:11Z,2026-09-26T12:35:11Z,Incarnate Word Cardinals,30.5,-105.0,2026,2026-09-26T12:35:36Z,1070,,,,b4347a6d6451334b228bf748d98cbd30b34b222852b6631cc98ff41b5e407018,division_safety_suppressed,Unverified division / FCS: model suppressed
2026-09-26T12:35:36Z,ed1c259773ba7494570a1611b44adb30,2026-09-26T22:00:00Z,Texas State Bobcats,Incarnate Word Cardinals,fanduel,FanDuel,2026-09-26T12:35:11Z,2026-09-26T12:35:11Z,Texas State Bobcats,-30.5,-115.0,2026,2026-09-26T12:35:36Z,1070,,,,b4347a6d6451334b228bf748d98cbd30b34b222852b6631cc98ff41b5e407018,division_safety_suppressed,Unverified division / FCS: model suppressed
2026-09-26T12:35:36Z,ed1c259773ba7494570a1611b44adb30,2026-09-26T22:00:00Z,Texas State Bobcats,Incarnate Word Cardinals,draftkings,DraftKings,2026-09-26T12:34:55Z,2026-09-26T12:34:54Z,Incarnate Word Cardinals,30.5,-102.0,2026,2026-09-26T12:35:36Z,1070,,,,b4347a6d6451334b228bf748d98cbd30b34b222852b6631cc98ff41b5e407018,division_safety_suppressed,Unverified division / FCS: model suppressed
2026-09-26T12:35:36Z,ed1c259773ba7494570a1611b44adb30,2026-09-26T22:00:00Z,Texas State Bobcats,Incarnate Word Cardinals,draftkings,DraftKings,2026-09-26T12:34:55Z,2026-09-26T12:34:54Z,Texas State Bobcats,-30.5,-118.0,2026,2026-09-26T12:35:36Z,1070,,,,b4347a6d6451334b228bf748d98cbd30b34b222852b6631cc98ff41b5e407018,division_safety_suppressed,Unverified division / FCS: model suppressed
2026-09-26T12:35:36Z,ed1c259773ba7494570a1611b44adb30,2026-09-26T22:00:00Z,Texas State Bobcats,Incarnate Word Cardinals,betrivers,BetRivers,2026-09-26T12:34:37Z,2026-09-26T12:34:37Z,Incarnate Word Cardinals,32.0,-127.0,2026,2026-09-26T12:35:36Z,1070,,,,b4347a6d6451334b228bf748d98cbd30b34b222852b6631cc98ff41b5e407018,division_safety_suppressed,Unverified division / FCS: model suppressed
2026-09-26T12:35:36Z,ed1c259773ba7494570a1611b44adb30,2026-09-26T22:00:00Z,Texas State Bobcats,Incarnate Word Cardinals,betrivers,BetRivers,2026-09-26T12:34:37Z,2026-09-26T12:34:37Z,Texas State Bobcats,-32.0,-114.0,2026,2026-09-26T12:35:36Z,1070,,,,b4347a6d6451334b228bf748d98cbd30b34b222852b6631cc98ff41b5e407018,division_safety_suppressed,Unverified division / FCS: model suppressed
2026-09-26T12:35:36Z,ed1c259773ba7494570a1611b44adb30,2026-09-26T22:00:00Z,Texas State Bobcats,Incarnate Word Cardinals,lowvig,LowVig.ag,2026-09-26T12:34:53Z,2026-09-26T12:34:53Z,Incarnate Word Cardinals,30.5,-105.0,2026,2026-09-26T12:35:36Z,1070,,,,b4347a6d6451334b228bf748d98cbd30b34b222852b6631cc98ff41b5e407018,division_safety_suppressed,Unverified division / FCS: model suppressed
2026-09-26T12:35:36Z,ed1c259773ba7494570a1611b44adb30,2026-09-26T22:00:00Z,Texas State Bobcats,Incarnate Word Cardinals,lowvig,LowVig.ag,2026-09-26T12:34:53Z,2026-09-26T12:34:53Z,Texas State Bobcats,-30.5,-115.0,2026,2026-09-26T12:35:36Z,1070,,,,b4347a6d6451334b228bf748d98cbd30b34b222852b6631cc98ff41b5e407018,division_safety_suppressed,Unverified division / FCS: model suppressed
2026-09-26T12:35:36Z,ed1c259773ba7494570a1611b44adb30,2026-09-26T22:00:00Z,Texas State Bobcats,Incarnate Word Cardinals,betonlineag,BetOnline.ag,2026-09-26T12:35:29Z,2026-09-26T12:35:29Z,Incarnate Word Cardinals,30.5,-105.0,2026,2026-09-26T12:35:36Z,1070,,,,b4347a6d6451334b228bf748d98cbd30b34b222852b6631cc98ff41b5e407018,division_safety_suppressed,Unverified division / FCS: model suppressed
2026-09-26T12:35:36Z,ed1c259773ba7494570a1611b44adb30,2026-09-26T22:00:00Z,Texas State Bobcats,Incarnate Word Cardinals,betonlineag,BetOnline.ag,2026-09-26T12:35:29Z,2026-09-26T12:35:29Z,Texas State Bobcats,-30.5,-115.0,2026,2026-09-26T12:35:36Z,1070,,,,b4347a6d6451334b228bf748d98cbd30b34b222852b6631cc98ff41b5e407018,division_safety_suppressed,Unverified division / FCS: model suppressed
2026-09-26T12:35:36Z,ed1c259773ba7494570a1611b44adb30,2026-09-26T22:00:00Z,Texas State Bobcats,Incarnate Word Cardinals,bovada,Bovada,2026-09-26T12:34:07Z,2026-09-26T12:34:07Z,Incarnate Word Cardinals,30.5,100.0,2026,2026-09-26T12:35:36Z,1070,,,,b4347a6d6451334b228bf748d98cbd30b34b222852b6631cc98ff41b5e407018,division_safety_suppressed,Unverified division / FCS: model suppressed
2026-09-26T12:35:36Z,ed1c259773ba7494570a1611b44adb30,2026-09-26T22:00:00Z,Texas State Bobcats,Incarnate Word Cardinals,bovada,Bovada,2026-09-26T12:34:07Z,2026-09-26T12:34:07Z,Texas State Bobcats,-30.5,-120.0,2026,2026-09-26T12:35:36Z,1070,,,,b4347a6d6451334b228bf748d98cbd30b34b222852b6631cc98ff41b5e407018,division_safety_suppressed,Unverified division / FCS: model suppressed
2026-09-26T12:35:36Z,008dd61e19c2456760593773da6a88ef,2026-09-26T22:00:00Z,Old Dominion Monarchs,James Madison Dukes,fanduel,FanDuel,2026-09-26T12:35:11Z,2026-09-26T12:35:11Z,James Madison Dukes,-6.5,-105.0,2026,2026-09-26T12:35:36Z,1070,0.41976391568511995,13.611086615444375,-10.691322699759255,b4347a6d6451334b228bf748d98cbd30b34b222852b6631cc98ff41b5e407018,timestamped_live_quote,FBS vs FBS
2026-09-26T12:35:36Z,008dd61e19c2456760593773da6a88ef,2026-09-26T22:00:00Z,Old Dominion Monarchs,James Madison Dukes,fanduel,FanDuel,2026-09-26T12:35:11Z,2026-09-26T12:35:11Z,Old Dominion Monarchs,6.5,-115.0,2026,2026-09-26T12:35:36Z,1070,0.41976391568511995,13.611086615444375,-10.691322699759255,b4347a6d6451334b228bf748d98cbd30b34b222852b6631cc98ff41b5e407018,timestamped_live_quote,FBS vs FBS
2026-09-26T12:35:36Z,008dd61e19c2456760593773da6a88ef,2026-09-26T22:00:00Z,Old Dominion Monarchs,James Madison Dukes,mybookieag,MyBookie.ag,2026-09-26T12:35:13Z,2026-09-26T12:35:13Z,James Madison Dukes,-6.0,-110.0,2026,2026-09-26T12:35:36Z,1070,0.41976391568511995,13.611086615444375,-10.691322699759255,b4347a6d6451334b228bf748d98cbd30b34b222852b6631cc98ff41b5e407018,timestamped_live_quote,FBS vs FBS
2026-09-26T12:35:36Z,008dd61e19c2456760593773da6a88ef,2026-09-26T22:00:00Z,Old Dominion Monarchs,James Madison Dukes,mybookieag,MyBookie.ag,2026-09-26T12:35:13Z,2026-09-26T12:35:13Z,Old Dominion Monarchs,6.0,-110.0,2026,2026-09-26T12:35:36Z,1070,0.41976391568511995,13.611086615444375,-10.691322699759255,b4347a6d6451334b228bf748d98cbd30b34b222852b6631cc98ff41b5e407018,timestamped_live_quote,FBS vs FBS
2026-09-26T12:35:36Z,008dd61e19c2456760593773da6a88ef,2026-09-26T22:00:00Z,Old Dominion Monarchs,James Madison Dukes,betrivers,BetRivers,2026-09-26T12:34:37Z,2026-09-26T12:34:37Z,James Madison Dukes,-5.5,-114.0,2026,2026-09-26T12:35:36Z,1070,0.41976391568511995,13.611086615444375,-10.691322699759255,b4347a6d6451334b228bf748d98cbd30b34b222852b6631cc98ff41b5e407018,timestamped_live_quote,FBS vs FBS
2026-09-26T12:35:36Z,008dd61e19c2456760593773da6a88ef,2026-09-26T22:00:00Z,Old Dominion Monarchs,James Madison Dukes,betrivers,BetRivers,2026-09-26T12:34:37Z,2026-09-26T12:34:37Z,Old Dominion Monarchs,5.5,-109.0,2026,2026-09-26T12:35:36Z,1070,0.41976391568511995,13.611086615444375,-10.691322699759255,b4347a6d6451334b228bf748d98cbd30b34b222852b6631cc98ff41b5e407018,timestamped_live_quote,FBS vs FBS
2026-09-26T12:35:36Z,008dd61e19c2456760593773da6a88ef,2026-09-26T22:00:00Z,Old Dominion Monarchs,James Madison Dukes,draftkings,DraftKings,2026-09-26T12:34:55Z,2026-09-26T12:34:54Z,James Madison Dukes,-6.0,-112.0,2026,2026-09-26T12:35:36Z,1070,0.41976391568511995,13.611086615444375,-10.691322699759255,b4347a6d6451334b228bf748d98cbd30b34b222852b6631cc98ff41b5e407018,timestamped_live_quote,FBS vs FBS
2026-09-26T12:35:36Z,008dd61e19c2456760593773da6a88ef,2026-09-26T22:00:00Z,Old Dominion Monarchs,James Madison Dukes,draftkings,DraftKings,2026-09-26T12:34:55Z,2026-09-26T12:34:54Z,Old Dominion Monarchs,6.0,-108.0,2026,2026-09-26T12:35:36Z,1070,0.41976391568511995,13.611086615444375,-10.691322699759255,b4347a6d6451334b228bf748d98cbd30b34b222852b6631cc98ff41b5e407018,timestamped_live_quote,FBS vs FBS
2026-09-26T12:35:36Z,008dd61e19c2456760593773da6a88ef,2026-09-26T22:00:00Z,Old Dominion Monarchs,James Madison Dukes,lowvig,LowVig.ag,2026-09-26T12:34:53Z,2026-09-26T12:34:53Z,James Madison Dukes,-6.0,-109.0,2026,2026-09-26T12:35:36Z,1070,0.41976391568511995,13.611086615444375,-10.691322699759255,b4347a6d6451334b228bf748d98cbd30b34b222852b6631cc98ff41b5e407018,timestamped_live_quote,FBS vs FBS
2026-09-26T12:35:36Z,008dd61e19c2456760593773da6a88ef,2026-09-26T22:00:00Z,Old Dominion Monarchs,James Madison Dukes,lowvig,LowVig.ag,2026-09-26T12:34:53Z,2026-09-26T12:34:53Z,Old Dominion Monarchs,6.0,-103.0,2026,2026-09-26T12:35:36Z,1070,0.41976391568511995,13.611086615444375,-10.691322699759255,b4347a6d6451334b228bf748d98cbd30b34b222852b6631cc98ff41b5e407018,timestamped_live_quote,FBS vs FBS
2026-09-26T12:35:36Z,008dd61e19c2456760593773da6a88ef,2026-09-26T22:00:00Z,Old Dominion Monarchs,James Madison Dukes,betonlineag,BetOnline.ag,2026-09-26T12:35:29Z,2026-09-26T12:35:29Z,James Madison Dukes,-6.0,-113.0,2026,2026-09-26T12:35:36Z,1070,0.41976391568511995,13.611086615444375,-10.691322699759255,b4347a6d6451334b228bf748d98cbd30b34b222852b6631cc98ff41b5e407018,timestamped_live_quote,FBS vs FBS
2026-09-26T12:35:36Z,008dd61e19c2456760593773da6a88ef,2026-09-26T22:00:00Z,Old Dominion Monarchs,James Madison Dukes,betonlineag,BetOnline.ag,2026-09-26T12:35:29Z,2026-09-26T12:35:29Z,Old Dominion Monarchs,6.0,-107.0,2026,2026-09-26T12:35:36Z,1070,0.41976391568511995,13.611086615444375,-10.691322699759255,b4347a6d6451334b228bf748d98cbd30b34b222852b6631cc98ff41b5e407018,timestamped_live_quote,FBS vs FBS
2026-09-26T12:35:36Z,008dd61e19c2456760593773da6a88ef,2026-09-26T22:00:00Z,Old Dominion Monarchs,James Madison Dukes,betmgm,BetMGM,2026-09-26T12:34:23Z,2026-09-26T12:34:22Z,James Madison Dukes,-6.5,-108.0,2026,2026-09-26T12:35:36Z,1070,0.41976391568511995,13.611086615444375,-10.691322699759255,b4347a6d6451334b228bf748d98cbd30b34b222852b6631cc98ff41b5e407018,timestamped_live_quote,FBS vs FBS
2026-09-26T12:35:36Z,008dd61e19c2456760593773da6a88ef,2026-09-26T22:00:00Z,Old Dominion Monarchs,James Madison Dukes,betmgm,BetMGM,2026-09-26T12:34:23Z,2026-09-26T12:34:22Z,Old Dominion Monarchs,6.5,-110.0,2026,2026-09-26T12:35:36Z,1070,0.41976391568511995,13.611086615444375,-10.691322699759255,b4347a6d6451334b228bf748d98cbd30b34b222852b6631cc98ff41b5e407018,timestamped_live_quote,FBS vs FBS
2026-09-26T12:35:36Z,008dd61e19c2456760593773da6a88ef,2026-09-26T22:00:00Z,Old Dominion Monarchs,James Madison Dukes,betus,BetUS,2026-09-26T12:35:11Z,2026-09-26T12:35:11Z,James Madison Dukes,-6.0,-115.0,2026,2026-09-26T12:35:36Z,1070,0.41976391568511995,13.611086615444375,-10.691322699759255,b4347a6d6451334b228bf748d98cbd30b34b222852b6631cc98ff41b5e407018,timestamped_live_quote,FBS vs FBS
2026-09-26T12:35:36Z,008dd61e19c2456760593773da6a88ef,2026-09-26T22:00:00Z,Old Dominion Monarchs,James Madison Dukes,betus,BetUS,2026-09-26T12:35:11Z,2026-09-26T12:35:11Z,Old Dominion Monarchs,6.0,-105.0,2026,2026-09-26T12:35:36Z,1070,0.41976391568511995,13.611086615444375,-10.691322699759255,b4347a6d6451334b228bf748d98cbd30b34b222852b6631cc98ff41b5e407018,timestamped_live_quote,FBS vs FBS
2026-09-26T12:35:36Z,008dd61e19c2456760593773da6a88ef,2026-09-26T22:00:00Z,Old Dominion Monarchs,James Madison Dukes,bovada,Bovada,2026-09-26T12:34:07Z,2026-09-26T12:34:07Z,James Madison Dukes,-6.0,-110.0,2026,2026-09-26T12:35:36Z,1070,0.41976391568511995,13.611086615444375,-10.691322699759255,b4347a6d6451334b228bf748d98cbd30b34b222852b6631cc98ff41b5e407018,timestamped_live_quote,FBS vs FBS
2026-09-26T12:35:36Z,008dd61e19c2456760593773da6a88ef,2026-09-26T22:00:00Z,Old Dominion Monarchs,James Madison Dukes,bovada,Bovada,2026-09-26T12:34:07Z,2026-09-26T12:34:07Z,Old Dominion Monarchs,6.0,-110.0,2026,2026-09-26T12:35:36Z,1070,0.41976391568511995,13.611086615444375,-10.691322699759255,b4347a6d6451334b228bf748d98cbd30b34b222852b6631cc98ff41b5e407018,timestamped_live_quote,FBS vs FBS
2026-09-26T12:35:36Z,1f0c9cd1941cbfe5c5ca28fa42e387d8,2026-09-26T22:30:00Z,Miami Hurricanes,Central Michigan Chippewas,draftkings,DraftKings,2026-09-26T12:34:55Z,2026-09-26T12:34:54Z,Central Michigan Chippewas,41.5,-108.0,2026,2026-09-26T12:35:36Z,1070,16.505092169007764,-0.7321732091434682,19.737265378151232,b4347a6d6451334b228bf748d98cbd30b34b222852b6631cc98ff41b5e407018,timestamped_live_quote,FBS vs FBS
2026-09-26T12:35:36Z,1f0c9cd1941cbfe5c5ca28fa42e387d8,2026-09-26T22:30:00Z,Miami Hurricanes,Central Michigan Chippewas,draftkings,DraftKings,2026-09-26T12:34:55Z,2026-09-26T12:34:54Z,Miami Hurricanes,-41.5,-112.0,2026,2026-09-26T12:35:36Z,1070,16.505092169007764,-0.7321732091434682,19.737265378151232,b4347a6d6451334b228bf748d98cbd30b34b222852b6631cc98ff41b5e407018,timestamped_live_quote,FBS vs FBS
2026-09-26T12:35:36Z,1f0c9cd1941cbfe5c5ca28fa42e387d8,2026-09-26T22:30:00Z,Miami Hurricanes,Central Michigan Chippewas,fanduel,FanDuel,2026-09-26T12:35:11Z,2026-09-26T12:35:11Z,Central Michigan Chippewas,41.5,-106.0,2026,2026-09-26T12:35:36Z,1070,16.505092169007764,-0.7321732091434682,19.737265378151232,b4347a6d6451334b228bf748d98cbd30b34b222852b6631cc98ff41b5e407018,timestamped_live_quote,FBS vs FBS
2026-09-26T12:35:36Z,1f0c9cd1941cbfe5c5ca28fa42e387d8,2026-09-26T22:30:00Z,Miami Hurricanes,Central Michigan Chippewas,fanduel,FanDuel,2026-09-26T12:35:11Z,2026-09-26T12:35:11Z,Miami Hurricanes,-41.5,-114.0,2026,2026-09-26T12:35:36Z,1070,16.505092169007764,-0.7321732091434682,19.737265378151232,b4347a6d6451334b228bf748d98cbd30b34b222852b6631cc98ff41b5e407018,timestamped_live_quote,FBS vs FBS
2026-09-26T12:35:36Z,1f0c9cd1941cbfe5c5ca28fa42e387d8,2026-09-26T22:30:00Z,Miami Hurricanes,Central Michigan Chippewas,betrivers,BetRivers,2026-09-26T12:34:37Z,2026-09-26T12:34:37Z,Central Michigan Chippewas,41.5,-108.0,2026,2026-09-26T12:35:36Z,1070,16.505092169007764,-0.7321732091434682,19.737265378151232,b4347a6d6451334b228bf748d98cbd30b34b222852b6631cc98ff41b5e407018,timestamped_live_quote,FBS vs FBS
2026-09-26T12:35:36Z,1f0c9cd1941cbfe5c5ca28fa42e387d8,2026-09-26T22:30:00Z,Miami Hurricanes,Central Michigan Chippewas,betrivers,BetRivers,2026-09-26T12:34:37Z,2026-09-26T12:34:37Z,Miami Hurricanes,-41.5,-115.0,2026,2026-09-26T12:35:36Z,1070,16.505092169007764,-0.7321732091434682,19.737265378151232,b4347a6d6451334b228bf748d98cbd30b34b222852b6631cc98ff41b5e407018,timestamped_live_quote,FBS vs FBS
2026-09-26T12:35:36Z,1f0c9cd1941cbfe5c5ca28fa42e387d8,2026-09-26T22:30:00Z,Miami Hurricanes,Central Michigan Chippewas,lowvig,LowVig.ag,2026-09-26T12:34:53Z,2026-09-26T12:34:53Z,Central Michigan Chippewas,41.5,-101.0,2026,2026-09-26T12:35:36Z,1070,16.505092169007764,-0.7321732091434682,19.737265378151232,b4347a6d6451334b228bf748d98cbd30b34b222852b6631cc98ff41b5e407018,timestamped_live_quote,FBS vs FBS
2026-09-26T12:35:36Z,1f0c9cd1941cbfe5c5ca28fa42e387d8,2026-09-26T22:30:00Z,Miami Hurricanes,Central Michigan Chippewas,lowvig,LowVig.ag,2026-09-26T12:34:53Z,2026-09-26T12:34:53Z,Miami Hurricanes,-41.5,-111.0,2026,2026-09-26T12:35:36Z,1070,16.505092169007764,-0.7321732091434682,19.737265378151232,b4347a6d6451334b228bf748d98cbd30b34b222852b6631cc98ff41b5e407018,timestamped_live_quote,FBS vs FBS
2026-09-26T12:35:36Z,1f0c9cd1941cbfe5c5ca28fa42e387d8,2026-09-26T22:30:00Z,Miami Hurricanes,Central Michigan Chippewas,betonlineag,BetOnline.ag,2026-09-26T12:35:29Z,2026-09-26T12:35:29Z,Central Michigan Chippewas,41.5,-105.0,2026,2026-09-26T12:35:36Z,1070,16.505092169007764,-0.7321732091434682,19.737265378151232,b4347a6d6451334b228bf748d98cbd30b34b222852b6631cc98ff41b5e407018,timestamped_live_quote,FBS vs FBS
2026-09-26T12:35:36Z,1f0c9cd1941cbfe5c5ca28fa42e387d8,2026-09-26T22:30:00Z,Miami Hurricanes,Central Michigan Chippewas,betonlineag,BetOnline.ag,2026-09-26T12:35:29Z,2026-09-26T12:35:29Z,Miami Hurricanes,-41.5,-115.0,2026,2026-09-26T12:35:36Z,1070,16.505092169007764,-0.7321732091434682,19.737265378151232,b4347a6d6451334b228bf748d98cbd30b34b222852b6631cc98ff41b5e407018,timestamped_live_quote,FBS vs FBS
2026-09-26T12:35:36Z,1f0c9cd1941cbfe5c5ca28fa42e387d8,2026-09-26T22:30:00Z,Miami Hurricanes,Central Michigan Chippewas,betmgm,BetMGM,2026-09-26T12:34:23Z,2026-09-26T12:34:22Z,Central Michigan Chippewas,41.5,-108.0,2026,2026-09-26T12:35:36Z,1070,16.505092169007764,-0.7321732091434682,19.737265378151232,b4347a6d6451334b228bf748d98cbd30b34b222852b6631cc98ff41b5e407018,timestamped_live_quote,FBS vs FBS
2026-09-26T12:35:36Z,1f0c9cd1941cbfe5c5ca28fa42e387d8,2026-09-26T22:30:00Z,Miami Hurricanes,Central Michigan Chippewas,betmgm,BetMGM,2026-09-26T12:34:23Z,2026-09-26T12:34:22Z,Miami Hurricanes,-41.5,-112.0,2026,2026-09-26T12:35:36Z,1070,16.505092169007764,-0.7321732091434682,19.737265378151232,b4347a6d6451334b228bf748d98cbd30b34b222852b6631cc98ff41b5e407018,timestamped_live_quote,FBS vs FBS
2026-09-26T12:35:36Z,1f0c9cd1941cbfe5c5ca28fa42e387d8,2026-09-26T22:30:00Z,Miami Hurricanes,Central Michigan Chippewas,betus,BetUS,2026-09-26T12:35:11Z,2026-09-26T12:35:11Z,Central Michigan Chippewas,42.0,-110.0,2026,2026-09-26T12:35:36Z,1070,16.505092169007764,-0.7321732091434682,19.737265378151232,b4347a6d6451334b228bf748d98cbd30b34b222852b6631cc98ff41b5e407018,timestamped_live_quote,FBS vs FBS
2026-09-26T12:35:36Z,1f0c9cd1941cbfe5c5ca28fa42e387d8,2026-09-26T22:30:00Z,Miami Hurricanes,Central Michigan Chippewas,betus,BetUS,2026-09-26T12:35:11Z,2026-09-26T12:35:11Z,Miami Hurricanes,-42.0,-110.0,2026,2026-09-26T12:35:36Z,1070,16.505092169007764,-0.7321732091434682,19.737265378151232,b4347a6d6451334b228bf748d98cbd30b34b222852b6631cc98ff41b5e407018,timestamped_live_quote,FBS vs FBS
2026-09-26T12:35:36Z,1f0c9cd1941cbfe5c5ca28fa42e387d8,2026-09-26T22:30:00Z,Miami Hurricanes,Central Michigan Chippewas,bovada,Bovada,2026-09-26T12:34:07Z,2026-09-26T12:34:07Z,Central Michigan Chippewas,41.0,100.0,2026,2026-09-26T12:35:36Z,1070,16.505092169007764,-0.7321732091434682,19.737265378151232,b4347a6d6451334b228bf748d98cbd30b34b222852b6631cc98ff41b5e407018,timestamped_live_quote,FBS vs FBS
2026-09-26T12:35:36Z,1f0c9cd1941cbfe5c5ca28fa42e387d8,2026-09-26T22:30:00Z,Miami Hurricanes,Central Michigan Chippewas,bovada,Bovada,2026-09-26T12:34:07Z,2026-09-26T12:34:07Z,Miami Hurricanes,-41.0,-120.0,2026,2026-09-26T12:35:36Z,1070,16.505092169007764,-0.7321732091434682,19.737265378151232,b4347a6d6451334b228bf748d98cbd30b34b222852b6631cc98ff41b5e407018,timestamped_live_quote,FBS vs FBS
2026-09-26T12:35:36Z,c80f5f34b99b9346f4e40cf5304d941d,2026-09-26T22:30:00Z,Charlotte 49ers,Louisiana Ragin Cajuns,fanduel,FanDuel,2026-09-26T12:35:11Z,2026-09-26T12:35:11Z,Charlotte 49ers,10.5,-122.0,2026,2026-09-26T12:35:36Z,1070,-4.045226463801441,3.1554309401046337,-4.7006574039060744,b4347a6d6451334b228bf748d98cbd30b34b222852b6631cc98ff41b5e407018,timestamped_live_quote,FBS vs FBS
2026-09-26T12:35:36Z,c80f5f34b99b9346f4e40cf5304d941d,2026-09-26T22:30:00Z,Charlotte 49ers,Louisiana Ragin Cajuns,fanduel,FanDuel,2026-09-26T12:35:11Z,2026-09-26T12:35:11Z,Louisiana Ragin Cajuns,-10.5,100.0,2026,2026-09-26T12:35:36Z,1070,-4.045226463801441,3.1554309401046337,-4.7006574039060744,b4347a6d6451334b228bf748d98cbd30b34b222852b6631cc98ff41b5e407018,timestamped_live_quote,FBS vs FBS
2026-09-26T12:35:36Z,c80f5f34b99b9346f4e40cf5304d941d,2026-09-26T22:30:00Z,Charlotte 49ers,Louisiana Ragin Cajuns,mybookieag,MyBookie.ag,2026-09-26T12:35:13Z,2026-09-26T12:35:13Z,Charlotte 49ers,10.0,-110.0,2026,2026-09-26T12:35:36Z,1070,-4.045226463801441,3.1554309401046337,-4.7006574039060744,b4347a6d6451334b228bf748d98cbd30b34b222852b6631cc98ff41b5e407018,timestamped_live_quote,FBS vs FBS
2026-09-26T12:35:36Z,c80f5f34b99b9346f4e40cf5304d941d,2026-09-26T22:30:00Z,Charlotte 49ers,Louisiana Ragin Cajuns,mybookieag,MyBookie.ag,2026-09-26T12:35:13Z,2026-09-26T12:35:13Z,Louisiana Ragin Cajuns,-10.0,-110.0,2026,2026-09-26T12:35:36Z,1070,-4.045226463801441,3.1554309401046337,-4.7006574039060744,b4347a6d6451334b228bf748d98cbd30b34b222852b6631cc98ff41b5e407018,timestamped_live_quote,FBS vs FBS
2026-09-26T12:35:36Z,c80f5f34b99b9346f4e40cf5304d941d,2026-09-26T22:30:00Z,Charlotte 49ers,Louisiana Ragin Cajuns,draftkings,DraftKings,2026-09-26T12:34:55Z,2026-09-26T12:34:54Z,Charlotte 49ers,10.0,-112.0,2026,2026-09-26T12:35:36Z,1070,-4.045226463801441,3.1554309401046337,-4.7006574039060744,b4347a6d6451334b228bf748d98cbd30b34b222852b6631cc98ff41b5e407018,timestamped_live_quote,FBS vs FBS
2026-09-26T12:35:36Z,c80f5f34b99b9346f4e40cf5304d941d,2026-09-26T22:30:00Z,Charlotte 49ers,Louisiana Ragin Cajuns,draftkings,DraftKings,2026-09-26T12:34:55Z,2026-09-26T12:34:54Z,Louisiana Ragin Cajuns,-10.0,-108.0,2026,2026-09-26T12:35:36Z,1070,-4.045226463801441,3.1554309401046337,-4.7006574039060744,b4347a6d6451334b228bf748d98cbd30b34b222852b6631cc98ff41b5e407018,timestamped_live_quote,FBS vs FBS
2026-09-26T12:35:36Z,c80f5f34b99b9346f4e40cf5304d941d,2026-09-26T22:30:00Z,Charlotte 49ers,Louisiana Ragin Cajuns,betrivers,BetRivers,2026-09-26T12:34:37Z,2026-09-26T12:34:37Z,Charlotte 49ers,10.0,-109.0,2026,2026-09-26T12:35:36Z,1070,-4.045226463801441,3.1554309401046337,-4.7006574039060744,b4347a6d6451334b228bf748d98cbd30b34b222852b6631cc98ff41b5e407018,timestamped_live_quote,FBS vs FBS
2026-09-26T12:35:36Z,c80f5f34b99b9346f4e40cf5304d941d,2026-09-26T22:30:00Z,Charlotte 49ers,Louisiana Ragin Cajuns,betrivers,BetRivers,2026-09-26T12:34:37Z,2026-09-26T12:34:37Z,Louisiana Ragin Cajuns,-10.0,-113.0,2026,2026-09-26T12:35:36Z,1070,-4.045226463801441,3.1554309401046337,-4.7006574039060744,b4347a6d6451334b228bf748d98cbd30b34b222852b6631cc98ff41b5e407018,timestamped_live_quote,FBS vs FBS
2026-09-26T12:35:36Z,c80f5f34b99b9346f4e40cf5304d941d,2026-09-26T22:30:00Z,Charlotte 49ers,Louisiana Ragin Cajuns,lowvig,LowVig.ag,2026-09-26T12:34:53Z,2026-09-26T12:34:53Z,Charlotte 49ers,10.0,-111.0,2026,2026-09-26T12:35:36Z,1070,-4.045226463801441,3.1554309401046337,-4.7006574039060744,b4347a6d6451334b228bf748d98cbd30b34b222852b6631cc98ff41b5e407018,timestamped_live_quote,FBS vs FBS
2026-09-26T12:35:36Z,c80f5f34b99b9346f4e40cf5304d941d,2026-09-26T22:30:00Z,Charlotte 49ers,Louisiana Ragin Cajuns,lowvig,LowVig.ag,2026-09-26T12:34:53Z,2026-09-26T12:34:53Z,Louisiana Ragin Cajuns,-10.0,-101.0,2026,2026-09-26T12:35:36Z,1070,-4.045226463801441,3.1554309401046337,-4.7006574039060744,b4347a6d6451334b228bf748d98cbd30b34b222852b6631cc98ff41b5e407018,timestamped_live_quote,FBS vs FBS
2026-09-26T12:35:36Z,c80f5f34b99b9346f4e40cf5304d941d,2026-09-26T22:30:00Z,Charlotte 49ers,Louisiana Ragin Cajuns,betonlineag,BetOnline.ag,2026-09-26T12:35:29Z,2026-09-26T12:35:29Z,Charlotte 49ers,10.0,-115.0,2026,2026-09-26T12:35:36Z,1070,-4.045226463801441,3.1554309401046337,-4.7006574039060744,b4347a6d6451334b228bf748d98cbd30b34b222852b6631cc98ff41b5e407018,timestamped_live_quote,FBS vs FBS
2026-09-26T12:35:36Z,c80f5f34b99b9346f4e40cf5304d941d,2026-09-26T22:30:00Z,Charlotte 49ers,Louisiana Ragin Cajuns,betonlineag,BetOnline.ag,2026-09-26T12:35:29Z,2026-09-26T12:35:29Z,Louisiana Ragin Cajuns,-10.0,-105.0,2026,2026-09-26T12:35:36Z,1070,-4.045226463801441,3.1554309401046337,-4.7006574039060744,b4347a6d6451334b228bf748d98cbd30b34b222852b6631cc98ff41b5e407018,timestamped_live_quote,FBS vs FBS
2026-09-26T12:35:36Z,c80f5f34b99b9346f4e40cf5304d941d,2026-09-26T22:30:00Z,Charlotte 49ers,Louisiana Ragin Cajuns,betmgm,BetMGM,2026-09-26T12:34:23Z,2026-09-26T12:34:22Z,Charlotte 49ers,10.0,-110.0,2026,2026-09-26T12:35:36Z,1070,-4.045226463801441,3.1554309401046337,-4.7006574039060744,b4347a6d6451334b228bf748d98cbd30b34b222852b6631cc98ff41b5e407018,timestamped_live_quote,FBS vs FBS
2026-09-26T12:35:36Z,c80f5f34b99b9346f4e40cf5304d941d,2026-09-26T22:30:00Z,Charlotte 49ers,Louisiana Ragin Cajuns,betmgm,BetMGM,2026-09-26T12:34:23Z,2026-09-26T12:34:22Z,Louisiana Ragin Cajuns,-10.0,-108.0,2026,2026-09-26T12:35:36Z,1070,-4.045226463801441,3.1554309401046337,-4.7006574039060744,b4347a6d6451334b228bf748d98cbd30b34b222852b6631cc98ff41b5e407018,timestamped_live_quote,FBS vs FBS
2026-09-26T12:35:36Z,c80f5f34b99b9346f4e40cf5304d941d,2026-09-26T22:30:00Z,Charlotte 49ers,Louisiana Ragin Cajuns,betus,BetUS,2026-09-26T12:35:11Z,2026-09-26T12:35:11Z,Charlotte 49ers,10.0,-110.0,2026,2026-09-26T12:35:36Z,1070,-4.045226463801441,3.1554309401046337,-4.7006574039060744,b4347a6d6451334b228bf748d98cbd30b34b222852b6631cc98ff41b5e407018,timestamped_live_quote,FBS vs FBS
2026-09-26T12:35:36Z,c80f5f34b99b9346f4e40cf5304d941d,2026-09-26T22:30:00Z,Charlotte 49ers,Louisiana Ragin Cajuns,betus,BetUS,2026-09-26T12:35:11Z,2026-09-26T12:35:11Z,Louisiana Ragin Cajuns,-10.0,-110.0,2026,2026-09-26T12:35:36Z,1070,-4.045226463801441,3.1554309401046337,-4.7006574039060744,b4347a6d6451334b228bf748d98cbd30b34b222852b6631cc98ff41b5e407018,timestamped_live_quote,FBS vs FBS
2026-09-26T12:35:36Z,c80f5f34b99b9346f4e40cf5304d941d,2026-09-26T22:30:00Z,Charlotte 49ers,Louisiana Ragin Cajuns,bovada,Bovada,2026-09-26T12:34:07Z,2026-09-26T12:34:07Z,Charlotte 49ers,10.0,-110.0,2026,2026-09-26T12:35:36Z,1070,-4.045226463801441,3.1554309401046337,-4.7006574039060744,b4347a6d6451334b228bf748d98cbd30b34b222852b6631cc98ff41b5e407018,timestamped_live_quote,FBS vs FBS
2026-09-26T12:35:36Z,c80f5f34b99b9346f4e40cf5304d941d,2026-09-26T22:30:00Z,Charlotte 49ers,Louisiana Ragin Cajuns,bovada,Bovada,2026-09-26T12:34:07Z,2026-09-26T12:34:07Z,Louisiana Ragin Cajuns,-10.0,-110.0,2026,2026-09-26T12:35:36Z,1070,-4.045226463801441,3.1554309401046337,-4.7006574039060744,b4347a6d6451334b228bf748d98cbd30b34b222852b6631cc98ff41b5e407018,timestamped_live_quote,FBS vs FBS
2026-09-26T12:35:36Z,c843a3f97a410eedafcfbad440774ad2,2026-09-26T23:00:00Z,Alabama Crimson Tide,South Carolina Gamecocks,draftkings,DraftKings,2026-09-26T12:34:55Z,2026-09-26T12:34:54Z,Alabama Crimson Tide,-12.5,-110.0,2026,2026-09-26T12:35:36Z,1070,11.845429851263555,10.305284793355572,4.040145057907983,b4347a6d6451334b228bf748d98cbd30b34b222852b6631cc98ff41b5e407018,timestamped_live_quote,FBS vs FBS
2026-09-26T12:35:36Z,c843a3f97a410eedafcfbad440774ad2,2026-09-26T23:00:00Z,Alabama Crimson Tide,South Carolina Gamecocks,draftkings,DraftKings,2026-09-26T12:34:55Z,2026-09-26T12:34:54Z,South Carolina Gamecocks,12.5,-110.0,2026,2026-09-26T12:35:36Z,1070,11.845429851263555,10.305284793355572,4.040145057907983,b4347a6d6451334b228bf748d98cbd30b34b222852b6631cc98ff41b5e407018,timestamped_live_quote,FBS vs FBS
2026-09-26T12:35:36Z,c843a3f97a410eedafcfbad440774ad2,2026-09-26T23:00:00Z,Alabama Crimson Tide,South Carolina Gamecocks,fanduel,FanDuel,2026-09-26T12:35:11Z,2026-09-26T12:35:11Z,Alabama Crimson Tide,-12.5,-110.0,2026,2026-09-26T12:35:36Z,1070,11.845429851263555,10.305284793355572,4.040145057907983,b4347a6d6451334b228bf748d98cbd30b34b222852b6631cc98ff41b5e407018,timestamped_live_quote,FBS vs FBS
2026-09-26T12:35:36Z,c843a3f97a410eedafcfbad440774ad2,2026-09-26T23:00:00Z,Alabama Crimson Tide,South Carolina Gamecocks,fanduel,FanDuel,2026-09-26T12:35:11Z,2026-09-26T12:35:11Z,South Carolina Gamecocks,12.5,-110.0,2026,2026-09-26T12:35:36Z,1070,11.845429851263555,10.305284793355572,4.040145057907983,b4347a6d6451334b228bf748d98cbd30b34b222852b6631cc98ff41b5e407018,timestamped_live_quote,FBS vs FBS
2026-09-26T12:35:36Z,c843a3f97a410eedafcfbad440774ad2,2026-09-26T23:00:00Z,Alabama Crimson Tide,South Carolina Gamecocks,mybookieag,MyBookie.ag,2026-09-26T12:35:13Z,2026-09-26T12:35:13Z,Alabama Crimson Tide,-12.5,-110.0,2026,2026-09-26T12:35:36Z,1070,11.845429851263555,10.305284793355572,4.040145057907983,b4347a6d6451334b228bf748d98cbd30b34b222852b6631cc98ff41b5e407018,timestamped_live_quote,FBS vs FBS
2026-09-26T12:35:36Z,c843a3f97a410eedafcfbad440774ad2,2026-09-26T23:00:00Z,Alabama Crimson Tide,South Carolina Gamecocks,mybookieag,MyBookie.ag,2026-09-26T12:35:13Z,2026-09-26T12:35:13Z,South Carolina Gamecocks,12.5,-110.0,2026,2026-09-26T12:35:36Z,1070,11.845429851263555,10.305284793355572,4.040145057907983,b4347a6d6451334b228bf748d98cbd30b34b222852b6631cc98ff41b5e407018,timestamped_live_quote,FBS vs FBS
2026-09-26T12:35:36Z,c843a3f97a410eedafcfbad440774ad2,2026-09-26T23:00:00Z,Alabama Crimson Tide,South Carolina Gamecocks,betrivers,BetRivers,2026-09-26T12:34:37Z,2026-09-26T12:34:37Z,Alabama Crimson Tide,-12.5,-110.0,2026,2026-09-26T12:35:36Z,1070,11.845429851263555,10.305284793355572,4.040145057907983,b4347a6d6451334b228bf748d98cbd30b34b222852b6631cc98ff41b5e407018,timestamped_live_quote,FBS vs FBS
2026-09-26T12:35:36Z,c843a3f97a410eedafcfbad440774ad2,2026-09-26T23:00:00Z,Alabama Crimson Tide,South Carolina Gamecocks,betrivers,BetRivers,2026-09-26T12:34:37Z,2026-09-26T12:34:37Z,South Carolina Gamecocks,12.5,-113.0,2026,2026-09-26T12:35:36Z,1070,11.845429851263555,10.305284793355572,4.040145057907983,b4347a6d6451334b228bf748d98cbd30b34b222852b6631cc98ff41b5e407018,timestamped_live_quote,FBS vs FBS
2026-09-26T12:35:36Z,c843a3f97a410eedafcfbad440774ad2,2026-09-26T23:00:00Z,Alabama Crimson Tide,South Carolina Gamecocks,lowvig,LowVig.ag,2026-09-26T12:34:53Z,2026-09-26T12:34:53Z,Alabama Crimson Tide,-12.5,-106.0,2026,2026-09-26T12:35:36Z,1070,11.845429851263555,10.305284793355572,4.040145057907983,b4347a6d6451334b228bf748d98cbd30b34b222852b6631cc98ff41b5e407018,timestamped_live_quote,FBS vs FBS
2026-09-26T12:35:36Z,c843a3f97a410eedafcfbad440774ad2,2026-09-26T23:00:00Z,Alabama Crimson Tide,South Carolina Gamecocks,lowvig,LowVig.ag,2026-09-26T12:34:53Z,2026-09-26T12:34:53Z,South Carolina Gamecocks,12.5,-106.0,2026,2026-09-26T12:35:36Z,1070,11.845429851263555,10.305284793355572,4.040145057907983,b4347a6d6451334b228bf748d98cbd30b34b222852b6631cc98ff41b5e407018,timestamped_live_quote,FBS vs FBS
2026-09-26T12:35:36Z,c843a3f97a410eedafcfbad440774ad2,2026-09-26T23:00:00Z,Alabama Crimson Tide,South Carolina Gamecocks,betonlineag,BetOnline.ag,2026-09-26T12:35:29Z,2026-09-26T12:35:29Z,Alabama Crimson Tide,-12.5,-110.0,2026,2026-09-26T12:35:36Z,1070,11.845429851263555,10.305284793355572,4.040145057907983,b4347a6d6451334b228bf748d98cbd30b34b222852b6631cc98ff41b5e407018,timestamped_live_quote,FBS vs FBS
2026-09-26T12:35:36Z,c843a3f97a410eedafcfbad440774ad2,2026-09-26T23:00:00Z,Alabama Crimson Tide,South Carolina Gamecocks,betonlineag,BetOnline.ag,2026-09-26T12:35:29Z,2026-09-26T12:35:29Z,South Carolina Gamecocks,12.5,-110.0,2026,2026-09-26T12:35:36Z,1070,11.845429851263555,10.305284793355572,4.040145057907983,b4347a6d6451334b228bf748d98cbd30b34b222852b6631cc98ff41b5e407018,timestamped_live_quote,FBS vs FBS
2026-09-26T12:35:36Z,c843a3f97a410eedafcfbad440774ad2,2026-09-26T23:00:00Z,Alabama Crimson Tide,South Carolina Gamecocks,betus,BetUS,2026-09-26T12:35:11Z,2026-09-26T12:35:11Z,Alabama Crimson Tide,-12.5,-110.0,2026,2026-09-26T12:35:36Z,1070,11.845429851263555,10.305284793355572,4.040145057907983,b4347a6d6451334b228bf748d98cbd30b34b222852b6631cc98ff41b5e407018,timestamped_live_quote,FBS vs FBS
2026-09-26T12:35:36Z,c843a3f97a410eedafcfbad440774ad2,2026-09-26T23:00:00Z,Alabama Crimson Tide,South Carolina Gamecocks,betus,BetUS,2026-09-26T12:35:11Z,2026-09-26T12:35:11Z,South Carolina Gamecocks,12.5,-110.0,2026,2026-09-26T12:35:36Z,1070,11.845429851263555,10.305284793355572,4.040145057907983,b4347a6d6451334b228bf748d98cbd30b34b222852b6631cc98ff41b5e407018,timestamped_live_quote,FBS vs FBS
2026-09-26T12:35:36Z,c843a3f97a410eedafcfbad440774ad2,2026-09-26T23:00:00Z,Alabama Crimson Tide,South Carolina Gamecocks,betmgm,BetMGM,2026-09-26T12:34:23Z,2026-09-26T12:34:23Z,Alabama Crimson Tide,-12.5,-108.0,2026,2026-09-26T12:35:36Z,1070,11.845429851263555,10.305284793355572,4.040145057907983,b4347a6d6451334b228bf748d98cbd30b34b222852b6631cc98ff41b5e407018,timestamped_live_quote,FBS vs FBS
2026-09-26T12:35:36Z,c843a3f97a410eedafcfbad440774ad2,2026-09-26T23:00:00Z,Alabama Crimson Tide,South Carolina Gamecocks,betmgm,BetMGM,2026-09-26T12:34:23Z,2026-09-26T12:34:23Z,South Carolina Gamecocks,12.5,-110.0,2026,2026-09-26T12:35:36Z,1070,11.845429851263555,10.305284793355572,4.040145057907983,b4347a6d6451334b228bf748d98cbd30b34b222852b6631cc98ff41b5e407018,timestamped_live_quote,FBS vs FBS
2026-09-26T12:35:36Z,c843a3f97a410eedafcfbad440774ad2,2026-09-26T23:00:00Z,Alabama Crimson Tide,South Carolina Gamecocks,bovada,Bovada,2026-09-26T12:34:07Z,2026-09-26T12:34:07Z,Alabama Crimson Tide,-12.5,-110.0,2026,2026-09-26T12:35:36Z,1070,11.845429851263555,10.305284793355572,4.040145057907983,b4347a6d6451334b228bf748d98cbd30b34b222852b6631cc98ff41b5e407018,timestamped_live_quote,FBS vs FBS
2026-09-26T12:35:36Z,c843a3f97a410eedafcfbad440774ad2,2026-09-26T23:00:00Z,Alabama Crimson Tide,South Carolina Gamecocks,bovada,Bovada,2026-09-26T12:34:07Z,2026-09-26T12:34:07Z,South Carolina Gamecocks,12.5,-110.0,2026,2026-09-26T12:35:36Z,1070,11.845429851263555,10.305284793355572,4.040145057907983,b4347a6d6451334b228bf748d98cbd30b34b222852b6631cc98ff41b5e407018,timestamped_live_quote,FBS vs FBS
2026-09-26T12:35:36Z,77c3435e651e2d615870c2c25c8dbf71,2026-09-26T23:00:00Z,Arkansas State Red Wolves,Kennesaw State Owls,fanduel,FanDuel,2026-09-26T12:35:11Z,2026-09-26T12:35:11Z,Arkansas State Red Wolves,-6.5,-110.0,2026,2026-09-26T12:35:36Z,1070,0.9039045232442765,0.9407001215105594,2.463204401733717,b4347a6d6451334b228bf748d98cbd30b34b222852b6631cc98ff41b5e407018,timestamped_live_quote,FBS vs FBS
2026-09-26T12:35:36Z,77c3435e651e2d615870c2c25c8dbf71,2026-09-26T23:00:00Z,Arkansas State Red Wolves,Kennesaw State Owls,fanduel,FanDuel,2026-09-26T12:35:11Z,2026-09-26T12:35:11Z,Kennesaw State Owls,6.5,-110.0,2026,2026-09-26T12:35:36Z,1070,0.9039045232442765,0.9407001215105594,2.463204401733717,b4347a6d6451334b228bf748d98cbd30b34b222852b6631cc98ff41b5e407018,timestamped_live_quote,FBS vs FBS
2026-09-26T12:35:36Z,77c3435e651e2d615870c2c25c8dbf71,2026-09-26T23:00:00Z,Arkansas State Red Wolves,Kennesaw State Owls,mybookieag,MyBookie.ag,2026-09-26T12:35:13Z,2026-09-26T12:35:13Z,Arkansas State Red Wolves,-6.5,-110.0,2026,2026-09-26T12:35:36Z,1070,0.9039045232442765,0.9407001215105594,2.463204401733717,b4347a6d6451334b228bf748d98cbd30b34b222852b6631cc98ff41b5e407018,timestamped_live_quote,FBS vs FBS
2026-09-26T12:35:36Z,77c3435e651e2d615870c2c25c8dbf71,2026-09-26T23:00:00Z,Arkansas State Red Wolves,Kennesaw State Owls,mybookieag,MyBookie.ag,2026-09-26T12:35:13Z,2026-09-26T12:35:13Z,Kennesaw State Owls,6.5,-110.0,2026,2026-09-26T12:35:36Z,1070,0.9039045232442765,0.9407001215105594,2.463204401733717,b4347a6d6451334b228bf748d98cbd30b34b222852b6631cc98ff41b5e407018,timestamped_live_quote,FBS vs FBS
2026-09-26T12:35:36Z,77c3435e651e2d615870c2c25c8dbf71,2026-09-26T23:00:00Z,Arkansas State Red Wolves,Kennesaw State Owls,betrivers,BetRivers,2026-09-26T12:34:37Z,2026-09-26T12:34:37Z,Arkansas State Red Wolves,-6.5,-114.0,2026,2026-09-26T12:35:36Z,1070,0.9039045232442765,0.9407001215105594,2.463204401733717,b4347a6d6451334b228bf748d98cbd30b34b222852b6631cc98ff41b5e407018,timestamped_live_quote,FBS vs FBS
2026-09-26T12:35:36Z,77c3435e651e2d615870c2c25c8dbf71,2026-09-26T23:00:00Z,Arkansas State Red Wolves,Kennesaw State Owls,betrivers,BetRivers,2026-09-26T12:34:37Z,2026-09-26T12:34:37Z,Kennesaw State Owls,6.5,-108.0,2026,2026-09-26T12:35:36Z,1070,0.9039045232442765,0.9407001215105594,2.463204401733717,b4347a6d6451334b228bf748d98cbd30b34b222852b6631cc98ff41b5e407018,timestamped_live_quote,FBS vs FBS
2026-09-26T12:35:36Z,77c3435e651e2d615870c2c25c8dbf71,2026-09-26T23:00:00Z,Arkansas State Red Wolves,Kennesaw State Owls,draftkings,DraftKings,2026-09-26T12:34:55Z,2026-09-26T12:34:54Z,Arkansas State Red Wolves,-6.5,-108.0,2026,2026-09-26T12:35:36Z,1070,0.9039045232442765,0.9407001215105594,2.463204401733717,b4347a6d6451334b228bf748d98cbd30b34b222852b6631cc98ff41b5e407018,timestamped_live_quote,FBS vs FBS
2026-09-26T12:35:36Z,77c3435e651e2d615870c2c25c8dbf71,2026-09-26T23:00:00Z,Arkansas State Red Wolves,Kennesaw State Owls,draftkings,DraftKings,2026-09-26T12:34:55Z,2026-09-26T12:34:54Z,Kennesaw State Owls,6.5,-112.0,2026,2026-09-26T12:35:36Z,1070,0.9039045232442765,0.9407001215105594,2.463204401733717,b4347a6d6451334b228bf748d98cbd30b34b222852b6631cc98ff41b5e407018,timestamped_live_quote,FBS vs FBS
2026-09-26T12:35:36Z,77c3435e651e2d615870c2c25c8dbf71,2026-09-26T23:00:00Z,Arkansas State Red Wolves,Kennesaw State Owls,lowvig,LowVig.ag,2026-09-26T12:34:53Z,2026-09-26T12:34:53Z,Arkansas State Red Wolves,-6.5,-106.0,2026,2026-09-26T12:35:36Z,1070,0.9039045232442765,0.9407001215105594,2.463204401733717,b4347a6d6451334b228bf748d98cbd30b34b222852b6631cc98ff41b5e407018,timestamped_live_quote,FBS vs FBS
2026-09-26T12:35:36Z,77c3435e651e2d615870c2c25c8dbf71,2026-09-26T23:00:00Z,Arkansas State Red Wolves,Kennesaw State Owls,lowvig,LowVig.ag,2026-09-26T12:34:53Z,2026-09-26T12:34:53Z,Kennesaw State Owls,6.5,-106.0,2026,2026-09-26T12:35:36Z,1070,0.9039045232442765,0.9407001215105594,2.463204401733717,b4347a6d6451334b228bf748d98cbd30b34b222852b6631cc98ff41b5e407018,timestamped_live_quote,FBS vs FBS
2026-09-26T12:35:36Z,77c3435e651e2d615870c2c25c8dbf71,2026-09-26T23:00:00Z,Arkansas State Red Wolves,Kennesaw State Owls,betonlineag,BetOnline.ag,2026-09-26T12:35:29Z,2026-09-26T12:35:29Z,Arkansas State Red Wolves,-6.5,-110.0,2026,2026-09-26T12:35:36Z,1070,0.9039045232442765,0.9407001215105594,2.463204401733717,b4347a6d6451334b228bf748d98cbd30b34b222852b6631cc98ff41b5e407018,timestamped_live_quote,FBS vs FBS
2026-09-26T12:35:36Z,77c3435e651e2d615870c2c25c8dbf71,2026-09-26T23:00:00Z,Arkansas State Red Wolves,Kennesaw State Owls,betonlineag,BetOnline.ag,2026-09-26T12:35:29Z,2026-09-26T12:35:29Z,Kennesaw State Owls,6.5,-110.0,2026,2026-09-26T12:35:36Z,1070,0.9039045232442765,0.9407001215105594,2.463204401733717,b4347a6d6451334b228bf748d98cbd30b34b222852b6631cc98ff41b5e407018,timestamped_live_quote,FBS vs FBS
2026-09-26T12:35:36Z,77c3435e651e2d615870c2c25c8dbf71,2026-09-26T23:00:00Z,Arkansas State Red Wolves,Kennesaw State Owls,betmgm,BetMGM,2026-09-26T12:34:23Z,2026-09-26T12:34:23Z,Arkansas State Red Wolves,-6.0,-110.0,2026,2026-09-26T12:35:36Z,1070,0.9039045232442765,0.9407001215105594,2.463204401733717,b4347a6d6451334b228bf748d98cbd30b34b222852b6631cc98ff41b5e407018,timestamped_live_quote,FBS vs FBS
2026-09-26T12:35:36Z,77c3435e651e2d615870c2c25c8dbf71,2026-09-26T23:00:00Z,Arkansas State Red Wolves,Kennesaw State Owls,betmgm,BetMGM,2026-09-26T12:34:23Z,2026-09-26T12:34:23Z,Kennesaw State Owls,6.0,-108.0,2026,2026-09-26T12:35:36Z,1070,0.9039045232442765,0.9407001215105594,2.463204401733717,b4347a6d6451334b228bf748d98cbd30b34b222852b6631cc98ff41b5e407018,timestamped_live_quote,FBS vs FBS
2026-09-26T12:35:36Z,77c3435e651e2d615870c2c25c8dbf71,2026-09-26T23:00:00Z,Arkansas State Red Wolves,Kennesaw State Owls,betus,BetUS,2026-09-26T12:35:11Z,2026-09-26T12:35:11Z,Arkansas State Red Wolves,-6.5,-110.0,2026,2026-09-26T12:35:36Z,1070,0.9039045232442765,0.9407001215105594,2.463204401733717,b4347a6d6451334b228bf748d98cbd30b34b222852b6631cc98ff41b5e407018,timestamped_live_quote,FBS vs FBS
2026-09-26T12:35:36Z,77c3435e651e2d615870c2c25c8dbf71,2026-09-26T23:00:00Z,Arkansas State Red Wolves,Kennesaw State Owls,betus,BetUS,2026-09-26T12:35:11Z,2026-09-26T12:35:11Z,Kennesaw State Owls,6.5,-110.0,2026,2026-09-26T12:35:36Z,1070,0.9039045232442765,0.9407001215105594,2.463204401733717,b4347a6d6451334b228bf748d98cbd30b34b222852b6631cc98ff41b5e407018,timestamped_live_quote,FBS vs FBS
2026-09-26T12:35:36Z,77c3435e651e2d615870c2c25c8dbf71,2026-09-26T23:00:00Z,Arkansas State Red Wolves,Kennesaw State Owls,bovada,Bovada,2026-09-26T12:34:07Z,2026-09-26T12:34:07Z,Arkansas State Red Wolves,-6.0,-115.0,2026,2026-09-26T12:35:36Z,1070,0.9039045232442765,0.9407001215105594,2.463204401733717,b4347a6d6451334b228bf748d98cbd30b34b222852b6631cc98ff41b5e407018,timestamped_live_quote,FBS vs FBS
2026-09-26T12:35:36Z,77c3435e651e2d615870c2c25c8dbf71,2026-09-26T23:00:00Z,Arkansas State Red Wolves,Kennesaw State Owls,bovada,Bovada,2026-09-26T12:34:07Z,2026-09-26T12:34:07Z,Kennesaw State Owls,6.0,-105.0,2026,2026-09-26T12:35:36Z,1070,0.9039045232442765,0.9407001215105594,2.463204401733717,b4347a6d6451334b228bf748d98cbd30b34b222852b6631cc98ff41b5e407018,timestamped_live_quote,FBS vs FBS
2026-09-26T12:35:36Z,058628758b85b178ffc5fa09416f3991,2026-09-26T23:00:00Z,Cincinnati Bearcats,Kansas State Wildcats,fanduel,FanDuel,2026-09-26T12:35:11Z,2026-09-26T12:35:11Z,Cincinnati Bearcats,6.5,-114.0,2026,2026-09-26T12:35:36Z,1070,9.467549223410645,12.760184285480163,-0.7926350620695182,b4347a6d6451334b228bf748d98cbd30b34b222852b6631cc98ff41b5e407018,timestamped_live_quote,FBS vs FBS
2026-09-26T12:35:36Z,058628758b85b178ffc5fa09416f3991,2026-09-26T23:00:00Z,Cincinnati Bearcats,Kansas State Wildcats,fanduel,FanDuel,2026-09-26T12:35:11Z,2026-09-26T12:35:11Z,Kansas State Wildcats,-6.5,-106.0,2026,2026-09-26T12:35:36Z,1070,9.467549223410645,12.760184285480163,-0.7926350620695182,b4347a6d6451334b228bf748d98cbd30b34b222852b6631cc98ff41b5e407018,timestamped_live_quote,FBS vs FBS
2026-09-26T12:35:36Z,058628758b85b178ffc5fa09416f3991,2026-09-26T23:00:00Z,Cincinnati Bearcats,Kansas State Wildcats,mybookieag,MyBookie.ag,2026-09-26T12:35:13Z,2026-09-26T12:35:13Z,Cincinnati Bearcats,6.0,-110.0,2026,2026-09-26T12:35:36Z,1070,9.467549223410645,12.760184285480163,-0.7926350620695182,b4347a6d6451334b228bf748d98cbd30b34b222852b6631cc98ff41b5e407018,timestamped_live_quote,FBS vs FBS
2026-09-26T12:35:36Z,058628758b85b178ffc5fa09416f3991,2026-09-26T23:00:00Z,Cincinnati Bearcats,Kansas State Wildcats,mybookieag,MyBookie.ag,2026-09-26T12:35:13Z,2026-09-26T12:35:13Z,Kansas State Wildcats,-6.0,-110.0,2026,2026-09-26T12:35:36Z,1070,9.467549223410645,12.760184285480163,-0.7926350620695182,b4347a6d6451334b228bf748d98cbd30b34b222852b6631cc98ff41b5e407018,timestamped_live_quote,FBS vs FBS
2026-09-26T12:35:36Z,058628758b85b178ffc5fa09416f3991,2026-09-26T23:00:00Z,Cincinnati Bearcats,Kansas State Wildcats,betrivers,BetRivers,2026-09-26T12:34:37Z,2026-09-26T12:34:37Z,Cincinnati Bearcats,6.5,-112.0,2026,2026-09-26T12:35:36Z,1070,9.467549223410645,12.760184285480163,-0.7926350620695182,b4347a6d6451334b228bf748d98cbd30b34b222852b6631cc98ff41b5e407018,timestamped_live_quote,FBS vs FBS
2026-09-26T12:35:36Z,058628758b85b178ffc5fa09416f3991,2026-09-26T23:00:00Z,Cincinnati Bearcats,Kansas State Wildcats,betrivers,BetRivers,2026-09-26T12:34:37Z,2026-09-26T12:34:37Z,Kansas State Wildcats,-6.5,-110.0,2026,2026-09-26T12:35:36Z,1070,9.467549223410645,12.760184285480163,-0.7926350620695182,b4347a6d6451334b228bf748d98cbd30b34b222852b6631cc98ff41b5e407018,timestamped_live_quote,FBS vs FBS
2026-09-26T12:35:36Z,058628758b85b178ffc5fa09416f3991,2026-09-26T23:00:00Z,Cincinnati Bearcats,Kansas State Wildcats,draftkings,DraftKings,2026-09-26T12:34:55Z,2026-09-26T12:34:54Z,Cincinnati Bearcats,6.5,-115.0,2026,2026-09-26T12:35:36Z,1070,9.467549223410645,12.760184285480163,-0.7926350620695182,b4347a6d6451334b228bf748d98cbd30b34b222852b6631cc98ff41b5e407018,timestamped_live_quote,FBS vs FBS
2026-09-26T12:35:36Z,058628758b85b178ffc5fa09416f3991,2026-09-26T23:00:00Z,Cincinnati Bearcats,Kansas State Wildcats,draftkings,DraftKings,2026-09-26T12:34:55Z,2026-09-26T12:34:54Z,Kansas State Wildcats,-6.5,-105.0,2026,2026-09-26T12:35:36Z,1070,9.467549223410645,12.760184285480163,-0.7926350620695182,b4347a6d6451334b228bf748d98cbd30b34b222852b6631cc98ff41b5e407018,timestamped_live_quote,FBS vs FBS
2026-09-26T12:35:36Z,058628758b85b178ffc5fa09416f3991,2026-09-26T23:00:00Z,Cincinnati Bearcats,Kansas State Wildcats,lowvig,LowVig.ag,2026-09-26T12:34:53Z,2026-09-26T12:34:53Z,Cincinnati Bearcats,6.5,-112.0,2026,2026-09-26T12:35:36Z,1070,9.467549223410645,12.760184285480163,-0.7926350620695182,b4347a6d6451334b228bf748d98cbd30b34b222852b6631cc98ff41b5e407018,timestamped_live_quote,FBS vs FBS
2026-09-26T12:35:36Z,058628758b85b178ffc5fa09416f3991,2026-09-26T23:00:00Z,Cincinnati Bearcats,Kansas State Wildcats,lowvig,LowVig.ag,2026-09-26T12:34:53Z,2026-09-26T12:34:53Z,Kansas State Wildcats,-6.5,100.0,2026,2026-09-26T12:35:36Z,1070,9.467549223410645,12.760184285480163,-0.7926350620695182,b4347a6d6451334b228bf748d98cbd30b34b222852b6631cc98ff41b5e407018,timestamped_live_quote,FBS vs FBS
2026-09-26T12:35:36Z,058628758b85b178ffc5fa09416f3991,2026-09-26T23:00:00Z,Cincinnati Bearcats,Kansas State Wildcats,betonlineag,BetOnline.ag,2026-09-26T12:35:29Z,2026-09-26T12:35:29Z,Cincinnati Bearcats,6.5,-116.0,2026,2026-09-26T12:35:36Z,1070,9.467549223410645,12.760184285480163,-0.7926350620695182,b4347a6d6451334b228bf748d98cbd30b34b222852b6631cc98ff41b5e407018,timestamped_live_quote,FBS vs FBS
2026-09-26T12:35:36Z,058628758b85b178ffc5fa09416f3991,2026-09-26T23:00:00Z,Cincinnati Bearcats,Kansas State Wildcats,betonlineag,BetOnline.ag,2026-09-26T12:35:29Z,2026-09-26T12:35:29Z,Kansas State Wildcats,-6.5,-104.0,2026,2026-09-26T12:35:36Z,1070,9.467549223410645,12.760184285480163,-0.7926350620695182,b4347a6d6451334b228bf748d98cbd30b34b222852b6631cc98ff41b5e407018,timestamped_live_quote,FBS vs FBS
2026-09-26T12:35:36Z,058628758b85b178ffc5fa09416f3991,2026-09-26T23:00:00Z,Cincinnati Bearcats,Kansas State Wildcats,betmgm,BetMGM,2026-09-26T12:34:23Z,2026-09-26T12:34:23Z,Cincinnati Bearcats,6.0,-108.0,2026,2026-09-26T12:35:36Z,1070,9.467549223410645,12.760184285480163,-0.7926350620695182,b4347a6d6451334b228bf748d98cbd30b34b222852b6631cc98ff41b5e407018,timestamped_live_quote,FBS vs FBS
2026-09-26T12:35:36Z,058628758b85b178ffc5fa09416f3991,2026-09-26T23:00:00Z,Cincinnati Bearcats,Kansas State Wildcats,betmgm,BetMGM,2026-09-26T12:34:23Z,2026-09-26T12:34:23Z,Kansas State Wildcats,-6.0,-110.0,2026,2026-09-26T12:35:36Z,1070,9.467549223410645,12.760184285480163,-0.7926350620695182,b4347a6d6451334b228bf748d98cbd30b34b222852b6631cc98ff41b5e407018,timestamped_live_quote,FBS vs FBS
2026-09-26T12:35:36Z,058628758b85b178ffc5fa09416f3991,2026-09-26T23:00:00Z,Cincinnati Bearcats,Kansas State Wildcats,betus,BetUS,2026-09-26T12:35:11Z,2026-09-26T12:35:11Z,Cincinnati Bearcats,6.0,-110.0,2026,2026-09-26T12:35:36Z,1070,9.467549223410645,12.760184285480163,-0.7926350620695182,b4347a6d6451334b228bf748d98cbd30b34b222852b6631cc98ff41b5e407018,timestamped_live_quote,FBS vs FBS
2026-09-26T12:35:36Z,058628758b85b178ffc5fa09416f3991,2026-09-26T23:00:00Z,Cincinnati Bearcats,Kansas State Wildcats,betus,BetUS,2026-09-26T12:35:11Z,2026-09-26T12:35:11Z,Kansas State Wildcats,-6.0,-110.0,2026,2026-09-26T12:35:36Z,1070,9.467549223410645,12.760184285480163,-0.7926350620695182,b4347a6d6451334b228bf748d98cbd30b34b222852b6631cc98ff41b5e407018,timestamped_live_quote,FBS vs FBS
2026-09-26T12:35:36Z,058628758b85b178ffc5fa09416f3991,2026-09-26T23:00:00Z,Cincinnati Bearcats,Kansas State Wildcats,bovada,Bovada,2026-09-26T12:34:07Z,2026-09-26T12:34:07Z,Cincinnati Bearcats,6.0,-110.0,2026,2026-09-26T12:35:36Z,1070,9.467549223410645,12.760184285480163,-0.7926350620695182,b4347a6d6451334b228bf748d98cbd30b34b222852b6631cc98ff41b5e407018,timestamped_live_quote,FBS vs FBS
2026-09-26T12:35:36Z,058628758b85b178ffc5fa09416f3991,2026-09-26T23:00:00Z,Cincinnati Bearcats,Kansas State Wildcats,bovada,Bovada,2026-09-26T12:34:07Z,2026-09-26T12:34:07Z,Kansas State Wildcats,-6.0,-110.0,2026,2026-09-26T12:35:36Z,1070,9.467549223410645,12.760184285480163,-0.7926350620695182,b4347a6d6451334b228bf748d98cbd30b34b222852b6631cc98ff41b5e407018,timestamped_live_quote,FBS vs FBS
2026-09-26T12:35:36Z,fe0fb2e29062d93898ebdd583329194d,2026-09-26T23:00:00Z,Jacksonville State Gamecocks,Middle Tennessee Blue Raiders,fanduel,FanDuel,2026-09-26T12:35:11Z,2026-09-26T12:35:11Z,Jacksonville State Gamecocks,-7.5,-104.0,2026,2026-09-26T12:35:36Z,1070,2.9472921472405846,2.07829475109403,3.3689973961465545,b4347a6d6451334b228bf748d98cbd30b34b222852b6631cc98ff41b5e407018,timestamped_live_quote,FBS vs FBS
2026-09-26T12:35:36Z,fe0fb2e29062d93898ebdd583329194d,2026-09-26T23:00:00Z,Jacksonville State Gamecocks,Middle Tennessee Blue Raiders,fanduel,FanDuel,2026-09-26T12:35:11Z,2026-09-26T12:35:11Z,Middle Tennessee Blue Raiders,7.5,-118.0,2026,2026-09-26T12:35:36Z,1070,2.9472921472405846,2.07829475109403,3.3689973961465545,b4347a6d6451334b228bf748d98cbd30b34b222852b6631cc98ff41b5e407018,timestamped_live_quote,FBS vs FBS
2026-09-26T12:35:36Z,fe0fb2e29062d93898ebdd583329194d,2026-09-26T23:00:00Z,Jacksonville State Gamecocks,Middle Tennessee Blue Raiders,mybookieag,MyBookie.ag,2026-09-26T12:35:13Z,2026-09-26T12:35:13Z,Jacksonville State Gamecocks,-7.0,-110.0,2026,2026-09-26T12:35:36Z,1070,2.9472921472405846,2.07829475109403,3.3689973961465545,b4347a6d6451334b228bf748d98cbd30b34b222852b6631cc98ff41b5e407018,timestamped_live_quote,FBS vs FBS
2026-09-26T12:35:36Z,fe0fb2e29062d93898ebdd583329194d,2026-09-26T23:00:00Z,Jacksonville State Gamecocks,Middle Tennessee Blue Raiders,mybookieag,MyBookie.ag,2026-09-26T12:35:13Z,2026-09-26T12:35:13Z,Middle Tennessee Blue Raiders,7.0,-110.0,2026,2026-09-26T12:35:36Z,1070,2.9472921472405846,2.07829475109403,3.3689973961465545,b4347a6d6451334b228bf748d98cbd30b34b222852b6631cc98ff41b5e407018,timestamped_live_quote,FBS vs FBS
2026-09-26T12:35:36Z,fe0fb2e29062d93898ebdd583329194d,2026-09-26T23:00:00Z,Jacksonville State Gamecocks,Middle Tennessee Blue Raiders,betrivers,BetRivers,2026-09-26T12:34:37Z,2026-09-26T12:34:37Z,Jacksonville State Gamecocks,-7.0,-113.0,2026,2026-09-26T12:35:36Z,1070,2.9472921472405846,2.07829475109403,3.3689973961465545,b4347a6d6451334b228bf748d98cbd30b34b222852b6631cc98ff41b5e407018,timestamped_live_quote,FBS vs FBS
2026-09-26T12:35:36Z,fe0fb2e29062d93898ebdd583329194d,2026-09-26T23:00:00Z,Jacksonville State Gamecocks,Middle Tennessee Blue Raiders,betrivers,BetRivers,2026-09-26T12:34:37Z,2026-09-26T12:34:37Z,Middle Tennessee Blue Raiders,7.0,-109.0,2026,2026-09-26T12:35:36Z,1070,2.9472921472405846,2.07829475109403,3.3689973961465545,b4347a6d6451334b228bf748d98cbd30b34b222852b6631cc98ff41b5e407018,timestamped_live_quote,FBS vs FBS
2026-09-26T12:35:36Z,fe0fb2e29062d93898ebdd583329194d,2026-09-26T23:00:00Z,Jacksonville State Gamecocks,Middle Tennessee Blue Raiders,draftkings,DraftKings,2026-09-26T12:34:55Z,2026-09-26T12:34:54Z,Jacksonville State Gamecocks,-7.0,-112.0,2026,2026-09-26T12:35:36Z,1070,2.9472921472405846,2.07829475109403,3.3689973961465545,b4347a6d6451334b228bf748d98cbd30b34b222852b6631cc98ff41b5e407018,timestamped_live_quote,FBS vs FBS
2026-09-26T12:35:36Z,fe0fb2e29062d93898ebdd583329194d,2026-09-26T23:00:00Z,Jacksonville State Gamecocks,Middle Tennessee Blue Raiders,draftkings,DraftKings,2026-09-26T12:34:55Z,2026-09-26T12:34:54Z,Middle Tennessee Blue Raiders,7.0,-108.0,2026,2026-09-26T12:35:36Z,1070,2.9472921472405846,2.07829475109403,3.3689973961465545,b4347a6d6451334b228bf748d98cbd30b34b222852b6631cc98ff41b5e407018,timestamped_live_quote,FBS vs FBS
2026-09-26T12:35:36Z,fe0fb2e29062d93898ebdd583329194d,2026-09-26T23:00:00Z,Jacksonville State Gamecocks,Middle Tennessee Blue Raiders,lowvig,LowVig.ag,2026-09-26T12:34:53Z,2026-09-26T12:34:53Z,Jacksonville State Gamecocks,-7.0,-106.0,2026,2026-09-26T12:35:36Z,1070,2.9472921472405846,2.07829475109403,3.3689973961465545,b4347a6d6451334b228bf748d98cbd30b34b222852b6631cc98ff41b5e407018,timestamped_live_quote,FBS vs FBS
2026-09-26T12:35:36Z,fe0fb2e29062d93898ebdd583329194d,2026-09-26T23:00:00Z,Jacksonville State Gamecocks,Middle Tennessee Blue Raiders,lowvig,LowVig.ag,2026-09-26T12:34:53Z,2026-09-26T12:34:53Z,Middle Tennessee Blue Raiders,7.0,-106.0,2026,2026-09-26T12:35:36Z,1070,2.9472921472405846,2.07829475109403,3.3689973961465545,b4347a6d6451334b228bf748d98cbd30b34b222852b6631cc98ff41b5e407018,timestamped_live_quote,FBS vs FBS
2026-09-26T12:35:36Z,fe0fb2e29062d93898ebdd583329194d,2026-09-26T23:00:00Z,Jacksonville State Gamecocks,Middle Tennessee Blue Raiders,betonlineag,BetOnline.ag,2026-09-26T12:35:29Z,2026-09-26T12:35:29Z,Jacksonville State Gamecocks,-7.0,-110.0,2026,2026-09-26T12:35:36Z,1070,2.9472921472405846,2.07829475109403,3.3689973961465545,b4347a6d6451334b228bf748d98cbd30b34b222852b6631cc98ff41b5e407018,timestamped_live_quote,FBS vs FBS
2026-09-26T12:35:36Z,fe0fb2e29062d93898ebdd583329194d,2026-09-26T23:00:00Z,Jacksonville State Gamecocks,Middle Tennessee Blue Raiders,betonlineag,BetOnline.ag,2026-09-26T12:35:29Z,2026-09-26T12:35:29Z,Middle Tennessee Blue Raiders,7.0,-110.0,2026,2026-09-26T12:35:36Z,1070,2.9472921472405846,2.07829475109403,3.3689973961465545,b4347a6d6451334b228bf748d98cbd30b34b222852b6631cc98ff41b5e407018,timestamped_live_quote,FBS vs FBS
2026-09-26T12:35:36Z,fe0fb2e29062d93898ebdd583329194d,2026-09-26T23:00:00Z,Jacksonville State Gamecocks,Middle Tennessee Blue Raiders,betmgm,BetMGM,2026-09-26T12:34:23Z,2026-09-26T12:34:23Z,Jacksonville State Gamecocks,-7.0,-112.0,2026,2026-09-26T12:35:36Z,1070,2.9472921472405846,2.07829475109403,3.3689973961465545,b4347a6d6451334b228bf748d98cbd30b34b222852b6631cc98ff41b5e407018,timestamped_live_quote,FBS vs FBS
2026-09-26T12:35:36Z,fe0fb2e29062d93898ebdd583329194d,2026-09-26T23:00:00Z,Jacksonville State Gamecocks,Middle Tennessee Blue Raiders,betmgm,BetMGM,2026-09-26T12:34:23Z,2026-09-26T12:34:23Z,Middle Tennessee Blue Raiders,7.0,-105.0,2026,2026-09-26T12:35:36Z,1070,2.9472921472405846,2.07829475109403,3.3689973961465545,b4347a6d6451334b228bf748d98cbd30b34b222852b6631cc98ff41b5e407018,timestamped_live_quote,FBS vs FBS
2026-09-26T12:35:36Z,fe0fb2e29062d93898ebdd583329194d,2026-09-26T23:00:00Z,Jacksonville State Gamecocks,Middle Tennessee Blue Raiders,betus,BetUS,2026-09-26T12:35:11Z,2026-09-26T12:35:11Z,Jacksonville State Gamecocks,-7.0,-110.0,2026,2026-09-26T12:35:36Z,1070,2.9472921472405846,2.07829475109403,3.3689973961465545,b4347a6d6451334b228bf748d98cbd30b34b222852b6631cc98ff41b5e407018,timestamped_live_quote,FBS vs FBS
2026-09-26T12:35:36Z,fe0fb2e29062d93898ebdd583329194d,2026-09-26T23:00:00Z,Jacksonville State Gamecocks,Middle Tennessee Blue Raiders,betus,BetUS,2026-09-26T12:35:11Z,2026-09-26T12:35:11Z,Middle Tennessee Blue Raiders,7.0,-110.0,2026,2026-09-26T12:35:36Z,1070,2.9472921472405846,2.07829475109403,3.3689973961465545,b4347a6d6451334b228bf748d98cbd30b34b222852b6631cc98ff41b5e407018,timestamped_live_quote,FBS vs FBS
2026-09-26T12:35:36Z,fe0fb2e29062d93898ebdd583329194d,2026-09-26T23:00:00Z,Jacksonville State Gamecocks,Middle Tennessee Blue Raiders,bovada,Bovada,2026-09-26T12:34:07Z,2026-09-26T12:34:07Z,Jacksonville State Gamecocks,-7.0,-115.0,2026,2026-09-26T12:35:36Z,1070,2.9472921472405846,2.07829475109403,3.3689973961465545,b4347a6d6451334b228bf748d98cbd30b34b222852b6631cc98ff41b5e407018,timestamped_live_quote,FBS vs FBS
2026-09-26T12:35:36Z,fe0fb2e29062d93898ebdd583329194d,2026-09-26T23:00:00Z,Jacksonville State Gamecocks,Middle Tennessee Blue Raiders,bovada,Bovada,2026-09-26T12:34:07Z,2026-09-26T12:34:07Z,Middle Tennessee Blue Raiders,7.0,-105.0,2026,2026-09-26T12:35:36Z,1070,2.9472921472405846,2.07829475109403,3.3689973961465545,b4347a6d6451334b228bf748d98cbd30b34b222852b6631cc98ff41b5e407018,timestamped_live_quote,FBS vs FBS
2026-09-26T12:35:36Z,4d7e7ede70991b52414228a5fd0b303d,2026-09-26T23:00:00Z,Western Kentucky Hilltoppers,Mercyhurst Lakers,fanduel,FanDuel,2026-09-26T12:35:11Z,2026-09-26T12:35:11Z,Mercyhurst Lakers,40.5,-110.0,2026,2026-09-26T12:35:36Z,1070,,,,b4347a6d6451334b228bf748d98cbd30b34b222852b6631cc98ff41b5e407018,division_safety_suppressed,Unverified division / FCS: model suppressed
2026-09-26T12:35:36Z,4d7e7ede70991b52414228a5fd0b303d,2026-09-26T23:00:00Z,Western Kentucky Hilltoppers,Mercyhurst Lakers,fanduel,FanDuel,2026-09-26T12:35:11Z,2026-09-26T12:35:11Z,Western Kentucky Hilltoppers,-40.5,-110.0,2026,2026-09-26T12:35:36Z,1070,,,,b4347a6d6451334b228bf748d98cbd30b34b222852b6631cc98ff41b5e407018,division_safety_suppressed,Unverified division / FCS: model suppressed
2026-09-26T12:35:36Z,4d7e7ede70991b52414228a5fd0b303d,2026-09-26T23:00:00Z,Western Kentucky Hilltoppers,Mercyhurst Lakers,draftkings,DraftKings,2026-09-26T12:34:55Z,2026-09-26T12:34:54Z,Mercyhurst Lakers,40.5,-110.0,2026,2026-09-26T12:35:36Z,1070,,,,b4347a6d6451334b228bf748d98cbd30b34b222852b6631cc98ff41b5e407018,division_safety_suppressed,Unverified division / FCS: model suppressed
2026-09-26T12:35:36Z,4d7e7ede70991b52414228a5fd0b303d,2026-09-26T23:00:00Z,Western Kentucky Hilltoppers,Mercyhurst Lakers,draftkings,DraftKings,2026-09-26T12:34:55Z,2026-09-26T12:34:54Z,Western Kentucky Hilltoppers,-40.5,-110.0,2026,2026-09-26T12:35:36Z,1070,,,,b4347a6d6451334b228bf748d98cbd30b34b222852b6631cc98ff41b5e407018,division_safety_suppressed,Unverified division / FCS: model suppressed
2026-09-26T12:35:36Z,4d7e7ede70991b52414228a5fd0b303d,2026-09-26T23:00:00Z,Western Kentucky Hilltoppers,Mercyhurst Lakers,betrivers,BetRivers,2026-09-26T12:34:37Z,2026-09-26T12:34:37Z,Mercyhurst Lakers,42.5,-114.0,2026,2026-09-26T12:35:36Z,1070,,,,b4347a6d6451334b228bf748d98cbd30b34b222852b6631cc98ff41b5e407018,division_safety_suppressed,Unverified division / FCS: model suppressed
2026-09-26T12:35:36Z,4d7e7ede70991b52414228a5fd0b303d,2026-09-26T23:00:00Z,Western Kentucky Hilltoppers,Mercyhurst Lakers,betrivers,BetRivers,2026-09-26T12:34:37Z,2026-09-26T12:34:37Z,Western Kentucky Hilltoppers,-42.5,-108.0,2026,2026-09-26T12:35:36Z,1070,,,,b4347a6d6451334b228bf748d98cbd30b34b222852b6631cc98ff41b5e407018,division_safety_suppressed,Unverified division / FCS: model suppressed
2026-09-26T12:35:36Z,4d7e7ede70991b52414228a5fd0b303d,2026-09-26T23:00:00Z,Western Kentucky Hilltoppers,Mercyhurst Lakers,lowvig,LowVig.ag,2026-09-26T12:34:53Z,2026-09-26T12:34:53Z,Mercyhurst Lakers,40.5,-110.0,2026,2026-09-26T12:35:36Z,1070,,,,b4347a6d6451334b228bf748d98cbd30b34b222852b6631cc98ff41b5e407018,division_safety_suppressed,Unverified division / FCS: model suppressed
2026-09-26T12:35:36Z,4d7e7ede70991b52414228a5fd0b303d,2026-09-26T23:00:00Z,Western Kentucky Hilltoppers,Mercyhurst Lakers,lowvig,LowVig.ag,2026-09-26T12:34:53Z,2026-09-26T12:34:53Z,Western Kentucky Hilltoppers,-40.5,-110.0,2026,2026-09-26T12:35:36Z,1070,,,,b4347a6d6451334b228bf748d98cbd30b34b222852b6631cc98ff41b5e407018,division_safety_suppressed,Unverified division / FCS: model suppressed
2026-09-26T12:35:36Z,4d7e7ede70991b52414228a5fd0b303d,2026-09-26T23:00:00Z,Western Kentucky Hilltoppers,Mercyhurst Lakers,betonlineag,BetOnline.ag,2026-09-26T12:35:29Z,2026-09-26T12:35:29Z,Mercyhurst Lakers,40.5,-110.0,2026,2026-09-26T12:35:36Z,1070,,,,b4347a6d6451334b228bf748d98cbd30b34b222852b6631cc98ff41b5e407018,division_safety_suppressed,Unverified division / FCS: model suppressed
2026-09-26T12:35:36Z,4d7e7ede70991b52414228a5fd0b303d,2026-09-26T23:00:00Z,Western Kentucky Hilltoppers,Mercyhurst Lakers,betonlineag,BetOnline.ag,2026-09-26T12:35:29Z,2026-09-26T12:35:29Z,Western Kentucky Hilltoppers,-40.5,-110.0,2026,2026-09-26T12:35:36Z,1070,,,,b4347a6d6451334b228bf748d98cbd30b34b222852b6631cc98ff41b5e407018,division_safety_suppressed,Unverified division / FCS: model suppressed
2026-09-26T12:35:36Z,4d7e7ede70991b52414228a5fd0b303d,2026-09-26T23:00:00Z,Western Kentucky Hilltoppers,Mercyhurst Lakers,bovada,Bovada,2026-09-26T12:34:07Z,2026-09-26T12:34:07Z,Mercyhurst Lakers,40.5,-105.0,2026,2026-09-26T12:35:36Z,1070,,,,b4347a6d6451334b228bf748d98cbd30b34b222852b6631cc98ff41b5e407018,division_safety_suppressed,Unverified division / FCS: model suppressed
2026-09-26T12:35:36Z,4d7e7ede70991b52414228a5fd0b303d,2026-09-26T23:00:00Z,Western Kentucky Hilltoppers,Mercyhurst Lakers,bovada,Bovada,2026-09-26T12:34:07Z,2026-09-26T12:34:07Z,Western Kentucky Hilltoppers,-40.5,-115.0,2026,2026-09-26T12:35:36Z,1070,,,,b4347a6d6451334b228bf748d98cbd30b34b222852b6631cc98ff41b5e407018,division_safety_suppressed,Unverified division / FCS: model suppressed
2026-09-26T12:35:36Z,6c95114d806556a04a0d719e62c042d7,2026-09-26T23:00:00Z,West Virginia Mountaineers,Oklahoma State Cowboys,draftkings,DraftKings,2026-09-26T12:34:55Z,2026-09-26T12:34:54Z,Oklahoma State Cowboys,1.5,-108.0,2026,2026-09-26T12:35:36Z,1070,10.071739601725092,8.70190650399083,3.8698330977342614,b4347a6d6451334b228bf748d98cbd30b34b222852b6631cc98ff41b5e407018,timestamped_live_quote,FBS vs FBS
2026-09-26T12:35:36Z,6c95114d806556a04a0d719e62c042d7,2026-09-26T23:00:00Z,West Virginia Mountaineers,Oklahoma State Cowboys,draftkings,DraftKings,2026-09-26T12:34:55Z,2026-09-26T12:34:54Z,West Virginia Mountaineers,-1.5,-112.0,2026,2026-09-26T12:35:36Z,1070,10.071739601725092,8.70190650399083,3.8698330977342614,b4347a6d6451334b228bf748d98cbd30b34b222852b6631cc98ff41b5e407018,timestamped_live_quote,FBS vs FBS
2026-09-26T12:35:36Z,6c95114d806556a04a0d719e62c042d7,2026-09-26T23:00:00Z,West Virginia Mountaineers,Oklahoma State Cowboys,mybookieag,MyBookie.ag,2026-09-26T12:35:13Z,2026-09-26T12:35:13Z,Oklahoma State Cowboys,2.0,-110.0,2026,2026-09-26T12:35:36Z,1070,10.071739601725092,8.70190650399083,3.8698330977342614,b4347a6d6451334b228bf748d98cbd30b34b222852b6631cc98ff41b5e407018,timestamped_live_quote,FBS vs FBS
2026-09-26T12:35:36Z,6c95114d806556a04a0d719e62c042d7,2026-09-26T23:00:00Z,West Virginia Mountaineers,Oklahoma State Cowboys,mybookieag,MyBookie.ag,2026-09-26T12:35:13Z,2026-09-26T12:35:13Z,West Virginia Mountaineers,-2.0,-110.0,2026,2026-09-26T12:35:36Z,1070,10.071739601725092,8.70190650399083,3.8698330977342614,b4347a6d6451334b228bf748d98cbd30b34b222852b6631cc98ff41b5e407018,timestamped_live_quote,FBS vs FBS
2026-09-26T12:35:36Z,6c95114d806556a04a0d719e62c042d7,2026-09-26T23:00:00Z,West Virginia Mountaineers,Oklahoma State Cowboys,fanduel,FanDuel,2026-09-26T12:35:11Z,2026-09-26T12:35:11Z,Oklahoma State Cowboys,1.5,-105.0,2026,2026-09-26T12:35:36Z,1070,10.071739601725092,8.70190650399083,3.8698330977342614,b4347a6d6451334b228bf748d98cbd30b34b222852b6631cc98ff41b5e407018,timestamped_live_quote,FBS vs FBS
2026-09-26T12:35:36Z,6c95114d806556a04a0d719e62c042d7,2026-09-26T23:00:00Z,West Virginia Mountaineers,Oklahoma State Cowboys,fanduel,FanDuel,2026-09-26T12:35:11Z,2026-09-26T12:35:11Z,West Virginia Mountaineers,-1.5,-115.0,2026,2026-09-26T12:35:36Z,1070,10.071739601725092,8.70190650399083,3.8698330977342614,b4347a6d6451334b228bf748d98cbd30b34b222852b6631cc98ff41b5e407018,timestamped_live_quote,FBS vs FBS
2026-09-26T12:35:36Z,6c95114d806556a04a0d719e62c042d7,2026-09-26T23:00:00Z,West Virginia Mountaineers,Oklahoma State Cowboys,betrivers,BetRivers,2026-09-26T12:34:37Z,2026-09-26T12:34:37Z,Oklahoma State Cowboys,2.0,-113.0,2026,2026-09-26T12:35:36Z,1070,10.071739601725092,8.70190650399083,3.8698330977342614,b4347a6d6451334b228bf748d98cbd30b34b222852b6631cc98ff41b5e407018,timestamped_live_quote,FBS vs FBS
2026-09-26T12:35:36Z,6c95114d806556a04a0d719e62c042d7,2026-09-26T23:00:00Z,West Virginia Mountaineers,Oklahoma State Cowboys,betrivers,BetRivers,2026-09-26T12:34:37Z,2026-09-26T12:34:37Z,West Virginia Mountaineers,-2.0,-110.0,2026,2026-09-26T12:35:36Z,1070,10.071739601725092,8.70190650399083,3.8698330977342614,b4347a6d6451334b228bf748d98cbd30b34b222852b6631cc98ff41b5e407018,timestamped_live_quote,FBS vs FBS
2026-09-26T12:35:36Z,6c95114d806556a04a0d719e62c042d7,2026-09-26T23:00:00Z,West Virginia Mountaineers,Oklahoma State Cowboys,lowvig,LowVig.ag,2026-09-26T12:34:53Z,2026-09-26T12:34:53Z,Oklahoma State Cowboys,2.0,-106.0,2026,2026-09-26T12:35:36Z,1070,10.071739601725092,8.70190650399083,3.8698330977342614,b4347a6d6451334b228bf748d98cbd30b34b222852b6631cc98ff41b5e407018,timestamped_live_quote,FBS vs FBS
2026-09-26T12:35:36Z,6c95114d806556a04a0d719e62c042d7,2026-09-26T23:00:00Z,West Virginia Mountaineers,Oklahoma State Cowboys,lowvig,LowVig.ag,2026-09-26T12:34:53Z,2026-09-26T12:34:53Z,West Virginia Mountaineers,-2.0,-106.0,2026,2026-09-26T12:35:36Z,1070,10.071739601725092,8.70190650399083,3.8698330977342614,b4347a6d6451334b228bf748d98cbd30b34b222852b6631cc98ff41b5e407018,timestamped_live_quote,FBS vs FBS
2026-09-26T12:35:36Z,6c95114d806556a04a0d719e62c042d7,2026-09-26T23:00:00Z,West Virginia Mountaineers,Oklahoma State Cowboys,betonlineag,BetOnline.ag,2026-09-26T12:35:29Z,2026-09-26T12:35:29Z,Oklahoma State Cowboys,2.0,-110.0,2026,2026-09-26T12:35:36Z,1070,10.071739601725092,8.70190650399083,3.8698330977342614,b4347a6d6451334b228bf748d98cbd30b34b222852b6631cc98ff41b5e407018,timestamped_live_quote,FBS vs FBS
2026-09-26T12:35:36Z,6c95114d806556a04a0d719e62c042d7,2026-09-26T23:00:00Z,West Virginia Mountaineers,Oklahoma State Cowboys,betonlineag,BetOnline.ag,2026-09-26T12:35:29Z,2026-09-26T12:35:29Z,West Virginia Mountaineers,-2.0,-110.0,2026,2026-09-26T12:35:36Z,1070,10.071739601725092,8.70190650399083,3.8698330977342614,b4347a6d6451334b228bf748d98cbd30b34b222852b6631cc98ff41b5e407018,timestamped_live_quote,FBS vs FBS
2026-09-26T12:35:36Z,6c95114d806556a04a0d719e62c042d7,2026-09-26T23:00:00Z,West Virginia Mountaineers,Oklahoma State Cowboys,betus,BetUS,2026-09-26T12:35:11Z,2026-09-26T12:35:11Z,Oklahoma State Cowboys,2.0,-110.0,2026,2026-09-26T12:35:36Z,1070,10.071739601725092,8.70190650399083,3.8698330977342614,b4347a6d6451334b228bf748d98cbd30b34b222852b6631cc98ff41b5e407018,timestamped_live_quote,FBS vs FBS
2026-09-26T12:35:36Z,6c95114d806556a04a0d719e62c042d7,2026-09-26T23:00:00Z,West Virginia Mountaineers,Oklahoma State Cowboys,betus,BetUS,2026-09-26T12:35:11Z,2026-09-26T12:35:11Z,West Virginia Mountaineers,-2.0,-110.0,2026,2026-09-26T12:35:36Z,1070,10.071739601725092,8.70190650399083,3.8698330977342614,b4347a6d6451334b228bf748d98cbd30b34b222852b6631cc98ff41b5e407018,timestamped_live_quote,FBS vs FBS
2026-09-26T12:35:36Z,6c95114d806556a04a0d719e62c042d7,2026-09-26T23:00:00Z,West Virginia Mountaineers,Oklahoma State Cowboys,betmgm,BetMGM,2026-09-26T12:34:23Z,2026-09-26T12:34:23Z,Oklahoma State Cowboys,2.0,-108.0,2026,2026-09-26T12:35:36Z,1070,10.071739601725092,8.70190650399083,3.8698330977342614,b4347a6d6451334b228bf748d98cbd30b34b222852b6631cc98ff41b5e407018,timestamped_live_quote,FBS vs FBS
2026-09-26T12:35:36Z,6c95114d806556a04a0d719e62c042d7,2026-09-26T23:00:00Z,West Virginia Mountaineers,Oklahoma State Cowboys,betmgm,BetMGM,2026-09-26T12:34:23Z,2026-09-26T12:34:23Z,West Virginia Mountaineers,-2.0,-110.0,2026,2026-09-26T12:35:36Z,1070,10.071739601725092,8.70190650399083,3.8698330977342614,b4347a6d6451334b228bf748d98cbd30b34b222852b6631cc98ff41b5e407018,timestamped_live_quote,FBS vs FBS
2026-09-26T12:35:36Z,6c95114d806556a04a0d719e62c042d7,2026-09-26T23:00:00Z,West Virginia Mountaineers,Oklahoma State Cowboys,bovada,Bovada,2026-09-26T12:34:07Z,2026-09-26T12:34:07Z,Oklahoma State Cowboys,2.0,-110.0,2026,2026-09-26T12:35:36Z,1070,10.071739601725092,8.70190650399083,3.8698330977342614,b4347a6d6451334b228bf748d98cbd30b34b222852b6631cc98ff41b5e407018,timestamped_live_quote,FBS vs FBS
2026-09-26T12:35:36Z,6c95114d806556a04a0d719e62c042d7,2026-09-26T23:00:00Z,West Virginia Mountaineers,Oklahoma State Cowboys,bovada,Bovada,2026-09-26T12:34:07Z,2026-09-26T12:34:07Z,West Virginia Mountaineers,-2.0,-110.0,2026,2026-09-26T12:35:36Z,1070,10.071739601725092,8.70190650399083,3.8698330977342614,b4347a6d6451334b228bf748d98cbd30b34b222852b6631cc98ff41b5e407018,timestamped_live_quote,FBS vs FBS
2026-09-26T12:35:36Z,3281b4e05dfe8a0a41afe9868a9094fa,2026-09-26T23:00:00Z,Tulane Green Wave,Southern Mississippi Golden Eagles,fanduel,FanDuel,2026-09-26T12:35:11Z,2026-09-26T12:35:11Z,Southern Mississippi Golden Eagles,18.5,-108.0,2026,2026-09-26T12:35:36Z,1070,,,,b4347a6d6451334b228bf748d98cbd30b34b222852b6631cc98ff41b5e407018,division_safety_suppressed,Unverified division / FCS: model suppressed
2026-09-26T12:35:36Z,3281b4e05dfe8a0a41afe9868a9094fa,2026-09-26T23:00:00Z,Tulane Green Wave,Southern Mississippi Golden Eagles,fanduel,FanDuel,2026-09-26T12:35:11Z,2026-09-26T12:35:11Z,Tulane Green Wave,-18.5,-112.0,2026,2026-09-26T12:35:36Z,1070,,,,b4347a6d6451334b228bf748d98cbd30b34b222852b6631cc98ff41b5e407018,division_safety_suppressed,Unverified division / FCS: model suppressed
2026-09-26T12:35:36Z,3281b4e05dfe8a0a41afe9868a9094fa,2026-09-26T23:00:00Z,Tulane Green Wave,Southern Mississippi Golden Eagles,mybookieag,MyBookie.ag,2026-09-26T12:35:13Z,2026-09-26T12:35:13Z,Southern Mississippi Golden Eagles,18.0,-110.0,2026,2026-09-26T12:35:36Z,1070,,,,b4347a6d6451334b228bf748d98cbd30b34b222852b6631cc98ff41b5e407018,division_safety_suppressed,Unverified division / FCS: model suppressed
2026-09-26T12:35:36Z,3281b4e05dfe8a0a41afe9868a9094fa,2026-09-26T23:00:00Z,Tulane Green Wave,Southern Mississippi Golden Eagles,mybookieag,MyBookie.ag,2026-09-26T12:35:13Z,2026-09-26T12:35:13Z,Tulane Green Wave,-18.0,-110.0,2026,2026-09-26T12:35:36Z,1070,,,,b4347a6d6451334b228bf748d98cbd30b34b222852b6631cc98ff41b5e407018,division_safety_suppressed,Unverified division / FCS: model suppressed
2026-09-26T12:35:36Z,3281b4e05dfe8a0a41afe9868a9094fa,2026-09-26T23:00:00Z,Tulane Green Wave,Southern Mississippi Golden Eagles,betrivers,BetRivers,2026-09-26T12:34:37Z,2026-09-26T12:34:37Z,Southern Mississippi Golden Eagles,18.0,-112.0,2026,2026-09-26T12:35:36Z,1070,,,,b4347a6d6451334b228bf748d98cbd30b34b222852b6631cc98ff41b5e407018,division_safety_suppressed,Unverified division / FCS: model suppressed
2026-09-26T12:35:36Z,3281b4e05dfe8a0a41afe9868a9094fa,2026-09-26T23:00:00Z,Tulane Green Wave,Southern Mississippi Golden Eagles,betrivers,BetRivers,2026-09-26T12:34:37Z,2026-09-26T12:34:37Z,Tulane Green Wave,-18.0,-110.0,2026,2026-09-26T12:35:36Z,1070,,,,b4347a6d6451334b228bf748d98cbd30b34b222852b6631cc98ff41b5e407018,division_safety_suppressed,Unverified division / FCS: model suppressed
2026-09-26T12:35:36Z,3281b4e05dfe8a0a41afe9868a9094fa,2026-09-26T23:00:00Z,Tulane Green Wave,Southern Mississippi Golden Eagles,draftkings,DraftKings,2026-09-26T12:34:55Z,2026-09-26T12:34:54Z,Southern Mississippi Golden Eagles,17.5,-105.0,2026,2026-09-26T12:35:36Z,1070,,,,b4347a6d6451334b228bf748d98cbd30b34b222852b6631cc98ff41b5e407018,division_safety_suppressed,Unverified division / FCS: model suppressed
2026-09-26T12:35:36Z,3281b4e05dfe8a0a41afe9868a9094fa,2026-09-26T23:00:00Z,Tulane Green Wave,Southern Mississippi Golden Eagles,draftkings,DraftKings,2026-09-26T12:34:55Z,2026-09-26T12:34:54Z,Tulane Green Wave,-17.5,-115.0,2026,2026-09-26T12:35:36Z,1070,,,,b4347a6d6451334b228bf748d98cbd30b34b222852b6631cc98ff41b5e407018,division_safety_suppressed,Unverified division / FCS: model suppressed
2026-09-26T12:35:36Z,3281b4e05dfe8a0a41afe9868a9094fa,2026-09-26T23:00:00Z,Tulane Green Wave,Southern Mississippi Golden Eagles,lowvig,LowVig.ag,2026-09-26T12:34:53Z,2026-09-26T12:34:53Z,Southern Mississippi Golden Eagles,18.0,-106.0,2026,2026-09-26T12:35:36Z,1070,,,,b4347a6d6451334b228bf748d98cbd30b34b222852b6631cc98ff41b5e407018,division_safety_suppressed,Unverified division / FCS: model suppressed
2026-09-26T12:35:36Z,3281b4e05dfe8a0a41afe9868a9094fa,2026-09-26T23:00:00Z,Tulane Green Wave,Southern Mississippi Golden Eagles,lowvig,LowVig.ag,2026-09-26T12:34:53Z,2026-09-26T12:34:53Z,Tulane Green Wave,-18.0,-106.0,2026,2026-09-26T12:35:36Z,1070,,,,b4347a6d6451334b228bf748d98cbd30b34b222852b6631cc98ff41b5e407018,division_safety_suppressed,Unverified division / FCS: model suppressed
2026-09-26T12:35:36Z,3281b4e05dfe8a0a41afe9868a9094fa,2026-09-26T23:00:00Z,Tulane Green Wave,Southern Mississippi Golden Eagles,betonlineag,BetOnline.ag,2026-09-26T12:35:29Z,2026-09-26T12:35:29Z,Southern Mississippi Golden Eagles,18.0,-110.0,2026,2026-09-26T12:35:36Z,1070,,,,b4347a6d6451334b228bf748d98cbd30b34b222852b6631cc98ff41b5e407018,division_safety_suppressed,Unverified division / FCS: model suppressed
2026-09-26T12:35:36Z,3281b4e05dfe8a0a41afe9868a9094fa,2026-09-26T23:00:00Z,Tulane Green Wave,Southern Mississippi Golden Eagles,betonlineag,BetOnline.ag,2026-09-26T12:35:29Z,2026-09-26T12:35:29Z,Tulane Green Wave,-18.0,-110.0,2026,2026-09-26T12:35:36Z,1070,,,,b4347a6d6451334b228bf748d98cbd30b34b222852b6631cc98ff41b5e407018,division_safety_suppressed,Unverified division / FCS: model suppressed
2026-09-26T12:35:36Z,3281b4e05dfe8a0a41afe9868a9094fa,2026-09-26T23:00:00Z,Tulane Green Wave,Southern Mississippi Golden Eagles,betus,BetUS,2026-09-26T12:35:11Z,2026-09-26T12:35:11Z,Southern Mississippi Golden Eagles,18.0,-110.0,2026,2026-09-26T12:35:36Z,1070,,,,b4347a6d6451334b228bf748d98cbd30b34b222852b6631cc98ff41b5e407018,division_safety_suppressed,Unverified division / FCS: model suppressed
2026-09-26T12:35:36Z,3281b4e05dfe8a0a41afe9868a9094fa,2026-09-26T23:00:00Z,Tulane Green Wave,Southern Mississippi Golden Eagles,betus,BetUS,2026-09-26T12:35:11Z,2026-09-26T12:35:11Z,Tulane Green Wave,-18.0,-110.0,2026,2026-09-26T12:35:36Z,1070,,,,b4347a6d6451334b228bf748d98cbd30b34b222852b6631cc98ff41b5e407018,division_safety_suppressed,Unverified division / FCS: model suppressed
2026-09-26T12:35:36Z,3281b4e05dfe8a0a41afe9868a9094fa,2026-09-26T23:00:00Z,Tulane Green Wave,Southern Mississippi Golden Eagles,betmgm,BetMGM,2026-09-26T12:34:23Z,2026-09-26T12:34:22Z,Southern Mississippi Golden Eagles,18.0,-108.0,2026,2026-09-26T12:35:36Z,1070,,,,b4347a6d6451334b228bf748d98cbd30b34b222852b6631cc98ff41b5e407018,division_safety_suppressed,Unverified division / FCS: model suppressed
2026-09-26T12:35:36Z,3281b4e05dfe8a0a41afe9868a9094fa,2026-09-26T23:00:00Z,Tulane Green Wave,Southern Mississippi Golden Eagles,betmgm,BetMGM,2026-09-26T12:34:23Z,2026-09-26T12:34:22Z,Tulane Green Wave,-18.0,-110.0,2026,2026-09-26T12:35:36Z,1070,,,,b4347a6d6451334b228bf748d98cbd30b34b222852b6631cc98ff41b5e407018,division_safety_suppressed,Unverified division / FCS: model suppressed
2026-09-26T12:35:36Z,3281b4e05dfe8a0a41afe9868a9094fa,2026-09-26T23:00:00Z,Tulane Green Wave,Southern Mississippi Golden Eagles,bovada,Bovada,2026-09-26T12:34:07Z,2026-09-26T12:34:07Z,Southern Mississippi Golden Eagles,17.5,-110.0,2026,2026-09-26T12:35:36Z,1070,,,,b4347a6d6451334b228bf748d98cbd30b34b222852b6631cc98ff41b5e407018,division_safety_suppressed,Unverified division / FCS: model suppressed
2026-09-26T12:35:36Z,3281b4e05dfe8a0a41afe9868a9094fa,2026-09-26T23:00:00Z,Tulane Green Wave,Southern Mississippi Golden Eagles,bovada,Bovada,2026-09-26T12:34:07Z,2026-09-26T12:34:07Z,Tulane Green Wave,-17.5,-110.0,2026,2026-09-26T12:35:36Z,1070,,,,b4347a6d6451334b228bf748d98cbd30b34b222852b6631cc98ff41b5e407018,division_safety_suppressed,Unverified division / FCS: model suppressed
2026-09-26T12:35:36Z,d4cee1a13bc1d87828ec7809d56b9496,2026-09-26T23:30:00Z,NC State Wolfpack,Appalachian State Mountaineers,fanduel,FanDuel,2026-09-26T12:35:11Z,2026-09-26T12:35:11Z,Appalachian State Mountaineers,13.5,100.0,2026,2026-09-26T12:35:36Z,1070,8.078088627210121,5.976251334467698,4.601837292742423,b4347a6d6451334b228bf748d98cbd30b34b222852b6631cc98ff41b5e407018,timestamped_live_quote,FBS vs FBS
2026-09-26T12:35:36Z,d4cee1a13bc1d87828ec7809d56b9496,2026-09-26T23:30:00Z,NC State Wolfpack,Appalachian State Mountaineers,fanduel,FanDuel,2026-09-26T12:35:11Z,2026-09-26T12:35:11Z,NC State Wolfpack,-13.5,-122.0,2026,2026-09-26T12:35:36Z,1070,8.078088627210121,5.976251334467698,4.601837292742423,b4347a6d6451334b228bf748d98cbd30b34b222852b6631cc98ff41b5e407018,timestamped_live_quote,FBS vs FBS
2026-09-26T12:35:36Z,d4cee1a13bc1d87828ec7809d56b9496,2026-09-26T23:30:00Z,NC State Wolfpack,Appalachian State Mountaineers,mybookieag,MyBookie.ag,2026-09-26T12:35:13Z,2026-09-26T12:35:13Z,Appalachian State Mountaineers,14.0,-110.0,2026,2026-09-26T12:35:36Z,1070,8.078088627210121,5.976251334467698,4.601837292742423,b4347a6d6451334b228bf748d98cbd30b34b222852b6631cc98ff41b5e407018,timestamped_live_quote,FBS vs FBS
2026-09-26T12:35:36Z,d4cee1a13bc1d87828ec7809d56b9496,2026-09-26T23:30:00Z,NC State Wolfpack,Appalachian State Mountaineers,mybookieag,MyBookie.ag,2026-09-26T12:35:13Z,2026-09-26T12:35:13Z,NC State Wolfpack,-14.0,-110.0,2026,2026-09-26T12:35:36Z,1070,8.078088627210121,5.976251334467698,4.601837292742423,b4347a6d6451334b228bf748d98cbd30b34b222852b6631cc98ff41b5e407018,timestamped_live_quote,FBS vs FBS
2026-09-26T12:35:36Z,d4cee1a13bc1d87828ec7809d56b9496,2026-09-26T23:30:00Z,NC State Wolfpack,Appalachian State Mountaineers,betrivers,BetRivers,2026-09-26T12:34:37Z,2026-09-26T12:34:37Z,Appalachian State Mountaineers,14.0,-109.0,2026,2026-09-26T12:35:36Z,1070,8.078088627210121,5.976251334467698,4.601837292742423,b4347a6d6451334b228bf748d98cbd30b34b222852b6631cc98ff41b5e407018,timestamped_live_quote,FBS vs FBS
2026-09-26T12:35:36Z,d4cee1a13bc1d87828ec7809d56b9496,2026-09-26T23:30:00Z,NC State Wolfpack,Appalachian State Mountaineers,betrivers,BetRivers,2026-09-26T12:34:37Z,2026-09-26T12:34:37Z,NC State Wolfpack,-14.0,-113.0,2026,2026-09-26T12:35:36Z,1070,8.078088627210121,5.976251334467698,4.601837292742423,b4347a6d6451334b228bf748d98cbd30b34b222852b6631cc98ff41b5e407018,timestamped_live_quote,FBS vs FBS
2026-09-26T12:35:36Z,d4cee1a13bc1d87828ec7809d56b9496,2026-09-26T23:30:00Z,NC State Wolfpack,Appalachian State Mountaineers,draftkings,DraftKings,2026-09-26T12:34:55Z,2026-09-26T12:34:54Z,Appalachian State Mountaineers,14.0,-110.0,2026,2026-09-26T12:35:36Z,1070,8.078088627210121,5.976251334467698,4.601837292742423,b4347a6d6451334b228bf748d98cbd30b34b222852b6631cc98ff41b5e407018,timestamped_live_quote,FBS vs FBS
2026-09-26T12:35:36Z,d4cee1a13bc1d87828ec7809d56b9496,2026-09-26T23:30:00Z,NC State Wolfpack,Appalachian State Mountaineers,draftkings,DraftKings,2026-09-26T12:34:55Z,2026-09-26T12:34:54Z,NC State Wolfpack,-14.0,-110.0,2026,2026-09-26T12:35:36Z,1070,8.078088627210121,5.976251334467698,4.601837292742423,b4347a6d6451334b228bf748d98cbd30b34b222852b6631cc98ff41b5e407018,timestamped_live_quote,FBS vs FBS
2026-09-26T12:35:36Z,d4cee1a13bc1d87828ec7809d56b9496,2026-09-26T23:30:00Z,NC State Wolfpack,Appalachian State Mountaineers,betonlineag,BetOnline.ag,2026-09-26T12:35:29Z,2026-09-26T12:35:29Z,Appalachian State Mountaineers,14.0,-110.0,2026,2026-09-26T12:35:36Z,1070,8.078088627210121,5.976251334467698,4.601837292742423,b4347a6d6451334b228bf748d98cbd30b34b222852b6631cc98ff41b5e407018,timestamped_live_quote,FBS vs FBS
2026-09-26T12:35:36Z,d4cee1a13bc1d87828ec7809d56b9496,2026-09-26T23:30:00Z,NC State Wolfpack,Appalachian State Mountaineers,betonlineag,BetOnline.ag,2026-09-26T12:35:29Z,2026-09-26T12:35:29Z,NC State Wolfpack,-14.0,-110.0,2026,2026-09-26T12:35:36Z,1070,8.078088627210121,5.976251334467698,4.601837292742423,b4347a6d6451334b228bf748d98cbd30b34b222852b6631cc98ff41b5e407018,timestamped_live_quote,FBS vs FBS
2026-09-26T12:35:36Z,d4cee1a13bc1d87828ec7809d56b9496,2026-09-26T23:30:00Z,NC State Wolfpack,Appalachian State Mountaineers,lowvig,LowVig.ag,2026-09-26T12:34:53Z,2026-09-26T12:34:53Z,Appalachian State Mountaineers,14.0,-107.0,2026,2026-09-26T12:35:36Z,1070,8.078088627210121,5.976251334467698,4.601837292742423,b4347a6d6451334b228bf748d98cbd30b34b222852b6631cc98ff41b5e407018,timestamped_live_quote,FBS vs FBS
2026-09-26T12:35:36Z,d4cee1a13bc1d87828ec7809d56b9496,2026-09-26T23:30:00Z,NC State Wolfpack,Appalachian State Mountaineers,lowvig,LowVig.ag,2026-09-26T12:34:53Z,2026-09-26T12:34:53Z,NC State Wolfpack,-14.0,-105.0,2026,2026-09-26T12:35:36Z,1070,8.078088627210121,5.976251334467698,4.601837292742423,b4347a6d6451334b228bf748d98cbd30b34b222852b6631cc98ff41b5e407018,timestamped_live_quote,FBS vs FBS
2026-09-26T12:35:36Z,d4cee1a13bc1d87828ec7809d56b9496,2026-09-26T23:30:00Z,NC State Wolfpack,Appalachian State Mountaineers,betmgm,BetMGM,2026-09-26T12:34:23Z,2026-09-26T12:34:23Z,Appalachian State Mountaineers,14.0,-110.0,2026,2026-09-26T12:35:36Z,1070,8.078088627210121,5.976251334467698,4.601837292742423,b4347a6d6451334b228bf748d98cbd30b34b222852b6631cc98ff41b5e407018,timestamped_live_quote,FBS vs FBS
2026-09-26T12:35:36Z,d4cee1a13bc1d87828ec7809d56b9496,2026-09-26T23:30:00Z,NC State Wolfpack,Appalachian State Mountaineers,betmgm,BetMGM,2026-09-26T12:34:23Z,2026-09-26T12:34:23Z,NC State Wolfpack,-14.0,-108.0,2026,2026-09-26T12:35:36Z,1070,8.078088627210121,5.976251334467698,4.601837292742423,b4347a6d6451334b228bf748d98cbd30b34b222852b6631cc98ff41b5e407018,timestamped_live_quote,FBS vs FBS
2026-09-26T12:35:36Z,d4cee1a13bc1d87828ec7809d56b9496,2026-09-26T23:30:00Z,NC State Wolfpack,Appalachian State Mountaineers,betus,BetUS,2026-09-26T12:35:11Z,2026-09-26T12:35:11Z,Appalachian State Mountaineers,14.0,-115.0,2026,2026-09-26T12:35:36Z,1070,8.078088627210121,5.976251334467698,4.601837292742423,b4347a6d6451334b228bf748d98cbd30b34b222852b6631cc98ff41b5e407018,timestamped_live_quote,FBS vs FBS
2026-09-26T12:35:36Z,d4cee1a13bc1d87828ec7809d56b9496,2026-09-26T23:30:00Z,NC State Wolfpack,Appalachian State Mountaineers,betus,BetUS,2026-09-26T12:35:11Z,2026-09-26T12:35:11Z,NC State Wolfpack,-14.0,-105.0,2026,2026-09-26T12:35:36Z,1070,8.078088627210121,5.976251334467698,4.601837292742423,b4347a6d6451334b228bf748d98cbd30b34b222852b6631cc98ff41b5e407018,timestamped_live_quote,FBS vs FBS
2026-09-26T12:35:36Z,d4cee1a13bc1d87828ec7809d56b9496,2026-09-26T23:30:00Z,NC State Wolfpack,Appalachian State Mountaineers,bovada,Bovada,2026-09-26T12:34:07Z,2026-09-26T12:34:07Z,Appalachian State Mountaineers,14.0,-110.0,2026,2026-09-26T12:35:36Z,1070,8.078088627210121,5.976251334467698,4.601837292742423,b4347a6d6451334b228bf748d98cbd30b34b222852b6631cc98ff41b5e407018,timestamped_live_quote,FBS vs FBS
2026-09-26T12:35:36Z,d4cee1a13bc1d87828ec7809d56b9496,2026-09-26T23:30:00Z,NC State Wolfpack,Appalachian State Mountaineers,bovada,Bovada,2026-09-26T12:34:07Z,2026-09-26T12:34:07Z,NC State Wolfpack,-14.0,-110.0,2026,2026-09-26T12:35:36Z,1070,8.078088627210121,5.976251334467698,4.601837292742423,b4347a6d6451334b228bf748d98cbd30b34b222852b6631cc98ff41b5e407018,timestamped_live_quote,FBS vs FBS
2026-09-26T12:35:36Z,b8ee197b0b6ebb070f0f4b4a94a31bae,2026-09-26T23:30:00Z,Washington State Cougars,Arizona Wildcats,fanduel,FanDuel,2026-09-26T12:35:11Z,2026-09-26T12:35:11Z,Arizona Wildcats,-10.5,-110.0,2026,2026-09-26T12:35:36Z,1070,0.5044212476433665,6.554299331549902,-3.5498780839065347,b4347a6d6451334b228bf748d98cbd30b34b222852b6631cc98ff41b5e407018,timestamped_live_quote,FBS vs FBS
2026-09-26T12:35:36Z,b8ee197b0b6ebb070f0f4b4a94a31bae,2026-09-26T23:30:00Z,Washington State Cougars,Arizona Wildcats,fanduel,FanDuel,2026-09-26T12:35:11Z,2026-09-26T12:35:11Z,Washington State Cougars,10.5,-110.0,2026,2026-09-26T12:35:36Z,1070,0.5044212476433665,6.554299331549902,-3.5498780839065347,b4347a6d6451334b228bf748d98cbd30b34b222852b6631cc98ff41b5e407018,timestamped_live_quote,FBS vs FBS
2026-09-26T12:35:36Z,b8ee197b0b6ebb070f0f4b4a94a31bae,2026-09-26T23:30:00Z,Washington State Cougars,Arizona Wildcats,mybookieag,MyBookie.ag,2026-09-26T12:35:13Z,2026-09-26T12:35:13Z,Arizona Wildcats,-10.5,-110.0,2026,2026-09-26T12:35:36Z,1070,0.5044212476433665,6.554299331549902,-3.5498780839065347,b4347a6d6451334b228bf748d98cbd30b34b222852b6631cc98ff41b5e407018,timestamped_live_quote,FBS vs FBS
2026-09-26T12:35:36Z,b8ee197b0b6ebb070f0f4b4a94a31bae,2026-09-26T23:30:00Z,Washington State Cougars,Arizona Wildcats,mybookieag,MyBookie.ag,2026-09-26T12:35:13Z,2026-09-26T12:35:13Z,Washington State Cougars,10.5,-110.0,2026,2026-09-26T12:35:36Z,1070,0.5044212476433665,6.554299331549902,-3.5498780839065347,b4347a6d6451334b228bf748d98cbd30b34b222852b6631cc98ff41b5e407018,timestamped_live_quote,FBS vs FBS
2026-09-26T12:35:36Z,b8ee197b0b6ebb070f0f4b4a94a31bae,2026-09-26T23:30:00Z,Washington State Cougars,Arizona Wildcats,betrivers,BetRivers,2026-09-26T12:34:37Z,2026-09-26T12:34:37Z,Arizona Wildcats,-10.5,-110.0,2026,2026-09-26T12:35:36Z,1070,0.5044212476433665,6.554299331549902,-3.5498780839065347,b4347a6d6451334b228bf748d98cbd30b34b222852b6631cc98ff41b5e407018,timestamped_live_quote,FBS vs FBS
2026-09-26T12:35:36Z,b8ee197b0b6ebb070f0f4b4a94a31bae,2026-09-26T23:30:00Z,Washington State Cougars,Arizona Wildcats,betrivers,BetRivers,2026-09-26T12:34:37Z,2026-09-26T12:34:37Z,Washington State Cougars,10.5,-113.0,2026,2026-09-26T12:35:36Z,1070,0.5044212476433665,6.554299331549902,-3.5498780839065347,b4347a6d6451334b228bf748d98cbd30b34b222852b6631cc98ff41b5e407018,timestamped_live_quote,FBS vs FBS
2026-09-26T12:35:36Z,b8ee197b0b6ebb070f0f4b4a94a31bae,2026-09-26T23:30:00Z,Washington State Cougars,Arizona Wildcats,draftkings,DraftKings,2026-09-26T12:34:55Z,2026-09-26T12:34:54Z,Arizona Wildcats,-10.5,-110.0,2026,2026-09-26T12:35:36Z,1070,0.5044212476433665,6.554299331549902,-3.5498780839065347,b4347a6d6451334b228bf748d98cbd30b34b222852b6631cc98ff41b5e407018,timestamped_live_quote,FBS vs FBS
2026-09-26T12:35:36Z,b8ee197b0b6ebb070f0f4b4a94a31bae,2026-09-26T23:30:00Z,Washington State Cougars,Arizona Wildcats,draftkings,DraftKings,2026-09-26T12:34:55Z,2026-09-26T12:34:54Z,Washington State Cougars,10.5,-110.0,2026,2026-09-26T12:35:36Z,1070,0.5044212476433665,6.554299331549902,-3.5498780839065347,b4347a6d6451334b228bf748d98cbd30b34b222852b6631cc98ff41b5e407018,timestamped_live_quote,FBS vs FBS
2026-09-26T12:35:36Z,b8ee197b0b6ebb070f0f4b4a94a31bae,2026-09-26T23:30:00Z,Washington State Cougars,Arizona Wildcats,lowvig,LowVig.ag,2026-09-26T12:34:53Z,2026-09-26T12:34:53Z,Arizona Wildcats,-10.5,-106.0,2026,2026-09-26T12:35:36Z,1070,0.5044212476433665,6.554299331549902,-3.5498780839065347,b4347a6d6451334b228bf748d98cbd30b34b222852b6631cc98ff41b5e407018,timestamped_live_quote,FBS vs FBS
2026-09-26T12:35:36Z,b8ee197b0b6ebb070f0f4b4a94a31bae,2026-09-26T23:30:00Z,Washington State Cougars,Arizona Wildcats,lowvig,LowVig.ag,2026-09-26T12:34:53Z,2026-09-26T12:34:53Z,Washington State Cougars,10.5,-106.0,2026,2026-09-26T12:35:36Z,1070,0.5044212476433665,6.554299331549902,-3.5498780839065347,b4347a6d6451334b228bf748d98cbd30b34b222852b6631cc98ff41b5e407018,timestamped_live_quote,FBS vs FBS
2026-09-26T12:35:36Z,b8ee197b0b6ebb070f0f4b4a94a31bae,2026-09-26T23:30:00Z,Washington State Cougars,Arizona Wildcats,betonlineag,BetOnline.ag,2026-09-26T12:35:29Z,2026-09-26T12:35:29Z,Arizona Wildcats,-10.5,-110.0,2026,2026-09-26T12:35:36Z,1070,0.5044212476433665,6.554299331549902,-3.5498780839065347,b4347a6d6451334b228bf748d98cbd30b34b222852b6631cc98ff41b5e407018,timestamped_live_quote,FBS vs FBS
2026-09-26T12:35:36Z,b8ee197b0b6ebb070f0f4b4a94a31bae,2026-09-26T23:30:00Z,Washington State Cougars,Arizona Wildcats,betonlineag,BetOnline.ag,2026-09-26T12:35:29Z,2026-09-26T12:35:29Z,Washington State Cougars,10.5,-110.0,2026,2026-09-26T12:35:36Z,1070,0.5044212476433665,6.554299331549902,-3.5498780839065347,b4347a6d6451334b228bf748d98cbd30b34b222852b6631cc98ff41b5e407018,timestamped_live_quote,FBS vs FBS
2026-09-26T12:35:36Z,b8ee197b0b6ebb070f0f4b4a94a31bae,2026-09-26T23:30:00Z,Washington State Cougars,Arizona Wildcats,betmgm,BetMGM,2026-09-26T12:34:23Z,2026-09-26T12:34:23Z,Arizona Wildcats,-10.5,-108.0,2026,2026-09-26T12:35:36Z,1070,0.5044212476433665,6.554299331549902,-3.5498780839065347,b4347a6d6451334b228bf748d98cbd30b34b222852b6631cc98ff41b5e407018,timestamped_live_quote,FBS vs FBS
2026-09-26T12:35:36Z,b8ee197b0b6ebb070f0f4b4a94a31bae,2026-09-26T23:30:00Z,Washington State Cougars,Arizona Wildcats,betmgm,BetMGM,2026-09-26T12:34:23Z,2026-09-26T12:34:23Z,Washington State Cougars,10.5,-110.0,2026,2026-09-26T12:35:36Z,1070,0.5044212476433665,6.554299331549902,-3.5498780839065347,b4347a6d6451334b228bf748d98cbd30b34b222852b6631cc98ff41b5e407018,timestamped_live_quote,FBS vs FBS
2026-09-26T12:35:36Z,b8ee197b0b6ebb070f0f4b4a94a31bae,2026-09-26T23:30:00Z,Washington State Cougars,Arizona Wildcats,betus,BetUS,2026-09-26T12:35:11Z,2026-09-26T12:35:11Z,Arizona Wildcats,-10.5,-110.0,2026,2026-09-26T12:35:36Z,1070,0.5044212476433665,6.554299331549902,-3.5498780839065347,b4347a6d6451334b228bf748d98cbd30b34b222852b6631cc98ff41b5e407018,timestamped_live_quote,FBS vs FBS
2026-09-26T12:35:36Z,b8ee197b0b6ebb070f0f4b4a94a31bae,2026-09-26T23:30:00Z,Washington State Cougars,Arizona Wildcats,betus,BetUS,2026-09-26T12:35:11Z,2026-09-26T12:35:11Z,Washington State Cougars,10.5,-110.0,2026,2026-09-26T12:35:36Z,1070,0.5044212476433665,6.554299331549902,-3.5498780839065347,b4347a6d6451334b228bf748d98cbd30b34b222852b6631cc98ff41b5e407018,timestamped_live_quote,FBS vs FBS
2026-09-26T12:35:36Z,b8ee197b0b6ebb070f0f4b4a94a31bae,2026-09-26T23:30:00Z,Washington State Cougars,Arizona Wildcats,bovada,Bovada,2026-09-26T12:34:07Z,2026-09-26T12:34:07Z,Arizona Wildcats,-10.5,-110.0,2026,2026-09-26T12:35:36Z,1070,0.5044212476433665,6.554299331549902,-3.5498780839065347,b4347a6d6451334b228bf748d98cbd30b34b222852b6631cc98ff41b5e407018,timestamped_live_quote,FBS vs FBS
2026-09-26T12:35:36Z,b8ee197b0b6ebb070f0f4b4a94a31bae,2026-09-26T23:30:00Z,Washington State Cougars,Arizona Wildcats,bovada,Bovada,2026-09-26T12:34:07Z,2026-09-26T12:34:07Z,Washington State Cougars,10.5,-110.0,2026,2026-09-26T12:35:36Z,1070,0.5044212476433665,6.554299331549902,-3.5498780839065347,b4347a6d6451334b228bf748d98cbd30b34b222852b6631cc98ff41b5e407018,timestamped_live_quote,FBS vs FBS
2026-09-26T12:35:36Z,bbaf150e48844a489d679cb09de02aa9,2026-09-26T23:30:00Z,North Texas Mean Green,Houston Baptist Huskies,fanduel,FanDuel,2026-09-26T12:35:11Z,2026-09-26T12:35:11Z,Houston Baptist Huskies,38.5,-110.0,2026,2026-09-26T12:35:36Z,1070,-0.5680452975452397,12.221023554579338,-10.289068852124577,b4347a6d6451334b228bf748d98cbd30b34b222852b6631cc98ff41b5e407018,timestamped_live_quote,FBS vs FBS
2026-09-26T12:35:36Z,bbaf150e48844a489d679cb09de02aa9,2026-09-26T23:30:00Z,North Texas Mean Green,Houston Baptist Huskies,fanduel,FanDuel,2026-09-26T12:35:11Z,2026-09-26T12:35:11Z,North Texas Mean Green,-38.5,-110.0,2026,2026-09-26T12:35:36Z,1070,-0.5680452975452397,12.221023554579338,-10.289068852124577,b4347a6d6451334b228bf748d98cbd30b34b222852b6631cc98ff41b5e407018,timestamped_live_quote,FBS vs FBS
2026-09-26T12:35:36Z,bbaf150e48844a489d679cb09de02aa9,2026-09-26T23:30:00Z,North Texas Mean Green,Houston Baptist Huskies,draftkings,DraftKings,2026-09-26T12:34:55Z,2026-09-26T12:34:54Z,Houston Baptist Huskies,38.5,-115.0,2026,2026-09-26T12:35:36Z,1070,-0.5680452975452397,12.221023554579338,-10.289068852124577,b4347a6d6451334b228bf748d98cbd30b34b222852b6631cc98ff41b5e407018,timestamped_live_quote,FBS vs FBS
2026-09-26T12:35:36Z,bbaf150e48844a489d679cb09de02aa9,2026-09-26T23:30:00Z,North Texas Mean Green,Houston Baptist Huskies,draftkings,DraftKings,2026-09-26T12:34:55Z,2026-09-26T12:34:54Z,North Texas Mean Green,-38.5,-105.0,2026,2026-09-26T12:35:36Z,1070,-0.5680452975452397,12.221023554579338,-10.289068852124577,b4347a6d6451334b228bf748d98cbd30b34b222852b6631cc98ff41b5e407018,timestamped_live_quote,FBS vs FBS
2026-09-26T12:35:36Z,bbaf150e48844a489d679cb09de02aa9,2026-09-26T23:30:00Z,North Texas Mean Green,Houston Baptist Huskies,betrivers,BetRivers,2026-09-26T12:34:37Z,2026-09-26T12:34:37Z,Houston Baptist Huskies,40.0,-125.0,2026,2026-09-26T12:35:36Z,1070,-0.5680452975452397,12.221023554579338,-10.289068852124577,b4347a6d6451334b228bf748d98cbd30b34b222852b6631cc98ff41b5e407018,timestamped_live_quote,FBS vs FBS
2026-09-26T12:35:36Z,bbaf150e48844a489d679cb09de02aa9,2026-09-26T23:30:00Z,North Texas Mean Green,Houston Baptist Huskies,betrivers,BetRivers,2026-09-26T12:34:37Z,2026-09-26T12:34:37Z,North Texas Mean Green,-40.0,-115.0,2026,2026-09-26T12:35:36Z,1070,-0.5680452975452397,12.221023554579338,-10.289068852124577,b4347a6d6451334b228bf748d98cbd30b34b222852b6631cc98ff41b5e407018,timestamped_live_quote,FBS vs FBS
2026-09-26T12:35:36Z,bbaf150e48844a489d679cb09de02aa9,2026-09-26T23:30:00Z,North Texas Mean Green,Houston Baptist Huskies,lowvig,LowVig.ag,2026-09-26T12:34:53Z,2026-09-26T12:34:53Z,Houston Baptist Huskies,39.5,-110.0,2026,2026-09-26T12:35:36Z,1070,-0.5680452975452397,12.221023554579338,-10.289068852124577,b4347a6d6451334b228bf748d98cbd30b34b222852b6631cc98ff41b5e407018,timestamped_live_quote,FBS vs FBS
2026-09-26T12:35:36Z,bbaf150e48844a489d679cb09de02aa9,2026-09-26T23:30:00Z,North Texas Mean Green,Houston Baptist Huskies,lowvig,LowVig.ag,2026-09-26T12:34:53Z,2026-09-26T12:34:53Z,North Texas Mean Green,-39.5,-110.0,2026,2026-09-26T12:35:36Z,1070,-0.5680452975452397,12.221023554579338,-10.289068852124577,b4347a6d6451334b228bf748d98cbd30b34b222852b6631cc98ff41b5e407018,timestamped_live_quote,FBS vs FBS
2026-09-26T12:35:36Z,bbaf150e48844a489d679cb09de02aa9,2026-09-26T23:30:00Z,North Texas Mean Green,Houston Baptist Huskies,betonlineag,BetOnline.ag,2026-09-26T12:35:29Z,2026-09-26T12:35:29Z,Houston Baptist Huskies,39.5,-110.0,2026,2026-09-26T12:35:36Z,1070,-0.5680452975452397,12.221023554579338,-10.289068852124577,b4347a6d6451334b228bf748d98cbd30b34b222852b6631cc98ff41b5e407018,timestamped_live_quote,FBS vs FBS
2026-09-26T12:35:36Z,bbaf150e48844a489d679cb09de02aa9,2026-09-26T23:30:00Z,North Texas Mean Green,Houston Baptist Huskies,betonlineag,BetOnline.ag,2026-09-26T12:35:29Z,2026-09-26T12:35:29Z,North Texas Mean Green,-39.5,-110.0,2026,2026-09-26T12:35:36Z,1070,-0.5680452975452397,12.221023554579338,-10.289068852124577,b4347a6d6451334b228bf748d98cbd30b34b222852b6631cc98ff41b5e407018,timestamped_live_quote,FBS vs FBS
2026-09-26T12:35:36Z,bbaf150e48844a489d679cb09de02aa9,2026-09-26T23:30:00Z,North Texas Mean Green,Houston Baptist Huskies,bovada,Bovada,2026-09-26T12:34:07Z,2026-09-26T12:34:07Z,Houston Baptist Huskies,37.5,100.0,2026,2026-09-26T12:35:36Z,1070,-0.5680452975452397,12.221023554579338,-10.289068852124577,b4347a6d6451334b228bf748d98cbd30b34b222852b6631cc98ff41b5e407018,timestamped_live_quote,FBS vs FBS
2026-09-26T12:35:36Z,bbaf150e48844a489d679cb09de02aa9,2026-09-26T23:30:00Z,North Texas Mean Green,Houston Baptist Huskies,bovada,Bovada,2026-09-26T12:34:07Z,2026-09-26T12:34:07Z,North Texas Mean Green,-37.5,-120.0,2026,2026-09-26T12:35:36Z,1070,-0.5680452975452397,12.221023554579338,-10.289068852124577,b4347a6d6451334b228bf748d98cbd30b34b222852b6631cc98ff41b5e407018,timestamped_live_quote,FBS vs FBS
2026-09-26T12:35:36Z,0c71c3230f930f30ac34160b38dbbaf0,2026-09-26T23:30:00Z,LSU Tigers,Texas A&M Aggies,draftkings,DraftKings,2026-09-26T12:34:55Z,2026-09-26T12:34:54Z,LSU Tigers,-8.5,-108.0,2026,2026-09-26T12:35:36Z,1070,10.748156979498104,10.102319112991166,3.1458378665069375,b4347a6d6451334b228bf748d98cbd30b34b222852b6631cc98ff41b5e407018,timestamped_live_quote,FBS vs FBS
2026-09-26T12:35:36Z,0c71c3230f930f30ac34160b38dbbaf0,2026-09-26T23:30:00Z,LSU Tigers,Texas A&M Aggies,draftkings,DraftKings,2026-09-26T12:34:55Z,2026-09-26T12:34:54Z,Texas A&M Aggies,8.5,-112.0,2026,2026-09-26T12:35:36Z,1070,10.748156979498104,10.102319112991166,3.1458378665069375,b4347a6d6451334b228bf748d98cbd30b34b222852b6631cc98ff41b5e407018,timestamped_live_quote,FBS vs FBS
2026-09-26T12:35:36Z,0c71c3230f930f30ac34160b38dbbaf0,2026-09-26T23:30:00Z,LSU Tigers,Texas A&M Aggies,mybookieag,MyBookie.ag,2026-09-26T12:35:13Z,2026-09-26T12:35:12Z,LSU Tigers,-8.5,-110.0,2026,2026-09-26T12:35:36Z,1070,10.748156979498104,10.102319112991166,3.1458378665069375,b4347a6d6451334b228bf748d98cbd30b34b222852b6631cc98ff41b5e407018,timestamped_live_quote,FBS vs FBS
2026-09-26T12:35:36Z,0c71c3230f930f30ac34160b38dbbaf0,2026-09-26T23:30:00Z,LSU Tigers,Texas A&M Aggies,mybookieag,MyBookie.ag,2026-09-26T12:35:13Z,2026-09-26T12:35:12Z,Texas A&M Aggies,8.5,-110.0,2026,2026-09-26T12:35:36Z,1070,10.748156979498104,10.102319112991166,3.1458378665069375,b4347a6d6451334b228bf748d98cbd30b34b222852b6631cc98ff41b5e407018,timestamped_live_quote,FBS vs FBS
2026-09-26T12:35:36Z,0c71c3230f930f30ac34160b38dbbaf0,2026-09-26T23:30:00Z,LSU Tigers,Texas A&M Aggies,fanduel,FanDuel,2026-09-26T12:35:11Z,2026-09-26T12:35:11Z,LSU Tigers,-8.5,-105.0,2026,2026-09-26T12:35:36Z,1070,10.748156979498104,10.102319112991166,3.1458378665069375,b4347a6d6451334b228bf748d98cbd30b34b222852b6631cc98ff41b5e407018,timestamped_live_quote,FBS vs FBS
2026-09-26T12:35:36Z,0c71c3230f930f30ac34160b38dbbaf0,2026-09-26T23:30:00Z,LSU Tigers,Texas A&M Aggies,fanduel,FanDuel,2026-09-26T12:35:11Z,2026-09-26T12:35:11Z,Texas A&M Aggies,8.5,-115.0,2026,2026-09-26T12:35:36Z,1070,10.748156979498104,10.102319112991166,3.1458378665069375,b4347a6d6451334b228bf748d98cbd30b34b222852b6631cc98ff41b5e407018,timestamped_live_quote,FBS vs FBS
2026-09-26T12:35:36Z,0c71c3230f930f30ac34160b38dbbaf0,2026-09-26T23:30:00Z,LSU Tigers,Texas A&M Aggies,betmgm,BetMGM,2026-09-26T12:34:23Z,2026-09-26T12:34:23Z,LSU Tigers,-8.0,-110.0,2026,2026-09-26T12:35:36Z,1070,10.748156979498104,10.102319112991166,3.1458378665069375,b4347a6d6451334b228bf748d98cbd30b34b222852b6631cc98ff41b5e407018,timestamped_live_quote,FBS vs FBS
2026-09-26T12:35:36Z,0c71c3230f930f30ac34160b38dbbaf0,2026-09-26T23:30:00Z,LSU Tigers,Texas A&M Aggies,betmgm,BetMGM,2026-09-26T12:34:23Z,2026-09-26T12:34:23Z,Texas A&M Aggies,8.0,-108.0,2026,2026-09-26T12:35:36Z,1070,10.748156979498104,10.102319112991166,3.1458378665069375,b4347a6d6451334b228bf748d98cbd30b34b222852b6631cc98ff41b5e407018,timestamped_live_quote,FBS vs FBS
2026-09-26T12:35:36Z,0c71c3230f930f30ac34160b38dbbaf0,2026-09-26T23:30:00Z,LSU Tigers,Texas A&M Aggies,betrivers,BetRivers,2026-09-26T12:34:37Z,2026-09-26T12:34:37Z,LSU Tigers,-8.5,-112.0,2026,2026-09-26T12:35:36Z,1070,10.748156979498104,10.102319112991166,3.1458378665069375,b4347a6d6451334b228bf748d98cbd30b34b222852b6631cc98ff41b5e407018,timestamped_live_quote,FBS vs FBS
2026-09-26T12:35:36Z,0c71c3230f930f30ac34160b38dbbaf0,2026-09-26T23:30:00Z,LSU Tigers,Texas A&M Aggies,betrivers,BetRivers,2026-09-26T12:34:37Z,2026-09-26T12:34:37Z,Texas A&M Aggies,8.5,-112.0,2026,2026-09-26T12:35:36Z,1070,10.748156979498104,10.102319112991166,3.1458378665069375,b4347a6d6451334b228bf748d98cbd30b34b222852b6631cc98ff41b5e407018,timestamped_live_quote,FBS vs FBS
2026-09-26T12:35:36Z,0c71c3230f930f30ac34160b38dbbaf0,2026-09-26T23:30:00Z,LSU Tigers,Texas A&M Aggies,betonlineag,BetOnline.ag,2026-09-26T12:35:29Z,2026-09-26T12:35:29Z,LSU Tigers,-8.0,-110.0,2026,2026-09-26T12:35:36Z,1070,10.748156979498104,10.102319112991166,3.1458378665069375,b4347a6d6451334b228bf748d98cbd30b34b222852b6631cc98ff41b5e407018,timestamped_live_quote,FBS vs FBS
2026-09-26T12:35:36Z,0c71c3230f930f30ac34160b38dbbaf0,2026-09-26T23:30:00Z,LSU Tigers,Texas A&M Aggies,betonlineag,BetOnline.ag,2026-09-26T12:35:29Z,2026-09-26T12:35:29Z,Texas A&M Aggies,8.0,-110.0,2026,2026-09-26T12:35:36Z,1070,10.748156979498104,10.102319112991166,3.1458378665069375,b4347a6d6451334b228bf748d98cbd30b34b222852b6631cc98ff41b5e407018,timestamped_live_quote,FBS vs FBS
2026-09-26T12:35:36Z,0c71c3230f930f30ac34160b38dbbaf0,2026-09-26T23:30:00Z,LSU Tigers,Texas A&M Aggies,lowvig,LowVig.ag,2026-09-26T12:34:53Z,2026-09-26T12:34:53Z,LSU Tigers,-8.0,-106.0,2026,2026-09-26T12:35:36Z,1070,10.748156979498104,10.102319112991166,3.1458378665069375,b4347a6d6451334b228bf748d98cbd30b34b222852b6631cc98ff41b5e407018,timestamped_live_quote,FBS vs FBS
2026-09-26T12:35:36Z,0c71c3230f930f30ac34160b38dbbaf0,2026-09-26T23:30:00Z,LSU Tigers,Texas A&M Aggies,lowvig,LowVig.ag,2026-09-26T12:34:53Z,2026-09-26T12:34:53Z,Texas A&M Aggies,8.0,-106.0,2026,2026-09-26T12:35:36Z,1070,10.748156979498104,10.102319112991166,3.1458378665069375,b4347a6d6451334b228bf748d98cbd30b34b222852b6631cc98ff41b5e407018,timestamped_live_quote,FBS vs FBS
2026-09-26T12:35:36Z,0c71c3230f930f30ac34160b38dbbaf0,2026-09-26T23:30:00Z,LSU Tigers,Texas A&M Aggies,betus,BetUS,2026-09-26T12:35:11Z,2026-09-26T12:35:11Z,LSU Tigers,-8.5,-110.0,2026,2026-09-26T12:35:36Z,1070,10.748156979498104,10.102319112991166,3.1458378665069375,b4347a6d6451334b228bf748d98cbd30b34b222852b6631cc98ff41b5e407018,timestamped_live_quote,FBS vs FBS
2026-09-26T12:35:36Z,0c71c3230f930f30ac34160b38dbbaf0,2026-09-26T23:30:00Z,LSU Tigers,Texas A&M Aggies,betus,BetUS,2026-09-26T12:35:11Z,2026-09-26T12:35:11Z,Texas A&M Aggies,8.5,-110.0,2026,2026-09-26T12:35:36Z,1070,10.748156979498104,10.102319112991166,3.1458378665069375,b4347a6d6451334b228bf748d98cbd30b34b222852b6631cc98ff41b5e407018,timestamped_live_quote,FBS vs FBS
2026-09-26T12:35:36Z,0c71c3230f930f30ac34160b38dbbaf0,2026-09-26T23:30:00Z,LSU Tigers,Texas A&M Aggies,bovada,Bovada,2026-09-26T12:34:07Z,2026-09-26T12:34:07Z,LSU Tigers,-7.5,-110.0,2026,2026-09-26T12:35:36Z,1070,10.748156979498104,10.102319112991166,3.1458378665069375,b4347a6d6451334b228bf748d98cbd30b34b222852b6631cc98ff41b5e407018,timestamped_live_quote,FBS vs FBS
2026-09-26T12:35:36Z,0c71c3230f930f30ac34160b38dbbaf0,2026-09-26T23:30:00Z,LSU Tigers,Texas A&M Aggies,bovada,Bovada,2026-09-26T12:34:07Z,2026-09-26T12:34:07Z,Texas A&M Aggies,7.5,-110.0,2026,2026-09-26T12:35:36Z,1070,10.748156979498104,10.102319112991166,3.1458378665069375,b4347a6d6451334b228bf748d98cbd30b34b222852b6631cc98ff41b5e407018,timestamped_live_quote,FBS vs FBS
2026-09-26T12:35:36Z,83516ad7ba3e8ef9f90498cfcaf10eb5,2026-09-26T23:30:00Z,USC Trojans,Oregon Ducks,draftkings,DraftKings,2026-09-26T12:34:55Z,2026-09-26T12:34:54Z,Oregon Ducks,-3.5,-105.0,2026,2026-09-26T12:35:36Z,1070,10.605075235293413,11.304119014194267,1.8009562210991454,b4347a6d6451334b228bf748d98cbd30b34b222852b6631cc98ff41b5e407018,timestamped_live_quote,FBS vs FBS
2026-09-26T12:35:36Z,83516ad7ba3e8ef9f90498cfcaf10eb5,2026-09-26T23:30:00Z,USC Trojans,Oregon Ducks,draftkings,DraftKings,2026-09-26T12:34:55Z,2026-09-26T12:34:54Z,USC Trojans,3.5,-115.0,2026,2026-09-26T12:35:36Z,1070,10.605075235293413,11.304119014194267,1.8009562210991454,b4347a6d6451334b228bf748d98cbd30b34b222852b6631cc98ff41b5e407018,timestamped_live_quote,FBS vs FBS
2026-09-26T12:35:36Z,83516ad7ba3e8ef9f90498cfcaf10eb5,2026-09-26T23:30:00Z,USC Trojans,Oregon Ducks,mybookieag,MyBookie.ag,2026-09-26T12:35:13Z,2026-09-26T12:35:12Z,Oregon Ducks,-3.5,-110.0,2026,2026-09-26T12:35:36Z,1070,10.605075235293413,11.304119014194267,1.8009562210991454,b4347a6d6451334b228bf748d98cbd30b34b222852b6631cc98ff41b5e407018,timestamped_live_quote,FBS vs FBS
2026-09-26T12:35:36Z,83516ad7ba3e8ef9f90498cfcaf10eb5,2026-09-26T23:30:00Z,USC Trojans,Oregon Ducks,mybookieag,MyBookie.ag,2026-09-26T12:35:13Z,2026-09-26T12:35:12Z,USC Trojans,3.5,-110.0,2026,2026-09-26T12:35:36Z,1070,10.605075235293413,11.304119014194267,1.8009562210991454,b4347a6d6451334b228bf748d98cbd30b34b222852b6631cc98ff41b5e407018,timestamped_live_quote,FBS vs FBS
2026-09-26T12:35:36Z,83516ad7ba3e8ef9f90498cfcaf10eb5,2026-09-26T23:30:00Z,USC Trojans,Oregon Ducks,fanduel,FanDuel,2026-09-26T12:35:11Z,2026-09-26T12:35:11Z,Oregon Ducks,-3.5,-106.0,2026,2026-09-26T12:35:36Z,1070,10.605075235293413,11.304119014194267,1.8009562210991454,b4347a6d6451334b228bf748d98cbd30b34b222852b6631cc98ff41b5e407018,timestamped_live_quote,FBS vs FBS
2026-09-26T12:35:36Z,83516ad7ba3e8ef9f90498cfcaf10eb5,2026-09-26T23:30:00Z,USC Trojans,Oregon Ducks,fanduel,FanDuel,2026-09-26T12:35:11Z,2026-09-26T12:35:11Z,USC Trojans,3.5,-114.0,2026,2026-09-26T12:35:36Z,1070,10.605075235293413,11.304119014194267,1.8009562210991454,b4347a6d6451334b228bf748d98cbd30b34b222852b6631cc98ff41b5e407018,timestamped_live_quote,FBS vs FBS
2026-09-26T12:35:36Z,83516ad7ba3e8ef9f90498cfcaf10eb5,2026-09-26T23:30:00Z,USC Trojans,Oregon Ducks,betrivers,BetRivers,2026-09-26T12:34:37Z,2026-09-26T12:34:37Z,Oregon Ducks,-3.5,-108.0,2026,2026-09-26T12:35:36Z,1070,10.605075235293413,11.304119014194267,1.8009562210991454,b4347a6d6451334b228bf748d98cbd30b34b222852b6631cc98ff41b5e407018,timestamped_live_quote,FBS vs FBS
2026-09-26T12:35:36Z,83516ad7ba3e8ef9f90498cfcaf10eb5,2026-09-26T23:30:00Z,USC Trojans,Oregon Ducks,betrivers,BetRivers,2026-09-26T12:34:37Z,2026-09-26T12:34:37Z,USC Trojans,3.5,-118.0,2026,2026-09-26T12:35:36Z,1070,10.605075235293413,11.304119014194267,1.8009562210991454,b4347a6d6451334b228bf748d98cbd30b34b222852b6631cc98ff41b5e407018,timestamped_live_quote,FBS vs FBS
2026-09-26T12:35:36Z,83516ad7ba3e8ef9f90498cfcaf10eb5,2026-09-26T23:30:00Z,USC Trojans,Oregon Ducks,betmgm,BetMGM,2026-09-26T12:34:23Z,2026-09-26T12:34:23Z,Oregon Ducks,-3.5,-105.0,2026,2026-09-26T12:35:36Z,1070,10.605075235293413,11.304119014194267,1.8009562210991454,b4347a6d6451334b228bf748d98cbd30b34b222852b6631cc98ff41b5e407018,timestamped_live_quote,FBS vs FBS
2026-09-26T12:35:36Z,83516ad7ba3e8ef9f90498cfcaf10eb5,2026-09-26T23:30:00Z,USC Trojans,Oregon Ducks,betmgm,BetMGM,2026-09-26T12:34:23Z,2026-09-26T12:34:23Z,USC Trojans,3.5,-115.0,2026,2026-09-26T12:35:36Z,1070,10.605075235293413,11.304119014194267,1.8009562210991454,b4347a6d6451334b228bf748d98cbd30b34b222852b6631cc98ff41b5e407018,timestamped_live_quote,FBS vs FBS
2026-09-26T12:35:36Z,83516ad7ba3e8ef9f90498cfcaf10eb5,2026-09-26T23:30:00Z,USC Trojans,Oregon Ducks,lowvig,LowVig.ag,2026-09-26T12:34:53Z,2026-09-26T12:34:53Z,Oregon Ducks,-3.5,-102.0,2026,2026-09-26T12:35:36Z,1070,10.605075235293413,11.304119014194267,1.8009562210991454,b4347a6d6451334b228bf748d98cbd30b34b222852b6631cc98ff41b5e407018,timestamped_live_quote,FBS vs FBS
2026-09-26T12:35:36Z,83516ad7ba3e8ef9f90498cfcaf10eb5,2026-09-26T23:30:00Z,USC Trojans,Oregon Ducks,lowvig,LowVig.ag,2026-09-26T12:34:53Z,2026-09-26T12:34:53Z,USC Trojans,3.5,-110.0,2026,2026-09-26T12:35:36Z,1070,10.605075235293413,11.304119014194267,1.8009562210991454,b4347a6d6451334b228bf748d98cbd30b34b222852b6631cc98ff41b5e407018,timestamped_live_quote,FBS vs FBS
2026-09-26T12:35:36Z,83516ad7ba3e8ef9f90498cfcaf10eb5,2026-09-26T23:30:00Z,USC Trojans,Oregon Ducks,betonlineag,BetOnline.ag,2026-09-26T12:35:29Z,2026-09-26T12:35:29Z,Oregon Ducks,-3.5,-110.0,2026,2026-09-26T12:35:36Z,1070,10.605075235293413,11.304119014194267,1.8009562210991454,b4347a6d6451334b228bf748d98cbd30b34b222852b6631cc98ff41b5e407018,timestamped_live_quote,FBS vs FBS
2026-09-26T12:35:36Z,83516ad7ba3e8ef9f90498cfcaf10eb5,2026-09-26T23:30:00Z,USC Trojans,Oregon Ducks,betonlineag,BetOnline.ag,2026-09-26T12:35:29Z,2026-09-26T12:35:29Z,USC Trojans,3.5,-110.0,2026,2026-09-26T12:35:36Z,1070,10.605075235293413,11.304119014194267,1.8009562210991454,b4347a6d6451334b228bf748d98cbd30b34b222852b6631cc98ff41b5e407018,timestamped_live_quote,FBS vs FBS
2026-09-26T12:35:36Z,83516ad7ba3e8ef9f90498cfcaf10eb5,2026-09-26T23:30:00Z,USC Trojans,Oregon Ducks,betus,BetUS,2026-09-26T12:35:11Z,2026-09-26T12:35:11Z,Oregon Ducks,-3.5,-110.0,2026,2026-09-26T12:35:36Z,1070,10.605075235293413,11.304119014194267,1.8009562210991454,b4347a6d6451334b228bf748d98cbd30b34b222852b6631cc98ff41b5e407018,timestamped_live_quote,FBS vs FBS
2026-09-26T12:35:36Z,83516ad7ba3e8ef9f90498cfcaf10eb5,2026-09-26T23:30:00Z,USC Trojans,Oregon Ducks,betus,BetUS,2026-09-26T12:35:11Z,2026-09-26T12:35:11Z,USC Trojans,3.5,-110.0,2026,2026-09-26T12:35:36Z,1070,10.605075235293413,11.304119014194267,1.8009562210991454,b4347a6d6451334b228bf748d98cbd30b34b222852b6631cc98ff41b5e407018,timestamped_live_quote,FBS vs FBS
2026-09-26T12:35:36Z,83516ad7ba3e8ef9f90498cfcaf10eb5,2026-09-26T23:30:00Z,USC Trojans,Oregon Ducks,bovada,Bovada,2026-09-26T12:34:07Z,2026-09-26T12:34:07Z,Oregon Ducks,-3.5,100.0,2026,2026-09-26T12:35:36Z,1070,10.605075235293413,11.304119014194267,1.8009562210991454,b4347a6d6451334b228bf748d98cbd30b34b222852b6631cc98ff41b5e407018,timestamped_live_quote,FBS vs FBS
2026-09-26T12:35:36Z,83516ad7ba3e8ef9f90498cfcaf10eb5,2026-09-26T23:30:00Z,USC Trojans,Oregon Ducks,bovada,Bovada,2026-09-26T12:34:07Z,2026-09-26T12:34:07Z,USC Trojans,3.5,-120.0,2026,2026-09-26T12:35:36Z,1070,10.605075235293413,11.304119014194267,1.8009562210991454,b4347a6d6451334b228bf748d98cbd30b34b222852b6631cc98ff41b5e407018,timestamped_live_quote,FBS vs FBS
2026-09-26T12:35:36Z,dbc89703b51acf3b8818134a1a2a0dc2,2026-09-26T23:30:00Z,Utah State Aggies,Troy Trojans,fanduel,FanDuel,2026-09-26T12:35:11Z,2026-09-26T12:35:11Z,Troy Trojans,2.5,100.0,2026,2026-09-26T12:35:36Z,1070,-2.520390953610469,3.7338241856008216,-3.754215139211291,b4347a6d6451334b228bf748d98cbd30b34b222852b6631cc98ff41b5e407018,timestamped_live_quote,FBS vs FBS
2026-09-26T12:35:36Z,dbc89703b51acf3b8818134a1a2a0dc2,2026-09-26T23:30:00Z,Utah State Aggies,Troy Trojans,fanduel,FanDuel,2026-09-26T12:35:11Z,2026-09-26T12:35:11Z,Utah State Aggies,-2.5,-122.0,2026,2026-09-26T12:35:36Z,1070,-2.520390953610469,3.7338241856008216,-3.754215139211291,b4347a6d6451334b228bf748d98cbd30b34b222852b6631cc98ff41b5e407018,timestamped_live_quote,FBS vs FBS
2026-09-26T12:35:36Z,dbc89703b51acf3b8818134a1a2a0dc2,2026-09-26T23:30:00Z,Utah State Aggies,Troy Trojans,mybookieag,MyBookie.ag,2026-09-26T12:35:13Z,2026-09-26T12:35:13Z,Troy Trojans,3.0,-110.0,2026,2026-09-26T12:35:36Z,1070,-2.520390953610469,3.7338241856008216,-3.754215139211291,b4347a6d6451334b228bf748d98cbd30b34b222852b6631cc98ff41b5e407018,timestamped_live_quote,FBS vs FBS
2026-09-26T12:35:36Z,dbc89703b51acf3b8818134a1a2a0dc2,2026-09-26T23:30:00Z,Utah State Aggies,Troy Trojans,mybookieag,MyBookie.ag,2026-09-26T12:35:13Z,2026-09-26T12:35:13Z,Utah State Aggies,-3.0,-110.0,2026,2026-09-26T12:35:36Z,1070,-2.520390953610469,3.7338241856008216,-3.754215139211291,b4347a6d6451334b228bf748d98cbd30b34b222852b6631cc98ff41b5e407018,timestamped_live_quote,FBS vs FBS
2026-09-26T12:35:36Z,dbc89703b51acf3b8818134a1a2a0dc2,2026-09-26T23:30:00Z,Utah State Aggies,Troy Trojans,betrivers,BetRivers,2026-09-26T12:34:37Z,2026-09-26T12:34:37Z,Troy Trojans,3.0,-110.0,2026,2026-09-26T12:35:36Z,1070,-2.520390953610469,3.7338241856008216,-3.754215139211291,b4347a6d6451334b228bf748d98cbd30b34b222852b6631cc98ff41b5e407018,timestamped_live_quote,FBS vs FBS
2026-09-26T12:35:36Z,dbc89703b51acf3b8818134a1a2a0dc2,2026-09-26T23:30:00Z,Utah State Aggies,Troy Trojans,betrivers,BetRivers,2026-09-26T12:34:37Z,2026-09-26T12:34:37Z,Utah State Aggies,-3.0,-113.0,2026,2026-09-26T12:35:36Z,1070,-2.520390953610469,3.7338241856008216,-3.754215139211291,b4347a6d6451334b228bf748d98cbd30b34b222852b6631cc98ff41b5e407018,timestamped_live_quote,FBS vs FBS
2026-09-26T12:35:36Z,dbc89703b51acf3b8818134a1a2a0dc2,2026-09-26T23:30:00Z,Utah State Aggies,Troy Trojans,draftkings,DraftKings,2026-09-26T12:34:55Z,2026-09-26T12:34:54Z,Troy Trojans,3.0,-112.0,2026,2026-09-26T12:35:36Z,1070,-2.520390953610469,3.7338241856008216,-3.754215139211291,b4347a6d6451334b228bf748d98cbd30b34b222852b6631cc98ff41b5e407018,timestamped_live_quote,FBS vs FBS
2026-09-26T12:35:36Z,dbc89703b51acf3b8818134a1a2a0dc2,2026-09-26T23:30:00Z,Utah State Aggies,Troy Trojans,draftkings,DraftKings,2026-09-26T12:34:55Z,2026-09-26T12:34:54Z,Utah State Aggies,-3.0,-108.0,2026,2026-09-26T12:35:36Z,1070,-2.520390953610469,3.7338241856008216,-3.754215139211291,b4347a6d6451334b228bf748d98cbd30b34b222852b6631cc98ff41b5e407018,timestamped_live_quote,FBS vs FBS
2026-09-26T12:35:36Z,dbc89703b51acf3b8818134a1a2a0dc2,2026-09-26T23:30:00Z,Utah State Aggies,Troy Trojans,lowvig,LowVig.ag,2026-09-26T12:34:53Z,2026-09-26T12:34:53Z,Troy Trojans,3.0,-110.0,2026,2026-09-26T12:35:36Z,1070,-2.520390953610469,3.7338241856008216,-3.754215139211291,b4347a6d6451334b228bf748d98cbd30b34b222852b6631cc98ff41b5e407018,timestamped_live_quote,FBS vs FBS
2026-09-26T12:35:36Z,dbc89703b51acf3b8818134a1a2a0dc2,2026-09-26T23:30:00Z,Utah State Aggies,Troy Trojans,lowvig,LowVig.ag,2026-09-26T12:34:53Z,2026-09-26T12:34:53Z,Utah State Aggies,-3.0,-102.0,2026,2026-09-26T12:35:36Z,1070,-2.520390953610469,3.7338241856008216,-3.754215139211291,b4347a6d6451334b228bf748d98cbd30b34b222852b6631cc98ff41b5e407018,timestamped_live_quote,FBS vs FBS
2026-09-26T12:35:36Z,dbc89703b51acf3b8818134a1a2a0dc2,2026-09-26T23:30:00Z,Utah State Aggies,Troy Trojans,betonlineag,BetOnline.ag,2026-09-26T12:35:29Z,2026-09-26T12:35:29Z,Troy Trojans,3.0,-114.0,2026,2026-09-26T12:35:36Z,1070,-2.520390953610469,3.7338241856008216,-3.754215139211291,b4347a6d6451334b228bf748d98cbd30b34b222852b6631cc98ff41b5e407018,timestamped_live_quote,FBS vs FBS
2026-09-26T12:35:36Z,dbc89703b51acf3b8818134a1a2a0dc2,2026-09-26T23:30:00Z,Utah State Aggies,Troy Trojans,betonlineag,BetOnline.ag,2026-09-26T12:35:29Z,2026-09-26T12:35:29Z,Utah State Aggies,-3.0,-106.0,2026,2026-09-26T12:35:36Z,1070,-2.520390953610469,3.7338241856008216,-3.754215139211291,b4347a6d6451334b228bf748d98cbd30b34b222852b6631cc98ff41b5e407018,timestamped_live_quote,FBS vs FBS
2026-09-26T12:35:36Z,dbc89703b51acf3b8818134a1a2a0dc2,2026-09-26T23:30:00Z,Utah State Aggies,Troy Trojans,betus,BetUS,2026-09-26T12:35:11Z,2026-09-26T12:35:11Z,Troy Trojans,3.0,-115.0,2026,2026-09-26T12:35:36Z,1070,-2.520390953610469,3.7338241856008216,-3.754215139211291,b4347a6d6451334b228bf748d98cbd30b34b222852b6631cc98ff41b5e407018,timestamped_live_quote,FBS vs FBS
2026-09-26T12:35:36Z,dbc89703b51acf3b8818134a1a2a0dc2,2026-09-26T23:30:00Z,Utah State Aggies,Troy Trojans,betus,BetUS,2026-09-26T12:35:11Z,2026-09-26T12:35:11Z,Utah State Aggies,-3.0,-105.0,2026,2026-09-26T12:35:36Z,1070,-2.520390953610469,3.7338241856008216,-3.754215139211291,b4347a6d6451334b228bf748d98cbd30b34b222852b6631cc98ff41b5e407018,timestamped_live_quote,FBS vs FBS
2026-09-26T12:35:36Z,dbc89703b51acf3b8818134a1a2a0dc2,2026-09-26T23:30:00Z,Utah State Aggies,Troy Trojans,betmgm,BetMGM,2026-09-26T12:34:23Z,2026-09-26T12:34:23Z,Troy Trojans,3.0,-110.0,2026,2026-09-26T12:35:36Z,1070,-2.520390953610469,3.7338241856008216,-3.754215139211291,b4347a6d6451334b228bf748d98cbd30b34b222852b6631cc98ff41b5e407018,timestamped_live_quote,FBS vs FBS
2026-09-26T12:35:36Z,dbc89703b51acf3b8818134a1a2a0dc2,2026-09-26T23:30:00Z,Utah State Aggies,Troy Trojans,betmgm,BetMGM,2026-09-26T12:34:23Z,2026-09-26T12:34:23Z,Utah State Aggies,-3.0,-108.0,2026,2026-09-26T12:35:36Z,1070,-2.520390953610469,3.7338241856008216,-3.754215139211291,b4347a6d6451334b228bf748d98cbd30b34b222852b6631cc98ff41b5e407018,timestamped_live_quote,FBS vs FBS
2026-09-26T12:35:36Z,dbc89703b51acf3b8818134a1a2a0dc2,2026-09-26T23:30:00Z,Utah State Aggies,Troy Trojans,bovada,Bovada,2026-09-26T12:34:07Z,2026-09-26T12:34:07Z,Troy Trojans,3.0,-115.0,2026,2026-09-26T12:35:36Z,1070,-2.520390953610469,3.7338241856008216,-3.754215139211291,b4347a6d6451334b228bf748d98cbd30b34b222852b6631cc98ff41b5e407018,timestamped_live_quote,FBS vs FBS
2026-09-26T12:35:36Z,dbc89703b51acf3b8818134a1a2a0dc2,2026-09-26T23:30:00Z,Utah State Aggies,Troy Trojans,bovada,Bovada,2026-09-26T12:34:07Z,2026-09-26T12:34:07Z,Utah State Aggies,-3.0,-105.0,2026,2026-09-26T12:35:36Z,1070,-2.520390953610469,3.7338241856008216,-3.754215139211291,b4347a6d6451334b228bf748d98cbd30b34b222852b6631cc98ff41b5e407018,timestamped_live_quote,FBS vs FBS
2026-09-26T12:35:36Z,f154381c89953d3b0bd409a6bc4e28a6,2026-09-26T23:45:00Z,Mississippi State Bulldogs,Missouri Tigers,draftkings,DraftKings,2026-09-26T12:34:55Z,2026-09-26T12:34:54Z,Mississippi State Bulldogs,-6.0,-110.0,2026,2026-09-26T12:35:36Z,1070,13.652116851985856,9.821229023983,6.330887828002856,b4347a6d6451334b228bf748d98cbd30b34b222852b6631cc98ff41b5e407018,timestamped_live_quote,FBS vs FBS
2026-09-26T12:35:36Z,f154381c89953d3b0bd409a6bc4e28a6,2026-09-26T23:45:00Z,Mississippi State Bulldogs,Missouri Tigers,draftkings,DraftKings,2026-09-26T12:34:55Z,2026-09-26T12:34:54Z,Missouri Tigers,6.0,-110.0,2026,2026-09-26T12:35:36Z,1070,13.652116851985856,9.821229023983,6.330887828002856,b4347a6d6451334b228bf748d98cbd30b34b222852b6631cc98ff41b5e407018,timestamped_live_quote,FBS vs FBS
2026-09-26T12:35:36Z,f154381c89953d3b0bd409a6bc4e28a6,2026-09-26T23:45:00Z,Mississippi State Bulldogs,Missouri Tigers,fanduel,FanDuel,2026-09-26T12:35:11Z,2026-09-26T12:35:11Z,Mississippi State Bulldogs,-5.5,-118.0,2026,2026-09-26T12:35:36Z,1070,13.652116851985856,9.821229023983,6.330887828002856,b4347a6d6451334b228bf748d98cbd30b34b222852b6631cc98ff41b5e407018,timestamped_live_quote,FBS vs FBS
2026-09-26T12:35:36Z,f154381c89953d3b0bd409a6bc4e28a6,2026-09-26T23:45:00Z,Mississippi State Bulldogs,Missouri Tigers,fanduel,FanDuel,2026-09-26T12:35:11Z,2026-09-26T12:35:11Z,Missouri Tigers,5.5,-104.0,2026,2026-09-26T12:35:36Z,1070,13.652116851985856,9.821229023983,6.330887828002856,b4347a6d6451334b228bf748d98cbd30b34b222852b6631cc98ff41b5e407018,timestamped_live_quote,FBS vs FBS
2026-09-26T12:35:36Z,f154381c89953d3b0bd409a6bc4e28a6,2026-09-26T23:45:00Z,Mississippi State Bulldogs,Missouri Tigers,mybookieag,MyBookie.ag,2026-09-26T12:35:13Z,2026-09-26T12:35:13Z,Mississippi State Bulldogs,-6.0,-110.0,2026,2026-09-26T12:35:36Z,1070,13.652116851985856,9.821229023983,6.330887828002856,b4347a6d6451334b228bf748d98cbd30b34b222852b6631cc98ff41b5e407018,timestamped_live_quote,FBS vs FBS
2026-09-26T12:35:36Z,f154381c89953d3b0bd409a6bc4e28a6,2026-09-26T23:45:00Z,Mississippi State Bulldogs,Missouri Tigers,mybookieag,MyBookie.ag,2026-09-26T12:35:13Z,2026-09-26T12:35:13Z,Missouri Tigers,6.0,-110.0,2026,2026-09-26T12:35:36Z,1070,13.652116851985856,9.821229023983,6.330887828002856,b4347a6d6451334b228bf748d98cbd30b34b222852b6631cc98ff41b5e407018,timestamped_live_quote,FBS vs FBS
2026-09-26T12:35:36Z,f154381c89953d3b0bd409a6bc4e28a6,2026-09-26T23:45:00Z,Mississippi State Bulldogs,Missouri Tigers,betrivers,BetRivers,2026-09-26T12:34:37Z,2026-09-26T12:34:37Z,Mississippi State Bulldogs,-6.0,-109.0,2026,2026-09-26T12:35:36Z,1070,13.652116851985856,9.821229023983,6.330887828002856,b4347a6d6451334b228bf748d98cbd30b34b222852b6631cc98ff41b5e407018,timestamped_live_quote,FBS vs FBS
2026-09-26T12:35:36Z,f154381c89953d3b0bd409a6bc4e28a6,2026-09-26T23:45:00Z,Mississippi State Bulldogs,Missouri Tigers,betrivers,BetRivers,2026-09-26T12:34:37Z,2026-09-26T12:34:37Z,Missouri Tigers,6.0,-114.0,2026,2026-09-26T12:35:36Z,1070,13.652116851985856,9.821229023983,6.330887828002856,b4347a6d6451334b228bf748d98cbd30b34b222852b6631cc98ff41b5e407018,timestamped_live_quote,FBS vs FBS
2026-09-26T12:35:36Z,f154381c89953d3b0bd409a6bc4e28a6,2026-09-26T23:45:00Z,Mississippi State Bulldogs,Missouri Tigers,lowvig,LowVig.ag,2026-09-26T12:34:53Z,2026-09-26T12:34:53Z,Mississippi State Bulldogs,-5.5,-110.0,2026,2026-09-26T12:35:36Z,1070,13.652116851985856,9.821229023983,6.330887828002856,b4347a6d6451334b228bf748d98cbd30b34b222852b6631cc98ff41b5e407018,timestamped_live_quote,FBS vs FBS
2026-09-26T12:35:36Z,f154381c89953d3b0bd409a6bc4e28a6,2026-09-26T23:45:00Z,Mississippi State Bulldogs,Missouri Tigers,lowvig,LowVig.ag,2026-09-26T12:34:53Z,2026-09-26T12:34:53Z,Missouri Tigers,5.5,-102.0,2026,2026-09-26T12:35:36Z,1070,13.652116851985856,9.821229023983,6.330887828002856,b4347a6d6451334b228bf748d98cbd30b34b222852b6631cc98ff41b5e407018,timestamped_live_quote,FBS vs FBS
2026-09-26T12:35:36Z,f154381c89953d3b0bd409a6bc4e28a6,2026-09-26T23:45:00Z,Mississippi State Bulldogs,Missouri Tigers,betonlineag,BetOnline.ag,2026-09-26T12:35:29Z,2026-09-26T12:35:29Z,Mississippi State Bulldogs,-5.5,-113.0,2026,2026-09-26T12:35:36Z,1070,13.652116851985856,9.821229023983,6.330887828002856,b4347a6d6451334b228bf748d98cbd30b34b222852b6631cc98ff41b5e407018,timestamped_live_quote,FBS vs FBS
2026-09-26T12:35:36Z,f154381c89953d3b0bd409a6bc4e28a6,2026-09-26T23:45:00Z,Mississippi State Bulldogs,Missouri Tigers,betonlineag,BetOnline.ag,2026-09-26T12:35:29Z,2026-09-26T12:35:29Z,Missouri Tigers,5.5,-107.0,2026,2026-09-26T12:35:36Z,1070,13.652116851985856,9.821229023983,6.330887828002856,b4347a6d6451334b228bf748d98cbd30b34b222852b6631cc98ff41b5e407018,timestamped_live_quote,FBS vs FBS
2026-09-26T12:35:36Z,f154381c89953d3b0bd409a6bc4e28a6,2026-09-26T23:45:00Z,Mississippi State Bulldogs,Missouri Tigers,betmgm,BetMGM,2026-09-26T12:34:23Z,2026-09-26T12:34:23Z,Mississippi State Bulldogs,-6.0,-108.0,2026,2026-09-26T12:35:36Z,1070,13.652116851985856,9.821229023983,6.330887828002856,b4347a6d6451334b228bf748d98cbd30b34b222852b6631cc98ff41b5e407018,timestamped_live_quote,FBS vs FBS
2026-09-26T12:35:36Z,f154381c89953d3b0bd409a6bc4e28a6,2026-09-26T23:45:00Z,Mississippi State Bulldogs,Missouri Tigers,betmgm,BetMGM,2026-09-26T12:34:23Z,2026-09-26T12:34:23Z,Missouri Tigers,6.0,-110.0,2026,2026-09-26T12:35:36Z,1070,13.652116851985856,9.821229023983,6.330887828002856,b4347a6d6451334b228bf748d98cbd30b34b222852b6631cc98ff41b5e407018,timestamped_live_quote,FBS vs FBS
2026-09-26T12:35:36Z,f154381c89953d3b0bd409a6bc4e28a6,2026-09-26T23:45:00Z,Mississippi State Bulldogs,Missouri Tigers,betus,BetUS,2026-09-26T12:35:11Z,2026-09-26T12:35:11Z,Mississippi State Bulldogs,-5.5,-110.0,2026,2026-09-26T12:35:36Z,1070,13.652116851985856,9.821229023983,6.330887828002856,b4347a6d6451334b228bf748d98cbd30b34b222852b6631cc98ff41b5e407018,timestamped_live_quote,FBS vs FBS
2026-09-26T12:35:36Z,f154381c89953d3b0bd409a6bc4e28a6,2026-09-26T23:45:00Z,Mississippi State Bulldogs,Missouri Tigers,betus,BetUS,2026-09-26T12:35:11Z,2026-09-26T12:35:11Z,Missouri Tigers,5.5,-110.0,2026,2026-09-26T12:35:36Z,1070,13.652116851985856,9.821229023983,6.330887828002856,b4347a6d6451334b228bf748d98cbd30b34b222852b6631cc98ff41b5e407018,timestamped_live_quote,FBS vs FBS
2026-09-26T12:35:36Z,f154381c89953d3b0bd409a6bc4e28a6,2026-09-26T23:45:00Z,Mississippi State Bulldogs,Missouri Tigers,bovada,Bovada,2026-09-26T12:34:07Z,2026-09-26T12:34:07Z,Mississippi State Bulldogs,-6.0,-110.0,2026,2026-09-26T12:35:36Z,1070,13.652116851985856,9.821229023983,6.330887828002856,b4347a6d6451334b228bf748d98cbd30b34b222852b6631cc98ff41b5e407018,timestamped_live_quote,FBS vs FBS
2026-09-26T12:35:36Z,f154381c89953d3b0bd409a6bc4e28a6,2026-09-26T23:45:00Z,Mississippi State Bulldogs,Missouri Tigers,bovada,Bovada,2026-09-26T12:34:07Z,2026-09-26T12:34:07Z,Missouri Tigers,6.0,-110.0,2026,2026-09-26T12:35:36Z,1070,13.652116851985856,9.821229023983,6.330887828002856,b4347a6d6451334b228bf748d98cbd30b34b222852b6631cc98ff41b5e407018,timestamped_live_quote,FBS vs FBS
2026-09-26T12:35:36Z,891673ae39457f51a701ca482c2f7280,2026-09-27T00:00:00Z,Arkansas Razorbacks,Tulsa Golden Hurricane,fanduel,FanDuel,2026-09-26T12:35:11Z,2026-09-26T12:35:11Z,Arkansas Razorbacks,-7.5,100.0,2026,2026-09-26T12:35:36Z,1070,-2.4104664990116618,9.802408639225487,-9.712875138237148,b4347a6d6451334b228bf748d98cbd30b34b222852b6631cc98ff41b5e407018,timestamped_live_quote,FBS vs FBS
2026-09-26T12:35:36Z,891673ae39457f51a701ca482c2f7280,2026-09-27T00:00:00Z,Arkansas Razorbacks,Tulsa Golden Hurricane,fanduel,FanDuel,2026-09-26T12:35:11Z,2026-09-26T12:35:11Z,Tulsa Golden Hurricane,7.5,-122.0,2026,2026-09-26T12:35:36Z,1070,-2.4104664990116618,9.802408639225487,-9.712875138237148,b4347a6d6451334b228bf748d98cbd30b34b222852b6631cc98ff41b5e407018,timestamped_live_quote,FBS vs FBS
2026-09-26T12:35:36Z,891673ae39457f51a701ca482c2f7280,2026-09-27T00:00:00Z,Arkansas Razorbacks,Tulsa Golden Hurricane,mybookieag,MyBookie.ag,2026-09-26T12:35:13Z,2026-09-26T12:35:13Z,Arkansas Razorbacks,-7.0,-110.0,2026,2026-09-26T12:35:36Z,1070,-2.4104664990116618,9.802408639225487,-9.712875138237148,b4347a6d6451334b228bf748d98cbd30b34b222852b6631cc98ff41b5e407018,timestamped_live_quote,FBS vs FBS
2026-09-26T12:35:36Z,891673ae39457f51a701ca482c2f7280,2026-09-27T00:00:00Z,Arkansas Razorbacks,Tulsa Golden Hurricane,mybookieag,MyBookie.ag,2026-09-26T12:35:13Z,2026-09-26T12:35:13Z,Tulsa Golden Hurricane,7.0,-110.0,2026,2026-09-26T12:35:36Z,1070,-2.4104664990116618,9.802408639225487,-9.712875138237148,b4347a6d6451334b228bf748d98cbd30b34b222852b6631cc98ff41b5e407018,timestamped_live_quote,FBS vs FBS
2026-09-26T12:35:36Z,891673ae39457f51a701ca482c2f7280,2026-09-27T00:00:00Z,Arkansas Razorbacks,Tulsa Golden Hurricane,betrivers,BetRivers,2026-09-26T12:34:37Z,2026-09-26T12:34:37Z,Arkansas Razorbacks,-7.0,-112.0,2026,2026-09-26T12:35:36Z,1070,-2.4104664990116618,9.802408639225487,-9.712875138237148,b4347a6d6451334b228bf748d98cbd30b34b222852b6631cc98ff41b5e407018,timestamped_live_quote,FBS vs FBS
2026-09-26T12:35:36Z,891673ae39457f51a701ca482c2f7280,2026-09-27T00:00:00Z,Arkansas Razorbacks,Tulsa Golden Hurricane,betrivers,BetRivers,2026-09-26T12:34:37Z,2026-09-26T12:34:37Z,Tulsa Golden Hurricane,7.0,-112.0,2026,2026-09-26T12:35:36Z,1070,-2.4104664990116618,9.802408639225487,-9.712875138237148,b4347a6d6451334b228bf748d98cbd30b34b222852b6631cc98ff41b5e407018,timestamped_live_quote,FBS vs FBS
2026-09-26T12:35:36Z,891673ae39457f51a701ca482c2f7280,2026-09-27T00:00:00Z,Arkansas Razorbacks,Tulsa Golden Hurricane,draftkings,DraftKings,2026-09-26T12:34:55Z,2026-09-26T12:34:54Z,Arkansas Razorbacks,-7.0,-110.0,2026,2026-09-26T12:35:36Z,1070,-2.4104664990116618,9.802408639225487,-9.712875138237148,b4347a6d6451334b228bf748d98cbd30b34b222852b6631cc98ff41b5e407018,timestamped_live_quote,FBS vs FBS
2026-09-26T12:35:36Z,891673ae39457f51a701ca482c2f7280,2026-09-27T00:00:00Z,Arkansas Razorbacks,Tulsa Golden Hurricane,draftkings,DraftKings,2026-09-26T12:34:55Z,2026-09-26T12:34:54Z,Tulsa Golden Hurricane,7.0,-110.0,2026,2026-09-26T12:35:36Z,1070,-2.4104664990116618,9.802408639225487,-9.712875138237148,b4347a6d6451334b228bf748d98cbd30b34b222852b6631cc98ff41b5e407018,timestamped_live_quote,FBS vs FBS
2026-09-26T12:35:36Z,891673ae39457f51a701ca482c2f7280,2026-09-27T00:00:00Z,Arkansas Razorbacks,Tulsa Golden Hurricane,betonlineag,BetOnline.ag,2026-09-26T12:35:29Z,2026-09-26T12:35:29Z,Arkansas Razorbacks,-7.0,-112.0,2026,2026-09-26T12:35:36Z,1070,-2.4104664990116618,9.802408639225487,-9.712875138237148,b4347a6d6451334b228bf748d98cbd30b34b222852b6631cc98ff41b5e407018,timestamped_live_quote,FBS vs FBS
2026-09-26T12:35:36Z,891673ae39457f51a701ca482c2f7280,2026-09-27T00:00:00Z,Arkansas Razorbacks,Tulsa Golden Hurricane,betonlineag,BetOnline.ag,2026-09-26T12:35:29Z,2026-09-26T12:35:29Z,Tulsa Golden Hurricane,7.0,-108.0,2026,2026-09-26T12:35:36Z,1070,-2.4104664990116618,9.802408639225487,-9.712875138237148,b4347a6d6451334b228bf748d98cbd30b34b222852b6631cc98ff41b5e407018,timestamped_live_quote,FBS vs FBS
2026-09-26T12:35:36Z,891673ae39457f51a701ca482c2f7280,2026-09-27T00:00:00Z,Arkansas Razorbacks,Tulsa Golden Hurricane,lowvig,LowVig.ag,2026-09-26T12:34:53Z,2026-09-26T12:34:53Z,Arkansas Razorbacks,-7.0,-108.0,2026,2026-09-26T12:35:36Z,1070,-2.4104664990116618,9.802408639225487,-9.712875138237148,b4347a6d6451334b228bf748d98cbd30b34b222852b6631cc98ff41b5e407018,timestamped_live_quote,FBS vs FBS
2026-09-26T12:35:36Z,891673ae39457f51a701ca482c2f7280,2026-09-27T00:00:00Z,Arkansas Razorbacks,Tulsa Golden Hurricane,lowvig,LowVig.ag,2026-09-26T12:34:53Z,2026-09-26T12:34:53Z,Tulsa Golden Hurricane,7.0,-104.0,2026,2026-09-26T12:35:36Z,1070,-2.4104664990116618,9.802408639225487,-9.712875138237148,b4347a6d6451334b228bf748d98cbd30b34b222852b6631cc98ff41b5e407018,timestamped_live_quote,FBS vs FBS
2026-09-26T12:35:36Z,891673ae39457f51a701ca482c2f7280,2026-09-27T00:00:00Z,Arkansas Razorbacks,Tulsa Golden Hurricane,betus,BetUS,2026-09-26T12:35:11Z,2026-09-26T12:35:11Z,Arkansas Razorbacks,-7.0,-105.0,2026,2026-09-26T12:35:36Z,1070,-2.4104664990116618,9.802408639225487,-9.712875138237148,b4347a6d6451334b228bf748d98cbd30b34b222852b6631cc98ff41b5e407018,timestamped_live_quote,FBS vs FBS
2026-09-26T12:35:36Z,891673ae39457f51a701ca482c2f7280,2026-09-27T00:00:00Z,Arkansas Razorbacks,Tulsa Golden Hurricane,betus,BetUS,2026-09-26T12:35:11Z,2026-09-26T12:35:11Z,Tulsa Golden Hurricane,7.0,-115.0,2026,2026-09-26T12:35:36Z,1070,-2.4104664990116618,9.802408639225487,-9.712875138237148,b4347a6d6451334b228bf748d98cbd30b34b222852b6631cc98ff41b5e407018,timestamped_live_quote,FBS vs FBS
2026-09-26T12:35:36Z,891673ae39457f51a701ca482c2f7280,2026-09-27T00:00:00Z,Arkansas Razorbacks,Tulsa Golden Hurricane,betmgm,BetMGM,2026-09-26T12:34:23Z,2026-09-26T12:34:23Z,Arkansas Razorbacks,-7.0,-112.0,2026,2026-09-26T12:35:36Z,1070,-2.4104664990116618,9.802408639225487,-9.712875138237148,b4347a6d6451334b228bf748d98cbd30b34b222852b6631cc98ff41b5e407018,timestamped_live_quote,FBS vs FBS
2026-09-26T12:35:36Z,891673ae39457f51a701ca482c2f7280,2026-09-27T00:00:00Z,Arkansas Razorbacks,Tulsa Golden Hurricane,betmgm,BetMGM,2026-09-26T12:34:23Z,2026-09-26T12:34:23Z,Tulsa Golden Hurricane,7.0,-105.0,2026,2026-09-26T12:35:36Z,1070,-2.4104664990116618,9.802408639225487,-9.712875138237148,b4347a6d6451334b228bf748d98cbd30b34b222852b6631cc98ff41b5e407018,timestamped_live_quote,FBS vs FBS
2026-09-26T12:35:36Z,891673ae39457f51a701ca482c2f7280,2026-09-27T00:00:00Z,Arkansas Razorbacks,Tulsa Golden Hurricane,bovada,Bovada,2026-09-26T12:34:07Z,2026-09-26T12:34:07Z,Arkansas Razorbacks,-7.0,-110.0,2026,2026-09-26T12:35:36Z,1070,-2.4104664990116618,9.802408639225487,-9.712875138237148,b4347a6d6451334b228bf748d98cbd30b34b222852b6631cc98ff41b5e407018,timestamped_live_quote,FBS vs FBS
2026-09-26T12:35:36Z,891673ae39457f51a701ca482c2f7280,2026-09-27T00:00:00Z,Arkansas Razorbacks,Tulsa Golden Hurricane,bovada,Bovada,2026-09-26T12:34:07Z,2026-09-26T12:34:07Z,Tulsa Golden Hurricane,7.0,-110.0,2026,2026-09-26T12:35:36Z,1070,-2.4104664990116618,9.802408639225487,-9.712875138237148,b4347a6d6451334b228bf748d98cbd30b34b222852b6631cc98ff41b5e407018,timestamped_live_quote,FBS vs FBS
2026-09-26T12:35:36Z,8fd491e65439f5d6b6a1edc9da7f036b,2026-09-27T00:00:00Z,UL Monroe Warhawks,Florida Atlantic Owls,fanduel,FanDuel,2026-09-26T12:35:11Z,2026-09-26T12:35:11Z,Florida Atlantic Owls,-11.5,-114.0,2026,2026-09-26T12:35:36Z,1070,-6.563471030106082,-2.671103092249966,-1.392367937856116,b4347a6d6451334b228bf748d98cbd30b34b222852b6631cc98ff41b5e407018,timestamped_live_quote,FBS vs FBS
2026-09-26T12:35:36Z,8fd491e65439f5d6b6a1edc9da7f036b,2026-09-27T00:00:00Z,UL Monroe Warhawks,Florida Atlantic Owls,fanduel,FanDuel,2026-09-26T12:35:11Z,2026-09-26T12:35:11Z,UL Monroe Warhawks,11.5,-106.0,2026,2026-09-26T12:35:36Z,1070,-6.563471030106082,-2.671103092249966,-1.392367937856116,b4347a6d6451334b228bf748d98cbd30b34b222852b6631cc98ff41b5e407018,timestamped_live_quote,FBS vs FBS
2026-09-26T12:35:36Z,8fd491e65439f5d6b6a1edc9da7f036b,2026-09-27T00:00:00Z,UL Monroe Warhawks,Florida Atlantic Owls,mybookieag,MyBookie.ag,2026-09-26T12:35:13Z,2026-09-26T12:35:13Z,Florida Atlantic Owls,-12.0,-110.0,2026,2026-09-26T12:35:36Z,1070,-6.563471030106082,-2.671103092249966,-1.392367937856116,b4347a6d6451334b228bf748d98cbd30b34b222852b6631cc98ff41b5e407018,timestamped_live_quote,FBS vs FBS
2026-09-26T12:35:36Z,8fd491e65439f5d6b6a1edc9da7f036b,2026-09-27T00:00:00Z,UL Monroe Warhawks,Florida Atlantic Owls,mybookieag,MyBookie.ag,2026-09-26T12:35:13Z,2026-09-26T12:35:13Z,UL Monroe Warhawks,12.0,-110.0,2026,2026-09-26T12:35:36Z,1070,-6.563471030106082,-2.671103092249966,-1.392367937856116,b4347a6d6451334b228bf748d98cbd30b34b222852b6631cc98ff41b5e407018,timestamped_live_quote,FBS vs FBS
2026-09-26T12:35:36Z,8fd491e65439f5d6b6a1edc9da7f036b,2026-09-27T00:00:00Z,UL Monroe Warhawks,Florida Atlantic Owls,betrivers,BetRivers,2026-09-26T12:34:37Z,2026-09-26T12:34:37Z,Florida Atlantic Owls,-10.5,-109.0,2026,2026-09-26T12:35:36Z,1070,-6.563471030106082,-2.671103092249966,-1.392367937856116,b4347a6d6451334b228bf748d98cbd30b34b222852b6631cc98ff41b5e407018,timestamped_live_quote,FBS vs FBS
2026-09-26T12:35:36Z,8fd491e65439f5d6b6a1edc9da7f036b,2026-09-27T00:00:00Z,UL Monroe Warhawks,Florida Atlantic Owls,betrivers,BetRivers,2026-09-26T12:34:37Z,2026-09-26T12:34:37Z,UL Monroe Warhawks,10.5,-113.0,2026,2026-09-26T12:35:36Z,1070,-6.563471030106082,-2.671103092249966,-1.392367937856116,b4347a6d6451334b228bf748d98cbd30b34b222852b6631cc98ff41b5e407018,timestamped_live_quote,FBS vs FBS
2026-09-26T12:35:36Z,8fd491e65439f5d6b6a1edc9da7f036b,2026-09-27T00:00:00Z,UL Monroe Warhawks,Florida Atlantic Owls,draftkings,DraftKings,2026-09-26T12:34:55Z,2026-09-26T12:34:54Z,Florida Atlantic Owls,-11.5,-112.0,2026,2026-09-26T12:35:36Z,1070,-6.563471030106082,-2.671103092249966,-1.392367937856116,b4347a6d6451334b228bf748d98cbd30b34b222852b6631cc98ff41b5e407018,timestamped_live_quote,FBS vs FBS
2026-09-26T12:35:36Z,8fd491e65439f5d6b6a1edc9da7f036b,2026-09-27T00:00:00Z,UL Monroe Warhawks,Florida Atlantic Owls,draftkings,DraftKings,2026-09-26T12:34:55Z,2026-09-26T12:34:54Z,UL Monroe Warhawks,11.5,-108.0,2026,2026-09-26T12:35:36Z,1070,-6.563471030106082,-2.671103092249966,-1.392367937856116,b4347a6d6451334b228bf748d98cbd30b34b222852b6631cc98ff41b5e407018,timestamped_live_quote,FBS vs FBS
2026-09-26T12:35:36Z,8fd491e65439f5d6b6a1edc9da7f036b,2026-09-27T00:00:00Z,UL Monroe Warhawks,Florida Atlantic Owls,lowvig,LowVig.ag,2026-09-26T12:34:53Z,2026-09-26T12:34:53Z,Florida Atlantic Owls,-11.0,-101.0,2026,2026-09-26T12:35:36Z,1070,-6.563471030106082,-2.671103092249966,-1.392367937856116,b4347a6d6451334b228bf748d98cbd30b34b222852b6631cc98ff41b5e407018,timestamped_live_quote,FBS vs FBS
2026-09-26T12:35:36Z,8fd491e65439f5d6b6a1edc9da7f036b,2026-09-27T00:00:00Z,UL Monroe Warhawks,Florida Atlantic Owls,lowvig,LowVig.ag,2026-09-26T12:34:53Z,2026-09-26T12:34:53Z,UL Monroe Warhawks,11.0,-111.0,2026,2026-09-26T12:35:36Z,1070,-6.563471030106082,-2.671103092249966,-1.392367937856116,b4347a6d6451334b228bf748d98cbd30b34b222852b6631cc98ff41b5e407018,timestamped_live_quote,FBS vs FBS
2026-09-26T12:35:36Z,8fd491e65439f5d6b6a1edc9da7f036b,2026-09-27T00:00:00Z,UL Monroe Warhawks,Florida Atlantic Owls,betonlineag,BetOnline.ag,2026-09-26T12:35:29Z,2026-09-26T12:35:29Z,Florida Atlantic Owls,-11.0,-105.0,2026,2026-09-26T12:35:36Z,1070,-6.563471030106082,-2.671103092249966,-1.392367937856116,b4347a6d6451334b228bf748d98cbd30b34b222852b6631cc98ff41b5e407018,timestamped_live_quote,FBS vs FBS
2026-09-26T12:35:36Z,8fd491e65439f5d6b6a1edc9da7f036b,2026-09-27T00:00:00Z,UL Monroe Warhawks,Florida Atlantic Owls,betonlineag,BetOnline.ag,2026-09-26T12:35:29Z,2026-09-26T12:35:29Z,UL Monroe Warhawks,11.0,-115.0,2026,2026-09-26T12:35:36Z,1070,-6.563471030106082,-2.671103092249966,-1.392367937856116,b4347a6d6451334b228bf748d98cbd30b34b222852b6631cc98ff41b5e407018,timestamped_live_quote,FBS vs FBS
2026-09-26T12:35:36Z,8fd491e65439f5d6b6a1edc9da7f036b,2026-09-27T00:00:00Z,UL Monroe Warhawks,Florida Atlantic Owls,betmgm,BetMGM,2026-09-26T12:34:23Z,2026-09-26T12:34:23Z,Florida Atlantic Owls,-11.5,-108.0,2026,2026-09-26T12:35:36Z,1070,-6.563471030106082,-2.671103092249966,-1.392367937856116,b4347a6d6451334b228bf748d98cbd30b34b222852b6631cc98ff41b5e407018,timestamped_live_quote,FBS vs FBS
2026-09-26T12:35:36Z,8fd491e65439f5d6b6a1edc9da7f036b,2026-09-27T00:00:00Z,UL Monroe Warhawks,Florida Atlantic Owls,betmgm,BetMGM,2026-09-26T12:34:23Z,2026-09-26T12:34:23Z,UL Monroe Warhawks,11.5,-110.0,2026,2026-09-26T12:35:36Z,1070,-6.563471030106082,-2.671103092249966,-1.392367937856116,b4347a6d6451334b228bf748d98cbd30b34b222852b6631cc98ff41b5e407018,timestamped_live_quote,FBS vs FBS
2026-09-26T12:35:36Z,8fd491e65439f5d6b6a1edc9da7f036b,2026-09-27T00:00:00Z,UL Monroe Warhawks,Florida Atlantic Owls,betus,BetUS,2026-09-26T12:35:11Z,2026-09-26T12:35:11Z,Florida Atlantic Owls,-11.0,-105.0,2026,2026-09-26T12:35:36Z,1070,-6.563471030106082,-2.671103092249966,-1.392367937856116,b4347a6d6451334b228bf748d98cbd30b34b222852b6631cc98ff41b5e407018,timestamped_live_quote,FBS vs FBS
2026-09-26T12:35:36Z,8fd491e65439f5d6b6a1edc9da7f036b,2026-09-27T00:00:00Z,UL Monroe Warhawks,Florida Atlantic Owls,betus,BetUS,2026-09-26T12:35:11Z,2026-09-26T12:35:11Z,UL Monroe Warhawks,11.0,-115.0,2026,2026-09-26T12:35:36Z,1070,-6.563471030106082,-2.671103092249966,-1.392367937856116,b4347a6d6451334b228bf748d98cbd30b34b222852b6631cc98ff41b5e407018,timestamped_live_quote,FBS vs FBS
2026-09-26T12:35:36Z,8fd491e65439f5d6b6a1edc9da7f036b,2026-09-27T00:00:00Z,UL Monroe Warhawks,Florida Atlantic Owls,bovada,Bovada,2026-09-26T12:34:07Z,2026-09-26T12:34:07Z,Florida Atlantic Owls,-11.5,-110.0,2026,2026-09-26T12:35:36Z,1070,-6.563471030106082,-2.671103092249966,-1.392367937856116,b4347a6d6451334b228bf748d98cbd30b34b222852b6631cc98ff41b5e407018,timestamped_live_quote,FBS vs FBS
2026-09-26T12:35:36Z,8fd491e65439f5d6b6a1edc9da7f036b,2026-09-27T00:00:00Z,UL Monroe Warhawks,Florida Atlantic Owls,bovada,Bovada,2026-09-26T12:34:07Z,2026-09-26T12:34:07Z,UL Monroe Warhawks,11.5,-110.0,2026,2026-09-26T12:35:36Z,1070,-6.563471030106082,-2.671103092249966,-1.392367937856116,b4347a6d6451334b228bf748d98cbd30b34b222852b6631cc98ff41b5e407018,timestamped_live_quote,FBS vs FBS
2026-09-26T12:35:36Z,4d76388c84fc859e6bae8ff267266872,2026-09-27T01:00:00Z,SMU Mustangs,Missouri State Bears,fanduel,FanDuel,2026-09-26T12:35:11Z,2026-09-26T12:35:11Z,Missouri State Bears,33.5,-110.0,2026,2026-09-26T12:35:36Z,1070,7.609203834447438,-3.2015217306758568,13.310725565123295,b4347a6d6451334b228bf748d98cbd30b34b222852b6631cc98ff41b5e407018,timestamped_live_quote,FBS vs FBS
2026-09-26T12:35:36Z,4d76388c84fc859e6bae8ff267266872,2026-09-27T01:00:00Z,SMU Mustangs,Missouri State Bears,fanduel,FanDuel,2026-09-26T12:35:11Z,2026-09-26T12:35:11Z,SMU Mustangs,-33.5,-110.0,2026,2026-09-26T12:35:36Z,1070,7.609203834447438,-3.2015217306758568,13.310725565123295,b4347a6d6451334b228bf748d98cbd30b34b222852b6631cc98ff41b5e407018,timestamped_live_quote,FBS vs FBS
2026-09-26T12:35:36Z,4d76388c84fc859e6bae8ff267266872,2026-09-27T01:00:00Z,SMU Mustangs,Missouri State Bears,betrivers,BetRivers,2026-09-26T12:34:37Z,2026-09-26T12:34:37Z,Missouri State Bears,33.0,-112.0,2026,2026-09-26T12:35:36Z,1070,7.609203834447438,-3.2015217306758568,13.310725565123295,b4347a6d6451334b228bf748d98cbd30b34b222852b6631cc98ff41b5e407018,timestamped_live_quote,FBS vs FBS
2026-09-26T12:35:36Z,4d76388c84fc859e6bae8ff267266872,2026-09-27T01:00:00Z,SMU Mustangs,Missouri State Bears,betrivers,BetRivers,2026-09-26T12:34:37Z,2026-09-26T12:34:37Z,SMU Mustangs,-33.0,-112.0,2026,2026-09-26T12:35:36Z,1070,7.609203834447438,-3.2015217306758568,13.310725565123295,b4347a6d6451334b228bf748d98cbd30b34b222852b6631cc98ff41b5e407018,timestamped_live_quote,FBS vs FBS
2026-09-26T12:35:36Z,4d76388c84fc859e6bae8ff267266872,2026-09-27T01:00:00Z,SMU Mustangs,Missouri State Bears,draftkings,DraftKings,2026-09-26T12:34:55Z,2026-09-26T12:34:54Z,Missouri State Bears,33.5,-110.0,2026,2026-09-26T12:35:36Z,1070,7.609203834447438,-3.2015217306758568,13.310725565123295,b4347a6d6451334b228bf748d98cbd30b34b222852b6631cc98ff41b5e407018,timestamped_live_quote,FBS vs FBS
2026-09-26T12:35:36Z,4d76388c84fc859e6bae8ff267266872,2026-09-27T01:00:00Z,SMU Mustangs,Missouri State Bears,draftkings,DraftKings,2026-09-26T12:34:55Z,2026-09-26T12:34:54Z,SMU Mustangs,-33.5,-110.0,2026,2026-09-26T12:35:36Z,1070,7.609203834447438,-3.2015217306758568,13.310725565123295,b4347a6d6451334b228bf748d98cbd30b34b222852b6631cc98ff41b5e407018,timestamped_live_quote,FBS vs FBS
2026-09-26T12:35:36Z,4d76388c84fc859e6bae8ff267266872,2026-09-27T01:00:00Z,SMU Mustangs,Missouri State Bears,lowvig,LowVig.ag,2026-09-26T12:34:53Z,2026-09-26T12:34:53Z,Missouri State Bears,32.0,-105.0,2026,2026-09-26T12:35:36Z,1070,7.609203834447438,-3.2015217306758568,13.310725565123295,b4347a6d6451334b228bf748d98cbd30b34b222852b6631cc98ff41b5e407018,timestamped_live_quote,FBS vs FBS
2026-09-26T12:35:36Z,4d76388c84fc859e6bae8ff267266872,2026-09-27T01:00:00Z,SMU Mustangs,Missouri State Bears,lowvig,LowVig.ag,2026-09-26T12:34:53Z,2026-09-26T12:34:53Z,SMU Mustangs,-32.0,-107.0,2026,2026-09-26T12:35:36Z,1070,7.609203834447438,-3.2015217306758568,13.310725565123295,b4347a6d6451334b228bf748d98cbd30b34b222852b6631cc98ff41b5e407018,timestamped_live_quote,FBS vs FBS
2026-09-26T12:35:36Z,4d76388c84fc859e6bae8ff267266872,2026-09-27T01:00:00Z,SMU Mustangs,Missouri State Bears,betonlineag,BetOnline.ag,2026-09-26T12:35:29Z,2026-09-26T12:35:29Z,Missouri State Bears,32.0,-109.0,2026,2026-09-26T12:35:36Z,1070,7.609203834447438,-3.2015217306758568,13.310725565123295,b4347a6d6451334b228bf748d98cbd30b34b222852b6631cc98ff41b5e407018,timestamped_live_quote,FBS vs FBS
2026-09-26T12:35:36Z,4d76388c84fc859e6bae8ff267266872,2026-09-27T01:00:00Z,SMU Mustangs,Missouri State Bears,betonlineag,BetOnline.ag,2026-09-26T12:35:29Z,2026-09-26T12:35:29Z,SMU Mustangs,-32.0,-111.0,2026,2026-09-26T12:35:36Z,1070,7.609203834447438,-3.2015217306758568,13.310725565123295,b4347a6d6451334b228bf748d98cbd30b34b222852b6631cc98ff41b5e407018,timestamped_live_quote,FBS vs FBS
2026-09-26T12:35:36Z,4d76388c84fc859e6bae8ff267266872,2026-09-27T01:00:00Z,SMU Mustangs,Missouri State Bears,betmgm,BetMGM,2026-09-26T12:34:23Z,2026-09-26T12:34:23Z,Missouri State Bears,33.0,-110.0,2026,2026-09-26T12:35:36Z,1070,7.609203834447438,-3.2015217306758568,13.310725565123295,b4347a6d6451334b228bf748d98cbd30b34b222852b6631cc98ff41b5e407018,timestamped_live_quote,FBS vs FBS
2026-09-26T12:35:36Z,4d76388c84fc859e6bae8ff267266872,2026-09-27T01:00:00Z,SMU Mustangs,Missouri State Bears,betmgm,BetMGM,2026-09-26T12:34:23Z,2026-09-26T12:34:23Z,SMU Mustangs,-33.0,-108.0,2026,2026-09-26T12:35:36Z,1070,7.609203834447438,-3.2015217306758568,13.310725565123295,b4347a6d6451334b228bf748d98cbd30b34b222852b6631cc98ff41b5e407018,timestamped_live_quote,FBS vs FBS
2026-09-26T12:35:36Z,4d76388c84fc859e6bae8ff267266872,2026-09-27T01:00:00Z,SMU Mustangs,Missouri State Bears,betus,BetUS,2026-09-26T12:35:11Z,2026-09-26T12:35:11Z,Missouri State Bears,32.0,-110.0,2026,2026-09-26T12:35:36Z,1070,7.609203834447438,-3.2015217306758568,13.310725565123295,b4347a6d6451334b228bf748d98cbd30b34b222852b6631cc98ff41b5e407018,timestamped_live_quote,FBS vs FBS
2026-09-26T12:35:36Z,4d76388c84fc859e6bae8ff267266872,2026-09-27T01:00:00Z,SMU Mustangs,Missouri State Bears,betus,BetUS,2026-09-26T12:35:11Z,2026-09-26T12:35:11Z,SMU Mustangs,-32.0,-110.0,2026,2026-09-26T12:35:36Z,1070,7.609203834447438,-3.2015217306758568,13.310725565123295,b4347a6d6451334b228bf748d98cbd30b34b222852b6631cc98ff41b5e407018,timestamped_live_quote,FBS vs FBS
2026-09-26T12:35:36Z,4d76388c84fc859e6bae8ff267266872,2026-09-27T01:00:00Z,SMU Mustangs,Missouri State Bears,bovada,Bovada,2026-09-26T12:34:07Z,2026-09-26T12:34:07Z,Missouri State Bears,33.5,-110.0,2026,2026-09-26T12:35:36Z,1070,7.609203834447438,-3.2015217306758568,13.310725565123295,b4347a6d6451334b228bf748d98cbd30b34b222852b6631cc98ff41b5e407018,timestamped_live_quote,FBS vs FBS
2026-09-26T12:35:36Z,4d76388c84fc859e6bae8ff267266872,2026-09-27T01:00:00Z,SMU Mustangs,Missouri State Bears,bovada,Bovada,2026-09-26T12:34:07Z,2026-09-26T12:34:07Z,SMU Mustangs,-33.5,-110.0,2026,2026-09-26T12:35:36Z,1070,7.609203834447438,-3.2015217306758568,13.310725565123295,b4347a6d6451334b228bf748d98cbd30b34b222852b6631cc98ff41b5e407018,timestamped_live_quote,FBS vs FBS
2026-09-26T12:35:36Z,4d76388c84fc859e6bae8ff267266872,2026-09-27T01:00:00Z,SMU Mustangs,Missouri State Bears,mybookieag,MyBookie.ag,2026-09-26T12:35:13Z,2026-09-26T12:35:13Z,Missouri State Bears,34.0,-110.0,2026,2026-09-26T12:35:36Z,1070,7.609203834447438,-3.2015217306758568,13.310725565123295,b4347a6d6451334b228bf748d98cbd30b34b222852b6631cc98ff41b5e407018,timestamped_live_quote,FBS vs FBS
2026-09-26T12:35:36Z,4d76388c84fc859e6bae8ff267266872,2026-09-27T01:00:00Z,SMU Mustangs,Missouri State Bears,mybookieag,MyBookie.ag,2026-09-26T12:35:13Z,2026-09-26T12:35:13Z,SMU Mustangs,-34.0,-110.0,2026,2026-09-26T12:35:36Z,1070,7.609203834447438,-3.2015217306758568,13.310725565123295,b4347a6d6451334b228bf748d98cbd30b34b222852b6631cc98ff41b5e407018,timestamped_live_quote,FBS vs FBS
2026-09-26T12:35:36Z,a48c4a759a03a93bf42e23d2f8bf769e,2026-09-27T01:00:00Z,UTEP Miners,Oregon State Beavers,fanduel,FanDuel,2026-09-26T12:35:11Z,2026-09-26T12:35:11Z,Oregon State Beavers,-10.5,-120.0,2026,2026-09-26T12:35:36Z,1070,-5.47643794547201,3.81192432213797,-6.78836226760998,b4347a6d6451334b228bf748d98cbd30b34b222852b6631cc98ff41b5e407018,timestamped_live_quote,FBS vs FBS
2026-09-26T12:35:36Z,a48c4a759a03a93bf42e23d2f8bf769e,2026-09-27T01:00:00Z,UTEP Miners,Oregon State Beavers,fanduel,FanDuel,2026-09-26T12:35:11Z,2026-09-26T12:35:11Z,UTEP Miners,10.5,-102.0,2026,2026-09-26T12:35:36Z,1070,-5.47643794547201,3.81192432213797,-6.78836226760998,b4347a6d6451334b228bf748d98cbd30b34b222852b6631cc98ff41b5e407018,timestamped_live_quote,FBS vs FBS
2026-09-26T12:35:36Z,a48c4a759a03a93bf42e23d2f8bf769e,2026-09-27T01:00:00Z,UTEP Miners,Oregon State Beavers,mybookieag,MyBookie.ag,2026-09-26T12:35:13Z,2026-09-26T12:35:13Z,Oregon State Beavers,-11.0,-110.0,2026,2026-09-26T12:35:36Z,1070,-5.47643794547201,3.81192432213797,-6.78836226760998,b4347a6d6451334b228bf748d98cbd30b34b222852b6631cc98ff41b5e407018,timestamped_live_quote,FBS vs FBS
2026-09-26T12:35:36Z,a48c4a759a03a93bf42e23d2f8bf769e,2026-09-27T01:00:00Z,UTEP Miners,Oregon State Beavers,mybookieag,MyBookie.ag,2026-09-26T12:35:13Z,2026-09-26T12:35:13Z,UTEP Miners,11.0,-110.0,2026,2026-09-26T12:35:36Z,1070,-5.47643794547201,3.81192432213797,-6.78836226760998,b4347a6d6451334b228bf748d98cbd30b34b222852b6631cc98ff41b5e407018,timestamped_live_quote,FBS vs FBS
2026-09-26T12:35:36Z,a48c4a759a03a93bf42e23d2f8bf769e,2026-09-27T01:00:00Z,UTEP Miners,Oregon State Beavers,betrivers,BetRivers,2026-09-26T12:34:37Z,2026-09-26T12:34:37Z,Oregon State Beavers,-11.0,-114.0,2026,2026-09-26T12:35:36Z,1070,-5.47643794547201,3.81192432213797,-6.78836226760998,b4347a6d6451334b228bf748d98cbd30b34b222852b6631cc98ff41b5e407018,timestamped_live_quote,FBS vs FBS
2026-09-26T12:35:36Z,a48c4a759a03a93bf42e23d2f8bf769e,2026-09-27T01:00:00Z,UTEP Miners,Oregon State Beavers,betrivers,BetRivers,2026-09-26T12:34:37Z,2026-09-26T12:34:37Z,UTEP Miners,11.0,-109.0,2026,2026-09-26T12:35:36Z,1070,-5.47643794547201,3.81192432213797,-6.78836226760998,b4347a6d6451334b228bf748d98cbd30b34b222852b6631cc98ff41b5e407018,timestamped_live_quote,FBS vs FBS
2026-09-26T12:35:36Z,a48c4a759a03a93bf42e23d2f8bf769e,2026-09-27T01:00:00Z,UTEP Miners,Oregon State Beavers,draftkings,DraftKings,2026-09-26T12:34:55Z,2026-09-26T12:34:54Z,Oregon State Beavers,-10.5,-115.0,2026,2026-09-26T12:35:36Z,1070,-5.47643794547201,3.81192432213797,-6.78836226760998,b4347a6d6451334b228bf748d98cbd30b34b222852b6631cc98ff41b5e407018,timestamped_live_quote,FBS vs FBS
2026-09-26T12:35:36Z,a48c4a759a03a93bf42e23d2f8bf769e,2026-09-27T01:00:00Z,UTEP Miners,Oregon State Beavers,draftkings,DraftKings,2026-09-26T12:34:55Z,2026-09-26T12:34:54Z,UTEP Miners,10.5,-105.0,2026,2026-09-26T12:35:36Z,1070,-5.47643794547201,3.81192432213797,-6.78836226760998,b4347a6d6451334b228bf748d98cbd30b34b222852b6631cc98ff41b5e407018,timestamped_live_quote,FBS vs FBS
2026-09-26T12:35:36Z,a48c4a759a03a93bf42e23d2f8bf769e,2026-09-27T01:00:00Z,UTEP Miners,Oregon State Beavers,lowvig,LowVig.ag,2026-09-26T12:34:53Z,2026-09-26T12:34:53Z,Oregon State Beavers,-10.5,-111.0,2026,2026-09-26T12:35:36Z,1070,-5.47643794547201,3.81192432213797,-6.78836226760998,b4347a6d6451334b228bf748d98cbd30b34b222852b6631cc98ff41b5e407018,timestamped_live_quote,FBS vs FBS
2026-09-26T12:35:36Z,a48c4a759a03a93bf42e23d2f8bf769e,2026-09-27T01:00:00Z,UTEP Miners,Oregon State Beavers,lowvig,LowVig.ag,2026-09-26T12:34:53Z,2026-09-26T12:34:53Z,UTEP Miners,10.5,-101.0,2026,2026-09-26T12:35:36Z,1070,-5.47643794547201,3.81192432213797,-6.78836226760998,b4347a6d6451334b228bf748d98cbd30b34b222852b6631cc98ff41b5e407018,timestamped_live_quote,FBS vs FBS
2026-09-26T12:35:36Z,a48c4a759a03a93bf42e23d2f8bf769e,2026-09-27T01:00:00Z,UTEP Miners,Oregon State Beavers,betonlineag,BetOnline.ag,2026-09-26T12:35:29Z,2026-09-26T12:35:29Z,Oregon State Beavers,-10.5,-115.0,2026,2026-09-26T12:35:36Z,1070,-5.47643794547201,3.81192432213797,-6.78836226760998,b4347a6d6451334b228bf748d98cbd30b34b222852b6631cc98ff41b5e407018,timestamped_live_quote,FBS vs FBS
2026-09-26T12:35:36Z,a48c4a759a03a93bf42e23d2f8bf769e,2026-09-27T01:00:00Z,UTEP Miners,Oregon State Beavers,betonlineag,BetOnline.ag,2026-09-26T12:35:29Z,2026-09-26T12:35:29Z,UTEP Miners,10.5,-105.0,2026,2026-09-26T12:35:36Z,1070,-5.47643794547201,3.81192432213797,-6.78836226760998,b4347a6d6451334b228bf748d98cbd30b34b222852b6631cc98ff41b5e407018,timestamped_live_quote,FBS vs FBS
2026-09-26T12:35:36Z,a48c4a759a03a93bf42e23d2f8bf769e,2026-09-27T01:00:00Z,UTEP Miners,Oregon State Beavers,betus,BetUS,2026-09-26T12:35:11Z,2026-09-26T12:35:11Z,Oregon State Beavers,-11.0,-110.0,2026,2026-09-26T12:35:36Z,1070,-5.47643794547201,3.81192432213797,-6.78836226760998,b4347a6d6451334b228bf748d98cbd30b34b222852b6631cc98ff41b5e407018,timestamped_live_quote,FBS vs FBS
2026-09-26T12:35:36Z,a48c4a759a03a93bf42e23d2f8bf769e,2026-09-27T01:00:00Z,UTEP Miners,Oregon State Beavers,betus,BetUS,2026-09-26T12:35:11Z,2026-09-26T12:35:11Z,UTEP Miners,11.0,-110.0,2026,2026-09-26T12:35:36Z,1070,-5.47643794547201,3.81192432213797,-6.78836226760998,b4347a6d6451334b228bf748d98cbd30b34b222852b6631cc98ff41b5e407018,timestamped_live_quote,FBS vs FBS
2026-09-26T12:35:36Z,a48c4a759a03a93bf42e23d2f8bf769e,2026-09-27T01:00:00Z,UTEP Miners,Oregon State Beavers,betmgm,BetMGM,2026-09-26T12:34:23Z,2026-09-26T12:34:23Z,Oregon State Beavers,-11.5,-112.0,2026,2026-09-26T12:35:36Z,1070,-5.47643794547201,3.81192432213797,-6.78836226760998,b4347a6d6451334b228bf748d98cbd30b34b222852b6631cc98ff41b5e407018,timestamped_live_quote,FBS vs FBS
2026-09-26T12:35:36Z,a48c4a759a03a93bf42e23d2f8bf769e,2026-09-27T01:00:00Z,UTEP Miners,Oregon State Beavers,betmgm,BetMGM,2026-09-26T12:34:23Z,2026-09-26T12:34:23Z,UTEP Miners,11.5,-118.0,2026,2026-09-26T12:35:36Z,1070,-5.47643794547201,3.81192432213797,-6.78836226760998,b4347a6d6451334b228bf748d98cbd30b34b222852b6631cc98ff41b5e407018,timestamped_live_quote,FBS vs FBS
2026-09-26T12:35:36Z,a48c4a759a03a93bf42e23d2f8bf769e,2026-09-27T01:00:00Z,UTEP Miners,Oregon State Beavers,bovada,Bovada,2026-09-26T12:34:07Z,2026-09-26T12:34:07Z,Oregon State Beavers,-11.5,-110.0,2026,2026-09-26T12:35:36Z,1070,-5.47643794547201,3.81192432213797,-6.78836226760998,b4347a6d6451334b228bf748d98cbd30b34b222852b6631cc98ff41b5e407018,timestamped_live_quote,FBS vs FBS
2026-09-26T12:35:36Z,a48c4a759a03a93bf42e23d2f8bf769e,2026-09-27T01:00:00Z,UTEP Miners,Oregon State Beavers,bovada,Bovada,2026-09-26T12:34:07Z,2026-09-26T12:34:07Z,UTEP Miners,11.5,-110.0,2026,2026-09-26T12:35:36Z,1070,-5.47643794547201,3.81192432213797,-6.78836226760998,b4347a6d6451334b228bf748d98cbd30b34b222852b6631cc98ff41b5e407018,timestamped_live_quote,FBS vs FBS
2026-09-26T12:35:36Z,dc2fd7526ea0bba9adc09a5627b637bf,2026-09-27T01:00:00Z,Sacramento State Hornets,UMass Minutemen,fanduel,FanDuel,2026-09-26T12:35:11Z,2026-09-26T12:35:11Z,Sacramento State Hornets,4.5,-115.0,2026,2026-09-26T12:35:36Z,1070,,,,b4347a6d6451334b228bf748d98cbd30b34b222852b6631cc98ff41b5e407018,division_safety_suppressed,Unverified division / FCS: model suppressed
2026-09-26T12:35:36Z,dc2fd7526ea0bba9adc09a5627b637bf,2026-09-27T01:00:00Z,Sacramento State Hornets,UMass Minutemen,fanduel,FanDuel,2026-09-26T12:35:11Z,2026-09-26T12:35:11Z,UMass Minutemen,-4.5,-105.0,2026,2026-09-26T12:35:36Z,1070,,,,b4347a6d6451334b228bf748d98cbd30b34b222852b6631cc98ff41b5e407018,division_safety_suppressed,Unverified division / FCS: model suppressed
2026-09-26T12:35:36Z,dc2fd7526ea0bba9adc09a5627b637bf,2026-09-27T01:00:00Z,Sacramento State Hornets,UMass Minutemen,draftkings,DraftKings,2026-09-26T12:34:55Z,2026-09-26T12:34:54Z,Sacramento State Hornets,4.5,-110.0,2026,2026-09-26T12:35:36Z,1070,,,,b4347a6d6451334b228bf748d98cbd30b34b222852b6631cc98ff41b5e407018,division_safety_suppressed,Unverified division / FCS: model suppressed
2026-09-26T12:35:36Z,dc2fd7526ea0bba9adc09a5627b637bf,2026-09-27T01:00:00Z,Sacramento State Hornets,UMass Minutemen,draftkings,DraftKings,2026-09-26T12:34:55Z,2026-09-26T12:34:54Z,UMass Minutemen,-4.5,-110.0,2026,2026-09-26T12:35:36Z,1070,,,,b4347a6d6451334b228bf748d98cbd30b34b222852b6631cc98ff41b5e407018,division_safety_suppressed,Unverified division / FCS: model suppressed
2026-09-26T12:35:36Z,dc2fd7526ea0bba9adc09a5627b637bf,2026-09-27T01:00:00Z,Sacramento State Hornets,UMass Minutemen,betonlineag,BetOnline.ag,2026-09-26T12:35:29Z,2026-09-26T12:35:29Z,Sacramento State Hornets,4.5,-108.0,2026,2026-09-26T12:35:36Z,1070,,,,b4347a6d6451334b228bf748d98cbd30b34b222852b6631cc98ff41b5e407018,division_safety_suppressed,Unverified division / FCS: model suppressed
2026-09-26T12:35:36Z,dc2fd7526ea0bba9adc09a5627b637bf,2026-09-27T01:00:00Z,Sacramento State Hornets,UMass Minutemen,betonlineag,BetOnline.ag,2026-09-26T12:35:29Z,2026-09-26T12:35:29Z,UMass Minutemen,-4.5,-112.0,2026,2026-09-26T12:35:36Z,1070,,,,b4347a6d6451334b228bf748d98cbd30b34b222852b6631cc98ff41b5e407018,division_safety_suppressed,Unverified division / FCS: model suppressed
2026-09-26T12:35:36Z,dc2fd7526ea0bba9adc09a5627b637bf,2026-09-27T01:00:00Z,Sacramento State Hornets,UMass Minutemen,lowvig,LowVig.ag,2026-09-26T12:34:53Z,2026-09-26T12:34:53Z,Sacramento State Hornets,4.5,-104.0,2026,2026-09-26T12:35:36Z,1070,,,,b4347a6d6451334b228bf748d98cbd30b34b222852b6631cc98ff41b5e407018,division_safety_suppressed,Unverified division / FCS: model suppressed
2026-09-26T12:35:36Z,dc2fd7526ea0bba9adc09a5627b637bf,2026-09-27T01:00:00Z,Sacramento State Hornets,UMass Minutemen,lowvig,LowVig.ag,2026-09-26T12:34:53Z,2026-09-26T12:34:53Z,UMass Minutemen,-4.5,-108.0,2026,2026-09-26T12:35:36Z,1070,,,,b4347a6d6451334b228bf748d98cbd30b34b222852b6631cc98ff41b5e407018,division_safety_suppressed,Unverified division / FCS: model suppressed
2026-09-26T12:35:36Z,dc2fd7526ea0bba9adc09a5627b637bf,2026-09-27T01:00:00Z,Sacramento State Hornets,UMass Minutemen,betus,BetUS,2026-09-26T12:35:11Z,2026-09-26T12:35:11Z,Sacramento State Hornets,4.5,-110.0,2026,2026-09-26T12:35:36Z,1070,,,,b4347a6d6451334b228bf748d98cbd30b34b222852b6631cc98ff41b5e407018,division_safety_suppressed,Unverified division / FCS: model suppressed
2026-09-26T12:35:36Z,dc2fd7526ea0bba9adc09a5627b637bf,2026-09-27T01:00:00Z,Sacramento State Hornets,UMass Minutemen,betus,BetUS,2026-09-26T12:35:11Z,2026-09-26T12:35:11Z,UMass Minutemen,-4.5,-110.0,2026,2026-09-26T12:35:36Z,1070,,,,b4347a6d6451334b228bf748d98cbd30b34b222852b6631cc98ff41b5e407018,division_safety_suppressed,Unverified division / FCS: model suppressed
2026-09-26T12:35:36Z,dc2fd7526ea0bba9adc09a5627b637bf,2026-09-27T01:00:00Z,Sacramento State Hornets,UMass Minutemen,betmgm,BetMGM,2026-09-26T12:34:23Z,2026-09-26T12:34:23Z,Sacramento State Hornets,4.5,-110.0,2026,2026-09-26T12:35:36Z,1070,,,,b4347a6d6451334b228bf748d98cbd30b34b222852b6631cc98ff41b5e407018,division_safety_suppressed,Unverified division / FCS: model suppressed
2026-09-26T12:35:36Z,dc2fd7526ea0bba9adc09a5627b637bf,2026-09-27T01:00:00Z,Sacramento State Hornets,UMass Minutemen,betmgm,BetMGM,2026-09-26T12:34:23Z,2026-09-26T12:34:23Z,UMass Minutemen,-4.5,-108.0,2026,2026-09-26T12:35:36Z,1070,,,,b4347a6d6451334b228bf748d98cbd30b34b222852b6631cc98ff41b5e407018,division_safety_suppressed,Unverified division / FCS: model suppressed
2026-09-26T12:35:36Z,dc2fd7526ea0bba9adc09a5627b637bf,2026-09-27T01:00:00Z,Sacramento State Hornets,UMass Minutemen,betrivers,BetRivers,2026-09-26T12:34:37Z,2026-09-26T12:34:37Z,Sacramento State Hornets,5.0,-109.0,2026,2026-09-26T12:35:36Z,1070,,,,b4347a6d6451334b228bf748d98cbd30b34b222852b6631cc98ff41b5e407018,division_safety_suppressed,Unverified division / FCS: model suppressed
2026-09-26T12:35:36Z,dc2fd7526ea0bba9adc09a5627b637bf,2026-09-27T01:00:00Z,Sacramento State Hornets,UMass Minutemen,betrivers,BetRivers,2026-09-26T12:34:37Z,2026-09-26T12:34:37Z,UMass Minutemen,-5.0,-113.0,2026,2026-09-26T12:35:36Z,1070,,,,b4347a6d6451334b228bf748d98cbd30b34b222852b6631cc98ff41b5e407018,division_safety_suppressed,Unverified division / FCS: model suppressed
2026-09-26T12:35:36Z,dc2fd7526ea0bba9adc09a5627b637bf,2026-09-27T01:00:00Z,Sacramento State Hornets,UMass Minutemen,bovada,Bovada,2026-09-26T12:34:07Z,2026-09-26T12:34:07Z,Sacramento State Hornets,4.5,-110.0,2026,2026-09-26T12:35:36Z,1070,,,,b4347a6d6451334b228bf748d98cbd30b34b222852b6631cc98ff41b5e407018,division_safety_suppressed,Unverified division / FCS: model suppressed
2026-09-26T12:35:36Z,dc2fd7526ea0bba9adc09a5627b637bf,2026-09-27T01:00:00Z,Sacramento State Hornets,UMass Minutemen,bovada,Bovada,2026-09-26T12:34:07Z,2026-09-26T12:34:07Z,UMass Minutemen,-4.5,-110.0,2026,2026-09-26T12:35:36Z,1070,,,,b4347a6d6451334b228bf748d98cbd30b34b222852b6631cc98ff41b5e407018,division_safety_suppressed,Unverified division / FCS: model suppressed
2026-09-26T12:35:36Z,271438149d3f0afb2ff01736101b5e20,2026-09-27T02:00:00Z,Fresno State Bulldogs,Rice Owls,fanduel,FanDuel,2026-09-26T12:35:11Z,2026-09-26T12:35:11Z,Fresno State Bulldogs,-13.5,100.0,2026,2026-09-26T12:35:36Z,1070,4.341357142320407,-0.8574583241742499,7.698815466494658,b4347a6d6451334b228bf748d98cbd30b34b222852b6631cc98ff41b5e407018,timestamped_live_quote,FBS vs FBS
2026-09-26T12:35:36Z,271438149d3f0afb2ff01736101b5e20,2026-09-27T02:00:00Z,Fresno State Bulldogs,Rice Owls,fanduel,FanDuel,2026-09-26T12:35:11Z,2026-09-26T12:35:11Z,Rice Owls,13.5,-122.0,2026,2026-09-26T12:35:36Z,1070,4.341357142320407,-0.8574583241742499,7.698815466494658,b4347a6d6451334b228bf748d98cbd30b34b222852b6631cc98ff41b5e407018,timestamped_live_quote,FBS vs FBS
2026-09-26T12:35:36Z,271438149d3f0afb2ff01736101b5e20,2026-09-27T02:00:00Z,Fresno State Bulldogs,Rice Owls,mybookieag,MyBookie.ag,2026-09-26T12:35:13Z,2026-09-26T12:35:13Z,Fresno State Bulldogs,-13.5,-110.0,2026,2026-09-26T12:35:36Z,1070,4.341357142320407,-0.8574583241742499,7.698815466494658,b4347a6d6451334b228bf748d98cbd30b34b222852b6631cc98ff41b5e407018,timestamped_live_quote,FBS vs FBS
2026-09-26T12:35:36Z,271438149d3f0afb2ff01736101b5e20,2026-09-27T02:00:00Z,Fresno State Bulldogs,Rice Owls,mybookieag,MyBookie.ag,2026-09-26T12:35:13Z,2026-09-26T12:35:13Z,Rice Owls,13.5,-110.0,2026,2026-09-26T12:35:36Z,1070,4.341357142320407,-0.8574583241742499,7.698815466494658,b4347a6d6451334b228bf748d98cbd30b34b222852b6631cc98ff41b5e407018,timestamped_live_quote,FBS vs FBS
2026-09-26T12:35:36Z,271438149d3f0afb2ff01736101b5e20,2026-09-27T02:00:00Z,Fresno State Bulldogs,Rice Owls,draftkings,DraftKings,2026-09-26T12:34:55Z,2026-09-26T12:34:54Z,Fresno State Bulldogs,-13.5,-105.0,2026,2026-09-26T12:35:36Z,1070,4.341357142320407,-0.8574583241742499,7.698815466494658,b4347a6d6451334b228bf748d98cbd30b34b222852b6631cc98ff41b5e407018,timestamped_live_quote,FBS vs FBS
2026-09-26T12:35:36Z,271438149d3f0afb2ff01736101b5e20,2026-09-27T02:00:00Z,Fresno State Bulldogs,Rice Owls,draftkings,DraftKings,2026-09-26T12:34:55Z,2026-09-26T12:34:54Z,Rice Owls,13.5,-115.0,2026,2026-09-26T12:35:36Z,1070,4.341357142320407,-0.8574583241742499,7.698815466494658,b4347a6d6451334b228bf748d98cbd30b34b222852b6631cc98ff41b5e407018,timestamped_live_quote,FBS vs FBS
2026-09-26T12:35:36Z,271438149d3f0afb2ff01736101b5e20,2026-09-27T02:00:00Z,Fresno State Bulldogs,Rice Owls,betonlineag,BetOnline.ag,2026-09-26T12:35:29Z,2026-09-26T12:35:29Z,Fresno State Bulldogs,-13.5,-105.0,2026,2026-09-26T12:35:36Z,1070,4.341357142320407,-0.8574583241742499,7.698815466494658,b4347a6d6451334b228bf748d98cbd30b34b222852b6631cc98ff41b5e407018,timestamped_live_quote,FBS vs FBS
2026-09-26T12:35:36Z,271438149d3f0afb2ff01736101b5e20,2026-09-27T02:00:00Z,Fresno State Bulldogs,Rice Owls,betonlineag,BetOnline.ag,2026-09-26T12:35:29Z,2026-09-26T12:35:29Z,Rice Owls,13.5,-115.0,2026,2026-09-26T12:35:36Z,1070,4.341357142320407,-0.8574583241742499,7.698815466494658,b4347a6d6451334b228bf748d98cbd30b34b222852b6631cc98ff41b5e407018,timestamped_live_quote,FBS vs FBS
2026-09-26T12:35:36Z,271438149d3f0afb2ff01736101b5e20,2026-09-27T02:00:00Z,Fresno State Bulldogs,Rice Owls,lowvig,LowVig.ag,2026-09-26T12:34:53Z,2026-09-26T12:34:53Z,Fresno State Bulldogs,-13.5,-101.0,2026,2026-09-26T12:35:36Z,1070,4.341357142320407,-0.8574583241742499,7.698815466494658,b4347a6d6451334b228bf748d98cbd30b34b222852b6631cc98ff41b5e407018,timestamped_live_quote,FBS vs FBS
2026-09-26T12:35:36Z,271438149d3f0afb2ff01736101b5e20,2026-09-27T02:00:00Z,Fresno State Bulldogs,Rice Owls,lowvig,LowVig.ag,2026-09-26T12:34:53Z,2026-09-26T12:34:53Z,Rice Owls,13.5,-111.0,2026,2026-09-26T12:35:36Z,1070,4.341357142320407,-0.8574583241742499,7.698815466494658,b4347a6d6451334b228bf748d98cbd30b34b222852b6631cc98ff41b5e407018,timestamped_live_quote,FBS vs FBS
2026-09-26T12:35:36Z,271438149d3f0afb2ff01736101b5e20,2026-09-27T02:00:00Z,Fresno State Bulldogs,Rice Owls,betus,BetUS,2026-09-26T12:35:11Z,2026-09-26T12:35:11Z,Fresno State Bulldogs,-13.5,-110.0,2026,2026-09-26T12:35:36Z,1070,4.341357142320407,-0.8574583241742499,7.698815466494658,b4347a6d6451334b228bf748d98cbd30b34b222852b6631cc98ff41b5e407018,timestamped_live_quote,FBS vs FBS
2026-09-26T12:35:36Z,271438149d3f0afb2ff01736101b5e20,2026-09-27T02:00:00Z,Fresno State Bulldogs,Rice Owls,betus,BetUS,2026-09-26T12:35:11Z,2026-09-26T12:35:11Z,Rice Owls,13.5,-110.0,2026,2026-09-26T12:35:36Z,1070,4.341357142320407,-0.8574583241742499,7.698815466494658,b4347a6d6451334b228bf748d98cbd30b34b222852b6631cc98ff41b5e407018,timestamped_live_quote,FBS vs FBS
2026-09-26T12:35:36Z,271438149d3f0afb2ff01736101b5e20,2026-09-27T02:00:00Z,Fresno State Bulldogs,Rice Owls,betmgm,BetMGM,2026-09-26T12:34:23Z,2026-09-26T12:34:23Z,Fresno State Bulldogs,-13.0,-108.0,2026,2026-09-26T12:35:36Z,1070,4.341357142320407,-0.8574583241742499,7.698815466494658,b4347a6d6451334b228bf748d98cbd30b34b222852b6631cc98ff41b5e407018,timestamped_live_quote,FBS vs FBS
2026-09-26T12:35:36Z,271438149d3f0afb2ff01736101b5e20,2026-09-27T02:00:00Z,Fresno State Bulldogs,Rice Owls,betmgm,BetMGM,2026-09-26T12:34:23Z,2026-09-26T12:34:23Z,Rice Owls,13.0,-110.0,2026,2026-09-26T12:35:36Z,1070,4.341357142320407,-0.8574583241742499,7.698815466494658,b4347a6d6451334b228bf748d98cbd30b34b222852b6631cc98ff41b5e407018,timestamped_live_quote,FBS vs FBS
2026-09-26T12:35:36Z,271438149d3f0afb2ff01736101b5e20,2026-09-27T02:00:00Z,Fresno State Bulldogs,Rice Owls,betrivers,BetRivers,2026-09-26T12:34:37Z,2026-09-26T12:34:37Z,Fresno State Bulldogs,-11.0,-110.0,2026,2026-09-26T12:35:36Z,1070,4.341357142320407,-0.8574583241742499,7.698815466494658,b4347a6d6451334b228bf748d98cbd30b34b222852b6631cc98ff41b5e407018,timestamped_live_quote,FBS vs FBS
2026-09-26T12:35:36Z,271438149d3f0afb2ff01736101b5e20,2026-09-27T02:00:00Z,Fresno State Bulldogs,Rice Owls,betrivers,BetRivers,2026-09-26T12:34:37Z,2026-09-26T12:34:37Z,Rice Owls,11.0,-112.0,2026,2026-09-26T12:35:36Z,1070,4.341357142320407,-0.8574583241742499,7.698815466494658,b4347a6d6451334b228bf748d98cbd30b34b222852b6631cc98ff41b5e407018,timestamped_live_quote,FBS vs FBS
2026-09-26T12:35:36Z,271438149d3f0afb2ff01736101b5e20,2026-09-27T02:00:00Z,Fresno State Bulldogs,Rice Owls,bovada,Bovada,2026-09-26T12:34:07Z,2026-09-26T12:34:07Z,Fresno State Bulldogs,-13.0,-110.0,2026,2026-09-26T12:35:36Z,1070,4.341357142320407,-0.8574583241742499,7.698815466494658,b4347a6d6451334b228bf748d98cbd30b34b222852b6631cc98ff41b5e407018,timestamped_live_quote,FBS vs FBS
2026-09-26T12:35:36Z,271438149d3f0afb2ff01736101b5e20,2026-09-27T02:00:00Z,Fresno State Bulldogs,Rice Owls,bovada,Bovada,2026-09-26T12:34:07Z,2026-09-26T12:34:07Z,Rice Owls,13.0,-110.0,2026,2026-09-26T12:35:36Z,1070,4.341357142320407,-0.8574583241742499,7.698815466494658,b4347a6d6451334b228bf748d98cbd30b34b222852b6631cc98ff41b5e407018,timestamped_live_quote,FBS vs FBS
2026-09-26T12:35:36Z,e972bb2c0291b991de32cc0188c9d338,2026-09-27T02:30:00Z,Nevada Wolf Pack,Air Force Falcons,fanduel,FanDuel,2026-09-26T12:35:11Z,2026-09-26T12:35:11Z,Air Force Falcons,-5.5,-118.0,2026,2026-09-26T12:35:36Z,1070,1.8443709190685582,2.877466169785261,1.4669047492832972,b4347a6d6451334b228bf748d98cbd30b34b222852b6631cc98ff41b5e407018,timestamped_live_quote,FBS vs FBS
2026-09-26T12:35:36Z,e972bb2c0291b991de32cc0188c9d338,2026-09-27T02:30:00Z,Nevada Wolf Pack,Air Force Falcons,fanduel,FanDuel,2026-09-26T12:35:11Z,2026-09-26T12:35:11Z,Nevada Wolf Pack,5.5,-104.0,2026,2026-09-26T12:35:36Z,1070,1.8443709190685582,2.877466169785261,1.4669047492832972,b4347a6d6451334b228bf748d98cbd30b34b222852b6631cc98ff41b5e407018,timestamped_live_quote,FBS vs FBS
2026-09-26T12:35:36Z,e972bb2c0291b991de32cc0188c9d338,2026-09-27T02:30:00Z,Nevada Wolf Pack,Air Force Falcons,mybookieag,MyBookie.ag,2026-09-26T12:35:13Z,2026-09-26T12:35:13Z,Air Force Falcons,-6.0,-110.0,2026,2026-09-26T12:35:36Z,1070,1.8443709190685582,2.877466169785261,1.4669047492832972,b4347a6d6451334b228bf748d98cbd30b34b222852b6631cc98ff41b5e407018,timestamped_live_quote,FBS vs FBS
2026-09-26T12:35:36Z,e972bb2c0291b991de32cc0188c9d338,2026-09-27T02:30:00Z,Nevada Wolf Pack,Air Force Falcons,mybookieag,MyBookie.ag,2026-09-26T12:35:13Z,2026-09-26T12:35:13Z,Nevada Wolf Pack,6.0,-110.0,2026,2026-09-26T12:35:36Z,1070,1.8443709190685582,2.877466169785261,1.4669047492832972,b4347a6d6451334b228bf748d98cbd30b34b222852b6631cc98ff41b5e407018,timestamped_live_quote,FBS vs FBS
2026-09-26T12:35:36Z,e972bb2c0291b991de32cc0188c9d338,2026-09-27T02:30:00Z,Nevada Wolf Pack,Air Force Falcons,draftkings,DraftKings,2026-09-26T12:34:55Z,2026-09-26T12:34:54Z,Air Force Falcons,-6.0,-108.0,2026,2026-09-26T12:35:36Z,1070,1.8443709190685582,2.877466169785261,1.4669047492832972,b4347a6d6451334b228bf748d98cbd30b34b222852b6631cc98ff41b5e407018,timestamped_live_quote,FBS vs FBS
2026-09-26T12:35:36Z,e972bb2c0291b991de32cc0188c9d338,2026-09-27T02:30:00Z,Nevada Wolf Pack,Air Force Falcons,draftkings,DraftKings,2026-09-26T12:34:55Z,2026-09-26T12:34:54Z,Nevada Wolf Pack,6.0,-112.0,2026,2026-09-26T12:35:36Z,1070,1.8443709190685582,2.877466169785261,1.4669047492832972,b4347a6d6451334b228bf748d98cbd30b34b222852b6631cc98ff41b5e407018,timestamped_live_quote,FBS vs FBS
2026-09-26T12:35:36Z,e972bb2c0291b991de32cc0188c9d338,2026-09-27T02:30:00Z,Nevada Wolf Pack,Air Force Falcons,betonlineag,BetOnline.ag,2026-09-26T12:35:29Z,2026-09-26T12:35:29Z,Air Force Falcons,-6.0,-105.0,2026,2026-09-26T12:35:36Z,1070,1.8443709190685582,2.877466169785261,1.4669047492832972,b4347a6d6451334b228bf748d98cbd30b34b222852b6631cc98ff41b5e407018,timestamped_live_quote,FBS vs FBS
2026-09-26T12:35:36Z,e972bb2c0291b991de32cc0188c9d338,2026-09-27T02:30:00Z,Nevada Wolf Pack,Air Force Falcons,betonlineag,BetOnline.ag,2026-09-26T12:35:29Z,2026-09-26T12:35:29Z,Nevada Wolf Pack,6.0,-115.0,2026,2026-09-26T12:35:36Z,1070,1.8443709190685582,2.877466169785261,1.4669047492832972,b4347a6d6451334b228bf748d98cbd30b34b222852b6631cc98ff41b5e407018,timestamped_live_quote,FBS vs FBS
2026-09-26T12:35:36Z,e972bb2c0291b991de32cc0188c9d338,2026-09-27T02:30:00Z,Nevada Wolf Pack,Air Force Falcons,lowvig,LowVig.ag,2026-09-26T12:34:53Z,2026-09-26T12:34:53Z,Air Force Falcons,-6.0,-101.0,2026,2026-09-26T12:35:36Z,1070,1.8443709190685582,2.877466169785261,1.4669047492832972,b4347a6d6451334b228bf748d98cbd30b34b222852b6631cc98ff41b5e407018,timestamped_live_quote,FBS vs FBS
2026-09-26T12:35:36Z,e972bb2c0291b991de32cc0188c9d338,2026-09-27T02:30:00Z,Nevada Wolf Pack,Air Force Falcons,lowvig,LowVig.ag,2026-09-26T12:34:53Z,2026-09-26T12:34:53Z,Nevada Wolf Pack,6.0,-111.0,2026,2026-09-26T12:35:36Z,1070,1.8443709190685582,2.877466169785261,1.4669047492832972,b4347a6d6451334b228bf748d98cbd30b34b222852b6631cc98ff41b5e407018,timestamped_live_quote,FBS vs FBS
2026-09-26T12:35:36Z,e972bb2c0291b991de32cc0188c9d338,2026-09-27T02:30:00Z,Nevada Wolf Pack,Air Force Falcons,betmgm,BetMGM,2026-09-26T12:34:23Z,2026-09-26T12:34:23Z,Air Force Falcons,-6.0,-110.0,2026,2026-09-26T12:35:36Z,1070,1.8443709190685582,2.877466169785261,1.4669047492832972,b4347a6d6451334b228bf748d98cbd30b34b222852b6631cc98ff41b5e407018,timestamped_live_quote,FBS vs FBS
2026-09-26T12:35:36Z,e972bb2c0291b991de32cc0188c9d338,2026-09-27T02:30:00Z,Nevada Wolf Pack,Air Force Falcons,betmgm,BetMGM,2026-09-26T12:34:23Z,2026-09-26T12:34:23Z,Nevada Wolf Pack,6.0,-108.0,2026,2026-09-26T12:35:36Z,1070,1.8443709190685582,2.877466169785261,1.4669047492832972,b4347a6d6451334b228bf748d98cbd30b34b222852b6631cc98ff41b5e407018,timestamped_live_quote,FBS vs FBS
2026-09-26T12:35:36Z,e972bb2c0291b991de32cc0188c9d338,2026-09-27T02:30:00Z,Nevada Wolf Pack,Air Force Falcons,betus,BetUS,2026-09-26T12:35:11Z,2026-09-26T12:35:11Z,Air Force Falcons,-6.0,-105.0,2026,2026-09-26T12:35:36Z,1070,1.8443709190685582,2.877466169785261,1.4669047492832972,b4347a6d6451334b228bf748d98cbd30b34b222852b6631cc98ff41b5e407018,timestamped_live_quote,FBS vs FBS
2026-09-26T12:35:36Z,e972bb2c0291b991de32cc0188c9d338,2026-09-27T02:30:00Z,Nevada Wolf Pack,Air Force Falcons,betus,BetUS,2026-09-26T12:35:11Z,2026-09-26T12:35:11Z,Nevada Wolf Pack,6.0,-115.0,2026,2026-09-26T12:35:36Z,1070,1.8443709190685582,2.877466169785261,1.4669047492832972,b4347a6d6451334b228bf748d98cbd30b34b222852b6631cc98ff41b5e407018,timestamped_live_quote,FBS vs FBS
2026-09-26T12:35:36Z,e972bb2c0291b991de32cc0188c9d338,2026-09-27T02:30:00Z,Nevada Wolf Pack,Air Force Falcons,betrivers,BetRivers,2026-09-26T12:34:37Z,2026-09-26T12:34:37Z,Air Force Falcons,-6.5,-109.0,2026,2026-09-26T12:35:36Z,1070,1.8443709190685582,2.877466169785261,1.4669047492832972,b4347a6d6451334b228bf748d98cbd30b34b222852b6631cc98ff41b5e407018,timestamped_live_quote,FBS vs FBS
2026-09-26T12:35:36Z,e972bb2c0291b991de32cc0188c9d338,2026-09-27T02:30:00Z,Nevada Wolf Pack,Air Force Falcons,betrivers,BetRivers,2026-09-26T12:34:37Z,2026-09-26T12:34:37Z,Nevada Wolf Pack,6.5,-114.0,2026,2026-09-26T12:35:36Z,1070,1.8443709190685582,2.877466169785261,1.4669047492832972,b4347a6d6451334b228bf748d98cbd30b34b222852b6631cc98ff41b5e407018,timestamped_live_quote,FBS vs FBS
2026-09-26T12:35:36Z,e972bb2c0291b991de32cc0188c9d338,2026-09-27T02:30:00Z,Nevada Wolf Pack,Air Force Falcons,bovada,Bovada,2026-09-26T12:34:07Z,2026-09-26T12:34:07Z,Air Force Falcons,-5.5,-115.0,2026,2026-09-26T12:35:36Z,1070,1.8443709190685582,2.877466169785261,1.4669047492832972,b4347a6d6451334b228bf748d98cbd30b34b222852b6631cc98ff41b5e407018,timestamped_live_quote,FBS vs FBS
2026-09-26T12:35:36Z,e972bb2c0291b991de32cc0188c9d338,2026-09-27T02:30:00Z,Nevada Wolf Pack,Air Force Falcons,bovada,Bovada,2026-09-26T12:34:07Z,2026-09-26T12:34:07Z,Nevada Wolf Pack,5.5,-105.0,2026,2026-09-26T12:35:36Z,1070,1.8443709190685582,2.877466169785261,1.4669047492832972,b4347a6d6451334b228bf748d98cbd30b34b222852b6631cc98ff41b5e407018,timestamped_live_quote,FBS vs FBS
2026-09-26T12:35:36Z,0c86537a10b805d25a4ab4f4efdd4c30,2026-09-27T02:30:00Z,Stanford Cardinal,Georgia Tech Yellow Jackets,fanduel,FanDuel,2026-09-26T12:35:11Z,2026-09-26T12:35:11Z,Georgia Tech Yellow Jackets,-3.5,100.0,2026,2026-09-26T12:35:36Z,1070,-5.777139541186646,2.9081633054388285,-6.185302846625474,b4347a6d6451334b228bf748d98cbd30b34b222852b6631cc98ff41b5e407018,timestamped_live_quote,FBS vs FBS
2026-09-26T12:35:36Z,0c86537a10b805d25a4ab4f4efdd4c30,2026-09-27T02:30:00Z,Stanford Cardinal,Georgia Tech Yellow Jackets,fanduel,FanDuel,2026-09-26T12:35:11Z,2026-09-26T12:35:11Z,Stanford Cardinal,3.5,-122.0,2026,2026-09-26T12:35:36Z,1070,-5.777139541186646,2.9081633054388285,-6.185302846625474,b4347a6d6451334b228bf748d98cbd30b34b222852b6631cc98ff41b5e407018,timestamped_live_quote,FBS vs FBS
2026-09-26T12:35:36Z,0c86537a10b805d25a4ab4f4efdd4c30,2026-09-27T02:30:00Z,Stanford Cardinal,Georgia Tech Yellow Jackets,mybookieag,MyBookie.ag,2026-09-26T12:35:13Z,2026-09-26T12:35:13Z,Georgia Tech Yellow Jackets,-3.5,-110.0,2026,2026-09-26T12:35:36Z,1070,-5.777139541186646,2.9081633054388285,-6.185302846625474,b4347a6d6451334b228bf748d98cbd30b34b222852b6631cc98ff41b5e407018,timestamped_live_quote,FBS vs FBS
2026-09-26T12:35:36Z,0c86537a10b805d25a4ab4f4efdd4c30,2026-09-27T02:30:00Z,Stanford Cardinal,Georgia Tech Yellow Jackets,mybookieag,MyBookie.ag,2026-09-26T12:35:13Z,2026-09-26T12:35:13Z,Stanford Cardinal,3.5,-110.0,2026,2026-09-26T12:35:36Z,1070,-5.777139541186646,2.9081633054388285,-6.185302846625474,b4347a6d6451334b228bf748d98cbd30b34b222852b6631cc98ff41b5e407018,timestamped_live_quote,FBS vs FBS
2026-09-26T12:35:36Z,0c86537a10b805d25a4ab4f4efdd4c30,2026-09-27T02:30:00Z,Stanford Cardinal,Georgia Tech Yellow Jackets,draftkings,DraftKings,2026-09-26T12:34:55Z,2026-09-26T12:34:54Z,Georgia Tech Yellow Jackets,-3.5,-108.0,2026,2026-09-26T12:35:36Z,1070,-5.777139541186646,2.9081633054388285,-6.185302846625474,b4347a6d6451334b228bf748d98cbd30b34b222852b6631cc98ff41b5e407018,timestamped_live_quote,FBS vs FBS
2026-09-26T12:35:36Z,0c86537a10b805d25a4ab4f4efdd4c30,2026-09-27T02:30:00Z,Stanford Cardinal,Georgia Tech Yellow Jackets,draftkings,DraftKings,2026-09-26T12:34:55Z,2026-09-26T12:34:54Z,Stanford Cardinal,3.5,-112.0,2026,2026-09-26T12:35:36Z,1070,-5.777139541186646,2.9081633054388285,-6.185302846625474,b4347a6d6451334b228bf748d98cbd30b34b222852b6631cc98ff41b5e407018,timestamped_live_quote,FBS vs FBS
2026-09-26T12:35:36Z,0c86537a10b805d25a4ab4f4efdd4c30,2026-09-27T02:30:00Z,Stanford Cardinal,Georgia Tech Yellow Jackets,betonlineag,BetOnline.ag,2026-09-26T12:35:29Z,2026-09-26T12:35:29Z,Georgia Tech Yellow Jackets,-3.5,-104.0,2026,2026-09-26T12:35:36Z,1070,-5.777139541186646,2.9081633054388285,-6.185302846625474,b4347a6d6451334b228bf748d98cbd30b34b222852b6631cc98ff41b5e407018,timestamped_live_quote,FBS vs FBS
2026-09-26T12:35:36Z,0c86537a10b805d25a4ab4f4efdd4c30,2026-09-27T02:30:00Z,Stanford Cardinal,Georgia Tech Yellow Jackets,betonlineag,BetOnline.ag,2026-09-26T12:35:29Z,2026-09-26T12:35:29Z,Stanford Cardinal,3.5,-116.0,2026,2026-09-26T12:35:36Z,1070,-5.777139541186646,2.9081633054388285,-6.185302846625474,b4347a6d6451334b228bf748d98cbd30b34b222852b6631cc98ff41b5e407018,timestamped_live_quote,FBS vs FBS
2026-09-26T12:35:36Z,0c86537a10b805d25a4ab4f4efdd4c30,2026-09-27T02:30:00Z,Stanford Cardinal,Georgia Tech Yellow Jackets,lowvig,LowVig.ag,2026-09-26T12:34:53Z,2026-09-26T12:34:53Z,Georgia Tech Yellow Jackets,-3.5,100.0,2026,2026-09-26T12:35:36Z,1070,-5.777139541186646,2.9081633054388285,-6.185302846625474,b4347a6d6451334b228bf748d98cbd30b34b222852b6631cc98ff41b5e407018,timestamped_live_quote,FBS vs FBS
2026-09-26T12:35:36Z,0c86537a10b805d25a4ab4f4efdd4c30,2026-09-27T02:30:00Z,Stanford Cardinal,Georgia Tech Yellow Jackets,lowvig,LowVig.ag,2026-09-26T12:34:53Z,2026-09-26T12:34:53Z,Stanford Cardinal,3.5,-112.0,2026,2026-09-26T12:35:36Z,1070,-5.777139541186646,2.9081633054388285,-6.185302846625474,b4347a6d6451334b228bf748d98cbd30b34b222852b6631cc98ff41b5e407018,timestamped_live_quote,FBS vs FBS
2026-09-26T12:35:36Z,0c86537a10b805d25a4ab4f4efdd4c30,2026-09-27T02:30:00Z,Stanford Cardinal,Georgia Tech Yellow Jackets,betmgm,BetMGM,2026-09-26T12:34:23Z,2026-09-26T12:34:23Z,Georgia Tech Yellow Jackets,-3.5,-105.0,2026,2026-09-26T12:35:36Z,1070,-5.777139541186646,2.9081633054388285,-6.185302846625474,b4347a6d6451334b228bf748d98cbd30b34b222852b6631cc98ff41b5e407018,timestamped_live_quote,FBS vs FBS
2026-09-26T12:35:36Z,0c86537a10b805d25a4ab4f4efdd4c30,2026-09-27T02:30:00Z,Stanford Cardinal,Georgia Tech Yellow Jackets,betmgm,BetMGM,2026-09-26T12:34:23Z,2026-09-26T12:34:23Z,Stanford Cardinal,3.5,-112.0,2026,2026-09-26T12:35:36Z,1070,-5.777139541186646,2.9081633054388285,-6.185302846625474,b4347a6d6451334b228bf748d98cbd30b34b222852b6631cc98ff41b5e407018,timestamped_live_quote,FBS vs FBS
2026-09-26T12:35:36Z,0c86537a10b805d25a4ab4f4efdd4c30,2026-09-27T02:30:00Z,Stanford Cardinal,Georgia Tech Yellow Jackets,betus,BetUS,2026-09-26T12:35:11Z,2026-09-26T12:35:11Z,Georgia Tech Yellow Jackets,-3.5,-105.0,2026,2026-09-26T12:35:36Z,1070,-5.777139541186646,2.9081633054388285,-6.185302846625474,b4347a6d6451334b228bf748d98cbd30b34b222852b6631cc98ff41b5e407018,timestamped_live_quote,FBS vs FBS
2026-09-26T12:35:36Z,0c86537a10b805d25a4ab4f4efdd4c30,2026-09-27T02:30:00Z,Stanford Cardinal,Georgia Tech Yellow Jackets,betus,BetUS,2026-09-26T12:35:11Z,2026-09-26T12:35:11Z,Stanford Cardinal,3.5,-115.0,2026,2026-09-26T12:35:36Z,1070,-5.777139541186646,2.9081633054388285,-6.185302846625474,b4347a6d6451334b228bf748d98cbd30b34b222852b6631cc98ff41b5e407018,timestamped_live_quote,FBS vs FBS
2026-09-26T12:35:36Z,0c86537a10b805d25a4ab4f4efdd4c30,2026-09-27T02:30:00Z,Stanford Cardinal,Georgia Tech Yellow Jackets,betrivers,BetRivers,2026-09-26T12:34:37Z,2026-09-26T12:34:37Z,Georgia Tech Yellow Jackets,-3.5,-106.0,2026,2026-09-26T12:35:36Z,1070,-5.777139541186646,2.9081633054388285,-6.185302846625474,b4347a6d6451334b228bf748d98cbd30b34b222852b6631cc98ff41b5e407018,timestamped_live_quote,FBS vs FBS
2026-09-26T12:35:36Z,0c86537a10b805d25a4ab4f4efdd4c30,2026-09-27T02:30:00Z,Stanford Cardinal,Georgia Tech Yellow Jackets,betrivers,BetRivers,2026-09-26T12:34:37Z,2026-09-26T12:34:37Z,Stanford Cardinal,3.5,-118.0,2026,2026-09-26T12:35:36Z,1070,-5.777139541186646,2.9081633054388285,-6.185302846625474,b4347a6d6451334b228bf748d98cbd30b34b222852b6631cc98ff41b5e407018,timestamped_live_quote,FBS vs FBS
2026-09-26T12:35:36Z,0c86537a10b805d25a4ab4f4efdd4c30,2026-09-27T02:30:00Z,Stanford Cardinal,Georgia Tech Yellow Jackets,bovada,Bovada,2026-09-26T12:34:07Z,2026-09-26T12:34:07Z,Georgia Tech Yellow Jackets,-3.5,100.0,2026,2026-09-26T12:35:36Z,1070,-5.777139541186646,2.9081633054388285,-6.185302846625474,b4347a6d6451334b228bf748d98cbd30b34b222852b6631cc98ff41b5e407018,timestamped_live_quote,FBS vs FBS
2026-09-26T12:35:36Z,0c86537a10b805d25a4ab4f4efdd4c30,2026-09-27T02:30:00Z,Stanford Cardinal,Georgia Tech Yellow Jackets,bovada,Bovada,2026-09-26T12:34:07Z,2026-09-26T12:34:07Z,Stanford Cardinal,3.5,-120.0,2026,2026-09-26T12:35:36Z,1070,-5.777139541186646,2.9081633054388285,-6.185302846625474,b4347a6d6451334b228bf748d98cbd30b34b222852b6631cc98ff41b5e407018,timestamped_live_quote,FBS vs FBS
2026-09-26T12:35:36Z,e497e36c59bded468da11878568e7c80,2026-09-27T03:00:00Z,Washington Huskies,Minnesota Golden Gophers,fanduel,FanDuel,2026-09-26T12:35:11Z,2026-09-26T12:35:11Z,Minnesota Golden Gophers,9.5,-104.0,2026,2026-09-26T12:35:36Z,1070,4.875123792051334,8.323004200651608,-0.9478804086002741,b4347a6d6451334b228bf748d98cbd30b34b222852b6631cc98ff41b5e407018,timestamped_live_quote,FBS vs FBS
2026-09-26T12:35:36Z,e497e36c59bded468da11878568e7c80,2026-09-27T03:00:00Z,Washington Huskies,Minnesota Golden Gophers,fanduel,FanDuel,2026-09-26T12:35:11Z,2026-09-26T12:35:11Z,Washington Huskies,-9.5,-118.0,2026,2026-09-26T12:35:36Z,1070,4.875123792051334,8.323004200651608,-0.9478804086002741,b4347a6d6451334b228bf748d98cbd30b34b222852b6631cc98ff41b5e407018,timestamped_live_quote,FBS vs FBS
2026-09-26T12:35:36Z,e497e36c59bded468da11878568e7c80,2026-09-27T03:00:00Z,Washington Huskies,Minnesota Golden Gophers,draftkings,DraftKings,2026-09-26T12:34:55Z,2026-09-26T12:34:54Z,Minnesota Golden Gophers,10.5,-112.0,2026,2026-09-26T12:35:36Z,1070,4.875123792051334,8.323004200651608,-0.9478804086002741,b4347a6d6451334b228bf748d98cbd30b34b222852b6631cc98ff41b5e407018,timestamped_live_quote,FBS vs FBS
2026-09-26T12:35:36Z,e497e36c59bded468da11878568e7c80,2026-09-27T03:00:00Z,Washington Huskies,Minnesota Golden Gophers,draftkings,DraftKings,2026-09-26T12:34:55Z,2026-09-26T12:34:54Z,Washington Huskies,-10.5,-108.0,2026,2026-09-26T12:35:36Z,1070,4.875123792051334,8.323004200651608,-0.9478804086002741,b4347a6d6451334b228bf748d98cbd30b34b222852b6631cc98ff41b5e407018,timestamped_live_quote,FBS vs FBS
2026-09-26T12:35:36Z,e497e36c59bded468da11878568e7c80,2026-09-27T03:00:00Z,Washington Huskies,Minnesota Golden Gophers,mybookieag,MyBookie.ag,2026-09-26T12:35:13Z,2026-09-26T12:35:13Z,Minnesota Golden Gophers,10.5,-110.0,2026,2026-09-26T12:35:36Z,1070,4.875123792051334,8.323004200651608,-0.9478804086002741,b4347a6d6451334b228bf748d98cbd30b34b222852b6631cc98ff41b5e407018,timestamped_live_quote,FBS vs FBS
2026-09-26T12:35:36Z,e497e36c59bded468da11878568e7c80,2026-09-27T03:00:00Z,Washington Huskies,Minnesota Golden Gophers,mybookieag,MyBookie.ag,2026-09-26T12:35:13Z,2026-09-26T12:35:13Z,Washington Huskies,-10.5,-110.0,2026,2026-09-26T12:35:36Z,1070,4.875123792051334,8.323004200651608,-0.9478804086002741,b4347a6d6451334b228bf748d98cbd30b34b222852b6631cc98ff41b5e407018,timestamped_live_quote,FBS vs FBS
2026-09-26T12:35:36Z,e497e36c59bded468da11878568e7c80,2026-09-27T03:00:00Z,Washington Huskies,Minnesota Golden Gophers,betonlineag,BetOnline.ag,2026-09-26T12:35:29Z,2026-09-26T12:35:29Z,Minnesota Golden Gophers,10.5,-112.0,2026,2026-09-26T12:35:36Z,1070,4.875123792051334,8.323004200651608,-0.9478804086002741,b4347a6d6451334b228bf748d98cbd30b34b222852b6631cc98ff41b5e407018,timestamped_live_quote,FBS vs FBS
2026-09-26T12:35:36Z,e497e36c59bded468da11878568e7c80,2026-09-27T03:00:00Z,Washington Huskies,Minnesota Golden Gophers,betonlineag,BetOnline.ag,2026-09-26T12:35:29Z,2026-09-26T12:35:29Z,Washington Huskies,-10.5,-108.0,2026,2026-09-26T12:35:36Z,1070,4.875123792051334,8.323004200651608,-0.9478804086002741,b4347a6d6451334b228bf748d98cbd30b34b222852b6631cc98ff41b5e407018,timestamped_live_quote,FBS vs FBS
2026-09-26T12:35:36Z,e497e36c59bded468da11878568e7c80,2026-09-27T03:00:00Z,Washington Huskies,Minnesota Golden Gophers,lowvig,LowVig.ag,2026-09-26T12:34:53Z,2026-09-26T12:34:53Z,Minnesota Golden Gophers,10.5,-111.0,2026,2026-09-26T12:35:36Z,1070,4.875123792051334,8.323004200651608,-0.9478804086002741,b4347a6d6451334b228bf748d98cbd30b34b222852b6631cc98ff41b5e407018,timestamped_live_quote,FBS vs FBS
2026-09-26T12:35:36Z,e497e36c59bded468da11878568e7c80,2026-09-27T03:00:00Z,Washington Huskies,Minnesota Golden Gophers,lowvig,LowVig.ag,2026-09-26T12:34:53Z,2026-09-26T12:34:53Z,Washington Huskies,-10.5,-101.0,2026,2026-09-26T12:35:36Z,1070,4.875123792051334,8.323004200651608,-0.9478804086002741,b4347a6d6451334b228bf748d98cbd30b34b222852b6631cc98ff41b5e407018,timestamped_live_quote,FBS vs FBS
2026-09-26T12:35:36Z,e497e36c59bded468da11878568e7c80,2026-09-27T03:00:00Z,Washington Huskies,Minnesota Golden Gophers,betmgm,BetMGM,2026-09-26T12:34:23Z,2026-09-26T12:34:23Z,Minnesota Golden Gophers,10.0,-110.0,2026,2026-09-26T12:35:36Z,1070,4.875123792051334,8.323004200651608,-0.9478804086002741,b4347a6d6451334b228bf748d98cbd30b34b222852b6631cc98ff41b5e407018,timestamped_live_quote,FBS vs FBS
2026-09-26T12:35:36Z,e497e36c59bded468da11878568e7c80,2026-09-27T03:00:00Z,Washington Huskies,Minnesota Golden Gophers,betmgm,BetMGM,2026-09-26T12:34:23Z,2026-09-26T12:34:23Z,Washington Huskies,-10.0,-120.0,2026,2026-09-26T12:35:36Z,1070,4.875123792051334,8.323004200651608,-0.9478804086002741,b4347a6d6451334b228bf748d98cbd30b34b222852b6631cc98ff41b5e407018,timestamped_live_quote,FBS vs FBS
2026-09-26T12:35:36Z,e497e36c59bded468da11878568e7c80,2026-09-27T03:00:00Z,Washington Huskies,Minnesota Golden Gophers,betus,BetUS,2026-09-26T12:35:11Z,2026-09-26T12:35:11Z,Minnesota Golden Gophers,10.5,-110.0,2026,2026-09-26T12:35:36Z,1070,4.875123792051334,8.323004200651608,-0.9478804086002741,b4347a6d6451334b228bf748d98cbd30b34b222852b6631cc98ff41b5e407018,timestamped_live_quote,FBS vs FBS
2026-09-26T12:35:36Z,e497e36c59bded468da11878568e7c80,2026-09-27T03:00:00Z,Washington Huskies,Minnesota Golden Gophers,betus,BetUS,2026-09-26T12:35:11Z,2026-09-26T12:35:11Z,Washington Huskies,-10.5,-110.0,2026,2026-09-26T12:35:36Z,1070,4.875123792051334,8.323004200651608,-0.9478804086002741,b4347a6d6451334b228bf748d98cbd30b34b222852b6631cc98ff41b5e407018,timestamped_live_quote,FBS vs FBS
2026-09-26T12:35:36Z,e497e36c59bded468da11878568e7c80,2026-09-27T03:00:00Z,Washington Huskies,Minnesota Golden Gophers,betrivers,BetRivers,2026-09-26T12:34:37Z,2026-09-26T12:34:37Z,Minnesota Golden Gophers,10.0,-110.0,2026,2026-09-26T12:35:36Z,1070,4.875123792051334,8.323004200651608,-0.9478804086002741,b4347a6d6451334b228bf748d98cbd30b34b222852b6631cc98ff41b5e407018,timestamped_live_quote,FBS vs FBS
2026-09-26T12:35:36Z,e497e36c59bded468da11878568e7c80,2026-09-27T03:00:00Z,Washington Huskies,Minnesota Golden Gophers,betrivers,BetRivers,2026-09-26T12:34:37Z,2026-09-26T12:34:37Z,Washington Huskies,-10.0,-113.0,2026,2026-09-26T12:35:36Z,1070,4.875123792051334,8.323004200651608,-0.9478804086002741,b4347a6d6451334b228bf748d98cbd30b34b222852b6631cc98ff41b5e407018,timestamped_live_quote,FBS vs FBS
2026-09-26T12:35:36Z,e497e36c59bded468da11878568e7c80,2026-09-27T03:00:00Z,Washington Huskies,Minnesota Golden Gophers,bovada,Bovada,2026-09-26T12:34:07Z,2026-09-26T12:34:07Z,Minnesota Golden Gophers,10.5,-115.0,2026,2026-09-26T12:35:36Z,1070,4.875123792051334,8.323004200651608,-0.9478804086002741,b4347a6d6451334b228bf748d98cbd30b34b222852b6631cc98ff41b5e407018,timestamped_live_quote,FBS vs FBS
2026-09-26T12:35:36Z,e497e36c59bded468da11878568e7c80,2026-09-27T03:00:00Z,Washington Huskies,Minnesota Golden Gophers,bovada,Bovada,2026-09-26T12:34:07Z,2026-09-26T12:34:07Z,Washington Huskies,-10.5,-105.0,2026,2026-09-26T12:35:36Z,1070,4.875123792051334,8.323004200651608,-0.9478804086002741,b4347a6d6451334b228bf748d98cbd30b34b222852b6631cc98ff41b5e407018,timestamped_live_quote,FBS vs FBS
2026-09-26T12:35:36Z,e61c74f0e28b46ad83270a6234b425f4,2026-10-02T23:00:00Z,Virginia Tech Hokies,Pittsburgh Panthers,draftkings,DraftKings,2026-09-26T12:34:55Z,2026-09-26T12:34:54Z,Pittsburgh Panthers,6.0,-110.0,2026,2026-09-26T12:35:36Z,1070,14.326266265679099,10.852552111976113,5.973714153702986,b4347a6d6451334b228bf748d98cbd30b34b222852b6631cc98ff41b5e407018,timestamped_live_quote,FBS vs FBS
2026-09-26T12:35:36Z,e61c74f0e28b46ad83270a6234b425f4,2026-10-02T23:00:00Z,Virginia Tech Hokies,Pittsburgh Panthers,draftkings,DraftKings,2026-09-26T12:34:55Z,2026-09-26T12:34:54Z,Virginia Tech Hokies,-6.0,-110.0,2026,2026-09-26T12:35:36Z,1070,14.326266265679099,10.852552111976113,5.973714153702986,b4347a6d6451334b228bf748d98cbd30b34b222852b6631cc98ff41b5e407018,timestamped_live_quote,FBS vs FBS
2026-09-26T12:35:36Z,e61c74f0e28b46ad83270a6234b425f4,2026-10-02T23:00:00Z,Virginia Tech Hokies,Pittsburgh Panthers,fanduel,FanDuel,2026-09-26T12:35:11Z,2026-09-26T12:35:11Z,Pittsburgh Panthers,6.5,-104.0,2026,2026-09-26T12:35:36Z,1070,14.326266265679099,10.852552111976113,5.973714153702986,b4347a6d6451334b228bf748d98cbd30b34b222852b6631cc98ff41b5e407018,timestamped_live_quote,FBS vs FBS
2026-09-26T12:35:36Z,e61c74f0e28b46ad83270a6234b425f4,2026-10-02T23:00:00Z,Virginia Tech Hokies,Pittsburgh Panthers,fanduel,FanDuel,2026-09-26T12:35:11Z,2026-09-26T12:35:11Z,Virginia Tech Hokies,-6.5,-118.0,2026,2026-09-26T12:35:36Z,1070,14.326266265679099,10.852552111976113,5.973714153702986,b4347a6d6451334b228bf748d98cbd30b34b222852b6631cc98ff41b5e407018,timestamped_live_quote,FBS vs FBS
2026-09-26T12:35:36Z,e61c74f0e28b46ad83270a6234b425f4,2026-10-02T23:00:00Z,Virginia Tech Hokies,Pittsburgh Panthers,mybookieag,MyBookie.ag,2026-09-26T12:35:13Z,2026-09-26T12:35:13Z,Pittsburgh Panthers,6.5,-110.0,2026,2026-09-26T12:35:36Z,1070,14.326266265679099,10.852552111976113,5.973714153702986,b4347a6d6451334b228bf748d98cbd30b34b222852b6631cc98ff41b5e407018,timestamped_live_quote,FBS vs FBS
2026-09-26T12:35:36Z,e61c74f0e28b46ad83270a6234b425f4,2026-10-02T23:00:00Z,Virginia Tech Hokies,Pittsburgh Panthers,mybookieag,MyBookie.ag,2026-09-26T12:35:13Z,2026-09-26T12:35:13Z,Virginia Tech Hokies,-6.5,-110.0,2026,2026-09-26T12:35:36Z,1070,14.326266265679099,10.852552111976113,5.973714153702986,b4347a6d6451334b228bf748d98cbd30b34b222852b6631cc98ff41b5e407018,timestamped_live_quote,FBS vs FBS
2026-09-26T12:35:36Z,0469a451e58ca81723a7760d4bede173,2026-10-03T00:00:00Z,Northwestern Wildcats,Penn State Nittany Lions,fanduel,FanDuel,2026-09-26T12:35:11Z,2026-09-26T12:35:11Z,Northwestern Wildcats,6.5,-118.0,2026,2026-09-26T12:35:36Z,1070,9.681133593789596,13.901348228097234,-1.7202146343076379,b4347a6d6451334b228bf748d98cbd30b34b222852b6631cc98ff41b5e407018,timestamped_live_quote,FBS vs FBS
2026-09-26T12:35:36Z,0469a451e58ca81723a7760d4bede173,2026-10-03T00:00:00Z,Northwestern Wildcats,Penn State Nittany Lions,fanduel,FanDuel,2026-09-26T12:35:11Z,2026-09-26T12:35:11Z,Penn State Nittany Lions,-6.5,-104.0,2026,2026-09-26T12:35:36Z,1070,9.681133593789596,13.901348228097234,-1.7202146343076379,b4347a6d6451334b228bf748d98cbd30b34b222852b6631cc98ff41b5e407018,timestamped_live_quote,FBS vs FBS
2026-09-26T12:35:36Z,0469a451e58ca81723a7760d4bede173,2026-10-03T00:00:00Z,Northwestern Wildcats,Penn State Nittany Lions,mybookieag,MyBookie.ag,2026-09-26T12:35:13Z,2026-09-26T12:35:13Z,Northwestern Wildcats,6.0,-110.0,2026,2026-09-26T12:35:36Z,1070,9.681133593789596,13.901348228097234,-1.7202146343076379,b4347a6d6451334b228bf748d98cbd30b34b222852b6631cc98ff41b5e407018,timestamped_live_quote,FBS vs FBS
2026-09-26T12:35:36Z,0469a451e58ca81723a7760d4bede173,2026-10-03T00:00:00Z,Northwestern Wildcats,Penn State Nittany Lions,mybookieag,MyBookie.ag,2026-09-26T12:35:13Z,2026-09-26T12:35:13Z,Penn State Nittany Lions,-6.0,-110.0,2026,2026-09-26T12:35:36Z,1070,9.681133593789596,13.901348228097234,-1.7202146343076379,b4347a6d6451334b228bf748d98cbd30b34b222852b6631cc98ff41b5e407018,timestamped_live_quote,FBS vs FBS
2026-09-26T12:35:36Z,6b22daf46195be6b3748584efe89dac1,2026-10-03T16:00:00Z,Mississippi State Bulldogs,Alabama Crimson Tide,draftkings,DraftKings,2026-09-26T12:34:55Z,2026-09-26T12:34:54Z,Alabama Crimson Tide,-3.5,-115.0,2026,2026-09-26T12:35:36Z,1070,13.652116851985856,11.845429851263555,4.306687000722301,b4347a6d6451334b228bf748d98cbd30b34b222852b6631cc98ff41b5e407018,timestamped_live_quote,FBS vs FBS
2026-09-26T12:35:36Z,6b22daf46195be6b3748584efe89dac1,2026-10-03T16:00:00Z,Mississippi State Bulldogs,Alabama Crimson Tide,draftkings,DraftKings,2026-09-26T12:34:55Z,2026-09-26T12:34:54Z,Mississippi State Bulldogs,3.5,-105.0,2026,2026-09-26T12:35:36Z,1070,13.652116851985856,11.845429851263555,4.306687000722301,b4347a6d6451334b228bf748d98cbd30b34b222852b6631cc98ff41b5e407018,timestamped_live_quote,FBS vs FBS
2026-09-26T12:35:36Z,6b22daf46195be6b3748584efe89dac1,2026-10-03T16:00:00Z,Mississippi State Bulldogs,Alabama Crimson Tide,fanduel,FanDuel,2026-09-26T12:35:11Z,2026-09-26T12:35:11Z,Alabama Crimson Tide,-3.5,-114.0,2026,2026-09-26T12:35:36Z,1070,13.652116851985856,11.845429851263555,4.306687000722301,b4347a6d6451334b228bf748d98cbd30b34b222852b6631cc98ff41b5e407018,timestamped_live_quote,FBS vs FBS
2026-09-26T12:35:36Z,6b22daf46195be6b3748584efe89dac1,2026-10-03T16:00:00Z,Mississippi State Bulldogs,Alabama Crimson Tide,fanduel,FanDuel,2026-09-26T12:35:11Z,2026-09-26T12:35:11Z,Mississippi State Bulldogs,3.5,-106.0,2026,2026-09-26T12:35:36Z,1070,13.652116851985856,11.845429851263555,4.306687000722301,b4347a6d6451334b228bf748d98cbd30b34b222852b6631cc98ff41b5e407018,timestamped_live_quote,FBS vs FBS
2026-09-26T12:35:36Z,932c7f6dfe06be77192fe000e9f3ac9d,2026-10-03T16:00:00Z,Clemson Tigers,Miami Hurricanes,fanduel,FanDuel,2026-09-26T12:35:11Z,2026-09-26T12:35:11Z,Clemson Tigers,17.5,-115.0,2026,2026-09-26T12:35:36Z,1070,2.103897776379701,16.505092169007764,-11.901194392628064,b4347a6d6451334b228bf748d98cbd30b34b222852b6631cc98ff41b5e407018,timestamped_live_quote,FBS vs FBS
2026-09-26T12:35:36Z,932c7f6dfe06be77192fe000e9f3ac9d,2026-10-03T16:00:00Z,Clemson Tigers,Miami Hurricanes,fanduel,FanDuel,2026-09-26T12:35:11Z,2026-09-26T12:35:11Z,Miami Hurricanes,-17.5,-105.0,2026,2026-09-26T12:35:36Z,1070,2.103897776379701,16.505092169007764,-11.901194392628064,b4347a6d6451334b228bf748d98cbd30b34b222852b6631cc98ff41b5e407018,timestamped_live_quote,FBS vs FBS
2026-09-26T12:35:36Z,46e1be6476ed577d1b5194b46b27c643,2026-10-03T16:00:00Z,Georgia Bulldogs,Vanderbilt Commodores,draftkings,DraftKings,2026-09-26T12:34:55Z,2026-09-26T12:34:54Z,Georgia Bulldogs,-23.5,-110.0,2026,2026-09-26T12:35:36Z,1070,16.285597019548014,6.713069356709611,12.072527662838404,b4347a6d6451334b228bf748d98cbd30b34b222852b6631cc98ff41b5e407018,timestamped_live_quote,FBS vs FBS
2026-09-26T12:35:36Z,46e1be6476ed577d1b5194b46b27c643,2026-10-03T16:00:00Z,Georgia Bulldogs,Vanderbilt Commodores,draftkings,DraftKings,2026-09-26T12:34:55Z,2026-09-26T12:34:54Z,Vanderbilt Commodores,23.5,-110.0,2026,2026-09-26T12:35:36Z,1070,16.285597019548014,6.713069356709611,12.072527662838404,b4347a6d6451334b228bf748d98cbd30b34b222852b6631cc98ff41b5e407018,timestamped_live_quote,FBS vs FBS
2026-09-26T12:35:36Z,a77fd3143159a9d16a75685528d9960b,2026-10-03T16:00:00Z,NC State Wolfpack,Louisville Cardinals,draftkings,DraftKings,2026-09-26T12:34:55Z,2026-09-26T12:34:54Z,Louisville Cardinals,-7.5,-110.0,2026,2026-09-26T12:35:36Z,1070,8.078088627210121,8.365894147869351,2.21219447934077,b4347a6d6451334b228bf748d98cbd30b34b222852b6631cc98ff41b5e407018,timestamped_live_quote,FBS vs FBS
2026-09-26T12:35:36Z,a77fd3143159a9d16a75685528d9960b,2026-10-03T16:00:00Z,NC State Wolfpack,Louisville Cardinals,draftkings,DraftKings,2026-09-26T12:34:55Z,2026-09-26T12:34:54Z,NC State Wolfpack,7.5,-110.0,2026,2026-09-26T12:35:36Z,1070,8.078088627210121,8.365894147869351,2.21219447934077,b4347a6d6451334b228bf748d98cbd30b34b222852b6631cc98ff41b5e407018,timestamped_live_quote,FBS vs FBS
2026-09-26T12:35:36Z,a2f01448219e39fd44e3d98ea5c7f482,2026-10-03T16:00:00Z,Minnesota Golden Gophers,Michigan Wolverines,draftkings,DraftKings,2026-09-26T12:34:55Z,2026-09-26T12:34:54Z,Michigan Wolverines,-7.5,-105.0,2026,2026-09-26T12:35:36Z,1070,8.323004200651608,6.48276047467471,4.340243725976898,b4347a6d6451334b228bf748d98cbd30b34b222852b6631cc98ff41b5e407018,timestamped_live_quote,FBS vs FBS
2026-09-26T12:35:36Z,a2f01448219e39fd44e3d98ea5c7f482,2026-10-03T16:00:00Z,Minnesota Golden Gophers,Michigan Wolverines,draftkings,DraftKings,2026-09-26T12:34:55Z,2026-09-26T12:34:54Z,Minnesota Golden Gophers,7.5,-115.0,2026,2026-09-26T12:35:36Z,1070,8.323004200651608,6.48276047467471,4.340243725976898,b4347a6d6451334b228bf748d98cbd30b34b222852b6631cc98ff41b5e407018,timestamped_live_quote,FBS vs FBS
2026-09-26T12:35:36Z,a2f01448219e39fd44e3d98ea5c7f482,2026-10-03T16:00:00Z,Minnesota Golden Gophers,Michigan Wolverines,fanduel,FanDuel,2026-09-26T12:35:11Z,2026-09-26T12:35:11Z,Michigan Wolverines,-7.5,100.0,2026,2026-09-26T12:35:36Z,1070,8.323004200651608,6.48276047467471,4.340243725976898,b4347a6d6451334b228bf748d98cbd30b34b222852b6631cc98ff41b5e407018,timestamped_live_quote,FBS vs FBS
2026-09-26T12:35:36Z,a2f01448219e39fd44e3d98ea5c7f482,2026-10-03T16:00:00Z,Minnesota Golden Gophers,Michigan Wolverines,fanduel,FanDuel,2026-09-26T12:35:11Z,2026-09-26T12:35:11Z,Minnesota Golden Gophers,7.5,-122.0,2026,2026-09-26T12:35:36Z,1070,8.323004200651608,6.48276047467471,4.340243725976898,b4347a6d6451334b228bf748d98cbd30b34b222852b6631cc98ff41b5e407018,timestamped_live_quote,FBS vs FBS
2026-09-26T12:35:36Z,2b8db5053d533b488c0d76f49382d219,2026-10-03T16:00:00Z,North Carolina Tar Heels,Notre Dame Fighting Irish,draftkings,DraftKings,2026-09-26T12:34:55Z,2026-09-26T12:34:54Z,North Carolina Tar Heels,20.5,-110.0,2026,2026-09-26T12:35:36Z,1070,6.033958752064096,14.392368069487839,-5.858409317423742,b4347a6d6451334b228bf748d98cbd30b34b222852b6631cc98ff41b5e407018,timestamped_live_quote,FBS vs FBS
2026-09-26T12:35:36Z,2b8db5053d533b488c0d76f49382d219,2026-10-03T16:00:00Z,North Carolina Tar Heels,Notre Dame Fighting Irish,draftkings,DraftKings,2026-09-26T12:34:55Z,2026-09-26T12:34:54Z,Notre Dame Fighting Irish,-20.5,-110.0,2026,2026-09-26T12:35:36Z,1070,6.033958752064096,14.392368069487839,-5.858409317423742,b4347a6d6451334b228bf748d98cbd30b34b222852b6631cc98ff41b5e407018,timestamped_live_quote,FBS vs FBS
2026-09-26T12:35:36Z,f2defdeeb6cb3aa4a86b01a7a5b1ece4,2026-10-03T19:30:00Z,Tennessee Volunteers,Auburn Tigers,draftkings,DraftKings,2026-09-26T12:34:55Z,2026-09-26T12:34:54Z,Auburn Tigers,7.5,-105.0,2026,2026-09-26T12:35:36Z,1070,14.78537578672897,6.490731928390924,10.794643858338045,b4347a6d6451334b228bf748d98cbd30b34b222852b6631cc98ff41b5e407018,timestamped_live_quote,FBS vs FBS
2026-09-26T12:35:36Z,f2defdeeb6cb3aa4a86b01a7a5b1ece4,2026-10-03T19:30:00Z,Tennessee Volunteers,Auburn Tigers,draftkings,DraftKings,2026-09-26T12:34:55Z,2026-09-26T12:34:54Z,Tennessee Volunteers,-7.5,-115.0,2026,2026-09-26T12:35:36Z,1070,14.78537578672897,6.490731928390924,10.794643858338045,b4347a6d6451334b228bf748d98cbd30b34b222852b6631cc98ff41b5e407018,timestamped_live_quote,FBS vs FBS
2026-09-26T12:35:36Z,f2defdeeb6cb3aa4a86b01a7a5b1ece4,2026-10-03T19:30:00Z,Tennessee Volunteers,Auburn Tigers,fanduel,FanDuel,2026-09-26T12:35:11Z,2026-09-26T12:35:11Z,Auburn Tigers,8.5,-110.0,2026,2026-09-26T12:35:36Z,1070,14.78537578672897,6.490731928390924,10.794643858338045,b4347a6d6451334b228bf748d98cbd30b34b222852b6631cc98ff41b5e407018,timestamped_live_quote,FBS vs FBS
2026-09-26T12:35:36Z,f2defdeeb6cb3aa4a86b01a7a5b1ece4,2026-10-03T19:30:00Z,Tennessee Volunteers,Auburn Tigers,fanduel,FanDuel,2026-09-26T12:35:11Z,2026-09-26T12:35:11Z,Tennessee Volunteers,-8.5,-110.0,2026,2026-09-26T12:35:36Z,1070,14.78537578672897,6.490731928390924,10.794643858338045,b4347a6d6451334b228bf748d98cbd30b34b222852b6631cc98ff41b5e407018,timestamped_live_quote,FBS vs FBS
2026-09-26T12:35:36Z,6d39ea01c532535edf756b8086656518,2026-10-03T19:30:00Z,Missouri Tigers,Florida Gators,draftkings,DraftKings,2026-09-26T12:34:55Z,2026-09-26T12:34:54Z,Florida Gators,-3.0,-115.0,2026,2026-09-26T12:35:36Z,1070,9.821229023983,14.343077193837598,-2.0218481698545983,b4347a6d6451334b228bf748d98cbd30b34b222852b6631cc98ff41b5e407018,timestamped_live_quote,FBS vs FBS
2026-09-26T12:35:36Z,6d39ea01c532535edf756b8086656518,2026-10-03T19:30:00Z,Missouri Tigers,Florida Gators,draftkings,DraftKings,2026-09-26T12:34:55Z,2026-09-26T12:34:54Z,Missouri Tigers,3.0,-105.0,2026,2026-09-26T12:35:36Z,1070,9.821229023983,14.343077193837598,-2.0218481698545983,b4347a6d6451334b228bf748d98cbd30b34b222852b6631cc98ff41b5e407018,timestamped_live_quote,FBS vs FBS
2026-09-26T12:35:36Z,6d39ea01c532535edf756b8086656518,2026-10-03T19:30:00Z,Missouri Tigers,Florida Gators,fanduel,FanDuel,2026-09-26T12:35:11Z,2026-09-26T12:35:11Z,Florida Gators,-2.5,-122.0,2026,2026-09-26T12:35:36Z,1070,9.821229023983,14.343077193837598,-2.0218481698545983,b4347a6d6451334b228bf748d98cbd30b34b222852b6631cc98ff41b5e407018,timestamped_live_quote,FBS vs FBS
2026-09-26T12:35:36Z,6d39ea01c532535edf756b8086656518,2026-10-03T19:30:00Z,Missouri Tigers,Florida Gators,fanduel,FanDuel,2026-09-26T12:35:11Z,2026-09-26T12:35:11Z,Missouri Tigers,2.5,100.0,2026,2026-09-26T12:35:36Z,1070,9.821229023983,14.343077193837598,-2.0218481698545983,b4347a6d6451334b228bf748d98cbd30b34b222852b6631cc98ff41b5e407018,timestamped_live_quote,FBS vs FBS
2026-09-26T12:35:36Z,b163da8a283ade5bd6428a3ca01da8b8,2026-10-03T19:30:00Z,Iowa Hawkeyes,Ohio State Buckeyes,draftkings,DraftKings,2026-09-26T12:34:55Z,2026-09-26T12:34:54Z,Iowa Hawkeyes,14.0,-110.0,2026,2026-09-26T12:35:36Z,1070,13.315751121651198,14.49943099798863,1.3163201236625675,b4347a6d6451334b228bf748d98cbd30b34b222852b6631cc98ff41b5e407018,timestamped_live_quote,FBS vs FBS
2026-09-26T12:35:36Z,b163da8a283ade5bd6428a3ca01da8b8,2026-10-03T19:30:00Z,Iowa Hawkeyes,Ohio State Buckeyes,draftkings,DraftKings,2026-09-26T12:34:55Z,2026-09-26T12:34:54Z,Ohio State Buckeyes,-14.0,-110.0,2026,2026-09-26T12:35:36Z,1070,13.315751121651198,14.49943099798863,1.3163201236625675,b4347a6d6451334b228bf748d98cbd30b34b222852b6631cc98ff41b5e407018,timestamped_live_quote,FBS vs FBS
2026-09-26T12:35:36Z,b163da8a283ade5bd6428a3ca01da8b8,2026-10-03T19:30:00Z,Iowa Hawkeyes,Ohio State Buckeyes,fanduel,FanDuel,2026-09-26T12:35:11Z,2026-09-26T12:35:11Z,Iowa Hawkeyes,14.5,-122.0,2026,2026-09-26T12:35:36Z,1070,13.315751121651198,14.49943099798863,1.3163201236625675,b4347a6d6451334b228bf748d98cbd30b34b222852b6631cc98ff41b5e407018,timestamped_live_quote,FBS vs FBS
2026-09-26T12:35:36Z,b163da8a283ade5bd6428a3ca01da8b8,2026-10-03T19:30:00Z,Iowa Hawkeyes,Ohio State Buckeyes,fanduel,FanDuel,2026-09-26T12:35:11Z,2026-09-26T12:35:11Z,Ohio State Buckeyes,-14.5,100.0,2026,2026-09-26T12:35:36Z,1070,13.315751121651198,14.49943099798863,1.3163201236625675,b4347a6d6451334b228bf748d98cbd30b34b222852b6631cc98ff41b5e407018,timestamped_live_quote,FBS vs FBS
2026-09-26T12:35:36Z,59abc1d6262d2ea6a72c4daad4c83af2,2026-10-03T20:15:00Z,South Carolina Gamecocks,Kentucky Wildcats,draftkings,DraftKings,2026-09-26T12:34:55Z,2026-09-26T12:34:54Z,Kentucky Wildcats,6.0,-110.0,2026,2026-09-26T12:35:36Z,1070,10.305284793355572,5.476478019804384,7.328806773551188,b4347a6d6451334b228bf748d98cbd30b34b222852b6631cc98ff41b5e407018,timestamped_live_quote,FBS vs FBS
2026-09-26T12:35:36Z,59abc1d6262d2ea6a72c4daad4c83af2,2026-10-03T20:15:00Z,South Carolina Gamecocks,Kentucky Wildcats,draftkings,DraftKings,2026-09-26T12:34:55Z,2026-09-26T12:34:54Z,South Carolina Gamecocks,-6.0,-110.0,2026,2026-09-26T12:35:36Z,1070,10.305284793355572,5.476478019804384,7.328806773551188,b4347a6d6451334b228bf748d98cbd30b34b222852b6631cc98ff41b5e407018,timestamped_live_quote,FBS vs FBS
2026-09-26T12:35:36Z,b58c0d24e66471e6095c0a5f9afb7ce3,2026-10-03T23:00:00Z,TCU Horned Frogs,BYU Cougars,draftkings,DraftKings,2026-09-26T12:34:55Z,2026-09-26T12:34:54Z,BYU Cougars,-5.5,-110.0,2026,2026-09-26T12:35:36Z,1070,,,,b4347a6d6451334b228bf748d98cbd30b34b222852b6631cc98ff41b5e407018,division_safety_suppressed,Unverified division / FCS: model suppressed
2026-09-26T12:35:36Z,b58c0d24e66471e6095c0a5f9afb7ce3,2026-10-03T23:00:00Z,TCU Horned Frogs,BYU Cougars,draftkings,DraftKings,2026-09-26T12:34:55Z,2026-09-26T12:34:54Z,TCU Horned Frogs,5.5,-110.0,2026,2026-09-26T12:35:36Z,1070,,,,b4347a6d6451334b228bf748d98cbd30b34b222852b6631cc98ff41b5e407018,division_safety_suppressed,Unverified division / FCS: model suppressed
2026-09-26T12:35:36Z,f981648dba0e71d8517d47d31aa2633d,2026-10-03T23:30:00Z,USC Trojans,Washington Huskies,draftkings,DraftKings,2026-09-26T12:34:55Z,2026-09-26T12:34:54Z,USC Trojans,-10.0,-110.0,2026,2026-09-26T12:35:36Z,1070,10.605075235293413,4.875123792051334,8.22995144324208,b4347a6d6451334b228bf748d98cbd30b34b222852b6631cc98ff41b5e407018,timestamped_live_quote,FBS vs FBS
2026-09-26T12:35:36Z,f981648dba0e71d8517d47d31aa2633d,2026-10-03T23:30:00Z,USC Trojans,Washington Huskies,draftkings,DraftKings,2026-09-26T12:34:55Z,2026-09-26T12:34:54Z,Washington Huskies,10.0,-110.0,2026,2026-09-26T12:35:36Z,1070,10.605075235293413,4.875123792051334,8.22995144324208,b4347a6d6451334b228bf748d98cbd30b34b222852b6631cc98ff41b5e407018,timestamped_live_quote,FBS vs FBS
